bench,approach,q_table,k,gt_size,n_candidates,n_returned,feasible,F,prec,rec,ideal_recall,starmie_sum_score,duts_sum_U,tables,extras
tusSmall3,starmie,t_013a2f8c584d44d7____c8_1____3_fair.csv,5,203,152,5,False,0.2529,1.0,0.024630541871921183,0.024630541871921183,38.624995470047,38.624995470047,t_013a2f8c584d44d7____c8_1____4__t_013a2f8c584d44d7____c8_1____3_fair.csv;t_013a2f8c584d44d7____c8_1____4__t_013a2f8c584d44d7____c12_0____2_fair.csv;t_013a2f8c584d44d7____c8_1____4__t_013a2f8c584d44d7____c11_0____0_fair.csv;t_013a2f8c584d44d7____c8_1____1__t_013a2f8c584d44d7____c8_1____3_fair.csv;t_013a2f8c584d44d7____c8_1____1__t_013a2f8c584d44d7____c12_0____2_fair.csv,{}
tusSmall3,starmie,t_013a2f8c584d44d7____c8_1____3_fair.csv,10,203,152,10,False,0.1975,1.0,0.04926108374384237,0.04926108374384237,76.88626408576965,76.88626408576965,t_013a2f8c584d44d7____c8_1____4__t_013a2f8c584d44d7____c8_1____3_fair.csv;t_013a2f8c584d44d7____c8_1____4__t_013a2f8c584d44d7____c12_0____2_fair.csv;t_013a2f8c584d44d7____c8_1____4__t_013a2f8c584d44d7____c11_0____0_fair.csv;t_013a2f8c584d44d7____c8_1____1__t_013a2f8c584d44d7____c8_1____3_fair.csv;t_013a2f8c584d44d7____c8_1____1__t_013a2f8c584d44d7____c12_0____2_fair.csv;t_013a2f8c584d44d7____c8_1____1__t_013a2f8c584d44d7____c11_0____0_fair.csv;t_013a2f8c584d44d7____c8_1____2__t_013a2f8c584d44d7____c8_1____3_fair.csv;t_013a2f8c584d44d7____c8_1____2__t_013a2f8c584d44d7____c12_0____2_fair.csv;t_013a2f8c584d44d7____c8_1____2__t_013a2f8c584d44d7____c11_0____0_fair.csv;t_013a2f8c584d44d7____c8_1____4.csv,{}
tusSmall3,starmie,t_013a2f8c584d44d7____c8_1____3_fair.csv,20,203,152,20,False,0.1573,0.75,0.07389162561576355,0.09852216748768473,151.208540558815,151.208540558815,t_013a2f8c584d44d7____c8_1____4__t_013a2f8c584d44d7____c8_1____3_fair.csv;t_013a2f8c584d44d7____c8_1____4__t_013a2f8c584d44d7____c12_0____2_fair.csv;t_013a2f8c584d44d7____c8_1____4__t_013a2f8c584d44d7____c11_0____0_fair.csv;t_013a2f8c584d44d7____c8_1____1__t_013a2f8c584d44d7____c8_1____3_fair.csv;t_013a2f8c584d44d7____c8_1____1__t_013a2f8c584d44d7____c12_0____2_fair.csv;t_013a2f8c584d44d7____c8_1____1__t_013a2f8c584d44d7____c11_0____0_fair.csv;t_013a2f8c584d44d7____c8_1____2__t_013a2f8c584d44d7____c8_1____3_fair.csv;t_013a2f8c584d44d7____c8_1____2__t_013a2f8c584d44d7____c12_0____2_fair.csv;t_013a2f8c584d44d7____c8_1____2__t_013a2f8c584d44d7____c11_0____0_fair.csv;t_013a2f8c584d44d7____c8_1____4.csv;t_013a2f8c584d44d7____c8_1____1.csv;t_013a2f8c584d44d7____c8_1____2.csv;t_013a2f8c584d44d7____c9_0____4__t_013a2f8c584d44d7____c12_0____2_fair.csv;t_013a2f8c584d44d7____c9_0____4__t_013a2f8c584d44d7____c11_0____0_fair.csv;t_013a2f8c584d44d7____c9_1____4__t_013a2f8c584d44d7____c8_1____3_fair.csv;t_013a2f8c584d44d7____c9_1____4__t_013a2f8c584d44d7____c12_0____2_fair.csv;t_013a2f8c584d44d7____c9_1____4__t_013a2f8c584d44d7____c11_0____0_fair.csv;t_013a2f8c584d44d7____c9_0____1__t_013a2f8c584d44d7____c12_0____2_fair.csv;t_013a2f8c584d44d7____c9_0____1__t_013a2f8c584d44d7____c11_0____0_fair.csv;t_013a2f8c584d44d7____c9_0____2__t_013a2f8c584d44d7____c12_0____2_fair.csv,{}
tusSmall3,starmie,t_013a2f8c584d44d7____c11_0____0_fair.csv,5,183,141,5,False,0.2056,0.4,0.01092896174863388,0.0273224043715847,49.059879422187805,49.059879422187805,t_013a2f8c584d44d7____c11_0____1__t_013a2f8c584d44d7____c12_0____2_fair.csv;t_013a2f8c584d44d7____c11_0____2__t_013a2f8c584d44d7____c11_0____0_fair.csv;t_013a2f8c584d44d7____c11_1____0__t_013a2f8c584d44d7____c12_0____2_fair.csv;t_013a2f8c584d44d7____c11_1____2__t_013a2f8c584d44d7____c12_0____2_fair.csv;t_013a2f8c584d44d7____c11_1____1__t_013a2f8c584d44d7____c12_0____2_fair.csv,{}
tusSmall3,starmie,t_013a2f8c584d44d7____c11_0____0_fair.csv,10,183,141,10,False,0.1719,0.6,0.03278688524590164,0.0546448087431694,97.34080976247787,97.34080976247787,t_013a2f8c584d44d7____c11_0____1__t_013a2f8c584d44d7____c12_0____2_fair.csv;t_013a2f8c584d44d7____c11_0____2__t_013a2f8c584d44d7____c11_0____0_fair.csv;t_013a2f8c584d44d7____c11_1____0__t_013a2f8c584d44d7____c12_0____2_fair.csv;t_013a2f8c584d44d7____c11_1____2__t_013a2f8c584d44d7____c12_0____2_fair.csv;t_013a2f8c584d44d7____c11_1____1__t_013a2f8c584d44d7____c12_0____2_fair.csv;t_013a2f8c584d44d7____c11_0____3__t_013a2f8c584d44d7____c12_0____2_fair.csv;t_013a2f8c584d44d7____c11_0____4__t_013a2f8c584d44d7____c8_1____3_fair.csv;t_013a2f8c584d44d7____c11_0____4__t_013a2f8c584d44d7____c12_0____2_fair.csv;t_013a2f8c584d44d7____c11_0____4__t_013a2f8c584d44d7____c11_0____0_fair.csv;t_013a2f8c584d44d7____c10_0____0__t_013a2f8c584d44d7____c8_1____3_fair.csv,{}
tusSmall3,starmie,t_013a2f8c584d44d7____c11_0____0_fair.csv,20,183,141,20,False,0.1237,0.3,0.03278688524590164,0.1092896174863388,188.6693622469902,188.6693622469902,t_013a2f8c584d44d7____c11_0____1__t_013a2f8c584d44d7____c12_0____2_fair.csv;t_013a2f8c584d44d7____c11_0____2__t_013a2f8c584d44d7____c11_0____0_fair.csv;t_013a2f8c584d44d7____c11_1____0__t_013a2f8c584d44d7____c12_0____2_fair.csv;t_013a2f8c584d44d7____c11_1____2__t_013a2f8c584d44d7____c12_0____2_fair.csv;t_013a2f8c584d44d7____c11_1____1__t_013a2f8c584d44d7____c12_0____2_fair.csv;t_013a2f8c584d44d7____c11_0____3__t_013a2f8c584d44d7____c12_0____2_fair.csv;t_013a2f8c584d44d7____c11_0____4__t_013a2f8c584d44d7____c8_1____3_fair.csv;t_013a2f8c584d44d7____c11_0____4__t_013a2f8c584d44d7____c12_0____2_fair.csv;t_013a2f8c584d44d7____c11_0____4__t_013a2f8c584d44d7____c11_0____0_fair.csv;t_013a2f8c584d44d7____c10_0____0__t_013a2f8c584d44d7____c8_1____3_fair.csv;t_013a2f8c584d44d7____c10_0____0__t_013a2f8c584d44d7____c12_0____2_fair.csv;t_013a2f8c584d44d7____c10_0____2__t_013a2f8c584d44d7____c12_0____2_fair.csv;t_013a2f8c584d44d7____c10_0____1__t_013a2f8c584d44d7____c8_1____3_fair.csv;t_013a2f8c584d44d7____c10_1____0__t_013a2f8c584d44d7____c12_0____2_fair.csv;t_013a2f8c584d44d7____c10_1____2__t_013a2f8c584d44d7____c8_1____3_fair.csv;t_013a2f8c584d44d7____c10_1____2__t_013a2f8c584d44d7____c12_0____2_fair.csv;t_013a2f8c584d44d7____c10_0____4__t_013a2f8c584d44d7____c12_0____2_fair.csv;t_013a2f8c584d44d7____c10_1____4__t_013a2f8c584d44d7____c8_1____3_fair.csv;t_013a2f8c584d44d7____c10_1____3__t_013a2f8c584d44d7____c8_1____3_fair.csv;t_013a2f8c584d44d7____c10_1____3__t_013a2f8c584d44d7____c12_0____2_fair.csv,{}
tusSmall3,starmie,t_1934eacab8c57857____c10_1____3_fair.csv,5,689,84,5,False,0.1809,0.8,0.005805515239477504,0.00725689404934688,45.25476133823395,45.25476133823395,t_1934eacab8c57857____c11_1____3.csv;t_1934eacab8c57857____c10_1____4__t_1934eacab8c57857____c15_1____0_fair.csv;t_1934eacab8c57857____c10_1____4__t_1934eacab8c57857____c10_1____3_fair.csv;t_1934eacab8c57857____c11_0____3.csv;t_1934eacab8c57857____c11_1____3__t_1934eacab8c57857____c2_1____0_fair.csv,{}
tusSmall3,starmie,t_1934eacab8c57857____c10_1____3_fair.csv,10,689,84,10,False,0.0905,0.6,0.008708272859216255,0.01451378809869376,90.36899054050446,90.36899054050446,t_1934eacab8c57857____c11_1____3.csv;t_1934eacab8c57857____c10_1____4__t_1934eacab8c57857____c15_1____0_fair.csv;t_1934eacab8c57857____c10_1____4__t_1934eacab8c57857____c10_1____3_fair.csv;t_1934eacab8c57857____c11_0____3.csv;t_1934eacab8c57857____c11_1____3__t_1934eacab8c57857____c2_1____0_fair.csv;t_1934eacab8c57857____c11_1____3__t_1934eacab8c57857____c11_1____1_fair.csv;t_1934eacab8c57857____c11_1____3__t_1934eacab8c57857____c10_1____3_fair.csv;t_1934eacab8c57857____c11_0____3__t_1934eacab8c57857____c4_0____4_fair.csv;t_1934eacab8c57857____c11_0____3__t_1934eacab8c57857____c15_1____3_fair.csv;t_1934eacab8c57857____c11_0____3__t_1934eacab8c57857____c11_0____4_fair.csv,{}
tusSmall3,starmie,t_1934eacab8c57857____c10_1____3_fair.csv,20,689,84,20,False,0.048,0.8,0.023222060957910014,0.02902757619738752,179.36695969104767,179.36695969104767,t_1934eacab8c57857____c11_1____3.csv;t_1934eacab8c57857____c10_1____4__t_1934eacab8c57857____c15_1____0_fair.csv;t_1934eacab8c57857____c10_1____4__t_1934eacab8c57857____c10_1____3_fair.csv;t_1934eacab8c57857____c11_0____3.csv;t_1934eacab8c57857____c11_1____3__t_1934eacab8c57857____c2_1____0_fair.csv;t_1934eacab8c57857____c11_1____3__t_1934eacab8c57857____c11_1____1_fair.csv;t_1934eacab8c57857____c11_1____3__t_1934eacab8c57857____c10_1____3_fair.csv;t_1934eacab8c57857____c11_0____3__t_1934eacab8c57857____c4_0____4_fair.csv;t_1934eacab8c57857____c11_0____3__t_1934eacab8c57857____c15_1____3_fair.csv;t_1934eacab8c57857____c11_0____3__t_1934eacab8c57857____c11_0____4_fair.csv;t_1934eacab8c57857____c17_1____3.csv;t_1934eacab8c57857____c10_1____4.csv;t_1934eacab8c57857____c17_1____4__t_1934eacab8c57857____c4_0____4_fair.csv;t_1934eacab8c57857____c17_1____4__t_1934eacab8c57857____c2_1____0_fair.csv;t_1934eacab8c57857____c17_1____4__t_1934eacab8c57857____c19_0____4_fair.csv;t_1934eacab8c57857____c17_1____4__t_1934eacab8c57857____c15_1____3_fair.csv;t_1934eacab8c57857____c17_1____4__t_1934eacab8c57857____c12_0____1_fair.csv;t_1934eacab8c57857____c17_1____4__t_1934eacab8c57857____c11_1____1_fair.csv;t_1934eacab8c57857____c17_1____4__t_1934eacab8c57857____c11_0____4_fair.csv;t_1934eacab8c57857____c17_1____4__t_1934eacab8c57857____c10_1____3_fair.csv,{}
tusSmall3,starmie,t_013a2f8c584d44d7____c12_0____2_fair.csv,5,198,131,5,True,0.4112,1.0,0.025252525252525252,0.025252525252525252,49.29278743267059,49.292362570762634,t_013a2f8c584d44d7____c11_0____2__t_013a2f8c584d44d7____c8_1____3_fair.csv;t_013a2f8c584d44d7____c11_0____2__t_013a2f8c584d44d7____c12_0____2_fair.csv;t_013a2f8c584d44d7____c11_0____2__t_013a2f8c584d44d7____c11_0____0_fair.csv;t_013a2f8c584d44d7____c10_0____2__t_013a2f8c584d44d7____c8_1____3_fair.csv;t_013a2f8c584d44d7____c10_0____2__t_013a2f8c584d44d7____c12_0____2_fair.csv,{}
tusSmall3,starmie,t_013a2f8c584d44d7____c12_0____2_fair.csv,10,198,131,10,True,0.2954,1.0,0.050505050505050504,0.050505050505050504,96.38304454088211,96.38157135248184,t_013a2f8c584d44d7____c11_0____2__t_013a2f8c584d44d7____c8_1____3_fair.csv;t_013a2f8c584d44d7____c11_0____2__t_013a2f8c584d44d7____c12_0____2_fair.csv;t_013a2f8c584d44d7____c11_0____2__t_013a2f8c584d44d7____c11_0____0_fair.csv;t_013a2f8c584d44d7____c10_0____2__t_013a2f8c584d44d7____c8_1____3_fair.csv;t_013a2f8c584d44d7____c10_0____2__t_013a2f8c584d44d7____c12_0____2_fair.csv;t_013a2f8c584d44d7____c10_0____0__t_013a2f8c584d44d7____c8_1____3_fair.csv;t_013a2f8c584d44d7____c10_0____0__t_013a2f8c584d44d7____c12_0____2_fair.csv;t_013a2f8c584d44d7____c10_0____1__t_013a2f8c584d44d7____c8_1____3_fair.csv;t_013a2f8c584d44d7____c10_0____1__t_013a2f8c584d44d7____c12_0____2_fair.csv;t_013a2f8c584d44d7____c10_1____0__t_013a2f8c584d44d7____c8_1____3_fair.csv,{}
tusSmall3,starmie,t_013a2f8c584d44d7____c12_0____2_fair.csv,20,198,131,20,False,0.249,1.0,0.10101010101010101,0.10101010101010101,190.364575445652,190.3609994649887,t_013a2f8c584d44d7____c11_0____2__t_013a2f8c584d44d7____c8_1____3_fair.csv;t_013a2f8c584d44d7____c11_0____2__t_013a2f8c584d44d7____c12_0____2_fair.csv;t_013a2f8c584d44d7____c11_0____2__t_013a2f8c584d44d7____c11_0____0_fair.csv;t_013a2f8c584d44d7____c10_0____2__t_013a2f8c584d44d7____c8_1____3_fair.csv;t_013a2f8c584d44d7____c10_0____2__t_013a2f8c584d44d7____c12_0____2_fair.csv;t_013a2f8c584d44d7____c10_0____0__t_013a2f8c584d44d7____c8_1____3_fair.csv;t_013a2f8c584d44d7____c10_0____0__t_013a2f8c584d44d7____c12_0____2_fair.csv;t_013a2f8c584d44d7____c10_0____1__t_013a2f8c584d44d7____c8_1____3_fair.csv;t_013a2f8c584d44d7____c10_0____1__t_013a2f8c584d44d7____c12_0____2_fair.csv;t_013a2f8c584d44d7____c10_1____0__t_013a2f8c584d44d7____c8_1____3_fair.csv;t_013a2f8c584d44d7____c10_1____0__t_013a2f8c584d44d7____c12_0____2_fair.csv;t_013a2f8c584d44d7____c10_0____4__t_013a2f8c584d44d7____c8_1____3_fair.csv;t_013a2f8c584d44d7____c10_0____4__t_013a2f8c584d44d7____c12_0____2_fair.csv;t_013a2f8c584d44d7____c10_1____2__t_013a2f8c584d44d7____c8_1____3_fair.csv;t_013a2f8c584d44d7____c10_1____2__t_013a2f8c584d44d7____c12_0____2_fair.csv;t_013a2f8c584d44d7____c10_1____4__t_013a2f8c584d44d7____c8_1____3_fair.csv;t_013a2f8c584d44d7____c10_1____4__t_013a2f8c584d44d7____c12_0____2_fair.csv;t_013a2f8c584d44d7____c10_1____1__t_013a2f8c584d44d7____c8_1____3_fair.csv;t_013a2f8c584d44d7____c10_1____1__t_013a2f8c584d44d7____c12_0____2_fair.csv;t_013a2f8c584d44d7____c10_0____3__t_013a2f8c584d44d7____c8_1____3_fair.csv,{}
tusSmall3,starmie,t_1934eacab8c57857____c2_1____0_fair.csv,5,681,165,5,False,0.1634,0.4,0.002936857562408223,0.007342143906020558,8.86694860458374,8.86694860458374,t_1934eacab8c57857____c2_1____1__t_1934eacab8c57857____c2_1____0_fair.csv;t_1934eacab8c57857____c2_1____1.csv;t_1934eacab8c57857____c3_1____3__t_1934eacab8c57857____c11_1____1_fair.csv;t_1934eacab8c57857____c3_1____4__t_1934eacab8c57857____c11_1____1_fair.csv;t_1934eacab8c57857____c3_1____4.csv,{}
tusSmall3,starmie,t_1934eacab8c57857____c2_1____0_fair.csv,10,681,165,10,False,0.0833,0.2,0.002936857562408223,0.014684287812041116,17.368759989738464,17.368759989738464,t_1934eacab8c57857____c2_1____1__t_1934eacab8c57857____c2_1____0_fair.csv;t_1934eacab8c57857____c2_1____1.csv;t_1934eacab8c57857____c3_1____3__t_1934eacab8c57857____c11_1____1_fair.csv;t_1934eacab8c57857____c3_1____4__t_1934eacab8c57857____c11_1____1_fair.csv;t_1934eacab8c57857____c3_1____4.csv;t_1934eacab8c57857____c5_1____2__t_1934eacab8c57857____c19_0____4_fair.csv;t_1934eacab8c57857____c5_1____2__t_1934eacab8c57857____c11_0____4_fair.csv;t_1934eacab8c57857____c5_1____3__t_1934eacab8c57857____c19_0____4_fair.csv;t_1934eacab8c57857____c5_1____3__t_1934eacab8c57857____c11_0____4_fair.csv;t_1934eacab8c57857____c5_1____2.csv,{}
tusSmall3,starmie,t_1934eacab8c57857____c2_1____0_fair.csv,20,681,165,20,False,0.0459,0.2,0.005873715124816446,0.02936857562408223,34.03366315364838,34.03366315364838,t_1934eacab8c57857____c2_1____1__t_1934eacab8c57857____c2_1____0_fair.csv;t_1934eacab8c57857____c2_1____1.csv;t_1934eacab8c57857____c3_1____3__t_1934eacab8c57857____c11_1____1_fair.csv;t_1934eacab8c57857____c3_1____4__t_1934eacab8c57857____c11_1____1_fair.csv;t_1934eacab8c57857____c3_1____4.csv;t_1934eacab8c57857____c5_1____2__t_1934eacab8c57857____c19_0____4_fair.csv;t_1934eacab8c57857____c5_1____2__t_1934eacab8c57857____c11_0____4_fair.csv;t_1934eacab8c57857____c5_1____3__t_1934eacab8c57857____c19_0____4_fair.csv;t_1934eacab8c57857____c5_1____3__t_1934eacab8c57857____c11_0____4_fair.csv;t_1934eacab8c57857____c5_1____2.csv;t_1934eacab8c57857____c3_1____3.csv;t_1934eacab8c57857____c5_1____3.csv;t_1934eacab8c57857____c5_1____1__t_1934eacab8c57857____c19_0____4_fair.csv;t_1934eacab8c57857____c5_1____1__t_1934eacab8c57857____c11_0____4_fair.csv;t_1934eacab8c57857____c4_1____3__t_1934eacab8c57857____c2_1____0_fair.csv;t_1934eacab8c57857____c5_1____1.csv;t_1934eacab8c57857____c5_1____4__t_1934eacab8c57857____c19_0____4_fair.csv;t_1934eacab8c57857____c5_1____4__t_1934eacab8c57857____c11_0____4_fair.csv;t_1934eacab8c57857____c4_1____3.csv;t_1934eacab8c57857____c3_1____0.csv,{}
tusSmall3,starmie,t_1f6b65ebc2ab3ed3____c1_0____0_fair.csv,5,137,406,5,False,0.2031,1.0,0.0364963503649635,0.0364963503649635,4.998461604118347,4.998461604118347,t_1f6b65ebc2ab3ed3____c1_0____4__t_1f6b65ebc2ab3ed3____c4_0____1_fair.csv;t_1f6b65ebc2ab3ed3____c1_0____4__t_1f6b65ebc2ab3ed3____c3_1____0_fair.csv;t_1f6b65ebc2ab3ed3____c1_0____4__t_1f6b65ebc2ab3ed3____c2_0____4_fair.csv;t_1f6b65ebc2ab3ed3____c1_0____4__t_1f6b65ebc2ab3ed3____c1_0____3_fair.csv;t_1f6b65ebc2ab3ed3____c1_0____4__t_1f6b65ebc2ab3ed3____c1_0____2_fair.csv,{}
tusSmall3,starmie,t_1f6b65ebc2ab3ed3____c1_0____0_fair.csv,10,137,406,10,False,0.2149,1.0,0.072992700729927,0.072992700729927,9.995553255081177,9.995553255081177,t_1f6b65ebc2ab3ed3____c1_0____4__t_1f6b65ebc2ab3ed3____c4_0____1_fair.csv;t_1f6b65ebc2ab3ed3____c1_0____4__t_1f6b65ebc2ab3ed3____c3_1____0_fair.csv;t_1f6b65ebc2ab3ed3____c1_0____4__t_1f6b65ebc2ab3ed3____c2_0____4_fair.csv;t_1f6b65ebc2ab3ed3____c1_0____4__t_1f6b65ebc2ab3ed3____c1_0____3_fair.csv;t_1f6b65ebc2ab3ed3____c1_0____4__t_1f6b65ebc2ab3ed3____c1_0____2_fair.csv;t_1f6b65ebc2ab3ed3____c1_0____4__t_1f6b65ebc2ab3ed3____c1_0____0_fair.csv;t_1f6b65ebc2ab3ed3____c1_0____1__t_1f6b65ebc2ab3ed3____c4_0____1_fair.csv;t_1f6b65ebc2ab3ed3____c1_0____1__t_1f6b65ebc2ab3ed3____c3_1____0_fair.csv;t_1f6b65ebc2ab3ed3____c1_0____1__t_1f6b65ebc2ab3ed3____c2_0____4_fair.csv;t_1f6b65ebc2ab3ed3____c1_0____1__t_1f6b65ebc2ab3ed3____c1_0____3_fair.csv,{}
tusSmall3,starmie,t_1f6b65ebc2ab3ed3____c1_0____0_fair.csv,20,137,406,20,False,0.1391,0.6,0.08759124087591241,0.145985401459854,19.280484080314636,19.280484080314636,t_1f6b65ebc2ab3ed3____c1_0____4__t_1f6b65ebc2ab3ed3____c4_0____1_fair.csv;t_1f6b65ebc2ab3ed3____c1_0____4__t_1f6b65ebc2ab3ed3____c3_1____0_fair.csv;t_1f6b65ebc2ab3ed3____c1_0____4__t_1f6b65ebc2ab3ed3____c2_0____4_fair.csv;t_1f6b65ebc2ab3ed3____c1_0____4__t_1f6b65ebc2ab3ed3____c1_0____3_fair.csv;t_1f6b65ebc2ab3ed3____c1_0____4__t_1f6b65ebc2ab3ed3____c1_0____2_fair.csv;t_1f6b65ebc2ab3ed3____c1_0____4__t_1f6b65ebc2ab3ed3____c1_0____0_fair.csv;t_1f6b65ebc2ab3ed3____c1_0____1__t_1f6b65ebc2ab3ed3____c4_0____1_fair.csv;t_1f6b65ebc2ab3ed3____c1_0____1__t_1f6b65ebc2ab3ed3____c3_1____0_fair.csv;t_1f6b65ebc2ab3ed3____c1_0____1__t_1f6b65ebc2ab3ed3____c2_0____4_fair.csv;t_1f6b65ebc2ab3ed3____c1_0____1__t_1f6b65ebc2ab3ed3____c1_0____3_fair.csv;t_1f6b65ebc2ab3ed3____c1_0____1__t_1f6b65ebc2ab3ed3____c1_0____2_fair.csv;t_1f6b65ebc2ab3ed3____c1_0____1__t_1f6b65ebc2ab3ed3____c1_0____0_fair.csv;t_93f3d6f7fc6aa6ff____c1_0____3__t_93f3d6f7fc6aa6ff____c11_1____3_fair.csv;t_93f3d6f7fc6aa6ff____c1_0____0__t_93f3d6f7fc6aa6ff____c11_1____3_fair.csv;t_67c3f7ce5eab8804____c1_0____1__t_67c3f7ce5eab8804____c4_1____1_fair.csv;t_67c3f7ce5eab8804____c1_0____1__t_67c3f7ce5eab8804____c15_0____3_fair.csv;t_93f3d6f7fc6aa6ff____c1_1____3.csv;t_93f3d6f7fc6aa6ff____c1_1____2.csv;t_93f3d6f7fc6aa6ff____c1_0____2__t_93f3d6f7fc6aa6ff____c11_1____3_fair.csv;t_93f3d6f7fc6aa6ff____c1_1____0.csv,{}
tusSmall3,starmie,t_1f6b65ebc2ab3ed3____c1_0____2_fair.csv,5,137,407,5,False,0.2037,1.0,0.0364963503649635,0.0364963503649635,4.998369812965393,4.998369812965393,t_1f6b65ebc2ab3ed3____c1_0____1__t_1f6b65ebc2ab3ed3____c4_0____1_fair.csv;t_1f6b65ebc2ab3ed3____c1_0____1__t_1f6b65ebc2ab3ed3____c3_1____0_fair.csv;t_1f6b65ebc2ab3ed3____c1_0____1__t_1f6b65ebc2ab3ed3____c2_0____4_fair.csv;t_1f6b65ebc2ab3ed3____c1_0____1__t_1f6b65ebc2ab3ed3____c1_0____3_fair.csv;t_1f6b65ebc2ab3ed3____c1_0____1__t_1f6b65ebc2ab3ed3____c1_0____2_fair.csv,{}
tusSmall3,starmie,t_1f6b65ebc2ab3ed3____c1_0____2_fair.csv,10,137,407,10,False,0.1565,1.0,0.072992700729927,0.072992700729927,9.996414184570312,9.996414184570312,t_1f6b65ebc2ab3ed3____c1_0____1__t_1f6b65ebc2ab3ed3____c4_0____1_fair.csv;t_1f6b65ebc2ab3ed3____c1_0____1__t_1f6b65ebc2ab3ed3____c3_1____0_fair.csv;t_1f6b65ebc2ab3ed3____c1_0____1__t_1f6b65ebc2ab3ed3____c2_0____4_fair.csv;t_1f6b65ebc2ab3ed3____c1_0____1__t_1f6b65ebc2ab3ed3____c1_0____3_fair.csv;t_1f6b65ebc2ab3ed3____c1_0____1__t_1f6b65ebc2ab3ed3____c1_0____2_fair.csv;t_1f6b65ebc2ab3ed3____c1_0____1__t_1f6b65ebc2ab3ed3____c1_0____0_fair.csv;t_1f6b65ebc2ab3ed3____c1_0____4__t_1f6b65ebc2ab3ed3____c4_0____1_fair.csv;t_1f6b65ebc2ab3ed3____c1_0____4__t_1f6b65ebc2ab3ed3____c3_1____0_fair.csv;t_1f6b65ebc2ab3ed3____c1_0____4__t_1f6b65ebc2ab3ed3____c2_0____4_fair.csv;t_1f6b65ebc2ab3ed3____c1_0____4__t_1f6b65ebc2ab3ed3____c1_0____3_fair.csv,{}
tusSmall3,starmie,t_1f6b65ebc2ab3ed3____c1_0____2_fair.csv,20,137,407,20,False,0.1081,0.6,0.08759124087591241,0.145985401459854,19.257896780967712,19.257896780967712,t_1f6b65ebc2ab3ed3____c1_0____1__t_1f6b65ebc2ab3ed3____c4_0____1_fair.csv;t_1f6b65ebc2ab3ed3____c1_0____1__t_1f6b65ebc2ab3ed3____c3_1____0_fair.csv;t_1f6b65ebc2ab3ed3____c1_0____1__t_1f6b65ebc2ab3ed3____c2_0____4_fair.csv;t_1f6b65ebc2ab3ed3____c1_0____1__t_1f6b65ebc2ab3ed3____c1_0____3_fair.csv;t_1f6b65ebc2ab3ed3____c1_0____1__t_1f6b65ebc2ab3ed3____c1_0____2_fair.csv;t_1f6b65ebc2ab3ed3____c1_0____1__t_1f6b65ebc2ab3ed3____c1_0____0_fair.csv;t_1f6b65ebc2ab3ed3____c1_0____4__t_1f6b65ebc2ab3ed3____c4_0____1_fair.csv;t_1f6b65ebc2ab3ed3____c1_0____4__t_1f6b65ebc2ab3ed3____c3_1____0_fair.csv;t_1f6b65ebc2ab3ed3____c1_0____4__t_1f6b65ebc2ab3ed3____c2_0____4_fair.csv;t_1f6b65ebc2ab3ed3____c1_0____4__t_1f6b65ebc2ab3ed3____c1_0____3_fair.csv;t_1f6b65ebc2ab3ed3____c1_0____4__t_1f6b65ebc2ab3ed3____c1_0____2_fair.csv;t_1f6b65ebc2ab3ed3____c1_0____4__t_1f6b65ebc2ab3ed3____c1_0____0_fair.csv;t_93f3d6f7fc6aa6ff____c1_0____3__t_93f3d6f7fc6aa6ff____c11_1____3_fair.csv;t_93f3d6f7fc6aa6ff____c1_0____0__t_93f3d6f7fc6aa6ff____c11_1____3_fair.csv;t_67c3f7ce5eab8804____c1_0____1__t_67c3f7ce5eab8804____c4_1____1_fair.csv;t_67c3f7ce5eab8804____c1_0____1__t_67c3f7ce5eab8804____c15_0____3_fair.csv;t_93f3d6f7fc6aa6ff____c1_1____3.csv;t_93f3d6f7fc6aa6ff____c1_1____2.csv;t_93f3d6f7fc6aa6ff____c1_0____2__t_93f3d6f7fc6aa6ff____c11_1____3_fair.csv;t_93f3d6f7fc6aa6ff____c1_0____0.csv,{}
tusSmall3,starmie,t_1f6b65ebc2ab3ed3____c1_0____3_fair.csv,5,137,407,5,False,0.2066,1.0,0.0364963503649635,0.0364963503649635,4.997361600399017,4.997361600399017,t_1f6b65ebc2ab3ed3____c1_0____1__t_1f6b65ebc2ab3ed3____c4_0____1_fair.csv;t_1f6b65ebc2ab3ed3____c1_0____1__t_1f6b65ebc2ab3ed3____c3_1____0_fair.csv;t_1f6b65ebc2ab3ed3____c1_0____1__t_1f6b65ebc2ab3ed3____c2_0____4_fair.csv;t_1f6b65ebc2ab3ed3____c1_0____1__t_1f6b65ebc2ab3ed3____c1_0____3_fair.csv;t_1f6b65ebc2ab3ed3____c1_0____1__t_1f6b65ebc2ab3ed3____c1_0____2_fair.csv,{}
tusSmall3,starmie,t_1f6b65ebc2ab3ed3____c1_0____3_fair.csv,10,137,407,10,False,0.185,1.0,0.072992700729927,0.072992700729927,9.992785096168518,9.992785096168518,t_1f6b65ebc2ab3ed3____c1_0____1__t_1f6b65ebc2ab3ed3____c4_0____1_fair.csv;t_1f6b65ebc2ab3ed3____c1_0____1__t_1f6b65ebc2ab3ed3____c3_1____0_fair.csv;t_1f6b65ebc2ab3ed3____c1_0____1__t_1f6b65ebc2ab3ed3____c2_0____4_fair.csv;t_1f6b65ebc2ab3ed3____c1_0____1__t_1f6b65ebc2ab3ed3____c1_0____3_fair.csv;t_1f6b65ebc2ab3ed3____c1_0____1__t_1f6b65ebc2ab3ed3____c1_0____2_fair.csv;t_1f6b65ebc2ab3ed3____c1_0____1__t_1f6b65ebc2ab3ed3____c1_0____0_fair.csv;t_1f6b65ebc2ab3ed3____c1_0____4__t_1f6b65ebc2ab3ed3____c4_0____1_fair.csv;t_1f6b65ebc2ab3ed3____c1_0____4__t_1f6b65ebc2ab3ed3____c3_1____0_fair.csv;t_1f6b65ebc2ab3ed3____c1_0____4__t_1f6b65ebc2ab3ed3____c2_0____4_fair.csv;t_1f6b65ebc2ab3ed3____c1_0____4__t_1f6b65ebc2ab3ed3____c1_0____3_fair.csv,{}
tusSmall3,starmie,t_1f6b65ebc2ab3ed3____c1_0____3_fair.csv,20,137,407,20,False,0.1107,0.6,0.08759124087591241,0.145985401459854,19.23967295885086,19.23967295885086,t_1f6b65ebc2ab3ed3____c1_0____1__t_1f6b65ebc2ab3ed3____c4_0____1_fair.csv;t_1f6b65ebc2ab3ed3____c1_0____1__t_1f6b65ebc2ab3ed3____c3_1____0_fair.csv;t_1f6b65ebc2ab3ed3____c1_0____1__t_1f6b65ebc2ab3ed3____c2_0____4_fair.csv;t_1f6b65ebc2ab3ed3____c1_0____1__t_1f6b65ebc2ab3ed3____c1_0____3_fair.csv;t_1f6b65ebc2ab3ed3____c1_0____1__t_1f6b65ebc2ab3ed3____c1_0____2_fair.csv;t_1f6b65ebc2ab3ed3____c1_0____1__t_1f6b65ebc2ab3ed3____c1_0____0_fair.csv;t_1f6b65ebc2ab3ed3____c1_0____4__t_1f6b65ebc2ab3ed3____c4_0____1_fair.csv;t_1f6b65ebc2ab3ed3____c1_0____4__t_1f6b65ebc2ab3ed3____c3_1____0_fair.csv;t_1f6b65ebc2ab3ed3____c1_0____4__t_1f6b65ebc2ab3ed3____c2_0____4_fair.csv;t_1f6b65ebc2ab3ed3____c1_0____4__t_1f6b65ebc2ab3ed3____c1_0____3_fair.csv;t_1f6b65ebc2ab3ed3____c1_0____4__t_1f6b65ebc2ab3ed3____c1_0____2_fair.csv;t_1f6b65ebc2ab3ed3____c1_0____4__t_1f6b65ebc2ab3ed3____c1_0____0_fair.csv;t_93f3d6f7fc6aa6ff____c1_0____3__t_93f3d6f7fc6aa6ff____c11_1____3_fair.csv;t_93f3d6f7fc6aa6ff____c1_0____0__t_93f3d6f7fc6aa6ff____c11_1____3_fair.csv;t_93f3d6f7fc6aa6ff____c1_1____3.csv;t_67c3f7ce5eab8804____c1_0____1__t_67c3f7ce5eab8804____c4_1____1_fair.csv;t_67c3f7ce5eab8804____c1_0____1__t_67c3f7ce5eab8804____c15_0____3_fair.csv;t_93f3d6f7fc6aa6ff____c1_1____2.csv;t_93f3d6f7fc6aa6ff____c1_0____0.csv;t_93f3d6f7fc6aa6ff____c1_1____0.csv,{}
tusSmall3,starmie,t_1934eacab8c57857____c4_0____4_fair.csv,5,789,166,5,True,0.3092,1.0,0.0063371356147021544,0.0063371356147021544,18.49235361814499,18.49235361814499,t_1934eacab8c57857____c4_0____3__t_1934eacab8c57857____c4_0____4_fair.csv;t_1934eacab8c57857____c4_0____3__t_1934eacab8c57857____c15_1____3_fair.csv;t_1934eacab8c57857____c4_0____3.csv;t_1934eacab8c57857____c6_0____3.csv;t_1934eacab8c57857____c4_0____2__t_1934eacab8c57857____c4_0____4_fair.csv,{}
tusSmall3,starmie,t_1934eacab8c57857____c4_0____4_fair.csv,10,789,166,10,False,0.1637,0.6,0.0076045627376425855,0.012674271229404309,35.35045927762985,35.35045927762985,t_1934eacab8c57857____c4_0____3__t_1934eacab8c57857____c4_0____4_fair.csv;t_1934eacab8c57857____c4_0____3__t_1934eacab8c57857____c15_1____3_fair.csv;t_1934eacab8c57857____c4_0____3.csv;t_1934eacab8c57857____c6_0____3.csv;t_1934eacab8c57857____c4_0____2__t_1934eacab8c57857____c4_0____4_fair.csv;t_1934eacab8c57857____c4_0____2__t_1934eacab8c57857____c15_1____3_fair.csv;t_1934eacab8c57857____c8_0____3__t_1934eacab8c57857____c2_1____0_fair.csv;t_1934eacab8c57857____c8_0____3__t_1934eacab8c57857____c11_0____4_fair.csv;t_1934eacab8c57857____c8_0____3__t_1934eacab8c57857____c10_1____3_fair.csv;t_1934eacab8c57857____c8_0____3.csv,{}
tusSmall3,starmie,t_1934eacab8c57857____c4_0____4_fair.csv,20,789,166,20,False,0.0867,0.75,0.019011406844106463,0.025348542458808618,68.47233158349991,68.47233158349991,t_1934eacab8c57857____c4_0____3__t_1934eacab8c57857____c4_0____4_fair.csv;t_1934eacab8c57857____c4_0____3__t_1934eacab8c57857____c15_1____3_fair.csv;t_1934eacab8c57857____c4_0____3.csv;t_1934eacab8c57857____c6_0____3.csv;t_1934eacab8c57857____c4_0____2__t_1934eacab8c57857____c4_0____4_fair.csv;t_1934eacab8c57857____c4_0____2__t_1934eacab8c57857____c15_1____3_fair.csv;t_1934eacab8c57857____c8_0____3__t_1934eacab8c57857____c2_1____0_fair.csv;t_1934eacab8c57857____c8_0____3__t_1934eacab8c57857____c11_0____4_fair.csv;t_1934eacab8c57857____c8_0____3__t_1934eacab8c57857____c10_1____3_fair.csv;t_1934eacab8c57857____c8_0____3.csv;t_1934eacab8c57857____c6_0____4.csv;t_1934eacab8c57857____c6_0____3__t_1934eacab8c57857____c4_0____4_fair.csv;t_1934eacab8c57857____c6_0____3__t_1934eacab8c57857____c15_1____3_fair.csv;t_1934eacab8c57857____c6_0____3__t_1934eacab8c57857____c15_1____0_fair.csv;t_1934eacab8c57857____c4_0____2.csv;t_1934eacab8c57857____c6_0____2.csv;t_1934eacab8c57857____c6_0____4__t_1934eacab8c57857____c4_0____4_fair.csv;t_1934eacab8c57857____c6_0____4__t_1934eacab8c57857____c15_1____3_fair.csv;t_1934eacab8c57857____c6_0____4__t_1934eacab8c57857____c15_1____0_fair.csv;t_1934eacab8c57857____c6_1____3.csv,{}
tusSmall3,starmie,t_1f6b65ebc2ab3ed3____c2_0____3_fair.csv,5,98,387,5,False,0.1842,1.0,0.05102040816326531,0.05102040816326531,9.93735671043396,9.93735671043396,t_1f6b65ebc2ab3ed3____c2_0____0__t_1f6b65ebc2ab3ed3____c4_0____1_fair.csv;t_1f6b65ebc2ab3ed3____c2_0____0__t_1f6b65ebc2ab3ed3____c3_1____0_fair.csv;t_1f6b65ebc2ab3ed3____c2_0____0__t_1f6b65ebc2ab3ed3____c2_0____4_fair.csv;t_1f6b65ebc2ab3ed3____c2_0____0__t_1f6b65ebc2ab3ed3____c2_0____3_fair.csv;t_1f6b65ebc2ab3ed3____c2_0____0__t_1f6b65ebc2ab3ed3____c1_0____3_fair.csv,{}
tusSmall3,starmie,t_1f6b65ebc2ab3ed3____c2_0____3_fair.csv,10,98,387,10,False,0.138,1.0,0.10204081632653061,0.10204081632653061,19.748196303844452,19.748196303844452,t_1f6b65ebc2ab3ed3____c2_0____0__t_1f6b65ebc2ab3ed3____c4_0____1_fair.csv;t_1f6b65ebc2ab3ed3____c2_0____0__t_1f6b65ebc2ab3ed3____c3_1____0_fair.csv;t_1f6b65ebc2ab3ed3____c2_0____0__t_1f6b65ebc2ab3ed3____c2_0____4_fair.csv;t_1f6b65ebc2ab3ed3____c2_0____0__t_1f6b65ebc2ab3ed3____c2_0____3_fair.csv;t_1f6b65ebc2ab3ed3____c2_0____0__t_1f6b65ebc2ab3ed3____c1_0____3_fair.csv;t_1f6b65ebc2ab3ed3____c2_0____0__t_1f6b65ebc2ab3ed3____c1_0____2_fair.csv;t_1f6b65ebc2ab3ed3____c2_0____0__t_1f6b65ebc2ab3ed3____c1_0____0_fair.csv;t_1f6b65ebc2ab3ed3____c2_0____2__t_1f6b65ebc2ab3ed3____c4_0____1_fair.csv;t_1f6b65ebc2ab3ed3____c2_0____2__t_1f6b65ebc2ab3ed3____c3_1____0_fair.csv;t_1f6b65ebc2ab3ed3____c2_0____2__t_1f6b65ebc2ab3ed3____c2_0____4_fair.csv,{}
tusSmall3,starmie,t_1f6b65ebc2ab3ed3____c2_0____3_fair.csv,20,98,387,20,False,0.1873,1.0,0.20408163265306123,0.20408163265306123,39.20089453458786,39.20089453458786,t_1f6b65ebc2ab3ed3____c2_0____0__t_1f6b65ebc2ab3ed3____c4_0____1_fair.csv;t_1f6b65ebc2ab3ed3____c2_0____0__t_1f6b65ebc2ab3ed3____c3_1____0_fair.csv;t_1f6b65ebc2ab3ed3____c2_0____0__t_1f6b65ebc2ab3ed3____c2_0____4_fair.csv;t_1f6b65ebc2ab3ed3____c2_0____0__t_1f6b65ebc2ab3ed3____c2_0____3_fair.csv;t_1f6b65ebc2ab3ed3____c2_0____0__t_1f6b65ebc2ab3ed3____c1_0____3_fair.csv;t_1f6b65ebc2ab3ed3____c2_0____0__t_1f6b65ebc2ab3ed3____c1_0____2_fair.csv;t_1f6b65ebc2ab3ed3____c2_0____0__t_1f6b65ebc2ab3ed3____c1_0____0_fair.csv;t_1f6b65ebc2ab3ed3____c2_0____2__t_1f6b65ebc2ab3ed3____c4_0____1_fair.csv;t_1f6b65ebc2ab3ed3____c2_0____2__t_1f6b65ebc2ab3ed3____c3_1____0_fair.csv;t_1f6b65ebc2ab3ed3____c2_0____2__t_1f6b65ebc2ab3ed3____c2_0____4_fair.csv;t_1f6b65ebc2ab3ed3____c2_0____2__t_1f6b65ebc2ab3ed3____c2_0____3_fair.csv;t_1f6b65ebc2ab3ed3____c2_0____2__t_1f6b65ebc2ab3ed3____c1_0____3_fair.csv;t_1f6b65ebc2ab3ed3____c2_0____2__t_1f6b65ebc2ab3ed3____c1_0____2_fair.csv;t_1f6b65ebc2ab3ed3____c2_0____2__t_1f6b65ebc2ab3ed3____c1_0____0_fair.csv;t_1f6b65ebc2ab3ed3____c2_0____1__t_1f6b65ebc2ab3ed3____c4_0____1_fair.csv;t_1f6b65ebc2ab3ed3____c2_0____1__t_1f6b65ebc2ab3ed3____c3_1____0_fair.csv;t_1f6b65ebc2ab3ed3____c2_0____1__t_1f6b65ebc2ab3ed3____c2_0____4_fair.csv;t_1f6b65ebc2ab3ed3____c2_0____1__t_1f6b65ebc2ab3ed3____c2_0____3_fair.csv;t_1f6b65ebc2ab3ed3____c2_0____1__t_1f6b65ebc2ab3ed3____c1_0____3_fair.csv;t_1f6b65ebc2ab3ed3____c2_0____1__t_1f6b65ebc2ab3ed3____c1_0____2_fair.csv,{}
tusSmall3,starmie,t_1f6b65ebc2ab3ed3____c2_0____4_fair.csv,5,137,386,5,False,0.2601,1.0,0.0364963503649635,0.0364963503649635,9.946561753749847,9.946561753749847,t_1f6b65ebc2ab3ed3____c2_0____0__t_1f6b65ebc2ab3ed3____c4_0____1_fair.csv;t_1f6b65ebc2ab3ed3____c2_0____0__t_1f6b65ebc2ab3ed3____c3_1____0_fair.csv;t_1f6b65ebc2ab3ed3____c2_0____0__t_1f6b65ebc2ab3ed3____c2_0____4_fair.csv;t_1f6b65ebc2ab3ed3____c2_0____0__t_1f6b65ebc2ab3ed3____c2_0____3_fair.csv;t_1f6b65ebc2ab3ed3____c2_0____0__t_1f6b65ebc2ab3ed3____c1_0____3_fair.csv,{}
tusSmall3,starmie,t_1f6b65ebc2ab3ed3____c2_0____4_fair.csv,10,137,386,10,False,0.2418,1.0,0.072992700729927,0.072992700729927,19.75425213575363,19.75425213575363,t_1f6b65ebc2ab3ed3____c2_0____0__t_1f6b65ebc2ab3ed3____c4_0____1_fair.csv;t_1f6b65ebc2ab3ed3____c2_0____0__t_1f6b65ebc2ab3ed3____c3_1____0_fair.csv;t_1f6b65ebc2ab3ed3____c2_0____0__t_1f6b65ebc2ab3ed3____c2_0____4_fair.csv;t_1f6b65ebc2ab3ed3____c2_0____0__t_1f6b65ebc2ab3ed3____c2_0____3_fair.csv;t_1f6b65ebc2ab3ed3____c2_0____0__t_1f6b65ebc2ab3ed3____c1_0____3_fair.csv;t_1f6b65ebc2ab3ed3____c2_0____0__t_1f6b65ebc2ab3ed3____c1_0____2_fair.csv;t_1f6b65ebc2ab3ed3____c2_0____0__t_1f6b65ebc2ab3ed3____c1_0____0_fair.csv;t_1f6b65ebc2ab3ed3____c2_0____1__t_1f6b65ebc2ab3ed3____c4_0____1_fair.csv;t_1f6b65ebc2ab3ed3____c2_0____1__t_1f6b65ebc2ab3ed3____c3_1____0_fair.csv;t_1f6b65ebc2ab3ed3____c2_0____1__t_1f6b65ebc2ab3ed3____c2_0____4_fair.csv,{}
tusSmall3,starmie,t_1f6b65ebc2ab3ed3____c2_0____4_fair.csv,20,137,386,20,False,0.2091,1.0,0.145985401459854,0.145985401459854,39.18252378702164,39.18252378702164,t_1f6b65ebc2ab3ed3____c2_0____0__t_1f6b65ebc2ab3ed3____c4_0____1_fair.csv;t_1f6b65ebc2ab3ed3____c2_0____0__t_1f6b65ebc2ab3ed3____c3_1____0_fair.csv;t_1f6b65ebc2ab3ed3____c2_0____0__t_1f6b65ebc2ab3ed3____c2_0____4_fair.csv;t_1f6b65ebc2ab3ed3____c2_0____0__t_1f6b65ebc2ab3ed3____c2_0____3_fair.csv;t_1f6b65ebc2ab3ed3____c2_0____0__t_1f6b65ebc2ab3ed3____c1_0____3_fair.csv;t_1f6b65ebc2ab3ed3____c2_0____0__t_1f6b65ebc2ab3ed3____c1_0____2_fair.csv;t_1f6b65ebc2ab3ed3____c2_0____0__t_1f6b65ebc2ab3ed3____c1_0____0_fair.csv;t_1f6b65ebc2ab3ed3____c2_0____1__t_1f6b65ebc2ab3ed3____c4_0____1_fair.csv;t_1f6b65ebc2ab3ed3____c2_0____1__t_1f6b65ebc2ab3ed3____c3_1____0_fair.csv;t_1f6b65ebc2ab3ed3____c2_0____1__t_1f6b65ebc2ab3ed3____c2_0____4_fair.csv;t_1f6b65ebc2ab3ed3____c2_0____1__t_1f6b65ebc2ab3ed3____c2_0____3_fair.csv;t_1f6b65ebc2ab3ed3____c2_0____1__t_1f6b65ebc2ab3ed3____c1_0____3_fair.csv;t_1f6b65ebc2ab3ed3____c2_0____1__t_1f6b65ebc2ab3ed3____c1_0____2_fair.csv;t_1f6b65ebc2ab3ed3____c2_0____1__t_1f6b65ebc2ab3ed3____c1_0____0_fair.csv;t_1f6b65ebc2ab3ed3____c2_0____2__t_1f6b65ebc2ab3ed3____c4_0____1_fair.csv;t_1f6b65ebc2ab3ed3____c2_0____2__t_1f6b65ebc2ab3ed3____c3_1____0_fair.csv;t_1f6b65ebc2ab3ed3____c2_0____2__t_1f6b65ebc2ab3ed3____c2_0____4_fair.csv;t_1f6b65ebc2ab3ed3____c2_0____2__t_1f6b65ebc2ab3ed3____c2_0____3_fair.csv;t_1f6b65ebc2ab3ed3____c2_0____2__t_1f6b65ebc2ab3ed3____c1_0____3_fair.csv;t_1f6b65ebc2ab3ed3____c2_0____2__t_1f6b65ebc2ab3ed3____c1_0____2_fair.csv,{}
tusSmall3,starmie,t_1934eacab8c57857____c11_0____4_fair.csv,5,590,106,5,False,0.1568,1.0,0.00847457627118644,0.00847457627118644,51.44546777009964,51.44546777009964,t_1934eacab8c57857____c13_0____4.csv;t_1934eacab8c57857____c13_0____4__t_1934eacab8c57857____c4_0____4_fair.csv;t_1934eacab8c57857____c13_0____4__t_1934eacab8c57857____c2_1____0_fair.csv;t_1934eacab8c57857____c13_0____4__t_1934eacab8c57857____c15_1____3_fair.csv;t_1934eacab8c57857____c13_0____4__t_1934eacab8c57857____c15_1____0_fair.csv,{}
tusSmall3,starmie,t_1934eacab8c57857____c11_0____4_fair.csv,10,590,106,10,False,0.1338,1.0,0.01694915254237288,0.01694915254237288,102.85988521575928,102.85988521575928,t_1934eacab8c57857____c13_0____4.csv;t_1934eacab8c57857____c13_0____4__t_1934eacab8c57857____c4_0____4_fair.csv;t_1934eacab8c57857____c13_0____4__t_1934eacab8c57857____c2_1____0_fair.csv;t_1934eacab8c57857____c13_0____4__t_1934eacab8c57857____c15_1____3_fair.csv;t_1934eacab8c57857____c13_0____4__t_1934eacab8c57857____c15_1____0_fair.csv;t_1934eacab8c57857____c13_0____4__t_1934eacab8c57857____c12_0____1_fair.csv;t_1934eacab8c57857____c13_0____4__t_1934eacab8c57857____c11_0____4_fair.csv;t_1934eacab8c57857____c13_0____4__t_1934eacab8c57857____c10_1____3_fair.csv;t_1934eacab8c57857____c13_1____4__t_1934eacab8c57857____c4_0____4_fair.csv;t_1934eacab8c57857____c13_1____4__t_1934eacab8c57857____c15_1____3_fair.csv,{}
tusSmall3,starmie,t_1934eacab8c57857____c11_0____4_fair.csv,20,590,106,20,False,0.0953,0.95,0.03220338983050847,0.03389830508474576,205.20128148794174,205.20128148794174,t_1934eacab8c57857____c13_0____4.csv;t_1934eacab8c57857____c13_0____4__t_1934eacab8c57857____c4_0____4_fair.csv;t_1934eacab8c57857____c13_0____4__t_1934eacab8c57857____c2_1____0_fair.csv;t_1934eacab8c57857____c13_0____4__t_1934eacab8c57857____c15_1____3_fair.csv;t_1934eacab8c57857____c13_0____4__t_1934eacab8c57857____c15_1____0_fair.csv;t_1934eacab8c57857____c13_0____4__t_1934eacab8c57857____c12_0____1_fair.csv;t_1934eacab8c57857____c13_0____4__t_1934eacab8c57857____c11_0____4_fair.csv;t_1934eacab8c57857____c13_0____4__t_1934eacab8c57857____c10_1____3_fair.csv;t_1934eacab8c57857____c13_1____4__t_1934eacab8c57857____c4_0____4_fair.csv;t_1934eacab8c57857____c13_1____4__t_1934eacab8c57857____c15_1____3_fair.csv;t_1934eacab8c57857____c13_1____4__t_1934eacab8c57857____c15_1____0_fair.csv;t_1934eacab8c57857____c13_1____4__t_1934eacab8c57857____c12_0____1_fair.csv;t_1934eacab8c57857____c13_1____4__t_1934eacab8c57857____c11_0____4_fair.csv;t_1934eacab8c57857____c13_1____4__t_1934eacab8c57857____c10_1____3_fair.csv;t_1934eacab8c57857____c11_0____3__t_1934eacab8c57857____c4_0____4_fair.csv;t_1934eacab8c57857____c11_0____3__t_1934eacab8c57857____c15_1____3_fair.csv;t_1934eacab8c57857____c11_0____3__t_1934eacab8c57857____c11_0____4_fair.csv;t_1934eacab8c57857____c13_1____4.csv;t_1934eacab8c57857____c11_0____3.csv;t_1934eacab8c57857____c12_1____4.csv,{}
tusSmall3,starmie,t_28dc8f7610402ea7____c1_1____0_fair.csv,5,182,255,5,False,0.2429,1.0,0.027472527472527472,0.027472527472527472,4.8018248081207275,4.8018248081207275,t_28dc8f7610402ea7____c1_1____3__t_28dc8f7610402ea7____c7_1____2_fair.csv;t_28dc8f7610402ea7____c1_1____3__t_28dc8f7610402ea7____c1_1____0_fair.csv;t_28dc8f7610402ea7____c1_1____4.csv;t_28dc8f7610402ea7____c1_1____4__t_28dc8f7610402ea7____c7_1____2_fair.csv;t_28dc8f7610402ea7____c1_1____4__t_28dc8f7610402ea7____c1_1____0_fair.csv,{}
tusSmall3,starmie,t_28dc8f7610402ea7____c1_1____0_fair.csv,10,182,255,10,False,0.2193,1.0,0.054945054945054944,0.054945054945054944,9.547510266304016,9.547510266304016,t_28dc8f7610402ea7____c1_1____3__t_28dc8f7610402ea7____c7_1____2_fair.csv;t_28dc8f7610402ea7____c1_1____3__t_28dc8f7610402ea7____c1_1____0_fair.csv;t_28dc8f7610402ea7____c1_1____4.csv;t_28dc8f7610402ea7____c1_1____4__t_28dc8f7610402ea7____c7_1____2_fair.csv;t_28dc8f7610402ea7____c1_1____4__t_28dc8f7610402ea7____c1_1____0_fair.csv;t_28dc8f7610402ea7____c1_1____2__t_28dc8f7610402ea7____c7_1____2_fair.csv;t_28dc8f7610402ea7____c1_1____2__t_28dc8f7610402ea7____c1_1____0_fair.csv;t_28dc8f7610402ea7____c1_1____1.csv;t_28dc8f7610402ea7____c1_1____1__t_28dc8f7610402ea7____c7_1____2_fair.csv;t_28dc8f7610402ea7____c1_1____1__t_28dc8f7610402ea7____c1_1____0_fair.csv,{}
tusSmall3,starmie,t_28dc8f7610402ea7____c1_1____0_fair.csv,20,182,255,20,False,0.1174,1.0,0.10989010989010989,0.10989010989010989,18.691451489925385,18.691451489925385,t_28dc8f7610402ea7____c1_1____3__t_28dc8f7610402ea7____c7_1____2_fair.csv;t_28dc8f7610402ea7____c1_1____3__t_28dc8f7610402ea7____c1_1____0_fair.csv;t_28dc8f7610402ea7____c1_1____4.csv;t_28dc8f7610402ea7____c1_1____4__t_28dc8f7610402ea7____c7_1____2_fair.csv;t_28dc8f7610402ea7____c1_1____4__t_28dc8f7610402ea7____c1_1____0_fair.csv;t_28dc8f7610402ea7____c1_1____2__t_28dc8f7610402ea7____c7_1____2_fair.csv;t_28dc8f7610402ea7____c1_1____2__t_28dc8f7610402ea7____c1_1____0_fair.csv;t_28dc8f7610402ea7____c1_1____1.csv;t_28dc8f7610402ea7____c1_1____1__t_28dc8f7610402ea7____c7_1____2_fair.csv;t_28dc8f7610402ea7____c1_1____1__t_28dc8f7610402ea7____c1_1____0_fair.csv;t_28dc8f7610402ea7____c1_1____3.csv;t_28dc8f7610402ea7____c1_1____2.csv;t_28dc8f7610402ea7____c2_0____1__t_28dc8f7610402ea7____c9_0____3_fair.csv;t_28dc8f7610402ea7____c2_0____1__t_28dc8f7610402ea7____c7_1____2_fair.csv;t_28dc8f7610402ea7____c2_0____1__t_28dc8f7610402ea7____c1_1____0_fair.csv;t_28dc8f7610402ea7____c2_1____1__t_28dc8f7610402ea7____c7_1____2_fair.csv;t_28dc8f7610402ea7____c2_1____1__t_28dc8f7610402ea7____c4_1____4_fair.csv;t_28dc8f7610402ea7____c2_1____1__t_28dc8f7610402ea7____c1_1____0_fair.csv;t_28dc8f7610402ea7____c2_0____1.csv;t_28dc8f7610402ea7____c2_0____0__t_28dc8f7610402ea7____c9_0____3_fair.csv,{}
tusSmall3,starmie,t_1f6b65ebc2ab3ed3____c3_1____0_fair.csv,5,137,382,5,False,0.2127,1.0,0.0364963503649635,0.0364963503649635,14.790583550930023,14.790583550930023,t_1f6b65ebc2ab3ed3____c3_1____3__t_1f6b65ebc2ab3ed3____c4_0____1_fair.csv;t_1f6b65ebc2ab3ed3____c3_1____3__t_1f6b65ebc2ab3ed3____c3_1____0_fair.csv;t_1f6b65ebc2ab3ed3____c3_1____3__t_1f6b65ebc2ab3ed3____c2_0____4_fair.csv;t_1f6b65ebc2ab3ed3____c3_1____3__t_1f6b65ebc2ab3ed3____c2_0____3_fair.csv;t_1f6b65ebc2ab3ed3____c3_1____3__t_1f6b65ebc2ab3ed3____c1_0____3_fair.csv,{}
tusSmall3,starmie,t_1f6b65ebc2ab3ed3____c3_1____0_fair.csv,10,137,382,10,False,0.2214,1.0,0.072992700729927,0.072992700729927,29.5691220164299,29.5691220164299,t_1f6b65ebc2ab3ed3____c3_1____3__t_1f6b65ebc2ab3ed3____c4_0____1_fair.csv;t_1f6b65ebc2ab3ed3____c3_1____3__t_1f6b65ebc2ab3ed3____c3_1____0_fair.csv;t_1f6b65ebc2ab3ed3____c3_1____3__t_1f6b65ebc2ab3ed3____c2_0____4_fair.csv;t_1f6b65ebc2ab3ed3____c3_1____3__t_1f6b65ebc2ab3ed3____c2_0____3_fair.csv;t_1f6b65ebc2ab3ed3____c3_1____3__t_1f6b65ebc2ab3ed3____c1_0____3_fair.csv;t_1f6b65ebc2ab3ed3____c3_1____3__t_1f6b65ebc2ab3ed3____c1_0____2_fair.csv;t_1f6b65ebc2ab3ed3____c3_1____3__t_1f6b65ebc2ab3ed3____c1_0____0_fair.csv;t_1f6b65ebc2ab3ed3____c3_1____4__t_1f6b65ebc2ab3ed3____c4_0____1_fair.csv;t_1f6b65ebc2ab3ed3____c3_1____4__t_1f6b65ebc2ab3ed3____c3_1____0_fair.csv;t_1f6b65ebc2ab3ed3____c3_1____4__t_1f6b65ebc2ab3ed3____c2_0____4_fair.csv,{}
tusSmall3,starmie,t_1f6b65ebc2ab3ed3____c3_1____0_fair.csv,20,137,382,20,False,0.2061,1.0,0.145985401459854,0.145985401459854,58.74296098947525,58.74296098947525,t_1f6b65ebc2ab3ed3____c3_1____3__t_1f6b65ebc2ab3ed3____c4_0____1_fair.csv;t_1f6b65ebc2ab3ed3____c3_1____3__t_1f6b65ebc2ab3ed3____c3_1____0_fair.csv;t_1f6b65ebc2ab3ed3____c3_1____3__t_1f6b65ebc2ab3ed3____c2_0____4_fair.csv;t_1f6b65ebc2ab3ed3____c3_1____3__t_1f6b65ebc2ab3ed3____c2_0____3_fair.csv;t_1f6b65ebc2ab3ed3____c3_1____3__t_1f6b65ebc2ab3ed3____c1_0____3_fair.csv;t_1f6b65ebc2ab3ed3____c3_1____3__t_1f6b65ebc2ab3ed3____c1_0____2_fair.csv;t_1f6b65ebc2ab3ed3____c3_1____3__t_1f6b65ebc2ab3ed3____c1_0____0_fair.csv;t_1f6b65ebc2ab3ed3____c3_1____4__t_1f6b65ebc2ab3ed3____c4_0____1_fair.csv;t_1f6b65ebc2ab3ed3____c3_1____4__t_1f6b65ebc2ab3ed3____c3_1____0_fair.csv;t_1f6b65ebc2ab3ed3____c3_1____4__t_1f6b65ebc2ab3ed3____c2_0____4_fair.csv;t_1f6b65ebc2ab3ed3____c3_1____4__t_1f6b65ebc2ab3ed3____c2_0____3_fair.csv;t_1f6b65ebc2ab3ed3____c3_1____4__t_1f6b65ebc2ab3ed3____c1_0____3_fair.csv;t_1f6b65ebc2ab3ed3____c3_1____4__t_1f6b65ebc2ab3ed3____c1_0____2_fair.csv;t_1f6b65ebc2ab3ed3____c3_1____4__t_1f6b65ebc2ab3ed3____c1_0____0_fair.csv;t_1f6b65ebc2ab3ed3____c3_1____3.csv;t_1f6b65ebc2ab3ed3____c3_1____4.csv;t_1f6b65ebc2ab3ed3____c3_1____2__t_1f6b65ebc2ab3ed3____c4_0____1_fair.csv;t_1f6b65ebc2ab3ed3____c3_1____2__t_1f6b65ebc2ab3ed3____c3_1____0_fair.csv;t_1f6b65ebc2ab3ed3____c3_1____2__t_1f6b65ebc2ab3ed3____c2_0____4_fair.csv;t_1f6b65ebc2ab3ed3____c3_1____2__t_1f6b65ebc2ab3ed3____c2_0____3_fair.csv,{}
tusSmall3,starmie,t_1f6b65ebc2ab3ed3____c4_0____1_fair.csv,5,137,305,5,False,0.2795,1.0,0.0364963503649635,0.0364963503649635,19.743159413337708,19.743159413337708,t_1f6b65ebc2ab3ed3____c4_0____2__t_1f6b65ebc2ab3ed3____c4_0____1_fair.csv;t_1f6b65ebc2ab3ed3____c4_0____2__t_1f6b65ebc2ab3ed3____c3_1____0_fair.csv;t_1f6b65ebc2ab3ed3____c4_0____2__t_1f6b65ebc2ab3ed3____c2_0____4_fair.csv;t_1f6b65ebc2ab3ed3____c4_0____2__t_1f6b65ebc2ab3ed3____c2_0____3_fair.csv;t_1f6b65ebc2ab3ed3____c4_0____2__t_1f6b65ebc2ab3ed3____c1_0____3_fair.csv,{}
tusSmall3,starmie,t_1f6b65ebc2ab3ed3____c4_0____1_fair.csv,10,137,305,10,False,0.2562,1.0,0.072992700729927,0.072992700729927,39.3858186006546,39.3858186006546,t_1f6b65ebc2ab3ed3____c4_0____2__t_1f6b65ebc2ab3ed3____c4_0____1_fair.csv;t_1f6b65ebc2ab3ed3____c4_0____2__t_1f6b65ebc2ab3ed3____c3_1____0_fair.csv;t_1f6b65ebc2ab3ed3____c4_0____2__t_1f6b65ebc2ab3ed3____c2_0____4_fair.csv;t_1f6b65ebc2ab3ed3____c4_0____2__t_1f6b65ebc2ab3ed3____c2_0____3_fair.csv;t_1f6b65ebc2ab3ed3____c4_0____2__t_1f6b65ebc2ab3ed3____c1_0____3_fair.csv;t_1f6b65ebc2ab3ed3____c4_0____2__t_1f6b65ebc2ab3ed3____c1_0____2_fair.csv;t_1f6b65ebc2ab3ed3____c4_0____2__t_1f6b65ebc2ab3ed3____c1_0____0_fair.csv;t_1f6b65ebc2ab3ed3____c4_0____4__t_1f6b65ebc2ab3ed3____c4_0____1_fair.csv;t_1f6b65ebc2ab3ed3____c4_0____4__t_1f6b65ebc2ab3ed3____c3_1____0_fair.csv;t_1f6b65ebc2ab3ed3____c4_0____4__t_1f6b65ebc2ab3ed3____c2_0____4_fair.csv,{}
tusSmall3,starmie,t_1f6b65ebc2ab3ed3____c4_0____1_fair.csv,20,137,305,20,False,0.2117,1.0,0.145985401459854,0.145985401459854,78.51015400886536,78.51015400886536,t_1f6b65ebc2ab3ed3____c4_0____2__t_1f6b65ebc2ab3ed3____c4_0____1_fair.csv;t_1f6b65ebc2ab3ed3____c4_0____2__t_1f6b65ebc2ab3ed3____c3_1____0_fair.csv;t_1f6b65ebc2ab3ed3____c4_0____2__t_1f6b65ebc2ab3ed3____c2_0____4_fair.csv;t_1f6b65ebc2ab3ed3____c4_0____2__t_1f6b65ebc2ab3ed3____c2_0____3_fair.csv;t_1f6b65ebc2ab3ed3____c4_0____2__t_1f6b65ebc2ab3ed3____c1_0____3_fair.csv;t_1f6b65ebc2ab3ed3____c4_0____2__t_1f6b65ebc2ab3ed3____c1_0____2_fair.csv;t_1f6b65ebc2ab3ed3____c4_0____2__t_1f6b65ebc2ab3ed3____c1_0____0_fair.csv;t_1f6b65ebc2ab3ed3____c4_0____4__t_1f6b65ebc2ab3ed3____c4_0____1_fair.csv;t_1f6b65ebc2ab3ed3____c4_0____4__t_1f6b65ebc2ab3ed3____c3_1____0_fair.csv;t_1f6b65ebc2ab3ed3____c4_0____4__t_1f6b65ebc2ab3ed3____c2_0____4_fair.csv;t_1f6b65ebc2ab3ed3____c4_0____4__t_1f6b65ebc2ab3ed3____c2_0____3_fair.csv;t_1f6b65ebc2ab3ed3____c4_0____4__t_1f6b65ebc2ab3ed3____c1_0____3_fair.csv;t_1f6b65ebc2ab3ed3____c4_0____4__t_1f6b65ebc2ab3ed3____c1_0____2_fair.csv;t_1f6b65ebc2ab3ed3____c4_0____4__t_1f6b65ebc2ab3ed3____c1_0____0_fair.csv;t_1f6b65ebc2ab3ed3____c4_0____0__t_1f6b65ebc2ab3ed3____c4_0____1_fair.csv;t_1f6b65ebc2ab3ed3____c4_0____0__t_1f6b65ebc2ab3ed3____c3_1____0_fair.csv;t_1f6b65ebc2ab3ed3____c4_0____0__t_1f6b65ebc2ab3ed3____c2_0____4_fair.csv;t_1f6b65ebc2ab3ed3____c4_0____0__t_1f6b65ebc2ab3ed3____c2_0____3_fair.csv;t_1f6b65ebc2ab3ed3____c4_0____0__t_1f6b65ebc2ab3ed3____c1_0____3_fair.csv;t_1f6b65ebc2ab3ed3____c4_0____0__t_1f6b65ebc2ab3ed3____c1_0____2_fair.csv,{}
tusSmall3,starmie,t_1934eacab8c57857____c11_1____1_fair.csv,5,553,88,5,False,0.0663,0.0,0.0,0.009041591320072333,49.765593111515045,49.765593111515045,t_1934eacab8c57857____c13_1____1__t_1934eacab8c57857____c4_0____4_fair.csv;t_1934eacab8c57857____c13_1____1__t_1934eacab8c57857____c15_1____3_fair.csv;t_1934eacab8c57857____c13_1____1__t_1934eacab8c57857____c15_1____0_fair.csv;t_1934eacab8c57857____c13_1____1__t_1934eacab8c57857____c12_0____1_fair.csv;t_1934eacab8c57857____c13_1____1__t_1934eacab8c57857____c11_0____4_fair.csv,{}
tusSmall3,starmie,t_1934eacab8c57857____c11_1____1_fair.csv,10,553,88,10,False,0.0395,0.3,0.0054249547920434,0.018083182640144666,99.24879258871078,99.24879258871078,t_1934eacab8c57857____c13_1____1__t_1934eacab8c57857____c4_0____4_fair.csv;t_1934eacab8c57857____c13_1____1__t_1934eacab8c57857____c15_1____3_fair.csv;t_1934eacab8c57857____c13_1____1__t_1934eacab8c57857____c15_1____0_fair.csv;t_1934eacab8c57857____c13_1____1__t_1934eacab8c57857____c12_0____1_fair.csv;t_1934eacab8c57857____c13_1____1__t_1934eacab8c57857____c11_0____4_fair.csv;t_1934eacab8c57857____c13_1____1__t_1934eacab8c57857____c10_1____3_fair.csv;t_1934eacab8c57857____c13_1____1.csv;t_1934eacab8c57857____c16_1____0__t_1934eacab8c57857____c4_0____4_fair.csv;t_1934eacab8c57857____c16_1____0__t_1934eacab8c57857____c2_1____0_fair.csv;t_1934eacab8c57857____c16_1____0__t_1934eacab8c57857____c19_0____4_fair.csv,{}
tusSmall3,starmie,t_1934eacab8c57857____c11_1____1_fair.csv,20,553,88,20,False,0.0443,0.45,0.0162748643761302,0.03616636528028933,197.63759011030197,197.63759011030197,t_1934eacab8c57857____c13_1____1__t_1934eacab8c57857____c4_0____4_fair.csv;t_1934eacab8c57857____c13_1____1__t_1934eacab8c57857____c15_1____3_fair.csv;t_1934eacab8c57857____c13_1____1__t_1934eacab8c57857____c15_1____0_fair.csv;t_1934eacab8c57857____c13_1____1__t_1934eacab8c57857____c12_0____1_fair.csv;t_1934eacab8c57857____c13_1____1__t_1934eacab8c57857____c11_0____4_fair.csv;t_1934eacab8c57857____c13_1____1__t_1934eacab8c57857____c10_1____3_fair.csv;t_1934eacab8c57857____c13_1____1.csv;t_1934eacab8c57857____c16_1____0__t_1934eacab8c57857____c4_0____4_fair.csv;t_1934eacab8c57857____c16_1____0__t_1934eacab8c57857____c2_1____0_fair.csv;t_1934eacab8c57857____c16_1____0__t_1934eacab8c57857____c19_0____4_fair.csv;t_1934eacab8c57857____c16_1____0__t_1934eacab8c57857____c15_1____3_fair.csv;t_1934eacab8c57857____c16_1____0__t_1934eacab8c57857____c15_1____0_fair.csv;t_1934eacab8c57857____c16_1____0__t_1934eacab8c57857____c12_0____1_fair.csv;t_1934eacab8c57857____c16_1____0__t_1934eacab8c57857____c11_1____1_fair.csv;t_1934eacab8c57857____c16_1____0__t_1934eacab8c57857____c11_0____4_fair.csv;t_1934eacab8c57857____c16_1____0.csv;t_1934eacab8c57857____c13_0____1__t_1934eacab8c57857____c4_0____4_fair.csv;t_1934eacab8c57857____c13_0____1__t_1934eacab8c57857____c2_1____0_fair.csv;t_1934eacab8c57857____c13_0____1__t_1934eacab8c57857____c15_1____3_fair.csv;t_1934eacab8c57857____c13_0____1__t_1934eacab8c57857____c15_1____0_fair.csv,{}
tusSmall3,starmie,t_28dc8f7610402ea7____c4_1____4_fair.csv,5,195,201,5,False,0.1534,1.0,0.02564102564102564,0.02564102564102564,19.227416574954987,19.227416574954987,t_28dc8f7610402ea7____c4_1____2__t_28dc8f7610402ea7____c9_0____3_fair.csv;t_28dc8f7610402ea7____c4_1____2__t_28dc8f7610402ea7____c7_1____2_fair.csv;t_28dc8f7610402ea7____c4_1____2__t_28dc8f7610402ea7____c4_1____4_fair.csv;t_28dc8f7610402ea7____c4_1____2__t_28dc8f7610402ea7____c1_1____0_fair.csv;t_28dc8f7610402ea7____c4_1____3__t_28dc8f7610402ea7____c9_0____3_fair.csv,{}
tusSmall3,starmie,t_28dc8f7610402ea7____c4_1____4_fair.csv,10,195,201,10,False,0.141,1.0,0.05128205128205128,0.05128205128205128,38.392963230609894,38.392963230609894,t_28dc8f7610402ea7____c4_1____2__t_28dc8f7610402ea7____c9_0____3_fair.csv;t_28dc8f7610402ea7____c4_1____2__t_28dc8f7610402ea7____c7_1____2_fair.csv;t_28dc8f7610402ea7____c4_1____2__t_28dc8f7610402ea7____c4_1____4_fair.csv;t_28dc8f7610402ea7____c4_1____2__t_28dc8f7610402ea7____c1_1____0_fair.csv;t_28dc8f7610402ea7____c4_1____3__t_28dc8f7610402ea7____c9_0____3_fair.csv;t_28dc8f7610402ea7____c4_1____3__t_28dc8f7610402ea7____c7_1____2_fair.csv;t_28dc8f7610402ea7____c4_1____3__t_28dc8f7610402ea7____c4_1____4_fair.csv;t_28dc8f7610402ea7____c4_1____3__t_28dc8f7610402ea7____c1_1____0_fair.csv;t_28dc8f7610402ea7____c4_1____2.csv;t_28dc8f7610402ea7____c4_1____3.csv,{}
tusSmall3,starmie,t_28dc8f7610402ea7____c4_1____4_fair.csv,20,195,201,20,False,0.1202,1.0,0.10256410256410256,0.10256410256410256,75.21992933750153,75.21992933750153,t_28dc8f7610402ea7____c4_1____2__t_28dc8f7610402ea7____c9_0____3_fair.csv;t_28dc8f7610402ea7____c4_1____2__t_28dc8f7610402ea7____c7_1____2_fair.csv;t_28dc8f7610402ea7____c4_1____2__t_28dc8f7610402ea7____c4_1____4_fair.csv;t_28dc8f7610402ea7____c4_1____2__t_28dc8f7610402ea7____c1_1____0_fair.csv;t_28dc8f7610402ea7____c4_1____3__t_28dc8f7610402ea7____c9_0____3_fair.csv;t_28dc8f7610402ea7____c4_1____3__t_28dc8f7610402ea7____c7_1____2_fair.csv;t_28dc8f7610402ea7____c4_1____3__t_28dc8f7610402ea7____c4_1____4_fair.csv;t_28dc8f7610402ea7____c4_1____3__t_28dc8f7610402ea7____c1_1____0_fair.csv;t_28dc8f7610402ea7____c4_1____2.csv;t_28dc8f7610402ea7____c4_1____3.csv;t_28dc8f7610402ea7____c4_1____0__t_28dc8f7610402ea7____c9_0____3_fair.csv;t_28dc8f7610402ea7____c4_1____0__t_28dc8f7610402ea7____c7_1____2_fair.csv;t_28dc8f7610402ea7____c4_1____0__t_28dc8f7610402ea7____c4_1____4_fair.csv;t_28dc8f7610402ea7____c4_1____0__t_28dc8f7610402ea7____c1_1____0_fair.csv;t_28dc8f7610402ea7____c4_1____0.csv;t_28dc8f7610402ea7____c5_0____4__t_28dc8f7610402ea7____c7_1____2_fair.csv;t_28dc8f7610402ea7____c5_0____4__t_28dc8f7610402ea7____c4_1____4_fair.csv;t_28dc8f7610402ea7____c5_0____4__t_28dc8f7610402ea7____c1_1____0_fair.csv;t_28dc8f7610402ea7____c4_1____1__t_28dc8f7610402ea7____c9_0____3_fair.csv;t_28dc8f7610402ea7____c4_1____1__t_28dc8f7610402ea7____c7_1____2_fair.csv,{}
tusSmall3,starmie,t_28dc8f7610402ea7____c7_1____2_fair.csv,5,182,152,5,True,0.3342,1.0,0.027472527472527472,0.027472527472527472,33.77331900596619,33.77331900596619,t_28dc8f7610402ea7____c8_0____2__t_28dc8f7610402ea7____c9_0____3_fair.csv;t_28dc8f7610402ea7____c8_0____2__t_28dc8f7610402ea7____c7_1____2_fair.csv;t_28dc8f7610402ea7____c8_0____2__t_28dc8f7610402ea7____c4_1____4_fair.csv;t_28dc8f7610402ea7____c8_0____2__t_28dc8f7610402ea7____c1_1____0_fair.csv;t_28dc8f7610402ea7____c8_0____2.csv,{}
tusSmall3,starmie,t_28dc8f7610402ea7____c7_1____2_fair.csv,10,182,152,10,True,0.3215,1.0,0.054945054945054944,0.054945054945054944,67.30305421352386,67.30305421352386,t_28dc8f7610402ea7____c8_0____2__t_28dc8f7610402ea7____c9_0____3_fair.csv;t_28dc8f7610402ea7____c8_0____2__t_28dc8f7610402ea7____c7_1____2_fair.csv;t_28dc8f7610402ea7____c8_0____2__t_28dc8f7610402ea7____c4_1____4_fair.csv;t_28dc8f7610402ea7____c8_0____2__t_28dc8f7610402ea7____c1_1____0_fair.csv;t_28dc8f7610402ea7____c8_0____2.csv;t_28dc8f7610402ea7____c7_1____3__t_28dc8f7610402ea7____c9_0____3_fair.csv;t_28dc8f7610402ea7____c7_1____3__t_28dc8f7610402ea7____c7_1____2_fair.csv;t_28dc8f7610402ea7____c7_1____3__t_28dc8f7610402ea7____c4_1____4_fair.csv;t_28dc8f7610402ea7____c7_1____3__t_28dc8f7610402ea7____c1_1____0_fair.csv;t_28dc8f7610402ea7____c7_1____3.csv,{}
tusSmall3,starmie,t_28dc8f7610402ea7____c7_1____2_fair.csv,20,182,152,20,True,0.3308,1.0,0.10989010989010989,0.10989010989010989,133.5273762345314,133.5273762345314,t_28dc8f7610402ea7____c8_0____2__t_28dc8f7610402ea7____c9_0____3_fair.csv;t_28dc8f7610402ea7____c8_0____2__t_28dc8f7610402ea7____c7_1____2_fair.csv;t_28dc8f7610402ea7____c8_0____2__t_28dc8f7610402ea7____c4_1____4_fair.csv;t_28dc8f7610402ea7____c8_0____2__t_28dc8f7610402ea7____c1_1____0_fair.csv;t_28dc8f7610402ea7____c8_0____2.csv;t_28dc8f7610402ea7____c7_1____3__t_28dc8f7610402ea7____c9_0____3_fair.csv;t_28dc8f7610402ea7____c7_1____3__t_28dc8f7610402ea7____c7_1____2_fair.csv;t_28dc8f7610402ea7____c7_1____3__t_28dc8f7610402ea7____c4_1____4_fair.csv;t_28dc8f7610402ea7____c7_1____3__t_28dc8f7610402ea7____c1_1____0_fair.csv;t_28dc8f7610402ea7____c7_1____3.csv;t_28dc8f7610402ea7____c7_1____0__t_28dc8f7610402ea7____c9_0____3_fair.csv;t_28dc8f7610402ea7____c7_1____0__t_28dc8f7610402ea7____c7_1____2_fair.csv;t_28dc8f7610402ea7____c7_1____0__t_28dc8f7610402ea7____c4_1____4_fair.csv;t_28dc8f7610402ea7____c7_1____0__t_28dc8f7610402ea7____c1_1____0_fair.csv;t_28dc8f7610402ea7____c7_1____0.csv;t_28dc8f7610402ea7____c7_1____4__t_28dc8f7610402ea7____c9_0____3_fair.csv;t_28dc8f7610402ea7____c7_1____4__t_28dc8f7610402ea7____c7_1____2_fair.csv;t_28dc8f7610402ea7____c7_1____4__t_28dc8f7610402ea7____c4_1____4_fair.csv;t_28dc8f7610402ea7____c7_1____4__t_28dc8f7610402ea7____c1_1____0_fair.csv;t_28dc8f7610402ea7____c8_0____0__t_28dc8f7610402ea7____c9_0____3_fair.csv,{}
tusSmall3,starmie,t_1934eacab8c57857____c12_0____1_fair.csv,5,641,72,5,False,0.0638,1.0,0.0078003120124804995,0.0078003120124804995,56.99460357427597,56.99460357427597,t_1934eacab8c57857____c13_1____1__t_1934eacab8c57857____c4_0____4_fair.csv;t_1934eacab8c57857____c13_1____1__t_1934eacab8c57857____c15_1____3_fair.csv;t_1934eacab8c57857____c13_1____1__t_1934eacab8c57857____c15_1____0_fair.csv;t_1934eacab8c57857____c13_1____1__t_1934eacab8c57857____c12_0____1_fair.csv;t_1934eacab8c57857____c13_1____1__t_1934eacab8c57857____c11_0____4_fair.csv,{}
tusSmall3,starmie,t_1934eacab8c57857____c12_0____1_fair.csv,10,641,72,10,False,0.0517,1.0,0.015600624024960999,0.015600624024960999,113.05541998147964,113.05541998147964,t_1934eacab8c57857____c13_1____1__t_1934eacab8c57857____c4_0____4_fair.csv;t_1934eacab8c57857____c13_1____1__t_1934eacab8c57857____c15_1____3_fair.csv;t_1934eacab8c57857____c13_1____1__t_1934eacab8c57857____c15_1____0_fair.csv;t_1934eacab8c57857____c13_1____1__t_1934eacab8c57857____c12_0____1_fair.csv;t_1934eacab8c57857____c13_1____1__t_1934eacab8c57857____c11_0____4_fair.csv;t_1934eacab8c57857____c13_1____1__t_1934eacab8c57857____c10_1____3_fair.csv;t_1934eacab8c57857____c13_1____1.csv;t_1934eacab8c57857____c14_1____1.csv;t_1934eacab8c57857____c14_0____1__t_1934eacab8c57857____c4_0____4_fair.csv;t_1934eacab8c57857____c14_0____1__t_1934eacab8c57857____c19_0____4_fair.csv,{}
tusSmall3,starmie,t_1934eacab8c57857____c12_0____1_fair.csv,20,641,72,20,False,0.0626,1.0,0.031201248049921998,0.031201248049921998,223.23556220531464,223.23556220531464,t_1934eacab8c57857____c13_1____1__t_1934eacab8c57857____c4_0____4_fair.csv;t_1934eacab8c57857____c13_1____1__t_1934eacab8c57857____c15_1____3_fair.csv;t_1934eacab8c57857____c13_1____1__t_1934eacab8c57857____c15_1____0_fair.csv;t_1934eacab8c57857____c13_1____1__t_1934eacab8c57857____c12_0____1_fair.csv;t_1934eacab8c57857____c13_1____1__t_1934eacab8c57857____c11_0____4_fair.csv;t_1934eacab8c57857____c13_1____1__t_1934eacab8c57857____c10_1____3_fair.csv;t_1934eacab8c57857____c13_1____1.csv;t_1934eacab8c57857____c14_1____1.csv;t_1934eacab8c57857____c14_0____1__t_1934eacab8c57857____c4_0____4_fair.csv;t_1934eacab8c57857____c14_0____1__t_1934eacab8c57857____c19_0____4_fair.csv;t_1934eacab8c57857____c14_0____1__t_1934eacab8c57857____c15_1____3_fair.csv;t_1934eacab8c57857____c14_0____1__t_1934eacab8c57857____c12_0____1_fair.csv;t_1934eacab8c57857____c14_0____1__t_1934eacab8c57857____c11_1____1_fair.csv;t_1934eacab8c57857____c14_0____1__t_1934eacab8c57857____c11_0____4_fair.csv;t_1934eacab8c57857____c14_0____1__t_1934eacab8c57857____c10_1____3_fair.csv;t_1934eacab8c57857____c18_1____1__t_1934eacab8c57857____c4_0____4_fair.csv;t_1934eacab8c57857____c18_1____1__t_1934eacab8c57857____c2_1____0_fair.csv;t_1934eacab8c57857____c18_1____1__t_1934eacab8c57857____c19_0____4_fair.csv;t_1934eacab8c57857____c18_1____1__t_1934eacab8c57857____c15_1____3_fair.csv;t_1934eacab8c57857____c18_1____1__t_1934eacab8c57857____c15_1____0_fair.csv,{}
tusSmall3,starmie,t_28dc8f7610402ea7____c9_0____3_fair.csv,5,155,137,5,False,0.1562,1.0,0.03225806451612903,0.03225806451612903,42.40251851081848,42.40251851081848,t_28dc8f7610402ea7____c9_0____0.csv;t_28dc8f7610402ea7____c9_0____0__t_28dc8f7610402ea7____c9_0____3_fair.csv;t_28dc8f7610402ea7____c9_0____0__t_28dc8f7610402ea7____c7_1____2_fair.csv;t_28dc8f7610402ea7____c9_0____0__t_28dc8f7610402ea7____c4_1____4_fair.csv;t_28dc8f7610402ea7____c9_0____0__t_28dc8f7610402ea7____c1_1____0_fair.csv,{}
tusSmall3,starmie,t_28dc8f7610402ea7____c9_0____3_fair.csv,10,155,137,10,False,0.1263,1.0,0.06451612903225806,0.06451612903225806,84.35253685712814,84.35253685712814,t_28dc8f7610402ea7____c9_0____0.csv;t_28dc8f7610402ea7____c9_0____0__t_28dc8f7610402ea7____c9_0____3_fair.csv;t_28dc8f7610402ea7____c9_0____0__t_28dc8f7610402ea7____c7_1____2_fair.csv;t_28dc8f7610402ea7____c9_0____0__t_28dc8f7610402ea7____c4_1____4_fair.csv;t_28dc8f7610402ea7____c9_0____0__t_28dc8f7610402ea7____c1_1____0_fair.csv;t_28dc8f7610402ea7____c9_0____2.csv;t_28dc8f7610402ea7____c9_0____2__t_28dc8f7610402ea7____c9_0____3_fair.csv;t_28dc8f7610402ea7____c9_0____2__t_28dc8f7610402ea7____c7_1____2_fair.csv;t_28dc8f7610402ea7____c9_0____2__t_28dc8f7610402ea7____c4_1____4_fair.csv;t_28dc8f7610402ea7____c9_0____2__t_28dc8f7610402ea7____c1_1____0_fair.csv,{}
tusSmall3,starmie,t_28dc8f7610402ea7____c9_0____3_fair.csv,20,155,137,20,False,0.111,1.0,0.12903225806451613,0.12903225806451613,165.8539633154869,165.8539633154869,t_28dc8f7610402ea7____c9_0____0.csv;t_28dc8f7610402ea7____c9_0____0__t_28dc8f7610402ea7____c9_0____3_fair.csv;t_28dc8f7610402ea7____c9_0____0__t_28dc8f7610402ea7____c7_1____2_fair.csv;t_28dc8f7610402ea7____c9_0____0__t_28dc8f7610402ea7____c4_1____4_fair.csv;t_28dc8f7610402ea7____c9_0____0__t_28dc8f7610402ea7____c1_1____0_fair.csv;t_28dc8f7610402ea7____c9_0____2.csv;t_28dc8f7610402ea7____c9_0____2__t_28dc8f7610402ea7____c9_0____3_fair.csv;t_28dc8f7610402ea7____c9_0____2__t_28dc8f7610402ea7____c7_1____2_fair.csv;t_28dc8f7610402ea7____c9_0____2__t_28dc8f7610402ea7____c4_1____4_fair.csv;t_28dc8f7610402ea7____c9_0____2__t_28dc8f7610402ea7____c1_1____0_fair.csv;t_28dc8f7610402ea7____c9_0____4.csv;t_28dc8f7610402ea7____c9_0____4__t_28dc8f7610402ea7____c9_0____3_fair.csv;t_28dc8f7610402ea7____c9_0____4__t_28dc8f7610402ea7____c7_1____2_fair.csv;t_28dc8f7610402ea7____c9_0____4__t_28dc8f7610402ea7____c4_1____4_fair.csv;t_28dc8f7610402ea7____c9_0____4__t_28dc8f7610402ea7____c1_1____0_fair.csv;t_28dc8f7610402ea7____c9_0____1.csv;t_28dc8f7610402ea7____c9_0____1__t_28dc8f7610402ea7____c9_0____3_fair.csv;t_28dc8f7610402ea7____c9_0____1__t_28dc8f7610402ea7____c7_1____2_fair.csv;t_28dc8f7610402ea7____c9_0____1__t_28dc8f7610402ea7____c4_1____4_fair.csv;t_28dc8f7610402ea7____c9_0____1__t_28dc8f7610402ea7____c1_1____0_fair.csv,{}
tusSmall3,starmie,t_1934eacab8c57857____c15_1____0_fair.csv,5,729,73,5,False,0.0776,1.0,0.006858710562414266,0.006858710562414266,70.20772755146027,70.20772755146027,t_1934eacab8c57857____c15_0____0__t_1934eacab8c57857____c4_0____4_fair.csv;t_1934eacab8c57857____c15_0____0__t_1934eacab8c57857____c2_1____0_fair.csv;t_1934eacab8c57857____c15_0____0__t_1934eacab8c57857____c19_0____4_fair.csv;t_1934eacab8c57857____c15_0____0__t_1934eacab8c57857____c15_1____3_fair.csv;t_1934eacab8c57857____c15_0____0__t_1934eacab8c57857____c15_1____0_fair.csv,{}
tusSmall3,starmie,t_1934eacab8c57857____c15_1____0_fair.csv,10,729,73,10,False,0.0424,1.0,0.013717421124828532,0.013717421124828532,140.3659846186638,140.3659846186638,t_1934eacab8c57857____c15_0____0__t_1934eacab8c57857____c4_0____4_fair.csv;t_1934eacab8c57857____c15_0____0__t_1934eacab8c57857____c2_1____0_fair.csv;t_1934eacab8c57857____c15_0____0__t_1934eacab8c57857____c19_0____4_fair.csv;t_1934eacab8c57857____c15_0____0__t_1934eacab8c57857____c15_1____3_fair.csv;t_1934eacab8c57857____c15_0____0__t_1934eacab8c57857____c15_1____0_fair.csv;t_1934eacab8c57857____c15_0____0__t_1934eacab8c57857____c12_0____1_fair.csv;t_1934eacab8c57857____c15_0____0__t_1934eacab8c57857____c11_1____1_fair.csv;t_1934eacab8c57857____c15_0____0__t_1934eacab8c57857____c11_0____4_fair.csv;t_1934eacab8c57857____c15_0____0__t_1934eacab8c57857____c10_1____3_fair.csv;t_1934eacab8c57857____c15_0____0.csv,{}
tusSmall3,starmie,t_1934eacab8c57857____c15_1____0_fair.csv,20,729,73,20,False,0.0228,0.55,0.015089163237311385,0.027434842249657063,278.3409875035286,278.3409875035286,t_1934eacab8c57857____c15_0____0__t_1934eacab8c57857____c4_0____4_fair.csv;t_1934eacab8c57857____c15_0____0__t_1934eacab8c57857____c2_1____0_fair.csv;t_1934eacab8c57857____c15_0____0__t_1934eacab8c57857____c19_0____4_fair.csv;t_1934eacab8c57857____c15_0____0__t_1934eacab8c57857____c15_1____3_fair.csv;t_1934eacab8c57857____c15_0____0__t_1934eacab8c57857____c15_1____0_fair.csv;t_1934eacab8c57857____c15_0____0__t_1934eacab8c57857____c12_0____1_fair.csv;t_1934eacab8c57857____c15_0____0__t_1934eacab8c57857____c11_1____1_fair.csv;t_1934eacab8c57857____c15_0____0__t_1934eacab8c57857____c11_0____4_fair.csv;t_1934eacab8c57857____c15_0____0__t_1934eacab8c57857____c10_1____3_fair.csv;t_1934eacab8c57857____c15_0____0.csv;t_1934eacab8c57857____c18_1____1.csv;t_1934eacab8c57857____c17_1____0__t_1934eacab8c57857____c4_0____4_fair.csv;t_1934eacab8c57857____c17_1____0__t_1934eacab8c57857____c2_1____0_fair.csv;t_1934eacab8c57857____c17_1____0__t_1934eacab8c57857____c19_0____4_fair.csv;t_1934eacab8c57857____c17_1____0__t_1934eacab8c57857____c15_1____3_fair.csv;t_1934eacab8c57857____c17_1____0__t_1934eacab8c57857____c12_0____1_fair.csv;t_1934eacab8c57857____c17_1____0__t_1934eacab8c57857____c11_1____1_fair.csv;t_1934eacab8c57857____c17_1____0__t_1934eacab8c57857____c11_0____4_fair.csv;t_1934eacab8c57857____c17_1____0__t_1934eacab8c57857____c10_1____3_fair.csv;t_1934eacab8c57857____c17_1____0.csv,{}
tusSmall3,starmie,t_1934eacab8c57857____c15_1____3_fair.csv,5,789,79,5,False,0.1496,1.0,0.0063371356147021544,0.0063371356147021544,68.38141530752182,68.38141530752182,t_1934eacab8c57857____c18_0____0__t_1934eacab8c57857____c4_0____4_fair.csv;t_1934eacab8c57857____c18_0____0__t_1934eacab8c57857____c2_1____0_fair.csv;t_1934eacab8c57857____c18_0____0__t_1934eacab8c57857____c19_0____4_fair.csv;t_1934eacab8c57857____c18_0____0__t_1934eacab8c57857____c15_1____3_fair.csv;t_1934eacab8c57857____c18_0____0__t_1934eacab8c57857____c15_1____0_fair.csv,{}
tusSmall3,starmie,t_1934eacab8c57857____c15_1____3_fair.csv,10,789,79,10,False,0.0808,1.0,0.012674271229404309,0.012674271229404309,136.74166667461395,136.74166667461395,t_1934eacab8c57857____c18_0____0__t_1934eacab8c57857____c4_0____4_fair.csv;t_1934eacab8c57857____c18_0____0__t_1934eacab8c57857____c2_1____0_fair.csv;t_1934eacab8c57857____c18_0____0__t_1934eacab8c57857____c19_0____4_fair.csv;t_1934eacab8c57857____c18_0____0__t_1934eacab8c57857____c15_1____3_fair.csv;t_1934eacab8c57857____c18_0____0__t_1934eacab8c57857____c15_1____0_fair.csv;t_1934eacab8c57857____c18_0____0__t_1934eacab8c57857____c11_1____1_fair.csv;t_1934eacab8c57857____c18_0____0__t_1934eacab8c57857____c11_0____4_fair.csv;t_1934eacab8c57857____c18_0____0__t_1934eacab8c57857____c10_1____3_fair.csv;t_1934eacab8c57857____c18_0____0.csv;t_1934eacab8c57857____c17_1____0__t_1934eacab8c57857____c4_0____4_fair.csv,{}
tusSmall3,starmie,t_1934eacab8c57857____c15_1____3_fair.csv,20,789,79,20,False,0.0651,1.0,0.025348542458808618,0.025348542458808618,273.12579798698425,273.12579798698425,t_1934eacab8c57857____c18_0____0__t_1934eacab8c57857____c4_0____4_fair.csv;t_1934eacab8c57857____c18_0____0__t_1934eacab8c57857____c2_1____0_fair.csv;t_1934eacab8c57857____c18_0____0__t_1934eacab8c57857____c19_0____4_fair.csv;t_1934eacab8c57857____c18_0____0__t_1934eacab8c57857____c15_1____3_fair.csv;t_1934eacab8c57857____c18_0____0__t_1934eacab8c57857____c15_1____0_fair.csv;t_1934eacab8c57857____c18_0____0__t_1934eacab8c57857____c11_1____1_fair.csv;t_1934eacab8c57857____c18_0____0__t_1934eacab8c57857____c11_0____4_fair.csv;t_1934eacab8c57857____c18_0____0__t_1934eacab8c57857____c10_1____3_fair.csv;t_1934eacab8c57857____c18_0____0.csv;t_1934eacab8c57857____c17_1____0__t_1934eacab8c57857____c4_0____4_fair.csv;t_1934eacab8c57857____c17_1____0__t_1934eacab8c57857____c2_1____0_fair.csv;t_1934eacab8c57857____c17_1____0__t_1934eacab8c57857____c19_0____4_fair.csv;t_1934eacab8c57857____c17_1____0__t_1934eacab8c57857____c15_1____3_fair.csv;t_1934eacab8c57857____c17_1____0__t_1934eacab8c57857____c12_0____1_fair.csv;t_1934eacab8c57857____c17_1____0__t_1934eacab8c57857____c11_1____1_fair.csv;t_1934eacab8c57857____c17_1____0__t_1934eacab8c57857____c11_0____4_fair.csv;t_1934eacab8c57857____c17_1____0__t_1934eacab8c57857____c10_1____3_fair.csv;t_1934eacab8c57857____c17_1____0.csv;t_1934eacab8c57857____c17_1____1__t_1934eacab8c57857____c4_0____4_fair.csv;t_1934eacab8c57857____c17_1____1__t_1934eacab8c57857____c2_1____0_fair.csv,{}
tusSmall3,starmie,t_356fc1eaad97f93b____c15_1____2_fair.csv,5,1146,82,5,False,0.1684,1.0,0.004363001745200698,0.004363001745200698,72.80848294496536,72.80848294496536,t_356fc1eaad97f93b____c16_0____2__t_356fc1eaad97f93b____c9_0____4_fair.csv;t_356fc1eaad97f93b____c16_0____2__t_356fc1eaad97f93b____c22_1____2_fair.csv;t_356fc1eaad97f93b____c16_0____2__t_356fc1eaad97f93b____c22_1____1_fair.csv;t_356fc1eaad97f93b____c16_0____2__t_356fc1eaad97f93b____c21_1____2_fair.csv;t_356fc1eaad97f93b____c16_0____2__t_356fc1eaad97f93b____c20_1____3_fair.csv,{}
tusSmall3,starmie,t_356fc1eaad97f93b____c15_1____2_fair.csv,10,1146,82,10,False,0.1262,1.0,0.008726003490401396,0.008726003490401396,145.6086842417717,145.6086842417717,t_356fc1eaad97f93b____c16_0____2__t_356fc1eaad97f93b____c9_0____4_fair.csv;t_356fc1eaad97f93b____c16_0____2__t_356fc1eaad97f93b____c22_1____2_fair.csv;t_356fc1eaad97f93b____c16_0____2__t_356fc1eaad97f93b____c22_1____1_fair.csv;t_356fc1eaad97f93b____c16_0____2__t_356fc1eaad97f93b____c21_1____2_fair.csv;t_356fc1eaad97f93b____c16_0____2__t_356fc1eaad97f93b____c20_1____3_fair.csv;t_356fc1eaad97f93b____c16_0____2__t_356fc1eaad97f93b____c19_1____1_fair.csv;t_356fc1eaad97f93b____c16_0____2__t_356fc1eaad97f93b____c19_0____0_fair.csv;t_356fc1eaad97f93b____c16_0____2__t_356fc1eaad97f93b____c18_0____0_fair.csv;t_356fc1eaad97f93b____c16_0____2__t_356fc1eaad97f93b____c15_1____2_fair.csv;t_356fc1eaad97f93b____c16_0____2.csv,{}
tusSmall3,starmie,t_356fc1eaad97f93b____c15_1____2_fair.csv,20,1146,82,20,False,0.075,0.8,0.013961605584642234,0.017452006980802792,282.2491464614868,282.2491464614868,t_356fc1eaad97f93b____c16_0____2__t_356fc1eaad97f93b____c9_0____4_fair.csv;t_356fc1eaad97f93b____c16_0____2__t_356fc1eaad97f93b____c22_1____2_fair.csv;t_356fc1eaad97f93b____c16_0____2__t_356fc1eaad97f93b____c22_1____1_fair.csv;t_356fc1eaad97f93b____c16_0____2__t_356fc1eaad97f93b____c21_1____2_fair.csv;t_356fc1eaad97f93b____c16_0____2__t_356fc1eaad97f93b____c20_1____3_fair.csv;t_356fc1eaad97f93b____c16_0____2__t_356fc1eaad97f93b____c19_1____1_fair.csv;t_356fc1eaad97f93b____c16_0____2__t_356fc1eaad97f93b____c19_0____0_fair.csv;t_356fc1eaad97f93b____c16_0____2__t_356fc1eaad97f93b____c18_0____0_fair.csv;t_356fc1eaad97f93b____c16_0____2__t_356fc1eaad97f93b____c15_1____2_fair.csv;t_356fc1eaad97f93b____c16_0____2.csv;t_356fc1eaad97f93b____c15_0____2__t_356fc1eaad97f93b____c7_0____4_fair.csv;t_356fc1eaad97f93b____c15_0____2.csv;t_356fc1eaad97f93b____c16_0____2__t_356fc1eaad97f93b____c6_1____2_fair.csv;t_356fc1eaad97f93b____c15_0____2__t_356fc1eaad97f93b____c9_0____4_fair.csv;t_356fc1eaad97f93b____c15_0____2__t_356fc1eaad97f93b____c19_0____0_fair.csv;t_356fc1eaad97f93b____c14_1____2.csv;t_356fc1eaad97f93b____c14_1____2__t_356fc1eaad97f93b____c22_1____2_fair.csv;t_356fc1eaad97f93b____c14_1____2__t_356fc1eaad97f93b____c22_1____1_fair.csv;t_356fc1eaad97f93b____c14_1____2__t_356fc1eaad97f93b____c21_1____2_fair.csv;t_356fc1eaad97f93b____c14_1____2__t_356fc1eaad97f93b____c20_1____3_fair.csv,{}
tusSmall3,starmie,t_1934eacab8c57857____c19_0____4_fair.csv,5,607,68,5,False,0.0821,1.0,0.008237232289950576,0.008237232289950576,84.87437546253204,84.87437546253204,t_1934eacab8c57857____c18_0____4.csv;t_1934eacab8c57857____c18_0____4__t_1934eacab8c57857____c4_0____4_fair.csv;t_1934eacab8c57857____c18_0____4__t_1934eacab8c57857____c15_1____3_fair.csv;t_1934eacab8c57857____c18_0____4__t_1934eacab8c57857____c11_1____1_fair.csv;t_1934eacab8c57857____c18_0____4__t_1934eacab8c57857____c11_0____4_fair.csv,{}
tusSmall3,starmie,t_1934eacab8c57857____c19_0____4_fair.csv,10,607,68,10,False,0.0469,1.0,0.016474464579901153,0.016474464579901153,167.18963408470154,167.18963408470154,t_1934eacab8c57857____c18_0____4.csv;t_1934eacab8c57857____c18_0____4__t_1934eacab8c57857____c4_0____4_fair.csv;t_1934eacab8c57857____c18_0____4__t_1934eacab8c57857____c15_1____3_fair.csv;t_1934eacab8c57857____c18_0____4__t_1934eacab8c57857____c11_1____1_fair.csv;t_1934eacab8c57857____c18_0____4__t_1934eacab8c57857____c11_0____4_fair.csv;t_1934eacab8c57857____c18_0____4__t_1934eacab8c57857____c10_1____3_fair.csv;t_1934eacab8c57857____c17_1____4.csv;t_1934eacab8c57857____c17_1____4__t_1934eacab8c57857____c4_0____4_fair.csv;t_1934eacab8c57857____c17_1____4__t_1934eacab8c57857____c2_1____0_fair.csv;t_1934eacab8c57857____c17_1____4__t_1934eacab8c57857____c19_0____4_fair.csv,{}
tusSmall3,starmie,t_1934eacab8c57857____c19_0____4_fair.csv,20,607,68,20,False,0.0519,1.0,0.032948929159802305,0.032948929159802305,330.3637992143631,330.3637992143631,t_1934eacab8c57857____c18_0____4.csv;t_1934eacab8c57857____c18_0____4__t_1934eacab8c57857____c4_0____4_fair.csv;t_1934eacab8c57857____c18_0____4__t_1934eacab8c57857____c15_1____3_fair.csv;t_1934eacab8c57857____c18_0____4__t_1934eacab8c57857____c11_1____1_fair.csv;t_1934eacab8c57857____c18_0____4__t_1934eacab8c57857____c11_0____4_fair.csv;t_1934eacab8c57857____c18_0____4__t_1934eacab8c57857____c10_1____3_fair.csv;t_1934eacab8c57857____c17_1____4.csv;t_1934eacab8c57857____c17_1____4__t_1934eacab8c57857____c4_0____4_fair.csv;t_1934eacab8c57857____c17_1____4__t_1934eacab8c57857____c2_1____0_fair.csv;t_1934eacab8c57857____c17_1____4__t_1934eacab8c57857____c19_0____4_fair.csv;t_1934eacab8c57857____c17_1____4__t_1934eacab8c57857____c15_1____3_fair.csv;t_1934eacab8c57857____c17_1____4__t_1934eacab8c57857____c12_0____1_fair.csv;t_1934eacab8c57857____c17_1____4__t_1934eacab8c57857____c11_1____1_fair.csv;t_1934eacab8c57857____c17_1____4__t_1934eacab8c57857____c11_0____4_fair.csv;t_1934eacab8c57857____c17_1____4__t_1934eacab8c57857____c10_1____3_fair.csv;t_1934eacab8c57857____c18_1____4.csv;t_1934eacab8c57857____c18_1____4__t_1934eacab8c57857____c4_0____4_fair.csv;t_1934eacab8c57857____c18_1____4__t_1934eacab8c57857____c2_1____0_fair.csv;t_1934eacab8c57857____c18_1____4__t_1934eacab8c57857____c19_0____4_fair.csv;t_1934eacab8c57857____c18_1____4__t_1934eacab8c57857____c15_1____3_fair.csv,{}
tusSmall3,starmie,t_356fc1eaad97f93b____c6_1____2_fair.csv,5,1146,169,5,False,0.2849,0.8,0.0034904013961605585,0.004363001745200698,29.34781712293625,29.34781712293625,t_356fc1eaad97f93b____c6_1____4__t_356fc1eaad97f93b____c6_1____2_fair.csv;t_356fc1eaad97f93b____c6_1____1__t_356fc1eaad97f93b____c6_1____2_fair.csv;t_356fc1eaad97f93b____c6_1____3__t_356fc1eaad97f93b____c6_1____2_fair.csv;t_356fc1eaad97f93b____c7_0____3__t_356fc1eaad97f93b____c7_0____4_fair.csv;t_356fc1eaad97f93b____c6_1____4__t_356fc1eaad97f93b____c20_1____3_fair.csv,{}
tusSmall3,starmie,t_356fc1eaad97f93b____c6_1____2_fair.csv,10,1146,169,10,False,0.1615,0.7,0.006108202443280977,0.008726003490401396,58.0972974896431,58.0972974896431,t_356fc1eaad97f93b____c6_1____4__t_356fc1eaad97f93b____c6_1____2_fair.csv;t_356fc1eaad97f93b____c6_1____1__t_356fc1eaad97f93b____c6_1____2_fair.csv;t_356fc1eaad97f93b____c6_1____3__t_356fc1eaad97f93b____c6_1____2_fair.csv;t_356fc1eaad97f93b____c7_0____3__t_356fc1eaad97f93b____c7_0____4_fair.csv;t_356fc1eaad97f93b____c6_1____4__t_356fc1eaad97f93b____c20_1____3_fair.csv;t_356fc1eaad97f93b____c6_1____4__t_356fc1eaad97f93b____c15_1____2_fair.csv;t_356fc1eaad97f93b____c7_0____1__t_356fc1eaad97f93b____c7_0____4_fair.csv;t_356fc1eaad97f93b____c7_0____2__t_356fc1eaad97f93b____c7_0____4_fair.csv;t_356fc1eaad97f93b____c6_1____3__t_356fc1eaad97f93b____c20_1____3_fair.csv;t_356fc1eaad97f93b____c6_1____3__t_356fc1eaad97f93b____c15_1____2_fair.csv,{}
tusSmall3,starmie,t_356fc1eaad97f93b____c6_1____2_fair.csv,20,1146,169,20,False,0.1022,0.55,0.009598603839441536,0.017452006980802792,113.8270497918129,113.8270497918129,t_356fc1eaad97f93b____c6_1____4__t_356fc1eaad97f93b____c6_1____2_fair.csv;t_356fc1eaad97f93b____c6_1____1__t_356fc1eaad97f93b____c6_1____2_fair.csv;t_356fc1eaad97f93b____c6_1____3__t_356fc1eaad97f93b____c6_1____2_fair.csv;t_356fc1eaad97f93b____c7_0____3__t_356fc1eaad97f93b____c7_0____4_fair.csv;t_356fc1eaad97f93b____c6_1____4__t_356fc1eaad97f93b____c20_1____3_fair.csv;t_356fc1eaad97f93b____c6_1____4__t_356fc1eaad97f93b____c15_1____2_fair.csv;t_356fc1eaad97f93b____c7_0____1__t_356fc1eaad97f93b____c7_0____4_fair.csv;t_356fc1eaad97f93b____c7_0____2__t_356fc1eaad97f93b____c7_0____4_fair.csv;t_356fc1eaad97f93b____c6_1____3__t_356fc1eaad97f93b____c20_1____3_fair.csv;t_356fc1eaad97f93b____c6_1____3__t_356fc1eaad97f93b____c15_1____2_fair.csv;t_356fc1eaad97f93b____c7_0____3__t_356fc1eaad97f93b____c9_0____4_fair.csv;t_356fc1eaad97f93b____c6_1____4.csv;t_356fc1eaad97f93b____c6_1____1__t_356fc1eaad97f93b____c20_1____3_fair.csv;t_356fc1eaad97f93b____c6_1____1__t_356fc1eaad97f93b____c15_1____2_fair.csv;t_356fc1eaad97f93b____c7_0____2__t_356fc1eaad97f93b____c9_0____4_fair.csv;t_356fc1eaad97f93b____c7_0____1__t_356fc1eaad97f93b____c9_0____4_fair.csv;t_356fc1eaad97f93b____c7_0____3.csv;t_356fc1eaad97f93b____c6_1____3.csv;t_356fc1eaad97f93b____c7_0____2.csv;t_356fc1eaad97f93b____c7_0____1.csv,{}
tusSmall3,starmie,t_356fc1eaad97f93b____c19_0____0_fair.csv,5,1040,60,5,False,0.079,1.0,0.004807692307692308,0.004807692307692308,91.52292490005493,91.52292490005493,t_356fc1eaad97f93b____c20_1____0__t_356fc1eaad97f93b____c9_0____4_fair.csv;t_356fc1eaad97f93b____c20_1____0__t_356fc1eaad97f93b____c7_1____2_fair.csv;t_356fc1eaad97f93b____c20_1____0__t_356fc1eaad97f93b____c7_0____4_fair.csv;t_356fc1eaad97f93b____c20_1____0__t_356fc1eaad97f93b____c6_1____2_fair.csv;t_356fc1eaad97f93b____c20_1____0__t_356fc1eaad97f93b____c22_1____2_fair.csv,{}
tusSmall3,starmie,t_356fc1eaad97f93b____c19_0____0_fair.csv,10,1040,60,10,False,0.0426,1.0,0.009615384615384616,0.009615384615384616,183.04584980010986,183.04584980010986,t_356fc1eaad97f93b____c20_1____0__t_356fc1eaad97f93b____c9_0____4_fair.csv;t_356fc1eaad97f93b____c20_1____0__t_356fc1eaad97f93b____c7_1____2_fair.csv;t_356fc1eaad97f93b____c20_1____0__t_356fc1eaad97f93b____c7_0____4_fair.csv;t_356fc1eaad97f93b____c20_1____0__t_356fc1eaad97f93b____c6_1____2_fair.csv;t_356fc1eaad97f93b____c20_1____0__t_356fc1eaad97f93b____c22_1____2_fair.csv;t_356fc1eaad97f93b____c20_1____0__t_356fc1eaad97f93b____c22_1____1_fair.csv;t_356fc1eaad97f93b____c20_1____0__t_356fc1eaad97f93b____c21_1____2_fair.csv;t_356fc1eaad97f93b____c20_1____0__t_356fc1eaad97f93b____c20_1____3_fair.csv;t_356fc1eaad97f93b____c20_1____0__t_356fc1eaad97f93b____c19_1____1_fair.csv;t_356fc1eaad97f93b____c20_1____0__t_356fc1eaad97f93b____c19_0____0_fair.csv,{}
tusSmall3,starmie,t_356fc1eaad97f93b____c19_0____0_fair.csv,20,1040,60,20,False,0.0222,1.0,0.019230769230769232,0.019230769230769232,363.35800993442535,363.35800993442535,t_356fc1eaad97f93b____c20_1____0__t_356fc1eaad97f93b____c9_0____4_fair.csv;t_356fc1eaad97f93b____c20_1____0__t_356fc1eaad97f93b____c7_1____2_fair.csv;t_356fc1eaad97f93b____c20_1____0__t_356fc1eaad97f93b____c7_0____4_fair.csv;t_356fc1eaad97f93b____c20_1____0__t_356fc1eaad97f93b____c6_1____2_fair.csv;t_356fc1eaad97f93b____c20_1____0__t_356fc1eaad97f93b____c22_1____2_fair.csv;t_356fc1eaad97f93b____c20_1____0__t_356fc1eaad97f93b____c22_1____1_fair.csv;t_356fc1eaad97f93b____c20_1____0__t_356fc1eaad97f93b____c21_1____2_fair.csv;t_356fc1eaad97f93b____c20_1____0__t_356fc1eaad97f93b____c20_1____3_fair.csv;t_356fc1eaad97f93b____c20_1____0__t_356fc1eaad97f93b____c19_1____1_fair.csv;t_356fc1eaad97f93b____c20_1____0__t_356fc1eaad97f93b____c19_0____0_fair.csv;t_356fc1eaad97f93b____c20_1____0__t_356fc1eaad97f93b____c15_1____2_fair.csv;t_356fc1eaad97f93b____c20_1____0.csv;t_356fc1eaad97f93b____c20_0____0__t_356fc1eaad97f93b____c9_0____4_fair.csv;t_356fc1eaad97f93b____c20_0____0__t_356fc1eaad97f93b____c7_1____2_fair.csv;t_356fc1eaad97f93b____c20_0____0__t_356fc1eaad97f93b____c7_0____4_fair.csv;t_356fc1eaad97f93b____c20_0____0__t_356fc1eaad97f93b____c6_1____2_fair.csv;t_356fc1eaad97f93b____c20_0____0__t_356fc1eaad97f93b____c21_1____2_fair.csv;t_356fc1eaad97f93b____c20_0____0__t_356fc1eaad97f93b____c20_1____3_fair.csv;t_356fc1eaad97f93b____c20_0____0__t_356fc1eaad97f93b____c19_1____1_fair.csv;t_356fc1eaad97f93b____c20_0____0__t_356fc1eaad97f93b____c19_0____0_fair.csv,{}
tusSmall3,starmie,t_356fc1eaad97f93b____c18_0____0_fair.csv,5,1018,66,5,False,0.0789,1.0,0.004911591355599214,0.004911591355599214,85.9147161245346,85.9147161245346,t_356fc1eaad97f93b____c19_1____0__t_356fc1eaad97f93b____c9_0____4_fair.csv;t_356fc1eaad97f93b____c19_1____0__t_356fc1eaad97f93b____c7_1____2_fair.csv;t_356fc1eaad97f93b____c19_1____0__t_356fc1eaad97f93b____c6_1____2_fair.csv;t_356fc1eaad97f93b____c19_1____0__t_356fc1eaad97f93b____c22_1____2_fair.csv;t_356fc1eaad97f93b____c19_1____0__t_356fc1eaad97f93b____c22_1____1_fair.csv,{}
tusSmall3,starmie,t_356fc1eaad97f93b____c18_0____0_fair.csv,10,1018,66,10,False,0.0402,1.0,0.009823182711198428,0.009823182711198428,171.8294322490692,171.8294322490692,t_356fc1eaad97f93b____c19_1____0__t_356fc1eaad97f93b____c9_0____4_fair.csv;t_356fc1eaad97f93b____c19_1____0__t_356fc1eaad97f93b____c7_1____2_fair.csv;t_356fc1eaad97f93b____c19_1____0__t_356fc1eaad97f93b____c6_1____2_fair.csv;t_356fc1eaad97f93b____c19_1____0__t_356fc1eaad97f93b____c22_1____2_fair.csv;t_356fc1eaad97f93b____c19_1____0__t_356fc1eaad97f93b____c22_1____1_fair.csv;t_356fc1eaad97f93b____c19_1____0__t_356fc1eaad97f93b____c21_1____2_fair.csv;t_356fc1eaad97f93b____c19_1____0__t_356fc1eaad97f93b____c20_1____3_fair.csv;t_356fc1eaad97f93b____c19_1____0__t_356fc1eaad97f93b____c19_1____1_fair.csv;t_356fc1eaad97f93b____c19_1____0__t_356fc1eaad97f93b____c19_0____0_fair.csv;t_356fc1eaad97f93b____c19_1____0__t_356fc1eaad97f93b____c18_0____0_fair.csv,{}
tusSmall3,starmie,t_356fc1eaad97f93b____c18_0____0_fair.csv,20,1018,66,20,False,0.0237,1.0,0.019646365422396856,0.019646365422396856,338.5777568221092,338.5777568221092,t_356fc1eaad97f93b____c19_1____0__t_356fc1eaad97f93b____c9_0____4_fair.csv;t_356fc1eaad97f93b____c19_1____0__t_356fc1eaad97f93b____c7_1____2_fair.csv;t_356fc1eaad97f93b____c19_1____0__t_356fc1eaad97f93b____c6_1____2_fair.csv;t_356fc1eaad97f93b____c19_1____0__t_356fc1eaad97f93b____c22_1____2_fair.csv;t_356fc1eaad97f93b____c19_1____0__t_356fc1eaad97f93b____c22_1____1_fair.csv;t_356fc1eaad97f93b____c19_1____0__t_356fc1eaad97f93b____c21_1____2_fair.csv;t_356fc1eaad97f93b____c19_1____0__t_356fc1eaad97f93b____c20_1____3_fair.csv;t_356fc1eaad97f93b____c19_1____0__t_356fc1eaad97f93b____c19_1____1_fair.csv;t_356fc1eaad97f93b____c19_1____0__t_356fc1eaad97f93b____c19_0____0_fair.csv;t_356fc1eaad97f93b____c19_1____0__t_356fc1eaad97f93b____c18_0____0_fair.csv;t_356fc1eaad97f93b____c19_1____0__t_356fc1eaad97f93b____c15_1____2_fair.csv;t_356fc1eaad97f93b____c19_1____0.csv;t_356fc1eaad97f93b____c20_0____0__t_356fc1eaad97f93b____c9_0____4_fair.csv;t_356fc1eaad97f93b____c20_0____0__t_356fc1eaad97f93b____c7_1____2_fair.csv;t_356fc1eaad97f93b____c20_0____0__t_356fc1eaad97f93b____c7_0____4_fair.csv;t_356fc1eaad97f93b____c20_0____0__t_356fc1eaad97f93b____c6_1____2_fair.csv;t_356fc1eaad97f93b____c20_0____0__t_356fc1eaad97f93b____c21_1____2_fair.csv;t_356fc1eaad97f93b____c20_0____0__t_356fc1eaad97f93b____c20_1____3_fair.csv;t_356fc1eaad97f93b____c20_0____0__t_356fc1eaad97f93b____c19_1____1_fair.csv;t_356fc1eaad97f93b____c20_0____0__t_356fc1eaad97f93b____c19_0____0_fair.csv,{}
tusSmall3,starmie,t_356fc1eaad97f93b____c7_0____4_fair.csv,5,1051,171,5,False,0.2847,1.0,0.004757373929590866,0.004757373929590866,33.35359716415405,33.35359716415405,t_356fc1eaad97f93b____c7_0____1__t_356fc1eaad97f93b____c7_0____4_fair.csv;t_356fc1eaad97f93b____c7_0____3__t_356fc1eaad97f93b____c7_0____4_fair.csv;t_356fc1eaad97f93b____c7_0____2__t_356fc1eaad97f93b____c7_0____4_fair.csv;t_356fc1eaad97f93b____c7_0____3__t_356fc1eaad97f93b____c9_0____4_fair.csv;t_356fc1eaad97f93b____c7_0____1__t_356fc1eaad97f93b____c9_0____4_fair.csv,{}
tusSmall3,starmie,t_356fc1eaad97f93b____c7_0____4_fair.csv,10,1051,171,10,False,0.2227,1.0,0.009514747859181731,0.009514747859181731,64.44487422704697,64.44487422704697,t_356fc1eaad97f93b____c7_0____1__t_356fc1eaad97f93b____c7_0____4_fair.csv;t_356fc1eaad97f93b____c7_0____3__t_356fc1eaad97f93b____c7_0____4_fair.csv;t_356fc1eaad97f93b____c7_0____2__t_356fc1eaad97f93b____c7_0____4_fair.csv;t_356fc1eaad97f93b____c7_0____3__t_356fc1eaad97f93b____c9_0____4_fair.csv;t_356fc1eaad97f93b____c7_0____1__t_356fc1eaad97f93b____c9_0____4_fair.csv;t_356fc1eaad97f93b____c7_0____2__t_356fc1eaad97f93b____c9_0____4_fair.csv;t_356fc1eaad97f93b____c7_0____3.csv;t_356fc1eaad97f93b____c7_0____1.csv;t_356fc1eaad97f93b____c7_0____2.csv;t_356fc1eaad97f93b____c7_1____4__t_356fc1eaad97f93b____c7_0____4_fair.csv,{}
tusSmall3,starmie,t_356fc1eaad97f93b____c7_0____4_fair.csv,20,1051,171,20,False,0.179,0.8,0.015223596574690771,0.019029495718363463,121.45969867706299,121.45754754543304,t_356fc1eaad97f93b____c7_0____1__t_356fc1eaad97f93b____c7_0____4_fair.csv;t_356fc1eaad97f93b____c7_0____3__t_356fc1eaad97f93b____c7_0____4_fair.csv;t_356fc1eaad97f93b____c7_0____2__t_356fc1eaad97f93b____c7_0____4_fair.csv;t_356fc1eaad97f93b____c7_0____3__t_356fc1eaad97f93b____c9_0____4_fair.csv;t_356fc1eaad97f93b____c7_0____1__t_356fc1eaad97f93b____c9_0____4_fair.csv;t_356fc1eaad97f93b____c7_0____2__t_356fc1eaad97f93b____c9_0____4_fair.csv;t_356fc1eaad97f93b____c7_0____3.csv;t_356fc1eaad97f93b____c7_0____1.csv;t_356fc1eaad97f93b____c7_0____2.csv;t_356fc1eaad97f93b____c7_1____4__t_356fc1eaad97f93b____c7_0____4_fair.csv;t_356fc1eaad97f93b____c7_1____3__t_356fc1eaad97f93b____c7_0____4_fair.csv;t_356fc1eaad97f93b____c6_1____4__t_356fc1eaad97f93b____c6_1____2_fair.csv;t_356fc1eaad97f93b____c6_1____3__t_356fc1eaad97f93b____c6_1____2_fair.csv;t_356fc1eaad97f93b____c7_1____4__t_356fc1eaad97f93b____c7_1____2_fair.csv;t_356fc1eaad97f93b____c7_1____4__t_356fc1eaad97f93b____c18_0____0_fair.csv;t_356fc1eaad97f93b____c7_1____4.csv;t_356fc1eaad97f93b____c6_1____1__t_356fc1eaad97f93b____c6_1____2_fair.csv;t_356fc1eaad97f93b____c13_0____3__t_356fc1eaad97f93b____c6_1____2_fair.csv;t_356fc1eaad97f93b____c7_1____3__t_356fc1eaad97f93b____c7_1____2_fair.csv;t_356fc1eaad97f93b____c7_1____3__t_356fc1eaad97f93b____c18_0____0_fair.csv,{}
tusSmall3,starmie,t_356fc1eaad97f93b____c7_1____2_fair.csv,5,847,134,5,False,0.2254,1.0,0.0059031877213695395,0.0059031877213695395,34.0912624001503,34.0912624001503,t_356fc1eaad97f93b____c7_1____3__t_356fc1eaad97f93b____c7_1____2_fair.csv;t_356fc1eaad97f93b____c7_1____3__t_356fc1eaad97f93b____c18_0____0_fair.csv;t_356fc1eaad97f93b____c7_1____3.csv;t_356fc1eaad97f93b____c7_1____1__t_356fc1eaad97f93b____c7_1____2_fair.csv;t_356fc1eaad97f93b____c7_1____1__t_356fc1eaad97f93b____c18_0____0_fair.csv,{}
tusSmall3,starmie,t_356fc1eaad97f93b____c7_1____2_fair.csv,10,847,134,10,False,0.1837,0.9,0.010625737898465172,0.011806375442739079,66.869773209095,66.869773209095,t_356fc1eaad97f93b____c7_1____3__t_356fc1eaad97f93b____c7_1____2_fair.csv;t_356fc1eaad97f93b____c7_1____3__t_356fc1eaad97f93b____c18_0____0_fair.csv;t_356fc1eaad97f93b____c7_1____3.csv;t_356fc1eaad97f93b____c7_1____1__t_356fc1eaad97f93b____c7_1____2_fair.csv;t_356fc1eaad97f93b____c7_1____1__t_356fc1eaad97f93b____c18_0____0_fair.csv;t_356fc1eaad97f93b____c7_1____1.csv;t_356fc1eaad97f93b____c7_1____4__t_356fc1eaad97f93b____c7_1____2_fair.csv;t_356fc1eaad97f93b____c7_1____4__t_356fc1eaad97f93b____c18_0____0_fair.csv;t_356fc1eaad97f93b____c7_1____4.csv;t_356fc1eaad97f93b____c7_0____2.csv,{}
tusSmall3,starmie,t_356fc1eaad97f93b____c7_1____2_fair.csv,20,847,134,20,False,0.1658,0.5,0.011806375442739079,0.023612750885478158,129.78825670480728,129.78825670480728,t_356fc1eaad97f93b____c7_1____3__t_356fc1eaad97f93b____c7_1____2_fair.csv;t_356fc1eaad97f93b____c7_1____3__t_356fc1eaad97f93b____c18_0____0_fair.csv;t_356fc1eaad97f93b____c7_1____3.csv;t_356fc1eaad97f93b____c7_1____1__t_356fc1eaad97f93b____c7_1____2_fair.csv;t_356fc1eaad97f93b____c7_1____1__t_356fc1eaad97f93b____c18_0____0_fair.csv;t_356fc1eaad97f93b____c7_1____1.csv;t_356fc1eaad97f93b____c7_1____4__t_356fc1eaad97f93b____c7_1____2_fair.csv;t_356fc1eaad97f93b____c7_1____4__t_356fc1eaad97f93b____c18_0____0_fair.csv;t_356fc1eaad97f93b____c7_1____4.csv;t_356fc1eaad97f93b____c7_0____2.csv;t_356fc1eaad97f93b____c7_0____1.csv;t_356fc1eaad97f93b____c7_0____3.csv;t_356fc1eaad97f93b____c8_1____3__t_356fc1eaad97f93b____c7_1____2_fair.csv;t_356fc1eaad97f93b____c7_0____1__t_356fc1eaad97f93b____c9_0____4_fair.csv;t_356fc1eaad97f93b____c7_0____2__t_356fc1eaad97f93b____c9_0____4_fair.csv;t_356fc1eaad97f93b____c7_0____3__t_356fc1eaad97f93b____c9_0____4_fair.csv;t_356fc1eaad97f93b____c13_0____1__t_356fc1eaad97f93b____c9_0____4_fair.csv;t_356fc1eaad97f93b____c13_0____1__t_356fc1eaad97f93b____c22_1____2_fair.csv;t_356fc1eaad97f93b____c13_0____1__t_356fc1eaad97f93b____c22_1____1_fair.csv;t_356fc1eaad97f93b____c13_0____1__t_356fc1eaad97f93b____c21_1____2_fair.csv,{}
tusSmall3,starmie,t_356fc1eaad97f93b____c19_1____1_fair.csv,5,1029,69,5,False,0.0866,1.0,0.004859086491739553,0.004859086491739553,91.4994814991951,91.4994814991951,t_356fc1eaad97f93b____c21_1____1__t_356fc1eaad97f93b____c9_0____4_fair.csv;t_356fc1eaad97f93b____c21_1____1__t_356fc1eaad97f93b____c7_1____2_fair.csv;t_356fc1eaad97f93b____c21_1____1__t_356fc1eaad97f93b____c22_1____2_fair.csv;t_356fc1eaad97f93b____c21_1____1__t_356fc1eaad97f93b____c22_1____1_fair.csv;t_356fc1eaad97f93b____c21_1____1__t_356fc1eaad97f93b____c21_1____2_fair.csv,{}
tusSmall3,starmie,t_356fc1eaad97f93b____c19_1____1_fair.csv,10,1029,69,10,False,0.0881,1.0,0.009718172983479106,0.009718172983479106,182.9989629983902,182.9989629983902,t_356fc1eaad97f93b____c21_1____1__t_356fc1eaad97f93b____c9_0____4_fair.csv;t_356fc1eaad97f93b____c21_1____1__t_356fc1eaad97f93b____c7_1____2_fair.csv;t_356fc1eaad97f93b____c21_1____1__t_356fc1eaad97f93b____c22_1____2_fair.csv;t_356fc1eaad97f93b____c21_1____1__t_356fc1eaad97f93b____c22_1____1_fair.csv;t_356fc1eaad97f93b____c21_1____1__t_356fc1eaad97f93b____c21_1____2_fair.csv;t_356fc1eaad97f93b____c21_1____1__t_356fc1eaad97f93b____c20_1____3_fair.csv;t_356fc1eaad97f93b____c21_1____1__t_356fc1eaad97f93b____c19_1____1_fair.csv;t_356fc1eaad97f93b____c21_1____1__t_356fc1eaad97f93b____c19_0____0_fair.csv;t_356fc1eaad97f93b____c21_1____1__t_356fc1eaad97f93b____c18_0____0_fair.csv;t_356fc1eaad97f93b____c21_1____1__t_356fc1eaad97f93b____c15_1____2_fair.csv,{}
tusSmall3,starmie,t_356fc1eaad97f93b____c19_1____1_fair.csv,20,1029,69,20,False,0.0485,1.0,0.019436345966958212,0.019436345966958212,363.0084725022316,363.0084725022316,t_356fc1eaad97f93b____c21_1____1__t_356fc1eaad97f93b____c9_0____4_fair.csv;t_356fc1eaad97f93b____c21_1____1__t_356fc1eaad97f93b____c7_1____2_fair.csv;t_356fc1eaad97f93b____c21_1____1__t_356fc1eaad97f93b____c22_1____2_fair.csv;t_356fc1eaad97f93b____c21_1____1__t_356fc1eaad97f93b____c22_1____1_fair.csv;t_356fc1eaad97f93b____c21_1____1__t_356fc1eaad97f93b____c21_1____2_fair.csv;t_356fc1eaad97f93b____c21_1____1__t_356fc1eaad97f93b____c20_1____3_fair.csv;t_356fc1eaad97f93b____c21_1____1__t_356fc1eaad97f93b____c19_1____1_fair.csv;t_356fc1eaad97f93b____c21_1____1__t_356fc1eaad97f93b____c19_0____0_fair.csv;t_356fc1eaad97f93b____c21_1____1__t_356fc1eaad97f93b____c18_0____0_fair.csv;t_356fc1eaad97f93b____c21_1____1__t_356fc1eaad97f93b____c15_1____2_fair.csv;t_356fc1eaad97f93b____c20_1____1__t_356fc1eaad97f93b____c7_0____4_fair.csv;t_356fc1eaad97f93b____c21_1____1__t_356fc1eaad97f93b____c7_0____4_fair.csv;t_356fc1eaad97f93b____c20_1____1__t_356fc1eaad97f93b____c6_1____2_fair.csv;t_356fc1eaad97f93b____c21_1____1__t_356fc1eaad97f93b____c6_1____2_fair.csv;t_356fc1eaad97f93b____c20_0____1__t_356fc1eaad97f93b____c7_0____4_fair.csv;t_356fc1eaad97f93b____c19_0____1__t_356fc1eaad97f93b____c9_0____4_fair.csv;t_356fc1eaad97f93b____c19_0____1__t_356fc1eaad97f93b____c22_1____2_fair.csv;t_356fc1eaad97f93b____c19_0____1__t_356fc1eaad97f93b____c22_1____1_fair.csv;t_356fc1eaad97f93b____c19_0____1__t_356fc1eaad97f93b____c21_1____2_fair.csv;t_356fc1eaad97f93b____c19_0____1__t_356fc1eaad97f93b____c20_1____3_fair.csv,{}
tusSmall3,starmie,t_356fc1eaad97f93b____c20_1____3_fair.csv,5,1146,54,5,False,0.0767,1.0,0.004363001745200698,0.004363001745200698,97.6868884563446,97.6868884563446,t_356fc1eaad97f93b____c21_1____3.csv;t_356fc1eaad97f93b____c21_1____3__t_356fc1eaad97f93b____c9_0____4_fair.csv;t_356fc1eaad97f93b____c21_1____3__t_356fc1eaad97f93b____c7_1____2_fair.csv;t_356fc1eaad97f93b____c21_1____3__t_356fc1eaad97f93b____c22_1____2_fair.csv;t_356fc1eaad97f93b____c21_1____3__t_356fc1eaad97f93b____c22_1____1_fair.csv,{}
tusSmall3,starmie,t_356fc1eaad97f93b____c20_1____3_fair.csv,10,1146,54,10,False,0.04,1.0,0.008726003490401396,0.008726003490401396,195.265884578228,195.265884578228,t_356fc1eaad97f93b____c21_1____3.csv;t_356fc1eaad97f93b____c21_1____3__t_356fc1eaad97f93b____c9_0____4_fair.csv;t_356fc1eaad97f93b____c21_1____3__t_356fc1eaad97f93b____c7_1____2_fair.csv;t_356fc1eaad97f93b____c21_1____3__t_356fc1eaad97f93b____c22_1____2_fair.csv;t_356fc1eaad97f93b____c21_1____3__t_356fc1eaad97f93b____c22_1____1_fair.csv;t_356fc1eaad97f93b____c21_1____3__t_356fc1eaad97f93b____c21_1____2_fair.csv;t_356fc1eaad97f93b____c21_1____3__t_356fc1eaad97f93b____c20_1____3_fair.csv;t_356fc1eaad97f93b____c21_1____3__t_356fc1eaad97f93b____c19_1____1_fair.csv;t_356fc1eaad97f93b____c21_1____3__t_356fc1eaad97f93b____c19_0____0_fair.csv;t_356fc1eaad97f93b____c21_1____3__t_356fc1eaad97f93b____c18_0____0_fair.csv,{}
tusSmall3,starmie,t_356fc1eaad97f93b____c20_1____3_fair.csv,20,1146,54,20,False,0.0211,1.0,0.017452006980802792,0.017452006980802792,388.7568432688713,388.7568432688713,t_356fc1eaad97f93b____c21_1____3.csv;t_356fc1eaad97f93b____c21_1____3__t_356fc1eaad97f93b____c9_0____4_fair.csv;t_356fc1eaad97f93b____c21_1____3__t_356fc1eaad97f93b____c7_1____2_fair.csv;t_356fc1eaad97f93b____c21_1____3__t_356fc1eaad97f93b____c22_1____2_fair.csv;t_356fc1eaad97f93b____c21_1____3__t_356fc1eaad97f93b____c22_1____1_fair.csv;t_356fc1eaad97f93b____c21_1____3__t_356fc1eaad97f93b____c21_1____2_fair.csv;t_356fc1eaad97f93b____c21_1____3__t_356fc1eaad97f93b____c20_1____3_fair.csv;t_356fc1eaad97f93b____c21_1____3__t_356fc1eaad97f93b____c19_1____1_fair.csv;t_356fc1eaad97f93b____c21_1____3__t_356fc1eaad97f93b____c19_0____0_fair.csv;t_356fc1eaad97f93b____c21_1____3__t_356fc1eaad97f93b____c18_0____0_fair.csv;t_356fc1eaad97f93b____c21_1____3__t_356fc1eaad97f93b____c15_1____2_fair.csv;t_356fc1eaad97f93b____c20_0____3.csv;t_356fc1eaad97f93b____c20_0____3__t_356fc1eaad97f93b____c9_0____4_fair.csv;t_356fc1eaad97f93b____c20_0____3__t_356fc1eaad97f93b____c7_1____2_fair.csv;t_356fc1eaad97f93b____c20_0____3__t_356fc1eaad97f93b____c21_1____2_fair.csv;t_356fc1eaad97f93b____c20_0____3__t_356fc1eaad97f93b____c20_1____3_fair.csv;t_356fc1eaad97f93b____c20_0____3__t_356fc1eaad97f93b____c19_1____1_fair.csv;t_356fc1eaad97f93b____c20_0____3__t_356fc1eaad97f93b____c19_0____0_fair.csv;t_356fc1eaad97f93b____c20_0____3__t_356fc1eaad97f93b____c18_0____0_fair.csv;t_356fc1eaad97f93b____c20_0____3__t_356fc1eaad97f93b____c15_1____2_fair.csv,{}
tusSmall3,starmie,t_356fc1eaad97f93b____c9_0____4_fair.csv,5,1272,116,5,False,0.2617,1.0,0.003930817610062893,0.003930817610062893,43.33486545085907,43.33486545085907,t_356fc1eaad97f93b____c9_0____1__t_356fc1eaad97f93b____c9_0____4_fair.csv;t_356fc1eaad97f93b____c9_0____1__t_356fc1eaad97f93b____c7_1____2_fair.csv;t_356fc1eaad97f93b____c9_0____1__t_356fc1eaad97f93b____c22_1____2_fair.csv;t_356fc1eaad97f93b____c9_0____1__t_356fc1eaad97f93b____c22_1____1_fair.csv;t_356fc1eaad97f93b____c9_0____2__t_356fc1eaad97f93b____c9_0____4_fair.csv,{}
tusSmall3,starmie,t_356fc1eaad97f93b____c9_0____4_fair.csv,10,1272,116,10,False,0.1649,1.0,0.007861635220125786,0.007861635220125786,86.1864765882492,86.1864765882492,t_356fc1eaad97f93b____c9_0____1__t_356fc1eaad97f93b____c9_0____4_fair.csv;t_356fc1eaad97f93b____c9_0____1__t_356fc1eaad97f93b____c7_1____2_fair.csv;t_356fc1eaad97f93b____c9_0____1__t_356fc1eaad97f93b____c22_1____2_fair.csv;t_356fc1eaad97f93b____c9_0____1__t_356fc1eaad97f93b____c22_1____1_fair.csv;t_356fc1eaad97f93b____c9_0____2__t_356fc1eaad97f93b____c9_0____4_fair.csv;t_356fc1eaad97f93b____c9_0____2__t_356fc1eaad97f93b____c7_1____2_fair.csv;t_356fc1eaad97f93b____c9_0____2__t_356fc1eaad97f93b____c22_1____2_fair.csv;t_356fc1eaad97f93b____c9_0____2__t_356fc1eaad97f93b____c22_1____1_fair.csv;t_356fc1eaad97f93b____c9_0____2.csv;t_356fc1eaad97f93b____c9_0____1.csv,{}
tusSmall3,starmie,t_356fc1eaad97f93b____c9_0____4_fair.csv,20,1272,116,20,False,0.0823,0.8,0.012578616352201259,0.015723270440251572,167.99631714820862,167.99631714820862,t_356fc1eaad97f93b____c9_0____1__t_356fc1eaad97f93b____c9_0____4_fair.csv;t_356fc1eaad97f93b____c9_0____1__t_356fc1eaad97f93b____c7_1____2_fair.csv;t_356fc1eaad97f93b____c9_0____1__t_356fc1eaad97f93b____c22_1____2_fair.csv;t_356fc1eaad97f93b____c9_0____1__t_356fc1eaad97f93b____c22_1____1_fair.csv;t_356fc1eaad97f93b____c9_0____2__t_356fc1eaad97f93b____c9_0____4_fair.csv;t_356fc1eaad97f93b____c9_0____2__t_356fc1eaad97f93b____c7_1____2_fair.csv;t_356fc1eaad97f93b____c9_0____2__t_356fc1eaad97f93b____c22_1____2_fair.csv;t_356fc1eaad97f93b____c9_0____2__t_356fc1eaad97f93b____c22_1____1_fair.csv;t_356fc1eaad97f93b____c9_0____2.csv;t_356fc1eaad97f93b____c9_0____1.csv;t_356fc1eaad97f93b____c10_0____3__t_356fc1eaad97f93b____c7_0____4_fair.csv;t_356fc1eaad97f93b____c12_1____4__t_356fc1eaad97f93b____c7_0____4_fair.csv;t_356fc1eaad97f93b____c12_1____4__t_356fc1eaad97f93b____c6_1____2_fair.csv;t_356fc1eaad97f93b____c12_1____1__t_356fc1eaad97f93b____c6_1____2_fair.csv;t_356fc1eaad97f93b____c12_1____2__t_356fc1eaad97f93b____c6_1____2_fair.csv;t_356fc1eaad97f93b____c10_0____3__t_356fc1eaad97f93b____c9_0____4_fair.csv;t_356fc1eaad97f93b____c10_0____3__t_356fc1eaad97f93b____c7_1____2_fair.csv;t_356fc1eaad97f93b____c10_0____3__t_356fc1eaad97f93b____c22_1____2_fair.csv;t_356fc1eaad97f93b____c10_0____3__t_356fc1eaad97f93b____c22_1____1_fair.csv;t_356fc1eaad97f93b____c10_0____1__t_356fc1eaad97f93b____c7_0____4_fair.csv,{}
tusSmall3,starmie,t_67c3f7ce5eab8804____c12_0____1_fair.csv,5,454,88,5,False,0.0774,1.0,0.011013215859030838,0.011013215859030838,58.14019739627838,58.14019739627838,t_67c3f7ce5eab8804____c13_1____0__t_67c3f7ce5eab8804____c6_1____4_fair.csv;t_67c3f7ce5eab8804____c13_1____0__t_67c3f7ce5eab8804____c6_1____0_fair.csv;t_67c3f7ce5eab8804____c13_1____0__t_67c3f7ce5eab8804____c16_0____2_fair.csv;t_67c3f7ce5eab8804____c13_1____0__t_67c3f7ce5eab8804____c14_0____2_fair.csv;t_67c3f7ce5eab8804____c13_1____0__t_67c3f7ce5eab8804____c13_0____4_fair.csv,{}
tusSmall3,starmie,t_67c3f7ce5eab8804____c12_0____1_fair.csv,10,454,88,10,False,0.0451,1.0,0.022026431718061675,0.022026431718061675,116.11187076568604,116.11187076568604,t_67c3f7ce5eab8804____c13_1____0__t_67c3f7ce5eab8804____c6_1____4_fair.csv;t_67c3f7ce5eab8804____c13_1____0__t_67c3f7ce5eab8804____c6_1____0_fair.csv;t_67c3f7ce5eab8804____c13_1____0__t_67c3f7ce5eab8804____c16_0____2_fair.csv;t_67c3f7ce5eab8804____c13_1____0__t_67c3f7ce5eab8804____c14_0____2_fair.csv;t_67c3f7ce5eab8804____c13_1____0__t_67c3f7ce5eab8804____c13_0____4_fair.csv;t_67c3f7ce5eab8804____c13_1____0__t_67c3f7ce5eab8804____c13_0____0_fair.csv;t_67c3f7ce5eab8804____c13_1____0__t_67c3f7ce5eab8804____c12_0____1_fair.csv;t_67c3f7ce5eab8804____c15_1____1.csv;t_67c3f7ce5eab8804____c15_1____1__t_67c3f7ce5eab8804____c6_1____4_fair.csv;t_67c3f7ce5eab8804____c15_1____1__t_67c3f7ce5eab8804____c6_1____0_fair.csv,{}
tusSmall3,starmie,t_67c3f7ce5eab8804____c12_0____1_fair.csv,20,454,88,20,False,0.0449,1.0,0.04405286343612335,0.04405286343612335,231.74198466539383,231.74198466539383,t_67c3f7ce5eab8804____c13_1____0__t_67c3f7ce5eab8804____c6_1____4_fair.csv;t_67c3f7ce5eab8804____c13_1____0__t_67c3f7ce5eab8804____c6_1____0_fair.csv;t_67c3f7ce5eab8804____c13_1____0__t_67c3f7ce5eab8804____c16_0____2_fair.csv;t_67c3f7ce5eab8804____c13_1____0__t_67c3f7ce5eab8804____c14_0____2_fair.csv;t_67c3f7ce5eab8804____c13_1____0__t_67c3f7ce5eab8804____c13_0____4_fair.csv;t_67c3f7ce5eab8804____c13_1____0__t_67c3f7ce5eab8804____c13_0____0_fair.csv;t_67c3f7ce5eab8804____c13_1____0__t_67c3f7ce5eab8804____c12_0____1_fair.csv;t_67c3f7ce5eab8804____c15_1____1.csv;t_67c3f7ce5eab8804____c15_1____1__t_67c3f7ce5eab8804____c6_1____4_fair.csv;t_67c3f7ce5eab8804____c15_1____1__t_67c3f7ce5eab8804____c6_1____0_fair.csv;t_67c3f7ce5eab8804____c15_1____1__t_67c3f7ce5eab8804____c4_1____1_fair.csv;t_67c3f7ce5eab8804____c15_1____1__t_67c3f7ce5eab8804____c16_0____2_fair.csv;t_67c3f7ce5eab8804____c15_1____1__t_67c3f7ce5eab8804____c15_0____3_fair.csv;t_67c3f7ce5eab8804____c15_1____1__t_67c3f7ce5eab8804____c14_0____2_fair.csv;t_67c3f7ce5eab8804____c15_1____1__t_67c3f7ce5eab8804____c13_0____4_fair.csv;t_67c3f7ce5eab8804____c15_1____1__t_67c3f7ce5eab8804____c13_0____0_fair.csv;t_67c3f7ce5eab8804____c15_1____1__t_67c3f7ce5eab8804____c12_0____1_fair.csv;t_67c3f7ce5eab8804____c14_1____0__t_67c3f7ce5eab8804____c6_1____4_fair.csv;t_67c3f7ce5eab8804____c14_1____0__t_67c3f7ce5eab8804____c6_1____0_fair.csv;t_67c3f7ce5eab8804____c14_1____0__t_67c3f7ce5eab8804____c4_1____1_fair.csv,{}
tusSmall3,starmie,t_67c3f7ce5eab8804____c13_0____0_fair.csv,5,454,81,5,False,0.1121,1.0,0.011013215859030838,0.011013215859030838,61.33611434698105,61.33611434698105,t_67c3f7ce5eab8804____c15_0____0.csv;t_67c3f7ce5eab8804____c15_1____0.csv;t_67c3f7ce5eab8804____c14_1____0.csv;t_67c3f7ce5eab8804____c15_1____0__t_67c3f7ce5eab8804____c6_1____4_fair.csv;t_67c3f7ce5eab8804____c15_1____0__t_67c3f7ce5eab8804____c6_1____0_fair.csv,{}
tusSmall3,starmie,t_67c3f7ce5eab8804____c13_0____0_fair.csv,10,454,81,10,False,0.0539,1.0,0.022026431718061675,0.022026431718061675,121.83803820610046,121.83803820610046,t_67c3f7ce5eab8804____c15_0____0.csv;t_67c3f7ce5eab8804____c15_1____0.csv;t_67c3f7ce5eab8804____c14_1____0.csv;t_67c3f7ce5eab8804____c15_1____0__t_67c3f7ce5eab8804____c6_1____4_fair.csv;t_67c3f7ce5eab8804____c15_1____0__t_67c3f7ce5eab8804____c6_1____0_fair.csv;t_67c3f7ce5eab8804____c15_1____0__t_67c3f7ce5eab8804____c4_1____1_fair.csv;t_67c3f7ce5eab8804____c15_1____0__t_67c3f7ce5eab8804____c16_0____2_fair.csv;t_67c3f7ce5eab8804____c15_1____0__t_67c3f7ce5eab8804____c15_0____3_fair.csv;t_67c3f7ce5eab8804____c15_1____0__t_67c3f7ce5eab8804____c14_0____2_fair.csv;t_67c3f7ce5eab8804____c15_1____0__t_67c3f7ce5eab8804____c13_0____4_fair.csv,{}
tusSmall3,starmie,t_67c3f7ce5eab8804____c13_0____0_fair.csv,20,454,81,20,False,0.0719,1.0,0.04405286343612335,0.04405286343612335,242.2750381231308,242.2750381231308,t_67c3f7ce5eab8804____c15_0____0.csv;t_67c3f7ce5eab8804____c15_1____0.csv;t_67c3f7ce5eab8804____c14_1____0.csv;t_67c3f7ce5eab8804____c15_1____0__t_67c3f7ce5eab8804____c6_1____4_fair.csv;t_67c3f7ce5eab8804____c15_1____0__t_67c3f7ce5eab8804____c6_1____0_fair.csv;t_67c3f7ce5eab8804____c15_1____0__t_67c3f7ce5eab8804____c4_1____1_fair.csv;t_67c3f7ce5eab8804____c15_1____0__t_67c3f7ce5eab8804____c16_0____2_fair.csv;t_67c3f7ce5eab8804____c15_1____0__t_67c3f7ce5eab8804____c15_0____3_fair.csv;t_67c3f7ce5eab8804____c15_1____0__t_67c3f7ce5eab8804____c14_0____2_fair.csv;t_67c3f7ce5eab8804____c15_1____0__t_67c3f7ce5eab8804____c13_0____4_fair.csv;t_67c3f7ce5eab8804____c15_1____0__t_67c3f7ce5eab8804____c13_0____0_fair.csv;t_67c3f7ce5eab8804____c15_1____0__t_67c3f7ce5eab8804____c12_0____1_fair.csv;t_67c3f7ce5eab8804____c16_0____0.csv;t_67c3f7ce5eab8804____c15_0____0__t_67c3f7ce5eab8804____c6_1____4_fair.csv;t_67c3f7ce5eab8804____c15_0____0__t_67c3f7ce5eab8804____c6_1____0_fair.csv;t_67c3f7ce5eab8804____c15_0____0__t_67c3f7ce5eab8804____c4_1____1_fair.csv;t_67c3f7ce5eab8804____c15_0____0__t_67c3f7ce5eab8804____c16_0____2_fair.csv;t_67c3f7ce5eab8804____c15_0____0__t_67c3f7ce5eab8804____c15_0____3_fair.csv;t_67c3f7ce5eab8804____c15_0____0__t_67c3f7ce5eab8804____c14_0____2_fair.csv;t_67c3f7ce5eab8804____c15_0____0__t_67c3f7ce5eab8804____c13_0____4_fair.csv,{}
tusSmall3,starmie,t_356fc1eaad97f93b____c21_1____2_fair.csv,5,1029,56,5,False,0.0806,1.0,0.004859086491739553,0.004859086491739553,101.81887537240982,101.81887537240982,t_356fc1eaad97f93b____c21_0____2__t_356fc1eaad97f93b____c9_0____4_fair.csv;t_356fc1eaad97f93b____c21_0____2__t_356fc1eaad97f93b____c7_1____2_fair.csv;t_356fc1eaad97f93b____c21_0____2__t_356fc1eaad97f93b____c22_1____2_fair.csv;t_356fc1eaad97f93b____c21_0____2__t_356fc1eaad97f93b____c22_1____1_fair.csv;t_356fc1eaad97f93b____c21_0____2__t_356fc1eaad97f93b____c21_1____2_fair.csv,{}
tusSmall3,starmie,t_356fc1eaad97f93b____c21_1____2_fair.csv,10,1029,56,10,False,0.0422,1.0,0.009718172983479106,0.009718172983479106,203.63775074481964,203.63775074481964,t_356fc1eaad97f93b____c21_0____2__t_356fc1eaad97f93b____c9_0____4_fair.csv;t_356fc1eaad97f93b____c21_0____2__t_356fc1eaad97f93b____c7_1____2_fair.csv;t_356fc1eaad97f93b____c21_0____2__t_356fc1eaad97f93b____c22_1____2_fair.csv;t_356fc1eaad97f93b____c21_0____2__t_356fc1eaad97f93b____c22_1____1_fair.csv;t_356fc1eaad97f93b____c21_0____2__t_356fc1eaad97f93b____c21_1____2_fair.csv;t_356fc1eaad97f93b____c21_0____2__t_356fc1eaad97f93b____c20_1____3_fair.csv;t_356fc1eaad97f93b____c21_0____2__t_356fc1eaad97f93b____c19_1____1_fair.csv;t_356fc1eaad97f93b____c21_0____2__t_356fc1eaad97f93b____c19_0____0_fair.csv;t_356fc1eaad97f93b____c21_0____2__t_356fc1eaad97f93b____c18_0____0_fair.csv;t_356fc1eaad97f93b____c21_0____2__t_356fc1eaad97f93b____c15_1____2_fair.csv,{}
tusSmall3,starmie,t_356fc1eaad97f93b____c21_1____2_fair.csv,20,1029,56,20,False,0.0481,1.0,0.019436345966958212,0.019436345966958212,397.9139398932457,397.9139398932457,t_356fc1eaad97f93b____c21_0____2__t_356fc1eaad97f93b____c9_0____4_fair.csv;t_356fc1eaad97f93b____c21_0____2__t_356fc1eaad97f93b____c7_1____2_fair.csv;t_356fc1eaad97f93b____c21_0____2__t_356fc1eaad97f93b____c22_1____2_fair.csv;t_356fc1eaad97f93b____c21_0____2__t_356fc1eaad97f93b____c22_1____1_fair.csv;t_356fc1eaad97f93b____c21_0____2__t_356fc1eaad97f93b____c21_1____2_fair.csv;t_356fc1eaad97f93b____c21_0____2__t_356fc1eaad97f93b____c20_1____3_fair.csv;t_356fc1eaad97f93b____c21_0____2__t_356fc1eaad97f93b____c19_1____1_fair.csv;t_356fc1eaad97f93b____c21_0____2__t_356fc1eaad97f93b____c19_0____0_fair.csv;t_356fc1eaad97f93b____c21_0____2__t_356fc1eaad97f93b____c18_0____0_fair.csv;t_356fc1eaad97f93b____c21_0____2__t_356fc1eaad97f93b____c15_1____2_fair.csv;t_356fc1eaad97f93b____c21_0____2.csv;t_356fc1eaad97f93b____c21_0____2__t_356fc1eaad97f93b____c6_1____2_fair.csv;t_356fc1eaad97f93b____c20_1____2__t_356fc1eaad97f93b____c6_1____2_fair.csv;t_356fc1eaad97f93b____c20_0____2__t_356fc1eaad97f93b____c6_1____2_fair.csv;t_356fc1eaad97f93b____c20_0____2__t_356fc1eaad97f93b____c7_0____4_fair.csv;t_356fc1eaad97f93b____c20_1____2__t_356fc1eaad97f93b____c7_0____4_fair.csv;t_356fc1eaad97f93b____c20_0____2__t_356fc1eaad97f93b____c9_0____4_fair.csv;t_356fc1eaad97f93b____c20_0____2__t_356fc1eaad97f93b____c7_1____2_fair.csv;t_356fc1eaad97f93b____c20_0____2__t_356fc1eaad97f93b____c21_1____2_fair.csv;t_356fc1eaad97f93b____c20_0____2__t_356fc1eaad97f93b____c20_1____3_fair.csv,{}
tusSmall3,starmie,t_67c3f7ce5eab8804____c13_0____4_fair.csv,5,624,75,5,False,0.1378,1.0,0.008012820512820512,0.008012820512820512,63.554999113082886,63.554999113082886,t_67c3f7ce5eab8804____c16_0____4.csv;t_67c3f7ce5eab8804____c15_1____4.csv;t_67c3f7ce5eab8804____c16_0____4__t_67c3f7ce5eab8804____c6_1____4_fair.csv;t_67c3f7ce5eab8804____c16_0____4__t_67c3f7ce5eab8804____c6_1____0_fair.csv;t_67c3f7ce5eab8804____c16_0____4__t_67c3f7ce5eab8804____c4_1____1_fair.csv,{}
tusSmall3,starmie,t_67c3f7ce5eab8804____c13_0____4_fair.csv,10,624,75,10,False,0.1459,1.0,0.016025641025641024,0.016025641025641024,126.99251371622086,126.99251371622086,t_67c3f7ce5eab8804____c16_0____4.csv;t_67c3f7ce5eab8804____c15_1____4.csv;t_67c3f7ce5eab8804____c16_0____4__t_67c3f7ce5eab8804____c6_1____4_fair.csv;t_67c3f7ce5eab8804____c16_0____4__t_67c3f7ce5eab8804____c6_1____0_fair.csv;t_67c3f7ce5eab8804____c16_0____4__t_67c3f7ce5eab8804____c4_1____1_fair.csv;t_67c3f7ce5eab8804____c16_0____4__t_67c3f7ce5eab8804____c16_0____2_fair.csv;t_67c3f7ce5eab8804____c16_0____4__t_67c3f7ce5eab8804____c15_0____3_fair.csv;t_67c3f7ce5eab8804____c16_0____4__t_67c3f7ce5eab8804____c14_0____2_fair.csv;t_67c3f7ce5eab8804____c16_0____4__t_67c3f7ce5eab8804____c13_0____4_fair.csv;t_67c3f7ce5eab8804____c16_0____4__t_67c3f7ce5eab8804____c13_0____0_fair.csv,{}
tusSmall3,starmie,t_67c3f7ce5eab8804____c13_0____4_fair.csv,20,624,75,20,False,0.129,1.0,0.03205128205128205,0.03205128205128205,253.40871673822403,253.40871673822403,t_67c3f7ce5eab8804____c16_0____4.csv;t_67c3f7ce5eab8804____c15_1____4.csv;t_67c3f7ce5eab8804____c16_0____4__t_67c3f7ce5eab8804____c6_1____4_fair.csv;t_67c3f7ce5eab8804____c16_0____4__t_67c3f7ce5eab8804____c6_1____0_fair.csv;t_67c3f7ce5eab8804____c16_0____4__t_67c3f7ce5eab8804____c4_1____1_fair.csv;t_67c3f7ce5eab8804____c16_0____4__t_67c3f7ce5eab8804____c16_0____2_fair.csv;t_67c3f7ce5eab8804____c16_0____4__t_67c3f7ce5eab8804____c15_0____3_fair.csv;t_67c3f7ce5eab8804____c16_0____4__t_67c3f7ce5eab8804____c14_0____2_fair.csv;t_67c3f7ce5eab8804____c16_0____4__t_67c3f7ce5eab8804____c13_0____4_fair.csv;t_67c3f7ce5eab8804____c16_0____4__t_67c3f7ce5eab8804____c13_0____0_fair.csv;t_67c3f7ce5eab8804____c16_0____4__t_67c3f7ce5eab8804____c12_0____1_fair.csv;t_67c3f7ce5eab8804____c14_1____0__t_67c3f7ce5eab8804____c6_1____4_fair.csv;t_67c3f7ce5eab8804____c14_1____0__t_67c3f7ce5eab8804____c6_1____0_fair.csv;t_67c3f7ce5eab8804____c14_1____0__t_67c3f7ce5eab8804____c4_1____1_fair.csv;t_67c3f7ce5eab8804____c14_1____0__t_67c3f7ce5eab8804____c16_0____2_fair.csv;t_67c3f7ce5eab8804____c14_1____0__t_67c3f7ce5eab8804____c15_0____3_fair.csv;t_67c3f7ce5eab8804____c14_1____0__t_67c3f7ce5eab8804____c14_0____2_fair.csv;t_67c3f7ce5eab8804____c14_1____0__t_67c3f7ce5eab8804____c13_0____4_fair.csv;t_67c3f7ce5eab8804____c14_1____0__t_67c3f7ce5eab8804____c13_0____0_fair.csv;t_67c3f7ce5eab8804____c14_1____0__t_67c3f7ce5eab8804____c12_0____1_fair.csv,{}
tusSmall3,starmie,t_67c3f7ce5eab8804____c14_0____2_fair.csv,5,454,75,5,False,0.121,1.0,0.011013215859030838,0.011013215859030838,69.13704961538315,69.13704961538315,t_67c3f7ce5eab8804____c14_1____2__t_67c3f7ce5eab8804____c6_1____4_fair.csv;t_67c3f7ce5eab8804____c14_1____2__t_67c3f7ce5eab8804____c6_1____0_fair.csv;t_67c3f7ce5eab8804____c14_1____2__t_67c3f7ce5eab8804____c4_1____1_fair.csv;t_67c3f7ce5eab8804____c14_1____2__t_67c3f7ce5eab8804____c16_0____2_fair.csv;t_67c3f7ce5eab8804____c14_1____2__t_67c3f7ce5eab8804____c15_0____3_fair.csv,{}
tusSmall3,starmie,t_67c3f7ce5eab8804____c14_0____2_fair.csv,10,454,75,10,False,0.1228,1.0,0.022026431718061675,0.022026431718061675,138.2219614982605,138.2219614982605,t_67c3f7ce5eab8804____c14_1____2__t_67c3f7ce5eab8804____c6_1____4_fair.csv;t_67c3f7ce5eab8804____c14_1____2__t_67c3f7ce5eab8804____c6_1____0_fair.csv;t_67c3f7ce5eab8804____c14_1____2__t_67c3f7ce5eab8804____c4_1____1_fair.csv;t_67c3f7ce5eab8804____c14_1____2__t_67c3f7ce5eab8804____c16_0____2_fair.csv;t_67c3f7ce5eab8804____c14_1____2__t_67c3f7ce5eab8804____c15_0____3_fair.csv;t_67c3f7ce5eab8804____c14_1____2__t_67c3f7ce5eab8804____c14_0____2_fair.csv;t_67c3f7ce5eab8804____c14_1____2__t_67c3f7ce5eab8804____c13_0____4_fair.csv;t_67c3f7ce5eab8804____c14_1____2__t_67c3f7ce5eab8804____c13_0____0_fair.csv;t_67c3f7ce5eab8804____c14_1____2__t_67c3f7ce5eab8804____c12_0____1_fair.csv;t_67c3f7ce5eab8804____c14_1____2.csv,{}
tusSmall3,starmie,t_67c3f7ce5eab8804____c14_0____2_fair.csv,20,454,75,20,False,0.066,1.0,0.04405286343612335,0.04405286343612335,275.55226641893387,275.55226641893387,t_67c3f7ce5eab8804____c14_1____2__t_67c3f7ce5eab8804____c6_1____4_fair.csv;t_67c3f7ce5eab8804____c14_1____2__t_67c3f7ce5eab8804____c6_1____0_fair.csv;t_67c3f7ce5eab8804____c14_1____2__t_67c3f7ce5eab8804____c4_1____1_fair.csv;t_67c3f7ce5eab8804____c14_1____2__t_67c3f7ce5eab8804____c16_0____2_fair.csv;t_67c3f7ce5eab8804____c14_1____2__t_67c3f7ce5eab8804____c15_0____3_fair.csv;t_67c3f7ce5eab8804____c14_1____2__t_67c3f7ce5eab8804____c14_0____2_fair.csv;t_67c3f7ce5eab8804____c14_1____2__t_67c3f7ce5eab8804____c13_0____4_fair.csv;t_67c3f7ce5eab8804____c14_1____2__t_67c3f7ce5eab8804____c13_0____0_fair.csv;t_67c3f7ce5eab8804____c14_1____2__t_67c3f7ce5eab8804____c12_0____1_fair.csv;t_67c3f7ce5eab8804____c14_1____2.csv;t_67c3f7ce5eab8804____c14_0____4__t_67c3f7ce5eab8804____c6_1____4_fair.csv;t_67c3f7ce5eab8804____c14_0____4__t_67c3f7ce5eab8804____c6_1____0_fair.csv;t_67c3f7ce5eab8804____c14_0____4__t_67c3f7ce5eab8804____c4_1____1_fair.csv;t_67c3f7ce5eab8804____c14_0____4__t_67c3f7ce5eab8804____c16_0____2_fair.csv;t_67c3f7ce5eab8804____c14_0____4__t_67c3f7ce5eab8804____c15_0____3_fair.csv;t_67c3f7ce5eab8804____c14_0____4__t_67c3f7ce5eab8804____c14_0____2_fair.csv;t_67c3f7ce5eab8804____c14_0____4__t_67c3f7ce5eab8804____c13_0____4_fair.csv;t_67c3f7ce5eab8804____c14_0____4__t_67c3f7ce5eab8804____c13_0____0_fair.csv;t_67c3f7ce5eab8804____c14_0____4__t_67c3f7ce5eab8804____c12_0____1_fair.csv;t_67c3f7ce5eab8804____c14_1____4__t_67c3f7ce5eab8804____c6_1____4_fair.csv,{}
tusSmall3,starmie,t_67c3f7ce5eab8804____c4_1____1_fair.csv,5,517,201,5,False,0.224,1.0,0.009671179883945842,0.009671179883945842,18.39557385444641,18.39557385444641,t_67c3f7ce5eab8804____c4_1____2__t_67c3f7ce5eab8804____c4_1____1_fair.csv;t_67c3f7ce5eab8804____c4_1____2__t_67c3f7ce5eab8804____c15_0____3_fair.csv;t_67c3f7ce5eab8804____c4_1____0__t_67c3f7ce5eab8804____c4_1____1_fair.csv;t_67c3f7ce5eab8804____c4_1____0__t_67c3f7ce5eab8804____c15_0____3_fair.csv;t_67c3f7ce5eab8804____c4_1____0.csv,{}
tusSmall3,starmie,t_67c3f7ce5eab8804____c4_1____1_fair.csv,10,517,201,10,False,0.2056,1.0,0.019342359767891684,0.019342359767891684,36.399119555950165,36.399119555950165,t_67c3f7ce5eab8804____c4_1____2__t_67c3f7ce5eab8804____c4_1____1_fair.csv;t_67c3f7ce5eab8804____c4_1____2__t_67c3f7ce5eab8804____c15_0____3_fair.csv;t_67c3f7ce5eab8804____c4_1____0__t_67c3f7ce5eab8804____c4_1____1_fair.csv;t_67c3f7ce5eab8804____c4_1____0__t_67c3f7ce5eab8804____c15_0____3_fair.csv;t_67c3f7ce5eab8804____c4_1____0.csv;t_67c3f7ce5eab8804____c4_1____2.csv;t_67c3f7ce5eab8804____c4_1____4__t_67c3f7ce5eab8804____c4_1____1_fair.csv;t_67c3f7ce5eab8804____c4_1____4__t_67c3f7ce5eab8804____c15_0____3_fair.csv;t_67c3f7ce5eab8804____c4_1____3__t_67c3f7ce5eab8804____c4_1____1_fair.csv;t_67c3f7ce5eab8804____c4_1____3__t_67c3f7ce5eab8804____c15_0____3_fair.csv,{}
tusSmall3,starmie,t_67c3f7ce5eab8804____c4_1____1_fair.csv,20,517,201,20,False,0.1122,0.6,0.02321083172147002,0.03868471953578337,69.51558232307434,69.51558232307434,t_67c3f7ce5eab8804____c4_1____2__t_67c3f7ce5eab8804____c4_1____1_fair.csv;t_67c3f7ce5eab8804____c4_1____2__t_67c3f7ce5eab8804____c15_0____3_fair.csv;t_67c3f7ce5eab8804____c4_1____0__t_67c3f7ce5eab8804____c4_1____1_fair.csv;t_67c3f7ce5eab8804____c4_1____0__t_67c3f7ce5eab8804____c15_0____3_fair.csv;t_67c3f7ce5eab8804____c4_1____0.csv;t_67c3f7ce5eab8804____c4_1____2.csv;t_67c3f7ce5eab8804____c4_1____4__t_67c3f7ce5eab8804____c4_1____1_fair.csv;t_67c3f7ce5eab8804____c4_1____4__t_67c3f7ce5eab8804____c15_0____3_fair.csv;t_67c3f7ce5eab8804____c4_1____3__t_67c3f7ce5eab8804____c4_1____1_fair.csv;t_67c3f7ce5eab8804____c4_1____3__t_67c3f7ce5eab8804____c15_0____3_fair.csv;t_67c3f7ce5eab8804____c4_1____4.csv;t_67c3f7ce5eab8804____c4_1____3.csv;t_28dc8f7610402ea7____c5_1____2__t_28dc8f7610402ea7____c9_0____3_fair.csv;t_28dc8f7610402ea7____c5_1____2.csv;t_93f3d6f7fc6aa6ff____c7_1____4__t_93f3d6f7fc6aa6ff____c3_1____2_fair.csv;t_93f3d6f7fc6aa6ff____c7_1____4__t_93f3d6f7fc6aa6ff____c19_1____2_fair.csv;t_93f3d6f7fc6aa6ff____c7_1____4__t_93f3d6f7fc6aa6ff____c12_0____3_fair.csv;t_93f3d6f7fc6aa6ff____c7_1____4__t_93f3d6f7fc6aa6ff____c11_1____3_fair.csv;t_93f3d6f7fc6aa6ff____c7_1____4__t_93f3d6f7fc6aa6ff____c11_0____4_fair.csv;t_93f3d6f7fc6aa6ff____c4_1____1.csv,{}
tusSmall3,starmie,t_67c3f7ce5eab8804____c6_1____0_fair.csv,5,624,116,5,False,0.1967,1.0,0.008012820512820512,0.008012820512820512,29.587818384170532,29.587818384170532,t_67c3f7ce5eab8804____c6_1____3__t_67c3f7ce5eab8804____c6_1____4_fair.csv;t_67c3f7ce5eab8804____c6_1____3__t_67c3f7ce5eab8804____c6_1____0_fair.csv;t_67c3f7ce5eab8804____c6_1____3__t_67c3f7ce5eab8804____c16_0____2_fair.csv;t_67c3f7ce5eab8804____c6_1____3__t_67c3f7ce5eab8804____c14_0____2_fair.csv;t_67c3f7ce5eab8804____c6_1____3__t_67c3f7ce5eab8804____c13_0____4_fair.csv,{}
tusSmall3,starmie,t_67c3f7ce5eab8804____c6_1____0_fair.csv,10,624,116,10,False,0.1296,1.0,0.016025641025641024,0.016025641025641024,58.94514220952988,58.94514220952988,t_67c3f7ce5eab8804____c6_1____3__t_67c3f7ce5eab8804____c6_1____4_fair.csv;t_67c3f7ce5eab8804____c6_1____3__t_67c3f7ce5eab8804____c6_1____0_fair.csv;t_67c3f7ce5eab8804____c6_1____3__t_67c3f7ce5eab8804____c16_0____2_fair.csv;t_67c3f7ce5eab8804____c6_1____3__t_67c3f7ce5eab8804____c14_0____2_fair.csv;t_67c3f7ce5eab8804____c6_1____3__t_67c3f7ce5eab8804____c13_0____4_fair.csv;t_67c3f7ce5eab8804____c6_1____3__t_67c3f7ce5eab8804____c13_0____0_fair.csv;t_67c3f7ce5eab8804____c6_1____3__t_67c3f7ce5eab8804____c12_0____1_fair.csv;t_67c3f7ce5eab8804____c6_1____3.csv;t_67c3f7ce5eab8804____c6_1____2__t_67c3f7ce5eab8804____c6_1____4_fair.csv;t_67c3f7ce5eab8804____c6_1____2__t_67c3f7ce5eab8804____c6_1____0_fair.csv,{}
tusSmall3,starmie,t_67c3f7ce5eab8804____c6_1____0_fair.csv,20,624,116,20,False,0.1042,1.0,0.03205128205128205,0.03205128205128205,117.01680439710617,117.01680439710617,t_67c3f7ce5eab8804____c6_1____3__t_67c3f7ce5eab8804____c6_1____4_fair.csv;t_67c3f7ce5eab8804____c6_1____3__t_67c3f7ce5eab8804____c6_1____0_fair.csv;t_67c3f7ce5eab8804____c6_1____3__t_67c3f7ce5eab8804____c16_0____2_fair.csv;t_67c3f7ce5eab8804____c6_1____3__t_67c3f7ce5eab8804____c14_0____2_fair.csv;t_67c3f7ce5eab8804____c6_1____3__t_67c3f7ce5eab8804____c13_0____4_fair.csv;t_67c3f7ce5eab8804____c6_1____3__t_67c3f7ce5eab8804____c13_0____0_fair.csv;t_67c3f7ce5eab8804____c6_1____3__t_67c3f7ce5eab8804____c12_0____1_fair.csv;t_67c3f7ce5eab8804____c6_1____3.csv;t_67c3f7ce5eab8804____c6_1____2__t_67c3f7ce5eab8804____c6_1____4_fair.csv;t_67c3f7ce5eab8804____c6_1____2__t_67c3f7ce5eab8804____c6_1____0_fair.csv;t_67c3f7ce5eab8804____c6_1____2__t_67c3f7ce5eab8804____c16_0____2_fair.csv;t_67c3f7ce5eab8804____c6_1____2__t_67c3f7ce5eab8804____c14_0____2_fair.csv;t_67c3f7ce5eab8804____c6_1____2__t_67c3f7ce5eab8804____c13_0____4_fair.csv;t_67c3f7ce5eab8804____c6_1____2__t_67c3f7ce5eab8804____c13_0____0_fair.csv;t_67c3f7ce5eab8804____c6_1____2__t_67c3f7ce5eab8804____c12_0____1_fair.csv;t_67c3f7ce5eab8804____c6_1____1__t_67c3f7ce5eab8804____c6_1____4_fair.csv;t_67c3f7ce5eab8804____c6_1____1__t_67c3f7ce5eab8804____c6_1____0_fair.csv;t_67c3f7ce5eab8804____c6_1____1__t_67c3f7ce5eab8804____c16_0____2_fair.csv;t_67c3f7ce5eab8804____c6_1____1__t_67c3f7ce5eab8804____c14_0____2_fair.csv;t_67c3f7ce5eab8804____c6_1____1__t_67c3f7ce5eab8804____c13_0____4_fair.csv,{}
tusSmall3,starmie,t_67c3f7ce5eab8804____c6_1____4_fair.csv,5,624,139,5,False,0.1885,1.0,0.008012820512820512,0.008012820512820512,29.089911580085754,29.089911580085754,t_67c3f7ce5eab8804____c6_1____3__t_67c3f7ce5eab8804____c6_1____4_fair.csv;t_67c3f7ce5eab8804____c6_1____3__t_67c3f7ce5eab8804____c6_1____0_fair.csv;t_67c3f7ce5eab8804____c6_1____3__t_67c3f7ce5eab8804____c16_0____2_fair.csv;t_67c3f7ce5eab8804____c6_1____3__t_67c3f7ce5eab8804____c14_0____2_fair.csv;t_67c3f7ce5eab8804____c6_1____3__t_67c3f7ce5eab8804____c13_0____4_fair.csv,{}
tusSmall3,starmie,t_67c3f7ce5eab8804____c6_1____4_fair.csv,10,624,139,10,False,0.1737,1.0,0.016025641025641024,0.016025641025641024,57.89531069993973,57.89531069993973,t_67c3f7ce5eab8804____c6_1____3__t_67c3f7ce5eab8804____c6_1____4_fair.csv;t_67c3f7ce5eab8804____c6_1____3__t_67c3f7ce5eab8804____c6_1____0_fair.csv;t_67c3f7ce5eab8804____c6_1____3__t_67c3f7ce5eab8804____c16_0____2_fair.csv;t_67c3f7ce5eab8804____c6_1____3__t_67c3f7ce5eab8804____c14_0____2_fair.csv;t_67c3f7ce5eab8804____c6_1____3__t_67c3f7ce5eab8804____c13_0____4_fair.csv;t_67c3f7ce5eab8804____c6_1____3__t_67c3f7ce5eab8804____c13_0____0_fair.csv;t_67c3f7ce5eab8804____c6_1____3__t_67c3f7ce5eab8804____c12_0____1_fair.csv;t_67c3f7ce5eab8804____c6_1____3.csv;t_67c3f7ce5eab8804____c6_1____2__t_67c3f7ce5eab8804____c6_1____4_fair.csv;t_67c3f7ce5eab8804____c6_1____2__t_67c3f7ce5eab8804____c6_1____0_fair.csv,{}
tusSmall3,starmie,t_67c3f7ce5eab8804____c6_1____4_fair.csv,20,624,139,20,False,0.1423,1.0,0.03205128205128205,0.03205128205128205,114.97276502847672,114.97276502847672,t_67c3f7ce5eab8804____c6_1____3__t_67c3f7ce5eab8804____c6_1____4_fair.csv;t_67c3f7ce5eab8804____c6_1____3__t_67c3f7ce5eab8804____c6_1____0_fair.csv;t_67c3f7ce5eab8804____c6_1____3__t_67c3f7ce5eab8804____c16_0____2_fair.csv;t_67c3f7ce5eab8804____c6_1____3__t_67c3f7ce5eab8804____c14_0____2_fair.csv;t_67c3f7ce5eab8804____c6_1____3__t_67c3f7ce5eab8804____c13_0____4_fair.csv;t_67c3f7ce5eab8804____c6_1____3__t_67c3f7ce5eab8804____c13_0____0_fair.csv;t_67c3f7ce5eab8804____c6_1____3__t_67c3f7ce5eab8804____c12_0____1_fair.csv;t_67c3f7ce5eab8804____c6_1____3.csv;t_67c3f7ce5eab8804____c6_1____2__t_67c3f7ce5eab8804____c6_1____4_fair.csv;t_67c3f7ce5eab8804____c6_1____2__t_67c3f7ce5eab8804____c6_1____0_fair.csv;t_67c3f7ce5eab8804____c6_1____2__t_67c3f7ce5eab8804____c16_0____2_fair.csv;t_67c3f7ce5eab8804____c6_1____2__t_67c3f7ce5eab8804____c14_0____2_fair.csv;t_67c3f7ce5eab8804____c6_1____2__t_67c3f7ce5eab8804____c13_0____4_fair.csv;t_67c3f7ce5eab8804____c6_1____2__t_67c3f7ce5eab8804____c13_0____0_fair.csv;t_67c3f7ce5eab8804____c6_1____2__t_67c3f7ce5eab8804____c12_0____1_fair.csv;t_67c3f7ce5eab8804____c6_1____1__t_67c3f7ce5eab8804____c6_1____4_fair.csv;t_67c3f7ce5eab8804____c6_1____1__t_67c3f7ce5eab8804____c6_1____0_fair.csv;t_67c3f7ce5eab8804____c6_1____1__t_67c3f7ce5eab8804____c16_0____2_fair.csv;t_67c3f7ce5eab8804____c6_1____1__t_67c3f7ce5eab8804____c14_0____2_fair.csv;t_67c3f7ce5eab8804____c6_1____1__t_67c3f7ce5eab8804____c13_0____4_fair.csv,{}
tusSmall3,starmie,t_67c3f7ce5eab8804____c15_0____3_fair.csv,5,517,71,5,False,0.1463,1.0,0.009671179883945842,0.009671179883945842,73.47264140844345,73.47264140844345,t_67c3f7ce5eab8804____c15_1____4__t_67c3f7ce5eab8804____c6_1____4_fair.csv;t_67c3f7ce5eab8804____c15_1____4__t_67c3f7ce5eab8804____c6_1____0_fair.csv;t_67c3f7ce5eab8804____c15_1____4__t_67c3f7ce5eab8804____c4_1____1_fair.csv;t_67c3f7ce5eab8804____c15_1____4__t_67c3f7ce5eab8804____c16_0____2_fair.csv;t_67c3f7ce5eab8804____c15_1____4__t_67c3f7ce5eab8804____c15_0____3_fair.csv,{}
tusSmall3,starmie,t_67c3f7ce5eab8804____c15_0____3_fair.csv,10,517,71,10,False,0.0815,1.0,0.019342359767891684,0.019342359767891684,146.88017356395721,146.88017356395721,t_67c3f7ce5eab8804____c15_1____4__t_67c3f7ce5eab8804____c6_1____4_fair.csv;t_67c3f7ce5eab8804____c15_1____4__t_67c3f7ce5eab8804____c6_1____0_fair.csv;t_67c3f7ce5eab8804____c15_1____4__t_67c3f7ce5eab8804____c4_1____1_fair.csv;t_67c3f7ce5eab8804____c15_1____4__t_67c3f7ce5eab8804____c16_0____2_fair.csv;t_67c3f7ce5eab8804____c15_1____4__t_67c3f7ce5eab8804____c15_0____3_fair.csv;t_67c3f7ce5eab8804____c15_1____4__t_67c3f7ce5eab8804____c14_0____2_fair.csv;t_67c3f7ce5eab8804____c15_1____4__t_67c3f7ce5eab8804____c13_0____4_fair.csv;t_67c3f7ce5eab8804____c15_1____4__t_67c3f7ce5eab8804____c13_0____0_fair.csv;t_67c3f7ce5eab8804____c15_1____4__t_67c3f7ce5eab8804____c12_0____1_fair.csv;t_67c3f7ce5eab8804____c16_0____3__t_67c3f7ce5eab8804____c6_1____4_fair.csv,{}
tusSmall3,starmie,t_67c3f7ce5eab8804____c15_0____3_fair.csv,20,517,71,20,False,0.0447,1.0,0.03868471953578337,0.03868471953578337,293.14894276857376,293.14894276857376,t_67c3f7ce5eab8804____c15_1____4__t_67c3f7ce5eab8804____c6_1____4_fair.csv;t_67c3f7ce5eab8804____c15_1____4__t_67c3f7ce5eab8804____c6_1____0_fair.csv;t_67c3f7ce5eab8804____c15_1____4__t_67c3f7ce5eab8804____c4_1____1_fair.csv;t_67c3f7ce5eab8804____c15_1____4__t_67c3f7ce5eab8804____c16_0____2_fair.csv;t_67c3f7ce5eab8804____c15_1____4__t_67c3f7ce5eab8804____c15_0____3_fair.csv;t_67c3f7ce5eab8804____c15_1____4__t_67c3f7ce5eab8804____c14_0____2_fair.csv;t_67c3f7ce5eab8804____c15_1____4__t_67c3f7ce5eab8804____c13_0____4_fair.csv;t_67c3f7ce5eab8804____c15_1____4__t_67c3f7ce5eab8804____c13_0____0_fair.csv;t_67c3f7ce5eab8804____c15_1____4__t_67c3f7ce5eab8804____c12_0____1_fair.csv;t_67c3f7ce5eab8804____c16_0____3__t_67c3f7ce5eab8804____c6_1____4_fair.csv;t_67c3f7ce5eab8804____c16_0____3__t_67c3f7ce5eab8804____c6_1____0_fair.csv;t_67c3f7ce5eab8804____c16_0____3__t_67c3f7ce5eab8804____c4_1____1_fair.csv;t_67c3f7ce5eab8804____c16_0____3__t_67c3f7ce5eab8804____c16_0____2_fair.csv;t_67c3f7ce5eab8804____c16_0____3__t_67c3f7ce5eab8804____c15_0____3_fair.csv;t_67c3f7ce5eab8804____c16_0____3__t_67c3f7ce5eab8804____c14_0____2_fair.csv;t_67c3f7ce5eab8804____c16_0____3__t_67c3f7ce5eab8804____c13_0____4_fair.csv;t_67c3f7ce5eab8804____c16_0____3__t_67c3f7ce5eab8804____c13_0____0_fair.csv;t_67c3f7ce5eab8804____c16_0____3__t_67c3f7ce5eab8804____c12_0____1_fair.csv;t_67c3f7ce5eab8804____c16_0____3.csv;t_67c3f7ce5eab8804____c15_1____4.csv,{}
tusSmall3,starmie,t_356fc1eaad97f93b____c22_1____1_fair.csv,5,1080,60,5,True,0.323,1.0,0.004629629629629629,0.004629629629629629,102.71859914064407,102.71859914064407,t_356fc1eaad97f93b____c22_0____1__t_356fc1eaad97f93b____c6_1____2_fair.csv;t_356fc1eaad97f93b____c22_0____1__t_356fc1eaad97f93b____c9_0____4_fair.csv;t_356fc1eaad97f93b____c22_0____1__t_356fc1eaad97f93b____c22_1____2_fair.csv;t_356fc1eaad97f93b____c22_0____1__t_356fc1eaad97f93b____c22_1____1_fair.csv;t_356fc1eaad97f93b____c22_0____1__t_356fc1eaad97f93b____c21_1____2_fair.csv,{}
tusSmall3,starmie,t_356fc1eaad97f93b____c22_1____1_fair.csv,10,1080,60,10,True,0.3264,1.0,0.009259259259259259,0.009259259259259259,205.42950004339218,205.42950004339218,t_356fc1eaad97f93b____c22_0____1__t_356fc1eaad97f93b____c6_1____2_fair.csv;t_356fc1eaad97f93b____c22_0____1__t_356fc1eaad97f93b____c9_0____4_fair.csv;t_356fc1eaad97f93b____c22_0____1__t_356fc1eaad97f93b____c22_1____2_fair.csv;t_356fc1eaad97f93b____c22_0____1__t_356fc1eaad97f93b____c22_1____1_fair.csv;t_356fc1eaad97f93b____c22_0____1__t_356fc1eaad97f93b____c21_1____2_fair.csv;t_356fc1eaad97f93b____c22_0____1__t_356fc1eaad97f93b____c20_1____3_fair.csv;t_356fc1eaad97f93b____c22_0____1__t_356fc1eaad97f93b____c19_1____1_fair.csv;t_356fc1eaad97f93b____c22_0____1__t_356fc1eaad97f93b____c19_0____0_fair.csv;t_356fc1eaad97f93b____c22_0____1__t_356fc1eaad97f93b____c18_0____0_fair.csv;t_356fc1eaad97f93b____c22_0____1__t_356fc1eaad97f93b____c15_1____2_fair.csv,{}
tusSmall3,starmie,t_356fc1eaad97f93b____c22_1____1_fair.csv,20,1080,60,20,False,0.1812,1.0,0.018518518518518517,0.018518518518518517,409.9271144270897,409.9271144270897,t_356fc1eaad97f93b____c22_0____1__t_356fc1eaad97f93b____c6_1____2_fair.csv;t_356fc1eaad97f93b____c22_0____1__t_356fc1eaad97f93b____c9_0____4_fair.csv;t_356fc1eaad97f93b____c22_0____1__t_356fc1eaad97f93b____c22_1____2_fair.csv;t_356fc1eaad97f93b____c22_0____1__t_356fc1eaad97f93b____c22_1____1_fair.csv;t_356fc1eaad97f93b____c22_0____1__t_356fc1eaad97f93b____c21_1____2_fair.csv;t_356fc1eaad97f93b____c22_0____1__t_356fc1eaad97f93b____c20_1____3_fair.csv;t_356fc1eaad97f93b____c22_0____1__t_356fc1eaad97f93b____c19_1____1_fair.csv;t_356fc1eaad97f93b____c22_0____1__t_356fc1eaad97f93b____c19_0____0_fair.csv;t_356fc1eaad97f93b____c22_0____1__t_356fc1eaad97f93b____c18_0____0_fair.csv;t_356fc1eaad97f93b____c22_0____1__t_356fc1eaad97f93b____c15_1____2_fair.csv;t_356fc1eaad97f93b____c22_0____1.csv;t_356fc1eaad97f93b____c23_0____1__t_356fc1eaad97f93b____c9_0____4_fair.csv;t_356fc1eaad97f93b____c23_0____1__t_356fc1eaad97f93b____c7_1____2_fair.csv;t_356fc1eaad97f93b____c23_0____1__t_356fc1eaad97f93b____c22_1____2_fair.csv;t_356fc1eaad97f93b____c23_0____1__t_356fc1eaad97f93b____c22_1____1_fair.csv;t_356fc1eaad97f93b____c23_0____1__t_356fc1eaad97f93b____c21_1____2_fair.csv;t_356fc1eaad97f93b____c23_0____1__t_356fc1eaad97f93b____c20_1____3_fair.csv;t_356fc1eaad97f93b____c23_0____1__t_356fc1eaad97f93b____c19_1____1_fair.csv;t_356fc1eaad97f93b____c23_0____1__t_356fc1eaad97f93b____c19_0____0_fair.csv;t_356fc1eaad97f93b____c23_0____1__t_356fc1eaad97f93b____c18_0____0_fair.csv,{}
tusSmall3,starmie,t_93f3d6f7fc6aa6ff____c11_1____3_fair.csv,5,1173,91,5,False,0.0663,0.0,0.0,0.004262574595055414,48.75775188207626,48.75775188207626,t_93f3d6f7fc6aa6ff____c12_1____0__t_93f3d6f7fc6aa6ff____c9_0____3_fair.csv;t_93f3d6f7fc6aa6ff____c12_1____0__t_93f3d6f7fc6aa6ff____c7_0____4_fair.csv;t_93f3d6f7fc6aa6ff____c12_1____0__t_93f3d6f7fc6aa6ff____c7_0____2_fair.csv;t_93f3d6f7fc6aa6ff____c12_1____0__t_93f3d6f7fc6aa6ff____c3_1____2_fair.csv;t_93f3d6f7fc6aa6ff____c12_1____0__t_93f3d6f7fc6aa6ff____c19_1____2_fair.csv,{}
tusSmall3,starmie,t_93f3d6f7fc6aa6ff____c11_1____3_fair.csv,10,1173,91,10,False,0.0378,0.0,0.0,0.008525149190110827,97.36516517400742,97.36516517400742,t_93f3d6f7fc6aa6ff____c12_1____0__t_93f3d6f7fc6aa6ff____c9_0____3_fair.csv;t_93f3d6f7fc6aa6ff____c12_1____0__t_93f3d6f7fc6aa6ff____c7_0____4_fair.csv;t_93f3d6f7fc6aa6ff____c12_1____0__t_93f3d6f7fc6aa6ff____c7_0____2_fair.csv;t_93f3d6f7fc6aa6ff____c12_1____0__t_93f3d6f7fc6aa6ff____c3_1____2_fair.csv;t_93f3d6f7fc6aa6ff____c12_1____0__t_93f3d6f7fc6aa6ff____c19_1____2_fair.csv;t_93f3d6f7fc6aa6ff____c12_1____0__t_93f3d6f7fc6aa6ff____c19_0____1_fair.csv;t_93f3d6f7fc6aa6ff____c12_1____0__t_93f3d6f7fc6aa6ff____c15_0____4_fair.csv;t_93f3d6f7fc6aa6ff____c12_1____0__t_93f3d6f7fc6aa6ff____c12_1____1_fair.csv;t_93f3d6f7fc6aa6ff____c12_1____0.csv;t_93f3d6f7fc6aa6ff____c12_1____3__t_93f3d6f7fc6aa6ff____c9_0____3_fair.csv,{}
tusSmall3,starmie,t_93f3d6f7fc6aa6ff____c11_1____3_fair.csv,20,1173,91,20,False,0.0205,0.05,0.0008525149190110827,0.017050298380221655,193.07761734724045,193.07761734724045,t_93f3d6f7fc6aa6ff____c12_1____0__t_93f3d6f7fc6aa6ff____c9_0____3_fair.csv;t_93f3d6f7fc6aa6ff____c12_1____0__t_93f3d6f7fc6aa6ff____c7_0____4_fair.csv;t_93f3d6f7fc6aa6ff____c12_1____0__t_93f3d6f7fc6aa6ff____c7_0____2_fair.csv;t_93f3d6f7fc6aa6ff____c12_1____0__t_93f3d6f7fc6aa6ff____c3_1____2_fair.csv;t_93f3d6f7fc6aa6ff____c12_1____0__t_93f3d6f7fc6aa6ff____c19_1____2_fair.csv;t_93f3d6f7fc6aa6ff____c12_1____0__t_93f3d6f7fc6aa6ff____c19_0____1_fair.csv;t_93f3d6f7fc6aa6ff____c12_1____0__t_93f3d6f7fc6aa6ff____c15_0____4_fair.csv;t_93f3d6f7fc6aa6ff____c12_1____0__t_93f3d6f7fc6aa6ff____c12_1____1_fair.csv;t_93f3d6f7fc6aa6ff____c12_1____0.csv;t_93f3d6f7fc6aa6ff____c12_1____3__t_93f3d6f7fc6aa6ff____c9_0____3_fair.csv;t_93f3d6f7fc6aa6ff____c12_1____3__t_93f3d6f7fc6aa6ff____c7_0____4_fair.csv;t_93f3d6f7fc6aa6ff____c12_1____3__t_93f3d6f7fc6aa6ff____c7_0____2_fair.csv;t_93f3d6f7fc6aa6ff____c12_1____3__t_93f3d6f7fc6aa6ff____c3_1____2_fair.csv;t_93f3d6f7fc6aa6ff____c12_1____3__t_93f3d6f7fc6aa6ff____c19_1____2_fair.csv;t_93f3d6f7fc6aa6ff____c12_1____3__t_93f3d6f7fc6aa6ff____c19_0____1_fair.csv;t_93f3d6f7fc6aa6ff____c12_1____3__t_93f3d6f7fc6aa6ff____c15_0____4_fair.csv;t_93f3d6f7fc6aa6ff____c12_1____3__t_93f3d6f7fc6aa6ff____c12_1____1_fair.csv;t_93f3d6f7fc6aa6ff____c13_1____0.csv;t_93f3d6f7fc6aa6ff____c12_1____3.csv;t_93f3d6f7fc6aa6ff____c15_1____3__t_93f3d6f7fc6aa6ff____c9_0____3_fair.csv,{}
tusSmall3,starmie,t_93f3d6f7fc6aa6ff____c11_0____4_fair.csv,5,889,94,5,False,0.0811,1.0,0.00562429696287964,0.00562429696287964,52.06910693645477,52.06910693645477,t_93f3d6f7fc6aa6ff____c11_0____1.csv;t_93f3d6f7fc6aa6ff____c12_0____4.csv;t_93f3d6f7fc6aa6ff____c12_0____4__t_93f3d6f7fc6aa6ff____c5_0____2_fair.csv;t_93f3d6f7fc6aa6ff____c12_0____4__t_93f3d6f7fc6aa6ff____c21_0____3_fair.csv;t_93f3d6f7fc6aa6ff____c12_0____4__t_93f3d6f7fc6aa6ff____c15_1____2_fair.csv,{}
tusSmall3,starmie,t_93f3d6f7fc6aa6ff____c11_0____4_fair.csv,10,889,94,10,False,0.042,1.0,0.01124859392575928,0.01124859392575928,104.02452439069748,104.02452439069748,t_93f3d6f7fc6aa6ff____c11_0____1.csv;t_93f3d6f7fc6aa6ff____c12_0____4.csv;t_93f3d6f7fc6aa6ff____c12_0____4__t_93f3d6f7fc6aa6ff____c5_0____2_fair.csv;t_93f3d6f7fc6aa6ff____c12_0____4__t_93f3d6f7fc6aa6ff____c21_0____3_fair.csv;t_93f3d6f7fc6aa6ff____c12_0____4__t_93f3d6f7fc6aa6ff____c15_1____2_fair.csv;t_93f3d6f7fc6aa6ff____c12_0____4__t_93f3d6f7fc6aa6ff____c12_0____3_fair.csv;t_93f3d6f7fc6aa6ff____c12_0____4__t_93f3d6f7fc6aa6ff____c11_1____3_fair.csv;t_93f3d6f7fc6aa6ff____c12_0____4__t_93f3d6f7fc6aa6ff____c11_0____4_fair.csv;t_93f3d6f7fc6aa6ff____c11_0____1__t_93f3d6f7fc6aa6ff____c9_0____3_fair.csv;t_93f3d6f7fc6aa6ff____c11_0____1__t_93f3d6f7fc6aa6ff____c7_0____4_fair.csv,{}
tusSmall3,starmie,t_93f3d6f7fc6aa6ff____c11_0____4_fair.csv,20,889,94,20,False,0.0211,1.0,0.02249718785151856,0.02249718785151856,207.86671471595764,207.86671471595764,t_93f3d6f7fc6aa6ff____c11_0____1.csv;t_93f3d6f7fc6aa6ff____c12_0____4.csv;t_93f3d6f7fc6aa6ff____c12_0____4__t_93f3d6f7fc6aa6ff____c5_0____2_fair.csv;t_93f3d6f7fc6aa6ff____c12_0____4__t_93f3d6f7fc6aa6ff____c21_0____3_fair.csv;t_93f3d6f7fc6aa6ff____c12_0____4__t_93f3d6f7fc6aa6ff____c15_1____2_fair.csv;t_93f3d6f7fc6aa6ff____c12_0____4__t_93f3d6f7fc6aa6ff____c12_0____3_fair.csv;t_93f3d6f7fc6aa6ff____c12_0____4__t_93f3d6f7fc6aa6ff____c11_1____3_fair.csv;t_93f3d6f7fc6aa6ff____c12_0____4__t_93f3d6f7fc6aa6ff____c11_0____4_fair.csv;t_93f3d6f7fc6aa6ff____c11_0____1__t_93f3d6f7fc6aa6ff____c9_0____3_fair.csv;t_93f3d6f7fc6aa6ff____c11_0____1__t_93f3d6f7fc6aa6ff____c7_0____4_fair.csv;t_93f3d6f7fc6aa6ff____c11_0____1__t_93f3d6f7fc6aa6ff____c7_0____2_fair.csv;t_93f3d6f7fc6aa6ff____c11_0____1__t_93f3d6f7fc6aa6ff____c5_0____2_fair.csv;t_93f3d6f7fc6aa6ff____c11_0____1__t_93f3d6f7fc6aa6ff____c3_1____2_fair.csv;t_93f3d6f7fc6aa6ff____c11_0____1__t_93f3d6f7fc6aa6ff____c21_0____3_fair.csv;t_93f3d6f7fc6aa6ff____c11_0____1__t_93f3d6f7fc6aa6ff____c19_1____2_fair.csv;t_93f3d6f7fc6aa6ff____c11_0____1__t_93f3d6f7fc6aa6ff____c15_1____2_fair.csv;t_93f3d6f7fc6aa6ff____c11_0____1__t_93f3d6f7fc6aa6ff____c12_0____3_fair.csv;t_93f3d6f7fc6aa6ff____c11_0____1__t_93f3d6f7fc6aa6ff____c11_1____3_fair.csv;t_93f3d6f7fc6aa6ff____c11_0____1__t_93f3d6f7fc6aa6ff____c11_0____4_fair.csv;t_93f3d6f7fc6aa6ff____c11_0____0__t_93f3d6f7fc6aa6ff____c9_0____3_fair.csv,{}
tusSmall3,starmie,t_93f3d6f7fc6aa6ff____c12_0____3_fair.csv,5,1195,109,5,False,0.0899,0.4,0.0016736401673640166,0.0041841004184100415,43.50082969665527,43.50082969665527,t_93f3d6f7fc6aa6ff____c15_0____3.csv;t_93f3d6f7fc6aa6ff____c17_0____0.csv;t_93f3d6f7fc6aa6ff____c13_1____0__t_93f3d6f7fc6aa6ff____c9_0____3_fair.csv;t_93f3d6f7fc6aa6ff____c13_1____0__t_93f3d6f7fc6aa6ff____c7_0____4_fair.csv;t_93f3d6f7fc6aa6ff____c13_1____0__t_93f3d6f7fc6aa6ff____c7_0____2_fair.csv,{}
tusSmall3,starmie,t_93f3d6f7fc6aa6ff____c12_0____3_fair.csv,10,1195,109,10,False,0.0461,0.2,0.0016736401673640166,0.008368200836820083,86.3079503774643,86.3079503774643,t_93f3d6f7fc6aa6ff____c15_0____3.csv;t_93f3d6f7fc6aa6ff____c17_0____0.csv;t_93f3d6f7fc6aa6ff____c13_1____0__t_93f3d6f7fc6aa6ff____c9_0____3_fair.csv;t_93f3d6f7fc6aa6ff____c13_1____0__t_93f3d6f7fc6aa6ff____c7_0____4_fair.csv;t_93f3d6f7fc6aa6ff____c13_1____0__t_93f3d6f7fc6aa6ff____c7_0____2_fair.csv;t_93f3d6f7fc6aa6ff____c13_1____0__t_93f3d6f7fc6aa6ff____c3_1____2_fair.csv;t_93f3d6f7fc6aa6ff____c13_1____0__t_93f3d6f7fc6aa6ff____c19_1____2_fair.csv;t_93f3d6f7fc6aa6ff____c13_1____0__t_93f3d6f7fc6aa6ff____c19_0____1_fair.csv;t_93f3d6f7fc6aa6ff____c13_1____0__t_93f3d6f7fc6aa6ff____c15_0____4_fair.csv;t_93f3d6f7fc6aa6ff____c13_1____0__t_93f3d6f7fc6aa6ff____c12_1____1_fair.csv,{}
tusSmall3,starmie,t_93f3d6f7fc6aa6ff____c12_0____3_fair.csv,20,1195,109,20,False,0.0231,0.6,0.0100418410041841,0.016736401673640166,171.59136748313904,171.59136748313904,t_93f3d6f7fc6aa6ff____c15_0____3.csv;t_93f3d6f7fc6aa6ff____c17_0____0.csv;t_93f3d6f7fc6aa6ff____c13_1____0__t_93f3d6f7fc6aa6ff____c9_0____3_fair.csv;t_93f3d6f7fc6aa6ff____c13_1____0__t_93f3d6f7fc6aa6ff____c7_0____4_fair.csv;t_93f3d6f7fc6aa6ff____c13_1____0__t_93f3d6f7fc6aa6ff____c7_0____2_fair.csv;t_93f3d6f7fc6aa6ff____c13_1____0__t_93f3d6f7fc6aa6ff____c3_1____2_fair.csv;t_93f3d6f7fc6aa6ff____c13_1____0__t_93f3d6f7fc6aa6ff____c19_1____2_fair.csv;t_93f3d6f7fc6aa6ff____c13_1____0__t_93f3d6f7fc6aa6ff____c19_0____1_fair.csv;t_93f3d6f7fc6aa6ff____c13_1____0__t_93f3d6f7fc6aa6ff____c15_0____4_fair.csv;t_93f3d6f7fc6aa6ff____c13_1____0__t_93f3d6f7fc6aa6ff____c12_1____1_fair.csv;t_93f3d6f7fc6aa6ff____c13_0____0__t_93f3d6f7fc6aa6ff____c9_0____3_fair.csv;t_93f3d6f7fc6aa6ff____c13_0____0__t_93f3d6f7fc6aa6ff____c7_0____4_fair.csv;t_93f3d6f7fc6aa6ff____c13_0____0__t_93f3d6f7fc6aa6ff____c7_0____2_fair.csv;t_93f3d6f7fc6aa6ff____c13_0____0__t_93f3d6f7fc6aa6ff____c5_0____2_fair.csv;t_93f3d6f7fc6aa6ff____c13_0____0__t_93f3d6f7fc6aa6ff____c3_1____2_fair.csv;t_93f3d6f7fc6aa6ff____c13_0____0__t_93f3d6f7fc6aa6ff____c21_0____3_fair.csv;t_93f3d6f7fc6aa6ff____c13_0____0__t_93f3d6f7fc6aa6ff____c19_1____2_fair.csv;t_93f3d6f7fc6aa6ff____c13_0____0__t_93f3d6f7fc6aa6ff____c19_0____1_fair.csv;t_93f3d6f7fc6aa6ff____c13_0____0__t_93f3d6f7fc6aa6ff____c15_1____2_fair.csv;t_93f3d6f7fc6aa6ff____c13_0____0__t_93f3d6f7fc6aa6ff____c12_1____1_fair.csv,{}
tusSmall3,starmie,t_67c3f7ce5eab8804____c16_0____2_fair.csv,5,454,74,5,False,0.2068,1.0,0.011013215859030838,0.011013215859030838,78.19593495130539,78.19593495130539,t_67c3f7ce5eab8804____c16_0____4.csv;t_67c3f7ce5eab8804____c16_0____4__t_67c3f7ce5eab8804____c6_1____4_fair.csv;t_67c3f7ce5eab8804____c16_0____4__t_67c3f7ce5eab8804____c6_1____0_fair.csv;t_67c3f7ce5eab8804____c16_0____4__t_67c3f7ce5eab8804____c4_1____1_fair.csv;t_67c3f7ce5eab8804____c16_0____4__t_67c3f7ce5eab8804____c16_0____2_fair.csv,{}
tusSmall3,starmie,t_67c3f7ce5eab8804____c16_0____2_fair.csv,10,454,74,10,False,0.1276,1.0,0.022026431718061675,0.022026431718061675,156.37768840789795,156.37768840789795,t_67c3f7ce5eab8804____c16_0____4.csv;t_67c3f7ce5eab8804____c16_0____4__t_67c3f7ce5eab8804____c6_1____4_fair.csv;t_67c3f7ce5eab8804____c16_0____4__t_67c3f7ce5eab8804____c6_1____0_fair.csv;t_67c3f7ce5eab8804____c16_0____4__t_67c3f7ce5eab8804____c4_1____1_fair.csv;t_67c3f7ce5eab8804____c16_0____4__t_67c3f7ce5eab8804____c16_0____2_fair.csv;t_67c3f7ce5eab8804____c16_0____4__t_67c3f7ce5eab8804____c15_0____3_fair.csv;t_67c3f7ce5eab8804____c16_0____4__t_67c3f7ce5eab8804____c14_0____2_fair.csv;t_67c3f7ce5eab8804____c16_0____4__t_67c3f7ce5eab8804____c13_0____4_fair.csv;t_67c3f7ce5eab8804____c16_0____4__t_67c3f7ce5eab8804____c13_0____0_fair.csv;t_67c3f7ce5eab8804____c16_0____4__t_67c3f7ce5eab8804____c12_0____1_fair.csv,{}
tusSmall3,starmie,t_67c3f7ce5eab8804____c16_0____2_fair.csv,20,454,74,20,False,0.1055,1.0,0.04405286343612335,0.04405286343612335,311.4425306916237,311.4425306916237,t_67c3f7ce5eab8804____c16_0____4.csv;t_67c3f7ce5eab8804____c16_0____4__t_67c3f7ce5eab8804____c6_1____4_fair.csv;t_67c3f7ce5eab8804____c16_0____4__t_67c3f7ce5eab8804____c6_1____0_fair.csv;t_67c3f7ce5eab8804____c16_0____4__t_67c3f7ce5eab8804____c4_1____1_fair.csv;t_67c3f7ce5eab8804____c16_0____4__t_67c3f7ce5eab8804____c16_0____2_fair.csv;t_67c3f7ce5eab8804____c16_0____4__t_67c3f7ce5eab8804____c15_0____3_fair.csv;t_67c3f7ce5eab8804____c16_0____4__t_67c3f7ce5eab8804____c14_0____2_fair.csv;t_67c3f7ce5eab8804____c16_0____4__t_67c3f7ce5eab8804____c13_0____4_fair.csv;t_67c3f7ce5eab8804____c16_0____4__t_67c3f7ce5eab8804____c13_0____0_fair.csv;t_67c3f7ce5eab8804____c16_0____4__t_67c3f7ce5eab8804____c12_0____1_fair.csv;t_67c3f7ce5eab8804____c16_0____1__t_67c3f7ce5eab8804____c6_1____4_fair.csv;t_67c3f7ce5eab8804____c16_0____1__t_67c3f7ce5eab8804____c6_1____0_fair.csv;t_67c3f7ce5eab8804____c16_0____1__t_67c3f7ce5eab8804____c4_1____1_fair.csv;t_67c3f7ce5eab8804____c16_0____1__t_67c3f7ce5eab8804____c16_0____2_fair.csv;t_67c3f7ce5eab8804____c16_0____1__t_67c3f7ce5eab8804____c15_0____3_fair.csv;t_67c3f7ce5eab8804____c16_0____1__t_67c3f7ce5eab8804____c14_0____2_fair.csv;t_67c3f7ce5eab8804____c16_0____1__t_67c3f7ce5eab8804____c13_0____4_fair.csv;t_67c3f7ce5eab8804____c16_0____1__t_67c3f7ce5eab8804____c13_0____0_fair.csv;t_67c3f7ce5eab8804____c16_0____1__t_67c3f7ce5eab8804____c12_0____1_fair.csv;t_67c3f7ce5eab8804____c16_0____0__t_67c3f7ce5eab8804____c6_1____4_fair.csv,{}
tusSmall3,starmie,t_93f3d6f7fc6aa6ff____c3_1____2_fair.csv,5,1080,156,5,True,0.3235,1.0,0.004629629629629629,0.004629629629629629,13.714739561080933,13.714739561080933,t_93f3d6f7fc6aa6ff____c3_1____1__t_93f3d6f7fc6aa6ff____c9_0____3_fair.csv;t_93f3d6f7fc6aa6ff____c3_1____1__t_93f3d6f7fc6aa6ff____c3_1____2_fair.csv;t_93f3d6f7fc6aa6ff____c3_1____1__t_93f3d6f7fc6aa6ff____c19_1____2_fair.csv;t_93f3d6f7fc6aa6ff____c3_1____1.csv;t_93f3d6f7fc6aa6ff____c3_1____4__t_93f3d6f7fc6aa6ff____c9_0____3_fair.csv,{}
tusSmall3,starmie,t_93f3d6f7fc6aa6ff____c3_1____2_fair.csv,10,1080,156,10,False,0.2296,0.8,0.007407407407407408,0.009259259259259259,26.843518257141113,26.843518257141113,t_93f3d6f7fc6aa6ff____c3_1____1__t_93f3d6f7fc6aa6ff____c9_0____3_fair.csv;t_93f3d6f7fc6aa6ff____c3_1____1__t_93f3d6f7fc6aa6ff____c3_1____2_fair.csv;t_93f3d6f7fc6aa6ff____c3_1____1__t_93f3d6f7fc6aa6ff____c19_1____2_fair.csv;t_93f3d6f7fc6aa6ff____c3_1____1.csv;t_93f3d6f7fc6aa6ff____c3_1____4__t_93f3d6f7fc6aa6ff____c9_0____3_fair.csv;t_93f3d6f7fc6aa6ff____c3_1____4__t_93f3d6f7fc6aa6ff____c3_1____2_fair.csv;t_93f3d6f7fc6aa6ff____c3_1____4__t_93f3d6f7fc6aa6ff____c19_1____2_fair.csv;t_93f3d6f7fc6aa6ff____c3_1____4.csv;t_93f3d6f7fc6aa6ff____c5_1____2__t_93f3d6f7fc6aa6ff____c7_0____4_fair.csv;t_93f3d6f7fc6aa6ff____c5_1____2__t_93f3d6f7fc6aa6ff____c7_0____2_fair.csv,{}
tusSmall3,starmie,t_93f3d6f7fc6aa6ff____c3_1____2_fair.csv,20,1080,156,20,False,0.1588,0.9,0.016666666666666666,0.018518518518518517,52.108316004276276,52.108316004276276,t_93f3d6f7fc6aa6ff____c3_1____1__t_93f3d6f7fc6aa6ff____c9_0____3_fair.csv;t_93f3d6f7fc6aa6ff____c3_1____1__t_93f3d6f7fc6aa6ff____c3_1____2_fair.csv;t_93f3d6f7fc6aa6ff____c3_1____1__t_93f3d6f7fc6aa6ff____c19_1____2_fair.csv;t_93f3d6f7fc6aa6ff____c3_1____1.csv;t_93f3d6f7fc6aa6ff____c3_1____4__t_93f3d6f7fc6aa6ff____c9_0____3_fair.csv;t_93f3d6f7fc6aa6ff____c3_1____4__t_93f3d6f7fc6aa6ff____c3_1____2_fair.csv;t_93f3d6f7fc6aa6ff____c3_1____4__t_93f3d6f7fc6aa6ff____c19_1____2_fair.csv;t_93f3d6f7fc6aa6ff____c3_1____4.csv;t_93f3d6f7fc6aa6ff____c5_1____2__t_93f3d6f7fc6aa6ff____c7_0____4_fair.csv;t_93f3d6f7fc6aa6ff____c5_1____2__t_93f3d6f7fc6aa6ff____c7_0____2_fair.csv;t_93f3d6f7fc6aa6ff____c9_0____2__t_93f3d6f7fc6aa6ff____c9_0____3_fair.csv;t_93f3d6f7fc6aa6ff____c9_0____2__t_93f3d6f7fc6aa6ff____c5_0____2_fair.csv;t_93f3d6f7fc6aa6ff____c9_0____2__t_93f3d6f7fc6aa6ff____c3_1____2_fair.csv;t_93f3d6f7fc6aa6ff____c9_0____2__t_93f3d6f7fc6aa6ff____c21_0____3_fair.csv;t_93f3d6f7fc6aa6ff____c9_0____2__t_93f3d6f7fc6aa6ff____c19_1____2_fair.csv;t_93f3d6f7fc6aa6ff____c9_0____2__t_93f3d6f7fc6aa6ff____c15_1____2_fair.csv;t_93f3d6f7fc6aa6ff____c9_0____2__t_93f3d6f7fc6aa6ff____c12_0____3_fair.csv;t_93f3d6f7fc6aa6ff____c7_1____0.csv;t_93f3d6f7fc6aa6ff____c3_1____3__t_93f3d6f7fc6aa6ff____c9_0____3_fair.csv;t_93f3d6f7fc6aa6ff____c3_1____3__t_93f3d6f7fc6aa6ff____c3_1____2_fair.csv,{}
tusSmall3,starmie,t_93f3d6f7fc6aa6ff____c12_1____1_fair.csv,5,1135,93,5,False,0.0739,0.0,0.0,0.004405286343612335,57.4422287940979,57.4422287940979,t_93f3d6f7fc6aa6ff____c14_0____1__t_93f3d6f7fc6aa6ff____c9_0____3_fair.csv;t_93f3d6f7fc6aa6ff____c14_0____1__t_93f3d6f7fc6aa6ff____c7_0____4_fair.csv;t_93f3d6f7fc6aa6ff____c14_0____1__t_93f3d6f7fc6aa6ff____c7_0____2_fair.csv;t_93f3d6f7fc6aa6ff____c14_0____1__t_93f3d6f7fc6aa6ff____c5_0____2_fair.csv;t_93f3d6f7fc6aa6ff____c14_0____1__t_93f3d6f7fc6aa6ff____c3_1____2_fair.csv,{}
tusSmall3,starmie,t_93f3d6f7fc6aa6ff____c12_1____1_fair.csv,10,1135,93,10,False,0.0396,0.0,0.0,0.00881057268722467,114.8844575881958,114.8844575881958,t_93f3d6f7fc6aa6ff____c14_0____1__t_93f3d6f7fc6aa6ff____c9_0____3_fair.csv;t_93f3d6f7fc6aa6ff____c14_0____1__t_93f3d6f7fc6aa6ff____c7_0____4_fair.csv;t_93f3d6f7fc6aa6ff____c14_0____1__t_93f3d6f7fc6aa6ff____c7_0____2_fair.csv;t_93f3d6f7fc6aa6ff____c14_0____1__t_93f3d6f7fc6aa6ff____c5_0____2_fair.csv;t_93f3d6f7fc6aa6ff____c14_0____1__t_93f3d6f7fc6aa6ff____c3_1____2_fair.csv;t_93f3d6f7fc6aa6ff____c14_0____1__t_93f3d6f7fc6aa6ff____c21_0____3_fair.csv;t_93f3d6f7fc6aa6ff____c14_0____1__t_93f3d6f7fc6aa6ff____c19_1____2_fair.csv;t_93f3d6f7fc6aa6ff____c14_0____1__t_93f3d6f7fc6aa6ff____c15_1____2_fair.csv;t_93f3d6f7fc6aa6ff____c14_0____1__t_93f3d6f7fc6aa6ff____c15_0____4_fair.csv;t_93f3d6f7fc6aa6ff____c14_0____1__t_93f3d6f7fc6aa6ff____c12_0____3_fair.csv,{}
tusSmall3,starmie,t_93f3d6f7fc6aa6ff____c12_1____1_fair.csv,20,1135,93,20,False,0.0207,0.4,0.007048458149779736,0.01762114537444934,229.55286180973053,229.55286180973053,t_93f3d6f7fc6aa6ff____c14_0____1__t_93f3d6f7fc6aa6ff____c9_0____3_fair.csv;t_93f3d6f7fc6aa6ff____c14_0____1__t_93f3d6f7fc6aa6ff____c7_0____4_fair.csv;t_93f3d6f7fc6aa6ff____c14_0____1__t_93f3d6f7fc6aa6ff____c7_0____2_fair.csv;t_93f3d6f7fc6aa6ff____c14_0____1__t_93f3d6f7fc6aa6ff____c5_0____2_fair.csv;t_93f3d6f7fc6aa6ff____c14_0____1__t_93f3d6f7fc6aa6ff____c3_1____2_fair.csv;t_93f3d6f7fc6aa6ff____c14_0____1__t_93f3d6f7fc6aa6ff____c21_0____3_fair.csv;t_93f3d6f7fc6aa6ff____c14_0____1__t_93f3d6f7fc6aa6ff____c19_1____2_fair.csv;t_93f3d6f7fc6aa6ff____c14_0____1__t_93f3d6f7fc6aa6ff____c15_1____2_fair.csv;t_93f3d6f7fc6aa6ff____c14_0____1__t_93f3d6f7fc6aa6ff____c15_0____4_fair.csv;t_93f3d6f7fc6aa6ff____c14_0____1__t_93f3d6f7fc6aa6ff____c12_0____3_fair.csv;t_93f3d6f7fc6aa6ff____c13_1____1__t_93f3d6f7fc6aa6ff____c9_0____3_fair.csv;t_93f3d6f7fc6aa6ff____c13_1____1__t_93f3d6f7fc6aa6ff____c7_0____4_fair.csv;t_93f3d6f7fc6aa6ff____c13_1____1__t_93f3d6f7fc6aa6ff____c7_0____2_fair.csv;t_93f3d6f7fc6aa6ff____c13_1____1__t_93f3d6f7fc6aa6ff____c3_1____2_fair.csv;t_93f3d6f7fc6aa6ff____c13_1____1__t_93f3d6f7fc6aa6ff____c19_1____2_fair.csv;t_93f3d6f7fc6aa6ff____c13_1____1__t_93f3d6f7fc6aa6ff____c19_0____1_fair.csv;t_93f3d6f7fc6aa6ff____c13_1____1__t_93f3d6f7fc6aa6ff____c15_0____4_fair.csv;t_93f3d6f7fc6aa6ff____c13_1____1__t_93f3d6f7fc6aa6ff____c12_1____1_fair.csv;t_93f3d6f7fc6aa6ff____c15_1____1__t_93f3d6f7fc6aa6ff____c9_0____3_fair.csv;t_93f3d6f7fc6aa6ff____c15_1____1__t_93f3d6f7fc6aa6ff____c7_0____4_fair.csv,{}
tusSmall3,starmie,t_356fc1eaad97f93b____c22_1____2_fair.csv,5,1080,56,5,False,0.2783,1.0,0.004629629629629629,0.004629629629629629,105.36695271730423,105.36695271730423,t_356fc1eaad97f93b____c22_0____2.csv;t_356fc1eaad97f93b____c22_0____2__t_356fc1eaad97f93b____c9_0____4_fair.csv;t_356fc1eaad97f93b____c22_0____2__t_356fc1eaad97f93b____c22_1____2_fair.csv;t_356fc1eaad97f93b____c22_0____2__t_356fc1eaad97f93b____c22_1____1_fair.csv;t_356fc1eaad97f93b____c22_0____2__t_356fc1eaad97f93b____c21_1____2_fair.csv,{}
tusSmall3,starmie,t_356fc1eaad97f93b____c22_1____2_fair.csv,10,1080,56,10,False,0.2566,1.0,0.009259259259259259,0.009259259259259259,210.7243713736534,210.7243713736534,t_356fc1eaad97f93b____c22_0____2.csv;t_356fc1eaad97f93b____c22_0____2__t_356fc1eaad97f93b____c9_0____4_fair.csv;t_356fc1eaad97f93b____c22_0____2__t_356fc1eaad97f93b____c22_1____2_fair.csv;t_356fc1eaad97f93b____c22_0____2__t_356fc1eaad97f93b____c22_1____1_fair.csv;t_356fc1eaad97f93b____c22_0____2__t_356fc1eaad97f93b____c21_1____2_fair.csv;t_356fc1eaad97f93b____c22_0____2__t_356fc1eaad97f93b____c20_1____3_fair.csv;t_356fc1eaad97f93b____c22_0____2__t_356fc1eaad97f93b____c19_1____1_fair.csv;t_356fc1eaad97f93b____c22_0____2__t_356fc1eaad97f93b____c19_0____0_fair.csv;t_356fc1eaad97f93b____c22_0____2__t_356fc1eaad97f93b____c18_0____0_fair.csv;t_356fc1eaad97f93b____c22_0____2__t_356fc1eaad97f93b____c15_1____2_fair.csv,{}
tusSmall3,starmie,t_356fc1eaad97f93b____c22_1____2_fair.csv,20,1080,56,20,False,0.1445,1.0,0.018518518518518517,0.018518518518518517,414.23922049999237,414.23922049999237,t_356fc1eaad97f93b____c22_0____2.csv;t_356fc1eaad97f93b____c22_0____2__t_356fc1eaad97f93b____c9_0____4_fair.csv;t_356fc1eaad97f93b____c22_0____2__t_356fc1eaad97f93b____c22_1____2_fair.csv;t_356fc1eaad97f93b____c22_0____2__t_356fc1eaad97f93b____c22_1____1_fair.csv;t_356fc1eaad97f93b____c22_0____2__t_356fc1eaad97f93b____c21_1____2_fair.csv;t_356fc1eaad97f93b____c22_0____2__t_356fc1eaad97f93b____c20_1____3_fair.csv;t_356fc1eaad97f93b____c22_0____2__t_356fc1eaad97f93b____c19_1____1_fair.csv;t_356fc1eaad97f93b____c22_0____2__t_356fc1eaad97f93b____c19_0____0_fair.csv;t_356fc1eaad97f93b____c22_0____2__t_356fc1eaad97f93b____c18_0____0_fair.csv;t_356fc1eaad97f93b____c22_0____2__t_356fc1eaad97f93b____c15_1____2_fair.csv;t_356fc1eaad97f93b____c22_0____2__t_356fc1eaad97f93b____c6_1____2_fair.csv;t_356fc1eaad97f93b____c23_0____2.csv;t_356fc1eaad97f93b____c23_0____2__t_356fc1eaad97f93b____c9_0____4_fair.csv;t_356fc1eaad97f93b____c23_0____2__t_356fc1eaad97f93b____c7_1____2_fair.csv;t_356fc1eaad97f93b____c23_0____2__t_356fc1eaad97f93b____c22_1____2_fair.csv;t_356fc1eaad97f93b____c23_0____2__t_356fc1eaad97f93b____c22_1____1_fair.csv;t_356fc1eaad97f93b____c23_0____2__t_356fc1eaad97f93b____c21_1____2_fair.csv;t_356fc1eaad97f93b____c23_0____2__t_356fc1eaad97f93b____c20_1____3_fair.csv;t_356fc1eaad97f93b____c23_0____2__t_356fc1eaad97f93b____c19_1____1_fair.csv;t_356fc1eaad97f93b____c23_0____2__t_356fc1eaad97f93b____c19_0____0_fair.csv,{}
tusSmall3,starmie,t_93f3d6f7fc6aa6ff____c15_0____4_fair.csv,5,948,69,5,False,0.0829,1.0,0.005274261603375527,0.005274261603375527,69.66838359832764,69.66838359832764,t_93f3d6f7fc6aa6ff____c17_1____4__t_93f3d6f7fc6aa6ff____c9_0____3_fair.csv;t_93f3d6f7fc6aa6ff____c17_1____4__t_93f3d6f7fc6aa6ff____c7_0____4_fair.csv;t_93f3d6f7fc6aa6ff____c17_1____4__t_93f3d6f7fc6aa6ff____c7_0____2_fair.csv;t_93f3d6f7fc6aa6ff____c17_1____4__t_93f3d6f7fc6aa6ff____c3_1____2_fair.csv;t_93f3d6f7fc6aa6ff____c17_1____4__t_93f3d6f7fc6aa6ff____c19_1____2_fair.csv,{}
tusSmall3,starmie,t_93f3d6f7fc6aa6ff____c15_0____4_fair.csv,10,948,69,10,False,0.0457,1.0,0.010548523206751054,0.010548523206751054,139.2876210808754,139.2876210808754,t_93f3d6f7fc6aa6ff____c17_1____4__t_93f3d6f7fc6aa6ff____c9_0____3_fair.csv;t_93f3d6f7fc6aa6ff____c17_1____4__t_93f3d6f7fc6aa6ff____c7_0____4_fair.csv;t_93f3d6f7fc6aa6ff____c17_1____4__t_93f3d6f7fc6aa6ff____c7_0____2_fair.csv;t_93f3d6f7fc6aa6ff____c17_1____4__t_93f3d6f7fc6aa6ff____c3_1____2_fair.csv;t_93f3d6f7fc6aa6ff____c17_1____4__t_93f3d6f7fc6aa6ff____c19_1____2_fair.csv;t_93f3d6f7fc6aa6ff____c17_1____4__t_93f3d6f7fc6aa6ff____c19_0____1_fair.csv;t_93f3d6f7fc6aa6ff____c17_1____4__t_93f3d6f7fc6aa6ff____c15_0____4_fair.csv;t_93f3d6f7fc6aa6ff____c17_1____4__t_93f3d6f7fc6aa6ff____c12_1____1_fair.csv;t_93f3d6f7fc6aa6ff____c17_1____4__t_93f3d6f7fc6aa6ff____c11_1____3_fair.csv;t_93f3d6f7fc6aa6ff____c15_1____4.csv,{}
tusSmall3,starmie,t_93f3d6f7fc6aa6ff____c15_0____4_fair.csv,20,948,69,20,False,0.0235,1.0,0.02109704641350211,0.02109704641350211,278.11930626630783,278.11930626630783,t_93f3d6f7fc6aa6ff____c17_1____4__t_93f3d6f7fc6aa6ff____c9_0____3_fair.csv;t_93f3d6f7fc6aa6ff____c17_1____4__t_93f3d6f7fc6aa6ff____c7_0____4_fair.csv;t_93f3d6f7fc6aa6ff____c17_1____4__t_93f3d6f7fc6aa6ff____c7_0____2_fair.csv;t_93f3d6f7fc6aa6ff____c17_1____4__t_93f3d6f7fc6aa6ff____c3_1____2_fair.csv;t_93f3d6f7fc6aa6ff____c17_1____4__t_93f3d6f7fc6aa6ff____c19_1____2_fair.csv;t_93f3d6f7fc6aa6ff____c17_1____4__t_93f3d6f7fc6aa6ff____c19_0____1_fair.csv;t_93f3d6f7fc6aa6ff____c17_1____4__t_93f3d6f7fc6aa6ff____c15_0____4_fair.csv;t_93f3d6f7fc6aa6ff____c17_1____4__t_93f3d6f7fc6aa6ff____c12_1____1_fair.csv;t_93f3d6f7fc6aa6ff____c17_1____4__t_93f3d6f7fc6aa6ff____c11_1____3_fair.csv;t_93f3d6f7fc6aa6ff____c15_1____4.csv;t_93f3d6f7fc6aa6ff____c15_1____4__t_93f3d6f7fc6aa6ff____c9_0____3_fair.csv;t_93f3d6f7fc6aa6ff____c15_1____4__t_93f3d6f7fc6aa6ff____c7_0____4_fair.csv;t_93f3d6f7fc6aa6ff____c15_1____4__t_93f3d6f7fc6aa6ff____c7_0____2_fair.csv;t_93f3d6f7fc6aa6ff____c15_1____4__t_93f3d6f7fc6aa6ff____c5_0____2_fair.csv;t_93f3d6f7fc6aa6ff____c15_1____4__t_93f3d6f7fc6aa6ff____c3_1____2_fair.csv;t_93f3d6f7fc6aa6ff____c15_1____4__t_93f3d6f7fc6aa6ff____c21_0____3_fair.csv;t_93f3d6f7fc6aa6ff____c15_1____4__t_93f3d6f7fc6aa6ff____c19_1____2_fair.csv;t_93f3d6f7fc6aa6ff____c15_1____4__t_93f3d6f7fc6aa6ff____c15_1____2_fair.csv;t_93f3d6f7fc6aa6ff____c15_1____4__t_93f3d6f7fc6aa6ff____c15_0____4_fair.csv;t_93f3d6f7fc6aa6ff____c15_1____4__t_93f3d6f7fc6aa6ff____c12_0____3_fair.csv,{}
tusSmall3,starmie,t_93f3d6f7fc6aa6ff____c5_0____2_fair.csv,5,1195,113,5,False,0.0773,1.0,0.0041841004184100415,0.0041841004184100415,22.929185271263123,22.929185271263123,t_93f3d6f7fc6aa6ff____c9_0____0.csv;t_93f3d6f7fc6aa6ff____c10_0____2__t_93f3d6f7fc6aa6ff____c7_0____4_fair.csv;t_93f3d6f7fc6aa6ff____c10_0____2__t_93f3d6f7fc6aa6ff____c7_0____2_fair.csv;t_93f3d6f7fc6aa6ff____c10_0____2__t_93f3d6f7fc6aa6ff____c5_0____2_fair.csv;t_93f3d6f7fc6aa6ff____c10_0____2__t_93f3d6f7fc6aa6ff____c21_0____3_fair.csv,{}
tusSmall3,starmie,t_93f3d6f7fc6aa6ff____c5_0____2_fair.csv,10,1195,113,10,False,0.0405,1.0,0.008368200836820083,0.008368200836820083,45.826145112514496,45.826145112514496,t_93f3d6f7fc6aa6ff____c9_0____0.csv;t_93f3d6f7fc6aa6ff____c10_0____2__t_93f3d6f7fc6aa6ff____c7_0____4_fair.csv;t_93f3d6f7fc6aa6ff____c10_0____2__t_93f3d6f7fc6aa6ff____c7_0____2_fair.csv;t_93f3d6f7fc6aa6ff____c10_0____2__t_93f3d6f7fc6aa6ff____c5_0____2_fair.csv;t_93f3d6f7fc6aa6ff____c10_0____2__t_93f3d6f7fc6aa6ff____c21_0____3_fair.csv;t_93f3d6f7fc6aa6ff____c10_0____2__t_93f3d6f7fc6aa6ff____c15_1____2_fair.csv;t_93f3d6f7fc6aa6ff____c10_0____2__t_93f3d6f7fc6aa6ff____c12_0____3_fair.csv;t_93f3d6f7fc6aa6ff____c10_0____2__t_93f3d6f7fc6aa6ff____c11_1____3_fair.csv;t_93f3d6f7fc6aa6ff____c10_0____2__t_93f3d6f7fc6aa6ff____c11_0____4_fair.csv;t_93f3d6f7fc6aa6ff____c7_1____2__t_93f3d6f7fc6aa6ff____c9_0____3_fair.csv,{}
tusSmall3,starmie,t_93f3d6f7fc6aa6ff____c5_0____2_fair.csv,20,1195,113,20,False,0.0217,1.0,0.016736401673640166,0.016736401673640166,91.38159811496735,91.38159811496735,t_93f3d6f7fc6aa6ff____c9_0____0.csv;t_93f3d6f7fc6aa6ff____c10_0____2__t_93f3d6f7fc6aa6ff____c7_0____4_fair.csv;t_93f3d6f7fc6aa6ff____c10_0____2__t_93f3d6f7fc6aa6ff____c7_0____2_fair.csv;t_93f3d6f7fc6aa6ff____c10_0____2__t_93f3d6f7fc6aa6ff____c5_0____2_fair.csv;t_93f3d6f7fc6aa6ff____c10_0____2__t_93f3d6f7fc6aa6ff____c21_0____3_fair.csv;t_93f3d6f7fc6aa6ff____c10_0____2__t_93f3d6f7fc6aa6ff____c15_1____2_fair.csv;t_93f3d6f7fc6aa6ff____c10_0____2__t_93f3d6f7fc6aa6ff____c12_0____3_fair.csv;t_93f3d6f7fc6aa6ff____c10_0____2__t_93f3d6f7fc6aa6ff____c11_1____3_fair.csv;t_93f3d6f7fc6aa6ff____c10_0____2__t_93f3d6f7fc6aa6ff____c11_0____4_fair.csv;t_93f3d6f7fc6aa6ff____c7_1____2__t_93f3d6f7fc6aa6ff____c9_0____3_fair.csv;t_93f3d6f7fc6aa6ff____c7_1____2__t_93f3d6f7fc6aa6ff____c5_0____2_fair.csv;t_93f3d6f7fc6aa6ff____c7_1____2__t_93f3d6f7fc6aa6ff____c3_1____2_fair.csv;t_93f3d6f7fc6aa6ff____c7_1____2__t_93f3d6f7fc6aa6ff____c21_0____3_fair.csv;t_93f3d6f7fc6aa6ff____c7_1____2__t_93f3d6f7fc6aa6ff____c19_1____2_fair.csv;t_93f3d6f7fc6aa6ff____c7_1____2__t_93f3d6f7fc6aa6ff____c15_1____2_fair.csv;t_93f3d6f7fc6aa6ff____c7_1____2__t_93f3d6f7fc6aa6ff____c12_0____3_fair.csv;t_93f3d6f7fc6aa6ff____c7_1____2__t_93f3d6f7fc6aa6ff____c11_1____3_fair.csv;t_93f3d6f7fc6aa6ff____c7_1____2__t_93f3d6f7fc6aa6ff____c11_0____4_fair.csv;t_93f3d6f7fc6aa6ff____c10_0____2.csv;t_93f3d6f7fc6aa6ff____c9_0____2.csv,{}
tusSmall3,starmie,t_93f3d6f7fc6aa6ff____c7_0____2_fair.csv,5,1200,107,5,False,0.0756,1.0,0.004166666666666667,0.004166666666666667,32.172121703624725,32.172121703624725,t_93f3d6f7fc6aa6ff____c11_0____2__t_93f3d6f7fc6aa6ff____c9_0____3_fair.csv;t_93f3d6f7fc6aa6ff____c11_0____2__t_93f3d6f7fc6aa6ff____c7_0____4_fair.csv;t_93f3d6f7fc6aa6ff____c11_0____2__t_93f3d6f7fc6aa6ff____c7_0____2_fair.csv;t_93f3d6f7fc6aa6ff____c11_0____2__t_93f3d6f7fc6aa6ff____c5_0____2_fair.csv;t_93f3d6f7fc6aa6ff____c11_0____2__t_93f3d6f7fc6aa6ff____c3_1____2_fair.csv,{}
tusSmall3,starmie,t_93f3d6f7fc6aa6ff____c7_0____2_fair.csv,10,1200,107,10,False,0.0412,1.0,0.008333333333333333,0.008333333333333333,64.34424340724945,64.34424340724945,t_93f3d6f7fc6aa6ff____c11_0____2__t_93f3d6f7fc6aa6ff____c9_0____3_fair.csv;t_93f3d6f7fc6aa6ff____c11_0____2__t_93f3d6f7fc6aa6ff____c7_0____4_fair.csv;t_93f3d6f7fc6aa6ff____c11_0____2__t_93f3d6f7fc6aa6ff____c7_0____2_fair.csv;t_93f3d6f7fc6aa6ff____c11_0____2__t_93f3d6f7fc6aa6ff____c5_0____2_fair.csv;t_93f3d6f7fc6aa6ff____c11_0____2__t_93f3d6f7fc6aa6ff____c3_1____2_fair.csv;t_93f3d6f7fc6aa6ff____c11_0____2__t_93f3d6f7fc6aa6ff____c21_0____3_fair.csv;t_93f3d6f7fc6aa6ff____c11_0____2__t_93f3d6f7fc6aa6ff____c19_1____2_fair.csv;t_93f3d6f7fc6aa6ff____c11_0____2__t_93f3d6f7fc6aa6ff____c15_1____2_fair.csv;t_93f3d6f7fc6aa6ff____c11_0____2__t_93f3d6f7fc6aa6ff____c12_0____3_fair.csv;t_93f3d6f7fc6aa6ff____c11_0____2__t_93f3d6f7fc6aa6ff____c11_1____3_fair.csv,{}
tusSmall3,starmie,t_93f3d6f7fc6aa6ff____c7_0____2_fair.csv,20,1200,107,20,False,0.044,1.0,0.016666666666666666,0.016666666666666666,128.05488401651382,128.05488401651382,t_93f3d6f7fc6aa6ff____c11_0____2__t_93f3d6f7fc6aa6ff____c9_0____3_fair.csv;t_93f3d6f7fc6aa6ff____c11_0____2__t_93f3d6f7fc6aa6ff____c7_0____4_fair.csv;t_93f3d6f7fc6aa6ff____c11_0____2__t_93f3d6f7fc6aa6ff____c7_0____2_fair.csv;t_93f3d6f7fc6aa6ff____c11_0____2__t_93f3d6f7fc6aa6ff____c5_0____2_fair.csv;t_93f3d6f7fc6aa6ff____c11_0____2__t_93f3d6f7fc6aa6ff____c3_1____2_fair.csv;t_93f3d6f7fc6aa6ff____c11_0____2__t_93f3d6f7fc6aa6ff____c21_0____3_fair.csv;t_93f3d6f7fc6aa6ff____c11_0____2__t_93f3d6f7fc6aa6ff____c19_1____2_fair.csv;t_93f3d6f7fc6aa6ff____c11_0____2__t_93f3d6f7fc6aa6ff____c15_1____2_fair.csv;t_93f3d6f7fc6aa6ff____c11_0____2__t_93f3d6f7fc6aa6ff____c12_0____3_fair.csv;t_93f3d6f7fc6aa6ff____c11_0____2__t_93f3d6f7fc6aa6ff____c11_1____3_fair.csv;t_93f3d6f7fc6aa6ff____c11_0____2__t_93f3d6f7fc6aa6ff____c11_0____4_fair.csv;t_93f3d6f7fc6aa6ff____c7_0____1.csv;t_93f3d6f7fc6aa6ff____c9_1____2__t_93f3d6f7fc6aa6ff____c7_0____4_fair.csv;t_93f3d6f7fc6aa6ff____c9_1____2__t_93f3d6f7fc6aa6ff____c7_0____2_fair.csv;t_93f3d6f7fc6aa6ff____c9_1____2.csv;t_93f3d6f7fc6aa6ff____c11_0____2.csv;t_93f3d6f7fc6aa6ff____c7_0____1__t_93f3d6f7fc6aa6ff____c7_0____4_fair.csv;t_93f3d6f7fc6aa6ff____c7_0____1__t_93f3d6f7fc6aa6ff____c7_0____2_fair.csv;t_93f3d6f7fc6aa6ff____c7_0____1__t_93f3d6f7fc6aa6ff____c15_0____4_fair.csv;t_93f3d6f7fc6aa6ff____c7_0____1__t_93f3d6f7fc6aa6ff____c11_0____4_fair.csv,{}
tusSmall3,starmie,t_93f3d6f7fc6aa6ff____c7_0____4_fair.csv,5,1200,130,5,False,0.0645,0.0,0.0,0.004166666666666667,30.981746017932892,30.981746017932892,t_93f3d6f7fc6aa6ff____c8_0____4__t_93f3d6f7fc6aa6ff____c5_0____2_fair.csv;t_93f3d6f7fc6aa6ff____c8_0____4__t_93f3d6f7fc6aa6ff____c21_0____3_fair.csv;t_93f3d6f7fc6aa6ff____c8_0____4__t_93f3d6f7fc6aa6ff____c19_0____1_fair.csv;t_93f3d6f7fc6aa6ff____c8_0____4__t_93f3d6f7fc6aa6ff____c15_1____2_fair.csv;t_93f3d6f7fc6aa6ff____c8_0____4__t_93f3d6f7fc6aa6ff____c12_1____1_fair.csv,{}
tusSmall3,starmie,t_93f3d6f7fc6aa6ff____c7_0____4_fair.csv,10,1200,130,10,False,0.0398,0.3,0.0025,0.008333333333333333,61.6404213309288,61.6404213309288,t_93f3d6f7fc6aa6ff____c8_0____4__t_93f3d6f7fc6aa6ff____c5_0____2_fair.csv;t_93f3d6f7fc6aa6ff____c8_0____4__t_93f3d6f7fc6aa6ff____c21_0____3_fair.csv;t_93f3d6f7fc6aa6ff____c8_0____4__t_93f3d6f7fc6aa6ff____c19_0____1_fair.csv;t_93f3d6f7fc6aa6ff____c8_0____4__t_93f3d6f7fc6aa6ff____c15_1____2_fair.csv;t_93f3d6f7fc6aa6ff____c8_0____4__t_93f3d6f7fc6aa6ff____c12_1____1_fair.csv;t_93f3d6f7fc6aa6ff____c8_0____4__t_93f3d6f7fc6aa6ff____c12_0____3_fair.csv;t_93f3d6f7fc6aa6ff____c7_0____0.csv;t_93f3d6f7fc6aa6ff____c8_0____1.csv;t_93f3d6f7fc6aa6ff____c7_0____1.csv;t_93f3d6f7fc6aa6ff____c7_0____1__t_93f3d6f7fc6aa6ff____c7_0____4_fair.csv,{}
tusSmall3,starmie,t_93f3d6f7fc6aa6ff____c7_0____4_fair.csv,20,1200,130,20,False,0.0201,0.35,0.005833333333333334,0.016666666666666666,121.94202888011932,121.94202888011932,t_93f3d6f7fc6aa6ff____c8_0____4__t_93f3d6f7fc6aa6ff____c5_0____2_fair.csv;t_93f3d6f7fc6aa6ff____c8_0____4__t_93f3d6f7fc6aa6ff____c21_0____3_fair.csv;t_93f3d6f7fc6aa6ff____c8_0____4__t_93f3d6f7fc6aa6ff____c19_0____1_fair.csv;t_93f3d6f7fc6aa6ff____c8_0____4__t_93f3d6f7fc6aa6ff____c15_1____2_fair.csv;t_93f3d6f7fc6aa6ff____c8_0____4__t_93f3d6f7fc6aa6ff____c12_1____1_fair.csv;t_93f3d6f7fc6aa6ff____c8_0____4__t_93f3d6f7fc6aa6ff____c12_0____3_fair.csv;t_93f3d6f7fc6aa6ff____c7_0____0.csv;t_93f3d6f7fc6aa6ff____c8_0____1.csv;t_93f3d6f7fc6aa6ff____c7_0____1.csv;t_93f3d6f7fc6aa6ff____c7_0____1__t_93f3d6f7fc6aa6ff____c7_0____4_fair.csv;t_93f3d6f7fc6aa6ff____c7_0____1__t_93f3d6f7fc6aa6ff____c7_0____2_fair.csv;t_93f3d6f7fc6aa6ff____c7_0____1__t_93f3d6f7fc6aa6ff____c15_0____4_fair.csv;t_93f3d6f7fc6aa6ff____c7_0____1__t_93f3d6f7fc6aa6ff____c11_0____4_fair.csv;t_93f3d6f7fc6aa6ff____c9_1____4.csv;t_93f3d6f7fc6aa6ff____c8_0____2__t_93f3d6f7fc6aa6ff____c5_0____2_fair.csv;t_93f3d6f7fc6aa6ff____c8_0____2__t_93f3d6f7fc6aa6ff____c21_0____3_fair.csv;t_93f3d6f7fc6aa6ff____c8_0____2__t_93f3d6f7fc6aa6ff____c19_0____1_fair.csv;t_93f3d6f7fc6aa6ff____c8_0____2__t_93f3d6f7fc6aa6ff____c15_1____2_fair.csv;t_93f3d6f7fc6aa6ff____c8_0____2__t_93f3d6f7fc6aa6ff____c12_1____1_fair.csv;t_93f3d6f7fc6aa6ff____c8_0____2__t_93f3d6f7fc6aa6ff____c12_0____3_fair.csv,{}
tusSmall3,starmie,t_93f3d6f7fc6aa6ff____c15_1____2_fair.csv,5,1195,83,5,False,0.076,0.0,0.0,0.0041841004184100415,70.33080637454987,70.33080637454987,t_93f3d6f7fc6aa6ff____c17_1____2__t_93f3d6f7fc6aa6ff____c9_0____3_fair.csv;t_93f3d6f7fc6aa6ff____c17_1____2__t_93f3d6f7fc6aa6ff____c7_0____4_fair.csv;t_93f3d6f7fc6aa6ff____c17_1____2__t_93f3d6f7fc6aa6ff____c7_0____2_fair.csv;t_93f3d6f7fc6aa6ff____c17_1____2__t_93f3d6f7fc6aa6ff____c3_1____2_fair.csv;t_93f3d6f7fc6aa6ff____c17_1____2__t_93f3d6f7fc6aa6ff____c19_1____2_fair.csv,{}
tusSmall3,starmie,t_93f3d6f7fc6aa6ff____c15_1____2_fair.csv,10,1195,83,10,False,0.0415,0.1,0.0008368200836820083,0.008368200836820083,140.56802082061768,140.56802082061768,t_93f3d6f7fc6aa6ff____c17_1____2__t_93f3d6f7fc6aa6ff____c9_0____3_fair.csv;t_93f3d6f7fc6aa6ff____c17_1____2__t_93f3d6f7fc6aa6ff____c7_0____4_fair.csv;t_93f3d6f7fc6aa6ff____c17_1____2__t_93f3d6f7fc6aa6ff____c7_0____2_fair.csv;t_93f3d6f7fc6aa6ff____c17_1____2__t_93f3d6f7fc6aa6ff____c3_1____2_fair.csv;t_93f3d6f7fc6aa6ff____c17_1____2__t_93f3d6f7fc6aa6ff____c19_1____2_fair.csv;t_93f3d6f7fc6aa6ff____c17_1____2__t_93f3d6f7fc6aa6ff____c19_0____1_fair.csv;t_93f3d6f7fc6aa6ff____c17_1____2__t_93f3d6f7fc6aa6ff____c15_0____4_fair.csv;t_93f3d6f7fc6aa6ff____c17_1____2__t_93f3d6f7fc6aa6ff____c12_1____1_fair.csv;t_93f3d6f7fc6aa6ff____c17_1____2__t_93f3d6f7fc6aa6ff____c11_1____3_fair.csv;t_93f3d6f7fc6aa6ff____c15_1____3__t_93f3d6f7fc6aa6ff____c9_0____3_fair.csv,{}
tusSmall3,starmie,t_93f3d6f7fc6aa6ff____c15_1____2_fair.csv,20,1195,83,20,False,0.022,0.55,0.009205020920502092,0.016736401673640166,280.29371428489685,280.29371428489685,t_93f3d6f7fc6aa6ff____c17_1____2__t_93f3d6f7fc6aa6ff____c9_0____3_fair.csv;t_93f3d6f7fc6aa6ff____c17_1____2__t_93f3d6f7fc6aa6ff____c7_0____4_fair.csv;t_93f3d6f7fc6aa6ff____c17_1____2__t_93f3d6f7fc6aa6ff____c7_0____2_fair.csv;t_93f3d6f7fc6aa6ff____c17_1____2__t_93f3d6f7fc6aa6ff____c3_1____2_fair.csv;t_93f3d6f7fc6aa6ff____c17_1____2__t_93f3d6f7fc6aa6ff____c19_1____2_fair.csv;t_93f3d6f7fc6aa6ff____c17_1____2__t_93f3d6f7fc6aa6ff____c19_0____1_fair.csv;t_93f3d6f7fc6aa6ff____c17_1____2__t_93f3d6f7fc6aa6ff____c15_0____4_fair.csv;t_93f3d6f7fc6aa6ff____c17_1____2__t_93f3d6f7fc6aa6ff____c12_1____1_fair.csv;t_93f3d6f7fc6aa6ff____c17_1____2__t_93f3d6f7fc6aa6ff____c11_1____3_fair.csv;t_93f3d6f7fc6aa6ff____c15_1____3__t_93f3d6f7fc6aa6ff____c9_0____3_fair.csv;t_93f3d6f7fc6aa6ff____c15_1____3__t_93f3d6f7fc6aa6ff____c7_0____4_fair.csv;t_93f3d6f7fc6aa6ff____c15_1____3__t_93f3d6f7fc6aa6ff____c7_0____2_fair.csv;t_93f3d6f7fc6aa6ff____c15_1____3__t_93f3d6f7fc6aa6ff____c5_0____2_fair.csv;t_93f3d6f7fc6aa6ff____c15_1____3__t_93f3d6f7fc6aa6ff____c3_1____2_fair.csv;t_93f3d6f7fc6aa6ff____c15_1____3__t_93f3d6f7fc6aa6ff____c21_0____3_fair.csv;t_93f3d6f7fc6aa6ff____c15_1____3__t_93f3d6f7fc6aa6ff____c19_1____2_fair.csv;t_93f3d6f7fc6aa6ff____c15_1____3__t_93f3d6f7fc6aa6ff____c15_1____2_fair.csv;t_93f3d6f7fc6aa6ff____c15_1____3__t_93f3d6f7fc6aa6ff____c15_0____4_fair.csv;t_93f3d6f7fc6aa6ff____c15_1____3__t_93f3d6f7fc6aa6ff____c12_0____3_fair.csv;t_93f3d6f7fc6aa6ff____c15_1____3__t_93f3d6f7fc6aa6ff____c11_1____3_fair.csv,{}
tusSmall3,starmie,t_93f3d6f7fc6aa6ff____c9_0____3_fair.csv,5,1080,104,5,False,0.1548,0.6,0.002777777777777778,0.004629629629629629,42.55182993412018,42.55182993412018,t_93f3d6f7fc6aa6ff____c9_0____0.csv;t_93f3d6f7fc6aa6ff____c9_1____3__t_93f3d6f7fc6aa6ff____c7_0____4_fair.csv;t_93f3d6f7fc6aa6ff____c9_1____3__t_93f3d6f7fc6aa6ff____c7_0____2_fair.csv;t_93f3d6f7fc6aa6ff____c9_0____0__t_93f3d6f7fc6aa6ff____c9_0____3_fair.csv;t_93f3d6f7fc6aa6ff____c9_0____0__t_93f3d6f7fc6aa6ff____c5_0____2_fair.csv,{}
tusSmall3,starmie,t_93f3d6f7fc6aa6ff____c9_0____3_fair.csv,10,1080,104,10,False,0.1247,0.8,0.007407407407407408,0.009259259259259259,84.96633064746857,84.96633064746857,t_93f3d6f7fc6aa6ff____c9_0____0.csv;t_93f3d6f7fc6aa6ff____c9_1____3__t_93f3d6f7fc6aa6ff____c7_0____4_fair.csv;t_93f3d6f7fc6aa6ff____c9_1____3__t_93f3d6f7fc6aa6ff____c7_0____2_fair.csv;t_93f3d6f7fc6aa6ff____c9_0____0__t_93f3d6f7fc6aa6ff____c9_0____3_fair.csv;t_93f3d6f7fc6aa6ff____c9_0____0__t_93f3d6f7fc6aa6ff____c5_0____2_fair.csv;t_93f3d6f7fc6aa6ff____c9_0____0__t_93f3d6f7fc6aa6ff____c3_1____2_fair.csv;t_93f3d6f7fc6aa6ff____c9_0____0__t_93f3d6f7fc6aa6ff____c21_0____3_fair.csv;t_93f3d6f7fc6aa6ff____c9_0____0__t_93f3d6f7fc6aa6ff____c19_1____2_fair.csv;t_93f3d6f7fc6aa6ff____c9_0____0__t_93f3d6f7fc6aa6ff____c15_1____2_fair.csv;t_93f3d6f7fc6aa6ff____c9_0____0__t_93f3d6f7fc6aa6ff____c12_0____3_fair.csv,{}
tusSmall3,starmie,t_93f3d6f7fc6aa6ff____c9_0____3_fair.csv,20,1080,104,20,False,0.1413,0.85,0.01574074074074074,0.018518518518518517,166.60779803991318,166.60779803991318,t_93f3d6f7fc6aa6ff____c9_0____0.csv;t_93f3d6f7fc6aa6ff____c9_1____3__t_93f3d6f7fc6aa6ff____c7_0____4_fair.csv;t_93f3d6f7fc6aa6ff____c9_1____3__t_93f3d6f7fc6aa6ff____c7_0____2_fair.csv;t_93f3d6f7fc6aa6ff____c9_0____0__t_93f3d6f7fc6aa6ff____c9_0____3_fair.csv;t_93f3d6f7fc6aa6ff____c9_0____0__t_93f3d6f7fc6aa6ff____c5_0____2_fair.csv;t_93f3d6f7fc6aa6ff____c9_0____0__t_93f3d6f7fc6aa6ff____c3_1____2_fair.csv;t_93f3d6f7fc6aa6ff____c9_0____0__t_93f3d6f7fc6aa6ff____c21_0____3_fair.csv;t_93f3d6f7fc6aa6ff____c9_0____0__t_93f3d6f7fc6aa6ff____c19_1____2_fair.csv;t_93f3d6f7fc6aa6ff____c9_0____0__t_93f3d6f7fc6aa6ff____c15_1____2_fair.csv;t_93f3d6f7fc6aa6ff____c9_0____0__t_93f3d6f7fc6aa6ff____c12_0____3_fair.csv;t_93f3d6f7fc6aa6ff____c9_1____3.csv;t_93f3d6f7fc6aa6ff____c9_0____2.csv;t_93f3d6f7fc6aa6ff____c9_0____1.csv;t_93f3d6f7fc6aa6ff____c9_0____1__t_93f3d6f7fc6aa6ff____c9_0____3_fair.csv;t_93f3d6f7fc6aa6ff____c9_0____1__t_93f3d6f7fc6aa6ff____c5_0____2_fair.csv;t_93f3d6f7fc6aa6ff____c9_0____1__t_93f3d6f7fc6aa6ff____c3_1____2_fair.csv;t_93f3d6f7fc6aa6ff____c9_0____1__t_93f3d6f7fc6aa6ff____c21_0____3_fair.csv;t_93f3d6f7fc6aa6ff____c9_0____1__t_93f3d6f7fc6aa6ff____c19_1____2_fair.csv;t_93f3d6f7fc6aa6ff____c9_0____1__t_93f3d6f7fc6aa6ff____c15_1____2_fair.csv;t_93f3d6f7fc6aa6ff____c9_0____1__t_93f3d6f7fc6aa6ff____c12_0____3_fair.csv,{}
tusSmall3,starmie,t_c701386b7c10b107____c10_0____3_fair.csv,5,1077,110,5,False,0.1718,1.0,0.004642525533890436,0.004642525533890436,47.94769108295441,47.94769108295441,t_c701386b7c10b107____c10_0____1.csv;t_c701386b7c10b107____c10_0____4.csv;t_c701386b7c10b107____c10_0____1__t_c701386b7c10b107____c7_1____0_fair.csv;t_c701386b7c10b107____c10_0____1__t_c701386b7c10b107____c5_1____1_fair.csv;t_c701386b7c10b107____c10_0____1__t_c701386b7c10b107____c10_0____3_fair.csv,{}
tusSmall3,starmie,t_c701386b7c10b107____c10_0____3_fair.csv,10,1077,110,10,False,0.0867,1.0,0.009285051067780872,0.009285051067780872,95.6547611951828,95.6547611951828,t_c701386b7c10b107____c10_0____1.csv;t_c701386b7c10b107____c10_0____4.csv;t_c701386b7c10b107____c10_0____1__t_c701386b7c10b107____c7_1____0_fair.csv;t_c701386b7c10b107____c10_0____1__t_c701386b7c10b107____c5_1____1_fair.csv;t_c701386b7c10b107____c10_0____1__t_c701386b7c10b107____c10_0____3_fair.csv;t_c701386b7c10b107____c12_0____4__t_c701386b7c10b107____c7_1____0_fair.csv;t_c701386b7c10b107____c12_0____4__t_c701386b7c10b107____c5_1____1_fair.csv;t_c701386b7c10b107____c12_0____4__t_c701386b7c10b107____c21_0____4_fair.csv;t_c701386b7c10b107____c12_0____4__t_c701386b7c10b107____c18_1____1_fair.csv;t_c701386b7c10b107____c12_0____4__t_c701386b7c10b107____c15_1____3_fair.csv,{}
tusSmall3,starmie,t_c701386b7c10b107____c10_0____3_fair.csv,20,1077,110,20,False,0.0679,0.85,0.015784586815227482,0.018570102135561744,190.58409494161606,190.58409494161606,t_c701386b7c10b107____c10_0____1.csv;t_c701386b7c10b107____c10_0____4.csv;t_c701386b7c10b107____c10_0____1__t_c701386b7c10b107____c7_1____0_fair.csv;t_c701386b7c10b107____c10_0____1__t_c701386b7c10b107____c5_1____1_fair.csv;t_c701386b7c10b107____c10_0____1__t_c701386b7c10b107____c10_0____3_fair.csv;t_c701386b7c10b107____c12_0____4__t_c701386b7c10b107____c7_1____0_fair.csv;t_c701386b7c10b107____c12_0____4__t_c701386b7c10b107____c5_1____1_fair.csv;t_c701386b7c10b107____c12_0____4__t_c701386b7c10b107____c21_0____4_fair.csv;t_c701386b7c10b107____c12_0____4__t_c701386b7c10b107____c18_1____1_fair.csv;t_c701386b7c10b107____c12_0____4__t_c701386b7c10b107____c15_1____3_fair.csv;t_c701386b7c10b107____c12_0____4__t_c701386b7c10b107____c10_0____3_fair.csv;t_c701386b7c10b107____c10_0____4__t_c701386b7c10b107____c7_1____0_fair.csv;t_c701386b7c10b107____c10_0____4__t_c701386b7c10b107____c5_1____1_fair.csv;t_c701386b7c10b107____c10_0____4__t_c701386b7c10b107____c10_0____3_fair.csv;t_c701386b7c10b107____c12_0____4.csv;t_c701386b7c10b107____c11_1____3__t_c701386b7c10b107____c6_0____0_fair.csv;t_c701386b7c10b107____c11_1____3__t_c701386b7c10b107____c21_0____2_fair.csv;t_c701386b7c10b107____c11_1____3__t_c701386b7c10b107____c20_0____2_fair.csv;t_c701386b7c10b107____c10_0____0__t_c701386b7c10b107____c7_1____0_fair.csv;t_c701386b7c10b107____c10_0____0__t_c701386b7c10b107____c5_1____1_fair.csv,{}
tusSmall3,starmie,t_c701386b7c10b107____c14_0____2_fair.csv,5,980,89,5,False,0.0622,1.0,0.00510204081632653,0.00510204081632653,66.82021766901016,66.82021766901016,t_c701386b7c10b107____c17_1____2__t_c701386b7c10b107____c7_1____0_fair.csv;t_c701386b7c10b107____c17_1____2__t_c701386b7c10b107____c6_1____2_fair.csv;t_c701386b7c10b107____c17_1____2__t_c701386b7c10b107____c5_1____1_fair.csv;t_c701386b7c10b107____c17_1____2__t_c701386b7c10b107____c18_1____1_fair.csv;t_c701386b7c10b107____c17_1____2__t_c701386b7c10b107____c17_1____1_fair.csv,{}
tusSmall3,starmie,t_c701386b7c10b107____c14_0____2_fair.csv,10,980,89,10,False,0.0373,1.0,0.01020408163265306,0.01020408163265306,133.432679772377,133.432679772377,t_c701386b7c10b107____c17_1____2__t_c701386b7c10b107____c7_1____0_fair.csv;t_c701386b7c10b107____c17_1____2__t_c701386b7c10b107____c6_1____2_fair.csv;t_c701386b7c10b107____c17_1____2__t_c701386b7c10b107____c5_1____1_fair.csv;t_c701386b7c10b107____c17_1____2__t_c701386b7c10b107____c18_1____1_fair.csv;t_c701386b7c10b107____c17_1____2__t_c701386b7c10b107____c17_1____1_fair.csv;t_c701386b7c10b107____c17_1____2__t_c701386b7c10b107____c14_0____2_fair.csv;t_c701386b7c10b107____c17_1____2__t_c701386b7c10b107____c10_0____3_fair.csv;t_c701386b7c10b107____c17_1____0.csv;t_c701386b7c10b107____c14_0____1__t_c701386b7c10b107____c7_1____0_fair.csv;t_c701386b7c10b107____c14_0____1__t_c701386b7c10b107____c6_1____2_fair.csv,{}
tusSmall3,starmie,t_c701386b7c10b107____c14_0____2_fair.csv,20,980,89,20,False,0.0192,1.0,0.02040816326530612,0.02040816326530612,266.24993121623993,266.24993121623993,t_c701386b7c10b107____c17_1____2__t_c701386b7c10b107____c7_1____0_fair.csv;t_c701386b7c10b107____c17_1____2__t_c701386b7c10b107____c6_1____2_fair.csv;t_c701386b7c10b107____c17_1____2__t_c701386b7c10b107____c5_1____1_fair.csv;t_c701386b7c10b107____c17_1____2__t_c701386b7c10b107____c18_1____1_fair.csv;t_c701386b7c10b107____c17_1____2__t_c701386b7c10b107____c17_1____1_fair.csv;t_c701386b7c10b107____c17_1____2__t_c701386b7c10b107____c14_0____2_fair.csv;t_c701386b7c10b107____c17_1____2__t_c701386b7c10b107____c10_0____3_fair.csv;t_c701386b7c10b107____c17_1____0.csv;t_c701386b7c10b107____c14_0____1__t_c701386b7c10b107____c7_1____0_fair.csv;t_c701386b7c10b107____c14_0____1__t_c701386b7c10b107____c6_1____2_fair.csv;t_c701386b7c10b107____c14_0____1__t_c701386b7c10b107____c5_1____1_fair.csv;t_c701386b7c10b107____c14_0____1__t_c701386b7c10b107____c17_1____1_fair.csv;t_c701386b7c10b107____c14_0____1__t_c701386b7c10b107____c14_0____2_fair.csv;t_c701386b7c10b107____c14_0____1__t_c701386b7c10b107____c10_0____3_fair.csv;t_c701386b7c10b107____c17_1____4__t_c701386b7c10b107____c7_1____0_fair.csv;t_c701386b7c10b107____c17_1____4__t_c701386b7c10b107____c6_1____2_fair.csv;t_c701386b7c10b107____c17_1____4__t_c701386b7c10b107____c5_1____1_fair.csv;t_c701386b7c10b107____c17_1____4__t_c701386b7c10b107____c18_1____1_fair.csv;t_c701386b7c10b107____c17_1____4__t_c701386b7c10b107____c17_1____1_fair.csv;t_c701386b7c10b107____c17_1____4__t_c701386b7c10b107____c14_0____2_fair.csv,{}
tusSmall3,starmie,t_c701386b7c10b107____c15_1____3_fair.csv,5,938,83,5,False,0.0759,1.0,0.005330490405117271,0.005330490405117271,72.34002673625946,72.34002673625946,t_c701386b7c10b107____c15_1____1.csv;t_c701386b7c10b107____c15_1____1__t_c701386b7c10b107____c7_1____0_fair.csv;t_c701386b7c10b107____c15_1____1__t_c701386b7c10b107____c6_1____2_fair.csv;t_c701386b7c10b107____c15_1____1__t_c701386b7c10b107____c5_1____1_fair.csv;t_c701386b7c10b107____c15_1____1__t_c701386b7c10b107____c21_0____4_fair.csv,{}
tusSmall3,starmie,t_c701386b7c10b107____c15_1____3_fair.csv,10,938,83,10,False,0.0394,1.0,0.010660980810234541,0.010660980810234541,144.67966848611832,144.67966848611832,t_c701386b7c10b107____c15_1____1.csv;t_c701386b7c10b107____c15_1____1__t_c701386b7c10b107____c7_1____0_fair.csv;t_c701386b7c10b107____c15_1____1__t_c701386b7c10b107____c6_1____2_fair.csv;t_c701386b7c10b107____c15_1____1__t_c701386b7c10b107____c5_1____1_fair.csv;t_c701386b7c10b107____c15_1____1__t_c701386b7c10b107____c21_0____4_fair.csv;t_c701386b7c10b107____c15_1____1__t_c701386b7c10b107____c18_1____1_fair.csv;t_c701386b7c10b107____c15_1____1__t_c701386b7c10b107____c17_1____1_fair.csv;t_c701386b7c10b107____c15_1____1__t_c701386b7c10b107____c15_1____3_fair.csv;t_c701386b7c10b107____c15_1____1__t_c701386b7c10b107____c14_0____2_fair.csv;t_c701386b7c10b107____c15_1____1__t_c701386b7c10b107____c10_0____3_fair.csv,{}
tusSmall3,starmie,t_c701386b7c10b107____c15_1____3_fair.csv,20,938,83,20,False,0.0441,1.0,0.021321961620469083,0.021321961620469083,286.7851777076721,286.7851777076721,t_c701386b7c10b107____c15_1____1.csv;t_c701386b7c10b107____c15_1____1__t_c701386b7c10b107____c7_1____0_fair.csv;t_c701386b7c10b107____c15_1____1__t_c701386b7c10b107____c6_1____2_fair.csv;t_c701386b7c10b107____c15_1____1__t_c701386b7c10b107____c5_1____1_fair.csv;t_c701386b7c10b107____c15_1____1__t_c701386b7c10b107____c21_0____4_fair.csv;t_c701386b7c10b107____c15_1____1__t_c701386b7c10b107____c18_1____1_fair.csv;t_c701386b7c10b107____c15_1____1__t_c701386b7c10b107____c17_1____1_fair.csv;t_c701386b7c10b107____c15_1____1__t_c701386b7c10b107____c15_1____3_fair.csv;t_c701386b7c10b107____c15_1____1__t_c701386b7c10b107____c14_0____2_fair.csv;t_c701386b7c10b107____c15_1____1__t_c701386b7c10b107____c10_0____3_fair.csv;t_c701386b7c10b107____c15_0____3__t_c701386b7c10b107____c7_1____0_fair.csv;t_c701386b7c10b107____c15_0____3__t_c701386b7c10b107____c6_1____2_fair.csv;t_c701386b7c10b107____c15_0____3__t_c701386b7c10b107____c5_1____1_fair.csv;t_c701386b7c10b107____c15_0____3__t_c701386b7c10b107____c21_0____4_fair.csv;t_c701386b7c10b107____c15_0____3__t_c701386b7c10b107____c18_1____1_fair.csv;t_c701386b7c10b107____c15_0____3__t_c701386b7c10b107____c17_1____1_fair.csv;t_c701386b7c10b107____c15_0____3__t_c701386b7c10b107____c15_1____3_fair.csv;t_c701386b7c10b107____c15_0____3__t_c701386b7c10b107____c14_0____2_fair.csv;t_c701386b7c10b107____c15_0____3__t_c701386b7c10b107____c10_0____3_fair.csv;t_c701386b7c10b107____c15_0____3.csv,{}
tusSmall3,starmie,t_c701386b7c10b107____c17_1____1_fair.csv,5,1019,67,5,False,0.082,1.0,0.004906771344455349,0.004906771344455349,81.04863506555557,81.04863506555557,t_c701386b7c10b107____c17_1____0.csv;t_c701386b7c10b107____c17_1____4__t_c701386b7c10b107____c7_1____0_fair.csv;t_c701386b7c10b107____c17_1____4__t_c701386b7c10b107____c6_1____2_fair.csv;t_c701386b7c10b107____c17_1____4__t_c701386b7c10b107____c5_1____1_fair.csv;t_c701386b7c10b107____c17_1____4__t_c701386b7c10b107____c18_1____1_fair.csv,{}
tusSmall3,starmie,t_c701386b7c10b107____c17_1____1_fair.csv,10,1019,67,10,False,0.0868,0.8,0.007850834151128557,0.009813542688910697,161.67339128255844,161.67339128255844,t_c701386b7c10b107____c17_1____0.csv;t_c701386b7c10b107____c17_1____4__t_c701386b7c10b107____c7_1____0_fair.csv;t_c701386b7c10b107____c17_1____4__t_c701386b7c10b107____c6_1____2_fair.csv;t_c701386b7c10b107____c17_1____4__t_c701386b7c10b107____c5_1____1_fair.csv;t_c701386b7c10b107____c17_1____4__t_c701386b7c10b107____c18_1____1_fair.csv;t_c701386b7c10b107____c17_1____4__t_c701386b7c10b107____c17_1____1_fair.csv;t_c701386b7c10b107____c17_1____4__t_c701386b7c10b107____c14_0____2_fair.csv;t_c701386b7c10b107____c17_1____4__t_c701386b7c10b107____c10_0____3_fair.csv;t_c701386b7c10b107____c18_0____0.csv;t_c701386b7c10b107____c18_0____0__t_c701386b7c10b107____c7_1____0_fair.csv,{}
tusSmall3,starmie,t_c701386b7c10b107____c17_1____1_fair.csv,20,1019,67,20,False,0.0437,0.4,0.007850834151128557,0.019627085377821395,321.6763440966606,321.6763440966606,t_c701386b7c10b107____c17_1____0.csv;t_c701386b7c10b107____c17_1____4__t_c701386b7c10b107____c7_1____0_fair.csv;t_c701386b7c10b107____c17_1____4__t_c701386b7c10b107____c6_1____2_fair.csv;t_c701386b7c10b107____c17_1____4__t_c701386b7c10b107____c5_1____1_fair.csv;t_c701386b7c10b107____c17_1____4__t_c701386b7c10b107____c18_1____1_fair.csv;t_c701386b7c10b107____c17_1____4__t_c701386b7c10b107____c17_1____1_fair.csv;t_c701386b7c10b107____c17_1____4__t_c701386b7c10b107____c14_0____2_fair.csv;t_c701386b7c10b107____c17_1____4__t_c701386b7c10b107____c10_0____3_fair.csv;t_c701386b7c10b107____c18_0____0.csv;t_c701386b7c10b107____c18_0____0__t_c701386b7c10b107____c7_1____0_fair.csv;t_c701386b7c10b107____c18_0____0__t_c701386b7c10b107____c6_1____2_fair.csv;t_c701386b7c10b107____c18_0____0__t_c701386b7c10b107____c6_0____0_fair.csv;t_c701386b7c10b107____c18_0____0__t_c701386b7c10b107____c5_1____1_fair.csv;t_c701386b7c10b107____c18_0____0__t_c701386b7c10b107____c21_0____4_fair.csv;t_c701386b7c10b107____c18_0____0__t_c701386b7c10b107____c21_0____2_fair.csv;t_c701386b7c10b107____c18_0____0__t_c701386b7c10b107____c20_0____2_fair.csv;t_c701386b7c10b107____c18_0____0__t_c701386b7c10b107____c18_1____1_fair.csv;t_c701386b7c10b107____c18_0____0__t_c701386b7c10b107____c15_1____3_fair.csv;t_c701386b7c10b107____c18_0____0__t_c701386b7c10b107____c14_0____2_fair.csv;t_c701386b7c10b107____c18_0____0__t_c701386b7c10b107____c10_0____3_fair.csv,{}
tusSmall3,starmie,t_93f3d6f7fc6aa6ff____c19_0____1_fair.csv,5,1135,72,5,False,0.0689,1.0,0.004405286343612335,0.004405286343612335,83.9693295955658,83.9693295955658,t_93f3d6f7fc6aa6ff____c19_0____3__t_93f3d6f7fc6aa6ff____c9_0____3_fair.csv;t_93f3d6f7fc6aa6ff____c19_0____3__t_93f3d6f7fc6aa6ff____c7_0____4_fair.csv;t_93f3d6f7fc6aa6ff____c19_0____3__t_93f3d6f7fc6aa6ff____c7_0____2_fair.csv;t_93f3d6f7fc6aa6ff____c19_0____3__t_93f3d6f7fc6aa6ff____c5_0____2_fair.csv;t_93f3d6f7fc6aa6ff____c19_0____3__t_93f3d6f7fc6aa6ff____c3_1____2_fair.csv,{}
tusSmall3,starmie,t_93f3d6f7fc6aa6ff____c19_0____1_fair.csv,10,1135,72,10,False,0.0797,1.0,0.00881057268722467,0.00881057268722467,167.9386591911316,167.9386591911316,t_93f3d6f7fc6aa6ff____c19_0____3__t_93f3d6f7fc6aa6ff____c9_0____3_fair.csv;t_93f3d6f7fc6aa6ff____c19_0____3__t_93f3d6f7fc6aa6ff____c7_0____4_fair.csv;t_93f3d6f7fc6aa6ff____c19_0____3__t_93f3d6f7fc6aa6ff____c7_0____2_fair.csv;t_93f3d6f7fc6aa6ff____c19_0____3__t_93f3d6f7fc6aa6ff____c5_0____2_fair.csv;t_93f3d6f7fc6aa6ff____c19_0____3__t_93f3d6f7fc6aa6ff____c3_1____2_fair.csv;t_93f3d6f7fc6aa6ff____c19_0____3__t_93f3d6f7fc6aa6ff____c21_0____3_fair.csv;t_93f3d6f7fc6aa6ff____c19_0____3__t_93f3d6f7fc6aa6ff____c19_1____2_fair.csv;t_93f3d6f7fc6aa6ff____c19_0____3__t_93f3d6f7fc6aa6ff____c19_0____1_fair.csv;t_93f3d6f7fc6aa6ff____c19_0____3__t_93f3d6f7fc6aa6ff____c15_1____2_fair.csv;t_93f3d6f7fc6aa6ff____c19_0____3__t_93f3d6f7fc6aa6ff____c15_0____4_fair.csv,{}
tusSmall3,starmie,t_93f3d6f7fc6aa6ff____c19_0____1_fair.csv,20,1135,72,20,False,0.042,1.0,0.01762114537444934,0.01762114537444934,335.00052040815353,335.00052040815353,t_93f3d6f7fc6aa6ff____c19_0____3__t_93f3d6f7fc6aa6ff____c9_0____3_fair.csv;t_93f3d6f7fc6aa6ff____c19_0____3__t_93f3d6f7fc6aa6ff____c7_0____4_fair.csv;t_93f3d6f7fc6aa6ff____c19_0____3__t_93f3d6f7fc6aa6ff____c7_0____2_fair.csv;t_93f3d6f7fc6aa6ff____c19_0____3__t_93f3d6f7fc6aa6ff____c5_0____2_fair.csv;t_93f3d6f7fc6aa6ff____c19_0____3__t_93f3d6f7fc6aa6ff____c3_1____2_fair.csv;t_93f3d6f7fc6aa6ff____c19_0____3__t_93f3d6f7fc6aa6ff____c21_0____3_fair.csv;t_93f3d6f7fc6aa6ff____c19_0____3__t_93f3d6f7fc6aa6ff____c19_1____2_fair.csv;t_93f3d6f7fc6aa6ff____c19_0____3__t_93f3d6f7fc6aa6ff____c19_0____1_fair.csv;t_93f3d6f7fc6aa6ff____c19_0____3__t_93f3d6f7fc6aa6ff____c15_1____2_fair.csv;t_93f3d6f7fc6aa6ff____c19_0____3__t_93f3d6f7fc6aa6ff____c15_0____4_fair.csv;t_93f3d6f7fc6aa6ff____c19_0____3__t_93f3d6f7fc6aa6ff____c12_1____1_fair.csv;t_93f3d6f7fc6aa6ff____c19_0____3__t_93f3d6f7fc6aa6ff____c12_0____3_fair.csv;t_93f3d6f7fc6aa6ff____c19_0____3__t_93f3d6f7fc6aa6ff____c11_1____3_fair.csv;t_93f3d6f7fc6aa6ff____c19_0____3__t_93f3d6f7fc6aa6ff____c11_0____4_fair.csv;t_93f3d6f7fc6aa6ff____c19_0____3.csv;t_93f3d6f7fc6aa6ff____c20_0____1__t_93f3d6f7fc6aa6ff____c9_0____3_fair.csv;t_93f3d6f7fc6aa6ff____c20_0____1__t_93f3d6f7fc6aa6ff____c7_0____4_fair.csv;t_93f3d6f7fc6aa6ff____c20_0____1__t_93f3d6f7fc6aa6ff____c7_0____2_fair.csv;t_93f3d6f7fc6aa6ff____c20_0____1__t_93f3d6f7fc6aa6ff____c5_0____2_fair.csv;t_93f3d6f7fc6aa6ff____c20_0____1__t_93f3d6f7fc6aa6ff____c3_1____2_fair.csv,{}
tusSmall3,starmie,t_c701386b7c10b107____c5_1____1_fair.csv,5,1077,141,5,False,0.219,1.0,0.004642525533890436,0.004642525533890436,24.3477720618248,24.3477720618248,t_c701386b7c10b107____c5_1____4__t_c701386b7c10b107____c7_1____0_fair.csv;t_c701386b7c10b107____c5_1____4__t_c701386b7c10b107____c5_1____1_fair.csv;t_c701386b7c10b107____c5_1____4__t_c701386b7c10b107____c10_0____3_fair.csv;t_c701386b7c10b107____c5_1____2__t_c701386b7c10b107____c7_1____0_fair.csv;t_c701386b7c10b107____c5_1____2__t_c701386b7c10b107____c5_1____1_fair.csv,{}
tusSmall3,starmie,t_c701386b7c10b107____c5_1____1_fair.csv,10,1077,141,10,False,0.1575,1.0,0.009285051067780872,0.009285051067780872,48.49383741617203,48.49383741617203,t_c701386b7c10b107____c5_1____4__t_c701386b7c10b107____c7_1____0_fair.csv;t_c701386b7c10b107____c5_1____4__t_c701386b7c10b107____c5_1____1_fair.csv;t_c701386b7c10b107____c5_1____4__t_c701386b7c10b107____c10_0____3_fair.csv;t_c701386b7c10b107____c5_1____2__t_c701386b7c10b107____c7_1____0_fair.csv;t_c701386b7c10b107____c5_1____2__t_c701386b7c10b107____c5_1____1_fair.csv;t_c701386b7c10b107____c5_1____2__t_c701386b7c10b107____c10_0____3_fair.csv;t_c701386b7c10b107____c5_1____3__t_c701386b7c10b107____c7_1____0_fair.csv;t_c701386b7c10b107____c5_1____3__t_c701386b7c10b107____c5_1____1_fair.csv;t_c701386b7c10b107____c5_1____3__t_c701386b7c10b107____c10_0____3_fair.csv;t_c701386b7c10b107____c5_1____0__t_c701386b7c10b107____c7_1____0_fair.csv,{}
tusSmall3,starmie,t_c701386b7c10b107____c5_1____1_fair.csv,20,1077,141,20,False,0.1369,1.0,0.018570102135561744,0.018570102135561744,95.83107143640518,95.83107143640518,t_c701386b7c10b107____c5_1____4__t_c701386b7c10b107____c7_1____0_fair.csv;t_c701386b7c10b107____c5_1____4__t_c701386b7c10b107____c5_1____1_fair.csv;t_c701386b7c10b107____c5_1____4__t_c701386b7c10b107____c10_0____3_fair.csv;t_c701386b7c10b107____c5_1____2__t_c701386b7c10b107____c7_1____0_fair.csv;t_c701386b7c10b107____c5_1____2__t_c701386b7c10b107____c5_1____1_fair.csv;t_c701386b7c10b107____c5_1____2__t_c701386b7c10b107____c10_0____3_fair.csv;t_c701386b7c10b107____c5_1____3__t_c701386b7c10b107____c7_1____0_fair.csv;t_c701386b7c10b107____c5_1____3__t_c701386b7c10b107____c5_1____1_fair.csv;t_c701386b7c10b107____c5_1____3__t_c701386b7c10b107____c10_0____3_fair.csv;t_c701386b7c10b107____c5_1____0__t_c701386b7c10b107____c7_1____0_fair.csv;t_c701386b7c10b107____c5_1____0__t_c701386b7c10b107____c5_1____1_fair.csv;t_c701386b7c10b107____c5_1____0__t_c701386b7c10b107____c10_0____3_fair.csv;t_c701386b7c10b107____c5_1____4.csv;t_c701386b7c10b107____c5_1____0.csv;t_c701386b7c10b107____c5_1____2.csv;t_c701386b7c10b107____c9_0____3__t_c701386b7c10b107____c7_1____0_fair.csv;t_c701386b7c10b107____c9_0____3__t_c701386b7c10b107____c5_1____1_fair.csv;t_c701386b7c10b107____c9_0____3__t_c701386b7c10b107____c17_1____1_fair.csv;t_c701386b7c10b107____c9_0____3__t_c701386b7c10b107____c10_0____3_fair.csv;t_c701386b7c10b107____c5_1____3.csv,{}
tusSmall3,starmie,t_93f3d6f7fc6aa6ff____c19_1____2_fair.csv,5,1080,76,5,False,0.0781,1.0,0.004629629629629629,0.004629629629629629,82.22300904989243,82.22300904989243,t_93f3d6f7fc6aa6ff____c17_1____2.csv;t_93f3d6f7fc6aa6ff____c17_1____2__t_93f3d6f7fc6aa6ff____c9_0____3_fair.csv;t_93f3d6f7fc6aa6ff____c17_1____2__t_93f3d6f7fc6aa6ff____c7_0____4_fair.csv;t_93f3d6f7fc6aa6ff____c17_1____2__t_93f3d6f7fc6aa6ff____c7_0____2_fair.csv;t_93f3d6f7fc6aa6ff____c17_1____2__t_93f3d6f7fc6aa6ff____c3_1____2_fair.csv,{}
tusSmall3,starmie,t_93f3d6f7fc6aa6ff____c19_1____2_fair.csv,10,1080,76,10,False,0.0851,1.0,0.009259259259259259,0.009259259259259259,164.41825199127197,164.41825199127197,t_93f3d6f7fc6aa6ff____c17_1____2.csv;t_93f3d6f7fc6aa6ff____c17_1____2__t_93f3d6f7fc6aa6ff____c9_0____3_fair.csv;t_93f3d6f7fc6aa6ff____c17_1____2__t_93f3d6f7fc6aa6ff____c7_0____4_fair.csv;t_93f3d6f7fc6aa6ff____c17_1____2__t_93f3d6f7fc6aa6ff____c7_0____2_fair.csv;t_93f3d6f7fc6aa6ff____c17_1____2__t_93f3d6f7fc6aa6ff____c3_1____2_fair.csv;t_93f3d6f7fc6aa6ff____c17_1____2__t_93f3d6f7fc6aa6ff____c19_1____2_fair.csv;t_93f3d6f7fc6aa6ff____c17_1____2__t_93f3d6f7fc6aa6ff____c19_0____1_fair.csv;t_93f3d6f7fc6aa6ff____c17_1____2__t_93f3d6f7fc6aa6ff____c15_0____4_fair.csv;t_93f3d6f7fc6aa6ff____c17_1____2__t_93f3d6f7fc6aa6ff____c12_1____1_fair.csv;t_93f3d6f7fc6aa6ff____c17_1____2__t_93f3d6f7fc6aa6ff____c11_1____3_fair.csv,{}
tusSmall3,starmie,t_93f3d6f7fc6aa6ff____c19_1____2_fair.csv,20,1080,76,20,False,0.0513,1.0,0.018518518518518517,0.018518518518518517,326.65037125349045,326.65037125349045,t_93f3d6f7fc6aa6ff____c17_1____2.csv;t_93f3d6f7fc6aa6ff____c17_1____2__t_93f3d6f7fc6aa6ff____c9_0____3_fair.csv;t_93f3d6f7fc6aa6ff____c17_1____2__t_93f3d6f7fc6aa6ff____c7_0____4_fair.csv;t_93f3d6f7fc6aa6ff____c17_1____2__t_93f3d6f7fc6aa6ff____c7_0____2_fair.csv;t_93f3d6f7fc6aa6ff____c17_1____2__t_93f3d6f7fc6aa6ff____c3_1____2_fair.csv;t_93f3d6f7fc6aa6ff____c17_1____2__t_93f3d6f7fc6aa6ff____c19_1____2_fair.csv;t_93f3d6f7fc6aa6ff____c17_1____2__t_93f3d6f7fc6aa6ff____c19_0____1_fair.csv;t_93f3d6f7fc6aa6ff____c17_1____2__t_93f3d6f7fc6aa6ff____c15_0____4_fair.csv;t_93f3d6f7fc6aa6ff____c17_1____2__t_93f3d6f7fc6aa6ff____c12_1____1_fair.csv;t_93f3d6f7fc6aa6ff____c17_1____2__t_93f3d6f7fc6aa6ff____c11_1____3_fair.csv;t_93f3d6f7fc6aa6ff____c17_1____3__t_93f3d6f7fc6aa6ff____c9_0____3_fair.csv;t_93f3d6f7fc6aa6ff____c17_1____3__t_93f3d6f7fc6aa6ff____c7_0____4_fair.csv;t_93f3d6f7fc6aa6ff____c17_1____3__t_93f3d6f7fc6aa6ff____c7_0____2_fair.csv;t_93f3d6f7fc6aa6ff____c17_1____3__t_93f3d6f7fc6aa6ff____c3_1____2_fair.csv;t_93f3d6f7fc6aa6ff____c17_1____3__t_93f3d6f7fc6aa6ff____c19_1____2_fair.csv;t_93f3d6f7fc6aa6ff____c17_1____3__t_93f3d6f7fc6aa6ff____c19_0____1_fair.csv;t_93f3d6f7fc6aa6ff____c17_1____3__t_93f3d6f7fc6aa6ff____c15_0____4_fair.csv;t_93f3d6f7fc6aa6ff____c17_1____3__t_93f3d6f7fc6aa6ff____c12_1____1_fair.csv;t_93f3d6f7fc6aa6ff____c17_1____3__t_93f3d6f7fc6aa6ff____c11_1____3_fair.csv;t_93f3d6f7fc6aa6ff____c17_1____3.csv,{}
tusSmall3,starmie,t_c701386b7c10b107____c6_1____2_fair.csv,5,980,146,5,False,0.1596,1.0,0.00510204081632653,0.00510204081632653,27.563823759555817,27.563823759555817,t_c701386b7c10b107____c6_1____1__t_c701386b7c10b107____c7_1____0_fair.csv;t_c701386b7c10b107____c6_1____1__t_c701386b7c10b107____c6_1____2_fair.csv;t_c701386b7c10b107____c6_1____1__t_c701386b7c10b107____c5_1____1_fair.csv;t_c701386b7c10b107____c6_1____1__t_c701386b7c10b107____c18_1____1_fair.csv;t_c701386b7c10b107____c6_1____1__t_c701386b7c10b107____c17_1____1_fair.csv,{}
tusSmall3,starmie,t_c701386b7c10b107____c6_1____2_fair.csv,10,980,146,10,False,0.1369,1.0,0.01020408163265306,0.01020408163265306,54.64176732301712,54.64176732301712,t_c701386b7c10b107____c6_1____1__t_c701386b7c10b107____c7_1____0_fair.csv;t_c701386b7c10b107____c6_1____1__t_c701386b7c10b107____c6_1____2_fair.csv;t_c701386b7c10b107____c6_1____1__t_c701386b7c10b107____c5_1____1_fair.csv;t_c701386b7c10b107____c6_1____1__t_c701386b7c10b107____c18_1____1_fair.csv;t_c701386b7c10b107____c6_1____1__t_c701386b7c10b107____c17_1____1_fair.csv;t_c701386b7c10b107____c6_1____1__t_c701386b7c10b107____c14_0____2_fair.csv;t_c701386b7c10b107____c6_1____1__t_c701386b7c10b107____c10_0____3_fair.csv;t_c701386b7c10b107____c6_1____1.csv;t_c701386b7c10b107____c6_1____4__t_c701386b7c10b107____c7_1____0_fair.csv;t_c701386b7c10b107____c6_1____4__t_c701386b7c10b107____c6_1____2_fair.csv,{}
tusSmall3,starmie,t_c701386b7c10b107____c6_1____2_fair.csv,20,980,146,20,False,0.0785,0.8,0.0163265306122449,0.02040816326530612,106.76330631971359,106.76330631971359,t_c701386b7c10b107____c6_1____1__t_c701386b7c10b107____c7_1____0_fair.csv;t_c701386b7c10b107____c6_1____1__t_c701386b7c10b107____c6_1____2_fair.csv;t_c701386b7c10b107____c6_1____1__t_c701386b7c10b107____c5_1____1_fair.csv;t_c701386b7c10b107____c6_1____1__t_c701386b7c10b107____c18_1____1_fair.csv;t_c701386b7c10b107____c6_1____1__t_c701386b7c10b107____c17_1____1_fair.csv;t_c701386b7c10b107____c6_1____1__t_c701386b7c10b107____c14_0____2_fair.csv;t_c701386b7c10b107____c6_1____1__t_c701386b7c10b107____c10_0____3_fair.csv;t_c701386b7c10b107____c6_1____1.csv;t_c701386b7c10b107____c6_1____4__t_c701386b7c10b107____c7_1____0_fair.csv;t_c701386b7c10b107____c6_1____4__t_c701386b7c10b107____c6_1____2_fair.csv;t_c701386b7c10b107____c6_1____4__t_c701386b7c10b107____c5_1____1_fair.csv;t_c701386b7c10b107____c6_1____4__t_c701386b7c10b107____c18_1____1_fair.csv;t_c701386b7c10b107____c6_1____4__t_c701386b7c10b107____c17_1____1_fair.csv;t_c701386b7c10b107____c6_1____4__t_c701386b7c10b107____c14_0____2_fair.csv;t_c701386b7c10b107____c6_1____4__t_c701386b7c10b107____c10_0____3_fair.csv;t_c701386b7c10b107____c6_1____4.csv;t_c701386b7c10b107____c7_1____2__t_c701386b7c10b107____c7_1____0_fair.csv;t_c701386b7c10b107____c7_1____2__t_c701386b7c10b107____c6_0____0_fair.csv;t_c701386b7c10b107____c7_1____2__t_c701386b7c10b107____c5_1____1_fair.csv;t_c701386b7c10b107____c7_1____2__t_c701386b7c10b107____c21_0____2_fair.csv,{}
tusSmall3,starmie,t_c701386b7c10b107____c6_0____0_fair.csv,5,866,138,5,False,0.1721,1.0,0.005773672055427252,0.005773672055427252,27.79762440919876,27.79762440919876,t_c701386b7c10b107____c6_0____3.csv;t_c701386b7c10b107____c6_0____3__t_c701386b7c10b107____c6_0____0_fair.csv;t_c701386b7c10b107____c6_0____3__t_c701386b7c10b107____c21_0____2_fair.csv;t_c701386b7c10b107____c6_0____3__t_c701386b7c10b107____c20_0____2_fair.csv;t_c701386b7c10b107____c11_1____3.csv,{}
tusSmall3,starmie,t_c701386b7c10b107____c6_0____0_fair.csv,10,866,138,10,False,0.1326,1.0,0.011547344110854504,0.011547344110854504,54.755490839481354,54.755490839481354,t_c701386b7c10b107____c6_0____3.csv;t_c701386b7c10b107____c6_0____3__t_c701386b7c10b107____c6_0____0_fair.csv;t_c701386b7c10b107____c6_0____3__t_c701386b7c10b107____c21_0____2_fair.csv;t_c701386b7c10b107____c6_0____3__t_c701386b7c10b107____c20_0____2_fair.csv;t_c701386b7c10b107____c11_1____3.csv;t_c701386b7c10b107____c7_0____4.csv;t_c701386b7c10b107____c7_0____4__t_c701386b7c10b107____c6_0____0_fair.csv;t_c701386b7c10b107____c7_0____4__t_c701386b7c10b107____c21_0____4_fair.csv;t_c701386b7c10b107____c7_0____4__t_c701386b7c10b107____c21_0____2_fair.csv;t_c701386b7c10b107____c7_0____4__t_c701386b7c10b107____c20_0____2_fair.csv,{}
tusSmall3,starmie,t_c701386b7c10b107____c6_0____0_fair.csv,20,866,138,20,False,0.0693,0.75,0.017321016166281754,0.023094688221709007,108.35214799642563,108.35214799642563,t_c701386b7c10b107____c6_0____3.csv;t_c701386b7c10b107____c6_0____3__t_c701386b7c10b107____c6_0____0_fair.csv;t_c701386b7c10b107____c6_0____3__t_c701386b7c10b107____c21_0____2_fair.csv;t_c701386b7c10b107____c6_0____3__t_c701386b7c10b107____c20_0____2_fair.csv;t_c701386b7c10b107____c11_1____3.csv;t_c701386b7c10b107____c7_0____4.csv;t_c701386b7c10b107____c7_0____4__t_c701386b7c10b107____c6_0____0_fair.csv;t_c701386b7c10b107____c7_0____4__t_c701386b7c10b107____c21_0____4_fair.csv;t_c701386b7c10b107____c7_0____4__t_c701386b7c10b107____c21_0____2_fair.csv;t_c701386b7c10b107____c7_0____4__t_c701386b7c10b107____c20_0____2_fair.csv;t_c701386b7c10b107____c7_0____4__t_c701386b7c10b107____c15_1____3_fair.csv;t_c701386b7c10b107____c11_1____4.csv;t_c701386b7c10b107____c10_1____0.csv;t_c701386b7c10b107____c10_1____0__t_c701386b7c10b107____c6_1____2_fair.csv;t_c701386b7c10b107____c10_1____0__t_c701386b7c10b107____c21_0____4_fair.csv;t_c701386b7c10b107____c10_1____0__t_c701386b7c10b107____c15_1____3_fair.csv;t_c701386b7c10b107____c10_1____0__t_c701386b7c10b107____c14_0____2_fair.csv;t_c701386b7c10b107____c7_0____3.csv;t_c701386b7c10b107____c7_0____3__t_c701386b7c10b107____c6_0____0_fair.csv;t_c701386b7c10b107____c7_0____3__t_c701386b7c10b107____c21_0____4_fair.csv,{}
tusSmall3,starmie,t_c701386b7c10b107____c7_1____0_fair.csv,5,1077,131,5,False,0.1369,1.0,0.004642525533890436,0.004642525533890436,34.51699435710907,34.51699435710907,t_c701386b7c10b107____c7_1____1__t_c701386b7c10b107____c7_1____0_fair.csv;t_c701386b7c10b107____c7_1____1__t_c701386b7c10b107____c6_0____0_fair.csv;t_c701386b7c10b107____c7_1____1__t_c701386b7c10b107____c5_1____1_fair.csv;t_c701386b7c10b107____c7_1____1__t_c701386b7c10b107____c21_0____2_fair.csv;t_c701386b7c10b107____c7_1____1__t_c701386b7c10b107____c20_0____2_fair.csv,{}
tusSmall3,starmie,t_c701386b7c10b107____c7_1____0_fair.csv,10,1077,131,10,False,0.1125,1.0,0.009285051067780872,0.009285051067780872,68.90240222215652,68.90240222215652,t_c701386b7c10b107____c7_1____1__t_c701386b7c10b107____c7_1____0_fair.csv;t_c701386b7c10b107____c7_1____1__t_c701386b7c10b107____c6_0____0_fair.csv;t_c701386b7c10b107____c7_1____1__t_c701386b7c10b107____c5_1____1_fair.csv;t_c701386b7c10b107____c7_1____1__t_c701386b7c10b107____c21_0____2_fair.csv;t_c701386b7c10b107____c7_1____1__t_c701386b7c10b107____c20_0____2_fair.csv;t_c701386b7c10b107____c7_1____1__t_c701386b7c10b107____c18_1____1_fair.csv;t_c701386b7c10b107____c7_1____1__t_c701386b7c10b107____c10_0____3_fair.csv;t_c701386b7c10b107____c7_1____3__t_c701386b7c10b107____c7_1____0_fair.csv;t_c701386b7c10b107____c7_1____3__t_c701386b7c10b107____c6_0____0_fair.csv;t_c701386b7c10b107____c7_1____3__t_c701386b7c10b107____c5_1____1_fair.csv,{}
tusSmall3,starmie,t_c701386b7c10b107____c7_1____0_fair.csv,20,1077,131,20,False,0.0865,1.0,0.018570102135561744,0.018570102135561744,137.36583960056305,137.36583960056305,t_c701386b7c10b107____c7_1____1__t_c701386b7c10b107____c7_1____0_fair.csv;t_c701386b7c10b107____c7_1____1__t_c701386b7c10b107____c6_0____0_fair.csv;t_c701386b7c10b107____c7_1____1__t_c701386b7c10b107____c5_1____1_fair.csv;t_c701386b7c10b107____c7_1____1__t_c701386b7c10b107____c21_0____2_fair.csv;t_c701386b7c10b107____c7_1____1__t_c701386b7c10b107____c20_0____2_fair.csv;t_c701386b7c10b107____c7_1____1__t_c701386b7c10b107____c18_1____1_fair.csv;t_c701386b7c10b107____c7_1____1__t_c701386b7c10b107____c10_0____3_fair.csv;t_c701386b7c10b107____c7_1____3__t_c701386b7c10b107____c7_1____0_fair.csv;t_c701386b7c10b107____c7_1____3__t_c701386b7c10b107____c6_0____0_fair.csv;t_c701386b7c10b107____c7_1____3__t_c701386b7c10b107____c5_1____1_fair.csv;t_c701386b7c10b107____c7_1____3__t_c701386b7c10b107____c21_0____2_fair.csv;t_c701386b7c10b107____c7_1____3__t_c701386b7c10b107____c20_0____2_fair.csv;t_c701386b7c10b107____c7_1____3__t_c701386b7c10b107____c18_1____1_fair.csv;t_c701386b7c10b107____c7_1____3__t_c701386b7c10b107____c10_0____3_fair.csv;t_c701386b7c10b107____c7_1____1.csv;t_c701386b7c10b107____c7_1____2.csv;t_c701386b7c10b107____c7_1____3.csv;t_c701386b7c10b107____c7_1____2__t_c701386b7c10b107____c7_1____0_fair.csv;t_c701386b7c10b107____c7_1____2__t_c701386b7c10b107____c6_0____0_fair.csv;t_c701386b7c10b107____c7_1____2__t_c701386b7c10b107____c5_1____1_fair.csv,{}
tusSmall3,starmie,t_c701386b7c10b107____c18_1____1_fair.csv,5,862,74,5,False,0.0838,1.0,0.00580046403712297,0.00580046403712297,84.40386921167374,84.40386921167374,t_c701386b7c10b107____c18_1____4__t_c701386b7c10b107____c6_1____2_fair.csv;t_c701386b7c10b107____c18_1____4__t_c701386b7c10b107____c6_0____0_fair.csv;t_c701386b7c10b107____c18_1____4__t_c701386b7c10b107____c21_0____4_fair.csv;t_c701386b7c10b107____c18_1____4__t_c701386b7c10b107____c21_0____2_fair.csv;t_c701386b7c10b107____c18_1____4__t_c701386b7c10b107____c20_0____2_fair.csv,{}
tusSmall3,starmie,t_c701386b7c10b107____c18_1____1_fair.csv,10,862,74,10,False,0.0888,0.9,0.010440835266821345,0.01160092807424594,168.64050430059433,168.64050430059433,t_c701386b7c10b107____c18_1____4__t_c701386b7c10b107____c6_1____2_fair.csv;t_c701386b7c10b107____c18_1____4__t_c701386b7c10b107____c6_0____0_fair.csv;t_c701386b7c10b107____c18_1____4__t_c701386b7c10b107____c21_0____4_fair.csv;t_c701386b7c10b107____c18_1____4__t_c701386b7c10b107____c21_0____2_fair.csv;t_c701386b7c10b107____c18_1____4__t_c701386b7c10b107____c20_0____2_fair.csv;t_c701386b7c10b107____c18_1____4__t_c701386b7c10b107____c18_1____1_fair.csv;t_c701386b7c10b107____c18_1____4__t_c701386b7c10b107____c15_1____3_fair.csv;t_c701386b7c10b107____c18_1____4__t_c701386b7c10b107____c14_0____2_fair.csv;t_c701386b7c10b107____c18_1____4.csv;t_c701386b7c10b107____c20_0____1__t_c701386b7c10b107____c6_1____2_fair.csv,{}
tusSmall3,starmie,t_c701386b7c10b107____c18_1____1_fair.csv,20,862,74,20,False,0.0474,0.45,0.010440835266821345,0.02320185614849188,335.7438729405403,335.7438729405403,t_c701386b7c10b107____c18_1____4__t_c701386b7c10b107____c6_1____2_fair.csv;t_c701386b7c10b107____c18_1____4__t_c701386b7c10b107____c6_0____0_fair.csv;t_c701386b7c10b107____c18_1____4__t_c701386b7c10b107____c21_0____4_fair.csv;t_c701386b7c10b107____c18_1____4__t_c701386b7c10b107____c21_0____2_fair.csv;t_c701386b7c10b107____c18_1____4__t_c701386b7c10b107____c20_0____2_fair.csv;t_c701386b7c10b107____c18_1____4__t_c701386b7c10b107____c18_1____1_fair.csv;t_c701386b7c10b107____c18_1____4__t_c701386b7c10b107____c15_1____3_fair.csv;t_c701386b7c10b107____c18_1____4__t_c701386b7c10b107____c14_0____2_fair.csv;t_c701386b7c10b107____c18_1____4.csv;t_c701386b7c10b107____c20_0____1__t_c701386b7c10b107____c6_1____2_fair.csv;t_c701386b7c10b107____c20_0____1__t_c701386b7c10b107____c6_0____0_fair.csv;t_c701386b7c10b107____c20_0____1__t_c701386b7c10b107____c21_0____4_fair.csv;t_c701386b7c10b107____c20_0____1__t_c701386b7c10b107____c21_0____2_fair.csv;t_c701386b7c10b107____c20_0____1__t_c701386b7c10b107____c20_0____2_fair.csv;t_c701386b7c10b107____c20_0____1__t_c701386b7c10b107____c17_1____1_fair.csv;t_c701386b7c10b107____c20_0____1__t_c701386b7c10b107____c15_1____3_fair.csv;t_c701386b7c10b107____c20_0____1__t_c701386b7c10b107____c14_0____2_fair.csv;t_c701386b7c10b107____c20_0____1.csv;t_c701386b7c10b107____c19_0____4.csv;t_c701386b7c10b107____c19_0____4__t_c701386b7c10b107____c7_1____0_fair.csv,{}
tusSmall3,starmie,t_93f3d6f7fc6aa6ff____c21_0____3_fair.csv,5,1195,58,5,False,0.0772,1.0,0.0041841004184100415,0.0041841004184100415,95.52144229412079,95.52144229412079,t_93f3d6f7fc6aa6ff____c20_1____3__t_93f3d6f7fc6aa6ff____c9_0____3_fair.csv;t_93f3d6f7fc6aa6ff____c20_1____3__t_93f3d6f7fc6aa6ff____c7_0____4_fair.csv;t_93f3d6f7fc6aa6ff____c20_1____3__t_93f3d6f7fc6aa6ff____c7_0____2_fair.csv;t_93f3d6f7fc6aa6ff____c20_1____3__t_93f3d6f7fc6aa6ff____c5_0____2_fair.csv;t_93f3d6f7fc6aa6ff____c20_1____3__t_93f3d6f7fc6aa6ff____c3_1____2_fair.csv,{}
tusSmall3,starmie,t_93f3d6f7fc6aa6ff____c21_0____3_fair.csv,10,1195,58,10,False,0.0829,1.0,0.008368200836820083,0.008368200836820083,191.04288458824158,191.04288458824158,t_93f3d6f7fc6aa6ff____c20_1____3__t_93f3d6f7fc6aa6ff____c9_0____3_fair.csv;t_93f3d6f7fc6aa6ff____c20_1____3__t_93f3d6f7fc6aa6ff____c7_0____4_fair.csv;t_93f3d6f7fc6aa6ff____c20_1____3__t_93f3d6f7fc6aa6ff____c7_0____2_fair.csv;t_93f3d6f7fc6aa6ff____c20_1____3__t_93f3d6f7fc6aa6ff____c5_0____2_fair.csv;t_93f3d6f7fc6aa6ff____c20_1____3__t_93f3d6f7fc6aa6ff____c3_1____2_fair.csv;t_93f3d6f7fc6aa6ff____c20_1____3__t_93f3d6f7fc6aa6ff____c21_0____3_fair.csv;t_93f3d6f7fc6aa6ff____c20_1____3__t_93f3d6f7fc6aa6ff____c19_1____2_fair.csv;t_93f3d6f7fc6aa6ff____c20_1____3__t_93f3d6f7fc6aa6ff____c19_0____1_fair.csv;t_93f3d6f7fc6aa6ff____c20_1____3__t_93f3d6f7fc6aa6ff____c15_1____2_fair.csv;t_93f3d6f7fc6aa6ff____c20_1____3__t_93f3d6f7fc6aa6ff____c15_0____4_fair.csv,{}
tusSmall3,starmie,t_93f3d6f7fc6aa6ff____c21_0____3_fair.csv,20,1195,58,20,False,0.087,1.0,0.016736401673640166,0.016736401673640166,380.5904541015625,380.5904541015625,t_93f3d6f7fc6aa6ff____c20_1____3__t_93f3d6f7fc6aa6ff____c9_0____3_fair.csv;t_93f3d6f7fc6aa6ff____c20_1____3__t_93f3d6f7fc6aa6ff____c7_0____4_fair.csv;t_93f3d6f7fc6aa6ff____c20_1____3__t_93f3d6f7fc6aa6ff____c7_0____2_fair.csv;t_93f3d6f7fc6aa6ff____c20_1____3__t_93f3d6f7fc6aa6ff____c5_0____2_fair.csv;t_93f3d6f7fc6aa6ff____c20_1____3__t_93f3d6f7fc6aa6ff____c3_1____2_fair.csv;t_93f3d6f7fc6aa6ff____c20_1____3__t_93f3d6f7fc6aa6ff____c21_0____3_fair.csv;t_93f3d6f7fc6aa6ff____c20_1____3__t_93f3d6f7fc6aa6ff____c19_1____2_fair.csv;t_93f3d6f7fc6aa6ff____c20_1____3__t_93f3d6f7fc6aa6ff____c19_0____1_fair.csv;t_93f3d6f7fc6aa6ff____c20_1____3__t_93f3d6f7fc6aa6ff____c15_1____2_fair.csv;t_93f3d6f7fc6aa6ff____c20_1____3__t_93f3d6f7fc6aa6ff____c15_0____4_fair.csv;t_93f3d6f7fc6aa6ff____c20_1____3__t_93f3d6f7fc6aa6ff____c12_1____1_fair.csv;t_93f3d6f7fc6aa6ff____c20_1____3__t_93f3d6f7fc6aa6ff____c12_0____3_fair.csv;t_93f3d6f7fc6aa6ff____c20_1____3__t_93f3d6f7fc6aa6ff____c11_1____3_fair.csv;t_93f3d6f7fc6aa6ff____c20_1____3__t_93f3d6f7fc6aa6ff____c11_0____4_fair.csv;t_93f3d6f7fc6aa6ff____c20_0____3__t_93f3d6f7fc6aa6ff____c9_0____3_fair.csv;t_93f3d6f7fc6aa6ff____c20_0____3__t_93f3d6f7fc6aa6ff____c7_0____4_fair.csv;t_93f3d6f7fc6aa6ff____c20_0____3__t_93f3d6f7fc6aa6ff____c7_0____2_fair.csv;t_93f3d6f7fc6aa6ff____c20_0____3__t_93f3d6f7fc6aa6ff____c5_0____2_fair.csv;t_93f3d6f7fc6aa6ff____c20_0____3__t_93f3d6f7fc6aa6ff____c3_1____2_fair.csv;t_93f3d6f7fc6aa6ff____c20_0____3__t_93f3d6f7fc6aa6ff____c21_0____3_fair.csv,{}
tusSmall3,starmie,t_ca85e8f9eef5b9d5____c10_1____3_fair.csv,5,1174,96,5,False,0.1,1.0,0.004258943781942078,0.004258943781942078,49.178996443748474,49.178996443748474,t_ca85e8f9eef5b9d5____c10_1____2.csv;t_ca85e8f9eef5b9d5____c10_1____1__t_ca85e8f9eef5b9d5____c9_1____4_fair.csv;t_ca85e8f9eef5b9d5____c10_1____1__t_ca85e8f9eef5b9d5____c7_1____3_fair.csv;t_ca85e8f9eef5b9d5____c10_1____1__t_ca85e8f9eef5b9d5____c7_0____3_fair.csv;t_ca85e8f9eef5b9d5____c10_1____1__t_ca85e8f9eef5b9d5____c6_0____1_fair.csv,{}
tusSmall3,starmie,t_ca85e8f9eef5b9d5____c10_1____3_fair.csv,10,1174,96,10,False,0.0995,1.0,0.008517887563884156,0.008517887563884156,98.32860684394836,98.32860684394836,t_ca85e8f9eef5b9d5____c10_1____2.csv;t_ca85e8f9eef5b9d5____c10_1____1__t_ca85e8f9eef5b9d5____c9_1____4_fair.csv;t_ca85e8f9eef5b9d5____c10_1____1__t_ca85e8f9eef5b9d5____c7_1____3_fair.csv;t_ca85e8f9eef5b9d5____c10_1____1__t_ca85e8f9eef5b9d5____c7_0____3_fair.csv;t_ca85e8f9eef5b9d5____c10_1____1__t_ca85e8f9eef5b9d5____c6_0____1_fair.csv;t_ca85e8f9eef5b9d5____c10_1____1__t_ca85e8f9eef5b9d5____c5_0____0_fair.csv;t_ca85e8f9eef5b9d5____c10_1____1__t_ca85e8f9eef5b9d5____c4_0____2_fair.csv;t_ca85e8f9eef5b9d5____c10_1____1__t_ca85e8f9eef5b9d5____c3_0____4_fair.csv;t_ca85e8f9eef5b9d5____c10_1____1__t_ca85e8f9eef5b9d5____c2_0____3_fair.csv;t_ca85e8f9eef5b9d5____c10_1____1__t_ca85e8f9eef5b9d5____c19_1____0_fair.csv,{}
tusSmall3,starmie,t_ca85e8f9eef5b9d5____c10_1____3_fair.csv,20,1174,96,20,False,0.0939,1.0,0.017035775127768313,0.017035775127768313,196.55717754364014,196.55717754364014,t_ca85e8f9eef5b9d5____c10_1____2.csv;t_ca85e8f9eef5b9d5____c10_1____1__t_ca85e8f9eef5b9d5____c9_1____4_fair.csv;t_ca85e8f9eef5b9d5____c10_1____1__t_ca85e8f9eef5b9d5____c7_1____3_fair.csv;t_ca85e8f9eef5b9d5____c10_1____1__t_ca85e8f9eef5b9d5____c7_0____3_fair.csv;t_ca85e8f9eef5b9d5____c10_1____1__t_ca85e8f9eef5b9d5____c6_0____1_fair.csv;t_ca85e8f9eef5b9d5____c10_1____1__t_ca85e8f9eef5b9d5____c5_0____0_fair.csv;t_ca85e8f9eef5b9d5____c10_1____1__t_ca85e8f9eef5b9d5____c4_0____2_fair.csv;t_ca85e8f9eef5b9d5____c10_1____1__t_ca85e8f9eef5b9d5____c3_0____4_fair.csv;t_ca85e8f9eef5b9d5____c10_1____1__t_ca85e8f9eef5b9d5____c2_0____3_fair.csv;t_ca85e8f9eef5b9d5____c10_1____1__t_ca85e8f9eef5b9d5____c19_1____0_fair.csv;t_ca85e8f9eef5b9d5____c10_1____1__t_ca85e8f9eef5b9d5____c18_1____2_fair.csv;t_ca85e8f9eef5b9d5____c10_1____1__t_ca85e8f9eef5b9d5____c11_0____4_fair.csv;t_ca85e8f9eef5b9d5____c10_1____1__t_ca85e8f9eef5b9d5____c10_1____3_fair.csv;t_ca85e8f9eef5b9d5____c10_1____1.csv;t_ca85e8f9eef5b9d5____c10_1____2__t_ca85e8f9eef5b9d5____c9_1____4_fair.csv;t_ca85e8f9eef5b9d5____c10_1____2__t_ca85e8f9eef5b9d5____c7_1____3_fair.csv;t_ca85e8f9eef5b9d5____c10_1____2__t_ca85e8f9eef5b9d5____c7_0____3_fair.csv;t_ca85e8f9eef5b9d5____c10_1____2__t_ca85e8f9eef5b9d5____c6_0____1_fair.csv;t_ca85e8f9eef5b9d5____c10_1____2__t_ca85e8f9eef5b9d5____c5_0____0_fair.csv;t_ca85e8f9eef5b9d5____c10_1____2__t_ca85e8f9eef5b9d5____c4_0____2_fair.csv,{}
tusSmall3,starmie,t_ca85e8f9eef5b9d5____c10_0____0_fair.csv,5,1405,85,5,False,0.0751,1.0,0.0035587188612099642,0.0035587188612099642,47.01362729072571,47.01362729072571,t_ca85e8f9eef5b9d5____c10_0____4__t_ca85e8f9eef5b9d5____c9_1____4_fair.csv;t_ca85e8f9eef5b9d5____c10_0____4__t_ca85e8f9eef5b9d5____c7_1____3_fair.csv;t_ca85e8f9eef5b9d5____c10_0____4__t_ca85e8f9eef5b9d5____c7_0____3_fair.csv;t_ca85e8f9eef5b9d5____c10_0____4__t_ca85e8f9eef5b9d5____c5_0____0_fair.csv;t_ca85e8f9eef5b9d5____c10_0____4__t_ca85e8f9eef5b9d5____c4_0____2_fair.csv,{}
tusSmall3,starmie,t_ca85e8f9eef5b9d5____c10_0____0_fair.csv,10,1405,85,10,False,0.0423,1.0,0.0071174377224199285,0.0071174377224199285,93.97169184684753,93.97169184684753,t_ca85e8f9eef5b9d5____c10_0____4__t_ca85e8f9eef5b9d5____c9_1____4_fair.csv;t_ca85e8f9eef5b9d5____c10_0____4__t_ca85e8f9eef5b9d5____c7_1____3_fair.csv;t_ca85e8f9eef5b9d5____c10_0____4__t_ca85e8f9eef5b9d5____c7_0____3_fair.csv;t_ca85e8f9eef5b9d5____c10_0____4__t_ca85e8f9eef5b9d5____c5_0____0_fair.csv;t_ca85e8f9eef5b9d5____c10_0____4__t_ca85e8f9eef5b9d5____c4_0____2_fair.csv;t_ca85e8f9eef5b9d5____c10_0____4__t_ca85e8f9eef5b9d5____c3_0____4_fair.csv;t_ca85e8f9eef5b9d5____c10_0____4__t_ca85e8f9eef5b9d5____c19_1____0_fair.csv;t_ca85e8f9eef5b9d5____c10_0____4__t_ca85e8f9eef5b9d5____c10_0____0_fair.csv;t_ca85e8f9eef5b9d5____c10_0____4.csv;t_ca85e8f9eef5b9d5____c10_0____2__t_ca85e8f9eef5b9d5____c9_1____4_fair.csv,{}
tusSmall3,starmie,t_ca85e8f9eef5b9d5____c10_0____0_fair.csv,20,1405,85,20,False,0.0236,1.0,0.014234875444839857,0.014234875444839857,187.50238156318665,187.50238156318665,t_ca85e8f9eef5b9d5____c10_0____4__t_ca85e8f9eef5b9d5____c9_1____4_fair.csv;t_ca85e8f9eef5b9d5____c10_0____4__t_ca85e8f9eef5b9d5____c7_1____3_fair.csv;t_ca85e8f9eef5b9d5____c10_0____4__t_ca85e8f9eef5b9d5____c7_0____3_fair.csv;t_ca85e8f9eef5b9d5____c10_0____4__t_ca85e8f9eef5b9d5____c5_0____0_fair.csv;t_ca85e8f9eef5b9d5____c10_0____4__t_ca85e8f9eef5b9d5____c4_0____2_fair.csv;t_ca85e8f9eef5b9d5____c10_0____4__t_ca85e8f9eef5b9d5____c3_0____4_fair.csv;t_ca85e8f9eef5b9d5____c10_0____4__t_ca85e8f9eef5b9d5____c19_1____0_fair.csv;t_ca85e8f9eef5b9d5____c10_0____4__t_ca85e8f9eef5b9d5____c10_0____0_fair.csv;t_ca85e8f9eef5b9d5____c10_0____4.csv;t_ca85e8f9eef5b9d5____c10_0____2__t_ca85e8f9eef5b9d5____c9_1____4_fair.csv;t_ca85e8f9eef5b9d5____c10_0____2__t_ca85e8f9eef5b9d5____c7_1____3_fair.csv;t_ca85e8f9eef5b9d5____c10_0____2__t_ca85e8f9eef5b9d5____c7_0____3_fair.csv;t_ca85e8f9eef5b9d5____c10_0____2__t_ca85e8f9eef5b9d5____c5_0____0_fair.csv;t_ca85e8f9eef5b9d5____c10_0____2__t_ca85e8f9eef5b9d5____c4_0____2_fair.csv;t_ca85e8f9eef5b9d5____c10_0____2__t_ca85e8f9eef5b9d5____c3_0____4_fair.csv;t_ca85e8f9eef5b9d5____c10_0____2__t_ca85e8f9eef5b9d5____c19_1____0_fair.csv;t_ca85e8f9eef5b9d5____c10_0____2__t_ca85e8f9eef5b9d5____c10_0____0_fair.csv;t_ca85e8f9eef5b9d5____c10_0____3.csv;t_ca85e8f9eef5b9d5____c10_0____2.csv;t_ca85e8f9eef5b9d5____c10_0____1.csv,{}
tusSmall3,starmie,t_ca85e8f9eef5b9d5____c11_0____4_fair.csv,5,1219,107,5,False,0.287,1.0,0.004101722723543888,0.004101722723543888,54.6037232875824,54.6037232875824,t_ca85e8f9eef5b9d5____c11_0____2__t_ca85e8f9eef5b9d5____c9_1____4_fair.csv;t_ca85e8f9eef5b9d5____c11_0____2__t_ca85e8f9eef5b9d5____c7_0____3_fair.csv;t_ca85e8f9eef5b9d5____c11_0____2__t_ca85e8f9eef5b9d5____c6_0____1_fair.csv;t_ca85e8f9eef5b9d5____c11_0____2__t_ca85e8f9eef5b9d5____c4_0____2_fair.csv;t_ca85e8f9eef5b9d5____c11_0____2__t_ca85e8f9eef5b9d5____c2_0____3_fair.csv,{}
tusSmall3,starmie,t_ca85e8f9eef5b9d5____c11_0____4_fair.csv,10,1219,107,10,False,0.2663,1.0,0.008203445447087777,0.008203445447087777,109.2074465751648,109.2074465751648,t_ca85e8f9eef5b9d5____c11_0____2__t_ca85e8f9eef5b9d5____c9_1____4_fair.csv;t_ca85e8f9eef5b9d5____c11_0____2__t_ca85e8f9eef5b9d5____c7_0____3_fair.csv;t_ca85e8f9eef5b9d5____c11_0____2__t_ca85e8f9eef5b9d5____c6_0____1_fair.csv;t_ca85e8f9eef5b9d5____c11_0____2__t_ca85e8f9eef5b9d5____c4_0____2_fair.csv;t_ca85e8f9eef5b9d5____c11_0____2__t_ca85e8f9eef5b9d5____c2_0____3_fair.csv;t_ca85e8f9eef5b9d5____c11_0____2__t_ca85e8f9eef5b9d5____c22_0____4_fair.csv;t_ca85e8f9eef5b9d5____c11_0____2__t_ca85e8f9eef5b9d5____c19_1____2_fair.csv;t_ca85e8f9eef5b9d5____c11_0____2__t_ca85e8f9eef5b9d5____c19_1____0_fair.csv;t_ca85e8f9eef5b9d5____c11_0____2__t_ca85e8f9eef5b9d5____c18_1____2_fair.csv;t_ca85e8f9eef5b9d5____c11_0____2__t_ca85e8f9eef5b9d5____c11_0____4_fair.csv,{}
tusSmall3,starmie,t_ca85e8f9eef5b9d5____c11_0____4_fair.csv,20,1219,107,20,False,0.1783,1.0,0.016406890894175553,0.016406890894175553,217.48963922262192,217.48963922262192,t_ca85e8f9eef5b9d5____c11_0____2__t_ca85e8f9eef5b9d5____c9_1____4_fair.csv;t_ca85e8f9eef5b9d5____c11_0____2__t_ca85e8f9eef5b9d5____c7_0____3_fair.csv;t_ca85e8f9eef5b9d5____c11_0____2__t_ca85e8f9eef5b9d5____c6_0____1_fair.csv;t_ca85e8f9eef5b9d5____c11_0____2__t_ca85e8f9eef5b9d5____c4_0____2_fair.csv;t_ca85e8f9eef5b9d5____c11_0____2__t_ca85e8f9eef5b9d5____c2_0____3_fair.csv;t_ca85e8f9eef5b9d5____c11_0____2__t_ca85e8f9eef5b9d5____c22_0____4_fair.csv;t_ca85e8f9eef5b9d5____c11_0____2__t_ca85e8f9eef5b9d5____c19_1____2_fair.csv;t_ca85e8f9eef5b9d5____c11_0____2__t_ca85e8f9eef5b9d5____c19_1____0_fair.csv;t_ca85e8f9eef5b9d5____c11_0____2__t_ca85e8f9eef5b9d5____c18_1____2_fair.csv;t_ca85e8f9eef5b9d5____c11_0____2__t_ca85e8f9eef5b9d5____c11_0____4_fair.csv;t_ca85e8f9eef5b9d5____c11_0____2__t_ca85e8f9eef5b9d5____c10_1____3_fair.csv;t_ca85e8f9eef5b9d5____c11_0____2__t_ca85e8f9eef5b9d5____c10_0____0_fair.csv;t_ca85e8f9eef5b9d5____c11_0____2.csv;t_ca85e8f9eef5b9d5____c11_0____3.csv;t_ca85e8f9eef5b9d5____c11_0____1.csv;t_ca85e8f9eef5b9d5____c11_0____0.csv;t_ca85e8f9eef5b9d5____c11_0____1__t_ca85e8f9eef5b9d5____c9_1____4_fair.csv;t_ca85e8f9eef5b9d5____c11_0____1__t_ca85e8f9eef5b9d5____c7_0____3_fair.csv;t_ca85e8f9eef5b9d5____c11_0____1__t_ca85e8f9eef5b9d5____c6_0____1_fair.csv;t_ca85e8f9eef5b9d5____c11_0____1__t_ca85e8f9eef5b9d5____c4_0____2_fair.csv,{}
tusSmall3,starmie,t_c701386b7c10b107____c20_0____2_fair.csv,5,866,52,5,False,0.0884,1.0,0.005773672055427252,0.005773672055427252,95.1152116060257,95.1152116060257,t_c701386b7c10b107____c24_0____2__t_c701386b7c10b107____c7_1____0_fair.csv;t_c701386b7c10b107____c24_0____2__t_c701386b7c10b107____c6_1____2_fair.csv;t_c701386b7c10b107____c24_0____2__t_c701386b7c10b107____c6_0____0_fair.csv;t_c701386b7c10b107____c24_0____2__t_c701386b7c10b107____c5_1____1_fair.csv;t_c701386b7c10b107____c24_0____2__t_c701386b7c10b107____c21_0____4_fair.csv,{}
tusSmall3,starmie,t_c701386b7c10b107____c20_0____2_fair.csv,10,866,52,10,False,0.1325,1.0,0.011547344110854504,0.011547344110854504,190.2304232120514,190.2304232120514,t_c701386b7c10b107____c24_0____2__t_c701386b7c10b107____c7_1____0_fair.csv;t_c701386b7c10b107____c24_0____2__t_c701386b7c10b107____c6_1____2_fair.csv;t_c701386b7c10b107____c24_0____2__t_c701386b7c10b107____c6_0____0_fair.csv;t_c701386b7c10b107____c24_0____2__t_c701386b7c10b107____c5_1____1_fair.csv;t_c701386b7c10b107____c24_0____2__t_c701386b7c10b107____c21_0____4_fair.csv;t_c701386b7c10b107____c24_0____2__t_c701386b7c10b107____c21_0____2_fair.csv;t_c701386b7c10b107____c24_0____2__t_c701386b7c10b107____c20_0____2_fair.csv;t_c701386b7c10b107____c24_0____2__t_c701386b7c10b107____c18_1____1_fair.csv;t_c701386b7c10b107____c24_0____2__t_c701386b7c10b107____c17_1____1_fair.csv;t_c701386b7c10b107____c24_0____2__t_c701386b7c10b107____c15_1____3_fair.csv,{}
tusSmall3,starmie,t_c701386b7c10b107____c20_0____2_fair.csv,20,866,52,20,False,0.0751,1.0,0.023094688221709007,0.023094688221709007,379.4899994134903,379.4899994134903,t_c701386b7c10b107____c24_0____2__t_c701386b7c10b107____c7_1____0_fair.csv;t_c701386b7c10b107____c24_0____2__t_c701386b7c10b107____c6_1____2_fair.csv;t_c701386b7c10b107____c24_0____2__t_c701386b7c10b107____c6_0____0_fair.csv;t_c701386b7c10b107____c24_0____2__t_c701386b7c10b107____c5_1____1_fair.csv;t_c701386b7c10b107____c24_0____2__t_c701386b7c10b107____c21_0____4_fair.csv;t_c701386b7c10b107____c24_0____2__t_c701386b7c10b107____c21_0____2_fair.csv;t_c701386b7c10b107____c24_0____2__t_c701386b7c10b107____c20_0____2_fair.csv;t_c701386b7c10b107____c24_0____2__t_c701386b7c10b107____c18_1____1_fair.csv;t_c701386b7c10b107____c24_0____2__t_c701386b7c10b107____c17_1____1_fair.csv;t_c701386b7c10b107____c24_0____2__t_c701386b7c10b107____c15_1____3_fair.csv;t_c701386b7c10b107____c24_0____2__t_c701386b7c10b107____c14_0____2_fair.csv;t_c701386b7c10b107____c24_0____2__t_c701386b7c10b107____c10_0____3_fair.csv;t_c701386b7c10b107____c24_0____2.csv;t_c701386b7c10b107____c21_1____2__t_c701386b7c10b107____c7_1____0_fair.csv;t_c701386b7c10b107____c21_1____2__t_c701386b7c10b107____c6_1____2_fair.csv;t_c701386b7c10b107____c21_1____2__t_c701386b7c10b107____c6_0____0_fair.csv;t_c701386b7c10b107____c21_1____2__t_c701386b7c10b107____c5_1____1_fair.csv;t_c701386b7c10b107____c21_1____2__t_c701386b7c10b107____c21_0____2_fair.csv;t_c701386b7c10b107____c21_1____2__t_c701386b7c10b107____c20_0____2_fair.csv;t_c701386b7c10b107____c21_1____2__t_c701386b7c10b107____c18_1____1_fair.csv,{}
tusSmall3,starmie,t_ca85e8f9eef5b9d5____c16_1____0_fair.csv,5,1266,63,5,False,0.0774,1.0,0.0039494470774091624,0.0039494470774091624,76.67338401079178,76.67338401079178,t_ca85e8f9eef5b9d5____c16_0____0__t_ca85e8f9eef5b9d5____c9_1____4_fair.csv;t_ca85e8f9eef5b9d5____c16_0____0__t_ca85e8f9eef5b9d5____c7_1____3_fair.csv;t_ca85e8f9eef5b9d5____c16_0____0__t_ca85e8f9eef5b9d5____c7_0____3_fair.csv;t_ca85e8f9eef5b9d5____c16_0____0__t_ca85e8f9eef5b9d5____c6_0____1_fair.csv;t_ca85e8f9eef5b9d5____c16_0____0__t_ca85e8f9eef5b9d5____c5_0____0_fair.csv,{}
tusSmall3,starmie,t_ca85e8f9eef5b9d5____c16_1____0_fair.csv,10,1266,63,10,False,0.0414,1.0,0.007898894154818325,0.007898894154818325,153.34676802158356,153.34676802158356,t_ca85e8f9eef5b9d5____c16_0____0__t_ca85e8f9eef5b9d5____c9_1____4_fair.csv;t_ca85e8f9eef5b9d5____c16_0____0__t_ca85e8f9eef5b9d5____c7_1____3_fair.csv;t_ca85e8f9eef5b9d5____c16_0____0__t_ca85e8f9eef5b9d5____c7_0____3_fair.csv;t_ca85e8f9eef5b9d5____c16_0____0__t_ca85e8f9eef5b9d5____c6_0____1_fair.csv;t_ca85e8f9eef5b9d5____c16_0____0__t_ca85e8f9eef5b9d5____c5_0____0_fair.csv;t_ca85e8f9eef5b9d5____c16_0____0__t_ca85e8f9eef5b9d5____c4_0____2_fair.csv;t_ca85e8f9eef5b9d5____c16_0____0__t_ca85e8f9eef5b9d5____c3_1____0_fair.csv;t_ca85e8f9eef5b9d5____c16_0____0__t_ca85e8f9eef5b9d5____c3_0____4_fair.csv;t_ca85e8f9eef5b9d5____c16_0____0__t_ca85e8f9eef5b9d5____c22_0____4_fair.csv;t_ca85e8f9eef5b9d5____c16_0____0__t_ca85e8f9eef5b9d5____c19_1____2_fair.csv,{}
tusSmall3,starmie,t_ca85e8f9eef5b9d5____c16_1____0_fair.csv,20,1266,63,20,False,0.0221,1.0,0.01579778830963665,0.01579778830963665,305.30241191387177,305.30241191387177,t_ca85e8f9eef5b9d5____c16_0____0__t_ca85e8f9eef5b9d5____c9_1____4_fair.csv;t_ca85e8f9eef5b9d5____c16_0____0__t_ca85e8f9eef5b9d5____c7_1____3_fair.csv;t_ca85e8f9eef5b9d5____c16_0____0__t_ca85e8f9eef5b9d5____c7_0____3_fair.csv;t_ca85e8f9eef5b9d5____c16_0____0__t_ca85e8f9eef5b9d5____c6_0____1_fair.csv;t_ca85e8f9eef5b9d5____c16_0____0__t_ca85e8f9eef5b9d5____c5_0____0_fair.csv;t_ca85e8f9eef5b9d5____c16_0____0__t_ca85e8f9eef5b9d5____c4_0____2_fair.csv;t_ca85e8f9eef5b9d5____c16_0____0__t_ca85e8f9eef5b9d5____c3_1____0_fair.csv;t_ca85e8f9eef5b9d5____c16_0____0__t_ca85e8f9eef5b9d5____c3_0____4_fair.csv;t_ca85e8f9eef5b9d5____c16_0____0__t_ca85e8f9eef5b9d5____c22_0____4_fair.csv;t_ca85e8f9eef5b9d5____c16_0____0__t_ca85e8f9eef5b9d5____c19_1____2_fair.csv;t_ca85e8f9eef5b9d5____c16_0____0__t_ca85e8f9eef5b9d5____c19_1____0_fair.csv;t_ca85e8f9eef5b9d5____c16_0____0__t_ca85e8f9eef5b9d5____c16_1____0_fair.csv;t_ca85e8f9eef5b9d5____c16_0____0.csv;t_ca85e8f9eef5b9d5____c18_0____0__t_ca85e8f9eef5b9d5____c9_1____4_fair.csv;t_ca85e8f9eef5b9d5____c18_0____0__t_ca85e8f9eef5b9d5____c7_1____3_fair.csv;t_ca85e8f9eef5b9d5____c18_0____0__t_ca85e8f9eef5b9d5____c7_0____3_fair.csv;t_ca85e8f9eef5b9d5____c18_0____0__t_ca85e8f9eef5b9d5____c6_0____1_fair.csv;t_ca85e8f9eef5b9d5____c18_0____0__t_ca85e8f9eef5b9d5____c5_0____0_fair.csv;t_ca85e8f9eef5b9d5____c18_0____0__t_ca85e8f9eef5b9d5____c4_0____2_fair.csv;t_ca85e8f9eef5b9d5____c18_0____0__t_ca85e8f9eef5b9d5____c3_1____0_fair.csv,{}
tusSmall3,starmie,t_ca85e8f9eef5b9d5____c2_0____3_fair.csv,5,1174,389,5,True,0.4335,1.0,0.004258943781942078,0.004258943781942078,9.421725809574127,9.421725809574127,t_ca85e8f9eef5b9d5____c2_0____0__t_ca85e8f9eef5b9d5____c2_0____3_fair.csv;t_ca85e8f9eef5b9d5____c2_0____0__t_ca85e8f9eef5b9d5____c10_1____3_fair.csv;t_ca85e8f9eef5b9d5____c2_0____4__t_ca85e8f9eef5b9d5____c2_0____3_fair.csv;t_ca85e8f9eef5b9d5____c2_0____4__t_ca85e8f9eef5b9d5____c10_1____3_fair.csv;t_ca85e8f9eef5b9d5____c2_0____1__t_ca85e8f9eef5b9d5____c2_0____3_fair.csv,{}
tusSmall3,starmie,t_ca85e8f9eef5b9d5____c2_0____3_fair.csv,10,1174,389,10,True,0.3669,0.9,0.007666098807495741,0.008517887563884156,18.342442989349365,18.342442989349365,t_ca85e8f9eef5b9d5____c2_0____0__t_ca85e8f9eef5b9d5____c2_0____3_fair.csv;t_ca85e8f9eef5b9d5____c2_0____0__t_ca85e8f9eef5b9d5____c10_1____3_fair.csv;t_ca85e8f9eef5b9d5____c2_0____4__t_ca85e8f9eef5b9d5____c2_0____3_fair.csv;t_ca85e8f9eef5b9d5____c2_0____4__t_ca85e8f9eef5b9d5____c10_1____3_fair.csv;t_ca85e8f9eef5b9d5____c2_0____1__t_ca85e8f9eef5b9d5____c2_0____3_fair.csv;t_ca85e8f9eef5b9d5____c2_0____1__t_ca85e8f9eef5b9d5____c10_1____3_fair.csv;t_ca85e8f9eef5b9d5____c2_0____2__t_ca85e8f9eef5b9d5____c2_0____3_fair.csv;t_ca85e8f9eef5b9d5____c2_0____2__t_ca85e8f9eef5b9d5____c10_1____3_fair.csv;t_ca85e8f9eef5b9d5____c2_0____0.csv;t_ca85e8f9eef5b9d5____c2_1____4__t_ca85e8f9eef5b9d5____c19_1____2_fair.csv,{}
tusSmall3,starmie,t_ca85e8f9eef5b9d5____c2_0____3_fair.csv,20,1174,389,20,False,0.2006,0.55,0.009369676320272573,0.017035775127768313,35.5185649394989,35.5185649394989,t_ca85e8f9eef5b9d5____c2_0____0__t_ca85e8f9eef5b9d5____c2_0____3_fair.csv;t_ca85e8f9eef5b9d5____c2_0____0__t_ca85e8f9eef5b9d5____c10_1____3_fair.csv;t_ca85e8f9eef5b9d5____c2_0____4__t_ca85e8f9eef5b9d5____c2_0____3_fair.csv;t_ca85e8f9eef5b9d5____c2_0____4__t_ca85e8f9eef5b9d5____c10_1____3_fair.csv;t_ca85e8f9eef5b9d5____c2_0____1__t_ca85e8f9eef5b9d5____c2_0____3_fair.csv;t_ca85e8f9eef5b9d5____c2_0____1__t_ca85e8f9eef5b9d5____c10_1____3_fair.csv;t_ca85e8f9eef5b9d5____c2_0____2__t_ca85e8f9eef5b9d5____c2_0____3_fair.csv;t_ca85e8f9eef5b9d5____c2_0____2__t_ca85e8f9eef5b9d5____c10_1____3_fair.csv;t_ca85e8f9eef5b9d5____c2_0____0.csv;t_ca85e8f9eef5b9d5____c2_1____4__t_ca85e8f9eef5b9d5____c19_1____2_fair.csv;t_ca85e8f9eef5b9d5____c2_1____1__t_ca85e8f9eef5b9d5____c19_1____2_fair.csv;t_ca85e8f9eef5b9d5____c2_1____0__t_ca85e8f9eef5b9d5____c19_1____2_fair.csv;t_ca85e8f9eef5b9d5____c2_1____2__t_ca85e8f9eef5b9d5____c19_1____2_fair.csv;t_ca85e8f9eef5b9d5____c2_1____3__t_ca85e8f9eef5b9d5____c19_1____2_fair.csv;t_ca85e8f9eef5b9d5____c2_0____4.csv;t_ca85e8f9eef5b9d5____c2_0____2.csv;t_ca85e8f9eef5b9d5____c4_0____4__t_ca85e8f9eef5b9d5____c9_1____4_fair.csv;t_ca85e8f9eef5b9d5____c4_0____4__t_ca85e8f9eef5b9d5____c7_0____3_fair.csv;t_ca85e8f9eef5b9d5____c4_0____4__t_ca85e8f9eef5b9d5____c4_0____2_fair.csv;t_ca85e8f9eef5b9d5____c4_0____4__t_ca85e8f9eef5b9d5____c3_0____4_fair.csv,{}
tusSmall3,starmie,t_ca85e8f9eef5b9d5____c3_0____4_fair.csv,5,1378,383,5,True,0.3363,1.0,0.00362844702467344,0.00362844702467344,14.414013147354126,14.414013147354126,t_ca85e8f9eef5b9d5____c3_0____3__t_ca85e8f9eef5b9d5____c6_0____1_fair.csv;t_ca85e8f9eef5b9d5____c3_0____3__t_ca85e8f9eef5b9d5____c3_0____4_fair.csv;t_ca85e8f9eef5b9d5____c3_0____1__t_ca85e8f9eef5b9d5____c6_0____1_fair.csv;t_ca85e8f9eef5b9d5____c3_0____1__t_ca85e8f9eef5b9d5____c3_0____4_fair.csv;t_ca85e8f9eef5b9d5____c3_0____0__t_ca85e8f9eef5b9d5____c6_0____1_fair.csv,{}
tusSmall3,starmie,t_ca85e8f9eef5b9d5____c3_0____4_fair.csv,10,1378,383,10,True,0.3155,1.0,0.00725689404934688,0.00725689404934688,28.467397093772888,28.467397093772888,t_ca85e8f9eef5b9d5____c3_0____3__t_ca85e8f9eef5b9d5____c6_0____1_fair.csv;t_ca85e8f9eef5b9d5____c3_0____3__t_ca85e8f9eef5b9d5____c3_0____4_fair.csv;t_ca85e8f9eef5b9d5____c3_0____1__t_ca85e8f9eef5b9d5____c6_0____1_fair.csv;t_ca85e8f9eef5b9d5____c3_0____1__t_ca85e8f9eef5b9d5____c3_0____4_fair.csv;t_ca85e8f9eef5b9d5____c3_0____0__t_ca85e8f9eef5b9d5____c6_0____1_fair.csv;t_ca85e8f9eef5b9d5____c3_0____0__t_ca85e8f9eef5b9d5____c3_0____4_fair.csv;t_ca85e8f9eef5b9d5____c3_0____3.csv;t_ca85e8f9eef5b9d5____c3_0____2__t_ca85e8f9eef5b9d5____c6_0____1_fair.csv;t_ca85e8f9eef5b9d5____c3_0____2__t_ca85e8f9eef5b9d5____c3_0____4_fair.csv;t_ca85e8f9eef5b9d5____c3_0____0.csv,{}
tusSmall3,starmie,t_ca85e8f9eef5b9d5____c3_0____4_fair.csv,20,1378,383,20,False,0.167,1.0,0.01451378809869376,0.01451378809869376,55.1314817070961,55.1314817070961,t_ca85e8f9eef5b9d5____c3_0____3__t_ca85e8f9eef5b9d5____c6_0____1_fair.csv;t_ca85e8f9eef5b9d5____c3_0____3__t_ca85e8f9eef5b9d5____c3_0____4_fair.csv;t_ca85e8f9eef5b9d5____c3_0____1__t_ca85e8f9eef5b9d5____c6_0____1_fair.csv;t_ca85e8f9eef5b9d5____c3_0____1__t_ca85e8f9eef5b9d5____c3_0____4_fair.csv;t_ca85e8f9eef5b9d5____c3_0____0__t_ca85e8f9eef5b9d5____c6_0____1_fair.csv;t_ca85e8f9eef5b9d5____c3_0____0__t_ca85e8f9eef5b9d5____c3_0____4_fair.csv;t_ca85e8f9eef5b9d5____c3_0____3.csv;t_ca85e8f9eef5b9d5____c3_0____2__t_ca85e8f9eef5b9d5____c6_0____1_fair.csv;t_ca85e8f9eef5b9d5____c3_0____2__t_ca85e8f9eef5b9d5____c3_0____4_fair.csv;t_ca85e8f9eef5b9d5____c3_0____0.csv;t_ca85e8f9eef5b9d5____c3_0____1.csv;t_ca85e8f9eef5b9d5____c3_0____2.csv;t_ca85e8f9eef5b9d5____c4_0____4__t_ca85e8f9eef5b9d5____c9_1____4_fair.csv;t_ca85e8f9eef5b9d5____c4_0____4__t_ca85e8f9eef5b9d5____c7_0____3_fair.csv;t_ca85e8f9eef5b9d5____c4_0____4__t_ca85e8f9eef5b9d5____c4_0____2_fair.csv;t_ca85e8f9eef5b9d5____c4_0____4__t_ca85e8f9eef5b9d5____c3_0____4_fair.csv;t_ca85e8f9eef5b9d5____c4_0____4__t_ca85e8f9eef5b9d5____c22_0____4_fair.csv;t_ca85e8f9eef5b9d5____c4_0____4__t_ca85e8f9eef5b9d5____c19_1____0_fair.csv;t_ca85e8f9eef5b9d5____c4_0____3__t_ca85e8f9eef5b9d5____c9_1____4_fair.csv;t_ca85e8f9eef5b9d5____c4_0____3__t_ca85e8f9eef5b9d5____c7_0____3_fair.csv,{}
tusSmall3,starmie,t_ca85e8f9eef5b9d5____c3_1____0_fair.csv,5,1266,368,5,False,0.2294,0.6,0.002369668246445498,0.0039494470774091624,12.880147278308868,12.880147278308868,t_ca85e8f9eef5b9d5____c3_1____4__t_ca85e8f9eef5b9d5____c3_1____0_fair.csv;t_ca85e8f9eef5b9d5____c3_1____4__t_ca85e8f9eef5b9d5____c16_1____0_fair.csv;t_ca85e8f9eef5b9d5____c3_1____4.csv;t_ca85e8f9eef5b9d5____c4_0____4__t_ca85e8f9eef5b9d5____c9_1____4_fair.csv;t_ca85e8f9eef5b9d5____c4_0____4__t_ca85e8f9eef5b9d5____c7_0____3_fair.csv,{}
tusSmall3,starmie,t_ca85e8f9eef5b9d5____c3_1____0_fair.csv,10,1266,368,10,False,0.1212,0.3,0.002369668246445498,0.007898894154818325,25.292833030223846,25.292833030223846,t_ca85e8f9eef5b9d5____c3_1____4__t_ca85e8f9eef5b9d5____c3_1____0_fair.csv;t_ca85e8f9eef5b9d5____c3_1____4__t_ca85e8f9eef5b9d5____c16_1____0_fair.csv;t_ca85e8f9eef5b9d5____c3_1____4.csv;t_ca85e8f9eef5b9d5____c4_0____4__t_ca85e8f9eef5b9d5____c9_1____4_fair.csv;t_ca85e8f9eef5b9d5____c4_0____4__t_ca85e8f9eef5b9d5____c7_0____3_fair.csv;t_ca85e8f9eef5b9d5____c4_0____4__t_ca85e8f9eef5b9d5____c4_0____2_fair.csv;t_ca85e8f9eef5b9d5____c4_0____4__t_ca85e8f9eef5b9d5____c3_0____4_fair.csv;t_ca85e8f9eef5b9d5____c4_0____4__t_ca85e8f9eef5b9d5____c22_0____4_fair.csv;t_ca85e8f9eef5b9d5____c4_0____4__t_ca85e8f9eef5b9d5____c19_1____0_fair.csv;t_ca85e8f9eef5b9d5____c4_1____3__t_ca85e8f9eef5b9d5____c22_0____4_fair.csv,{}
tusSmall3,starmie,t_ca85e8f9eef5b9d5____c3_1____0_fair.csv,20,1266,368,20,False,0.1042,0.25,0.0039494470774091624,0.01579778830963665,49.531130194664,49.531130194664,t_ca85e8f9eef5b9d5____c3_1____4__t_ca85e8f9eef5b9d5____c3_1____0_fair.csv;t_ca85e8f9eef5b9d5____c3_1____4__t_ca85e8f9eef5b9d5____c16_1____0_fair.csv;t_ca85e8f9eef5b9d5____c3_1____4.csv;t_ca85e8f9eef5b9d5____c4_0____4__t_ca85e8f9eef5b9d5____c9_1____4_fair.csv;t_ca85e8f9eef5b9d5____c4_0____4__t_ca85e8f9eef5b9d5____c7_0____3_fair.csv;t_ca85e8f9eef5b9d5____c4_0____4__t_ca85e8f9eef5b9d5____c4_0____2_fair.csv;t_ca85e8f9eef5b9d5____c4_0____4__t_ca85e8f9eef5b9d5____c3_0____4_fair.csv;t_ca85e8f9eef5b9d5____c4_0____4__t_ca85e8f9eef5b9d5____c22_0____4_fair.csv;t_ca85e8f9eef5b9d5____c4_0____4__t_ca85e8f9eef5b9d5____c19_1____0_fair.csv;t_ca85e8f9eef5b9d5____c4_1____3__t_ca85e8f9eef5b9d5____c22_0____4_fair.csv;t_ca85e8f9eef5b9d5____c4_1____3__t_ca85e8f9eef5b9d5____c18_1____2_fair.csv;t_ca85e8f9eef5b9d5____c4_1____3__t_ca85e8f9eef5b9d5____c11_0____4_fair.csv;t_ca85e8f9eef5b9d5____c4_1____3.csv;t_ca85e8f9eef5b9d5____c3_1____3__t_ca85e8f9eef5b9d5____c3_1____0_fair.csv;t_ca85e8f9eef5b9d5____c3_1____3__t_ca85e8f9eef5b9d5____c16_1____0_fair.csv;t_ca85e8f9eef5b9d5____c4_1____1__t_ca85e8f9eef5b9d5____c22_0____4_fair.csv;t_ca85e8f9eef5b9d5____c4_1____1__t_ca85e8f9eef5b9d5____c18_1____2_fair.csv;t_ca85e8f9eef5b9d5____c4_1____1__t_ca85e8f9eef5b9d5____c11_0____4_fair.csv;t_1934eacab8c57857____c3_0____3__t_1934eacab8c57857____c12_0____1_fair.csv;t_ca85e8f9eef5b9d5____c4_0____4.csv,{}
tusSmall3,starmie,t_c701386b7c10b107____c21_0____4_fair.csv,5,938,57,5,False,0.0771,1.0,0.005330490405117271,0.005330490405117271,92.83423745632172,92.83423745632172,t_c701386b7c10b107____c21_0____3.csv;t_c701386b7c10b107____c21_0____3__t_c701386b7c10b107____c7_1____0_fair.csv;t_c701386b7c10b107____c21_0____3__t_c701386b7c10b107____c6_1____2_fair.csv;t_c701386b7c10b107____c21_0____3__t_c701386b7c10b107____c6_0____0_fair.csv;t_c701386b7c10b107____c21_0____3__t_c701386b7c10b107____c5_1____1_fair.csv,{}
tusSmall3,starmie,t_c701386b7c10b107____c21_0____4_fair.csv,10,938,57,10,False,0.0846,1.0,0.010660980810234541,0.010660980810234541,185.63055926561356,185.63055926561356,t_c701386b7c10b107____c21_0____3.csv;t_c701386b7c10b107____c21_0____3__t_c701386b7c10b107____c7_1____0_fair.csv;t_c701386b7c10b107____c21_0____3__t_c701386b7c10b107____c6_1____2_fair.csv;t_c701386b7c10b107____c21_0____3__t_c701386b7c10b107____c6_0____0_fair.csv;t_c701386b7c10b107____c21_0____3__t_c701386b7c10b107____c5_1____1_fair.csv;t_c701386b7c10b107____c21_0____3__t_c701386b7c10b107____c21_0____4_fair.csv;t_c701386b7c10b107____c21_0____3__t_c701386b7c10b107____c21_0____2_fair.csv;t_c701386b7c10b107____c21_0____3__t_c701386b7c10b107____c20_0____2_fair.csv;t_c701386b7c10b107____c21_0____3__t_c701386b7c10b107____c17_1____1_fair.csv;t_c701386b7c10b107____c21_0____3__t_c701386b7c10b107____c15_1____3_fair.csv,{}
tusSmall3,starmie,t_c701386b7c10b107____c21_0____4_fair.csv,20,938,57,20,False,0.0435,1.0,0.021321961620469083,0.021321961620469083,368.8742644190788,368.8742644190788,t_c701386b7c10b107____c21_0____3.csv;t_c701386b7c10b107____c21_0____3__t_c701386b7c10b107____c7_1____0_fair.csv;t_c701386b7c10b107____c21_0____3__t_c701386b7c10b107____c6_1____2_fair.csv;t_c701386b7c10b107____c21_0____3__t_c701386b7c10b107____c6_0____0_fair.csv;t_c701386b7c10b107____c21_0____3__t_c701386b7c10b107____c5_1____1_fair.csv;t_c701386b7c10b107____c21_0____3__t_c701386b7c10b107____c21_0____4_fair.csv;t_c701386b7c10b107____c21_0____3__t_c701386b7c10b107____c21_0____2_fair.csv;t_c701386b7c10b107____c21_0____3__t_c701386b7c10b107____c20_0____2_fair.csv;t_c701386b7c10b107____c21_0____3__t_c701386b7c10b107____c17_1____1_fair.csv;t_c701386b7c10b107____c21_0____3__t_c701386b7c10b107____c15_1____3_fair.csv;t_c701386b7c10b107____c21_0____3__t_c701386b7c10b107____c14_0____2_fair.csv;t_c701386b7c10b107____c21_0____3__t_c701386b7c10b107____c10_0____3_fair.csv;t_c701386b7c10b107____c20_0____4__t_c701386b7c10b107____c6_1____2_fair.csv;t_c701386b7c10b107____c20_0____4__t_c701386b7c10b107____c6_0____0_fair.csv;t_c701386b7c10b107____c20_0____4__t_c701386b7c10b107____c21_0____4_fair.csv;t_c701386b7c10b107____c20_0____4__t_c701386b7c10b107____c21_0____2_fair.csv;t_c701386b7c10b107____c20_0____4__t_c701386b7c10b107____c20_0____2_fair.csv;t_c701386b7c10b107____c20_0____4__t_c701386b7c10b107____c17_1____1_fair.csv;t_c701386b7c10b107____c20_0____4__t_c701386b7c10b107____c15_1____3_fair.csv;t_c701386b7c10b107____c20_0____4__t_c701386b7c10b107____c14_0____2_fair.csv,{}
tusSmall3,starmie,t_ca85e8f9eef5b9d5____c4_0____2_fair.csv,5,1654,378,5,False,0.0694,1.0,0.003022974607013301,0.003022974607013301,19.251757860183716,19.251757860183716,t_ca85e8f9eef5b9d5____c4_0____4__t_ca85e8f9eef5b9d5____c9_1____4_fair.csv;t_ca85e8f9eef5b9d5____c4_0____4__t_ca85e8f9eef5b9d5____c7_0____3_fair.csv;t_ca85e8f9eef5b9d5____c4_0____4__t_ca85e8f9eef5b9d5____c4_0____2_fair.csv;t_ca85e8f9eef5b9d5____c4_0____4__t_ca85e8f9eef5b9d5____c3_0____4_fair.csv;t_ca85e8f9eef5b9d5____c4_0____4__t_ca85e8f9eef5b9d5____c22_0____4_fair.csv,{}
tusSmall3,starmie,t_ca85e8f9eef5b9d5____c4_0____2_fair.csv,10,1654,378,10,False,0.1233,1.0,0.006045949214026602,0.006045949214026602,38.02001130580902,38.02001130580902,t_ca85e8f9eef5b9d5____c4_0____4__t_ca85e8f9eef5b9d5____c9_1____4_fair.csv;t_ca85e8f9eef5b9d5____c4_0____4__t_ca85e8f9eef5b9d5____c7_0____3_fair.csv;t_ca85e8f9eef5b9d5____c4_0____4__t_ca85e8f9eef5b9d5____c4_0____2_fair.csv;t_ca85e8f9eef5b9d5____c4_0____4__t_ca85e8f9eef5b9d5____c3_0____4_fair.csv;t_ca85e8f9eef5b9d5____c4_0____4__t_ca85e8f9eef5b9d5____c22_0____4_fair.csv;t_ca85e8f9eef5b9d5____c4_0____4__t_ca85e8f9eef5b9d5____c19_1____0_fair.csv;t_ca85e8f9eef5b9d5____c4_0____4.csv;t_ca85e8f9eef5b9d5____c4_0____3.csv;t_ca85e8f9eef5b9d5____c4_0____3__t_ca85e8f9eef5b9d5____c9_1____4_fair.csv;t_ca85e8f9eef5b9d5____c4_0____3__t_ca85e8f9eef5b9d5____c7_0____3_fair.csv,{}
tusSmall3,starmie,t_ca85e8f9eef5b9d5____c4_0____2_fair.csv,20,1654,378,20,False,0.1173,1.0,0.012091898428053204,0.012091898428053204,74.07567858695984,74.07567858695984,t_ca85e8f9eef5b9d5____c4_0____4__t_ca85e8f9eef5b9d5____c9_1____4_fair.csv;t_ca85e8f9eef5b9d5____c4_0____4__t_ca85e8f9eef5b9d5____c7_0____3_fair.csv;t_ca85e8f9eef5b9d5____c4_0____4__t_ca85e8f9eef5b9d5____c4_0____2_fair.csv;t_ca85e8f9eef5b9d5____c4_0____4__t_ca85e8f9eef5b9d5____c3_0____4_fair.csv;t_ca85e8f9eef5b9d5____c4_0____4__t_ca85e8f9eef5b9d5____c22_0____4_fair.csv;t_ca85e8f9eef5b9d5____c4_0____4__t_ca85e8f9eef5b9d5____c19_1____0_fair.csv;t_ca85e8f9eef5b9d5____c4_0____4.csv;t_ca85e8f9eef5b9d5____c4_0____3.csv;t_ca85e8f9eef5b9d5____c4_0____3__t_ca85e8f9eef5b9d5____c9_1____4_fair.csv;t_ca85e8f9eef5b9d5____c4_0____3__t_ca85e8f9eef5b9d5____c7_0____3_fair.csv;t_ca85e8f9eef5b9d5____c4_0____3__t_ca85e8f9eef5b9d5____c4_0____2_fair.csv;t_ca85e8f9eef5b9d5____c4_0____3__t_ca85e8f9eef5b9d5____c3_0____4_fair.csv;t_ca85e8f9eef5b9d5____c4_0____3__t_ca85e8f9eef5b9d5____c22_0____4_fair.csv;t_ca85e8f9eef5b9d5____c4_0____3__t_ca85e8f9eef5b9d5____c19_1____0_fair.csv;t_ca85e8f9eef5b9d5____c4_0____1__t_ca85e8f9eef5b9d5____c9_1____4_fair.csv;t_ca85e8f9eef5b9d5____c4_0____1__t_ca85e8f9eef5b9d5____c7_0____3_fair.csv;t_ca85e8f9eef5b9d5____c4_0____1__t_ca85e8f9eef5b9d5____c4_0____2_fair.csv;t_ca85e8f9eef5b9d5____c4_0____1__t_ca85e8f9eef5b9d5____c3_0____4_fair.csv;t_ca85e8f9eef5b9d5____c4_0____1__t_ca85e8f9eef5b9d5____c22_0____4_fair.csv;t_ca85e8f9eef5b9d5____c4_0____1__t_ca85e8f9eef5b9d5____c19_1____0_fair.csv,{}
tusSmall3,starmie,t_ca85e8f9eef5b9d5____c18_1____2_fair.csv,5,1219,68,5,False,0.0842,1.0,0.004101722723543888,0.004101722723543888,87.70791977643967,87.70791977643967,t_ca85e8f9eef5b9d5____c19_0____2__t_ca85e8f9eef5b9d5____c9_1____4_fair.csv;t_ca85e8f9eef5b9d5____c19_0____2__t_ca85e8f9eef5b9d5____c7_1____3_fair.csv;t_ca85e8f9eef5b9d5____c19_0____2__t_ca85e8f9eef5b9d5____c7_0____3_fair.csv;t_ca85e8f9eef5b9d5____c19_0____2__t_ca85e8f9eef5b9d5____c6_0____1_fair.csv;t_ca85e8f9eef5b9d5____c19_0____2__t_ca85e8f9eef5b9d5____c5_0____0_fair.csv,{}
tusSmall3,starmie,t_ca85e8f9eef5b9d5____c18_1____2_fair.csv,10,1219,68,10,False,0.0452,1.0,0.008203445447087777,0.008203445447087777,175.41583955287933,175.41583955287933,t_ca85e8f9eef5b9d5____c19_0____2__t_ca85e8f9eef5b9d5____c9_1____4_fair.csv;t_ca85e8f9eef5b9d5____c19_0____2__t_ca85e8f9eef5b9d5____c7_1____3_fair.csv;t_ca85e8f9eef5b9d5____c19_0____2__t_ca85e8f9eef5b9d5____c7_0____3_fair.csv;t_ca85e8f9eef5b9d5____c19_0____2__t_ca85e8f9eef5b9d5____c6_0____1_fair.csv;t_ca85e8f9eef5b9d5____c19_0____2__t_ca85e8f9eef5b9d5____c5_0____0_fair.csv;t_ca85e8f9eef5b9d5____c19_0____2__t_ca85e8f9eef5b9d5____c4_0____2_fair.csv;t_ca85e8f9eef5b9d5____c19_0____2__t_ca85e8f9eef5b9d5____c3_1____0_fair.csv;t_ca85e8f9eef5b9d5____c19_0____2__t_ca85e8f9eef5b9d5____c2_0____3_fair.csv;t_ca85e8f9eef5b9d5____c19_0____2__t_ca85e8f9eef5b9d5____c22_0____4_fair.csv;t_ca85e8f9eef5b9d5____c19_0____2__t_ca85e8f9eef5b9d5____c21_0____1_fair.csv,{}
tusSmall3,starmie,t_ca85e8f9eef5b9d5____c18_1____2_fair.csv,20,1219,68,20,False,0.0238,1.0,0.016406890894175553,0.016406890894175553,350.40856969356537,350.40856969356537,t_ca85e8f9eef5b9d5____c19_0____2__t_ca85e8f9eef5b9d5____c9_1____4_fair.csv;t_ca85e8f9eef5b9d5____c19_0____2__t_ca85e8f9eef5b9d5____c7_1____3_fair.csv;t_ca85e8f9eef5b9d5____c19_0____2__t_ca85e8f9eef5b9d5____c7_0____3_fair.csv;t_ca85e8f9eef5b9d5____c19_0____2__t_ca85e8f9eef5b9d5____c6_0____1_fair.csv;t_ca85e8f9eef5b9d5____c19_0____2__t_ca85e8f9eef5b9d5____c5_0____0_fair.csv;t_ca85e8f9eef5b9d5____c19_0____2__t_ca85e8f9eef5b9d5____c4_0____2_fair.csv;t_ca85e8f9eef5b9d5____c19_0____2__t_ca85e8f9eef5b9d5____c3_1____0_fair.csv;t_ca85e8f9eef5b9d5____c19_0____2__t_ca85e8f9eef5b9d5____c2_0____3_fair.csv;t_ca85e8f9eef5b9d5____c19_0____2__t_ca85e8f9eef5b9d5____c22_0____4_fair.csv;t_ca85e8f9eef5b9d5____c19_0____2__t_ca85e8f9eef5b9d5____c21_0____1_fair.csv;t_ca85e8f9eef5b9d5____c19_0____2__t_ca85e8f9eef5b9d5____c19_1____0_fair.csv;t_ca85e8f9eef5b9d5____c19_0____2__t_ca85e8f9eef5b9d5____c18_1____2_fair.csv;t_ca85e8f9eef5b9d5____c19_0____2__t_ca85e8f9eef5b9d5____c16_1____0_fair.csv;t_ca85e8f9eef5b9d5____c19_0____2__t_ca85e8f9eef5b9d5____c11_0____4_fair.csv;t_ca85e8f9eef5b9d5____c19_0____2__t_ca85e8f9eef5b9d5____c10_1____3_fair.csv;t_ca85e8f9eef5b9d5____c19_0____2__t_ca85e8f9eef5b9d5____c10_0____0_fair.csv;t_ca85e8f9eef5b9d5____c19_0____2.csv;t_ca85e8f9eef5b9d5____c18_0____0__t_ca85e8f9eef5b9d5____c9_1____4_fair.csv;t_ca85e8f9eef5b9d5____c18_0____0__t_ca85e8f9eef5b9d5____c7_1____3_fair.csv;t_ca85e8f9eef5b9d5____c18_0____0__t_ca85e8f9eef5b9d5____c7_0____3_fair.csv,{}
tusSmall3,starmie,t_ca85e8f9eef5b9d5____c5_0____0_fair.csv,5,1327,257,5,False,0.2395,1.0,0.0037678975131876413,0.0037678975131876413,22.371163964271545,22.371163964271545,t_ca85e8f9eef5b9d5____c5_0____4__t_ca85e8f9eef5b9d5____c7_1____3_fair.csv;t_ca85e8f9eef5b9d5____c5_0____4__t_ca85e8f9eef5b9d5____c5_0____0_fair.csv;t_ca85e8f9eef5b9d5____c5_0____4__t_ca85e8f9eef5b9d5____c3_1____0_fair.csv;t_ca85e8f9eef5b9d5____c5_0____4__t_ca85e8f9eef5b9d5____c3_0____4_fair.csv;t_ca85e8f9eef5b9d5____c5_0____4__t_ca85e8f9eef5b9d5____c16_1____0_fair.csv,{}
tusSmall3,starmie,t_ca85e8f9eef5b9d5____c5_0____0_fair.csv,10,1327,257,10,False,0.1405,1.0,0.007535795026375283,0.007535795026375283,43.812212228775024,43.812212228775024,t_ca85e8f9eef5b9d5____c5_0____4__t_ca85e8f9eef5b9d5____c7_1____3_fair.csv;t_ca85e8f9eef5b9d5____c5_0____4__t_ca85e8f9eef5b9d5____c5_0____0_fair.csv;t_ca85e8f9eef5b9d5____c5_0____4__t_ca85e8f9eef5b9d5____c3_1____0_fair.csv;t_ca85e8f9eef5b9d5____c5_0____4__t_ca85e8f9eef5b9d5____c3_0____4_fair.csv;t_ca85e8f9eef5b9d5____c5_0____4__t_ca85e8f9eef5b9d5____c16_1____0_fair.csv;t_ca85e8f9eef5b9d5____c5_0____4.csv;t_ca85e8f9eef5b9d5____c5_0____3__t_ca85e8f9eef5b9d5____c7_1____3_fair.csv;t_ca85e8f9eef5b9d5____c5_0____3__t_ca85e8f9eef5b9d5____c5_0____0_fair.csv;t_ca85e8f9eef5b9d5____c5_0____3__t_ca85e8f9eef5b9d5____c3_1____0_fair.csv;t_ca85e8f9eef5b9d5____c5_0____3__t_ca85e8f9eef5b9d5____c3_0____4_fair.csv,{}
tusSmall3,starmie,t_ca85e8f9eef5b9d5____c5_0____0_fair.csv,20,1327,257,20,False,0.1637,1.0,0.015071590052750565,0.015071590052750565,85.30733823776245,85.30733823776245,t_ca85e8f9eef5b9d5____c5_0____4__t_ca85e8f9eef5b9d5____c7_1____3_fair.csv;t_ca85e8f9eef5b9d5____c5_0____4__t_ca85e8f9eef5b9d5____c5_0____0_fair.csv;t_ca85e8f9eef5b9d5____c5_0____4__t_ca85e8f9eef5b9d5____c3_1____0_fair.csv;t_ca85e8f9eef5b9d5____c5_0____4__t_ca85e8f9eef5b9d5____c3_0____4_fair.csv;t_ca85e8f9eef5b9d5____c5_0____4__t_ca85e8f9eef5b9d5____c16_1____0_fair.csv;t_ca85e8f9eef5b9d5____c5_0____4.csv;t_ca85e8f9eef5b9d5____c5_0____3__t_ca85e8f9eef5b9d5____c7_1____3_fair.csv;t_ca85e8f9eef5b9d5____c5_0____3__t_ca85e8f9eef5b9d5____c5_0____0_fair.csv;t_ca85e8f9eef5b9d5____c5_0____3__t_ca85e8f9eef5b9d5____c3_1____0_fair.csv;t_ca85e8f9eef5b9d5____c5_0____3__t_ca85e8f9eef5b9d5____c3_0____4_fair.csv;t_ca85e8f9eef5b9d5____c5_0____3__t_ca85e8f9eef5b9d5____c16_1____0_fair.csv;t_ca85e8f9eef5b9d5____c5_0____3.csv;t_ca85e8f9eef5b9d5____c7_1____0.csv;t_ca85e8f9eef5b9d5____c7_1____0__t_ca85e8f9eef5b9d5____c9_1____4_fair.csv;t_ca85e8f9eef5b9d5____c7_1____0__t_ca85e8f9eef5b9d5____c7_1____3_fair.csv;t_ca85e8f9eef5b9d5____c7_1____0__t_ca85e8f9eef5b9d5____c7_0____3_fair.csv;t_ca85e8f9eef5b9d5____c7_1____0__t_ca85e8f9eef5b9d5____c5_0____0_fair.csv;t_ca85e8f9eef5b9d5____c7_1____0__t_ca85e8f9eef5b9d5____c4_0____2_fair.csv;t_ca85e8f9eef5b9d5____c7_1____0__t_ca85e8f9eef5b9d5____c22_0____4_fair.csv;t_ca85e8f9eef5b9d5____c7_1____0__t_ca85e8f9eef5b9d5____c21_0____1_fair.csv,{}
tusSmall3,starmie,t_ca85e8f9eef5b9d5____c19_1____0_fair.csv,5,1654,53,5,False,0.0776,1.0,0.003022974607013301,0.003022974607013301,90.11583030223846,90.11583030223846,t_ca85e8f9eef5b9d5____c20_0____0__t_ca85e8f9eef5b9d5____c9_1____4_fair.csv;t_ca85e8f9eef5b9d5____c20_0____0__t_ca85e8f9eef5b9d5____c7_1____3_fair.csv;t_ca85e8f9eef5b9d5____c20_0____0__t_ca85e8f9eef5b9d5____c7_0____3_fair.csv;t_ca85e8f9eef5b9d5____c20_0____0__t_ca85e8f9eef5b9d5____c6_0____1_fair.csv;t_ca85e8f9eef5b9d5____c20_0____0__t_ca85e8f9eef5b9d5____c5_0____0_fair.csv,{}
tusSmall3,starmie,t_ca85e8f9eef5b9d5____c19_1____0_fair.csv,10,1654,53,10,False,0.042,1.0,0.006045949214026602,0.006045949214026602,180.23166060447693,180.23166060447693,t_ca85e8f9eef5b9d5____c20_0____0__t_ca85e8f9eef5b9d5____c9_1____4_fair.csv;t_ca85e8f9eef5b9d5____c20_0____0__t_ca85e8f9eef5b9d5____c7_1____3_fair.csv;t_ca85e8f9eef5b9d5____c20_0____0__t_ca85e8f9eef5b9d5____c7_0____3_fair.csv;t_ca85e8f9eef5b9d5____c20_0____0__t_ca85e8f9eef5b9d5____c6_0____1_fair.csv;t_ca85e8f9eef5b9d5____c20_0____0__t_ca85e8f9eef5b9d5____c5_0____0_fair.csv;t_ca85e8f9eef5b9d5____c20_0____0__t_ca85e8f9eef5b9d5____c4_0____2_fair.csv;t_ca85e8f9eef5b9d5____c20_0____0__t_ca85e8f9eef5b9d5____c3_1____0_fair.csv;t_ca85e8f9eef5b9d5____c20_0____0__t_ca85e8f9eef5b9d5____c3_0____4_fair.csv;t_ca85e8f9eef5b9d5____c20_0____0__t_ca85e8f9eef5b9d5____c22_0____4_fair.csv;t_ca85e8f9eef5b9d5____c20_0____0__t_ca85e8f9eef5b9d5____c21_0____1_fair.csv,{}
tusSmall3,starmie,t_ca85e8f9eef5b9d5____c19_1____0_fair.csv,20,1654,53,20,False,0.0717,1.0,0.012091898428053204,0.012091898428053204,360.0680104494095,360.0680104494095,t_ca85e8f9eef5b9d5____c20_0____0__t_ca85e8f9eef5b9d5____c9_1____4_fair.csv;t_ca85e8f9eef5b9d5____c20_0____0__t_ca85e8f9eef5b9d5____c7_1____3_fair.csv;t_ca85e8f9eef5b9d5____c20_0____0__t_ca85e8f9eef5b9d5____c7_0____3_fair.csv;t_ca85e8f9eef5b9d5____c20_0____0__t_ca85e8f9eef5b9d5____c6_0____1_fair.csv;t_ca85e8f9eef5b9d5____c20_0____0__t_ca85e8f9eef5b9d5____c5_0____0_fair.csv;t_ca85e8f9eef5b9d5____c20_0____0__t_ca85e8f9eef5b9d5____c4_0____2_fair.csv;t_ca85e8f9eef5b9d5____c20_0____0__t_ca85e8f9eef5b9d5____c3_1____0_fair.csv;t_ca85e8f9eef5b9d5____c20_0____0__t_ca85e8f9eef5b9d5____c3_0____4_fair.csv;t_ca85e8f9eef5b9d5____c20_0____0__t_ca85e8f9eef5b9d5____c22_0____4_fair.csv;t_ca85e8f9eef5b9d5____c20_0____0__t_ca85e8f9eef5b9d5____c21_0____1_fair.csv;t_ca85e8f9eef5b9d5____c20_0____0__t_ca85e8f9eef5b9d5____c19_1____2_fair.csv;t_ca85e8f9eef5b9d5____c20_0____0__t_ca85e8f9eef5b9d5____c19_1____0_fair.csv;t_ca85e8f9eef5b9d5____c20_0____0__t_ca85e8f9eef5b9d5____c18_1____2_fair.csv;t_ca85e8f9eef5b9d5____c20_0____0__t_ca85e8f9eef5b9d5____c16_1____0_fair.csv;t_ca85e8f9eef5b9d5____c20_0____0__t_ca85e8f9eef5b9d5____c11_0____4_fair.csv;t_ca85e8f9eef5b9d5____c20_0____0__t_ca85e8f9eef5b9d5____c10_0____0_fair.csv;t_ca85e8f9eef5b9d5____c20_0____0.csv;t_ca85e8f9eef5b9d5____c19_0____0__t_ca85e8f9eef5b9d5____c9_1____4_fair.csv;t_ca85e8f9eef5b9d5____c19_0____0__t_ca85e8f9eef5b9d5____c7_1____3_fair.csv;t_ca85e8f9eef5b9d5____c19_0____0__t_ca85e8f9eef5b9d5____c7_0____3_fair.csv,{}
tusSmall3,starmie,t_ca85e8f9eef5b9d5____c6_0____1_fair.csv,5,1099,130,5,False,0.2536,1.0,0.004549590536851683,0.004549590536851683,29.314313173294067,29.314313173294067,t_ca85e8f9eef5b9d5____c6_0____0__t_ca85e8f9eef5b9d5____c6_0____1_fair.csv;t_ca85e8f9eef5b9d5____c6_0____0__t_ca85e8f9eef5b9d5____c10_0____0_fair.csv;t_ca85e8f9eef5b9d5____c6_0____0.csv;t_ca85e8f9eef5b9d5____c6_0____2__t_ca85e8f9eef5b9d5____c6_0____1_fair.csv;t_ca85e8f9eef5b9d5____c6_0____2__t_ca85e8f9eef5b9d5____c10_0____0_fair.csv,{}
tusSmall3,starmie,t_ca85e8f9eef5b9d5____c6_0____1_fair.csv,10,1099,130,10,False,0.2882,1.0,0.009099181073703366,0.009099181073703366,58.35691511631012,58.35691511631012,t_ca85e8f9eef5b9d5____c6_0____0__t_ca85e8f9eef5b9d5____c6_0____1_fair.csv;t_ca85e8f9eef5b9d5____c6_0____0__t_ca85e8f9eef5b9d5____c10_0____0_fair.csv;t_ca85e8f9eef5b9d5____c6_0____0.csv;t_ca85e8f9eef5b9d5____c6_0____2__t_ca85e8f9eef5b9d5____c6_0____1_fair.csv;t_ca85e8f9eef5b9d5____c6_0____2__t_ca85e8f9eef5b9d5____c10_0____0_fair.csv;t_ca85e8f9eef5b9d5____c6_0____4__t_ca85e8f9eef5b9d5____c6_0____1_fair.csv;t_ca85e8f9eef5b9d5____c6_0____4__t_ca85e8f9eef5b9d5____c10_0____0_fair.csv;t_ca85e8f9eef5b9d5____c6_0____4.csv;t_ca85e8f9eef5b9d5____c6_0____3__t_ca85e8f9eef5b9d5____c6_0____1_fair.csv;t_ca85e8f9eef5b9d5____c6_0____3__t_ca85e8f9eef5b9d5____c10_0____0_fair.csv,{}
tusSmall3,starmie,t_ca85e8f9eef5b9d5____c6_0____1_fair.csv,20,1099,130,20,False,0.1666,0.7,0.012738853503184714,0.018198362147406732,112.22936147451401,112.22936147451401,t_ca85e8f9eef5b9d5____c6_0____0__t_ca85e8f9eef5b9d5____c6_0____1_fair.csv;t_ca85e8f9eef5b9d5____c6_0____0__t_ca85e8f9eef5b9d5____c10_0____0_fair.csv;t_ca85e8f9eef5b9d5____c6_0____0.csv;t_ca85e8f9eef5b9d5____c6_0____2__t_ca85e8f9eef5b9d5____c6_0____1_fair.csv;t_ca85e8f9eef5b9d5____c6_0____2__t_ca85e8f9eef5b9d5____c10_0____0_fair.csv;t_ca85e8f9eef5b9d5____c6_0____4__t_ca85e8f9eef5b9d5____c6_0____1_fair.csv;t_ca85e8f9eef5b9d5____c6_0____4__t_ca85e8f9eef5b9d5____c10_0____0_fair.csv;t_ca85e8f9eef5b9d5____c6_0____4.csv;t_ca85e8f9eef5b9d5____c6_0____3__t_ca85e8f9eef5b9d5____c6_0____1_fair.csv;t_ca85e8f9eef5b9d5____c6_0____3__t_ca85e8f9eef5b9d5____c10_0____0_fair.csv;t_ca85e8f9eef5b9d5____c6_0____3.csv;t_ca85e8f9eef5b9d5____c6_0____2.csv;t_ca85e8f9eef5b9d5____c9_0____0.csv;t_ca85e8f9eef5b9d5____c9_0____1.csv;t_ca85e8f9eef5b9d5____c9_0____0__t_ca85e8f9eef5b9d5____c3_0____4_fair.csv;t_ca85e8f9eef5b9d5____c9_0____0__t_ca85e8f9eef5b9d5____c22_0____4_fair.csv;t_ca85e8f9eef5b9d5____c9_0____0__t_ca85e8f9eef5b9d5____c19_1____2_fair.csv;t_ca85e8f9eef5b9d5____c9_0____2.csv;t_ca85e8f9eef5b9d5____c6_1____4.csv;t_ca85e8f9eef5b9d5____c6_1____4__t_ca85e8f9eef5b9d5____c9_1____4_fair.csv,{}
tusSmall3,starmie,t_ece0594e0480a1ed____c2_1____1_fair.csv,5,196,384,5,False,0.1543,0.8,0.02040816326530612,0.025510204081632654,9.713252663612366,9.713252663612366,t_ece0594e0480a1ed____c2_0____1__t_ece0594e0480a1ed____c5_0____1_fair.csv;t_ece0594e0480a1ed____c2_1____3__t_ece0594e0480a1ed____c6_1____0_fair.csv;t_ece0594e0480a1ed____c2_1____3__t_ece0594e0480a1ed____c5_0____1_fair.csv;t_ece0594e0480a1ed____c2_1____3__t_ece0594e0480a1ed____c3_1____1_fair.csv;t_ece0594e0480a1ed____c2_1____3__t_ece0594e0480a1ed____c2_1____1_fair.csv,{}
tusSmall3,starmie,t_ece0594e0480a1ed____c2_1____1_fair.csv,10,196,384,10,False,0.096,0.6,0.030612244897959183,0.05102040816326531,19.1694512963295,19.1694512963295,t_ece0594e0480a1ed____c2_0____1__t_ece0594e0480a1ed____c5_0____1_fair.csv;t_ece0594e0480a1ed____c2_1____3__t_ece0594e0480a1ed____c6_1____0_fair.csv;t_ece0594e0480a1ed____c2_1____3__t_ece0594e0480a1ed____c5_0____1_fair.csv;t_ece0594e0480a1ed____c2_1____3__t_ece0594e0480a1ed____c3_1____1_fair.csv;t_ece0594e0480a1ed____c2_1____3__t_ece0594e0480a1ed____c2_1____1_fair.csv;t_ece0594e0480a1ed____c2_0____2__t_ece0594e0480a1ed____c5_0____1_fair.csv;t_ece0594e0480a1ed____c2_0____1.csv;t_ece0594e0480a1ed____c2_0____2.csv;t_ece0594e0480a1ed____c2_1____0__t_ece0594e0480a1ed____c6_1____0_fair.csv;t_ece0594e0480a1ed____c2_1____0__t_ece0594e0480a1ed____c5_0____1_fair.csv,{}
tusSmall3,starmie,t_ece0594e0480a1ed____c2_1____1_fair.csv,20,196,384,20,False,0.0993,0.7,0.07142857142857142,0.10204081632653061,37.77109909057617,37.77109909057617,t_ece0594e0480a1ed____c2_0____1__t_ece0594e0480a1ed____c5_0____1_fair.csv;t_ece0594e0480a1ed____c2_1____3__t_ece0594e0480a1ed____c6_1____0_fair.csv;t_ece0594e0480a1ed____c2_1____3__t_ece0594e0480a1ed____c5_0____1_fair.csv;t_ece0594e0480a1ed____c2_1____3__t_ece0594e0480a1ed____c3_1____1_fair.csv;t_ece0594e0480a1ed____c2_1____3__t_ece0594e0480a1ed____c2_1____1_fair.csv;t_ece0594e0480a1ed____c2_0____2__t_ece0594e0480a1ed____c5_0____1_fair.csv;t_ece0594e0480a1ed____c2_0____1.csv;t_ece0594e0480a1ed____c2_0____2.csv;t_ece0594e0480a1ed____c2_1____0__t_ece0594e0480a1ed____c6_1____0_fair.csv;t_ece0594e0480a1ed____c2_1____0__t_ece0594e0480a1ed____c5_0____1_fair.csv;t_ece0594e0480a1ed____c2_1____0__t_ece0594e0480a1ed____c3_1____1_fair.csv;t_ece0594e0480a1ed____c2_1____0__t_ece0594e0480a1ed____c2_1____1_fair.csv;t_ece0594e0480a1ed____c2_1____2__t_ece0594e0480a1ed____c6_1____0_fair.csv;t_ece0594e0480a1ed____c2_1____2__t_ece0594e0480a1ed____c5_0____1_fair.csv;t_ece0594e0480a1ed____c2_1____2__t_ece0594e0480a1ed____c3_1____1_fair.csv;t_ece0594e0480a1ed____c2_1____2__t_ece0594e0480a1ed____c2_1____1_fair.csv;t_ece0594e0480a1ed____c2_0____3__t_ece0594e0480a1ed____c5_0____1_fair.csv;t_ece0594e0480a1ed____c2_1____2.csv;t_ece0594e0480a1ed____c2_0____0__t_ece0594e0480a1ed____c5_0____1_fair.csv;t_ece0594e0480a1ed____c2_1____0.csv,{}
tusSmall3,starmie,t_c701386b7c10b107____c21_0____2_fair.csv,5,866,64,5,False,0.076,1.0,0.005773672055427252,0.005773672055427252,94.1156017780304,94.1156017780304,t_c701386b7c10b107____c21_1____2__t_c701386b7c10b107____c7_1____0_fair.csv;t_c701386b7c10b107____c21_1____2__t_c701386b7c10b107____c6_1____2_fair.csv;t_c701386b7c10b107____c21_1____2__t_c701386b7c10b107____c6_0____0_fair.csv;t_c701386b7c10b107____c21_1____2__t_c701386b7c10b107____c5_1____1_fair.csv;t_c701386b7c10b107____c21_1____2__t_c701386b7c10b107____c21_0____2_fair.csv,{}
tusSmall3,starmie,t_c701386b7c10b107____c21_0____2_fair.csv,10,866,64,10,False,0.0417,1.0,0.011547344110854504,0.011547344110854504,188.2312035560608,188.2312035560608,t_c701386b7c10b107____c21_1____2__t_c701386b7c10b107____c7_1____0_fair.csv;t_c701386b7c10b107____c21_1____2__t_c701386b7c10b107____c6_1____2_fair.csv;t_c701386b7c10b107____c21_1____2__t_c701386b7c10b107____c6_0____0_fair.csv;t_c701386b7c10b107____c21_1____2__t_c701386b7c10b107____c5_1____1_fair.csv;t_c701386b7c10b107____c21_1____2__t_c701386b7c10b107____c21_0____2_fair.csv;t_c701386b7c10b107____c21_1____2__t_c701386b7c10b107____c20_0____2_fair.csv;t_c701386b7c10b107____c21_1____2__t_c701386b7c10b107____c18_1____1_fair.csv;t_c701386b7c10b107____c21_1____2__t_c701386b7c10b107____c17_1____1_fair.csv;t_c701386b7c10b107____c21_1____2__t_c701386b7c10b107____c14_0____2_fair.csv;t_c701386b7c10b107____c21_1____2__t_c701386b7c10b107____c10_0____3_fair.csv,{}
tusSmall3,starmie,t_c701386b7c10b107____c21_0____2_fair.csv,20,866,64,20,False,0.0227,1.0,0.023094688221709007,0.023094688221709007,370.3710895180702,370.3710895180702,t_c701386b7c10b107____c21_1____2__t_c701386b7c10b107____c7_1____0_fair.csv;t_c701386b7c10b107____c21_1____2__t_c701386b7c10b107____c6_1____2_fair.csv;t_c701386b7c10b107____c21_1____2__t_c701386b7c10b107____c6_0____0_fair.csv;t_c701386b7c10b107____c21_1____2__t_c701386b7c10b107____c5_1____1_fair.csv;t_c701386b7c10b107____c21_1____2__t_c701386b7c10b107____c21_0____2_fair.csv;t_c701386b7c10b107____c21_1____2__t_c701386b7c10b107____c20_0____2_fair.csv;t_c701386b7c10b107____c21_1____2__t_c701386b7c10b107____c18_1____1_fair.csv;t_c701386b7c10b107____c21_1____2__t_c701386b7c10b107____c17_1____1_fair.csv;t_c701386b7c10b107____c21_1____2__t_c701386b7c10b107____c14_0____2_fair.csv;t_c701386b7c10b107____c21_1____2__t_c701386b7c10b107____c10_0____3_fair.csv;t_c701386b7c10b107____c21_1____2.csv;t_c701386b7c10b107____c19_0____2.csv;t_c701386b7c10b107____c19_0____2__t_c701386b7c10b107____c7_1____0_fair.csv;t_c701386b7c10b107____c19_0____2__t_c701386b7c10b107____c6_1____2_fair.csv;t_c701386b7c10b107____c19_0____2__t_c701386b7c10b107____c6_0____0_fair.csv;t_c701386b7c10b107____c19_0____2__t_c701386b7c10b107____c5_1____1_fair.csv;t_c701386b7c10b107____c19_0____2__t_c701386b7c10b107____c21_0____4_fair.csv;t_c701386b7c10b107____c19_0____2__t_c701386b7c10b107____c21_0____2_fair.csv;t_c701386b7c10b107____c19_0____2__t_c701386b7c10b107____c20_0____2_fair.csv;t_c701386b7c10b107____c19_0____2__t_c701386b7c10b107____c17_1____1_fair.csv,{}
tusSmall3,starmie,t_ca85e8f9eef5b9d5____c7_0____3_fair.csv,5,1654,132,5,False,0.2657,1.0,0.003022974607013301,0.003022974607013301,33.96762019395828,33.96762019395828,t_ca85e8f9eef5b9d5____c7_0____0.csv;t_ca85e8f9eef5b9d5____c7_0____0__t_ca85e8f9eef5b9d5____c9_1____4_fair.csv;t_ca85e8f9eef5b9d5____c7_0____0__t_ca85e8f9eef5b9d5____c7_1____3_fair.csv;t_ca85e8f9eef5b9d5____c7_0____0__t_ca85e8f9eef5b9d5____c7_0____3_fair.csv;t_ca85e8f9eef5b9d5____c7_0____0__t_ca85e8f9eef5b9d5____c5_0____0_fair.csv,{}
tusSmall3,starmie,t_ca85e8f9eef5b9d5____c7_0____3_fair.csv,10,1654,132,10,False,0.2749,1.0,0.006045949214026602,0.006045949214026602,67.86609983444214,67.86609983444214,t_ca85e8f9eef5b9d5____c7_0____0.csv;t_ca85e8f9eef5b9d5____c7_0____0__t_ca85e8f9eef5b9d5____c9_1____4_fair.csv;t_ca85e8f9eef5b9d5____c7_0____0__t_ca85e8f9eef5b9d5____c7_1____3_fair.csv;t_ca85e8f9eef5b9d5____c7_0____0__t_ca85e8f9eef5b9d5____c7_0____3_fair.csv;t_ca85e8f9eef5b9d5____c7_0____0__t_ca85e8f9eef5b9d5____c5_0____0_fair.csv;t_ca85e8f9eef5b9d5____c7_0____0__t_ca85e8f9eef5b9d5____c4_0____2_fair.csv;t_ca85e8f9eef5b9d5____c7_0____0__t_ca85e8f9eef5b9d5____c2_0____3_fair.csv;t_ca85e8f9eef5b9d5____c7_0____0__t_ca85e8f9eef5b9d5____c19_1____0_fair.csv;t_ca85e8f9eef5b9d5____c7_0____0__t_ca85e8f9eef5b9d5____c10_1____3_fair.csv;t_ca85e8f9eef5b9d5____c7_0____4__t_ca85e8f9eef5b9d5____c9_1____4_fair.csv,{}
tusSmall3,starmie,t_ca85e8f9eef5b9d5____c7_0____3_fair.csv,20,1654,132,20,False,0.2717,1.0,0.012091898428053204,0.012091898428053204,135.15621715784073,135.15621715784073,t_ca85e8f9eef5b9d5____c7_0____0.csv;t_ca85e8f9eef5b9d5____c7_0____0__t_ca85e8f9eef5b9d5____c9_1____4_fair.csv;t_ca85e8f9eef5b9d5____c7_0____0__t_ca85e8f9eef5b9d5____c7_1____3_fair.csv;t_ca85e8f9eef5b9d5____c7_0____0__t_ca85e8f9eef5b9d5____c7_0____3_fair.csv;t_ca85e8f9eef5b9d5____c7_0____0__t_ca85e8f9eef5b9d5____c5_0____0_fair.csv;t_ca85e8f9eef5b9d5____c7_0____0__t_ca85e8f9eef5b9d5____c4_0____2_fair.csv;t_ca85e8f9eef5b9d5____c7_0____0__t_ca85e8f9eef5b9d5____c2_0____3_fair.csv;t_ca85e8f9eef5b9d5____c7_0____0__t_ca85e8f9eef5b9d5____c19_1____0_fair.csv;t_ca85e8f9eef5b9d5____c7_0____0__t_ca85e8f9eef5b9d5____c10_1____3_fair.csv;t_ca85e8f9eef5b9d5____c7_0____4__t_ca85e8f9eef5b9d5____c9_1____4_fair.csv;t_ca85e8f9eef5b9d5____c7_0____4__t_ca85e8f9eef5b9d5____c7_1____3_fair.csv;t_ca85e8f9eef5b9d5____c7_0____4__t_ca85e8f9eef5b9d5____c7_0____3_fair.csv;t_ca85e8f9eef5b9d5____c7_0____4__t_ca85e8f9eef5b9d5____c5_0____0_fair.csv;t_ca85e8f9eef5b9d5____c7_0____4__t_ca85e8f9eef5b9d5____c4_0____2_fair.csv;t_ca85e8f9eef5b9d5____c7_0____4__t_ca85e8f9eef5b9d5____c2_0____3_fair.csv;t_ca85e8f9eef5b9d5____c7_0____4__t_ca85e8f9eef5b9d5____c19_1____0_fair.csv;t_ca85e8f9eef5b9d5____c7_0____4__t_ca85e8f9eef5b9d5____c10_1____3_fair.csv;t_ca85e8f9eef5b9d5____c7_0____4.csv;t_ca85e8f9eef5b9d5____c7_0____2.csv;t_ca85e8f9eef5b9d5____c7_0____2__t_ca85e8f9eef5b9d5____c9_1____4_fair.csv,{}
tusSmall3,starmie,t_ece0594e0480a1ed____c3_1____1_fair.csv,5,196,241,5,False,0.1674,1.0,0.025510204081632654,0.025510204081632654,13.99265456199646,13.99265456199646,t_ece0594e0480a1ed____c3_1____4.csv;t_ece0594e0480a1ed____c3_1____2.csv;t_ece0594e0480a1ed____c3_1____4__t_ece0594e0480a1ed____c6_1____0_fair.csv;t_ece0594e0480a1ed____c3_1____4__t_ece0594e0480a1ed____c3_1____1_fair.csv;t_ece0594e0480a1ed____c3_1____4__t_ece0594e0480a1ed____c2_1____1_fair.csv,{}
tusSmall3,starmie,t_ece0594e0480a1ed____c3_1____1_fair.csv,10,196,241,10,False,0.1358,0.9,0.04591836734693878,0.05102040816326531,27.670252859592438,27.670252859592438,t_ece0594e0480a1ed____c3_1____4.csv;t_ece0594e0480a1ed____c3_1____2.csv;t_ece0594e0480a1ed____c3_1____4__t_ece0594e0480a1ed____c6_1____0_fair.csv;t_ece0594e0480a1ed____c3_1____4__t_ece0594e0480a1ed____c3_1____1_fair.csv;t_ece0594e0480a1ed____c3_1____4__t_ece0594e0480a1ed____c2_1____1_fair.csv;t_ece0594e0480a1ed____c3_1____3.csv;t_ece0594e0480a1ed____c3_0____1.csv;t_ece0594e0480a1ed____c3_1____3__t_ece0594e0480a1ed____c6_1____0_fair.csv;t_ece0594e0480a1ed____c3_1____3__t_ece0594e0480a1ed____c3_1____1_fair.csv;t_ece0594e0480a1ed____c3_1____3__t_ece0594e0480a1ed____c2_1____1_fair.csv,{}
tusSmall3,starmie,t_ece0594e0480a1ed____c3_1____1_fair.csv,20,196,241,20,False,0.0936,0.7,0.07142857142857142,0.10204081632653061,54.543676912784576,54.543676912784576,t_ece0594e0480a1ed____c3_1____4.csv;t_ece0594e0480a1ed____c3_1____2.csv;t_ece0594e0480a1ed____c3_1____4__t_ece0594e0480a1ed____c6_1____0_fair.csv;t_ece0594e0480a1ed____c3_1____4__t_ece0594e0480a1ed____c3_1____1_fair.csv;t_ece0594e0480a1ed____c3_1____4__t_ece0594e0480a1ed____c2_1____1_fair.csv;t_ece0594e0480a1ed____c3_1____3.csv;t_ece0594e0480a1ed____c3_0____1.csv;t_ece0594e0480a1ed____c3_1____3__t_ece0594e0480a1ed____c6_1____0_fair.csv;t_ece0594e0480a1ed____c3_1____3__t_ece0594e0480a1ed____c3_1____1_fair.csv;t_ece0594e0480a1ed____c3_1____3__t_ece0594e0480a1ed____c2_1____1_fair.csv;t_ece0594e0480a1ed____c3_1____2__t_ece0594e0480a1ed____c6_1____0_fair.csv;t_ece0594e0480a1ed____c3_1____2__t_ece0594e0480a1ed____c3_1____1_fair.csv;t_ece0594e0480a1ed____c3_1____2__t_ece0594e0480a1ed____c2_1____1_fair.csv;t_ece0594e0480a1ed____c3_0____1__t_ece0594e0480a1ed____c5_0____1_fair.csv;t_ece0594e0480a1ed____c3_1____0.csv;t_ece0594e0480a1ed____c3_0____3.csv;t_ece0594e0480a1ed____c3_0____4.csv;t_ece0594e0480a1ed____c3_0____3__t_ece0594e0480a1ed____c5_0____1_fair.csv;t_ece0594e0480a1ed____c3_0____0__t_ece0594e0480a1ed____c5_0____1_fair.csv;t_ece0594e0480a1ed____c4_0____3__t_ece0594e0480a1ed____c6_1____0_fair.csv,{}
tusSmall3,starmie,t_ca85e8f9eef5b9d5____c7_1____3_fair.csv,5,1327,164,5,False,0.1908,1.0,0.0037678975131876413,0.0037678975131876413,33.50932061672211,33.50932061672211,t_ca85e8f9eef5b9d5____c7_1____0__t_ca85e8f9eef5b9d5____c9_1____4_fair.csv;t_ca85e8f9eef5b9d5____c7_1____0__t_ca85e8f9eef5b9d5____c7_1____3_fair.csv;t_ca85e8f9eef5b9d5____c7_1____0__t_ca85e8f9eef5b9d5____c7_0____3_fair.csv;t_ca85e8f9eef5b9d5____c7_1____0__t_ca85e8f9eef5b9d5____c5_0____0_fair.csv;t_ca85e8f9eef5b9d5____c7_1____0__t_ca85e8f9eef5b9d5____c4_0____2_fair.csv,{}
tusSmall3,starmie,t_ca85e8f9eef5b9d5____c7_1____3_fair.csv,10,1327,164,10,False,0.1613,1.0,0.007535795026375283,0.007535795026375283,66.8765280842781,66.8765280842781,t_ca85e8f9eef5b9d5____c7_1____0__t_ca85e8f9eef5b9d5____c9_1____4_fair.csv;t_ca85e8f9eef5b9d5____c7_1____0__t_ca85e8f9eef5b9d5____c7_1____3_fair.csv;t_ca85e8f9eef5b9d5____c7_1____0__t_ca85e8f9eef5b9d5____c7_0____3_fair.csv;t_ca85e8f9eef5b9d5____c7_1____0__t_ca85e8f9eef5b9d5____c5_0____0_fair.csv;t_ca85e8f9eef5b9d5____c7_1____0__t_ca85e8f9eef5b9d5____c4_0____2_fair.csv;t_ca85e8f9eef5b9d5____c7_1____0__t_ca85e8f9eef5b9d5____c22_0____4_fair.csv;t_ca85e8f9eef5b9d5____c7_1____0__t_ca85e8f9eef5b9d5____c21_0____1_fair.csv;t_ca85e8f9eef5b9d5____c7_1____0__t_ca85e8f9eef5b9d5____c19_1____0_fair.csv;t_ca85e8f9eef5b9d5____c7_1____0.csv;t_ca85e8f9eef5b9d5____c7_1____4__t_ca85e8f9eef5b9d5____c9_1____4_fair.csv,{}
tusSmall3,starmie,t_ca85e8f9eef5b9d5____c7_1____3_fair.csv,20,1327,164,20,False,0.1893,1.0,0.015071590052750565,0.015071590052750565,132.56224411725998,132.56224411725998,t_ca85e8f9eef5b9d5____c7_1____0__t_ca85e8f9eef5b9d5____c9_1____4_fair.csv;t_ca85e8f9eef5b9d5____c7_1____0__t_ca85e8f9eef5b9d5____c7_1____3_fair.csv;t_ca85e8f9eef5b9d5____c7_1____0__t_ca85e8f9eef5b9d5____c7_0____3_fair.csv;t_ca85e8f9eef5b9d5____c7_1____0__t_ca85e8f9eef5b9d5____c5_0____0_fair.csv;t_ca85e8f9eef5b9d5____c7_1____0__t_ca85e8f9eef5b9d5____c4_0____2_fair.csv;t_ca85e8f9eef5b9d5____c7_1____0__t_ca85e8f9eef5b9d5____c22_0____4_fair.csv;t_ca85e8f9eef5b9d5____c7_1____0__t_ca85e8f9eef5b9d5____c21_0____1_fair.csv;t_ca85e8f9eef5b9d5____c7_1____0__t_ca85e8f9eef5b9d5____c19_1____0_fair.csv;t_ca85e8f9eef5b9d5____c7_1____0.csv;t_ca85e8f9eef5b9d5____c7_1____4__t_ca85e8f9eef5b9d5____c9_1____4_fair.csv;t_ca85e8f9eef5b9d5____c7_1____4__t_ca85e8f9eef5b9d5____c7_1____3_fair.csv;t_ca85e8f9eef5b9d5____c7_1____4__t_ca85e8f9eef5b9d5____c7_0____3_fair.csv;t_ca85e8f9eef5b9d5____c7_1____4__t_ca85e8f9eef5b9d5____c5_0____0_fair.csv;t_ca85e8f9eef5b9d5____c7_1____4__t_ca85e8f9eef5b9d5____c4_0____2_fair.csv;t_ca85e8f9eef5b9d5____c7_1____4__t_ca85e8f9eef5b9d5____c22_0____4_fair.csv;t_ca85e8f9eef5b9d5____c7_1____4__t_ca85e8f9eef5b9d5____c21_0____1_fair.csv;t_ca85e8f9eef5b9d5____c7_1____4__t_ca85e8f9eef5b9d5____c19_1____0_fair.csv;t_ca85e8f9eef5b9d5____c7_1____4.csv;t_ca85e8f9eef5b9d5____c7_1____2__t_ca85e8f9eef5b9d5____c9_1____4_fair.csv;t_ca85e8f9eef5b9d5____c7_1____2__t_ca85e8f9eef5b9d5____c7_1____3_fair.csv,{}
tusSmall3,starmie,t_ece0594e0480a1ed____c5_0____1_fair.csv,5,180,205,5,False,0.1572,1.0,0.027777777777777776,0.027777777777777776,24.046037316322327,24.046037316322327,t_ece0594e0480a1ed____c5_1____2__t_ece0594e0480a1ed____c6_1____0_fair.csv;t_ece0594e0480a1ed____c5_1____2__t_ece0594e0480a1ed____c5_0____1_fair.csv;t_ece0594e0480a1ed____c5_1____2__t_ece0594e0480a1ed____c3_1____1_fair.csv;t_ece0594e0480a1ed____c5_1____2__t_ece0594e0480a1ed____c2_1____1_fair.csv;t_ece0594e0480a1ed____c5_1____1__t_ece0594e0480a1ed____c6_1____0_fair.csv,{}
tusSmall3,starmie,t_ece0594e0480a1ed____c5_0____1_fair.csv,10,180,205,10,False,0.1433,1.0,0.05555555555555555,0.05555555555555555,47.93969875574112,47.93969875574112,t_ece0594e0480a1ed____c5_1____2__t_ece0594e0480a1ed____c6_1____0_fair.csv;t_ece0594e0480a1ed____c5_1____2__t_ece0594e0480a1ed____c5_0____1_fair.csv;t_ece0594e0480a1ed____c5_1____2__t_ece0594e0480a1ed____c3_1____1_fair.csv;t_ece0594e0480a1ed____c5_1____2__t_ece0594e0480a1ed____c2_1____1_fair.csv;t_ece0594e0480a1ed____c5_1____1__t_ece0594e0480a1ed____c6_1____0_fair.csv;t_ece0594e0480a1ed____c5_1____1__t_ece0594e0480a1ed____c5_0____1_fair.csv;t_ece0594e0480a1ed____c5_1____1__t_ece0594e0480a1ed____c3_1____1_fair.csv;t_ece0594e0480a1ed____c5_1____1__t_ece0594e0480a1ed____c2_1____1_fair.csv;t_ece0594e0480a1ed____c5_1____1.csv;t_ece0594e0480a1ed____c5_1____2.csv,{}
tusSmall3,starmie,t_ece0594e0480a1ed____c5_0____1_fair.csv,20,180,205,20,False,0.1275,1.0,0.1111111111111111,0.1111111111111111,95.06795752048492,95.06795752048492,t_ece0594e0480a1ed____c5_1____2__t_ece0594e0480a1ed____c6_1____0_fair.csv;t_ece0594e0480a1ed____c5_1____2__t_ece0594e0480a1ed____c5_0____1_fair.csv;t_ece0594e0480a1ed____c5_1____2__t_ece0594e0480a1ed____c3_1____1_fair.csv;t_ece0594e0480a1ed____c5_1____2__t_ece0594e0480a1ed____c2_1____1_fair.csv;t_ece0594e0480a1ed____c5_1____1__t_ece0594e0480a1ed____c6_1____0_fair.csv;t_ece0594e0480a1ed____c5_1____1__t_ece0594e0480a1ed____c5_0____1_fair.csv;t_ece0594e0480a1ed____c5_1____1__t_ece0594e0480a1ed____c3_1____1_fair.csv;t_ece0594e0480a1ed____c5_1____1__t_ece0594e0480a1ed____c2_1____1_fair.csv;t_ece0594e0480a1ed____c5_1____1.csv;t_ece0594e0480a1ed____c5_1____2.csv;t_ece0594e0480a1ed____c5_1____3.csv;t_ece0594e0480a1ed____c5_1____3__t_ece0594e0480a1ed____c6_1____0_fair.csv;t_ece0594e0480a1ed____c5_1____3__t_ece0594e0480a1ed____c5_0____1_fair.csv;t_ece0594e0480a1ed____c5_1____3__t_ece0594e0480a1ed____c3_1____1_fair.csv;t_ece0594e0480a1ed____c5_1____3__t_ece0594e0480a1ed____c2_1____1_fair.csv;t_ece0594e0480a1ed____c5_0____3__t_ece0594e0480a1ed____c6_1____0_fair.csv;t_ece0594e0480a1ed____c5_0____3__t_ece0594e0480a1ed____c5_0____1_fair.csv;t_ece0594e0480a1ed____c5_0____3__t_ece0594e0480a1ed____c3_1____1_fair.csv;t_ece0594e0480a1ed____c5_0____3__t_ece0594e0480a1ed____c2_1____1_fair.csv;t_ece0594e0480a1ed____c5_1____0__t_ece0594e0480a1ed____c6_1____0_fair.csv,{}
tusSmall3,starmie,t_ca85e8f9eef5b9d5____c9_1____4_fair.csv,5,1654,117,5,False,0.0719,1.0,0.003022974607013301,0.003022974607013301,41.85766440629959,41.85766440629959,t_ca85e8f9eef5b9d5____c11_0____0.csv;t_ca85e8f9eef5b9d5____c11_0____0__t_ca85e8f9eef5b9d5____c9_1____4_fair.csv;t_ca85e8f9eef5b9d5____c11_0____0__t_ca85e8f9eef5b9d5____c7_0____3_fair.csv;t_ca85e8f9eef5b9d5____c11_0____0__t_ca85e8f9eef5b9d5____c6_0____1_fair.csv;t_ca85e8f9eef5b9d5____c11_0____0__t_ca85e8f9eef5b9d5____c4_0____2_fair.csv,{}
tusSmall3,starmie,t_ca85e8f9eef5b9d5____c9_1____4_fair.csv,10,1654,117,10,False,0.037,1.0,0.006045949214026602,0.006045949214026602,83.66813492774963,83.66813492774963,t_ca85e8f9eef5b9d5____c11_0____0.csv;t_ca85e8f9eef5b9d5____c11_0____0__t_ca85e8f9eef5b9d5____c9_1____4_fair.csv;t_ca85e8f9eef5b9d5____c11_0____0__t_ca85e8f9eef5b9d5____c7_0____3_fair.csv;t_ca85e8f9eef5b9d5____c11_0____0__t_ca85e8f9eef5b9d5____c6_0____1_fair.csv;t_ca85e8f9eef5b9d5____c11_0____0__t_ca85e8f9eef5b9d5____c4_0____2_fair.csv;t_ca85e8f9eef5b9d5____c11_0____0__t_ca85e8f9eef5b9d5____c2_0____3_fair.csv;t_ca85e8f9eef5b9d5____c11_0____0__t_ca85e8f9eef5b9d5____c22_0____4_fair.csv;t_ca85e8f9eef5b9d5____c11_0____0__t_ca85e8f9eef5b9d5____c19_1____2_fair.csv;t_ca85e8f9eef5b9d5____c11_0____0__t_ca85e8f9eef5b9d5____c19_1____0_fair.csv;t_ca85e8f9eef5b9d5____c11_0____0__t_ca85e8f9eef5b9d5____c18_1____2_fair.csv,{}
tusSmall3,starmie,t_ca85e8f9eef5b9d5____c9_1____4_fair.csv,20,1654,117,20,False,0.0205,1.0,0.012091898428053204,0.012091898428053204,166.99629253149033,166.99629253149033,t_ca85e8f9eef5b9d5____c11_0____0.csv;t_ca85e8f9eef5b9d5____c11_0____0__t_ca85e8f9eef5b9d5____c9_1____4_fair.csv;t_ca85e8f9eef5b9d5____c11_0____0__t_ca85e8f9eef5b9d5____c7_0____3_fair.csv;t_ca85e8f9eef5b9d5____c11_0____0__t_ca85e8f9eef5b9d5____c6_0____1_fair.csv;t_ca85e8f9eef5b9d5____c11_0____0__t_ca85e8f9eef5b9d5____c4_0____2_fair.csv;t_ca85e8f9eef5b9d5____c11_0____0__t_ca85e8f9eef5b9d5____c2_0____3_fair.csv;t_ca85e8f9eef5b9d5____c11_0____0__t_ca85e8f9eef5b9d5____c22_0____4_fair.csv;t_ca85e8f9eef5b9d5____c11_0____0__t_ca85e8f9eef5b9d5____c19_1____2_fair.csv;t_ca85e8f9eef5b9d5____c11_0____0__t_ca85e8f9eef5b9d5____c19_1____0_fair.csv;t_ca85e8f9eef5b9d5____c11_0____0__t_ca85e8f9eef5b9d5____c18_1____2_fair.csv;t_ca85e8f9eef5b9d5____c11_0____0__t_ca85e8f9eef5b9d5____c11_0____4_fair.csv;t_ca85e8f9eef5b9d5____c11_0____0__t_ca85e8f9eef5b9d5____c10_1____3_fair.csv;t_ca85e8f9eef5b9d5____c11_0____0__t_ca85e8f9eef5b9d5____c10_0____0_fair.csv;t_ca85e8f9eef5b9d5____c9_1____1.csv;t_ca85e8f9eef5b9d5____c9_1____0.csv;t_ca85e8f9eef5b9d5____c11_0____2.csv;t_ca85e8f9eef5b9d5____c9_1____0__t_ca85e8f9eef5b9d5____c9_1____4_fair.csv;t_ca85e8f9eef5b9d5____c9_1____0__t_ca85e8f9eef5b9d5____c7_0____3_fair.csv;t_ca85e8f9eef5b9d5____c9_1____0__t_ca85e8f9eef5b9d5____c6_0____1_fair.csv;t_ca85e8f9eef5b9d5____c9_1____0__t_ca85e8f9eef5b9d5____c4_0____2_fair.csv,{}
tusSmall3,starmie,t_ece0594e0480a1ed____c6_1____0_fair.csv,5,196,198,5,False,0.2226,1.0,0.025510204081632654,0.025510204081632654,29.18380880355835,29.18380880355835,t_ece0594e0480a1ed____c6_0____0__t_ece0594e0480a1ed____c6_1____0_fair.csv;t_ece0594e0480a1ed____c6_0____0__t_ece0594e0480a1ed____c5_0____1_fair.csv;t_ece0594e0480a1ed____c6_0____0__t_ece0594e0480a1ed____c3_1____1_fair.csv;t_ece0594e0480a1ed____c6_0____0__t_ece0594e0480a1ed____c2_1____1_fair.csv;t_ece0594e0480a1ed____c6_0____0.csv,{}
tusSmall3,starmie,t_ece0594e0480a1ed____c6_1____0_fair.csv,10,196,198,10,False,0.1207,1.0,0.05102040816326531,0.05102040816326531,57.691615998744965,57.691615998744965,t_ece0594e0480a1ed____c6_0____0__t_ece0594e0480a1ed____c6_1____0_fair.csv;t_ece0594e0480a1ed____c6_0____0__t_ece0594e0480a1ed____c5_0____1_fair.csv;t_ece0594e0480a1ed____c6_0____0__t_ece0594e0480a1ed____c3_1____1_fair.csv;t_ece0594e0480a1ed____c6_0____0__t_ece0594e0480a1ed____c2_1____1_fair.csv;t_ece0594e0480a1ed____c6_0____0.csv;t_ece0594e0480a1ed____c7_0____0__t_ece0594e0480a1ed____c6_1____0_fair.csv;t_ece0594e0480a1ed____c7_0____0__t_ece0594e0480a1ed____c5_0____1_fair.csv;t_ece0594e0480a1ed____c7_0____0__t_ece0594e0480a1ed____c3_1____1_fair.csv;t_ece0594e0480a1ed____c7_0____0__t_ece0594e0480a1ed____c2_1____1_fair.csv;t_ece0594e0480a1ed____c6_0____3.csv,{}
tusSmall3,starmie,t_ece0594e0480a1ed____c6_1____0_fair.csv,20,196,198,20,False,0.0818,1.0,0.10204081632653061,0.10204081632653061,114.56367379426956,114.56367379426956,t_ece0594e0480a1ed____c6_0____0__t_ece0594e0480a1ed____c6_1____0_fair.csv;t_ece0594e0480a1ed____c6_0____0__t_ece0594e0480a1ed____c5_0____1_fair.csv;t_ece0594e0480a1ed____c6_0____0__t_ece0594e0480a1ed____c3_1____1_fair.csv;t_ece0594e0480a1ed____c6_0____0__t_ece0594e0480a1ed____c2_1____1_fair.csv;t_ece0594e0480a1ed____c6_0____0.csv;t_ece0594e0480a1ed____c7_0____0__t_ece0594e0480a1ed____c6_1____0_fair.csv;t_ece0594e0480a1ed____c7_0____0__t_ece0594e0480a1ed____c5_0____1_fair.csv;t_ece0594e0480a1ed____c7_0____0__t_ece0594e0480a1ed____c3_1____1_fair.csv;t_ece0594e0480a1ed____c7_0____0__t_ece0594e0480a1ed____c2_1____1_fair.csv;t_ece0594e0480a1ed____c6_0____3.csv;t_ece0594e0480a1ed____c6_0____1__t_ece0594e0480a1ed____c6_1____0_fair.csv;t_ece0594e0480a1ed____c6_0____1__t_ece0594e0480a1ed____c5_0____1_fair.csv;t_ece0594e0480a1ed____c6_0____1__t_ece0594e0480a1ed____c3_1____1_fair.csv;t_ece0594e0480a1ed____c6_0____1__t_ece0594e0480a1ed____c2_1____1_fair.csv;t_ece0594e0480a1ed____c6_0____3__t_ece0594e0480a1ed____c6_1____0_fair.csv;t_ece0594e0480a1ed____c6_0____3__t_ece0594e0480a1ed____c5_0____1_fair.csv;t_ece0594e0480a1ed____c6_0____3__t_ece0594e0480a1ed____c3_1____1_fair.csv;t_ece0594e0480a1ed____c6_0____3__t_ece0594e0480a1ed____c2_1____1_fair.csv;t_ece0594e0480a1ed____c6_0____1.csv;t_ece0594e0480a1ed____c6_0____2__t_ece0594e0480a1ed____c6_1____0_fair.csv,{}
tusSmall3,starmie,t_ca85e8f9eef5b9d5____c19_1____2_fair.csv,5,1373,69,5,False,0.0708,0.0,0.0,0.003641660597232338,91.70529681444168,91.70529681444168,t_ca85e8f9eef5b9d5____c19_0____2.csv;t_ca85e8f9eef5b9d5____c19_0____2__t_ca85e8f9eef5b9d5____c9_1____4_fair.csv;t_ca85e8f9eef5b9d5____c19_0____2__t_ca85e8f9eef5b9d5____c7_1____3_fair.csv;t_ca85e8f9eef5b9d5____c19_0____2__t_ca85e8f9eef5b9d5____c7_0____3_fair.csv;t_ca85e8f9eef5b9d5____c19_0____2__t_ca85e8f9eef5b9d5____c6_0____1_fair.csv,{}
tusSmall3,starmie,t_ca85e8f9eef5b9d5____c19_1____2_fair.csv,10,1373,69,10,False,0.0371,0.0,0.0,0.007283321194464676,183.33082097768784,183.33082097768784,t_ca85e8f9eef5b9d5____c19_0____2.csv;t_ca85e8f9eef5b9d5____c19_0____2__t_ca85e8f9eef5b9d5____c9_1____4_fair.csv;t_ca85e8f9eef5b9d5____c19_0____2__t_ca85e8f9eef5b9d5____c7_1____3_fair.csv;t_ca85e8f9eef5b9d5____c19_0____2__t_ca85e8f9eef5b9d5____c7_0____3_fair.csv;t_ca85e8f9eef5b9d5____c19_0____2__t_ca85e8f9eef5b9d5____c6_0____1_fair.csv;t_ca85e8f9eef5b9d5____c19_0____2__t_ca85e8f9eef5b9d5____c5_0____0_fair.csv;t_ca85e8f9eef5b9d5____c19_0____2__t_ca85e8f9eef5b9d5____c4_0____2_fair.csv;t_ca85e8f9eef5b9d5____c19_0____2__t_ca85e8f9eef5b9d5____c3_1____0_fair.csv;t_ca85e8f9eef5b9d5____c19_0____2__t_ca85e8f9eef5b9d5____c2_0____3_fair.csv;t_ca85e8f9eef5b9d5____c19_0____2__t_ca85e8f9eef5b9d5____c22_0____4_fair.csv,{}
tusSmall3,starmie,t_ca85e8f9eef5b9d5____c19_1____2_fair.csv,20,1373,69,20,False,0.0187,0.15,0.0021849963583394027,0.014566642388929352,366.1080672740936,366.1080672740936,t_ca85e8f9eef5b9d5____c19_0____2.csv;t_ca85e8f9eef5b9d5____c19_0____2__t_ca85e8f9eef5b9d5____c9_1____4_fair.csv;t_ca85e8f9eef5b9d5____c19_0____2__t_ca85e8f9eef5b9d5____c7_1____3_fair.csv;t_ca85e8f9eef5b9d5____c19_0____2__t_ca85e8f9eef5b9d5____c7_0____3_fair.csv;t_ca85e8f9eef5b9d5____c19_0____2__t_ca85e8f9eef5b9d5____c6_0____1_fair.csv;t_ca85e8f9eef5b9d5____c19_0____2__t_ca85e8f9eef5b9d5____c5_0____0_fair.csv;t_ca85e8f9eef5b9d5____c19_0____2__t_ca85e8f9eef5b9d5____c4_0____2_fair.csv;t_ca85e8f9eef5b9d5____c19_0____2__t_ca85e8f9eef5b9d5____c3_1____0_fair.csv;t_ca85e8f9eef5b9d5____c19_0____2__t_ca85e8f9eef5b9d5____c2_0____3_fair.csv;t_ca85e8f9eef5b9d5____c19_0____2__t_ca85e8f9eef5b9d5____c22_0____4_fair.csv;t_ca85e8f9eef5b9d5____c19_0____2__t_ca85e8f9eef5b9d5____c21_0____1_fair.csv;t_ca85e8f9eef5b9d5____c19_0____2__t_ca85e8f9eef5b9d5____c19_1____0_fair.csv;t_ca85e8f9eef5b9d5____c19_0____2__t_ca85e8f9eef5b9d5____c18_1____2_fair.csv;t_ca85e8f9eef5b9d5____c19_0____2__t_ca85e8f9eef5b9d5____c16_1____0_fair.csv;t_ca85e8f9eef5b9d5____c19_0____2__t_ca85e8f9eef5b9d5____c11_0____4_fair.csv;t_ca85e8f9eef5b9d5____c19_0____2__t_ca85e8f9eef5b9d5____c10_1____3_fair.csv;t_ca85e8f9eef5b9d5____c19_0____2__t_ca85e8f9eef5b9d5____c10_0____0_fair.csv;t_ca85e8f9eef5b9d5____c20_0____2__t_ca85e8f9eef5b9d5____c9_1____4_fair.csv;t_ca85e8f9eef5b9d5____c20_0____2__t_ca85e8f9eef5b9d5____c7_1____3_fair.csv;t_ca85e8f9eef5b9d5____c20_0____2__t_ca85e8f9eef5b9d5____c7_0____3_fair.csv,{}
tusSmall3,starmie,t_ca85e8f9eef5b9d5____c22_0____4_fair.csv,5,1345,57,5,False,0.1602,1.0,0.0037174721189591076,0.0037174721189591076,105.28403580188751,105.28403580188751,t_ca85e8f9eef5b9d5____c22_0____0__t_ca85e8f9eef5b9d5____c9_1____4_fair.csv;t_ca85e8f9eef5b9d5____c22_0____0__t_ca85e8f9eef5b9d5____c7_1____3_fair.csv;t_ca85e8f9eef5b9d5____c22_0____0__t_ca85e8f9eef5b9d5____c7_0____3_fair.csv;t_ca85e8f9eef5b9d5____c22_0____0__t_ca85e8f9eef5b9d5____c6_0____1_fair.csv;t_ca85e8f9eef5b9d5____c22_0____0__t_ca85e8f9eef5b9d5____c5_0____0_fair.csv,{}
tusSmall3,starmie,t_ca85e8f9eef5b9d5____c22_0____4_fair.csv,10,1345,57,10,False,0.1555,1.0,0.007434944237918215,0.007434944237918215,210.56807160377502,210.56807160377502,t_ca85e8f9eef5b9d5____c22_0____0__t_ca85e8f9eef5b9d5____c9_1____4_fair.csv;t_ca85e8f9eef5b9d5____c22_0____0__t_ca85e8f9eef5b9d5____c7_1____3_fair.csv;t_ca85e8f9eef5b9d5____c22_0____0__t_ca85e8f9eef5b9d5____c7_0____3_fair.csv;t_ca85e8f9eef5b9d5____c22_0____0__t_ca85e8f9eef5b9d5____c6_0____1_fair.csv;t_ca85e8f9eef5b9d5____c22_0____0__t_ca85e8f9eef5b9d5____c5_0____0_fair.csv;t_ca85e8f9eef5b9d5____c22_0____0__t_ca85e8f9eef5b9d5____c4_0____2_fair.csv;t_ca85e8f9eef5b9d5____c22_0____0__t_ca85e8f9eef5b9d5____c3_1____0_fair.csv;t_ca85e8f9eef5b9d5____c22_0____0__t_ca85e8f9eef5b9d5____c3_0____4_fair.csv;t_ca85e8f9eef5b9d5____c22_0____0__t_ca85e8f9eef5b9d5____c2_0____3_fair.csv;t_ca85e8f9eef5b9d5____c22_0____0__t_ca85e8f9eef5b9d5____c22_0____4_fair.csv,{}
tusSmall3,starmie,t_ca85e8f9eef5b9d5____c22_0____4_fair.csv,20,1345,57,20,False,0.1302,1.0,0.01486988847583643,0.01486988847583643,420.8036731481552,420.8036731481552,t_ca85e8f9eef5b9d5____c22_0____0__t_ca85e8f9eef5b9d5____c9_1____4_fair.csv;t_ca85e8f9eef5b9d5____c22_0____0__t_ca85e8f9eef5b9d5____c7_1____3_fair.csv;t_ca85e8f9eef5b9d5____c22_0____0__t_ca85e8f9eef5b9d5____c7_0____3_fair.csv;t_ca85e8f9eef5b9d5____c22_0____0__t_ca85e8f9eef5b9d5____c6_0____1_fair.csv;t_ca85e8f9eef5b9d5____c22_0____0__t_ca85e8f9eef5b9d5____c5_0____0_fair.csv;t_ca85e8f9eef5b9d5____c22_0____0__t_ca85e8f9eef5b9d5____c4_0____2_fair.csv;t_ca85e8f9eef5b9d5____c22_0____0__t_ca85e8f9eef5b9d5____c3_1____0_fair.csv;t_ca85e8f9eef5b9d5____c22_0____0__t_ca85e8f9eef5b9d5____c3_0____4_fair.csv;t_ca85e8f9eef5b9d5____c22_0____0__t_ca85e8f9eef5b9d5____c2_0____3_fair.csv;t_ca85e8f9eef5b9d5____c22_0____0__t_ca85e8f9eef5b9d5____c22_0____4_fair.csv;t_ca85e8f9eef5b9d5____c22_0____0__t_ca85e8f9eef5b9d5____c21_0____1_fair.csv;t_ca85e8f9eef5b9d5____c22_0____0__t_ca85e8f9eef5b9d5____c19_1____2_fair.csv;t_ca85e8f9eef5b9d5____c22_0____0__t_ca85e8f9eef5b9d5____c19_1____0_fair.csv;t_ca85e8f9eef5b9d5____c22_0____0__t_ca85e8f9eef5b9d5____c18_1____2_fair.csv;t_ca85e8f9eef5b9d5____c22_0____0__t_ca85e8f9eef5b9d5____c16_1____0_fair.csv;t_ca85e8f9eef5b9d5____c22_0____0__t_ca85e8f9eef5b9d5____c11_0____4_fair.csv;t_ca85e8f9eef5b9d5____c22_0____0__t_ca85e8f9eef5b9d5____c10_1____3_fair.csv;t_ca85e8f9eef5b9d5____c22_0____0__t_ca85e8f9eef5b9d5____c10_0____0_fair.csv;t_ca85e8f9eef5b9d5____c22_0____0.csv;t_ca85e8f9eef5b9d5____c22_0____3__t_ca85e8f9eef5b9d5____c9_1____4_fair.csv,{}
tusSmall3,starmie,t_ca85e8f9eef5b9d5____c21_0____1_fair.csv,5,1356,67,5,False,0.0786,1.0,0.003687315634218289,0.003687315634218289,97.42918103933334,97.42918103933334,t_ca85e8f9eef5b9d5____c20_0____1__t_ca85e8f9eef5b9d5____c9_1____4_fair.csv;t_ca85e8f9eef5b9d5____c20_0____1__t_ca85e8f9eef5b9d5____c7_1____3_fair.csv;t_ca85e8f9eef5b9d5____c20_0____1__t_ca85e8f9eef5b9d5____c7_0____3_fair.csv;t_ca85e8f9eef5b9d5____c20_0____1__t_ca85e8f9eef5b9d5____c6_0____1_fair.csv;t_ca85e8f9eef5b9d5____c20_0____1__t_ca85e8f9eef5b9d5____c5_0____0_fair.csv,{}
tusSmall3,starmie,t_ca85e8f9eef5b9d5____c21_0____1_fair.csv,10,1356,67,10,False,0.0429,1.0,0.007374631268436578,0.007374631268436578,194.8583620786667,194.8583620786667,t_ca85e8f9eef5b9d5____c20_0____1__t_ca85e8f9eef5b9d5____c9_1____4_fair.csv;t_ca85e8f9eef5b9d5____c20_0____1__t_ca85e8f9eef5b9d5____c7_1____3_fair.csv;t_ca85e8f9eef5b9d5____c20_0____1__t_ca85e8f9eef5b9d5____c7_0____3_fair.csv;t_ca85e8f9eef5b9d5____c20_0____1__t_ca85e8f9eef5b9d5____c6_0____1_fair.csv;t_ca85e8f9eef5b9d5____c20_0____1__t_ca85e8f9eef5b9d5____c5_0____0_fair.csv;t_ca85e8f9eef5b9d5____c20_0____1__t_ca85e8f9eef5b9d5____c4_0____2_fair.csv;t_ca85e8f9eef5b9d5____c20_0____1__t_ca85e8f9eef5b9d5____c3_1____0_fair.csv;t_ca85e8f9eef5b9d5____c20_0____1__t_ca85e8f9eef5b9d5____c3_0____4_fair.csv;t_ca85e8f9eef5b9d5____c20_0____1__t_ca85e8f9eef5b9d5____c22_0____4_fair.csv;t_ca85e8f9eef5b9d5____c20_0____1__t_ca85e8f9eef5b9d5____c21_0____1_fair.csv,{}
tusSmall3,starmie,t_ca85e8f9eef5b9d5____c21_0____1_fair.csv,20,1356,67,20,False,0.0226,1.0,0.014749262536873156,0.014749262536873156,389.3387127518654,389.3387127518654,t_ca85e8f9eef5b9d5____c20_0____1__t_ca85e8f9eef5b9d5____c9_1____4_fair.csv;t_ca85e8f9eef5b9d5____c20_0____1__t_ca85e8f9eef5b9d5____c7_1____3_fair.csv;t_ca85e8f9eef5b9d5____c20_0____1__t_ca85e8f9eef5b9d5____c7_0____3_fair.csv;t_ca85e8f9eef5b9d5____c20_0____1__t_ca85e8f9eef5b9d5____c6_0____1_fair.csv;t_ca85e8f9eef5b9d5____c20_0____1__t_ca85e8f9eef5b9d5____c5_0____0_fair.csv;t_ca85e8f9eef5b9d5____c20_0____1__t_ca85e8f9eef5b9d5____c4_0____2_fair.csv;t_ca85e8f9eef5b9d5____c20_0____1__t_ca85e8f9eef5b9d5____c3_1____0_fair.csv;t_ca85e8f9eef5b9d5____c20_0____1__t_ca85e8f9eef5b9d5____c3_0____4_fair.csv;t_ca85e8f9eef5b9d5____c20_0____1__t_ca85e8f9eef5b9d5____c22_0____4_fair.csv;t_ca85e8f9eef5b9d5____c20_0____1__t_ca85e8f9eef5b9d5____c21_0____1_fair.csv;t_ca85e8f9eef5b9d5____c20_0____1__t_ca85e8f9eef5b9d5____c19_1____2_fair.csv;t_ca85e8f9eef5b9d5____c20_0____1__t_ca85e8f9eef5b9d5____c19_1____0_fair.csv;t_ca85e8f9eef5b9d5____c20_0____1__t_ca85e8f9eef5b9d5____c18_1____2_fair.csv;t_ca85e8f9eef5b9d5____c20_0____1__t_ca85e8f9eef5b9d5____c16_1____0_fair.csv;t_ca85e8f9eef5b9d5____c20_0____1__t_ca85e8f9eef5b9d5____c11_0____4_fair.csv;t_ca85e8f9eef5b9d5____c20_0____1__t_ca85e8f9eef5b9d5____c10_0____0_fair.csv;t_ca85e8f9eef5b9d5____c20_0____1.csv;t_ca85e8f9eef5b9d5____c20_1____1__t_ca85e8f9eef5b9d5____c9_1____4_fair.csv;t_ca85e8f9eef5b9d5____c20_1____1__t_ca85e8f9eef5b9d5____c7_1____3_fair.csv;t_ca85e8f9eef5b9d5____c20_1____1__t_ca85e8f9eef5b9d5____c7_0____3_fair.csv,{}
