bench,approach,q_table,k,gt_size,n_candidates,n_returned,feasible,F,prec,rec,ideal_recall,starmie_sum_score,duts_sum_U,tables,extras
santos3,nl,311_calls_historic_data_a_fair.csv,5,22,106,5,True,0.3648,1.0,0.22727272727272727,0.22727272727272727,35.68178129196167,35.68178129196167,311_calls_historic_data_a__311_calls_historic_data_a_fair.csv;311_calls_historic_data_a.csv;311_calls_historic_data_5.csv;311_calls_historic_data_2__311_calls_historic_data_a_fair.csv;311_calls_historic_data_1__311_calls_historic_data_a_fair.csv,"{""needs_fairification"": false, ""success"": true, ""swaps_made"": 0, ""initial_fairness"": 0.3648, ""initial_delta"": 0.04}"
santos3,nl,311_calls_historic_data_a_fair.csv,10,22,106,10,True,0.3524,1.0,0.45454545454545453,0.45454545454545453,68.59034430980682,68.59034430980682,311_calls_historic_data_a__311_calls_historic_data_a_fair.csv;311_calls_historic_data_a.csv;311_calls_historic_data_5.csv;311_calls_historic_data_2__311_calls_historic_data_a_fair.csv;311_calls_historic_data_1__311_calls_historic_data_a_fair.csv;311_calls_historic_data_1.csv;311_calls_historic_data_5__311_calls_historic_data_a_fair.csv;311_calls_historic_data_6__311_calls_historic_data_a_fair.csv;311_calls_historic_data_6.csv;311_calls_historic_data_7.csv,"{""needs_fairification"": false, ""success"": true, ""swaps_made"": 0, ""initial_fairness"": 0.3524, ""initial_delta"": 0.05}"
santos3,nl,311_calls_historic_data_a_fair.csv,20,22,106,20,True,0.3346,1.0,0.9090909090909091,0.9090909090909091,131.43487679958344,131.43487679958344,311_calls_historic_data_a__311_calls_historic_data_a_fair.csv;311_calls_historic_data_a.csv;311_calls_historic_data_5.csv;311_calls_historic_data_2__311_calls_historic_data_a_fair.csv;311_calls_historic_data_1__311_calls_historic_data_a_fair.csv;311_calls_historic_data_1.csv;311_calls_historic_data_5__311_calls_historic_data_a_fair.csv;311_calls_historic_data_6__311_calls_historic_data_a_fair.csv;311_calls_historic_data_6.csv;311_calls_historic_data_7.csv;311_calls_historic_data_3__311_calls_historic_data_a_fair.csv;311_calls_historic_data_4__311_calls_historic_data_a_fair.csv;311_calls_historic_data_4.csv;311_calls_historic_data_3.csv;311_calls_historic_data_0.csv;311_calls_historic_data_0__311_calls_historic_data_a_fair.csv;311_calls_historic_data_7__311_calls_historic_data_a_fair.csv;311_calls_historic_data_2.csv;311_calls_historic_data_8.csv;311_calls_historic_data_8__311_calls_historic_data_a_fair.csv,"{""needs_fairification"": false, ""success"": true, ""swaps_made"": 0, ""initial_fairness"": 0.3346, ""initial_delta"": 0.07}"
santos3,nl,albums_a_fair.csv,5,12,174,5,True,0.353,0.6,0.25,0.4166666666666667,19.55796504020691,19.55796504020691,albums_a__albums_a_fair.csv;film_locations_in_san_francisco_0.csv;film_locations_in_san_francisco_3.csv;albums_11__albums_a_fair.csv;albums_10__albums_a_fair.csv,"{""needs_fairification"": true, ""success"": true, ""swaps_made"": 2, ""initial_fairness"": 0.2134, ""initial_delta"": 0.19, ""dominated_removed_count"": 29, ""dominance_candidate_pool_size"": 39, ""candidates_after_winnow"": 8}"
santos3,nl,albums_a_fair.csv,10,12,174,10,True,0.3081,0.4,0.3333333333333333,0.8333333333333334,32.53254550695419,32.53254550695419,albums_a__albums_a_fair.csv;film_locations_in_san_francisco_3.csv;film_locations_in_san_francisco_a.csv;film_locations_in_san_francisco_1.csv;film_locations_in_san_francisco_5.csv;minister_meetings_8.csv;albums_11__albums_a_fair.csv;albums_10__albums_a_fair.csv;albums_0__albums_a_fair.csv;field-operations-staff-hours-march-2018-to-february-2019.csv,"{""needs_fairification"": true, ""success"": true, ""swaps_made"": 6, ""initial_fairness"": 0.0467, ""initial_delta"": 0.35, ""dominated_removed_count"": 22, ""dominance_candidate_pool_size"": 34, ""candidates_after_winnow"": 6}"
santos3,nl,albums_a_fair.csv,20,12,174,20,False,0.1058,0.3,0.5,1.0,66.91918069124222,66.91918069124222,albums_a__albums_a_fair.csv;film_locations_in_san_francisco_3.csv;film_locations_in_san_francisco_a.csv;oil_and_gas_summary_production_data_1967_1999_4.csv;film_locations_in_san_francisco_1.csv;complaint_by_practice_b.csv;mines_b__mines_b_fair.csv;mines_b.csv;oil_and_gas_summary_production_data_1967_1999_1.csv;film_locations_in_san_francisco_7.csv;film_locations_in_san_francisco_4.csv;film_locations_in_san_francisco_5.csv;albums_12.csv;minister_meetings_8.csv;minister_meetings_8__minister_meetings_a_fair.csv;albums_11__albums_a_fair.csv;albums_10.csv;albums_10__albums_a_fair.csv;albums_0__albums_a_fair.csv;field-operations-staff-hours-march-2018-to-february-2019.csv,"{""needs_fairification"": true, ""success"": false, ""swaps_made"": 6, ""initial_fairness"": 0.0268, ""initial_delta"": 0.37, ""dominated_removed_count"": 18, ""dominance_candidate_pool_size"": 24, ""candidates_after_winnow"": 0}"
santos3,nl,abandoned_wells_a_fair.csv,5,22,133,5,True,0.3329,0.8,0.18181818181818182,0.22727272727272727,28.228878617286682,28.228878617286682,abandoned_wells_a__abandoned_wells_a_fair.csv;abandoned_wells_5__abandoned_wells_a_fair.csv;abandoned_wells_9__abandoned_wells_a_fair.csv;abandoned_wells_4__abandoned_wells_a_fair.csv;minister_meetings_8.csv,"{""needs_fairification"": true, ""success"": true, ""swaps_made"": 3, ""initial_fairness"": 0.1703, ""initial_delta"": 0.23, ""dominated_removed_count"": 120, ""dominance_candidate_pool_size"": 128, ""candidates_after_winnow"": 5}"
santos3,nl,abandoned_wells_a_fair.csv,10,22,133,10,True,0.3086,0.5,0.22727272727272727,0.45454545454545453,53.84737849235535,53.84737849235535,abandoned_wells_a__abandoned_wells_a_fair.csv;abandoned_wells_5.csv;abandoned_wells_8.csv;abandoned_wells_9__abandoned_wells_a_fair.csv;practice_reference_b.csv;practice_reference_9.csv;practice_reference_a.csv;abandoned_wells_4__abandoned_wells_a_fair.csv;minister_meetings_8__minister_meetings_a_fair.csv;minister_meetings_8.csv,"{""needs_fairification"": true, ""success"": true, ""swaps_made"": 7, ""initial_fairness"": 0.1194, ""initial_delta"": 0.28, ""dominated_removed_count"": 116, ""dominance_candidate_pool_size"": 123, ""candidates_after_winnow"": 0}"
santos3,nl,abandoned_wells_a_fair.csv,20,22,133,20,False,0.1354,0.75,0.6818181818181818,0.9090909090909091,112.20699501037598,112.20699501037598,abandoned_wells_a__abandoned_wells_a_fair.csv;abandoned_wells_5.csv;abandoned_wells_1.csv;abandoned_wells_9.csv;abandoned_wells_8.csv;abandoned_wells_9__abandoned_wells_a_fair.csv;abandoned_wells_8__abandoned_wells_a_fair.csv;abandoned_wells_0.csv;abandoned_wells_2.csv;abandoned_wells_2__abandoned_wells_a_fair.csv;abandoned_wells_0__abandoned_wells_a_fair.csv;abandoned_wells_6__abandoned_wells_a_fair.csv;abandoned_wells_6.csv;practice_reference_b.csv;practice_reference_9.csv;abandoned_wells_4.csv;practice_reference_a.csv;abandoned_wells_4__abandoned_wells_a_fair.csv;minister_meetings_8__minister_meetings_a_fair.csv;minister_meetings_8.csv,"{""needs_fairification"": true, ""success"": false, ""swaps_made"": 7, ""initial_fairness"": 0.0678, ""initial_delta"": 0.33, ""dominated_removed_count"": 101, ""dominance_candidate_pool_size"": 113, ""candidates_after_winnow"": 5}"
santos3,nl,biodiversity_a_fair.csv,5,2,163,5,True,0.3434,0.4,1.0,1.0,13.940578639507294,13.940578639507294,biodiversity_a__biodiversity_a_fair.csv;biodiversity_a.csv;psyckes_antipsychotic_polypharmacy_quality_indicators_beginning_2012_a.csv;psyckes_antipsychotic_polypharmacy_quality_indicators_beginning_2012_7__psyckes_antipsychotic_polypharmacy_quality_indicators_beginning_2012_a_fair.csv;psyckes_antipsychotic_polypharmacy_quality_indicators_beginning_2012_7.csv,"{""needs_fairification"": false, ""success"": true, ""swaps_made"": 0, ""initial_fairness"": 0.3434, ""initial_delta"": 0.06}"
santos3,nl,biodiversity_a_fair.csv,10,2,163,10,True,0.3434,0.2,1.0,1.0,13.940578639507294,13.940578639507294,biodiversity_a__biodiversity_a_fair.csv;biodiversity_a.csv;psyckes_antipsychotic_polypharmacy_quality_indicators_beginning_2012_a.csv;psyckes_antipsychotic_polypharmacy_quality_indicators_beginning_2012_7__psyckes_antipsychotic_polypharmacy_quality_indicators_beginning_2012_a_fair.csv;psyckes_antipsychotic_polypharmacy_quality_indicators_beginning_2012_7.csv;practice_reference_b__practice_reference_b_fair.csv;practice_reference_b__practice_reference_a_fair.csv;practice_reference_b.csv;practice_reference_8__practice_reference_b_fair.csv;practice_reference_8__practice_reference_a_fair.csv,"{""needs_fairification"": false, ""success"": true, ""swaps_made"": 0, ""initial_fairness"": 0.3434, ""initial_delta"": 0.06}"
santos3,nl,biodiversity_a_fair.csv,20,2,163,20,True,0.3434,0.1,1.0,1.0,13.940578639507294,13.940578639507294,biodiversity_a__biodiversity_a_fair.csv;biodiversity_a.csv;psyckes_antipsychotic_polypharmacy_quality_indicators_beginning_2012_a.csv;psyckes_antipsychotic_polypharmacy_quality_indicators_beginning_2012_7__psyckes_antipsychotic_polypharmacy_quality_indicators_beginning_2012_a_fair.csv;psyckes_antipsychotic_polypharmacy_quality_indicators_beginning_2012_7.csv;practice_reference_b__practice_reference_b_fair.csv;practice_reference_b__practice_reference_a_fair.csv;practice_reference_b.csv;practice_reference_8__practice_reference_b_fair.csv;practice_reference_8__practice_reference_a_fair.csv;practice_reference_3__practice_reference_b_fair.csv;practice_reference_3__practice_reference_a_fair.csv;practice_reference_11__practice_reference_b_fair.csv;practice_reference_11.csv;oil_and_gas_summary_production_data_1967_1999_8__oil_and_gas_summary_production_data_1967_1999_a_fair.csv;oil_and_gas_summary_production_data_1967_1999_8.csv;oil_and_gas_summary_production_data_1967_1999_4__oil_and_gas_summary_production_data_1967_1999_a_fair.csv;oil_and_gas_summary_production_data_1967_1999_4.csv;oil_and_gas_summary_production_data_1967_1999_3__oil_and_gas_summary_production_data_1967_1999_a_fair.csv;oil_and_gas_summary_production_data_1967_1999_3.csv,"{""needs_fairification"": false, ""success"": true, ""swaps_made"": 0, ""initial_fairness"": 0.3434, ""initial_delta"": 0.06}"
santos3,nl,cdc_nutrition_physical_activity_and_obesity_legislation_a_fair.csv,5,22,119,5,True,0.3124,1.0,0.22727272727272727,0.22727272727272727,37.75982999801636,37.75982999801636,cdc_nutrition_physical_activity_and_obesity_legislation_a.csv;cdc_nutrition_physical_activity_and_obesity_legislation_a__cdc_nutrition_physical_activity_and_obesity_legislation_a_fair.csv;cdc_nutrition_physical_activity_and_obesity_legislation_2.csv;cdc_nutrition_physical_activity_and_obesity_legislation_2__cdc_nutrition_physical_activity_and_obesity_legislation_a_fair.csv;cdc_nutrition_physical_activity_and_obesity_legislation_0__cdc_nutrition_physical_activity_and_obesity_legislation_a_fair.csv,"{""needs_fairification"": false, ""success"": true, ""swaps_made"": 0, ""initial_fairness"": 0.3124, ""initial_delta"": 0.09}"
santos3,nl,cdc_nutrition_physical_activity_and_obesity_legislation_a_fair.csv,10,22,119,10,False,0.2907,0.9,0.4090909090909091,0.45454545454545453,69.34639805555344,69.34639805555344,cdc_nutrition_physical_activity_and_obesity_legislation_a.csv;cdc_nutrition_physical_activity_and_obesity_legislation_a__cdc_nutrition_physical_activity_and_obesity_legislation_a_fair.csv;cdc_nutrition_physical_activity_and_obesity_legislation_0.csv;cdc_nutrition_physical_activity_and_obesity_legislation_9.csv;cdc_nutrition_physical_activity_and_obesity_legislation_9__cdc_nutrition_physical_activity_and_obesity_legislation_a_fair.csv;cdc_nutrition_physical_activity_and_obesity_legislation_8__cdc_nutrition_physical_activity_and_obesity_legislation_a_fair.csv;cdc_nutrition_physical_activity_and_obesity_legislation_8.csv;cdc_nutrition_physical_activity_and_obesity_legislation_5.csv;mines_11.csv;cdc_nutrition_physical_activity_and_obesity_legislation_7.csv,"{""needs_fairification"": true, ""success"": false, ""swaps_made"": 3, ""initial_fairness"": 0.192, ""initial_delta"": 0.21, ""dominated_removed_count"": 73, ""dominance_candidate_pool_size"": 76, ""candidates_after_winnow"": 0}"
santos3,nl,cdc_nutrition_physical_activity_and_obesity_legislation_a_fair.csv,20,22,119,20,False,0.166,0.9,0.8181818181818182,0.9090909090909091,134.68923997879028,134.68923997879028,cdc_nutrition_physical_activity_and_obesity_legislation_a.csv;cdc_nutrition_physical_activity_and_obesity_legislation_a__cdc_nutrition_physical_activity_and_obesity_legislation_a_fair.csv;cdc_nutrition_physical_activity_and_obesity_legislation_2__cdc_nutrition_physical_activity_and_obesity_legislation_a_fair.csv;cdc_nutrition_physical_activity_and_obesity_legislation_0__cdc_nutrition_physical_activity_and_obesity_legislation_a_fair.csv;cdc_nutrition_physical_activity_and_obesity_legislation_0.csv;cdc_nutrition_physical_activity_and_obesity_legislation_9.csv;cdc_nutrition_physical_activity_and_obesity_legislation_9__cdc_nutrition_physical_activity_and_obesity_legislation_a_fair.csv;cdc_nutrition_physical_activity_and_obesity_legislation_8__cdc_nutrition_physical_activity_and_obesity_legislation_a_fair.csv;cdc_nutrition_physical_activity_and_obesity_legislation_8.csv;cdc_nutrition_physical_activity_and_obesity_legislation_5.csv;cdc_nutrition_physical_activity_and_obesity_legislation_5__cdc_nutrition_physical_activity_and_obesity_legislation_a_fair.csv;cdc_nutrition_physical_activity_and_obesity_legislation_1.csv;cdc_nutrition_physical_activity_and_obesity_legislation_1__cdc_nutrition_physical_activity_and_obesity_legislation_a_fair.csv;cdc_nutrition_physical_activity_and_obesity_legislation_6__cdc_nutrition_physical_activity_and_obesity_legislation_a_fair.csv;cdc_nutrition_physical_activity_and_obesity_legislation_6.csv;mines_11.csv;mines_11__mines_b_fair.csv;cdc_nutrition_physical_activity_and_obesity_legislation_4__cdc_nutrition_physical_activity_and_obesity_legislation_a_fair.csv;cdc_nutrition_physical_activity_and_obesity_legislation_4.csv;cdc_nutrition_physical_activity_and_obesity_legislation_7.csv,"{""needs_fairification"": true, ""success"": false, ""swaps_made"": 1, ""initial_fairness"": 0.142, ""initial_delta"": 0.26, ""dominated_removed_count"": 63, ""dominance_candidate_pool_size"": 66, ""candidates_after_winnow"": 2}"
santos3,nl,animal_tag_data_b_fair.csv,5,36,107,5,True,0.3684,1.0,0.1388888888888889,0.1388888888888889,52.36162579059601,52.36162579059601,animal_tag_data_b__animal_tag_data_b_fair.csv;animal_tag_data_b__animal_tag_data_a_fair.csv;animal_tag_data_3.csv;animal_tag_data_1.csv;animal_tag_data_a__animal_tag_data_b_fair.csv,"{""needs_fairification"": true, ""success"": true, ""swaps_made"": 1, ""initial_fairness"": 0.2787, ""initial_delta"": 0.12, ""dominated_removed_count"": 94, ""dominance_candidate_pool_size"": 102, ""candidates_after_winnow"": 7}"
santos3,nl,animal_tag_data_b_fair.csv,10,36,107,10,True,0.3226,1.0,0.2777777777777778,0.2777777777777778,104.70430678129196,104.70430678129196,animal_tag_data_b__animal_tag_data_b_fair.csv;animal_tag_data_b__animal_tag_data_a_fair.csv;animal_tag_data_3.csv;animal_tag_data_1.csv;animal_tag_data_3__animal_tag_data_b_fair.csv;animal_tag_data_3__animal_tag_data_a_fair.csv;animal_tag_data_1__animal_tag_data_b_fair.csv;animal_tag_data_1__animal_tag_data_a_fair.csv;animal_tag_data_0.csv;animal_tag_data_a__animal_tag_data_b_fair.csv,"{""needs_fairification"": true, ""success"": true, ""swaps_made"": 1, ""initial_fairness"": 0.2504, ""initial_delta"": 0.15, ""dominated_removed_count"": 91, ""dominance_candidate_pool_size"": 97, ""candidates_after_winnow"": 5}"
santos3,nl,animal_tag_data_b_fair.csv,20,36,107,20,True,0.2973,0.85,0.4722222222222222,0.5555555555555556,190.96401554346085,190.96401554346085,animal_tag_data_b__animal_tag_data_b_fair.csv;animal_tag_data_1.csv;animal_tag_data_3__animal_tag_data_b_fair.csv;animal_tag_data_1__animal_tag_data_b_fair.csv;animal_tag_data_1__animal_tag_data_a_fair.csv;animal_tag_data_0.csv;animal_tag_data_6__animal_tag_data_b_fair.csv;animal_tag_data_6__animal_tag_data_a_fair.csv;animal_tag_data_6.csv;animal_tag_data_9.csv;animal_tag_data_4__animal_tag_data_b_fair.csv;animal_tag_data_4__animal_tag_data_a_fair.csv;animal_tag_data_9__animal_tag_data_a_fair.csv;animal_tag_data_8.csv;animal_tag_data_7__animal_tag_data_b_fair.csv;animal_tag_data_8__animal_tag_data_b_fair.csv;animal_tag_data_a__animal_tag_data_b_fair.csv;deaths_2012_2018_2__deaths_2012_2018_a_fair.csv;practice_reference_8__practice_reference_b_fair.csv;practice_reference_a.csv,"{""needs_fairification"": true, ""success"": true, ""swaps_made"": 7, ""initial_fairness"": 0.1817, ""initial_delta"": 0.22, ""dominated_removed_count"": 79, ""dominance_candidate_pool_size"": 87, ""candidates_after_winnow"": 1}"
santos3,nl,complaint_by_practice_a_fair.csv,5,12,118,5,True,0.6418,1.0,0.4166666666666667,0.4166666666666667,40.30226266384125,40.30226266384125,complaint_by_practice_a__complaint_by_practice_b_fair.csv;complaint_by_practice_a__complaint_by_practice_a_fair.csv;complaint_by_practice_a.csv;complaint_by_practice_b__complaint_by_practice_b_fair.csv;complaint_by_practice_b__complaint_by_practice_a_fair.csv,"{""needs_fairification"": false, ""success"": true, ""swaps_made"": 0, ""initial_fairness"": 0.6418, ""initial_delta"": -0.24}"
santos3,nl,complaint_by_practice_a_fair.csv,10,12,118,10,True,0.6063,0.9,0.75,0.8333333333333334,73.13439291715622,73.13439291715622,complaint_by_practice_a__complaint_by_practice_b_fair.csv;complaint_by_practice_a__complaint_by_practice_a_fair.csv;complaint_by_practice_a.csv;complaint_by_practice_b__complaint_by_practice_b_fair.csv;complaint_by_practice_b__complaint_by_practice_a_fair.csv;complaint_by_practice_b.csv;complaint_by_practice_10__complaint_by_practice_b_fair.csv;complaint_by_practice_10__complaint_by_practice_a_fair.csv;complaint_by_practice_10.csv;ipopayments_b__ipopayments_b_fair.csv,"{""needs_fairification"": false, ""success"": true, ""swaps_made"": 0, ""initial_fairness"": 0.6063, ""initial_delta"": -0.21}"
santos3,nl,complaint_by_practice_a_fair.csv,20,12,118,20,True,0.5743,0.6,1.0,1.0,134.4112502336502,134.4112502336502,complaint_by_practice_a__complaint_by_practice_b_fair.csv;complaint_by_practice_a__complaint_by_practice_a_fair.csv;complaint_by_practice_a.csv;complaint_by_practice_b__complaint_by_practice_b_fair.csv;complaint_by_practice_b__complaint_by_practice_a_fair.csv;complaint_by_practice_b.csv;complaint_by_practice_10__complaint_by_practice_b_fair.csv;complaint_by_practice_10__complaint_by_practice_a_fair.csv;complaint_by_practice_10.csv;ipopayments_b__ipopayments_b_fair.csv;ipopayments_b__ipopayments_a_fair.csv;ipopayments_b.csv;complaint_by_practice_1__complaint_by_practice_b_fair.csv;complaint_by_practice_1__complaint_by_practice_a_fair.csv;complaint_by_practice_1.csv;ydn_spending_data_a.csv;ipopayments_1__ipopayments_b_fair.csv;mines_11.csv;ipopayments_4__ipopayments_b_fair.csv;ipopayments_4__ipopayments_a_fair.csv,"{""needs_fairification"": false, ""success"": true, ""swaps_made"": 0, ""initial_fairness"": 0.5743, ""initial_delta"": -0.17}"
santos3,nl,cihr_co-applicant_b_fair.csv,5,36,138,5,True,0.3584,0.4,0.05555555555555555,0.1388888888888889,31.846928358078003,31.846928358078003,cihr_co-applicant_b__cihr_co-applicant_b_fair.csv;cihr_co-applicant_0.csv;immigration_records_10__immigration_records_a_fair.csv;immigration_records_10.csv;analytics-numerique-complet-principaux-evenements-20210201-20210228.csv,"{""needs_fairification"": true, ""success"": true, ""swaps_made"": 4, ""initial_fairness"": 0.1654, ""initial_delta"": 0.23, ""dominated_removed_count"": 97, ""dominance_candidate_pool_size"": 103, ""candidates_after_winnow"": 2}"
santos3,nl,cihr_co-applicant_b_fair.csv,10,36,138,10,False,0.1534,0.7,0.19444444444444445,0.2777777777777778,85.776562333107,85.776562333107,cihr_co-applicant_b__cihr_co-applicant_b_fair.csv;cihr_co-applicant_9.csv;cihr_co-applicant_8__cihr_co-applicant_b_fair.csv;cihr_co-applicant_8__cihr_co-applicant_a_fair.csv;cihr_co-applicant_8.csv;cihr_co-applicant_0__cihr_co-applicant_b_fair.csv;cihr_co-applicant_0.csv;immigration_records_10__immigration_records_a_fair.csv;immigration_records_10.csv;analytics-numerique-complet-principaux-evenements-20210201-20210228.csv,"{""needs_fairification"": true, ""success"": false, ""swaps_made"": 4, ""initial_fairness"": 0.1023, ""initial_delta"": 0.3, ""dominated_removed_count"": 94, ""dominance_candidate_pool_size"": 98, ""candidates_after_winnow"": 0}"
santos3,nl,cihr_co-applicant_b_fair.csv,20,36,138,20,False,0.059,1.0,0.5555555555555556,0.5555555555555556,214.98091107606888,214.98091107606888,cihr_co-applicant_b__cihr_co-applicant_b_fair.csv;cihr_co-applicant_b__cihr_co-applicant_a_fair.csv;cihr_co-applicant_b.csv;cihr_co-applicant_9__cihr_co-applicant_b_fair.csv;cihr_co-applicant_9__cihr_co-applicant_a_fair.csv;cihr_co-applicant_9.csv;cihr_co-applicant_8__cihr_co-applicant_b_fair.csv;cihr_co-applicant_8__cihr_co-applicant_a_fair.csv;cihr_co-applicant_8.csv;cihr_co-applicant_0__cihr_co-applicant_b_fair.csv;cihr_co-applicant_0__cihr_co-applicant_a_fair.csv;cihr_co-applicant_0.csv;cihr_co-applicant_1__cihr_co-applicant_b_fair.csv;cihr_co-applicant_1__cihr_co-applicant_a_fair.csv;cihr_co-applicant_1.csv;cihr_co-applicant_4__cihr_co-applicant_b_fair.csv;cihr_co-applicant_4__cihr_co-applicant_a_fair.csv;cihr_co-applicant_4.csv;cihr_co-applicant_5__cihr_co-applicant_b_fair.csv;cihr_co-applicant_5__cihr_co-applicant_a_fair.csv,"{""needs_fairification"": true, ""success"": false, ""swaps_made"": 0, ""initial_fairness"": 0.059, ""initial_delta"": 0.34, ""dominated_removed_count"": 82, ""dominance_candidate_pool_size"": 88, ""candidates_after_winnow"": 6}"
santos3,nl,cihr_co-applicant_a_fair.csv,5,36,134,5,True,0.3198,1.0,0.1388888888888889,0.1388888888888889,59.14458781480789,59.14458781480789,cihr_co-applicant_a__cihr_co-applicant_a_fair.csv;cihr_co-applicant_a.csv;cihr_co-applicant_4__cihr_co-applicant_b_fair.csv;cihr_co-applicant_4__cihr_co-applicant_a_fair.csv;cihr_co-applicant_6__cihr_co-applicant_a_fair.csv,"{""needs_fairification"": true, ""success"": true, ""swaps_made"": 1, ""initial_fairness"": 0.2418, ""initial_delta"": 0.16, ""dominated_removed_count"": 95, ""dominance_candidate_pool_size"": 107, ""candidates_after_winnow"": 11}"
santos3,nl,cihr_co-applicant_a_fair.csv,10,36,134,10,True,0.3127,1.0,0.2777777777777778,0.2777777777777778,117.6382047533989,117.6382047533989,cihr_co-applicant_a__cihr_co-applicant_a_fair.csv;cihr_co-applicant_4__cihr_co-applicant_a_fair.csv;cihr_co-applicant_4.csv;cihr_co-applicant_2__cihr_co-applicant_b_fair.csv;cihr_co-applicant_2__cihr_co-applicant_a_fair.csv;cihr_co-applicant_2.csv;cihr_co-applicant_5__cihr_co-applicant_b_fair.csv;cihr_co-applicant_7__cihr_co-applicant_a_fair.csv;cihr_co-applicant_8__cihr_co-applicant_a_fair.csv;cihr_co-applicant_6__cihr_co-applicant_a_fair.csv,"{""needs_fairification"": true, ""success"": true, ""swaps_made"": 3, ""initial_fairness"": 0.1901, ""initial_delta"": 0.21, ""dominated_removed_count"": 91, ""dominance_candidate_pool_size"": 102, ""candidates_after_winnow"": 8}"
santos3,nl,cihr_co-applicant_a_fair.csv,20,36,134,20,False,0.279,0.85,0.4722222222222222,0.5555555555555556,210.44982957839966,210.44982957839966,cihr_co-applicant_a__cihr_co-applicant_a_fair.csv;cihr_co-applicant_4__cihr_co-applicant_a_fair.csv;cihr_co-applicant_2__cihr_co-applicant_a_fair.csv;cihr_co-applicant_2.csv;cihr_co-applicant_5__cihr_co-applicant_a_fair.csv;cihr_co-applicant_5.csv;cihr_co-applicant_3__cihr_co-applicant_a_fair.csv;cihr_co-applicant_3.csv;cihr_co-applicant_7__cihr_co-applicant_b_fair.csv;cihr_co-applicant_7__cihr_co-applicant_a_fair.csv;cihr_co-applicant_7.csv;cihr_co-applicant_0__cihr_co-applicant_b_fair.csv;cihr_co-applicant_0__cihr_co-applicant_a_fair.csv;cihr_co-applicant_0.csv;cihr_co-applicant_8__cihr_co-applicant_a_fair.csv;cihr_co-applicant_8.csv;cihr_co-applicant_6__cihr_co-applicant_a_fair.csv;oil_and_gas_summary_production_data_1967_1999_a.csv;immigration_records_10.csv;analytics-numerique-complet-principaux-evenements-20210201-20210228.csv,"{""needs_fairification"": true, ""success"": false, ""swaps_made"": 7, ""initial_fairness"": 0.1869, ""initial_delta"": 0.21, ""dominated_removed_count"": 85, ""dominance_candidate_pool_size"": 92, ""candidates_after_winnow"": 0}"
santos3,nl,contributors_parties_b_fair.csv,5,63,141,5,True,1.0,1.0,0.07936507936507936,0.07936507936507936,24.471802532672882,24.471802532672882,contributors_parties_b__contributors_parties_b_fair.csv;contributors_parties_b__contributors_parties_a_fair.csv;contributors_parties_b.csv;contributors_parties_16.csv;contributors_parties_16__contributors_parties_b_fair.csv,"{""needs_fairification"": false, ""success"": true, ""swaps_made"": 0, ""initial_fairness"": 1.0, ""initial_delta"": -0.6}"
santos3,nl,contributors_parties_b_fair.csv,10,63,141,10,True,1.0,1.0,0.15873015873015872,0.15873015873015872,47.60942488908768,47.60942488908768,contributors_parties_b__contributors_parties_b_fair.csv;contributors_parties_b__contributors_parties_a_fair.csv;contributors_parties_b.csv;contributors_parties_16.csv;contributors_parties_16__contributors_parties_b_fair.csv;contributors_parties_16__contributors_parties_a_fair.csv;contributors_parties_18.csv;contributors_parties_17.csv;contributors_parties_18__contributors_parties_b_fair.csv;contributors_parties_18__contributors_parties_a_fair.csv,"{""needs_fairification"": false, ""success"": true, ""swaps_made"": 0, ""initial_fairness"": 1.0, ""initial_delta"": -0.6}"
santos3,nl,contributors_parties_b_fair.csv,20,63,141,20,True,0.6068,1.0,0.31746031746031744,0.31746031746031744,92.17878985404968,92.17878985404968,contributors_parties_b__contributors_parties_b_fair.csv;contributors_parties_b__contributors_parties_a_fair.csv;contributors_parties_b.csv;contributors_parties_16.csv;contributors_parties_16__contributors_parties_b_fair.csv;contributors_parties_16__contributors_parties_a_fair.csv;contributors_parties_18.csv;contributors_parties_17.csv;contributors_parties_18__contributors_parties_b_fair.csv;contributors_parties_18__contributors_parties_a_fair.csv;contributors_parties_17__contributors_parties_b_fair.csv;contributors_parties_17__contributors_parties_a_fair.csv;contributors_parties_12__contributors_parties_b_fair.csv;contributors_parties_12__contributors_parties_a_fair.csv;contributors_parties_15__contributors_parties_b_fair.csv;contributors_parties_15__contributors_parties_a_fair.csv;contributors_parties_15.csv;contributors_parties_6__contributors_parties_b_fair.csv;contributors_parties_6__contributors_parties_a_fair.csv;contributors_parties_6.csv,"{""needs_fairification"": false, ""success"": true, ""swaps_made"": 0, ""initial_fairness"": 0.6068, ""initial_delta"": -0.21}"
santos3,nl,animal_tag_data_a_fair.csv,5,36,105,5,True,0.2987,1.0,0.1388888888888889,0.1388888888888889,55.82601082324982,55.82601082324982,animal_tag_data_a__animal_tag_data_a_fair.csv;animal_tag_data_a.csv;animal_tag_data_7.csv;animal_tag_data_7__animal_tag_data_b_fair.csv;animal_tag_data_3__animal_tag_data_a_fair.csv,"{""needs_fairification"": true, ""success"": true, ""swaps_made"": 1, ""initial_fairness"": 0.2271, ""initial_delta"": 0.17, ""dominated_removed_count"": 94, ""dominance_candidate_pool_size"": 100, ""candidates_after_winnow"": 5}"
santos3,nl,animal_tag_data_a_fair.csv,10,36,105,10,True,0.3069,1.0,0.2777777777777778,0.2777777777777778,110.95215779542923,110.95215779542923,animal_tag_data_a__animal_tag_data_a_fair.csv;animal_tag_data_7.csv;animal_tag_data_7__animal_tag_data_b_fair.csv;animal_tag_data_7__animal_tag_data_a_fair.csv;animal_tag_data_6.csv;animal_tag_data_8.csv;animal_tag_data_8__animal_tag_data_b_fair.csv;animal_tag_data_8__animal_tag_data_a_fair.csv;animal_tag_data_6__animal_tag_data_a_fair.csv;animal_tag_data_3__animal_tag_data_a_fair.csv,"{""needs_fairification"": true, ""success"": true, ""swaps_made"": 2, ""initial_fairness"": 0.1962, ""initial_delta"": 0.2, ""dominated_removed_count"": 90, ""dominance_candidate_pool_size"": 95, ""candidates_after_winnow"": 3}"
santos3,nl,animal_tag_data_a_fair.csv,20,36,105,20,False,0.2366,0.9,0.5,0.5555555555555556,211.22371298074722,211.22371298074722,animal_tag_data_a__animal_tag_data_a_fair.csv;animal_tag_data_7__animal_tag_data_b_fair.csv;animal_tag_data_7__animal_tag_data_a_fair.csv;animal_tag_data_6.csv;animal_tag_data_8.csv;animal_tag_data_8__animal_tag_data_b_fair.csv;animal_tag_data_8__animal_tag_data_a_fair.csv;animal_tag_data_5.csv;animal_tag_data_6__animal_tag_data_b_fair.csv;animal_tag_data_6__animal_tag_data_a_fair.csv;animal_tag_data_9__animal_tag_data_b_fair.csv;animal_tag_data_9__animal_tag_data_a_fair.csv;animal_tag_data_9.csv;animal_tag_data_5__animal_tag_data_b_fair.csv;animal_tag_data_5__animal_tag_data_a_fair.csv;animal_tag_data_3.csv;animal_tag_data_2__animal_tag_data_b_fair.csv;animal_tag_data_3__animal_tag_data_a_fair.csv;civic_building_locations_3.csv;civic_building_locations_a.csv,"{""needs_fairification"": true, ""success"": false, ""swaps_made"": 3, ""initial_fairness"": 0.1653, ""initial_delta"": 0.23, ""dominated_removed_count"": 80, ""dominance_candidate_pool_size"": 85, ""candidates_after_winnow"": 2}"
santos3,nl,contributors_parties_a_fair.csv,5,63,127,5,True,0.3153,0.8,0.06349206349206349,0.07936507936507936,32.19329506158829,32.19329506158829,contributors_parties_a__contributors_parties_a_fair.csv;cihr_co-applicant_3__cihr_co-applicant_a_fair.csv;contributors_parties_8__contributors_parties_a_fair.csv;contributors_parties_11__contributors_parties_a_fair.csv;contributors_parties_15__contributors_parties_a_fair.csv,"{""needs_fairification"": true, ""success"": true, ""swaps_made"": 3, ""initial_fairness"": 0.2055, ""initial_delta"": 0.19, ""dominated_removed_count"": 112, ""dominance_candidate_pool_size"": 122, ""candidates_after_winnow"": 7}"
santos3,nl,contributors_parties_a_fair.csv,10,63,127,10,True,0.3213,0.8,0.12698412698412698,0.15873015873015872,63.844967007637024,63.844967007637024,contributors_parties_a__contributors_parties_b_fair.csv;contributors_parties_a__contributors_parties_a_fair.csv;contributors_parties_a.csv;contributors_parties_8__contributors_parties_b_fair.csv;contributors_parties_8__contributors_parties_a_fair.csv;contributors_parties_8.csv;mines_9.csv;contributors_parties_11__contributors_parties_a_fair.csv;contributors_parties_15__contributors_parties_a_fair.csv;greener-homes-program-eligible-oil-boilers-english.csv,"{""needs_fairification"": true, ""success"": true, ""swaps_made"": 7, ""initial_fairness"": 0.1087, ""initial_delta"": 0.29, ""dominated_removed_count"": 107, ""dominance_candidate_pool_size"": 117, ""candidates_after_winnow"": 3}"
santos3,nl,contributors_parties_a_fair.csv,20,63,127,20,False,0.0752,0.25,0.07936507936507936,0.31746031746031744,138.73717695474625,138.73717695474625,contributors_parties_a__contributors_parties_b_fair.csv;contributors_parties_a__contributors_parties_a_fair.csv;contributors_parties_a.csv;cihr_co-applicant_3__cihr_co-applicant_a_fair.csv;cihr_co-applicant_3.csv;cihr_co-applicant_6__cihr_co-applicant_a_fair.csv;cihr_co-applicant_6.csv;cihr_co-applicant_4__cihr_co-applicant_b_fair.csv;cihr_co-applicant_4__cihr_co-applicant_a_fair.csv;cihr_co-applicant_4.csv;cihr_co-applicant_2__cihr_co-applicant_b_fair.csv;cihr_co-applicant_2__cihr_co-applicant_a_fair.csv;cihr_co-applicant_2.csv;cihr_co-applicant_a__cihr_co-applicant_b_fair.csv;cihr_co-applicant_a__cihr_co-applicant_a_fair.csv;cihr_co-applicant_a.csv;cihr_co-applicant_7__cihr_co-applicant_b_fair.csv;cihr_co-applicant_7__cihr_co-applicant_a_fair.csv;contributors_parties_8__contributors_parties_a_fair.csv;contributors_parties_15__contributors_parties_a_fair.csv,"{""needs_fairification"": true, ""success"": false, ""swaps_made"": 2, ""initial_fairness"": 0.0596, ""initial_delta"": 0.34, ""dominated_removed_count"": 98, ""dominance_candidate_pool_size"": 107, ""candidates_after_winnow"": 7}"
santos3,nl,complaint_by_practice_b_fair.csv,5,12,115,5,True,0.3354,1.0,0.4166666666666667,0.4166666666666667,49.87725639343262,49.87725639343262,complaint_by_practice_b__complaint_by_practice_b_fair.csv;complaint_by_practice_b.csv;complaint_by_practice_1__complaint_by_practice_b_fair.csv;complaint_by_practice_1__complaint_by_practice_a_fair.csv;complaint_by_practice_10__complaint_by_practice_b_fair.csv,"{""needs_fairification"": true, ""success"": true, ""swaps_made"": 1, ""initial_fairness"": 0.2722, ""initial_delta"": 0.13, ""dominated_removed_count"": 80, ""dominance_candidate_pool_size"": 84, ""candidates_after_winnow"": 3}"
santos3,nl,complaint_by_practice_b_fair.csv,10,12,115,10,False,0.2328,0.8,0.6666666666666666,0.8333333333333334,90.41690027713776,90.41690027713776,complaint_by_practice_b__complaint_by_practice_b_fair.csv;complaint_by_practice_b.csv;complaint_by_practice_1__complaint_by_practice_b_fair.csv;complaint_by_practice_1__complaint_by_practice_a_fair.csv;complaint_by_practice_1.csv;complaint_by_practice_10__complaint_by_practice_b_fair.csv;complaint_by_practice_10__complaint_by_practice_a_fair.csv;complaint_by_practice_10.csv;new_york_city_restaurant_inspection_results_7.csv;ydn_spending_data_a.csv,"{""needs_fairification"": true, ""success"": false, ""swaps_made"": 1, ""initial_fairness"": 0.2198, ""initial_delta"": 0.18, ""dominated_removed_count"": 74, ""dominance_candidate_pool_size"": 79, ""candidates_after_winnow"": 4}"
santos3,nl,complaint_by_practice_b_fair.csv,20,12,115,20,False,0.1031,0.4,0.6666666666666666,1.0,161.6114142537117,161.6114142537117,complaint_by_practice_b__complaint_by_practice_b_fair.csv;complaint_by_practice_b.csv;complaint_by_practice_1__complaint_by_practice_b_fair.csv;complaint_by_practice_1__complaint_by_practice_a_fair.csv;complaint_by_practice_1.csv;complaint_by_practice_10__complaint_by_practice_b_fair.csv;complaint_by_practice_10__complaint_by_practice_a_fair.csv;complaint_by_practice_10.csv;new_york_city_restaurant_inspection_results_7.csv;new_york_city_restaurant_inspection_results_7__new_york_city_restaurant_inspection_results_a_fair.csv;new_york_city_restaurant_inspection_results_9__new_york_city_restaurant_inspection_results_a_fair.csv;new_york_city_restaurant_inspection_results_9.csv;new_york_city_restaurant_inspection_results_2.csv;new_york_city_restaurant_inspection_results_2__new_york_city_restaurant_inspection_results_a_fair.csv;new_york_city_restaurant_inspection_results_3.csv;new_york_city_restaurant_inspection_results_0__new_york_city_restaurant_inspection_results_a_fair.csv;new_york_city_restaurant_inspection_results_3__new_york_city_restaurant_inspection_results_a_fair.csv;new_york_city_restaurant_inspection_results_6.csv;ydn_spending_data_a.csv;311_calls_historic_data_a.csv,"{""needs_fairification"": true, ""success"": false, ""swaps_made"": 2, ""initial_fairness"": 0.0685, ""initial_delta"": 0.33, ""dominated_removed_count"": 66, ""dominance_candidate_pool_size"": 69, ""candidates_after_winnow"": 1}"
santos3,nl,immigration_records_a_fair.csv,5,32,174,5,True,0.3089,1.0,0.15625,0.15625,30.83676314353943,30.83676314353943,immigration_records_a__immigration_records_a_fair.csv;immigration_records_14.csv;immigration_records_13.csv;immigration_records_14__immigration_records_a_fair.csv;immigration_records_2__immigration_records_a_fair.csv,"{""needs_fairification"": true, ""success"": true, ""swaps_made"": 1, ""initial_fairness"": 0.2427, ""initial_delta"": 0.16, ""dominated_removed_count"": 62, ""dominance_candidate_pool_size"": 71, ""candidates_after_winnow"": 8}"
santos3,nl,immigration_records_a_fair.csv,10,32,174,10,True,0.3075,0.8,0.25,0.3125,50.48760265111923,50.48760265111923,immigration_records_a__immigration_records_a_fair.csv;immigration_records_12.csv;immigration_records_13__immigration_records_a_fair.csv;immigration_records_12__immigration_records_a_fair.csv;oil_and_gas_summary_production_data_1967_1999_5__oil_and_gas_summary_production_data_1967_1999_a_fair.csv;immigration_records_5__immigration_records_a_fair.csv;immigration_records_0__immigration_records_a_fair.csv;immigration_records_1__immigration_records_a_fair.csv;immigration_records_2__immigration_records_a_fair.csv;field-operations-staff-hours-march-2016-to-february-2017.csv,"{""needs_fairification"": true, ""success"": true, ""swaps_made"": 4, ""initial_fairness"": 0.1873, ""initial_delta"": 0.21, ""dominated_removed_count"": 59, ""dominance_candidate_pool_size"": 66, ""candidates_after_winnow"": 3}"
santos3,nl,immigration_records_a_fair.csv,20,32,174,20,False,0.216,0.5,0.3125,0.625,96.68873339891434,96.68873339891434,immigration_records_a__immigration_records_a_fair.csv;immigration_records_12.csv;oil_and_gas_summary_production_data_1967_1999_5__oil_and_gas_summary_production_data_1967_1999_a_fair.csv;immigration_records_5__immigration_records_a_fair.csv;immigration_records_5.csv;immigration_records_11.csv;oil_and_gas_summary_production_data_1967_1999_4.csv;oil_and_gas_summary_production_data_1967_1999_1.csv;oil_and_gas_summary_production_data_1967_1999_1__oil_and_gas_summary_production_data_1967_1999_a_fair.csv;immigration_records_7.csv;oil_and_gas_summary_production_data_1967_1999_4__oil_and_gas_summary_production_data_1967_1999_a_fair.csv;immigration_records_11__immigration_records_a_fair.csv;oil_and_gas_summary_production_data_1967_1999_5.csv;oil_and_gas_summary_production_data_1967_1999_3.csv;immigration_records_0__immigration_records_a_fair.csv;analytics-iris-complet-termes-de-recherche-20160701-20160731.csv;immigration_records_1__immigration_records_a_fair.csv;immigration_records_2__immigration_records_a_fair.csv;figure-5.csv;field-operations-staff-hours-march-2016-to-february-2017.csv,"{""needs_fairification"": true, ""success"": false, ""swaps_made"": 7, ""initial_fairness"": 0.1149, ""initial_delta"": 0.29, ""dominated_removed_count"": 49, ""dominance_candidate_pool_size"": 56, ""candidates_after_winnow"": 0}"
santos3,nl,deaths_2012_2018_a_fair.csv,5,22,110,5,True,0.3195,0.8,0.18181818181818182,0.22727272727272727,34.453412652015686,34.453412652015686,deaths_2012_2018_a__deaths_2012_2018_a_fair.csv;deaths_2012_2018_a.csv;deaths_2012_2018_8__deaths_2012_2018_a_fair.csv;deaths_2012_2018_5__deaths_2012_2018_a_fair.csv;greener-homes-program-eligible-oil-boilers-english.csv,"{""needs_fairification"": true, ""success"": true, ""swaps_made"": 1, ""initial_fairness"": 0.2639, ""initial_delta"": 0.14, ""dominated_removed_count"": 38, ""dominance_candidate_pool_size"": 44, ""candidates_after_winnow"": 5}"
santos3,nl,deaths_2012_2018_a_fair.csv,10,22,110,10,False,0.1551,0.9,0.4090909090909091,0.45454545454545453,69.56893253326416,69.56893253326416,deaths_2012_2018_a__deaths_2012_2018_a_fair.csv;deaths_2012_2018_a.csv;deaths_2012_2018_8__deaths_2012_2018_a_fair.csv;deaths_2012_2018_5__deaths_2012_2018_a_fair.csv;deaths_2012_2018_6__deaths_2012_2018_a_fair.csv;deaths_2012_2018_9.csv;deaths_2012_2018_8.csv;deaths_2012_2018_3.csv;deaths_2012_2018_4__deaths_2012_2018_a_fair.csv;greener-homes-program-eligible-oil-boilers-english.csv,"{""needs_fairification"": true, ""success"": false, ""swaps_made"": 1, ""initial_fairness"": 0.1407, ""initial_delta"": 0.26, ""dominated_removed_count"": 35, ""dominance_candidate_pool_size"": 39, ""candidates_after_winnow"": 3}"
santos3,nl,deaths_2012_2018_a_fair.csv,20,22,110,20,False,0.0702,1.0,0.9090909090909091,0.9090909090909091,140.96545094251633,140.96545094251633,deaths_2012_2018_a__deaths_2012_2018_a_fair.csv;deaths_2012_2018_a.csv;deaths_2012_2018_6.csv;deaths_2012_2018_8__deaths_2012_2018_a_fair.csv;deaths_2012_2018_5__deaths_2012_2018_a_fair.csv;deaths_2012_2018_6__deaths_2012_2018_a_fair.csv;deaths_2012_2018_9.csv;deaths_2012_2018_8.csv;deaths_2012_2018_3.csv;deaths_2012_2018_4__deaths_2012_2018_a_fair.csv;deaths_2012_2018_7.csv;deaths_2012_2018_7__deaths_2012_2018_a_fair.csv;deaths_2012_2018_1.csv;deaths_2012_2018_3__deaths_2012_2018_a_fair.csv;deaths_2012_2018_4.csv;deaths_2012_2018_1__deaths_2012_2018_a_fair.csv;deaths_2012_2018_5.csv;deaths_2012_2018_9__deaths_2012_2018_a_fair.csv;deaths_2012_2018_2.csv;deaths_2012_2018_2__deaths_2012_2018_a_fair.csv,"{""needs_fairification"": true, ""success"": false, ""swaps_made"": 0, ""initial_fairness"": 0.0702, ""initial_delta"": 0.33, ""dominated_removed_count"": 26, ""dominance_candidate_pool_size"": 29, ""candidates_after_winnow"": 3}"
santos3,nl,ipopayments_a_fair.csv,5,45,105,5,True,1.0,1.0,0.1111111111111111,0.1111111111111111,43.53132230043411,43.53132230043411,ipopayments_a.csv;ipopayments_a__ipopayments_b_fair.csv;ipopayments_a__ipopayments_a_fair.csv;ipopayments_5__ipopayments_b_fair.csv;ipopayments_12__ipopayments_b_fair.csv,"{""needs_fairification"": false, ""success"": true, ""swaps_made"": 0, ""initial_fairness"": 1.0, ""initial_delta"": -0.6}"
santos3,nl,ipopayments_a_fair.csv,10,45,105,10,True,1.0,1.0,0.2222222222222222,0.2222222222222222,84.89081406593323,84.89081406593323,ipopayments_a.csv;ipopayments_a__ipopayments_b_fair.csv;ipopayments_a__ipopayments_a_fair.csv;ipopayments_5__ipopayments_b_fair.csv;ipopayments_12__ipopayments_b_fair.csv;ipopayments_12__ipopayments_a_fair.csv;ipopayments_12.csv;ipopayments_5__ipopayments_a_fair.csv;ipopayments_5.csv;ipopayments_4__ipopayments_b_fair.csv,"{""needs_fairification"": false, ""success"": true, ""swaps_made"": 0, ""initial_fairness"": 1.0, ""initial_delta"": -0.6}"
santos3,nl,ipopayments_a_fair.csv,20,45,105,20,True,0.956,1.0,0.4444444444444444,0.4444444444444444,166.49661934375763,166.49661934375763,ipopayments_a.csv;ipopayments_a__ipopayments_b_fair.csv;ipopayments_a__ipopayments_a_fair.csv;ipopayments_5__ipopayments_b_fair.csv;ipopayments_12__ipopayments_b_fair.csv;ipopayments_12__ipopayments_a_fair.csv;ipopayments_12.csv;ipopayments_5__ipopayments_a_fair.csv;ipopayments_5.csv;ipopayments_4__ipopayments_b_fair.csv;ipopayments_4__ipopayments_a_fair.csv;ipopayments_4.csv;ipopayments_3__ipopayments_b_fair.csv;ipopayments_3__ipopayments_a_fair.csv;ipopayments_3.csv;ipopayments_1__ipopayments_b_fair.csv;ipopayments_1__ipopayments_a_fair.csv;ipopayments_1.csv;ipopayments_7__ipopayments_b_fair.csv;ipopayments_2__ipopayments_a_fair.csv,"{""needs_fairification"": false, ""success"": true, ""swaps_made"": 0, ""initial_fairness"": 0.956, ""initial_delta"": -0.56}"
santos3,nl,civic_building_locations_a_fair.csv,5,20,90,5,True,0.3169,1.0,0.25,0.25,73.30162113904953,73.30162113904953,civic_building_locations_a__civic_building_locations_a_fair.csv;civic_building_locations_6.csv;civic_building_locations_4.csv;civic_building_locations_10__civic_building_locations_a_fair.csv;civic_building_locations_7.csv,"{""needs_fairification"": true, ""success"": true, ""swaps_made"": 4, ""initial_fairness"": 0.0192, ""initial_delta"": 0.38, ""dominated_removed_count"": 73, ""dominance_candidate_pool_size"": 79, ""candidates_after_winnow"": 2}"
santos3,nl,civic_building_locations_a_fair.csv,10,20,90,10,False,0.1369,1.0,0.5,0.5,146.69668412208557,146.69668412208557,civic_building_locations_a__civic_building_locations_a_fair.csv;civic_building_locations_9.csv;civic_building_locations_6__civic_building_locations_a_fair.csv;civic_building_locations_6.csv;civic_building_locations_4__civic_building_locations_a_fair.csv;civic_building_locations_4.csv;civic_building_locations_3.csv;civic_building_locations_10__civic_building_locations_a_fair.csv;civic_building_locations_10.csv;civic_building_locations_7.csv,"{""needs_fairification"": true, ""success"": false, ""swaps_made"": 4, ""initial_fairness"": 0.0121, ""initial_delta"": 0.39, ""dominated_removed_count"": 70, ""dominance_candidate_pool_size"": 74, ""candidates_after_winnow"": 0}"
santos3,nl,civic_building_locations_a_fair.csv,20,20,90,20,False,0.0232,0.95,0.95,1.0,278.44780772924423,278.44780772924423,civic_building_locations_a__civic_building_locations_a_fair.csv;civic_building_locations_a.csv;civic_building_locations_9__civic_building_locations_a_fair.csv;civic_building_locations_9.csv;civic_building_locations_5__civic_building_locations_a_fair.csv;civic_building_locations_5.csv;civic_building_locations_6__civic_building_locations_a_fair.csv;civic_building_locations_6.csv;civic_building_locations_4__civic_building_locations_a_fair.csv;civic_building_locations_4.csv;civic_building_locations_3__civic_building_locations_a_fair.csv;civic_building_locations_3.csv;civic_building_locations_8__civic_building_locations_a_fair.csv;civic_building_locations_8.csv;civic_building_locations_10__civic_building_locations_a_fair.csv;civic_building_locations_10.csv;civic_building_locations_7.csv;civic_building_locations_7__civic_building_locations_a_fair.csv;animal_tag_data_7.csv;civic_building_locations_1.csv,"{""needs_fairification"": true, ""success"": false, ""swaps_made"": 2, ""initial_fairness"": 0.0039, ""initial_delta"": 0.4, ""dominated_removed_count"": 59, ""dominance_candidate_pool_size"": 64, ""candidates_after_winnow"": 3}"
santos3,nl,ipopayments_b_fair.csv,5,45,106,5,True,0.3221,1.0,0.1111111111111111,0.1111111111111111,42.777981996536255,42.777981996536255,ipopayments_b__ipopayments_b_fair.csv;ipopayments_b.csv;ipopayments_7__ipopayments_b_fair.csv;ipopayments_1__ipopayments_b_fair.csv;ipopayments_4__ipopayments_b_fair.csv,"{""needs_fairification"": true, ""success"": true, ""swaps_made"": 1, ""initial_fairness"": 0.2586, ""initial_delta"": 0.14, ""dominated_removed_count"": 87, ""dominance_candidate_pool_size"": 101, ""candidates_after_winnow"": 13}"
santos3,nl,ipopayments_b_fair.csv,10,45,106,10,True,0.2974,1.0,0.2222222222222222,0.2222222222222222,82.57500332593918,82.57500332593918,ipopayments_b__ipopayments_b_fair.csv;ipopayments_7__ipopayments_b_fair.csv;ipopayments_1__ipopayments_b_fair.csv;ipopayments_10__ipopayments_b_fair.csv;ipopayments_10__ipopayments_a_fair.csv;ipopayments_10.csv;ipopayments_1__ipopayments_a_fair.csv;ipopayments_1.csv;ipopayments_4__ipopayments_b_fair.csv;ipopayments_12__ipopayments_b_fair.csv,"{""needs_fairification"": true, ""success"": true, ""swaps_made"": 2, ""initial_fairness"": 0.215, ""initial_delta"": 0.19, ""dominated_removed_count"": 80, ""dominance_candidate_pool_size"": 96, ""candidates_after_winnow"": 14}"
santos3,nl,ipopayments_b_fair.csv,20,45,106,20,True,0.2985,0.75,0.3333333333333333,0.4444444444444444,153.79331254959106,153.79331254959106,ipopayments_b__ipopayments_b_fair.csv;ipopayments_7__ipopayments_b_fair.csv;ipopayments_10__ipopayments_b_fair.csv;ipopayments_1.csv;ipopayments_4__ipopayments_b_fair.csv;ipopayments_7__ipopayments_a_fair.csv;ipopayments_7.csv;ipopayments_a.csv;ipopayments_6__ipopayments_a_fair.csv;ipopayments_6.csv;ipopayments_12__ipopayments_b_fair.csv;ipopayments_3__ipopayments_b_fair.csv;ipopayments_8__ipopayments_b_fair.csv;ipopayments_2__ipopayments_a_fair.csv;ipopayments_5__ipopayments_b_fair.csv;purchasing_card_4__purchasing_card_a_fair.csv;purchasing_card_4.csv;purchasing_card_1.csv;HMRC_exceptions_to_spending_controls_October_to_December_2017_ICT.csv;HMRC_exceptions_to_spending_controls_April_to_June_2019_commercial.csv,"{""needs_fairification"": true, ""success"": true, ""swaps_made"": 10, ""initial_fairness"": 0.1543, ""initial_delta"": 0.25, ""dominated_removed_count"": 70, ""dominance_candidate_pool_size"": 86, ""candidates_after_winnow"": 6}"
santos3,nl,job_pay_scales_a_fair.csv,5,20,127,5,True,0.296,1.0,0.25,0.25,49.87653177976608,49.87653177976608,job_pay_scales_a__job_pay_scales_a_fair.csv;job_pay_scales_1__job_pay_scales_a_fair.csv;job_pay_scales_a.csv;job_pay_scales_1.csv;job_pay_scales_0.csv,"{""needs_fairification"": false, ""success"": true, ""swaps_made"": 0, ""initial_fairness"": 0.296, ""initial_delta"": 0.1}"
santos3,nl,job_pay_scales_a_fair.csv,10,20,127,10,False,0.1782,0.9,0.45,0.5,95.18687629699707,95.18687629699707,job_pay_scales_a__job_pay_scales_a_fair.csv;job_pay_scales_1__job_pay_scales_a_fair.csv;job_pay_scales_a.csv;job_pay_scales_1.csv;job_pay_scales_0__job_pay_scales_a_fair.csv;job_pay_scales_6__job_pay_scales_a_fair.csv;job_pay_scales_6.csv;job_pay_scales_8__job_pay_scales_a_fair.csv;job_pay_scales_8.csv;advertising-july-sept2015.csv,"{""needs_fairification"": true, ""success"": false, ""swaps_made"": 1, ""initial_fairness"": 0.1657, ""initial_delta"": 0.23, ""dominated_removed_count"": 65, ""dominance_candidate_pool_size"": 67, ""candidates_after_winnow"": 1}"
santos3,nl,job_pay_scales_a_fair.csv,20,20,127,20,False,0.0091,1.0,1.0,1.0,189.78355956077576,189.78355956077576,job_pay_scales_a__job_pay_scales_a_fair.csv;job_pay_scales_1__job_pay_scales_a_fair.csv;job_pay_scales_a.csv;job_pay_scales_1.csv;job_pay_scales_0.csv;job_pay_scales_0__job_pay_scales_a_fair.csv;job_pay_scales_6__job_pay_scales_a_fair.csv;job_pay_scales_6.csv;job_pay_scales_8__job_pay_scales_a_fair.csv;job_pay_scales_8.csv;job_pay_scales_4__job_pay_scales_a_fair.csv;job_pay_scales_4.csv;job_pay_scales_3.csv;job_pay_scales_9__job_pay_scales_a_fair.csv;job_pay_scales_3__job_pay_scales_a_fair.csv;job_pay_scales_9.csv;job_pay_scales_12__job_pay_scales_a_fair.csv;job_pay_scales_12.csv;job_pay_scales_10__job_pay_scales_a_fair.csv;job_pay_scales_10.csv,"{""needs_fairification"": true, ""success"": false, ""swaps_made"": 0, ""initial_fairness"": 0.0091, ""initial_delta"": 0.39, ""dominated_removed_count"": 53, ""dominance_candidate_pool_size"": 57, ""candidates_after_winnow"": 4}"
santos3,nl,minister_meetings_a_fair.csv,5,8,151,5,True,0.3377,1.0,0.625,0.625,23.80629140138626,23.80629140138626,minister_meetings_a__minister_meetings_a_fair.csv;minister_meetings_a.csv;minister_meetings_9__minister_meetings_a_fair.csv;minister_meetings_9.csv;minister_meetings_8__minister_meetings_a_fair.csv,"{""needs_fairification"": false, ""success"": true, ""swaps_made"": 0, ""initial_fairness"": 0.3377, ""initial_delta"": 0.06}"
santos3,nl,minister_meetings_a_fair.csv,10,8,151,10,True,0.2972,0.8,1.0,1.0,44.38558930158615,44.38558930158615,minister_meetings_a__minister_meetings_a_fair.csv;minister_meetings_a.csv;minister_meetings_9__minister_meetings_a_fair.csv;minister_meetings_9.csv;minister_meetings_8__minister_meetings_a_fair.csv;minister_meetings_8.csv;minister_meetings_0__minister_meetings_a_fair.csv;minister_meetings_0.csv;advertising-July-Sept-2018.csv;HMRC_exceptions_to_spending_controls_October_to_December_2017_property.csv,"{""needs_fairification"": false, ""success"": true, ""swaps_made"": 0, ""initial_fairness"": 0.2972, ""initial_delta"": 0.1}"
santos3,nl,minister_meetings_a_fair.csv,20,8,151,20,False,0.0054,0.4,1.0,1.0,80.23701906204224,80.23701906204224,minister_meetings_a__minister_meetings_a_fair.csv;minister_meetings_a.csv;minister_meetings_9__minister_meetings_a_fair.csv;minister_meetings_9.csv;minister_meetings_8__minister_meetings_a_fair.csv;minister_meetings_8.csv;minister_meetings_0__minister_meetings_a_fair.csv;minister_meetings_0.csv;advertising-July-Sept-2018.csv;HMRC_exceptions_to_spending_controls_October_to_December_2017_property.csv;film_locations_in_san_francisco_2.csv;HMRC_Officials_meetings_with_tobacco_stakeholders_Jan_2020_to_Mar_2020.csv;advertising-july-sept2015.csv;HMRC_Officials_meetings_with_tobacco_stakeholders_Jul_2014_to_Sept_2014.csv;abandoned_wells_a__abandoned_wells_a_fair.csv;abandoned_wells_a.csv;HMRC_Officials_meetings_with_tobacco_stakeholders_Apr_2015_to_Jun_2015.csv;HMRC_exceptions_to_spending_controls_April_to_June_2019_consultancy.csv;film_locations_in_san_francisco_a.csv;contributors_parties_17__contributors_parties_b_fair.csv,"{""needs_fairification"": true, ""success"": false, ""swaps_made"": 0, ""initial_fairness"": 0.0054, ""initial_delta"": 0.39, ""dominated_removed_count"": 126, ""dominance_candidate_pool_size"": 131, ""candidates_after_winnow"": 5}"
santos3,nl,mines_a_fair.csv,5,29,126,5,True,0.3152,1.0,0.1724137931034483,0.1724137931034483,39.17492228746414,39.17492228746414,mines_a__mines_a_fair.csv;mines_2__mines_b_fair.csv;mines_2__mines_a_fair.csv;mines_2.csv;mines_4__mines_a_fair.csv,"{""needs_fairification"": true, ""success"": true, ""swaps_made"": 1, ""initial_fairness"": 0.2633, ""initial_delta"": 0.14, ""dominated_removed_count"": 97, ""dominance_candidate_pool_size"": 110, ""candidates_after_winnow"": 12}"
santos3,nl,mines_a_fair.csv,10,29,126,10,True,0.3072,1.0,0.3448275862068966,0.3448275862068966,77.1846045255661,77.1846045255661,mines_a__mines_a_fair.csv;mines_2__mines_a_fair.csv;mines_2.csv;mines_1__mines_b_fair.csv;mines_1__mines_a_fair.csv;mines_1.csv;mines_4__mines_b_fair.csv;mines_4__mines_a_fair.csv;mines_5__mines_a_fair.csv;mines_7__mines_a_fair.csv,"{""needs_fairification"": true, ""success"": true, ""swaps_made"": 2, ""initial_fairness"": 0.2447, ""initial_delta"": 0.16, ""dominated_removed_count"": 90, ""dominance_candidate_pool_size"": 105, ""candidates_after_winnow"": 13}"
santos3,nl,mines_a_fair.csv,20,29,126,20,True,0.3092,0.75,0.5172413793103449,0.6896551724137931,143.35038024187088,143.35038024187088,mines_a__mines_a_fair.csv;mines_2__mines_a_fair.csv;mines_2.csv;mines_1__mines_a_fair.csv;mines_1.csv;mines_4__mines_a_fair.csv;mines_3__mines_a_fair.csv;mines_0__mines_a_fair.csv;mines_0.csv;mines_8__mines_b_fair.csv;mines_8.csv;mines_5__mines_b_fair.csv;mines_5__mines_a_fair.csv;mines_7__mines_a_fair.csv;mines_6.csv;mines_10__mines_b_fair.csv;mines_11__mines_b_fair.csv;mines_10.csv;mines_11.csv;HMRC_Officials_meetings_with_tobacco_stakeholders_Apr_2015_to_Jun_2015.csv,"{""needs_fairification"": true, ""success"": true, ""swaps_made"": 8, ""initial_fairness"": 0.1986, ""initial_delta"": 0.2, ""dominated_removed_count"": 83, ""dominance_candidate_pool_size"": 95, ""candidates_after_winnow"": 4}"
santos3,nl,mines_b_fair.csv,5,35,133,5,True,0.3152,1.0,0.14285714285714285,0.14285714285714285,37.091349720954895,37.091349720954895,mines_b__mines_b_fair.csv;mines_b.csv;mines_9.csv;mines_9__mines_b_fair.csv;mines_10__mines_b_fair.csv,"{""needs_fairification"": false, ""success"": true, ""swaps_made"": 0, ""initial_fairness"": 0.3152, ""initial_delta"": 0.08}"
santos3,nl,mines_b_fair.csv,10,35,133,10,False,0.1904,0.8,0.22857142857142856,0.2857142857142857,64.22711306810379,64.22711306810379,mines_b__mines_b_fair.csv;mines_b.csv;mines_9.csv;mines_9__mines_b_fair.csv;mines_10__mines_b_fair.csv;mines_10.csv;mines_11.csv;mines_11__mines_b_fair.csv;psyckes_antipsychotic_polypharmacy_quality_indicators_beginning_2012_7__psyckes_antipsychotic_polypharmacy_quality_indicators_beginning_2012_a_fair.csv;minister_meetings_8.csv,"{""needs_fairification"": true, ""success"": false, ""swaps_made"": 3, ""initial_fairness"": 0.0659, ""initial_delta"": 0.33, ""dominated_removed_count"": 114, ""dominance_candidate_pool_size"": 123, ""candidates_after_winnow"": 6}"
santos3,nl,mines_b_fair.csv,20,35,133,20,False,0.0198,0.85,0.4857142857142857,0.5714285714285714,129.5853021144867,129.5853021144867,mines_b__mines_b_fair.csv;mines_b.csv;mines_9.csv;mines_9__mines_b_fair.csv;mines_10__mines_b_fair.csv;mines_10.csv;mines_1__mines_b_fair.csv;mines_1__mines_a_fair.csv;mines_1.csv;mines_11.csv;mines_a__mines_a_fair.csv;mines_a.csv;mines_11__mines_b_fair.csv;mines_4__mines_b_fair.csv;mines_4__mines_a_fair.csv;mines_4.csv;mines_2__mines_b_fair.csv;mines_2__mines_a_fair.csv;mines_2.csv;oil_and_gas_summary_production_data_1967_1999_2.csv,"{""needs_fairification"": true, ""success"": false, ""swaps_made"": 0, ""initial_fairness"": 0.0198, ""initial_delta"": 0.38, ""dominated_removed_count"": 99, ""dominance_candidate_pool_size"": 113, ""candidates_after_winnow"": 14}"
santos3,nl,lane_description_a_fair.csv,5,48,65,5,True,0.3373,1.0,0.10416666666666667,0.10416666666666667,68.7126345038414,68.7126345038414,lane_description_a__lane_description_a_fair.csv;lane_description_a.csv;lane_description_1__lane_description_b_fair.csv;lane_description_1__lane_description_a_fair.csv;lane_description_3__lane_description_a_fair.csv,"{""needs_fairification"": true, ""success"": true, ""swaps_made"": 1, ""initial_fairness"": 0.2678, ""initial_delta"": 0.13, ""dominated_removed_count"": 43, ""dominance_candidate_pool_size"": 60, ""candidates_after_winnow"": 16}"
santos3,nl,lane_description_a_fair.csv,10,48,65,10,True,0.3293,1.0,0.20833333333333334,0.20833333333333334,135.78196275234222,135.78196275234222,lane_description_a__lane_description_a_fair.csv;lane_description_1__lane_description_a_fair.csv;lane_description_1.csv;lane_description_7__lane_description_b_fair.csv;lane_description_7__lane_description_a_fair.csv;lane_description_7.csv;lane_description_3__lane_description_b_fair.csv;lane_description_3__lane_description_a_fair.csv;lane_description_4__lane_description_a_fair.csv;lane_description_0__lane_description_a_fair.csv,"{""needs_fairification"": true, ""success"": true, ""swaps_made"": 3, ""initial_fairness"": 0.1648, ""initial_delta"": 0.24, ""dominated_removed_count"": 41, ""dominance_candidate_pool_size"": 55, ""candidates_after_winnow"": 11}"
santos3,nl,lane_description_a_fair.csv,20,48,65,20,True,0.2991,1.0,0.4166666666666667,0.4166666666666667,269.4449902176857,269.4449902176857,lane_description_a__lane_description_a_fair.csv;lane_description_1__lane_description_a_fair.csv;lane_description_7__lane_description_b_fair.csv;lane_description_7__lane_description_a_fair.csv;lane_description_7.csv;lane_description_3__lane_description_b_fair.csv;lane_description_3__lane_description_a_fair.csv;lane_description_3.csv;lane_description_8__lane_description_b_fair.csv;lane_description_8__lane_description_a_fair.csv;lane_description_8.csv;lane_description_2__lane_description_a_fair.csv;lane_description_2.csv;lane_description_13__lane_description_b_fair.csv;lane_description_13__lane_description_a_fair.csv;lane_description_4__lane_description_b_fair.csv;lane_description_4__lane_description_a_fair.csv;lane_description_0__lane_description_a_fair.csv;lane_description_9__lane_description_a_fair.csv;lane_description_11__lane_description_a_fair.csv,"{""needs_fairification"": true, ""success"": true, ""swaps_made"": 4, ""initial_fairness"": 0.2109, ""initial_delta"": 0.19, ""dominated_removed_count"": 33, ""dominance_candidate_pool_size"": 45, ""candidates_after_winnow"": 8}"
santos3,nl,new_york_city_restaurant_inspection_results_a_fair.csv,5,62,113,5,True,0.3259,1.0,0.08064516129032258,0.08064516129032258,38.20899015665054,38.20899015665054,new_york_city_restaurant_inspection_results_a__new_york_city_restaurant_inspection_results_a_fair.csv;new_york_city_restaurant_inspection_results_a.csv;new_york_city_restaurant_inspection_results_9__new_york_city_restaurant_inspection_results_a_fair.csv;new_york_city_restaurant_inspection_results_9.csv;new_york_city_restaurant_inspection_results_2__new_york_city_restaurant_inspection_results_a_fair.csv,"{""needs_fairification"": false, ""success"": true, ""swaps_made"": 0, ""initial_fairness"": 0.3259, ""initial_delta"": 0.07}"
santos3,nl,new_york_city_restaurant_inspection_results_a_fair.csv,10,62,113,10,True,0.3096,1.0,0.16129032258064516,0.16129032258064516,74.08720445632935,74.08720445632935,new_york_city_restaurant_inspection_results_a__new_york_city_restaurant_inspection_results_a_fair.csv;new_york_city_restaurant_inspection_results_a.csv;new_york_city_restaurant_inspection_results_9__new_york_city_restaurant_inspection_results_a_fair.csv;new_york_city_restaurant_inspection_results_9.csv;new_york_city_restaurant_inspection_results_2__new_york_city_restaurant_inspection_results_a_fair.csv;new_york_city_restaurant_inspection_results_2.csv;new_york_city_restaurant_inspection_results_7__new_york_city_restaurant_inspection_results_a_fair.csv;new_york_city_restaurant_inspection_results_7.csv;new_york_city_restaurant_inspection_results_5__new_york_city_restaurant_inspection_results_a_fair.csv;new_york_city_restaurant_inspection_results_8.csv,"{""needs_fairification"": false, ""success"": true, ""swaps_made"": 0, ""initial_fairness"": 0.3096, ""initial_delta"": 0.09}"
santos3,nl,new_york_city_restaurant_inspection_results_a_fair.csv,20,62,113,20,True,0.3247,0.95,0.3064516129032258,0.3225806451612903,137.72880440950394,137.72880440950394,new_york_city_restaurant_inspection_results_a__new_york_city_restaurant_inspection_results_a_fair.csv;new_york_city_restaurant_inspection_results_9__new_york_city_restaurant_inspection_results_a_fair.csv;new_york_city_restaurant_inspection_results_9.csv;new_york_city_restaurant_inspection_results_2__new_york_city_restaurant_inspection_results_a_fair.csv;new_york_city_restaurant_inspection_results_2.csv;new_york_city_restaurant_inspection_results_7__new_york_city_restaurant_inspection_results_a_fair.csv;new_york_city_restaurant_inspection_results_7.csv;new_york_city_restaurant_inspection_results_5__new_york_city_restaurant_inspection_results_a_fair.csv;new_york_city_restaurant_inspection_results_8.csv;new_york_city_restaurant_inspection_results_8__new_york_city_restaurant_inspection_results_a_fair.csv;new_york_city_restaurant_inspection_results_6__new_york_city_restaurant_inspection_results_a_fair.csv;new_york_city_restaurant_inspection_results_5.csv;new_york_city_restaurant_inspection_results_6.csv;new_york_city_restaurant_inspection_results_4__new_york_city_restaurant_inspection_results_a_fair.csv;new_york_city_restaurant_inspection_results_4.csv;wholesale_markets_a.csv;new_york_city_restaurant_inspection_results_3.csv;new_york_city_restaurant_inspection_results_3__new_york_city_restaurant_inspection_results_a_fair.csv;new_york_city_restaurant_inspection_results_22__new_york_city_restaurant_inspection_results_a_fair.csv;new_york_city_restaurant_inspection_results_27__new_york_city_restaurant_inspection_results_a_fair.csv,"{""needs_fairification"": true, ""success"": true, ""swaps_made"": 2, ""initial_fairness"": 0.2332, ""initial_delta"": 0.17, ""dominated_removed_count"": 82, ""dominance_candidate_pool_size"": 93, ""candidates_after_winnow"": 9}"
santos3,nl,oil_and_gas_summary_production_data_1967_1999_a_fair.csv,5,22,138,5,True,0.3004,1.0,0.22727272727272727,0.22727272727272727,40.68866968154907,40.68866968154907,oil_and_gas_summary_production_data_1967_1999_a__oil_and_gas_summary_production_data_1967_1999_a_fair.csv;oil_and_gas_summary_production_data_1967_1999_a.csv;oil_and_gas_summary_production_data_1967_1999_8.csv;oil_and_gas_summary_production_data_1967_1999_8__oil_and_gas_summary_production_data_1967_1999_a_fair.csv;oil_and_gas_summary_production_data_1967_1999_5__oil_and_gas_summary_production_data_1967_1999_a_fair.csv,"{""needs_fairification"": false, ""success"": true, ""swaps_made"": 0, ""initial_fairness"": 0.3004, ""initial_delta"": 0.1}"
santos3,nl,oil_and_gas_summary_production_data_1967_1999_a_fair.csv,10,22,138,10,True,0.2988,0.8,0.36363636363636365,0.45454545454545453,67.60335862636566,67.60335862636566,oil_and_gas_summary_production_data_1967_1999_a__oil_and_gas_summary_production_data_1967_1999_a_fair.csv;oil_and_gas_summary_production_data_1967_1999_8__oil_and_gas_summary_production_data_1967_1999_a_fair.csv;oil_and_gas_summary_production_data_1967_1999_5.csv;oil_and_gas_summary_production_data_1967_1999_7__oil_and_gas_summary_production_data_1967_1999_a_fair.csv;oil_and_gas_summary_production_data_1967_1999_7.csv;oil_and_gas_summary_production_data_1967_1999_9.csv;oil_and_gas_summary_production_data_1967_1999_0__oil_and_gas_summary_production_data_1967_1999_a_fair.csv;oil_and_gas_summary_production_data_1967_1999_9__oil_and_gas_summary_production_data_1967_1999_a_fair.csv;abandoned_wells_a__abandoned_wells_a_fair.csv;analytics-inmedia-complet-principaux-evenements-20190401-20190430.csv,"{""needs_fairification"": true, ""success"": true, ""swaps_made"": 3, ""initial_fairness"": 0.2392, ""initial_delta"": 0.16, ""dominated_removed_count"": 115, ""dominance_candidate_pool_size"": 128, ""candidates_after_winnow"": 10}"
santos3,nl,oil_and_gas_summary_production_data_1967_1999_a_fair.csv,20,22,138,20,True,0.3014,0.4,0.36363636363636365,0.9090909090909091,124.1220514178276,124.1220514178276,oil_and_gas_summary_production_data_1967_1999_a__oil_and_gas_summary_production_data_1967_1999_a_fair.csv;oil_and_gas_summary_production_data_1967_1999_8__oil_and_gas_summary_production_data_1967_1999_a_fair.csv;oil_and_gas_summary_production_data_1967_1999_7__oil_and_gas_summary_production_data_1967_1999_a_fair.csv;oil_and_gas_summary_production_data_1967_1999_7.csv;oil_and_gas_summary_production_data_1967_1999_9__oil_and_gas_summary_production_data_1967_1999_a_fair.csv;abandoned_wells_8.csv;abandoned_wells_8__abandoned_wells_a_fair.csv;oil_and_gas_summary_production_data_1967_1999_1.csv;oil_and_gas_summary_production_data_1967_1999_2.csv;abandoned_wells_9.csv;abandoned_wells_9__abandoned_wells_a_fair.csv;oil_and_gas_summary_production_data_1967_1999_6__oil_and_gas_summary_production_data_1967_1999_a_fair.csv;practice_reference_3__practice_reference_a_fair.csv;practice_reference_8__practice_reference_a_fair.csv;practice_reference_10.csv;practice_reference_4.csv;practice_reference_a.csv;abandoned_wells_a__abandoned_wells_a_fair.csv;analytics-inmedia-complet-principaux-evenements-20190401-20190430.csv;analytics-numerique-complet-principaux-evenements-20210601-20210630.csv,"{""needs_fairification"": true, ""success"": true, ""swaps_made"": 9, ""initial_fairness"": 0.1801, ""initial_delta"": 0.22, ""dominated_removed_count"": 105, ""dominance_candidate_pool_size"": 118, ""candidates_after_winnow"": 4}"
santos3,nl,practice_reference_a_fair.csv,5,45,112,5,True,0.3058,1.0,0.1111111111111111,0.1111111111111111,39.967798352241516,39.967798352241516,practice_reference_a__practice_reference_b_fair.csv;practice_reference_a__practice_reference_a_fair.csv;practice_reference_a.csv;practice_reference_9__practice_reference_b_fair.csv;practice_reference_9__practice_reference_a_fair.csv,"{""needs_fairification"": false, ""success"": true, ""swaps_made"": 0, ""initial_fairness"": 0.3058, ""initial_delta"": 0.09}"
santos3,nl,practice_reference_a_fair.csv,10,45,112,10,True,0.313,1.0,0.2222222222222222,0.2222222222222222,78.86754602193832,78.86754602193832,practice_reference_a__practice_reference_a_fair.csv;practice_reference_a.csv;practice_reference_9__practice_reference_b_fair.csv;practice_reference_9__practice_reference_a_fair.csv;practice_reference_9.csv;practice_reference_10__practice_reference_b_fair.csv;practice_reference_10__practice_reference_a_fair.csv;practice_reference_10.csv;practice_reference_3.csv;practice_reference_1__practice_reference_a_fair.csv,"{""needs_fairification"": true, ""success"": true, ""swaps_made"": 1, ""initial_fairness"": 0.2869, ""initial_delta"": 0.11, ""dominated_removed_count"": 91, ""dominance_candidate_pool_size"": 102, ""candidates_after_winnow"": 10}"
santos3,nl,practice_reference_a_fair.csv,20,45,112,20,True,0.3008,1.0,0.4444444444444444,0.4444444444444444,156.76560246944427,156.76560246944427,practice_reference_a__practice_reference_a_fair.csv;practice_reference_9__practice_reference_b_fair.csv;practice_reference_9__practice_reference_a_fair.csv;practice_reference_9.csv;practice_reference_10__practice_reference_b_fair.csv;practice_reference_10__practice_reference_a_fair.csv;practice_reference_10.csv;practice_reference_3.csv;practice_reference_8.csv;practice_reference_3__practice_reference_b_fair.csv;practice_reference_4.csv;practice_reference_8__practice_reference_b_fair.csv;practice_reference_3__practice_reference_a_fair.csv;practice_reference_4__practice_reference_b_fair.csv;practice_reference_4__practice_reference_a_fair.csv;practice_reference_8__practice_reference_a_fair.csv;practice_reference_7__practice_reference_b_fair.csv;practice_reference_7.csv;practice_reference_12__practice_reference_a_fair.csv;practice_reference_1__practice_reference_a_fair.csv,"{""needs_fairification"": true, ""success"": true, ""swaps_made"": 2, ""initial_fairness"": 0.2781, ""initial_delta"": 0.12, ""dominated_removed_count"": 82, ""dominance_candidate_pool_size"": 92, ""candidates_after_winnow"": 8}"
santos3,nl,data_mill_a_fair.csv,5,10,73,5,True,0.3028,0.8,0.4,0.5,92.14266812801361,92.14266812801361,data_mill_a__data_mill_a_fair.csv;data_mill_9__data_mill_a_fair.csv;data_mill_9.csv;data_mill_b__data_mill_b_fair.csv;data_mill_0__data_mill_a_fair.csv,"{""needs_fairification"": true, ""success"": true, ""swaps_made"": 1, ""initial_fairness"": 0.2455, ""initial_delta"": 0.15, ""dominated_removed_count"": 59, ""dominance_candidate_pool_size"": 68, ""candidates_after_winnow"": 8}"
santos3,nl,data_mill_a_fair.csv,10,10,73,10,True,0.2992,0.6,0.6,1.0,150.63353163003922,150.63353163003922,data_mill_a__data_mill_a_fair.csv;data_mill_9__data_mill_a_fair.csv;data_mill_5.csv;data_mill_10.csv;data_mill_0__data_mill_a_fair.csv;data_mill_0.csv;stockport_contracts_0.csv;civic_building_locations_7__civic_building_locations_a_fair.csv;civic_building_locations_7.csv;HMRC_exceptions_to_spending_controls_October_to_December_2017_ICT.csv,"{""needs_fairification"": true, ""success"": true, ""swaps_made"": 6, ""initial_fairness"": 0.143, ""initial_delta"": 0.26, ""dominated_removed_count"": 57, ""dominance_candidate_pool_size"": 63, ""candidates_after_winnow"": 0}"
santos3,nl,data_mill_a_fair.csv,20,10,73,20,False,0.2497,0.35,0.7,1.0,264.1903392672539,264.1903392672539,data_mill_a__data_mill_a_fair.csv;data_mill_9__data_mill_a_fair.csv;data_mill_5.csv;data_mill_10__data_mill_a_fair.csv;data_mill_10.csv;data_mill_0__data_mill_a_fair.csv;data_mill_0.csv;stockport_contracts_0.csv;civic_building_locations_7__civic_building_locations_a_fair.csv;stockport_contracts_9__stockport_contracts_b_fair.csv;stockport_contracts_9.csv;civic_building_locations_7.csv;stockport_contracts_1.csv;stockport_contracts_0__stockport_contracts_b_fair.csv;civic_building_locations_3__civic_building_locations_a_fair.csv;civic_building_locations_3.csv;civic_building_locations_6.csv;civic_building_locations_a.csv;HMRC_exceptions_to_spending_controls_October_to_December_2017_property.csv;HMRC_exceptions_to_spending_controls_October_to_December_2017_ICT.csv,"{""needs_fairification"": true, ""success"": false, ""swaps_made"": 5, ""initial_fairness"": 0.1608, ""initial_delta"": 0.24, ""dominated_removed_count"": 48, ""dominance_candidate_pool_size"": 53, ""candidates_after_winnow"": 0}"
santos3,nl,monthly_data_feed_b_fair.csv,5,6,68,5,True,0.33,0.2,0.16666666666666666,0.8333333333333334,38.5014129281044,38.5014129281044,monthly_data_feed_b__monthly_data_feed_b_fair.csv;monthly_data_feed_3.csv;practice_reference_11__practice_reference_a_fair.csv;practice_reference_11.csv;field-operations-staff-hours-march-2020-to-february-2021.csv,"{""needs_fairification"": true, ""success"": true, ""swaps_made"": 3, ""initial_fairness"": 0.2365, ""initial_delta"": 0.16, ""dominated_removed_count"": 50, ""dominance_candidate_pool_size"": 63, ""candidates_after_winnow"": 10}"
santos3,nl,monthly_data_feed_b_fair.csv,10,6,68,10,False,0.1895,0.3,0.5,1.0,95.1007576584816,95.1007576584816,monthly_data_feed_b__monthly_data_feed_b_fair.csv;monthly_data_feed_b__monthly_data_feed_a_fair.csv;monthly_data_feed_b.csv;monthly_data_feed_10.csv;monthly_data_feed_7__monthly_data_feed_a_fair.csv;lane_description_12__lane_description_b_fair.csv;lane_description_12.csv;practice_reference_11__practice_reference_a_fair.csv;practice_reference_11.csv;field-operations-staff-hours-march-2020-to-february-2021.csv,"{""needs_fairification"": true, ""success"": false, ""swaps_made"": 5, ""initial_fairness"": 0.1306, ""initial_delta"": 0.27, ""dominated_removed_count"": 48, ""dominance_candidate_pool_size"": 58, ""candidates_after_winnow"": 5}"
santos3,nl,monthly_data_feed_b_fair.csv,20,6,68,20,False,0.0657,0.15,0.5,1.0,222.46246993541718,222.46246993541718,monthly_data_feed_b__monthly_data_feed_b_fair.csv;monthly_data_feed_b__monthly_data_feed_a_fair.csv;monthly_data_feed_b.csv;monthly_data_feed_3__monthly_data_feed_a_fair.csv;monthly_data_feed_3.csv;monthly_data_feed_5__monthly_data_feed_a_fair.csv;monthly_data_feed_5.csv;monthly_data_feed_10__monthly_data_feed_a_fair.csv;monthly_data_feed_10.csv;monthly_data_feed_7__monthly_data_feed_a_fair.csv;monthly_data_feed_7.csv;monthly_data_feed_2__monthly_data_feed_a_fair.csv;monthly_data_feed_2.csv;monthly_data_feed_1__monthly_data_feed_a_fair.csv;monthly_data_feed_1.csv;lane_description_9__lane_description_b_fair.csv;lane_description_9.csv;lane_description_6__lane_description_b_fair.csv;lane_description_6__lane_description_a_fair.csv;field-operations-staff-hours-march-2020-to-february-2021.csv,"{""needs_fairification"": true, ""success"": false, ""swaps_made"": 1, ""initial_fairness"": 0.0584, ""initial_delta"": 0.34, ""dominated_removed_count"": 40, ""dominance_candidate_pool_size"": 48, ""candidates_after_winnow"": 7}"
santos3,nl,data_mill_b_fair.csv,5,2,70,5,True,0.3085,0.2,0.5,1.0,71.16136825084686,71.16136825084686,data_mill_b__data_mill_b_fair.csv;data_mill_9__data_mill_a_fair.csv;civic_building_locations_7__civic_building_locations_a_fair.csv;civic_building_locations_7.csv;HMRC_exceptions_to_spending_controls_October_to_December_2017_ICT.csv,"{""needs_fairification"": true, ""success"": true, ""swaps_made"": 3, ""initial_fairness"": 0.1833, ""initial_delta"": 0.22, ""dominated_removed_count"": 54, ""dominance_candidate_pool_size"": 61, ""candidates_after_winnow"": 4}"
santos3,nl,data_mill_b_fair.csv,10,2,70,10,False,0.1527,0.1,0.5,1.0,157.172785282135,157.172785282135,data_mill_b__data_mill_b_fair.csv;data_mill_9.csv;data_mill_5__data_mill_a_fair.csv;data_mill_5.csv;data_mill_10__data_mill_a_fair.csv;data_mill_10.csv;data_mill_0.csv;civic_building_locations_7__civic_building_locations_a_fair.csv;civic_building_locations_7.csv;HMRC_exceptions_to_spending_controls_October_to_December_2017_ICT.csv,"{""needs_fairification"": true, ""success"": false, ""swaps_made"": 4, ""initial_fairness"": 0.1085, ""initial_delta"": 0.29, ""dominated_removed_count"": 52, ""dominance_candidate_pool_size"": 56, ""candidates_after_winnow"": 0}"
santos3,nl,data_mill_b_fair.csv,20,2,70,20,False,0.1411,0.05,0.5,1.0,267.4277503490448,267.4277503490448,data_mill_b__data_mill_b_fair.csv;data_mill_5__data_mill_a_fair.csv;data_mill_5.csv;data_mill_10__data_mill_a_fair.csv;data_mill_10.csv;data_mill_0__data_mill_a_fair.csv;data_mill_0.csv;civic_building_locations_7__civic_building_locations_a_fair.csv;stockport_contracts_0.csv;civic_building_locations_7.csv;stockport_contracts_9__stockport_contracts_b_fair.csv;stockport_contracts_9.csv;stockport_contracts_1.csv;stockport_contracts_0__stockport_contracts_b_fair.csv;civic_building_locations_3__civic_building_locations_a_fair.csv;civic_building_locations_3.csv;civic_building_locations_6.csv;civic_building_locations_a.csv;HMRC_exceptions_to_spending_controls_October_to_December_2017_property.csv;HMRC_exceptions_to_spending_controls_October_to_December_2017_ICT.csv,"{""needs_fairification"": true, ""success"": false, ""swaps_made"": 5, ""initial_fairness"": 0.0918, ""initial_delta"": 0.31, ""dominated_removed_count"": 41, ""dominance_candidate_pool_size"": 46, ""candidates_after_winnow"": 0}"
santos3,nl,practice_reference_b_fair.csv,5,45,112,5,True,0.3136,1.0,0.1111111111111111,0.1111111111111111,34.53716838359833,34.53716838359833,practice_reference_b__practice_reference_b_fair.csv;practice_reference_b__practice_reference_a_fair.csv;practice_reference_b.csv;practice_reference_a__practice_reference_b_fair.csv;practice_reference_a__practice_reference_a_fair.csv,"{""needs_fairification"": false, ""success"": true, ""swaps_made"": 0, ""initial_fairness"": 0.3136, ""initial_delta"": 0.09}"
santos3,nl,practice_reference_b_fair.csv,10,45,112,10,True,0.3152,1.0,0.2222222222222222,0.2222222222222222,67.83683854341507,67.83683854341507,practice_reference_b__practice_reference_b_fair.csv;practice_reference_b.csv;practice_reference_a__practice_reference_b_fair.csv;practice_reference_a__practice_reference_a_fair.csv;practice_reference_a.csv;practice_reference_3__practice_reference_b_fair.csv;practice_reference_3.csv;practice_reference_3__practice_reference_a_fair.csv;practice_reference_9__practice_reference_b_fair.csv;practice_reference_2__practice_reference_b_fair.csv,"{""needs_fairification"": true, ""success"": true, ""swaps_made"": 1, ""initial_fairness"": 0.2891, ""initial_delta"": 0.11, ""dominated_removed_count"": 93, ""dominance_candidate_pool_size"": 102, ""candidates_after_winnow"": 8}"
santos3,nl,practice_reference_b_fair.csv,20,45,112,20,True,0.2999,0.95,0.4222222222222222,0.4444444444444444,131.0002344250679,131.0002344250679,practice_reference_b__practice_reference_b_fair.csv;practice_reference_a__practice_reference_b_fair.csv;practice_reference_a.csv;practice_reference_3__practice_reference_b_fair.csv;practice_reference_3__practice_reference_a_fair.csv;practice_reference_9__practice_reference_b_fair.csv;practice_reference_9__practice_reference_a_fair.csv;practice_reference_9.csv;practice_reference_8.csv;practice_reference_10__practice_reference_b_fair.csv;practice_reference_10__practice_reference_a_fair.csv;practice_reference_10.csv;practice_reference_8__practice_reference_a_fair.csv;practice_reference_8__practice_reference_b_fair.csv;practice_reference_4.csv;practice_reference_4__practice_reference_b_fair.csv;practice_reference_7__practice_reference_b_fair.csv;practice_reference_11__practice_reference_b_fair.csv;practice_reference_2__practice_reference_b_fair.csv;minister_meetings_9.csv,"{""needs_fairification"": true, ""success"": true, ""swaps_made"": 4, ""initial_fairness"": 0.2521, ""initial_delta"": 0.15, ""dominated_removed_count"": 82, ""dominance_candidate_pool_size"": 92, ""candidates_after_winnow"": 6}"
santos3,nl,psyckes_antipsychotic_polypharmacy_quality_indicators_beginning_2012_a_fair.csv,5,22,129,5,True,0.527,0.6,0.13636363636363635,0.22727272727272727,32.59665638208389,32.59665638208389,psyckes_antipsychotic_polypharmacy_quality_indicators_beginning_2012_a__psyckes_antipsychotic_polypharmacy_quality_indicators_beginning_2012_a_fair.csv;psyckes_antipsychotic_polypharmacy_quality_indicators_beginning_2012_a.csv;oil_and_gas_summary_production_data_1967_1999_6.csv;psyckes_antipsychotic_polypharmacy_quality_indicators_beginning_2012_5.csv;report_card_discipline_for_2015_16_a.csv,"{""needs_fairification"": false, ""success"": true, ""swaps_made"": 0, ""initial_fairness"": 0.527, ""initial_delta"": -0.13}"
santos3,nl,psyckes_antipsychotic_polypharmacy_quality_indicators_beginning_2012_a_fair.csv,10,22,129,10,True,0.3632,0.5,0.22727272727272727,0.45454545454545453,59.91940349340439,59.91940349340439,psyckes_antipsychotic_polypharmacy_quality_indicators_beginning_2012_a__psyckes_antipsychotic_polypharmacy_quality_indicators_beginning_2012_a_fair.csv;psyckes_antipsychotic_polypharmacy_quality_indicators_beginning_2012_a.csv;oil_and_gas_summary_production_data_1967_1999_6.csv;psyckes_antipsychotic_polypharmacy_quality_indicators_beginning_2012_5.csv;report_card_discipline_for_2015_16_a.csv;psyckes_antipsychotic_polypharmacy_quality_indicators_beginning_2012_5__psyckes_antipsychotic_polypharmacy_quality_indicators_beginning_2012_a_fair.csv;oil_and_gas_summary_production_data_1967_1999_6__oil_and_gas_summary_production_data_1967_1999_a_fair.csv;report_card_discipline_for_2015_16_a__report_card_discipline_for_2015_16_a_fair.csv;psyckes_antipsychotic_polypharmacy_quality_indicators_beginning_2012_3.csv;report_card_discipline_for_2015_16_6.csv,"{""needs_fairification"": false, ""success"": true, ""swaps_made"": 0, ""initial_fairness"": 0.3632, ""initial_delta"": 0.04}"
santos3,nl,psyckes_antipsychotic_polypharmacy_quality_indicators_beginning_2012_a_fair.csv,20,22,129,20,True,0.3409,0.5,0.45454545454545453,0.9090909090909091,113.48193550109863,113.48193550109863,psyckes_antipsychotic_polypharmacy_quality_indicators_beginning_2012_a__psyckes_antipsychotic_polypharmacy_quality_indicators_beginning_2012_a_fair.csv;psyckes_antipsychotic_polypharmacy_quality_indicators_beginning_2012_a.csv;oil_and_gas_summary_production_data_1967_1999_6.csv;psyckes_antipsychotic_polypharmacy_quality_indicators_beginning_2012_5.csv;report_card_discipline_for_2015_16_a.csv;psyckes_antipsychotic_polypharmacy_quality_indicators_beginning_2012_5__psyckes_antipsychotic_polypharmacy_quality_indicators_beginning_2012_a_fair.csv;oil_and_gas_summary_production_data_1967_1999_6__oil_and_gas_summary_production_data_1967_1999_a_fair.csv;report_card_discipline_for_2015_16_a__report_card_discipline_for_2015_16_a_fair.csv;psyckes_antipsychotic_polypharmacy_quality_indicators_beginning_2012_3.csv;report_card_discipline_for_2015_16_6.csv;psyckes_antipsychotic_polypharmacy_quality_indicators_beginning_2012_6.csv;report_card_discipline_for_2015_16_7.csv;psyckes_antipsychotic_polypharmacy_quality_indicators_beginning_2012_3__psyckes_antipsychotic_polypharmacy_quality_indicators_beginning_2012_a_fair.csv;psyckes_antipsychotic_polypharmacy_quality_indicators_beginning_2012_2.csv;report_card_discipline_for_2015_16_4.csv;report_card_discipline_for_2015_16_7__report_card_discipline_for_2015_16_a_fair.csv;psyckes_antipsychotic_polypharmacy_quality_indicators_beginning_2012_2__psyckes_antipsychotic_polypharmacy_quality_indicators_beginning_2012_a_fair.csv;report_card_discipline_for_2015_16_6__report_card_discipline_for_2015_16_a_fair.csv;report_card_discipline_for_2015_16_4__report_card_discipline_for_2015_16_a_fair.csv;psyckes_antipsychotic_polypharmacy_quality_indicators_beginning_2012_6__psyckes_antipsychotic_polypharmacy_quality_indicators_beginning_2012_a_fair.csv,"{""needs_fairification"": false, ""success"": true, ""swaps_made"": 0, ""initial_fairness"": 0.3409, ""initial_delta"": 0.06}"
santos3,nl,senior_officials_expenses_a_fair.csv,5,2,134,5,True,0.3065,0.4,1.0,1.0,20.369924545288086,20.369924545288086,senior_officials_expenses_a__senior_officials_expenses_a_fair.csv;senior_officials_expenses_a.csv;minister_meetings_9.csv;minister_meetings_0__minister_meetings_a_fair.csv;minister_meetings_0.csv,"{""needs_fairification"": true, ""success"": true, ""swaps_made"": 1, ""initial_fairness"": 0.2734, ""initial_delta"": 0.13, ""dominated_removed_count"": 6, ""dominance_candidate_pool_size"": 7, ""candidates_after_winnow"": 0}"
santos3,nl,senior_officials_expenses_a_fair.csv,10,2,134,10,False,0.1083,0.2,1.0,1.0,36.537811517715454,36.537811517715454,senior_officials_expenses_a__senior_officials_expenses_a_fair.csv;senior_officials_expenses_a.csv;minister_meetings_9.csv;minister_meetings_0__minister_meetings_a_fair.csv;minister_meetings_0.csv;minister_meetings_a__minister_meetings_a_fair.csv;minister_meetings_a.csv;civic_building_locations_1__civic_building_locations_a_fair.csv;minister_meetings_8__minister_meetings_a_fair.csv;minister_meetings_8.csv,"{""needs_fairification"": true, ""success"": false, ""swaps_made"": 2, ""initial_fairness"": 0.0832, ""initial_delta"": 0.32, ""dominated_removed_count"": 0, ""dominance_candidate_pool_size"": 2, ""candidates_after_winnow"": 0}"
santos3,nl,senior_officials_expenses_a_fair.csv,20,2,134,20,False,0.08,0.1,1.0,1.0,43.408655881881714,43.408655881881714,senior_officials_expenses_a__senior_officials_expenses_a_fair.csv;senior_officials_expenses_a.csv;minister_meetings_9__minister_meetings_a_fair.csv;minister_meetings_9.csv;minister_meetings_0__minister_meetings_a_fair.csv;minister_meetings_0.csv;civic_building_locations_1.csv;minister_meetings_a__minister_meetings_a_fair.csv;minister_meetings_a.csv;civic_building_locations_1__civic_building_locations_a_fair.csv;minister_meetings_8__minister_meetings_a_fair.csv;minister_meetings_8.csv;purchasing_card_9__purchasing_card_a_fair.csv;purchasing_card_9.csv;purchasing_card_8__purchasing_card_a_fair.csv;purchasing_card_6__purchasing_card_a_fair.csv;purchasing_card_6.csv;purchasing_card_5__purchasing_card_a_fair.csv;purchasing_card_4__purchasing_card_a_fair.csv;purchasing_card_4.csv,"{""needs_fairification"": true, ""success"": false, ""swaps_made"": 0, ""initial_fairness"": 0.08, ""initial_delta"": 0.32, ""dominated_removed_count"": 0, ""dominance_candidate_pool_size"": 0, ""candidates_after_winnow"": 0}"
santos3,nl,report_card_discipline_for_2015_16_a_fair.csv,5,22,118,5,True,0.3311,1.0,0.22727272727272727,0.22727272727272727,42.61347085237503,42.61347085237503,report_card_discipline_for_2015_16_a__report_card_discipline_for_2015_16_a_fair.csv;report_card_discipline_for_2015_16_a.csv;report_card_discipline_for_2015_16_4.csv;report_card_discipline_for_2015_16_4__report_card_discipline_for_2015_16_a_fair.csv;report_card_discipline_for_2015_16_7.csv,"{""needs_fairification"": false, ""success"": true, ""swaps_made"": 0, ""initial_fairness"": 0.3311, ""initial_delta"": 0.07}"
santos3,nl,report_card_discipline_for_2015_16_a_fair.csv,10,22,118,10,True,0.3169,1.0,0.45454545454545453,0.45454545454545453,82.86592024564743,82.86592024564743,report_card_discipline_for_2015_16_a__report_card_discipline_for_2015_16_a_fair.csv;report_card_discipline_for_2015_16_a.csv;report_card_discipline_for_2015_16_4.csv;report_card_discipline_for_2015_16_4__report_card_discipline_for_2015_16_a_fair.csv;report_card_discipline_for_2015_16_7.csv;report_card_discipline_for_2015_16_7__report_card_discipline_for_2015_16_a_fair.csv;report_card_discipline_for_2015_16_6.csv;report_card_discipline_for_2015_16_6__report_card_discipline_for_2015_16_a_fair.csv;report_card_discipline_for_2015_16_1.csv;report_card_discipline_for_2015_16_5.csv,"{""needs_fairification"": false, ""success"": true, ""swaps_made"": 0, ""initial_fairness"": 0.3169, ""initial_delta"": 0.08}"
santos3,nl,report_card_discipline_for_2015_16_a_fair.csv,20,22,118,20,True,0.3484,0.95,0.8636363636363636,0.9090909090909091,156.05747604370117,156.05747604370117,report_card_discipline_for_2015_16_a__report_card_discipline_for_2015_16_a_fair.csv;report_card_discipline_for_2015_16_4.csv;report_card_discipline_for_2015_16_4__report_card_discipline_for_2015_16_a_fair.csv;report_card_discipline_for_2015_16_7.csv;report_card_discipline_for_2015_16_7__report_card_discipline_for_2015_16_a_fair.csv;report_card_discipline_for_2015_16_6.csv;report_card_discipline_for_2015_16_6__report_card_discipline_for_2015_16_a_fair.csv;report_card_discipline_for_2015_16_1.csv;report_card_discipline_for_2015_16_5.csv;report_card_discipline_for_2015_16_1__report_card_discipline_for_2015_16_a_fair.csv;report_card_discipline_for_2015_16_5__report_card_discipline_for_2015_16_a_fair.csv;report_card_discipline_for_2015_16_3.csv;report_card_discipline_for_2015_16_3__report_card_discipline_for_2015_16_a_fair.csv;report_card_discipline_for_2015_16_8.csv;report_card_discipline_for_2015_16_0.csv;report_card_discipline_for_2015_16_8__report_card_discipline_for_2015_16_a_fair.csv;report_card_discipline_for_2015_16_9.csv;report_card_discipline_for_2015_16_0__report_card_discipline_for_2015_16_a_fair.csv;report_card_discipline_for_2015_16_9__report_card_discipline_for_2015_16_a_fair.csv;mines_b.csv,"{""needs_fairification"": true, ""success"": true, ""swaps_made"": 1, ""initial_fairness"": 0.2891, ""initial_delta"": 0.11, ""dominated_removed_count"": 46, ""dominance_candidate_pool_size"": 48, ""candidates_after_winnow"": 1}"
santos3,nl,purchasing_card_a_fair.csv,5,26,101,5,True,0.3541,1.0,0.19230769230769232,0.19230769230769232,48.52641046047211,48.52641046047211,purchasing_card_a__purchasing_card_a_fair.csv;purchasing_card_2.csv;purchasing_card_7.csv;purchasing_card_2__purchasing_card_a_fair.csv;purchasing_card_9__purchasing_card_a_fair.csv,"{""needs_fairification"": true, ""success"": true, ""swaps_made"": 1, ""initial_fairness"": 0.2873, ""initial_delta"": 0.11, ""dominated_removed_count"": 85, ""dominance_candidate_pool_size"": 96, ""candidates_after_winnow"": 10}"
santos3,nl,purchasing_card_a_fair.csv,10,26,101,10,True,0.3288,1.0,0.38461538461538464,0.38461538461538464,96.98643094301224,96.98643094301224,purchasing_card_a__purchasing_card_a_fair.csv;purchasing_card_2.csv;purchasing_card_7.csv;purchasing_card_2__purchasing_card_a_fair.csv;purchasing_card_7__purchasing_card_a_fair.csv;purchasing_card_11.csv;purchasing_card_11__purchasing_card_a_fair.csv;purchasing_card_4.csv;purchasing_card_0__purchasing_card_a_fair.csv;purchasing_card_9__purchasing_card_a_fair.csv,"{""needs_fairification"": true, ""success"": true, ""swaps_made"": 1, ""initial_fairness"": 0.291, ""initial_delta"": 0.11, ""dominated_removed_count"": 80, ""dominance_candidate_pool_size"": 91, ""candidates_after_winnow"": 10}"
santos3,nl,purchasing_card_a_fair.csv,20,26,101,20,True,0.2955,0.9,0.6923076923076923,0.7692307692307693,183.3322912454605,183.3322912454605,purchasing_card_a__purchasing_card_a_fair.csv;purchasing_card_2__purchasing_card_a_fair.csv;purchasing_card_7__purchasing_card_a_fair.csv;purchasing_card_11__purchasing_card_a_fair.csv;purchasing_card_4.csv;purchasing_card_0__purchasing_card_a_fair.csv;purchasing_card_0.csv;purchasing_card_6.csv;purchasing_card_6__purchasing_card_a_fair.csv;purchasing_card_4__purchasing_card_a_fair.csv;purchasing_card_3__purchasing_card_a_fair.csv;purchasing_card_5__purchasing_card_a_fair.csv;purchasing_card_3.csv;purchasing_card_9.csv;purchasing_card_10__purchasing_card_a_fair.csv;purchasing_card_9__purchasing_card_a_fair.csv;purchasing_card_8__purchasing_card_a_fair.csv;purchasing_card_1__purchasing_card_a_fair.csv;HMRC_exceptions_to_spending_controls_October_to_December_2017_ICT.csv;HMRC_exceptions_to_spending_controls_April_to_June_2019_commercial.csv,"{""needs_fairification"": true, ""success"": true, ""swaps_made"": 5, ""initial_fairness"": 0.2321, ""initial_delta"": 0.17, ""dominated_removed_count"": 74, ""dominance_candidate_pool_size"": 81, ""candidates_after_winnow"": 2}"
santos3,nl,monthly_data_feed_a_fair.csv,5,28,68,5,True,1.0,1.0,0.17857142857142858,0.17857142857142858,93.5649271607399,93.5649271607399,monthly_data_feed_a__monthly_data_feed_a_fair.csv;monthly_data_feed_a.csv;monthly_data_feed_4__monthly_data_feed_a_fair.csv;monthly_data_feed_4.csv;monthly_data_feed_1__monthly_data_feed_a_fair.csv,"{""needs_fairification"": false, ""success"": true, ""swaps_made"": 0, ""initial_fairness"": 1.0, ""initial_delta"": -0.6}"
santos3,nl,monthly_data_feed_a_fair.csv,10,28,68,10,True,0.8323,1.0,0.35714285714285715,0.35714285714285715,180.1181160211563,180.1181160211563,monthly_data_feed_a__monthly_data_feed_a_fair.csv;monthly_data_feed_a.csv;monthly_data_feed_4__monthly_data_feed_a_fair.csv;monthly_data_feed_4.csv;monthly_data_feed_1__monthly_data_feed_a_fair.csv;monthly_data_feed_1.csv;monthly_data_feed_6__monthly_data_feed_a_fair.csv;monthly_data_feed_6.csv;monthly_data_feed_10__monthly_data_feed_a_fair.csv;monthly_data_feed_10.csv,"{""needs_fairification"": false, ""success"": true, ""swaps_made"": 0, ""initial_fairness"": 0.8323, ""initial_delta"": -0.43}"
santos3,nl,monthly_data_feed_a_fair.csv,20,28,68,20,True,0.7336,1.0,0.7142857142857143,0.7142857142857143,346.96841752529144,346.96841752529144,monthly_data_feed_a__monthly_data_feed_a_fair.csv;monthly_data_feed_a.csv;monthly_data_feed_4__monthly_data_feed_a_fair.csv;monthly_data_feed_4.csv;monthly_data_feed_1__monthly_data_feed_a_fair.csv;monthly_data_feed_1.csv;monthly_data_feed_6__monthly_data_feed_a_fair.csv;monthly_data_feed_6.csv;monthly_data_feed_10__monthly_data_feed_a_fair.csv;monthly_data_feed_10.csv;monthly_data_feed_2__monthly_data_feed_a_fair.csv;monthly_data_feed_2.csv;monthly_data_feed_7__monthly_data_feed_a_fair.csv;monthly_data_feed_7.csv;monthly_data_feed_9__monthly_data_feed_a_fair.csv;monthly_data_feed_9.csv;monthly_data_feed_5__monthly_data_feed_a_fair.csv;monthly_data_feed_5.csv;monthly_data_feed_8__monthly_data_feed_a_fair.csv;monthly_data_feed_8.csv,"{""needs_fairification"": false, ""success"": true, ""swaps_made"": 0, ""initial_fairness"": 0.7336, ""initial_delta"": -0.33}"
santos3,nl,time_spent_watching_vcr_movies_a_fair.csv,5,14,178,5,True,0.3282,0.6,0.21428571428571427,0.35714285714285715,20.913088023662567,20.913088023662567,time_spent_watching_vcr_movies_a__time_spent_watching_vcr_movies_a_fair.csv;time_spent_watching_vcr_movies_a.csv;contributors_parties_2__contributors_parties_b_fair.csv;contributors_parties_1__contributors_parties_b_fair.csv;time_spent_watching_vcr_movies_4__time_spent_watching_vcr_movies_a_fair.csv,"{""needs_fairification"": true, ""success"": true, ""swaps_made"": 2, ""initial_fairness"": 0.1748, ""initial_delta"": 0.23, ""dominated_removed_count"": 107, ""dominance_candidate_pool_size"": 110, ""candidates_after_winnow"": 1}"
santos3,nl,time_spent_watching_vcr_movies_a_fair.csv,10,14,178,10,False,0.0996,0.3,0.21428571428571427,0.7142857142857143,39.33353936672211,39.33353936672211,time_spent_watching_vcr_movies_a__time_spent_watching_vcr_movies_a_fair.csv;time_spent_watching_vcr_movies_a.csv;contributors_parties_0__contributors_parties_a_fair.csv;contributors_parties_2__contributors_parties_b_fair.csv;contributors_parties_2__contributors_parties_a_fair.csv;contributors_parties_1__contributors_parties_b_fair.csv;contributors_parties_1__contributors_parties_a_fair.csv;contributors_parties_3__contributors_parties_b_fair.csv;contributors_parties_3__contributors_parties_a_fair.csv;time_spent_watching_vcr_movies_4__time_spent_watching_vcr_movies_a_fair.csv,"{""needs_fairification"": true, ""success"": false, ""swaps_made"": 1, ""initial_fairness"": 0.0685, ""initial_delta"": 0.33, ""dominated_removed_count"": 103, ""dominance_candidate_pool_size"": 105, ""candidates_after_winnow"": 1}"
santos3,nl,time_spent_watching_vcr_movies_a_fair.csv,20,14,178,20,False,0.0775,0.3,0.42857142857142855,1.0,74.85781115293503,74.85781115293503,time_spent_watching_vcr_movies_a__time_spent_watching_vcr_movies_a_fair.csv;time_spent_watching_vcr_movies_a.csv;contributors_parties_0__contributors_parties_a_fair.csv;contributors_parties_2__contributors_parties_b_fair.csv;contributors_parties_2__contributors_parties_a_fair.csv;contributors_parties_1__contributors_parties_b_fair.csv;contributors_parties_1__contributors_parties_a_fair.csv;contributors_parties_3__contributors_parties_b_fair.csv;contributors_parties_3__contributors_parties_a_fair.csv;contributors_parties_2.csv;contributors_parties_0.csv;time_spent_watching_vcr_movies_4__time_spent_watching_vcr_movies_a_fair.csv;contributors_parties_3.csv;time_spent_watching_vcr_movies_3__time_spent_watching_vcr_movies_a_fair.csv;immigration_records_9__immigration_records_a_fair.csv;immigration_records_9.csv;time_spent_watching_vcr_movies_9__time_spent_watching_vcr_movies_a_fair.csv;contributors_parties_12.csv;contributors_parties_1.csv;time_spent_watching_vcr_movies_4.csv,"{""needs_fairification"": true, ""success"": false, ""swaps_made"": 1, ""initial_fairness"": 0.0611, ""initial_delta"": 0.34, ""dominated_removed_count"": 93, ""dominance_candidate_pool_size"": 95, ""candidates_after_winnow"": 1}"
santos3,nl,business_rates_a_fair.csv,5,24,40,5,True,0.3687,1.0,0.20833333333333334,0.20833333333333334,128.56725680828094,128.56725680828094,business_rates_a__business_rates_a_fair.csv;business_rates_a.csv;business_rates_7__business_rates_a_fair.csv;business_rates_7.csv;business_rates_6__business_rates_a_fair.csv,"{""needs_fairification"": false, ""success"": true, ""swaps_made"": 0, ""initial_fairness"": 0.3687, ""initial_delta"": 0.03}"
santos3,nl,business_rates_a_fair.csv,10,24,40,10,True,0.3013,1.0,0.4166666666666667,0.4166666666666667,254.31829488277435,254.31829488277435,business_rates_a__business_rates_a_fair.csv;business_rates_7__business_rates_a_fair.csv;business_rates_7.csv;business_rates_6__business_rates_a_fair.csv;business_rates_10__business_rates_a_fair.csv;business_rates_10.csv;business_rates_1__business_rates_a_fair.csv;business_rates_1.csv;business_rates_0.csv;business_rates_3__business_rates_a_fair.csv,"{""needs_fairification"": true, ""success"": true, ""swaps_made"": 1, ""initial_fairness"": 0.2849, ""initial_delta"": 0.12, ""dominated_removed_count"": 20, ""dominance_candidate_pool_size"": 28, ""candidates_after_winnow"": 7}"
santos3,nl,business_rates_a_fair.csv,20,24,40,20,False,0.226,0.9,0.75,0.8333333333333334,477.8798099756241,470.677711725235,business_rates_a__business_rates_a_fair.csv;business_rates_a.csv;business_rates_7__business_rates_a_fair.csv;business_rates_7.csv;business_rates_6__business_rates_a_fair.csv;business_rates_10__business_rates_a_fair.csv;business_rates_10.csv;business_rates_0.csv;business_rates_8__business_rates_a_fair.csv;business_rates_8.csv;business_rates_0__business_rates_a_fair.csv;business_rates_6.csv;business_rates_5__business_rates_a_fair.csv;business_rates_5.csv;business_rates_3__business_rates_a_fair.csv;business_rates_3.csv;business_rates_9.csv;business_rates_9__business_rates_a_fair.csv;HMRC_WMI_headcount_and_payroll_data_May_2016.csv;HMRC_WMI_headcount_and_payroll_data_Nov_2014.csv,"{""needs_fairification"": true, ""success"": false, ""swaps_made"": 2, ""initial_fairness"": 0.2098, ""initial_delta"": 0.19, ""dominated_removed_count"": 10, ""dominance_candidate_pool_size"": 18, ""candidates_after_winnow"": 6}"
santos3,nl,tuition_assistance_program_tap_recipients_a_fair.csv,5,22,134,5,True,0.5623,1.0,0.22727272727272727,0.22727272727272727,35.071765780448914,35.071765780448914,tuition_assistance_program_tap_recipients_a__tuition_assistance_program_tap_recipients_a_fair.csv;tuition_assistance_program_tap_recipients_a.csv;tuition_assistance_program_tap_recipients_4__tuition_assistance_program_tap_recipients_a_fair.csv;tuition_assistance_program_tap_recipients_4.csv;tuition_assistance_program_tap_recipients_8__tuition_assistance_program_tap_recipients_a_fair.csv,"{""needs_fairification"": false, ""success"": true, ""swaps_made"": 0, ""initial_fairness"": 0.5623, ""initial_delta"": -0.16}"
santos3,nl,tuition_assistance_program_tap_recipients_a_fair.csv,10,22,134,10,True,0.4841,1.0,0.45454545454545453,0.45454545454545453,66.4986891746521,66.4986891746521,tuition_assistance_program_tap_recipients_a__tuition_assistance_program_tap_recipients_a_fair.csv;tuition_assistance_program_tap_recipients_a.csv;tuition_assistance_program_tap_recipients_4__tuition_assistance_program_tap_recipients_a_fair.csv;tuition_assistance_program_tap_recipients_4.csv;tuition_assistance_program_tap_recipients_8__tuition_assistance_program_tap_recipients_a_fair.csv;tuition_assistance_program_tap_recipients_8.csv;tuition_assistance_program_tap_recipients_3__tuition_assistance_program_tap_recipients_a_fair.csv;tuition_assistance_program_tap_recipients_3.csv;tuition_assistance_program_tap_recipients_6__tuition_assistance_program_tap_recipients_a_fair.csv;tuition_assistance_program_tap_recipients_6.csv,"{""needs_fairification"": false, ""success"": true, ""swaps_made"": 0, ""initial_fairness"": 0.4841, ""initial_delta"": -0.08}"
santos3,nl,tuition_assistance_program_tap_recipients_a_fair.csv,20,22,134,20,True,0.3787,1.0,0.9090909090909091,0.9090909090909091,127.83242881298065,127.83242881298065,tuition_assistance_program_tap_recipients_a__tuition_assistance_program_tap_recipients_a_fair.csv;tuition_assistance_program_tap_recipients_a.csv;tuition_assistance_program_tap_recipients_4__tuition_assistance_program_tap_recipients_a_fair.csv;tuition_assistance_program_tap_recipients_4.csv;tuition_assistance_program_tap_recipients_8__tuition_assistance_program_tap_recipients_a_fair.csv;tuition_assistance_program_tap_recipients_8.csv;tuition_assistance_program_tap_recipients_3__tuition_assistance_program_tap_recipients_a_fair.csv;tuition_assistance_program_tap_recipients_3.csv;tuition_assistance_program_tap_recipients_6__tuition_assistance_program_tap_recipients_a_fair.csv;tuition_assistance_program_tap_recipients_6.csv;tuition_assistance_program_tap_recipients_7__tuition_assistance_program_tap_recipients_a_fair.csv;tuition_assistance_program_tap_recipients_7.csv;tuition_assistance_program_tap_recipients_5__tuition_assistance_program_tap_recipients_a_fair.csv;tuition_assistance_program_tap_recipients_5.csv;tuition_assistance_program_tap_recipients_9__tuition_assistance_program_tap_recipients_a_fair.csv;tuition_assistance_program_tap_recipients_9.csv;tuition_assistance_program_tap_recipients_2__tuition_assistance_program_tap_recipients_a_fair.csv;tuition_assistance_program_tap_recipients_2.csv;tuition_assistance_program_tap_recipients_1__tuition_assistance_program_tap_recipients_a_fair.csv;tuition_assistance_program_tap_recipients_1.csv,"{""needs_fairification"": false, ""success"": true, ""swaps_made"": 0, ""initial_fairness"": 0.3787, ""initial_delta"": 0.02}"
santos3,nl,wholesale_markets_a_fair.csv,5,2,115,5,True,0.4245,0.2,0.5,1.0,30.25654649734497,30.25654649734497,wholesale_markets_a__wholesale_markets_a_fair.csv;new_york_city_restaurant_inspection_results_2__new_york_city_restaurant_inspection_results_a_fair.csv;abandoned_wells_0.csv;practice_reference_9.csv;practice_reference_a.csv,"{""needs_fairification"": true, ""success"": true, ""swaps_made"": 3, ""initial_fairness"": 0.1516, ""initial_delta"": 0.25, ""dominated_removed_count"": 103, ""dominance_candidate_pool_size"": 110, ""candidates_after_winnow"": 4}"
santos3,nl,wholesale_markets_a_fair.csv,10,2,115,10,True,0.3733,0.1,0.5,1.0,62.27132833003998,62.27132833003998,wholesale_markets_a__wholesale_markets_a_fair.csv;new_york_city_restaurant_inspection_results_2__new_york_city_restaurant_inspection_results_a_fair.csv;new_york_city_restaurant_inspection_results_8.csv;new_york_city_restaurant_inspection_results_8__new_york_city_restaurant_inspection_results_a_fair.csv;new_york_city_restaurant_inspection_results_2.csv;new_york_city_restaurant_inspection_results_9__new_york_city_restaurant_inspection_results_a_fair.csv;new_york_city_restaurant_inspection_results_9.csv;abandoned_wells_0.csv;practice_reference_9.csv;practice_reference_a.csv,"{""needs_fairification"": true, ""success"": true, ""swaps_made"": 3, ""initial_fairness"": 0.1446, ""initial_delta"": 0.26, ""dominated_removed_count"": 97, ""dominance_candidate_pool_size"": 105, ""candidates_after_winnow"": 5}"
santos3,nl,wholesale_markets_a_fair.csv,20,2,115,20,True,0.3001,0.05,0.5,1.0,123.03745514154434,123.03745514154434,wholesale_markets_a__wholesale_markets_a_fair.csv;new_york_city_restaurant_inspection_results_2__new_york_city_restaurant_inspection_results_a_fair.csv;new_york_city_restaurant_inspection_results_8.csv;new_york_city_restaurant_inspection_results_8__new_york_city_restaurant_inspection_results_a_fair.csv;new_york_city_restaurant_inspection_results_2.csv;new_york_city_restaurant_inspection_results_9__new_york_city_restaurant_inspection_results_a_fair.csv;new_york_city_restaurant_inspection_results_9.csv;new_york_city_restaurant_inspection_results_6__new_york_city_restaurant_inspection_results_a_fair.csv;new_york_city_restaurant_inspection_results_7__new_york_city_restaurant_inspection_results_a_fair.csv;new_york_city_restaurant_inspection_results_7.csv;new_york_city_restaurant_inspection_results_6.csv;new_york_city_restaurant_inspection_results_5__new_york_city_restaurant_inspection_results_a_fair.csv;complaint_by_practice_1__complaint_by_practice_b_fair.csv;complaint_by_practice_1__complaint_by_practice_a_fair.csv;complaint_by_practice_1.csv;new_york_city_restaurant_inspection_results_5.csv;311_calls_historic_data_3.csv;abandoned_wells_9.csv;practice_reference_9.csv;practice_reference_a.csv,"{""needs_fairification"": true, ""success"": true, ""swaps_made"": 3, ""initial_fairness"": 0.1321, ""initial_delta"": 0.27, ""dominated_removed_count"": 89, ""dominance_candidate_pool_size"": 95, ""candidates_after_winnow"": 3}"
santos3,nl,lane_description_b_fair.csv,5,48,47,5,True,0.9747,1.0,0.10416666666666667,0.10416666666666667,128.34063911437988,128.34063911437988,lane_description_b__lane_description_b_fair.csv;lane_description_b__lane_description_a_fair.csv;lane_description_b.csv;lane_description_10__lane_description_b_fair.csv;lane_description_10__lane_description_a_fair.csv,"{""needs_fairification"": false, ""success"": true, ""swaps_made"": 0, ""initial_fairness"": 0.9747, ""initial_delta"": -0.57}"
santos3,nl,lane_description_b_fair.csv,10,48,47,10,True,0.8614,0.9,0.1875,0.20833333333333334,236.49732100963593,236.49732100963593,lane_description_b__lane_description_b_fair.csv;lane_description_b__lane_description_a_fair.csv;lane_description_b.csv;lane_description_10__lane_description_b_fair.csv;lane_description_10__lane_description_a_fair.csv;lane_description_10.csv;lane_description_5__lane_description_b_fair.csv;lane_description_5__lane_description_a_fair.csv;lane_description_5.csv;business_rates_6.csv,"{""needs_fairification"": false, ""success"": true, ""swaps_made"": 0, ""initial_fairness"": 0.8614, ""initial_delta"": -0.46}"
santos3,nl,lane_description_b_fair.csv,20,48,47,20,True,0.5205,0.45,0.1875,0.4166666666666667,408.77632623910904,408.77632623910904,lane_description_b__lane_description_b_fair.csv;lane_description_b__lane_description_a_fair.csv;lane_description_b.csv;lane_description_10__lane_description_b_fair.csv;lane_description_10__lane_description_a_fair.csv;lane_description_10.csv;lane_description_5__lane_description_b_fair.csv;lane_description_5__lane_description_a_fair.csv;lane_description_5.csv;business_rates_6.csv;business_rates_3__business_rates_a_fair.csv;business_rates_3.csv;business_rates_6__business_rates_a_fair.csv;business_rates_2__business_rates_a_fair.csv;business_rates_2.csv;business_rates_4__business_rates_a_fair.csv;business_rates_4.csv;business_rates_7__business_rates_a_fair.csv;business_rates_7.csv;business_rates_0.csv,"{""needs_fairification"": false, ""success"": true, ""swaps_made"": 0, ""initial_fairness"": 0.5205, ""initial_delta"": -0.12}"
santos3,nl,prescribing_a_fair.csv,5,45,54,5,True,0.3037,1.0,0.1111111111111111,0.1111111111111111,90.28285533189774,90.28285533189774,prescribing_a__prescribing_a_fair.csv;prescribing_a.csv;prescribing_12__prescribing_b_fair.csv;prescribing_12__prescribing_a_fair.csv;prescribing_0__prescribing_a_fair.csv,"{""needs_fairification"": true, ""success"": true, ""swaps_made"": 1, ""initial_fairness"": 0.2292, ""initial_delta"": 0.17, ""dominated_removed_count"": 40, ""dominance_candidate_pool_size"": 49, ""candidates_after_winnow"": 8}"
santos3,nl,prescribing_a_fair.csv,10,45,54,10,True,0.3116,0.7,0.15555555555555556,0.2222222222222222,167.0004705786705,167.0004705786705,prescribing_a__prescribing_a_fair.csv;prescribing_12__prescribing_a_fair.csv;prescribing_3__prescribing_b_fair.csv;prescribing_3__prescribing_a_fair.csv;prescribing_b__prescribing_b_fair.csv;prescribing_b__prescribing_a_fair.csv;prescribing_0__prescribing_a_fair.csv;admissionssummaryallocatedsecondary2014.csv;admissionssummaryallocatedsecondary2012.csv;monthly_data_feed_6__monthly_data_feed_a_fair.csv,"{""needs_fairification"": true, ""success"": true, ""swaps_made"": 5, ""initial_fairness"": 0.1751, ""initial_delta"": 0.22, ""dominated_removed_count"": 37, ""dominance_candidate_pool_size"": 44, ""candidates_after_winnow"": 2}"
santos3,nl,prescribing_a_fair.csv,20,45,54,20,False,0.1864,0.7,0.3111111111111111,0.4444444444444444,323.27210342884064,323.27210342884064,prescribing_a__prescribing_a_fair.csv;prescribing_12__prescribing_a_fair.csv;prescribing_3.csv;prescribing_3__prescribing_b_fair.csv;prescribing_3__prescribing_a_fair.csv;prescribing_b__prescribing_b_fair.csv;prescribing_b__prescribing_a_fair.csv;prescribing_b.csv;prescribing_0__prescribing_b_fair.csv;prescribing_0__prescribing_a_fair.csv;prescribing_0.csv;prescribing_2__prescribing_b_fair.csv;prescribing_2__prescribing_a_fair.csv;prescribing_2.csv;admissionssummaryallocatedsecondary2014.csv;admissionssummaryallocatedsecondary2012.csv;monthly_data_feed_6__monthly_data_feed_a_fair.csv;monthly_data_feed_6.csv;admissionssummaryallocatedsecondary2015.csv;admissionssummaryallocatedsecondary2013.csv,"{""needs_fairification"": true, ""success"": false, ""swaps_made"": 4, ""initial_fairness"": 0.1536, ""initial_delta"": 0.25, ""dominated_removed_count"": 29, ""dominance_candidate_pool_size"": 34, ""candidates_after_winnow"": 1}"
santos3,nl,prescribing_b_fair.csv,5,45,54,5,True,0.3159,1.0,0.1111111111111111,0.1111111111111111,92.85084021091461,92.85084021091461,prescribing_b__prescribing_b_fair.csv;prescribing_b.csv;prescribing_0__prescribing_b_fair.csv;prescribing_0__prescribing_a_fair.csv;prescribing_12__prescribing_b_fair.csv,"{""needs_fairification"": true, ""success"": true, ""swaps_made"": 1, ""initial_fairness"": 0.2395, ""initial_delta"": 0.16, ""dominated_removed_count"": 42, ""dominance_candidate_pool_size"": 49, ""candidates_after_winnow"": 6}"
santos3,nl,prescribing_b_fair.csv,10,45,54,10,True,0.3235,0.8,0.17777777777777778,0.2222222222222222,173.00162678956985,173.00162678956985,prescribing_b__prescribing_b_fair.csv;prescribing_0__prescribing_b_fair.csv;prescribing_0.csv;prescribing_12__prescribing_b_fair.csv;prescribing_12__prescribing_a_fair.csv;prescribing_12.csv;prescribing_3__prescribing_b_fair.csv;prescribing_a__prescribing_b_fair.csv;admissionssummaryallocatedsecondary2015.csv;admissionssummaryallocatedsecondary2014.csv,"{""needs_fairification"": true, ""success"": true, ""swaps_made"": 3, ""initial_fairness"": 0.2337, ""initial_delta"": 0.17, ""dominated_removed_count"": 36, ""dominance_candidate_pool_size"": 44, ""candidates_after_winnow"": 5}"
santos3,nl,prescribing_b_fair.csv,20,45,54,20,False,0.1552,1.0,0.4444444444444444,0.4444444444444444,345.9045671224594,345.9045671224594,prescribing_b__prescribing_b_fair.csv;prescribing_b__prescribing_a_fair.csv;prescribing_b.csv;prescribing_0__prescribing_b_fair.csv;prescribing_0__prescribing_a_fair.csv;prescribing_0.csv;prescribing_12__prescribing_b_fair.csv;prescribing_12__prescribing_a_fair.csv;prescribing_12.csv;prescribing_3__prescribing_b_fair.csv;prescribing_3__prescribing_a_fair.csv;prescribing_3.csv;prescribing_a__prescribing_b_fair.csv;prescribing_a__prescribing_a_fair.csv;prescribing_a.csv;prescribing_4.csv;prescribing_8.csv;prescribing_8__prescribing_b_fair.csv;prescribing_8__prescribing_a_fair.csv;prescribing_11.csv,"{""needs_fairification"": true, ""success"": false, ""swaps_made"": 0, ""initial_fairness"": 0.1552, ""initial_delta"": 0.24, ""dominated_removed_count"": 25, ""dominance_candidate_pool_size"": 34, ""candidates_after_winnow"": 9}"
santos3,nl,ydn_spending_data_a_fair.csv,5,36,102,5,True,0.336,1.0,0.1388888888888889,0.1388888888888889,55.367956042289734,55.367956042289734,ydn_spending_data_a__ydn_spending_data_a_fair.csv;ydn_spending_data_a.csv;ydn_spending_data_7__ydn_spending_data_a_fair.csv;ydn_spending_data_7.csv;ydn_spending_data_b__ydn_spending_data_a_fair.csv,"{""needs_fairification"": true, ""success"": true, ""swaps_made"": 1, ""initial_fairness"": 0.2522, ""initial_delta"": 0.15, ""dominated_removed_count"": 86, ""dominance_candidate_pool_size"": 97, ""candidates_after_winnow"": 10}"
santos3,nl,ydn_spending_data_a_fair.csv,10,36,102,10,True,0.3248,1.0,0.2777777777777778,0.2777777777777778,104.04568147659302,104.04568147659302,ydn_spending_data_a__ydn_spending_data_a_fair.csv;ydn_spending_data_7__ydn_spending_data_a_fair.csv;ydn_spending_data_9__ydn_spending_data_a_fair.csv;ydn_spending_data_9.csv;ydn_spending_data_6__ydn_spending_data_b_fair.csv;ydn_spending_data_7__ydn_spending_data_b_fair.csv;ydn_spending_data_4__ydn_spending_data_a_fair.csv;ydn_spending_data_b__ydn_spending_data_a_fair.csv;ydn_spending_data_6__ydn_spending_data_a_fair.csv;ydn_spending_data_3__ydn_spending_data_a_fair.csv,"{""needs_fairification"": true, ""success"": true, ""swaps_made"": 4, ""initial_fairness"": 0.1848, ""initial_delta"": 0.22, ""dominated_removed_count"": 82, ""dominance_candidate_pool_size"": 92, ""candidates_after_winnow"": 6}"
santos3,nl,ydn_spending_data_a_fair.csv,20,36,102,20,False,0.227,0.85,0.4722222222222222,0.5555555555555556,195.66002422571182,195.66002422571182,ydn_spending_data_a__ydn_spending_data_a_fair.csv;ydn_spending_data_7__ydn_spending_data_a_fair.csv;ydn_spending_data_9__ydn_spending_data_a_fair.csv;ydn_spending_data_9.csv;ydn_spending_data_6__ydn_spending_data_b_fair.csv;ydn_spending_data_4__ydn_spending_data_b_fair.csv;ydn_spending_data_4__ydn_spending_data_a_fair.csv;ydn_spending_data_4.csv;ydn_spending_data_6.csv;ydn_spending_data_b__ydn_spending_data_b_fair.csv;ydn_spending_data_b__ydn_spending_data_a_fair.csv;ydn_spending_data_b.csv;ydn_spending_data_6__ydn_spending_data_a_fair.csv;ydn_spending_data_8__ydn_spending_data_b_fair.csv;ydn_spending_data_3__ydn_spending_data_b_fair.csv;ydn_spending_data_3__ydn_spending_data_a_fair.csv;ydn_spending_data_3.csv;purchasing_card_3.csv;HMRC_exceptions_to_spending_controls_October_to_December_2017_property.csv;HMRC_exceptions_to_spending_controls_October_to_December_2017_ICT.csv,"{""needs_fairification"": true, ""success"": false, ""swaps_made"": 5, ""initial_fairness"": 0.1684, ""initial_delta"": 0.23, ""dominated_removed_count"": 76, ""dominance_candidate_pool_size"": 82, ""candidates_after_winnow"": 1}"
santos3,nl,ydn_spending_data_b_fair.csv,5,36,95,5,True,0.3247,1.0,0.1388888888888889,0.1388888888888889,57.73376113176346,57.73376113176346,ydn_spending_data_b__ydn_spending_data_b_fair.csv;ydn_spending_data_b__ydn_spending_data_a_fair.csv;ydn_spending_data_b.csv;ydn_spending_data_7__ydn_spending_data_b_fair.csv;ydn_spending_data_6__ydn_spending_data_b_fair.csv,"{""needs_fairification"": false, ""success"": true, ""swaps_made"": 0, ""initial_fairness"": 0.3247, ""initial_delta"": 0.08}"
santos3,nl,ydn_spending_data_b_fair.csv,10,36,95,10,True,0.3053,0.6,0.16666666666666666,0.2777777777777778,95.14980667829514,95.14980667829514,ydn_spending_data_b__ydn_spending_data_b_fair.csv;ydn_spending_data_7__ydn_spending_data_b_fair.csv;ydn_spending_data_6__ydn_spending_data_b_fair.csv;ydn_spending_data_8__ydn_spending_data_b_fair.csv;ydn_spending_data_9__ydn_spending_data_b_fair.csv;ydn_spending_data_3.csv;purchasing_card_3.csv;HMRC_exceptions_to_spending_controls_October_to_December_2017_property.csv;HMRC_exceptions_to_spending_controls_October_to_December_2017_ICT.csv;HMRC_exceptions_to_spending_controls_April_to_June_2019_commercial.csv,"{""needs_fairification"": true, ""success"": true, ""swaps_made"": 5, ""initial_fairness"": 0.2229, ""initial_delta"": 0.18, ""dominated_removed_count"": 78, ""dominance_candidate_pool_size"": 85, ""candidates_after_winnow"": 2}"
santos3,nl,ydn_spending_data_b_fair.csv,20,36,95,20,False,0.1679,0.8,0.4444444444444444,0.5555555555555556,198.2096855044365,198.2096855044365,ydn_spending_data_b__ydn_spending_data_b_fair.csv;ydn_spending_data_b__ydn_spending_data_a_fair.csv;ydn_spending_data_7__ydn_spending_data_b_fair.csv;ydn_spending_data_6__ydn_spending_data_b_fair.csv;ydn_spending_data_8__ydn_spending_data_b_fair.csv;ydn_spending_data_6.csv;ydn_spending_data_6__ydn_spending_data_a_fair.csv;ydn_spending_data_7__ydn_spending_data_a_fair.csv;ydn_spending_data_9.csv;ydn_spending_data_4__ydn_spending_data_a_fair.csv;ydn_spending_data_4.csv;ydn_spending_data_4__ydn_spending_data_b_fair.csv;ydn_spending_data_7.csv;ydn_spending_data_3__ydn_spending_data_a_fair.csv;ydn_spending_data_3.csv;ydn_spending_data_0.csv;purchasing_card_3.csv;HMRC_exceptions_to_spending_controls_October_to_December_2017_property.csv;HMRC_exceptions_to_spending_controls_October_to_December_2017_ICT.csv;HMRC_exceptions_to_spending_controls_April_to_June_2019_commercial.csv,"{""needs_fairification"": true, ""success"": false, ""swaps_made"": 5, ""initial_fairness"": 0.1221, ""initial_delta"": 0.28, ""dominated_removed_count"": 68, ""dominance_candidate_pool_size"": 75, ""candidates_after_winnow"": 2}"
santos3,nl,stockport_contracts_b_fair.csv,5,27,51,5,True,0.3025,0.8,0.14814814814814814,0.18518518518518517,80.7041517496109,80.7041517496109,stockport_contracts_b__stockport_contracts_b_fair.csv;stockport_contracts_11__stockport_contracts_b_fair.csv;stockport_contracts_3__stockport_contracts_b_fair.csv;stockport_contracts_6.csv;HMRC_exceptions_to_spending_controls_October_to_December_2017_recruitment.csv,"{""needs_fairification"": true, ""success"": true, ""swaps_made"": 3, ""initial_fairness"": 0.1964, ""initial_delta"": 0.2, ""dominated_removed_count"": 41, ""dominance_candidate_pool_size"": 46, ""candidates_after_winnow"": 2}"
santos3,nl,stockport_contracts_b_fair.csv,10,27,51,10,False,0.1946,0.9,0.3333333333333333,0.37037037037037035,162.4903193116188,162.4903193116188,stockport_contracts_b__stockport_contracts_b_fair.csv;stockport_contracts_7.csv;stockport_contracts_0__stockport_contracts_b_fair.csv;stockport_contracts_8.csv;stockport_contracts_3.csv;stockport_contracts_8__stockport_contracts_b_fair.csv;stockport_contracts_7__stockport_contracts_b_fair.csv;stockport_contracts_3__stockport_contracts_b_fair.csv;stockport_contracts_6.csv;HMRC_exceptions_to_spending_controls_October_to_December_2017_recruitment.csv,"{""needs_fairification"": true, ""success"": false, ""swaps_made"": 4, ""initial_fairness"": 0.1258, ""initial_delta"": 0.27, ""dominated_removed_count"": 37, ""dominance_candidate_pool_size"": 41, ""candidates_after_winnow"": 0}"
santos3,nl,stockport_contracts_b_fair.csv,20,27,51,20,False,0.0961,0.95,0.7037037037037037,0.7407407407407407,329.3887450695038,329.3887450695038,stockport_contracts_b__stockport_contracts_b_fair.csv;stockport_contracts_b.csv;stockport_contracts_11.csv;stockport_contracts_a__stockport_contracts_b_fair.csv;stockport_contracts_11__stockport_contracts_b_fair.csv;stockport_contracts_7.csv;stockport_contracts_8.csv;stockport_contracts_3.csv;stockport_contracts_8__stockport_contracts_b_fair.csv;stockport_contracts_7__stockport_contracts_b_fair.csv;stockport_contracts_10__stockport_contracts_b_fair.csv;stockport_contracts_3__stockport_contracts_b_fair.csv;stockport_contracts_1__stockport_contracts_b_fair.csv;stockport_contracts_10.csv;stockport_contracts_2__stockport_contracts_b_fair.csv;stockport_contracts_a.csv;stockport_contracts_a__stockport_contracts_a_fair.csv;stockport_contracts_9.csv;stockport_contracts_1.csv;HMRC_exceptions_to_spending_controls_October_to_December_2017_recruitment.csv,"{""needs_fairification"": true, ""success"": false, ""swaps_made"": 1, ""initial_fairness"": 0.0881, ""initial_delta"": 0.31, ""dominated_removed_count"": 28, ""dominance_candidate_pool_size"": 31, ""candidates_after_winnow"": 2}"
santos3,nl,stockport_contracts_a_fair.csv,5,3,67,5,False,0.2483,0.2,0.3333333333333333,1.0,68.85014808177948,68.85014808177948,stockport_contracts_a__stockport_contracts_a_fair.csv;stockport_contracts_3__stockport_contracts_b_fair.csv;stockport_contracts_6.csv;purchasing_card_1.csv;HMRC_exceptions_to_spending_controls_April_to_June_2019_ICT.csv,"{""needs_fairification"": true, ""success"": false, ""swaps_made"": 3, ""initial_fairness"": 0.1864, ""initial_delta"": 0.21, ""dominated_removed_count"": 51, ""dominance_candidate_pool_size"": 54, ""candidates_after_winnow"": 0}"
santos3,nl,stockport_contracts_a_fair.csv,10,3,67,10,False,0.1556,0.2,0.6666666666666666,1.0,157.24180287122726,157.24180287122726,stockport_contracts_a__stockport_contracts_a_fair.csv;stockport_contracts_a.csv;stockport_contracts_6__stockport_contracts_b_fair.csv;stockport_contracts_6.csv;stockport_contracts_7__stockport_contracts_b_fair.csv;stockport_contracts_3.csv;stockport_contracts_7.csv;stockport_contracts_8.csv;purchasing_card_1.csv;HMRC_exceptions_to_spending_controls_April_to_June_2019_ICT.csv,"{""needs_fairification"": true, ""success"": false, ""swaps_made"": 6, ""initial_fairness"": 0.089, ""initial_delta"": 0.31, ""dominated_removed_count"": 43, ""dominance_candidate_pool_size"": 49, ""candidates_after_winnow"": 0}"
santos3,nl,stockport_contracts_a_fair.csv,20,3,67,20,False,0.0562,0.15,1.0,1.0,345.09585750102997,345.09585750102997,stockport_contracts_a__stockport_contracts_a_fair.csv;stockport_contracts_a.csv;stockport_contracts_a__stockport_contracts_b_fair.csv;stockport_contracts_6__stockport_contracts_b_fair.csv;stockport_contracts_3__stockport_contracts_b_fair.csv;stockport_contracts_6.csv;stockport_contracts_0.csv;stockport_contracts_9__stockport_contracts_b_fair.csv;stockport_contracts_1.csv;stockport_contracts_7__stockport_contracts_b_fair.csv;stockport_contracts_2__stockport_contracts_b_fair.csv;stockport_contracts_1__stockport_contracts_b_fair.csv;stockport_contracts_9.csv;stockport_contracts_3.csv;stockport_contracts_11__stockport_contracts_b_fair.csv;stockport_contracts_7.csv;stockport_contracts_2.csv;stockport_contracts_11.csv;stockport_contracts_8.csv;HMRC_exceptions_to_spending_controls_April_to_June_2019_ICT.csv,"{""needs_fairification"": true, ""success"": false, ""swaps_made"": 1, ""initial_fairness"": 0.0511, ""initial_delta"": 0.35, ""dominated_removed_count"": 35, ""dominance_candidate_pool_size"": 39, ""candidates_after_winnow"": 3}"
santos3,nl,workforce_management_information_a_fair.csv,5,39,27,5,True,0.3399,1.0,0.1282051282051282,0.1282051282051282,204.7760510444641,204.7760510444641,workforce_management_information_a__workforce_management_information_a_fair.csv;workforce_management_information_a.csv;workforce_management_information_10__workforce_management_information_a_fair.csv;workforce_management_information_10.csv;workforce_management_information_2__workforce_management_information_a_fair.csv,"{""needs_fairification"": true, ""success"": true, ""swaps_made"": 1, ""initial_fairness"": 0.2533, ""initial_delta"": 0.15, ""dominated_removed_count"": 16, ""dominance_candidate_pool_size"": 22, ""candidates_after_winnow"": 5}"
santos3,nl,workforce_management_information_a_fair.csv,10,39,27,10,True,0.3069,1.0,0.2564102564102564,0.2564102564102564,409.33897215127945,409.33897215127945,workforce_management_information_a__workforce_management_information_a_fair.csv;workforce_management_information_10__workforce_management_information_a_fair.csv;workforce_management_information_10.csv;workforce_management_information_b__workforce_management_information_a_fair.csv;workforce_management_information_b.csv;workforce_management_information_3__workforce_management_information_b_fair.csv;workforce_management_information_3__workforce_management_information_a_fair.csv;workforce_management_information_3.csv;workforce_management_information_7__workforce_management_information_a_fair.csv;workforce_management_information_2__workforce_management_information_a_fair.csv,"{""needs_fairification"": true, ""success"": true, ""swaps_made"": 3, ""initial_fairness"": 0.2195, ""initial_delta"": 0.18, ""dominated_removed_count"": 14, ""dominance_candidate_pool_size"": 17, ""candidates_after_winnow"": 0}"
santos3,nl,workforce_management_information_a_fair.csv,20,39,27,20,False,0.2277,1.0,0.5128205128205128,0.5128205128205128,818.4014368057251,818.4014368057251,workforce_management_information_a__workforce_management_information_a_fair.csv;workforce_management_information_10__workforce_management_information_a_fair.csv;workforce_management_information_10.csv;workforce_management_information_b__workforce_management_information_b_fair.csv;workforce_management_information_b__workforce_management_information_a_fair.csv;workforce_management_information_b.csv;workforce_management_information_3__workforce_management_information_b_fair.csv;workforce_management_information_3__workforce_management_information_a_fair.csv;workforce_management_information_3.csv;workforce_management_information_10__workforce_management_information_b_fair.csv;workforce_management_information_7__workforce_management_information_b_fair.csv;workforce_management_information_7__workforce_management_information_a_fair.csv;workforce_management_information_7.csv;workforce_management_information_0__workforce_management_information_b_fair.csv;workforce_management_information_0__workforce_management_information_a_fair.csv;workforce_management_information_0.csv;workforce_management_information_2__workforce_management_information_b_fair.csv;workforce_management_information_2__workforce_management_information_a_fair.csv;workforce_management_information_6__workforce_management_information_a_fair.csv;workforce_management_information_1__workforce_management_information_a_fair.csv,"{""needs_fairification"": true, ""success"": false, ""swaps_made"": 2, ""initial_fairness"": 0.1859, ""initial_delta"": 0.21, ""dominated_removed_count"": 4, ""dominance_candidate_pool_size"": 7, ""candidates_after_winnow"": 1}"
santos3,nl,workforce_management_information_b_fair.csv,5,39,25,5,True,0.3237,1.0,0.1282051282051282,0.1282051282051282,204.70756751298904,204.70756751298904,workforce_management_information_b__workforce_management_information_b_fair.csv;workforce_management_information_10__workforce_management_information_a_fair.csv;workforce_management_information_10.csv;workforce_management_information_10__workforce_management_information_b_fair.csv;workforce_management_information_0__workforce_management_information_b_fair.csv,"{""needs_fairification"": true, ""success"": true, ""swaps_made"": 2, ""initial_fairness"": 0.1783, ""initial_delta"": 0.22, ""dominated_removed_count"": 15, ""dominance_candidate_pool_size"": 20, ""candidates_after_winnow"": 3}"
santos3,nl,workforce_management_information_b_fair.csv,10,39,25,10,True,0.3039,1.0,0.2564102564102564,0.2564102564102564,409.3559350371361,409.3559350371361,workforce_management_information_b__workforce_management_information_b_fair.csv;workforce_management_information_10.csv;workforce_management_information_a__workforce_management_information_b_fair.csv;workforce_management_information_a__workforce_management_information_a_fair.csv;workforce_management_information_a.csv;workforce_management_information_6__workforce_management_information_b_fair.csv;workforce_management_information_6__workforce_management_information_a_fair.csv;workforce_management_information_3__workforce_management_information_b_fair.csv;workforce_management_information_10__workforce_management_information_b_fair.csv;workforce_management_information_0__workforce_management_information_b_fair.csv,"{""needs_fairification"": true, ""success"": true, ""swaps_made"": 3, ""initial_fairness"": 0.1821, ""initial_delta"": 0.22, ""dominated_removed_count"": 11, ""dominance_candidate_pool_size"": 15, ""candidates_after_winnow"": 1}"
santos3,nl,workforce_management_information_b_fair.csv,20,39,25,20,False,0.2252,1.0,0.5128205128205128,0.5128205128205128,818.4488096237183,818.4488096237183,workforce_management_information_b__workforce_management_information_b_fair.csv;workforce_management_information_b.csv;workforce_management_information_10__workforce_management_information_a_fair.csv;workforce_management_information_10.csv;workforce_management_information_a__workforce_management_information_b_fair.csv;workforce_management_information_a__workforce_management_information_a_fair.csv;workforce_management_information_a.csv;workforce_management_information_6__workforce_management_information_b_fair.csv;workforce_management_information_6.csv;workforce_management_information_3__workforce_management_information_b_fair.csv;workforce_management_information_3__workforce_management_information_a_fair.csv;workforce_management_information_3.csv;workforce_management_information_10__workforce_management_information_b_fair.csv;workforce_management_information_0__workforce_management_information_b_fair.csv;workforce_management_information_0__workforce_management_information_a_fair.csv;workforce_management_information_0.csv;workforce_management_information_7.csv;workforce_management_information_2__workforce_management_information_b_fair.csv;workforce_management_information_2.csv;workforce_management_information_1__workforce_management_information_b_fair.csv,"{""needs_fairification"": true, ""success"": false, ""swaps_made"": 2, ""initial_fairness"": 0.1981, ""initial_delta"": 0.2, ""dominated_removed_count"": 3, ""dominance_candidate_pool_size"": 5, ""candidates_after_winnow"": 0}"
