bench,approach,q_table,k,gt_size,n_candidates,n_returned,feasible,F,prec,rec,ideal_recall,starmie_sum_score,duts_sum_U,tables,extras
tusSmall3,exhaustive,t_013a2f8c584d44d7____c8_1____3_fair.csv,5,203,152,5,True,0.3244,1.0,0.024630541871921183,0.024630541871921183,37.54564571380615,37.54564571380615,t_013a2f8c584d44d7____c8_1____4__t_013a2f8c584d44d7____c8_1____3_fair.csv;t_013a2f8c584d44d7____c8_1____4__t_013a2f8c584d44d7____c12_0____2_fair.csv;t_013a2f8c584d44d7____c8_1____1__t_013a2f8c584d44d7____c8_1____3_fair.csv;t_013a2f8c584d44d7____c8_1____1__t_013a2f8c584d44d7____c12_0____2_fair.csv;t_013a2f8c584d44d7____c8_1____0__t_013a2f8c584d44d7____c8_1____3_fair.csv,"{""needs_fairification"": true, ""success"": true, ""swaps_made"": 1, ""initial_fairness"": 0.2529, ""initial_delta"": 0.15}"
tusSmall3,exhaustive,t_013a2f8c584d44d7____c8_1____3_fair.csv,10,203,152,10,True,0.3156,1.0,0.04926108374384237,0.04926108374384237,73.3608039021492,73.3608039021492,t_013a2f8c584d44d7____c8_1____4__t_013a2f8c584d44d7____c8_1____3_fair.csv;t_013a2f8c584d44d7____c8_1____4__t_013a2f8c584d44d7____c12_0____2_fair.csv;t_013a2f8c584d44d7____c8_1____1__t_013a2f8c584d44d7____c8_1____3_fair.csv;t_013a2f8c584d44d7____c8_1____1__t_013a2f8c584d44d7____c12_0____2_fair.csv;t_013a2f8c584d44d7____c8_1____2__t_013a2f8c584d44d7____c8_1____3_fair.csv;t_013a2f8c584d44d7____c8_1____2__t_013a2f8c584d44d7____c12_0____2_fair.csv;t_013a2f8c584d44d7____c8_1____4.csv;t_013a2f8c584d44d7____c9_1____0__t_013a2f8c584d44d7____c8_1____3_fair.csv;t_013a2f8c584d44d7____c8_1____0__t_013a2f8c584d44d7____c8_1____3_fair.csv;t_013a2f8c584d44d7____c6_0____4__t_013a2f8c584d44d7____c8_1____3_fair.csv,"{""needs_fairification"": true, ""success"": true, ""swaps_made"": 3, ""initial_fairness"": 0.1975, ""initial_delta"": 0.2}"
tusSmall3,exhaustive,t_013a2f8c584d44d7____c8_1____3_fair.csv,20,203,152,20,True,0.2954,0.9,0.08866995073891626,0.09852216748768473,144.02503097057343,144.02503097057343,t_013a2f8c584d44d7____c8_1____4__t_013a2f8c584d44d7____c8_1____3_fair.csv;t_013a2f8c584d44d7____c8_1____4__t_013a2f8c584d44d7____c12_0____2_fair.csv;t_013a2f8c584d44d7____c8_1____1__t_013a2f8c584d44d7____c8_1____3_fair.csv;t_013a2f8c584d44d7____c8_1____2__t_013a2f8c584d44d7____c8_1____3_fair.csv;t_013a2f8c584d44d7____c8_1____2__t_013a2f8c584d44d7____c12_0____2_fair.csv;t_013a2f8c584d44d7____c8_1____4.csv;t_013a2f8c584d44d7____c8_1____1.csv;t_013a2f8c584d44d7____c8_1____2.csv;t_013a2f8c584d44d7____c9_0____4__t_013a2f8c584d44d7____c12_0____2_fair.csv;t_013a2f8c584d44d7____c9_1____4__t_013a2f8c584d44d7____c8_1____3_fair.csv;t_013a2f8c584d44d7____c9_1____4__t_013a2f8c584d44d7____c12_0____2_fair.csv;t_013a2f8c584d44d7____c9_1____4__t_013a2f8c584d44d7____c11_0____0_fair.csv;t_013a2f8c584d44d7____c9_0____2__t_013a2f8c584d44d7____c12_0____2_fair.csv;t_013a2f8c584d44d7____c9_1____1__t_013a2f8c584d44d7____c8_1____3_fair.csv;t_013a2f8c584d44d7____c9_1____0__t_013a2f8c584d44d7____c8_1____3_fair.csv;t_013a2f8c584d44d7____c9_1____0.csv;t_013a2f8c584d44d7____c8_1____0__t_013a2f8c584d44d7____c8_1____3_fair.csv;t_013a2f8c584d44d7____c7_0____0__t_013a2f8c584d44d7____c8_1____3_fair.csv;t_013a2f8c584d44d7____c6_0____3__t_013a2f8c584d44d7____c8_1____3_fair.csv;t_013a2f8c584d44d7____c6_0____4__t_013a2f8c584d44d7____c8_1____3_fair.csv,"{""needs_fairification"": true, ""success"": true, ""swaps_made"": 7, ""initial_fairness"": 0.1573, ""initial_delta"": 0.24}"
tusSmall3,exhaustive,t_1934eacab8c57857____c10_1____3_fair.csv,5,689,84,0,False,0.42,,0.0,0.00725689404934688,0,0.0,,"{""needs_fairification"": true, ""success"": false, ""swaps_made"": 1, ""initial_fairness"": 0.1809, ""initial_delta"": 0.22}"
tusSmall3,exhaustive,t_1934eacab8c57857____c10_1____3_fair.csv,10,689,84,0,False,0.42,,0.0,0.01451378809869376,0,0.0,,"{""needs_fairification"": true, ""success"": false, ""swaps_made"": 2, ""initial_fairness"": 0.0905, ""initial_delta"": 0.31}"
tusSmall3,exhaustive,t_1934eacab8c57857____c10_1____3_fair.csv,20,689,84,0,False,0.42,,0.0,0.02902757619738752,0,0.0,,"{""needs_fairification"": true, ""success"": false, ""swaps_made"": 2, ""initial_fairness"": 0.048, ""initial_delta"": 0.35}"
tusSmall3,exhaustive,t_013a2f8c584d44d7____c11_0____0_fair.csv,5,183,126,5,True,0.377,0.2,0.00546448087431694,0.0273224043715847,38.80132097005844,38.80132097005844,t_013a2f8c584d44d7____c10_0____0__t_013a2f8c584d44d7____c12_0____2_fair.csv;t_013a2f8c584d44d7____c10_0____2__t_013a2f8c584d44d7____c12_0____2_fair.csv;t_013a2f8c584d44d7____c9_1____0.csv;t_013a2f8c584d44d7____c6_0____4.csv;t_013a2f8c584d44d7____c6_0____0.csv,"{""needs_fairification"": true, ""success"": true, ""swaps_made"": 3, ""initial_fairness"": 0.1242, ""initial_delta"": 0.28}"
tusSmall3,exhaustive,t_013a2f8c584d44d7____c11_0____0_fair.csv,10,183,126,10,True,0.3064,0.3,0.01639344262295082,0.0546448087431694,81.94981384277344,81.94981384277344,t_013a2f8c584d44d7____c10_0____0__t_013a2f8c584d44d7____c12_0____2_fair.csv;t_013a2f8c584d44d7____c10_0____2__t_013a2f8c584d44d7____c12_0____2_fair.csv;t_013a2f8c584d44d7____c10_0____1__t_013a2f8c584d44d7____c12_0____2_fair.csv;t_013a2f8c584d44d7____c10_1____0__t_013a2f8c584d44d7____c12_0____2_fair.csv;t_013a2f8c584d44d7____c10_1____2__t_013a2f8c584d44d7____c12_0____2_fair.csv;t_013a2f8c584d44d7____c9_1____0.csv;t_013a2f8c584d44d7____c9_1____1.csv;t_013a2f8c584d44d7____c7_0____0__t_013a2f8c584d44d7____c11_0____0_fair.csv;t_013a2f8c584d44d7____c6_0____4.csv;t_013a2f8c584d44d7____c6_0____0.csv,"{""needs_fairification"": true, ""success"": true, ""swaps_made"": 5, ""initial_fairness"": 0.099, ""initial_delta"": 0.3}"
tusSmall3,exhaustive,t_013a2f8c584d44d7____c11_0____0_fair.csv,20,183,126,20,True,0.3008,0.35,0.03825136612021858,0.1092896174863388,161.5129092335701,161.5129092335701,t_013a2f8c584d44d7____c10_0____2__t_013a2f8c584d44d7____c12_0____2_fair.csv;t_013a2f8c584d44d7____c10_0____1__t_013a2f8c584d44d7____c12_0____2_fair.csv;t_013a2f8c584d44d7____c10_1____0__t_013a2f8c584d44d7____c12_0____2_fair.csv;t_013a2f8c584d44d7____c10_1____2__t_013a2f8c584d44d7____c12_0____2_fair.csv;t_013a2f8c584d44d7____c10_0____4__t_013a2f8c584d44d7____c12_0____2_fair.csv;t_013a2f8c584d44d7____c10_1____4__t_013a2f8c584d44d7____c12_0____2_fair.csv;t_013a2f8c584d44d7____c10_1____1__t_013a2f8c584d44d7____c12_0____2_fair.csv;t_013a2f8c584d44d7____c10_0____3__t_013a2f8c584d44d7____c12_0____2_fair.csv;t_013a2f8c584d44d7____c10_1____3__t_013a2f8c584d44d7____c12_0____2_fair.csv;t_013a2f8c584d44d7____c9_1____2.csv;t_013a2f8c584d44d7____c9_1____0.csv;t_013a2f8c584d44d7____c9_1____4.csv;t_013a2f8c584d44d7____c9_1____1.csv;t_013a2f8c584d44d7____c7_0____0__t_013a2f8c584d44d7____c11_0____0_fair.csv;t_013a2f8c584d44d7____c7_0____3__t_013a2f8c584d44d7____c11_0____0_fair.csv;t_013a2f8c584d44d7____c7_0____4__t_013a2f8c584d44d7____c11_0____0_fair.csv;t_013a2f8c584d44d7____c6_0____4.csv;t_013a2f8c584d44d7____c6_0____2.csv;t_013a2f8c584d44d7____c6_0____1.csv;t_013a2f8c584d44d7____c6_0____0.csv,"{""needs_fairification"": true, ""success"": true, ""swaps_made"": 11, ""initial_fairness"": 0.0846, ""initial_delta"": 0.32}"
tusSmall3,exhaustive,t_013a2f8c584d44d7____c12_0____2_fair.csv,5,198,131,5,True,0.3723,1.0,0.025252525252525252,0.025252525252525252,50.671355068683624,50.671355068683624,t_013a2f8c584d44d7____c11_0____2__t_013a2f8c584d44d7____c11_0____0_fair.csv;t_013a2f8c584d44d7____c11_0____1__t_013a2f8c584d44d7____c12_0____2_fair.csv;t_013a2f8c584d44d7____c11_1____0__t_013a2f8c584d44d7____c12_0____2_fair.csv;t_013a2f8c584d44d7____c11_1____2__t_013a2f8c584d44d7____c12_0____2_fair.csv;t_013a2f8c584d44d7____c11_1____1__t_013a2f8c584d44d7____c12_0____2_fair.csv,"{""needs_fairification"": false, ""success"": true, ""swaps_made"": 0, ""initial_fairness"": 0.3723, ""initial_delta"": 0.03}"
tusSmall3,exhaustive,t_013a2f8c584d44d7____c12_0____2_fair.csv,10,198,131,10,True,0.4331,1.0,0.050505050505050504,0.050505050505050504,101.20285993814468,101.20285993814468,t_013a2f8c584d44d7____c11_0____2__t_013a2f8c584d44d7____c11_0____0_fair.csv;t_013a2f8c584d44d7____c11_0____1__t_013a2f8c584d44d7____c12_0____2_fair.csv;t_013a2f8c584d44d7____c11_1____0__t_013a2f8c584d44d7____c12_0____2_fair.csv;t_013a2f8c584d44d7____c11_1____2__t_013a2f8c584d44d7____c12_0____2_fair.csv;t_013a2f8c584d44d7____c11_1____1__t_013a2f8c584d44d7____c12_0____2_fair.csv;t_013a2f8c584d44d7____c11_0____4__t_013a2f8c584d44d7____c8_1____3_fair.csv;t_013a2f8c584d44d7____c11_0____4__t_013a2f8c584d44d7____c12_0____2_fair.csv;t_013a2f8c584d44d7____c11_0____4__t_013a2f8c584d44d7____c11_0____0_fair.csv;t_013a2f8c584d44d7____c11_0____3__t_013a2f8c584d44d7____c12_0____2_fair.csv;t_013a2f8c584d44d7____c11_1____3__t_013a2f8c584d44d7____c12_0____2_fair.csv,"{""needs_fairification"": false, ""success"": true, ""swaps_made"": 0, ""initial_fairness"": 0.4331, ""initial_delta"": -0.03}"
tusSmall3,exhaustive,t_013a2f8c584d44d7____c12_0____2_fair.csv,20,198,131,20,True,0.3196,1.0,0.10101010101010101,0.10101010101010101,195.23594105243683,195.23594105243683,t_013a2f8c584d44d7____c11_0____2__t_013a2f8c584d44d7____c11_0____0_fair.csv;t_013a2f8c584d44d7____c11_0____1__t_013a2f8c584d44d7____c12_0____2_fair.csv;t_013a2f8c584d44d7____c11_1____0__t_013a2f8c584d44d7____c12_0____2_fair.csv;t_013a2f8c584d44d7____c11_1____2__t_013a2f8c584d44d7____c12_0____2_fair.csv;t_013a2f8c584d44d7____c11_1____1__t_013a2f8c584d44d7____c12_0____2_fair.csv;t_013a2f8c584d44d7____c11_0____4__t_013a2f8c584d44d7____c8_1____3_fair.csv;t_013a2f8c584d44d7____c11_0____4__t_013a2f8c584d44d7____c12_0____2_fair.csv;t_013a2f8c584d44d7____c11_0____4__t_013a2f8c584d44d7____c11_0____0_fair.csv;t_013a2f8c584d44d7____c11_0____3__t_013a2f8c584d44d7____c12_0____2_fair.csv;t_013a2f8c584d44d7____c11_1____3__t_013a2f8c584d44d7____c12_0____2_fair.csv;t_013a2f8c584d44d7____c10_0____2__t_013a2f8c584d44d7____c12_0____2_fair.csv;t_013a2f8c584d44d7____c10_0____0__t_013a2f8c584d44d7____c8_1____3_fair.csv;t_013a2f8c584d44d7____c10_0____0__t_013a2f8c584d44d7____c12_0____2_fair.csv;t_013a2f8c584d44d7____c10_0____1__t_013a2f8c584d44d7____c8_1____3_fair.csv;t_013a2f8c584d44d7____c10_1____0__t_013a2f8c584d44d7____c12_0____2_fair.csv;t_013a2f8c584d44d7____c10_0____4__t_013a2f8c584d44d7____c12_0____2_fair.csv;t_013a2f8c584d44d7____c10_1____2__t_013a2f8c584d44d7____c8_1____3_fair.csv;t_013a2f8c584d44d7____c10_1____2__t_013a2f8c584d44d7____c12_0____2_fair.csv;t_013a2f8c584d44d7____c10_0____3__t_013a2f8c584d44d7____c12_0____2_fair.csv;t_013a2f8c584d44d7____c10_1____3__t_013a2f8c584d44d7____c8_1____3_fair.csv,"{""needs_fairification"": false, ""success"": true, ""swaps_made"": 0, ""initial_fairness"": 0.3196, ""initial_delta"": 0.08}"
tusSmall3,exhaustive,t_1934eacab8c57857____c2_1____0_fair.csv,5,681,165,5,True,0.3606,0.6,0.004405286343612335,0.007342143906020558,8.592610239982605,8.592610239982605,t_1934eacab8c57857____c2_1____1__t_1934eacab8c57857____c2_1____0_fair.csv;t_1934eacab8c57857____c2_1____1.csv;t_1934eacab8c57857____c3_1____4__t_1934eacab8c57857____c11_1____1_fair.csv;t_1934eacab8c57857____c3_1____4.csv;t_1934eacab8c57857____c10_0____4__t_1934eacab8c57857____c15_1____0_fair.csv,"{""needs_fairification"": true, ""success"": true, ""swaps_made"": 1, ""initial_fairness"": 0.1634, ""initial_delta"": 0.24}"
tusSmall3,exhaustive,t_1934eacab8c57857____c2_1____0_fair.csv,10,681,165,10,True,0.3651,0.5,0.007342143906020558,0.014684287812041116,16.74755710363388,16.74755710363388,t_1934eacab8c57857____c2_1____1__t_1934eacab8c57857____c2_1____0_fair.csv;t_1934eacab8c57857____c2_1____1.csv;t_1934eacab8c57857____c3_1____3__t_1934eacab8c57857____c11_1____1_fair.csv;t_1934eacab8c57857____c3_1____4__t_1934eacab8c57857____c11_1____1_fair.csv;t_1934eacab8c57857____c3_1____4.csv;t_1934eacab8c57857____c5_1____2__t_1934eacab8c57857____c19_0____4_fair.csv;t_1934eacab8c57857____c5_1____2.csv;t_1934eacab8c57857____c4_1____4.csv;t_1934eacab8c57857____c10_0____4__t_1934eacab8c57857____c15_1____0_fair.csv;t_1934eacab8c57857____c10_0____4__t_1934eacab8c57857____c12_0____1_fair.csv,"{""needs_fairification"": true, ""success"": true, ""swaps_made"": 3, ""initial_fairness"": 0.0833, ""initial_delta"": 0.32}"
tusSmall3,exhaustive,t_1934eacab8c57857____c2_1____0_fair.csv,20,681,165,20,True,0.3221,0.5,0.014684287812041116,0.02936857562408223,32.74956977367401,32.74956977367401,t_1934eacab8c57857____c2_1____1__t_1934eacab8c57857____c2_1____0_fair.csv;t_1934eacab8c57857____c2_1____1.csv;t_1934eacab8c57857____c3_1____4__t_1934eacab8c57857____c11_1____1_fair.csv;t_1934eacab8c57857____c3_1____4.csv;t_1934eacab8c57857____c5_1____2__t_1934eacab8c57857____c19_0____4_fair.csv;t_1934eacab8c57857____c5_1____2.csv;t_1934eacab8c57857____c3_1____3.csv;t_1934eacab8c57857____c5_1____3.csv;t_1934eacab8c57857____c5_1____1__t_1934eacab8c57857____c19_0____4_fair.csv;t_1934eacab8c57857____c4_1____3__t_1934eacab8c57857____c2_1____0_fair.csv;t_1934eacab8c57857____c5_1____1.csv;t_1934eacab8c57857____c5_1____4__t_1934eacab8c57857____c11_0____4_fair.csv;t_1934eacab8c57857____c4_1____3.csv;t_1934eacab8c57857____c3_1____0.csv;t_1934eacab8c57857____c4_1____4.csv;t_1934eacab8c57857____c2_0____4__t_1934eacab8c57857____c2_1____0_fair.csv;t_1934eacab8c57857____c2_0____4.csv;t_1934eacab8c57857____c10_0____4__t_1934eacab8c57857____c2_1____0_fair.csv;t_1934eacab8c57857____c10_0____4__t_1934eacab8c57857____c15_1____0_fair.csv;t_1934eacab8c57857____c10_0____4__t_1934eacab8c57857____c12_0____1_fair.csv,"{""needs_fairification"": true, ""success"": true, ""swaps_made"": 6, ""initial_fairness"": 0.0459, ""initial_delta"": 0.35}"
tusSmall3,exhaustive,t_1934eacab8c57857____c11_0____4_fair.csv,5,590,106,0,False,0.4319,,0.0,0.00847457627118644,0,0.0,,"{""needs_fairification"": true, ""success"": false, ""swaps_made"": 3, ""initial_fairness"": 0.1568, ""initial_delta"": 0.24}"
tusSmall3,exhaustive,t_1934eacab8c57857____c11_0____4_fair.csv,10,590,106,0,False,0.4319,,0.0,0.01694915254237288,0,0.0,,"{""needs_fairification"": true, ""success"": false, ""swaps_made"": 2, ""initial_fairness"": 0.1338, ""initial_delta"": 0.27}"
tusSmall3,exhaustive,t_1934eacab8c57857____c11_0____4_fair.csv,20,590,106,0,False,0.4319,,0.0,0.03389830508474576,0,0.0,,"{""needs_fairification"": true, ""success"": false, ""swaps_made"": 0, ""initial_fairness"": 0.0953, ""initial_delta"": 0.3}"
tusSmall3,exhaustive,t_1934eacab8c57857____c11_1____1_fair.csv,5,553,87,5,True,0.3153,0.8,0.007233273056057866,0.009041591320072333,48.718896985054016,48.718896985054016,t_1934eacab8c57857____c13_1____1__t_1934eacab8c57857____c12_0____1_fair.csv;t_1934eacab8c57857____c16_1____0__t_1934eacab8c57857____c11_1____1_fair.csv;t_1934eacab8c57857____c11_1____0__t_1934eacab8c57857____c11_1____1_fair.csv;t_1934eacab8c57857____c18_1____1.csv;t_1934eacab8c57857____c18_1____1__t_1934eacab8c57857____c11_1____1_fair.csv,"{""needs_fairification"": true, ""success"": true, ""swaps_made"": 4, ""initial_fairness"": 0.0663, ""initial_delta"": 0.33}"
tusSmall3,exhaustive,t_1934eacab8c57857____c11_1____1_fair.csv,10,553,87,0,False,0.4072,,0.0,0.018083182640144666,0,0.0,,"{""needs_fairification"": true, ""success"": false, ""swaps_made"": 8, ""initial_fairness"": 0.0395, ""initial_delta"": 0.36}"
tusSmall3,exhaustive,t_1934eacab8c57857____c11_1____1_fair.csv,20,553,87,0,False,0.4072,,0.0,0.03616636528028933,0,0.0,,"{""needs_fairification"": true, ""success"": false, ""swaps_made"": 2, ""initial_fairness"": 0.0443, ""initial_delta"": 0.36}"
tusSmall3,exhaustive,t_1934eacab8c57857____c12_0____1_fair.csv,5,641,72,0,False,0.4153,,0.0,0.0078003120124804995,0,0.0,,"{""needs_fairification"": true, ""success"": false, ""swaps_made"": 5, ""initial_fairness"": 0.0638, ""initial_delta"": 0.34}"
tusSmall3,exhaustive,t_1934eacab8c57857____c12_0____1_fair.csv,10,641,72,0,False,0.4153,,0.0,0.015600624024960999,0,0.0,,"{""needs_fairification"": true, ""success"": false, ""swaps_made"": 6, ""initial_fairness"": 0.0517, ""initial_delta"": 0.35}"
tusSmall3,exhaustive,t_1934eacab8c57857____c12_0____1_fair.csv,20,641,72,0,False,0.4153,,0.0,0.031201248049921998,0,0.0,,"{""needs_fairification"": true, ""success"": false, ""swaps_made"": 1, ""initial_fairness"": 0.0626, ""initial_delta"": 0.34}"
tusSmall3,exhaustive,t_1f6b65ebc2ab3ed3____c2_0____3_fair.csv,5,98,385,5,True,0.3198,1.0,0.05102040816326531,0.05102040816326531,8.830322086811066,8.830322086811066,t_1f6b65ebc2ab3ed3____c2_0____0__t_1f6b65ebc2ab3ed3____c4_0____1_fair.csv;t_1f6b65ebc2ab3ed3____c2_0____0__t_1f6b65ebc2ab3ed3____c2_0____4_fair.csv;t_1f6b65ebc2ab3ed3____c2_0____0__t_1f6b65ebc2ab3ed3____c2_0____3_fair.csv;t_1f6b65ebc2ab3ed3____c3_1____2__t_1f6b65ebc2ab3ed3____c2_0____3_fair.csv;t_1f6b65ebc2ab3ed3____c3_1____4__t_1f6b65ebc2ab3ed3____c2_0____3_fair.csv,"{""needs_fairification"": true, ""success"": true, ""swaps_made"": 2, ""initial_fairness"": 0.1842, ""initial_delta"": 0.22}"
tusSmall3,exhaustive,t_1f6b65ebc2ab3ed3____c2_0____3_fair.csv,10,98,385,10,True,0.3178,1.0,0.10204081632653061,0.10204081632653061,17.976707637310028,17.976707637310028,t_1f6b65ebc2ab3ed3____c2_0____0__t_1f6b65ebc2ab3ed3____c4_0____1_fair.csv;t_1f6b65ebc2ab3ed3____c2_0____0__t_1f6b65ebc2ab3ed3____c2_0____3_fair.csv;t_1f6b65ebc2ab3ed3____c2_0____2__t_1f6b65ebc2ab3ed3____c4_0____1_fair.csv;t_1f6b65ebc2ab3ed3____c2_0____2__t_1f6b65ebc2ab3ed3____c3_1____0_fair.csv;t_1f6b65ebc2ab3ed3____c2_0____2__t_1f6b65ebc2ab3ed3____c2_0____4_fair.csv;t_1f6b65ebc2ab3ed3____c2_0____2__t_1f6b65ebc2ab3ed3____c2_0____3_fair.csv;t_1f6b65ebc2ab3ed3____c2_0____1__t_1f6b65ebc2ab3ed3____c2_0____3_fair.csv;t_1f6b65ebc2ab3ed3____c3_1____2__t_1f6b65ebc2ab3ed3____c2_0____3_fair.csv;t_1f6b65ebc2ab3ed3____c3_1____3__t_1f6b65ebc2ab3ed3____c2_0____3_fair.csv;t_1f6b65ebc2ab3ed3____c3_1____4__t_1f6b65ebc2ab3ed3____c2_0____3_fair.csv,"{""needs_fairification"": true, ""success"": true, ""swaps_made"": 5, ""initial_fairness"": 0.138, ""initial_delta"": 0.26}"
tusSmall3,exhaustive,t_1f6b65ebc2ab3ed3____c2_0____3_fair.csv,20,98,385,20,True,0.2975,1.0,0.20408163265306123,0.20408163265306123,36.132944226264954,36.132944226264954,t_1f6b65ebc2ab3ed3____c2_0____0__t_1f6b65ebc2ab3ed3____c2_0____3_fair.csv;t_1f6b65ebc2ab3ed3____c2_0____2__t_1f6b65ebc2ab3ed3____c4_0____1_fair.csv;t_1f6b65ebc2ab3ed3____c2_0____2__t_1f6b65ebc2ab3ed3____c2_0____4_fair.csv;t_1f6b65ebc2ab3ed3____c2_0____2__t_1f6b65ebc2ab3ed3____c2_0____3_fair.csv;t_1f6b65ebc2ab3ed3____c2_0____2__t_1f6b65ebc2ab3ed3____c1_0____3_fair.csv;t_1f6b65ebc2ab3ed3____c2_0____2__t_1f6b65ebc2ab3ed3____c1_0____2_fair.csv;t_1f6b65ebc2ab3ed3____c2_0____2__t_1f6b65ebc2ab3ed3____c1_0____0_fair.csv;t_1f6b65ebc2ab3ed3____c2_0____1__t_1f6b65ebc2ab3ed3____c4_0____1_fair.csv;t_1f6b65ebc2ab3ed3____c2_0____1__t_1f6b65ebc2ab3ed3____c3_1____0_fair.csv;t_1f6b65ebc2ab3ed3____c2_0____1__t_1f6b65ebc2ab3ed3____c2_0____4_fair.csv;t_1f6b65ebc2ab3ed3____c2_0____1__t_1f6b65ebc2ab3ed3____c2_0____3_fair.csv;t_1f6b65ebc2ab3ed3____c2_0____1__t_1f6b65ebc2ab3ed3____c1_0____3_fair.csv;t_1f6b65ebc2ab3ed3____c2_0____1__t_1f6b65ebc2ab3ed3____c1_0____2_fair.csv;t_1f6b65ebc2ab3ed3____c2_0____1__t_1f6b65ebc2ab3ed3____c1_0____0_fair.csv;t_1f6b65ebc2ab3ed3____c2_0____1.csv;t_1f6b65ebc2ab3ed3____c3_1____1__t_1f6b65ebc2ab3ed3____c2_0____3_fair.csv;t_1f6b65ebc2ab3ed3____c3_1____2__t_1f6b65ebc2ab3ed3____c2_0____3_fair.csv;t_1f6b65ebc2ab3ed3____c3_1____1.csv;t_1f6b65ebc2ab3ed3____c3_1____3__t_1f6b65ebc2ab3ed3____c2_0____3_fair.csv;t_1f6b65ebc2ab3ed3____c3_1____4__t_1f6b65ebc2ab3ed3____c2_0____3_fair.csv,"{""needs_fairification"": true, ""success"": true, ""swaps_made"": 7, ""initial_fairness"": 0.1873, ""initial_delta"": 0.21}"
tusSmall3,exhaustive,t_1f6b65ebc2ab3ed3____c1_0____0_fair.csv,5,137,412,5,True,0.3205,1.0,0.0364963503649635,0.0364963503649635,4.227047681808472,4.227047681808472,t_1f6b65ebc2ab3ed3____c1_0____4__t_1f6b65ebc2ab3ed3____c4_0____1_fair.csv;t_1f6b65ebc2ab3ed3____c1_0____4__t_1f6b65ebc2ab3ed3____c3_1____0_fair.csv;t_1f6b65ebc2ab3ed3____c1_0____4__t_1f6b65ebc2ab3ed3____c1_0____2_fair.csv;t_1f6b65ebc2ab3ed3____c3_0____1__t_1f6b65ebc2ab3ed3____c1_0____0_fair.csv;t_1f6b65ebc2ab3ed3____c3_0____0__t_1f6b65ebc2ab3ed3____c3_1____0_fair.csv,"{""needs_fairification"": true, ""success"": true, ""swaps_made"": 2, ""initial_fairness"": 0.2031, ""initial_delta"": 0.2}"
tusSmall3,exhaustive,t_1f6b65ebc2ab3ed3____c1_0____0_fair.csv,10,137,412,10,True,0.3126,1.0,0.072992700729927,0.072992700729927,8.8349928855896,8.8349928855896,t_1f6b65ebc2ab3ed3____c1_0____4__t_1f6b65ebc2ab3ed3____c4_0____1_fair.csv;t_1f6b65ebc2ab3ed3____c1_0____4__t_1f6b65ebc2ab3ed3____c3_1____0_fair.csv;t_1f6b65ebc2ab3ed3____c1_0____4__t_1f6b65ebc2ab3ed3____c2_0____4_fair.csv;t_1f6b65ebc2ab3ed3____c1_0____4__t_1f6b65ebc2ab3ed3____c1_0____3_fair.csv;t_1f6b65ebc2ab3ed3____c1_0____4__t_1f6b65ebc2ab3ed3____c1_0____2_fair.csv;t_1f6b65ebc2ab3ed3____c1_0____4__t_1f6b65ebc2ab3ed3____c1_0____0_fair.csv;t_1f6b65ebc2ab3ed3____c1_0____1__t_1f6b65ebc2ab3ed3____c3_1____0_fair.csv;t_1f6b65ebc2ab3ed3____c3_0____1__t_1f6b65ebc2ab3ed3____c1_0____0_fair.csv;t_1f6b65ebc2ab3ed3____c3_0____2__t_1f6b65ebc2ab3ed3____c1_0____0_fair.csv;t_1f6b65ebc2ab3ed3____c3_0____0__t_1f6b65ebc2ab3ed3____c3_1____0_fair.csv,"{""needs_fairification"": true, ""success"": true, ""swaps_made"": 3, ""initial_fairness"": 0.2149, ""initial_delta"": 0.19}"
tusSmall3,exhaustive,t_1f6b65ebc2ab3ed3____c1_0____0_fair.csv,20,137,412,20,True,0.3042,1.0,0.145985401459854,0.145985401459854,16.91597592830658,16.91597592830658,t_1f6b65ebc2ab3ed3____c1_0____4__t_1f6b65ebc2ab3ed3____c4_0____1_fair.csv;t_1f6b65ebc2ab3ed3____c1_0____4__t_1f6b65ebc2ab3ed3____c3_1____0_fair.csv;t_1f6b65ebc2ab3ed3____c1_0____4__t_1f6b65ebc2ab3ed3____c2_0____4_fair.csv;t_1f6b65ebc2ab3ed3____c1_0____4__t_1f6b65ebc2ab3ed3____c1_0____3_fair.csv;t_1f6b65ebc2ab3ed3____c1_0____4__t_1f6b65ebc2ab3ed3____c1_0____2_fair.csv;t_1f6b65ebc2ab3ed3____c1_0____4__t_1f6b65ebc2ab3ed3____c1_0____0_fair.csv;t_1f6b65ebc2ab3ed3____c1_0____1__t_1f6b65ebc2ab3ed3____c4_0____1_fair.csv;t_1f6b65ebc2ab3ed3____c1_0____1__t_1f6b65ebc2ab3ed3____c3_1____0_fair.csv;t_1f6b65ebc2ab3ed3____c1_0____1__t_1f6b65ebc2ab3ed3____c2_0____4_fair.csv;t_1f6b65ebc2ab3ed3____c1_0____1__t_1f6b65ebc2ab3ed3____c1_0____3_fair.csv;t_1f6b65ebc2ab3ed3____c1_0____1__t_1f6b65ebc2ab3ed3____c1_0____2_fair.csv;t_1f6b65ebc2ab3ed3____c1_0____1__t_1f6b65ebc2ab3ed3____c1_0____0_fair.csv;t_1f6b65ebc2ab3ed3____c4_0____0__t_1f6b65ebc2ab3ed3____c1_0____0_fair.csv;t_1f6b65ebc2ab3ed3____c3_0____1__t_1f6b65ebc2ab3ed3____c3_1____0_fair.csv;t_1f6b65ebc2ab3ed3____c3_0____1__t_1f6b65ebc2ab3ed3____c1_0____0_fair.csv;t_1f6b65ebc2ab3ed3____c4_0____3__t_1f6b65ebc2ab3ed3____c3_1____0_fair.csv;t_1f6b65ebc2ab3ed3____c4_0____4__t_1f6b65ebc2ab3ed3____c3_1____0_fair.csv;t_1f6b65ebc2ab3ed3____c3_0____2__t_1f6b65ebc2ab3ed3____c3_1____0_fair.csv;t_1f6b65ebc2ab3ed3____c3_0____2__t_1f6b65ebc2ab3ed3____c1_0____0_fair.csv;t_1f6b65ebc2ab3ed3____c3_0____0__t_1f6b65ebc2ab3ed3____c3_1____0_fair.csv,"{""needs_fairification"": true, ""success"": true, ""swaps_made"": 8, ""initial_fairness"": 0.1391, ""initial_delta"": 0.26}"
tusSmall3,exhaustive,t_1f6b65ebc2ab3ed3____c1_0____3_fair.csv,5,137,407,5,True,0.3182,1.0,0.0364963503649635,0.0364963503649635,4.215115487575531,4.215115487575531,t_1f6b65ebc2ab3ed3____c1_0____1__t_1f6b65ebc2ab3ed3____c4_0____1_fair.csv;t_1f6b65ebc2ab3ed3____c1_0____1__t_1f6b65ebc2ab3ed3____c2_0____4_fair.csv;t_1f6b65ebc2ab3ed3____c1_0____1__t_1f6b65ebc2ab3ed3____c1_0____3_fair.csv;t_1f6b65ebc2ab3ed3____c4_0____3__t_1f6b65ebc2ab3ed3____c1_0____3_fair.csv;t_1f6b65ebc2ab3ed3____c3_0____0__t_1f6b65ebc2ab3ed3____c1_0____3_fair.csv,"{""needs_fairification"": true, ""success"": true, ""swaps_made"": 2, ""initial_fairness"": 0.2066, ""initial_delta"": 0.19}"
tusSmall3,exhaustive,t_1f6b65ebc2ab3ed3____c1_0____3_fair.csv,10,137,407,10,True,0.3064,1.0,0.072992700729927,0.072992700729927,8.428670227527618,8.428670227527618,t_1f6b65ebc2ab3ed3____c1_0____1__t_1f6b65ebc2ab3ed3____c4_0____1_fair.csv;t_1f6b65ebc2ab3ed3____c1_0____1__t_1f6b65ebc2ab3ed3____c2_0____4_fair.csv;t_1f6b65ebc2ab3ed3____c1_0____1__t_1f6b65ebc2ab3ed3____c1_0____3_fair.csv;t_1f6b65ebc2ab3ed3____c1_0____1__t_1f6b65ebc2ab3ed3____c1_0____2_fair.csv;t_1f6b65ebc2ab3ed3____c1_0____1__t_1f6b65ebc2ab3ed3____c1_0____0_fair.csv;t_1f6b65ebc2ab3ed3____c1_0____4__t_1f6b65ebc2ab3ed3____c1_0____3_fair.csv;t_1f6b65ebc2ab3ed3____c4_0____3__t_1f6b65ebc2ab3ed3____c1_0____3_fair.csv;t_1f6b65ebc2ab3ed3____c4_0____4__t_1f6b65ebc2ab3ed3____c1_0____3_fair.csv;t_1f6b65ebc2ab3ed3____c3_0____2__t_1f6b65ebc2ab3ed3____c1_0____3_fair.csv;t_1f6b65ebc2ab3ed3____c3_0____0__t_1f6b65ebc2ab3ed3____c1_0____3_fair.csv,"{""needs_fairification"": true, ""success"": true, ""swaps_made"": 4, ""initial_fairness"": 0.185, ""initial_delta"": 0.22}"
tusSmall3,exhaustive,t_1f6b65ebc2ab3ed3____c1_0____3_fair.csv,20,137,407,0,False,0.4383,,0.0,0.145985401459854,0,0.0,,"{""needs_fairification"": true, ""success"": false, ""swaps_made"": 7, ""initial_fairness"": 0.1107, ""initial_delta"": 0.29}"
tusSmall3,exhaustive,t_1934eacab8c57857____c4_0____4_fair.csv,5,789,179,5,True,0.3092,1.0,0.0063371356147021544,0.0063371356147021544,18.49235361814499,18.49235361814499,t_1934eacab8c57857____c4_0____3__t_1934eacab8c57857____c4_0____4_fair.csv;t_1934eacab8c57857____c4_0____3__t_1934eacab8c57857____c15_1____3_fair.csv;t_1934eacab8c57857____c4_0____3.csv;t_1934eacab8c57857____c6_0____3.csv;t_1934eacab8c57857____c4_0____2__t_1934eacab8c57857____c4_0____4_fair.csv,"{""needs_fairification"": false, ""success"": true, ""swaps_made"": 0, ""initial_fairness"": 0.3092, ""initial_delta"": 0.09}"
tusSmall3,exhaustive,t_1934eacab8c57857____c4_0____4_fair.csv,10,789,179,0,False,0.4368,,0.0,0.012674271229404309,0,0.0,,"{""needs_fairification"": true, ""success"": false, ""swaps_made"": 3, ""initial_fairness"": 0.1637, ""initial_delta"": 0.24}"
tusSmall3,exhaustive,t_1934eacab8c57857____c4_0____4_fair.csv,20,789,179,0,False,0.4368,,0.0,0.025348542458808618,0,0.0,,"{""needs_fairification"": true, ""success"": false, ""swaps_made"": 2, ""initial_fairness"": 0.0867, ""initial_delta"": 0.31}"
tusSmall3,exhaustive,t_1f6b65ebc2ab3ed3____c2_0____4_fair.csv,5,137,388,5,True,0.3174,1.0,0.0364963503649635,0.0364963503649635,8.563003838062286,8.563003838062286,t_1f6b65ebc2ab3ed3____c2_0____0__t_1f6b65ebc2ab3ed3____c4_0____1_fair.csv;t_1f6b65ebc2ab3ed3____c2_0____0__t_1f6b65ebc2ab3ed3____c2_0____4_fair.csv;t_1f6b65ebc2ab3ed3____c2_0____0__t_1f6b65ebc2ab3ed3____c2_0____3_fair.csv;t_1f6b65ebc2ab3ed3____c2_0____0__t_1f6b65ebc2ab3ed3____c1_0____3_fair.csv;t_1f6b65ebc2ab3ed3____c3_0____0__t_1f6b65ebc2ab3ed3____c2_0____4_fair.csv,"{""needs_fairification"": true, ""success"": true, ""swaps_made"": 1, ""initial_fairness"": 0.2601, ""initial_delta"": 0.14}"
tusSmall3,exhaustive,t_1f6b65ebc2ab3ed3____c2_0____4_fair.csv,10,137,388,10,True,0.3049,1.0,0.072992700729927,0.072992700729927,17.79774659872055,17.79774659872055,t_1f6b65ebc2ab3ed3____c2_0____0__t_1f6b65ebc2ab3ed3____c4_0____1_fair.csv;t_1f6b65ebc2ab3ed3____c2_0____0__t_1f6b65ebc2ab3ed3____c2_0____4_fair.csv;t_1f6b65ebc2ab3ed3____c2_0____0__t_1f6b65ebc2ab3ed3____c2_0____3_fair.csv;t_1f6b65ebc2ab3ed3____c2_0____0__t_1f6b65ebc2ab3ed3____c1_0____2_fair.csv;t_1f6b65ebc2ab3ed3____c2_0____0__t_1f6b65ebc2ab3ed3____c1_0____0_fair.csv;t_1f6b65ebc2ab3ed3____c2_0____1__t_1f6b65ebc2ab3ed3____c4_0____1_fair.csv;t_1f6b65ebc2ab3ed3____c2_0____1__t_1f6b65ebc2ab3ed3____c3_1____0_fair.csv;t_1f6b65ebc2ab3ed3____c2_0____1__t_1f6b65ebc2ab3ed3____c2_0____4_fair.csv;t_1f6b65ebc2ab3ed3____c3_1____3__t_1f6b65ebc2ab3ed3____c4_0____1_fair.csv;t_1f6b65ebc2ab3ed3____c3_0____0__t_1f6b65ebc2ab3ed3____c2_0____4_fair.csv,"{""needs_fairification"": true, ""success"": true, ""swaps_made"": 2, ""initial_fairness"": 0.2418, ""initial_delta"": 0.16}"
tusSmall3,exhaustive,t_1f6b65ebc2ab3ed3____c2_0____4_fair.csv,20,137,388,20,True,0.3064,1.0,0.145985401459854,0.145985401459854,34.15986514091492,34.15986514091492,t_1f6b65ebc2ab3ed3____c2_0____0__t_1f6b65ebc2ab3ed3____c4_0____1_fair.csv;t_1f6b65ebc2ab3ed3____c2_0____0__t_1f6b65ebc2ab3ed3____c2_0____4_fair.csv;t_1f6b65ebc2ab3ed3____c2_0____0__t_1f6b65ebc2ab3ed3____c2_0____3_fair.csv;t_1f6b65ebc2ab3ed3____c2_0____1__t_1f6b65ebc2ab3ed3____c4_0____1_fair.csv;t_1f6b65ebc2ab3ed3____c2_0____1__t_1f6b65ebc2ab3ed3____c3_1____0_fair.csv;t_1f6b65ebc2ab3ed3____c2_0____1__t_1f6b65ebc2ab3ed3____c2_0____4_fair.csv;t_1f6b65ebc2ab3ed3____c2_0____1__t_1f6b65ebc2ab3ed3____c2_0____3_fair.csv;t_1f6b65ebc2ab3ed3____c2_0____1__t_1f6b65ebc2ab3ed3____c1_0____3_fair.csv;t_1f6b65ebc2ab3ed3____c2_0____1__t_1f6b65ebc2ab3ed3____c1_0____2_fair.csv;t_1f6b65ebc2ab3ed3____c2_0____2__t_1f6b65ebc2ab3ed3____c4_0____1_fair.csv;t_1f6b65ebc2ab3ed3____c2_0____2__t_1f6b65ebc2ab3ed3____c3_1____0_fair.csv;t_1f6b65ebc2ab3ed3____c2_0____2__t_1f6b65ebc2ab3ed3____c2_0____4_fair.csv;t_1f6b65ebc2ab3ed3____c2_0____2__t_1f6b65ebc2ab3ed3____c2_0____3_fair.csv;t_1f6b65ebc2ab3ed3____c2_0____2__t_1f6b65ebc2ab3ed3____c1_0____3_fair.csv;t_1f6b65ebc2ab3ed3____c3_1____3__t_1f6b65ebc2ab3ed3____c4_0____1_fair.csv;t_1f6b65ebc2ab3ed3____c3_1____3__t_1f6b65ebc2ab3ed3____c2_0____4_fair.csv;t_1f6b65ebc2ab3ed3____c3_1____4__t_1f6b65ebc2ab3ed3____c4_0____1_fair.csv;t_1f6b65ebc2ab3ed3____c3_1____4__t_1f6b65ebc2ab3ed3____c2_0____4_fair.csv;t_1f6b65ebc2ab3ed3____c3_0____0__t_1f6b65ebc2ab3ed3____c2_0____4_fair.csv;t_1f6b65ebc2ab3ed3____c4_0____4__t_1f6b65ebc2ab3ed3____c4_0____1_fair.csv,"{""needs_fairification"": true, ""success"": true, ""swaps_made"": 6, ""initial_fairness"": 0.2091, ""initial_delta"": 0.19}"
tusSmall3,exhaustive,t_1f6b65ebc2ab3ed3____c1_0____2_fair.csv,5,137,405,5,True,0.3186,1.0,0.0364963503649635,0.0364963503649635,4.221417248249054,4.221417248249054,t_1f6b65ebc2ab3ed3____c1_0____1__t_1f6b65ebc2ab3ed3____c4_0____1_fair.csv;t_1f6b65ebc2ab3ed3____c1_0____1__t_1f6b65ebc2ab3ed3____c2_0____4_fair.csv;t_1f6b65ebc2ab3ed3____c1_0____1__t_1f6b65ebc2ab3ed3____c1_0____2_fair.csv;t_1f6b65ebc2ab3ed3____c4_0____3__t_1f6b65ebc2ab3ed3____c1_0____2_fair.csv;t_1f6b65ebc2ab3ed3____c3_0____2__t_1f6b65ebc2ab3ed3____c1_0____2_fair.csv,"{""needs_fairification"": true, ""success"": true, ""swaps_made"": 2, ""initial_fairness"": 0.2026, ""initial_delta"": 0.2}"
tusSmall3,exhaustive,t_1f6b65ebc2ab3ed3____c1_0____2_fair.csv,10,137,405,10,True,0.3093,1.0,0.072992700729927,0.072992700729927,8.47176057100296,8.47176057100296,t_1f6b65ebc2ab3ed3____c1_0____1__t_1f6b65ebc2ab3ed3____c1_0____2_fair.csv;t_1f6b65ebc2ab3ed3____c1_0____4__t_1f6b65ebc2ab3ed3____c4_0____1_fair.csv;t_1f6b65ebc2ab3ed3____c1_0____4__t_1f6b65ebc2ab3ed3____c3_1____0_fair.csv;t_1f6b65ebc2ab3ed3____c1_0____4__t_1f6b65ebc2ab3ed3____c2_0____4_fair.csv;t_1f6b65ebc2ab3ed3____c1_0____4__t_1f6b65ebc2ab3ed3____c1_0____3_fair.csv;t_1f6b65ebc2ab3ed3____c1_0____4__t_1f6b65ebc2ab3ed3____c1_0____2_fair.csv;t_1f6b65ebc2ab3ed3____c4_0____0__t_1f6b65ebc2ab3ed3____c1_0____2_fair.csv;t_1f6b65ebc2ab3ed3____c3_0____1__t_1f6b65ebc2ab3ed3____c1_0____2_fair.csv;t_1f6b65ebc2ab3ed3____c4_0____3__t_1f6b65ebc2ab3ed3____c1_0____2_fair.csv;t_1f6b65ebc2ab3ed3____c3_0____2__t_1f6b65ebc2ab3ed3____c1_0____2_fair.csv,"{""needs_fairification"": true, ""success"": true, ""swaps_made"": 4, ""initial_fairness"": 0.1837, ""initial_delta"": 0.22}"
tusSmall3,exhaustive,t_1f6b65ebc2ab3ed3____c1_0____2_fair.csv,20,137,405,0,False,0.4173,,0.0,0.145985401459854,0,0.0,,"{""needs_fairification"": true, ""success"": false, ""swaps_made"": 8, ""initial_fairness"": 0.1052, ""initial_delta"": 0.29}"
tusSmall3,exhaustive,t_28dc8f7610402ea7____c1_1____0_fair.csv,5,182,259,5,True,0.3222,1.0,0.027472527472527472,0.027472527472527472,4.527020812034607,4.527020812034607,t_28dc8f7610402ea7____c1_1____3__t_28dc8f7610402ea7____c1_1____0_fair.csv;t_28dc8f7610402ea7____c1_1____4.csv;t_28dc8f7610402ea7____c1_1____4__t_28dc8f7610402ea7____c7_1____2_fair.csv;t_28dc8f7610402ea7____c1_1____4__t_28dc8f7610402ea7____c1_1____0_fair.csv;t_28dc8f7610402ea7____c8_1____3__t_28dc8f7610402ea7____c1_1____0_fair.csv,"{""needs_fairification"": true, ""success"": true, ""swaps_made"": 1, ""initial_fairness"": 0.2429, ""initial_delta"": 0.16}"
tusSmall3,exhaustive,t_28dc8f7610402ea7____c1_1____0_fair.csv,10,182,259,10,True,0.3078,1.0,0.054945054945054944,0.054945054945054944,9.208764135837555,9.208764135837555,t_28dc8f7610402ea7____c1_1____3__t_28dc8f7610402ea7____c1_1____0_fair.csv;t_28dc8f7610402ea7____c1_1____4.csv;t_28dc8f7610402ea7____c1_1____4__t_28dc8f7610402ea7____c7_1____2_fair.csv;t_28dc8f7610402ea7____c1_1____4__t_28dc8f7610402ea7____c1_1____0_fair.csv;t_28dc8f7610402ea7____c1_1____2__t_28dc8f7610402ea7____c1_1____0_fair.csv;t_28dc8f7610402ea7____c1_1____1.csv;t_28dc8f7610402ea7____c1_1____1__t_28dc8f7610402ea7____c7_1____2_fair.csv;t_28dc8f7610402ea7____c1_1____1__t_28dc8f7610402ea7____c1_1____0_fair.csv;t_28dc8f7610402ea7____c2_0____3__t_28dc8f7610402ea7____c1_1____0_fair.csv;t_28dc8f7610402ea7____c8_1____3__t_28dc8f7610402ea7____c1_1____0_fair.csv,"{""needs_fairification"": true, ""success"": true, ""swaps_made"": 2, ""initial_fairness"": 0.2193, ""initial_delta"": 0.18}"
tusSmall3,exhaustive,t_28dc8f7610402ea7____c1_1____0_fair.csv,20,182,259,20,True,0.3088,1.0,0.10989010989010989,0.10989010989010989,17.78141015768051,17.78141015768051,t_28dc8f7610402ea7____c1_1____3__t_28dc8f7610402ea7____c7_1____2_fair.csv;t_28dc8f7610402ea7____c1_1____3__t_28dc8f7610402ea7____c1_1____0_fair.csv;t_28dc8f7610402ea7____c1_1____4.csv;t_28dc8f7610402ea7____c1_1____4__t_28dc8f7610402ea7____c7_1____2_fair.csv;t_28dc8f7610402ea7____c1_1____4__t_28dc8f7610402ea7____c1_1____0_fair.csv;t_28dc8f7610402ea7____c1_1____2__t_28dc8f7610402ea7____c1_1____0_fair.csv;t_28dc8f7610402ea7____c1_1____1.csv;t_28dc8f7610402ea7____c1_1____1__t_28dc8f7610402ea7____c7_1____2_fair.csv;t_28dc8f7610402ea7____c1_1____1__t_28dc8f7610402ea7____c1_1____0_fair.csv;t_28dc8f7610402ea7____c1_1____3.csv;t_28dc8f7610402ea7____c1_1____2.csv;t_28dc8f7610402ea7____c2_0____1.csv;t_28dc8f7610402ea7____c2_0____0__t_28dc8f7610402ea7____c1_1____0_fair.csv;t_28dc8f7610402ea7____c2_0____3__t_28dc8f7610402ea7____c1_1____0_fair.csv;t_28dc8f7610402ea7____c4_1____0__t_28dc8f7610402ea7____c1_1____0_fair.csv;t_28dc8f7610402ea7____c5_0____2__t_28dc8f7610402ea7____c1_1____0_fair.csv;t_28dc8f7610402ea7____c5_0____4__t_28dc8f7610402ea7____c1_1____0_fair.csv;t_28dc8f7610402ea7____c5_0____3__t_28dc8f7610402ea7____c1_1____0_fair.csv;t_28dc8f7610402ea7____c7_1____3__t_28dc8f7610402ea7____c1_1____0_fair.csv;t_28dc8f7610402ea7____c8_1____3__t_28dc8f7610402ea7____c1_1____0_fair.csv,"{""needs_fairification"": true, ""success"": true, ""swaps_made"": 8, ""initial_fairness"": 0.1174, ""initial_delta"": 0.28}"
tusSmall3,exhaustive,t_1f6b65ebc2ab3ed3____c4_0____1_fair.csv,5,137,307,5,True,0.3352,1.0,0.0364963503649635,0.0364963503649635,18.656490325927734,18.656490325927734,t_1f6b65ebc2ab3ed3____c4_0____2__t_1f6b65ebc2ab3ed3____c4_0____1_fair.csv;t_1f6b65ebc2ab3ed3____c4_0____2__t_1f6b65ebc2ab3ed3____c2_0____4_fair.csv;t_1f6b65ebc2ab3ed3____c4_0____2__t_1f6b65ebc2ab3ed3____c2_0____3_fair.csv;t_1f6b65ebc2ab3ed3____c4_0____2__t_1f6b65ebc2ab3ed3____c1_0____3_fair.csv;t_1f6b65ebc2ab3ed3____c3_0____2__t_1f6b65ebc2ab3ed3____c2_0____4_fair.csv,"{""needs_fairification"": true, ""success"": true, ""swaps_made"": 1, ""initial_fairness"": 0.2795, ""initial_delta"": 0.12}"
tusSmall3,exhaustive,t_1f6b65ebc2ab3ed3____c4_0____1_fair.csv,10,137,307,10,True,0.3195,1.0,0.072992700729927,0.072992700729927,37.2332808971405,37.2332808971405,t_1f6b65ebc2ab3ed3____c4_0____2__t_1f6b65ebc2ab3ed3____c4_0____1_fair.csv;t_1f6b65ebc2ab3ed3____c4_0____2__t_1f6b65ebc2ab3ed3____c3_1____0_fair.csv;t_1f6b65ebc2ab3ed3____c4_0____2__t_1f6b65ebc2ab3ed3____c2_0____4_fair.csv;t_1f6b65ebc2ab3ed3____c4_0____2__t_1f6b65ebc2ab3ed3____c2_0____3_fair.csv;t_1f6b65ebc2ab3ed3____c4_0____2__t_1f6b65ebc2ab3ed3____c1_0____3_fair.csv;t_1f6b65ebc2ab3ed3____c4_0____2__t_1f6b65ebc2ab3ed3____c1_0____0_fair.csv;t_1f6b65ebc2ab3ed3____c4_0____4__t_1f6b65ebc2ab3ed3____c4_0____1_fair.csv;t_1f6b65ebc2ab3ed3____c4_0____4__t_1f6b65ebc2ab3ed3____c2_0____4_fair.csv;t_1f6b65ebc2ab3ed3____c3_0____2__t_1f6b65ebc2ab3ed3____c2_0____4_fair.csv;t_1f6b65ebc2ab3ed3____c3_0____0__t_1f6b65ebc2ab3ed3____c2_0____4_fair.csv,"{""needs_fairification"": true, ""success"": true, ""swaps_made"": 2, ""initial_fairness"": 0.2562, ""initial_delta"": 0.14}"
tusSmall3,exhaustive,t_1f6b65ebc2ab3ed3____c4_0____1_fair.csv,20,137,307,20,True,0.3103,1.0,0.145985401459854,0.145985401459854,71.73956257104874,71.73956257104874,t_1f6b65ebc2ab3ed3____c4_0____2__t_1f6b65ebc2ab3ed3____c4_0____1_fair.csv;t_1f6b65ebc2ab3ed3____c4_0____2__t_1f6b65ebc2ab3ed3____c3_1____0_fair.csv;t_1f6b65ebc2ab3ed3____c4_0____2__t_1f6b65ebc2ab3ed3____c2_0____4_fair.csv;t_1f6b65ebc2ab3ed3____c4_0____2__t_1f6b65ebc2ab3ed3____c2_0____3_fair.csv;t_1f6b65ebc2ab3ed3____c4_0____2__t_1f6b65ebc2ab3ed3____c1_0____3_fair.csv;t_1f6b65ebc2ab3ed3____c4_0____2__t_1f6b65ebc2ab3ed3____c1_0____2_fair.csv;t_1f6b65ebc2ab3ed3____c4_0____2__t_1f6b65ebc2ab3ed3____c1_0____0_fair.csv;t_1f6b65ebc2ab3ed3____c4_0____4__t_1f6b65ebc2ab3ed3____c4_0____1_fair.csv;t_1f6b65ebc2ab3ed3____c4_0____4__t_1f6b65ebc2ab3ed3____c2_0____4_fair.csv;t_1f6b65ebc2ab3ed3____c4_0____4__t_1f6b65ebc2ab3ed3____c2_0____3_fair.csv;t_1f6b65ebc2ab3ed3____c4_0____4__t_1f6b65ebc2ab3ed3____c1_0____0_fair.csv;t_1f6b65ebc2ab3ed3____c4_0____0__t_1f6b65ebc2ab3ed3____c4_0____1_fair.csv;t_1f6b65ebc2ab3ed3____c4_0____0__t_1f6b65ebc2ab3ed3____c2_0____4_fair.csv;t_1f6b65ebc2ab3ed3____c4_0____0__t_1f6b65ebc2ab3ed3____c2_0____3_fair.csv;t_1f6b65ebc2ab3ed3____c3_0____2__t_1f6b65ebc2ab3ed3____c2_0____4_fair.csv;t_1f6b65ebc2ab3ed3____c3_0____4__t_1f6b65ebc2ab3ed3____c4_0____1_fair.csv;t_1f6b65ebc2ab3ed3____c3_0____0__t_1f6b65ebc2ab3ed3____c2_0____4_fair.csv;t_1f6b65ebc2ab3ed3____c3_0____3__t_1f6b65ebc2ab3ed3____c2_0____4_fair.csv;t_1f6b65ebc2ab3ed3____c3_1____2__t_1f6b65ebc2ab3ed3____c2_0____4_fair.csv;t_1f6b65ebc2ab3ed3____c3_1____1__t_1f6b65ebc2ab3ed3____c4_0____1_fair.csv,"{""needs_fairification"": true, ""success"": true, ""swaps_made"": 6, ""initial_fairness"": 0.2117, ""initial_delta"": 0.19}"
tusSmall3,exhaustive,t_28dc8f7610402ea7____c4_1____4_fair.csv,5,195,201,5,True,0.3065,1.0,0.02564102564102564,0.02564102564102564,18.763306617736816,18.763306617736816,t_28dc8f7610402ea7____c4_1____2__t_28dc8f7610402ea7____c9_0____3_fair.csv;t_28dc8f7610402ea7____c4_1____2__t_28dc8f7610402ea7____c7_1____2_fair.csv;t_28dc8f7610402ea7____c4_1____2__t_28dc8f7610402ea7____c4_1____4_fair.csv;t_28dc8f7610402ea7____c4_1____0__t_28dc8f7610402ea7____c4_1____4_fair.csv;t_28dc8f7610402ea7____c5_0____0__t_28dc8f7610402ea7____c4_1____4_fair.csv,"{""needs_fairification"": true, ""success"": true, ""swaps_made"": 2, ""initial_fairness"": 0.1534, ""initial_delta"": 0.25}"
tusSmall3,exhaustive,t_28dc8f7610402ea7____c4_1____4_fair.csv,10,195,201,10,True,0.318,1.0,0.05128205128205128,0.05128205128205128,35.55244207382202,35.55244207382202,t_28dc8f7610402ea7____c4_1____2__t_28dc8f7610402ea7____c7_1____2_fair.csv;t_28dc8f7610402ea7____c4_1____2__t_28dc8f7610402ea7____c4_1____4_fair.csv;t_28dc8f7610402ea7____c4_1____3__t_28dc8f7610402ea7____c4_1____4_fair.csv;t_28dc8f7610402ea7____c4_1____3__t_28dc8f7610402ea7____c1_1____0_fair.csv;t_28dc8f7610402ea7____c4_1____2.csv;t_28dc8f7610402ea7____c4_1____3.csv;t_28dc8f7610402ea7____c4_1____0__t_28dc8f7610402ea7____c4_1____4_fair.csv;t_28dc8f7610402ea7____c4_1____1__t_28dc8f7610402ea7____c4_1____4_fair.csv;t_28dc8f7610402ea7____c5_0____0__t_28dc8f7610402ea7____c4_1____4_fair.csv;t_28dc8f7610402ea7____c2_1____1__t_28dc8f7610402ea7____c4_1____4_fair.csv,"{""needs_fairification"": true, ""success"": true, ""swaps_made"": 4, ""initial_fairness"": 0.141, ""initial_delta"": 0.26}"
tusSmall3,exhaustive,t_28dc8f7610402ea7____c4_1____4_fair.csv,20,195,201,20,True,0.299,1.0,0.10256410256410256,0.10256410256410256,67.56000018119812,67.56000018119812,t_28dc8f7610402ea7____c4_1____2__t_28dc8f7610402ea7____c7_1____2_fair.csv;t_28dc8f7610402ea7____c4_1____2__t_28dc8f7610402ea7____c4_1____4_fair.csv;t_28dc8f7610402ea7____c4_1____3__t_28dc8f7610402ea7____c7_1____2_fair.csv;t_28dc8f7610402ea7____c4_1____3__t_28dc8f7610402ea7____c4_1____4_fair.csv;t_28dc8f7610402ea7____c4_1____3__t_28dc8f7610402ea7____c1_1____0_fair.csv;t_28dc8f7610402ea7____c4_1____2.csv;t_28dc8f7610402ea7____c4_1____3.csv;t_28dc8f7610402ea7____c4_1____0__t_28dc8f7610402ea7____c7_1____2_fair.csv;t_28dc8f7610402ea7____c4_1____0__t_28dc8f7610402ea7____c4_1____4_fair.csv;t_28dc8f7610402ea7____c4_1____0.csv;t_28dc8f7610402ea7____c5_0____4__t_28dc8f7610402ea7____c4_1____4_fair.csv;t_28dc8f7610402ea7____c5_0____4__t_28dc8f7610402ea7____c1_1____0_fair.csv;t_28dc8f7610402ea7____c4_1____1__t_28dc8f7610402ea7____c4_1____4_fair.csv;t_28dc8f7610402ea7____c5_0____0__t_28dc8f7610402ea7____c4_1____4_fair.csv;t_28dc8f7610402ea7____c6_1____3__t_28dc8f7610402ea7____c4_1____4_fair.csv;t_28dc8f7610402ea7____c6_1____4__t_28dc8f7610402ea7____c4_1____4_fair.csv;t_28dc8f7610402ea7____c8_0____4__t_28dc8f7610402ea7____c4_1____4_fair.csv;t_28dc8f7610402ea7____c2_1____4__t_28dc8f7610402ea7____c4_1____4_fair.csv;t_28dc8f7610402ea7____c2_1____1__t_28dc8f7610402ea7____c4_1____4_fair.csv;t_28dc8f7610402ea7____c2_1____0__t_28dc8f7610402ea7____c4_1____4_fair.csv,"{""needs_fairification"": true, ""success"": true, ""swaps_made"": 8, ""initial_fairness"": 0.1202, ""initial_delta"": 0.28}"
tusSmall3,exhaustive,t_1f6b65ebc2ab3ed3____c3_1____0_fair.csv,5,137,382,5,True,0.3278,1.0,0.0364963503649635,0.0364963503649635,14.327278077602386,14.327278077602386,t_1f6b65ebc2ab3ed3____c3_1____3__t_1f6b65ebc2ab3ed3____c3_1____0_fair.csv;t_1f6b65ebc2ab3ed3____c3_1____3__t_1f6b65ebc2ab3ed3____c2_0____4_fair.csv;t_1f6b65ebc2ab3ed3____c3_1____3__t_1f6b65ebc2ab3ed3____c2_0____3_fair.csv;t_1f6b65ebc2ab3ed3____c4_0____3__t_1f6b65ebc2ab3ed3____c3_1____0_fair.csv;t_1f6b65ebc2ab3ed3____c3_0____3__t_1f6b65ebc2ab3ed3____c3_1____0_fair.csv,"{""needs_fairification"": true, ""success"": true, ""swaps_made"": 2, ""initial_fairness"": 0.2127, ""initial_delta"": 0.19}"
tusSmall3,exhaustive,t_1f6b65ebc2ab3ed3____c3_1____0_fair.csv,10,137,382,10,True,0.3153,1.0,0.072992700729927,0.072992700729927,29.10180151462555,29.10180151462555,t_1f6b65ebc2ab3ed3____c3_1____3__t_1f6b65ebc2ab3ed3____c3_1____0_fair.csv;t_1f6b65ebc2ab3ed3____c3_1____3__t_1f6b65ebc2ab3ed3____c2_0____4_fair.csv;t_1f6b65ebc2ab3ed3____c3_1____3__t_1f6b65ebc2ab3ed3____c2_0____3_fair.csv;t_1f6b65ebc2ab3ed3____c3_1____3__t_1f6b65ebc2ab3ed3____c1_0____0_fair.csv;t_1f6b65ebc2ab3ed3____c3_1____4__t_1f6b65ebc2ab3ed3____c4_0____1_fair.csv;t_1f6b65ebc2ab3ed3____c3_1____4__t_1f6b65ebc2ab3ed3____c3_1____0_fair.csv;t_1f6b65ebc2ab3ed3____c3_1____4__t_1f6b65ebc2ab3ed3____c2_0____4_fair.csv;t_1f6b65ebc2ab3ed3____c3_1____4__t_1f6b65ebc2ab3ed3____c1_0____0_fair.csv;t_1f6b65ebc2ab3ed3____c4_0____3__t_1f6b65ebc2ab3ed3____c3_1____0_fair.csv;t_1f6b65ebc2ab3ed3____c3_0____3__t_1f6b65ebc2ab3ed3____c3_1____0_fair.csv,"{""needs_fairification"": true, ""success"": true, ""swaps_made"": 3, ""initial_fairness"": 0.2214, ""initial_delta"": 0.18}"
tusSmall3,exhaustive,t_1f6b65ebc2ab3ed3____c3_1____0_fair.csv,20,137,382,20,True,0.3065,1.0,0.145985401459854,0.145985401459854,54.14967626333237,54.14967626333237,t_1f6b65ebc2ab3ed3____c3_1____3__t_1f6b65ebc2ab3ed3____c3_1____0_fair.csv;t_1f6b65ebc2ab3ed3____c3_1____3__t_1f6b65ebc2ab3ed3____c2_0____3_fair.csv;t_1f6b65ebc2ab3ed3____c3_1____3__t_1f6b65ebc2ab3ed3____c1_0____0_fair.csv;t_1f6b65ebc2ab3ed3____c3_1____4__t_1f6b65ebc2ab3ed3____c4_0____1_fair.csv;t_1f6b65ebc2ab3ed3____c3_1____4__t_1f6b65ebc2ab3ed3____c3_1____0_fair.csv;t_1f6b65ebc2ab3ed3____c3_1____4__t_1f6b65ebc2ab3ed3____c2_0____4_fair.csv;t_1f6b65ebc2ab3ed3____c3_1____4__t_1f6b65ebc2ab3ed3____c2_0____3_fair.csv;t_1f6b65ebc2ab3ed3____c3_1____4__t_1f6b65ebc2ab3ed3____c1_0____2_fair.csv;t_1f6b65ebc2ab3ed3____c3_1____4__t_1f6b65ebc2ab3ed3____c1_0____0_fair.csv;t_1f6b65ebc2ab3ed3____c3_1____3.csv;t_1f6b65ebc2ab3ed3____c3_1____4.csv;t_1f6b65ebc2ab3ed3____c3_1____2__t_1f6b65ebc2ab3ed3____c4_0____1_fair.csv;t_1f6b65ebc2ab3ed3____c3_1____2__t_1f6b65ebc2ab3ed3____c3_1____0_fair.csv;t_1f6b65ebc2ab3ed3____c3_1____2__t_1f6b65ebc2ab3ed3____c2_0____3_fair.csv;t_1f6b65ebc2ab3ed3____c4_0____0__t_1f6b65ebc2ab3ed3____c1_0____0_fair.csv;t_1f6b65ebc2ab3ed3____c4_0____3__t_1f6b65ebc2ab3ed3____c3_1____0_fair.csv;t_1f6b65ebc2ab3ed3____c4_0____4__t_1f6b65ebc2ab3ed3____c3_1____0_fair.csv;t_1f6b65ebc2ab3ed3____c3_0____3__t_1f6b65ebc2ab3ed3____c3_1____0_fair.csv;t_1f6b65ebc2ab3ed3____c2_0____1__t_1f6b65ebc2ab3ed3____c1_0____0_fair.csv;t_1f6b65ebc2ab3ed3____c1_0____1__t_1f6b65ebc2ab3ed3____c3_1____0_fair.csv,"{""needs_fairification"": true, ""success"": true, ""swaps_made"": 6, ""initial_fairness"": 0.2061, ""initial_delta"": 0.19}"
tusSmall3,exhaustive,t_1934eacab8c57857____c15_1____3_fair.csv,5,789,70,5,True,0.3152,1.0,0.0063371356147021544,0.0063371356147021544,66.34318387508392,66.34318387508392,t_1934eacab8c57857____c18_0____0__t_1934eacab8c57857____c2_1____0_fair.csv;t_1934eacab8c57857____c18_0____0__t_1934eacab8c57857____c19_0____4_fair.csv;t_1934eacab8c57857____c18_0____0__t_1934eacab8c57857____c15_1____3_fair.csv;t_1934eacab8c57857____c16_0____3__t_1934eacab8c57857____c15_1____3_fair.csv;t_1934eacab8c57857____c13_0____3__t_1934eacab8c57857____c15_1____3_fair.csv,"{""needs_fairification"": true, ""success"": true, ""swaps_made"": 2, ""initial_fairness"": 0.1496, ""initial_delta"": 0.25}"
tusSmall3,exhaustive,t_1934eacab8c57857____c15_1____3_fair.csv,10,789,70,10,True,0.298,1.0,0.012674271229404309,0.012674271229404309,130.73753184080124,130.73753184080124,t_1934eacab8c57857____c18_0____0__t_1934eacab8c57857____c2_1____0_fair.csv;t_1934eacab8c57857____c18_0____0__t_1934eacab8c57857____c19_0____4_fair.csv;t_1934eacab8c57857____c18_0____0__t_1934eacab8c57857____c15_1____3_fair.csv;t_1934eacab8c57857____c18_0____0.csv;t_1934eacab8c57857____c17_1____0__t_1934eacab8c57857____c4_0____4_fair.csv;t_1934eacab8c57857____c17_1____0__t_1934eacab8c57857____c15_1____3_fair.csv;t_1934eacab8c57857____c17_1____3__t_1934eacab8c57857____c15_1____3_fair.csv;t_1934eacab8c57857____c16_0____3__t_1934eacab8c57857____c15_1____3_fair.csv;t_1934eacab8c57857____c13_0____3__t_1934eacab8c57857____c15_1____3_fair.csv;t_1934eacab8c57857____c11_0____3__t_1934eacab8c57857____c15_1____3_fair.csv,"{""needs_fairification"": true, ""success"": true, ""swaps_made"": 5, ""initial_fairness"": 0.0808, ""initial_delta"": 0.32}"
tusSmall3,exhaustive,t_1934eacab8c57857____c15_1____3_fair.csv,20,789,70,0,False,0.4343,,0.0,0.025348542458808618,0,0.0,,"{""needs_fairification"": true, ""success"": false, ""swaps_made"": 7, ""initial_fairness"": 0.0698, ""initial_delta"": 0.33}"
tusSmall3,exhaustive,t_28dc8f7610402ea7____c7_1____2_fair.csv,5,182,153,5,True,0.3342,1.0,0.027472527472527472,0.027472527472527472,33.77331900596619,33.77331900596619,t_28dc8f7610402ea7____c8_0____2__t_28dc8f7610402ea7____c9_0____3_fair.csv;t_28dc8f7610402ea7____c8_0____2__t_28dc8f7610402ea7____c7_1____2_fair.csv;t_28dc8f7610402ea7____c8_0____2__t_28dc8f7610402ea7____c4_1____4_fair.csv;t_28dc8f7610402ea7____c8_0____2__t_28dc8f7610402ea7____c1_1____0_fair.csv;t_28dc8f7610402ea7____c8_0____2.csv,"{""needs_fairification"": false, ""success"": true, ""swaps_made"": 0, ""initial_fairness"": 0.3342, ""initial_delta"": 0.07}"
tusSmall3,exhaustive,t_28dc8f7610402ea7____c7_1____2_fair.csv,10,182,153,10,True,0.3215,1.0,0.054945054945054944,0.054945054945054944,67.30305421352386,67.30305421352386,t_28dc8f7610402ea7____c8_0____2__t_28dc8f7610402ea7____c9_0____3_fair.csv;t_28dc8f7610402ea7____c8_0____2__t_28dc8f7610402ea7____c7_1____2_fair.csv;t_28dc8f7610402ea7____c8_0____2__t_28dc8f7610402ea7____c4_1____4_fair.csv;t_28dc8f7610402ea7____c8_0____2__t_28dc8f7610402ea7____c1_1____0_fair.csv;t_28dc8f7610402ea7____c8_0____2.csv;t_28dc8f7610402ea7____c7_1____3__t_28dc8f7610402ea7____c9_0____3_fair.csv;t_28dc8f7610402ea7____c7_1____3__t_28dc8f7610402ea7____c7_1____2_fair.csv;t_28dc8f7610402ea7____c7_1____3__t_28dc8f7610402ea7____c4_1____4_fair.csv;t_28dc8f7610402ea7____c7_1____3__t_28dc8f7610402ea7____c1_1____0_fair.csv;t_28dc8f7610402ea7____c7_1____3.csv,"{""needs_fairification"": false, ""success"": true, ""swaps_made"": 0, ""initial_fairness"": 0.3215, ""initial_delta"": 0.08}"
tusSmall3,exhaustive,t_28dc8f7610402ea7____c7_1____2_fair.csv,20,182,153,20,True,0.3308,1.0,0.10989010989010989,0.10989010989010989,133.5273762345314,133.5273762345314,t_28dc8f7610402ea7____c8_0____2__t_28dc8f7610402ea7____c9_0____3_fair.csv;t_28dc8f7610402ea7____c8_0____2__t_28dc8f7610402ea7____c7_1____2_fair.csv;t_28dc8f7610402ea7____c8_0____2__t_28dc8f7610402ea7____c4_1____4_fair.csv;t_28dc8f7610402ea7____c8_0____2__t_28dc8f7610402ea7____c1_1____0_fair.csv;t_28dc8f7610402ea7____c8_0____2.csv;t_28dc8f7610402ea7____c7_1____3__t_28dc8f7610402ea7____c9_0____3_fair.csv;t_28dc8f7610402ea7____c7_1____3__t_28dc8f7610402ea7____c7_1____2_fair.csv;t_28dc8f7610402ea7____c7_1____3__t_28dc8f7610402ea7____c4_1____4_fair.csv;t_28dc8f7610402ea7____c7_1____3__t_28dc8f7610402ea7____c1_1____0_fair.csv;t_28dc8f7610402ea7____c7_1____3.csv;t_28dc8f7610402ea7____c7_1____0__t_28dc8f7610402ea7____c9_0____3_fair.csv;t_28dc8f7610402ea7____c7_1____0__t_28dc8f7610402ea7____c7_1____2_fair.csv;t_28dc8f7610402ea7____c7_1____0__t_28dc8f7610402ea7____c4_1____4_fair.csv;t_28dc8f7610402ea7____c7_1____0__t_28dc8f7610402ea7____c1_1____0_fair.csv;t_28dc8f7610402ea7____c7_1____0.csv;t_28dc8f7610402ea7____c7_1____4__t_28dc8f7610402ea7____c9_0____3_fair.csv;t_28dc8f7610402ea7____c7_1____4__t_28dc8f7610402ea7____c7_1____2_fair.csv;t_28dc8f7610402ea7____c7_1____4__t_28dc8f7610402ea7____c4_1____4_fair.csv;t_28dc8f7610402ea7____c7_1____4__t_28dc8f7610402ea7____c1_1____0_fair.csv;t_28dc8f7610402ea7____c8_0____0__t_28dc8f7610402ea7____c9_0____3_fair.csv,"{""needs_fairification"": false, ""success"": true, ""swaps_made"": 0, ""initial_fairness"": 0.3308, ""initial_delta"": 0.07}"
tusSmall3,exhaustive,t_28dc8f7610402ea7____c9_0____3_fair.csv,5,155,142,5,True,0.3446,1.0,0.03225806451612903,0.03225806451612903,34.87098890542984,34.87098890542984,t_28dc8f7610402ea7____c9_0____0.csv;t_28dc8f7610402ea7____c9_0____0__t_28dc8f7610402ea7____c9_0____3_fair.csv;t_28dc8f7610402ea7____c9_0____2.csv;t_28dc8f7610402ea7____c6_0____3__t_28dc8f7610402ea7____c9_0____3_fair.csv;t_28dc8f7610402ea7____c5_1____0__t_28dc8f7610402ea7____c9_0____3_fair.csv,"{""needs_fairification"": true, ""success"": true, ""swaps_made"": 2, ""initial_fairness"": 0.1686, ""initial_delta"": 0.23}"
tusSmall3,exhaustive,t_28dc8f7610402ea7____c9_0____3_fair.csv,10,155,142,10,True,0.3062,1.0,0.06451612903225806,0.06451612903225806,75.6463537812233,75.6463537812233,t_28dc8f7610402ea7____c9_0____0.csv;t_28dc8f7610402ea7____c9_0____0__t_28dc8f7610402ea7____c9_0____3_fair.csv;t_28dc8f7610402ea7____c9_0____0__t_28dc8f7610402ea7____c7_1____2_fair.csv;t_28dc8f7610402ea7____c9_0____2.csv;t_28dc8f7610402ea7____c9_0____2__t_28dc8f7610402ea7____c9_0____3_fair.csv;t_28dc8f7610402ea7____c9_0____2__t_28dc8f7610402ea7____c7_1____2_fair.csv;t_28dc8f7610402ea7____c9_0____4__t_28dc8f7610402ea7____c9_0____3_fair.csv;t_28dc8f7610402ea7____c8_1____0__t_28dc8f7610402ea7____c9_0____3_fair.csv;t_28dc8f7610402ea7____c6_0____3__t_28dc8f7610402ea7____c9_0____3_fair.csv;t_28dc8f7610402ea7____c5_1____0__t_28dc8f7610402ea7____c9_0____3_fair.csv,"{""needs_fairification"": true, ""success"": true, ""swaps_made"": 3, ""initial_fairness"": 0.1674, ""initial_delta"": 0.23}"
tusSmall3,exhaustive,t_28dc8f7610402ea7____c9_0____3_fair.csv,20,155,142,20,True,0.2985,1.0,0.12903225806451613,0.12903225806451613,150.5328015089035,150.5328015089035,t_28dc8f7610402ea7____c9_0____0.csv;t_28dc8f7610402ea7____c9_0____0__t_28dc8f7610402ea7____c9_0____3_fair.csv;t_28dc8f7610402ea7____c9_0____0__t_28dc8f7610402ea7____c7_1____2_fair.csv;t_28dc8f7610402ea7____c9_0____2.csv;t_28dc8f7610402ea7____c9_0____2__t_28dc8f7610402ea7____c9_0____3_fair.csv;t_28dc8f7610402ea7____c9_0____2__t_28dc8f7610402ea7____c7_1____2_fair.csv;t_28dc8f7610402ea7____c9_0____4__t_28dc8f7610402ea7____c9_0____3_fair.csv;t_28dc8f7610402ea7____c9_0____4__t_28dc8f7610402ea7____c7_1____2_fair.csv;t_28dc8f7610402ea7____c9_0____1.csv;t_28dc8f7610402ea7____c9_0____1__t_28dc8f7610402ea7____c9_0____3_fair.csv;t_28dc8f7610402ea7____c9_0____1__t_28dc8f7610402ea7____c7_1____2_fair.csv;t_28dc8f7610402ea7____c8_0____3.csv;t_28dc8f7610402ea7____c8_0____0__t_28dc8f7610402ea7____c9_0____3_fair.csv;t_28dc8f7610402ea7____c8_0____3__t_28dc8f7610402ea7____c9_0____3_fair.csv;t_28dc8f7610402ea7____c8_1____2__t_28dc8f7610402ea7____c9_0____3_fair.csv;t_28dc8f7610402ea7____c8_1____0__t_28dc8f7610402ea7____c9_0____3_fair.csv;t_28dc8f7610402ea7____c8_1____4__t_28dc8f7610402ea7____c9_0____3_fair.csv;t_28dc8f7610402ea7____c6_0____3__t_28dc8f7610402ea7____c9_0____3_fair.csv;t_28dc8f7610402ea7____c6_0____0__t_28dc8f7610402ea7____c9_0____3_fair.csv;t_28dc8f7610402ea7____c5_1____0__t_28dc8f7610402ea7____c9_0____3_fair.csv,"{""needs_fairification"": true, ""success"": true, ""swaps_made"": 7, ""initial_fairness"": 0.1316, ""initial_delta"": 0.27}"
tusSmall3,exhaustive,t_1934eacab8c57857____c15_1____0_fair.csv,5,729,73,0,False,0.4245,,0.0,0.006858710562414266,0,0.0,,"{""needs_fairification"": true, ""success"": false, ""swaps_made"": 0, ""initial_fairness"": 0.0776, ""initial_delta"": 0.32}"
tusSmall3,exhaustive,t_1934eacab8c57857____c15_1____0_fair.csv,10,729,73,0,False,0.4245,,0.0,0.013717421124828532,0,0.0,,"{""needs_fairification"": true, ""success"": false, ""swaps_made"": 0, ""initial_fairness"": 0.0424, ""initial_delta"": 0.36}"
tusSmall3,exhaustive,t_1934eacab8c57857____c15_1____0_fair.csv,20,729,73,0,False,0.4245,,0.0,0.027434842249657063,0,0.0,,"{""needs_fairification"": true, ""success"": false, ""swaps_made"": 0, ""initial_fairness"": 0.0228, ""initial_delta"": 0.38}"
tusSmall3,exhaustive,t_1934eacab8c57857____c19_0____4_fair.csv,5,607,72,0,False,0.4402,,0.0,0.008237232289950576,0,0.0,,"{""needs_fairification"": true, ""success"": false, ""swaps_made"": 3, ""initial_fairness"": 0.0887, ""initial_delta"": 0.31}"
tusSmall3,exhaustive,t_1934eacab8c57857____c19_0____4_fair.csv,10,607,72,0,False,0.4402,,0.0,0.016474464579901153,0,0.0,,"{""needs_fairification"": true, ""success"": false, ""swaps_made"": 7, ""initial_fairness"": 0.0464, ""initial_delta"": 0.35}"
tusSmall3,exhaustive,t_1934eacab8c57857____c19_0____4_fair.csv,20,607,72,0,False,0.4402,,0.0,0.032948929159802305,0,0.0,,"{""needs_fairification"": true, ""success"": false, ""swaps_made"": 3, ""initial_fairness"": 0.0276, ""initial_delta"": 0.37}"
tusSmall3,exhaustive,t_356fc1eaad97f93b____c15_1____2_fair.csv,5,1146,81,0,False,0.4426,,0.0,0.004363001745200698,0,0.0,,"{""needs_fairification"": true, ""success"": false, ""swaps_made"": 2, ""initial_fairness"": 0.1684, ""initial_delta"": 0.23}"
tusSmall3,exhaustive,t_356fc1eaad97f93b____c15_1____2_fair.csv,10,1146,81,0,False,0.4426,,0.0,0.008726003490401396,0,0.0,,"{""needs_fairification"": true, ""success"": false, ""swaps_made"": 0, ""initial_fairness"": 0.1262, ""initial_delta"": 0.27}"
tusSmall3,exhaustive,t_356fc1eaad97f93b____c15_1____2_fair.csv,20,1146,81,0,False,0.4426,,0.0,0.017452006980802792,0,0.0,,"{""needs_fairification"": true, ""success"": false, ""swaps_made"": 2, ""initial_fairness"": 0.075, ""initial_delta"": 0.33}"
tusSmall3,exhaustive,t_356fc1eaad97f93b____c6_1____2_fair.csv,5,1146,170,5,True,0.4388,0.6,0.002617801047120419,0.004363001745200698,28.316182136535645,28.316182136535645,t_356fc1eaad97f93b____c6_1____4__t_356fc1eaad97f93b____c6_1____2_fair.csv;t_356fc1eaad97f93b____c6_1____1__t_356fc1eaad97f93b____c6_1____2_fair.csv;t_356fc1eaad97f93b____c6_1____3__t_356fc1eaad97f93b____c6_1____2_fair.csv;t_356fc1eaad97f93b____c7_0____3__t_356fc1eaad97f93b____c7_0____4_fair.csv;t_356fc1eaad97f93b____c7_1____1__t_356fc1eaad97f93b____c18_0____0_fair.csv,"{""needs_fairification"": true, ""success"": true, ""swaps_made"": 1, ""initial_fairness"": 0.2849, ""initial_delta"": 0.12}"
tusSmall3,exhaustive,t_356fc1eaad97f93b____c6_1____2_fair.csv,10,1146,170,10,True,0.3206,0.7,0.006108202443280977,0.008726003490401396,56.28101575374603,56.28101575374603,t_356fc1eaad97f93b____c6_1____4__t_356fc1eaad97f93b____c6_1____2_fair.csv;t_356fc1eaad97f93b____c6_1____1__t_356fc1eaad97f93b____c6_1____2_fair.csv;t_356fc1eaad97f93b____c6_1____3__t_356fc1eaad97f93b____c6_1____2_fair.csv;t_356fc1eaad97f93b____c7_0____3__t_356fc1eaad97f93b____c7_0____4_fair.csv;t_356fc1eaad97f93b____c6_1____4__t_356fc1eaad97f93b____c20_1____3_fair.csv;t_356fc1eaad97f93b____c6_1____4__t_356fc1eaad97f93b____c15_1____2_fair.csv;t_356fc1eaad97f93b____c6_1____3__t_356fc1eaad97f93b____c20_1____3_fair.csv;t_356fc1eaad97f93b____c6_1____3__t_356fc1eaad97f93b____c15_1____2_fair.csv;t_356fc1eaad97f93b____c7_1____3__t_356fc1eaad97f93b____c18_0____0_fair.csv;t_356fc1eaad97f93b____c7_1____1__t_356fc1eaad97f93b____c18_0____0_fair.csv,"{""needs_fairification"": true, ""success"": true, ""swaps_made"": 2, ""initial_fairness"": 0.1615, ""initial_delta"": 0.24}"
tusSmall3,exhaustive,t_356fc1eaad97f93b____c6_1____2_fair.csv,20,1146,170,20,True,0.3252,0.45,0.007853403141361256,0.017452006980802792,102.48906797170639,102.48906797170639,t_356fc1eaad97f93b____c6_1____4__t_356fc1eaad97f93b____c6_1____2_fair.csv;t_356fc1eaad97f93b____c6_1____1__t_356fc1eaad97f93b____c6_1____2_fair.csv;t_356fc1eaad97f93b____c6_1____3__t_356fc1eaad97f93b____c6_1____2_fair.csv;t_356fc1eaad97f93b____c6_1____4__t_356fc1eaad97f93b____c15_1____2_fair.csv;t_356fc1eaad97f93b____c6_1____3__t_356fc1eaad97f93b____c20_1____3_fair.csv;t_356fc1eaad97f93b____c6_1____3__t_356fc1eaad97f93b____c15_1____2_fair.csv;t_356fc1eaad97f93b____c7_0____3__t_356fc1eaad97f93b____c9_0____4_fair.csv;t_356fc1eaad97f93b____c6_1____4.csv;t_356fc1eaad97f93b____c6_1____1__t_356fc1eaad97f93b____c20_1____3_fair.csv;t_356fc1eaad97f93b____c7_0____2__t_356fc1eaad97f93b____c9_0____4_fair.csv;t_356fc1eaad97f93b____c7_0____1__t_356fc1eaad97f93b____c9_0____4_fair.csv;t_356fc1eaad97f93b____c7_0____3.csv;t_356fc1eaad97f93b____c6_1____3.csv;t_356fc1eaad97f93b____c7_0____2.csv;t_356fc1eaad97f93b____c7_0____1.csv;t_356fc1eaad97f93b____c7_1____3__t_356fc1eaad97f93b____c18_0____0_fair.csv;t_356fc1eaad97f93b____c7_1____1__t_356fc1eaad97f93b____c18_0____0_fair.csv;t_356fc1eaad97f93b____c3_1____2__t_356fc1eaad97f93b____c19_1____1_fair.csv;t_356fc1eaad97f93b____c3_1____1__t_356fc1eaad97f93b____c19_1____1_fair.csv;t_356fc1eaad97f93b____c3_1____0__t_356fc1eaad97f93b____c19_1____1_fair.csv,"{""needs_fairification"": true, ""success"": true, ""swaps_made"": 5, ""initial_fairness"": 0.1022, ""initial_delta"": 0.3}"
tusSmall3,exhaustive,t_356fc1eaad97f93b____c18_0____0_fair.csv,5,1018,66,0,False,0.418,,0.0,0.004911591355599214,0,0.0,,"{""needs_fairification"": true, ""success"": false, ""swaps_made"": 5, ""initial_fairness"": 0.0789, ""initial_delta"": 0.32}"
tusSmall3,exhaustive,t_356fc1eaad97f93b____c18_0____0_fair.csv,10,1018,66,0,False,0.418,,0.0,0.009823182711198428,0,0.0,,"{""needs_fairification"": true, ""success"": false, ""swaps_made"": 4, ""initial_fairness"": 0.0402, ""initial_delta"": 0.36}"
tusSmall3,exhaustive,t_356fc1eaad97f93b____c18_0____0_fair.csv,20,1018,66,0,False,0.418,,0.0,0.019646365422396856,0,0.0,,"{""needs_fairification"": true, ""success"": false, ""swaps_made"": 2, ""initial_fairness"": 0.0237, ""initial_delta"": 0.38}"
tusSmall3,exhaustive,t_356fc1eaad97f93b____c7_0____4_fair.csv,5,1051,170,5,True,0.4637,0.8,0.003805899143672693,0.004757373929590866,32.3426479101181,32.3426479101181,t_356fc1eaad97f93b____c7_0____1__t_356fc1eaad97f93b____c7_0____4_fair.csv;t_356fc1eaad97f93b____c7_0____3__t_356fc1eaad97f93b____c7_0____4_fair.csv;t_356fc1eaad97f93b____c7_0____2__t_356fc1eaad97f93b____c7_0____4_fair.csv;t_356fc1eaad97f93b____c7_0____3__t_356fc1eaad97f93b____c9_0____4_fair.csv;t_356fc1eaad97f93b____c13_0____4__t_356fc1eaad97f93b____c9_0____4_fair.csv,"{""needs_fairification"": true, ""success"": true, ""swaps_made"": 1, ""initial_fairness"": 0.2847, ""initial_delta"": 0.12}"
tusSmall3,exhaustive,t_356fc1eaad97f93b____c7_0____4_fair.csv,10,1051,170,10,True,0.3334,0.9,0.008563273073263558,0.009514747859181731,63.43392497301102,63.43392497301102,t_356fc1eaad97f93b____c7_0____1__t_356fc1eaad97f93b____c7_0____4_fair.csv;t_356fc1eaad97f93b____c7_0____3__t_356fc1eaad97f93b____c7_0____4_fair.csv;t_356fc1eaad97f93b____c7_0____2__t_356fc1eaad97f93b____c7_0____4_fair.csv;t_356fc1eaad97f93b____c7_0____3__t_356fc1eaad97f93b____c9_0____4_fair.csv;t_356fc1eaad97f93b____c7_0____2__t_356fc1eaad97f93b____c9_0____4_fair.csv;t_356fc1eaad97f93b____c7_0____3.csv;t_356fc1eaad97f93b____c7_0____1.csv;t_356fc1eaad97f93b____c7_0____2.csv;t_356fc1eaad97f93b____c7_1____4__t_356fc1eaad97f93b____c7_0____4_fair.csv;t_356fc1eaad97f93b____c13_0____4__t_356fc1eaad97f93b____c9_0____4_fair.csv,"{""needs_fairification"": true, ""success"": true, ""swaps_made"": 1, ""initial_fairness"": 0.2227, ""initial_delta"": 0.18}"
tusSmall3,exhaustive,t_356fc1eaad97f93b____c7_0____4_fair.csv,20,1051,170,20,True,0.3518,0.75,0.014272121788772598,0.019029495718363463,120.76941156387329,120.76941156387329,t_356fc1eaad97f93b____c7_0____1__t_356fc1eaad97f93b____c7_0____4_fair.csv;t_356fc1eaad97f93b____c7_0____3__t_356fc1eaad97f93b____c7_0____4_fair.csv;t_356fc1eaad97f93b____c7_0____2__t_356fc1eaad97f93b____c7_0____4_fair.csv;t_356fc1eaad97f93b____c7_0____3__t_356fc1eaad97f93b____c9_0____4_fair.csv;t_356fc1eaad97f93b____c7_0____1__t_356fc1eaad97f93b____c9_0____4_fair.csv;t_356fc1eaad97f93b____c7_0____2__t_356fc1eaad97f93b____c9_0____4_fair.csv;t_356fc1eaad97f93b____c7_0____3.csv;t_356fc1eaad97f93b____c7_0____1.csv;t_356fc1eaad97f93b____c7_0____2.csv;t_356fc1eaad97f93b____c7_1____4__t_356fc1eaad97f93b____c7_0____4_fair.csv;t_356fc1eaad97f93b____c7_1____3__t_356fc1eaad97f93b____c7_0____4_fair.csv;t_356fc1eaad97f93b____c7_1____4__t_356fc1eaad97f93b____c7_1____2_fair.csv;t_356fc1eaad97f93b____c7_1____4__t_356fc1eaad97f93b____c18_0____0_fair.csv;t_356fc1eaad97f93b____c7_1____4.csv;t_356fc1eaad97f93b____c6_1____1__t_356fc1eaad97f93b____c6_1____2_fair.csv;t_356fc1eaad97f93b____c13_0____3__t_356fc1eaad97f93b____c6_1____2_fair.csv;t_356fc1eaad97f93b____c7_1____3__t_356fc1eaad97f93b____c7_1____2_fair.csv;t_356fc1eaad97f93b____c13_0____4__t_356fc1eaad97f93b____c6_1____2_fair.csv;t_356fc1eaad97f93b____c13_0____4__t_356fc1eaad97f93b____c9_0____4_fair.csv;t_356fc1eaad97f93b____c13_0____4__t_356fc1eaad97f93b____c20_1____3_fair.csv,"{""needs_fairification"": true, ""success"": true, ""swaps_made"": 3, ""initial_fairness"": 0.179, ""initial_delta"": 0.22}"
tusSmall3,exhaustive,t_356fc1eaad97f93b____c7_1____2_fair.csv,5,847,134,5,True,0.4109,0.8,0.004722550177095631,0.0059031877213695395,32.3632835149765,32.3632835149765,t_356fc1eaad97f93b____c7_1____3__t_356fc1eaad97f93b____c7_1____2_fair.csv;t_356fc1eaad97f93b____c7_1____3.csv;t_356fc1eaad97f93b____c7_1____1__t_356fc1eaad97f93b____c7_1____2_fair.csv;t_356fc1eaad97f93b____c7_1____1__t_356fc1eaad97f93b____c18_0____0_fair.csv;t_356fc1eaad97f93b____c6_0____4__t_356fc1eaad97f93b____c9_0____4_fair.csv,"{""needs_fairification"": true, ""success"": true, ""swaps_made"": 1, ""initial_fairness"": 0.2254, ""initial_delta"": 0.17}"
tusSmall3,exhaustive,t_356fc1eaad97f93b____c7_1____2_fair.csv,10,847,134,10,True,0.4015,0.7,0.008264462809917356,0.011806375442739079,63.72532331943512,63.72532331943512,t_356fc1eaad97f93b____c7_1____3__t_356fc1eaad97f93b____c7_1____2_fair.csv;t_356fc1eaad97f93b____c7_1____3.csv;t_356fc1eaad97f93b____c7_1____1__t_356fc1eaad97f93b____c7_1____2_fair.csv;t_356fc1eaad97f93b____c7_1____1__t_356fc1eaad97f93b____c18_0____0_fair.csv;t_356fc1eaad97f93b____c7_1____1.csv;t_356fc1eaad97f93b____c7_1____4__t_356fc1eaad97f93b____c7_1____2_fair.csv;t_356fc1eaad97f93b____c7_1____4.csv;t_356fc1eaad97f93b____c7_0____2.csv;t_356fc1eaad97f93b____c6_0____4__t_356fc1eaad97f93b____c9_0____4_fair.csv;t_356fc1eaad97f93b____c6_0____4__t_356fc1eaad97f93b____c22_1____1_fair.csv,"{""needs_fairification"": true, ""success"": true, ""swaps_made"": 2, ""initial_fairness"": 0.1837, ""initial_delta"": 0.22}"
tusSmall3,exhaustive,t_356fc1eaad97f93b____c7_1____2_fair.csv,20,847,134,20,True,0.3358,0.4,0.009445100354191263,0.023612750885478158,125.5159837603569,125.5159837603569,t_356fc1eaad97f93b____c7_1____3__t_356fc1eaad97f93b____c7_1____2_fair.csv;t_356fc1eaad97f93b____c7_1____3.csv;t_356fc1eaad97f93b____c7_1____1__t_356fc1eaad97f93b____c7_1____2_fair.csv;t_356fc1eaad97f93b____c7_1____1__t_356fc1eaad97f93b____c18_0____0_fair.csv;t_356fc1eaad97f93b____c7_1____1.csv;t_356fc1eaad97f93b____c7_1____4__t_356fc1eaad97f93b____c7_1____2_fair.csv;t_356fc1eaad97f93b____c7_1____4.csv;t_356fc1eaad97f93b____c7_0____2.csv;t_356fc1eaad97f93b____c7_0____1.csv;t_356fc1eaad97f93b____c7_0____3.csv;t_356fc1eaad97f93b____c8_1____3__t_356fc1eaad97f93b____c7_1____2_fair.csv;t_356fc1eaad97f93b____c7_0____1__t_356fc1eaad97f93b____c9_0____4_fair.csv;t_356fc1eaad97f93b____c7_0____2__t_356fc1eaad97f93b____c9_0____4_fair.csv;t_356fc1eaad97f93b____c7_0____3__t_356fc1eaad97f93b____c9_0____4_fair.csv;t_356fc1eaad97f93b____c13_0____1__t_356fc1eaad97f93b____c22_1____2_fair.csv;t_356fc1eaad97f93b____c13_0____1__t_356fc1eaad97f93b____c22_1____1_fair.csv;t_356fc1eaad97f93b____c13_0____1__t_356fc1eaad97f93b____c21_1____2_fair.csv;t_356fc1eaad97f93b____c6_0____4__t_356fc1eaad97f93b____c9_0____4_fair.csv;t_356fc1eaad97f93b____c6_0____4__t_356fc1eaad97f93b____c22_1____2_fair.csv;t_356fc1eaad97f93b____c6_0____4__t_356fc1eaad97f93b____c22_1____1_fair.csv,"{""needs_fairification"": true, ""success"": true, ""swaps_made"": 3, ""initial_fairness"": 0.1658, ""initial_delta"": 0.23}"
tusSmall3,exhaustive,t_356fc1eaad97f93b____c19_1____1_fair.csv,5,1029,69,5,True,0.3406,1.0,0.004859086491739553,0.004859086491739553,90.42661798000336,90.42661798000336,t_356fc1eaad97f93b____c21_1____1__t_356fc1eaad97f93b____c22_1____2_fair.csv;t_356fc1eaad97f93b____c21_1____1__t_356fc1eaad97f93b____c22_1____1_fair.csv;t_356fc1eaad97f93b____c21_1____1__t_356fc1eaad97f93b____c19_1____1_fair.csv;t_356fc1eaad97f93b____c19_0____1__t_356fc1eaad97f93b____c19_1____1_fair.csv;t_356fc1eaad97f93b____c20_1____4__t_356fc1eaad97f93b____c19_1____1_fair.csv,"{""needs_fairification"": true, ""success"": true, ""swaps_made"": 3, ""initial_fairness"": 0.0866, ""initial_delta"": 0.31}"
tusSmall3,exhaustive,t_356fc1eaad97f93b____c19_1____1_fair.csv,10,1029,69,0,False,0.4369,,0.0,0.009718172983479106,0,0.0,,"{""needs_fairification"": true, ""success"": false, ""swaps_made"": 7, ""initial_fairness"": 0.0881, ""initial_delta"": 0.31}"
tusSmall3,exhaustive,t_356fc1eaad97f93b____c19_1____1_fair.csv,20,1029,69,0,False,0.4369,,0.0,0.019436345966958212,0,0.0,,"{""needs_fairification"": true, ""success"": false, ""swaps_made"": 4, ""initial_fairness"": 0.0485, ""initial_delta"": 0.35}"
tusSmall3,exhaustive,t_356fc1eaad97f93b____c9_0____4_fair.csv,5,1272,113,5,True,0.3467,1.0,0.003930817610062893,0.003930817610062893,38.92400926351547,38.92400926351547,t_356fc1eaad97f93b____c9_0____1__t_356fc1eaad97f93b____c9_0____4_fair.csv;t_356fc1eaad97f93b____c9_0____1__t_356fc1eaad97f93b____c22_1____2_fair.csv;t_356fc1eaad97f93b____c9_0____1__t_356fc1eaad97f93b____c22_1____1_fair.csv;t_356fc1eaad97f93b____c9_0____2__t_356fc1eaad97f93b____c9_0____4_fair.csv;t_356fc1eaad97f93b____c5_1____4__t_356fc1eaad97f93b____c9_0____4_fair.csv,"{""needs_fairification"": true, ""success"": true, ""swaps_made"": 1, ""initial_fairness"": 0.2617, ""initial_delta"": 0.14}"
tusSmall3,exhaustive,t_356fc1eaad97f93b____c9_0____4_fair.csv,10,1272,113,0,False,0.4236,,0.0,0.007861635220125786,0,0.0,,"{""needs_fairification"": true, ""success"": false, ""swaps_made"": 2, ""initial_fairness"": 0.1649, ""initial_delta"": 0.24}"
tusSmall3,exhaustive,t_356fc1eaad97f93b____c9_0____4_fair.csv,20,1272,113,0,False,0.4236,,0.0,0.015723270440251572,0,0.0,,"{""needs_fairification"": true, ""success"": false, ""swaps_made"": 2, ""initial_fairness"": 0.0823, ""initial_delta"": 0.32}"
tusSmall3,exhaustive,t_67c3f7ce5eab8804____c12_0____1_fair.csv,5,454,92,5,True,0.2982,1.0,0.011013215859030838,0.011013215859030838,57.83350968360901,57.83350968360901,t_67c3f7ce5eab8804____c13_1____0__t_67c3f7ce5eab8804____c6_1____4_fair.csv;t_67c3f7ce5eab8804____c13_1____0__t_67c3f7ce5eab8804____c13_0____4_fair.csv;t_67c3f7ce5eab8804____c15_1____1__t_67c3f7ce5eab8804____c12_0____1_fair.csv;t_67c3f7ce5eab8804____c12_0____3__t_67c3f7ce5eab8804____c12_0____1_fair.csv;t_67c3f7ce5eab8804____c14_1____4__t_67c3f7ce5eab8804____c12_0____1_fair.csv,"{""needs_fairification"": true, ""success"": true, ""swaps_made"": 3, ""initial_fairness"": 0.0774, ""initial_delta"": 0.32}"
tusSmall3,exhaustive,t_67c3f7ce5eab8804____c12_0____1_fair.csv,10,454,92,0,False,0.4362,,0.0,0.022026431718061675,0,0.0,,"{""needs_fairification"": true, ""success"": false, ""swaps_made"": 5, ""initial_fairness"": 0.0451, ""initial_delta"": 0.35}"
tusSmall3,exhaustive,t_67c3f7ce5eab8804____c12_0____1_fair.csv,20,454,92,0,False,0.4362,,0.0,0.04405286343612335,0,0.0,,"{""needs_fairification"": true, ""success"": false, ""swaps_made"": 2, ""initial_fairness"": 0.0449, ""initial_delta"": 0.36}"
tusSmall3,exhaustive,t_67c3f7ce5eab8804____c13_0____0_fair.csv,5,454,80,0,False,0.4284,,0.0,0.011013215859030838,0,0.0,,"{""needs_fairification"": true, ""success"": false, ""swaps_made"": 3, ""initial_fairness"": 0.1121, ""initial_delta"": 0.29}"
tusSmall3,exhaustive,t_67c3f7ce5eab8804____c13_0____0_fair.csv,10,454,80,0,False,0.4284,,0.0,0.022026431718061675,0,0.0,,"{""needs_fairification"": true, ""success"": false, ""swaps_made"": 8, ""initial_fairness"": 0.0539, ""initial_delta"": 0.35}"
tusSmall3,exhaustive,t_67c3f7ce5eab8804____c13_0____0_fair.csv,20,454,80,0,False,0.4284,,0.0,0.04405286343612335,0,0.0,,"{""needs_fairification"": true, ""success"": false, ""swaps_made"": 1, ""initial_fairness"": 0.0719, ""initial_delta"": 0.33}"
tusSmall3,exhaustive,t_67c3f7ce5eab8804____c13_0____4_fair.csv,5,624,75,5,True,0.347,1.0,0.008012820512820512,0.008012820512820512,63.276173532009125,63.276173532009125,t_67c3f7ce5eab8804____c16_0____4.csv;t_67c3f7ce5eab8804____c15_1____4.csv;t_67c3f7ce5eab8804____c14_1____0__t_67c3f7ce5eab8804____c13_0____4_fair.csv;t_67c3f7ce5eab8804____c14_1____4__t_67c3f7ce5eab8804____c13_0____4_fair.csv;t_67c3f7ce5eab8804____c15_0____2__t_67c3f7ce5eab8804____c13_0____4_fair.csv,"{""needs_fairification"": true, ""success"": true, ""swaps_made"": 3, ""initial_fairness"": 0.1378, ""initial_delta"": 0.26}"
tusSmall3,exhaustive,t_67c3f7ce5eab8804____c13_0____4_fair.csv,10,624,75,10,True,0.3151,1.0,0.016025641025641024,0.016025641025641024,126.51303446292877,126.51303446292877,t_67c3f7ce5eab8804____c16_0____4.csv;t_67c3f7ce5eab8804____c15_1____4.csv;t_67c3f7ce5eab8804____c16_0____4__t_67c3f7ce5eab8804____c16_0____2_fair.csv;t_67c3f7ce5eab8804____c16_0____4__t_67c3f7ce5eab8804____c14_0____2_fair.csv;t_67c3f7ce5eab8804____c16_0____4__t_67c3f7ce5eab8804____c13_0____4_fair.csv;t_67c3f7ce5eab8804____c14_1____0__t_67c3f7ce5eab8804____c13_0____4_fair.csv;t_67c3f7ce5eab8804____c14_1____2__t_67c3f7ce5eab8804____c13_0____4_fair.csv;t_67c3f7ce5eab8804____c14_1____4__t_67c3f7ce5eab8804____c13_0____4_fair.csv;t_67c3f7ce5eab8804____c13_1____0__t_67c3f7ce5eab8804____c13_0____4_fair.csv;t_67c3f7ce5eab8804____c15_0____2__t_67c3f7ce5eab8804____c13_0____4_fair.csv,"{""needs_fairification"": true, ""success"": true, ""swaps_made"": 5, ""initial_fairness"": 0.1459, ""initial_delta"": 0.25}"
tusSmall3,exhaustive,t_67c3f7ce5eab8804____c13_0____4_fair.csv,20,624,75,0,False,0.4189,,0.0,0.03205128205128205,0,0.0,,"{""needs_fairification"": true, ""success"": false, ""swaps_made"": 7, ""initial_fairness"": 0.129, ""initial_delta"": 0.27}"
tusSmall3,exhaustive,t_356fc1eaad97f93b____c20_1____3_fair.csv,5,1146,54,0,False,0.4216,,0.0,0.004363001745200698,0,0.0,,"{""needs_fairification"": true, ""success"": false, ""swaps_made"": 4, ""initial_fairness"": 0.0767, ""initial_delta"": 0.32}"
tusSmall3,exhaustive,t_356fc1eaad97f93b____c20_1____3_fair.csv,10,1146,54,0,False,0.4216,,0.0,0.008726003490401396,0,0.0,,"{""needs_fairification"": true, ""success"": false, ""swaps_made"": 3, ""initial_fairness"": 0.04, ""initial_delta"": 0.36}"
tusSmall3,exhaustive,t_356fc1eaad97f93b____c20_1____3_fair.csv,20,1146,54,0,False,0.4216,,0.0,0.017452006980802792,0,0.0,,"{""needs_fairification"": true, ""success"": false, ""swaps_made"": 2, ""initial_fairness"": 0.0211, ""initial_delta"": 0.38}"
tusSmall3,exhaustive,t_67c3f7ce5eab8804____c14_0____2_fair.csv,5,454,75,5,True,0.3163,1.0,0.011013215859030838,0.011013215859030838,68.74381929636002,68.74381929636002,t_67c3f7ce5eab8804____c14_1____2__t_67c3f7ce5eab8804____c6_1____0_fair.csv;t_67c3f7ce5eab8804____c14_1____2__t_67c3f7ce5eab8804____c4_1____1_fair.csv;t_67c3f7ce5eab8804____c14_1____2__t_67c3f7ce5eab8804____c14_0____2_fair.csv;t_67c3f7ce5eab8804____c14_1____4__t_67c3f7ce5eab8804____c14_0____2_fair.csv;t_67c3f7ce5eab8804____c16_0____4__t_67c3f7ce5eab8804____c14_0____2_fair.csv,"{""needs_fairification"": true, ""success"": true, ""swaps_made"": 3, ""initial_fairness"": 0.121, ""initial_delta"": 0.28}"
tusSmall3,exhaustive,t_67c3f7ce5eab8804____c14_0____2_fair.csv,10,454,75,0,False,0.4227,,0.0,0.022026431718061675,0,0.0,,"{""needs_fairification"": true, ""success"": false, ""swaps_made"": 4, ""initial_fairness"": 0.1228, ""initial_delta"": 0.28}"
tusSmall3,exhaustive,t_67c3f7ce5eab8804____c14_0____2_fair.csv,20,454,75,0,False,0.4227,,0.0,0.04405286343612335,0,0.0,,"{""needs_fairification"": true, ""success"": false, ""swaps_made"": 4, ""initial_fairness"": 0.066, ""initial_delta"": 0.33}"
tusSmall3,exhaustive,t_356fc1eaad97f93b____c19_0____0_fair.csv,5,1040,112,0,False,0.4328,,0.0,0.004807692307692308,0,0.0,,"{""needs_fairification"": true, ""success"": false, ""swaps_made"": 0, ""initial_fairness"": 0.076, ""initial_delta"": 0.32}"
tusSmall3,exhaustive,t_356fc1eaad97f93b____c19_0____0_fair.csv,10,1040,112,0,False,0.4328,,0.0,0.009615384615384616,0,0.0,,"{""needs_fairification"": true, ""success"": false, ""swaps_made"": 0, ""initial_fairness"": 0.0411, ""initial_delta"": 0.36}"
tusSmall3,exhaustive,t_356fc1eaad97f93b____c19_0____0_fair.csv,20,1040,112,0,False,0.4328,,0.0,0.019230769230769232,0,0.0,,"{""needs_fairification"": true, ""success"": false, ""swaps_made"": 0, ""initial_fairness"": 0.0221, ""initial_delta"": 0.38}"
tusSmall3,exhaustive,t_67c3f7ce5eab8804____c4_1____1_fair.csv,5,517,205,5,True,0.2999,1.0,0.009671179883945842,0.009671179883945842,18.332924127578735,18.332924127578735,t_67c3f7ce5eab8804____c4_1____2__t_67c3f7ce5eab8804____c4_1____1_fair.csv;t_67c3f7ce5eab8804____c4_1____2__t_67c3f7ce5eab8804____c15_0____3_fair.csv;t_67c3f7ce5eab8804____c4_1____0__t_67c3f7ce5eab8804____c4_1____1_fair.csv;t_67c3f7ce5eab8804____c4_1____0.csv;t_67c3f7ce5eab8804____c4_1____4__t_67c3f7ce5eab8804____c4_1____1_fair.csv,"{""needs_fairification"": true, ""success"": true, ""swaps_made"": 1, ""initial_fairness"": 0.224, ""initial_delta"": 0.18}"
tusSmall3,exhaustive,t_67c3f7ce5eab8804____c4_1____1_fair.csv,10,517,205,0,False,0.4076,,0.0,0.019342359767891684,0,0.0,,"{""needs_fairification"": true, ""success"": false, ""swaps_made"": 4, ""initial_fairness"": 0.2056, ""initial_delta"": 0.19}"
tusSmall3,exhaustive,t_67c3f7ce5eab8804____c4_1____1_fair.csv,20,517,205,0,False,0.4076,,0.0,0.03868471953578337,0,0.0,,"{""needs_fairification"": true, ""success"": false, ""swaps_made"": 0, ""initial_fairness"": 0.1101, ""initial_delta"": 0.29}"
tusSmall3,exhaustive,t_67c3f7ce5eab8804____c6_1____0_fair.csv,5,624,118,5,True,0.3191,1.0,0.008012820512820512,0.008012820512820512,28.811841309070587,28.811841309070587,t_67c3f7ce5eab8804____c6_1____3__t_67c3f7ce5eab8804____c6_1____0_fair.csv;t_67c3f7ce5eab8804____c6_1____3__t_67c3f7ce5eab8804____c16_0____2_fair.csv;t_67c3f7ce5eab8804____c6_1____3__t_67c3f7ce5eab8804____c14_0____2_fair.csv;t_67c3f7ce5eab8804____c6_1____1__t_67c3f7ce5eab8804____c6_1____0_fair.csv;t_67c3f7ce5eab8804____c8_1____3__t_67c3f7ce5eab8804____c6_1____0_fair.csv,"{""needs_fairification"": true, ""success"": true, ""swaps_made"": 2, ""initial_fairness"": 0.1967, ""initial_delta"": 0.2}"
tusSmall3,exhaustive,t_67c3f7ce5eab8804____c6_1____0_fair.csv,10,624,118,0,False,0.428,,0.0,0.016025641025641024,0,0.0,,"{""needs_fairification"": true, ""success"": false, ""swaps_made"": 4, ""initial_fairness"": 0.1296, ""initial_delta"": 0.27}"
tusSmall3,exhaustive,t_67c3f7ce5eab8804____c6_1____0_fair.csv,20,624,118,0,False,0.428,,0.0,0.03205128205128205,0,0.0,,"{""needs_fairification"": true, ""success"": false, ""swaps_made"": 2, ""initial_fairness"": 0.1088, ""initial_delta"": 0.29}"
tusSmall3,exhaustive,t_67c3f7ce5eab8804____c16_0____2_fair.csv,5,454,74,5,True,0.3289,1.0,0.011013215859030838,0.011013215859030838,77.06877982616425,77.06877982616425,t_67c3f7ce5eab8804____c16_0____4.csv;t_67c3f7ce5eab8804____c16_0____4__t_67c3f7ce5eab8804____c6_1____0_fair.csv;t_67c3f7ce5eab8804____c16_0____4__t_67c3f7ce5eab8804____c16_0____2_fair.csv;t_67c3f7ce5eab8804____c16_0____1__t_67c3f7ce5eab8804____c16_0____2_fair.csv;t_67c3f7ce5eab8804____c15_1____2__t_67c3f7ce5eab8804____c16_0____2_fair.csv,"{""needs_fairification"": true, ""success"": true, ""swaps_made"": 2, ""initial_fairness"": 0.2068, ""initial_delta"": 0.19}"
tusSmall3,exhaustive,t_67c3f7ce5eab8804____c16_0____2_fair.csv,10,454,74,10,True,0.3033,1.0,0.022026431718061675,0.022026431718061675,153.11584252119064,153.11584252119064,t_67c3f7ce5eab8804____c16_0____4__t_67c3f7ce5eab8804____c6_1____4_fair.csv;t_67c3f7ce5eab8804____c16_0____4__t_67c3f7ce5eab8804____c6_1____0_fair.csv;t_67c3f7ce5eab8804____c16_0____4__t_67c3f7ce5eab8804____c4_1____1_fair.csv;t_67c3f7ce5eab8804____c16_0____4__t_67c3f7ce5eab8804____c16_0____2_fair.csv;t_67c3f7ce5eab8804____c16_0____4__t_67c3f7ce5eab8804____c13_0____4_fair.csv;t_67c3f7ce5eab8804____c16_0____1__t_67c3f7ce5eab8804____c16_0____2_fair.csv;t_67c3f7ce5eab8804____c16_0____0__t_67c3f7ce5eab8804____c16_0____2_fair.csv;t_67c3f7ce5eab8804____c16_0____3__t_67c3f7ce5eab8804____c16_0____2_fair.csv;t_67c3f7ce5eab8804____c15_1____2__t_67c3f7ce5eab8804____c16_0____2_fair.csv;t_67c3f7ce5eab8804____c14_1____2__t_67c3f7ce5eab8804____c16_0____2_fair.csv,"{""needs_fairification"": true, ""success"": true, ""swaps_made"": 5, ""initial_fairness"": 0.1276, ""initial_delta"": 0.27}"
tusSmall3,exhaustive,t_67c3f7ce5eab8804____c16_0____2_fair.csv,20,454,74,0,False,0.4087,,0.0,0.04405286343612335,0,0.0,,"{""needs_fairification"": true, ""success"": false, ""swaps_made"": 4, ""initial_fairness"": 0.1055, ""initial_delta"": 0.29}"
tusSmall3,exhaustive,t_67c3f7ce5eab8804____c15_0____3_fair.csv,5,517,71,5,True,0.2977,1.0,0.009671179883945842,0.009671179883945842,73.02871817350388,73.02871817350388,t_67c3f7ce5eab8804____c15_1____4__t_67c3f7ce5eab8804____c6_1____4_fair.csv;t_67c3f7ce5eab8804____c15_1____4__t_67c3f7ce5eab8804____c6_1____0_fair.csv;t_67c3f7ce5eab8804____c15_1____4__t_67c3f7ce5eab8804____c15_0____3_fair.csv;t_67c3f7ce5eab8804____c15_1____3__t_67c3f7ce5eab8804____c15_0____3_fair.csv;t_67c3f7ce5eab8804____c15_0____1__t_67c3f7ce5eab8804____c15_0____3_fair.csv,"{""needs_fairification"": true, ""success"": true, ""swaps_made"": 2, ""initial_fairness"": 0.1463, ""initial_delta"": 0.25}"
tusSmall3,exhaustive,t_67c3f7ce5eab8804____c15_0____3_fair.csv,10,517,71,0,False,0.4182,,0.0,0.019342359767891684,0,0.0,,"{""needs_fairification"": true, ""success"": false, ""swaps_made"": 2, ""initial_fairness"": 0.0815, ""initial_delta"": 0.32}"
tusSmall3,exhaustive,t_67c3f7ce5eab8804____c15_0____3_fair.csv,20,517,71,0,False,0.4182,,0.0,0.03868471953578337,0,0.0,,"{""needs_fairification"": true, ""success"": false, ""swaps_made"": 2, ""initial_fairness"": 0.0447, ""initial_delta"": 0.36}"
tusSmall3,exhaustive,t_67c3f7ce5eab8804____c6_1____4_fair.csv,5,624,139,5,True,0.3117,1.0,0.008012820512820512,0.008012820512820512,28.86943781375885,28.86943781375885,t_67c3f7ce5eab8804____c6_1____3__t_67c3f7ce5eab8804____c6_1____4_fair.csv;t_67c3f7ce5eab8804____c6_1____3__t_67c3f7ce5eab8804____c16_0____2_fair.csv;t_67c3f7ce5eab8804____c6_1____3__t_67c3f7ce5eab8804____c14_0____2_fair.csv;t_67c3f7ce5eab8804____c6_1____2__t_67c3f7ce5eab8804____c6_1____4_fair.csv;t_67c3f7ce5eab8804____c6_1____1__t_67c3f7ce5eab8804____c6_1____4_fair.csv,"{""needs_fairification"": true, ""success"": true, ""swaps_made"": 2, ""initial_fairness"": 0.1885, ""initial_delta"": 0.21}"
tusSmall3,exhaustive,t_67c3f7ce5eab8804____c6_1____4_fair.csv,10,624,139,0,False,0.4121,,0.0,0.016025641025641024,0,0.0,,"{""needs_fairification"": true, ""success"": false, ""swaps_made"": 5, ""initial_fairness"": 0.1737, ""initial_delta"": 0.23}"
tusSmall3,exhaustive,t_67c3f7ce5eab8804____c6_1____4_fair.csv,20,624,139,0,False,0.4121,,0.0,0.03205128205128205,0,0.0,,"{""needs_fairification"": true, ""success"": false, ""swaps_made"": 1, ""initial_fairness"": 0.1423, ""initial_delta"": 0.26}"
tusSmall3,exhaustive,t_93f3d6f7fc6aa6ff____c11_1____3_fair.csv,5,1173,91,0,False,0.4106,,0.0,0.004262574595055414,0,0.0,,"{""needs_fairification"": true, ""success"": false, ""swaps_made"": 5, ""initial_fairness"": 0.0663, ""initial_delta"": 0.33}"
tusSmall3,exhaustive,t_93f3d6f7fc6aa6ff____c11_1____3_fair.csv,10,1173,91,0,False,0.4106,,0.0,0.008525149190110827,0,0.0,,"{""needs_fairification"": true, ""success"": false, ""swaps_made"": 1, ""initial_fairness"": 0.0378, ""initial_delta"": 0.36}"
tusSmall3,exhaustive,t_93f3d6f7fc6aa6ff____c11_1____3_fair.csv,20,1173,91,0,False,0.4106,,0.0,0.017050298380221655,0,0.0,,"{""needs_fairification"": true, ""success"": false, ""swaps_made"": 1, ""initial_fairness"": 0.0205, ""initial_delta"": 0.38}"
tusSmall3,exhaustive,t_356fc1eaad97f93b____c22_1____2_fair.csv,5,1080,56,5,True,0.3415,1.0,0.004629629629629629,0.004629629629629629,103.88199973106384,103.88199973106384,t_356fc1eaad97f93b____c22_0____2.csv;t_356fc1eaad97f93b____c22_0____2__t_356fc1eaad97f93b____c22_1____2_fair.csv;t_356fc1eaad97f93b____c22_0____2__t_356fc1eaad97f93b____c22_1____1_fair.csv;t_356fc1eaad97f93b____c22_0____2__t_356fc1eaad97f93b____c21_1____2_fair.csv;t_356fc1eaad97f93b____c22_1____3__t_356fc1eaad97f93b____c22_1____2_fair.csv,"{""needs_fairification"": true, ""success"": true, ""swaps_made"": 1, ""initial_fairness"": 0.2783, ""initial_delta"": 0.12}"
tusSmall3,exhaustive,t_356fc1eaad97f93b____c22_1____2_fair.csv,10,1080,56,10,True,0.3192,1.0,0.009259259259259259,0.009259259259259259,207.75773084163666,207.75773084163666,t_356fc1eaad97f93b____c22_0____2.csv;t_356fc1eaad97f93b____c22_0____2__t_356fc1eaad97f93b____c9_0____4_fair.csv;t_356fc1eaad97f93b____c22_0____2__t_356fc1eaad97f93b____c22_1____2_fair.csv;t_356fc1eaad97f93b____c22_0____2__t_356fc1eaad97f93b____c22_1____1_fair.csv;t_356fc1eaad97f93b____c22_0____2__t_356fc1eaad97f93b____c21_1____2_fair.csv;t_356fc1eaad97f93b____c22_0____2__t_356fc1eaad97f93b____c19_0____0_fair.csv;t_356fc1eaad97f93b____c22_0____2__t_356fc1eaad97f93b____c18_0____0_fair.csv;t_356fc1eaad97f93b____c22_0____2__t_356fc1eaad97f93b____c15_1____2_fair.csv;t_356fc1eaad97f93b____c23_0____3__t_356fc1eaad97f93b____c22_1____1_fair.csv;t_356fc1eaad97f93b____c22_1____3__t_356fc1eaad97f93b____c22_1____2_fair.csv,"{""needs_fairification"": true, ""success"": true, ""swaps_made"": 2, ""initial_fairness"": 0.2566, ""initial_delta"": 0.14}"
tusSmall3,exhaustive,t_356fc1eaad97f93b____c22_1____2_fair.csv,20,1080,56,20,True,0.305,1.0,0.018518518518518517,0.018518518518518517,409.26894599199295,409.26894599199295,t_356fc1eaad97f93b____c22_0____2.csv;t_356fc1eaad97f93b____c22_0____2__t_356fc1eaad97f93b____c9_0____4_fair.csv;t_356fc1eaad97f93b____c22_0____2__t_356fc1eaad97f93b____c22_1____2_fair.csv;t_356fc1eaad97f93b____c22_0____2__t_356fc1eaad97f93b____c22_1____1_fair.csv;t_356fc1eaad97f93b____c22_0____2__t_356fc1eaad97f93b____c21_1____2_fair.csv;t_356fc1eaad97f93b____c22_0____2__t_356fc1eaad97f93b____c20_1____3_fair.csv;t_356fc1eaad97f93b____c22_0____2__t_356fc1eaad97f93b____c19_1____1_fair.csv;t_356fc1eaad97f93b____c22_0____2__t_356fc1eaad97f93b____c19_0____0_fair.csv;t_356fc1eaad97f93b____c22_0____2__t_356fc1eaad97f93b____c18_0____0_fair.csv;t_356fc1eaad97f93b____c22_0____2__t_356fc1eaad97f93b____c15_1____2_fair.csv;t_356fc1eaad97f93b____c22_0____2__t_356fc1eaad97f93b____c6_1____2_fair.csv;t_356fc1eaad97f93b____c23_0____2.csv;t_356fc1eaad97f93b____c22_0____3__t_356fc1eaad97f93b____c22_1____2_fair.csv;t_356fc1eaad97f93b____c22_0____3__t_356fc1eaad97f93b____c22_1____1_fair.csv;t_356fc1eaad97f93b____c23_0____3__t_356fc1eaad97f93b____c22_1____2_fair.csv;t_356fc1eaad97f93b____c23_0____3__t_356fc1eaad97f93b____c22_1____1_fair.csv;t_356fc1eaad97f93b____c23_0____3__t_356fc1eaad97f93b____c19_0____0_fair.csv;t_356fc1eaad97f93b____c22_1____3__t_356fc1eaad97f93b____c22_1____2_fair.csv;t_356fc1eaad97f93b____c22_1____3__t_356fc1eaad97f93b____c22_1____1_fair.csv;t_356fc1eaad97f93b____c22_1____3__t_356fc1eaad97f93b____c19_0____0_fair.csv,"{""needs_fairification"": true, ""success"": true, ""swaps_made"": 8, ""initial_fairness"": 0.1445, ""initial_delta"": 0.26}"
tusSmall3,exhaustive,t_93f3d6f7fc6aa6ff____c12_1____1_fair.csv,5,1135,73,0,False,0.4251,,0.0,0.004405286343612335,0,0.0,,"{""needs_fairification"": true, ""success"": false, ""swaps_made"": 5, ""initial_fairness"": 0.0739, ""initial_delta"": 0.33}"
tusSmall3,exhaustive,t_93f3d6f7fc6aa6ff____c12_1____1_fair.csv,10,1135,73,0,False,0.4251,,0.0,0.00881057268722467,0,0.0,,"{""needs_fairification"": true, ""success"": false, ""swaps_made"": 2, ""initial_fairness"": 0.0396, ""initial_delta"": 0.36}"
tusSmall3,exhaustive,t_93f3d6f7fc6aa6ff____c12_1____1_fair.csv,20,1135,73,0,False,0.4251,,0.0,0.01762114537444934,0,0.0,,"{""needs_fairification"": true, ""success"": false, ""swaps_made"": 2, ""initial_fairness"": 0.0207, ""initial_delta"": 0.38}"
tusSmall3,exhaustive,t_93f3d6f7fc6aa6ff____c12_0____3_fair.csv,5,1195,112,5,True,0.3431,1.0,0.0041841004184100415,0.0041841004184100415,42.22662401199341,42.22662401199341,t_93f3d6f7fc6aa6ff____c17_0____3.csv;t_93f3d6f7fc6aa6ff____c15_0____3.csv;t_93f3d6f7fc6aa6ff____c13_0____0__t_93f3d6f7fc6aa6ff____c12_0____3_fair.csv;t_93f3d6f7fc6aa6ff____c11_1____1__t_93f3d6f7fc6aa6ff____c12_0____3_fair.csv;t_93f3d6f7fc6aa6ff____c10_0____0__t_93f3d6f7fc6aa6ff____c12_0____3_fair.csv,"{""needs_fairification"": true, ""success"": true, ""swaps_made"": 3, ""initial_fairness"": 0.1005, ""initial_delta"": 0.3}"
tusSmall3,exhaustive,t_93f3d6f7fc6aa6ff____c12_0____3_fair.csv,10,1195,112,0,False,0.4499,,0.0,0.008368200836820083,0,0.0,,"{""needs_fairification"": true, ""success"": false, ""swaps_made"": 7, ""initial_fairness"": 0.0495, ""initial_delta"": 0.35}"
tusSmall3,exhaustive,t_93f3d6f7fc6aa6ff____c12_0____3_fair.csv,20,1195,112,0,False,0.4499,,0.0,0.016736401673640166,0,0.0,,"{""needs_fairification"": true, ""success"": false, ""swaps_made"": 5, ""initial_fairness"": 0.0244, ""initial_delta"": 0.38}"
tusSmall3,exhaustive,t_356fc1eaad97f93b____c21_1____2_fair.csv,5,1029,56,5,True,0.319,1.0,0.004859086491739553,0.004859086491739553,96.80299013853073,96.80299013853073,t_356fc1eaad97f93b____c21_0____2__t_356fc1eaad97f93b____c22_1____2_fair.csv;t_356fc1eaad97f93b____c21_0____2__t_356fc1eaad97f93b____c22_1____1_fair.csv;t_356fc1eaad97f93b____c20_0____2__t_356fc1eaad97f93b____c21_1____2_fair.csv;t_356fc1eaad97f93b____c19_1____2__t_356fc1eaad97f93b____c21_1____2_fair.csv;t_356fc1eaad97f93b____c19_0____2__t_356fc1eaad97f93b____c21_1____2_fair.csv,"{""needs_fairification"": true, ""success"": true, ""swaps_made"": 3, ""initial_fairness"": 0.0806, ""initial_delta"": 0.32}"
tusSmall3,exhaustive,t_356fc1eaad97f93b____c21_1____2_fair.csv,10,1029,56,0,False,0.437,,0.0,0.009718172983479106,0,0.0,,"{""needs_fairification"": true, ""success"": false, ""swaps_made"": 8, ""initial_fairness"": 0.0422, ""initial_delta"": 0.36}"
tusSmall3,exhaustive,t_356fc1eaad97f93b____c21_1____2_fair.csv,20,1029,56,0,False,0.437,,0.0,0.019436345966958212,0,0.0,,"{""needs_fairification"": true, ""success"": false, ""swaps_made"": 4, ""initial_fairness"": 0.0481, ""initial_delta"": 0.35}"
tusSmall3,exhaustive,t_93f3d6f7fc6aa6ff____c11_0____4_fair.csv,5,889,93,0,False,0.4229,,0.0,0.00562429696287964,0,0.0,,"{""needs_fairification"": true, ""success"": false, ""swaps_made"": 0, ""initial_fairness"": 0.0755, ""initial_delta"": 0.32}"
tusSmall3,exhaustive,t_93f3d6f7fc6aa6ff____c11_0____4_fair.csv,10,889,93,0,False,0.4229,,0.0,0.01124859392575928,0,0.0,,"{""needs_fairification"": true, ""success"": false, ""swaps_made"": 0, ""initial_fairness"": 0.0401, ""initial_delta"": 0.36}"
tusSmall3,exhaustive,t_93f3d6f7fc6aa6ff____c11_0____4_fair.csv,20,889,93,0,False,0.4229,,0.0,0.02249718785151856,0,0.0,,"{""needs_fairification"": true, ""success"": false, ""swaps_made"": 0, ""initial_fairness"": 0.0206, ""initial_delta"": 0.38}"
tusSmall3,exhaustive,t_93f3d6f7fc6aa6ff____c3_1____2_fair.csv,5,1080,157,5,True,0.3235,1.0,0.004629629629629629,0.004629629629629629,13.714739561080933,13.714739561080933,t_93f3d6f7fc6aa6ff____c3_1____1__t_93f3d6f7fc6aa6ff____c9_0____3_fair.csv;t_93f3d6f7fc6aa6ff____c3_1____1__t_93f3d6f7fc6aa6ff____c3_1____2_fair.csv;t_93f3d6f7fc6aa6ff____c3_1____1__t_93f3d6f7fc6aa6ff____c19_1____2_fair.csv;t_93f3d6f7fc6aa6ff____c3_1____1.csv;t_93f3d6f7fc6aa6ff____c3_1____4__t_93f3d6f7fc6aa6ff____c9_0____3_fair.csv,"{""needs_fairification"": false, ""success"": true, ""swaps_made"": 0, ""initial_fairness"": 0.3235, ""initial_delta"": 0.08}"
tusSmall3,exhaustive,t_93f3d6f7fc6aa6ff____c3_1____2_fair.csv,10,1080,157,10,True,0.3202,1.0,0.009259259259259259,0.009259259259259259,26.75362193584442,26.75362193584442,t_93f3d6f7fc6aa6ff____c3_1____1__t_93f3d6f7fc6aa6ff____c9_0____3_fair.csv;t_93f3d6f7fc6aa6ff____c3_1____1__t_93f3d6f7fc6aa6ff____c3_1____2_fair.csv;t_93f3d6f7fc6aa6ff____c3_1____1__t_93f3d6f7fc6aa6ff____c19_1____2_fair.csv;t_93f3d6f7fc6aa6ff____c3_1____1.csv;t_93f3d6f7fc6aa6ff____c3_1____4__t_93f3d6f7fc6aa6ff____c9_0____3_fair.csv;t_93f3d6f7fc6aa6ff____c3_1____4__t_93f3d6f7fc6aa6ff____c3_1____2_fair.csv;t_93f3d6f7fc6aa6ff____c3_1____4__t_93f3d6f7fc6aa6ff____c19_1____2_fair.csv;t_93f3d6f7fc6aa6ff____c3_1____4.csv;t_93f3d6f7fc6aa6ff____c3_1____3__t_93f3d6f7fc6aa6ff____c9_0____3_fair.csv;t_93f3d6f7fc6aa6ff____c3_1____3__t_93f3d6f7fc6aa6ff____c3_1____2_fair.csv,"{""needs_fairification"": true, ""success"": true, ""swaps_made"": 2, ""initial_fairness"": 0.2296, ""initial_delta"": 0.17}"
tusSmall3,exhaustive,t_93f3d6f7fc6aa6ff____c3_1____2_fair.csv,20,1080,157,0,False,0.4491,,0.0,0.018518518518518517,0,0.0,,"{""needs_fairification"": true, ""success"": false, ""swaps_made"": 0, ""initial_fairness"": 0.1588, ""initial_delta"": 0.24}"
tusSmall3,exhaustive,t_356fc1eaad97f93b____c22_1____1_fair.csv,5,1080,61,5,True,0.323,1.0,0.004629629629629629,0.004629629629629629,102.71859914064407,102.71859914064407,t_356fc1eaad97f93b____c22_0____1__t_356fc1eaad97f93b____c6_1____2_fair.csv;t_356fc1eaad97f93b____c22_0____1__t_356fc1eaad97f93b____c9_0____4_fair.csv;t_356fc1eaad97f93b____c22_0____1__t_356fc1eaad97f93b____c22_1____2_fair.csv;t_356fc1eaad97f93b____c22_0____1__t_356fc1eaad97f93b____c22_1____1_fair.csv;t_356fc1eaad97f93b____c22_0____1__t_356fc1eaad97f93b____c21_1____2_fair.csv,"{""needs_fairification"": false, ""success"": true, ""swaps_made"": 0, ""initial_fairness"": 0.323, ""initial_delta"": 0.08}"
tusSmall3,exhaustive,t_356fc1eaad97f93b____c22_1____1_fair.csv,10,1080,61,10,True,0.3264,1.0,0.009259259259259259,0.009259259259259259,205.42950004339218,205.42950004339218,t_356fc1eaad97f93b____c22_0____1__t_356fc1eaad97f93b____c6_1____2_fair.csv;t_356fc1eaad97f93b____c22_0____1__t_356fc1eaad97f93b____c9_0____4_fair.csv;t_356fc1eaad97f93b____c22_0____1__t_356fc1eaad97f93b____c22_1____2_fair.csv;t_356fc1eaad97f93b____c22_0____1__t_356fc1eaad97f93b____c22_1____1_fair.csv;t_356fc1eaad97f93b____c22_0____1__t_356fc1eaad97f93b____c21_1____2_fair.csv;t_356fc1eaad97f93b____c22_0____1__t_356fc1eaad97f93b____c20_1____3_fair.csv;t_356fc1eaad97f93b____c22_0____1__t_356fc1eaad97f93b____c19_1____1_fair.csv;t_356fc1eaad97f93b____c22_0____1__t_356fc1eaad97f93b____c19_0____0_fair.csv;t_356fc1eaad97f93b____c22_0____1__t_356fc1eaad97f93b____c18_0____0_fair.csv;t_356fc1eaad97f93b____c22_0____1__t_356fc1eaad97f93b____c15_1____2_fair.csv,"{""needs_fairification"": false, ""success"": true, ""swaps_made"": 0, ""initial_fairness"": 0.3264, ""initial_delta"": 0.07}"
tusSmall3,exhaustive,t_356fc1eaad97f93b____c22_1____1_fair.csv,20,1080,61,0,False,0.4047,,0.0,0.018518518518518517,0,0.0,,"{""needs_fairification"": true, ""success"": false, ""swaps_made"": 3, ""initial_fairness"": 0.1812, ""initial_delta"": 0.22}"
tusSmall3,exhaustive,t_93f3d6f7fc6aa6ff____c15_1____2_fair.csv,5,1195,83,0,False,0.44,,0.0,0.0041841004184100415,0,0.0,,"{""needs_fairification"": true, ""success"": false, ""swaps_made"": 5, ""initial_fairness"": 0.076, ""initial_delta"": 0.32}"
tusSmall3,exhaustive,t_93f3d6f7fc6aa6ff____c15_1____2_fair.csv,10,1195,83,0,False,0.44,,0.0,0.008368200836820083,0,0.0,,"{""needs_fairification"": true, ""success"": false, ""swaps_made"": 1, ""initial_fairness"": 0.0415, ""initial_delta"": 0.36}"
tusSmall3,exhaustive,t_93f3d6f7fc6aa6ff____c15_1____2_fair.csv,20,1195,83,0,False,0.44,,0.0,0.016736401673640166,0,0.0,,"{""needs_fairification"": true, ""success"": false, ""swaps_made"": 1, ""initial_fairness"": 0.022, ""initial_delta"": 0.38}"
tusSmall3,exhaustive,t_93f3d6f7fc6aa6ff____c15_0____4_fair.csv,5,948,70,0,False,0.4467,,0.0,0.005274261603375527,0,0.0,,"{""needs_fairification"": true, ""success"": false, ""swaps_made"": 5, ""initial_fairness"": 0.0829, ""initial_delta"": 0.32}"
tusSmall3,exhaustive,t_93f3d6f7fc6aa6ff____c15_0____4_fair.csv,10,948,70,0,False,0.4467,,0.0,0.010548523206751054,0,0.0,,"{""needs_fairification"": true, ""success"": false, ""swaps_made"": 2, ""initial_fairness"": 0.0457, ""initial_delta"": 0.35}"
tusSmall3,exhaustive,t_93f3d6f7fc6aa6ff____c15_0____4_fair.csv,20,948,70,0,False,0.4467,,0.0,0.02109704641350211,0,0.0,,"{""needs_fairification"": true, ""success"": false, ""swaps_made"": 2, ""initial_fairness"": 0.0235, ""initial_delta"": 0.38}"
tusSmall3,exhaustive,t_93f3d6f7fc6aa6ff____c5_0____2_fair.csv,5,1195,112,0,False,0.4253,,0.0,0.0041841004184100415,0,0.0,,"{""needs_fairification"": true, ""success"": false, ""swaps_made"": 4, ""initial_fairness"": 0.0773, ""initial_delta"": 0.32}"
tusSmall3,exhaustive,t_93f3d6f7fc6aa6ff____c5_0____2_fair.csv,10,1195,112,0,False,0.4253,,0.0,0.008368200836820083,0,0.0,,"{""needs_fairification"": true, ""success"": false, ""swaps_made"": 1, ""initial_fairness"": 0.0405, ""initial_delta"": 0.36}"
tusSmall3,exhaustive,t_93f3d6f7fc6aa6ff____c5_0____2_fair.csv,20,1195,112,0,False,0.4253,,0.0,0.016736401673640166,0,0.0,,"{""needs_fairification"": true, ""success"": false, ""swaps_made"": 1, ""initial_fairness"": 0.0217, ""initial_delta"": 0.38}"
tusSmall3,exhaustive,t_93f3d6f7fc6aa6ff____c7_0____2_fair.csv,5,1200,106,0,False,0.4387,,0.0,0.004166666666666667,0,0.0,,"{""needs_fairification"": true, ""success"": false, ""swaps_made"": 5, ""initial_fairness"": 0.0756, ""initial_delta"": 0.32}"
tusSmall3,exhaustive,t_93f3d6f7fc6aa6ff____c7_0____2_fair.csv,10,1200,106,0,False,0.4387,,0.0,0.008333333333333333,0,0.0,,"{""needs_fairification"": true, ""success"": false, ""swaps_made"": 3, ""initial_fairness"": 0.0412, ""initial_delta"": 0.36}"
tusSmall3,exhaustive,t_93f3d6f7fc6aa6ff____c7_0____2_fair.csv,20,1200,106,0,False,0.4387,,0.0,0.016666666666666666,0,0.0,,"{""needs_fairification"": true, ""success"": false, ""swaps_made"": 1, ""initial_fairness"": 0.044, ""initial_delta"": 0.36}"
tusSmall3,exhaustive,t_93f3d6f7fc6aa6ff____c9_0____3_fair.csv,5,1080,104,5,True,0.3179,0.8,0.003703703703703704,0.004629629629629629,42.12246346473694,42.12246346473694,t_93f3d6f7fc6aa6ff____c9_0____0.csv;t_93f3d6f7fc6aa6ff____c9_1____3__t_93f3d6f7fc6aa6ff____c7_0____2_fair.csv;t_93f3d6f7fc6aa6ff____c9_0____0__t_93f3d6f7fc6aa6ff____c9_0____3_fair.csv;t_93f3d6f7fc6aa6ff____c9_0____0__t_93f3d6f7fc6aa6ff____c3_1____2_fair.csv;t_93f3d6f7fc6aa6ff____c13_1____3__t_93f3d6f7fc6aa6ff____c9_0____3_fair.csv,"{""needs_fairification"": true, ""success"": true, ""swaps_made"": 2, ""initial_fairness"": 0.1548, ""initial_delta"": 0.25}"
tusSmall3,exhaustive,t_93f3d6f7fc6aa6ff____c9_0____3_fair.csv,10,1080,104,10,True,0.3303,0.9,0.008333333333333333,0.009259259259259259,79.84453076124191,79.84453076124191,t_93f3d6f7fc6aa6ff____c9_0____0.csv;t_93f3d6f7fc6aa6ff____c9_1____3__t_93f3d6f7fc6aa6ff____c7_0____2_fair.csv;t_93f3d6f7fc6aa6ff____c9_0____0__t_93f3d6f7fc6aa6ff____c9_0____3_fair.csv;t_93f3d6f7fc6aa6ff____c9_0____0__t_93f3d6f7fc6aa6ff____c5_0____2_fair.csv;t_93f3d6f7fc6aa6ff____c9_0____0__t_93f3d6f7fc6aa6ff____c3_1____2_fair.csv;t_93f3d6f7fc6aa6ff____c9_0____1__t_93f3d6f7fc6aa6ff____c9_0____3_fair.csv;t_93f3d6f7fc6aa6ff____c13_1____3__t_93f3d6f7fc6aa6ff____c9_0____3_fair.csv;t_93f3d6f7fc6aa6ff____c13_1____3__t_93f3d6f7fc6aa6ff____c3_1____2_fair.csv;t_93f3d6f7fc6aa6ff____c7_1____3__t_93f3d6f7fc6aa6ff____c9_0____3_fair.csv;t_93f3d6f7fc6aa6ff____c7_1____1__t_93f3d6f7fc6aa6ff____c3_1____2_fair.csv,"{""needs_fairification"": true, ""success"": true, ""swaps_made"": 5, ""initial_fairness"": 0.1247, ""initial_delta"": 0.28}"
tusSmall3,exhaustive,t_93f3d6f7fc6aa6ff____c9_0____3_fair.csv,20,1080,104,0,False,0.4507,,0.0,0.018518518518518517,0,0.0,,"{""needs_fairification"": true, ""success"": false, ""swaps_made"": 6, ""initial_fairness"": 0.1413, ""initial_delta"": 0.26}"
tusSmall3,exhaustive,t_93f3d6f7fc6aa6ff____c7_0____4_fair.csv,5,1200,130,5,True,0.3621,0.8,0.0033333333333333335,0.004166666666666667,27.834342062473297,27.834342062473297,t_93f3d6f7fc6aa6ff____c8_0____4__t_93f3d6f7fc6aa6ff____c15_1____2_fair.csv;t_93f3d6f7fc6aa6ff____c12_1____4__t_93f3d6f7fc6aa6ff____c7_0____4_fair.csv;t_93f3d6f7fc6aa6ff____c10_0____0__t_93f3d6f7fc6aa6ff____c7_0____4_fair.csv;t_93f3d6f7fc6aa6ff____c7_0____0__t_93f3d6f7fc6aa6ff____c7_0____4_fair.csv;t_93f3d6f7fc6aa6ff____c5_1____4__t_93f3d6f7fc6aa6ff____c7_0____4_fair.csv,"{""needs_fairification"": true, ""success"": true, ""swaps_made"": 4, ""initial_fairness"": 0.0645, ""initial_delta"": 0.34}"
tusSmall3,exhaustive,t_93f3d6f7fc6aa6ff____c7_0____4_fair.csv,10,1200,130,10,True,0.3094,0.8,0.006666666666666667,0.008333333333333333,57.198420107364655,57.198420107364655,t_93f3d6f7fc6aa6ff____c8_0____4__t_93f3d6f7fc6aa6ff____c12_0____3_fair.csv;t_93f3d6f7fc6aa6ff____c7_0____0.csv;t_93f3d6f7fc6aa6ff____c8_0____1.csv;t_93f3d6f7fc6aa6ff____c7_0____1.csv;t_93f3d6f7fc6aa6ff____c12_1____4__t_93f3d6f7fc6aa6ff____c7_0____4_fair.csv;t_93f3d6f7fc6aa6ff____c10_0____0__t_93f3d6f7fc6aa6ff____c7_0____4_fair.csv;t_93f3d6f7fc6aa6ff____c7_0____0__t_93f3d6f7fc6aa6ff____c7_0____4_fair.csv;t_93f3d6f7fc6aa6ff____c8_1____1__t_93f3d6f7fc6aa6ff____c7_0____4_fair.csv;t_93f3d6f7fc6aa6ff____c6_0____1__t_93f3d6f7fc6aa6ff____c7_0____4_fair.csv;t_93f3d6f7fc6aa6ff____c5_1____4__t_93f3d6f7fc6aa6ff____c7_0____4_fair.csv,"{""needs_fairification"": true, ""success"": true, ""swaps_made"": 6, ""initial_fairness"": 0.0398, ""initial_delta"": 0.36}"
tusSmall3,exhaustive,t_93f3d6f7fc6aa6ff____c7_0____4_fair.csv,20,1200,130,0,False,0.4026,,0.0,0.016666666666666666,0,0.0,,"{""needs_fairification"": true, ""success"": false, ""swaps_made"": 8, ""initial_fairness"": 0.0201, ""initial_delta"": 0.38}"
tusSmall3,exhaustive,t_c701386b7c10b107____c10_0____3_fair.csv,5,1077,110,5,True,0.3418,1.0,0.004642525533890436,0.004642525533890436,47.802697241306305,47.802697241306305,t_c701386b7c10b107____c10_0____1.csv;t_c701386b7c10b107____c10_0____4.csv;t_c701386b7c10b107____c10_0____1__t_c701386b7c10b107____c10_0____3_fair.csv;t_c701386b7c10b107____c10_0____4__t_c701386b7c10b107____c10_0____3_fair.csv;t_c701386b7c10b107____c10_0____0__t_c701386b7c10b107____c10_0____3_fair.csv,"{""needs_fairification"": true, ""success"": true, ""swaps_made"": 2, ""initial_fairness"": 0.1718, ""initial_delta"": 0.23}"
tusSmall3,exhaustive,t_c701386b7c10b107____c10_0____3_fair.csv,10,1077,110,0,False,0.4185,,0.0,0.009285051067780872,0,0.0,,"{""needs_fairification"": true, ""success"": false, ""swaps_made"": 7, ""initial_fairness"": 0.0867, ""initial_delta"": 0.31}"
tusSmall3,exhaustive,t_c701386b7c10b107____c10_0____3_fair.csv,20,1077,110,0,False,0.4185,,0.0,0.018570102135561744,0,0.0,,"{""needs_fairification"": true, ""success"": false, ""swaps_made"": 4, ""initial_fairness"": 0.0679, ""initial_delta"": 0.33}"
tusSmall3,exhaustive,t_93f3d6f7fc6aa6ff____c19_0____1_fair.csv,5,1135,74,0,False,0.4126,,0.0,0.004405286343612335,0,0.0,,"{""needs_fairification"": true, ""success"": false, ""swaps_made"": 5, ""initial_fairness"": 0.0689, ""initial_delta"": 0.33}"
tusSmall3,exhaustive,t_93f3d6f7fc6aa6ff____c19_0____1_fair.csv,10,1135,74,0,False,0.4126,,0.0,0.00881057268722467,0,0.0,,"{""needs_fairification"": true, ""success"": false, ""swaps_made"": 0, ""initial_fairness"": 0.0797, ""initial_delta"": 0.32}"
tusSmall3,exhaustive,t_93f3d6f7fc6aa6ff____c19_0____1_fair.csv,20,1135,74,0,False,0.4126,,0.0,0.01762114537444934,0,0.0,,"{""needs_fairification"": true, ""success"": false, ""swaps_made"": 0, ""initial_fairness"": 0.042, ""initial_delta"": 0.36}"
tusSmall3,exhaustive,t_93f3d6f7fc6aa6ff____c19_1____2_fair.csv,5,1080,76,5,True,0.3185,1.0,0.004629629629629629,0.004629629629629629,79.94933527708054,79.94933527708054,t_93f3d6f7fc6aa6ff____c17_1____2.csv;t_93f3d6f7fc6aa6ff____c17_1____2__t_93f3d6f7fc6aa6ff____c19_1____2_fair.csv;t_93f3d6f7fc6aa6ff____c17_1____3.csv;t_93f3d6f7fc6aa6ff____c17_1____1__t_93f3d6f7fc6aa6ff____c19_1____2_fair.csv;t_93f3d6f7fc6aa6ff____c16_1____3.csv,"{""needs_fairification"": true, ""success"": true, ""swaps_made"": 4, ""initial_fairness"": 0.0781, ""initial_delta"": 0.32}"
tusSmall3,exhaustive,t_93f3d6f7fc6aa6ff____c19_1____2_fair.csv,10,1080,76,0,False,0.414,,0.0,0.009259259259259259,0,0.0,,"{""needs_fairification"": true, ""success"": false, ""swaps_made"": 4, ""initial_fairness"": 0.0851, ""initial_delta"": 0.31}"
tusSmall3,exhaustive,t_93f3d6f7fc6aa6ff____c19_1____2_fair.csv,20,1080,76,0,False,0.414,,0.0,0.018518518518518517,0,0.0,,"{""needs_fairification"": true, ""success"": false, ""swaps_made"": 2, ""initial_fairness"": 0.0513, ""initial_delta"": 0.35}"
tusSmall3,exhaustive,t_c701386b7c10b107____c17_1____1_fair.csv,5,1019,67,0,False,0.4427,,0.0,0.004906771344455349,0,0.0,,"{""needs_fairification"": true, ""success"": false, ""swaps_made"": 4, ""initial_fairness"": 0.082, ""initial_delta"": 0.32}"
tusSmall3,exhaustive,t_c701386b7c10b107____c17_1____1_fair.csv,10,1019,67,0,False,0.4427,,0.0,0.009813542688910697,0,0.0,,"{""needs_fairification"": true, ""success"": false, ""swaps_made"": 3, ""initial_fairness"": 0.0868, ""initial_delta"": 0.31}"
tusSmall3,exhaustive,t_c701386b7c10b107____c17_1____1_fair.csv,20,1019,67,0,False,0.4427,,0.0,0.019627085377821395,0,0.0,,"{""needs_fairification"": true, ""success"": false, ""swaps_made"": 1, ""initial_fairness"": 0.0437, ""initial_delta"": 0.36}"
tusSmall3,exhaustive,t_c701386b7c10b107____c14_0____2_fair.csv,5,980,82,0,False,0.4015,,0.0,0.00510204081632653,0,0.0,,"{""needs_fairification"": true, ""success"": false, ""swaps_made"": 5, ""initial_fairness"": 0.0622, ""initial_delta"": 0.34}"
tusSmall3,exhaustive,t_c701386b7c10b107____c14_0____2_fair.csv,10,980,82,0,False,0.4015,,0.0,0.01020408163265306,0,0.0,,"{""needs_fairification"": true, ""success"": false, ""swaps_made"": 3, ""initial_fairness"": 0.0373, ""initial_delta"": 0.36}"
tusSmall3,exhaustive,t_c701386b7c10b107____c14_0____2_fair.csv,20,980,82,0,False,0.4015,,0.0,0.02040816326530612,0,0.0,,"{""needs_fairification"": true, ""success"": false, ""swaps_made"": 3, ""initial_fairness"": 0.0192, ""initial_delta"": 0.38}"
tusSmall3,exhaustive,t_c701386b7c10b107____c5_1____1_fair.csv,5,1077,141,5,True,0.2965,1.0,0.004642525533890436,0.004642525533890436,24.22545039653778,24.22545039653778,t_c701386b7c10b107____c5_1____4__t_c701386b7c10b107____c5_1____1_fair.csv;t_c701386b7c10b107____c5_1____4__t_c701386b7c10b107____c10_0____3_fair.csv;t_c701386b7c10b107____c5_1____2__t_c701386b7c10b107____c7_1____0_fair.csv;t_c701386b7c10b107____c5_1____2__t_c701386b7c10b107____c5_1____1_fair.csv;t_c701386b7c10b107____c5_1____0__t_c701386b7c10b107____c5_1____1_fair.csv,"{""needs_fairification"": true, ""success"": true, ""swaps_made"": 1, ""initial_fairness"": 0.219, ""initial_delta"": 0.18}"
tusSmall3,exhaustive,t_c701386b7c10b107____c5_1____1_fair.csv,10,1077,141,10,True,0.3208,1.0,0.009285051067780872,0.009285051067780872,47.84117305278778,47.84117305278778,t_c701386b7c10b107____c5_1____4__t_c701386b7c10b107____c5_1____1_fair.csv;t_c701386b7c10b107____c5_1____4__t_c701386b7c10b107____c10_0____3_fair.csv;t_c701386b7c10b107____c5_1____2__t_c701386b7c10b107____c7_1____0_fair.csv;t_c701386b7c10b107____c5_1____2__t_c701386b7c10b107____c5_1____1_fair.csv;t_c701386b7c10b107____c5_1____3__t_c701386b7c10b107____c7_1____0_fair.csv;t_c701386b7c10b107____c5_1____3__t_c701386b7c10b107____c5_1____1_fair.csv;t_c701386b7c10b107____c5_1____0__t_c701386b7c10b107____c5_1____1_fair.csv;t_c701386b7c10b107____c9_0____3__t_c701386b7c10b107____c5_1____1_fair.csv;t_c701386b7c10b107____c10_0____1__t_c701386b7c10b107____c5_1____1_fair.csv;t_c701386b7c10b107____c7_1____1__t_c701386b7c10b107____c5_1____1_fair.csv,"{""needs_fairification"": true, ""success"": true, ""swaps_made"": 4, ""initial_fairness"": 0.1575, ""initial_delta"": 0.24}"
tusSmall3,exhaustive,t_c701386b7c10b107____c5_1____1_fair.csv,20,1077,141,20,True,0.2993,1.0,0.018570102135561744,0.018570102135561744,94.05290031433105,94.05290031433105,t_c701386b7c10b107____c5_1____4__t_c701386b7c10b107____c5_1____1_fair.csv;t_c701386b7c10b107____c5_1____4__t_c701386b7c10b107____c10_0____3_fair.csv;t_c701386b7c10b107____c5_1____2__t_c701386b7c10b107____c5_1____1_fair.csv;t_c701386b7c10b107____c5_1____3__t_c701386b7c10b107____c7_1____0_fair.csv;t_c701386b7c10b107____c5_1____3__t_c701386b7c10b107____c5_1____1_fair.csv;t_c701386b7c10b107____c5_1____0__t_c701386b7c10b107____c5_1____1_fair.csv;t_c701386b7c10b107____c5_1____4.csv;t_c701386b7c10b107____c5_1____0.csv;t_c701386b7c10b107____c5_1____2.csv;t_c701386b7c10b107____c9_0____3__t_c701386b7c10b107____c5_1____1_fair.csv;t_c701386b7c10b107____c9_0____3__t_c701386b7c10b107____c17_1____1_fair.csv;t_c701386b7c10b107____c5_1____3.csv;t_c701386b7c10b107____c10_0____4.csv;t_c701386b7c10b107____c10_0____1__t_c701386b7c10b107____c5_1____1_fair.csv;t_c701386b7c10b107____c6_1____3__t_c701386b7c10b107____c5_1____1_fair.csv;t_c701386b7c10b107____c7_1____2__t_c701386b7c10b107____c5_1____1_fair.csv;t_c701386b7c10b107____c6_1____0__t_c701386b7c10b107____c5_1____1_fair.csv;t_c701386b7c10b107____c7_1____1__t_c701386b7c10b107____c5_1____1_fair.csv;t_c701386b7c10b107____c9_1____1__t_c701386b7c10b107____c5_1____1_fair.csv;t_c701386b7c10b107____c6_1____4__t_c701386b7c10b107____c5_1____1_fair.csv,"{""needs_fairification"": true, ""success"": true, ""swaps_made"": 8, ""initial_fairness"": 0.1369, ""initial_delta"": 0.26}"
tusSmall3,exhaustive,t_93f3d6f7fc6aa6ff____c21_0____3_fair.csv,5,1195,58,5,True,0.3059,1.0,0.0041841004184100415,0.0041841004184100415,94.33012002706528,94.33012002706528,t_93f3d6f7fc6aa6ff____c20_1____3__t_93f3d6f7fc6aa6ff____c7_0____2_fair.csv;t_93f3d6f7fc6aa6ff____c20_1____3__t_93f3d6f7fc6aa6ff____c3_1____2_fair.csv;t_93f3d6f7fc6aa6ff____c20_1____3__t_93f3d6f7fc6aa6ff____c11_1____3_fair.csv;t_93f3d6f7fc6aa6ff____c20_0____3__t_93f3d6f7fc6aa6ff____c11_1____3_fair.csv;t_93f3d6f7fc6aa6ff____c19_0____3__t_93f3d6f7fc6aa6ff____c11_1____3_fair.csv,"{""needs_fairification"": true, ""success"": true, ""swaps_made"": 3, ""initial_fairness"": 0.0772, ""initial_delta"": 0.32}"
tusSmall3,exhaustive,t_93f3d6f7fc6aa6ff____c21_0____3_fair.csv,10,1195,58,10,True,0.3339,1.0,0.008368200836820083,0.008368200836820083,188.09822398424149,188.09822398424149,t_93f3d6f7fc6aa6ff____c20_1____3__t_93f3d6f7fc6aa6ff____c7_0____2_fair.csv;t_93f3d6f7fc6aa6ff____c20_1____3__t_93f3d6f7fc6aa6ff____c21_0____3_fair.csv;t_93f3d6f7fc6aa6ff____c20_1____3__t_93f3d6f7fc6aa6ff____c19_1____2_fair.csv;t_93f3d6f7fc6aa6ff____c20_1____3__t_93f3d6f7fc6aa6ff____c15_0____4_fair.csv;t_93f3d6f7fc6aa6ff____c20_1____3__t_93f3d6f7fc6aa6ff____c11_1____3_fair.csv;t_93f3d6f7fc6aa6ff____c20_0____3__t_93f3d6f7fc6aa6ff____c21_0____3_fair.csv;t_93f3d6f7fc6aa6ff____c20_0____3__t_93f3d6f7fc6aa6ff____c11_1____3_fair.csv;t_93f3d6f7fc6aa6ff____c19_1____3__t_93f3d6f7fc6aa6ff____c21_0____3_fair.csv;t_93f3d6f7fc6aa6ff____c19_0____3__t_93f3d6f7fc6aa6ff____c21_0____3_fair.csv;t_93f3d6f7fc6aa6ff____c19_0____3__t_93f3d6f7fc6aa6ff____c11_1____3_fair.csv,"{""needs_fairification"": true, ""success"": true, ""swaps_made"": 6, ""initial_fairness"": 0.0829, ""initial_delta"": 0.32}"
tusSmall3,exhaustive,t_93f3d6f7fc6aa6ff____c21_0____3_fair.csv,20,1195,58,0,False,0.4511,,0.0,0.016736401673640166,0,0.0,,"{""needs_fairification"": true, ""success"": false, ""swaps_made"": 6, ""initial_fairness"": 0.087, ""initial_delta"": 0.31}"
tusSmall3,exhaustive,t_c701386b7c10b107____c6_1____2_fair.csv,5,980,146,5,True,0.299,1.0,0.00510204081632653,0.00510204081632653,25.950131952762604,25.950131952762604,t_c701386b7c10b107____c6_1____1__t_c701386b7c10b107____c6_1____2_fair.csv;t_c701386b7c10b107____c6_1____1__t_c701386b7c10b107____c5_1____1_fair.csv;t_c701386b7c10b107____c6_1____1__t_c701386b7c10b107____c18_1____1_fair.csv;t_c701386b7c10b107____c11_0____2__t_c701386b7c10b107____c6_1____2_fair.csv;t_c701386b7c10b107____c11_0____3__t_c701386b7c10b107____c6_1____2_fair.csv,"{""needs_fairification"": true, ""success"": true, ""swaps_made"": 2, ""initial_fairness"": 0.1596, ""initial_delta"": 0.24}"
tusSmall3,exhaustive,t_c701386b7c10b107____c6_1____2_fair.csv,10,980,146,0,False,0.4481,,0.0,0.01020408163265306,0,0.0,,"{""needs_fairification"": true, ""success"": false, ""swaps_made"": 3, ""initial_fairness"": 0.1369, ""initial_delta"": 0.26}"
tusSmall3,exhaustive,t_c701386b7c10b107____c6_1____2_fair.csv,20,980,146,0,False,0.4481,,0.0,0.02040816326530612,0,0.0,,"{""needs_fairification"": true, ""success"": false, ""swaps_made"": 3, ""initial_fairness"": 0.0785, ""initial_delta"": 0.32}"
tusSmall3,exhaustive,t_c701386b7c10b107____c7_1____0_fair.csv,5,1077,131,5,True,0.3614,1.0,0.004642525533890436,0.004642525533890436,31.39363431930542,31.39363431930542,t_c701386b7c10b107____c7_1____1__t_c701386b7c10b107____c7_1____0_fair.csv;t_c701386b7c10b107____c7_1____1__t_c701386b7c10b107____c21_0____2_fair.csv;t_c701386b7c10b107____c7_1____2__t_c701386b7c10b107____c7_1____0_fair.csv;t_c701386b7c10b107____c12_0____4__t_c701386b7c10b107____c7_1____0_fair.csv;t_c701386b7c10b107____c5_1____4__t_c701386b7c10b107____c7_1____0_fair.csv,"{""needs_fairification"": true, ""success"": true, ""swaps_made"": 3, ""initial_fairness"": 0.1369, ""initial_delta"": 0.26}"
tusSmall3,exhaustive,t_c701386b7c10b107____c7_1____0_fair.csv,10,1077,131,10,True,0.3113,1.0,0.009285051067780872,0.009285051067780872,61.99698406457901,61.99698406457901,t_c701386b7c10b107____c7_1____1__t_c701386b7c10b107____c7_1____0_fair.csv;t_c701386b7c10b107____c7_1____1__t_c701386b7c10b107____c21_0____2_fair.csv;t_c701386b7c10b107____c7_1____1__t_c701386b7c10b107____c20_0____2_fair.csv;t_c701386b7c10b107____c7_1____3__t_c701386b7c10b107____c7_1____0_fair.csv;t_c701386b7c10b107____c7_1____3__t_c701386b7c10b107____c5_1____1_fair.csv;t_c701386b7c10b107____c7_1____2__t_c701386b7c10b107____c7_1____0_fair.csv;t_c701386b7c10b107____c12_0____4__t_c701386b7c10b107____c7_1____0_fair.csv;t_c701386b7c10b107____c6_1____4__t_c701386b7c10b107____c7_1____0_fair.csv;t_c701386b7c10b107____c5_1____4__t_c701386b7c10b107____c7_1____0_fair.csv;t_c701386b7c10b107____c5_1____2__t_c701386b7c10b107____c7_1____0_fair.csv,"{""needs_fairification"": true, ""success"": true, ""swaps_made"": 5, ""initial_fairness"": 0.1125, ""initial_delta"": 0.29}"
tusSmall3,exhaustive,t_c701386b7c10b107____c7_1____0_fair.csv,20,1077,131,0,False,0.4096,,0.0,0.018570102135561744,0,0.0,,"{""needs_fairification"": true, ""success"": false, ""swaps_made"": 7, ""initial_fairness"": 0.0865, ""initial_delta"": 0.31}"
tusSmall3,exhaustive,t_c701386b7c10b107____c15_1____3_fair.csv,5,938,83,5,True,0.3117,1.0,0.005330490405117271,0.005330490405117271,71.24512791633606,71.24512791633606,t_c701386b7c10b107____c15_1____1.csv;t_c701386b7c10b107____c15_1____1__t_c701386b7c10b107____c6_1____2_fair.csv;t_c701386b7c10b107____c15_0____3__t_c701386b7c10b107____c15_1____3_fair.csv;t_c701386b7c10b107____c15_1____0__t_c701386b7c10b107____c15_1____3_fair.csv;t_c701386b7c10b107____c15_0____0__t_c701386b7c10b107____c15_1____3_fair.csv,"{""needs_fairification"": true, ""success"": true, ""swaps_made"": 3, ""initial_fairness"": 0.0759, ""initial_delta"": 0.32}"
tusSmall3,exhaustive,t_c701386b7c10b107____c15_1____3_fair.csv,10,938,83,0,False,0.4201,,0.0,0.010660980810234541,0,0.0,,"{""needs_fairification"": true, ""success"": false, ""swaps_made"": 8, ""initial_fairness"": 0.0394, ""initial_delta"": 0.36}"
tusSmall3,exhaustive,t_c701386b7c10b107____c15_1____3_fair.csv,20,938,83,0,False,0.4201,,0.0,0.021321961620469083,0,0.0,,"{""needs_fairification"": true, ""success"": false, ""swaps_made"": 2, ""initial_fairness"": 0.0441, ""initial_delta"": 0.36}"
tusSmall3,exhaustive,t_c701386b7c10b107____c6_0____0_fair.csv,5,866,138,5,True,0.3315,1.0,0.005773672055427252,0.005773672055427252,27.28578507900238,27.28578507900238,t_c701386b7c10b107____c6_0____3.csv;t_c701386b7c10b107____c6_0____3__t_c701386b7c10b107____c6_0____0_fair.csv;t_c701386b7c10b107____c11_1____3.csv;t_c701386b7c10b107____c7_0____4__t_c701386b7c10b107____c6_0____0_fair.csv;t_c701386b7c10b107____c7_0____2__t_c701386b7c10b107____c6_0____0_fair.csv,"{""needs_fairification"": true, ""success"": true, ""swaps_made"": 2, ""initial_fairness"": 0.1721, ""initial_delta"": 0.23}"
tusSmall3,exhaustive,t_c701386b7c10b107____c6_0____0_fair.csv,10,866,138,0,False,0.4474,,0.0,0.011547344110854504,0,0.0,,"{""needs_fairification"": true, ""success"": false, ""swaps_made"": 2, ""initial_fairness"": 0.1326, ""initial_delta"": 0.27}"
tusSmall3,exhaustive,t_c701386b7c10b107____c6_0____0_fair.csv,20,866,138,0,False,0.4474,,0.0,0.023094688221709007,0,0.0,,"{""needs_fairification"": true, ""success"": false, ""swaps_made"": 1, ""initial_fairness"": 0.0693, ""initial_delta"": 0.33}"
tusSmall3,exhaustive,t_ca85e8f9eef5b9d5____c10_1____3_fair.csv,5,1174,96,5,True,0.3312,1.0,0.004258943781942078,0.004258943781942078,49.10380870103836,49.10380870103836,t_ca85e8f9eef5b9d5____c10_1____2.csv;t_ca85e8f9eef5b9d5____c10_1____1__t_ca85e8f9eef5b9d5____c7_0____3_fair.csv;t_ca85e8f9eef5b9d5____c10_1____2__t_ca85e8f9eef5b9d5____c10_1____3_fair.csv;t_ca85e8f9eef5b9d5____c10_1____0__t_ca85e8f9eef5b9d5____c2_0____3_fair.csv;t_ca85e8f9eef5b9d5____c10_1____4__t_ca85e8f9eef5b9d5____c10_1____3_fair.csv,"{""needs_fairification"": true, ""success"": true, ""swaps_made"": 3, ""initial_fairness"": 0.1, ""initial_delta"": 0.3}"
tusSmall3,exhaustive,t_ca85e8f9eef5b9d5____c10_1____3_fair.csv,10,1174,96,10,True,0.308,1.0,0.008517887563884156,0.008517887563884156,98.1900063753128,98.1900063753128,t_ca85e8f9eef5b9d5____c10_1____2.csv;t_ca85e8f9eef5b9d5____c10_1____1__t_ca85e8f9eef5b9d5____c7_0____3_fair.csv;t_ca85e8f9eef5b9d5____c10_1____1__t_ca85e8f9eef5b9d5____c6_0____1_fair.csv;t_ca85e8f9eef5b9d5____c10_1____1__t_ca85e8f9eef5b9d5____c3_0____4_fair.csv;t_ca85e8f9eef5b9d5____c10_1____1__t_ca85e8f9eef5b9d5____c2_0____3_fair.csv;t_ca85e8f9eef5b9d5____c10_1____2__t_ca85e8f9eef5b9d5____c10_1____3_fair.csv;t_ca85e8f9eef5b9d5____c10_1____0__t_ca85e8f9eef5b9d5____c2_0____3_fair.csv;t_ca85e8f9eef5b9d5____c10_1____0__t_ca85e8f9eef5b9d5____c10_1____3_fair.csv;t_ca85e8f9eef5b9d5____c10_1____4__t_ca85e8f9eef5b9d5____c2_0____3_fair.csv;t_ca85e8f9eef5b9d5____c10_1____4__t_ca85e8f9eef5b9d5____c10_1____3_fair.csv,"{""needs_fairification"": true, ""success"": true, ""swaps_made"": 5, ""initial_fairness"": 0.0995, ""initial_delta"": 0.3}"
tusSmall3,exhaustive,t_ca85e8f9eef5b9d5____c10_1____3_fair.csv,20,1174,96,0,False,0.4289,,0.0,0.017035775127768313,0,0.0,,"{""needs_fairification"": true, ""success"": false, ""swaps_made"": 7, ""initial_fairness"": 0.0939, ""initial_delta"": 0.31}"
tusSmall3,exhaustive,t_ca85e8f9eef5b9d5____c10_0____0_fair.csv,5,1405,85,0,False,0.4353,,0.0,0.0035587188612099642,0,0.0,,"{""needs_fairification"": true, ""success"": false, ""swaps_made"": 0, ""initial_fairness"": 0.0751, ""initial_delta"": 0.32}"
tusSmall3,exhaustive,t_ca85e8f9eef5b9d5____c10_0____0_fair.csv,10,1405,85,0,False,0.4353,,0.0,0.0071174377224199285,0,0.0,,"{""needs_fairification"": true, ""success"": false, ""swaps_made"": 0, ""initial_fairness"": 0.0423, ""initial_delta"": 0.36}"
tusSmall3,exhaustive,t_ca85e8f9eef5b9d5____c10_0____0_fair.csv,20,1405,85,0,False,0.4353,,0.0,0.014234875444839857,0,0.0,,"{""needs_fairification"": true, ""success"": false, ""swaps_made"": 0, ""initial_fairness"": 0.0236, ""initial_delta"": 0.38}"
tusSmall3,exhaustive,t_ca85e8f9eef5b9d5____c11_0____4_fair.csv,5,1219,107,5,True,0.3272,1.0,0.004101722723543888,0.004101722723543888,54.6037232875824,54.6037232875824,t_ca85e8f9eef5b9d5____c11_0____2__t_ca85e8f9eef5b9d5____c9_1____4_fair.csv;t_ca85e8f9eef5b9d5____c11_0____2__t_ca85e8f9eef5b9d5____c7_0____3_fair.csv;t_ca85e8f9eef5b9d5____c11_0____2__t_ca85e8f9eef5b9d5____c4_0____2_fair.csv;t_ca85e8f9eef5b9d5____c11_0____2__t_ca85e8f9eef5b9d5____c2_0____3_fair.csv;t_ca85e8f9eef5b9d5____c11_0____2__t_ca85e8f9eef5b9d5____c11_0____4_fair.csv,"{""needs_fairification"": true, ""success"": true, ""swaps_made"": 1, ""initial_fairness"": 0.287, ""initial_delta"": 0.11}"
tusSmall3,exhaustive,t_ca85e8f9eef5b9d5____c11_0____4_fair.csv,10,1219,107,10,True,0.2955,1.0,0.008203445447087777,0.008203445447087777,109.2074465751648,109.2074465751648,t_ca85e8f9eef5b9d5____c11_0____2__t_ca85e8f9eef5b9d5____c9_1____4_fair.csv;t_ca85e8f9eef5b9d5____c11_0____2__t_ca85e8f9eef5b9d5____c7_0____3_fair.csv;t_ca85e8f9eef5b9d5____c11_0____2__t_ca85e8f9eef5b9d5____c4_0____2_fair.csv;t_ca85e8f9eef5b9d5____c11_0____2__t_ca85e8f9eef5b9d5____c2_0____3_fair.csv;t_ca85e8f9eef5b9d5____c11_0____2__t_ca85e8f9eef5b9d5____c22_0____4_fair.csv;t_ca85e8f9eef5b9d5____c11_0____2__t_ca85e8f9eef5b9d5____c19_1____2_fair.csv;t_ca85e8f9eef5b9d5____c11_0____2__t_ca85e8f9eef5b9d5____c19_1____0_fair.csv;t_ca85e8f9eef5b9d5____c11_0____2__t_ca85e8f9eef5b9d5____c11_0____4_fair.csv;t_ca85e8f9eef5b9d5____c11_0____2__t_ca85e8f9eef5b9d5____c10_1____3_fair.csv;t_ca85e8f9eef5b9d5____c11_0____2__t_ca85e8f9eef5b9d5____c10_0____0_fair.csv,"{""needs_fairification"": true, ""success"": true, ""swaps_made"": 2, ""initial_fairness"": 0.2663, ""initial_delta"": 0.13}"
tusSmall3,exhaustive,t_ca85e8f9eef5b9d5____c11_0____4_fair.csv,20,1219,107,0,False,0.4367,,0.0,0.016406890894175553,0,0.0,,"{""needs_fairification"": true, ""success"": false, ""swaps_made"": 0, ""initial_fairness"": 0.1783, ""initial_delta"": 0.22}"
tusSmall3,exhaustive,t_c701386b7c10b107____c21_0____4_fair.csv,5,938,57,0,False,0.424,,0.0,0.005330490405117271,0,0.0,,"{""needs_fairification"": true, ""success"": false, ""swaps_made"": 4, ""initial_fairness"": 0.0771, ""initial_delta"": 0.32}"
tusSmall3,exhaustive,t_c701386b7c10b107____c21_0____4_fair.csv,10,938,57,0,False,0.424,,0.0,0.010660980810234541,0,0.0,,"{""needs_fairification"": true, ""success"": false, ""swaps_made"": 1, ""initial_fairness"": 0.0846, ""initial_delta"": 0.32}"
tusSmall3,exhaustive,t_c701386b7c10b107____c21_0____4_fair.csv,20,938,57,0,False,0.424,,0.0,0.021321961620469083,0,0.0,,"{""needs_fairification"": true, ""success"": false, ""swaps_made"": 0, ""initial_fairness"": 0.0435, ""initial_delta"": 0.36}"
tusSmall3,exhaustive,t_c701386b7c10b107____c18_1____1_fair.csv,5,862,74,5,True,0.3026,1.0,0.00580046403712297,0.00580046403712297,82.40494257211685,82.40494257211685,t_c701386b7c10b107____c18_1____4__t_c701386b7c10b107____c6_1____2_fair.csv;t_c701386b7c10b107____c18_1____4__t_c701386b7c10b107____c18_1____1_fair.csv;t_c701386b7c10b107____c18_1____4.csv;t_c701386b7c10b107____c18_1____0__t_c701386b7c10b107____c18_1____1_fair.csv;t_c701386b7c10b107____c18_1____3__t_c701386b7c10b107____c18_1____1_fair.csv,"{""needs_fairification"": true, ""success"": true, ""swaps_made"": 4, ""initial_fairness"": 0.0838, ""initial_delta"": 0.32}"
tusSmall3,exhaustive,t_c701386b7c10b107____c18_1____1_fair.csv,10,862,74,0,False,0.4176,,0.0,0.01160092807424594,0,0.0,,"{""needs_fairification"": true, ""success"": false, ""swaps_made"": 2, ""initial_fairness"": 0.0888, ""initial_delta"": 0.31}"
tusSmall3,exhaustive,t_c701386b7c10b107____c18_1____1_fair.csv,20,862,74,0,False,0.4176,,0.0,0.02320185614849188,0,0.0,,"{""needs_fairification"": true, ""success"": false, ""swaps_made"": 2, ""initial_fairness"": 0.0474, ""initial_delta"": 0.35}"
tusSmall3,exhaustive,t_c701386b7c10b107____c21_0____2_fair.csv,5,866,65,0,False,0.4482,,0.0,0.005773672055427252,0,0.0,,"{""needs_fairification"": true, ""success"": false, ""swaps_made"": 0, ""initial_fairness"": 0.076, ""initial_delta"": 0.32}"
tusSmall3,exhaustive,t_c701386b7c10b107____c21_0____2_fair.csv,10,866,65,0,False,0.4482,,0.0,0.011547344110854504,0,0.0,,"{""needs_fairification"": true, ""success"": false, ""swaps_made"": 0, ""initial_fairness"": 0.0417, ""initial_delta"": 0.36}"
tusSmall3,exhaustive,t_c701386b7c10b107____c21_0____2_fair.csv,20,866,65,0,False,0.4482,,0.0,0.023094688221709007,0,0.0,,"{""needs_fairification"": true, ""success"": false, ""swaps_made"": 0, ""initial_fairness"": 0.0227, ""initial_delta"": 0.38}"
tusSmall3,exhaustive,t_ca85e8f9eef5b9d5____c18_1____2_fair.csv,5,1219,68,0,False,0.4527,,0.0,0.004101722723543888,0,0.0,,"{""needs_fairification"": true, ""success"": false, ""swaps_made"": 5, ""initial_fairness"": 0.0842, ""initial_delta"": 0.32}"
tusSmall3,exhaustive,t_ca85e8f9eef5b9d5____c18_1____2_fair.csv,10,1219,68,0,False,0.4527,,0.0,0.008203445447087777,0,0.0,,"{""needs_fairification"": true, ""success"": false, ""swaps_made"": 10, ""initial_fairness"": 0.0452, ""initial_delta"": 0.35}"
tusSmall3,exhaustive,t_ca85e8f9eef5b9d5____c18_1____2_fair.csv,20,1219,68,0,False,0.4527,,0.0,0.016406890894175553,0,0.0,,"{""needs_fairification"": true, ""success"": false, ""swaps_made"": 2, ""initial_fairness"": 0.0238, ""initial_delta"": 0.38}"
tusSmall3,exhaustive,t_ca85e8f9eef5b9d5____c2_0____3_fair.csv,5,1174,388,5,True,0.4335,1.0,0.004258943781942078,0.004258943781942078,9.421725809574127,9.421725809574127,t_ca85e8f9eef5b9d5____c2_0____0__t_ca85e8f9eef5b9d5____c2_0____3_fair.csv;t_ca85e8f9eef5b9d5____c2_0____0__t_ca85e8f9eef5b9d5____c10_1____3_fair.csv;t_ca85e8f9eef5b9d5____c2_0____4__t_ca85e8f9eef5b9d5____c2_0____3_fair.csv;t_ca85e8f9eef5b9d5____c2_0____4__t_ca85e8f9eef5b9d5____c10_1____3_fair.csv;t_ca85e8f9eef5b9d5____c2_0____1__t_ca85e8f9eef5b9d5____c2_0____3_fair.csv,"{""needs_fairification"": false, ""success"": true, ""swaps_made"": 0, ""initial_fairness"": 0.4335, ""initial_delta"": -0.03}"
tusSmall3,exhaustive,t_ca85e8f9eef5b9d5____c2_0____3_fair.csv,10,1174,388,10,True,0.3669,0.9,0.007666098807495741,0.008517887563884156,18.342442989349365,18.342442989349365,t_ca85e8f9eef5b9d5____c2_0____0__t_ca85e8f9eef5b9d5____c2_0____3_fair.csv;t_ca85e8f9eef5b9d5____c2_0____0__t_ca85e8f9eef5b9d5____c10_1____3_fair.csv;t_ca85e8f9eef5b9d5____c2_0____4__t_ca85e8f9eef5b9d5____c2_0____3_fair.csv;t_ca85e8f9eef5b9d5____c2_0____4__t_ca85e8f9eef5b9d5____c10_1____3_fair.csv;t_ca85e8f9eef5b9d5____c2_0____1__t_ca85e8f9eef5b9d5____c2_0____3_fair.csv;t_ca85e8f9eef5b9d5____c2_0____1__t_ca85e8f9eef5b9d5____c10_1____3_fair.csv;t_ca85e8f9eef5b9d5____c2_0____2__t_ca85e8f9eef5b9d5____c2_0____3_fair.csv;t_ca85e8f9eef5b9d5____c2_0____2__t_ca85e8f9eef5b9d5____c10_1____3_fair.csv;t_ca85e8f9eef5b9d5____c2_0____0.csv;t_ca85e8f9eef5b9d5____c2_1____4__t_ca85e8f9eef5b9d5____c19_1____2_fair.csv,"{""needs_fairification"": false, ""success"": true, ""swaps_made"": 0, ""initial_fairness"": 0.3669, ""initial_delta"": 0.03}"
tusSmall3,exhaustive,t_ca85e8f9eef5b9d5____c2_0____3_fair.csv,20,1174,388,0,False,0.4205,,0.0,0.017035775127768313,0,0.0,,"{""needs_fairification"": true, ""success"": false, ""swaps_made"": 1, ""initial_fairness"": 0.2006, ""initial_delta"": 0.2}"
tusSmall3,exhaustive,t_ca85e8f9eef5b9d5____c19_1____0_fair.csv,5,1654,53,5,True,0.3085,1.0,0.003022974607013301,0.003022974607013301,89.72051954269409,89.72051954269409,t_ca85e8f9eef5b9d5____c20_0____0__t_ca85e8f9eef5b9d5____c6_0____1_fair.csv;t_ca85e8f9eef5b9d5____c20_0____0__t_ca85e8f9eef5b9d5____c5_0____0_fair.csv;t_ca85e8f9eef5b9d5____c19_0____0__t_ca85e8f9eef5b9d5____c9_1____4_fair.csv;t_ca85e8f9eef5b9d5____c19_0____0__t_ca85e8f9eef5b9d5____c7_0____3_fair.csv;t_ca85e8f9eef5b9d5____c19_0____0__t_ca85e8f9eef5b9d5____c19_1____0_fair.csv,"{""needs_fairification"": true, ""success"": true, ""swaps_made"": 3, ""initial_fairness"": 0.0776, ""initial_delta"": 0.32}"
tusSmall3,exhaustive,t_ca85e8f9eef5b9d5____c19_1____0_fair.csv,10,1654,53,0,False,0.442,,0.0,0.006045949214026602,0,0.0,,"{""needs_fairification"": true, ""success"": false, ""swaps_made"": 7, ""initial_fairness"": 0.042, ""initial_delta"": 0.36}"
tusSmall3,exhaustive,t_ca85e8f9eef5b9d5____c19_1____0_fair.csv,20,1654,53,0,False,0.442,,0.0,0.012091898428053204,0,0.0,,"{""needs_fairification"": true, ""success"": false, ""swaps_made"": 3, ""initial_fairness"": 0.0717, ""initial_delta"": 0.33}"
tusSmall3,exhaustive,t_ca85e8f9eef5b9d5____c3_0____4_fair.csv,5,1378,383,5,True,0.3363,1.0,0.00362844702467344,0.00362844702467344,14.414013147354126,14.414013147354126,t_ca85e8f9eef5b9d5____c3_0____3__t_ca85e8f9eef5b9d5____c6_0____1_fair.csv;t_ca85e8f9eef5b9d5____c3_0____3__t_ca85e8f9eef5b9d5____c3_0____4_fair.csv;t_ca85e8f9eef5b9d5____c3_0____1__t_ca85e8f9eef5b9d5____c6_0____1_fair.csv;t_ca85e8f9eef5b9d5____c3_0____1__t_ca85e8f9eef5b9d5____c3_0____4_fair.csv;t_ca85e8f9eef5b9d5____c3_0____0__t_ca85e8f9eef5b9d5____c6_0____1_fair.csv,"{""needs_fairification"": false, ""success"": true, ""swaps_made"": 0, ""initial_fairness"": 0.3363, ""initial_delta"": 0.06}"
tusSmall3,exhaustive,t_ca85e8f9eef5b9d5____c3_0____4_fair.csv,10,1378,383,10,True,0.3155,1.0,0.00725689404934688,0.00725689404934688,28.467397093772888,28.467397093772888,t_ca85e8f9eef5b9d5____c3_0____3__t_ca85e8f9eef5b9d5____c6_0____1_fair.csv;t_ca85e8f9eef5b9d5____c3_0____3__t_ca85e8f9eef5b9d5____c3_0____4_fair.csv;t_ca85e8f9eef5b9d5____c3_0____1__t_ca85e8f9eef5b9d5____c6_0____1_fair.csv;t_ca85e8f9eef5b9d5____c3_0____1__t_ca85e8f9eef5b9d5____c3_0____4_fair.csv;t_ca85e8f9eef5b9d5____c3_0____0__t_ca85e8f9eef5b9d5____c6_0____1_fair.csv;t_ca85e8f9eef5b9d5____c3_0____0__t_ca85e8f9eef5b9d5____c3_0____4_fair.csv;t_ca85e8f9eef5b9d5____c3_0____3.csv;t_ca85e8f9eef5b9d5____c3_0____2__t_ca85e8f9eef5b9d5____c6_0____1_fair.csv;t_ca85e8f9eef5b9d5____c3_0____2__t_ca85e8f9eef5b9d5____c3_0____4_fair.csv;t_ca85e8f9eef5b9d5____c3_0____0.csv,"{""needs_fairification"": false, ""success"": true, ""swaps_made"": 0, ""initial_fairness"": 0.3155, ""initial_delta"": 0.08}"
tusSmall3,exhaustive,t_ca85e8f9eef5b9d5____c3_0____4_fair.csv,20,1378,383,0,False,0.416,,0.0,0.01451378809869376,0,0.0,,"{""needs_fairification"": true, ""success"": false, ""swaps_made"": 0, ""initial_fairness"": 0.167, ""initial_delta"": 0.23}"
tusSmall3,exhaustive,t_ca85e8f9eef5b9d5____c3_1____0_fair.csv,5,1266,371,5,True,0.3107,0.8,0.00315955766192733,0.0039494470774091624,12.56676870584488,12.56676870584488,t_ca85e8f9eef5b9d5____c3_1____4__t_ca85e8f9eef5b9d5____c3_1____0_fair.csv;t_ca85e8f9eef5b9d5____c3_1____4__t_ca85e8f9eef5b9d5____c16_1____0_fair.csv;t_ca85e8f9eef5b9d5____c3_1____4.csv;t_ca85e8f9eef5b9d5____c4_0____4__t_ca85e8f9eef5b9d5____c7_0____3_fair.csv;t_ca85e8f9eef5b9d5____c3_1____2__t_ca85e8f9eef5b9d5____c3_1____0_fair.csv,"{""needs_fairification"": true, ""success"": true, ""swaps_made"": 1, ""initial_fairness"": 0.2294, ""initial_delta"": 0.17}"
tusSmall3,exhaustive,t_ca85e8f9eef5b9d5____c3_1____0_fair.csv,10,1266,371,10,True,0.3237,0.8,0.00631911532385466,0.007898894154818325,24.20118111371994,24.20118111371994,t_ca85e8f9eef5b9d5____c3_1____4__t_ca85e8f9eef5b9d5____c3_1____0_fair.csv;t_ca85e8f9eef5b9d5____c3_1____4__t_ca85e8f9eef5b9d5____c16_1____0_fair.csv;t_ca85e8f9eef5b9d5____c3_1____4.csv;t_ca85e8f9eef5b9d5____c4_0____4__t_ca85e8f9eef5b9d5____c3_0____4_fair.csv;t_ca85e8f9eef5b9d5____c4_1____3__t_ca85e8f9eef5b9d5____c22_0____4_fair.csv;t_ca85e8f9eef5b9d5____c3_1____3__t_ca85e8f9eef5b9d5____c16_1____0_fair.csv;t_ca85e8f9eef5b9d5____c3_1____1__t_ca85e8f9eef5b9d5____c3_1____0_fair.csv;t_ca85e8f9eef5b9d5____c3_1____1__t_ca85e8f9eef5b9d5____c16_1____0_fair.csv;t_ca85e8f9eef5b9d5____c3_1____2__t_ca85e8f9eef5b9d5____c3_1____0_fair.csv;t_ca85e8f9eef5b9d5____c3_1____2__t_ca85e8f9eef5b9d5____c16_1____0_fair.csv,"{""needs_fairification"": true, ""success"": true, ""swaps_made"": 5, ""initial_fairness"": 0.1212, ""initial_delta"": 0.28}"
tusSmall3,exhaustive,t_ca85e8f9eef5b9d5____c3_1____0_fair.csv,20,1266,371,0,False,0.4442,,0.0,0.01579778830963665,0,0.0,,"{""needs_fairification"": true, ""success"": false, ""swaps_made"": 5, ""initial_fairness"": 0.1042, ""initial_delta"": 0.3}"
tusSmall3,exhaustive,t_ca85e8f9eef5b9d5____c16_1____0_fair.csv,5,1266,63,5,True,0.3149,1.0,0.0039494470774091624,0.0039494470774091624,73.70660388469696,73.70660388469696,t_ca85e8f9eef5b9d5____c16_0____0__t_ca85e8f9eef5b9d5____c7_0____3_fair.csv;t_ca85e8f9eef5b9d5____c16_0____0__t_ca85e8f9eef5b9d5____c6_0____1_fair.csv;t_ca85e8f9eef5b9d5____c15_1____0__t_ca85e8f9eef5b9d5____c9_1____4_fair.csv;t_ca85e8f9eef5b9d5____c15_1____0__t_ca85e8f9eef5b9d5____c7_0____3_fair.csv;t_ca85e8f9eef5b9d5____c15_1____0__t_ca85e8f9eef5b9d5____c3_0____4_fair.csv,"{""needs_fairification"": true, ""success"": true, ""swaps_made"": 3, ""initial_fairness"": 0.0774, ""initial_delta"": 0.32}"
tusSmall3,exhaustive,t_ca85e8f9eef5b9d5____c16_1____0_fair.csv,10,1266,63,10,True,0.3317,1.0,0.007898894154818325,0.007898894154818325,146.42428106069565,146.42428106069565,t_ca85e8f9eef5b9d5____c16_0____0__t_ca85e8f9eef5b9d5____c9_1____4_fair.csv;t_ca85e8f9eef5b9d5____c16_0____0__t_ca85e8f9eef5b9d5____c7_0____3_fair.csv;t_ca85e8f9eef5b9d5____c16_0____0__t_ca85e8f9eef5b9d5____c6_0____1_fair.csv;t_ca85e8f9eef5b9d5____c15_1____0__t_ca85e8f9eef5b9d5____c9_1____4_fair.csv;t_ca85e8f9eef5b9d5____c15_1____0__t_ca85e8f9eef5b9d5____c7_0____3_fair.csv;t_ca85e8f9eef5b9d5____c15_1____0__t_ca85e8f9eef5b9d5____c4_0____2_fair.csv;t_ca85e8f9eef5b9d5____c15_1____0__t_ca85e8f9eef5b9d5____c3_1____0_fair.csv;t_ca85e8f9eef5b9d5____c15_1____0__t_ca85e8f9eef5b9d5____c3_0____4_fair.csv;t_ca85e8f9eef5b9d5____c15_1____0__t_ca85e8f9eef5b9d5____c22_0____4_fair.csv;t_ca85e8f9eef5b9d5____c15_1____0__t_ca85e8f9eef5b9d5____c10_0____0_fair.csv,"{""needs_fairification"": true, ""success"": true, ""swaps_made"": 7, ""initial_fairness"": 0.0414, ""initial_delta"": 0.36}"
tusSmall3,exhaustive,t_ca85e8f9eef5b9d5____c16_1____0_fair.csv,20,1266,63,20,True,0.2975,1.0,0.01579778830963665,0.01579778830963665,292.39157688617706,292.39157688617706,t_ca85e8f9eef5b9d5____c16_0____0__t_ca85e8f9eef5b9d5____c9_1____4_fair.csv;t_ca85e8f9eef5b9d5____c16_0____0__t_ca85e8f9eef5b9d5____c6_0____1_fair.csv;t_ca85e8f9eef5b9d5____c16_0____0__t_ca85e8f9eef5b9d5____c3_0____4_fair.csv;t_ca85e8f9eef5b9d5____c16_0____0.csv;t_ca85e8f9eef5b9d5____c18_0____0__t_ca85e8f9eef5b9d5____c6_0____1_fair.csv;t_ca85e8f9eef5b9d5____c18_0____0__t_ca85e8f9eef5b9d5____c5_0____0_fair.csv;t_ca85e8f9eef5b9d5____c15_1____0__t_ca85e8f9eef5b9d5____c9_1____4_fair.csv;t_ca85e8f9eef5b9d5____c15_1____0__t_ca85e8f9eef5b9d5____c7_0____3_fair.csv;t_ca85e8f9eef5b9d5____c15_1____0__t_ca85e8f9eef5b9d5____c6_0____1_fair.csv;t_ca85e8f9eef5b9d5____c15_1____0__t_ca85e8f9eef5b9d5____c4_0____2_fair.csv;t_ca85e8f9eef5b9d5____c15_1____0__t_ca85e8f9eef5b9d5____c3_1____0_fair.csv;t_ca85e8f9eef5b9d5____c15_1____0__t_ca85e8f9eef5b9d5____c3_0____4_fair.csv;t_ca85e8f9eef5b9d5____c15_1____0__t_ca85e8f9eef5b9d5____c22_0____4_fair.csv;t_ca85e8f9eef5b9d5____c15_1____0__t_ca85e8f9eef5b9d5____c21_0____1_fair.csv;t_ca85e8f9eef5b9d5____c15_1____0__t_ca85e8f9eef5b9d5____c19_1____0_fair.csv;t_ca85e8f9eef5b9d5____c15_1____0__t_ca85e8f9eef5b9d5____c18_1____2_fair.csv;t_ca85e8f9eef5b9d5____c15_1____0__t_ca85e8f9eef5b9d5____c16_1____0_fair.csv;t_ca85e8f9eef5b9d5____c15_1____0__t_ca85e8f9eef5b9d5____c11_0____4_fair.csv;t_ca85e8f9eef5b9d5____c15_1____0__t_ca85e8f9eef5b9d5____c10_0____0_fair.csv;t_ca85e8f9eef5b9d5____c15_1____0.csv,"{""needs_fairification"": true, ""success"": true, ""swaps_made"": 14, ""initial_fairness"": 0.0221, ""initial_delta"": 0.38}"
tusSmall3,exhaustive,t_c701386b7c10b107____c20_0____2_fair.csv,5,866,52,5,True,0.3014,1.0,0.005773672055427252,0.005773672055427252,93.9278444647789,93.9278444647789,t_c701386b7c10b107____c24_0____2__t_c701386b7c10b107____c6_1____2_fair.csv;t_c701386b7c10b107____c24_0____2__t_c701386b7c10b107____c5_1____1_fair.csv;t_c701386b7c10b107____c24_0____2__t_c701386b7c10b107____c21_0____2_fair.csv;t_c701386b7c10b107____c22_1____2__t_c701386b7c10b107____c20_0____2_fair.csv;t_c701386b7c10b107____c23_0____2__t_c701386b7c10b107____c21_0____2_fair.csv,"{""needs_fairification"": true, ""success"": true, ""swaps_made"": 3, ""initial_fairness"": 0.0884, ""initial_delta"": 0.31}"
tusSmall3,exhaustive,t_c701386b7c10b107____c20_0____2_fair.csv,10,866,52,10,True,0.3003,1.0,0.011547344110854504,0.011547344110854504,187.24947357177734,187.24947357177734,t_c701386b7c10b107____c24_0____2__t_c701386b7c10b107____c5_1____1_fair.csv;t_c701386b7c10b107____c24_0____2__t_c701386b7c10b107____c21_0____2_fair.csv;t_c701386b7c10b107____c24_0____2__t_c701386b7c10b107____c20_0____2_fair.csv;t_c701386b7c10b107____c24_0____2__t_c701386b7c10b107____c17_1____1_fair.csv;t_c701386b7c10b107____c24_0____2.csv;t_c701386b7c10b107____c22_1____2__t_c701386b7c10b107____c21_0____2_fair.csv;t_c701386b7c10b107____c22_1____2__t_c701386b7c10b107____c20_0____2_fair.csv;t_c701386b7c10b107____c22_1____2.csv;t_c701386b7c10b107____c23_0____2__t_c701386b7c10b107____c21_0____2_fair.csv;t_c701386b7c10b107____c23_0____2__t_c701386b7c10b107____c20_0____2_fair.csv,"{""needs_fairification"": true, ""success"": true, ""swaps_made"": 6, ""initial_fairness"": 0.1325, ""initial_delta"": 0.27}"
tusSmall3,exhaustive,t_c701386b7c10b107____c20_0____2_fair.csv,20,866,52,0,False,0.4316,,0.0,0.023094688221709007,0,0.0,,"{""needs_fairification"": true, ""success"": false, ""swaps_made"": 5, ""initial_fairness"": 0.0751, ""initial_delta"": 0.32}"
tusSmall3,exhaustive,t_ca85e8f9eef5b9d5____c4_0____2_fair.csv,5,1654,379,5,True,0.3501,1.0,0.003022974607013301,0.003022974607013301,18.624375104904175,18.624375104904175,t_ca85e8f9eef5b9d5____c4_0____4__t_ca85e8f9eef5b9d5____c3_0____4_fair.csv;t_ca85e8f9eef5b9d5____c4_0____3__t_ca85e8f9eef5b9d5____c9_1____4_fair.csv;t_ca85e8f9eef5b9d5____c4_0____3__t_ca85e8f9eef5b9d5____c7_0____3_fair.csv;t_ca85e8f9eef5b9d5____c4_0____3__t_ca85e8f9eef5b9d5____c4_0____2_fair.csv;t_ca85e8f9eef5b9d5____c4_0____3__t_ca85e8f9eef5b9d5____c19_1____0_fair.csv,"{""needs_fairification"": true, ""success"": true, ""swaps_made"": 4, ""initial_fairness"": 0.0694, ""initial_delta"": 0.33}"
tusSmall3,exhaustive,t_ca85e8f9eef5b9d5____c4_0____2_fair.csv,10,1654,379,0,False,0.4179,,0.0,0.006045949214026602,0,0.0,,"{""needs_fairification"": true, ""success"": false, ""swaps_made"": 6, ""initial_fairness"": 0.1233, ""initial_delta"": 0.28}"
tusSmall3,exhaustive,t_ca85e8f9eef5b9d5____c4_0____2_fair.csv,20,1654,379,0,False,0.4179,,0.0,0.012091898428053204,0,0.0,,"{""needs_fairification"": true, ""success"": false, ""swaps_made"": 0, ""initial_fairness"": 0.1173, ""initial_delta"": 0.28}"
tusSmall3,exhaustive,t_ca85e8f9eef5b9d5____c5_0____0_fair.csv,5,1327,259,5,True,0.3075,1.0,0.0037678975131876413,0.0037678975131876413,21.235153317451477,21.235153317451477,t_ca85e8f9eef5b9d5____c5_0____4__t_ca85e8f9eef5b9d5____c5_0____0_fair.csv;t_ca85e8f9eef5b9d5____c5_0____4__t_ca85e8f9eef5b9d5____c3_1____0_fair.csv;t_ca85e8f9eef5b9d5____c5_0____4__t_ca85e8f9eef5b9d5____c3_0____4_fair.csv;t_ca85e8f9eef5b9d5____c5_0____4__t_ca85e8f9eef5b9d5____c16_1____0_fair.csv;t_ca85e8f9eef5b9d5____c7_1____1__t_ca85e8f9eef5b9d5____c5_0____0_fair.csv,"{""needs_fairification"": true, ""success"": true, ""swaps_made"": 1, ""initial_fairness"": 0.2395, ""initial_delta"": 0.16}"
tusSmall3,exhaustive,t_ca85e8f9eef5b9d5____c5_0____0_fair.csv,10,1327,259,10,True,0.2975,1.0,0.007535795026375283,0.007535795026375283,41.917906284332275,41.917906284332275,t_ca85e8f9eef5b9d5____c5_0____4__t_ca85e8f9eef5b9d5____c7_1____3_fair.csv;t_ca85e8f9eef5b9d5____c5_0____4__t_ca85e8f9eef5b9d5____c5_0____0_fair.csv;t_ca85e8f9eef5b9d5____c5_0____4__t_ca85e8f9eef5b9d5____c3_1____0_fair.csv;t_ca85e8f9eef5b9d5____c5_0____4__t_ca85e8f9eef5b9d5____c3_0____4_fair.csv;t_ca85e8f9eef5b9d5____c5_0____4__t_ca85e8f9eef5b9d5____c16_1____0_fair.csv;t_ca85e8f9eef5b9d5____c5_0____4.csv;t_ca85e8f9eef5b9d5____c7_1____0__t_ca85e8f9eef5b9d5____c5_0____0_fair.csv;t_ca85e8f9eef5b9d5____c5_0____2__t_ca85e8f9eef5b9d5____c5_0____0_fair.csv;t_ca85e8f9eef5b9d5____c7_1____2__t_ca85e8f9eef5b9d5____c5_0____0_fair.csv;t_ca85e8f9eef5b9d5____c7_1____1__t_ca85e8f9eef5b9d5____c5_0____0_fair.csv,"{""needs_fairification"": true, ""success"": true, ""swaps_made"": 4, ""initial_fairness"": 0.1398, ""initial_delta"": 0.26}"
tusSmall3,exhaustive,t_ca85e8f9eef5b9d5____c5_0____0_fair.csv,20,1327,259,20,True,0.2958,1.0,0.015071590052750565,0.015071590052750565,80.36896377801895,80.36896377801895,t_ca85e8f9eef5b9d5____c5_0____4__t_ca85e8f9eef5b9d5____c5_0____0_fair.csv;t_ca85e8f9eef5b9d5____c5_0____4__t_ca85e8f9eef5b9d5____c3_1____0_fair.csv;t_ca85e8f9eef5b9d5____c5_0____4__t_ca85e8f9eef5b9d5____c3_0____4_fair.csv;t_ca85e8f9eef5b9d5____c5_0____4__t_ca85e8f9eef5b9d5____c16_1____0_fair.csv;t_ca85e8f9eef5b9d5____c5_0____4.csv;t_ca85e8f9eef5b9d5____c7_1____0.csv;t_ca85e8f9eef5b9d5____c7_1____0__t_ca85e8f9eef5b9d5____c9_1____4_fair.csv;t_ca85e8f9eef5b9d5____c7_1____0__t_ca85e8f9eef5b9d5____c7_0____3_fair.csv;t_ca85e8f9eef5b9d5____c7_1____0__t_ca85e8f9eef5b9d5____c5_0____0_fair.csv;t_ca85e8f9eef5b9d5____c7_1____0__t_ca85e8f9eef5b9d5____c4_0____2_fair.csv;t_ca85e8f9eef5b9d5____c7_1____0__t_ca85e8f9eef5b9d5____c22_0____4_fair.csv;t_ca85e8f9eef5b9d5____c7_1____0__t_ca85e8f9eef5b9d5____c21_0____1_fair.csv;t_ca85e8f9eef5b9d5____c7_1____0__t_ca85e8f9eef5b9d5____c19_1____0_fair.csv;t_ca85e8f9eef5b9d5____c5_0____1__t_ca85e8f9eef5b9d5____c5_0____0_fair.csv;t_ca85e8f9eef5b9d5____c5_0____2__t_ca85e8f9eef5b9d5____c5_0____0_fair.csv;t_ca85e8f9eef5b9d5____c7_1____2__t_ca85e8f9eef5b9d5____c5_0____0_fair.csv;t_ca85e8f9eef5b9d5____c7_1____1__t_ca85e8f9eef5b9d5____c7_0____3_fair.csv;t_ca85e8f9eef5b9d5____c7_1____1__t_ca85e8f9eef5b9d5____c5_0____0_fair.csv;t_ca85e8f9eef5b9d5____c7_1____1__t_ca85e8f9eef5b9d5____c4_0____2_fair.csv;t_ca85e8f9eef5b9d5____c7_1____1__t_ca85e8f9eef5b9d5____c21_0____1_fair.csv,"{""needs_fairification"": true, ""success"": true, ""swaps_made"": 7, ""initial_fairness"": 0.177, ""initial_delta"": 0.22}"
tusSmall3,exhaustive,t_ca85e8f9eef5b9d5____c6_0____1_fair.csv,5,1099,131,5,True,0.3184,1.0,0.004549590536851683,0.004549590536851683,29.23791015148163,29.23791015148163,t_ca85e8f9eef5b9d5____c6_0____0__t_ca85e8f9eef5b9d5____c6_0____1_fair.csv;t_ca85e8f9eef5b9d5____c6_0____0__t_ca85e8f9eef5b9d5____c10_0____0_fair.csv;t_ca85e8f9eef5b9d5____c6_0____0.csv;t_ca85e8f9eef5b9d5____c6_0____2__t_ca85e8f9eef5b9d5____c6_0____1_fair.csv;t_ca85e8f9eef5b9d5____c6_0____3__t_ca85e8f9eef5b9d5____c6_0____1_fair.csv,"{""needs_fairification"": true, ""success"": true, ""swaps_made"": 1, ""initial_fairness"": 0.2536, ""initial_delta"": 0.15}"
tusSmall3,exhaustive,t_ca85e8f9eef5b9d5____c6_0____1_fair.csv,10,1099,131,10,True,0.3233,1.0,0.009099181073703366,0.009099181073703366,57.70263886451721,57.70263886451721,t_ca85e8f9eef5b9d5____c6_0____0__t_ca85e8f9eef5b9d5____c6_0____1_fair.csv;t_ca85e8f9eef5b9d5____c6_0____0__t_ca85e8f9eef5b9d5____c10_0____0_fair.csv;t_ca85e8f9eef5b9d5____c6_0____0.csv;t_ca85e8f9eef5b9d5____c6_0____2__t_ca85e8f9eef5b9d5____c6_0____1_fair.csv;t_ca85e8f9eef5b9d5____c6_0____4__t_ca85e8f9eef5b9d5____c6_0____1_fair.csv;t_ca85e8f9eef5b9d5____c6_0____4__t_ca85e8f9eef5b9d5____c10_0____0_fair.csv;t_ca85e8f9eef5b9d5____c6_0____4.csv;t_ca85e8f9eef5b9d5____c6_0____3__t_ca85e8f9eef5b9d5____c6_0____1_fair.csv;t_ca85e8f9eef5b9d5____c6_0____3__t_ca85e8f9eef5b9d5____c10_0____0_fair.csv;t_ca85e8f9eef5b9d5____c6_1____3__t_ca85e8f9eef5b9d5____c6_0____1_fair.csv,"{""needs_fairification"": true, ""success"": true, ""swaps_made"": 1, ""initial_fairness"": 0.2882, ""initial_delta"": 0.11}"
tusSmall3,exhaustive,t_ca85e8f9eef5b9d5____c6_0____1_fair.csv,20,1099,131,0,False,0.411,,0.0,0.018198362147406732,0,0.0,,"{""needs_fairification"": true, ""success"": false, ""swaps_made"": 5, ""initial_fairness"": 0.1666, ""initial_delta"": 0.23}"
tusSmall3,exhaustive,t_ece0594e0480a1ed____c2_1____1_fair.csv,5,196,384,5,True,0.381,0.6,0.015306122448979591,0.025510204081632654,8.91160535812378,8.91160535812378,t_ece0594e0480a1ed____c2_1____3__t_ece0594e0480a1ed____c6_1____0_fair.csv;t_ece0594e0480a1ed____c2_1____3__t_ece0594e0480a1ed____c5_0____1_fair.csv;t_ece0594e0480a1ed____c2_1____3__t_ece0594e0480a1ed____c2_1____1_fair.csv;t_013a2f8c584d44d7____c4_1____1.csv;t_013a2f8c584d44d7____c4_1____3.csv,"{""needs_fairification"": true, ""success"": true, ""swaps_made"": 2, ""initial_fairness"": 0.1543, ""initial_delta"": 0.25}"
tusSmall3,exhaustive,t_ece0594e0480a1ed____c2_1____1_fair.csv,10,196,384,10,True,0.3571,0.4,0.02040816326530612,0.05102040816326531,17.61791682243347,17.61791682243347,t_ece0594e0480a1ed____c2_1____3__t_ece0594e0480a1ed____c5_0____1_fair.csv;t_ece0594e0480a1ed____c2_1____3__t_ece0594e0480a1ed____c2_1____1_fair.csv;t_ece0594e0480a1ed____c2_0____1.csv;t_ece0594e0480a1ed____c2_0____2.csv;t_ece0594e0480a1ed____c2_1____0__t_ece0594e0480a1ed____c6_1____0_fair.csv;t_ece0594e0480a1ed____c2_1____0__t_ece0594e0480a1ed____c5_0____1_fair.csv;t_013a2f8c584d44d7____c4_1____0.csv;t_013a2f8c584d44d7____c4_1____1.csv;t_013a2f8c584d44d7____c4_1____2.csv;t_013a2f8c584d44d7____c4_1____3.csv,"{""needs_fairification"": true, ""success"": true, ""swaps_made"": 4, ""initial_fairness"": 0.096, ""initial_delta"": 0.3}"
tusSmall3,exhaustive,t_ece0594e0480a1ed____c2_1____1_fair.csv,20,196,384,20,True,0.3161,0.55,0.05612244897959184,0.10204081632653061,35.47532141208649,35.47532141208649,t_ece0594e0480a1ed____c2_1____3__t_ece0594e0480a1ed____c5_0____1_fair.csv;t_ece0594e0480a1ed____c2_1____3__t_ece0594e0480a1ed____c3_1____1_fair.csv;t_ece0594e0480a1ed____c2_1____3__t_ece0594e0480a1ed____c2_1____1_fair.csv;t_ece0594e0480a1ed____c2_0____1.csv;t_ece0594e0480a1ed____c2_0____2.csv;t_ece0594e0480a1ed____c2_1____0__t_ece0594e0480a1ed____c6_1____0_fair.csv;t_ece0594e0480a1ed____c2_1____0__t_ece0594e0480a1ed____c5_0____1_fair.csv;t_ece0594e0480a1ed____c2_1____0__t_ece0594e0480a1ed____c2_1____1_fair.csv;t_ece0594e0480a1ed____c2_1____2__t_ece0594e0480a1ed____c6_1____0_fair.csv;t_ece0594e0480a1ed____c2_1____2__t_ece0594e0480a1ed____c5_0____1_fair.csv;t_ece0594e0480a1ed____c2_1____2__t_ece0594e0480a1ed____c2_1____1_fair.csv;t_ece0594e0480a1ed____c2_1____2.csv;t_ece0594e0480a1ed____c2_1____0.csv;t_013a2f8c584d44d7____c4_0____0__t_013a2f8c584d44d7____c11_0____0_fair.csv;t_013a2f8c584d44d7____c4_1____0.csv;t_013a2f8c584d44d7____c4_1____4.csv;t_013a2f8c584d44d7____c4_1____1.csv;t_013a2f8c584d44d7____c4_1____2.csv;t_013a2f8c584d44d7____c4_0____0.csv;t_013a2f8c584d44d7____c4_1____3.csv,"{""needs_fairification"": true, ""success"": true, ""swaps_made"": 7, ""initial_fairness"": 0.0993, ""initial_delta"": 0.3}"
tusSmall3,exhaustive,t_ca85e8f9eef5b9d5____c7_0____3_fair.csv,5,1654,132,5,True,0.3278,1.0,0.003022974607013301,0.003022974607013301,33.930549681186676,33.930549681186676,t_ca85e8f9eef5b9d5____c7_0____0.csv;t_ca85e8f9eef5b9d5____c7_0____0__t_ca85e8f9eef5b9d5____c9_1____4_fair.csv;t_ca85e8f9eef5b9d5____c7_0____0__t_ca85e8f9eef5b9d5____c7_1____3_fair.csv;t_ca85e8f9eef5b9d5____c7_0____0__t_ca85e8f9eef5b9d5____c7_0____3_fair.csv;t_ca85e8f9eef5b9d5____c7_0____4__t_ca85e8f9eef5b9d5____c4_0____2_fair.csv,"{""needs_fairification"": true, ""success"": true, ""swaps_made"": 1, ""initial_fairness"": 0.2657, ""initial_delta"": 0.13}"
tusSmall3,exhaustive,t_ca85e8f9eef5b9d5____c7_0____3_fair.csv,10,1654,132,10,True,0.308,1.0,0.006045949214026602,0.006045949214026602,67.82902932167053,67.82902932167053,t_ca85e8f9eef5b9d5____c7_0____0.csv;t_ca85e8f9eef5b9d5____c7_0____0__t_ca85e8f9eef5b9d5____c9_1____4_fair.csv;t_ca85e8f9eef5b9d5____c7_0____0__t_ca85e8f9eef5b9d5____c7_1____3_fair.csv;t_ca85e8f9eef5b9d5____c7_0____0__t_ca85e8f9eef5b9d5____c7_0____3_fair.csv;t_ca85e8f9eef5b9d5____c7_0____0__t_ca85e8f9eef5b9d5____c5_0____0_fair.csv;t_ca85e8f9eef5b9d5____c7_0____0__t_ca85e8f9eef5b9d5____c4_0____2_fair.csv;t_ca85e8f9eef5b9d5____c7_0____0__t_ca85e8f9eef5b9d5____c2_0____3_fair.csv;t_ca85e8f9eef5b9d5____c7_0____0__t_ca85e8f9eef5b9d5____c19_1____0_fair.csv;t_ca85e8f9eef5b9d5____c7_0____4__t_ca85e8f9eef5b9d5____c9_1____4_fair.csv;t_ca85e8f9eef5b9d5____c7_0____4__t_ca85e8f9eef5b9d5____c4_0____2_fair.csv,"{""needs_fairification"": true, ""success"": true, ""swaps_made"": 1, ""initial_fairness"": 0.2749, ""initial_delta"": 0.13}"
tusSmall3,exhaustive,t_ca85e8f9eef5b9d5____c7_0____3_fair.csv,20,1654,132,20,True,0.3054,1.0,0.012091898428053204,0.012091898428053204,134.76397716999054,134.76397716999054,t_ca85e8f9eef5b9d5____c7_0____0.csv;t_ca85e8f9eef5b9d5____c7_0____0__t_ca85e8f9eef5b9d5____c9_1____4_fair.csv;t_ca85e8f9eef5b9d5____c7_0____0__t_ca85e8f9eef5b9d5____c7_1____3_fair.csv;t_ca85e8f9eef5b9d5____c7_0____0__t_ca85e8f9eef5b9d5____c7_0____3_fair.csv;t_ca85e8f9eef5b9d5____c7_0____0__t_ca85e8f9eef5b9d5____c4_0____2_fair.csv;t_ca85e8f9eef5b9d5____c7_0____0__t_ca85e8f9eef5b9d5____c2_0____3_fair.csv;t_ca85e8f9eef5b9d5____c7_0____0__t_ca85e8f9eef5b9d5____c19_1____0_fair.csv;t_ca85e8f9eef5b9d5____c7_0____4__t_ca85e8f9eef5b9d5____c9_1____4_fair.csv;t_ca85e8f9eef5b9d5____c7_0____4__t_ca85e8f9eef5b9d5____c7_1____3_fair.csv;t_ca85e8f9eef5b9d5____c7_0____4__t_ca85e8f9eef5b9d5____c7_0____3_fair.csv;t_ca85e8f9eef5b9d5____c7_0____4__t_ca85e8f9eef5b9d5____c5_0____0_fair.csv;t_ca85e8f9eef5b9d5____c7_0____4__t_ca85e8f9eef5b9d5____c4_0____2_fair.csv;t_ca85e8f9eef5b9d5____c7_0____4__t_ca85e8f9eef5b9d5____c2_0____3_fair.csv;t_ca85e8f9eef5b9d5____c7_0____4__t_ca85e8f9eef5b9d5____c19_1____0_fair.csv;t_ca85e8f9eef5b9d5____c7_0____4__t_ca85e8f9eef5b9d5____c10_1____3_fair.csv;t_ca85e8f9eef5b9d5____c7_0____4.csv;t_ca85e8f9eef5b9d5____c7_0____2.csv;t_ca85e8f9eef5b9d5____c7_0____2__t_ca85e8f9eef5b9d5____c9_1____4_fair.csv;t_ca85e8f9eef5b9d5____c7_0____2__t_ca85e8f9eef5b9d5____c7_1____3_fair.csv;t_ca85e8f9eef5b9d5____c7_0____1__t_ca85e8f9eef5b9d5____c7_1____3_fair.csv,"{""needs_fairification"": true, ""success"": true, ""swaps_made"": 2, ""initial_fairness"": 0.2717, ""initial_delta"": 0.13}"
tusSmall3,exhaustive,t_ca85e8f9eef5b9d5____c7_1____3_fair.csv,5,1327,163,5,True,0.3213,0.6,0.002260738507912585,0.0037678975131876413,30.350066423416138,30.350066423416138,t_ca85e8f9eef5b9d5____c7_1____0__t_ca85e8f9eef5b9d5____c9_1____4_fair.csv;t_ca85e8f9eef5b9d5____c7_1____0__t_ca85e8f9eef5b9d5____c7_1____3_fair.csv;t_ca85e8f9eef5b9d5____c7_1____0__t_ca85e8f9eef5b9d5____c4_0____2_fair.csv;t_ca85e8f9eef5b9d5____c6_1____4__t_ca85e8f9eef5b9d5____c9_1____4_fair.csv;t_ca85e8f9eef5b9d5____c6_1____4__t_ca85e8f9eef5b9d5____c7_0____3_fair.csv,"{""needs_fairification"": true, ""success"": true, ""swaps_made"": 2, ""initial_fairness"": 0.1908, ""initial_delta"": 0.21}"
tusSmall3,exhaustive,t_ca85e8f9eef5b9d5____c7_1____3_fair.csv,10,1327,163,10,True,0.3206,0.7,0.0052750565184626974,0.007535795026375283,61.57204508781433,61.57204508781433,t_ca85e8f9eef5b9d5____c7_1____0__t_ca85e8f9eef5b9d5____c9_1____4_fair.csv;t_ca85e8f9eef5b9d5____c7_1____0__t_ca85e8f9eef5b9d5____c7_1____3_fair.csv;t_ca85e8f9eef5b9d5____c7_1____0__t_ca85e8f9eef5b9d5____c22_0____4_fair.csv;t_ca85e8f9eef5b9d5____c7_1____0__t_ca85e8f9eef5b9d5____c19_1____0_fair.csv;t_ca85e8f9eef5b9d5____c7_1____4__t_ca85e8f9eef5b9d5____c9_1____4_fair.csv;t_ca85e8f9eef5b9d5____c7_1____4__t_ca85e8f9eef5b9d5____c7_1____3_fair.csv;t_ca85e8f9eef5b9d5____c7_1____1__t_ca85e8f9eef5b9d5____c7_1____3_fair.csv;t_ca85e8f9eef5b9d5____c6_1____4__t_ca85e8f9eef5b9d5____c9_1____4_fair.csv;t_ca85e8f9eef5b9d5____c6_1____4__t_ca85e8f9eef5b9d5____c7_0____3_fair.csv;t_ca85e8f9eef5b9d5____c6_1____4__t_ca85e8f9eef5b9d5____c19_1____0_fair.csv,"{""needs_fairification"": true, ""success"": true, ""swaps_made"": 5, ""initial_fairness"": 0.1613, ""initial_delta"": 0.24}"
tusSmall3,exhaustive,t_ca85e8f9eef5b9d5____c7_1____3_fair.csv,20,1327,163,0,False,0.4169,,0.0,0.015071590052750565,0,0.0,,"{""needs_fairification"": true, ""success"": false, ""swaps_made"": 6, ""initial_fairness"": 0.1893, ""initial_delta"": 0.21}"
tusSmall3,exhaustive,t_ece0594e0480a1ed____c3_1____1_fair.csv,5,196,240,5,True,0.3284,1.0,0.025510204081632654,0.025510204081632654,13.798102498054504,13.798102498054504,t_ece0594e0480a1ed____c3_1____4.csv;t_ece0594e0480a1ed____c3_1____2.csv;t_ece0594e0480a1ed____c3_1____4__t_ece0594e0480a1ed____c3_1____1_fair.csv;t_ece0594e0480a1ed____c3_1____2__t_ece0594e0480a1ed____c3_1____1_fair.csv;t_ece0594e0480a1ed____c3_1____0__t_ece0594e0480a1ed____c3_1____1_fair.csv,"{""needs_fairification"": true, ""success"": true, ""swaps_made"": 2, ""initial_fairness"": 0.1674, ""initial_delta"": 0.23}"
tusSmall3,exhaustive,t_ece0594e0480a1ed____c3_1____1_fair.csv,10,196,240,0,False,0.419,,0.0,0.05102040816326531,0,0.0,,"{""needs_fairification"": true, ""success"": false, ""swaps_made"": 3, ""initial_fairness"": 0.1358, ""initial_delta"": 0.26}"
tusSmall3,exhaustive,t_ece0594e0480a1ed____c3_1____1_fair.csv,20,196,240,0,False,0.419,,0.0,0.10204081632653061,0,0.0,,"{""needs_fairification"": true, ""success"": false, ""swaps_made"": 3, ""initial_fairness"": 0.0936, ""initial_delta"": 0.31}"
tusSmall3,exhaustive,t_ece0594e0480a1ed____c5_0____1_fair.csv,5,180,205,5,True,0.3037,1.0,0.027777777777777776,0.027777777777777776,22.997125566005707,22.997125566005707,t_ece0594e0480a1ed____c5_1____2__t_ece0594e0480a1ed____c6_1____0_fair.csv;t_ece0594e0480a1ed____c5_1____2__t_ece0594e0480a1ed____c5_0____1_fair.csv;t_ece0594e0480a1ed____c5_1____1__t_ece0594e0480a1ed____c6_1____0_fair.csv;t_ece0594e0480a1ed____c5_1____1__t_ece0594e0480a1ed____c5_0____1_fair.csv;t_ece0594e0480a1ed____c4_1____3__t_ece0594e0480a1ed____c5_0____1_fair.csv,"{""needs_fairification"": true, ""success"": true, ""swaps_made"": 2, ""initial_fairness"": 0.1572, ""initial_delta"": 0.24}"
tusSmall3,exhaustive,t_ece0594e0480a1ed____c5_0____1_fair.csv,10,180,205,10,True,0.3132,1.0,0.05555555555555555,0.05555555555555555,45.261738300323486,45.261738300323486,t_ece0594e0480a1ed____c5_1____2__t_ece0594e0480a1ed____c6_1____0_fair.csv;t_ece0594e0480a1ed____c5_1____2__t_ece0594e0480a1ed____c5_0____1_fair.csv;t_ece0594e0480a1ed____c5_1____1__t_ece0594e0480a1ed____c6_1____0_fair.csv;t_ece0594e0480a1ed____c5_1____1__t_ece0594e0480a1ed____c5_0____1_fair.csv;t_ece0594e0480a1ed____c5_1____1.csv;t_ece0594e0480a1ed____c5_1____2.csv;t_ece0594e0480a1ed____c5_0____2__t_ece0594e0480a1ed____c5_0____1_fair.csv;t_ece0594e0480a1ed____c6_0____0__t_ece0594e0480a1ed____c5_0____1_fair.csv;t_ece0594e0480a1ed____c4_1____3__t_ece0594e0480a1ed____c5_0____1_fair.csv;t_ece0594e0480a1ed____c4_1____0__t_ece0594e0480a1ed____c5_0____1_fair.csv,"{""needs_fairification"": true, ""success"": true, ""swaps_made"": 4, ""initial_fairness"": 0.1433, ""initial_delta"": 0.26}"
tusSmall3,exhaustive,t_ece0594e0480a1ed____c5_0____1_fair.csv,20,180,205,20,True,0.2996,1.0,0.1111111111111111,0.1111111111111111,87.87667447328568,87.87667447328568,t_ece0594e0480a1ed____c5_1____2__t_ece0594e0480a1ed____c6_1____0_fair.csv;t_ece0594e0480a1ed____c5_1____2__t_ece0594e0480a1ed____c5_0____1_fair.csv;t_ece0594e0480a1ed____c5_1____1__t_ece0594e0480a1ed____c6_1____0_fair.csv;t_ece0594e0480a1ed____c5_1____1__t_ece0594e0480a1ed____c5_0____1_fair.csv;t_ece0594e0480a1ed____c5_1____1.csv;t_ece0594e0480a1ed____c5_1____2.csv;t_ece0594e0480a1ed____c5_1____3.csv;t_ece0594e0480a1ed____c5_1____3__t_ece0594e0480a1ed____c6_1____0_fair.csv;t_ece0594e0480a1ed____c5_1____3__t_ece0594e0480a1ed____c5_0____1_fair.csv;t_ece0594e0480a1ed____c5_0____3__t_ece0594e0480a1ed____c6_1____0_fair.csv;t_ece0594e0480a1ed____c5_0____3__t_ece0594e0480a1ed____c5_0____1_fair.csv;t_ece0594e0480a1ed____c5_1____0__t_ece0594e0480a1ed____c6_1____0_fair.csv;t_ece0594e0480a1ed____c5_0____2__t_ece0594e0480a1ed____c5_0____1_fair.csv;t_ece0594e0480a1ed____c5_0____4__t_ece0594e0480a1ed____c5_0____1_fair.csv;t_ece0594e0480a1ed____c6_0____0__t_ece0594e0480a1ed____c5_0____1_fair.csv;t_ece0594e0480a1ed____c6_0____4__t_ece0594e0480a1ed____c5_0____1_fair.csv;t_ece0594e0480a1ed____c4_1____3__t_ece0594e0480a1ed____c5_0____1_fair.csv;t_ece0594e0480a1ed____c4_1____0__t_ece0594e0480a1ed____c5_0____1_fair.csv;t_ece0594e0480a1ed____c3_0____0__t_ece0594e0480a1ed____c5_0____1_fair.csv;t_ece0594e0480a1ed____c3_0____4__t_ece0594e0480a1ed____c5_0____1_fair.csv,"{""needs_fairification"": true, ""success"": true, ""swaps_made"": 8, ""initial_fairness"": 0.1275, ""initial_delta"": 0.27}"
tusSmall3,exhaustive,t_ca85e8f9eef5b9d5____c9_1____4_fair.csv,5,1654,117,5,True,0.312,1.0,0.003022974607013301,0.003022974607013301,41.420288026332855,41.420288026332855,t_ca85e8f9eef5b9d5____c11_0____0.csv;t_ca85e8f9eef5b9d5____c11_0____0__t_ca85e8f9eef5b9d5____c6_0____1_fair.csv;t_ca85e8f9eef5b9d5____c9_1____3__t_ca85e8f9eef5b9d5____c9_1____4_fair.csv;t_ca85e8f9eef5b9d5____c9_1____3__t_ca85e8f9eef5b9d5____c7_0____3_fair.csv;t_ca85e8f9eef5b9d5____c9_1____3__t_ca85e8f9eef5b9d5____c4_0____2_fair.csv,"{""needs_fairification"": true, ""success"": true, ""swaps_made"": 3, ""initial_fairness"": 0.0719, ""initial_delta"": 0.33}"
tusSmall3,exhaustive,t_ca85e8f9eef5b9d5____c9_1____4_fair.csv,10,1654,117,0,False,0.4031,,0.0,0.006045949214026602,0,0.0,,"{""needs_fairification"": true, ""success"": false, ""swaps_made"": 9, ""initial_fairness"": 0.037, ""initial_delta"": 0.36}"
tusSmall3,exhaustive,t_ca85e8f9eef5b9d5____c9_1____4_fair.csv,20,1654,117,0,False,0.4031,,0.0,0.012091898428053204,0,0.0,,"{""needs_fairification"": true, ""success"": false, ""swaps_made"": 5, ""initial_fairness"": 0.0205, ""initial_delta"": 0.38}"
tusSmall3,exhaustive,t_ece0594e0480a1ed____c6_1____0_fair.csv,5,196,199,5,True,0.3593,0.8,0.02040816326530612,0.025510204081632654,27.050572872161865,27.050572872161865,t_ece0594e0480a1ed____c6_0____0__t_ece0594e0480a1ed____c6_1____0_fair.csv;t_ece0594e0480a1ed____c6_0____0__t_ece0594e0480a1ed____c5_0____1_fair.csv;t_ece0594e0480a1ed____c6_0____0.csv;t_013a2f8c584d44d7____c7_1____4__t_013a2f8c584d44d7____c8_1____3_fair.csv;t_ece0594e0480a1ed____c5_1____2__t_ece0594e0480a1ed____c6_1____0_fair.csv,"{""needs_fairification"": true, ""success"": true, ""swaps_made"": 2, ""initial_fairness"": 0.2226, ""initial_delta"": 0.18}"
tusSmall3,exhaustive,t_ece0594e0480a1ed____c6_1____0_fair.csv,10,196,199,10,True,0.302,0.9,0.04591836734693878,0.05102040816326531,54.58698779344559,54.58698779344559,t_ece0594e0480a1ed____c6_0____0__t_ece0594e0480a1ed____c6_1____0_fair.csv;t_ece0594e0480a1ed____c6_0____0__t_ece0594e0480a1ed____c5_0____1_fair.csv;t_ece0594e0480a1ed____c6_0____0__t_ece0594e0480a1ed____c3_1____1_fair.csv;t_ece0594e0480a1ed____c6_0____0__t_ece0594e0480a1ed____c2_1____1_fair.csv;t_ece0594e0480a1ed____c6_0____0.csv;t_ece0594e0480a1ed____c6_0____3.csv;t_ece0594e0480a1ed____c6_1____2__t_ece0594e0480a1ed____c6_1____0_fair.csv;t_013a2f8c584d44d7____c7_1____4__t_013a2f8c584d44d7____c8_1____3_fair.csv;t_ece0594e0480a1ed____c5_1____2__t_ece0594e0480a1ed____c6_1____0_fair.csv;t_ece0594e0480a1ed____c5_0____2__t_ece0594e0480a1ed____c6_1____0_fair.csv,"{""needs_fairification"": true, ""success"": true, ""swaps_made"": 4, ""initial_fairness"": 0.1204, ""initial_delta"": 0.28}"
tusSmall3,exhaustive,t_ece0594e0480a1ed____c6_1____0_fair.csv,20,196,199,20,True,0.3109,0.95,0.09693877551020408,0.10204081632653061,106.44005352258682,106.44005352258682,t_ece0594e0480a1ed____c6_0____0__t_ece0594e0480a1ed____c6_1____0_fair.csv;t_ece0594e0480a1ed____c6_0____0__t_ece0594e0480a1ed____c5_0____1_fair.csv;t_ece0594e0480a1ed____c6_0____0__t_ece0594e0480a1ed____c3_1____1_fair.csv;t_ece0594e0480a1ed____c6_0____0__t_ece0594e0480a1ed____c2_1____1_fair.csv;t_ece0594e0480a1ed____c6_0____0.csv;t_ece0594e0480a1ed____c6_0____3.csv;t_ece0594e0480a1ed____c6_0____1__t_ece0594e0480a1ed____c6_1____0_fair.csv;t_ece0594e0480a1ed____c6_0____1.csv;t_ece0594e0480a1ed____c6_0____2__t_ece0594e0480a1ed____c6_1____0_fair.csv;t_ece0594e0480a1ed____c6_0____2__t_ece0594e0480a1ed____c5_0____1_fair.csv;t_ece0594e0480a1ed____c7_0____3__t_ece0594e0480a1ed____c6_1____0_fair.csv;t_ece0594e0480a1ed____c6_1____3__t_ece0594e0480a1ed____c6_1____0_fair.csv;t_ece0594e0480a1ed____c6_1____2__t_ece0594e0480a1ed____c6_1____0_fair.csv;t_ece0594e0480a1ed____c6_0____4__t_ece0594e0480a1ed____c6_1____0_fair.csv;t_ece0594e0480a1ed____c5_1____0__t_ece0594e0480a1ed____c6_1____0_fair.csv;t_013a2f8c584d44d7____c7_1____4__t_013a2f8c584d44d7____c8_1____3_fair.csv;t_ece0594e0480a1ed____c5_1____2__t_ece0594e0480a1ed____c6_1____0_fair.csv;t_ece0594e0480a1ed____c5_0____2__t_ece0594e0480a1ed____c6_1____0_fair.csv;t_ece0594e0480a1ed____c5_1____4__t_ece0594e0480a1ed____c6_1____0_fair.csv;t_ece0594e0480a1ed____c4_1____4__t_ece0594e0480a1ed____c6_1____0_fair.csv,"{""needs_fairification"": true, ""success"": true, ""swaps_made"": 10, ""initial_fairness"": 0.0874, ""initial_delta"": 0.31}"
tusSmall3,exhaustive,t_ca85e8f9eef5b9d5____c19_1____2_fair.csv,5,1373,69,0,False,0.4081,,0.0,0.003641660597232338,0,0.0,,"{""needs_fairification"": true, ""success"": false, ""swaps_made"": 2, ""initial_fairness"": 0.0708, ""initial_delta"": 0.33}"
tusSmall3,exhaustive,t_ca85e8f9eef5b9d5____c19_1____2_fair.csv,10,1373,69,0,False,0.4081,,0.0,0.007283321194464676,0,0.0,,"{""needs_fairification"": true, ""success"": false, ""swaps_made"": 0, ""initial_fairness"": 0.0371, ""initial_delta"": 0.36}"
tusSmall3,exhaustive,t_ca85e8f9eef5b9d5____c19_1____2_fair.csv,20,1373,69,0,False,0.4081,,0.0,0.014566642388929352,0,0.0,,"{""needs_fairification"": true, ""success"": false, ""swaps_made"": 0, ""initial_fairness"": 0.0187, ""initial_delta"": 0.38}"
tusSmall3,exhaustive,t_ca85e8f9eef5b9d5____c21_0____1_fair.csv,5,1356,68,0,False,0.436,,0.0,0.003687315634218289,0,0.0,,"{""needs_fairification"": true, ""success"": false, ""swaps_made"": 1, ""initial_fairness"": 0.0786, ""initial_delta"": 0.32}"
tusSmall3,exhaustive,t_ca85e8f9eef5b9d5____c21_0____1_fair.csv,10,1356,68,0,False,0.436,,0.0,0.007374631268436578,0,0.0,,"{""needs_fairification"": true, ""success"": false, ""swaps_made"": 0, ""initial_fairness"": 0.0429, ""initial_delta"": 0.36}"
tusSmall3,exhaustive,t_ca85e8f9eef5b9d5____c21_0____1_fair.csv,20,1356,68,0,False,0.436,,0.0,0.014749262536873156,0,0.0,,"{""needs_fairification"": true, ""success"": false, ""swaps_made"": 0, ""initial_fairness"": 0.0226, ""initial_delta"": 0.38}"
tusSmall3,exhaustive,t_ca85e8f9eef5b9d5____c22_0____4_fair.csv,5,1345,57,5,True,0.3207,1.0,0.0037174721189591076,0.0037174721189591076,104.26718121767044,104.26718121767044,t_ca85e8f9eef5b9d5____c22_0____0__t_ca85e8f9eef5b9d5____c7_1____3_fair.csv;t_ca85e8f9eef5b9d5____c22_0____0__t_ca85e8f9eef5b9d5____c5_0____0_fair.csv;t_ca85e8f9eef5b9d5____c22_0____0__t_ca85e8f9eef5b9d5____c22_0____4_fair.csv;t_ca85e8f9eef5b9d5____c22_0____3__t_ca85e8f9eef5b9d5____c22_0____4_fair.csv;t_ca85e8f9eef5b9d5____c22_0____1__t_ca85e8f9eef5b9d5____c22_0____4_fair.csv,"{""needs_fairification"": true, ""success"": true, ""swaps_made"": 3, ""initial_fairness"": 0.1602, ""initial_delta"": 0.24}"
tusSmall3,exhaustive,t_ca85e8f9eef5b9d5____c22_0____4_fair.csv,10,1345,57,0,False,0.4472,,0.0,0.007434944237918215,0,0.0,,"{""needs_fairification"": true, ""success"": false, ""swaps_made"": 3, ""initial_fairness"": 0.1555, ""initial_delta"": 0.24}"
tusSmall3,exhaustive,t_ca85e8f9eef5b9d5____c22_0____4_fair.csv,20,1345,57,0,False,0.4472,,0.0,0.01486988847583643,0,0.0,,"{""needs_fairification"": true, ""success"": false, ""swaps_made"": 2, ""initial_fairness"": 0.1302, ""initial_delta"": 0.27}"
