bench,approach,q_table,k,gt_size,n_candidates,n_returned,feasible,F,prec,rec,ideal_recall,starmie_sum_score,duts_sum_U,tables,extras
tusSmall3,nl,t_013a2f8c584d44d7____c8_1____3_fair.csv,5,203,152,5,True,0.3162,1.0,0.024630541871921183,0.024630541871921183,37.54564571380615,37.54564571380615,t_013a2f8c584d44d7____c8_1____4__t_013a2f8c584d44d7____c8_1____3_fair.csv;t_013a2f8c584d44d7____c8_1____4__t_013a2f8c584d44d7____c11_0____0_fair.csv;t_013a2f8c584d44d7____c8_1____1__t_013a2f8c584d44d7____c8_1____3_fair.csv;t_013a2f8c584d44d7____c8_1____1__t_013a2f8c584d44d7____c12_0____2_fair.csv;t_013a2f8c584d44d7____c8_1____0__t_013a2f8c584d44d7____c8_1____3_fair.csv,"{""needs_fairification"": true, ""success"": true, ""swaps_made"": 1, ""initial_fairness"": 0.2529, ""initial_delta"": 0.15, ""dominated_removed_count"": 140, ""dominance_candidate_pool_size"": 147, ""candidates_after_winnow"": 6}"
tusSmall3,nl,t_013a2f8c584d44d7____c8_1____3_fair.csv,10,203,152,10,True,0.3082,1.0,0.04926108374384237,0.04926108374384237,73.28726756572723,73.28726756572723,t_013a2f8c584d44d7____c8_1____4__t_013a2f8c584d44d7____c8_1____3_fair.csv;t_013a2f8c584d44d7____c8_1____1__t_013a2f8c584d44d7____c8_1____3_fair.csv;t_013a2f8c584d44d7____c8_1____1__t_013a2f8c584d44d7____c11_0____0_fair.csv;t_013a2f8c584d44d7____c8_1____2__t_013a2f8c584d44d7____c8_1____3_fair.csv;t_013a2f8c584d44d7____c8_1____2__t_013a2f8c584d44d7____c12_0____2_fair.csv;t_013a2f8c584d44d7____c8_1____2__t_013a2f8c584d44d7____c11_0____0_fair.csv;t_013a2f8c584d44d7____c8_1____4.csv;t_013a2f8c584d44d7____c9_1____0__t_013a2f8c584d44d7____c8_1____3_fair.csv;t_013a2f8c584d44d7____c8_1____0__t_013a2f8c584d44d7____c8_1____3_fair.csv;t_013a2f8c584d44d7____c6_0____4__t_013a2f8c584d44d7____c8_1____3_fair.csv,"{""needs_fairification"": true, ""success"": true, ""swaps_made"": 3, ""initial_fairness"": 0.1975, ""initial_delta"": 0.2, ""dominated_removed_count"": 130, ""dominance_candidate_pool_size"": 142, ""candidates_after_winnow"": 9}"
tusSmall3,nl,t_013a2f8c584d44d7____c8_1____3_fair.csv,20,203,152,20,True,0.2971,0.75,0.07389162561576355,0.09852216748768473,143.6917281150818,143.6917281150818,t_013a2f8c584d44d7____c8_1____4__t_013a2f8c584d44d7____c8_1____3_fair.csv;t_013a2f8c584d44d7____c8_1____1__t_013a2f8c584d44d7____c8_1____3_fair.csv;t_013a2f8c584d44d7____c8_1____2__t_013a2f8c584d44d7____c8_1____3_fair.csv;t_013a2f8c584d44d7____c8_1____2.csv;t_013a2f8c584d44d7____c9_0____4__t_013a2f8c584d44d7____c12_0____2_fair.csv;t_013a2f8c584d44d7____c9_1____4__t_013a2f8c584d44d7____c8_1____3_fair.csv;t_013a2f8c584d44d7____c9_1____4__t_013a2f8c584d44d7____c12_0____2_fair.csv;t_013a2f8c584d44d7____c9_1____4__t_013a2f8c584d44d7____c11_0____0_fair.csv;t_013a2f8c584d44d7____c9_0____1__t_013a2f8c584d44d7____c12_0____2_fair.csv;t_013a2f8c584d44d7____c9_0____1__t_013a2f8c584d44d7____c11_0____0_fair.csv;t_013a2f8c584d44d7____c9_0____2__t_013a2f8c584d44d7____c12_0____2_fair.csv;t_013a2f8c584d44d7____c9_1____1__t_013a2f8c584d44d7____c8_1____3_fair.csv;t_013a2f8c584d44d7____c9_1____0__t_013a2f8c584d44d7____c8_1____3_fair.csv;t_013a2f8c584d44d7____c9_0____4.csv;t_013a2f8c584d44d7____c9_1____4.csv;t_013a2f8c584d44d7____c9_1____1.csv;t_013a2f8c584d44d7____c9_1____0.csv;t_013a2f8c584d44d7____c8_1____0__t_013a2f8c584d44d7____c8_1____3_fair.csv;t_013a2f8c584d44d7____c6_0____3__t_013a2f8c584d44d7____c8_1____3_fair.csv;t_013a2f8c584d44d7____c6_0____4__t_013a2f8c584d44d7____c8_1____3_fair.csv,"{""needs_fairification"": true, ""success"": true, ""swaps_made"": 9, ""initial_fairness"": 0.1573, ""initial_delta"": 0.24, ""dominated_removed_count"": 120, ""dominance_candidate_pool_size"": 132, ""candidates_after_winnow"": 3}"
tusSmall3,nl,t_1934eacab8c57857____c10_1____3_fair.csv,5,689,84,5,False,0.2739,0.8,0.005805515239477504,0.00725689404934688,44.80784684419632,44.80784684419632,t_1934eacab8c57857____c10_1____4__t_1934eacab8c57857____c10_1____3_fair.csv;t_1934eacab8c57857____c11_0____3.csv;t_1934eacab8c57857____c11_1____3__t_1934eacab8c57857____c2_1____0_fair.csv;t_1934eacab8c57857____c17_1____3.csv;t_1934eacab8c57857____c13_1____4__t_1934eacab8c57857____c10_1____3_fair.csv,"{""needs_fairification"": true, ""success"": false, ""swaps_made"": 2, ""initial_fairness"": 0.1809, ""initial_delta"": 0.22, ""dominated_removed_count"": 75, ""dominance_candidate_pool_size"": 79, ""candidates_after_winnow"": 2}"
tusSmall3,nl,t_1934eacab8c57857____c10_1____3_fair.csv,10,689,84,10,False,0.1375,0.6,0.008708272859216255,0.01451378809869376,89.92207604646683,89.92207604646683,t_1934eacab8c57857____c10_1____4__t_1934eacab8c57857____c10_1____3_fair.csv;t_1934eacab8c57857____c11_0____3.csv;t_1934eacab8c57857____c11_1____3__t_1934eacab8c57857____c2_1____0_fair.csv;t_1934eacab8c57857____c11_1____3__t_1934eacab8c57857____c11_1____1_fair.csv;t_1934eacab8c57857____c11_1____3__t_1934eacab8c57857____c10_1____3_fair.csv;t_1934eacab8c57857____c11_0____3__t_1934eacab8c57857____c4_0____4_fair.csv;t_1934eacab8c57857____c11_0____3__t_1934eacab8c57857____c15_1____3_fair.csv;t_1934eacab8c57857____c11_0____3__t_1934eacab8c57857____c11_0____4_fair.csv;t_1934eacab8c57857____c17_1____3.csv;t_1934eacab8c57857____c13_1____4__t_1934eacab8c57857____c10_1____3_fair.csv,"{""needs_fairification"": true, ""success"": false, ""swaps_made"": 2, ""initial_fairness"": 0.0905, ""initial_delta"": 0.31, ""dominated_removed_count"": 72, ""dominance_candidate_pool_size"": 74, ""candidates_after_winnow"": 0}"
tusSmall3,nl,t_1934eacab8c57857____c10_1____3_fair.csv,20,689,84,20,False,0.0712,0.8,0.023222060957910014,0.02902757619738752,178.95549762248993,178.95549762248993,t_1934eacab8c57857____c10_1____4__t_1934eacab8c57857____c15_1____0_fair.csv;t_1934eacab8c57857____c10_1____4__t_1934eacab8c57857____c10_1____3_fair.csv;t_1934eacab8c57857____c11_0____3.csv;t_1934eacab8c57857____c11_1____3__t_1934eacab8c57857____c2_1____0_fair.csv;t_1934eacab8c57857____c11_1____3__t_1934eacab8c57857____c11_1____1_fair.csv;t_1934eacab8c57857____c11_1____3__t_1934eacab8c57857____c10_1____3_fair.csv;t_1934eacab8c57857____c11_0____3__t_1934eacab8c57857____c4_0____4_fair.csv;t_1934eacab8c57857____c11_0____3__t_1934eacab8c57857____c15_1____3_fair.csv;t_1934eacab8c57857____c11_0____3__t_1934eacab8c57857____c11_0____4_fair.csv;t_1934eacab8c57857____c17_1____3.csv;t_1934eacab8c57857____c10_1____4.csv;t_1934eacab8c57857____c17_1____4__t_1934eacab8c57857____c4_0____4_fair.csv;t_1934eacab8c57857____c17_1____4__t_1934eacab8c57857____c2_1____0_fair.csv;t_1934eacab8c57857____c17_1____4__t_1934eacab8c57857____c19_0____4_fair.csv;t_1934eacab8c57857____c17_1____4__t_1934eacab8c57857____c15_1____3_fair.csv;t_1934eacab8c57857____c17_1____4__t_1934eacab8c57857____c12_0____1_fair.csv;t_1934eacab8c57857____c17_1____4__t_1934eacab8c57857____c11_1____1_fair.csv;t_1934eacab8c57857____c17_1____4__t_1934eacab8c57857____c11_0____4_fair.csv;t_1934eacab8c57857____c17_1____4__t_1934eacab8c57857____c10_1____3_fair.csv;t_1934eacab8c57857____c13_1____4__t_1934eacab8c57857____c10_1____3_fair.csv,"{""needs_fairification"": true, ""success"": false, ""swaps_made"": 1, ""initial_fairness"": 0.048, ""initial_delta"": 0.35, ""dominated_removed_count"": 61, ""dominance_candidate_pool_size"": 64, ""candidates_after_winnow"": 2}"
tusSmall3,nl,t_013a2f8c584d44d7____c11_0____0_fair.csv,5,183,139,5,True,0.3408,0.4,0.01092896174863388,0.0273224043715847,42.80639123916626,42.80639123916626,t_013a2f8c584d44d7____c11_0____2__t_013a2f8c584d44d7____c11_0____0_fair.csv;t_013a2f8c584d44d7____c10_0____0__t_013a2f8c584d44d7____c8_1____3_fair.csv;t_013a2f8c584d44d7____c10_0____0__t_013a2f8c584d44d7____c12_0____2_fair.csv;t_013a2f8c584d44d7____c9_1____0.csv;t_013a2f8c584d44d7____c6_0____4.csv,"{""needs_fairification"": true, ""success"": true, ""swaps_made"": 2, ""initial_fairness"": 0.189, ""initial_delta"": 0.21, ""dominated_removed_count"": 115, ""dominance_candidate_pool_size"": 134, ""candidates_after_winnow"": 17}"
tusSmall3,nl,t_013a2f8c584d44d7____c11_0____0_fair.csv,10,183,139,10,True,0.3136,0.5,0.0273224043715847,0.0546448087431694,83.72810059785843,83.72810059785843,t_013a2f8c584d44d7____c11_0____2__t_013a2f8c584d44d7____c11_0____0_fair.csv;t_013a2f8c584d44d7____c10_0____1__t_013a2f8c584d44d7____c8_1____3_fair.csv;t_013a2f8c584d44d7____c10_0____1__t_013a2f8c584d44d7____c12_0____2_fair.csv;t_013a2f8c584d44d7____c10_1____0__t_013a2f8c584d44d7____c8_1____3_fair.csv;t_013a2f8c584d44d7____c10_1____0__t_013a2f8c584d44d7____c12_0____2_fair.csv;t_013a2f8c584d44d7____c9_1____2.csv;t_013a2f8c584d44d7____c9_1____0.csv;t_013a2f8c584d44d7____c7_0____0__t_013a2f8c584d44d7____c11_0____0_fair.csv;t_013a2f8c584d44d7____c7_0____4__t_013a2f8c584d44d7____c11_0____0_fair.csv;t_013a2f8c584d44d7____c6_0____4.csv,"{""needs_fairification"": true, ""success"": true, ""swaps_made"": 5, ""initial_fairness"": 0.1343, ""initial_delta"": 0.27, ""dominated_removed_count"": 111, ""dominance_candidate_pool_size"": 129, ""candidates_after_winnow"": 13}"
tusSmall3,nl,t_013a2f8c584d44d7____c11_0____0_fair.csv,20,183,139,20,False,0.2677,0.5,0.0546448087431694,0.1092896174863388,171.49158799648285,171.49158799648285,t_013a2f8c584d44d7____c11_0____2__t_013a2f8c584d44d7____c11_0____0_fair.csv;t_013a2f8c584d44d7____c10_0____4__t_013a2f8c584d44d7____c8_1____3_fair.csv;t_013a2f8c584d44d7____c10_0____4__t_013a2f8c584d44d7____c12_0____2_fair.csv;t_013a2f8c584d44d7____c10_1____4__t_013a2f8c584d44d7____c8_1____3_fair.csv;t_013a2f8c584d44d7____c10_1____1__t_013a2f8c584d44d7____c12_0____2_fair.csv;t_013a2f8c584d44d7____c10_0____3__t_013a2f8c584d44d7____c12_0____2_fair.csv;t_013a2f8c584d44d7____c10_1____3__t_013a2f8c584d44d7____c8_1____3_fair.csv;t_013a2f8c584d44d7____c10_1____3__t_013a2f8c584d44d7____c12_0____2_fair.csv;t_013a2f8c584d44d7____c10_0____0.csv;t_013a2f8c584d44d7____c10_0____2.csv;t_013a2f8c584d44d7____c9_1____2__t_013a2f8c584d44d7____c11_0____0_fair.csv;t_013a2f8c584d44d7____c9_1____3__t_013a2f8c584d44d7____c11_0____0_fair.csv;t_013a2f8c584d44d7____c9_1____0__t_013a2f8c584d44d7____c11_0____0_fair.csv;t_013a2f8c584d44d7____c9_1____4__t_013a2f8c584d44d7____c11_0____0_fair.csv;t_013a2f8c584d44d7____c9_1____2.csv;t_013a2f8c584d44d7____c9_1____0.csv;t_013a2f8c584d44d7____c7_0____2__t_013a2f8c584d44d7____c11_0____0_fair.csv;t_013a2f8c584d44d7____c7_0____0__t_013a2f8c584d44d7____c11_0____0_fair.csv;t_013a2f8c584d44d7____c7_0____4__t_013a2f8c584d44d7____c11_0____0_fair.csv;t_013a2f8c584d44d7____c6_0____4.csv,"{""needs_fairification"": true, ""success"": false, ""swaps_made"": 10, ""initial_fairness"": 0.104, ""initial_delta"": 0.3, ""dominated_removed_count"": 107, ""dominance_candidate_pool_size"": 119, ""candidates_after_winnow"": 2}"
tusSmall3,nl,t_013a2f8c584d44d7____c12_0____2_fair.csv,5,198,133,5,True,0.5272,1.0,0.025252525252525252,0.025252525252525252,50.720081210136414,50.720081210136414,t_013a2f8c584d44d7____c11_0____2__t_013a2f8c584d44d7____c8_1____3_fair.csv;t_013a2f8c584d44d7____c11_0____2__t_013a2f8c584d44d7____c11_0____0_fair.csv;t_013a2f8c584d44d7____c11_0____1__t_013a2f8c584d44d7____c8_1____3_fair.csv;t_013a2f8c584d44d7____c11_0____1__t_013a2f8c584d44d7____c12_0____2_fair.csv;t_013a2f8c584d44d7____c11_0____1__t_013a2f8c584d44d7____c11_0____0_fair.csv,"{""needs_fairification"": false, ""success"": true, ""swaps_made"": 0, ""initial_fairness"": 0.5272, ""initial_delta"": -0.13}"
tusSmall3,nl,t_013a2f8c584d44d7____c12_0____2_fair.csv,10,198,133,10,True,0.3927,1.0,0.050505050505050504,0.050505050505050504,99.94417077302933,99.94417077302933,t_013a2f8c584d44d7____c11_0____2__t_013a2f8c584d44d7____c8_1____3_fair.csv;t_013a2f8c584d44d7____c11_0____2__t_013a2f8c584d44d7____c11_0____0_fair.csv;t_013a2f8c584d44d7____c11_0____1__t_013a2f8c584d44d7____c8_1____3_fair.csv;t_013a2f8c584d44d7____c11_0____1__t_013a2f8c584d44d7____c12_0____2_fair.csv;t_013a2f8c584d44d7____c11_0____1__t_013a2f8c584d44d7____c11_0____0_fair.csv;t_013a2f8c584d44d7____c11_1____0__t_013a2f8c584d44d7____c12_0____2_fair.csv;t_013a2f8c584d44d7____c11_1____2__t_013a2f8c584d44d7____c12_0____2_fair.csv;t_013a2f8c584d44d7____c11_1____1__t_013a2f8c584d44d7____c12_0____2_fair.csv;t_013a2f8c584d44d7____c10_0____2__t_013a2f8c584d44d7____c12_0____2_fair.csv;t_013a2f8c584d44d7____c10_0____0__t_013a2f8c584d44d7____c8_1____3_fair.csv,"{""needs_fairification"": false, ""success"": true, ""swaps_made"": 0, ""initial_fairness"": 0.3927, ""initial_delta"": 0.01}"
tusSmall3,nl,t_013a2f8c584d44d7____c12_0____2_fair.csv,20,198,133,20,True,0.304,1.0,0.10101010101010101,0.10101010101010101,193.97794884443283,193.97794884443283,t_013a2f8c584d44d7____c11_0____2__t_013a2f8c584d44d7____c8_1____3_fair.csv;t_013a2f8c584d44d7____c11_0____2__t_013a2f8c584d44d7____c11_0____0_fair.csv;t_013a2f8c584d44d7____c11_0____1__t_013a2f8c584d44d7____c8_1____3_fair.csv;t_013a2f8c584d44d7____c11_0____1__t_013a2f8c584d44d7____c12_0____2_fair.csv;t_013a2f8c584d44d7____c11_0____1__t_013a2f8c584d44d7____c11_0____0_fair.csv;t_013a2f8c584d44d7____c11_1____0__t_013a2f8c584d44d7____c12_0____2_fair.csv;t_013a2f8c584d44d7____c11_1____2__t_013a2f8c584d44d7____c12_0____2_fair.csv;t_013a2f8c584d44d7____c11_1____1__t_013a2f8c584d44d7____c12_0____2_fair.csv;t_013a2f8c584d44d7____c10_0____2__t_013a2f8c584d44d7____c12_0____2_fair.csv;t_013a2f8c584d44d7____c10_0____0__t_013a2f8c584d44d7____c8_1____3_fair.csv;t_013a2f8c584d44d7____c10_0____0__t_013a2f8c584d44d7____c12_0____2_fair.csv;t_013a2f8c584d44d7____c10_0____1__t_013a2f8c584d44d7____c12_0____2_fair.csv;t_013a2f8c584d44d7____c10_1____0__t_013a2f8c584d44d7____c8_1____3_fair.csv;t_013a2f8c584d44d7____c10_1____0__t_013a2f8c584d44d7____c12_0____2_fair.csv;t_013a2f8c584d44d7____c10_0____4__t_013a2f8c584d44d7____c12_0____2_fair.csv;t_013a2f8c584d44d7____c10_1____2__t_013a2f8c584d44d7____c8_1____3_fair.csv;t_013a2f8c584d44d7____c10_1____2__t_013a2f8c584d44d7____c12_0____2_fair.csv;t_013a2f8c584d44d7____c10_1____4__t_013a2f8c584d44d7____c8_1____3_fair.csv;t_013a2f8c584d44d7____c10_1____1__t_013a2f8c584d44d7____c12_0____2_fair.csv;t_013a2f8c584d44d7____c10_0____3__t_013a2f8c584d44d7____c8_1____3_fair.csv,"{""needs_fairification"": false, ""success"": true, ""swaps_made"": 0, ""initial_fairness"": 0.304, ""initial_delta"": 0.1}"
tusSmall3,nl,t_1934eacab8c57857____c2_1____0_fair.csv,5,681,165,5,True,0.3606,0.6,0.004405286343612335,0.007342143906020558,8.592610239982605,8.592610239982605,t_1934eacab8c57857____c2_1____1__t_1934eacab8c57857____c2_1____0_fair.csv;t_1934eacab8c57857____c2_1____1.csv;t_1934eacab8c57857____c3_1____4__t_1934eacab8c57857____c11_1____1_fair.csv;t_1934eacab8c57857____c3_1____4.csv;t_1934eacab8c57857____c10_0____4__t_1934eacab8c57857____c15_1____0_fair.csv,"{""needs_fairification"": true, ""success"": true, ""swaps_made"": 1, ""initial_fairness"": 0.1634, ""initial_delta"": 0.24, ""dominated_removed_count"": 155, ""dominance_candidate_pool_size"": 160, ""candidates_after_winnow"": 4}"
tusSmall3,nl,t_1934eacab8c57857____c2_1____0_fair.csv,10,681,165,10,True,0.3429,0.5,0.007342143906020558,0.014684287812041116,16.706261157989502,16.706261157989502,t_1934eacab8c57857____c2_1____1__t_1934eacab8c57857____c2_1____0_fair.csv;t_1934eacab8c57857____c2_1____1.csv;t_1934eacab8c57857____c5_1____2__t_1934eacab8c57857____c19_0____4_fair.csv;t_1934eacab8c57857____c5_1____2__t_1934eacab8c57857____c11_0____4_fair.csv;t_1934eacab8c57857____c5_1____3__t_1934eacab8c57857____c19_0____4_fair.csv;t_1934eacab8c57857____c5_1____3__t_1934eacab8c57857____c11_0____4_fair.csv;t_1934eacab8c57857____c5_1____2.csv;t_1934eacab8c57857____c4_1____4.csv;t_1934eacab8c57857____c10_0____4__t_1934eacab8c57857____c15_1____0_fair.csv;t_1934eacab8c57857____c10_0____4__t_1934eacab8c57857____c12_0____1_fair.csv,"{""needs_fairification"": true, ""success"": true, ""swaps_made"": 3, ""initial_fairness"": 0.0833, ""initial_delta"": 0.32, ""dominated_removed_count"": 150, ""dominance_candidate_pool_size"": 155, ""candidates_after_winnow"": 2}"
tusSmall3,nl,t_1934eacab8c57857____c2_1____0_fair.csv,20,681,165,20,False,0.2051,0.4,0.011747430249632892,0.02936857562408223,33.2598562836647,33.2598562836647,t_1934eacab8c57857____c2_1____1__t_1934eacab8c57857____c2_1____0_fair.csv;t_1934eacab8c57857____c2_1____1.csv;t_1934eacab8c57857____c5_1____2__t_1934eacab8c57857____c11_0____4_fair.csv;t_1934eacab8c57857____c5_1____3__t_1934eacab8c57857____c19_0____4_fair.csv;t_1934eacab8c57857____c5_1____3__t_1934eacab8c57857____c11_0____4_fair.csv;t_1934eacab8c57857____c5_1____2.csv;t_1934eacab8c57857____c3_1____3.csv;t_1934eacab8c57857____c5_1____3.csv;t_1934eacab8c57857____c5_1____1__t_1934eacab8c57857____c19_0____4_fair.csv;t_1934eacab8c57857____c5_1____1__t_1934eacab8c57857____c11_0____4_fair.csv;t_1934eacab8c57857____c4_1____3__t_1934eacab8c57857____c2_1____0_fair.csv;t_1934eacab8c57857____c5_1____1.csv;t_1934eacab8c57857____c5_1____4__t_1934eacab8c57857____c19_0____4_fair.csv;t_1934eacab8c57857____c5_1____4__t_1934eacab8c57857____c11_0____4_fair.csv;t_1934eacab8c57857____c4_1____3.csv;t_1934eacab8c57857____c3_1____0.csv;t_1934eacab8c57857____c4_1____1__t_1934eacab8c57857____c2_1____0_fair.csv;t_1934eacab8c57857____c4_1____4.csv;t_1934eacab8c57857____c10_0____4__t_1934eacab8c57857____c15_1____0_fair.csv;t_1934eacab8c57857____c10_0____4__t_1934eacab8c57857____c12_0____1_fair.csv,"{""needs_fairification"": true, ""success"": false, ""swaps_made"": 4, ""initial_fairness"": 0.0459, ""initial_delta"": 0.35, ""dominated_removed_count"": 139, ""dominance_candidate_pool_size"": 145, ""candidates_after_winnow"": 2}"
tusSmall3,nl,t_1934eacab8c57857____c4_0____4_fair.csv,5,789,166,5,True,0.3092,1.0,0.0063371356147021544,0.0063371356147021544,18.49235361814499,18.49235361814499,t_1934eacab8c57857____c4_0____3__t_1934eacab8c57857____c4_0____4_fair.csv;t_1934eacab8c57857____c4_0____3__t_1934eacab8c57857____c15_1____3_fair.csv;t_1934eacab8c57857____c4_0____3.csv;t_1934eacab8c57857____c6_0____3.csv;t_1934eacab8c57857____c4_0____2__t_1934eacab8c57857____c4_0____4_fair.csv,"{""needs_fairification"": false, ""success"": true, ""swaps_made"": 0, ""initial_fairness"": 0.3092, ""initial_delta"": 0.09}"
tusSmall3,nl,t_1934eacab8c57857____c4_0____4_fair.csv,10,789,166,10,False,0.2161,0.6,0.0076045627376425855,0.012674271229404309,34.04081326723099,34.04081326723099,t_1934eacab8c57857____c4_0____3__t_1934eacab8c57857____c4_0____4_fair.csv;t_1934eacab8c57857____c4_0____3.csv;t_1934eacab8c57857____c6_0____3.csv;t_1934eacab8c57857____c4_0____2__t_1934eacab8c57857____c4_0____4_fair.csv;t_1934eacab8c57857____c8_0____3__t_1934eacab8c57857____c2_1____0_fair.csv;t_1934eacab8c57857____c8_0____3__t_1934eacab8c57857____c10_1____3_fair.csv;t_1934eacab8c57857____c8_0____3.csv;t_1934eacab8c57857____c6_0____4.csv;t_1934eacab8c57857____c6_0____2__t_1934eacab8c57857____c4_0____4_fair.csv;t_ece0594e0480a1ed____c4_0____3.csv,"{""needs_fairification"": true, ""success"": false, ""swaps_made"": 3, ""initial_fairness"": 0.1637, ""initial_delta"": 0.24, ""dominated_removed_count"": 153, ""dominance_candidate_pool_size"": 156, ""candidates_after_winnow"": 0}"
tusSmall3,nl,t_1934eacab8c57857____c4_0____4_fair.csv,20,789,166,20,False,0.1064,0.7,0.017743979721166033,0.025348542458808618,67.19667798280716,67.19667798280716,t_1934eacab8c57857____c4_0____3__t_1934eacab8c57857____c4_0____4_fair.csv;t_1934eacab8c57857____c4_0____3.csv;t_1934eacab8c57857____c6_0____3.csv;t_1934eacab8c57857____c4_0____2__t_1934eacab8c57857____c4_0____4_fair.csv;t_1934eacab8c57857____c8_0____3__t_1934eacab8c57857____c2_1____0_fair.csv;t_1934eacab8c57857____c8_0____3__t_1934eacab8c57857____c11_0____4_fair.csv;t_1934eacab8c57857____c8_0____3__t_1934eacab8c57857____c10_1____3_fair.csv;t_1934eacab8c57857____c8_0____3.csv;t_1934eacab8c57857____c6_0____4.csv;t_1934eacab8c57857____c6_0____3__t_1934eacab8c57857____c4_0____4_fair.csv;t_1934eacab8c57857____c6_0____3__t_1934eacab8c57857____c15_1____3_fair.csv;t_1934eacab8c57857____c6_0____3__t_1934eacab8c57857____c15_1____0_fair.csv;t_1934eacab8c57857____c4_0____2.csv;t_1934eacab8c57857____c6_0____2.csv;t_1934eacab8c57857____c6_0____4__t_1934eacab8c57857____c4_0____4_fair.csv;t_1934eacab8c57857____c6_0____4__t_1934eacab8c57857____c15_1____3_fair.csv;t_1934eacab8c57857____c6_0____4__t_1934eacab8c57857____c15_1____0_fair.csv;t_1934eacab8c57857____c6_1____3.csv;t_1934eacab8c57857____c6_0____2__t_1934eacab8c57857____c4_0____4_fair.csv;t_ece0594e0480a1ed____c4_0____3.csv,"{""needs_fairification"": true, ""success"": false, ""swaps_made"": 2, ""initial_fairness"": 0.0867, ""initial_delta"": 0.31, ""dominated_removed_count"": 143, ""dominance_candidate_pool_size"": 146, ""candidates_after_winnow"": 1}"
tusSmall3,nl,t_1934eacab8c57857____c11_0____4_fair.csv,5,590,106,5,False,0.267,1.0,0.00847457627118644,0.00847457627118644,51.38440191745758,51.38440191745758,t_1934eacab8c57857____c13_0____4__t_1934eacab8c57857____c2_1____0_fair.csv;t_1934eacab8c57857____c13_0____4__t_1934eacab8c57857____c15_1____3_fair.csv;t_1934eacab8c57857____c13_0____4__t_1934eacab8c57857____c15_1____0_fair.csv;t_1934eacab8c57857____c13_0____4__t_1934eacab8c57857____c11_0____4_fair.csv;t_1934eacab8c57857____c11_0____3__t_1934eacab8c57857____c11_0____4_fair.csv,"{""needs_fairification"": true, ""success"": false, ""swaps_made"": 2, ""initial_fairness"": 0.1568, ""initial_delta"": 0.24, ""dominated_removed_count"": 99, ""dominance_candidate_pool_size"": 101, ""candidates_after_winnow"": 0}"
tusSmall3,nl,t_1934eacab8c57857____c11_0____4_fair.csv,10,590,106,10,False,0.1652,1.0,0.01694915254237288,0.01694915254237288,102.79881936311722,102.79881936311722,t_1934eacab8c57857____c13_0____4__t_1934eacab8c57857____c4_0____4_fair.csv;t_1934eacab8c57857____c13_0____4__t_1934eacab8c57857____c2_1____0_fair.csv;t_1934eacab8c57857____c13_0____4__t_1934eacab8c57857____c15_1____3_fair.csv;t_1934eacab8c57857____c13_0____4__t_1934eacab8c57857____c15_1____0_fair.csv;t_1934eacab8c57857____c13_0____4__t_1934eacab8c57857____c12_0____1_fair.csv;t_1934eacab8c57857____c13_0____4__t_1934eacab8c57857____c11_0____4_fair.csv;t_1934eacab8c57857____c13_0____4__t_1934eacab8c57857____c10_1____3_fair.csv;t_1934eacab8c57857____c13_1____4__t_1934eacab8c57857____c4_0____4_fair.csv;t_1934eacab8c57857____c13_1____4__t_1934eacab8c57857____c15_1____3_fair.csv;t_1934eacab8c57857____c11_0____3__t_1934eacab8c57857____c11_0____4_fair.csv,"{""needs_fairification"": true, ""success"": false, ""swaps_made"": 1, ""initial_fairness"": 0.1338, ""initial_delta"": 0.27, ""dominated_removed_count"": 92, ""dominance_candidate_pool_size"": 96, ""candidates_after_winnow"": 3}"
tusSmall3,nl,t_1934eacab8c57857____c11_0____4_fair.csv,20,590,106,20,False,0.0953,0.95,0.03220338983050847,0.03389830508474576,205.20128148794174,205.20128148794174,t_1934eacab8c57857____c13_0____4.csv;t_1934eacab8c57857____c13_0____4__t_1934eacab8c57857____c4_0____4_fair.csv;t_1934eacab8c57857____c13_0____4__t_1934eacab8c57857____c2_1____0_fair.csv;t_1934eacab8c57857____c13_0____4__t_1934eacab8c57857____c15_1____3_fair.csv;t_1934eacab8c57857____c13_0____4__t_1934eacab8c57857____c15_1____0_fair.csv;t_1934eacab8c57857____c13_0____4__t_1934eacab8c57857____c12_0____1_fair.csv;t_1934eacab8c57857____c13_0____4__t_1934eacab8c57857____c11_0____4_fair.csv;t_1934eacab8c57857____c13_0____4__t_1934eacab8c57857____c10_1____3_fair.csv;t_1934eacab8c57857____c13_1____4__t_1934eacab8c57857____c4_0____4_fair.csv;t_1934eacab8c57857____c13_1____4__t_1934eacab8c57857____c15_1____3_fair.csv;t_1934eacab8c57857____c13_1____4__t_1934eacab8c57857____c15_1____0_fair.csv;t_1934eacab8c57857____c13_1____4__t_1934eacab8c57857____c12_0____1_fair.csv;t_1934eacab8c57857____c13_1____4__t_1934eacab8c57857____c11_0____4_fair.csv;t_1934eacab8c57857____c13_1____4__t_1934eacab8c57857____c10_1____3_fair.csv;t_1934eacab8c57857____c11_0____3__t_1934eacab8c57857____c4_0____4_fair.csv;t_1934eacab8c57857____c11_0____3__t_1934eacab8c57857____c15_1____3_fair.csv;t_1934eacab8c57857____c11_0____3__t_1934eacab8c57857____c11_0____4_fair.csv;t_1934eacab8c57857____c13_1____4.csv;t_1934eacab8c57857____c11_0____3.csv;t_1934eacab8c57857____c12_1____4.csv,"{""needs_fairification"": true, ""success"": false, ""swaps_made"": 0, ""initial_fairness"": 0.0953, ""initial_delta"": 0.3, ""dominated_removed_count"": 80, ""dominance_candidate_pool_size"": 86, ""candidates_after_winnow"": 6}"
tusSmall3,nl,t_1f6b65ebc2ab3ed3____c1_0____0_fair.csv,5,137,407,5,True,0.3184,1.0,0.0364963503649635,0.0364963503649635,4.227047681808472,4.227047681808472,t_1f6b65ebc2ab3ed3____c1_0____4__t_1f6b65ebc2ab3ed3____c3_1____0_fair.csv;t_1f6b65ebc2ab3ed3____c1_0____4__t_1f6b65ebc2ab3ed3____c1_0____3_fair.csv;t_1f6b65ebc2ab3ed3____c1_0____4__t_1f6b65ebc2ab3ed3____c1_0____2_fair.csv;t_1f6b65ebc2ab3ed3____c3_0____1__t_1f6b65ebc2ab3ed3____c1_0____0_fair.csv;t_1f6b65ebc2ab3ed3____c3_0____0__t_1f6b65ebc2ab3ed3____c3_1____0_fair.csv,"{""needs_fairification"": true, ""success"": true, ""swaps_made"": 2, ""initial_fairness"": 0.2031, ""initial_delta"": 0.2, ""dominated_removed_count"": 393, ""dominance_candidate_pool_size"": 402, ""candidates_after_winnow"": 7}"
tusSmall3,nl,t_1f6b65ebc2ab3ed3____c1_0____0_fair.csv,10,137,407,10,True,0.3093,1.0,0.072992700729927,0.072992700729927,8.836661875247955,8.836661875247955,t_1f6b65ebc2ab3ed3____c1_0____4__t_1f6b65ebc2ab3ed3____c3_1____0_fair.csv;t_1f6b65ebc2ab3ed3____c1_0____4__t_1f6b65ebc2ab3ed3____c1_0____2_fair.csv;t_1f6b65ebc2ab3ed3____c1_0____4__t_1f6b65ebc2ab3ed3____c1_0____0_fair.csv;t_1f6b65ebc2ab3ed3____c1_0____1__t_1f6b65ebc2ab3ed3____c4_0____1_fair.csv;t_1f6b65ebc2ab3ed3____c1_0____1__t_1f6b65ebc2ab3ed3____c3_1____0_fair.csv;t_1f6b65ebc2ab3ed3____c1_0____1__t_1f6b65ebc2ab3ed3____c2_0____4_fair.csv;t_1f6b65ebc2ab3ed3____c1_0____1__t_1f6b65ebc2ab3ed3____c1_0____3_fair.csv;t_1f6b65ebc2ab3ed3____c3_0____1__t_1f6b65ebc2ab3ed3____c1_0____0_fair.csv;t_1f6b65ebc2ab3ed3____c4_0____3__t_1f6b65ebc2ab3ed3____c3_1____0_fair.csv;t_1f6b65ebc2ab3ed3____c3_0____0__t_1f6b65ebc2ab3ed3____c3_1____0_fair.csv,"{""needs_fairification"": true, ""success"": true, ""swaps_made"": 3, ""initial_fairness"": 0.2149, ""initial_delta"": 0.19, ""dominated_removed_count"": 383, ""dominance_candidate_pool_size"": 397, ""candidates_after_winnow"": 11}"
tusSmall3,nl,t_1f6b65ebc2ab3ed3____c1_0____0_fair.csv,20,137,407,20,True,0.2959,0.65,0.0948905109489051,0.145985401459854,15.900173485279083,15.900173485279083,t_1f6b65ebc2ab3ed3____c1_0____4__t_1f6b65ebc2ab3ed3____c3_1____0_fair.csv;t_1f6b65ebc2ab3ed3____c1_0____4__t_1f6b65ebc2ab3ed3____c1_0____0_fair.csv;t_1f6b65ebc2ab3ed3____c1_0____1__t_1f6b65ebc2ab3ed3____c3_1____0_fair.csv;t_1f6b65ebc2ab3ed3____c1_0____1__t_1f6b65ebc2ab3ed3____c1_0____0_fair.csv;t_93f3d6f7fc6aa6ff____c1_0____0__t_93f3d6f7fc6aa6ff____c11_1____3_fair.csv;t_67c3f7ce5eab8804____c1_0____1__t_67c3f7ce5eab8804____c4_1____1_fair.csv;t_67c3f7ce5eab8804____c1_0____1__t_67c3f7ce5eab8804____c15_0____3_fair.csv;t_93f3d6f7fc6aa6ff____c1_1____3.csv;t_93f3d6f7fc6aa6ff____c1_1____2.csv;t_93f3d6f7fc6aa6ff____c1_0____2__t_93f3d6f7fc6aa6ff____c11_1____3_fair.csv;t_93f3d6f7fc6aa6ff____c1_1____0.csv;t_1f6b65ebc2ab3ed3____c4_0____0__t_1f6b65ebc2ab3ed3____c1_0____0_fair.csv;t_1f6b65ebc2ab3ed3____c3_0____1__t_1f6b65ebc2ab3ed3____c3_1____0_fair.csv;t_1f6b65ebc2ab3ed3____c3_0____1__t_1f6b65ebc2ab3ed3____c1_0____0_fair.csv;t_1f6b65ebc2ab3ed3____c4_0____3__t_1f6b65ebc2ab3ed3____c3_1____0_fair.csv;t_1f6b65ebc2ab3ed3____c4_0____3__t_1f6b65ebc2ab3ed3____c1_0____0_fair.csv;t_1f6b65ebc2ab3ed3____c4_0____4__t_1f6b65ebc2ab3ed3____c3_1____0_fair.csv;t_1f6b65ebc2ab3ed3____c4_0____4__t_1f6b65ebc2ab3ed3____c1_0____0_fair.csv;t_1f6b65ebc2ab3ed3____c3_0____2__t_1f6b65ebc2ab3ed3____c1_0____0_fair.csv;t_1f6b65ebc2ab3ed3____c3_0____0__t_1f6b65ebc2ab3ed3____c3_1____0_fair.csv,"{""needs_fairification"": true, ""success"": true, ""swaps_made"": 9, ""initial_fairness"": 0.1391, ""initial_delta"": 0.26, ""dominated_removed_count"": 370, ""dominance_candidate_pool_size"": 387, ""candidates_after_winnow"": 8}"
tusSmall3,nl,t_1934eacab8c57857____c11_1____1_fair.csv,5,553,84,5,False,0.2496,0.6,0.0054249547920434,0.009041591320072333,48.93950319290161,48.93950319290161,t_1934eacab8c57857____c13_1____1__t_1934eacab8c57857____c11_0____4_fair.csv;t_1934eacab8c57857____c13_1____1.csv;t_1934eacab8c57857____c16_1____0__t_1934eacab8c57857____c11_1____1_fair.csv;t_1934eacab8c57857____c18_1____1.csv;t_1934eacab8c57857____c18_1____1__t_1934eacab8c57857____c11_1____1_fair.csv,"{""needs_fairification"": true, ""success"": false, ""swaps_made"": 4, ""initial_fairness"": 0.0663, ""initial_delta"": 0.33, ""dominated_removed_count"": 74, ""dominance_candidate_pool_size"": 79, ""candidates_after_winnow"": 1}"
tusSmall3,nl,t_1934eacab8c57857____c11_1____1_fair.csv,10,553,84,10,False,0.1286,0.5,0.009041591320072333,0.018083182640144666,98.81033128499985,98.81033128499985,t_1934eacab8c57857____c13_1____1__t_1934eacab8c57857____c15_1____0_fair.csv;t_1934eacab8c57857____c13_1____1__t_1934eacab8c57857____c12_0____1_fair.csv;t_1934eacab8c57857____c13_1____1__t_1934eacab8c57857____c11_0____4_fair.csv;t_1934eacab8c57857____c13_1____1__t_1934eacab8c57857____c10_1____3_fair.csv;t_1934eacab8c57857____c13_1____1.csv;t_1934eacab8c57857____c16_1____0__t_1934eacab8c57857____c4_0____4_fair.csv;t_1934eacab8c57857____c16_1____0__t_1934eacab8c57857____c2_1____0_fair.csv;t_1934eacab8c57857____c16_1____0__t_1934eacab8c57857____c19_0____4_fair.csv;t_1934eacab8c57857____c16_1____0__t_1934eacab8c57857____c11_1____1_fair.csv;t_1934eacab8c57857____c18_1____1__t_1934eacab8c57857____c11_1____1_fair.csv,"{""needs_fairification"": true, ""success"": false, ""swaps_made"": 2, ""initial_fairness"": 0.0395, ""initial_delta"": 0.36, ""dominated_removed_count"": 71, ""dominance_candidate_pool_size"": 74, ""candidates_after_winnow"": 1}"
tusSmall3,nl,t_1934eacab8c57857____c11_1____1_fair.csv,20,553,84,20,False,0.0675,0.5,0.018083182640144666,0.03616636528028933,197.27375489473343,197.27375489473343,t_1934eacab8c57857____c13_1____1__t_1934eacab8c57857____c15_1____3_fair.csv;t_1934eacab8c57857____c13_1____1__t_1934eacab8c57857____c15_1____0_fair.csv;t_1934eacab8c57857____c13_1____1__t_1934eacab8c57857____c12_0____1_fair.csv;t_1934eacab8c57857____c13_1____1__t_1934eacab8c57857____c11_0____4_fair.csv;t_1934eacab8c57857____c13_1____1__t_1934eacab8c57857____c10_1____3_fair.csv;t_1934eacab8c57857____c13_1____1.csv;t_1934eacab8c57857____c16_1____0__t_1934eacab8c57857____c4_0____4_fair.csv;t_1934eacab8c57857____c16_1____0__t_1934eacab8c57857____c2_1____0_fair.csv;t_1934eacab8c57857____c16_1____0__t_1934eacab8c57857____c19_0____4_fair.csv;t_1934eacab8c57857____c16_1____0__t_1934eacab8c57857____c15_1____3_fair.csv;t_1934eacab8c57857____c16_1____0__t_1934eacab8c57857____c15_1____0_fair.csv;t_1934eacab8c57857____c16_1____0__t_1934eacab8c57857____c12_0____1_fair.csv;t_1934eacab8c57857____c16_1____0__t_1934eacab8c57857____c11_1____1_fair.csv;t_1934eacab8c57857____c16_1____0__t_1934eacab8c57857____c11_0____4_fair.csv;t_1934eacab8c57857____c16_1____0.csv;t_1934eacab8c57857____c13_0____1__t_1934eacab8c57857____c4_0____4_fair.csv;t_1934eacab8c57857____c13_0____1__t_1934eacab8c57857____c2_1____0_fair.csv;t_1934eacab8c57857____c13_0____1__t_1934eacab8c57857____c15_1____3_fair.csv;t_1934eacab8c57857____c13_0____1__t_1934eacab8c57857____c15_1____0_fair.csv;t_1934eacab8c57857____c18_1____1__t_1934eacab8c57857____c11_1____1_fair.csv,"{""needs_fairification"": true, ""success"": false, ""swaps_made"": 1, ""initial_fairness"": 0.0443, ""initial_delta"": 0.36, ""dominated_removed_count"": 60, ""dominance_candidate_pool_size"": 64, ""candidates_after_winnow"": 3}"
tusSmall3,nl,t_1f6b65ebc2ab3ed3____c1_0____2_fair.csv,5,137,409,5,True,0.3195,1.0,0.0364963503649635,0.0364963503649635,4.231315195560455,4.231315195560455,t_1f6b65ebc2ab3ed3____c1_0____1__t_1f6b65ebc2ab3ed3____c2_0____4_fair.csv;t_1f6b65ebc2ab3ed3____c1_0____1__t_1f6b65ebc2ab3ed3____c1_0____3_fair.csv;t_1f6b65ebc2ab3ed3____c1_0____1__t_1f6b65ebc2ab3ed3____c1_0____2_fair.csv;t_1f6b65ebc2ab3ed3____c3_0____1__t_1f6b65ebc2ab3ed3____c1_0____2_fair.csv;t_1f6b65ebc2ab3ed3____c4_0____3__t_1f6b65ebc2ab3ed3____c1_0____2_fair.csv,"{""needs_fairification"": true, ""success"": true, ""swaps_made"": 2, ""initial_fairness"": 0.2037, ""initial_delta"": 0.2, ""dominated_removed_count"": 396, ""dominance_candidate_pool_size"": 402, ""candidates_after_winnow"": 4}"
tusSmall3,nl,t_1f6b65ebc2ab3ed3____c1_0____2_fair.csv,10,137,409,10,False,0.278,1.0,0.072992700729927,0.072992700729927,8.861559689044952,8.861559689044952,t_1f6b65ebc2ab3ed3____c1_0____1__t_1f6b65ebc2ab3ed3____c1_0____2_fair.csv;t_1f6b65ebc2ab3ed3____c1_0____1__t_1f6b65ebc2ab3ed3____c1_0____0_fair.csv;t_1f6b65ebc2ab3ed3____c1_0____4__t_1f6b65ebc2ab3ed3____c4_0____1_fair.csv;t_1f6b65ebc2ab3ed3____c1_0____4__t_1f6b65ebc2ab3ed3____c3_1____0_fair.csv;t_1f6b65ebc2ab3ed3____c1_0____4__t_1f6b65ebc2ab3ed3____c2_0____4_fair.csv;t_1f6b65ebc2ab3ed3____c1_0____4__t_1f6b65ebc2ab3ed3____c1_0____3_fair.csv;t_1f6b65ebc2ab3ed3____c1_0____4__t_1f6b65ebc2ab3ed3____c1_0____2_fair.csv;t_1f6b65ebc2ab3ed3____c4_0____0__t_1f6b65ebc2ab3ed3____c1_0____2_fair.csv;t_1f6b65ebc2ab3ed3____c3_0____1__t_1f6b65ebc2ab3ed3____c1_0____2_fair.csv;t_1f6b65ebc2ab3ed3____c4_0____3__t_1f6b65ebc2ab3ed3____c1_0____2_fair.csv,"{""needs_fairification"": true, ""success"": false, ""swaps_made"": 4, ""initial_fairness"": 0.1565, ""initial_delta"": 0.24, ""dominated_removed_count"": 392, ""dominance_candidate_pool_size"": 397, ""candidates_after_winnow"": 1}"
tusSmall3,nl,t_1f6b65ebc2ab3ed3____c1_0____2_fair.csv,20,137,409,20,False,0.1765,0.7,0.10218978102189781,0.145985401459854,17.640984654426575,17.640984654426575,t_1f6b65ebc2ab3ed3____c1_0____1__t_1f6b65ebc2ab3ed3____c1_0____3_fair.csv;t_1f6b65ebc2ab3ed3____c1_0____1__t_1f6b65ebc2ab3ed3____c1_0____2_fair.csv;t_1f6b65ebc2ab3ed3____c1_0____1__t_1f6b65ebc2ab3ed3____c1_0____0_fair.csv;t_1f6b65ebc2ab3ed3____c1_0____4__t_1f6b65ebc2ab3ed3____c4_0____1_fair.csv;t_1f6b65ebc2ab3ed3____c1_0____4__t_1f6b65ebc2ab3ed3____c3_1____0_fair.csv;t_1f6b65ebc2ab3ed3____c1_0____4__t_1f6b65ebc2ab3ed3____c2_0____4_fair.csv;t_1f6b65ebc2ab3ed3____c1_0____4__t_1f6b65ebc2ab3ed3____c1_0____3_fair.csv;t_1f6b65ebc2ab3ed3____c1_0____4__t_1f6b65ebc2ab3ed3____c1_0____2_fair.csv;t_1f6b65ebc2ab3ed3____c1_0____4__t_1f6b65ebc2ab3ed3____c1_0____0_fair.csv;t_67c3f7ce5eab8804____c1_0____1__t_67c3f7ce5eab8804____c4_1____1_fair.csv;t_67c3f7ce5eab8804____c1_0____1__t_67c3f7ce5eab8804____c15_0____3_fair.csv;t_93f3d6f7fc6aa6ff____c1_1____3.csv;t_93f3d6f7fc6aa6ff____c1_1____2.csv;t_93f3d6f7fc6aa6ff____c1_0____2__t_93f3d6f7fc6aa6ff____c11_1____3_fair.csv;t_93f3d6f7fc6aa6ff____c1_0____0.csv;t_1f6b65ebc2ab3ed3____c1_0____1.csv;t_1f6b65ebc2ab3ed3____c1_0____4.csv;t_1f6b65ebc2ab3ed3____c4_0____0__t_1f6b65ebc2ab3ed3____c1_0____2_fair.csv;t_1f6b65ebc2ab3ed3____c3_0____1__t_1f6b65ebc2ab3ed3____c1_0____2_fair.csv;t_1f6b65ebc2ab3ed3____c4_0____3__t_1f6b65ebc2ab3ed3____c1_0____2_fair.csv,"{""needs_fairification"": true, ""success"": false, ""swaps_made"": 5, ""initial_fairness"": 0.1081, ""initial_delta"": 0.29, ""dominated_removed_count"": 379, ""dominance_candidate_pool_size"": 387, ""candidates_after_winnow"": 3}"
tusSmall3,nl,t_1f6b65ebc2ab3ed3____c2_0____3_fair.csv,5,98,387,5,True,0.3077,1.0,0.05102040816326531,0.05102040816326531,8.830322086811066,8.830322086811066,t_1f6b65ebc2ab3ed3____c2_0____0__t_1f6b65ebc2ab3ed3____c2_0____4_fair.csv;t_1f6b65ebc2ab3ed3____c2_0____0__t_1f6b65ebc2ab3ed3____c2_0____3_fair.csv;t_1f6b65ebc2ab3ed3____c2_0____0__t_1f6b65ebc2ab3ed3____c1_0____3_fair.csv;t_1f6b65ebc2ab3ed3____c3_1____2__t_1f6b65ebc2ab3ed3____c2_0____3_fair.csv;t_1f6b65ebc2ab3ed3____c3_1____4__t_1f6b65ebc2ab3ed3____c2_0____3_fair.csv,"{""needs_fairification"": true, ""success"": true, ""swaps_made"": 2, ""initial_fairness"": 0.1842, ""initial_delta"": 0.22, ""dominated_removed_count"": 295, ""dominance_candidate_pool_size"": 301, ""candidates_after_winnow"": 4}"
tusSmall3,nl,t_1f6b65ebc2ab3ed3____c2_0____3_fair.csv,10,98,387,10,True,0.3115,1.0,0.10204081632653061,0.10204081632653061,17.976707637310028,17.976707637310028,t_1f6b65ebc2ab3ed3____c2_0____0__t_1f6b65ebc2ab3ed3____c2_0____3_fair.csv;t_1f6b65ebc2ab3ed3____c2_0____0__t_1f6b65ebc2ab3ed3____c1_0____0_fair.csv;t_1f6b65ebc2ab3ed3____c2_0____2__t_1f6b65ebc2ab3ed3____c4_0____1_fair.csv;t_1f6b65ebc2ab3ed3____c2_0____2__t_1f6b65ebc2ab3ed3____c3_1____0_fair.csv;t_1f6b65ebc2ab3ed3____c2_0____2__t_1f6b65ebc2ab3ed3____c2_0____4_fair.csv;t_1f6b65ebc2ab3ed3____c2_0____2__t_1f6b65ebc2ab3ed3____c2_0____3_fair.csv;t_1f6b65ebc2ab3ed3____c2_0____1__t_1f6b65ebc2ab3ed3____c2_0____3_fair.csv;t_1f6b65ebc2ab3ed3____c3_1____2__t_1f6b65ebc2ab3ed3____c2_0____3_fair.csv;t_1f6b65ebc2ab3ed3____c3_1____3__t_1f6b65ebc2ab3ed3____c2_0____3_fair.csv;t_1f6b65ebc2ab3ed3____c3_1____4__t_1f6b65ebc2ab3ed3____c2_0____3_fair.csv,"{""needs_fairification"": true, ""success"": true, ""swaps_made"": 5, ""initial_fairness"": 0.138, ""initial_delta"": 0.26, ""dominated_removed_count"": 291, ""dominance_candidate_pool_size"": 296, ""candidates_after_winnow"": 0}"
tusSmall3,nl,t_1f6b65ebc2ab3ed3____c2_0____3_fair.csv,20,98,387,20,False,0.2806,0.95,0.19387755102040816,0.20408163265306123,36.688187062740326,36.688187062740326,t_1f6b65ebc2ab3ed3____c2_0____0__t_1f6b65ebc2ab3ed3____c2_0____3_fair.csv;t_1f6b65ebc2ab3ed3____c2_0____2__t_1f6b65ebc2ab3ed3____c4_0____1_fair.csv;t_1f6b65ebc2ab3ed3____c2_0____2__t_1f6b65ebc2ab3ed3____c3_1____0_fair.csv;t_1f6b65ebc2ab3ed3____c2_0____2__t_1f6b65ebc2ab3ed3____c2_0____4_fair.csv;t_1f6b65ebc2ab3ed3____c2_0____2__t_1f6b65ebc2ab3ed3____c2_0____3_fair.csv;t_1f6b65ebc2ab3ed3____c2_0____2__t_1f6b65ebc2ab3ed3____c1_0____3_fair.csv;t_1f6b65ebc2ab3ed3____c2_0____2__t_1f6b65ebc2ab3ed3____c1_0____2_fair.csv;t_1f6b65ebc2ab3ed3____c2_0____2__t_1f6b65ebc2ab3ed3____c1_0____0_fair.csv;t_1f6b65ebc2ab3ed3____c2_0____1__t_1f6b65ebc2ab3ed3____c4_0____1_fair.csv;t_1f6b65ebc2ab3ed3____c2_0____1__t_1f6b65ebc2ab3ed3____c3_1____0_fair.csv;t_1f6b65ebc2ab3ed3____c2_0____1__t_1f6b65ebc2ab3ed3____c2_0____4_fair.csv;t_1f6b65ebc2ab3ed3____c2_0____1__t_1f6b65ebc2ab3ed3____c2_0____3_fair.csv;t_1f6b65ebc2ab3ed3____c2_0____1__t_1f6b65ebc2ab3ed3____c1_0____3_fair.csv;t_1f6b65ebc2ab3ed3____c2_0____1__t_1f6b65ebc2ab3ed3____c1_0____2_fair.csv;t_1f6b65ebc2ab3ed3____c2_0____1__t_1f6b65ebc2ab3ed3____c1_0____0_fair.csv;t_ca85e8f9eef5b9d5____c2_1____0.csv;t_1f6b65ebc2ab3ed3____c3_1____1__t_1f6b65ebc2ab3ed3____c2_0____3_fair.csv;t_1f6b65ebc2ab3ed3____c3_1____2__t_1f6b65ebc2ab3ed3____c2_0____3_fair.csv;t_1f6b65ebc2ab3ed3____c3_1____3__t_1f6b65ebc2ab3ed3____c2_0____3_fair.csv;t_1f6b65ebc2ab3ed3____c3_1____4__t_1f6b65ebc2ab3ed3____c2_0____3_fair.csv,"{""needs_fairification"": true, ""success"": false, ""swaps_made"": 6, ""initial_fairness"": 0.1873, ""initial_delta"": 0.21, ""dominated_removed_count"": 279, ""dominance_candidate_pool_size"": 286, ""candidates_after_winnow"": 1}"
tusSmall3,nl,t_1f6b65ebc2ab3ed3____c1_0____3_fair.csv,5,137,405,5,True,0.3168,1.0,0.0364963503649635,0.0364963503649635,4.215115487575531,4.215115487575531,t_1f6b65ebc2ab3ed3____c1_0____1__t_1f6b65ebc2ab3ed3____c2_0____4_fair.csv;t_1f6b65ebc2ab3ed3____c1_0____1__t_1f6b65ebc2ab3ed3____c1_0____3_fair.csv;t_1f6b65ebc2ab3ed3____c1_0____1__t_1f6b65ebc2ab3ed3____c1_0____2_fair.csv;t_1f6b65ebc2ab3ed3____c4_0____3__t_1f6b65ebc2ab3ed3____c1_0____3_fair.csv;t_1f6b65ebc2ab3ed3____c3_0____0__t_1f6b65ebc2ab3ed3____c1_0____3_fair.csv,"{""needs_fairification"": true, ""success"": true, ""swaps_made"": 2, ""initial_fairness"": 0.2066, ""initial_delta"": 0.19, ""dominated_removed_count"": 369, ""dominance_candidate_pool_size"": 378, ""candidates_after_winnow"": 7}"
tusSmall3,nl,t_1f6b65ebc2ab3ed3____c1_0____3_fair.csv,10,137,405,10,True,0.3039,1.0,0.072992700729927,0.072992700729927,8.447861015796661,8.447861015796661,t_1f6b65ebc2ab3ed3____c1_0____1__t_1f6b65ebc2ab3ed3____c1_0____3_fair.csv;t_1f6b65ebc2ab3ed3____c1_0____1__t_1f6b65ebc2ab3ed3____c1_0____0_fair.csv;t_1f6b65ebc2ab3ed3____c1_0____4__t_1f6b65ebc2ab3ed3____c4_0____1_fair.csv;t_1f6b65ebc2ab3ed3____c1_0____4__t_1f6b65ebc2ab3ed3____c3_1____0_fair.csv;t_1f6b65ebc2ab3ed3____c1_0____4__t_1f6b65ebc2ab3ed3____c2_0____4_fair.csv;t_1f6b65ebc2ab3ed3____c1_0____4__t_1f6b65ebc2ab3ed3____c1_0____3_fair.csv;t_1f6b65ebc2ab3ed3____c4_0____0__t_1f6b65ebc2ab3ed3____c1_0____3_fair.csv;t_1f6b65ebc2ab3ed3____c4_0____3__t_1f6b65ebc2ab3ed3____c1_0____3_fair.csv;t_1f6b65ebc2ab3ed3____c3_0____2__t_1f6b65ebc2ab3ed3____c1_0____3_fair.csv;t_1f6b65ebc2ab3ed3____c3_0____0__t_1f6b65ebc2ab3ed3____c1_0____3_fair.csv,"{""needs_fairification"": true, ""success"": true, ""swaps_made"": 4, ""initial_fairness"": 0.185, ""initial_delta"": 0.22, ""dominated_removed_count"": 363, ""dominance_candidate_pool_size"": 373, ""candidates_after_winnow"": 6}"
tusSmall3,nl,t_1f6b65ebc2ab3ed3____c1_0____3_fair.csv,20,137,405,20,False,0.1952,0.6,0.08759124087591241,0.145985401459854,16.990553498268127,16.990553498268127,t_1f6b65ebc2ab3ed3____c1_0____1__t_1f6b65ebc2ab3ed3____c1_0____3_fair.csv;t_1f6b65ebc2ab3ed3____c1_0____4__t_1f6b65ebc2ab3ed3____c3_1____0_fair.csv;t_1f6b65ebc2ab3ed3____c1_0____4__t_1f6b65ebc2ab3ed3____c2_0____4_fair.csv;t_1f6b65ebc2ab3ed3____c1_0____4__t_1f6b65ebc2ab3ed3____c1_0____3_fair.csv;t_1f6b65ebc2ab3ed3____c1_0____4__t_1f6b65ebc2ab3ed3____c1_0____2_fair.csv;t_1f6b65ebc2ab3ed3____c1_0____4__t_1f6b65ebc2ab3ed3____c1_0____0_fair.csv;t_93f3d6f7fc6aa6ff____c1_0____3__t_93f3d6f7fc6aa6ff____c11_1____3_fair.csv;t_93f3d6f7fc6aa6ff____c1_0____0__t_93f3d6f7fc6aa6ff____c11_1____3_fair.csv;t_93f3d6f7fc6aa6ff____c1_1____3.csv;t_67c3f7ce5eab8804____c1_0____1__t_67c3f7ce5eab8804____c4_1____1_fair.csv;t_67c3f7ce5eab8804____c1_0____1__t_67c3f7ce5eab8804____c15_0____3_fair.csv;t_93f3d6f7fc6aa6ff____c1_1____2.csv;t_93f3d6f7fc6aa6ff____c1_0____0.csv;t_93f3d6f7fc6aa6ff____c1_1____0.csv;t_1f6b65ebc2ab3ed3____c1_0____1.csv;t_1f6b65ebc2ab3ed3____c4_0____0__t_1f6b65ebc2ab3ed3____c1_0____3_fair.csv;t_1f6b65ebc2ab3ed3____c3_0____1__t_1f6b65ebc2ab3ed3____c1_0____3_fair.csv;t_1f6b65ebc2ab3ed3____c4_0____3__t_1f6b65ebc2ab3ed3____c1_0____3_fair.csv;t_1f6b65ebc2ab3ed3____c3_0____2__t_1f6b65ebc2ab3ed3____c1_0____3_fair.csv;t_1f6b65ebc2ab3ed3____c3_0____0__t_1f6b65ebc2ab3ed3____c1_0____3_fair.csv,"{""needs_fairification"": true, ""success"": false, ""swaps_made"": 6, ""initial_fairness"": 0.1107, ""initial_delta"": 0.29, ""dominated_removed_count"": 353, ""dominance_candidate_pool_size"": 363, ""candidates_after_winnow"": 4}"
tusSmall3,nl,t_1934eacab8c57857____c12_0____1_fair.csv,5,641,72,5,False,0.2255,1.0,0.0078003120124804995,0.0078003120124804995,55.91656285524368,55.91656285524368,t_1934eacab8c57857____c13_1____1__t_1934eacab8c57857____c12_0____1_fair.csv;t_1934eacab8c57857____c13_1____1__t_1934eacab8c57857____c11_0____4_fair.csv;t_1934eacab8c57857____c13_1____1.csv;t_1934eacab8c57857____c14_0____1__t_1934eacab8c57857____c12_0____1_fair.csv;t_1934eacab8c57857____c12_0____2__t_1934eacab8c57857____c12_0____1_fair.csv,"{""needs_fairification"": true, ""success"": false, ""swaps_made"": 3, ""initial_fairness"": 0.0638, ""initial_delta"": 0.34, ""dominated_removed_count"": 63, ""dominance_candidate_pool_size"": 67, ""candidates_after_winnow"": 1}"
tusSmall3,nl,t_1934eacab8c57857____c12_0____1_fair.csv,10,641,72,10,False,0.1381,1.0,0.015600624024960999,0.015600624024960999,112.00892651081085,112.00892651081085,t_1934eacab8c57857____c13_1____1__t_1934eacab8c57857____c15_1____0_fair.csv;t_1934eacab8c57857____c13_1____1__t_1934eacab8c57857____c12_0____1_fair.csv;t_1934eacab8c57857____c13_1____1__t_1934eacab8c57857____c11_0____4_fair.csv;t_1934eacab8c57857____c13_1____1__t_1934eacab8c57857____c10_1____3_fair.csv;t_1934eacab8c57857____c13_1____1.csv;t_1934eacab8c57857____c14_1____1.csv;t_1934eacab8c57857____c14_0____1__t_1934eacab8c57857____c4_0____4_fair.csv;t_1934eacab8c57857____c14_0____1__t_1934eacab8c57857____c19_0____4_fair.csv;t_1934eacab8c57857____c14_0____1__t_1934eacab8c57857____c12_0____1_fair.csv;t_1934eacab8c57857____c12_0____2__t_1934eacab8c57857____c12_0____1_fair.csv,"{""needs_fairification"": true, ""success"": false, ""swaps_made"": 2, ""initial_fairness"": 0.0517, ""initial_delta"": 0.35, ""dominated_removed_count"": 60, ""dominance_candidate_pool_size"": 62, ""candidates_after_winnow"": 0}"
tusSmall3,nl,t_1934eacab8c57857____c12_0____1_fair.csv,20,641,72,20,False,0.0855,1.0,0.031201248049921998,0.031201248049921998,222.54439395666122,222.54439395666122,t_1934eacab8c57857____c13_1____1__t_1934eacab8c57857____c15_1____3_fair.csv;t_1934eacab8c57857____c13_1____1__t_1934eacab8c57857____c15_1____0_fair.csv;t_1934eacab8c57857____c13_1____1__t_1934eacab8c57857____c12_0____1_fair.csv;t_1934eacab8c57857____c13_1____1__t_1934eacab8c57857____c11_0____4_fair.csv;t_1934eacab8c57857____c13_1____1__t_1934eacab8c57857____c10_1____3_fair.csv;t_1934eacab8c57857____c13_1____1.csv;t_1934eacab8c57857____c14_1____1.csv;t_1934eacab8c57857____c14_0____1__t_1934eacab8c57857____c4_0____4_fair.csv;t_1934eacab8c57857____c14_0____1__t_1934eacab8c57857____c19_0____4_fair.csv;t_1934eacab8c57857____c14_0____1__t_1934eacab8c57857____c15_1____3_fair.csv;t_1934eacab8c57857____c14_0____1__t_1934eacab8c57857____c12_0____1_fair.csv;t_1934eacab8c57857____c14_0____1__t_1934eacab8c57857____c11_1____1_fair.csv;t_1934eacab8c57857____c14_0____1__t_1934eacab8c57857____c11_0____4_fair.csv;t_1934eacab8c57857____c14_0____1__t_1934eacab8c57857____c10_1____3_fair.csv;t_1934eacab8c57857____c18_1____1__t_1934eacab8c57857____c4_0____4_fair.csv;t_1934eacab8c57857____c18_1____1__t_1934eacab8c57857____c2_1____0_fair.csv;t_1934eacab8c57857____c18_1____1__t_1934eacab8c57857____c19_0____4_fair.csv;t_1934eacab8c57857____c18_1____1__t_1934eacab8c57857____c15_1____3_fair.csv;t_1934eacab8c57857____c18_1____1__t_1934eacab8c57857____c15_1____0_fair.csv;t_1934eacab8c57857____c12_0____2__t_1934eacab8c57857____c12_0____1_fair.csv,"{""needs_fairification"": true, ""success"": false, ""swaps_made"": 1, ""initial_fairness"": 0.0626, ""initial_delta"": 0.34, ""dominated_removed_count"": 49, ""dominance_candidate_pool_size"": 52, ""candidates_after_winnow"": 2}"
tusSmall3,nl,t_28dc8f7610402ea7____c1_1____0_fair.csv,5,182,250,5,True,0.3222,1.0,0.027472527472527472,0.027472527472527472,4.527020812034607,4.527020812034607,t_28dc8f7610402ea7____c1_1____3__t_28dc8f7610402ea7____c1_1____0_fair.csv;t_28dc8f7610402ea7____c1_1____4.csv;t_28dc8f7610402ea7____c1_1____4__t_28dc8f7610402ea7____c7_1____2_fair.csv;t_28dc8f7610402ea7____c1_1____4__t_28dc8f7610402ea7____c1_1____0_fair.csv;t_28dc8f7610402ea7____c8_1____3__t_28dc8f7610402ea7____c1_1____0_fair.csv,"{""needs_fairification"": true, ""success"": true, ""swaps_made"": 1, ""initial_fairness"": 0.2429, ""initial_delta"": 0.16, ""dominated_removed_count"": 238, ""dominance_candidate_pool_size"": 245, ""candidates_after_winnow"": 6}"
tusSmall3,nl,t_28dc8f7610402ea7____c1_1____0_fair.csv,10,182,250,10,True,0.2967,1.0,0.054945054945054944,0.054945054945054944,9.204294621944427,9.204294621944427,t_28dc8f7610402ea7____c1_1____3__t_28dc8f7610402ea7____c1_1____0_fair.csv;t_28dc8f7610402ea7____c1_1____4__t_28dc8f7610402ea7____c7_1____2_fair.csv;t_28dc8f7610402ea7____c1_1____4__t_28dc8f7610402ea7____c1_1____0_fair.csv;t_28dc8f7610402ea7____c1_1____2__t_28dc8f7610402ea7____c7_1____2_fair.csv;t_28dc8f7610402ea7____c1_1____2__t_28dc8f7610402ea7____c1_1____0_fair.csv;t_28dc8f7610402ea7____c1_1____1.csv;t_28dc8f7610402ea7____c1_1____1__t_28dc8f7610402ea7____c7_1____2_fair.csv;t_28dc8f7610402ea7____c1_1____1__t_28dc8f7610402ea7____c1_1____0_fair.csv;t_28dc8f7610402ea7____c2_0____3__t_28dc8f7610402ea7____c1_1____0_fair.csv;t_28dc8f7610402ea7____c8_1____3__t_28dc8f7610402ea7____c1_1____0_fair.csv,"{""needs_fairification"": true, ""success"": true, ""swaps_made"": 2, ""initial_fairness"": 0.2193, ""initial_delta"": 0.18, ""dominated_removed_count"": 235, ""dominance_candidate_pool_size"": 240, ""candidates_after_winnow"": 3}"
tusSmall3,nl,t_28dc8f7610402ea7____c1_1____0_fair.csv,20,182,250,20,False,0.2061,1.0,0.10989010989010989,0.10989010989010989,18.22611427307129,18.22611427307129,t_28dc8f7610402ea7____c1_1____3__t_28dc8f7610402ea7____c1_1____0_fair.csv;t_28dc8f7610402ea7____c1_1____4__t_28dc8f7610402ea7____c1_1____0_fair.csv;t_28dc8f7610402ea7____c1_1____2__t_28dc8f7610402ea7____c1_1____0_fair.csv;t_28dc8f7610402ea7____c1_1____1.csv;t_28dc8f7610402ea7____c1_1____1__t_28dc8f7610402ea7____c7_1____2_fair.csv;t_28dc8f7610402ea7____c1_1____1__t_28dc8f7610402ea7____c1_1____0_fair.csv;t_28dc8f7610402ea7____c1_1____3.csv;t_28dc8f7610402ea7____c1_1____2.csv;t_28dc8f7610402ea7____c2_0____1__t_28dc8f7610402ea7____c9_0____3_fair.csv;t_28dc8f7610402ea7____c2_0____1__t_28dc8f7610402ea7____c7_1____2_fair.csv;t_28dc8f7610402ea7____c2_0____1__t_28dc8f7610402ea7____c1_1____0_fair.csv;t_28dc8f7610402ea7____c2_1____1__t_28dc8f7610402ea7____c7_1____2_fair.csv;t_28dc8f7610402ea7____c2_1____1__t_28dc8f7610402ea7____c4_1____4_fair.csv;t_28dc8f7610402ea7____c2_1____1__t_28dc8f7610402ea7____c1_1____0_fair.csv;t_28dc8f7610402ea7____c2_0____1.csv;t_28dc8f7610402ea7____c2_0____0__t_28dc8f7610402ea7____c9_0____3_fair.csv;t_28dc8f7610402ea7____c2_0____0__t_28dc8f7610402ea7____c1_1____0_fair.csv;t_28dc8f7610402ea7____c2_0____2__t_28dc8f7610402ea7____c1_1____0_fair.csv;t_28dc8f7610402ea7____c2_0____3__t_28dc8f7610402ea7____c1_1____0_fair.csv;t_28dc8f7610402ea7____c8_1____3__t_28dc8f7610402ea7____c1_1____0_fair.csv,"{""needs_fairification"": true, ""success"": false, ""swaps_made"": 4, ""initial_fairness"": 0.1174, ""initial_delta"": 0.28, ""dominated_removed_count"": 226, ""dominance_candidate_pool_size"": 230, ""candidates_after_winnow"": 0}"
tusSmall3,nl,t_1f6b65ebc2ab3ed3____c2_0____4_fair.csv,5,137,388,5,True,0.3174,1.0,0.0364963503649635,0.0364963503649635,8.563003838062286,8.563003838062286,t_1f6b65ebc2ab3ed3____c2_0____0__t_1f6b65ebc2ab3ed3____c4_0____1_fair.csv;t_1f6b65ebc2ab3ed3____c2_0____0__t_1f6b65ebc2ab3ed3____c2_0____4_fair.csv;t_1f6b65ebc2ab3ed3____c2_0____0__t_1f6b65ebc2ab3ed3____c2_0____3_fair.csv;t_1f6b65ebc2ab3ed3____c2_0____0__t_1f6b65ebc2ab3ed3____c1_0____3_fair.csv;t_1f6b65ebc2ab3ed3____c3_0____0__t_1f6b65ebc2ab3ed3____c2_0____4_fair.csv,"{""needs_fairification"": true, ""success"": true, ""swaps_made"": 1, ""initial_fairness"": 0.2601, ""initial_delta"": 0.14, ""dominated_removed_count"": 326, ""dominance_candidate_pool_size"": 337, ""candidates_after_winnow"": 10}"
tusSmall3,nl,t_1f6b65ebc2ab3ed3____c2_0____4_fair.csv,10,137,388,10,True,0.3026,1.0,0.072992700729927,0.072992700729927,17.79774659872055,17.79774659872055,t_1f6b65ebc2ab3ed3____c2_0____0__t_1f6b65ebc2ab3ed3____c4_0____1_fair.csv;t_1f6b65ebc2ab3ed3____c2_0____0__t_1f6b65ebc2ab3ed3____c2_0____4_fair.csv;t_1f6b65ebc2ab3ed3____c2_0____0__t_1f6b65ebc2ab3ed3____c1_0____3_fair.csv;t_1f6b65ebc2ab3ed3____c2_0____0__t_1f6b65ebc2ab3ed3____c1_0____2_fair.csv;t_1f6b65ebc2ab3ed3____c2_0____0__t_1f6b65ebc2ab3ed3____c1_0____0_fair.csv;t_1f6b65ebc2ab3ed3____c2_0____1__t_1f6b65ebc2ab3ed3____c4_0____1_fair.csv;t_1f6b65ebc2ab3ed3____c2_0____1__t_1f6b65ebc2ab3ed3____c3_1____0_fair.csv;t_1f6b65ebc2ab3ed3____c2_0____1__t_1f6b65ebc2ab3ed3____c2_0____4_fair.csv;t_1f6b65ebc2ab3ed3____c3_1____3__t_1f6b65ebc2ab3ed3____c4_0____1_fair.csv;t_1f6b65ebc2ab3ed3____c3_0____0__t_1f6b65ebc2ab3ed3____c2_0____4_fair.csv,"{""needs_fairification"": true, ""success"": true, ""swaps_made"": 2, ""initial_fairness"": 0.2418, ""initial_delta"": 0.16, ""dominated_removed_count"": 321, ""dominance_candidate_pool_size"": 332, ""candidates_after_winnow"": 9}"
tusSmall3,nl,t_1f6b65ebc2ab3ed3____c2_0____4_fair.csv,20,137,388,20,True,0.3051,1.0,0.145985401459854,0.145985401459854,34.35003620386124,34.35003620386124,t_1f6b65ebc2ab3ed3____c2_0____0__t_1f6b65ebc2ab3ed3____c4_0____1_fair.csv;t_1f6b65ebc2ab3ed3____c2_0____0__t_1f6b65ebc2ab3ed3____c2_0____4_fair.csv;t_1f6b65ebc2ab3ed3____c2_0____1__t_1f6b65ebc2ab3ed3____c4_0____1_fair.csv;t_1f6b65ebc2ab3ed3____c2_0____1__t_1f6b65ebc2ab3ed3____c2_0____4_fair.csv;t_1f6b65ebc2ab3ed3____c2_0____1__t_1f6b65ebc2ab3ed3____c2_0____3_fair.csv;t_1f6b65ebc2ab3ed3____c2_0____1__t_1f6b65ebc2ab3ed3____c1_0____3_fair.csv;t_1f6b65ebc2ab3ed3____c2_0____1__t_1f6b65ebc2ab3ed3____c1_0____2_fair.csv;t_1f6b65ebc2ab3ed3____c2_0____1__t_1f6b65ebc2ab3ed3____c1_0____0_fair.csv;t_1f6b65ebc2ab3ed3____c2_0____2__t_1f6b65ebc2ab3ed3____c4_0____1_fair.csv;t_1f6b65ebc2ab3ed3____c2_0____2__t_1f6b65ebc2ab3ed3____c3_1____0_fair.csv;t_1f6b65ebc2ab3ed3____c2_0____2__t_1f6b65ebc2ab3ed3____c2_0____4_fair.csv;t_1f6b65ebc2ab3ed3____c2_0____2__t_1f6b65ebc2ab3ed3____c2_0____3_fair.csv;t_1f6b65ebc2ab3ed3____c2_0____2__t_1f6b65ebc2ab3ed3____c1_0____3_fair.csv;t_1f6b65ebc2ab3ed3____c2_0____2__t_1f6b65ebc2ab3ed3____c1_0____2_fair.csv;t_1f6b65ebc2ab3ed3____c3_1____3__t_1f6b65ebc2ab3ed3____c4_0____1_fair.csv;t_1f6b65ebc2ab3ed3____c3_1____3__t_1f6b65ebc2ab3ed3____c2_0____4_fair.csv;t_1f6b65ebc2ab3ed3____c3_1____4__t_1f6b65ebc2ab3ed3____c4_0____1_fair.csv;t_1f6b65ebc2ab3ed3____c3_1____4__t_1f6b65ebc2ab3ed3____c2_0____4_fair.csv;t_1f6b65ebc2ab3ed3____c1_0____1__t_1f6b65ebc2ab3ed3____c4_0____1_fair.csv;t_1f6b65ebc2ab3ed3____c3_0____0__t_1f6b65ebc2ab3ed3____c2_0____4_fair.csv,"{""needs_fairification"": true, ""success"": true, ""swaps_made"": 6, ""initial_fairness"": 0.2091, ""initial_delta"": 0.19, ""dominated_removed_count"": 310, ""dominance_candidate_pool_size"": 322, ""candidates_after_winnow"": 6}"
tusSmall3,nl,t_1f6b65ebc2ab3ed3____c3_1____0_fair.csv,5,137,382,5,True,0.3255,1.0,0.0364963503649635,0.0364963503649635,14.611888527870178,14.611888527870178,t_1f6b65ebc2ab3ed3____c3_1____3__t_1f6b65ebc2ab3ed3____c3_1____0_fair.csv;t_1f6b65ebc2ab3ed3____c3_1____3__t_1f6b65ebc2ab3ed3____c2_0____3_fair.csv;t_1f6b65ebc2ab3ed3____c3_1____3__t_1f6b65ebc2ab3ed3____c1_0____3_fair.csv;t_1f6b65ebc2ab3ed3____c3_1____4__t_1f6b65ebc2ab3ed3____c1_0____0_fair.csv;t_1f6b65ebc2ab3ed3____c4_0____3__t_1f6b65ebc2ab3ed3____c3_1____0_fair.csv,"{""needs_fairification"": true, ""success"": true, ""swaps_made"": 2, ""initial_fairness"": 0.2127, ""initial_delta"": 0.19, ""dominated_removed_count"": 371, ""dominance_candidate_pool_size"": 377, ""candidates_after_winnow"": 4}"
tusSmall3,nl,t_1f6b65ebc2ab3ed3____c3_1____0_fair.csv,10,137,382,10,True,0.3097,1.0,0.072992700729927,0.072992700729927,27.8110591173172,27.8110591173172,t_1f6b65ebc2ab3ed3____c3_1____3__t_1f6b65ebc2ab3ed3____c3_1____0_fair.csv;t_1f6b65ebc2ab3ed3____c3_1____3__t_1f6b65ebc2ab3ed3____c1_0____3_fair.csv;t_1f6b65ebc2ab3ed3____c3_1____3__t_1f6b65ebc2ab3ed3____c1_0____2_fair.csv;t_1f6b65ebc2ab3ed3____c3_1____3__t_1f6b65ebc2ab3ed3____c1_0____0_fair.csv;t_1f6b65ebc2ab3ed3____c3_1____4__t_1f6b65ebc2ab3ed3____c4_0____1_fair.csv;t_1f6b65ebc2ab3ed3____c3_1____4__t_1f6b65ebc2ab3ed3____c3_1____0_fair.csv;t_1f6b65ebc2ab3ed3____c3_1____4__t_1f6b65ebc2ab3ed3____c2_0____4_fair.csv;t_1f6b65ebc2ab3ed3____c3_1____4__t_1f6b65ebc2ab3ed3____c1_0____0_fair.csv;t_1f6b65ebc2ab3ed3____c4_0____3__t_1f6b65ebc2ab3ed3____c3_1____0_fair.csv;t_1f6b65ebc2ab3ed3____c2_0____1__t_1f6b65ebc2ab3ed3____c1_0____0_fair.csv,"{""needs_fairification"": true, ""success"": true, ""swaps_made"": 3, ""initial_fairness"": 0.2214, ""initial_delta"": 0.18, ""dominated_removed_count"": 368, ""dominance_candidate_pool_size"": 372, ""candidates_after_winnow"": 1}"
tusSmall3,nl,t_1f6b65ebc2ab3ed3____c3_1____0_fair.csv,20,137,382,20,True,0.3019,1.0,0.145985401459854,0.145985401459854,56.38667190074921,56.38667190074921,t_1f6b65ebc2ab3ed3____c3_1____3__t_1f6b65ebc2ab3ed3____c3_1____0_fair.csv;t_1f6b65ebc2ab3ed3____c3_1____3__t_1f6b65ebc2ab3ed3____c1_0____0_fair.csv;t_1f6b65ebc2ab3ed3____c3_1____4__t_1f6b65ebc2ab3ed3____c3_1____0_fair.csv;t_1f6b65ebc2ab3ed3____c3_1____4__t_1f6b65ebc2ab3ed3____c2_0____4_fair.csv;t_1f6b65ebc2ab3ed3____c3_1____4__t_1f6b65ebc2ab3ed3____c2_0____3_fair.csv;t_1f6b65ebc2ab3ed3____c3_1____4__t_1f6b65ebc2ab3ed3____c1_0____3_fair.csv;t_1f6b65ebc2ab3ed3____c3_1____4__t_1f6b65ebc2ab3ed3____c1_0____2_fair.csv;t_1f6b65ebc2ab3ed3____c3_1____4__t_1f6b65ebc2ab3ed3____c1_0____0_fair.csv;t_1f6b65ebc2ab3ed3____c3_1____3.csv;t_1f6b65ebc2ab3ed3____c3_1____4.csv;t_1f6b65ebc2ab3ed3____c3_1____2__t_1f6b65ebc2ab3ed3____c4_0____1_fair.csv;t_1f6b65ebc2ab3ed3____c3_1____2__t_1f6b65ebc2ab3ed3____c3_1____0_fair.csv;t_1f6b65ebc2ab3ed3____c3_1____2__t_1f6b65ebc2ab3ed3____c2_0____4_fair.csv;t_1f6b65ebc2ab3ed3____c3_1____2__t_1f6b65ebc2ab3ed3____c2_0____3_fair.csv;t_1f6b65ebc2ab3ed3____c3_1____1__t_1f6b65ebc2ab3ed3____c3_1____0_fair.csv;t_1f6b65ebc2ab3ed3____c4_0____0__t_1f6b65ebc2ab3ed3____c1_0____0_fair.csv;t_1f6b65ebc2ab3ed3____c4_0____3__t_1f6b65ebc2ab3ed3____c3_1____0_fair.csv;t_1f6b65ebc2ab3ed3____c4_0____3__t_1f6b65ebc2ab3ed3____c1_0____0_fair.csv;t_1f6b65ebc2ab3ed3____c4_0____4__t_1f6b65ebc2ab3ed3____c3_1____0_fair.csv;t_1f6b65ebc2ab3ed3____c2_0____1__t_1f6b65ebc2ab3ed3____c1_0____0_fair.csv,"{""needs_fairification"": true, ""success"": true, ""swaps_made"": 6, ""initial_fairness"": 0.2061, ""initial_delta"": 0.19, ""dominated_removed_count"": 352, ""dominance_candidate_pool_size"": 362, ""candidates_after_winnow"": 4}"
tusSmall3,nl,t_1f6b65ebc2ab3ed3____c4_0____1_fair.csv,5,137,312,5,True,0.3352,1.0,0.0364963503649635,0.0364963503649635,18.656490325927734,18.656490325927734,t_1f6b65ebc2ab3ed3____c4_0____2__t_1f6b65ebc2ab3ed3____c4_0____1_fair.csv;t_1f6b65ebc2ab3ed3____c4_0____2__t_1f6b65ebc2ab3ed3____c2_0____4_fair.csv;t_1f6b65ebc2ab3ed3____c4_0____2__t_1f6b65ebc2ab3ed3____c2_0____3_fair.csv;t_1f6b65ebc2ab3ed3____c4_0____2__t_1f6b65ebc2ab3ed3____c1_0____3_fair.csv;t_1f6b65ebc2ab3ed3____c3_0____2__t_1f6b65ebc2ab3ed3____c2_0____4_fair.csv,"{""needs_fairification"": true, ""success"": true, ""swaps_made"": 1, ""initial_fairness"": 0.2795, ""initial_delta"": 0.12, ""dominated_removed_count"": 296, ""dominance_candidate_pool_size"": 307, ""candidates_after_winnow"": 10}"
tusSmall3,nl,t_1f6b65ebc2ab3ed3____c4_0____1_fair.csv,10,137,312,10,True,0.3143,1.0,0.072992700729927,0.072992700729927,37.19978082180023,37.19978082180023,t_1f6b65ebc2ab3ed3____c4_0____2__t_1f6b65ebc2ab3ed3____c4_0____1_fair.csv;t_1f6b65ebc2ab3ed3____c4_0____2__t_1f6b65ebc2ab3ed3____c2_0____4_fair.csv;t_1f6b65ebc2ab3ed3____c4_0____2__t_1f6b65ebc2ab3ed3____c1_0____3_fair.csv;t_1f6b65ebc2ab3ed3____c4_0____2__t_1f6b65ebc2ab3ed3____c1_0____2_fair.csv;t_1f6b65ebc2ab3ed3____c4_0____2__t_1f6b65ebc2ab3ed3____c1_0____0_fair.csv;t_1f6b65ebc2ab3ed3____c4_0____4__t_1f6b65ebc2ab3ed3____c4_0____1_fair.csv;t_1f6b65ebc2ab3ed3____c4_0____4__t_1f6b65ebc2ab3ed3____c3_1____0_fair.csv;t_1f6b65ebc2ab3ed3____c4_0____4__t_1f6b65ebc2ab3ed3____c2_0____4_fair.csv;t_1f6b65ebc2ab3ed3____c3_0____2__t_1f6b65ebc2ab3ed3____c2_0____4_fair.csv;t_1f6b65ebc2ab3ed3____c3_0____0__t_1f6b65ebc2ab3ed3____c2_0____4_fair.csv,"{""needs_fairification"": true, ""success"": true, ""swaps_made"": 2, ""initial_fairness"": 0.2562, ""initial_delta"": 0.14, ""dominated_removed_count"": 288, ""dominance_candidate_pool_size"": 302, ""candidates_after_winnow"": 12}"
tusSmall3,nl,t_1f6b65ebc2ab3ed3____c4_0____1_fair.csv,20,137,312,20,True,0.3022,1.0,0.145985401459854,0.145985401459854,72.89939367771149,72.89939367771149,t_1f6b65ebc2ab3ed3____c4_0____2__t_1f6b65ebc2ab3ed3____c4_0____1_fair.csv;t_1f6b65ebc2ab3ed3____c4_0____2__t_1f6b65ebc2ab3ed3____c2_0____4_fair.csv;t_1f6b65ebc2ab3ed3____c4_0____4__t_1f6b65ebc2ab3ed3____c4_0____1_fair.csv;t_1f6b65ebc2ab3ed3____c4_0____4__t_1f6b65ebc2ab3ed3____c2_0____4_fair.csv;t_1f6b65ebc2ab3ed3____c4_0____4__t_1f6b65ebc2ab3ed3____c2_0____3_fair.csv;t_1f6b65ebc2ab3ed3____c4_0____4__t_1f6b65ebc2ab3ed3____c1_0____3_fair.csv;t_1f6b65ebc2ab3ed3____c4_0____4__t_1f6b65ebc2ab3ed3____c1_0____2_fair.csv;t_1f6b65ebc2ab3ed3____c4_0____4__t_1f6b65ebc2ab3ed3____c1_0____0_fair.csv;t_1f6b65ebc2ab3ed3____c4_0____0__t_1f6b65ebc2ab3ed3____c4_0____1_fair.csv;t_1f6b65ebc2ab3ed3____c4_0____0__t_1f6b65ebc2ab3ed3____c3_1____0_fair.csv;t_1f6b65ebc2ab3ed3____c4_0____0__t_1f6b65ebc2ab3ed3____c2_0____4_fair.csv;t_1f6b65ebc2ab3ed3____c4_0____0__t_1f6b65ebc2ab3ed3____c2_0____3_fair.csv;t_1f6b65ebc2ab3ed3____c4_0____0__t_1f6b65ebc2ab3ed3____c1_0____3_fair.csv;t_1f6b65ebc2ab3ed3____c4_0____0__t_1f6b65ebc2ab3ed3____c1_0____2_fair.csv;t_1f6b65ebc2ab3ed3____c4_0____3__t_1f6b65ebc2ab3ed3____c2_0____4_fair.csv;t_1f6b65ebc2ab3ed3____c3_0____1__t_1f6b65ebc2ab3ed3____c4_0____1_fair.csv;t_1f6b65ebc2ab3ed3____c3_0____1__t_1f6b65ebc2ab3ed3____c2_0____4_fair.csv;t_1f6b65ebc2ab3ed3____c3_0____2__t_1f6b65ebc2ab3ed3____c2_0____4_fair.csv;t_1f6b65ebc2ab3ed3____c3_0____0__t_1f6b65ebc2ab3ed3____c2_0____4_fair.csv;t_1f6b65ebc2ab3ed3____c3_1____1__t_1f6b65ebc2ab3ed3____c4_0____1_fair.csv,"{""needs_fairification"": true, ""success"": true, ""swaps_made"": 6, ""initial_fairness"": 0.2117, ""initial_delta"": 0.19, ""dominated_removed_count"": 281, ""dominance_candidate_pool_size"": 292, ""candidates_after_winnow"": 5}"
tusSmall3,nl,t_28dc8f7610402ea7____c4_1____4_fair.csv,5,195,201,5,True,0.301,1.0,0.02564102564102564,0.02564102564102564,18.753088653087616,18.753088653087616,t_28dc8f7610402ea7____c4_1____2__t_28dc8f7610402ea7____c4_1____4_fair.csv;t_28dc8f7610402ea7____c4_1____2__t_28dc8f7610402ea7____c1_1____0_fair.csv;t_28dc8f7610402ea7____c4_1____3__t_28dc8f7610402ea7____c9_0____3_fair.csv;t_28dc8f7610402ea7____c4_1____0__t_28dc8f7610402ea7____c4_1____4_fair.csv;t_28dc8f7610402ea7____c5_0____0__t_28dc8f7610402ea7____c4_1____4_fair.csv,"{""needs_fairification"": true, ""success"": true, ""swaps_made"": 2, ""initial_fairness"": 0.1534, ""initial_delta"": 0.25, ""dominated_removed_count"": 192, ""dominance_candidate_pool_size"": 196, ""candidates_after_winnow"": 2}"
tusSmall3,nl,t_28dc8f7610402ea7____c4_1____4_fair.csv,10,195,201,10,True,0.3165,1.0,0.05128205128205128,0.05128205128205128,37.089378356933594,37.089378356933594,t_28dc8f7610402ea7____c4_1____2__t_28dc8f7610402ea7____c4_1____4_fair.csv;t_28dc8f7610402ea7____c4_1____3__t_28dc8f7610402ea7____c7_1____2_fair.csv;t_28dc8f7610402ea7____c4_1____3__t_28dc8f7610402ea7____c4_1____4_fair.csv;t_28dc8f7610402ea7____c4_1____3__t_28dc8f7610402ea7____c1_1____0_fair.csv;t_28dc8f7610402ea7____c4_1____2.csv;t_28dc8f7610402ea7____c4_1____3.csv;t_28dc8f7610402ea7____c4_1____0__t_28dc8f7610402ea7____c4_1____4_fair.csv;t_28dc8f7610402ea7____c4_1____1__t_28dc8f7610402ea7____c4_1____4_fair.csv;t_28dc8f7610402ea7____c5_0____0__t_28dc8f7610402ea7____c4_1____4_fair.csv;t_28dc8f7610402ea7____c8_0____4__t_28dc8f7610402ea7____c4_1____4_fair.csv,"{""needs_fairification"": true, ""success"": true, ""swaps_made"": 4, ""initial_fairness"": 0.141, ""initial_delta"": 0.26, ""dominated_removed_count"": 184, ""dominance_candidate_pool_size"": 191, ""candidates_after_winnow"": 3}"
tusSmall3,nl,t_28dc8f7610402ea7____c4_1____4_fair.csv,20,195,201,20,False,0.2302,1.0,0.10256410256410256,0.10256410256410256,73.12998342514038,73.12998342514038,t_28dc8f7610402ea7____c4_1____2__t_28dc8f7610402ea7____c4_1____4_fair.csv;t_28dc8f7610402ea7____c4_1____3__t_28dc8f7610402ea7____c4_1____4_fair.csv;t_28dc8f7610402ea7____c4_1____3__t_28dc8f7610402ea7____c1_1____0_fair.csv;t_28dc8f7610402ea7____c4_1____2.csv;t_28dc8f7610402ea7____c4_1____3.csv;t_28dc8f7610402ea7____c4_1____0__t_28dc8f7610402ea7____c9_0____3_fair.csv;t_28dc8f7610402ea7____c4_1____0__t_28dc8f7610402ea7____c7_1____2_fair.csv;t_28dc8f7610402ea7____c4_1____0__t_28dc8f7610402ea7____c4_1____4_fair.csv;t_28dc8f7610402ea7____c4_1____0__t_28dc8f7610402ea7____c1_1____0_fair.csv;t_28dc8f7610402ea7____c4_1____0.csv;t_28dc8f7610402ea7____c5_0____4__t_28dc8f7610402ea7____c7_1____2_fair.csv;t_28dc8f7610402ea7____c5_0____4__t_28dc8f7610402ea7____c4_1____4_fair.csv;t_28dc8f7610402ea7____c5_0____4__t_28dc8f7610402ea7____c1_1____0_fair.csv;t_28dc8f7610402ea7____c4_1____1__t_28dc8f7610402ea7____c9_0____3_fair.csv;t_28dc8f7610402ea7____c4_1____1__t_28dc8f7610402ea7____c7_1____2_fair.csv;t_28dc8f7610402ea7____c4_1____1__t_28dc8f7610402ea7____c4_1____4_fair.csv;t_28dc8f7610402ea7____c5_0____3__t_28dc8f7610402ea7____c4_1____4_fair.csv;t_28dc8f7610402ea7____c5_0____0__t_28dc8f7610402ea7____c4_1____4_fair.csv;t_28dc8f7610402ea7____c6_1____3__t_28dc8f7610402ea7____c4_1____4_fair.csv;t_28dc8f7610402ea7____c8_0____4__t_28dc8f7610402ea7____c4_1____4_fair.csv,"{""needs_fairification"": true, ""success"": false, ""swaps_made"": 5, ""initial_fairness"": 0.1202, ""initial_delta"": 0.28, ""dominated_removed_count"": 176, ""dominance_candidate_pool_size"": 181, ""candidates_after_winnow"": 0}"
tusSmall3,nl,t_28dc8f7610402ea7____c7_1____2_fair.csv,5,182,150,5,True,0.3342,1.0,0.027472527472527472,0.027472527472527472,33.77331900596619,33.77331900596619,t_28dc8f7610402ea7____c8_0____2__t_28dc8f7610402ea7____c9_0____3_fair.csv;t_28dc8f7610402ea7____c8_0____2__t_28dc8f7610402ea7____c7_1____2_fair.csv;t_28dc8f7610402ea7____c8_0____2__t_28dc8f7610402ea7____c4_1____4_fair.csv;t_28dc8f7610402ea7____c8_0____2__t_28dc8f7610402ea7____c1_1____0_fair.csv;t_28dc8f7610402ea7____c8_0____2.csv,"{""needs_fairification"": false, ""success"": true, ""swaps_made"": 0, ""initial_fairness"": 0.3342, ""initial_delta"": 0.07}"
tusSmall3,nl,t_28dc8f7610402ea7____c7_1____2_fair.csv,10,182,150,10,True,0.3215,1.0,0.054945054945054944,0.054945054945054944,67.30305421352386,67.30305421352386,t_28dc8f7610402ea7____c8_0____2__t_28dc8f7610402ea7____c9_0____3_fair.csv;t_28dc8f7610402ea7____c8_0____2__t_28dc8f7610402ea7____c7_1____2_fair.csv;t_28dc8f7610402ea7____c8_0____2__t_28dc8f7610402ea7____c4_1____4_fair.csv;t_28dc8f7610402ea7____c8_0____2__t_28dc8f7610402ea7____c1_1____0_fair.csv;t_28dc8f7610402ea7____c8_0____2.csv;t_28dc8f7610402ea7____c7_1____3__t_28dc8f7610402ea7____c9_0____3_fair.csv;t_28dc8f7610402ea7____c7_1____3__t_28dc8f7610402ea7____c7_1____2_fair.csv;t_28dc8f7610402ea7____c7_1____3__t_28dc8f7610402ea7____c4_1____4_fair.csv;t_28dc8f7610402ea7____c7_1____3__t_28dc8f7610402ea7____c1_1____0_fair.csv;t_28dc8f7610402ea7____c7_1____3.csv,"{""needs_fairification"": false, ""success"": true, ""swaps_made"": 0, ""initial_fairness"": 0.3215, ""initial_delta"": 0.08}"
tusSmall3,nl,t_28dc8f7610402ea7____c7_1____2_fair.csv,20,182,150,20,True,0.3308,1.0,0.10989010989010989,0.10989010989010989,133.5273762345314,133.5273762345314,t_28dc8f7610402ea7____c8_0____2__t_28dc8f7610402ea7____c9_0____3_fair.csv;t_28dc8f7610402ea7____c8_0____2__t_28dc8f7610402ea7____c7_1____2_fair.csv;t_28dc8f7610402ea7____c8_0____2__t_28dc8f7610402ea7____c4_1____4_fair.csv;t_28dc8f7610402ea7____c8_0____2__t_28dc8f7610402ea7____c1_1____0_fair.csv;t_28dc8f7610402ea7____c8_0____2.csv;t_28dc8f7610402ea7____c7_1____3__t_28dc8f7610402ea7____c9_0____3_fair.csv;t_28dc8f7610402ea7____c7_1____3__t_28dc8f7610402ea7____c7_1____2_fair.csv;t_28dc8f7610402ea7____c7_1____3__t_28dc8f7610402ea7____c4_1____4_fair.csv;t_28dc8f7610402ea7____c7_1____3__t_28dc8f7610402ea7____c1_1____0_fair.csv;t_28dc8f7610402ea7____c7_1____3.csv;t_28dc8f7610402ea7____c7_1____0__t_28dc8f7610402ea7____c9_0____3_fair.csv;t_28dc8f7610402ea7____c7_1____0__t_28dc8f7610402ea7____c7_1____2_fair.csv;t_28dc8f7610402ea7____c7_1____0__t_28dc8f7610402ea7____c4_1____4_fair.csv;t_28dc8f7610402ea7____c7_1____0__t_28dc8f7610402ea7____c1_1____0_fair.csv;t_28dc8f7610402ea7____c7_1____0.csv;t_28dc8f7610402ea7____c7_1____4__t_28dc8f7610402ea7____c9_0____3_fair.csv;t_28dc8f7610402ea7____c7_1____4__t_28dc8f7610402ea7____c7_1____2_fair.csv;t_28dc8f7610402ea7____c7_1____4__t_28dc8f7610402ea7____c4_1____4_fair.csv;t_28dc8f7610402ea7____c7_1____4__t_28dc8f7610402ea7____c1_1____0_fair.csv;t_28dc8f7610402ea7____c8_0____0__t_28dc8f7610402ea7____c9_0____3_fair.csv,"{""needs_fairification"": false, ""success"": true, ""swaps_made"": 0, ""initial_fairness"": 0.3308, ""initial_delta"": 0.07}"
tusSmall3,nl,t_28dc8f7610402ea7____c9_0____3_fair.csv,5,155,137,5,True,0.2959,1.0,0.03225806451612903,0.03225806451612903,37.978661715984344,37.978661715984344,t_28dc8f7610402ea7____c9_0____0__t_28dc8f7610402ea7____c9_0____3_fair.csv;t_28dc8f7610402ea7____c9_0____0__t_28dc8f7610402ea7____c4_1____4_fair.csv;t_28dc8f7610402ea7____c9_0____0__t_28dc8f7610402ea7____c1_1____0_fair.csv;t_28dc8f7610402ea7____c8_1____0__t_28dc8f7610402ea7____c9_0____3_fair.csv;t_28dc8f7610402ea7____c6_0____3__t_28dc8f7610402ea7____c9_0____3_fair.csv,"{""needs_fairification"": true, ""success"": true, ""swaps_made"": 2, ""initial_fairness"": 0.1562, ""initial_delta"": 0.24, ""dominated_removed_count"": 124, ""dominance_candidate_pool_size"": 132, ""candidates_after_winnow"": 6}"
tusSmall3,nl,t_28dc8f7610402ea7____c9_0____3_fair.csv,10,155,137,10,True,0.3194,1.0,0.06451612903225806,0.06451612903225806,78.49240678548813,78.49240678548813,t_28dc8f7610402ea7____c9_0____0__t_28dc8f7610402ea7____c9_0____3_fair.csv;t_28dc8f7610402ea7____c9_0____2__t_28dc8f7610402ea7____c9_0____3_fair.csv;t_28dc8f7610402ea7____c9_0____2__t_28dc8f7610402ea7____c7_1____2_fair.csv;t_28dc8f7610402ea7____c9_0____2__t_28dc8f7610402ea7____c4_1____4_fair.csv;t_28dc8f7610402ea7____c9_0____2__t_28dc8f7610402ea7____c1_1____0_fair.csv;t_28dc8f7610402ea7____c9_0____4__t_28dc8f7610402ea7____c9_0____3_fair.csv;t_28dc8f7610402ea7____c9_0____1__t_28dc8f7610402ea7____c9_0____3_fair.csv;t_28dc8f7610402ea7____c8_0____3__t_28dc8f7610402ea7____c9_0____3_fair.csv;t_28dc8f7610402ea7____c8_1____0__t_28dc8f7610402ea7____c9_0____3_fair.csv;t_28dc8f7610402ea7____c6_0____3__t_28dc8f7610402ea7____c9_0____3_fair.csv,"{""needs_fairification"": true, ""success"": true, ""swaps_made"": 5, ""initial_fairness"": 0.1263, ""initial_delta"": 0.27, ""dominated_removed_count"": 120, ""dominance_candidate_pool_size"": 127, ""candidates_after_winnow"": 2}"
tusSmall3,nl,t_28dc8f7610402ea7____c9_0____3_fair.csv,20,155,137,20,False,0.1992,1.0,0.12903225806451613,0.12903225806451613,159.7223910689354,159.7223910689354,t_28dc8f7610402ea7____c9_0____0__t_28dc8f7610402ea7____c9_0____3_fair.csv;t_28dc8f7610402ea7____c9_0____2.csv;t_28dc8f7610402ea7____c9_0____2__t_28dc8f7610402ea7____c9_0____3_fair.csv;t_28dc8f7610402ea7____c9_0____2__t_28dc8f7610402ea7____c7_1____2_fair.csv;t_28dc8f7610402ea7____c9_0____2__t_28dc8f7610402ea7____c4_1____4_fair.csv;t_28dc8f7610402ea7____c9_0____2__t_28dc8f7610402ea7____c1_1____0_fair.csv;t_28dc8f7610402ea7____c9_0____4.csv;t_28dc8f7610402ea7____c9_0____4__t_28dc8f7610402ea7____c9_0____3_fair.csv;t_28dc8f7610402ea7____c9_0____4__t_28dc8f7610402ea7____c7_1____2_fair.csv;t_28dc8f7610402ea7____c9_0____4__t_28dc8f7610402ea7____c4_1____4_fair.csv;t_28dc8f7610402ea7____c9_0____4__t_28dc8f7610402ea7____c1_1____0_fair.csv;t_28dc8f7610402ea7____c9_0____1.csv;t_28dc8f7610402ea7____c9_0____1__t_28dc8f7610402ea7____c9_0____3_fair.csv;t_28dc8f7610402ea7____c9_0____1__t_28dc8f7610402ea7____c7_1____2_fair.csv;t_28dc8f7610402ea7____c9_0____1__t_28dc8f7610402ea7____c4_1____4_fair.csv;t_28dc8f7610402ea7____c9_0____1__t_28dc8f7610402ea7____c1_1____0_fair.csv;t_28dc8f7610402ea7____c8_0____0__t_28dc8f7610402ea7____c9_0____3_fair.csv;t_28dc8f7610402ea7____c8_0____3__t_28dc8f7610402ea7____c9_0____3_fair.csv;t_28dc8f7610402ea7____c8_1____0__t_28dc8f7610402ea7____c9_0____3_fair.csv;t_28dc8f7610402ea7____c6_0____3__t_28dc8f7610402ea7____c9_0____3_fair.csv,"{""needs_fairification"": true, ""success"": false, ""swaps_made"": 4, ""initial_fairness"": 0.111, ""initial_delta"": 0.29, ""dominated_removed_count"": 112, ""dominance_candidate_pool_size"": 117, ""candidates_after_winnow"": 1}"
tusSmall3,nl,t_1934eacab8c57857____c15_1____0_fair.csv,5,729,73,5,False,0.0776,1.0,0.006858710562414266,0.006858710562414266,70.20772755146027,70.20772755146027,t_1934eacab8c57857____c15_0____0__t_1934eacab8c57857____c4_0____4_fair.csv;t_1934eacab8c57857____c15_0____0__t_1934eacab8c57857____c2_1____0_fair.csv;t_1934eacab8c57857____c15_0____0__t_1934eacab8c57857____c19_0____4_fair.csv;t_1934eacab8c57857____c15_0____0__t_1934eacab8c57857____c15_1____3_fair.csv;t_1934eacab8c57857____c15_0____0__t_1934eacab8c57857____c15_1____0_fair.csv,"{""needs_fairification"": true, ""success"": false, ""swaps_made"": 0, ""initial_fairness"": 0.0776, ""initial_delta"": 0.32, ""dominated_removed_count"": 66, ""dominance_candidate_pool_size"": 68, ""candidates_after_winnow"": 2}"
tusSmall3,nl,t_1934eacab8c57857____c15_1____0_fair.csv,10,729,73,10,False,0.0424,1.0,0.013717421124828532,0.013717421124828532,140.3659846186638,140.3659846186638,t_1934eacab8c57857____c15_0____0__t_1934eacab8c57857____c4_0____4_fair.csv;t_1934eacab8c57857____c15_0____0__t_1934eacab8c57857____c2_1____0_fair.csv;t_1934eacab8c57857____c15_0____0__t_1934eacab8c57857____c19_0____4_fair.csv;t_1934eacab8c57857____c15_0____0__t_1934eacab8c57857____c15_1____3_fair.csv;t_1934eacab8c57857____c15_0____0__t_1934eacab8c57857____c15_1____0_fair.csv;t_1934eacab8c57857____c15_0____0__t_1934eacab8c57857____c12_0____1_fair.csv;t_1934eacab8c57857____c15_0____0__t_1934eacab8c57857____c11_1____1_fair.csv;t_1934eacab8c57857____c15_0____0__t_1934eacab8c57857____c11_0____4_fair.csv;t_1934eacab8c57857____c15_0____0__t_1934eacab8c57857____c10_1____3_fair.csv;t_1934eacab8c57857____c15_0____0.csv,"{""needs_fairification"": true, ""success"": false, ""swaps_made"": 0, ""initial_fairness"": 0.0424, ""initial_delta"": 0.36, ""dominated_removed_count"": 62, ""dominance_candidate_pool_size"": 63, ""candidates_after_winnow"": 1}"
tusSmall3,nl,t_1934eacab8c57857____c15_1____0_fair.csv,20,729,73,20,False,0.0228,0.55,0.015089163237311385,0.027434842249657063,278.3409875035286,278.3409875035286,t_1934eacab8c57857____c15_0____0__t_1934eacab8c57857____c4_0____4_fair.csv;t_1934eacab8c57857____c15_0____0__t_1934eacab8c57857____c2_1____0_fair.csv;t_1934eacab8c57857____c15_0____0__t_1934eacab8c57857____c19_0____4_fair.csv;t_1934eacab8c57857____c15_0____0__t_1934eacab8c57857____c15_1____3_fair.csv;t_1934eacab8c57857____c15_0____0__t_1934eacab8c57857____c15_1____0_fair.csv;t_1934eacab8c57857____c15_0____0__t_1934eacab8c57857____c12_0____1_fair.csv;t_1934eacab8c57857____c15_0____0__t_1934eacab8c57857____c11_1____1_fair.csv;t_1934eacab8c57857____c15_0____0__t_1934eacab8c57857____c11_0____4_fair.csv;t_1934eacab8c57857____c15_0____0__t_1934eacab8c57857____c10_1____3_fair.csv;t_1934eacab8c57857____c15_0____0.csv;t_1934eacab8c57857____c18_1____1.csv;t_1934eacab8c57857____c17_1____0__t_1934eacab8c57857____c4_0____4_fair.csv;t_1934eacab8c57857____c17_1____0__t_1934eacab8c57857____c2_1____0_fair.csv;t_1934eacab8c57857____c17_1____0__t_1934eacab8c57857____c19_0____4_fair.csv;t_1934eacab8c57857____c17_1____0__t_1934eacab8c57857____c15_1____3_fair.csv;t_1934eacab8c57857____c17_1____0__t_1934eacab8c57857____c12_0____1_fair.csv;t_1934eacab8c57857____c17_1____0__t_1934eacab8c57857____c11_1____1_fair.csv;t_1934eacab8c57857____c17_1____0__t_1934eacab8c57857____c11_0____4_fair.csv;t_1934eacab8c57857____c17_1____0__t_1934eacab8c57857____c10_1____3_fair.csv;t_1934eacab8c57857____c17_1____0.csv,"{""needs_fairification"": true, ""success"": false, ""swaps_made"": 0, ""initial_fairness"": 0.0228, ""initial_delta"": 0.38, ""dominated_removed_count"": 52, ""dominance_candidate_pool_size"": 53, ""candidates_after_winnow"": 1}"
tusSmall3,nl,t_1934eacab8c57857____c15_1____3_fair.csv,5,789,79,5,True,0.3576,1.0,0.0063371356147021544,0.0063371356147021544,66.20540565252304,66.20540565252304,t_1934eacab8c57857____c18_0____0__t_1934eacab8c57857____c15_1____3_fair.csv;t_1934eacab8c57857____c18_0____0__t_1934eacab8c57857____c15_1____0_fair.csv;t_1934eacab8c57857____c17_1____3__t_1934eacab8c57857____c15_1____3_fair.csv;t_1934eacab8c57857____c16_0____3__t_1934eacab8c57857____c15_1____3_fair.csv;t_1934eacab8c57857____c13_0____3__t_1934eacab8c57857____c15_1____3_fair.csv,"{""needs_fairification"": true, ""success"": true, ""swaps_made"": 3, ""initial_fairness"": 0.1496, ""initial_delta"": 0.25, ""dominated_removed_count"": 67, ""dominance_candidate_pool_size"": 74, ""candidates_after_winnow"": 4}"
tusSmall3,nl,t_1934eacab8c57857____c15_1____3_fair.csv,10,789,79,10,True,0.2964,1.0,0.012674271229404309,0.012674271229404309,134.30202096700668,134.30202096700668,t_1934eacab8c57857____c18_0____0__t_1934eacab8c57857____c15_1____3_fair.csv;t_1934eacab8c57857____c18_0____0__t_1934eacab8c57857____c10_1____3_fair.csv;t_1934eacab8c57857____c18_0____0.csv;t_1934eacab8c57857____c17_1____0__t_1934eacab8c57857____c4_0____4_fair.csv;t_1934eacab8c57857____c17_1____0__t_1934eacab8c57857____c15_1____3_fair.csv;t_1934eacab8c57857____c17_1____1__t_1934eacab8c57857____c15_1____3_fair.csv;t_1934eacab8c57857____c17_1____3__t_1934eacab8c57857____c2_1____0_fair.csv;t_1934eacab8c57857____c17_1____3__t_1934eacab8c57857____c15_1____3_fair.csv;t_1934eacab8c57857____c16_0____3__t_1934eacab8c57857____c15_1____3_fair.csv;t_1934eacab8c57857____c13_0____3__t_1934eacab8c57857____c15_1____3_fair.csv,"{""needs_fairification"": true, ""success"": true, ""swaps_made"": 6, ""initial_fairness"": 0.0808, ""initial_delta"": 0.32, ""dominated_removed_count"": 62, ""dominance_candidate_pool_size"": 69, ""candidates_after_winnow"": 1}"
tusSmall3,nl,t_1934eacab8c57857____c15_1____3_fair.csv,20,789,79,20,False,0.1583,1.0,0.025348542458808618,0.025348542458808618,270.70731621980667,270.70731621980667,t_1934eacab8c57857____c18_0____0__t_1934eacab8c57857____c15_1____3_fair.csv;t_1934eacab8c57857____c18_0____0__t_1934eacab8c57857____c11_0____4_fair.csv;t_1934eacab8c57857____c18_0____0__t_1934eacab8c57857____c10_1____3_fair.csv;t_1934eacab8c57857____c18_0____0.csv;t_1934eacab8c57857____c17_1____0__t_1934eacab8c57857____c4_0____4_fair.csv;t_1934eacab8c57857____c17_1____0__t_1934eacab8c57857____c2_1____0_fair.csv;t_1934eacab8c57857____c17_1____0__t_1934eacab8c57857____c19_0____4_fair.csv;t_1934eacab8c57857____c17_1____0__t_1934eacab8c57857____c15_1____3_fair.csv;t_1934eacab8c57857____c17_1____0__t_1934eacab8c57857____c12_0____1_fair.csv;t_1934eacab8c57857____c17_1____0__t_1934eacab8c57857____c11_1____1_fair.csv;t_1934eacab8c57857____c17_1____0__t_1934eacab8c57857____c11_0____4_fair.csv;t_1934eacab8c57857____c17_1____0__t_1934eacab8c57857____c10_1____3_fair.csv;t_1934eacab8c57857____c17_1____0.csv;t_1934eacab8c57857____c17_1____1__t_1934eacab8c57857____c4_0____4_fair.csv;t_1934eacab8c57857____c17_1____1__t_1934eacab8c57857____c2_1____0_fair.csv;t_1934eacab8c57857____c17_1____1__t_1934eacab8c57857____c15_1____3_fair.csv;t_1934eacab8c57857____c17_1____3__t_1934eacab8c57857____c2_1____0_fair.csv;t_1934eacab8c57857____c17_1____3__t_1934eacab8c57857____c15_1____3_fair.csv;t_1934eacab8c57857____c16_0____3__t_1934eacab8c57857____c15_1____3_fair.csv;t_1934eacab8c57857____c13_0____3__t_1934eacab8c57857____c15_1____3_fair.csv,"{""needs_fairification"": true, ""success"": false, ""swaps_made"": 5, ""initial_fairness"": 0.0651, ""initial_delta"": 0.33, ""dominated_removed_count"": 54, ""dominance_candidate_pool_size"": 59, ""candidates_after_winnow"": 0}"
tusSmall3,nl,t_356fc1eaad97f93b____c15_1____2_fair.csv,5,1146,82,5,False,0.1927,1.0,0.004363001745200698,0.004363001745200698,68.68768262863159,68.68768262863159,t_356fc1eaad97f93b____c16_0____2__t_356fc1eaad97f93b____c9_0____4_fair.csv;t_356fc1eaad97f93b____c16_0____2__t_356fc1eaad97f93b____c22_1____2_fair.csv;t_356fc1eaad97f93b____c16_0____2__t_356fc1eaad97f93b____c22_1____1_fair.csv;t_356fc1eaad97f93b____c16_0____2__t_356fc1eaad97f93b____c6_1____2_fair.csv;t_356fc1eaad97f93b____c12_1____3__t_356fc1eaad97f93b____c7_0____4_fair.csv,"{""needs_fairification"": true, ""success"": false, ""swaps_made"": 2, ""initial_fairness"": 0.1684, ""initial_delta"": 0.23, ""dominated_removed_count"": 71, ""dominance_candidate_pool_size"": 77, ""candidates_after_winnow"": 4}"
tusSmall3,nl,t_356fc1eaad97f93b____c15_1____2_fair.csv,10,1146,82,10,False,0.1262,1.0,0.008726003490401396,0.008726003490401396,145.6086842417717,145.6086842417717,t_356fc1eaad97f93b____c16_0____2__t_356fc1eaad97f93b____c9_0____4_fair.csv;t_356fc1eaad97f93b____c16_0____2__t_356fc1eaad97f93b____c22_1____2_fair.csv;t_356fc1eaad97f93b____c16_0____2__t_356fc1eaad97f93b____c22_1____1_fair.csv;t_356fc1eaad97f93b____c16_0____2__t_356fc1eaad97f93b____c21_1____2_fair.csv;t_356fc1eaad97f93b____c16_0____2__t_356fc1eaad97f93b____c20_1____3_fair.csv;t_356fc1eaad97f93b____c16_0____2__t_356fc1eaad97f93b____c19_1____1_fair.csv;t_356fc1eaad97f93b____c16_0____2__t_356fc1eaad97f93b____c19_0____0_fair.csv;t_356fc1eaad97f93b____c16_0____2__t_356fc1eaad97f93b____c18_0____0_fair.csv;t_356fc1eaad97f93b____c16_0____2__t_356fc1eaad97f93b____c15_1____2_fair.csv;t_356fc1eaad97f93b____c16_0____2.csv,"{""needs_fairification"": true, ""success"": false, ""swaps_made"": 0, ""initial_fairness"": 0.1262, ""initial_delta"": 0.27, ""dominated_removed_count"": 66, ""dominance_candidate_pool_size"": 72, ""candidates_after_winnow"": 6}"
tusSmall3,nl,t_356fc1eaad97f93b____c15_1____2_fair.csv,20,1146,82,20,False,0.0751,0.8,0.013961605584642234,0.017452006980802792,278.6289318203926,278.6289318203926,t_356fc1eaad97f93b____c16_0____2__t_356fc1eaad97f93b____c22_1____2_fair.csv;t_356fc1eaad97f93b____c16_0____2__t_356fc1eaad97f93b____c22_1____1_fair.csv;t_356fc1eaad97f93b____c16_0____2__t_356fc1eaad97f93b____c21_1____2_fair.csv;t_356fc1eaad97f93b____c16_0____2__t_356fc1eaad97f93b____c20_1____3_fair.csv;t_356fc1eaad97f93b____c16_0____2__t_356fc1eaad97f93b____c19_1____1_fair.csv;t_356fc1eaad97f93b____c16_0____2__t_356fc1eaad97f93b____c19_0____0_fair.csv;t_356fc1eaad97f93b____c16_0____2__t_356fc1eaad97f93b____c18_0____0_fair.csv;t_356fc1eaad97f93b____c16_0____2__t_356fc1eaad97f93b____c15_1____2_fair.csv;t_356fc1eaad97f93b____c16_0____2.csv;t_356fc1eaad97f93b____c15_0____2__t_356fc1eaad97f93b____c7_0____4_fair.csv;t_356fc1eaad97f93b____c15_0____2.csv;t_356fc1eaad97f93b____c16_0____2__t_356fc1eaad97f93b____c6_1____2_fair.csv;t_356fc1eaad97f93b____c15_0____2__t_356fc1eaad97f93b____c9_0____4_fair.csv;t_356fc1eaad97f93b____c15_0____2__t_356fc1eaad97f93b____c19_0____0_fair.csv;t_356fc1eaad97f93b____c14_1____2.csv;t_356fc1eaad97f93b____c14_1____2__t_356fc1eaad97f93b____c22_1____2_fair.csv;t_356fc1eaad97f93b____c14_1____2__t_356fc1eaad97f93b____c22_1____1_fair.csv;t_356fc1eaad97f93b____c14_1____2__t_356fc1eaad97f93b____c21_1____2_fair.csv;t_356fc1eaad97f93b____c14_1____2__t_356fc1eaad97f93b____c20_1____3_fair.csv;t_356fc1eaad97f93b____c12_1____3__t_356fc1eaad97f93b____c15_1____2_fair.csv,"{""needs_fairification"": true, ""success"": false, ""swaps_made"": 1, ""initial_fairness"": 0.075, ""initial_delta"": 0.33, ""dominated_removed_count"": 55, ""dominance_candidate_pool_size"": 62, ""candidates_after_winnow"": 6}"
tusSmall3,nl,t_1934eacab8c57857____c19_0____4_fair.csv,5,607,72,5,False,0.1855,1.0,0.008237232289950576,0.008237232289950576,82.91635966300964,82.91635966300964,t_1934eacab8c57857____c18_0____4__t_1934eacab8c57857____c2_1____0_fair.csv;t_1934eacab8c57857____c18_0____4__t_1934eacab8c57857____c15_1____3_fair.csv;t_1934eacab8c57857____c17_1____4.csv;t_1934eacab8c57857____c18_1____4.csv;t_1934eacab8c57857____c18_1____4__t_1934eacab8c57857____c19_0____4_fair.csv,"{""needs_fairification"": true, ""success"": false, ""swaps_made"": 3, ""initial_fairness"": 0.0887, ""initial_delta"": 0.31, ""dominated_removed_count"": 63, ""dominance_candidate_pool_size"": 67, ""candidates_after_winnow"": 1}"
tusSmall3,nl,t_1934eacab8c57857____c19_0____4_fair.csv,10,607,72,10,False,0.0903,1.0,0.016474464579901153,0.016474464579901153,167.73867970705032,167.73867970705032,t_1934eacab8c57857____c18_0____4__t_1934eacab8c57857____c2_1____0_fair.csv;t_1934eacab8c57857____c18_0____4__t_1934eacab8c57857____c19_0____4_fair.csv;t_1934eacab8c57857____c18_0____4__t_1934eacab8c57857____c15_1____3_fair.csv;t_1934eacab8c57857____c18_0____4__t_1934eacab8c57857____c15_1____0_fair.csv;t_1934eacab8c57857____c18_0____4__t_1934eacab8c57857____c11_1____1_fair.csv;t_1934eacab8c57857____c18_0____4__t_1934eacab8c57857____c11_0____4_fair.csv;t_1934eacab8c57857____c18_0____4__t_1934eacab8c57857____c10_1____3_fair.csv;t_1934eacab8c57857____c17_1____4.csv;t_1934eacab8c57857____c18_1____4.csv;t_1934eacab8c57857____c18_1____4__t_1934eacab8c57857____c19_0____4_fair.csv,"{""needs_fairification"": true, ""success"": false, ""swaps_made"": 2, ""initial_fairness"": 0.0464, ""initial_delta"": 0.35, ""dominated_removed_count"": 59, ""dominance_candidate_pool_size"": 62, ""candidates_after_winnow"": 1}"
tusSmall3,nl,t_1934eacab8c57857____c19_0____4_fair.csv,20,607,72,20,False,0.0479,1.0,0.032948929159802305,0.032948929159802305,331.6290381550789,331.6290381550789,t_1934eacab8c57857____c18_0____4__t_1934eacab8c57857____c4_0____4_fair.csv;t_1934eacab8c57857____c18_0____4__t_1934eacab8c57857____c2_1____0_fair.csv;t_1934eacab8c57857____c18_0____4__t_1934eacab8c57857____c19_0____4_fair.csv;t_1934eacab8c57857____c18_0____4__t_1934eacab8c57857____c15_1____3_fair.csv;t_1934eacab8c57857____c18_0____4__t_1934eacab8c57857____c15_1____0_fair.csv;t_1934eacab8c57857____c18_0____4__t_1934eacab8c57857____c11_1____1_fair.csv;t_1934eacab8c57857____c18_0____4__t_1934eacab8c57857____c11_0____4_fair.csv;t_1934eacab8c57857____c18_0____4__t_1934eacab8c57857____c10_1____3_fair.csv;t_1934eacab8c57857____c17_1____4.csv;t_1934eacab8c57857____c17_1____4__t_1934eacab8c57857____c4_0____4_fair.csv;t_1934eacab8c57857____c17_1____4__t_1934eacab8c57857____c2_1____0_fair.csv;t_1934eacab8c57857____c17_1____4__t_1934eacab8c57857____c19_0____4_fair.csv;t_1934eacab8c57857____c17_1____4__t_1934eacab8c57857____c15_1____3_fair.csv;t_1934eacab8c57857____c17_1____4__t_1934eacab8c57857____c12_0____1_fair.csv;t_1934eacab8c57857____c17_1____4__t_1934eacab8c57857____c11_1____1_fair.csv;t_1934eacab8c57857____c17_1____4__t_1934eacab8c57857____c11_0____4_fair.csv;t_1934eacab8c57857____c17_1____4__t_1934eacab8c57857____c10_1____3_fair.csv;t_1934eacab8c57857____c18_1____4.csv;t_1934eacab8c57857____c18_1____4__t_1934eacab8c57857____c4_0____4_fair.csv;t_1934eacab8c57857____c18_1____4__t_1934eacab8c57857____c19_0____4_fair.csv,"{""needs_fairification"": true, ""success"": false, ""swaps_made"": 1, ""initial_fairness"": 0.0276, ""initial_delta"": 0.37, ""dominated_removed_count"": 50, ""dominance_candidate_pool_size"": 52, ""candidates_after_winnow"": 1}"
tusSmall3,nl,t_356fc1eaad97f93b____c19_0____0_fair.csv,5,1040,57,5,False,0.1755,1.0,0.004807692307692308,0.004807692307692308,90.46416145563126,90.46416145563126,t_356fc1eaad97f93b____c20_1____0__t_356fc1eaad97f93b____c6_1____2_fair.csv;t_356fc1eaad97f93b____c20_1____0__t_356fc1eaad97f93b____c22_1____2_fair.csv;t_356fc1eaad97f93b____c20_1____0__t_356fc1eaad97f93b____c22_1____1_fair.csv;t_356fc1eaad97f93b____c19_1____0.csv;t_356fc1eaad97f93b____c19_1____0__t_356fc1eaad97f93b____c19_0____0_fair.csv,"{""needs_fairification"": true, ""success"": false, ""swaps_made"": 3, ""initial_fairness"": 0.079, ""initial_delta"": 0.32, ""dominated_removed_count"": 49, ""dominance_candidate_pool_size"": 52, ""candidates_after_winnow"": 0}"
tusSmall3,nl,t_356fc1eaad97f93b____c19_0____0_fair.csv,10,1040,57,10,False,0.0868,1.0,0.009615384615384616,0.009615384615384616,181.9870863556862,181.9870863556862,t_356fc1eaad97f93b____c20_1____0__t_356fc1eaad97f93b____c7_0____4_fair.csv;t_356fc1eaad97f93b____c20_1____0__t_356fc1eaad97f93b____c6_1____2_fair.csv;t_356fc1eaad97f93b____c20_1____0__t_356fc1eaad97f93b____c22_1____2_fair.csv;t_356fc1eaad97f93b____c20_1____0__t_356fc1eaad97f93b____c22_1____1_fair.csv;t_356fc1eaad97f93b____c20_1____0__t_356fc1eaad97f93b____c21_1____2_fair.csv;t_356fc1eaad97f93b____c20_1____0__t_356fc1eaad97f93b____c20_1____3_fair.csv;t_356fc1eaad97f93b____c20_1____0__t_356fc1eaad97f93b____c19_1____1_fair.csv;t_356fc1eaad97f93b____c20_1____0__t_356fc1eaad97f93b____c19_0____0_fair.csv;t_356fc1eaad97f93b____c19_1____0.csv;t_356fc1eaad97f93b____c19_1____0__t_356fc1eaad97f93b____c19_0____0_fair.csv,"{""needs_fairification"": true, ""success"": false, ""swaps_made"": 2, ""initial_fairness"": 0.0426, ""initial_delta"": 0.36, ""dominated_removed_count"": 43, ""dominance_candidate_pool_size"": 47, ""candidates_after_winnow"": 2}"
tusSmall3,nl,t_356fc1eaad97f93b____c19_0____0_fair.csv,20,1040,57,20,False,0.0422,1.0,0.019230769230769232,0.019230769230769232,362.5775010585785,362.5775010585785,t_356fc1eaad97f93b____c20_1____0__t_356fc1eaad97f93b____c7_1____2_fair.csv;t_356fc1eaad97f93b____c20_1____0__t_356fc1eaad97f93b____c7_0____4_fair.csv;t_356fc1eaad97f93b____c20_1____0__t_356fc1eaad97f93b____c6_1____2_fair.csv;t_356fc1eaad97f93b____c20_1____0__t_356fc1eaad97f93b____c22_1____2_fair.csv;t_356fc1eaad97f93b____c20_1____0__t_356fc1eaad97f93b____c22_1____1_fair.csv;t_356fc1eaad97f93b____c20_1____0__t_356fc1eaad97f93b____c21_1____2_fair.csv;t_356fc1eaad97f93b____c20_1____0__t_356fc1eaad97f93b____c20_1____3_fair.csv;t_356fc1eaad97f93b____c20_1____0__t_356fc1eaad97f93b____c19_1____1_fair.csv;t_356fc1eaad97f93b____c20_1____0__t_356fc1eaad97f93b____c19_0____0_fair.csv;t_356fc1eaad97f93b____c20_1____0__t_356fc1eaad97f93b____c15_1____2_fair.csv;t_356fc1eaad97f93b____c20_0____0__t_356fc1eaad97f93b____c9_0____4_fair.csv;t_356fc1eaad97f93b____c20_0____0__t_356fc1eaad97f93b____c7_1____2_fair.csv;t_356fc1eaad97f93b____c20_0____0__t_356fc1eaad97f93b____c7_0____4_fair.csv;t_356fc1eaad97f93b____c20_0____0__t_356fc1eaad97f93b____c6_1____2_fair.csv;t_356fc1eaad97f93b____c20_0____0__t_356fc1eaad97f93b____c21_1____2_fair.csv;t_356fc1eaad97f93b____c20_0____0__t_356fc1eaad97f93b____c20_1____3_fair.csv;t_356fc1eaad97f93b____c20_0____0__t_356fc1eaad97f93b____c19_1____1_fair.csv;t_356fc1eaad97f93b____c20_0____0__t_356fc1eaad97f93b____c19_0____0_fair.csv;t_356fc1eaad97f93b____c20_0____0__t_356fc1eaad97f93b____c18_0____0_fair.csv;t_356fc1eaad97f93b____c19_1____0__t_356fc1eaad97f93b____c19_0____0_fair.csv,"{""needs_fairification"": true, ""success"": false, ""swaps_made"": 1, ""initial_fairness"": 0.0217, ""initial_delta"": 0.38, ""dominated_removed_count"": 34, ""dominance_candidate_pool_size"": 37, ""candidates_after_winnow"": 2}"
tusSmall3,nl,t_356fc1eaad97f93b____c18_0____0_fair.csv,5,1018,59,5,False,0.2585,1.0,0.004911591355599214,0.004911591355599214,78.75946444272995,78.75946444272995,t_356fc1eaad97f93b____c19_1____0__t_356fc1eaad97f93b____c22_1____1_fair.csv;t_356fc1eaad97f93b____c19_1____0.csv;t_356fc1eaad97f93b____c20_0____0.csv;t_356fc1eaad97f93b____c21_0____0__t_356fc1eaad97f93b____c18_0____0_fair.csv;t_356fc1eaad97f93b____c14_0____0__t_356fc1eaad97f93b____c18_0____0_fair.csv,"{""needs_fairification"": true, ""success"": false, ""swaps_made"": 4, ""initial_fairness"": 0.0789, ""initial_delta"": 0.32, ""dominated_removed_count"": 45, ""dominance_candidate_pool_size"": 54, ""candidates_after_winnow"": 5}"
tusSmall3,nl,t_356fc1eaad97f93b____c18_0____0_fair.csv,10,1018,59,10,False,0.127,0.9,0.008840864440078585,0.009823182711198428,163.99692571163177,163.99692571163177,t_356fc1eaad97f93b____c19_1____0__t_356fc1eaad97f93b____c22_1____2_fair.csv;t_356fc1eaad97f93b____c19_1____0__t_356fc1eaad97f93b____c22_1____1_fair.csv;t_356fc1eaad97f93b____c19_1____0__t_356fc1eaad97f93b____c21_1____2_fair.csv;t_356fc1eaad97f93b____c19_1____0__t_356fc1eaad97f93b____c20_1____3_fair.csv;t_356fc1eaad97f93b____c19_1____0__t_356fc1eaad97f93b____c19_1____1_fair.csv;t_356fc1eaad97f93b____c19_1____0__t_356fc1eaad97f93b____c19_0____0_fair.csv;t_356fc1eaad97f93b____c19_1____0__t_356fc1eaad97f93b____c18_0____0_fair.csv;t_356fc1eaad97f93b____c20_1____0__t_356fc1eaad97f93b____c20_1____3_fair.csv;t_356fc1eaad97f93b____c21_0____0__t_356fc1eaad97f93b____c18_0____0_fair.csv;t_356fc1eaad97f93b____c14_0____0__t_356fc1eaad97f93b____c18_0____0_fair.csv,"{""needs_fairification"": true, ""success"": false, ""swaps_made"": 3, ""initial_fairness"": 0.0402, ""initial_delta"": 0.36, ""dominated_removed_count"": 40, ""dominance_candidate_pool_size"": 49, ""candidates_after_winnow"": 6}"
tusSmall3,nl,t_356fc1eaad97f93b____c18_0____0_fair.csv,20,1018,59,20,False,0.0655,1.0,0.019646365422396856,0.019646365422396856,332.19683998823166,332.19683998823166,t_356fc1eaad97f93b____c19_1____0__t_356fc1eaad97f93b____c6_1____2_fair.csv;t_356fc1eaad97f93b____c19_1____0__t_356fc1eaad97f93b____c22_1____2_fair.csv;t_356fc1eaad97f93b____c19_1____0__t_356fc1eaad97f93b____c22_1____1_fair.csv;t_356fc1eaad97f93b____c19_1____0__t_356fc1eaad97f93b____c21_1____2_fair.csv;t_356fc1eaad97f93b____c19_1____0__t_356fc1eaad97f93b____c20_1____3_fair.csv;t_356fc1eaad97f93b____c19_1____0__t_356fc1eaad97f93b____c19_1____1_fair.csv;t_356fc1eaad97f93b____c19_1____0__t_356fc1eaad97f93b____c19_0____0_fair.csv;t_356fc1eaad97f93b____c19_1____0__t_356fc1eaad97f93b____c18_0____0_fair.csv;t_356fc1eaad97f93b____c19_1____0__t_356fc1eaad97f93b____c15_1____2_fair.csv;t_356fc1eaad97f93b____c19_1____0.csv;t_356fc1eaad97f93b____c20_0____0__t_356fc1eaad97f93b____c9_0____4_fair.csv;t_356fc1eaad97f93b____c20_0____0__t_356fc1eaad97f93b____c7_1____2_fair.csv;t_356fc1eaad97f93b____c20_0____0__t_356fc1eaad97f93b____c7_0____4_fair.csv;t_356fc1eaad97f93b____c20_0____0__t_356fc1eaad97f93b____c20_1____3_fair.csv;t_356fc1eaad97f93b____c20_0____0__t_356fc1eaad97f93b____c19_1____1_fair.csv;t_356fc1eaad97f93b____c20_0____0__t_356fc1eaad97f93b____c19_0____0_fair.csv;t_356fc1eaad97f93b____c20_0____0__t_356fc1eaad97f93b____c18_0____0_fair.csv;t_356fc1eaad97f93b____c20_0____0__t_356fc1eaad97f93b____c15_1____2_fair.csv;t_356fc1eaad97f93b____c21_0____0__t_356fc1eaad97f93b____c18_0____0_fair.csv;t_356fc1eaad97f93b____c14_0____0__t_356fc1eaad97f93b____c18_0____0_fair.csv,"{""needs_fairification"": true, ""success"": false, ""swaps_made"": 2, ""initial_fairness"": 0.0233, ""initial_delta"": 0.38, ""dominated_removed_count"": 34, ""dominance_candidate_pool_size"": 39, ""candidates_after_winnow"": 3}"
tusSmall3,nl,t_356fc1eaad97f93b____c6_1____2_fair.csv,5,1146,167,5,True,0.4266,0.8,0.0034904013961605585,0.004363001745200698,28.268238604068756,28.268238604068756,t_356fc1eaad97f93b____c6_1____4__t_356fc1eaad97f93b____c6_1____2_fair.csv;t_356fc1eaad97f93b____c6_1____1__t_356fc1eaad97f93b____c6_1____2_fair.csv;t_356fc1eaad97f93b____c6_1____3__t_356fc1eaad97f93b____c6_1____2_fair.csv;t_356fc1eaad97f93b____c6_1____4__t_356fc1eaad97f93b____c20_1____3_fair.csv;t_356fc1eaad97f93b____c7_1____1__t_356fc1eaad97f93b____c18_0____0_fair.csv,"{""needs_fairification"": true, ""success"": true, ""swaps_made"": 1, ""initial_fairness"": 0.2849, ""initial_delta"": 0.12, ""dominated_removed_count"": 148, ""dominance_candidate_pool_size"": 162, ""candidates_after_winnow"": 13}"
tusSmall3,nl,t_356fc1eaad97f93b____c6_1____2_fair.csv,10,1146,167,10,True,0.3195,0.6,0.005235602094240838,0.008726003490401396,56.202488481998444,56.202488481998444,t_356fc1eaad97f93b____c6_1____4__t_356fc1eaad97f93b____c6_1____2_fair.csv;t_356fc1eaad97f93b____c6_1____1__t_356fc1eaad97f93b____c6_1____2_fair.csv;t_356fc1eaad97f93b____c6_1____3__t_356fc1eaad97f93b____c6_1____2_fair.csv;t_356fc1eaad97f93b____c6_1____4__t_356fc1eaad97f93b____c15_1____2_fair.csv;t_356fc1eaad97f93b____c7_0____1__t_356fc1eaad97f93b____c7_0____4_fair.csv;t_356fc1eaad97f93b____c7_0____2__t_356fc1eaad97f93b____c7_0____4_fair.csv;t_356fc1eaad97f93b____c6_1____3__t_356fc1eaad97f93b____c20_1____3_fair.csv;t_356fc1eaad97f93b____c6_1____3__t_356fc1eaad97f93b____c15_1____2_fair.csv;t_356fc1eaad97f93b____c7_1____3__t_356fc1eaad97f93b____c18_0____0_fair.csv;t_356fc1eaad97f93b____c7_1____1__t_356fc1eaad97f93b____c18_0____0_fair.csv,"{""needs_fairification"": true, ""success"": true, ""swaps_made"": 2, ""initial_fairness"": 0.1615, ""initial_delta"": 0.24, ""dominated_removed_count"": 145, ""dominance_candidate_pool_size"": 157, ""candidates_after_winnow"": 10}"
tusSmall3,nl,t_356fc1eaad97f93b____c6_1____2_fair.csv,20,1146,167,20,True,0.3166,0.45,0.007853403141361256,0.017452006980802792,105.94585025310516,105.94585025310516,t_356fc1eaad97f93b____c6_1____4__t_356fc1eaad97f93b____c6_1____2_fair.csv;t_356fc1eaad97f93b____c6_1____1__t_356fc1eaad97f93b____c6_1____2_fair.csv;t_356fc1eaad97f93b____c6_1____3__t_356fc1eaad97f93b____c6_1____2_fair.csv;t_356fc1eaad97f93b____c6_1____3__t_356fc1eaad97f93b____c15_1____2_fair.csv;t_356fc1eaad97f93b____c7_0____3__t_356fc1eaad97f93b____c9_0____4_fair.csv;t_356fc1eaad97f93b____c6_1____4.csv;t_356fc1eaad97f93b____c6_1____1__t_356fc1eaad97f93b____c20_1____3_fair.csv;t_356fc1eaad97f93b____c6_1____1__t_356fc1eaad97f93b____c15_1____2_fair.csv;t_356fc1eaad97f93b____c7_0____2__t_356fc1eaad97f93b____c9_0____4_fair.csv;t_356fc1eaad97f93b____c6_1____3.csv;t_356fc1eaad97f93b____c7_0____2.csv;t_356fc1eaad97f93b____c7_0____1.csv;t_356fc1eaad97f93b____c6_1____1.csv;t_356fc1eaad97f93b____c6_0____2__t_356fc1eaad97f93b____c9_0____4_fair.csv;t_356fc1eaad97f93b____c7_1____3__t_356fc1eaad97f93b____c7_0____4_fair.csv;t_356fc1eaad97f93b____c7_1____3__t_356fc1eaad97f93b____c18_0____0_fair.csv;t_356fc1eaad97f93b____c7_1____3.csv;t_356fc1eaad97f93b____c7_1____1__t_356fc1eaad97f93b____c18_0____0_fair.csv;t_356fc1eaad97f93b____c7_1____1.csv;t_356fc1eaad97f93b____c3_0____0.csv,"{""needs_fairification"": true, ""success"": true, ""swaps_made"": 6, ""initial_fairness"": 0.1051, ""initial_delta"": 0.29, ""dominated_removed_count"": 138, ""dominance_candidate_pool_size"": 147, ""candidates_after_winnow"": 3}"
tusSmall3,nl,t_356fc1eaad97f93b____c7_0____4_fair.csv,5,1051,171,5,True,0.4326,0.8,0.003805899143672693,0.004757373929590866,31.933235108852386,31.933235108852386,t_356fc1eaad97f93b____c7_0____1__t_356fc1eaad97f93b____c7_0____4_fair.csv;t_356fc1eaad97f93b____c7_0____2__t_356fc1eaad97f93b____c7_0____4_fair.csv;t_356fc1eaad97f93b____c7_0____3__t_356fc1eaad97f93b____c9_0____4_fair.csv;t_356fc1eaad97f93b____c7_0____1__t_356fc1eaad97f93b____c9_0____4_fair.csv;t_356fc1eaad97f93b____c13_0____4__t_356fc1eaad97f93b____c9_0____4_fair.csv,"{""needs_fairification"": true, ""success"": true, ""swaps_made"": 1, ""initial_fairness"": 0.2847, ""initial_delta"": 0.12, ""dominated_removed_count"": 155, ""dominance_candidate_pool_size"": 166, ""candidates_after_winnow"": 10}"
tusSmall3,nl,t_356fc1eaad97f93b____c7_0____4_fair.csv,10,1051,171,10,True,0.3161,0.9,0.008563273073263558,0.009514747859181731,63.0245121717453,63.0245121717453,t_356fc1eaad97f93b____c7_0____1__t_356fc1eaad97f93b____c7_0____4_fair.csv;t_356fc1eaad97f93b____c7_0____2__t_356fc1eaad97f93b____c7_0____4_fair.csv;t_356fc1eaad97f93b____c7_0____3__t_356fc1eaad97f93b____c9_0____4_fair.csv;t_356fc1eaad97f93b____c7_0____1__t_356fc1eaad97f93b____c9_0____4_fair.csv;t_356fc1eaad97f93b____c7_0____2__t_356fc1eaad97f93b____c9_0____4_fair.csv;t_356fc1eaad97f93b____c7_0____3.csv;t_356fc1eaad97f93b____c7_0____1.csv;t_356fc1eaad97f93b____c7_0____2.csv;t_356fc1eaad97f93b____c7_1____4__t_356fc1eaad97f93b____c7_0____4_fair.csv;t_356fc1eaad97f93b____c13_0____4__t_356fc1eaad97f93b____c9_0____4_fair.csv,"{""needs_fairification"": true, ""success"": true, ""swaps_made"": 1, ""initial_fairness"": 0.2227, ""initial_delta"": 0.18, ""dominated_removed_count"": 150, ""dominance_candidate_pool_size"": 161, ""candidates_after_winnow"": 10}"
tusSmall3,nl,t_356fc1eaad97f93b____c7_0____4_fair.csv,20,1051,171,20,True,0.3233,0.65,0.012369172216936251,0.019029495718363463,118.14009892940521,118.14009892940521,t_356fc1eaad97f93b____c7_0____1__t_356fc1eaad97f93b____c7_0____4_fair.csv;t_356fc1eaad97f93b____c7_0____2__t_356fc1eaad97f93b____c7_0____4_fair.csv;t_356fc1eaad97f93b____c7_0____2__t_356fc1eaad97f93b____c9_0____4_fair.csv;t_356fc1eaad97f93b____c7_0____3.csv;t_356fc1eaad97f93b____c7_0____1.csv;t_356fc1eaad97f93b____c7_0____2.csv;t_356fc1eaad97f93b____c7_1____4__t_356fc1eaad97f93b____c7_0____4_fair.csv;t_356fc1eaad97f93b____c7_1____3__t_356fc1eaad97f93b____c7_0____4_fair.csv;t_356fc1eaad97f93b____c6_1____4__t_356fc1eaad97f93b____c6_1____2_fair.csv;t_356fc1eaad97f93b____c6_1____3__t_356fc1eaad97f93b____c6_1____2_fair.csv;t_356fc1eaad97f93b____c7_1____4__t_356fc1eaad97f93b____c7_1____2_fair.csv;t_356fc1eaad97f93b____c7_1____4__t_356fc1eaad97f93b____c18_0____0_fair.csv;t_356fc1eaad97f93b____c7_1____4.csv;t_356fc1eaad97f93b____c6_1____1__t_356fc1eaad97f93b____c6_1____2_fair.csv;t_356fc1eaad97f93b____c13_0____3__t_356fc1eaad97f93b____c6_1____2_fair.csv;t_356fc1eaad97f93b____c7_1____3__t_356fc1eaad97f93b____c7_1____2_fair.csv;t_356fc1eaad97f93b____c7_1____3__t_356fc1eaad97f93b____c18_0____0_fair.csv;t_356fc1eaad97f93b____c13_0____4__t_356fc1eaad97f93b____c6_1____2_fair.csv;t_356fc1eaad97f93b____c13_0____4__t_356fc1eaad97f93b____c9_0____4_fair.csv;t_356fc1eaad97f93b____c13_0____4__t_356fc1eaad97f93b____c20_1____3_fair.csv,"{""needs_fairification"": true, ""success"": true, ""swaps_made"": 3, ""initial_fairness"": 0.179, ""initial_delta"": 0.22, ""dominated_removed_count"": 142, ""dominance_candidate_pool_size"": 151, ""candidates_after_winnow"": 6}"
tusSmall3,nl,t_356fc1eaad97f93b____c7_1____2_fair.csv,5,847,134,5,True,0.4109,0.8,0.004722550177095631,0.0059031877213695395,32.3632835149765,32.3632835149765,t_356fc1eaad97f93b____c7_1____3__t_356fc1eaad97f93b____c7_1____2_fair.csv;t_356fc1eaad97f93b____c7_1____3.csv;t_356fc1eaad97f93b____c7_1____1__t_356fc1eaad97f93b____c7_1____2_fair.csv;t_356fc1eaad97f93b____c7_1____1__t_356fc1eaad97f93b____c18_0____0_fair.csv;t_356fc1eaad97f93b____c6_0____4__t_356fc1eaad97f93b____c9_0____4_fair.csv,"{""needs_fairification"": true, ""success"": true, ""swaps_made"": 1, ""initial_fairness"": 0.2254, ""initial_delta"": 0.17, ""dominated_removed_count"": 121, ""dominance_candidate_pool_size"": 129, ""candidates_after_winnow"": 7}"
tusSmall3,nl,t_356fc1eaad97f93b____c7_1____2_fair.csv,10,847,134,10,True,0.3558,0.7,0.008264462809917356,0.011806375442739079,63.447531044483185,63.447531044483185,t_356fc1eaad97f93b____c7_1____3__t_356fc1eaad97f93b____c7_1____2_fair.csv;t_356fc1eaad97f93b____c7_1____1__t_356fc1eaad97f93b____c7_1____2_fair.csv;t_356fc1eaad97f93b____c7_1____1__t_356fc1eaad97f93b____c18_0____0_fair.csv;t_356fc1eaad97f93b____c7_1____1.csv;t_356fc1eaad97f93b____c7_1____4__t_356fc1eaad97f93b____c7_1____2_fair.csv;t_356fc1eaad97f93b____c7_1____4__t_356fc1eaad97f93b____c18_0____0_fair.csv;t_356fc1eaad97f93b____c7_1____4.csv;t_356fc1eaad97f93b____c7_0____2.csv;t_356fc1eaad97f93b____c6_0____4.csv;t_356fc1eaad97f93b____c6_0____4__t_356fc1eaad97f93b____c9_0____4_fair.csv,"{""needs_fairification"": true, ""success"": true, ""swaps_made"": 2, ""initial_fairness"": 0.1837, ""initial_delta"": 0.22, ""dominated_removed_count"": 118, ""dominance_candidate_pool_size"": 124, ""candidates_after_winnow"": 4}"
tusSmall3,nl,t_356fc1eaad97f93b____c7_1____2_fair.csv,20,847,134,20,True,0.2963,0.4,0.009445100354191263,0.023612750885478158,125.29888612031937,125.29888612031937,t_356fc1eaad97f93b____c7_1____3__t_356fc1eaad97f93b____c7_1____2_fair.csv;t_356fc1eaad97f93b____c7_1____1__t_356fc1eaad97f93b____c7_1____2_fair.csv;t_356fc1eaad97f93b____c7_1____1.csv;t_356fc1eaad97f93b____c7_1____4__t_356fc1eaad97f93b____c7_1____2_fair.csv;t_356fc1eaad97f93b____c7_1____4.csv;t_356fc1eaad97f93b____c7_0____2.csv;t_356fc1eaad97f93b____c7_0____1.csv;t_356fc1eaad97f93b____c7_0____3.csv;t_356fc1eaad97f93b____c8_1____3__t_356fc1eaad97f93b____c7_1____2_fair.csv;t_356fc1eaad97f93b____c7_0____1__t_356fc1eaad97f93b____c9_0____4_fair.csv;t_356fc1eaad97f93b____c7_0____2__t_356fc1eaad97f93b____c9_0____4_fair.csv;t_356fc1eaad97f93b____c7_0____3__t_356fc1eaad97f93b____c9_0____4_fair.csv;t_356fc1eaad97f93b____c13_0____1__t_356fc1eaad97f93b____c22_1____2_fair.csv;t_356fc1eaad97f93b____c13_0____1__t_356fc1eaad97f93b____c22_1____1_fair.csv;t_356fc1eaad97f93b____c13_0____1__t_356fc1eaad97f93b____c21_1____2_fair.csv;t_356fc1eaad97f93b____c13_1____1.csv;t_356fc1eaad97f93b____c8_0____4__t_356fc1eaad97f93b____c7_1____2_fair.csv;t_356fc1eaad97f93b____c8_0____3.csv;t_356fc1eaad97f93b____c6_0____4.csv;t_356fc1eaad97f93b____c6_0____4__t_356fc1eaad97f93b____c9_0____4_fair.csv,"{""needs_fairification"": true, ""success"": true, ""swaps_made"": 5, ""initial_fairness"": 0.1658, ""initial_delta"": 0.23, ""dominated_removed_count"": 104, ""dominance_candidate_pool_size"": 114, ""candidates_after_winnow"": 5}"
tusSmall3,nl,t_356fc1eaad97f93b____c9_0____4_fair.csv,5,1272,115,5,True,0.3467,1.0,0.003930817610062893,0.003930817610062893,38.92400926351547,38.92400926351547,t_356fc1eaad97f93b____c9_0____1__t_356fc1eaad97f93b____c9_0____4_fair.csv;t_356fc1eaad97f93b____c9_0____1__t_356fc1eaad97f93b____c22_1____2_fair.csv;t_356fc1eaad97f93b____c9_0____1__t_356fc1eaad97f93b____c22_1____1_fair.csv;t_356fc1eaad97f93b____c9_0____2__t_356fc1eaad97f93b____c9_0____4_fair.csv;t_356fc1eaad97f93b____c5_1____4__t_356fc1eaad97f93b____c9_0____4_fair.csv,"{""needs_fairification"": true, ""success"": true, ""swaps_made"": 1, ""initial_fairness"": 0.2617, ""initial_delta"": 0.14, ""dominated_removed_count"": 105, ""dominance_candidate_pool_size"": 110, ""candidates_after_winnow"": 4}"
tusSmall3,nl,t_356fc1eaad97f93b____c9_0____4_fair.csv,10,1272,115,10,False,0.2586,1.0,0.007861635220125786,0.007861635220125786,80.20098519325256,80.20098519325256,t_356fc1eaad97f93b____c9_0____1__t_356fc1eaad97f93b____c9_0____4_fair.csv;t_356fc1eaad97f93b____c9_0____1__t_356fc1eaad97f93b____c22_1____1_fair.csv;t_356fc1eaad97f93b____c9_0____2__t_356fc1eaad97f93b____c9_0____4_fair.csv;t_356fc1eaad97f93b____c9_0____2__t_356fc1eaad97f93b____c22_1____2_fair.csv;t_356fc1eaad97f93b____c9_0____2__t_356fc1eaad97f93b____c22_1____1_fair.csv;t_356fc1eaad97f93b____c9_0____2.csv;t_356fc1eaad97f93b____c9_0____1.csv;t_356fc1eaad97f93b____c9_0____3.csv;t_356fc1eaad97f93b____c9_0____3__t_356fc1eaad97f93b____c9_0____4_fair.csv;t_356fc1eaad97f93b____c5_1____4__t_356fc1eaad97f93b____c9_0____4_fair.csv,"{""needs_fairification"": true, ""success"": false, ""swaps_made"": 3, ""initial_fairness"": 0.1649, ""initial_delta"": 0.24, ""dominated_removed_count"": 99, ""dominance_candidate_pool_size"": 105, ""candidates_after_winnow"": 3}"
tusSmall3,nl,t_356fc1eaad97f93b____c9_0____4_fair.csv,20,1272,115,20,False,0.1266,0.8,0.012578616352201259,0.015723270440251572,162.68690353631973,162.68690353631973,t_356fc1eaad97f93b____c9_0____1__t_356fc1eaad97f93b____c9_0____4_fair.csv;t_356fc1eaad97f93b____c9_0____1__t_356fc1eaad97f93b____c22_1____1_fair.csv;t_356fc1eaad97f93b____c9_0____2__t_356fc1eaad97f93b____c9_0____4_fair.csv;t_356fc1eaad97f93b____c9_0____2__t_356fc1eaad97f93b____c7_1____2_fair.csv;t_356fc1eaad97f93b____c9_0____2__t_356fc1eaad97f93b____c22_1____2_fair.csv;t_356fc1eaad97f93b____c9_0____2__t_356fc1eaad97f93b____c22_1____1_fair.csv;t_356fc1eaad97f93b____c9_0____2.csv;t_356fc1eaad97f93b____c9_0____1.csv;t_356fc1eaad97f93b____c10_0____3__t_356fc1eaad97f93b____c7_0____4_fair.csv;t_356fc1eaad97f93b____c12_1____4__t_356fc1eaad97f93b____c7_0____4_fair.csv;t_356fc1eaad97f93b____c12_1____4__t_356fc1eaad97f93b____c6_1____2_fair.csv;t_356fc1eaad97f93b____c12_1____1__t_356fc1eaad97f93b____c6_1____2_fair.csv;t_356fc1eaad97f93b____c12_1____2__t_356fc1eaad97f93b____c6_1____2_fair.csv;t_356fc1eaad97f93b____c10_0____3__t_356fc1eaad97f93b____c9_0____4_fair.csv;t_356fc1eaad97f93b____c10_0____3__t_356fc1eaad97f93b____c7_1____2_fair.csv;t_356fc1eaad97f93b____c10_0____3__t_356fc1eaad97f93b____c22_1____2_fair.csv;t_356fc1eaad97f93b____c10_0____3__t_356fc1eaad97f93b____c22_1____1_fair.csv;t_356fc1eaad97f93b____c10_0____1__t_356fc1eaad97f93b____c7_0____4_fair.csv;t_356fc1eaad97f93b____c9_0____3__t_356fc1eaad97f93b____c9_0____4_fair.csv;t_356fc1eaad97f93b____c5_1____4__t_356fc1eaad97f93b____c9_0____4_fair.csv,"{""needs_fairification"": true, ""success"": false, ""swaps_made"": 2, ""initial_fairness"": 0.0823, ""initial_delta"": 0.32, ""dominated_removed_count"": 90, ""dominance_candidate_pool_size"": 95, ""candidates_after_winnow"": 3}"
tusSmall3,nl,t_356fc1eaad97f93b____c19_1____1_fair.csv,5,1029,69,5,False,0.2591,1.0,0.004859086491739553,0.004859086491739553,91.13589209318161,91.13589209318161,t_356fc1eaad97f93b____c21_1____1__t_356fc1eaad97f93b____c22_1____2_fair.csv;t_356fc1eaad97f93b____c21_1____1__t_356fc1eaad97f93b____c22_1____1_fair.csv;t_356fc1eaad97f93b____c21_1____1__t_356fc1eaad97f93b____c21_1____2_fair.csv;t_356fc1eaad97f93b____c21_1____1__t_356fc1eaad97f93b____c19_1____1_fair.csv;t_356fc1eaad97f93b____c19_0____1__t_356fc1eaad97f93b____c19_1____1_fair.csv,"{""needs_fairification"": true, ""success"": false, ""swaps_made"": 2, ""initial_fairness"": 0.0866, ""initial_delta"": 0.31, ""dominated_removed_count"": 62, ""dominance_candidate_pool_size"": 64, ""candidates_after_winnow"": 0}"
tusSmall3,nl,t_356fc1eaad97f93b____c19_1____1_fair.csv,10,1029,69,10,False,0.1351,1.0,0.009718172983479106,0.009718172983479106,182.36249244213104,182.36249244213104,t_356fc1eaad97f93b____c21_1____1__t_356fc1eaad97f93b____c7_1____2_fair.csv;t_356fc1eaad97f93b____c21_1____1__t_356fc1eaad97f93b____c22_1____2_fair.csv;t_356fc1eaad97f93b____c21_1____1__t_356fc1eaad97f93b____c22_1____1_fair.csv;t_356fc1eaad97f93b____c21_1____1__t_356fc1eaad97f93b____c20_1____3_fair.csv;t_356fc1eaad97f93b____c21_1____1__t_356fc1eaad97f93b____c19_1____1_fair.csv;t_356fc1eaad97f93b____c21_1____1__t_356fc1eaad97f93b____c19_0____0_fair.csv;t_356fc1eaad97f93b____c21_1____1__t_356fc1eaad97f93b____c18_0____0_fair.csv;t_356fc1eaad97f93b____c21_1____1__t_356fc1eaad97f93b____c15_1____2_fair.csv;t_356fc1eaad97f93b____c21_1____1__t_356fc1eaad97f93b____c6_1____2_fair.csv;t_356fc1eaad97f93b____c19_0____1__t_356fc1eaad97f93b____c19_1____1_fair.csv,"{""needs_fairification"": true, ""success"": false, ""swaps_made"": 2, ""initial_fairness"": 0.0881, ""initial_delta"": 0.31, ""dominated_removed_count"": 54, ""dominance_candidate_pool_size"": 59, ""candidates_after_winnow"": 3}"
tusSmall3,nl,t_356fc1eaad97f93b____c19_1____1_fair.csv,20,1029,69,20,False,0.0733,1.0,0.019436345966958212,0.019436345966958212,362.6448830962181,362.6448830962181,t_356fc1eaad97f93b____c21_1____1__t_356fc1eaad97f93b____c7_1____2_fair.csv;t_356fc1eaad97f93b____c21_1____1__t_356fc1eaad97f93b____c22_1____2_fair.csv;t_356fc1eaad97f93b____c21_1____1__t_356fc1eaad97f93b____c22_1____1_fair.csv;t_356fc1eaad97f93b____c21_1____1__t_356fc1eaad97f93b____c21_1____2_fair.csv;t_356fc1eaad97f93b____c21_1____1__t_356fc1eaad97f93b____c20_1____3_fair.csv;t_356fc1eaad97f93b____c21_1____1__t_356fc1eaad97f93b____c19_1____1_fair.csv;t_356fc1eaad97f93b____c21_1____1__t_356fc1eaad97f93b____c19_0____0_fair.csv;t_356fc1eaad97f93b____c21_1____1__t_356fc1eaad97f93b____c18_0____0_fair.csv;t_356fc1eaad97f93b____c21_1____1__t_356fc1eaad97f93b____c15_1____2_fair.csv;t_356fc1eaad97f93b____c20_1____1__t_356fc1eaad97f93b____c7_0____4_fair.csv;t_356fc1eaad97f93b____c21_1____1__t_356fc1eaad97f93b____c7_0____4_fair.csv;t_356fc1eaad97f93b____c20_1____1__t_356fc1eaad97f93b____c6_1____2_fair.csv;t_356fc1eaad97f93b____c21_1____1__t_356fc1eaad97f93b____c6_1____2_fair.csv;t_356fc1eaad97f93b____c20_0____1__t_356fc1eaad97f93b____c7_0____4_fair.csv;t_356fc1eaad97f93b____c19_0____1__t_356fc1eaad97f93b____c9_0____4_fair.csv;t_356fc1eaad97f93b____c19_0____1__t_356fc1eaad97f93b____c22_1____2_fair.csv;t_356fc1eaad97f93b____c19_0____1__t_356fc1eaad97f93b____c22_1____1_fair.csv;t_356fc1eaad97f93b____c19_0____1__t_356fc1eaad97f93b____c21_1____2_fair.csv;t_356fc1eaad97f93b____c19_0____1__t_356fc1eaad97f93b____c20_1____3_fair.csv;t_356fc1eaad97f93b____c19_0____1__t_356fc1eaad97f93b____c19_1____1_fair.csv,"{""needs_fairification"": true, ""success"": false, ""swaps_made"": 1, ""initial_fairness"": 0.0485, ""initial_delta"": 0.35, ""dominated_removed_count"": 48, ""dominance_candidate_pool_size"": 49, ""candidates_after_winnow"": 0}"
tusSmall3,nl,t_356fc1eaad97f93b____c20_1____3_fair.csv,5,1146,54,5,False,0.188,1.0,0.004363001745200698,0.004363001745200698,91.9995447397232,91.9995447397232,t_356fc1eaad97f93b____c21_1____3__t_356fc1eaad97f93b____c22_1____1_fair.csv;t_356fc1eaad97f93b____c20_0____3.csv;t_356fc1eaad97f93b____c19_1____3.csv;t_356fc1eaad97f93b____c19_1____3__t_356fc1eaad97f93b____c6_1____2_fair.csv;t_356fc1eaad97f93b____c18_1____3__t_356fc1eaad97f93b____c20_1____3_fair.csv,"{""needs_fairification"": true, ""success"": false, ""swaps_made"": 4, ""initial_fairness"": 0.0767, ""initial_delta"": 0.32, ""dominated_removed_count"": 40, ""dominance_candidate_pool_size"": 49, ""candidates_after_winnow"": 5}"
tusSmall3,nl,t_356fc1eaad97f93b____c20_1____3_fair.csv,10,1146,54,10,False,0.0868,1.0,0.008726003490401396,0.008726003490401396,191.08364522457123,191.08364522457123,t_356fc1eaad97f93b____c21_1____3__t_356fc1eaad97f93b____c7_1____2_fair.csv;t_356fc1eaad97f93b____c21_1____3__t_356fc1eaad97f93b____c22_1____2_fair.csv;t_356fc1eaad97f93b____c21_1____3__t_356fc1eaad97f93b____c22_1____1_fair.csv;t_356fc1eaad97f93b____c21_1____3__t_356fc1eaad97f93b____c21_1____2_fair.csv;t_356fc1eaad97f93b____c21_1____3__t_356fc1eaad97f93b____c20_1____3_fair.csv;t_356fc1eaad97f93b____c21_1____3__t_356fc1eaad97f93b____c19_1____1_fair.csv;t_356fc1eaad97f93b____c21_1____3__t_356fc1eaad97f93b____c19_0____0_fair.csv;t_356fc1eaad97f93b____c21_1____3__t_356fc1eaad97f93b____c18_0____0_fair.csv;t_356fc1eaad97f93b____c19_1____3.csv;t_356fc1eaad97f93b____c18_1____3__t_356fc1eaad97f93b____c20_1____3_fair.csv,"{""needs_fairification"": true, ""success"": false, ""swaps_made"": 2, ""initial_fairness"": 0.04, ""initial_delta"": 0.36, ""dominated_removed_count"": 35, ""dominance_candidate_pool_size"": 44, ""candidates_after_winnow"": 7}"
tusSmall3,nl,t_356fc1eaad97f93b____c20_1____3_fair.csv,20,1146,54,20,False,0.0458,1.0,0.017452006980802792,0.017452006980802792,384.53131234645844,384.53131234645844,t_356fc1eaad97f93b____c21_1____3__t_356fc1eaad97f93b____c7_1____2_fair.csv;t_356fc1eaad97f93b____c21_1____3__t_356fc1eaad97f93b____c22_1____2_fair.csv;t_356fc1eaad97f93b____c21_1____3__t_356fc1eaad97f93b____c22_1____1_fair.csv;t_356fc1eaad97f93b____c21_1____3__t_356fc1eaad97f93b____c21_1____2_fair.csv;t_356fc1eaad97f93b____c21_1____3__t_356fc1eaad97f93b____c20_1____3_fair.csv;t_356fc1eaad97f93b____c21_1____3__t_356fc1eaad97f93b____c19_1____1_fair.csv;t_356fc1eaad97f93b____c21_1____3__t_356fc1eaad97f93b____c19_0____0_fair.csv;t_356fc1eaad97f93b____c21_1____3__t_356fc1eaad97f93b____c18_0____0_fair.csv;t_356fc1eaad97f93b____c21_1____3__t_356fc1eaad97f93b____c15_1____2_fair.csv;t_356fc1eaad97f93b____c20_0____3.csv;t_356fc1eaad97f93b____c20_0____3__t_356fc1eaad97f93b____c9_0____4_fair.csv;t_356fc1eaad97f93b____c20_0____3__t_356fc1eaad97f93b____c7_1____2_fair.csv;t_356fc1eaad97f93b____c20_0____3__t_356fc1eaad97f93b____c21_1____2_fair.csv;t_356fc1eaad97f93b____c20_0____3__t_356fc1eaad97f93b____c20_1____3_fair.csv;t_356fc1eaad97f93b____c20_0____3__t_356fc1eaad97f93b____c19_1____1_fair.csv;t_356fc1eaad97f93b____c20_0____3__t_356fc1eaad97f93b____c19_0____0_fair.csv;t_356fc1eaad97f93b____c20_0____3__t_356fc1eaad97f93b____c18_0____0_fair.csv;t_356fc1eaad97f93b____c20_0____3__t_356fc1eaad97f93b____c15_1____2_fair.csv;t_356fc1eaad97f93b____c19_1____3__t_356fc1eaad97f93b____c7_1____2_fair.csv;t_356fc1eaad97f93b____c18_1____3__t_356fc1eaad97f93b____c20_1____3_fair.csv,"{""needs_fairification"": true, ""success"": false, ""swaps_made"": 2, ""initial_fairness"": 0.0211, ""initial_delta"": 0.38, ""dominated_removed_count"": 25, ""dominance_candidate_pool_size"": 34, ""candidates_after_winnow"": 7}"
tusSmall3,nl,t_356fc1eaad97f93b____c21_1____2_fair.csv,5,1029,56,5,False,0.256,1.0,0.004859086491739553,0.004859086491739553,97.70220273733139,97.70220273733139,t_356fc1eaad97f93b____c21_0____2__t_356fc1eaad97f93b____c22_1____1_fair.csv;t_356fc1eaad97f93b____c21_0____2.csv;t_356fc1eaad97f93b____c20_1____2__t_356fc1eaad97f93b____c6_1____2_fair.csv;t_356fc1eaad97f93b____c20_0____2__t_356fc1eaad97f93b____c21_1____2_fair.csv;t_356fc1eaad97f93b____c19_0____2__t_356fc1eaad97f93b____c21_1____2_fair.csv,"{""needs_fairification"": true, ""success"": false, ""swaps_made"": 4, ""initial_fairness"": 0.0806, ""initial_delta"": 0.32, ""dominated_removed_count"": 44, ""dominance_candidate_pool_size"": 51, ""candidates_after_winnow"": 3}"
tusSmall3,nl,t_356fc1eaad97f93b____c21_1____2_fair.csv,10,1029,56,10,False,0.1271,1.0,0.009718172983479106,0.009718172983479106,200.4123421907425,200.4123421907425,t_356fc1eaad97f93b____c21_0____2__t_356fc1eaad97f93b____c22_1____2_fair.csv;t_356fc1eaad97f93b____c21_0____2__t_356fc1eaad97f93b____c22_1____1_fair.csv;t_356fc1eaad97f93b____c21_0____2__t_356fc1eaad97f93b____c21_1____2_fair.csv;t_356fc1eaad97f93b____c21_0____2__t_356fc1eaad97f93b____c20_1____3_fair.csv;t_356fc1eaad97f93b____c21_0____2__t_356fc1eaad97f93b____c19_1____1_fair.csv;t_356fc1eaad97f93b____c21_0____2__t_356fc1eaad97f93b____c19_0____0_fair.csv;t_356fc1eaad97f93b____c21_0____2__t_356fc1eaad97f93b____c18_0____0_fair.csv;t_356fc1eaad97f93b____c21_0____2__t_356fc1eaad97f93b____c15_1____2_fair.csv;t_356fc1eaad97f93b____c20_0____2__t_356fc1eaad97f93b____c21_1____2_fair.csv;t_356fc1eaad97f93b____c19_0____2__t_356fc1eaad97f93b____c21_1____2_fair.csv,"{""needs_fairification"": true, ""success"": false, ""swaps_made"": 2, ""initial_fairness"": 0.0422, ""initial_delta"": 0.36, ""dominated_removed_count"": 40, ""dominance_candidate_pool_size"": 46, ""candidates_after_winnow"": 4}"
tusSmall3,nl,t_356fc1eaad97f93b____c21_1____2_fair.csv,20,1029,56,20,False,0.1117,1.0,0.019436345966958212,0.019436345966958212,392.84081918001175,392.84081918001175,t_356fc1eaad97f93b____c21_0____2__t_356fc1eaad97f93b____c22_1____1_fair.csv;t_356fc1eaad97f93b____c21_0____2__t_356fc1eaad97f93b____c21_1____2_fair.csv;t_356fc1eaad97f93b____c21_0____2__t_356fc1eaad97f93b____c20_1____3_fair.csv;t_356fc1eaad97f93b____c21_0____2__t_356fc1eaad97f93b____c19_1____1_fair.csv;t_356fc1eaad97f93b____c21_0____2__t_356fc1eaad97f93b____c19_0____0_fair.csv;t_356fc1eaad97f93b____c21_0____2__t_356fc1eaad97f93b____c18_0____0_fair.csv;t_356fc1eaad97f93b____c21_0____2__t_356fc1eaad97f93b____c15_1____2_fair.csv;t_356fc1eaad97f93b____c21_0____2.csv;t_356fc1eaad97f93b____c21_0____2__t_356fc1eaad97f93b____c6_1____2_fair.csv;t_356fc1eaad97f93b____c20_1____2__t_356fc1eaad97f93b____c6_1____2_fair.csv;t_356fc1eaad97f93b____c20_0____2__t_356fc1eaad97f93b____c6_1____2_fair.csv;t_356fc1eaad97f93b____c20_0____2__t_356fc1eaad97f93b____c7_0____4_fair.csv;t_356fc1eaad97f93b____c20_1____2__t_356fc1eaad97f93b____c7_0____4_fair.csv;t_356fc1eaad97f93b____c20_0____2__t_356fc1eaad97f93b____c9_0____4_fair.csv;t_356fc1eaad97f93b____c20_0____2__t_356fc1eaad97f93b____c7_1____2_fair.csv;t_356fc1eaad97f93b____c20_0____2__t_356fc1eaad97f93b____c21_1____2_fair.csv;t_356fc1eaad97f93b____c20_0____2__t_356fc1eaad97f93b____c20_1____3_fair.csv;t_356fc1eaad97f93b____c20_1____2__t_356fc1eaad97f93b____c21_1____2_fair.csv;t_356fc1eaad97f93b____c19_1____2__t_356fc1eaad97f93b____c21_1____2_fair.csv;t_356fc1eaad97f93b____c19_0____2__t_356fc1eaad97f93b____c21_1____2_fair.csv,"{""needs_fairification"": true, ""success"": false, ""swaps_made"": 3, ""initial_fairness"": 0.0481, ""initial_delta"": 0.35, ""dominated_removed_count"": 31, ""dominance_candidate_pool_size"": 36, ""candidates_after_winnow"": 2}"
tusSmall3,nl,t_67c3f7ce5eab8804____c12_0____1_fair.csv,5,454,93,5,True,0.3171,1.0,0.011013215859030838,0.011013215859030838,57.74910658597946,57.74910658597946,t_67c3f7ce5eab8804____c13_1____0__t_67c3f7ce5eab8804____c13_0____4_fair.csv;t_67c3f7ce5eab8804____c15_1____1__t_67c3f7ce5eab8804____c12_0____1_fair.csv;t_67c3f7ce5eab8804____c16_0____4.csv;t_67c3f7ce5eab8804____c12_0____3__t_67c3f7ce5eab8804____c12_0____1_fair.csv;t_67c3f7ce5eab8804____c14_1____4__t_67c3f7ce5eab8804____c12_0____1_fair.csv,"{""needs_fairification"": true, ""success"": true, ""swaps_made"": 4, ""initial_fairness"": 0.0774, ""initial_delta"": 0.32, ""dominated_removed_count"": 82, ""dominance_candidate_pool_size"": 88, ""candidates_after_winnow"": 2}"
tusSmall3,nl,t_67c3f7ce5eab8804____c12_0____1_fair.csv,10,454,93,10,False,0.1785,1.0,0.022026431718061675,0.022026431718061675,115.72077995538712,115.72077995538712,t_67c3f7ce5eab8804____c13_1____0__t_67c3f7ce5eab8804____c13_0____4_fair.csv;t_67c3f7ce5eab8804____c13_1____0__t_67c3f7ce5eab8804____c13_0____0_fair.csv;t_67c3f7ce5eab8804____c13_1____0__t_67c3f7ce5eab8804____c12_0____1_fair.csv;t_67c3f7ce5eab8804____c15_1____1.csv;t_67c3f7ce5eab8804____c15_1____1__t_67c3f7ce5eab8804____c6_1____4_fair.csv;t_67c3f7ce5eab8804____c15_1____1__t_67c3f7ce5eab8804____c6_1____0_fair.csv;t_67c3f7ce5eab8804____c15_1____1__t_67c3f7ce5eab8804____c12_0____1_fair.csv;t_67c3f7ce5eab8804____c16_0____4.csv;t_67c3f7ce5eab8804____c12_0____3__t_67c3f7ce5eab8804____c12_0____1_fair.csv;t_67c3f7ce5eab8804____c14_1____4__t_67c3f7ce5eab8804____c12_0____1_fair.csv,"{""needs_fairification"": true, ""success"": false, ""swaps_made"": 4, ""initial_fairness"": 0.0451, ""initial_delta"": 0.35, ""dominated_removed_count"": 79, ""dominance_candidate_pool_size"": 83, ""candidates_after_winnow"": 0}"
tusSmall3,nl,t_67c3f7ce5eab8804____c12_0____1_fair.csv,20,454,93,20,False,0.0899,1.0,0.04405286343612335,0.04405286343612335,231.49785435199738,231.49785435199738,t_67c3f7ce5eab8804____c13_1____0__t_67c3f7ce5eab8804____c16_0____2_fair.csv;t_67c3f7ce5eab8804____c13_1____0__t_67c3f7ce5eab8804____c14_0____2_fair.csv;t_67c3f7ce5eab8804____c13_1____0__t_67c3f7ce5eab8804____c13_0____4_fair.csv;t_67c3f7ce5eab8804____c13_1____0__t_67c3f7ce5eab8804____c13_0____0_fair.csv;t_67c3f7ce5eab8804____c13_1____0__t_67c3f7ce5eab8804____c12_0____1_fair.csv;t_67c3f7ce5eab8804____c15_1____1.csv;t_67c3f7ce5eab8804____c15_1____1__t_67c3f7ce5eab8804____c6_1____4_fair.csv;t_67c3f7ce5eab8804____c15_1____1__t_67c3f7ce5eab8804____c6_1____0_fair.csv;t_67c3f7ce5eab8804____c15_1____1__t_67c3f7ce5eab8804____c4_1____1_fair.csv;t_67c3f7ce5eab8804____c15_1____1__t_67c3f7ce5eab8804____c16_0____2_fair.csv;t_67c3f7ce5eab8804____c15_1____1__t_67c3f7ce5eab8804____c15_0____3_fair.csv;t_67c3f7ce5eab8804____c15_1____1__t_67c3f7ce5eab8804____c14_0____2_fair.csv;t_67c3f7ce5eab8804____c15_1____1__t_67c3f7ce5eab8804____c13_0____4_fair.csv;t_67c3f7ce5eab8804____c15_1____1__t_67c3f7ce5eab8804____c13_0____0_fair.csv;t_67c3f7ce5eab8804____c15_1____1__t_67c3f7ce5eab8804____c12_0____1_fair.csv;t_67c3f7ce5eab8804____c14_1____0__t_67c3f7ce5eab8804____c6_1____4_fair.csv;t_67c3f7ce5eab8804____c14_1____0__t_67c3f7ce5eab8804____c6_1____0_fair.csv;t_67c3f7ce5eab8804____c14_1____0__t_67c3f7ce5eab8804____c4_1____1_fair.csv;t_67c3f7ce5eab8804____c12_0____3__t_67c3f7ce5eab8804____c12_0____1_fair.csv;t_67c3f7ce5eab8804____c14_1____4__t_67c3f7ce5eab8804____c12_0____1_fair.csv,"{""needs_fairification"": true, ""success"": false, ""swaps_made"": 2, ""initial_fairness"": 0.0449, ""initial_delta"": 0.36, ""dominated_removed_count"": 69, ""dominance_candidate_pool_size"": 73, ""candidates_after_winnow"": 2}"
tusSmall3,nl,t_67c3f7ce5eab8804____c13_0____0_fair.csv,5,454,81,5,False,0.2498,1.0,0.011013215859030838,0.011013215859030838,59.4152512550354,59.4152512550354,t_67c3f7ce5eab8804____c15_0____0__t_67c3f7ce5eab8804____c6_1____4_fair.csv;t_67c3f7ce5eab8804____c15_0____0__t_67c3f7ce5eab8804____c6_1____0_fair.csv;t_67c3f7ce5eab8804____c15_0____0__t_67c3f7ce5eab8804____c4_1____1_fair.csv;t_67c3f7ce5eab8804____c15_0____0__t_67c3f7ce5eab8804____c12_0____1_fair.csv;t_67c3f7ce5eab8804____c12_0____0__t_67c3f7ce5eab8804____c13_0____0_fair.csv,"{""needs_fairification"": true, ""success"": false, ""swaps_made"": 5, ""initial_fairness"": 0.1121, ""initial_delta"": 0.29, ""dominated_removed_count"": 69, ""dominance_candidate_pool_size"": 76, ""candidates_after_winnow"": 2}"
tusSmall3,nl,t_67c3f7ce5eab8804____c13_0____0_fair.csv,10,454,81,10,False,0.1429,1.0,0.022026431718061675,0.022026431718061675,119.8829675912857,119.8829675912857,t_67c3f7ce5eab8804____c15_1____0__t_67c3f7ce5eab8804____c16_0____2_fair.csv;t_67c3f7ce5eab8804____c15_1____0__t_67c3f7ce5eab8804____c15_0____3_fair.csv;t_67c3f7ce5eab8804____c15_1____0__t_67c3f7ce5eab8804____c14_0____2_fair.csv;t_67c3f7ce5eab8804____c15_1____0__t_67c3f7ce5eab8804____c13_0____4_fair.csv;t_67c3f7ce5eab8804____c16_0____0.csv;t_67c3f7ce5eab8804____c15_0____0__t_67c3f7ce5eab8804____c6_1____4_fair.csv;t_67c3f7ce5eab8804____c15_0____0__t_67c3f7ce5eab8804____c6_1____0_fair.csv;t_67c3f7ce5eab8804____c15_0____0__t_67c3f7ce5eab8804____c4_1____1_fair.csv;t_67c3f7ce5eab8804____c15_0____0__t_67c3f7ce5eab8804____c12_0____1_fair.csv;t_67c3f7ce5eab8804____c12_0____0__t_67c3f7ce5eab8804____c13_0____0_fair.csv,"{""needs_fairification"": true, ""success"": false, ""swaps_made"": 6, ""initial_fairness"": 0.0539, ""initial_delta"": 0.35, ""dominated_removed_count"": 64, ""dominance_candidate_pool_size"": 71, ""candidates_after_winnow"": 1}"
tusSmall3,nl,t_67c3f7ce5eab8804____c13_0____0_fair.csv,20,454,81,20,False,0.0952,1.0,0.04405286343612335,0.04405286343612335,240.7629035115242,240.7629035115242,t_67c3f7ce5eab8804____c14_1____0.csv;t_67c3f7ce5eab8804____c15_1____0__t_67c3f7ce5eab8804____c6_1____4_fair.csv;t_67c3f7ce5eab8804____c15_1____0__t_67c3f7ce5eab8804____c6_1____0_fair.csv;t_67c3f7ce5eab8804____c15_1____0__t_67c3f7ce5eab8804____c4_1____1_fair.csv;t_67c3f7ce5eab8804____c15_1____0__t_67c3f7ce5eab8804____c16_0____2_fair.csv;t_67c3f7ce5eab8804____c15_1____0__t_67c3f7ce5eab8804____c15_0____3_fair.csv;t_67c3f7ce5eab8804____c15_1____0__t_67c3f7ce5eab8804____c14_0____2_fair.csv;t_67c3f7ce5eab8804____c15_1____0__t_67c3f7ce5eab8804____c13_0____4_fair.csv;t_67c3f7ce5eab8804____c15_1____0__t_67c3f7ce5eab8804____c13_0____0_fair.csv;t_67c3f7ce5eab8804____c15_1____0__t_67c3f7ce5eab8804____c12_0____1_fair.csv;t_67c3f7ce5eab8804____c16_0____0.csv;t_67c3f7ce5eab8804____c15_0____0__t_67c3f7ce5eab8804____c6_1____4_fair.csv;t_67c3f7ce5eab8804____c15_0____0__t_67c3f7ce5eab8804____c6_1____0_fair.csv;t_67c3f7ce5eab8804____c15_0____0__t_67c3f7ce5eab8804____c4_1____1_fair.csv;t_67c3f7ce5eab8804____c15_0____0__t_67c3f7ce5eab8804____c16_0____2_fair.csv;t_67c3f7ce5eab8804____c15_0____0__t_67c3f7ce5eab8804____c15_0____3_fair.csv;t_67c3f7ce5eab8804____c15_0____0__t_67c3f7ce5eab8804____c14_0____2_fair.csv;t_67c3f7ce5eab8804____c15_0____0__t_67c3f7ce5eab8804____c13_0____4_fair.csv;t_67c3f7ce5eab8804____c15_0____0__t_67c3f7ce5eab8804____c12_0____1_fair.csv;t_67c3f7ce5eab8804____c12_0____0__t_67c3f7ce5eab8804____c13_0____0_fair.csv,"{""needs_fairification"": true, ""success"": false, ""swaps_made"": 2, ""initial_fairness"": 0.0719, ""initial_delta"": 0.33, ""dominated_removed_count"": 58, ""dominance_candidate_pool_size"": 61, ""candidates_after_winnow"": 1}"
tusSmall3,nl,t_67c3f7ce5eab8804____c4_1____1_fair.csv,5,517,203,5,True,0.2992,1.0,0.009671179883945842,0.009671179883945842,18.3182470202446,18.3182470202446,t_67c3f7ce5eab8804____c4_1____2__t_67c3f7ce5eab8804____c4_1____1_fair.csv;t_67c3f7ce5eab8804____c4_1____0__t_67c3f7ce5eab8804____c4_1____1_fair.csv;t_67c3f7ce5eab8804____c4_1____0__t_67c3f7ce5eab8804____c15_0____3_fair.csv;t_67c3f7ce5eab8804____c4_1____0.csv;t_67c3f7ce5eab8804____c4_1____4__t_67c3f7ce5eab8804____c4_1____1_fair.csv,"{""needs_fairification"": true, ""success"": true, ""swaps_made"": 1, ""initial_fairness"": 0.224, ""initial_delta"": 0.18, ""dominated_removed_count"": 194, ""dominance_candidate_pool_size"": 198, ""candidates_after_winnow"": 3}"
tusSmall3,nl,t_67c3f7ce5eab8804____c4_1____1_fair.csv,10,517,203,10,False,0.2361,0.9,0.017408123791102514,0.019342359767891684,35.74854052066803,35.74854052066803,t_67c3f7ce5eab8804____c4_1____2__t_67c3f7ce5eab8804____c4_1____1_fair.csv;t_67c3f7ce5eab8804____c4_1____0__t_67c3f7ce5eab8804____c4_1____1_fair.csv;t_67c3f7ce5eab8804____c4_1____0.csv;t_67c3f7ce5eab8804____c4_1____2.csv;t_67c3f7ce5eab8804____c4_1____4__t_67c3f7ce5eab8804____c4_1____1_fair.csv;t_67c3f7ce5eab8804____c4_1____3__t_67c3f7ce5eab8804____c4_1____1_fair.csv;t_67c3f7ce5eab8804____c4_1____3__t_67c3f7ce5eab8804____c15_0____3_fair.csv;t_67c3f7ce5eab8804____c4_1____4.csv;t_67c3f7ce5eab8804____c4_1____3.csv;t_28dc8f7610402ea7____c5_1____2.csv,"{""needs_fairification"": true, ""success"": false, ""swaps_made"": 2, ""initial_fairness"": 0.214, ""initial_delta"": 0.19, ""dominated_removed_count"": 191, ""dominance_candidate_pool_size"": 193, ""candidates_after_winnow"": 0}"
tusSmall3,nl,t_67c3f7ce5eab8804____c4_1____1_fair.csv,20,517,203,20,False,0.1094,0.55,0.02127659574468085,0.03868471953578337,69.15245544910431,69.15245544910431,t_67c3f7ce5eab8804____c4_1____2__t_67c3f7ce5eab8804____c4_1____1_fair.csv;t_67c3f7ce5eab8804____c4_1____2__t_67c3f7ce5eab8804____c15_0____3_fair.csv;t_67c3f7ce5eab8804____c4_1____0__t_67c3f7ce5eab8804____c4_1____1_fair.csv;t_67c3f7ce5eab8804____c4_1____0__t_67c3f7ce5eab8804____c15_0____3_fair.csv;t_67c3f7ce5eab8804____c4_1____0.csv;t_67c3f7ce5eab8804____c4_1____2.csv;t_67c3f7ce5eab8804____c4_1____4__t_67c3f7ce5eab8804____c4_1____1_fair.csv;t_67c3f7ce5eab8804____c4_1____3__t_67c3f7ce5eab8804____c4_1____1_fair.csv;t_67c3f7ce5eab8804____c4_1____3__t_67c3f7ce5eab8804____c15_0____3_fair.csv;t_67c3f7ce5eab8804____c4_1____4.csv;t_67c3f7ce5eab8804____c4_1____3.csv;t_28dc8f7610402ea7____c5_1____2__t_28dc8f7610402ea7____c9_0____3_fair.csv;t_28dc8f7610402ea7____c5_1____2.csv;t_93f3d6f7fc6aa6ff____c7_1____4__t_93f3d6f7fc6aa6ff____c9_0____3_fair.csv;t_93f3d6f7fc6aa6ff____c7_1____4__t_93f3d6f7fc6aa6ff____c5_0____2_fair.csv;t_93f3d6f7fc6aa6ff____c7_1____4__t_93f3d6f7fc6aa6ff____c3_1____2_fair.csv;t_93f3d6f7fc6aa6ff____c7_1____4__t_93f3d6f7fc6aa6ff____c21_0____3_fair.csv;t_93f3d6f7fc6aa6ff____c7_1____4__t_93f3d6f7fc6aa6ff____c19_1____2_fair.csv;t_93f3d6f7fc6aa6ff____c7_1____4__t_93f3d6f7fc6aa6ff____c15_1____2_fair.csv;t_93f3d6f7fc6aa6ff____c7_1____4__t_93f3d6f7fc6aa6ff____c12_0____3_fair.csv,"{""needs_fairification"": true, ""success"": false, ""swaps_made"": 0, ""initial_fairness"": 0.1094, ""initial_delta"": 0.29, ""dominated_removed_count"": 180, ""dominance_candidate_pool_size"": 183, ""candidates_after_winnow"": 3}"
tusSmall3,nl,t_67c3f7ce5eab8804____c13_0____4_fair.csv,5,624,75,5,True,0.3051,1.0,0.008012820512820512,0.008012820512820512,63.15868902206421,63.15868902206421,t_67c3f7ce5eab8804____c16_0____4__t_67c3f7ce5eab8804____c6_1____0_fair.csv;t_67c3f7ce5eab8804____c16_0____4__t_67c3f7ce5eab8804____c4_1____1_fair.csv;t_67c3f7ce5eab8804____c14_1____0__t_67c3f7ce5eab8804____c13_0____4_fair.csv;t_67c3f7ce5eab8804____c14_1____4__t_67c3f7ce5eab8804____c13_0____4_fair.csv;t_67c3f7ce5eab8804____c15_0____2__t_67c3f7ce5eab8804____c13_0____4_fair.csv,"{""needs_fairification"": true, ""success"": true, ""swaps_made"": 3, ""initial_fairness"": 0.1378, ""initial_delta"": 0.26, ""dominated_removed_count"": 66, ""dominance_candidate_pool_size"": 70, ""candidates_after_winnow"": 1}"
tusSmall3,nl,t_67c3f7ce5eab8804____c13_0____4_fair.csv,10,624,75,10,False,0.2353,1.0,0.016025641025641024,0.016025641025641024,126.59620362520218,126.59620362520218,t_67c3f7ce5eab8804____c16_0____4__t_67c3f7ce5eab8804____c6_1____0_fair.csv;t_67c3f7ce5eab8804____c16_0____4__t_67c3f7ce5eab8804____c4_1____1_fair.csv;t_67c3f7ce5eab8804____c16_0____4__t_67c3f7ce5eab8804____c16_0____2_fair.csv;t_67c3f7ce5eab8804____c16_0____4__t_67c3f7ce5eab8804____c15_0____3_fair.csv;t_67c3f7ce5eab8804____c16_0____4__t_67c3f7ce5eab8804____c14_0____2_fair.csv;t_67c3f7ce5eab8804____c16_0____4__t_67c3f7ce5eab8804____c13_0____4_fair.csv;t_67c3f7ce5eab8804____c16_0____4__t_67c3f7ce5eab8804____c13_0____0_fair.csv;t_67c3f7ce5eab8804____c14_1____0__t_67c3f7ce5eab8804____c13_0____4_fair.csv;t_67c3f7ce5eab8804____c14_1____4__t_67c3f7ce5eab8804____c13_0____4_fair.csv;t_67c3f7ce5eab8804____c15_0____2__t_67c3f7ce5eab8804____c13_0____4_fair.csv,"{""needs_fairification"": true, ""success"": false, ""swaps_made"": 3, ""initial_fairness"": 0.1459, ""initial_delta"": 0.25, ""dominated_removed_count"": 61, ""dominance_candidate_pool_size"": 65, ""candidates_after_winnow"": 1}"
tusSmall3,nl,t_67c3f7ce5eab8804____c13_0____4_fair.csv,20,624,75,20,False,0.1961,1.0,0.03205128205128205,0.03205128205128205,252.79526364803314,252.79526364803314,t_67c3f7ce5eab8804____c16_0____4__t_67c3f7ce5eab8804____c4_1____1_fair.csv;t_67c3f7ce5eab8804____c16_0____4__t_67c3f7ce5eab8804____c16_0____2_fair.csv;t_67c3f7ce5eab8804____c16_0____4__t_67c3f7ce5eab8804____c15_0____3_fair.csv;t_67c3f7ce5eab8804____c16_0____4__t_67c3f7ce5eab8804____c14_0____2_fair.csv;t_67c3f7ce5eab8804____c16_0____4__t_67c3f7ce5eab8804____c13_0____4_fair.csv;t_67c3f7ce5eab8804____c16_0____4__t_67c3f7ce5eab8804____c13_0____0_fair.csv;t_67c3f7ce5eab8804____c14_1____0__t_67c3f7ce5eab8804____c6_1____4_fair.csv;t_67c3f7ce5eab8804____c14_1____0__t_67c3f7ce5eab8804____c6_1____0_fair.csv;t_67c3f7ce5eab8804____c14_1____0__t_67c3f7ce5eab8804____c4_1____1_fair.csv;t_67c3f7ce5eab8804____c14_1____0__t_67c3f7ce5eab8804____c16_0____2_fair.csv;t_67c3f7ce5eab8804____c14_1____0__t_67c3f7ce5eab8804____c15_0____3_fair.csv;t_67c3f7ce5eab8804____c14_1____0__t_67c3f7ce5eab8804____c14_0____2_fair.csv;t_67c3f7ce5eab8804____c14_1____0__t_67c3f7ce5eab8804____c13_0____4_fair.csv;t_67c3f7ce5eab8804____c14_1____0__t_67c3f7ce5eab8804____c13_0____0_fair.csv;t_67c3f7ce5eab8804____c14_1____0__t_67c3f7ce5eab8804____c12_0____1_fair.csv;t_67c3f7ce5eab8804____c14_1____0.csv;t_67c3f7ce5eab8804____c14_1____2__t_67c3f7ce5eab8804____c13_0____4_fair.csv;t_67c3f7ce5eab8804____c14_1____4__t_67c3f7ce5eab8804____c13_0____4_fair.csv;t_67c3f7ce5eab8804____c13_1____0__t_67c3f7ce5eab8804____c13_0____4_fair.csv;t_67c3f7ce5eab8804____c15_0____2__t_67c3f7ce5eab8804____c13_0____4_fair.csv,"{""needs_fairification"": true, ""success"": false, ""swaps_made"": 5, ""initial_fairness"": 0.129, ""initial_delta"": 0.27, ""dominated_removed_count"": 50, ""dominance_candidate_pool_size"": 55, ""candidates_after_winnow"": 0}"
tusSmall3,nl,t_67c3f7ce5eab8804____c14_0____2_fair.csv,5,454,75,5,False,0.2022,1.0,0.011013215859030838,0.011013215859030838,68.15152484178543,68.15152484178543,t_67c3f7ce5eab8804____c14_1____2__t_67c3f7ce5eab8804____c6_1____0_fair.csv;t_67c3f7ce5eab8804____c14_1____2__t_67c3f7ce5eab8804____c4_1____1_fair.csv;t_67c3f7ce5eab8804____c14_1____2__t_67c3f7ce5eab8804____c15_0____3_fair.csv;t_67c3f7ce5eab8804____c14_1____2__t_67c3f7ce5eab8804____c14_0____2_fair.csv;t_67c3f7ce5eab8804____c13_1____2.csv,"{""needs_fairification"": true, ""success"": false, ""swaps_made"": 2, ""initial_fairness"": 0.121, ""initial_delta"": 0.28, ""dominated_removed_count"": 68, ""dominance_candidate_pool_size"": 70, ""candidates_after_winnow"": 0}"
tusSmall3,nl,t_67c3f7ce5eab8804____c14_0____2_fair.csv,10,454,75,10,False,0.2684,1.0,0.022026431718061675,0.022026431718061675,135.22623699903488,135.22623699903488,t_67c3f7ce5eab8804____c14_1____2__t_67c3f7ce5eab8804____c15_0____3_fair.csv;t_67c3f7ce5eab8804____c14_1____2__t_67c3f7ce5eab8804____c14_0____2_fair.csv;t_67c3f7ce5eab8804____c14_1____2__t_67c3f7ce5eab8804____c13_0____4_fair.csv;t_67c3f7ce5eab8804____c14_1____2__t_67c3f7ce5eab8804____c12_0____1_fair.csv;t_67c3f7ce5eab8804____c14_1____2.csv;t_67c3f7ce5eab8804____c14_1____4__t_67c3f7ce5eab8804____c14_0____2_fair.csv;t_67c3f7ce5eab8804____c16_0____4__t_67c3f7ce5eab8804____c14_0____2_fair.csv;t_67c3f7ce5eab8804____c14_1____1__t_67c3f7ce5eab8804____c14_0____2_fair.csv;t_67c3f7ce5eab8804____c13_1____2.csv;t_67c3f7ce5eab8804____c13_0____2__t_67c3f7ce5eab8804____c14_0____2_fair.csv,"{""needs_fairification"": true, ""success"": false, ""swaps_made"": 5, ""initial_fairness"": 0.1228, ""initial_delta"": 0.28, ""dominated_removed_count"": 59, ""dominance_candidate_pool_size"": 65, ""candidates_after_winnow"": 1}"
tusSmall3,nl,t_67c3f7ce5eab8804____c14_0____2_fair.csv,20,454,75,20,False,0.1356,1.0,0.04405286343612335,0.04405286343612335,273.54206669330597,273.54206669330597,t_67c3f7ce5eab8804____c14_1____2__t_67c3f7ce5eab8804____c15_0____3_fair.csv;t_67c3f7ce5eab8804____c14_1____2__t_67c3f7ce5eab8804____c14_0____2_fair.csv;t_67c3f7ce5eab8804____c14_1____2__t_67c3f7ce5eab8804____c13_0____4_fair.csv;t_67c3f7ce5eab8804____c14_1____2__t_67c3f7ce5eab8804____c13_0____0_fair.csv;t_67c3f7ce5eab8804____c14_1____2__t_67c3f7ce5eab8804____c12_0____1_fair.csv;t_67c3f7ce5eab8804____c14_1____2.csv;t_67c3f7ce5eab8804____c14_0____4__t_67c3f7ce5eab8804____c6_1____4_fair.csv;t_67c3f7ce5eab8804____c14_0____4__t_67c3f7ce5eab8804____c6_1____0_fair.csv;t_67c3f7ce5eab8804____c14_0____4__t_67c3f7ce5eab8804____c4_1____1_fair.csv;t_67c3f7ce5eab8804____c14_0____4__t_67c3f7ce5eab8804____c16_0____2_fair.csv;t_67c3f7ce5eab8804____c14_0____4__t_67c3f7ce5eab8804____c15_0____3_fair.csv;t_67c3f7ce5eab8804____c14_0____4__t_67c3f7ce5eab8804____c14_0____2_fair.csv;t_67c3f7ce5eab8804____c14_0____4__t_67c3f7ce5eab8804____c13_0____4_fair.csv;t_67c3f7ce5eab8804____c14_0____4__t_67c3f7ce5eab8804____c13_0____0_fair.csv;t_67c3f7ce5eab8804____c14_0____4__t_67c3f7ce5eab8804____c12_0____1_fair.csv;t_67c3f7ce5eab8804____c14_1____4__t_67c3f7ce5eab8804____c6_1____4_fair.csv;t_67c3f7ce5eab8804____c14_1____4__t_67c3f7ce5eab8804____c14_0____2_fair.csv;t_67c3f7ce5eab8804____c16_0____4__t_67c3f7ce5eab8804____c14_0____2_fair.csv;t_67c3f7ce5eab8804____c14_1____1__t_67c3f7ce5eab8804____c14_0____2_fair.csv;t_67c3f7ce5eab8804____c13_0____2__t_67c3f7ce5eab8804____c14_0____2_fair.csv,"{""needs_fairification"": true, ""success"": false, ""swaps_made"": 4, ""initial_fairness"": 0.066, ""initial_delta"": 0.33, ""dominated_removed_count"": 50, ""dominance_candidate_pool_size"": 55, ""candidates_after_winnow"": 1}"
tusSmall3,nl,t_67c3f7ce5eab8804____c6_1____0_fair.csv,5,624,121,5,False,0.2757,1.0,0.008012820512820512,0.008012820512820512,29.390757083892822,29.390757083892822,t_67c3f7ce5eab8804____c6_1____3__t_67c3f7ce5eab8804____c6_1____0_fair.csv;t_67c3f7ce5eab8804____c6_1____3__t_67c3f7ce5eab8804____c14_0____2_fair.csv;t_67c3f7ce5eab8804____c6_1____3__t_67c3f7ce5eab8804____c13_0____0_fair.csv;t_67c3f7ce5eab8804____c6_1____3.csv;t_67c3f7ce5eab8804____c6_1____1__t_67c3f7ce5eab8804____c6_1____0_fair.csv,"{""needs_fairification"": true, ""success"": false, ""swaps_made"": 3, ""initial_fairness"": 0.1967, ""initial_delta"": 0.2, ""dominated_removed_count"": 113, ""dominance_candidate_pool_size"": 116, ""candidates_after_winnow"": 0}"
tusSmall3,nl,t_67c3f7ce5eab8804____c6_1____0_fair.csv,10,624,121,10,False,0.1657,1.0,0.016025641025641024,0.016025641025641024,58.8090900182724,58.8090900182724,t_67c3f7ce5eab8804____c6_1____3__t_67c3f7ce5eab8804____c6_1____0_fair.csv;t_67c3f7ce5eab8804____c6_1____3__t_67c3f7ce5eab8804____c16_0____2_fair.csv;t_67c3f7ce5eab8804____c6_1____3__t_67c3f7ce5eab8804____c14_0____2_fair.csv;t_67c3f7ce5eab8804____c6_1____3__t_67c3f7ce5eab8804____c13_0____4_fair.csv;t_67c3f7ce5eab8804____c6_1____3__t_67c3f7ce5eab8804____c13_0____0_fair.csv;t_67c3f7ce5eab8804____c6_1____3__t_67c3f7ce5eab8804____c12_0____1_fair.csv;t_67c3f7ce5eab8804____c6_1____3.csv;t_67c3f7ce5eab8804____c6_1____2__t_67c3f7ce5eab8804____c6_1____4_fair.csv;t_67c3f7ce5eab8804____c6_1____2__t_67c3f7ce5eab8804____c6_1____0_fair.csv;t_67c3f7ce5eab8804____c6_1____1__t_67c3f7ce5eab8804____c6_1____0_fair.csv,"{""needs_fairification"": true, ""success"": false, ""swaps_made"": 1, ""initial_fairness"": 0.1296, ""initial_delta"": 0.27, ""dominated_removed_count"": 109, ""dominance_candidate_pool_size"": 111, ""candidates_after_winnow"": 1}"
tusSmall3,nl,t_67c3f7ce5eab8804____c6_1____0_fair.csv,20,624,121,20,False,0.1261,1.0,0.03205128205128205,0.03205128205128205,116.30066227912903,116.30066227912903,t_67c3f7ce5eab8804____c6_1____3__t_67c3f7ce5eab8804____c6_1____0_fair.csv;t_67c3f7ce5eab8804____c6_1____3__t_67c3f7ce5eab8804____c16_0____2_fair.csv;t_67c3f7ce5eab8804____c6_1____3__t_67c3f7ce5eab8804____c14_0____2_fair.csv;t_67c3f7ce5eab8804____c6_1____3__t_67c3f7ce5eab8804____c13_0____4_fair.csv;t_67c3f7ce5eab8804____c6_1____3__t_67c3f7ce5eab8804____c13_0____0_fair.csv;t_67c3f7ce5eab8804____c6_1____3__t_67c3f7ce5eab8804____c12_0____1_fair.csv;t_67c3f7ce5eab8804____c6_1____3.csv;t_67c3f7ce5eab8804____c6_1____2__t_67c3f7ce5eab8804____c6_1____0_fair.csv;t_67c3f7ce5eab8804____c6_1____2__t_67c3f7ce5eab8804____c16_0____2_fair.csv;t_67c3f7ce5eab8804____c6_1____2__t_67c3f7ce5eab8804____c14_0____2_fair.csv;t_67c3f7ce5eab8804____c6_1____2__t_67c3f7ce5eab8804____c13_0____4_fair.csv;t_67c3f7ce5eab8804____c6_1____2__t_67c3f7ce5eab8804____c13_0____0_fair.csv;t_67c3f7ce5eab8804____c6_1____2__t_67c3f7ce5eab8804____c12_0____1_fair.csv;t_67c3f7ce5eab8804____c6_1____1__t_67c3f7ce5eab8804____c6_1____4_fair.csv;t_67c3f7ce5eab8804____c6_1____1__t_67c3f7ce5eab8804____c6_1____0_fair.csv;t_67c3f7ce5eab8804____c6_1____1__t_67c3f7ce5eab8804____c16_0____2_fair.csv;t_67c3f7ce5eab8804____c6_1____1__t_67c3f7ce5eab8804____c14_0____2_fair.csv;t_67c3f7ce5eab8804____c6_1____1__t_67c3f7ce5eab8804____c13_0____4_fair.csv;t_67c3f7ce5eab8804____c6_1____1.csv;t_67c3f7ce5eab8804____c8_1____3__t_67c3f7ce5eab8804____c6_1____0_fair.csv,"{""needs_fairification"": true, ""success"": false, ""swaps_made"": 2, ""initial_fairness"": 0.1042, ""initial_delta"": 0.3, ""dominated_removed_count"": 98, ""dominance_candidate_pool_size"": 101, ""candidates_after_winnow"": 1}"
tusSmall3,nl,t_67c3f7ce5eab8804____c6_1____4_fair.csv,5,624,136,5,False,0.2664,1.0,0.008012820512820512,0.008012820512820512,28.906810700893402,28.906810700893402,t_67c3f7ce5eab8804____c6_1____3__t_67c3f7ce5eab8804____c6_1____4_fair.csv;t_67c3f7ce5eab8804____c6_1____3__t_67c3f7ce5eab8804____c14_0____2_fair.csv;t_67c3f7ce5eab8804____c6_1____3__t_67c3f7ce5eab8804____c13_0____0_fair.csv;t_67c3f7ce5eab8804____c6_1____3.csv;t_67c3f7ce5eab8804____c6_1____2__t_67c3f7ce5eab8804____c6_1____4_fair.csv,"{""needs_fairification"": true, ""success"": false, ""swaps_made"": 3, ""initial_fairness"": 0.1885, ""initial_delta"": 0.21, ""dominated_removed_count"": 128, ""dominance_candidate_pool_size"": 131, ""candidates_after_winnow"": 0}"
tusSmall3,nl,t_67c3f7ce5eab8804____c6_1____4_fair.csv,10,624,136,10,False,0.2456,1.0,0.016025641025641024,0.016025641025641024,56.709433794021606,56.709433794021606,t_67c3f7ce5eab8804____c6_1____3__t_67c3f7ce5eab8804____c6_1____4_fair.csv;t_67c3f7ce5eab8804____c6_1____3__t_67c3f7ce5eab8804____c13_0____0_fair.csv;t_67c3f7ce5eab8804____c6_1____3__t_67c3f7ce5eab8804____c12_0____1_fair.csv;t_67c3f7ce5eab8804____c6_1____3.csv;t_67c3f7ce5eab8804____c6_1____2__t_67c3f7ce5eab8804____c6_1____4_fair.csv;t_67c3f7ce5eab8804____c6_1____2__t_67c3f7ce5eab8804____c6_1____0_fair.csv;t_67c3f7ce5eab8804____c6_1____2__t_67c3f7ce5eab8804____c16_0____2_fair.csv;t_67c3f7ce5eab8804____c6_1____1__t_67c3f7ce5eab8804____c6_1____4_fair.csv;t_67c3f7ce5eab8804____c6_1____2.csv;t_67c3f7ce5eab8804____c8_1____3__t_67c3f7ce5eab8804____c6_1____4_fair.csv,"{""needs_fairification"": true, ""success"": false, ""swaps_made"": 4, ""initial_fairness"": 0.1737, ""initial_delta"": 0.23, ""dominated_removed_count"": 121, ""dominance_candidate_pool_size"": 126, ""candidates_after_winnow"": 1}"
tusSmall3,nl,t_67c3f7ce5eab8804____c6_1____4_fair.csv,20,624,136,20,False,0.1585,1.0,0.03205128205128205,0.03205128205128205,114.24266850948334,114.24266850948334,t_67c3f7ce5eab8804____c6_1____3__t_67c3f7ce5eab8804____c6_1____4_fair.csv;t_67c3f7ce5eab8804____c6_1____3__t_67c3f7ce5eab8804____c16_0____2_fair.csv;t_67c3f7ce5eab8804____c6_1____3__t_67c3f7ce5eab8804____c14_0____2_fair.csv;t_67c3f7ce5eab8804____c6_1____3__t_67c3f7ce5eab8804____c13_0____4_fair.csv;t_67c3f7ce5eab8804____c6_1____3__t_67c3f7ce5eab8804____c13_0____0_fair.csv;t_67c3f7ce5eab8804____c6_1____3__t_67c3f7ce5eab8804____c12_0____1_fair.csv;t_67c3f7ce5eab8804____c6_1____3.csv;t_67c3f7ce5eab8804____c6_1____2__t_67c3f7ce5eab8804____c6_1____4_fair.csv;t_67c3f7ce5eab8804____c6_1____2__t_67c3f7ce5eab8804____c6_1____0_fair.csv;t_67c3f7ce5eab8804____c6_1____2__t_67c3f7ce5eab8804____c16_0____2_fair.csv;t_67c3f7ce5eab8804____c6_1____2__t_67c3f7ce5eab8804____c14_0____2_fair.csv;t_67c3f7ce5eab8804____c6_1____2__t_67c3f7ce5eab8804____c13_0____4_fair.csv;t_67c3f7ce5eab8804____c6_1____2__t_67c3f7ce5eab8804____c13_0____0_fair.csv;t_67c3f7ce5eab8804____c6_1____2__t_67c3f7ce5eab8804____c12_0____1_fair.csv;t_67c3f7ce5eab8804____c6_1____1__t_67c3f7ce5eab8804____c6_1____4_fair.csv;t_67c3f7ce5eab8804____c6_1____1__t_67c3f7ce5eab8804____c6_1____0_fair.csv;t_67c3f7ce5eab8804____c6_1____1__t_67c3f7ce5eab8804____c16_0____2_fair.csv;t_67c3f7ce5eab8804____c6_1____1__t_67c3f7ce5eab8804____c14_0____2_fair.csv;t_67c3f7ce5eab8804____c6_1____1__t_67c3f7ce5eab8804____c13_0____4_fair.csv;t_67c3f7ce5eab8804____c8_1____3__t_67c3f7ce5eab8804____c6_1____4_fair.csv,"{""needs_fairification"": true, ""success"": false, ""swaps_made"": 1, ""initial_fairness"": 0.1423, ""initial_delta"": 0.26, ""dominated_removed_count"": 112, ""dominance_candidate_pool_size"": 116, ""candidates_after_winnow"": 3}"
tusSmall3,nl,t_67c3f7ce5eab8804____c15_0____3_fair.csv,5,517,71,5,True,0.3117,1.0,0.009671179883945842,0.009671179883945842,72.941579580307,72.941579580307,t_67c3f7ce5eab8804____c15_1____4__t_67c3f7ce5eab8804____c16_0____2_fair.csv;t_67c3f7ce5eab8804____c15_1____4__t_67c3f7ce5eab8804____c15_0____3_fair.csv;t_67c3f7ce5eab8804____c15_1____4.csv;t_67c3f7ce5eab8804____c15_1____3__t_67c3f7ce5eab8804____c15_0____3_fair.csv;t_67c3f7ce5eab8804____c15_0____1__t_67c3f7ce5eab8804____c15_0____3_fair.csv,"{""needs_fairification"": true, ""success"": true, ""swaps_made"": 3, ""initial_fairness"": 0.1463, ""initial_delta"": 0.25, ""dominated_removed_count"": 60, ""dominance_candidate_pool_size"": 66, ""candidates_after_winnow"": 3}"
tusSmall3,nl,t_67c3f7ce5eab8804____c15_0____3_fair.csv,10,517,71,10,False,0.1751,1.0,0.019342359767891684,0.019342359767891684,146.28061074018478,146.28061074018478,t_67c3f7ce5eab8804____c15_1____4__t_67c3f7ce5eab8804____c16_0____2_fair.csv;t_67c3f7ce5eab8804____c15_1____4__t_67c3f7ce5eab8804____c15_0____3_fair.csv;t_67c3f7ce5eab8804____c15_1____4__t_67c3f7ce5eab8804____c14_0____2_fair.csv;t_67c3f7ce5eab8804____c15_1____4__t_67c3f7ce5eab8804____c13_0____4_fair.csv;t_67c3f7ce5eab8804____c15_1____4__t_67c3f7ce5eab8804____c13_0____0_fair.csv;t_67c3f7ce5eab8804____c16_0____3__t_67c3f7ce5eab8804____c6_1____4_fair.csv;t_67c3f7ce5eab8804____c16_0____3.csv;t_67c3f7ce5eab8804____c15_1____4.csv;t_67c3f7ce5eab8804____c15_1____3__t_67c3f7ce5eab8804____c15_0____3_fair.csv;t_67c3f7ce5eab8804____c15_0____1__t_67c3f7ce5eab8804____c15_0____3_fair.csv,"{""needs_fairification"": true, ""success"": false, ""swaps_made"": 4, ""initial_fairness"": 0.0815, ""initial_delta"": 0.32, ""dominated_removed_count"": 56, ""dominance_candidate_pool_size"": 61, ""candidates_after_winnow"": 1}"
tusSmall3,nl,t_67c3f7ce5eab8804____c15_0____3_fair.csv,20,517,71,20,False,0.0887,1.0,0.03868471953578337,0.03868471953578337,292.7050195336342,292.7050195336342,t_67c3f7ce5eab8804____c15_1____4__t_67c3f7ce5eab8804____c4_1____1_fair.csv;t_67c3f7ce5eab8804____c15_1____4__t_67c3f7ce5eab8804____c16_0____2_fair.csv;t_67c3f7ce5eab8804____c15_1____4__t_67c3f7ce5eab8804____c15_0____3_fair.csv;t_67c3f7ce5eab8804____c15_1____4__t_67c3f7ce5eab8804____c14_0____2_fair.csv;t_67c3f7ce5eab8804____c15_1____4__t_67c3f7ce5eab8804____c13_0____4_fair.csv;t_67c3f7ce5eab8804____c15_1____4__t_67c3f7ce5eab8804____c13_0____0_fair.csv;t_67c3f7ce5eab8804____c15_1____4__t_67c3f7ce5eab8804____c12_0____1_fair.csv;t_67c3f7ce5eab8804____c16_0____3__t_67c3f7ce5eab8804____c6_1____4_fair.csv;t_67c3f7ce5eab8804____c16_0____3__t_67c3f7ce5eab8804____c6_1____0_fair.csv;t_67c3f7ce5eab8804____c16_0____3__t_67c3f7ce5eab8804____c4_1____1_fair.csv;t_67c3f7ce5eab8804____c16_0____3__t_67c3f7ce5eab8804____c16_0____2_fair.csv;t_67c3f7ce5eab8804____c16_0____3__t_67c3f7ce5eab8804____c15_0____3_fair.csv;t_67c3f7ce5eab8804____c16_0____3__t_67c3f7ce5eab8804____c14_0____2_fair.csv;t_67c3f7ce5eab8804____c16_0____3__t_67c3f7ce5eab8804____c13_0____4_fair.csv;t_67c3f7ce5eab8804____c16_0____3__t_67c3f7ce5eab8804____c13_0____0_fair.csv;t_67c3f7ce5eab8804____c16_0____3__t_67c3f7ce5eab8804____c12_0____1_fair.csv;t_67c3f7ce5eab8804____c16_0____3.csv;t_67c3f7ce5eab8804____c15_1____4.csv;t_67c3f7ce5eab8804____c15_1____3__t_67c3f7ce5eab8804____c15_0____3_fair.csv;t_67c3f7ce5eab8804____c15_0____1__t_67c3f7ce5eab8804____c15_0____3_fair.csv,"{""needs_fairification"": true, ""success"": false, ""swaps_made"": 2, ""initial_fairness"": 0.0447, ""initial_delta"": 0.36, ""dominated_removed_count"": 49, ""dominance_candidate_pool_size"": 51, ""candidates_after_winnow"": 0}"
tusSmall3,nl,t_356fc1eaad97f93b____c22_1____1_fair.csv,5,1080,60,5,True,0.323,1.0,0.004629629629629629,0.004629629629629629,102.71859914064407,102.71859914064407,t_356fc1eaad97f93b____c22_0____1__t_356fc1eaad97f93b____c6_1____2_fair.csv;t_356fc1eaad97f93b____c22_0____1__t_356fc1eaad97f93b____c9_0____4_fair.csv;t_356fc1eaad97f93b____c22_0____1__t_356fc1eaad97f93b____c22_1____2_fair.csv;t_356fc1eaad97f93b____c22_0____1__t_356fc1eaad97f93b____c22_1____1_fair.csv;t_356fc1eaad97f93b____c22_0____1__t_356fc1eaad97f93b____c21_1____2_fair.csv,"{""needs_fairification"": false, ""success"": true, ""swaps_made"": 0, ""initial_fairness"": 0.323, ""initial_delta"": 0.08}"
tusSmall3,nl,t_356fc1eaad97f93b____c22_1____1_fair.csv,10,1080,60,10,True,0.3264,1.0,0.009259259259259259,0.009259259259259259,205.42950004339218,205.42950004339218,t_356fc1eaad97f93b____c22_0____1__t_356fc1eaad97f93b____c6_1____2_fair.csv;t_356fc1eaad97f93b____c22_0____1__t_356fc1eaad97f93b____c9_0____4_fair.csv;t_356fc1eaad97f93b____c22_0____1__t_356fc1eaad97f93b____c22_1____2_fair.csv;t_356fc1eaad97f93b____c22_0____1__t_356fc1eaad97f93b____c22_1____1_fair.csv;t_356fc1eaad97f93b____c22_0____1__t_356fc1eaad97f93b____c21_1____2_fair.csv;t_356fc1eaad97f93b____c22_0____1__t_356fc1eaad97f93b____c20_1____3_fair.csv;t_356fc1eaad97f93b____c22_0____1__t_356fc1eaad97f93b____c19_1____1_fair.csv;t_356fc1eaad97f93b____c22_0____1__t_356fc1eaad97f93b____c19_0____0_fair.csv;t_356fc1eaad97f93b____c22_0____1__t_356fc1eaad97f93b____c18_0____0_fair.csv;t_356fc1eaad97f93b____c22_0____1__t_356fc1eaad97f93b____c15_1____2_fair.csv,"{""needs_fairification"": false, ""success"": true, ""swaps_made"": 0, ""initial_fairness"": 0.3264, ""initial_delta"": 0.07}"
tusSmall3,nl,t_356fc1eaad97f93b____c22_1____1_fair.csv,20,1080,60,20,False,0.2057,1.0,0.018518518518518517,0.018518518518518517,409.12223970890045,409.12223970890045,t_356fc1eaad97f93b____c22_0____1__t_356fc1eaad97f93b____c6_1____2_fair.csv;t_356fc1eaad97f93b____c22_0____1__t_356fc1eaad97f93b____c22_1____2_fair.csv;t_356fc1eaad97f93b____c22_0____1__t_356fc1eaad97f93b____c22_1____1_fair.csv;t_356fc1eaad97f93b____c22_0____1__t_356fc1eaad97f93b____c21_1____2_fair.csv;t_356fc1eaad97f93b____c22_0____1__t_356fc1eaad97f93b____c20_1____3_fair.csv;t_356fc1eaad97f93b____c22_0____1__t_356fc1eaad97f93b____c19_1____1_fair.csv;t_356fc1eaad97f93b____c22_0____1__t_356fc1eaad97f93b____c19_0____0_fair.csv;t_356fc1eaad97f93b____c22_0____1__t_356fc1eaad97f93b____c18_0____0_fair.csv;t_356fc1eaad97f93b____c22_0____1__t_356fc1eaad97f93b____c15_1____2_fair.csv;t_356fc1eaad97f93b____c22_0____1.csv;t_356fc1eaad97f93b____c23_0____1__t_356fc1eaad97f93b____c7_1____2_fair.csv;t_356fc1eaad97f93b____c23_0____1__t_356fc1eaad97f93b____c22_1____2_fair.csv;t_356fc1eaad97f93b____c23_0____1__t_356fc1eaad97f93b____c22_1____1_fair.csv;t_356fc1eaad97f93b____c23_0____1__t_356fc1eaad97f93b____c21_1____2_fair.csv;t_356fc1eaad97f93b____c23_0____1__t_356fc1eaad97f93b____c20_1____3_fair.csv;t_356fc1eaad97f93b____c23_0____1__t_356fc1eaad97f93b____c19_1____1_fair.csv;t_356fc1eaad97f93b____c23_0____1__t_356fc1eaad97f93b____c19_0____0_fair.csv;t_356fc1eaad97f93b____c23_0____1__t_356fc1eaad97f93b____c18_0____0_fair.csv;t_356fc1eaad97f93b____c23_0____1.csv;t_356fc1eaad97f93b____c22_0____1__t_356fc1eaad97f93b____c7_0____4_fair.csv,"{""needs_fairification"": true, ""success"": false, ""swaps_made"": 2, ""initial_fairness"": 0.1812, ""initial_delta"": 0.22, ""dominated_removed_count"": 37, ""dominance_candidate_pool_size"": 40, ""candidates_after_winnow"": 1}"
tusSmall3,nl,t_93f3d6f7fc6aa6ff____c11_1____3_fair.csv,5,1173,91,5,False,0.1525,0.2,0.0008525149190110827,0.004262574595055414,45.89120262861252,45.89120262861252,t_93f3d6f7fc6aa6ff____c12_1____0__t_93f3d6f7fc6aa6ff____c7_0____2_fair.csv;t_93f3d6f7fc6aa6ff____c12_1____0__t_93f3d6f7fc6aa6ff____c3_1____2_fair.csv;t_93f3d6f7fc6aa6ff____c12_1____0__t_93f3d6f7fc6aa6ff____c19_1____2_fair.csv;t_93f3d6f7fc6aa6ff____c12_1____0.csv;t_93f3d6f7fc6aa6ff____c8_1____3__t_93f3d6f7fc6aa6ff____c11_1____3_fair.csv,"{""needs_fairification"": true, ""success"": false, ""swaps_made"": 2, ""initial_fairness"": 0.0663, ""initial_delta"": 0.33, ""dominated_removed_count"": 83, ""dominance_candidate_pool_size"": 86, ""candidates_after_winnow"": 1}"
tusSmall3,nl,t_93f3d6f7fc6aa6ff____c11_1____3_fair.csv,10,1173,91,10,False,0.0806,0.1,0.0008525149190110827,0.008525149190110827,94.51257586479187,94.51257586479187,t_93f3d6f7fc6aa6ff____c12_1____0__t_93f3d6f7fc6aa6ff____c7_0____4_fair.csv;t_93f3d6f7fc6aa6ff____c12_1____0__t_93f3d6f7fc6aa6ff____c7_0____2_fair.csv;t_93f3d6f7fc6aa6ff____c12_1____0__t_93f3d6f7fc6aa6ff____c3_1____2_fair.csv;t_93f3d6f7fc6aa6ff____c12_1____0__t_93f3d6f7fc6aa6ff____c19_1____2_fair.csv;t_93f3d6f7fc6aa6ff____c12_1____0__t_93f3d6f7fc6aa6ff____c19_0____1_fair.csv;t_93f3d6f7fc6aa6ff____c12_1____0__t_93f3d6f7fc6aa6ff____c15_0____4_fair.csv;t_93f3d6f7fc6aa6ff____c12_1____0__t_93f3d6f7fc6aa6ff____c12_1____1_fair.csv;t_93f3d6f7fc6aa6ff____c12_1____0.csv;t_93f3d6f7fc6aa6ff____c12_1____3__t_93f3d6f7fc6aa6ff____c9_0____3_fair.csv;t_93f3d6f7fc6aa6ff____c8_1____3__t_93f3d6f7fc6aa6ff____c11_1____3_fair.csv,"{""needs_fairification"": true, ""success"": false, ""swaps_made"": 1, ""initial_fairness"": 0.0378, ""initial_delta"": 0.36, ""dominated_removed_count"": 78, ""dominance_candidate_pool_size"": 81, ""candidates_after_winnow"": 2}"
tusSmall3,nl,t_93f3d6f7fc6aa6ff____c11_1____3_fair.csv,20,1173,91,20,False,0.0438,0.1,0.0017050298380221654,0.017050298380221655,190.2250280380249,190.2250280380249,t_93f3d6f7fc6aa6ff____c12_1____0__t_93f3d6f7fc6aa6ff____c7_0____4_fair.csv;t_93f3d6f7fc6aa6ff____c12_1____0__t_93f3d6f7fc6aa6ff____c7_0____2_fair.csv;t_93f3d6f7fc6aa6ff____c12_1____0__t_93f3d6f7fc6aa6ff____c3_1____2_fair.csv;t_93f3d6f7fc6aa6ff____c12_1____0__t_93f3d6f7fc6aa6ff____c19_1____2_fair.csv;t_93f3d6f7fc6aa6ff____c12_1____0__t_93f3d6f7fc6aa6ff____c19_0____1_fair.csv;t_93f3d6f7fc6aa6ff____c12_1____0__t_93f3d6f7fc6aa6ff____c15_0____4_fair.csv;t_93f3d6f7fc6aa6ff____c12_1____0__t_93f3d6f7fc6aa6ff____c12_1____1_fair.csv;t_93f3d6f7fc6aa6ff____c12_1____0.csv;t_93f3d6f7fc6aa6ff____c12_1____3__t_93f3d6f7fc6aa6ff____c9_0____3_fair.csv;t_93f3d6f7fc6aa6ff____c12_1____3__t_93f3d6f7fc6aa6ff____c7_0____4_fair.csv;t_93f3d6f7fc6aa6ff____c12_1____3__t_93f3d6f7fc6aa6ff____c7_0____2_fair.csv;t_93f3d6f7fc6aa6ff____c12_1____3__t_93f3d6f7fc6aa6ff____c3_1____2_fair.csv;t_93f3d6f7fc6aa6ff____c12_1____3__t_93f3d6f7fc6aa6ff____c19_1____2_fair.csv;t_93f3d6f7fc6aa6ff____c12_1____3__t_93f3d6f7fc6aa6ff____c19_0____1_fair.csv;t_93f3d6f7fc6aa6ff____c12_1____3__t_93f3d6f7fc6aa6ff____c15_0____4_fair.csv;t_93f3d6f7fc6aa6ff____c12_1____3__t_93f3d6f7fc6aa6ff____c12_1____1_fair.csv;t_93f3d6f7fc6aa6ff____c13_1____0.csv;t_93f3d6f7fc6aa6ff____c12_1____3.csv;t_93f3d6f7fc6aa6ff____c15_1____3__t_93f3d6f7fc6aa6ff____c9_0____3_fair.csv;t_93f3d6f7fc6aa6ff____c8_1____3__t_93f3d6f7fc6aa6ff____c11_1____3_fair.csv,"{""needs_fairification"": true, ""success"": false, ""swaps_made"": 1, ""initial_fairness"": 0.0205, ""initial_delta"": 0.38, ""dominated_removed_count"": 68, ""dominance_candidate_pool_size"": 71, ""candidates_after_winnow"": 2}"
tusSmall3,nl,t_93f3d6f7fc6aa6ff____c11_0____4_fair.csv,5,889,93,5,False,0.0755,1.0,0.00562429696287964,0.00562429696287964,52.029828786849976,52.029828786849976,t_93f3d6f7fc6aa6ff____c11_0____1.csv;t_93f3d6f7fc6aa6ff____c12_0____4__t_93f3d6f7fc6aa6ff____c5_0____2_fair.csv;t_93f3d6f7fc6aa6ff____c12_0____4__t_93f3d6f7fc6aa6ff____c21_0____3_fair.csv;t_93f3d6f7fc6aa6ff____c12_0____4__t_93f3d6f7fc6aa6ff____c15_1____2_fair.csv;t_93f3d6f7fc6aa6ff____c12_0____4__t_93f3d6f7fc6aa6ff____c12_0____3_fair.csv,"{""needs_fairification"": true, ""success"": false, ""swaps_made"": 0, ""initial_fairness"": 0.0755, ""initial_delta"": 0.32, ""dominated_removed_count"": 85, ""dominance_candidate_pool_size"": 88, ""candidates_after_winnow"": 3}"
tusSmall3,nl,t_93f3d6f7fc6aa6ff____c11_0____4_fair.csv,10,889,93,10,False,0.0401,1.0,0.01124859392575928,0.01124859392575928,103.98407369852066,103.98407369852066,t_93f3d6f7fc6aa6ff____c11_0____1.csv;t_93f3d6f7fc6aa6ff____c12_0____4__t_93f3d6f7fc6aa6ff____c5_0____2_fair.csv;t_93f3d6f7fc6aa6ff____c12_0____4__t_93f3d6f7fc6aa6ff____c21_0____3_fair.csv;t_93f3d6f7fc6aa6ff____c12_0____4__t_93f3d6f7fc6aa6ff____c15_1____2_fair.csv;t_93f3d6f7fc6aa6ff____c12_0____4__t_93f3d6f7fc6aa6ff____c12_0____3_fair.csv;t_93f3d6f7fc6aa6ff____c12_0____4__t_93f3d6f7fc6aa6ff____c11_1____3_fair.csv;t_93f3d6f7fc6aa6ff____c12_0____4__t_93f3d6f7fc6aa6ff____c11_0____4_fair.csv;t_93f3d6f7fc6aa6ff____c11_0____1__t_93f3d6f7fc6aa6ff____c9_0____3_fair.csv;t_93f3d6f7fc6aa6ff____c11_0____1__t_93f3d6f7fc6aa6ff____c7_0____4_fair.csv;t_93f3d6f7fc6aa6ff____c11_0____1__t_93f3d6f7fc6aa6ff____c7_0____2_fair.csv,"{""needs_fairification"": true, ""success"": false, ""swaps_made"": 0, ""initial_fairness"": 0.0401, ""initial_delta"": 0.36, ""dominated_removed_count"": 81, ""dominance_candidate_pool_size"": 83, ""candidates_after_winnow"": 2}"
tusSmall3,nl,t_93f3d6f7fc6aa6ff____c11_0____4_fair.csv,20,889,93,20,False,0.0206,1.0,0.02249718785151856,0.02249718785151856,207.7646546959877,207.7646546959877,t_93f3d6f7fc6aa6ff____c11_0____1.csv;t_93f3d6f7fc6aa6ff____c12_0____4__t_93f3d6f7fc6aa6ff____c5_0____2_fair.csv;t_93f3d6f7fc6aa6ff____c12_0____4__t_93f3d6f7fc6aa6ff____c21_0____3_fair.csv;t_93f3d6f7fc6aa6ff____c12_0____4__t_93f3d6f7fc6aa6ff____c15_1____2_fair.csv;t_93f3d6f7fc6aa6ff____c12_0____4__t_93f3d6f7fc6aa6ff____c12_0____3_fair.csv;t_93f3d6f7fc6aa6ff____c12_0____4__t_93f3d6f7fc6aa6ff____c11_1____3_fair.csv;t_93f3d6f7fc6aa6ff____c12_0____4__t_93f3d6f7fc6aa6ff____c11_0____4_fair.csv;t_93f3d6f7fc6aa6ff____c11_0____1__t_93f3d6f7fc6aa6ff____c9_0____3_fair.csv;t_93f3d6f7fc6aa6ff____c11_0____1__t_93f3d6f7fc6aa6ff____c7_0____4_fair.csv;t_93f3d6f7fc6aa6ff____c11_0____1__t_93f3d6f7fc6aa6ff____c7_0____2_fair.csv;t_93f3d6f7fc6aa6ff____c11_0____1__t_93f3d6f7fc6aa6ff____c5_0____2_fair.csv;t_93f3d6f7fc6aa6ff____c11_0____1__t_93f3d6f7fc6aa6ff____c3_1____2_fair.csv;t_93f3d6f7fc6aa6ff____c11_0____1__t_93f3d6f7fc6aa6ff____c21_0____3_fair.csv;t_93f3d6f7fc6aa6ff____c11_0____1__t_93f3d6f7fc6aa6ff____c19_1____2_fair.csv;t_93f3d6f7fc6aa6ff____c11_0____1__t_93f3d6f7fc6aa6ff____c15_1____2_fair.csv;t_93f3d6f7fc6aa6ff____c11_0____1__t_93f3d6f7fc6aa6ff____c12_0____3_fair.csv;t_93f3d6f7fc6aa6ff____c11_0____1__t_93f3d6f7fc6aa6ff____c11_1____3_fair.csv;t_93f3d6f7fc6aa6ff____c11_0____1__t_93f3d6f7fc6aa6ff____c11_0____4_fair.csv;t_93f3d6f7fc6aa6ff____c11_0____0__t_93f3d6f7fc6aa6ff____c9_0____3_fair.csv;t_93f3d6f7fc6aa6ff____c11_0____0__t_93f3d6f7fc6aa6ff____c7_0____4_fair.csv,"{""needs_fairification"": true, ""success"": false, ""swaps_made"": 0, ""initial_fairness"": 0.0206, ""initial_delta"": 0.38, ""dominated_removed_count"": 71, ""dominance_candidate_pool_size"": 73, ""candidates_after_winnow"": 2}"
tusSmall3,nl,t_93f3d6f7fc6aa6ff____c12_0____3_fair.csv,5,1195,109,5,True,0.319,0.6,0.002510460251046025,0.0041841004184100415,38.895020604133606,38.895020604133606,t_93f3d6f7fc6aa6ff____c13_1____0__t_93f3d6f7fc6aa6ff____c7_0____2_fair.csv;t_93f3d6f7fc6aa6ff____c13_0____0__t_93f3d6f7fc6aa6ff____c12_0____3_fair.csv;t_93f3d6f7fc6aa6ff____c11_1____1__t_93f3d6f7fc6aa6ff____c12_0____3_fair.csv;t_93f3d6f7fc6aa6ff____c10_0____0__t_93f3d6f7fc6aa6ff____c12_0____3_fair.csv;t_28dc8f7610402ea7____c9_0____1.csv,"{""needs_fairification"": true, ""success"": true, ""swaps_made"": 4, ""initial_fairness"": 0.0899, ""initial_delta"": 0.31, ""dominated_removed_count"": 99, ""dominance_candidate_pool_size"": 104, ""candidates_after_winnow"": 1}"
tusSmall3,nl,t_93f3d6f7fc6aa6ff____c12_0____3_fair.csv,10,1195,109,10,False,0.1685,0.3,0.002510460251046025,0.008368200836820083,81.70214128494263,81.70214128494263,t_93f3d6f7fc6aa6ff____c13_1____0__t_93f3d6f7fc6aa6ff____c7_0____2_fair.csv;t_93f3d6f7fc6aa6ff____c13_1____0__t_93f3d6f7fc6aa6ff____c3_1____2_fair.csv;t_93f3d6f7fc6aa6ff____c13_1____0__t_93f3d6f7fc6aa6ff____c19_1____2_fair.csv;t_93f3d6f7fc6aa6ff____c13_1____0__t_93f3d6f7fc6aa6ff____c19_0____1_fair.csv;t_93f3d6f7fc6aa6ff____c13_1____0__t_93f3d6f7fc6aa6ff____c15_0____4_fair.csv;t_93f3d6f7fc6aa6ff____c13_1____0__t_93f3d6f7fc6aa6ff____c12_1____1_fair.csv;t_93f3d6f7fc6aa6ff____c13_0____0__t_93f3d6f7fc6aa6ff____c12_0____3_fair.csv;t_93f3d6f7fc6aa6ff____c11_1____1__t_93f3d6f7fc6aa6ff____c12_0____3_fair.csv;t_93f3d6f7fc6aa6ff____c10_0____0__t_93f3d6f7fc6aa6ff____c12_0____3_fair.csv;t_28dc8f7610402ea7____c9_0____1.csv,"{""needs_fairification"": true, ""success"": false, ""swaps_made"": 4, ""initial_fairness"": 0.0461, ""initial_delta"": 0.35, ""dominated_removed_count"": 95, ""dominance_candidate_pool_size"": 99, ""candidates_after_winnow"": 0}"
tusSmall3,nl,t_93f3d6f7fc6aa6ff____c12_0____3_fair.csv,20,1195,109,20,False,0.0859,0.65,0.010878661087866108,0.016736401673640166,166.98555839061737,166.98555839061737,t_93f3d6f7fc6aa6ff____c13_1____0__t_93f3d6f7fc6aa6ff____c7_0____2_fair.csv;t_93f3d6f7fc6aa6ff____c13_1____0__t_93f3d6f7fc6aa6ff____c3_1____2_fair.csv;t_93f3d6f7fc6aa6ff____c13_1____0__t_93f3d6f7fc6aa6ff____c19_1____2_fair.csv;t_93f3d6f7fc6aa6ff____c13_1____0__t_93f3d6f7fc6aa6ff____c19_0____1_fair.csv;t_93f3d6f7fc6aa6ff____c13_1____0__t_93f3d6f7fc6aa6ff____c15_0____4_fair.csv;t_93f3d6f7fc6aa6ff____c13_1____0__t_93f3d6f7fc6aa6ff____c12_1____1_fair.csv;t_93f3d6f7fc6aa6ff____c13_0____0__t_93f3d6f7fc6aa6ff____c9_0____3_fair.csv;t_93f3d6f7fc6aa6ff____c13_0____0__t_93f3d6f7fc6aa6ff____c7_0____4_fair.csv;t_93f3d6f7fc6aa6ff____c13_0____0__t_93f3d6f7fc6aa6ff____c7_0____2_fair.csv;t_93f3d6f7fc6aa6ff____c13_0____0__t_93f3d6f7fc6aa6ff____c5_0____2_fair.csv;t_93f3d6f7fc6aa6ff____c13_0____0__t_93f3d6f7fc6aa6ff____c3_1____2_fair.csv;t_93f3d6f7fc6aa6ff____c13_0____0__t_93f3d6f7fc6aa6ff____c21_0____3_fair.csv;t_93f3d6f7fc6aa6ff____c13_0____0__t_93f3d6f7fc6aa6ff____c19_1____2_fair.csv;t_93f3d6f7fc6aa6ff____c13_0____0__t_93f3d6f7fc6aa6ff____c19_0____1_fair.csv;t_93f3d6f7fc6aa6ff____c13_0____0__t_93f3d6f7fc6aa6ff____c15_1____2_fair.csv;t_93f3d6f7fc6aa6ff____c13_0____0__t_93f3d6f7fc6aa6ff____c12_1____1_fair.csv;t_93f3d6f7fc6aa6ff____c13_0____0__t_93f3d6f7fc6aa6ff____c12_0____3_fair.csv;t_93f3d6f7fc6aa6ff____c11_1____1__t_93f3d6f7fc6aa6ff____c12_0____3_fair.csv;t_93f3d6f7fc6aa6ff____c10_0____0__t_93f3d6f7fc6aa6ff____c12_0____3_fair.csv;t_28dc8f7610402ea7____c9_0____1.csv,"{""needs_fairification"": true, ""success"": false, ""swaps_made"": 4, ""initial_fairness"": 0.0231, ""initial_delta"": 0.38, ""dominated_removed_count"": 85, ""dominance_candidate_pool_size"": 89, ""candidates_after_winnow"": 0}"
tusSmall3,nl,t_67c3f7ce5eab8804____c16_0____2_fair.csv,5,454,74,5,True,0.3184,1.0,0.011013215859030838,0.011013215859030838,77.05459833145142,77.05459833145142,t_67c3f7ce5eab8804____c16_0____4__t_67c3f7ce5eab8804____c6_1____0_fair.csv;t_67c3f7ce5eab8804____c16_0____4__t_67c3f7ce5eab8804____c4_1____1_fair.csv;t_67c3f7ce5eab8804____c16_0____4__t_67c3f7ce5eab8804____c16_0____2_fair.csv;t_67c3f7ce5eab8804____c16_0____1__t_67c3f7ce5eab8804____c16_0____2_fair.csv;t_67c3f7ce5eab8804____c15_1____2__t_67c3f7ce5eab8804____c16_0____2_fair.csv,"{""needs_fairification"": true, ""success"": true, ""swaps_made"": 2, ""initial_fairness"": 0.2068, ""initial_delta"": 0.19, ""dominated_removed_count"": 62, ""dominance_candidate_pool_size"": 69, ""candidates_after_winnow"": 5}"
tusSmall3,nl,t_67c3f7ce5eab8804____c16_0____2_fair.csv,10,454,74,10,False,0.2625,1.0,0.022026431718061675,0.022026431718061675,151.9390168786049,151.9390168786049,t_67c3f7ce5eab8804____c16_0____4__t_67c3f7ce5eab8804____c16_0____2_fair.csv;t_67c3f7ce5eab8804____c16_0____4__t_67c3f7ce5eab8804____c15_0____3_fair.csv;t_67c3f7ce5eab8804____c16_0____4__t_67c3f7ce5eab8804____c13_0____4_fair.csv;t_67c3f7ce5eab8804____c16_0____4__t_67c3f7ce5eab8804____c13_0____0_fair.csv;t_67c3f7ce5eab8804____c16_0____4__t_67c3f7ce5eab8804____c12_0____1_fair.csv;t_67c3f7ce5eab8804____c16_0____1__t_67c3f7ce5eab8804____c16_0____2_fair.csv;t_67c3f7ce5eab8804____c16_0____0__t_67c3f7ce5eab8804____c16_0____2_fair.csv;t_67c3f7ce5eab8804____c16_0____3__t_67c3f7ce5eab8804____c16_0____2_fair.csv;t_67c3f7ce5eab8804____c15_1____2__t_67c3f7ce5eab8804____c16_0____2_fair.csv;t_67c3f7ce5eab8804____c13_1____2.csv,"{""needs_fairification"": true, ""success"": false, ""swaps_made"": 5, ""initial_fairness"": 0.1276, ""initial_delta"": 0.27, ""dominated_removed_count"": 59, ""dominance_candidate_pool_size"": 64, ""candidates_after_winnow"": 0}"
tusSmall3,nl,t_67c3f7ce5eab8804____c16_0____2_fair.csv,20,454,74,20,False,0.1551,1.0,0.04405286343612335,0.04405286343612335,310.11109989881516,310.11109989881516,t_67c3f7ce5eab8804____c16_0____4__t_67c3f7ce5eab8804____c4_1____1_fair.csv;t_67c3f7ce5eab8804____c16_0____4__t_67c3f7ce5eab8804____c16_0____2_fair.csv;t_67c3f7ce5eab8804____c16_0____4__t_67c3f7ce5eab8804____c15_0____3_fair.csv;t_67c3f7ce5eab8804____c16_0____4__t_67c3f7ce5eab8804____c14_0____2_fair.csv;t_67c3f7ce5eab8804____c16_0____4__t_67c3f7ce5eab8804____c13_0____4_fair.csv;t_67c3f7ce5eab8804____c16_0____4__t_67c3f7ce5eab8804____c13_0____0_fair.csv;t_67c3f7ce5eab8804____c16_0____4__t_67c3f7ce5eab8804____c12_0____1_fair.csv;t_67c3f7ce5eab8804____c16_0____1__t_67c3f7ce5eab8804____c6_1____4_fair.csv;t_67c3f7ce5eab8804____c16_0____1__t_67c3f7ce5eab8804____c6_1____0_fair.csv;t_67c3f7ce5eab8804____c16_0____1__t_67c3f7ce5eab8804____c4_1____1_fair.csv;t_67c3f7ce5eab8804____c16_0____1__t_67c3f7ce5eab8804____c16_0____2_fair.csv;t_67c3f7ce5eab8804____c16_0____1__t_67c3f7ce5eab8804____c15_0____3_fair.csv;t_67c3f7ce5eab8804____c16_0____1__t_67c3f7ce5eab8804____c14_0____2_fair.csv;t_67c3f7ce5eab8804____c16_0____1__t_67c3f7ce5eab8804____c13_0____4_fair.csv;t_67c3f7ce5eab8804____c16_0____1__t_67c3f7ce5eab8804____c13_0____0_fair.csv;t_67c3f7ce5eab8804____c16_0____1__t_67c3f7ce5eab8804____c12_0____1_fair.csv;t_67c3f7ce5eab8804____c16_0____0__t_67c3f7ce5eab8804____c6_1____4_fair.csv;t_67c3f7ce5eab8804____c16_0____0__t_67c3f7ce5eab8804____c16_0____2_fair.csv;t_67c3f7ce5eab8804____c16_0____3__t_67c3f7ce5eab8804____c16_0____2_fair.csv;t_67c3f7ce5eab8804____c15_1____2__t_67c3f7ce5eab8804____c16_0____2_fair.csv,"{""needs_fairification"": true, ""success"": false, ""swaps_made"": 3, ""initial_fairness"": 0.1055, ""initial_delta"": 0.29, ""dominated_removed_count"": 50, ""dominance_candidate_pool_size"": 54, ""candidates_after_winnow"": 1}"
tusSmall3,nl,t_93f3d6f7fc6aa6ff____c12_1____1_fair.csv,5,1135,93,5,False,0.178,0.4,0.001762114537444934,0.004405286343612335,56.89645028114319,56.89645028114319,t_93f3d6f7fc6aa6ff____c14_0____1__t_93f3d6f7fc6aa6ff____c5_0____2_fair.csv;t_93f3d6f7fc6aa6ff____c14_0____1__t_93f3d6f7fc6aa6ff____c3_1____2_fair.csv;t_93f3d6f7fc6aa6ff____c14_0____1.csv;t_93f3d6f7fc6aa6ff____c13_1____1.csv;t_93f3d6f7fc6aa6ff____c13_1____3__t_93f3d6f7fc6aa6ff____c12_1____1_fair.csv,"{""needs_fairification"": true, ""success"": false, ""swaps_made"": 3, ""initial_fairness"": 0.0739, ""initial_delta"": 0.33, ""dominated_removed_count"": 82, ""dominance_candidate_pool_size"": 88, ""candidates_after_winnow"": 3}"
tusSmall3,nl,t_93f3d6f7fc6aa6ff____c12_1____1_fair.csv,10,1135,93,10,False,0.0863,0.2,0.001762114537444934,0.00881057268722467,114.45604240894318,114.45604240894318,t_93f3d6f7fc6aa6ff____c14_0____1__t_93f3d6f7fc6aa6ff____c7_0____2_fair.csv;t_93f3d6f7fc6aa6ff____c14_0____1__t_93f3d6f7fc6aa6ff____c5_0____2_fair.csv;t_93f3d6f7fc6aa6ff____c14_0____1__t_93f3d6f7fc6aa6ff____c3_1____2_fair.csv;t_93f3d6f7fc6aa6ff____c14_0____1__t_93f3d6f7fc6aa6ff____c21_0____3_fair.csv;t_93f3d6f7fc6aa6ff____c14_0____1__t_93f3d6f7fc6aa6ff____c19_1____2_fair.csv;t_93f3d6f7fc6aa6ff____c14_0____1__t_93f3d6f7fc6aa6ff____c15_1____2_fair.csv;t_93f3d6f7fc6aa6ff____c14_0____1__t_93f3d6f7fc6aa6ff____c15_0____4_fair.csv;t_93f3d6f7fc6aa6ff____c14_0____1__t_93f3d6f7fc6aa6ff____c12_0____3_fair.csv;t_93f3d6f7fc6aa6ff____c13_1____1.csv;t_93f3d6f7fc6aa6ff____c13_1____3__t_93f3d6f7fc6aa6ff____c12_1____1_fair.csv,"{""needs_fairification"": true, ""success"": false, ""swaps_made"": 2, ""initial_fairness"": 0.0396, ""initial_delta"": 0.36, ""dominated_removed_count"": 78, ""dominance_candidate_pool_size"": 83, ""candidates_after_winnow"": 3}"
tusSmall3,nl,t_93f3d6f7fc6aa6ff____c12_1____1_fair.csv,20,1135,93,20,False,0.0435,0.45,0.007929515418502203,0.01762114537444934,229.27956277132034,229.27956277132034,t_93f3d6f7fc6aa6ff____c14_0____1__t_93f3d6f7fc6aa6ff____c7_0____4_fair.csv;t_93f3d6f7fc6aa6ff____c14_0____1__t_93f3d6f7fc6aa6ff____c7_0____2_fair.csv;t_93f3d6f7fc6aa6ff____c14_0____1__t_93f3d6f7fc6aa6ff____c5_0____2_fair.csv;t_93f3d6f7fc6aa6ff____c14_0____1__t_93f3d6f7fc6aa6ff____c3_1____2_fair.csv;t_93f3d6f7fc6aa6ff____c14_0____1__t_93f3d6f7fc6aa6ff____c21_0____3_fair.csv;t_93f3d6f7fc6aa6ff____c14_0____1__t_93f3d6f7fc6aa6ff____c19_1____2_fair.csv;t_93f3d6f7fc6aa6ff____c14_0____1__t_93f3d6f7fc6aa6ff____c15_1____2_fair.csv;t_93f3d6f7fc6aa6ff____c14_0____1__t_93f3d6f7fc6aa6ff____c15_0____4_fair.csv;t_93f3d6f7fc6aa6ff____c14_0____1__t_93f3d6f7fc6aa6ff____c12_0____3_fair.csv;t_93f3d6f7fc6aa6ff____c13_1____1__t_93f3d6f7fc6aa6ff____c9_0____3_fair.csv;t_93f3d6f7fc6aa6ff____c13_1____1__t_93f3d6f7fc6aa6ff____c7_0____4_fair.csv;t_93f3d6f7fc6aa6ff____c13_1____1__t_93f3d6f7fc6aa6ff____c7_0____2_fair.csv;t_93f3d6f7fc6aa6ff____c13_1____1__t_93f3d6f7fc6aa6ff____c3_1____2_fair.csv;t_93f3d6f7fc6aa6ff____c13_1____1__t_93f3d6f7fc6aa6ff____c19_1____2_fair.csv;t_93f3d6f7fc6aa6ff____c13_1____1__t_93f3d6f7fc6aa6ff____c19_0____1_fair.csv;t_93f3d6f7fc6aa6ff____c13_1____1__t_93f3d6f7fc6aa6ff____c15_0____4_fair.csv;t_93f3d6f7fc6aa6ff____c13_1____1__t_93f3d6f7fc6aa6ff____c12_1____1_fair.csv;t_93f3d6f7fc6aa6ff____c15_1____1__t_93f3d6f7fc6aa6ff____c9_0____3_fair.csv;t_93f3d6f7fc6aa6ff____c15_1____1__t_93f3d6f7fc6aa6ff____c7_0____4_fair.csv;t_93f3d6f7fc6aa6ff____c13_1____3__t_93f3d6f7fc6aa6ff____c12_1____1_fair.csv,"{""needs_fairification"": true, ""success"": false, ""swaps_made"": 1, ""initial_fairness"": 0.0207, ""initial_delta"": 0.38, ""dominated_removed_count"": 69, ""dominance_candidate_pool_size"": 73, ""candidates_after_winnow"": 3}"
tusSmall3,nl,t_93f3d6f7fc6aa6ff____c3_1____2_fair.csv,5,1080,157,5,True,0.3235,1.0,0.004629629629629629,0.004629629629629629,13.714739561080933,13.714739561080933,t_93f3d6f7fc6aa6ff____c3_1____1__t_93f3d6f7fc6aa6ff____c9_0____3_fair.csv;t_93f3d6f7fc6aa6ff____c3_1____1__t_93f3d6f7fc6aa6ff____c3_1____2_fair.csv;t_93f3d6f7fc6aa6ff____c3_1____1__t_93f3d6f7fc6aa6ff____c19_1____2_fair.csv;t_93f3d6f7fc6aa6ff____c3_1____1.csv;t_93f3d6f7fc6aa6ff____c3_1____4__t_93f3d6f7fc6aa6ff____c9_0____3_fair.csv,"{""needs_fairification"": false, ""success"": true, ""swaps_made"": 0, ""initial_fairness"": 0.3235, ""initial_delta"": 0.08}"
tusSmall3,nl,t_93f3d6f7fc6aa6ff____c3_1____2_fair.csv,10,1080,157,10,True,0.2953,0.8,0.007407407407407408,0.009259259259259259,26.056778967380524,26.056778967380524,t_93f3d6f7fc6aa6ff____c3_1____1__t_93f3d6f7fc6aa6ff____c9_0____3_fair.csv;t_93f3d6f7fc6aa6ff____c3_1____1__t_93f3d6f7fc6aa6ff____c3_1____2_fair.csv;t_93f3d6f7fc6aa6ff____c3_1____4__t_93f3d6f7fc6aa6ff____c9_0____3_fair.csv;t_93f3d6f7fc6aa6ff____c3_1____4__t_93f3d6f7fc6aa6ff____c3_1____2_fair.csv;t_93f3d6f7fc6aa6ff____c3_1____4.csv;t_93f3d6f7fc6aa6ff____c5_1____2__t_93f3d6f7fc6aa6ff____c7_0____4_fair.csv;t_93f3d6f7fc6aa6ff____c9_0____2__t_93f3d6f7fc6aa6ff____c9_0____3_fair.csv;t_93f3d6f7fc6aa6ff____c3_1____3__t_93f3d6f7fc6aa6ff____c9_0____3_fair.csv;t_93f3d6f7fc6aa6ff____c3_1____3__t_93f3d6f7fc6aa6ff____c3_1____2_fair.csv;t_67c3f7ce5eab8804____c4_1____2.csv,"{""needs_fairification"": true, ""success"": true, ""swaps_made"": 3, ""initial_fairness"": 0.2327, ""initial_delta"": 0.17, ""dominated_removed_count"": 142, ""dominance_candidate_pool_size"": 147, ""candidates_after_winnow"": 2}"
tusSmall3,nl,t_93f3d6f7fc6aa6ff____c3_1____2_fair.csv,20,1080,157,20,False,0.1661,0.95,0.017592592592592594,0.018518518518518517,51.88794422149658,51.88794422149658,t_93f3d6f7fc6aa6ff____c3_1____1__t_93f3d6f7fc6aa6ff____c9_0____3_fair.csv;t_93f3d6f7fc6aa6ff____c3_1____1__t_93f3d6f7fc6aa6ff____c3_1____2_fair.csv;t_93f3d6f7fc6aa6ff____c3_1____1__t_93f3d6f7fc6aa6ff____c19_1____2_fair.csv;t_93f3d6f7fc6aa6ff____c3_1____1.csv;t_93f3d6f7fc6aa6ff____c3_1____4__t_93f3d6f7fc6aa6ff____c9_0____3_fair.csv;t_93f3d6f7fc6aa6ff____c3_1____4__t_93f3d6f7fc6aa6ff____c3_1____2_fair.csv;t_93f3d6f7fc6aa6ff____c3_1____4__t_93f3d6f7fc6aa6ff____c19_1____2_fair.csv;t_93f3d6f7fc6aa6ff____c3_1____4.csv;t_93f3d6f7fc6aa6ff____c9_0____2__t_93f3d6f7fc6aa6ff____c9_0____3_fair.csv;t_93f3d6f7fc6aa6ff____c9_0____2__t_93f3d6f7fc6aa6ff____c5_0____2_fair.csv;t_93f3d6f7fc6aa6ff____c9_0____2__t_93f3d6f7fc6aa6ff____c3_1____2_fair.csv;t_93f3d6f7fc6aa6ff____c9_0____2__t_93f3d6f7fc6aa6ff____c21_0____3_fair.csv;t_93f3d6f7fc6aa6ff____c9_0____2__t_93f3d6f7fc6aa6ff____c19_1____2_fair.csv;t_93f3d6f7fc6aa6ff____c9_0____2__t_93f3d6f7fc6aa6ff____c15_1____2_fair.csv;t_93f3d6f7fc6aa6ff____c9_0____2__t_93f3d6f7fc6aa6ff____c12_0____3_fair.csv;t_93f3d6f7fc6aa6ff____c7_1____0.csv;t_93f3d6f7fc6aa6ff____c3_1____3__t_93f3d6f7fc6aa6ff____c9_0____3_fair.csv;t_93f3d6f7fc6aa6ff____c3_1____3__t_93f3d6f7fc6aa6ff____c3_1____2_fair.csv;t_93f3d6f7fc6aa6ff____c3_1____3__t_93f3d6f7fc6aa6ff____c19_1____2_fair.csv;t_67c3f7ce5eab8804____c4_1____2.csv,"{""needs_fairification"": true, ""success"": false, ""swaps_made"": 1, ""initial_fairness"": 0.1617, ""initial_delta"": 0.24, ""dominated_removed_count"": 135, ""dominance_candidate_pool_size"": 137, ""candidates_after_winnow"": 1}"
tusSmall3,nl,t_93f3d6f7fc6aa6ff____c5_0____2_fair.csv,5,1195,104,5,False,0.1756,0.8,0.0033472803347280333,0.0041841004184100415,22.495479345321655,22.495479345321655,t_93f3d6f7fc6aa6ff____c10_0____2__t_93f3d6f7fc6aa6ff____c21_0____3_fair.csv;t_93f3d6f7fc6aa6ff____c10_0____2__t_93f3d6f7fc6aa6ff____c15_1____2_fair.csv;t_93f3d6f7fc6aa6ff____c10_0____2.csv;t_67c3f7ce5eab8804____c10_1____0.csv;t_93f3d6f7fc6aa6ff____c5_0____1__t_93f3d6f7fc6aa6ff____c5_0____2_fair.csv,"{""needs_fairification"": true, ""success"": false, ""swaps_made"": 3, ""initial_fairness"": 0.0713, ""initial_delta"": 0.33, ""dominated_removed_count"": 94, ""dominance_candidate_pool_size"": 99, ""candidates_after_winnow"": 2}"
tusSmall3,nl,t_93f3d6f7fc6aa6ff____c5_0____2_fair.csv,10,1195,104,10,False,0.0859,0.9,0.007531380753138075,0.008368200836820083,45.39391094446182,45.39391094446182,t_93f3d6f7fc6aa6ff____c10_0____2__t_93f3d6f7fc6aa6ff____c5_0____2_fair.csv;t_93f3d6f7fc6aa6ff____c10_0____2__t_93f3d6f7fc6aa6ff____c21_0____3_fair.csv;t_93f3d6f7fc6aa6ff____c10_0____2__t_93f3d6f7fc6aa6ff____c15_1____2_fair.csv;t_93f3d6f7fc6aa6ff____c10_0____2__t_93f3d6f7fc6aa6ff____c12_0____3_fair.csv;t_93f3d6f7fc6aa6ff____c10_0____2__t_93f3d6f7fc6aa6ff____c11_1____3_fair.csv;t_93f3d6f7fc6aa6ff____c10_0____2__t_93f3d6f7fc6aa6ff____c11_0____4_fair.csv;t_93f3d6f7fc6aa6ff____c7_1____2__t_93f3d6f7fc6aa6ff____c9_0____3_fair.csv;t_93f3d6f7fc6aa6ff____c7_1____2__t_93f3d6f7fc6aa6ff____c5_0____2_fair.csv;t_67c3f7ce5eab8804____c10_1____0.csv;t_93f3d6f7fc6aa6ff____c5_0____1__t_93f3d6f7fc6aa6ff____c5_0____2_fair.csv,"{""needs_fairification"": true, ""success"": false, ""swaps_made"": 2, ""initial_fairness"": 0.0389, ""initial_delta"": 0.36, ""dominated_removed_count"": 90, ""dominance_candidate_pool_size"": 94, ""candidates_after_winnow"": 2}"
tusSmall3,nl,t_93f3d6f7fc6aa6ff____c5_0____2_fair.csv,20,1195,104,20,False,0.0459,1.0,0.016736401673640166,0.016736401673640166,91.11376368999481,91.11376368999481,t_93f3d6f7fc6aa6ff____c10_0____2__t_93f3d6f7fc6aa6ff____c7_0____2_fair.csv;t_93f3d6f7fc6aa6ff____c10_0____2__t_93f3d6f7fc6aa6ff____c5_0____2_fair.csv;t_93f3d6f7fc6aa6ff____c10_0____2__t_93f3d6f7fc6aa6ff____c21_0____3_fair.csv;t_93f3d6f7fc6aa6ff____c10_0____2__t_93f3d6f7fc6aa6ff____c15_1____2_fair.csv;t_93f3d6f7fc6aa6ff____c10_0____2__t_93f3d6f7fc6aa6ff____c12_0____3_fair.csv;t_93f3d6f7fc6aa6ff____c10_0____2__t_93f3d6f7fc6aa6ff____c11_1____3_fair.csv;t_93f3d6f7fc6aa6ff____c10_0____2__t_93f3d6f7fc6aa6ff____c11_0____4_fair.csv;t_93f3d6f7fc6aa6ff____c7_1____2__t_93f3d6f7fc6aa6ff____c9_0____3_fair.csv;t_93f3d6f7fc6aa6ff____c7_1____2__t_93f3d6f7fc6aa6ff____c5_0____2_fair.csv;t_93f3d6f7fc6aa6ff____c7_1____2__t_93f3d6f7fc6aa6ff____c3_1____2_fair.csv;t_93f3d6f7fc6aa6ff____c7_1____2__t_93f3d6f7fc6aa6ff____c21_0____3_fair.csv;t_93f3d6f7fc6aa6ff____c7_1____2__t_93f3d6f7fc6aa6ff____c19_1____2_fair.csv;t_93f3d6f7fc6aa6ff____c7_1____2__t_93f3d6f7fc6aa6ff____c15_1____2_fair.csv;t_93f3d6f7fc6aa6ff____c7_1____2__t_93f3d6f7fc6aa6ff____c12_0____3_fair.csv;t_93f3d6f7fc6aa6ff____c7_1____2__t_93f3d6f7fc6aa6ff____c11_1____3_fair.csv;t_93f3d6f7fc6aa6ff____c7_1____2__t_93f3d6f7fc6aa6ff____c11_0____4_fair.csv;t_93f3d6f7fc6aa6ff____c10_0____2.csv;t_93f3d6f7fc6aa6ff____c9_0____2.csv;t_93f3d6f7fc6aa6ff____c7_1____2.csv;t_93f3d6f7fc6aa6ff____c5_0____1__t_93f3d6f7fc6aa6ff____c5_0____2_fair.csv,"{""needs_fairification"": true, ""success"": false, ""swaps_made"": 1, ""initial_fairness"": 0.0217, ""initial_delta"": 0.38, ""dominated_removed_count"": 78, ""dominance_candidate_pool_size"": 84, ""candidates_after_winnow"": 5}"
tusSmall3,nl,t_356fc1eaad97f93b____c22_1____2_fair.csv,5,1080,56,5,True,0.3133,1.0,0.004629629629629629,0.004629629629629629,103.8724656701088,103.8724656701088,t_356fc1eaad97f93b____c22_0____2__t_356fc1eaad97f93b____c9_0____4_fair.csv;t_356fc1eaad97f93b____c22_0____2__t_356fc1eaad97f93b____c22_1____2_fair.csv;t_356fc1eaad97f93b____c22_0____2__t_356fc1eaad97f93b____c22_1____1_fair.csv;t_356fc1eaad97f93b____c22_0____2__t_356fc1eaad97f93b____c21_1____2_fair.csv;t_356fc1eaad97f93b____c22_1____3__t_356fc1eaad97f93b____c22_1____2_fair.csv,"{""needs_fairification"": true, ""success"": true, ""swaps_made"": 1, ""initial_fairness"": 0.2783, ""initial_delta"": 0.12, ""dominated_removed_count"": 44, ""dominance_candidate_pool_size"": 51, ""candidates_after_winnow"": 6}"
tusSmall3,nl,t_356fc1eaad97f93b____c22_1____2_fair.csv,10,1080,56,10,True,0.3045,1.0,0.009259259259259259,0.009259259259259259,207.7481967806816,207.7481967806816,t_356fc1eaad97f93b____c22_0____2__t_356fc1eaad97f93b____c22_1____2_fair.csv;t_356fc1eaad97f93b____c22_0____2__t_356fc1eaad97f93b____c22_1____1_fair.csv;t_356fc1eaad97f93b____c22_0____2__t_356fc1eaad97f93b____c21_1____2_fair.csv;t_356fc1eaad97f93b____c22_0____2__t_356fc1eaad97f93b____c20_1____3_fair.csv;t_356fc1eaad97f93b____c22_0____2__t_356fc1eaad97f93b____c19_1____1_fair.csv;t_356fc1eaad97f93b____c22_0____2__t_356fc1eaad97f93b____c19_0____0_fair.csv;t_356fc1eaad97f93b____c22_0____2__t_356fc1eaad97f93b____c18_0____0_fair.csv;t_356fc1eaad97f93b____c22_0____2__t_356fc1eaad97f93b____c15_1____2_fair.csv;t_356fc1eaad97f93b____c23_0____3__t_356fc1eaad97f93b____c22_1____1_fair.csv;t_356fc1eaad97f93b____c22_1____3__t_356fc1eaad97f93b____c22_1____2_fair.csv,"{""needs_fairification"": true, ""success"": true, ""swaps_made"": 2, ""initial_fairness"": 0.2566, ""initial_delta"": 0.14, ""dominated_removed_count"": 38, ""dominance_candidate_pool_size"": 46, ""candidates_after_winnow"": 6}"
tusSmall3,nl,t_356fc1eaad97f93b____c22_1____2_fair.csv,20,1080,56,20,False,0.2153,1.0,0.018518518518518517,0.018518518518518517,407.53497445583344,407.53497445583344,t_356fc1eaad97f93b____c22_0____2__t_356fc1eaad97f93b____c22_1____2_fair.csv;t_356fc1eaad97f93b____c22_0____2__t_356fc1eaad97f93b____c22_1____1_fair.csv;t_356fc1eaad97f93b____c22_0____2__t_356fc1eaad97f93b____c19_0____0_fair.csv;t_356fc1eaad97f93b____c22_0____2__t_356fc1eaad97f93b____c18_0____0_fair.csv;t_356fc1eaad97f93b____c22_0____2__t_356fc1eaad97f93b____c15_1____2_fair.csv;t_356fc1eaad97f93b____c22_0____2__t_356fc1eaad97f93b____c6_1____2_fair.csv;t_356fc1eaad97f93b____c23_0____2__t_356fc1eaad97f93b____c9_0____4_fair.csv;t_356fc1eaad97f93b____c23_0____2__t_356fc1eaad97f93b____c7_1____2_fair.csv;t_356fc1eaad97f93b____c23_0____2__t_356fc1eaad97f93b____c22_1____2_fair.csv;t_356fc1eaad97f93b____c23_0____2__t_356fc1eaad97f93b____c22_1____1_fair.csv;t_356fc1eaad97f93b____c23_0____2__t_356fc1eaad97f93b____c21_1____2_fair.csv;t_356fc1eaad97f93b____c23_0____2__t_356fc1eaad97f93b____c20_1____3_fair.csv;t_356fc1eaad97f93b____c23_0____2__t_356fc1eaad97f93b____c19_1____1_fair.csv;t_356fc1eaad97f93b____c23_0____2__t_356fc1eaad97f93b____c19_0____0_fair.csv;t_356fc1eaad97f93b____c22_0____3.csv;t_356fc1eaad97f93b____c22_0____3__t_356fc1eaad97f93b____c22_1____2_fair.csv;t_356fc1eaad97f93b____c22_0____3__t_356fc1eaad97f93b____c22_1____1_fair.csv;t_356fc1eaad97f93b____c23_0____3__t_356fc1eaad97f93b____c22_1____2_fair.csv;t_356fc1eaad97f93b____c23_0____3__t_356fc1eaad97f93b____c22_1____1_fair.csv;t_356fc1eaad97f93b____c22_1____3__t_356fc1eaad97f93b____c22_1____2_fair.csv,"{""needs_fairification"": true, ""success"": false, ""swaps_made"": 6, ""initial_fairness"": 0.1445, ""initial_delta"": 0.26, ""dominated_removed_count"": 29, ""dominance_candidate_pool_size"": 36, ""candidates_after_winnow"": 1}"
tusSmall3,nl,t_93f3d6f7fc6aa6ff____c15_1____2_fair.csv,5,1195,83,5,False,0.1579,0.4,0.0016736401673640166,0.0041841004184100415,69.98418617248535,69.98418617248535,t_93f3d6f7fc6aa6ff____c17_1____2__t_93f3d6f7fc6aa6ff____c3_1____2_fair.csv;t_93f3d6f7fc6aa6ff____c17_1____2__t_93f3d6f7fc6aa6ff____c19_1____2_fair.csv;t_93f3d6f7fc6aa6ff____c15_1____3__t_93f3d6f7fc6aa6ff____c19_1____2_fair.csv;t_93f3d6f7fc6aa6ff____c17_1____2.csv;t_93f3d6f7fc6aa6ff____c16_1____2__t_93f3d6f7fc6aa6ff____c15_1____2_fair.csv,"{""needs_fairification"": true, ""success"": false, ""swaps_made"": 3, ""initial_fairness"": 0.076, ""initial_delta"": 0.32, ""dominated_removed_count"": 74, ""dominance_candidate_pool_size"": 78, ""candidates_after_winnow"": 1}"
tusSmall3,nl,t_93f3d6f7fc6aa6ff____c15_1____2_fair.csv,10,1195,83,10,False,0.077,0.2,0.0016736401673640166,0.008368200836820083,140.41930258274078,140.41930258274078,t_93f3d6f7fc6aa6ff____c17_1____2__t_93f3d6f7fc6aa6ff____c7_0____4_fair.csv;t_93f3d6f7fc6aa6ff____c17_1____2__t_93f3d6f7fc6aa6ff____c7_0____2_fair.csv;t_93f3d6f7fc6aa6ff____c17_1____2__t_93f3d6f7fc6aa6ff____c3_1____2_fair.csv;t_93f3d6f7fc6aa6ff____c17_1____2__t_93f3d6f7fc6aa6ff____c19_1____2_fair.csv;t_93f3d6f7fc6aa6ff____c17_1____2__t_93f3d6f7fc6aa6ff____c19_0____1_fair.csv;t_93f3d6f7fc6aa6ff____c17_1____2__t_93f3d6f7fc6aa6ff____c15_0____4_fair.csv;t_93f3d6f7fc6aa6ff____c17_1____2__t_93f3d6f7fc6aa6ff____c12_1____1_fair.csv;t_93f3d6f7fc6aa6ff____c17_1____2__t_93f3d6f7fc6aa6ff____c11_1____3_fair.csv;t_93f3d6f7fc6aa6ff____c15_1____3__t_93f3d6f7fc6aa6ff____c9_0____3_fair.csv;t_93f3d6f7fc6aa6ff____c16_1____2__t_93f3d6f7fc6aa6ff____c15_1____2_fair.csv,"{""needs_fairification"": true, ""success"": false, ""swaps_made"": 1, ""initial_fairness"": 0.0415, ""initial_delta"": 0.36, ""dominated_removed_count"": 70, ""dominance_candidate_pool_size"": 73, ""candidates_after_winnow"": 2}"
tusSmall3,nl,t_93f3d6f7fc6aa6ff____c15_1____2_fair.csv,20,1195,83,20,False,0.041,0.6,0.0100418410041841,0.016736401673640166,280.14499604701996,280.14499604701996,t_93f3d6f7fc6aa6ff____c17_1____2__t_93f3d6f7fc6aa6ff____c7_0____4_fair.csv;t_93f3d6f7fc6aa6ff____c17_1____2__t_93f3d6f7fc6aa6ff____c7_0____2_fair.csv;t_93f3d6f7fc6aa6ff____c17_1____2__t_93f3d6f7fc6aa6ff____c3_1____2_fair.csv;t_93f3d6f7fc6aa6ff____c17_1____2__t_93f3d6f7fc6aa6ff____c19_1____2_fair.csv;t_93f3d6f7fc6aa6ff____c17_1____2__t_93f3d6f7fc6aa6ff____c19_0____1_fair.csv;t_93f3d6f7fc6aa6ff____c17_1____2__t_93f3d6f7fc6aa6ff____c15_0____4_fair.csv;t_93f3d6f7fc6aa6ff____c17_1____2__t_93f3d6f7fc6aa6ff____c12_1____1_fair.csv;t_93f3d6f7fc6aa6ff____c17_1____2__t_93f3d6f7fc6aa6ff____c11_1____3_fair.csv;t_93f3d6f7fc6aa6ff____c15_1____3__t_93f3d6f7fc6aa6ff____c9_0____3_fair.csv;t_93f3d6f7fc6aa6ff____c15_1____3__t_93f3d6f7fc6aa6ff____c7_0____4_fair.csv;t_93f3d6f7fc6aa6ff____c15_1____3__t_93f3d6f7fc6aa6ff____c7_0____2_fair.csv;t_93f3d6f7fc6aa6ff____c15_1____3__t_93f3d6f7fc6aa6ff____c5_0____2_fair.csv;t_93f3d6f7fc6aa6ff____c15_1____3__t_93f3d6f7fc6aa6ff____c3_1____2_fair.csv;t_93f3d6f7fc6aa6ff____c15_1____3__t_93f3d6f7fc6aa6ff____c21_0____3_fair.csv;t_93f3d6f7fc6aa6ff____c15_1____3__t_93f3d6f7fc6aa6ff____c19_1____2_fair.csv;t_93f3d6f7fc6aa6ff____c15_1____3__t_93f3d6f7fc6aa6ff____c15_1____2_fair.csv;t_93f3d6f7fc6aa6ff____c15_1____3__t_93f3d6f7fc6aa6ff____c15_0____4_fair.csv;t_93f3d6f7fc6aa6ff____c15_1____3__t_93f3d6f7fc6aa6ff____c12_0____3_fair.csv;t_93f3d6f7fc6aa6ff____c15_1____3__t_93f3d6f7fc6aa6ff____c11_1____3_fair.csv;t_93f3d6f7fc6aa6ff____c16_1____2__t_93f3d6f7fc6aa6ff____c15_1____2_fair.csv,"{""needs_fairification"": true, ""success"": false, ""swaps_made"": 1, ""initial_fairness"": 0.022, ""initial_delta"": 0.38, ""dominated_removed_count"": 61, ""dominance_candidate_pool_size"": 63, ""candidates_after_winnow"": 1}"
tusSmall3,nl,t_93f3d6f7fc6aa6ff____c7_0____2_fair.csv,5,1200,102,5,False,0.2363,1.0,0.004166666666666667,0.004166666666666667,31.877270579338074,31.877270579338074,t_93f3d6f7fc6aa6ff____c11_0____2__t_93f3d6f7fc6aa6ff____c3_1____2_fair.csv;t_93f3d6f7fc6aa6ff____c11_0____2__t_93f3d6f7fc6aa6ff____c12_0____3_fair.csv;t_93f3d6f7fc6aa6ff____c7_0____1.csv;t_93f3d6f7fc6aa6ff____c7_0____1__t_93f3d6f7fc6aa6ff____c7_0____2_fair.csv;t_93f3d6f7fc6aa6ff____c13_1____2__t_93f3d6f7fc6aa6ff____c7_0____2_fair.csv,"{""needs_fairification"": true, ""success"": false, ""swaps_made"": 4, ""initial_fairness"": 0.0756, ""initial_delta"": 0.32, ""dominated_removed_count"": 93, ""dominance_candidate_pool_size"": 97, ""candidates_after_winnow"": 0}"
tusSmall3,nl,t_93f3d6f7fc6aa6ff____c7_0____2_fair.csv,10,1200,102,10,False,0.1187,1.0,0.008333333333333333,0.008333333333333333,64.06796300411224,64.06796300411224,t_93f3d6f7fc6aa6ff____c11_0____2__t_93f3d6f7fc6aa6ff____c7_0____2_fair.csv;t_93f3d6f7fc6aa6ff____c11_0____2__t_93f3d6f7fc6aa6ff____c5_0____2_fair.csv;t_93f3d6f7fc6aa6ff____c11_0____2__t_93f3d6f7fc6aa6ff____c3_1____2_fair.csv;t_93f3d6f7fc6aa6ff____c11_0____2__t_93f3d6f7fc6aa6ff____c21_0____3_fair.csv;t_93f3d6f7fc6aa6ff____c11_0____2__t_93f3d6f7fc6aa6ff____c19_1____2_fair.csv;t_93f3d6f7fc6aa6ff____c11_0____2__t_93f3d6f7fc6aa6ff____c15_1____2_fair.csv;t_93f3d6f7fc6aa6ff____c11_0____2__t_93f3d6f7fc6aa6ff____c12_0____3_fair.csv;t_93f3d6f7fc6aa6ff____c11_0____2__t_93f3d6f7fc6aa6ff____c11_1____3_fair.csv;t_93f3d6f7fc6aa6ff____c7_0____1__t_93f3d6f7fc6aa6ff____c7_0____2_fair.csv;t_93f3d6f7fc6aa6ff____c13_1____2__t_93f3d6f7fc6aa6ff____c7_0____2_fair.csv,"{""needs_fairification"": true, ""success"": false, ""swaps_made"": 2, ""initial_fairness"": 0.0412, ""initial_delta"": 0.36, ""dominated_removed_count"": 88, ""dominance_candidate_pool_size"": 92, ""candidates_after_winnow"": 2}"
tusSmall3,nl,t_93f3d6f7fc6aa6ff____c7_0____2_fair.csv,20,1200,102,20,False,0.0662,1.0,0.016666666666666666,0.016666666666666666,127.87477135658264,127.87477135658264,t_93f3d6f7fc6aa6ff____c11_0____2__t_93f3d6f7fc6aa6ff____c7_0____4_fair.csv;t_93f3d6f7fc6aa6ff____c11_0____2__t_93f3d6f7fc6aa6ff____c7_0____2_fair.csv;t_93f3d6f7fc6aa6ff____c11_0____2__t_93f3d6f7fc6aa6ff____c5_0____2_fair.csv;t_93f3d6f7fc6aa6ff____c11_0____2__t_93f3d6f7fc6aa6ff____c3_1____2_fair.csv;t_93f3d6f7fc6aa6ff____c11_0____2__t_93f3d6f7fc6aa6ff____c21_0____3_fair.csv;t_93f3d6f7fc6aa6ff____c11_0____2__t_93f3d6f7fc6aa6ff____c19_1____2_fair.csv;t_93f3d6f7fc6aa6ff____c11_0____2__t_93f3d6f7fc6aa6ff____c15_1____2_fair.csv;t_93f3d6f7fc6aa6ff____c11_0____2__t_93f3d6f7fc6aa6ff____c12_0____3_fair.csv;t_93f3d6f7fc6aa6ff____c11_0____2__t_93f3d6f7fc6aa6ff____c11_1____3_fair.csv;t_93f3d6f7fc6aa6ff____c11_0____2__t_93f3d6f7fc6aa6ff____c11_0____4_fair.csv;t_93f3d6f7fc6aa6ff____c7_0____1.csv;t_93f3d6f7fc6aa6ff____c9_1____2__t_93f3d6f7fc6aa6ff____c7_0____4_fair.csv;t_93f3d6f7fc6aa6ff____c9_1____2__t_93f3d6f7fc6aa6ff____c7_0____2_fair.csv;t_93f3d6f7fc6aa6ff____c9_1____2.csv;t_93f3d6f7fc6aa6ff____c11_0____2.csv;t_93f3d6f7fc6aa6ff____c7_0____1__t_93f3d6f7fc6aa6ff____c7_0____4_fair.csv;t_93f3d6f7fc6aa6ff____c7_0____1__t_93f3d6f7fc6aa6ff____c7_0____2_fair.csv;t_93f3d6f7fc6aa6ff____c7_0____1__t_93f3d6f7fc6aa6ff____c15_0____4_fair.csv;t_93f3d6f7fc6aa6ff____c7_0____1__t_93f3d6f7fc6aa6ff____c11_0____4_fair.csv;t_93f3d6f7fc6aa6ff____c13_1____2__t_93f3d6f7fc6aa6ff____c7_0____2_fair.csv,"{""needs_fairification"": true, ""success"": false, ""swaps_made"": 1, ""initial_fairness"": 0.044, ""initial_delta"": 0.36, ""dominated_removed_count"": 79, ""dominance_candidate_pool_size"": 82, ""candidates_after_winnow"": 2}"
tusSmall3,nl,t_93f3d6f7fc6aa6ff____c15_0____4_fair.csv,5,948,81,5,False,0.2656,0.8,0.004219409282700422,0.005274261603375527,62.385482013225555,62.385482013225555,t_93f3d6f7fc6aa6ff____c17_1____4__t_93f3d6f7fc6aa6ff____c19_1____2_fair.csv;t_93f3d6f7fc6aa6ff____c15_1____4.csv;t_93f3d6f7fc6aa6ff____c15_0____2__t_93f3d6f7fc6aa6ff____c15_0____4_fair.csv;t_93f3d6f7fc6aa6ff____c13_1____4__t_93f3d6f7fc6aa6ff____c15_0____4_fair.csv;t_67c3f7ce5eab8804____c10_1____3.csv,"{""needs_fairification"": true, ""success"": false, ""swaps_made"": 4, ""initial_fairness"": 0.0829, ""initial_delta"": 0.32, ""dominated_removed_count"": 71, ""dominance_candidate_pool_size"": 76, ""candidates_after_winnow"": 1}"
tusSmall3,nl,t_93f3d6f7fc6aa6ff____c15_0____4_fair.csv,10,948,81,10,False,0.1452,0.9,0.00949367088607595,0.010548523206751054,131.91488575935364,131.91488575935364,t_93f3d6f7fc6aa6ff____c17_1____4__t_93f3d6f7fc6aa6ff____c3_1____2_fair.csv;t_93f3d6f7fc6aa6ff____c17_1____4__t_93f3d6f7fc6aa6ff____c19_0____1_fair.csv;t_93f3d6f7fc6aa6ff____c17_1____4__t_93f3d6f7fc6aa6ff____c15_0____4_fair.csv;t_93f3d6f7fc6aa6ff____c17_1____4__t_93f3d6f7fc6aa6ff____c12_1____1_fair.csv;t_93f3d6f7fc6aa6ff____c17_1____4__t_93f3d6f7fc6aa6ff____c11_1____3_fair.csv;t_93f3d6f7fc6aa6ff____c15_1____4.csv;t_93f3d6f7fc6aa6ff____c17_1____4.csv;t_93f3d6f7fc6aa6ff____c15_0____2__t_93f3d6f7fc6aa6ff____c15_0____4_fair.csv;t_93f3d6f7fc6aa6ff____c13_1____4__t_93f3d6f7fc6aa6ff____c15_0____4_fair.csv;t_67c3f7ce5eab8804____c10_1____3.csv,"{""needs_fairification"": true, ""success"": false, ""swaps_made"": 4, ""initial_fairness"": 0.0457, ""initial_delta"": 0.35, ""dominated_removed_count"": 66, ""dominance_candidate_pool_size"": 71, ""candidates_after_winnow"": 1}"
tusSmall3,nl,t_93f3d6f7fc6aa6ff____c15_0____4_fair.csv,20,948,81,20,False,0.0692,1.0,0.02109704641350211,0.02109704641350211,275.6661903858185,275.6661903858185,t_93f3d6f7fc6aa6ff____c17_1____4__t_93f3d6f7fc6aa6ff____c7_0____2_fair.csv;t_93f3d6f7fc6aa6ff____c17_1____4__t_93f3d6f7fc6aa6ff____c3_1____2_fair.csv;t_93f3d6f7fc6aa6ff____c17_1____4__t_93f3d6f7fc6aa6ff____c19_1____2_fair.csv;t_93f3d6f7fc6aa6ff____c17_1____4__t_93f3d6f7fc6aa6ff____c19_0____1_fair.csv;t_93f3d6f7fc6aa6ff____c17_1____4__t_93f3d6f7fc6aa6ff____c15_0____4_fair.csv;t_93f3d6f7fc6aa6ff____c17_1____4__t_93f3d6f7fc6aa6ff____c12_1____1_fair.csv;t_93f3d6f7fc6aa6ff____c17_1____4__t_93f3d6f7fc6aa6ff____c11_1____3_fair.csv;t_93f3d6f7fc6aa6ff____c15_1____4.csv;t_93f3d6f7fc6aa6ff____c15_1____4__t_93f3d6f7fc6aa6ff____c9_0____3_fair.csv;t_93f3d6f7fc6aa6ff____c15_1____4__t_93f3d6f7fc6aa6ff____c7_0____4_fair.csv;t_93f3d6f7fc6aa6ff____c15_1____4__t_93f3d6f7fc6aa6ff____c7_0____2_fair.csv;t_93f3d6f7fc6aa6ff____c15_1____4__t_93f3d6f7fc6aa6ff____c5_0____2_fair.csv;t_93f3d6f7fc6aa6ff____c15_1____4__t_93f3d6f7fc6aa6ff____c3_1____2_fair.csv;t_93f3d6f7fc6aa6ff____c15_1____4__t_93f3d6f7fc6aa6ff____c21_0____3_fair.csv;t_93f3d6f7fc6aa6ff____c15_1____4__t_93f3d6f7fc6aa6ff____c19_1____2_fair.csv;t_93f3d6f7fc6aa6ff____c15_1____4__t_93f3d6f7fc6aa6ff____c15_1____2_fair.csv;t_93f3d6f7fc6aa6ff____c15_1____4__t_93f3d6f7fc6aa6ff____c15_0____4_fair.csv;t_93f3d6f7fc6aa6ff____c15_1____4__t_93f3d6f7fc6aa6ff____c12_0____3_fair.csv;t_93f3d6f7fc6aa6ff____c15_0____2__t_93f3d6f7fc6aa6ff____c15_0____4_fair.csv;t_93f3d6f7fc6aa6ff____c13_1____4__t_93f3d6f7fc6aa6ff____c15_0____4_fair.csv,"{""needs_fairification"": true, ""success"": false, ""swaps_made"": 2, ""initial_fairness"": 0.0235, ""initial_delta"": 0.38, ""dominated_removed_count"": 56, ""dominance_candidate_pool_size"": 61, ""candidates_after_winnow"": 3}"
tusSmall3,nl,t_93f3d6f7fc6aa6ff____c7_0____4_fair.csv,5,1200,130,5,False,0.1674,0.6,0.0025,0.004166666666666667,30.27554029226303,30.27554029226303,t_93f3d6f7fc6aa6ff____c8_0____4__t_93f3d6f7fc6aa6ff____c15_1____2_fair.csv;t_93f3d6f7fc6aa6ff____c8_0____4__t_93f3d6f7fc6aa6ff____c12_1____1_fair.csv;t_93f3d6f7fc6aa6ff____c7_0____0.csv;t_93f3d6f7fc6aa6ff____c11_1____4.csv;t_93f3d6f7fc6aa6ff____c12_1____4__t_93f3d6f7fc6aa6ff____c7_0____4_fair.csv,"{""needs_fairification"": true, ""success"": false, ""swaps_made"": 3, ""initial_fairness"": 0.0645, ""initial_delta"": 0.34, ""dominated_removed_count"": 121, ""dominance_candidate_pool_size"": 125, ""candidates_after_winnow"": 1}"
tusSmall3,nl,t_93f3d6f7fc6aa6ff____c7_0____4_fair.csv,10,1200,130,10,False,0.0886,0.4,0.0033333333333333335,0.008333333333333333,61.22548466920853,61.22548466920853,t_93f3d6f7fc6aa6ff____c8_0____4__t_93f3d6f7fc6aa6ff____c21_0____3_fair.csv;t_93f3d6f7fc6aa6ff____c8_0____4__t_93f3d6f7fc6aa6ff____c19_0____1_fair.csv;t_93f3d6f7fc6aa6ff____c8_0____4__t_93f3d6f7fc6aa6ff____c15_1____2_fair.csv;t_93f3d6f7fc6aa6ff____c8_0____4__t_93f3d6f7fc6aa6ff____c12_1____1_fair.csv;t_93f3d6f7fc6aa6ff____c8_0____4__t_93f3d6f7fc6aa6ff____c12_0____3_fair.csv;t_93f3d6f7fc6aa6ff____c7_0____0.csv;t_93f3d6f7fc6aa6ff____c8_0____1.csv;t_93f3d6f7fc6aa6ff____c7_0____1.csv;t_93f3d6f7fc6aa6ff____c7_0____1__t_93f3d6f7fc6aa6ff____c7_0____4_fair.csv;t_93f3d6f7fc6aa6ff____c12_1____4__t_93f3d6f7fc6aa6ff____c7_0____4_fair.csv,"{""needs_fairification"": true, ""success"": false, ""swaps_made"": 1, ""initial_fairness"": 0.0398, ""initial_delta"": 0.36, ""dominated_removed_count"": 116, ""dominance_candidate_pool_size"": 120, ""candidates_after_winnow"": 3}"
tusSmall3,nl,t_93f3d6f7fc6aa6ff____c7_0____4_fair.csv,20,1200,130,20,False,0.0459,0.4,0.006666666666666667,0.016666666666666666,121.32777452468872,121.32777452468872,t_93f3d6f7fc6aa6ff____c8_0____4__t_93f3d6f7fc6aa6ff____c19_0____1_fair.csv;t_93f3d6f7fc6aa6ff____c8_0____4__t_93f3d6f7fc6aa6ff____c15_1____2_fair.csv;t_93f3d6f7fc6aa6ff____c8_0____4__t_93f3d6f7fc6aa6ff____c12_1____1_fair.csv;t_93f3d6f7fc6aa6ff____c8_0____4__t_93f3d6f7fc6aa6ff____c12_0____3_fair.csv;t_93f3d6f7fc6aa6ff____c7_0____0.csv;t_93f3d6f7fc6aa6ff____c8_0____1.csv;t_93f3d6f7fc6aa6ff____c7_0____1.csv;t_93f3d6f7fc6aa6ff____c7_0____1__t_93f3d6f7fc6aa6ff____c7_0____4_fair.csv;t_93f3d6f7fc6aa6ff____c7_0____1__t_93f3d6f7fc6aa6ff____c7_0____2_fair.csv;t_93f3d6f7fc6aa6ff____c7_0____1__t_93f3d6f7fc6aa6ff____c15_0____4_fair.csv;t_93f3d6f7fc6aa6ff____c7_0____1__t_93f3d6f7fc6aa6ff____c11_0____4_fair.csv;t_93f3d6f7fc6aa6ff____c9_1____4.csv;t_93f3d6f7fc6aa6ff____c8_0____2__t_93f3d6f7fc6aa6ff____c5_0____2_fair.csv;t_93f3d6f7fc6aa6ff____c8_0____2__t_93f3d6f7fc6aa6ff____c21_0____3_fair.csv;t_93f3d6f7fc6aa6ff____c8_0____2__t_93f3d6f7fc6aa6ff____c19_0____1_fair.csv;t_93f3d6f7fc6aa6ff____c8_0____2__t_93f3d6f7fc6aa6ff____c15_1____2_fair.csv;t_93f3d6f7fc6aa6ff____c8_0____2__t_93f3d6f7fc6aa6ff____c12_1____1_fair.csv;t_93f3d6f7fc6aa6ff____c8_0____2__t_93f3d6f7fc6aa6ff____c12_0____3_fair.csv;t_93f3d6f7fc6aa6ff____c8_0____2.csv;t_93f3d6f7fc6aa6ff____c12_1____4__t_93f3d6f7fc6aa6ff____c7_0____4_fair.csv,"{""needs_fairification"": true, ""success"": false, ""swaps_made"": 2, ""initial_fairness"": 0.0201, ""initial_delta"": 0.38, ""dominated_removed_count"": 107, ""dominance_candidate_pool_size"": 110, ""candidates_after_winnow"": 1}"
tusSmall3,nl,t_93f3d6f7fc6aa6ff____c9_0____3_fair.csv,5,1080,108,5,True,0.297,0.8,0.003703703703703704,0.004629629629629629,42.07484149932861,42.07484149932861,t_93f3d6f7fc6aa6ff____c9_1____3__t_93f3d6f7fc6aa6ff____c7_0____2_fair.csv;t_93f3d6f7fc6aa6ff____c9_0____0__t_93f3d6f7fc6aa6ff____c9_0____3_fair.csv;t_93f3d6f7fc6aa6ff____c9_0____0__t_93f3d6f7fc6aa6ff____c5_0____2_fair.csv;t_93f3d6f7fc6aa6ff____c9_0____0__t_93f3d6f7fc6aa6ff____c3_1____2_fair.csv;t_93f3d6f7fc6aa6ff____c13_1____3__t_93f3d6f7fc6aa6ff____c9_0____3_fair.csv,"{""needs_fairification"": true, ""success"": true, ""swaps_made"": 2, ""initial_fairness"": 0.1548, ""initial_delta"": 0.25, ""dominated_removed_count"": 96, ""dominance_candidate_pool_size"": 103, ""candidates_after_winnow"": 5}"
tusSmall3,nl,t_93f3d6f7fc6aa6ff____c9_0____3_fair.csv,10,1080,108,10,True,0.308,1.0,0.009259259259259259,0.009259259259259259,82.781265437603,82.781265437603,t_93f3d6f7fc6aa6ff____c9_0____0__t_93f3d6f7fc6aa6ff____c9_0____3_fair.csv;t_93f3d6f7fc6aa6ff____c9_0____0__t_93f3d6f7fc6aa6ff____c3_1____2_fair.csv;t_93f3d6f7fc6aa6ff____c9_0____0__t_93f3d6f7fc6aa6ff____c15_1____2_fair.csv;t_93f3d6f7fc6aa6ff____c9_0____0__t_93f3d6f7fc6aa6ff____c12_0____3_fair.csv;t_93f3d6f7fc6aa6ff____c9_0____2.csv;t_93f3d6f7fc6aa6ff____c9_0____1.csv;t_93f3d6f7fc6aa6ff____c9_0____1__t_93f3d6f7fc6aa6ff____c9_0____3_fair.csv;t_93f3d6f7fc6aa6ff____c9_0____1__t_93f3d6f7fc6aa6ff____c3_1____2_fair.csv;t_93f3d6f7fc6aa6ff____c13_1____3__t_93f3d6f7fc6aa6ff____c9_0____3_fair.csv;t_93f3d6f7fc6aa6ff____c13_1____3__t_93f3d6f7fc6aa6ff____c3_1____2_fair.csv,"{""needs_fairification"": true, ""success"": true, ""swaps_made"": 6, ""initial_fairness"": 0.1247, ""initial_delta"": 0.28, ""dominated_removed_count"": 91, ""dominance_candidate_pool_size"": 98, ""candidates_after_winnow"": 1}"
tusSmall3,nl,t_93f3d6f7fc6aa6ff____c9_0____3_fair.csv,20,1080,108,20,False,0.2289,0.95,0.017592592592592594,0.018518518518518517,161.31612008810043,161.31612008810043,t_93f3d6f7fc6aa6ff____c9_0____0__t_93f3d6f7fc6aa6ff____c9_0____3_fair.csv;t_93f3d6f7fc6aa6ff____c9_0____0__t_93f3d6f7fc6aa6ff____c3_1____2_fair.csv;t_93f3d6f7fc6aa6ff____c9_0____0__t_93f3d6f7fc6aa6ff____c19_1____2_fair.csv;t_93f3d6f7fc6aa6ff____c9_0____0__t_93f3d6f7fc6aa6ff____c15_1____2_fair.csv;t_93f3d6f7fc6aa6ff____c9_0____0__t_93f3d6f7fc6aa6ff____c12_0____3_fair.csv;t_93f3d6f7fc6aa6ff____c9_1____3.csv;t_93f3d6f7fc6aa6ff____c9_0____2.csv;t_93f3d6f7fc6aa6ff____c9_0____1.csv;t_93f3d6f7fc6aa6ff____c9_0____1__t_93f3d6f7fc6aa6ff____c9_0____3_fair.csv;t_93f3d6f7fc6aa6ff____c9_0____1__t_93f3d6f7fc6aa6ff____c5_0____2_fair.csv;t_93f3d6f7fc6aa6ff____c9_0____1__t_93f3d6f7fc6aa6ff____c3_1____2_fair.csv;t_93f3d6f7fc6aa6ff____c9_0____1__t_93f3d6f7fc6aa6ff____c21_0____3_fair.csv;t_93f3d6f7fc6aa6ff____c9_0____1__t_93f3d6f7fc6aa6ff____c19_1____2_fair.csv;t_93f3d6f7fc6aa6ff____c9_0____1__t_93f3d6f7fc6aa6ff____c15_1____2_fair.csv;t_93f3d6f7fc6aa6ff____c9_0____1__t_93f3d6f7fc6aa6ff____c12_0____3_fair.csv;t_93f3d6f7fc6aa6ff____c9_0____4.csv;t_93f3d6f7fc6aa6ff____c13_1____3__t_93f3d6f7fc6aa6ff____c9_0____3_fair.csv;t_93f3d6f7fc6aa6ff____c13_1____3__t_93f3d6f7fc6aa6ff____c3_1____2_fair.csv;t_93f3d6f7fc6aa6ff____c7_1____1__t_93f3d6f7fc6aa6ff____c9_0____3_fair.csv;t_93f3d6f7fc6aa6ff____c7_1____1__t_93f3d6f7fc6aa6ff____c3_1____2_fair.csv,"{""needs_fairification"": true, ""success"": false, ""swaps_made"": 5, ""initial_fairness"": 0.1413, ""initial_delta"": 0.26, ""dominated_removed_count"": 82, ""dominance_candidate_pool_size"": 88, ""candidates_after_winnow"": 1}"
tusSmall3,nl,t_c701386b7c10b107____c10_0____3_fair.csv,5,1077,110,5,False,0.2912,1.0,0.004642525533890436,0.004642525533890436,47.6604990363121,47.6604990363121,t_c701386b7c10b107____c10_0____1__t_c701386b7c10b107____c7_1____0_fair.csv;t_c701386b7c10b107____c10_0____1__t_c701386b7c10b107____c5_1____1_fair.csv;t_c701386b7c10b107____c10_0____1__t_c701386b7c10b107____c10_0____3_fair.csv;t_c701386b7c10b107____c10_0____4__t_c701386b7c10b107____c10_0____3_fair.csv;t_c701386b7c10b107____c10_0____0__t_c701386b7c10b107____c10_0____3_fair.csv,"{""needs_fairification"": true, ""success"": false, ""swaps_made"": 2, ""initial_fairness"": 0.1718, ""initial_delta"": 0.23, ""dominated_removed_count"": 102, ""dominance_candidate_pool_size"": 105, ""candidates_after_winnow"": 1}"
tusSmall3,nl,t_c701386b7c10b107____c10_0____3_fair.csv,10,1077,110,10,False,0.1582,1.0,0.009285051067780872,0.009285051067780872,95.3675691485405,95.3675691485405,t_c701386b7c10b107____c10_0____1__t_c701386b7c10b107____c7_1____0_fair.csv;t_c701386b7c10b107____c10_0____1__t_c701386b7c10b107____c5_1____1_fair.csv;t_c701386b7c10b107____c10_0____1__t_c701386b7c10b107____c10_0____3_fair.csv;t_c701386b7c10b107____c12_0____4__t_c701386b7c10b107____c7_1____0_fair.csv;t_c701386b7c10b107____c12_0____4__t_c701386b7c10b107____c5_1____1_fair.csv;t_c701386b7c10b107____c12_0____4__t_c701386b7c10b107____c21_0____4_fair.csv;t_c701386b7c10b107____c12_0____4__t_c701386b7c10b107____c18_1____1_fair.csv;t_c701386b7c10b107____c12_0____4__t_c701386b7c10b107____c15_1____3_fair.csv;t_c701386b7c10b107____c10_0____4__t_c701386b7c10b107____c10_0____3_fair.csv;t_c701386b7c10b107____c10_0____0__t_c701386b7c10b107____c10_0____3_fair.csv,"{""needs_fairification"": true, ""success"": false, ""swaps_made"": 2, ""initial_fairness"": 0.0867, ""initial_delta"": 0.31, ""dominated_removed_count"": 97, ""dominance_candidate_pool_size"": 100, ""candidates_after_winnow"": 1}"
tusSmall3,nl,t_c701386b7c10b107____c10_0____3_fair.csv,20,1077,110,20,False,0.1254,0.85,0.015784586815227482,0.018570102135561744,184.54790091514587,184.54790091514587,t_c701386b7c10b107____c10_0____1__t_c701386b7c10b107____c5_1____1_fair.csv;t_c701386b7c10b107____c10_0____1__t_c701386b7c10b107____c10_0____3_fair.csv;t_c701386b7c10b107____c12_0____4__t_c701386b7c10b107____c7_1____0_fair.csv;t_c701386b7c10b107____c12_0____4__t_c701386b7c10b107____c5_1____1_fair.csv;t_c701386b7c10b107____c12_0____4__t_c701386b7c10b107____c21_0____4_fair.csv;t_c701386b7c10b107____c12_0____4__t_c701386b7c10b107____c18_1____1_fair.csv;t_c701386b7c10b107____c12_0____4__t_c701386b7c10b107____c15_1____3_fair.csv;t_c701386b7c10b107____c12_0____4__t_c701386b7c10b107____c10_0____3_fair.csv;t_c701386b7c10b107____c10_0____4__t_c701386b7c10b107____c7_1____0_fair.csv;t_c701386b7c10b107____c10_0____4__t_c701386b7c10b107____c5_1____1_fair.csv;t_c701386b7c10b107____c10_0____4__t_c701386b7c10b107____c10_0____3_fair.csv;t_c701386b7c10b107____c12_0____4.csv;t_c701386b7c10b107____c11_1____3__t_c701386b7c10b107____c6_0____0_fair.csv;t_c701386b7c10b107____c11_1____3__t_c701386b7c10b107____c21_0____2_fair.csv;t_c701386b7c10b107____c11_1____3__t_c701386b7c10b107____c20_0____2_fair.csv;t_c701386b7c10b107____c10_0____0__t_c701386b7c10b107____c7_1____0_fair.csv;t_c701386b7c10b107____c10_0____0__t_c701386b7c10b107____c5_1____1_fair.csv;t_c701386b7c10b107____c10_0____0__t_c701386b7c10b107____c10_0____3_fair.csv;t_c701386b7c10b107____c9_0____3__t_c701386b7c10b107____c10_0____3_fair.csv;t_c701386b7c10b107____c5_1____4__t_c701386b7c10b107____c10_0____3_fair.csv,"{""needs_fairification"": true, ""success"": false, ""swaps_made"": 3, ""initial_fairness"": 0.0679, ""initial_delta"": 0.33, ""dominated_removed_count"": 87, ""dominance_candidate_pool_size"": 90, ""candidates_after_winnow"": 0}"
tusSmall3,nl,t_c701386b7c10b107____c14_0____2_fair.csv,5,980,92,5,False,0.2494,1.0,0.00510204081632653,0.00510204081632653,63.36001753807068,63.36001753807068,t_c701386b7c10b107____c17_1____2__t_c701386b7c10b107____c17_1____1_fair.csv;t_c701386b7c10b107____c17_1____0.csv;t_c701386b7c10b107____c14_0____3__t_c701386b7c10b107____c14_0____2_fair.csv;t_c701386b7c10b107____c14_0____4.csv;t_c701386b7c10b107____c11_0____4__t_c701386b7c10b107____c14_0____2_fair.csv,"{""needs_fairification"": true, ""success"": false, ""swaps_made"": 4, ""initial_fairness"": 0.0622, ""initial_delta"": 0.34, ""dominated_removed_count"": 82, ""dominance_candidate_pool_size"": 87, ""candidates_after_winnow"": 1}"
tusSmall3,nl,t_c701386b7c10b107____c14_0____2_fair.csv,10,980,92,10,False,0.126,1.0,0.01020408163265306,0.01020408163265306,130.0288091301918,130.0288091301918,t_c701386b7c10b107____c17_1____2__t_c701386b7c10b107____c18_1____1_fair.csv;t_c701386b7c10b107____c17_1____2__t_c701386b7c10b107____c17_1____1_fair.csv;t_c701386b7c10b107____c17_1____2__t_c701386b7c10b107____c14_0____2_fair.csv;t_c701386b7c10b107____c17_1____2__t_c701386b7c10b107____c10_0____3_fair.csv;t_c701386b7c10b107____c17_1____0.csv;t_c701386b7c10b107____c14_0____1__t_c701386b7c10b107____c7_1____0_fair.csv;t_c701386b7c10b107____c14_0____1__t_c701386b7c10b107____c6_1____2_fair.csv;t_c701386b7c10b107____c14_0____3__t_c701386b7c10b107____c14_0____2_fair.csv;t_c701386b7c10b107____c14_0____4.csv;t_c701386b7c10b107____c11_0____4__t_c701386b7c10b107____c14_0____2_fair.csv,"{""needs_fairification"": true, ""success"": false, ""swaps_made"": 3, ""initial_fairness"": 0.0373, ""initial_delta"": 0.36, ""dominated_removed_count"": 78, ""dominance_candidate_pool_size"": 82, ""candidates_after_winnow"": 1}"
tusSmall3,nl,t_c701386b7c10b107____c14_0____2_fair.csv,20,980,92,20,False,0.0606,1.0,0.02040816326530612,0.02040816326530612,263.1502875685692,263.1502875685692,t_c701386b7c10b107____c17_1____2__t_c701386b7c10b107____c5_1____1_fair.csv;t_c701386b7c10b107____c17_1____2__t_c701386b7c10b107____c18_1____1_fair.csv;t_c701386b7c10b107____c17_1____2__t_c701386b7c10b107____c17_1____1_fair.csv;t_c701386b7c10b107____c17_1____2__t_c701386b7c10b107____c14_0____2_fair.csv;t_c701386b7c10b107____c17_1____2__t_c701386b7c10b107____c10_0____3_fair.csv;t_c701386b7c10b107____c17_1____0.csv;t_c701386b7c10b107____c14_0____1__t_c701386b7c10b107____c7_1____0_fair.csv;t_c701386b7c10b107____c14_0____1__t_c701386b7c10b107____c6_1____2_fair.csv;t_c701386b7c10b107____c14_0____1__t_c701386b7c10b107____c5_1____1_fair.csv;t_c701386b7c10b107____c14_0____1__t_c701386b7c10b107____c17_1____1_fair.csv;t_c701386b7c10b107____c14_0____1__t_c701386b7c10b107____c14_0____2_fair.csv;t_c701386b7c10b107____c14_0____1__t_c701386b7c10b107____c10_0____3_fair.csv;t_c701386b7c10b107____c17_1____4__t_c701386b7c10b107____c7_1____0_fair.csv;t_c701386b7c10b107____c17_1____4__t_c701386b7c10b107____c6_1____2_fair.csv;t_c701386b7c10b107____c17_1____4__t_c701386b7c10b107____c5_1____1_fair.csv;t_c701386b7c10b107____c17_1____4__t_c701386b7c10b107____c18_1____1_fair.csv;t_c701386b7c10b107____c17_1____4__t_c701386b7c10b107____c17_1____1_fair.csv;t_c701386b7c10b107____c17_1____4__t_c701386b7c10b107____c14_0____2_fair.csv;t_c701386b7c10b107____c14_0____3__t_c701386b7c10b107____c14_0____2_fair.csv;t_c701386b7c10b107____c11_0____4__t_c701386b7c10b107____c14_0____2_fair.csv,"{""needs_fairification"": true, ""success"": false, ""swaps_made"": 2, ""initial_fairness"": 0.0192, ""initial_delta"": 0.38, ""dominated_removed_count"": 68, ""dominance_candidate_pool_size"": 72, ""candidates_after_winnow"": 2}"
tusSmall3,nl,t_c701386b7c10b107____c15_1____3_fair.csv,5,938,83,5,False,0.1484,1.0,0.005330490405117271,0.005330490405117271,72.08490204811096,72.08490204811096,t_c701386b7c10b107____c15_1____1__t_c701386b7c10b107____c7_1____0_fair.csv;t_c701386b7c10b107____c15_1____1__t_c701386b7c10b107____c6_1____2_fair.csv;t_c701386b7c10b107____c15_1____1__t_c701386b7c10b107____c5_1____1_fair.csv;t_c701386b7c10b107____c15_1____1__t_c701386b7c10b107____c21_0____4_fair.csv;t_c701386b7c10b107____c15_0____3__t_c701386b7c10b107____c15_1____3_fair.csv,"{""needs_fairification"": true, ""success"": false, ""swaps_made"": 1, ""initial_fairness"": 0.0759, ""initial_delta"": 0.32, ""dominated_removed_count"": 76, ""dominance_candidate_pool_size"": 78, ""candidates_after_winnow"": 1}"
tusSmall3,nl,t_c701386b7c10b107____c15_1____3_fair.csv,10,938,83,10,False,0.0801,1.0,0.010660980810234541,0.010660980810234541,144.42454379796982,144.42454379796982,t_c701386b7c10b107____c15_1____1__t_c701386b7c10b107____c7_1____0_fair.csv;t_c701386b7c10b107____c15_1____1__t_c701386b7c10b107____c6_1____2_fair.csv;t_c701386b7c10b107____c15_1____1__t_c701386b7c10b107____c5_1____1_fair.csv;t_c701386b7c10b107____c15_1____1__t_c701386b7c10b107____c21_0____4_fair.csv;t_c701386b7c10b107____c15_1____1__t_c701386b7c10b107____c18_1____1_fair.csv;t_c701386b7c10b107____c15_1____1__t_c701386b7c10b107____c17_1____1_fair.csv;t_c701386b7c10b107____c15_1____1__t_c701386b7c10b107____c15_1____3_fair.csv;t_c701386b7c10b107____c15_1____1__t_c701386b7c10b107____c14_0____2_fair.csv;t_c701386b7c10b107____c15_1____1__t_c701386b7c10b107____c10_0____3_fair.csv;t_c701386b7c10b107____c15_0____3__t_c701386b7c10b107____c15_1____3_fair.csv,"{""needs_fairification"": true, ""success"": false, ""swaps_made"": 1, ""initial_fairness"": 0.0394, ""initial_delta"": 0.36, ""dominated_removed_count"": 72, ""dominance_candidate_pool_size"": 73, ""candidates_after_winnow"": 0}"
tusSmall3,nl,t_c701386b7c10b107____c15_1____3_fair.csv,20,938,83,20,False,0.0858,1.0,0.021321961620469083,0.021321961620469083,285.5767548084259,285.5767548084259,t_c701386b7c10b107____c15_1____1__t_c701386b7c10b107____c5_1____1_fair.csv;t_c701386b7c10b107____c15_1____1__t_c701386b7c10b107____c21_0____4_fair.csv;t_c701386b7c10b107____c15_1____1__t_c701386b7c10b107____c18_1____1_fair.csv;t_c701386b7c10b107____c15_1____1__t_c701386b7c10b107____c17_1____1_fair.csv;t_c701386b7c10b107____c15_1____1__t_c701386b7c10b107____c15_1____3_fair.csv;t_c701386b7c10b107____c15_1____1__t_c701386b7c10b107____c14_0____2_fair.csv;t_c701386b7c10b107____c15_1____1__t_c701386b7c10b107____c10_0____3_fair.csv;t_c701386b7c10b107____c15_0____3__t_c701386b7c10b107____c7_1____0_fair.csv;t_c701386b7c10b107____c15_0____3__t_c701386b7c10b107____c6_1____2_fair.csv;t_c701386b7c10b107____c15_0____3__t_c701386b7c10b107____c5_1____1_fair.csv;t_c701386b7c10b107____c15_0____3__t_c701386b7c10b107____c21_0____4_fair.csv;t_c701386b7c10b107____c15_0____3__t_c701386b7c10b107____c18_1____1_fair.csv;t_c701386b7c10b107____c15_0____3__t_c701386b7c10b107____c17_1____1_fair.csv;t_c701386b7c10b107____c15_0____3__t_c701386b7c10b107____c15_1____3_fair.csv;t_c701386b7c10b107____c15_0____3__t_c701386b7c10b107____c14_0____2_fair.csv;t_c701386b7c10b107____c15_0____3__t_c701386b7c10b107____c10_0____3_fair.csv;t_c701386b7c10b107____c15_0____3.csv;t_c701386b7c10b107____c15_1____0.csv;t_c701386b7c10b107____c15_1____0__t_c701386b7c10b107____c15_1____3_fair.csv;t_c701386b7c10b107____c15_0____0__t_c701386b7c10b107____c15_1____3_fair.csv,"{""needs_fairification"": true, ""success"": false, ""swaps_made"": 3, ""initial_fairness"": 0.0441, ""initial_delta"": 0.36, ""dominated_removed_count"": 60, ""dominance_candidate_pool_size"": 63, ""candidates_after_winnow"": 0}"
tusSmall3,nl,t_c701386b7c10b107____c17_1____1_fair.csv,5,1019,67,5,False,0.2207,1.0,0.004906771344455349,0.004906771344455349,77.8091567158699,77.8091567158699,t_c701386b7c10b107____c17_1____4__t_c701386b7c10b107____c6_1____2_fair.csv;t_c701386b7c10b107____c17_1____4__t_c701386b7c10b107____c5_1____1_fair.csv;t_c701386b7c10b107____c17_1____4__t_c701386b7c10b107____c18_1____1_fair.csv;t_c701386b7c10b107____c17_1____4__t_c701386b7c10b107____c17_1____1_fair.csv;t_c701386b7c10b107____c14_0____1__t_c701386b7c10b107____c17_1____1_fair.csv,"{""needs_fairification"": true, ""success"": false, ""swaps_made"": 2, ""initial_fairness"": 0.082, ""initial_delta"": 0.32, ""dominated_removed_count"": 60, ""dominance_candidate_pool_size"": 62, ""candidates_after_winnow"": 0}"
tusSmall3,nl,t_c701386b7c10b107____c17_1____1_fair.csv,10,1019,67,10,False,0.1271,0.8,0.007850834151128557,0.009813542688910697,158.43391293287277,158.43391293287277,t_c701386b7c10b107____c17_1____4__t_c701386b7c10b107____c7_1____0_fair.csv;t_c701386b7c10b107____c17_1____4__t_c701386b7c10b107____c6_1____2_fair.csv;t_c701386b7c10b107____c17_1____4__t_c701386b7c10b107____c5_1____1_fair.csv;t_c701386b7c10b107____c17_1____4__t_c701386b7c10b107____c18_1____1_fair.csv;t_c701386b7c10b107____c17_1____4__t_c701386b7c10b107____c17_1____1_fair.csv;t_c701386b7c10b107____c17_1____4__t_c701386b7c10b107____c14_0____2_fair.csv;t_c701386b7c10b107____c17_1____4__t_c701386b7c10b107____c10_0____3_fair.csv;t_c701386b7c10b107____c18_0____0.csv;t_c701386b7c10b107____c18_0____0__t_c701386b7c10b107____c7_1____0_fair.csv;t_c701386b7c10b107____c14_0____1__t_c701386b7c10b107____c17_1____1_fair.csv,"{""needs_fairification"": true, ""success"": false, ""swaps_made"": 1, ""initial_fairness"": 0.0868, ""initial_delta"": 0.31, ""dominated_removed_count"": 55, ""dominance_candidate_pool_size"": 57, ""candidates_after_winnow"": 1}"
tusSmall3,nl,t_c701386b7c10b107____c17_1____1_fair.csv,20,1019,67,20,False,0.0655,0.4,0.007850834151128557,0.019627085377821395,318.43686574697495,318.43686574697495,t_c701386b7c10b107____c17_1____4__t_c701386b7c10b107____c7_1____0_fair.csv;t_c701386b7c10b107____c17_1____4__t_c701386b7c10b107____c6_1____2_fair.csv;t_c701386b7c10b107____c17_1____4__t_c701386b7c10b107____c5_1____1_fair.csv;t_c701386b7c10b107____c17_1____4__t_c701386b7c10b107____c18_1____1_fair.csv;t_c701386b7c10b107____c17_1____4__t_c701386b7c10b107____c17_1____1_fair.csv;t_c701386b7c10b107____c17_1____4__t_c701386b7c10b107____c14_0____2_fair.csv;t_c701386b7c10b107____c17_1____4__t_c701386b7c10b107____c10_0____3_fair.csv;t_c701386b7c10b107____c18_0____0.csv;t_c701386b7c10b107____c18_0____0__t_c701386b7c10b107____c7_1____0_fair.csv;t_c701386b7c10b107____c18_0____0__t_c701386b7c10b107____c6_1____2_fair.csv;t_c701386b7c10b107____c18_0____0__t_c701386b7c10b107____c6_0____0_fair.csv;t_c701386b7c10b107____c18_0____0__t_c701386b7c10b107____c5_1____1_fair.csv;t_c701386b7c10b107____c18_0____0__t_c701386b7c10b107____c21_0____4_fair.csv;t_c701386b7c10b107____c18_0____0__t_c701386b7c10b107____c21_0____2_fair.csv;t_c701386b7c10b107____c18_0____0__t_c701386b7c10b107____c20_0____2_fair.csv;t_c701386b7c10b107____c18_0____0__t_c701386b7c10b107____c18_1____1_fair.csv;t_c701386b7c10b107____c18_0____0__t_c701386b7c10b107____c15_1____3_fair.csv;t_c701386b7c10b107____c18_0____0__t_c701386b7c10b107____c14_0____2_fair.csv;t_c701386b7c10b107____c18_0____0__t_c701386b7c10b107____c10_0____3_fair.csv;t_c701386b7c10b107____c14_0____1__t_c701386b7c10b107____c17_1____1_fair.csv,"{""needs_fairification"": true, ""success"": false, ""swaps_made"": 1, ""initial_fairness"": 0.0437, ""initial_delta"": 0.36, ""dominated_removed_count"": 44, ""dominance_candidate_pool_size"": 47, ""candidates_after_winnow"": 2}"
tusSmall3,nl,t_93f3d6f7fc6aa6ff____c19_1____2_fair.csv,5,1080,76,5,False,0.1784,1.0,0.004629629629629629,0.004629629629629629,81.84436869621277,81.84436869621277,t_93f3d6f7fc6aa6ff____c17_1____2__t_93f3d6f7fc6aa6ff____c7_0____4_fair.csv;t_93f3d6f7fc6aa6ff____c17_1____2__t_93f3d6f7fc6aa6ff____c7_0____2_fair.csv;t_93f3d6f7fc6aa6ff____c17_1____2__t_93f3d6f7fc6aa6ff____c3_1____2_fair.csv;t_93f3d6f7fc6aa6ff____c17_1____2__t_93f3d6f7fc6aa6ff____c19_1____2_fair.csv;t_93f3d6f7fc6aa6ff____c17_1____3.csv,"{""needs_fairification"": true, ""success"": false, ""swaps_made"": 2, ""initial_fairness"": 0.0781, ""initial_delta"": 0.32, ""dominated_removed_count"": 69, ""dominance_candidate_pool_size"": 71, ""candidates_after_winnow"": 0}"
tusSmall3,nl,t_93f3d6f7fc6aa6ff____c19_1____2_fair.csv,10,1080,76,10,False,0.1371,1.0,0.009259259259259259,0.009259259259259259,163.3903632760048,163.3903632760048,t_93f3d6f7fc6aa6ff____c17_1____2__t_93f3d6f7fc6aa6ff____c7_0____2_fair.csv;t_93f3d6f7fc6aa6ff____c17_1____2__t_93f3d6f7fc6aa6ff____c3_1____2_fair.csv;t_93f3d6f7fc6aa6ff____c17_1____2__t_93f3d6f7fc6aa6ff____c19_1____2_fair.csv;t_93f3d6f7fc6aa6ff____c17_1____2__t_93f3d6f7fc6aa6ff____c19_0____1_fair.csv;t_93f3d6f7fc6aa6ff____c17_1____2__t_93f3d6f7fc6aa6ff____c15_0____4_fair.csv;t_93f3d6f7fc6aa6ff____c17_1____2__t_93f3d6f7fc6aa6ff____c12_1____1_fair.csv;t_93f3d6f7fc6aa6ff____c17_1____2__t_93f3d6f7fc6aa6ff____c11_1____3_fair.csv;t_93f3d6f7fc6aa6ff____c17_1____3__t_93f3d6f7fc6aa6ff____c19_1____2_fair.csv;t_93f3d6f7fc6aa6ff____c17_1____3.csv;t_93f3d6f7fc6aa6ff____c17_1____1__t_93f3d6f7fc6aa6ff____c19_1____2_fair.csv,"{""needs_fairification"": true, ""success"": false, ""swaps_made"": 3, ""initial_fairness"": 0.0851, ""initial_delta"": 0.31, ""dominated_removed_count"": 63, ""dominance_candidate_pool_size"": 66, ""candidates_after_winnow"": 0}"
tusSmall3,nl,t_93f3d6f7fc6aa6ff____c19_1____2_fair.csv,20,1080,76,20,False,0.0778,1.0,0.018518518518518517,0.018518518518518517,324.69980561733246,324.69980561733246,t_93f3d6f7fc6aa6ff____c17_1____2__t_93f3d6f7fc6aa6ff____c7_0____4_fair.csv;t_93f3d6f7fc6aa6ff____c17_1____2__t_93f3d6f7fc6aa6ff____c7_0____2_fair.csv;t_93f3d6f7fc6aa6ff____c17_1____2__t_93f3d6f7fc6aa6ff____c3_1____2_fair.csv;t_93f3d6f7fc6aa6ff____c17_1____2__t_93f3d6f7fc6aa6ff____c19_1____2_fair.csv;t_93f3d6f7fc6aa6ff____c17_1____2__t_93f3d6f7fc6aa6ff____c19_0____1_fair.csv;t_93f3d6f7fc6aa6ff____c17_1____2__t_93f3d6f7fc6aa6ff____c15_0____4_fair.csv;t_93f3d6f7fc6aa6ff____c17_1____2__t_93f3d6f7fc6aa6ff____c12_1____1_fair.csv;t_93f3d6f7fc6aa6ff____c17_1____2__t_93f3d6f7fc6aa6ff____c11_1____3_fair.csv;t_93f3d6f7fc6aa6ff____c17_1____3__t_93f3d6f7fc6aa6ff____c9_0____3_fair.csv;t_93f3d6f7fc6aa6ff____c17_1____3__t_93f3d6f7fc6aa6ff____c7_0____4_fair.csv;t_93f3d6f7fc6aa6ff____c17_1____3__t_93f3d6f7fc6aa6ff____c7_0____2_fair.csv;t_93f3d6f7fc6aa6ff____c17_1____3__t_93f3d6f7fc6aa6ff____c3_1____2_fair.csv;t_93f3d6f7fc6aa6ff____c17_1____3__t_93f3d6f7fc6aa6ff____c19_1____2_fair.csv;t_93f3d6f7fc6aa6ff____c17_1____3__t_93f3d6f7fc6aa6ff____c19_0____1_fair.csv;t_93f3d6f7fc6aa6ff____c17_1____3__t_93f3d6f7fc6aa6ff____c15_0____4_fair.csv;t_93f3d6f7fc6aa6ff____c17_1____3__t_93f3d6f7fc6aa6ff____c12_1____1_fair.csv;t_93f3d6f7fc6aa6ff____c17_1____3__t_93f3d6f7fc6aa6ff____c11_1____3_fair.csv;t_93f3d6f7fc6aa6ff____c17_1____3.csv;t_93f3d6f7fc6aa6ff____c17_1____1__t_93f3d6f7fc6aa6ff____c19_1____2_fair.csv;t_93f3d6f7fc6aa6ff____c16_1____3.csv,"{""needs_fairification"": true, ""success"": false, ""swaps_made"": 2, ""initial_fairness"": 0.0513, ""initial_delta"": 0.35, ""dominated_removed_count"": 53, ""dominance_candidate_pool_size"": 56, ""candidates_after_winnow"": 1}"
tusSmall3,nl,t_c701386b7c10b107____c5_1____1_fair.csv,5,1077,141,5,True,0.2965,1.0,0.004642525533890436,0.004642525533890436,24.22545039653778,24.22545039653778,t_c701386b7c10b107____c5_1____4__t_c701386b7c10b107____c5_1____1_fair.csv;t_c701386b7c10b107____c5_1____4__t_c701386b7c10b107____c10_0____3_fair.csv;t_c701386b7c10b107____c5_1____2__t_c701386b7c10b107____c7_1____0_fair.csv;t_c701386b7c10b107____c5_1____2__t_c701386b7c10b107____c5_1____1_fair.csv;t_c701386b7c10b107____c5_1____0__t_c701386b7c10b107____c5_1____1_fair.csv,"{""needs_fairification"": true, ""success"": true, ""swaps_made"": 1, ""initial_fairness"": 0.219, ""initial_delta"": 0.18, ""dominated_removed_count"": 130, ""dominance_candidate_pool_size"": 136, ""candidates_after_winnow"": 5}"
tusSmall3,nl,t_c701386b7c10b107____c5_1____1_fair.csv,10,1077,141,10,False,0.2903,1.0,0.009285051067780872,0.009285051067780872,47.72125834226608,47.72125834226608,t_c701386b7c10b107____c5_1____4__t_c701386b7c10b107____c5_1____1_fair.csv;t_c701386b7c10b107____c5_1____2__t_c701386b7c10b107____c5_1____1_fair.csv;t_c701386b7c10b107____c5_1____3__t_c701386b7c10b107____c7_1____0_fair.csv;t_c701386b7c10b107____c5_1____3__t_c701386b7c10b107____c5_1____1_fair.csv;t_c701386b7c10b107____c5_1____3__t_c701386b7c10b107____c10_0____3_fair.csv;t_c701386b7c10b107____c5_1____0__t_c701386b7c10b107____c7_1____0_fair.csv;t_c701386b7c10b107____c5_1____0__t_c701386b7c10b107____c5_1____1_fair.csv;t_c701386b7c10b107____c5_1____4.csv;t_c701386b7c10b107____c10_0____1__t_c701386b7c10b107____c5_1____1_fair.csv;t_c701386b7c10b107____c7_1____2__t_c701386b7c10b107____c5_1____1_fair.csv,"{""needs_fairification"": true, ""success"": false, ""swaps_made"": 4, ""initial_fairness"": 0.1575, ""initial_delta"": 0.24, ""dominated_removed_count"": 127, ""dominance_candidate_pool_size"": 131, ""candidates_after_winnow"": 0}"
tusSmall3,nl,t_c701386b7c10b107____c5_1____1_fair.csv,20,1077,141,20,False,0.1868,1.0,0.018570102135561744,0.018570102135561744,95.1248682141304,95.1248682141304,t_c701386b7c10b107____c5_1____4__t_c701386b7c10b107____c5_1____1_fair.csv;t_c701386b7c10b107____c5_1____2__t_c701386b7c10b107____c5_1____1_fair.csv;t_c701386b7c10b107____c5_1____2__t_c701386b7c10b107____c10_0____3_fair.csv;t_c701386b7c10b107____c5_1____3__t_c701386b7c10b107____c7_1____0_fair.csv;t_c701386b7c10b107____c5_1____3__t_c701386b7c10b107____c5_1____1_fair.csv;t_c701386b7c10b107____c5_1____3__t_c701386b7c10b107____c10_0____3_fair.csv;t_c701386b7c10b107____c5_1____0__t_c701386b7c10b107____c7_1____0_fair.csv;t_c701386b7c10b107____c5_1____0__t_c701386b7c10b107____c5_1____1_fair.csv;t_c701386b7c10b107____c5_1____0__t_c701386b7c10b107____c10_0____3_fair.csv;t_c701386b7c10b107____c5_1____4.csv;t_c701386b7c10b107____c5_1____0.csv;t_c701386b7c10b107____c5_1____2.csv;t_c701386b7c10b107____c9_0____3__t_c701386b7c10b107____c7_1____0_fair.csv;t_c701386b7c10b107____c9_0____3__t_c701386b7c10b107____c5_1____1_fair.csv;t_c701386b7c10b107____c9_0____3__t_c701386b7c10b107____c17_1____1_fair.csv;t_c701386b7c10b107____c9_0____3__t_c701386b7c10b107____c10_0____3_fair.csv;t_c701386b7c10b107____c5_1____3.csv;t_c701386b7c10b107____c7_1____4.csv;t_c701386b7c10b107____c10_0____1__t_c701386b7c10b107____c5_1____1_fair.csv;t_c701386b7c10b107____c7_1____2__t_c701386b7c10b107____c5_1____1_fair.csv,"{""needs_fairification"": true, ""success"": false, ""swaps_made"": 3, ""initial_fairness"": 0.1369, ""initial_delta"": 0.26, ""dominated_removed_count"": 115, ""dominance_candidate_pool_size"": 121, ""candidates_after_winnow"": 3}"
tusSmall3,nl,t_c701386b7c10b107____c6_0____0_fair.csv,5,866,141,5,True,0.3079,1.0,0.005773672055427252,0.005773672055427252,27.263943076133728,27.263943076133728,t_c701386b7c10b107____c6_0____3__t_c701386b7c10b107____c6_0____0_fair.csv;t_c701386b7c10b107____c6_0____3__t_c701386b7c10b107____c20_0____2_fair.csv;t_c701386b7c10b107____c11_1____3.csv;t_c701386b7c10b107____c7_0____4__t_c701386b7c10b107____c6_0____0_fair.csv;t_c701386b7c10b107____c7_0____2__t_c701386b7c10b107____c6_0____0_fair.csv,"{""needs_fairification"": true, ""success"": true, ""swaps_made"": 2, ""initial_fairness"": 0.1721, ""initial_delta"": 0.23, ""dominated_removed_count"": 133, ""dominance_candidate_pool_size"": 136, ""candidates_after_winnow"": 1}"
tusSmall3,nl,t_c701386b7c10b107____c6_0____0_fair.csv,10,866,141,10,False,0.1765,1.0,0.011547344110854504,0.011547344110854504,54.21323353052139,54.21323353052139,t_c701386b7c10b107____c6_0____3__t_c701386b7c10b107____c6_0____0_fair.csv;t_c701386b7c10b107____c6_0____3__t_c701386b7c10b107____c20_0____2_fair.csv;t_c701386b7c10b107____c11_1____3.csv;t_c701386b7c10b107____c7_0____4.csv;t_c701386b7c10b107____c7_0____4__t_c701386b7c10b107____c6_0____0_fair.csv;t_c701386b7c10b107____c7_0____4__t_c701386b7c10b107____c21_0____4_fair.csv;t_c701386b7c10b107____c7_0____4__t_c701386b7c10b107____c21_0____2_fair.csv;t_c701386b7c10b107____c7_0____4__t_c701386b7c10b107____c20_0____2_fair.csv;t_c701386b7c10b107____c11_1____4.csv;t_c701386b7c10b107____c7_0____2__t_c701386b7c10b107____c6_0____0_fair.csv,"{""needs_fairification"": true, ""success"": false, ""swaps_made"": 2, ""initial_fairness"": 0.1326, ""initial_delta"": 0.27, ""dominated_removed_count"": 128, ""dominance_candidate_pool_size"": 131, ""candidates_after_winnow"": 1}"
tusSmall3,nl,t_c701386b7c10b107____c6_0____0_fair.csv,20,866,141,20,False,0.0887,0.85,0.019630484988452657,0.023094688221709007,107.93331015110016,107.93331015110016,t_c701386b7c10b107____c6_0____3__t_c701386b7c10b107____c6_0____0_fair.csv;t_c701386b7c10b107____c6_0____3__t_c701386b7c10b107____c21_0____2_fair.csv;t_c701386b7c10b107____c6_0____3__t_c701386b7c10b107____c20_0____2_fair.csv;t_c701386b7c10b107____c11_1____3.csv;t_c701386b7c10b107____c7_0____4.csv;t_c701386b7c10b107____c7_0____4__t_c701386b7c10b107____c6_0____0_fair.csv;t_c701386b7c10b107____c7_0____4__t_c701386b7c10b107____c21_0____4_fair.csv;t_c701386b7c10b107____c7_0____4__t_c701386b7c10b107____c21_0____2_fair.csv;t_c701386b7c10b107____c7_0____4__t_c701386b7c10b107____c20_0____2_fair.csv;t_c701386b7c10b107____c7_0____4__t_c701386b7c10b107____c15_1____3_fair.csv;t_c701386b7c10b107____c11_1____4.csv;t_c701386b7c10b107____c10_1____0__t_c701386b7c10b107____c6_1____2_fair.csv;t_c701386b7c10b107____c10_1____0__t_c701386b7c10b107____c21_0____4_fair.csv;t_c701386b7c10b107____c10_1____0__t_c701386b7c10b107____c14_0____2_fair.csv;t_c701386b7c10b107____c7_0____3.csv;t_c701386b7c10b107____c7_0____3__t_c701386b7c10b107____c6_0____0_fair.csv;t_c701386b7c10b107____c7_0____3__t_c701386b7c10b107____c21_0____4_fair.csv;t_c701386b7c10b107____c7_0____3__t_c701386b7c10b107____c21_0____2_fair.csv;t_c701386b7c10b107____c7_0____3__t_c701386b7c10b107____c20_0____2_fair.csv;t_c701386b7c10b107____c7_0____2__t_c701386b7c10b107____c6_0____0_fair.csv,"{""needs_fairification"": true, ""success"": false, ""swaps_made"": 1, ""initial_fairness"": 0.0681, ""initial_delta"": 0.33, ""dominated_removed_count"": 117, ""dominance_candidate_pool_size"": 121, ""candidates_after_winnow"": 3}"
tusSmall3,nl,t_c701386b7c10b107____c6_1____2_fair.csv,5,980,146,5,True,0.2996,1.0,0.00510204081632653,0.00510204081632653,25.950131952762604,25.950131952762604,t_c701386b7c10b107____c6_1____1__t_c701386b7c10b107____c6_1____2_fair.csv;t_c701386b7c10b107____c6_1____1__t_c701386b7c10b107____c18_1____1_fair.csv;t_c701386b7c10b107____c6_1____1__t_c701386b7c10b107____c17_1____1_fair.csv;t_c701386b7c10b107____c11_0____2__t_c701386b7c10b107____c6_1____2_fair.csv;t_c701386b7c10b107____c11_0____3__t_c701386b7c10b107____c6_1____2_fair.csv,"{""needs_fairification"": true, ""success"": true, ""swaps_made"": 2, ""initial_fairness"": 0.1596, ""initial_delta"": 0.24, ""dominated_removed_count"": 135, ""dominance_candidate_pool_size"": 141, ""candidates_after_winnow"": 4}"
tusSmall3,nl,t_c701386b7c10b107____c6_1____2_fair.csv,10,980,146,10,False,0.2254,1.0,0.01020408163265306,0.01020408163265306,52.75582295656204,52.75582295656204,t_c701386b7c10b107____c6_1____1__t_c701386b7c10b107____c6_1____2_fair.csv;t_c701386b7c10b107____c6_1____1__t_c701386b7c10b107____c18_1____1_fair.csv;t_c701386b7c10b107____c6_1____1__t_c701386b7c10b107____c17_1____1_fair.csv;t_c701386b7c10b107____c6_1____1__t_c701386b7c10b107____c14_0____2_fair.csv;t_c701386b7c10b107____c6_1____1.csv;t_c701386b7c10b107____c6_1____4__t_c701386b7c10b107____c7_1____0_fair.csv;t_c701386b7c10b107____c6_1____4__t_c701386b7c10b107____c6_1____2_fair.csv;t_c701386b7c10b107____c6_1____4.csv;t_c701386b7c10b107____c11_0____2__t_c701386b7c10b107____c6_1____2_fair.csv;t_c701386b7c10b107____c11_0____3__t_c701386b7c10b107____c6_1____2_fair.csv,"{""needs_fairification"": true, ""success"": false, ""swaps_made"": 3, ""initial_fairness"": 0.1369, ""initial_delta"": 0.26, ""dominated_removed_count"": 130, ""dominance_candidate_pool_size"": 136, ""candidates_after_winnow"": 3}"
tusSmall3,nl,t_c701386b7c10b107____c6_1____2_fair.csv,20,980,146,20,False,0.1201,0.8,0.0163265306122449,0.02040816326530612,105.14961451292038,105.14961451292038,t_c701386b7c10b107____c6_1____1__t_c701386b7c10b107____c6_1____2_fair.csv;t_c701386b7c10b107____c6_1____1__t_c701386b7c10b107____c18_1____1_fair.csv;t_c701386b7c10b107____c6_1____1__t_c701386b7c10b107____c17_1____1_fair.csv;t_c701386b7c10b107____c6_1____1__t_c701386b7c10b107____c14_0____2_fair.csv;t_c701386b7c10b107____c6_1____1__t_c701386b7c10b107____c10_0____3_fair.csv;t_c701386b7c10b107____c6_1____1.csv;t_c701386b7c10b107____c6_1____4__t_c701386b7c10b107____c7_1____0_fair.csv;t_c701386b7c10b107____c6_1____4__t_c701386b7c10b107____c6_1____2_fair.csv;t_c701386b7c10b107____c6_1____4__t_c701386b7c10b107____c5_1____1_fair.csv;t_c701386b7c10b107____c6_1____4__t_c701386b7c10b107____c18_1____1_fair.csv;t_c701386b7c10b107____c6_1____4__t_c701386b7c10b107____c17_1____1_fair.csv;t_c701386b7c10b107____c6_1____4__t_c701386b7c10b107____c14_0____2_fair.csv;t_c701386b7c10b107____c6_1____4__t_c701386b7c10b107____c10_0____3_fair.csv;t_c701386b7c10b107____c6_1____4.csv;t_c701386b7c10b107____c7_1____2__t_c701386b7c10b107____c7_1____0_fair.csv;t_c701386b7c10b107____c7_1____2__t_c701386b7c10b107____c6_0____0_fair.csv;t_c701386b7c10b107____c7_1____2__t_c701386b7c10b107____c5_1____1_fair.csv;t_c701386b7c10b107____c7_1____2__t_c701386b7c10b107____c21_0____2_fair.csv;t_c701386b7c10b107____c11_0____2__t_c701386b7c10b107____c6_1____2_fair.csv;t_c701386b7c10b107____c11_0____3__t_c701386b7c10b107____c6_1____2_fair.csv,"{""needs_fairification"": true, ""success"": false, ""swaps_made"": 2, ""initial_fairness"": 0.0785, ""initial_delta"": 0.32, ""dominated_removed_count"": 120, ""dominance_candidate_pool_size"": 126, ""candidates_after_winnow"": 4}"
tusSmall3,nl,t_93f3d6f7fc6aa6ff____c19_0____1_fair.csv,5,1135,87,5,False,0.2166,1.0,0.004405286343612335,0.004405286343612335,83.82520431280136,83.82520431280136,t_93f3d6f7fc6aa6ff____c19_0____3__t_93f3d6f7fc6aa6ff____c7_0____2_fair.csv;t_93f3d6f7fc6aa6ff____c19_0____3__t_93f3d6f7fc6aa6ff____c5_0____2_fair.csv;t_93f3d6f7fc6aa6ff____c19_0____3__t_93f3d6f7fc6aa6ff____c3_1____2_fair.csv;t_93f3d6f7fc6aa6ff____c19_0____3__t_93f3d6f7fc6aa6ff____c19_0____1_fair.csv;t_93f3d6f7fc6aa6ff____c19_1____1__t_93f3d6f7fc6aa6ff____c19_0____1_fair.csv,"{""needs_fairification"": true, ""success"": false, ""swaps_made"": 2, ""initial_fairness"": 0.0689, ""initial_delta"": 0.33, ""dominated_removed_count"": 80, ""dominance_candidate_pool_size"": 82, ""candidates_after_winnow"": 0}"
tusSmall3,nl,t_93f3d6f7fc6aa6ff____c19_0____1_fair.csv,10,1135,87,10,False,0.1202,1.0,0.00881057268722467,0.00881057268722467,167.79453390836716,167.79453390836716,t_93f3d6f7fc6aa6ff____c19_0____3__t_93f3d6f7fc6aa6ff____c7_0____4_fair.csv;t_93f3d6f7fc6aa6ff____c19_0____3__t_93f3d6f7fc6aa6ff____c7_0____2_fair.csv;t_93f3d6f7fc6aa6ff____c19_0____3__t_93f3d6f7fc6aa6ff____c5_0____2_fair.csv;t_93f3d6f7fc6aa6ff____c19_0____3__t_93f3d6f7fc6aa6ff____c3_1____2_fair.csv;t_93f3d6f7fc6aa6ff____c19_0____3__t_93f3d6f7fc6aa6ff____c21_0____3_fair.csv;t_93f3d6f7fc6aa6ff____c19_0____3__t_93f3d6f7fc6aa6ff____c19_1____2_fair.csv;t_93f3d6f7fc6aa6ff____c19_0____3__t_93f3d6f7fc6aa6ff____c19_0____1_fair.csv;t_93f3d6f7fc6aa6ff____c19_0____3__t_93f3d6f7fc6aa6ff____c15_1____2_fair.csv;t_93f3d6f7fc6aa6ff____c19_0____3__t_93f3d6f7fc6aa6ff____c15_0____4_fair.csv;t_93f3d6f7fc6aa6ff____c19_1____1__t_93f3d6f7fc6aa6ff____c19_0____1_fair.csv,"{""needs_fairification"": true, ""success"": false, ""swaps_made"": 1, ""initial_fairness"": 0.0797, ""initial_delta"": 0.32, ""dominated_removed_count"": 75, ""dominance_candidate_pool_size"": 77, ""candidates_after_winnow"": 1}"
tusSmall3,nl,t_93f3d6f7fc6aa6ff____c19_0____1_fair.csv,20,1135,87,20,False,0.0626,1.0,0.01762114537444934,0.01762114537444934,334.86844140291214,334.86844140291214,t_93f3d6f7fc6aa6ff____c19_0____3__t_93f3d6f7fc6aa6ff____c7_0____4_fair.csv;t_93f3d6f7fc6aa6ff____c19_0____3__t_93f3d6f7fc6aa6ff____c7_0____2_fair.csv;t_93f3d6f7fc6aa6ff____c19_0____3__t_93f3d6f7fc6aa6ff____c5_0____2_fair.csv;t_93f3d6f7fc6aa6ff____c19_0____3__t_93f3d6f7fc6aa6ff____c3_1____2_fair.csv;t_93f3d6f7fc6aa6ff____c19_0____3__t_93f3d6f7fc6aa6ff____c21_0____3_fair.csv;t_93f3d6f7fc6aa6ff____c19_0____3__t_93f3d6f7fc6aa6ff____c19_1____2_fair.csv;t_93f3d6f7fc6aa6ff____c19_0____3__t_93f3d6f7fc6aa6ff____c19_0____1_fair.csv;t_93f3d6f7fc6aa6ff____c19_0____3__t_93f3d6f7fc6aa6ff____c15_1____2_fair.csv;t_93f3d6f7fc6aa6ff____c19_0____3__t_93f3d6f7fc6aa6ff____c15_0____4_fair.csv;t_93f3d6f7fc6aa6ff____c19_0____3__t_93f3d6f7fc6aa6ff____c12_1____1_fair.csv;t_93f3d6f7fc6aa6ff____c19_0____3__t_93f3d6f7fc6aa6ff____c12_0____3_fair.csv;t_93f3d6f7fc6aa6ff____c19_0____3__t_93f3d6f7fc6aa6ff____c11_1____3_fair.csv;t_93f3d6f7fc6aa6ff____c19_0____3__t_93f3d6f7fc6aa6ff____c11_0____4_fair.csv;t_93f3d6f7fc6aa6ff____c19_1____1__t_93f3d6f7fc6aa6ff____c9_0____3_fair.csv;t_93f3d6f7fc6aa6ff____c19_1____1__t_93f3d6f7fc6aa6ff____c7_0____4_fair.csv;t_93f3d6f7fc6aa6ff____c19_1____1__t_93f3d6f7fc6aa6ff____c7_0____2_fair.csv;t_93f3d6f7fc6aa6ff____c19_1____1__t_93f3d6f7fc6aa6ff____c5_0____2_fair.csv;t_93f3d6f7fc6aa6ff____c19_1____1__t_93f3d6f7fc6aa6ff____c3_1____2_fair.csv;t_93f3d6f7fc6aa6ff____c19_1____1__t_93f3d6f7fc6aa6ff____c21_0____3_fair.csv;t_93f3d6f7fc6aa6ff____c19_1____1__t_93f3d6f7fc6aa6ff____c19_0____1_fair.csv,"{""needs_fairification"": true, ""success"": false, ""swaps_made"": 1, ""initial_fairness"": 0.0415, ""initial_delta"": 0.36, ""dominated_removed_count"": 66, ""dominance_candidate_pool_size"": 67, ""candidates_after_winnow"": 0}"
tusSmall3,nl,t_c701386b7c10b107____c18_1____1_fair.csv,5,862,68,5,False,0.2197,1.0,0.00580046403712297,0.00580046403712297,83.37460631132126,83.37460631132126,t_c701386b7c10b107____c18_1____4__t_c701386b7c10b107____c21_0____4_fair.csv;t_c701386b7c10b107____c18_1____4__t_c701386b7c10b107____c21_0____2_fair.csv;t_c701386b7c10b107____c18_1____4__t_c701386b7c10b107____c20_0____2_fair.csv;t_c701386b7c10b107____c18_1____4__t_c701386b7c10b107____c18_1____1_fair.csv;t_c701386b7c10b107____c18_1____3__t_c701386b7c10b107____c18_1____1_fair.csv,"{""needs_fairification"": true, ""success"": false, ""swaps_made"": 2, ""initial_fairness"": 0.0838, ""initial_delta"": 0.32, ""dominated_removed_count"": 61, ""dominance_candidate_pool_size"": 63, ""candidates_after_winnow"": 0}"
tusSmall3,nl,t_c701386b7c10b107____c18_1____1_fair.csv,10,862,68,10,False,0.1651,0.9,0.010440835266821345,0.01160092807424594,166.65477973222733,166.65477973222733,t_c701386b7c10b107____c18_1____4__t_c701386b7c10b107____c21_0____4_fair.csv;t_c701386b7c10b107____c18_1____4__t_c701386b7c10b107____c21_0____2_fair.csv;t_c701386b7c10b107____c18_1____4__t_c701386b7c10b107____c20_0____2_fair.csv;t_c701386b7c10b107____c18_1____4__t_c701386b7c10b107____c18_1____1_fair.csv;t_c701386b7c10b107____c18_1____4__t_c701386b7c10b107____c15_1____3_fair.csv;t_c701386b7c10b107____c18_1____4__t_c701386b7c10b107____c14_0____2_fair.csv;t_c701386b7c10b107____c18_1____4.csv;t_c701386b7c10b107____c20_0____1__t_c701386b7c10b107____c6_1____2_fair.csv;t_c701386b7c10b107____c18_1____0__t_c701386b7c10b107____c18_1____1_fair.csv;t_c701386b7c10b107____c18_1____3__t_c701386b7c10b107____c18_1____1_fair.csv,"{""needs_fairification"": true, ""success"": false, ""swaps_made"": 2, ""initial_fairness"": 0.0888, ""initial_delta"": 0.31, ""dominated_removed_count"": 54, ""dominance_candidate_pool_size"": 58, ""candidates_after_winnow"": 2}"
tusSmall3,nl,t_c701386b7c10b107____c18_1____1_fair.csv,20,862,68,20,False,0.0878,0.45,0.010440835266821345,0.02320185614849188,333.7581483721733,333.7581483721733,t_c701386b7c10b107____c18_1____4__t_c701386b7c10b107____c21_0____4_fair.csv;t_c701386b7c10b107____c18_1____4__t_c701386b7c10b107____c21_0____2_fair.csv;t_c701386b7c10b107____c18_1____4__t_c701386b7c10b107____c20_0____2_fair.csv;t_c701386b7c10b107____c18_1____4__t_c701386b7c10b107____c18_1____1_fair.csv;t_c701386b7c10b107____c18_1____4__t_c701386b7c10b107____c15_1____3_fair.csv;t_c701386b7c10b107____c18_1____4__t_c701386b7c10b107____c14_0____2_fair.csv;t_c701386b7c10b107____c18_1____4.csv;t_c701386b7c10b107____c20_0____1__t_c701386b7c10b107____c6_1____2_fair.csv;t_c701386b7c10b107____c20_0____1__t_c701386b7c10b107____c6_0____0_fair.csv;t_c701386b7c10b107____c20_0____1__t_c701386b7c10b107____c21_0____4_fair.csv;t_c701386b7c10b107____c20_0____1__t_c701386b7c10b107____c21_0____2_fair.csv;t_c701386b7c10b107____c20_0____1__t_c701386b7c10b107____c20_0____2_fair.csv;t_c701386b7c10b107____c20_0____1__t_c701386b7c10b107____c17_1____1_fair.csv;t_c701386b7c10b107____c20_0____1__t_c701386b7c10b107____c15_1____3_fair.csv;t_c701386b7c10b107____c20_0____1__t_c701386b7c10b107____c14_0____2_fair.csv;t_c701386b7c10b107____c20_0____1.csv;t_c701386b7c10b107____c19_0____4.csv;t_c701386b7c10b107____c19_0____4__t_c701386b7c10b107____c7_1____0_fair.csv;t_c701386b7c10b107____c18_1____0__t_c701386b7c10b107____c18_1____1_fair.csv;t_c701386b7c10b107____c18_1____3__t_c701386b7c10b107____c18_1____1_fair.csv,"{""needs_fairification"": true, ""success"": false, ""swaps_made"": 2, ""initial_fairness"": 0.0474, ""initial_delta"": 0.35, ""dominated_removed_count"": 45, ""dominance_candidate_pool_size"": 48, ""candidates_after_winnow"": 1}"
tusSmall3,nl,t_c701386b7c10b107____c7_1____0_fair.csv,5,1077,131,5,True,0.3566,1.0,0.004642525533890436,0.004642525533890436,32.02596843242645,32.02596843242645,t_c701386b7c10b107____c7_1____1__t_c701386b7c10b107____c7_1____0_fair.csv;t_c701386b7c10b107____c7_1____1__t_c701386b7c10b107____c20_0____2_fair.csv;t_c701386b7c10b107____c7_1____3__t_c701386b7c10b107____c7_1____0_fair.csv;t_c701386b7c10b107____c7_1____2__t_c701386b7c10b107____c7_1____0_fair.csv;t_c701386b7c10b107____c5_1____4__t_c701386b7c10b107____c7_1____0_fair.csv,"{""needs_fairification"": true, ""success"": true, ""swaps_made"": 3, ""initial_fairness"": 0.1369, ""initial_delta"": 0.26, ""dominated_removed_count"": 122, ""dominance_candidate_pool_size"": 126, ""candidates_after_winnow"": 1}"
tusSmall3,nl,t_c701386b7c10b107____c7_1____0_fair.csv,10,1077,131,10,False,0.22,1.0,0.009285051067780872,0.009285051067780872,66.29077982902527,66.29077982902527,t_c701386b7c10b107____c7_1____1__t_c701386b7c10b107____c7_1____0_fair.csv;t_c701386b7c10b107____c7_1____1__t_c701386b7c10b107____c10_0____3_fair.csv;t_c701386b7c10b107____c7_1____3__t_c701386b7c10b107____c7_1____0_fair.csv;t_c701386b7c10b107____c7_1____3__t_c701386b7c10b107____c6_0____0_fair.csv;t_c701386b7c10b107____c7_1____3__t_c701386b7c10b107____c5_1____1_fair.csv;t_c701386b7c10b107____c7_1____1.csv;t_c701386b7c10b107____c7_1____2.csv;t_c701386b7c10b107____c7_1____3.csv;t_c701386b7c10b107____c7_1____2__t_c701386b7c10b107____c7_1____0_fair.csv;t_c701386b7c10b107____c5_1____4__t_c701386b7c10b107____c7_1____0_fair.csv,"{""needs_fairification"": true, ""success"": false, ""swaps_made"": 5, ""initial_fairness"": 0.1125, ""initial_delta"": 0.29, ""dominated_removed_count"": 114, ""dominance_candidate_pool_size"": 121, ""candidates_after_winnow"": 2}"
tusSmall3,nl,t_c701386b7c10b107____c7_1____0_fair.csv,20,1077,131,20,False,0.198,1.0,0.018570102135561744,0.018570102135561744,131.04447585344315,131.04447585344315,t_c701386b7c10b107____c7_1____1__t_c701386b7c10b107____c7_1____0_fair.csv;t_c701386b7c10b107____c7_1____3__t_c701386b7c10b107____c7_1____0_fair.csv;t_c701386b7c10b107____c7_1____3__t_c701386b7c10b107____c6_0____0_fair.csv;t_c701386b7c10b107____c7_1____3__t_c701386b7c10b107____c5_1____1_fair.csv;t_c701386b7c10b107____c7_1____3__t_c701386b7c10b107____c21_0____2_fair.csv;t_c701386b7c10b107____c7_1____3__t_c701386b7c10b107____c20_0____2_fair.csv;t_c701386b7c10b107____c7_1____3__t_c701386b7c10b107____c18_1____1_fair.csv;t_c701386b7c10b107____c7_1____3__t_c701386b7c10b107____c10_0____3_fair.csv;t_c701386b7c10b107____c7_1____1.csv;t_c701386b7c10b107____c7_1____2.csv;t_c701386b7c10b107____c7_1____3.csv;t_c701386b7c10b107____c7_1____2__t_c701386b7c10b107____c7_1____0_fair.csv;t_c701386b7c10b107____c7_1____2__t_c701386b7c10b107____c6_0____0_fair.csv;t_c701386b7c10b107____c7_1____2__t_c701386b7c10b107____c5_1____1_fair.csv;t_c701386b7c10b107____c7_1____4.csv;t_c701386b7c10b107____c7_1____4__t_c701386b7c10b107____c7_1____0_fair.csv;t_c701386b7c10b107____c12_0____2__t_c701386b7c10b107____c7_1____0_fair.csv;t_c701386b7c10b107____c12_0____4__t_c701386b7c10b107____c7_1____0_fair.csv;t_c701386b7c10b107____c5_1____4__t_c701386b7c10b107____c7_1____0_fair.csv;t_c701386b7c10b107____c5_1____2__t_c701386b7c10b107____c7_1____0_fair.csv,"{""needs_fairification"": true, ""success"": false, ""swaps_made"": 6, ""initial_fairness"": 0.0865, ""initial_delta"": 0.31, ""dominated_removed_count"": 103, ""dominance_candidate_pool_size"": 111, ""candidates_after_winnow"": 2}"
tusSmall3,nl,t_93f3d6f7fc6aa6ff____c21_0____3_fair.csv,5,1195,58,5,False,0.2248,1.0,0.0041841004184100415,0.0041841004184100415,95.52144229412079,95.52144229412079,t_93f3d6f7fc6aa6ff____c20_1____3__t_93f3d6f7fc6aa6ff____c7_0____2_fair.csv;t_93f3d6f7fc6aa6ff____c20_1____3__t_93f3d6f7fc6aa6ff____c5_0____2_fair.csv;t_93f3d6f7fc6aa6ff____c20_1____3__t_93f3d6f7fc6aa6ff____c3_1____2_fair.csv;t_93f3d6f7fc6aa6ff____c20_1____3__t_93f3d6f7fc6aa6ff____c21_0____3_fair.csv;t_93f3d6f7fc6aa6ff____c20_1____3__t_93f3d6f7fc6aa6ff____c11_1____3_fair.csv,"{""needs_fairification"": true, ""success"": false, ""swaps_made"": 2, ""initial_fairness"": 0.0772, ""initial_delta"": 0.32, ""dominated_removed_count"": 51, ""dominance_candidate_pool_size"": 53, ""candidates_after_winnow"": 0}"
tusSmall3,nl,t_93f3d6f7fc6aa6ff____c21_0____3_fair.csv,10,1195,58,10,False,0.1259,1.0,0.008368200836820083,0.008368200836820083,191.04288458824158,191.04288458824158,t_93f3d6f7fc6aa6ff____c20_1____3__t_93f3d6f7fc6aa6ff____c7_0____4_fair.csv;t_93f3d6f7fc6aa6ff____c20_1____3__t_93f3d6f7fc6aa6ff____c7_0____2_fair.csv;t_93f3d6f7fc6aa6ff____c20_1____3__t_93f3d6f7fc6aa6ff____c5_0____2_fair.csv;t_93f3d6f7fc6aa6ff____c20_1____3__t_93f3d6f7fc6aa6ff____c3_1____2_fair.csv;t_93f3d6f7fc6aa6ff____c20_1____3__t_93f3d6f7fc6aa6ff____c21_0____3_fair.csv;t_93f3d6f7fc6aa6ff____c20_1____3__t_93f3d6f7fc6aa6ff____c19_1____2_fair.csv;t_93f3d6f7fc6aa6ff____c20_1____3__t_93f3d6f7fc6aa6ff____c19_0____1_fair.csv;t_93f3d6f7fc6aa6ff____c20_1____3__t_93f3d6f7fc6aa6ff____c15_1____2_fair.csv;t_93f3d6f7fc6aa6ff____c20_1____3__t_93f3d6f7fc6aa6ff____c15_0____4_fair.csv;t_93f3d6f7fc6aa6ff____c20_1____3__t_93f3d6f7fc6aa6ff____c11_1____3_fair.csv,"{""needs_fairification"": true, ""success"": false, ""swaps_made"": 1, ""initial_fairness"": 0.0829, ""initial_delta"": 0.32, ""dominated_removed_count"": 47, ""dominance_candidate_pool_size"": 48, ""candidates_after_winnow"": 0}"
tusSmall3,nl,t_93f3d6f7fc6aa6ff____c21_0____3_fair.csv,20,1195,58,20,False,0.1095,1.0,0.016736401673640166,0.016736401673640166,380.34123492240906,380.34123492240906,t_93f3d6f7fc6aa6ff____c20_1____3__t_93f3d6f7fc6aa6ff____c7_0____4_fair.csv;t_93f3d6f7fc6aa6ff____c20_1____3__t_93f3d6f7fc6aa6ff____c7_0____2_fair.csv;t_93f3d6f7fc6aa6ff____c20_1____3__t_93f3d6f7fc6aa6ff____c5_0____2_fair.csv;t_93f3d6f7fc6aa6ff____c20_1____3__t_93f3d6f7fc6aa6ff____c3_1____2_fair.csv;t_93f3d6f7fc6aa6ff____c20_1____3__t_93f3d6f7fc6aa6ff____c21_0____3_fair.csv;t_93f3d6f7fc6aa6ff____c20_1____3__t_93f3d6f7fc6aa6ff____c19_1____2_fair.csv;t_93f3d6f7fc6aa6ff____c20_1____3__t_93f3d6f7fc6aa6ff____c19_0____1_fair.csv;t_93f3d6f7fc6aa6ff____c20_1____3__t_93f3d6f7fc6aa6ff____c15_1____2_fair.csv;t_93f3d6f7fc6aa6ff____c20_1____3__t_93f3d6f7fc6aa6ff____c15_0____4_fair.csv;t_93f3d6f7fc6aa6ff____c20_1____3__t_93f3d6f7fc6aa6ff____c12_1____1_fair.csv;t_93f3d6f7fc6aa6ff____c20_1____3__t_93f3d6f7fc6aa6ff____c12_0____3_fair.csv;t_93f3d6f7fc6aa6ff____c20_1____3__t_93f3d6f7fc6aa6ff____c11_1____3_fair.csv;t_93f3d6f7fc6aa6ff____c20_1____3__t_93f3d6f7fc6aa6ff____c11_0____4_fair.csv;t_93f3d6f7fc6aa6ff____c20_0____3__t_93f3d6f7fc6aa6ff____c9_0____3_fair.csv;t_93f3d6f7fc6aa6ff____c20_0____3__t_93f3d6f7fc6aa6ff____c7_0____4_fair.csv;t_93f3d6f7fc6aa6ff____c20_0____3__t_93f3d6f7fc6aa6ff____c7_0____2_fair.csv;t_93f3d6f7fc6aa6ff____c20_0____3__t_93f3d6f7fc6aa6ff____c5_0____2_fair.csv;t_93f3d6f7fc6aa6ff____c20_0____3__t_93f3d6f7fc6aa6ff____c3_1____2_fair.csv;t_93f3d6f7fc6aa6ff____c20_0____3__t_93f3d6f7fc6aa6ff____c21_0____3_fair.csv;t_93f3d6f7fc6aa6ff____c20_0____3__t_93f3d6f7fc6aa6ff____c11_1____3_fair.csv,"{""needs_fairification"": true, ""success"": false, ""swaps_made"": 1, ""initial_fairness"": 0.087, ""initial_delta"": 0.31, ""dominated_removed_count"": 37, ""dominance_candidate_pool_size"": 38, ""candidates_after_winnow"": 0}"
tusSmall3,nl,t_ca85e8f9eef5b9d5____c10_0____0_fair.csv,5,1405,85,5,False,0.0751,1.0,0.0035587188612099642,0.0035587188612099642,47.01362729072571,47.01362729072571,t_ca85e8f9eef5b9d5____c10_0____4__t_ca85e8f9eef5b9d5____c9_1____4_fair.csv;t_ca85e8f9eef5b9d5____c10_0____4__t_ca85e8f9eef5b9d5____c7_1____3_fair.csv;t_ca85e8f9eef5b9d5____c10_0____4__t_ca85e8f9eef5b9d5____c7_0____3_fair.csv;t_ca85e8f9eef5b9d5____c10_0____4__t_ca85e8f9eef5b9d5____c5_0____0_fair.csv;t_ca85e8f9eef5b9d5____c10_0____4__t_ca85e8f9eef5b9d5____c4_0____2_fair.csv,"{""needs_fairification"": true, ""success"": false, ""swaps_made"": 0, ""initial_fairness"": 0.0751, ""initial_delta"": 0.32, ""dominated_removed_count"": 78, ""dominance_candidate_pool_size"": 80, ""candidates_after_winnow"": 2}"
tusSmall3,nl,t_ca85e8f9eef5b9d5____c10_0____0_fair.csv,10,1405,85,10,False,0.0423,1.0,0.0071174377224199285,0.0071174377224199285,93.97169184684753,93.97169184684753,t_ca85e8f9eef5b9d5____c10_0____4__t_ca85e8f9eef5b9d5____c9_1____4_fair.csv;t_ca85e8f9eef5b9d5____c10_0____4__t_ca85e8f9eef5b9d5____c7_1____3_fair.csv;t_ca85e8f9eef5b9d5____c10_0____4__t_ca85e8f9eef5b9d5____c7_0____3_fair.csv;t_ca85e8f9eef5b9d5____c10_0____4__t_ca85e8f9eef5b9d5____c5_0____0_fair.csv;t_ca85e8f9eef5b9d5____c10_0____4__t_ca85e8f9eef5b9d5____c4_0____2_fair.csv;t_ca85e8f9eef5b9d5____c10_0____4__t_ca85e8f9eef5b9d5____c3_0____4_fair.csv;t_ca85e8f9eef5b9d5____c10_0____4__t_ca85e8f9eef5b9d5____c19_1____0_fair.csv;t_ca85e8f9eef5b9d5____c10_0____4__t_ca85e8f9eef5b9d5____c10_0____0_fair.csv;t_ca85e8f9eef5b9d5____c10_0____4.csv;t_ca85e8f9eef5b9d5____c10_0____2__t_ca85e8f9eef5b9d5____c9_1____4_fair.csv,"{""needs_fairification"": true, ""success"": false, ""swaps_made"": 0, ""initial_fairness"": 0.0423, ""initial_delta"": 0.36, ""dominated_removed_count"": 73, ""dominance_candidate_pool_size"": 75, ""candidates_after_winnow"": 2}"
tusSmall3,nl,t_ca85e8f9eef5b9d5____c10_0____0_fair.csv,20,1405,85,20,False,0.0236,1.0,0.014234875444839857,0.014234875444839857,187.50238156318665,187.50238156318665,t_ca85e8f9eef5b9d5____c10_0____4__t_ca85e8f9eef5b9d5____c9_1____4_fair.csv;t_ca85e8f9eef5b9d5____c10_0____4__t_ca85e8f9eef5b9d5____c7_1____3_fair.csv;t_ca85e8f9eef5b9d5____c10_0____4__t_ca85e8f9eef5b9d5____c7_0____3_fair.csv;t_ca85e8f9eef5b9d5____c10_0____4__t_ca85e8f9eef5b9d5____c5_0____0_fair.csv;t_ca85e8f9eef5b9d5____c10_0____4__t_ca85e8f9eef5b9d5____c4_0____2_fair.csv;t_ca85e8f9eef5b9d5____c10_0____4__t_ca85e8f9eef5b9d5____c3_0____4_fair.csv;t_ca85e8f9eef5b9d5____c10_0____4__t_ca85e8f9eef5b9d5____c19_1____0_fair.csv;t_ca85e8f9eef5b9d5____c10_0____4__t_ca85e8f9eef5b9d5____c10_0____0_fair.csv;t_ca85e8f9eef5b9d5____c10_0____4.csv;t_ca85e8f9eef5b9d5____c10_0____2__t_ca85e8f9eef5b9d5____c9_1____4_fair.csv;t_ca85e8f9eef5b9d5____c10_0____2__t_ca85e8f9eef5b9d5____c7_1____3_fair.csv;t_ca85e8f9eef5b9d5____c10_0____2__t_ca85e8f9eef5b9d5____c7_0____3_fair.csv;t_ca85e8f9eef5b9d5____c10_0____2__t_ca85e8f9eef5b9d5____c5_0____0_fair.csv;t_ca85e8f9eef5b9d5____c10_0____2__t_ca85e8f9eef5b9d5____c4_0____2_fair.csv;t_ca85e8f9eef5b9d5____c10_0____2__t_ca85e8f9eef5b9d5____c3_0____4_fair.csv;t_ca85e8f9eef5b9d5____c10_0____2__t_ca85e8f9eef5b9d5____c19_1____0_fair.csv;t_ca85e8f9eef5b9d5____c10_0____2__t_ca85e8f9eef5b9d5____c10_0____0_fair.csv;t_ca85e8f9eef5b9d5____c10_0____3.csv;t_ca85e8f9eef5b9d5____c10_0____2.csv;t_ca85e8f9eef5b9d5____c10_0____1.csv,"{""needs_fairification"": true, ""success"": false, ""swaps_made"": 0, ""initial_fairness"": 0.0236, ""initial_delta"": 0.38, ""dominated_removed_count"": 63, ""dominance_candidate_pool_size"": 65, ""candidates_after_winnow"": 2}"
tusSmall3,nl,t_ca85e8f9eef5b9d5____c10_1____3_fair.csv,5,1174,96,5,True,0.313,1.0,0.004258943781942078,0.004258943781942078,49.10673761367798,49.10673761367798,t_ca85e8f9eef5b9d5____c10_1____1__t_ca85e8f9eef5b9d5____c7_0____3_fair.csv;t_ca85e8f9eef5b9d5____c10_1____1__t_ca85e8f9eef5b9d5____c6_0____1_fair.csv;t_ca85e8f9eef5b9d5____c10_1____1__t_ca85e8f9eef5b9d5____c2_0____3_fair.csv;t_ca85e8f9eef5b9d5____c10_1____2__t_ca85e8f9eef5b9d5____c10_1____3_fair.csv;t_ca85e8f9eef5b9d5____c10_1____0__t_ca85e8f9eef5b9d5____c2_0____3_fair.csv,"{""needs_fairification"": true, ""success"": true, ""swaps_made"": 3, ""initial_fairness"": 0.1, ""initial_delta"": 0.3, ""dominated_removed_count"": 85, ""dominance_candidate_pool_size"": 91, ""candidates_after_winnow"": 3}"
tusSmall3,nl,t_ca85e8f9eef5b9d5____c10_1____3_fair.csv,10,1174,96,10,False,0.2575,1.0,0.008517887563884156,0.008517887563884156,98.2445729970932,98.2445729970932,t_ca85e8f9eef5b9d5____c10_1____1__t_ca85e8f9eef5b9d5____c6_0____1_fair.csv;t_ca85e8f9eef5b9d5____c10_1____1__t_ca85e8f9eef5b9d5____c5_0____0_fair.csv;t_ca85e8f9eef5b9d5____c10_1____1__t_ca85e8f9eef5b9d5____c3_0____4_fair.csv;t_ca85e8f9eef5b9d5____c10_1____1__t_ca85e8f9eef5b9d5____c2_0____3_fair.csv;t_ca85e8f9eef5b9d5____c10_1____1__t_ca85e8f9eef5b9d5____c19_1____0_fair.csv;t_ca85e8f9eef5b9d5____c10_1____1__t_ca85e8f9eef5b9d5____c10_1____3_fair.csv;t_ca85e8f9eef5b9d5____c10_1____1.csv;t_ca85e8f9eef5b9d5____c10_1____2__t_ca85e8f9eef5b9d5____c2_0____3_fair.csv;t_ca85e8f9eef5b9d5____c10_1____2__t_ca85e8f9eef5b9d5____c10_1____3_fair.csv;t_ca85e8f9eef5b9d5____c10_1____0__t_ca85e8f9eef5b9d5____c2_0____3_fair.csv,"{""needs_fairification"": true, ""success"": false, ""swaps_made"": 5, ""initial_fairness"": 0.0995, ""initial_delta"": 0.3, ""dominated_removed_count"": 81, ""dominance_candidate_pool_size"": 86, ""candidates_after_winnow"": 0}"
tusSmall3,nl,t_ca85e8f9eef5b9d5____c10_1____3_fair.csv,20,1174,96,20,False,0.1555,1.0,0.017035775127768313,0.017035775127768313,196.47314369678497,196.47314369678497,t_ca85e8f9eef5b9d5____c10_1____1__t_ca85e8f9eef5b9d5____c7_0____3_fair.csv;t_ca85e8f9eef5b9d5____c10_1____1__t_ca85e8f9eef5b9d5____c6_0____1_fair.csv;t_ca85e8f9eef5b9d5____c10_1____1__t_ca85e8f9eef5b9d5____c5_0____0_fair.csv;t_ca85e8f9eef5b9d5____c10_1____1__t_ca85e8f9eef5b9d5____c4_0____2_fair.csv;t_ca85e8f9eef5b9d5____c10_1____1__t_ca85e8f9eef5b9d5____c3_0____4_fair.csv;t_ca85e8f9eef5b9d5____c10_1____1__t_ca85e8f9eef5b9d5____c2_0____3_fair.csv;t_ca85e8f9eef5b9d5____c10_1____1__t_ca85e8f9eef5b9d5____c19_1____0_fair.csv;t_ca85e8f9eef5b9d5____c10_1____1__t_ca85e8f9eef5b9d5____c18_1____2_fair.csv;t_ca85e8f9eef5b9d5____c10_1____1__t_ca85e8f9eef5b9d5____c11_0____4_fair.csv;t_ca85e8f9eef5b9d5____c10_1____1__t_ca85e8f9eef5b9d5____c10_1____3_fair.csv;t_ca85e8f9eef5b9d5____c10_1____1.csv;t_ca85e8f9eef5b9d5____c10_1____2__t_ca85e8f9eef5b9d5____c9_1____4_fair.csv;t_ca85e8f9eef5b9d5____c10_1____2__t_ca85e8f9eef5b9d5____c7_1____3_fair.csv;t_ca85e8f9eef5b9d5____c10_1____2__t_ca85e8f9eef5b9d5____c7_0____3_fair.csv;t_ca85e8f9eef5b9d5____c10_1____2__t_ca85e8f9eef5b9d5____c6_0____1_fair.csv;t_ca85e8f9eef5b9d5____c10_1____2__t_ca85e8f9eef5b9d5____c5_0____0_fair.csv;t_ca85e8f9eef5b9d5____c10_1____2__t_ca85e8f9eef5b9d5____c4_0____2_fair.csv;t_ca85e8f9eef5b9d5____c10_1____2__t_ca85e8f9eef5b9d5____c2_0____3_fair.csv;t_ca85e8f9eef5b9d5____c10_1____2__t_ca85e8f9eef5b9d5____c10_1____3_fair.csv;t_ca85e8f9eef5b9d5____c10_1____0__t_ca85e8f9eef5b9d5____c2_0____3_fair.csv,"{""needs_fairification"": true, ""success"": false, ""swaps_made"": 3, ""initial_fairness"": 0.0939, ""initial_delta"": 0.31, ""dominated_removed_count"": 73, ""dominance_candidate_pool_size"": 76, ""candidates_after_winnow"": 0}"
tusSmall3,nl,t_ca85e8f9eef5b9d5____c11_0____4_fair.csv,5,1219,107,5,True,0.3164,1.0,0.004101722723543888,0.004101722723543888,54.6037232875824,54.6037232875824,t_ca85e8f9eef5b9d5____c11_0____2__t_ca85e8f9eef5b9d5____c7_0____3_fair.csv;t_ca85e8f9eef5b9d5____c11_0____2__t_ca85e8f9eef5b9d5____c6_0____1_fair.csv;t_ca85e8f9eef5b9d5____c11_0____2__t_ca85e8f9eef5b9d5____c4_0____2_fair.csv;t_ca85e8f9eef5b9d5____c11_0____2__t_ca85e8f9eef5b9d5____c2_0____3_fair.csv;t_ca85e8f9eef5b9d5____c11_0____2__t_ca85e8f9eef5b9d5____c11_0____4_fair.csv,"{""needs_fairification"": true, ""success"": true, ""swaps_made"": 1, ""initial_fairness"": 0.287, ""initial_delta"": 0.11, ""dominated_removed_count"": 101, ""dominance_candidate_pool_size"": 102, ""candidates_after_winnow"": 0}"
tusSmall3,nl,t_ca85e8f9eef5b9d5____c11_0____4_fair.csv,10,1219,107,10,True,0.2955,1.0,0.008203445447087777,0.008203445447087777,109.2074465751648,109.2074465751648,t_ca85e8f9eef5b9d5____c11_0____2__t_ca85e8f9eef5b9d5____c9_1____4_fair.csv;t_ca85e8f9eef5b9d5____c11_0____2__t_ca85e8f9eef5b9d5____c7_0____3_fair.csv;t_ca85e8f9eef5b9d5____c11_0____2__t_ca85e8f9eef5b9d5____c4_0____2_fair.csv;t_ca85e8f9eef5b9d5____c11_0____2__t_ca85e8f9eef5b9d5____c2_0____3_fair.csv;t_ca85e8f9eef5b9d5____c11_0____2__t_ca85e8f9eef5b9d5____c22_0____4_fair.csv;t_ca85e8f9eef5b9d5____c11_0____2__t_ca85e8f9eef5b9d5____c19_1____2_fair.csv;t_ca85e8f9eef5b9d5____c11_0____2__t_ca85e8f9eef5b9d5____c19_1____0_fair.csv;t_ca85e8f9eef5b9d5____c11_0____2__t_ca85e8f9eef5b9d5____c11_0____4_fair.csv;t_ca85e8f9eef5b9d5____c11_0____2__t_ca85e8f9eef5b9d5____c10_1____3_fair.csv;t_ca85e8f9eef5b9d5____c11_0____2__t_ca85e8f9eef5b9d5____c10_0____0_fair.csv,"{""needs_fairification"": true, ""success"": true, ""swaps_made"": 2, ""initial_fairness"": 0.2663, ""initial_delta"": 0.13, ""dominated_removed_count"": 94, ""dominance_candidate_pool_size"": 97, ""candidates_after_winnow"": 1}"
tusSmall3,nl,t_ca85e8f9eef5b9d5____c11_0____4_fair.csv,20,1219,107,20,False,0.1783,1.0,0.016406890894175553,0.016406890894175553,217.48963922262192,217.48963922262192,t_ca85e8f9eef5b9d5____c11_0____2__t_ca85e8f9eef5b9d5____c9_1____4_fair.csv;t_ca85e8f9eef5b9d5____c11_0____2__t_ca85e8f9eef5b9d5____c7_0____3_fair.csv;t_ca85e8f9eef5b9d5____c11_0____2__t_ca85e8f9eef5b9d5____c6_0____1_fair.csv;t_ca85e8f9eef5b9d5____c11_0____2__t_ca85e8f9eef5b9d5____c4_0____2_fair.csv;t_ca85e8f9eef5b9d5____c11_0____2__t_ca85e8f9eef5b9d5____c2_0____3_fair.csv;t_ca85e8f9eef5b9d5____c11_0____2__t_ca85e8f9eef5b9d5____c22_0____4_fair.csv;t_ca85e8f9eef5b9d5____c11_0____2__t_ca85e8f9eef5b9d5____c19_1____2_fair.csv;t_ca85e8f9eef5b9d5____c11_0____2__t_ca85e8f9eef5b9d5____c19_1____0_fair.csv;t_ca85e8f9eef5b9d5____c11_0____2__t_ca85e8f9eef5b9d5____c18_1____2_fair.csv;t_ca85e8f9eef5b9d5____c11_0____2__t_ca85e8f9eef5b9d5____c11_0____4_fair.csv;t_ca85e8f9eef5b9d5____c11_0____2__t_ca85e8f9eef5b9d5____c10_1____3_fair.csv;t_ca85e8f9eef5b9d5____c11_0____2__t_ca85e8f9eef5b9d5____c10_0____0_fair.csv;t_ca85e8f9eef5b9d5____c11_0____2.csv;t_ca85e8f9eef5b9d5____c11_0____3.csv;t_ca85e8f9eef5b9d5____c11_0____1.csv;t_ca85e8f9eef5b9d5____c11_0____0.csv;t_ca85e8f9eef5b9d5____c11_0____1__t_ca85e8f9eef5b9d5____c9_1____4_fair.csv;t_ca85e8f9eef5b9d5____c11_0____1__t_ca85e8f9eef5b9d5____c7_0____3_fair.csv;t_ca85e8f9eef5b9d5____c11_0____1__t_ca85e8f9eef5b9d5____c6_0____1_fair.csv;t_ca85e8f9eef5b9d5____c11_0____1__t_ca85e8f9eef5b9d5____c4_0____2_fair.csv,"{""needs_fairification"": true, ""success"": false, ""swaps_made"": 0, ""initial_fairness"": 0.1783, ""initial_delta"": 0.22, ""dominated_removed_count"": 83, ""dominance_candidate_pool_size"": 87, ""candidates_after_winnow"": 4}"
tusSmall3,nl,t_c701386b7c10b107____c20_0____2_fair.csv,5,866,52,5,False,0.2214,1.0,0.005773672055427252,0.005773672055427252,95.1152116060257,95.1152116060257,t_c701386b7c10b107____c24_0____2__t_c701386b7c10b107____c6_0____0_fair.csv;t_c701386b7c10b107____c24_0____2__t_c701386b7c10b107____c5_1____1_fair.csv;t_c701386b7c10b107____c24_0____2__t_c701386b7c10b107____c21_0____4_fair.csv;t_c701386b7c10b107____c24_0____2__t_c701386b7c10b107____c21_0____2_fair.csv;t_c701386b7c10b107____c24_0____2__t_c701386b7c10b107____c20_0____2_fair.csv,"{""needs_fairification"": true, ""success"": false, ""swaps_made"": 2, ""initial_fairness"": 0.0884, ""initial_delta"": 0.31, ""dominated_removed_count"": 45, ""dominance_candidate_pool_size"": 47, ""candidates_after_winnow"": 0}"
tusSmall3,nl,t_c701386b7c10b107____c20_0____2_fair.csv,10,866,52,10,False,0.2497,1.0,0.011547344110854504,0.011547344110854504,188.47918438911438,188.47918438911438,t_c701386b7c10b107____c24_0____2__t_c701386b7c10b107____c21_0____4_fair.csv;t_c701386b7c10b107____c24_0____2__t_c701386b7c10b107____c21_0____2_fair.csv;t_c701386b7c10b107____c24_0____2__t_c701386b7c10b107____c20_0____2_fair.csv;t_c701386b7c10b107____c24_0____2__t_c701386b7c10b107____c18_1____1_fair.csv;t_c701386b7c10b107____c24_0____2__t_c701386b7c10b107____c17_1____1_fair.csv;t_c701386b7c10b107____c24_0____2__t_c701386b7c10b107____c15_1____3_fair.csv;t_c701386b7c10b107____c24_0____2.csv;t_c701386b7c10b107____c22_1____2__t_c701386b7c10b107____c21_0____2_fair.csv;t_c701386b7c10b107____c22_1____2__t_c701386b7c10b107____c20_0____2_fair.csv;t_c701386b7c10b107____c23_0____2__t_c701386b7c10b107____c21_0____2_fair.csv,"{""needs_fairification"": true, ""success"": false, ""swaps_made"": 4, ""initial_fairness"": 0.1325, ""initial_delta"": 0.27, ""dominated_removed_count"": 36, ""dominance_candidate_pool_size"": 42, ""candidates_after_winnow"": 2}"
tusSmall3,nl,t_c701386b7c10b107____c20_0____2_fair.csv,20,866,52,20,False,0.1351,1.0,0.023094688221709007,0.023094688221709007,377.5439200401306,377.5439200401306,t_c701386b7c10b107____c24_0____2__t_c701386b7c10b107____c5_1____1_fair.csv;t_c701386b7c10b107____c24_0____2__t_c701386b7c10b107____c21_0____2_fair.csv;t_c701386b7c10b107____c24_0____2__t_c701386b7c10b107____c20_0____2_fair.csv;t_c701386b7c10b107____c24_0____2__t_c701386b7c10b107____c18_1____1_fair.csv;t_c701386b7c10b107____c24_0____2__t_c701386b7c10b107____c17_1____1_fair.csv;t_c701386b7c10b107____c24_0____2__t_c701386b7c10b107____c15_1____3_fair.csv;t_c701386b7c10b107____c24_0____2__t_c701386b7c10b107____c14_0____2_fair.csv;t_c701386b7c10b107____c24_0____2__t_c701386b7c10b107____c10_0____3_fair.csv;t_c701386b7c10b107____c24_0____2.csv;t_c701386b7c10b107____c21_1____2__t_c701386b7c10b107____c7_1____0_fair.csv;t_c701386b7c10b107____c21_1____2__t_c701386b7c10b107____c6_1____2_fair.csv;t_c701386b7c10b107____c21_1____2__t_c701386b7c10b107____c6_0____0_fair.csv;t_c701386b7c10b107____c21_1____2__t_c701386b7c10b107____c5_1____1_fair.csv;t_c701386b7c10b107____c21_1____2__t_c701386b7c10b107____c21_0____2_fair.csv;t_c701386b7c10b107____c21_1____2__t_c701386b7c10b107____c20_0____2_fair.csv;t_c701386b7c10b107____c21_1____2__t_c701386b7c10b107____c18_1____1_fair.csv;t_c701386b7c10b107____c21_1____2.csv;t_c701386b7c10b107____c22_1____2__t_c701386b7c10b107____c21_0____2_fair.csv;t_c701386b7c10b107____c22_1____2__t_c701386b7c10b107____c20_0____2_fair.csv;t_c701386b7c10b107____c23_0____2__t_c701386b7c10b107____c21_0____2_fair.csv,"{""needs_fairification"": true, ""success"": false, ""swaps_made"": 4, ""initial_fairness"": 0.0751, ""initial_delta"": 0.32, ""dominated_removed_count"": 27, ""dominance_candidate_pool_size"": 32, ""candidates_after_winnow"": 1}"
tusSmall3,nl,t_ca85e8f9eef5b9d5____c16_1____0_fair.csv,5,1266,63,5,True,0.3127,1.0,0.0039494470774091624,0.0039494470774091624,73.70660388469696,73.70660388469696,t_ca85e8f9eef5b9d5____c16_0____0__t_ca85e8f9eef5b9d5____c6_0____1_fair.csv;t_ca85e8f9eef5b9d5____c16_0____0__t_ca85e8f9eef5b9d5____c5_0____0_fair.csv;t_ca85e8f9eef5b9d5____c15_1____0__t_ca85e8f9eef5b9d5____c9_1____4_fair.csv;t_ca85e8f9eef5b9d5____c15_1____0__t_ca85e8f9eef5b9d5____c7_0____3_fair.csv;t_ca85e8f9eef5b9d5____c15_1____0__t_ca85e8f9eef5b9d5____c3_0____4_fair.csv,"{""needs_fairification"": true, ""success"": true, ""swaps_made"": 3, ""initial_fairness"": 0.0774, ""initial_delta"": 0.32, ""dominated_removed_count"": 44, ""dominance_candidate_pool_size"": 58, ""candidates_after_winnow"": 11}"
tusSmall3,nl,t_ca85e8f9eef5b9d5____c16_1____0_fair.csv,10,1266,63,10,True,0.3238,1.0,0.007898894154818325,0.007898894154818325,146.42428106069565,146.42428106069565,t_ca85e8f9eef5b9d5____c16_0____0__t_ca85e8f9eef5b9d5____c3_0____4_fair.csv;t_ca85e8f9eef5b9d5____c16_0____0__t_ca85e8f9eef5b9d5____c22_0____4_fair.csv;t_ca85e8f9eef5b9d5____c16_0____0__t_ca85e8f9eef5b9d5____c19_1____2_fair.csv;t_ca85e8f9eef5b9d5____c15_1____0__t_ca85e8f9eef5b9d5____c9_1____4_fair.csv;t_ca85e8f9eef5b9d5____c15_1____0__t_ca85e8f9eef5b9d5____c7_0____3_fair.csv;t_ca85e8f9eef5b9d5____c15_1____0__t_ca85e8f9eef5b9d5____c4_0____2_fair.csv;t_ca85e8f9eef5b9d5____c15_1____0__t_ca85e8f9eef5b9d5____c3_1____0_fair.csv;t_ca85e8f9eef5b9d5____c15_1____0__t_ca85e8f9eef5b9d5____c3_0____4_fair.csv;t_ca85e8f9eef5b9d5____c15_1____0__t_ca85e8f9eef5b9d5____c11_0____4_fair.csv;t_ca85e8f9eef5b9d5____c15_1____0__t_ca85e8f9eef5b9d5____c10_0____0_fair.csv,"{""needs_fairification"": true, ""success"": true, ""swaps_made"": 7, ""initial_fairness"": 0.0414, ""initial_delta"": 0.36, ""dominated_removed_count"": 39, ""dominance_candidate_pool_size"": 53, ""candidates_after_winnow"": 7}"
tusSmall3,nl,t_ca85e8f9eef5b9d5____c16_1____0_fair.csv,20,1266,63,20,False,0.2484,1.0,0.01579778830963665,0.01579778830963665,294.42421811819077,294.42421811819077,t_ca85e8f9eef5b9d5____c16_0____0__t_ca85e8f9eef5b9d5____c16_1____0_fair.csv;t_ca85e8f9eef5b9d5____c16_0____0.csv;t_ca85e8f9eef5b9d5____c18_0____0__t_ca85e8f9eef5b9d5____c9_1____4_fair.csv;t_ca85e8f9eef5b9d5____c18_0____0__t_ca85e8f9eef5b9d5____c7_1____3_fair.csv;t_ca85e8f9eef5b9d5____c18_0____0__t_ca85e8f9eef5b9d5____c7_0____3_fair.csv;t_ca85e8f9eef5b9d5____c18_0____0__t_ca85e8f9eef5b9d5____c6_0____1_fair.csv;t_ca85e8f9eef5b9d5____c18_0____0__t_ca85e8f9eef5b9d5____c5_0____0_fair.csv;t_ca85e8f9eef5b9d5____c18_0____0__t_ca85e8f9eef5b9d5____c4_0____2_fair.csv;t_ca85e8f9eef5b9d5____c18_0____0__t_ca85e8f9eef5b9d5____c3_1____0_fair.csv;t_ca85e8f9eef5b9d5____c15_1____0__t_ca85e8f9eef5b9d5____c9_1____4_fair.csv;t_ca85e8f9eef5b9d5____c15_1____0__t_ca85e8f9eef5b9d5____c7_0____3_fair.csv;t_ca85e8f9eef5b9d5____c15_1____0__t_ca85e8f9eef5b9d5____c6_0____1_fair.csv;t_ca85e8f9eef5b9d5____c15_1____0__t_ca85e8f9eef5b9d5____c4_0____2_fair.csv;t_ca85e8f9eef5b9d5____c15_1____0__t_ca85e8f9eef5b9d5____c3_1____0_fair.csv;t_ca85e8f9eef5b9d5____c15_1____0__t_ca85e8f9eef5b9d5____c3_0____4_fair.csv;t_ca85e8f9eef5b9d5____c15_1____0__t_ca85e8f9eef5b9d5____c21_0____1_fair.csv;t_ca85e8f9eef5b9d5____c15_1____0__t_ca85e8f9eef5b9d5____c19_1____0_fair.csv;t_ca85e8f9eef5b9d5____c15_1____0__t_ca85e8f9eef5b9d5____c16_1____0_fair.csv;t_ca85e8f9eef5b9d5____c15_1____0__t_ca85e8f9eef5b9d5____c11_0____4_fair.csv;t_ca85e8f9eef5b9d5____c15_1____0__t_ca85e8f9eef5b9d5____c10_0____0_fair.csv,"{""needs_fairification"": true, ""success"": false, ""swaps_made"": 11, ""initial_fairness"": 0.0221, ""initial_delta"": 0.38, ""dominated_removed_count"": 30, ""dominance_candidate_pool_size"": 43, ""candidates_after_winnow"": 2}"
tusSmall3,nl,t_ca85e8f9eef5b9d5____c2_0____3_fair.csv,5,1174,380,5,True,0.4335,1.0,0.004258943781942078,0.004258943781942078,9.421725809574127,9.421725809574127,t_ca85e8f9eef5b9d5____c2_0____0__t_ca85e8f9eef5b9d5____c2_0____3_fair.csv;t_ca85e8f9eef5b9d5____c2_0____0__t_ca85e8f9eef5b9d5____c10_1____3_fair.csv;t_ca85e8f9eef5b9d5____c2_0____4__t_ca85e8f9eef5b9d5____c2_0____3_fair.csv;t_ca85e8f9eef5b9d5____c2_0____4__t_ca85e8f9eef5b9d5____c10_1____3_fair.csv;t_ca85e8f9eef5b9d5____c2_0____1__t_ca85e8f9eef5b9d5____c2_0____3_fair.csv,"{""needs_fairification"": false, ""success"": true, ""swaps_made"": 0, ""initial_fairness"": 0.4335, ""initial_delta"": -0.03}"
tusSmall3,nl,t_ca85e8f9eef5b9d5____c2_0____3_fair.csv,10,1174,380,10,True,0.3557,0.8,0.0068143100511073255,0.008517887563884156,18.334031462669373,18.334031462669373,t_ca85e8f9eef5b9d5____c2_0____0__t_ca85e8f9eef5b9d5____c2_0____3_fair.csv;t_ca85e8f9eef5b9d5____c2_0____0__t_ca85e8f9eef5b9d5____c10_1____3_fair.csv;t_ca85e8f9eef5b9d5____c2_0____4__t_ca85e8f9eef5b9d5____c2_0____3_fair.csv;t_ca85e8f9eef5b9d5____c2_0____4__t_ca85e8f9eef5b9d5____c10_1____3_fair.csv;t_ca85e8f9eef5b9d5____c2_0____1__t_ca85e8f9eef5b9d5____c2_0____3_fair.csv;t_ca85e8f9eef5b9d5____c2_0____1__t_ca85e8f9eef5b9d5____c10_1____3_fair.csv;t_ca85e8f9eef5b9d5____c2_0____2__t_ca85e8f9eef5b9d5____c2_0____3_fair.csv;t_ca85e8f9eef5b9d5____c2_0____2__t_ca85e8f9eef5b9d5____c10_1____3_fair.csv;t_ca85e8f9eef5b9d5____c2_1____4__t_ca85e8f9eef5b9d5____c19_1____2_fair.csv;t_ca85e8f9eef5b9d5____c2_1____1__t_ca85e8f9eef5b9d5____c19_1____2_fair.csv,"{""needs_fairification"": false, ""success"": true, ""swaps_made"": 0, ""initial_fairness"": 0.3557, ""initial_delta"": 0.04}"
tusSmall3,nl,t_ca85e8f9eef5b9d5____c2_0____3_fair.csv,20,1174,380,20,False,0.1903,0.45,0.007666098807495741,0.017035775127768313,35.47967314720154,35.47967314720154,t_ca85e8f9eef5b9d5____c2_0____0__t_ca85e8f9eef5b9d5____c2_0____3_fair.csv;t_ca85e8f9eef5b9d5____c2_0____0__t_ca85e8f9eef5b9d5____c10_1____3_fair.csv;t_ca85e8f9eef5b9d5____c2_0____4__t_ca85e8f9eef5b9d5____c2_0____3_fair.csv;t_ca85e8f9eef5b9d5____c2_0____4__t_ca85e8f9eef5b9d5____c10_1____3_fair.csv;t_ca85e8f9eef5b9d5____c2_0____1__t_ca85e8f9eef5b9d5____c2_0____3_fair.csv;t_ca85e8f9eef5b9d5____c2_0____1__t_ca85e8f9eef5b9d5____c10_1____3_fair.csv;t_ca85e8f9eef5b9d5____c2_0____2__t_ca85e8f9eef5b9d5____c2_0____3_fair.csv;t_ca85e8f9eef5b9d5____c2_0____2__t_ca85e8f9eef5b9d5____c10_1____3_fair.csv;t_ca85e8f9eef5b9d5____c2_1____4__t_ca85e8f9eef5b9d5____c19_1____2_fair.csv;t_ca85e8f9eef5b9d5____c2_1____1__t_ca85e8f9eef5b9d5____c19_1____2_fair.csv;t_ca85e8f9eef5b9d5____c2_1____0__t_ca85e8f9eef5b9d5____c19_1____2_fair.csv;t_ca85e8f9eef5b9d5____c2_1____2__t_ca85e8f9eef5b9d5____c19_1____2_fair.csv;t_ca85e8f9eef5b9d5____c2_1____3__t_ca85e8f9eef5b9d5____c19_1____2_fair.csv;t_ca85e8f9eef5b9d5____c2_0____4.csv;t_ca85e8f9eef5b9d5____c4_0____4__t_ca85e8f9eef5b9d5____c9_1____4_fair.csv;t_ca85e8f9eef5b9d5____c4_0____4__t_ca85e8f9eef5b9d5____c7_0____3_fair.csv;t_ca85e8f9eef5b9d5____c4_0____4__t_ca85e8f9eef5b9d5____c4_0____2_fair.csv;t_ca85e8f9eef5b9d5____c4_0____4__t_ca85e8f9eef5b9d5____c3_0____4_fair.csv;t_ca85e8f9eef5b9d5____c4_0____4__t_ca85e8f9eef5b9d5____c22_0____4_fair.csv;t_ca85e8f9eef5b9d5____c4_0____4__t_ca85e8f9eef5b9d5____c19_1____0_fair.csv,"{""needs_fairification"": true, ""success"": false, ""swaps_made"": 0, ""initial_fairness"": 0.1903, ""initial_delta"": 0.21, ""dominated_removed_count"": 359, ""dominance_candidate_pool_size"": 360, ""candidates_after_winnow"": 1}"
tusSmall3,nl,t_ca85e8f9eef5b9d5____c3_0____4_fair.csv,5,1378,383,5,True,0.3363,1.0,0.00362844702467344,0.00362844702467344,14.414013147354126,14.414013147354126,t_ca85e8f9eef5b9d5____c3_0____3__t_ca85e8f9eef5b9d5____c6_0____1_fair.csv;t_ca85e8f9eef5b9d5____c3_0____3__t_ca85e8f9eef5b9d5____c3_0____4_fair.csv;t_ca85e8f9eef5b9d5____c3_0____1__t_ca85e8f9eef5b9d5____c6_0____1_fair.csv;t_ca85e8f9eef5b9d5____c3_0____1__t_ca85e8f9eef5b9d5____c3_0____4_fair.csv;t_ca85e8f9eef5b9d5____c3_0____0__t_ca85e8f9eef5b9d5____c6_0____1_fair.csv,"{""needs_fairification"": false, ""success"": true, ""swaps_made"": 0, ""initial_fairness"": 0.3363, ""initial_delta"": 0.06}"
tusSmall3,nl,t_ca85e8f9eef5b9d5____c3_0____4_fair.csv,10,1378,383,10,True,0.3155,1.0,0.00725689404934688,0.00725689404934688,28.467397093772888,28.467397093772888,t_ca85e8f9eef5b9d5____c3_0____3__t_ca85e8f9eef5b9d5____c6_0____1_fair.csv;t_ca85e8f9eef5b9d5____c3_0____3__t_ca85e8f9eef5b9d5____c3_0____4_fair.csv;t_ca85e8f9eef5b9d5____c3_0____1__t_ca85e8f9eef5b9d5____c6_0____1_fair.csv;t_ca85e8f9eef5b9d5____c3_0____1__t_ca85e8f9eef5b9d5____c3_0____4_fair.csv;t_ca85e8f9eef5b9d5____c3_0____0__t_ca85e8f9eef5b9d5____c6_0____1_fair.csv;t_ca85e8f9eef5b9d5____c3_0____0__t_ca85e8f9eef5b9d5____c3_0____4_fair.csv;t_ca85e8f9eef5b9d5____c3_0____3.csv;t_ca85e8f9eef5b9d5____c3_0____2__t_ca85e8f9eef5b9d5____c6_0____1_fair.csv;t_ca85e8f9eef5b9d5____c3_0____2__t_ca85e8f9eef5b9d5____c3_0____4_fair.csv;t_ca85e8f9eef5b9d5____c3_0____0.csv,"{""needs_fairification"": false, ""success"": true, ""swaps_made"": 0, ""initial_fairness"": 0.3155, ""initial_delta"": 0.08}"
tusSmall3,nl,t_ca85e8f9eef5b9d5____c3_0____4_fair.csv,20,1378,383,20,False,0.1682,1.0,0.01451378809869376,0.01451378809869376,55.1314817070961,55.1314817070961,t_ca85e8f9eef5b9d5____c3_0____3__t_ca85e8f9eef5b9d5____c6_0____1_fair.csv;t_ca85e8f9eef5b9d5____c3_0____3__t_ca85e8f9eef5b9d5____c3_0____4_fair.csv;t_ca85e8f9eef5b9d5____c3_0____1__t_ca85e8f9eef5b9d5____c6_0____1_fair.csv;t_ca85e8f9eef5b9d5____c3_0____1__t_ca85e8f9eef5b9d5____c3_0____4_fair.csv;t_ca85e8f9eef5b9d5____c3_0____0__t_ca85e8f9eef5b9d5____c6_0____1_fair.csv;t_ca85e8f9eef5b9d5____c3_0____0__t_ca85e8f9eef5b9d5____c3_0____4_fair.csv;t_ca85e8f9eef5b9d5____c3_0____3.csv;t_ca85e8f9eef5b9d5____c3_0____2__t_ca85e8f9eef5b9d5____c6_0____1_fair.csv;t_ca85e8f9eef5b9d5____c3_0____2__t_ca85e8f9eef5b9d5____c3_0____4_fair.csv;t_ca85e8f9eef5b9d5____c3_0____0.csv;t_ca85e8f9eef5b9d5____c3_0____1.csv;t_ca85e8f9eef5b9d5____c3_0____2.csv;t_ca85e8f9eef5b9d5____c4_0____4__t_ca85e8f9eef5b9d5____c9_1____4_fair.csv;t_ca85e8f9eef5b9d5____c4_0____4__t_ca85e8f9eef5b9d5____c7_0____3_fair.csv;t_ca85e8f9eef5b9d5____c4_0____4__t_ca85e8f9eef5b9d5____c4_0____2_fair.csv;t_ca85e8f9eef5b9d5____c4_0____4__t_ca85e8f9eef5b9d5____c3_0____4_fair.csv;t_ca85e8f9eef5b9d5____c4_0____4__t_ca85e8f9eef5b9d5____c22_0____4_fair.csv;t_ca85e8f9eef5b9d5____c4_0____4__t_ca85e8f9eef5b9d5____c19_1____0_fair.csv;t_ca85e8f9eef5b9d5____c4_0____3__t_ca85e8f9eef5b9d5____c4_0____2_fair.csv;t_ca85e8f9eef5b9d5____c4_0____3__t_ca85e8f9eef5b9d5____c3_0____4_fair.csv,"{""needs_fairification"": true, ""success"": false, ""swaps_made"": 0, ""initial_fairness"": 0.1682, ""initial_delta"": 0.23, ""dominated_removed_count"": 360, ""dominance_candidate_pool_size"": 363, ""candidates_after_winnow"": 3}"
tusSmall3,nl,t_ca85e8f9eef5b9d5____c3_1____0_fair.csv,5,1266,390,5,True,0.3591,0.8,0.00315955766192733,0.0039494470774091624,12.493747115135193,12.493747115135193,t_ca85e8f9eef5b9d5____c3_1____4__t_ca85e8f9eef5b9d5____c3_1____0_fair.csv;t_ca85e8f9eef5b9d5____c3_1____4__t_ca85e8f9eef5b9d5____c16_1____0_fair.csv;t_ca85e8f9eef5b9d5____c4_0____4__t_ca85e8f9eef5b9d5____c7_0____3_fair.csv;t_ca85e8f9eef5b9d5____c3_1____3__t_ca85e8f9eef5b9d5____c16_1____0_fair.csv;t_ca85e8f9eef5b9d5____c3_1____2__t_ca85e8f9eef5b9d5____c3_1____0_fair.csv,"{""needs_fairification"": true, ""success"": true, ""swaps_made"": 2, ""initial_fairness"": 0.2294, ""initial_delta"": 0.17, ""dominated_removed_count"": 377, ""dominance_candidate_pool_size"": 385, ""candidates_after_winnow"": 6}"
tusSmall3,nl,t_ca85e8f9eef5b9d5____c3_1____0_fair.csv,10,1266,390,10,True,0.3086,0.7,0.005529225908372828,0.007898894154818325,24.441538095474243,24.441538095474243,t_ca85e8f9eef5b9d5____c3_1____4__t_ca85e8f9eef5b9d5____c3_1____0_fair.csv;t_ca85e8f9eef5b9d5____c3_1____4__t_ca85e8f9eef5b9d5____c16_1____0_fair.csv;t_ca85e8f9eef5b9d5____c4_0____4__t_ca85e8f9eef5b9d5____c22_0____4_fair.csv;t_ca85e8f9eef5b9d5____c4_0____4__t_ca85e8f9eef5b9d5____c19_1____0_fair.csv;t_ca85e8f9eef5b9d5____c4_1____3__t_ca85e8f9eef5b9d5____c22_0____4_fair.csv;t_ca85e8f9eef5b9d5____c3_1____3__t_ca85e8f9eef5b9d5____c3_1____0_fair.csv;t_ca85e8f9eef5b9d5____c3_1____3__t_ca85e8f9eef5b9d5____c16_1____0_fair.csv;t_ca85e8f9eef5b9d5____c3_1____1__t_ca85e8f9eef5b9d5____c3_1____0_fair.csv;t_ca85e8f9eef5b9d5____c3_1____1__t_ca85e8f9eef5b9d5____c16_1____0_fair.csv;t_ca85e8f9eef5b9d5____c3_1____2__t_ca85e8f9eef5b9d5____c3_1____0_fair.csv,"{""needs_fairification"": true, ""success"": true, ""swaps_made"": 5, ""initial_fairness"": 0.1212, ""initial_delta"": 0.28, ""dominated_removed_count"": 373, ""dominance_candidate_pool_size"": 380, ""candidates_after_winnow"": 2}"
tusSmall3,nl,t_ca85e8f9eef5b9d5____c3_1____0_fair.csv,20,1266,390,20,False,0.1752,0.4,0.00631911532385466,0.01579778830963665,48.596532344818115,48.596532344818115,t_ca85e8f9eef5b9d5____c3_1____4__t_ca85e8f9eef5b9d5____c3_1____0_fair.csv;t_ca85e8f9eef5b9d5____c3_1____4__t_ca85e8f9eef5b9d5____c16_1____0_fair.csv;t_ca85e8f9eef5b9d5____c4_0____4__t_ca85e8f9eef5b9d5____c3_0____4_fair.csv;t_ca85e8f9eef5b9d5____c4_0____4__t_ca85e8f9eef5b9d5____c22_0____4_fair.csv;t_ca85e8f9eef5b9d5____c4_0____4__t_ca85e8f9eef5b9d5____c19_1____0_fair.csv;t_ca85e8f9eef5b9d5____c4_1____3__t_ca85e8f9eef5b9d5____c22_0____4_fair.csv;t_ca85e8f9eef5b9d5____c4_1____3__t_ca85e8f9eef5b9d5____c18_1____2_fair.csv;t_ca85e8f9eef5b9d5____c4_1____3__t_ca85e8f9eef5b9d5____c11_0____4_fair.csv;t_ca85e8f9eef5b9d5____c4_1____3.csv;t_ca85e8f9eef5b9d5____c3_1____3__t_ca85e8f9eef5b9d5____c3_1____0_fair.csv;t_ca85e8f9eef5b9d5____c3_1____3__t_ca85e8f9eef5b9d5____c16_1____0_fair.csv;t_ca85e8f9eef5b9d5____c4_1____1__t_ca85e8f9eef5b9d5____c22_0____4_fair.csv;t_ca85e8f9eef5b9d5____c4_1____1__t_ca85e8f9eef5b9d5____c18_1____2_fair.csv;t_ca85e8f9eef5b9d5____c4_1____1__t_ca85e8f9eef5b9d5____c11_0____4_fair.csv;t_ca85e8f9eef5b9d5____c4_0____4.csv;t_ca85e8f9eef5b9d5____c3_0____0.csv;t_ca85e8f9eef5b9d5____c3_1____3.csv;t_ca85e8f9eef5b9d5____c3_1____1__t_ca85e8f9eef5b9d5____c3_1____0_fair.csv;t_ca85e8f9eef5b9d5____c3_1____1__t_ca85e8f9eef5b9d5____c16_1____0_fair.csv;t_ca85e8f9eef5b9d5____c3_1____2__t_ca85e8f9eef5b9d5____c3_1____0_fair.csv,"{""needs_fairification"": true, ""success"": false, ""swaps_made"": 5, ""initial_fairness"": 0.1042, ""initial_delta"": 0.3, ""dominated_removed_count"": 363, ""dominance_candidate_pool_size"": 370, ""candidates_after_winnow"": 2}"
tusSmall3,nl,t_ca85e8f9eef5b9d5____c18_1____2_fair.csv,5,1219,68,5,False,0.192,1.0,0.004101722723543888,0.004101722723543888,87.32475638389587,87.32475638389587,t_ca85e8f9eef5b9d5____c19_0____2__t_ca85e8f9eef5b9d5____c6_0____1_fair.csv;t_ca85e8f9eef5b9d5____c19_0____2__t_ca85e8f9eef5b9d5____c5_0____0_fair.csv;t_ca85e8f9eef5b9d5____c19_0____2.csv;t_ca85e8f9eef5b9d5____c18_1____0__t_ca85e8f9eef5b9d5____c18_1____2_fair.csv;t_ca85e8f9eef5b9d5____c18_1____0.csv,"{""needs_fairification"": true, ""success"": false, ""swaps_made"": 3, ""initial_fairness"": 0.0842, ""initial_delta"": 0.32, ""dominated_removed_count"": 59, ""dominance_candidate_pool_size"": 63, ""candidates_after_winnow"": 1}"
tusSmall3,nl,t_ca85e8f9eef5b9d5____c18_1____2_fair.csv,10,1219,68,10,False,0.0886,1.0,0.008203445447087777,0.008203445447087777,175.22771561145782,175.22771561145782,t_ca85e8f9eef5b9d5____c19_0____2__t_ca85e8f9eef5b9d5____c7_1____3_fair.csv;t_ca85e8f9eef5b9d5____c19_0____2__t_ca85e8f9eef5b9d5____c7_0____3_fair.csv;t_ca85e8f9eef5b9d5____c19_0____2__t_ca85e8f9eef5b9d5____c6_0____1_fair.csv;t_ca85e8f9eef5b9d5____c19_0____2__t_ca85e8f9eef5b9d5____c5_0____0_fair.csv;t_ca85e8f9eef5b9d5____c19_0____2__t_ca85e8f9eef5b9d5____c4_0____2_fair.csv;t_ca85e8f9eef5b9d5____c19_0____2__t_ca85e8f9eef5b9d5____c3_1____0_fair.csv;t_ca85e8f9eef5b9d5____c19_0____2__t_ca85e8f9eef5b9d5____c2_0____3_fair.csv;t_ca85e8f9eef5b9d5____c19_0____2__t_ca85e8f9eef5b9d5____c22_0____4_fair.csv;t_ca85e8f9eef5b9d5____c19_0____2__t_ca85e8f9eef5b9d5____c21_0____1_fair.csv;t_ca85e8f9eef5b9d5____c18_1____0__t_ca85e8f9eef5b9d5____c18_1____2_fair.csv,"{""needs_fairification"": true, ""success"": false, ""swaps_made"": 1, ""initial_fairness"": 0.0452, ""initial_delta"": 0.35, ""dominated_removed_count"": 54, ""dominance_candidate_pool_size"": 58, ""candidates_after_winnow"": 3}"
tusSmall3,nl,t_ca85e8f9eef5b9d5____c18_1____2_fair.csv,20,1219,68,20,False,0.0467,1.0,0.016406890894175553,0.016406890894175553,350.22044575214386,350.22044575214386,t_ca85e8f9eef5b9d5____c19_0____2__t_ca85e8f9eef5b9d5____c7_1____3_fair.csv;t_ca85e8f9eef5b9d5____c19_0____2__t_ca85e8f9eef5b9d5____c7_0____3_fair.csv;t_ca85e8f9eef5b9d5____c19_0____2__t_ca85e8f9eef5b9d5____c6_0____1_fair.csv;t_ca85e8f9eef5b9d5____c19_0____2__t_ca85e8f9eef5b9d5____c5_0____0_fair.csv;t_ca85e8f9eef5b9d5____c19_0____2__t_ca85e8f9eef5b9d5____c4_0____2_fair.csv;t_ca85e8f9eef5b9d5____c19_0____2__t_ca85e8f9eef5b9d5____c3_1____0_fair.csv;t_ca85e8f9eef5b9d5____c19_0____2__t_ca85e8f9eef5b9d5____c2_0____3_fair.csv;t_ca85e8f9eef5b9d5____c19_0____2__t_ca85e8f9eef5b9d5____c22_0____4_fair.csv;t_ca85e8f9eef5b9d5____c19_0____2__t_ca85e8f9eef5b9d5____c21_0____1_fair.csv;t_ca85e8f9eef5b9d5____c19_0____2__t_ca85e8f9eef5b9d5____c19_1____0_fair.csv;t_ca85e8f9eef5b9d5____c19_0____2__t_ca85e8f9eef5b9d5____c18_1____2_fair.csv;t_ca85e8f9eef5b9d5____c19_0____2__t_ca85e8f9eef5b9d5____c16_1____0_fair.csv;t_ca85e8f9eef5b9d5____c19_0____2__t_ca85e8f9eef5b9d5____c11_0____4_fair.csv;t_ca85e8f9eef5b9d5____c19_0____2__t_ca85e8f9eef5b9d5____c10_1____3_fair.csv;t_ca85e8f9eef5b9d5____c19_0____2__t_ca85e8f9eef5b9d5____c10_0____0_fair.csv;t_ca85e8f9eef5b9d5____c19_0____2.csv;t_ca85e8f9eef5b9d5____c18_0____0__t_ca85e8f9eef5b9d5____c9_1____4_fair.csv;t_ca85e8f9eef5b9d5____c18_0____0__t_ca85e8f9eef5b9d5____c7_1____3_fair.csv;t_ca85e8f9eef5b9d5____c18_0____0__t_ca85e8f9eef5b9d5____c7_0____3_fair.csv;t_ca85e8f9eef5b9d5____c18_1____0__t_ca85e8f9eef5b9d5____c18_1____2_fair.csv,"{""needs_fairification"": true, ""success"": false, ""swaps_made"": 1, ""initial_fairness"": 0.0238, ""initial_delta"": 0.38, ""dominated_removed_count"": 45, ""dominance_candidate_pool_size"": 48, ""candidates_after_winnow"": 2}"
tusSmall3,nl,t_ca85e8f9eef5b9d5____c4_0____2_fair.csv,5,1654,373,5,False,0.2435,1.0,0.003022974607013301,0.003022974607013301,18.768253445625305,18.768253445625305,t_ca85e8f9eef5b9d5____c4_0____4__t_ca85e8f9eef5b9d5____c22_0____4_fair.csv;t_ca85e8f9eef5b9d5____c4_0____4.csv;t_ca85e8f9eef5b9d5____c4_0____3.csv;t_ca85e8f9eef5b9d5____c4_0____3__t_ca85e8f9eef5b9d5____c4_0____2_fair.csv;t_ca85e8f9eef5b9d5____c4_0____3__t_ca85e8f9eef5b9d5____c19_1____0_fair.csv,"{""needs_fairification"": true, ""success"": false, ""swaps_made"": 4, ""initial_fairness"": 0.0694, ""initial_delta"": 0.33, ""dominated_removed_count"": 363, ""dominance_candidate_pool_size"": 368, ""candidates_after_winnow"": 1}"
tusSmall3,nl,t_ca85e8f9eef5b9d5____c4_0____2_fair.csv,10,1654,373,10,False,0.1356,1.0,0.006045949214026602,0.006045949214026602,37.863165616989136,37.863165616989136,t_ca85e8f9eef5b9d5____c4_0____4__t_ca85e8f9eef5b9d5____c7_0____3_fair.csv;t_ca85e8f9eef5b9d5____c4_0____4__t_ca85e8f9eef5b9d5____c4_0____2_fair.csv;t_ca85e8f9eef5b9d5____c4_0____4__t_ca85e8f9eef5b9d5____c3_0____4_fair.csv;t_ca85e8f9eef5b9d5____c4_0____4__t_ca85e8f9eef5b9d5____c22_0____4_fair.csv;t_ca85e8f9eef5b9d5____c4_0____4__t_ca85e8f9eef5b9d5____c19_1____0_fair.csv;t_ca85e8f9eef5b9d5____c4_0____4.csv;t_ca85e8f9eef5b9d5____c4_0____3.csv;t_ca85e8f9eef5b9d5____c4_0____3__t_ca85e8f9eef5b9d5____c4_0____2_fair.csv;t_ca85e8f9eef5b9d5____c4_0____3__t_ca85e8f9eef5b9d5____c3_0____4_fair.csv;t_ca85e8f9eef5b9d5____c4_0____3__t_ca85e8f9eef5b9d5____c19_1____0_fair.csv,"{""needs_fairification"": true, ""success"": false, ""swaps_made"": 1, ""initial_fairness"": 0.0933, ""initial_delta"": 0.31, ""dominated_removed_count"": 362, ""dominance_candidate_pool_size"": 363, ""candidates_after_winnow"": 0}"
tusSmall3,nl,t_ca85e8f9eef5b9d5____c4_0____2_fair.csv,20,1654,373,20,False,0.087,1.0,0.012091898428053204,0.012091898428053204,73.7244518995285,73.7244518995285,t_ca85e8f9eef5b9d5____c4_0____4__t_ca85e8f9eef5b9d5____c9_1____4_fair.csv;t_ca85e8f9eef5b9d5____c4_0____4__t_ca85e8f9eef5b9d5____c7_0____3_fair.csv;t_ca85e8f9eef5b9d5____c4_0____4__t_ca85e8f9eef5b9d5____c4_0____2_fair.csv;t_ca85e8f9eef5b9d5____c4_0____4__t_ca85e8f9eef5b9d5____c3_0____4_fair.csv;t_ca85e8f9eef5b9d5____c4_0____4__t_ca85e8f9eef5b9d5____c22_0____4_fair.csv;t_ca85e8f9eef5b9d5____c4_0____4__t_ca85e8f9eef5b9d5____c19_1____0_fair.csv;t_ca85e8f9eef5b9d5____c4_0____4.csv;t_ca85e8f9eef5b9d5____c4_0____3.csv;t_ca85e8f9eef5b9d5____c4_0____3__t_ca85e8f9eef5b9d5____c4_0____2_fair.csv;t_ca85e8f9eef5b9d5____c4_0____3__t_ca85e8f9eef5b9d5____c3_0____4_fair.csv;t_ca85e8f9eef5b9d5____c4_0____3__t_ca85e8f9eef5b9d5____c22_0____4_fair.csv;t_ca85e8f9eef5b9d5____c4_0____3__t_ca85e8f9eef5b9d5____c19_1____0_fair.csv;t_ca85e8f9eef5b9d5____c4_0____1__t_ca85e8f9eef5b9d5____c9_1____4_fair.csv;t_ca85e8f9eef5b9d5____c4_0____1__t_ca85e8f9eef5b9d5____c4_0____2_fair.csv;t_ca85e8f9eef5b9d5____c4_0____1__t_ca85e8f9eef5b9d5____c3_0____4_fair.csv;t_ca85e8f9eef5b9d5____c4_0____1__t_ca85e8f9eef5b9d5____c19_1____0_fair.csv;t_ca85e8f9eef5b9d5____c4_0____0__t_ca85e8f9eef5b9d5____c9_1____4_fair.csv;t_ca85e8f9eef5b9d5____c4_0____0__t_ca85e8f9eef5b9d5____c7_0____3_fair.csv;t_ca85e8f9eef5b9d5____c4_0____0__t_ca85e8f9eef5b9d5____c4_0____2_fair.csv;t_ca85e8f9eef5b9d5____c4_0____0__t_ca85e8f9eef5b9d5____c3_0____4_fair.csv,"{""needs_fairification"": true, ""success"": false, ""swaps_made"": 0, ""initial_fairness"": 0.087, ""initial_delta"": 0.31, ""dominated_removed_count"": 350, ""dominance_candidate_pool_size"": 353, ""candidates_after_winnow"": 3}"
tusSmall3,nl,t_ca85e8f9eef5b9d5____c5_0____0_fair.csv,5,1327,260,5,True,0.3075,1.0,0.0037678975131876413,0.0037678975131876413,21.235153317451477,21.235153317451477,t_ca85e8f9eef5b9d5____c5_0____4__t_ca85e8f9eef5b9d5____c5_0____0_fair.csv;t_ca85e8f9eef5b9d5____c5_0____4__t_ca85e8f9eef5b9d5____c3_1____0_fair.csv;t_ca85e8f9eef5b9d5____c5_0____4__t_ca85e8f9eef5b9d5____c3_0____4_fair.csv;t_ca85e8f9eef5b9d5____c5_0____4__t_ca85e8f9eef5b9d5____c16_1____0_fair.csv;t_ca85e8f9eef5b9d5____c7_1____1__t_ca85e8f9eef5b9d5____c5_0____0_fair.csv,"{""needs_fairification"": true, ""success"": true, ""swaps_made"": 1, ""initial_fairness"": 0.2395, ""initial_delta"": 0.16, ""dominated_removed_count"": 249, ""dominance_candidate_pool_size"": 255, ""candidates_after_winnow"": 5}"
tusSmall3,nl,t_ca85e8f9eef5b9d5____c5_0____0_fair.csv,10,1327,260,10,False,0.2656,1.0,0.007535795026375283,0.007535795026375283,40.810545325279236,40.810545325279236,t_ca85e8f9eef5b9d5____c5_0____4__t_ca85e8f9eef5b9d5____c5_0____0_fair.csv;t_ca85e8f9eef5b9d5____c5_0____3__t_ca85e8f9eef5b9d5____c3_1____0_fair.csv;t_ca85e8f9eef5b9d5____c5_0____3__t_ca85e8f9eef5b9d5____c3_0____4_fair.csv;t_ca85e8f9eef5b9d5____c5_0____3.csv;t_ca85e8f9eef5b9d5____c7_1____0.csv;t_ca85e8f9eef5b9d5____c7_1____0__t_ca85e8f9eef5b9d5____c5_0____0_fair.csv;t_ca85e8f9eef5b9d5____c5_0____1__t_ca85e8f9eef5b9d5____c5_0____0_fair.csv;t_ca85e8f9eef5b9d5____c5_0____1.csv;t_ca85e8f9eef5b9d5____c5_0____2__t_ca85e8f9eef5b9d5____c5_0____0_fair.csv;t_ca85e8f9eef5b9d5____c7_1____1__t_ca85e8f9eef5b9d5____c5_0____0_fair.csv,"{""needs_fairification"": true, ""success"": false, ""swaps_made"": 7, ""initial_fairness"": 0.1405, ""initial_delta"": 0.26, ""dominated_removed_count"": 243, ""dominance_candidate_pool_size"": 250, ""candidates_after_winnow"": 0}"
tusSmall3,nl,t_ca85e8f9eef5b9d5____c5_0____0_fair.csv,20,1327,260,20,False,0.2263,1.0,0.015071590052750565,0.015071590052750565,82.87860453128815,82.87860453128815,t_ca85e8f9eef5b9d5____c5_0____4__t_ca85e8f9eef5b9d5____c5_0____0_fair.csv;t_ca85e8f9eef5b9d5____c5_0____4__t_ca85e8f9eef5b9d5____c16_1____0_fair.csv;t_ca85e8f9eef5b9d5____c5_0____4.csv;t_ca85e8f9eef5b9d5____c5_0____3__t_ca85e8f9eef5b9d5____c3_1____0_fair.csv;t_ca85e8f9eef5b9d5____c5_0____3__t_ca85e8f9eef5b9d5____c3_0____4_fair.csv;t_ca85e8f9eef5b9d5____c5_0____3__t_ca85e8f9eef5b9d5____c16_1____0_fair.csv;t_ca85e8f9eef5b9d5____c5_0____3.csv;t_ca85e8f9eef5b9d5____c7_1____0.csv;t_ca85e8f9eef5b9d5____c7_1____0__t_ca85e8f9eef5b9d5____c9_1____4_fair.csv;t_ca85e8f9eef5b9d5____c7_1____0__t_ca85e8f9eef5b9d5____c7_1____3_fair.csv;t_ca85e8f9eef5b9d5____c7_1____0__t_ca85e8f9eef5b9d5____c7_0____3_fair.csv;t_ca85e8f9eef5b9d5____c7_1____0__t_ca85e8f9eef5b9d5____c5_0____0_fair.csv;t_ca85e8f9eef5b9d5____c7_1____0__t_ca85e8f9eef5b9d5____c4_0____2_fair.csv;t_ca85e8f9eef5b9d5____c7_1____0__t_ca85e8f9eef5b9d5____c22_0____4_fair.csv;t_ca85e8f9eef5b9d5____c7_1____0__t_ca85e8f9eef5b9d5____c21_0____1_fair.csv;t_ca85e8f9eef5b9d5____c7_1____0__t_ca85e8f9eef5b9d5____c19_1____0_fair.csv;t_ca85e8f9eef5b9d5____c5_0____1__t_ca85e8f9eef5b9d5____c5_0____0_fair.csv;t_ca85e8f9eef5b9d5____c5_0____1.csv;t_ca85e8f9eef5b9d5____c5_0____2__t_ca85e8f9eef5b9d5____c5_0____0_fair.csv;t_ca85e8f9eef5b9d5____c7_1____1__t_ca85e8f9eef5b9d5____c5_0____0_fair.csv,"{""needs_fairification"": true, ""success"": false, ""swaps_made"": 5, ""initial_fairness"": 0.1637, ""initial_delta"": 0.24, ""dominated_removed_count"": 235, ""dominance_candidate_pool_size"": 240, ""candidates_after_winnow"": 0}"
tusSmall3,nl,t_ca85e8f9eef5b9d5____c19_1____0_fair.csv,5,1654,53,5,True,0.3085,1.0,0.003022974607013301,0.003022974607013301,89.72051954269409,89.72051954269409,t_ca85e8f9eef5b9d5____c20_0____0__t_ca85e8f9eef5b9d5____c6_0____1_fair.csv;t_ca85e8f9eef5b9d5____c20_0____0__t_ca85e8f9eef5b9d5____c5_0____0_fair.csv;t_ca85e8f9eef5b9d5____c19_0____0__t_ca85e8f9eef5b9d5____c9_1____4_fair.csv;t_ca85e8f9eef5b9d5____c19_0____0__t_ca85e8f9eef5b9d5____c7_0____3_fair.csv;t_ca85e8f9eef5b9d5____c19_0____0__t_ca85e8f9eef5b9d5____c19_1____0_fair.csv,"{""needs_fairification"": true, ""success"": true, ""swaps_made"": 3, ""initial_fairness"": 0.0776, ""initial_delta"": 0.32, ""dominated_removed_count"": 42, ""dominance_candidate_pool_size"": 48, ""candidates_after_winnow"": 3}"
tusSmall3,nl,t_ca85e8f9eef5b9d5____c19_1____0_fair.csv,10,1654,53,10,False,0.2167,1.0,0.006045949214026602,0.006045949214026602,179.57280933856964,179.57280933856964,t_ca85e8f9eef5b9d5____c20_0____0__t_ca85e8f9eef5b9d5____c3_1____0_fair.csv;t_ca85e8f9eef5b9d5____c20_0____0__t_ca85e8f9eef5b9d5____c3_0____4_fair.csv;t_ca85e8f9eef5b9d5____c20_0____0__t_ca85e8f9eef5b9d5____c22_0____4_fair.csv;t_ca85e8f9eef5b9d5____c20_0____0__t_ca85e8f9eef5b9d5____c21_0____1_fair.csv;t_ca85e8f9eef5b9d5____c20_0____0.csv;t_ca85e8f9eef5b9d5____c19_0____0__t_ca85e8f9eef5b9d5____c9_1____4_fair.csv;t_ca85e8f9eef5b9d5____c19_0____0__t_ca85e8f9eef5b9d5____c7_0____3_fair.csv;t_ca85e8f9eef5b9d5____c19_0____0__t_ca85e8f9eef5b9d5____c4_0____2_fair.csv;t_ca85e8f9eef5b9d5____c19_0____0__t_ca85e8f9eef5b9d5____c19_1____0_fair.csv;t_ca85e8f9eef5b9d5____c19_0____0.csv,"{""needs_fairification"": true, ""success"": false, ""swaps_made"": 6, ""initial_fairness"": 0.042, ""initial_delta"": 0.36, ""dominated_removed_count"": 37, ""dominance_candidate_pool_size"": 43, ""candidates_after_winnow"": 0}"
tusSmall3,nl,t_ca85e8f9eef5b9d5____c19_1____0_fair.csv,20,1654,53,20,False,0.116,1.0,0.012091898428053204,0.012091898428053204,359.6726996898651,359.6726996898651,t_ca85e8f9eef5b9d5____c20_0____0__t_ca85e8f9eef5b9d5____c6_0____1_fair.csv;t_ca85e8f9eef5b9d5____c20_0____0__t_ca85e8f9eef5b9d5____c5_0____0_fair.csv;t_ca85e8f9eef5b9d5____c20_0____0__t_ca85e8f9eef5b9d5____c4_0____2_fair.csv;t_ca85e8f9eef5b9d5____c20_0____0__t_ca85e8f9eef5b9d5____c3_1____0_fair.csv;t_ca85e8f9eef5b9d5____c20_0____0__t_ca85e8f9eef5b9d5____c3_0____4_fair.csv;t_ca85e8f9eef5b9d5____c20_0____0__t_ca85e8f9eef5b9d5____c22_0____4_fair.csv;t_ca85e8f9eef5b9d5____c20_0____0__t_ca85e8f9eef5b9d5____c21_0____1_fair.csv;t_ca85e8f9eef5b9d5____c20_0____0__t_ca85e8f9eef5b9d5____c19_1____2_fair.csv;t_ca85e8f9eef5b9d5____c20_0____0__t_ca85e8f9eef5b9d5____c19_1____0_fair.csv;t_ca85e8f9eef5b9d5____c20_0____0__t_ca85e8f9eef5b9d5____c18_1____2_fair.csv;t_ca85e8f9eef5b9d5____c20_0____0__t_ca85e8f9eef5b9d5____c16_1____0_fair.csv;t_ca85e8f9eef5b9d5____c20_0____0__t_ca85e8f9eef5b9d5____c11_0____4_fair.csv;t_ca85e8f9eef5b9d5____c20_0____0__t_ca85e8f9eef5b9d5____c10_0____0_fair.csv;t_ca85e8f9eef5b9d5____c20_0____0.csv;t_ca85e8f9eef5b9d5____c19_0____0__t_ca85e8f9eef5b9d5____c9_1____4_fair.csv;t_ca85e8f9eef5b9d5____c19_0____0__t_ca85e8f9eef5b9d5____c7_1____3_fair.csv;t_ca85e8f9eef5b9d5____c19_0____0__t_ca85e8f9eef5b9d5____c7_0____3_fair.csv;t_ca85e8f9eef5b9d5____c19_0____0__t_ca85e8f9eef5b9d5____c4_0____2_fair.csv;t_ca85e8f9eef5b9d5____c19_0____0__t_ca85e8f9eef5b9d5____c19_1____0_fair.csv;t_ca85e8f9eef5b9d5____c19_0____0.csv,"{""needs_fairification"": true, ""success"": false, ""swaps_made"": 3, ""initial_fairness"": 0.0717, ""initial_delta"": 0.33, ""dominated_removed_count"": 30, ""dominance_candidate_pool_size"": 33, ""candidates_after_winnow"": 0}"
tusSmall3,nl,t_c701386b7c10b107____c21_0____4_fair.csv,5,938,49,5,False,0.0763,1.0,0.005330490405117271,0.005330490405117271,93.90361815690994,93.90361815690994,t_c701386b7c10b107____c24_0____4__t_c701386b7c10b107____c6_1____2_fair.csv;t_c701386b7c10b107____c24_0____4__t_c701386b7c10b107____c6_0____0_fair.csv;t_c701386b7c10b107____c24_0____4__t_c701386b7c10b107____c5_1____1_fair.csv;t_c701386b7c10b107____c24_0____4__t_c701386b7c10b107____c21_0____4_fair.csv;t_c701386b7c10b107____c24_0____4.csv,"{""needs_fairification"": true, ""success"": false, ""swaps_made"": 1, ""initial_fairness"": 0.0709, ""initial_delta"": 0.33, ""dominated_removed_count"": 43, ""dominance_candidate_pool_size"": 44, ""candidates_after_winnow"": 0}"
tusSmall3,nl,t_c701386b7c10b107____c21_0____4_fair.csv,10,938,49,10,False,0.0387,1.0,0.010660980810234541,0.010660980810234541,187.80723631381989,187.80723631381989,t_c701386b7c10b107____c24_0____4__t_c701386b7c10b107____c7_1____0_fair.csv;t_c701386b7c10b107____c24_0____4__t_c701386b7c10b107____c6_1____2_fair.csv;t_c701386b7c10b107____c24_0____4__t_c701386b7c10b107____c6_0____0_fair.csv;t_c701386b7c10b107____c24_0____4__t_c701386b7c10b107____c5_1____1_fair.csv;t_c701386b7c10b107____c24_0____4__t_c701386b7c10b107____c21_0____4_fair.csv;t_c701386b7c10b107____c24_0____4__t_c701386b7c10b107____c21_0____2_fair.csv;t_c701386b7c10b107____c24_0____4__t_c701386b7c10b107____c20_0____2_fair.csv;t_c701386b7c10b107____c24_0____4__t_c701386b7c10b107____c18_1____1_fair.csv;t_c701386b7c10b107____c24_0____4__t_c701386b7c10b107____c17_1____1_fair.csv;t_c701386b7c10b107____c24_0____4__t_c701386b7c10b107____c15_1____3_fair.csv,"{""needs_fairification"": true, ""success"": false, ""swaps_made"": 0, ""initial_fairness"": 0.0387, ""initial_delta"": 0.36, ""dominated_removed_count"": 38, ""dominance_candidate_pool_size"": 39, ""candidates_after_winnow"": 1}"
tusSmall3,nl,t_c701386b7c10b107____c21_0____4_fair.csv,20,938,49,20,False,0.0208,1.0,0.021321961620469083,0.021321961620469083,373.036523938179,373.036523938179,t_c701386b7c10b107____c24_0____4__t_c701386b7c10b107____c7_1____0_fair.csv;t_c701386b7c10b107____c24_0____4__t_c701386b7c10b107____c6_1____2_fair.csv;t_c701386b7c10b107____c24_0____4__t_c701386b7c10b107____c6_0____0_fair.csv;t_c701386b7c10b107____c24_0____4__t_c701386b7c10b107____c5_1____1_fair.csv;t_c701386b7c10b107____c24_0____4__t_c701386b7c10b107____c21_0____4_fair.csv;t_c701386b7c10b107____c24_0____4__t_c701386b7c10b107____c21_0____2_fair.csv;t_c701386b7c10b107____c24_0____4__t_c701386b7c10b107____c20_0____2_fair.csv;t_c701386b7c10b107____c24_0____4__t_c701386b7c10b107____c18_1____1_fair.csv;t_c701386b7c10b107____c24_0____4__t_c701386b7c10b107____c17_1____1_fair.csv;t_c701386b7c10b107____c24_0____4__t_c701386b7c10b107____c15_1____3_fair.csv;t_c701386b7c10b107____c24_0____4__t_c701386b7c10b107____c14_0____2_fair.csv;t_c701386b7c10b107____c24_0____4__t_c701386b7c10b107____c10_0____3_fair.csv;t_c701386b7c10b107____c24_0____4.csv;t_c701386b7c10b107____c22_1____4__t_c701386b7c10b107____c6_1____2_fair.csv;t_c701386b7c10b107____c22_1____4__t_c701386b7c10b107____c6_0____0_fair.csv;t_c701386b7c10b107____c22_1____4__t_c701386b7c10b107____c21_0____4_fair.csv;t_c701386b7c10b107____c22_1____4__t_c701386b7c10b107____c21_0____2_fair.csv;t_c701386b7c10b107____c22_1____4__t_c701386b7c10b107____c20_0____2_fair.csv;t_c701386b7c10b107____c22_1____4__t_c701386b7c10b107____c17_1____1_fair.csv;t_c701386b7c10b107____c22_1____4__t_c701386b7c10b107____c15_1____3_fair.csv,"{""needs_fairification"": true, ""success"": false, ""swaps_made"": 0, ""initial_fairness"": 0.0208, ""initial_delta"": 0.38, ""dominated_removed_count"": 28, ""dominance_candidate_pool_size"": 29, ""candidates_after_winnow"": 1}"
tusSmall3,nl,t_ca85e8f9eef5b9d5____c6_0____1_fair.csv,5,1099,137,5,True,0.3399,1.0,0.004549590536851683,0.004549590536851683,29.198275089263916,29.198275089263916,t_ca85e8f9eef5b9d5____c6_0____0__t_ca85e8f9eef5b9d5____c6_0____1_fair.csv;t_ca85e8f9eef5b9d5____c6_0____0__t_ca85e8f9eef5b9d5____c10_0____0_fair.csv;t_ca85e8f9eef5b9d5____c6_0____2__t_ca85e8f9eef5b9d5____c10_0____0_fair.csv;t_ca85e8f9eef5b9d5____c6_0____4__t_ca85e8f9eef5b9d5____c6_0____1_fair.csv;t_ca85e8f9eef5b9d5____c6_0____3__t_ca85e8f9eef5b9d5____c6_0____1_fair.csv,"{""needs_fairification"": true, ""success"": true, ""swaps_made"": 2, ""initial_fairness"": 0.2536, ""initial_delta"": 0.15, ""dominated_removed_count"": 128, ""dominance_candidate_pool_size"": 132, ""candidates_after_winnow"": 2}"
tusSmall3,nl,t_ca85e8f9eef5b9d5____c6_0____1_fair.csv,10,1099,137,10,True,0.3041,1.0,0.009099181073703366,0.009099181073703366,57.68405932188034,57.68405932188034,t_ca85e8f9eef5b9d5____c6_0____0__t_ca85e8f9eef5b9d5____c6_0____1_fair.csv;t_ca85e8f9eef5b9d5____c6_0____0__t_ca85e8f9eef5b9d5____c10_0____0_fair.csv;t_ca85e8f9eef5b9d5____c6_0____2__t_ca85e8f9eef5b9d5____c6_0____1_fair.csv;t_ca85e8f9eef5b9d5____c6_0____2__t_ca85e8f9eef5b9d5____c10_0____0_fair.csv;t_ca85e8f9eef5b9d5____c6_0____4__t_ca85e8f9eef5b9d5____c6_0____1_fair.csv;t_ca85e8f9eef5b9d5____c6_0____4__t_ca85e8f9eef5b9d5____c10_0____0_fair.csv;t_ca85e8f9eef5b9d5____c6_0____4.csv;t_ca85e8f9eef5b9d5____c6_0____3__t_ca85e8f9eef5b9d5____c6_0____1_fair.csv;t_ca85e8f9eef5b9d5____c6_0____3__t_ca85e8f9eef5b9d5____c10_0____0_fair.csv;t_ca85e8f9eef5b9d5____c6_1____3__t_ca85e8f9eef5b9d5____c6_0____1_fair.csv,"{""needs_fairification"": true, ""success"": true, ""swaps_made"": 1, ""initial_fairness"": 0.2882, ""initial_delta"": 0.11, ""dominated_removed_count"": 124, ""dominance_candidate_pool_size"": 127, ""candidates_after_winnow"": 2}"
tusSmall3,nl,t_ca85e8f9eef5b9d5____c6_0____1_fair.csv,20,1099,137,20,False,0.177,0.7,0.012738853503184714,0.018198362147406732,111.55650568008423,111.55650568008423,t_ca85e8f9eef5b9d5____c6_0____0__t_ca85e8f9eef5b9d5____c6_0____1_fair.csv;t_ca85e8f9eef5b9d5____c6_0____0__t_ca85e8f9eef5b9d5____c10_0____0_fair.csv;t_ca85e8f9eef5b9d5____c6_0____2__t_ca85e8f9eef5b9d5____c6_0____1_fair.csv;t_ca85e8f9eef5b9d5____c6_0____2__t_ca85e8f9eef5b9d5____c10_0____0_fair.csv;t_ca85e8f9eef5b9d5____c6_0____4__t_ca85e8f9eef5b9d5____c6_0____1_fair.csv;t_ca85e8f9eef5b9d5____c6_0____4__t_ca85e8f9eef5b9d5____c10_0____0_fair.csv;t_ca85e8f9eef5b9d5____c6_0____4.csv;t_ca85e8f9eef5b9d5____c6_0____3__t_ca85e8f9eef5b9d5____c6_0____1_fair.csv;t_ca85e8f9eef5b9d5____c6_0____3__t_ca85e8f9eef5b9d5____c10_0____0_fair.csv;t_ca85e8f9eef5b9d5____c6_0____3.csv;t_ca85e8f9eef5b9d5____c6_0____2.csv;t_ca85e8f9eef5b9d5____c9_0____0.csv;t_ca85e8f9eef5b9d5____c9_0____1.csv;t_ca85e8f9eef5b9d5____c9_0____0__t_ca85e8f9eef5b9d5____c3_0____4_fair.csv;t_ca85e8f9eef5b9d5____c9_0____0__t_ca85e8f9eef5b9d5____c22_0____4_fair.csv;t_ca85e8f9eef5b9d5____c9_0____0__t_ca85e8f9eef5b9d5____c19_1____2_fair.csv;t_ca85e8f9eef5b9d5____c9_0____2.csv;t_ca85e8f9eef5b9d5____c6_1____4.csv;t_ca85e8f9eef5b9d5____c6_1____4__t_ca85e8f9eef5b9d5____c9_1____4_fair.csv;t_ca85e8f9eef5b9d5____c6_1____3__t_ca85e8f9eef5b9d5____c6_0____1_fair.csv,"{""needs_fairification"": true, ""success"": false, ""swaps_made"": 1, ""initial_fairness"": 0.1666, ""initial_delta"": 0.23, ""dominated_removed_count"": 109, ""dominance_candidate_pool_size"": 117, ""candidates_after_winnow"": 7}"
tusSmall3,nl,t_c701386b7c10b107____c21_0____2_fair.csv,5,866,67,5,False,0.076,1.0,0.005773672055427252,0.005773672055427252,94.1156017780304,94.1156017780304,t_c701386b7c10b107____c21_1____2__t_c701386b7c10b107____c7_1____0_fair.csv;t_c701386b7c10b107____c21_1____2__t_c701386b7c10b107____c6_1____2_fair.csv;t_c701386b7c10b107____c21_1____2__t_c701386b7c10b107____c6_0____0_fair.csv;t_c701386b7c10b107____c21_1____2__t_c701386b7c10b107____c5_1____1_fair.csv;t_c701386b7c10b107____c21_1____2__t_c701386b7c10b107____c21_0____2_fair.csv,"{""needs_fairification"": true, ""success"": false, ""swaps_made"": 0, ""initial_fairness"": 0.076, ""initial_delta"": 0.32, ""dominated_removed_count"": 60, ""dominance_candidate_pool_size"": 62, ""candidates_after_winnow"": 2}"
tusSmall3,nl,t_c701386b7c10b107____c21_0____2_fair.csv,10,866,67,10,False,0.0417,1.0,0.011547344110854504,0.011547344110854504,188.2312035560608,188.2312035560608,t_c701386b7c10b107____c21_1____2__t_c701386b7c10b107____c7_1____0_fair.csv;t_c701386b7c10b107____c21_1____2__t_c701386b7c10b107____c6_1____2_fair.csv;t_c701386b7c10b107____c21_1____2__t_c701386b7c10b107____c6_0____0_fair.csv;t_c701386b7c10b107____c21_1____2__t_c701386b7c10b107____c5_1____1_fair.csv;t_c701386b7c10b107____c21_1____2__t_c701386b7c10b107____c21_0____2_fair.csv;t_c701386b7c10b107____c21_1____2__t_c701386b7c10b107____c20_0____2_fair.csv;t_c701386b7c10b107____c21_1____2__t_c701386b7c10b107____c18_1____1_fair.csv;t_c701386b7c10b107____c21_1____2__t_c701386b7c10b107____c17_1____1_fair.csv;t_c701386b7c10b107____c21_1____2__t_c701386b7c10b107____c14_0____2_fair.csv;t_c701386b7c10b107____c21_1____2__t_c701386b7c10b107____c10_0____3_fair.csv,"{""needs_fairification"": true, ""success"": false, ""swaps_made"": 0, ""initial_fairness"": 0.0417, ""initial_delta"": 0.36, ""dominated_removed_count"": 56, ""dominance_candidate_pool_size"": 57, ""candidates_after_winnow"": 1}"
tusSmall3,nl,t_c701386b7c10b107____c21_0____2_fair.csv,20,866,67,20,False,0.0227,1.0,0.023094688221709007,0.023094688221709007,370.3710895180702,370.3710895180702,t_c701386b7c10b107____c21_1____2__t_c701386b7c10b107____c7_1____0_fair.csv;t_c701386b7c10b107____c21_1____2__t_c701386b7c10b107____c6_1____2_fair.csv;t_c701386b7c10b107____c21_1____2__t_c701386b7c10b107____c6_0____0_fair.csv;t_c701386b7c10b107____c21_1____2__t_c701386b7c10b107____c5_1____1_fair.csv;t_c701386b7c10b107____c21_1____2__t_c701386b7c10b107____c21_0____2_fair.csv;t_c701386b7c10b107____c21_1____2__t_c701386b7c10b107____c20_0____2_fair.csv;t_c701386b7c10b107____c21_1____2__t_c701386b7c10b107____c18_1____1_fair.csv;t_c701386b7c10b107____c21_1____2__t_c701386b7c10b107____c17_1____1_fair.csv;t_c701386b7c10b107____c21_1____2__t_c701386b7c10b107____c14_0____2_fair.csv;t_c701386b7c10b107____c21_1____2__t_c701386b7c10b107____c10_0____3_fair.csv;t_c701386b7c10b107____c21_1____2.csv;t_c701386b7c10b107____c19_0____2.csv;t_c701386b7c10b107____c19_0____2__t_c701386b7c10b107____c7_1____0_fair.csv;t_c701386b7c10b107____c19_0____2__t_c701386b7c10b107____c6_1____2_fair.csv;t_c701386b7c10b107____c19_0____2__t_c701386b7c10b107____c6_0____0_fair.csv;t_c701386b7c10b107____c19_0____2__t_c701386b7c10b107____c5_1____1_fair.csv;t_c701386b7c10b107____c19_0____2__t_c701386b7c10b107____c21_0____4_fair.csv;t_c701386b7c10b107____c19_0____2__t_c701386b7c10b107____c21_0____2_fair.csv;t_c701386b7c10b107____c19_0____2__t_c701386b7c10b107____c20_0____2_fair.csv;t_c701386b7c10b107____c19_0____2__t_c701386b7c10b107____c17_1____1_fair.csv,"{""needs_fairification"": true, ""success"": false, ""swaps_made"": 0, ""initial_fairness"": 0.0227, ""initial_delta"": 0.38, ""dominated_removed_count"": 45, ""dominance_candidate_pool_size"": 47, ""candidates_after_winnow"": 2}"
tusSmall3,nl,t_ece0594e0480a1ed____c2_1____1_fair.csv,5,196,379,5,True,0.3799,0.6,0.015306122448979591,0.025510204081632654,8.94021201133728,8.94021201133728,t_ece0594e0480a1ed____c2_1____3__t_ece0594e0480a1ed____c5_0____1_fair.csv;t_ece0594e0480a1ed____c2_1____3__t_ece0594e0480a1ed____c3_1____1_fair.csv;t_ece0594e0480a1ed____c2_1____3__t_ece0594e0480a1ed____c2_1____1_fair.csv;t_013a2f8c584d44d7____c4_1____0.csv;t_013a2f8c584d44d7____c4_1____1.csv,"{""needs_fairification"": true, ""success"": true, ""swaps_made"": 2, ""initial_fairness"": 0.1543, ""initial_delta"": 0.25, ""dominated_removed_count"": 364, ""dominance_candidate_pool_size"": 374, ""candidates_after_winnow"": 8}"
tusSmall3,nl,t_ece0594e0480a1ed____c2_1____1_fair.csv,10,196,379,10,True,0.3153,0.3,0.015306122448979591,0.05102040816326531,17.80790501832962,17.80790501832962,t_ece0594e0480a1ed____c2_1____3__t_ece0594e0480a1ed____c2_1____1_fair.csv;t_ece0594e0480a1ed____c2_0____2__t_ece0594e0480a1ed____c5_0____1_fair.csv;t_ece0594e0480a1ed____c2_0____1.csv;t_ece0594e0480a1ed____c2_0____2.csv;t_ece0594e0480a1ed____c2_1____0__t_ece0594e0480a1ed____c6_1____0_fair.csv;t_ece0594e0480a1ed____c2_1____0__t_ece0594e0480a1ed____c5_0____1_fair.csv;t_013a2f8c584d44d7____c4_0____0__t_013a2f8c584d44d7____c11_0____0_fair.csv;t_013a2f8c584d44d7____c4_0____1__t_013a2f8c584d44d7____c11_0____0_fair.csv;t_013a2f8c584d44d7____c4_1____0.csv;t_013a2f8c584d44d7____c4_1____1.csv,"{""needs_fairification"": true, ""success"": true, ""swaps_made"": 4, ""initial_fairness"": 0.096, ""initial_delta"": 0.3, ""dominated_removed_count"": 361, ""dominance_candidate_pool_size"": 369, ""candidates_after_winnow"": 4}"
tusSmall3,nl,t_ece0594e0480a1ed____c2_1____1_fair.csv,20,196,379,20,False,0.2869,0.5,0.05102040816326531,0.10204081632653061,35.51357859373093,35.51357859373093,t_ece0594e0480a1ed____c2_1____3__t_ece0594e0480a1ed____c2_1____1_fair.csv;t_ece0594e0480a1ed____c2_1____0__t_ece0594e0480a1ed____c3_1____1_fair.csv;t_ece0594e0480a1ed____c2_1____0__t_ece0594e0480a1ed____c2_1____1_fair.csv;t_ece0594e0480a1ed____c2_1____2__t_ece0594e0480a1ed____c6_1____0_fair.csv;t_ece0594e0480a1ed____c2_1____2__t_ece0594e0480a1ed____c5_0____1_fair.csv;t_ece0594e0480a1ed____c2_1____2__t_ece0594e0480a1ed____c3_1____1_fair.csv;t_ece0594e0480a1ed____c2_1____2__t_ece0594e0480a1ed____c2_1____1_fair.csv;t_ece0594e0480a1ed____c2_0____3__t_ece0594e0480a1ed____c5_0____1_fair.csv;t_ece0594e0480a1ed____c2_1____2.csv;t_ece0594e0480a1ed____c2_0____0__t_ece0594e0480a1ed____c5_0____1_fair.csv;t_ece0594e0480a1ed____c2_1____0.csv;t_ece0594e0480a1ed____c2_0____3.csv;t_ece0594e0480a1ed____c2_1____4__t_ece0594e0480a1ed____c2_1____1_fair.csv;t_013a2f8c584d44d7____c4_1____0__t_013a2f8c584d44d7____c11_0____0_fair.csv;t_013a2f8c584d44d7____c4_1____3__t_013a2f8c584d44d7____c11_0____0_fair.csv;t_013a2f8c584d44d7____c4_0____0__t_013a2f8c584d44d7____c11_0____0_fair.csv;t_013a2f8c584d44d7____c4_0____1__t_013a2f8c584d44d7____c11_0____0_fair.csv;t_013a2f8c584d44d7____c4_0____4__t_013a2f8c584d44d7____c11_0____0_fair.csv;t_013a2f8c584d44d7____c4_1____0.csv;t_013a2f8c584d44d7____c4_1____1.csv,"{""needs_fairification"": true, ""success"": false, ""swaps_made"": 9, ""initial_fairness"": 0.0993, ""initial_delta"": 0.3, ""dominated_removed_count"": 350, ""dominance_candidate_pool_size"": 359, ""candidates_after_winnow"": 0}"
tusSmall3,nl,t_ece0594e0480a1ed____c3_1____1_fair.csv,5,196,241,5,True,0.2955,1.0,0.025510204081632654,0.025510204081632654,13.70981502532959,13.70981502532959,t_ece0594e0480a1ed____c3_1____4__t_ece0594e0480a1ed____c6_1____0_fair.csv;t_ece0594e0480a1ed____c3_1____4__t_ece0594e0480a1ed____c3_1____1_fair.csv;t_ece0594e0480a1ed____c3_1____4__t_ece0594e0480a1ed____c2_1____1_fair.csv;t_ece0594e0480a1ed____c3_1____2__t_ece0594e0480a1ed____c3_1____1_fair.csv;t_ece0594e0480a1ed____c3_1____0__t_ece0594e0480a1ed____c3_1____1_fair.csv,"{""needs_fairification"": true, ""success"": true, ""swaps_made"": 2, ""initial_fairness"": 0.1674, ""initial_delta"": 0.23, ""dominated_removed_count"": 231, ""dominance_candidate_pool_size"": 236, ""candidates_after_winnow"": 3}"
tusSmall3,nl,t_ece0594e0480a1ed____c3_1____1_fair.csv,10,196,241,10,False,0.253,0.9,0.04591836734693878,0.05102040816326531,26.9794203042984,26.9794203042984,t_ece0594e0480a1ed____c3_1____4__t_ece0594e0480a1ed____c3_1____1_fair.csv;t_ece0594e0480a1ed____c3_1____4__t_ece0594e0480a1ed____c2_1____1_fair.csv;t_ece0594e0480a1ed____c3_1____3.csv;t_ece0594e0480a1ed____c3_0____1.csv;t_ece0594e0480a1ed____c3_1____3__t_ece0594e0480a1ed____c6_1____0_fair.csv;t_ece0594e0480a1ed____c3_1____3__t_ece0594e0480a1ed____c3_1____1_fair.csv;t_ece0594e0480a1ed____c3_1____3__t_ece0594e0480a1ed____c2_1____1_fair.csv;t_ece0594e0480a1ed____c3_1____2__t_ece0594e0480a1ed____c3_1____1_fair.csv;t_ece0594e0480a1ed____c3_1____0__t_ece0594e0480a1ed____c3_1____1_fair.csv;t_ece0594e0480a1ed____c7_0____1__t_ece0594e0480a1ed____c3_1____1_fair.csv,"{""needs_fairification"": true, ""success"": false, ""swaps_made"": 3, ""initial_fairness"": 0.1358, ""initial_delta"": 0.26, ""dominated_removed_count"": 228, ""dominance_candidate_pool_size"": 231, ""candidates_after_winnow"": 0}"
tusSmall3,nl,t_ece0594e0480a1ed____c3_1____1_fair.csv,20,196,241,20,False,0.1368,0.7,0.07142857142857142,0.10204081632653061,53.91328078508377,53.91328078508377,t_ece0594e0480a1ed____c3_1____4__t_ece0594e0480a1ed____c6_1____0_fair.csv;t_ece0594e0480a1ed____c3_1____4__t_ece0594e0480a1ed____c3_1____1_fair.csv;t_ece0594e0480a1ed____c3_1____4__t_ece0594e0480a1ed____c2_1____1_fair.csv;t_ece0594e0480a1ed____c3_1____3.csv;t_ece0594e0480a1ed____c3_0____1.csv;t_ece0594e0480a1ed____c3_1____3__t_ece0594e0480a1ed____c6_1____0_fair.csv;t_ece0594e0480a1ed____c3_1____3__t_ece0594e0480a1ed____c3_1____1_fair.csv;t_ece0594e0480a1ed____c3_1____3__t_ece0594e0480a1ed____c2_1____1_fair.csv;t_ece0594e0480a1ed____c3_1____2__t_ece0594e0480a1ed____c6_1____0_fair.csv;t_ece0594e0480a1ed____c3_1____2__t_ece0594e0480a1ed____c3_1____1_fair.csv;t_ece0594e0480a1ed____c3_1____2__t_ece0594e0480a1ed____c2_1____1_fair.csv;t_ece0594e0480a1ed____c3_0____1__t_ece0594e0480a1ed____c5_0____1_fair.csv;t_ece0594e0480a1ed____c3_1____0.csv;t_ece0594e0480a1ed____c3_0____3.csv;t_ece0594e0480a1ed____c3_0____4.csv;t_ece0594e0480a1ed____c3_0____3__t_ece0594e0480a1ed____c5_0____1_fair.csv;t_ece0594e0480a1ed____c3_0____0__t_ece0594e0480a1ed____c5_0____1_fair.csv;t_ece0594e0480a1ed____c4_0____3__t_ece0594e0480a1ed____c6_1____0_fair.csv;t_ece0594e0480a1ed____c3_1____0__t_ece0594e0480a1ed____c3_1____1_fair.csv;t_ece0594e0480a1ed____c7_0____1__t_ece0594e0480a1ed____c3_1____1_fair.csv,"{""needs_fairification"": true, ""success"": false, ""swaps_made"": 2, ""initial_fairness"": 0.0936, ""initial_delta"": 0.31, ""dominated_removed_count"": 217, ""dominance_candidate_pool_size"": 221, ""candidates_after_winnow"": 2}"
tusSmall3,nl,t_ca85e8f9eef5b9d5____c7_0____3_fair.csv,5,1654,132,5,True,0.3219,1.0,0.003022974607013301,0.003022974607013301,33.898479640483856,33.898479640483856,t_ca85e8f9eef5b9d5____c7_0____0__t_ca85e8f9eef5b9d5____c9_1____4_fair.csv;t_ca85e8f9eef5b9d5____c7_0____0__t_ca85e8f9eef5b9d5____c7_1____3_fair.csv;t_ca85e8f9eef5b9d5____c7_0____0__t_ca85e8f9eef5b9d5____c7_0____3_fair.csv;t_ca85e8f9eef5b9d5____c7_0____0__t_ca85e8f9eef5b9d5____c5_0____0_fair.csv;t_ca85e8f9eef5b9d5____c7_0____4__t_ca85e8f9eef5b9d5____c4_0____2_fair.csv,"{""needs_fairification"": true, ""success"": true, ""swaps_made"": 1, ""initial_fairness"": 0.2657, ""initial_delta"": 0.13, ""dominated_removed_count"": 118, ""dominance_candidate_pool_size"": 127, ""candidates_after_winnow"": 8}"
tusSmall3,nl,t_ca85e8f9eef5b9d5____c7_0____3_fair.csv,10,1654,132,10,True,0.3052,1.0,0.006045949214026602,0.006045949214026602,67.79695928096771,67.79695928096771,t_ca85e8f9eef5b9d5____c7_0____0__t_ca85e8f9eef5b9d5____c9_1____4_fair.csv;t_ca85e8f9eef5b9d5____c7_0____0__t_ca85e8f9eef5b9d5____c7_1____3_fair.csv;t_ca85e8f9eef5b9d5____c7_0____0__t_ca85e8f9eef5b9d5____c7_0____3_fair.csv;t_ca85e8f9eef5b9d5____c7_0____0__t_ca85e8f9eef5b9d5____c5_0____0_fair.csv;t_ca85e8f9eef5b9d5____c7_0____0__t_ca85e8f9eef5b9d5____c4_0____2_fair.csv;t_ca85e8f9eef5b9d5____c7_0____0__t_ca85e8f9eef5b9d5____c2_0____3_fair.csv;t_ca85e8f9eef5b9d5____c7_0____0__t_ca85e8f9eef5b9d5____c19_1____0_fair.csv;t_ca85e8f9eef5b9d5____c7_0____0__t_ca85e8f9eef5b9d5____c10_1____3_fair.csv;t_ca85e8f9eef5b9d5____c7_0____4__t_ca85e8f9eef5b9d5____c9_1____4_fair.csv;t_ca85e8f9eef5b9d5____c7_0____4__t_ca85e8f9eef5b9d5____c4_0____2_fair.csv,"{""needs_fairification"": true, ""success"": true, ""swaps_made"": 1, ""initial_fairness"": 0.2749, ""initial_delta"": 0.13, ""dominated_removed_count"": 116, ""dominance_candidate_pool_size"": 122, ""candidates_after_winnow"": 5}"
tusSmall3,nl,t_ca85e8f9eef5b9d5____c7_0____3_fair.csv,20,1654,132,20,True,0.3036,1.0,0.012091898428053204,0.012091898428053204,134.73190712928772,134.73190712928772,t_ca85e8f9eef5b9d5____c7_0____0__t_ca85e8f9eef5b9d5____c9_1____4_fair.csv;t_ca85e8f9eef5b9d5____c7_0____0__t_ca85e8f9eef5b9d5____c7_0____3_fair.csv;t_ca85e8f9eef5b9d5____c7_0____0__t_ca85e8f9eef5b9d5____c5_0____0_fair.csv;t_ca85e8f9eef5b9d5____c7_0____0__t_ca85e8f9eef5b9d5____c4_0____2_fair.csv;t_ca85e8f9eef5b9d5____c7_0____0__t_ca85e8f9eef5b9d5____c2_0____3_fair.csv;t_ca85e8f9eef5b9d5____c7_0____0__t_ca85e8f9eef5b9d5____c19_1____0_fair.csv;t_ca85e8f9eef5b9d5____c7_0____0__t_ca85e8f9eef5b9d5____c10_1____3_fair.csv;t_ca85e8f9eef5b9d5____c7_0____4__t_ca85e8f9eef5b9d5____c9_1____4_fair.csv;t_ca85e8f9eef5b9d5____c7_0____4__t_ca85e8f9eef5b9d5____c7_1____3_fair.csv;t_ca85e8f9eef5b9d5____c7_0____4__t_ca85e8f9eef5b9d5____c7_0____3_fair.csv;t_ca85e8f9eef5b9d5____c7_0____4__t_ca85e8f9eef5b9d5____c5_0____0_fair.csv;t_ca85e8f9eef5b9d5____c7_0____4__t_ca85e8f9eef5b9d5____c4_0____2_fair.csv;t_ca85e8f9eef5b9d5____c7_0____4__t_ca85e8f9eef5b9d5____c2_0____3_fair.csv;t_ca85e8f9eef5b9d5____c7_0____4__t_ca85e8f9eef5b9d5____c19_1____0_fair.csv;t_ca85e8f9eef5b9d5____c7_0____4__t_ca85e8f9eef5b9d5____c10_1____3_fair.csv;t_ca85e8f9eef5b9d5____c7_0____4.csv;t_ca85e8f9eef5b9d5____c7_0____2.csv;t_ca85e8f9eef5b9d5____c7_0____2__t_ca85e8f9eef5b9d5____c9_1____4_fair.csv;t_ca85e8f9eef5b9d5____c7_0____2__t_ca85e8f9eef5b9d5____c7_1____3_fair.csv;t_ca85e8f9eef5b9d5____c7_0____1__t_ca85e8f9eef5b9d5____c7_1____3_fair.csv,"{""needs_fairification"": true, ""success"": true, ""swaps_made"": 2, ""initial_fairness"": 0.2717, ""initial_delta"": 0.13, ""dominated_removed_count"": 110, ""dominance_candidate_pool_size"": 112, ""candidates_after_winnow"": 0}"
tusSmall3,nl,t_ca85e8f9eef5b9d5____c7_1____3_fair.csv,5,1327,163,5,True,0.3068,0.6,0.002260738507912585,0.0037678975131876413,30.350066423416138,30.350066423416138,t_ca85e8f9eef5b9d5____c7_1____0__t_ca85e8f9eef5b9d5____c7_1____3_fair.csv;t_ca85e8f9eef5b9d5____c7_1____0__t_ca85e8f9eef5b9d5____c5_0____0_fair.csv;t_ca85e8f9eef5b9d5____c7_1____0__t_ca85e8f9eef5b9d5____c4_0____2_fair.csv;t_ca85e8f9eef5b9d5____c6_1____4__t_ca85e8f9eef5b9d5____c9_1____4_fair.csv;t_ca85e8f9eef5b9d5____c6_1____4__t_ca85e8f9eef5b9d5____c7_0____3_fair.csv,"{""needs_fairification"": true, ""success"": true, ""swaps_made"": 2, ""initial_fairness"": 0.1908, ""initial_delta"": 0.21, ""dominated_removed_count"": 149, ""dominance_candidate_pool_size"": 158, ""candidates_after_winnow"": 7}"
tusSmall3,nl,t_ca85e8f9eef5b9d5____c7_1____3_fair.csv,10,1327,163,10,True,0.3225,0.7,0.0052750565184626974,0.007535795026375283,61.541663348674774,61.541663348674774,t_ca85e8f9eef5b9d5____c7_1____0__t_ca85e8f9eef5b9d5____c7_1____3_fair.csv;t_ca85e8f9eef5b9d5____c7_1____0__t_ca85e8f9eef5b9d5____c21_0____1_fair.csv;t_ca85e8f9eef5b9d5____c7_1____0__t_ca85e8f9eef5b9d5____c19_1____0_fair.csv;t_ca85e8f9eef5b9d5____c7_1____0.csv;t_ca85e8f9eef5b9d5____c7_1____4__t_ca85e8f9eef5b9d5____c9_1____4_fair.csv;t_ca85e8f9eef5b9d5____c7_1____4__t_ca85e8f9eef5b9d5____c7_1____3_fair.csv;t_ca85e8f9eef5b9d5____c7_1____1__t_ca85e8f9eef5b9d5____c7_1____3_fair.csv;t_ca85e8f9eef5b9d5____c6_1____4__t_ca85e8f9eef5b9d5____c9_1____4_fair.csv;t_ca85e8f9eef5b9d5____c6_1____4__t_ca85e8f9eef5b9d5____c7_0____3_fair.csv;t_ca85e8f9eef5b9d5____c6_1____4__t_ca85e8f9eef5b9d5____c19_1____0_fair.csv,"{""needs_fairification"": true, ""success"": true, ""swaps_made"": 5, ""initial_fairness"": 0.1613, ""initial_delta"": 0.24, ""dominated_removed_count"": 147, ""dominance_candidate_pool_size"": 153, ""candidates_after_winnow"": 1}"
tusSmall3,nl,t_ca85e8f9eef5b9d5____c7_1____3_fair.csv,20,1327,163,20,True,0.2999,0.8,0.012057272042200452,0.015071590052750565,125.29235792160034,125.29235792160034,t_ca85e8f9eef5b9d5____c7_1____0__t_ca85e8f9eef5b9d5____c7_1____3_fair.csv;t_ca85e8f9eef5b9d5____c7_1____0.csv;t_ca85e8f9eef5b9d5____c7_1____4__t_ca85e8f9eef5b9d5____c9_1____4_fair.csv;t_ca85e8f9eef5b9d5____c7_1____4__t_ca85e8f9eef5b9d5____c7_1____3_fair.csv;t_ca85e8f9eef5b9d5____c7_1____4__t_ca85e8f9eef5b9d5____c7_0____3_fair.csv;t_ca85e8f9eef5b9d5____c7_1____4__t_ca85e8f9eef5b9d5____c4_0____2_fair.csv;t_ca85e8f9eef5b9d5____c7_1____4__t_ca85e8f9eef5b9d5____c22_0____4_fair.csv;t_ca85e8f9eef5b9d5____c7_1____4__t_ca85e8f9eef5b9d5____c21_0____1_fair.csv;t_ca85e8f9eef5b9d5____c7_1____4__t_ca85e8f9eef5b9d5____c19_1____0_fair.csv;t_ca85e8f9eef5b9d5____c7_1____4.csv;t_ca85e8f9eef5b9d5____c7_1____2__t_ca85e8f9eef5b9d5____c9_1____4_fair.csv;t_ca85e8f9eef5b9d5____c7_1____2__t_ca85e8f9eef5b9d5____c7_1____3_fair.csv;t_ca85e8f9eef5b9d5____c7_1____2__t_ca85e8f9eef5b9d5____c4_0____2_fair.csv;t_ca85e8f9eef5b9d5____c7_1____2__t_ca85e8f9eef5b9d5____c22_0____4_fair.csv;t_ca85e8f9eef5b9d5____c7_1____2__t_ca85e8f9eef5b9d5____c19_1____0_fair.csv;t_ca85e8f9eef5b9d5____c7_1____1__t_ca85e8f9eef5b9d5____c7_1____3_fair.csv;t_ca85e8f9eef5b9d5____c6_1____4__t_ca85e8f9eef5b9d5____c9_1____4_fair.csv;t_ca85e8f9eef5b9d5____c6_1____4__t_ca85e8f9eef5b9d5____c7_0____3_fair.csv;t_ca85e8f9eef5b9d5____c6_1____4__t_ca85e8f9eef5b9d5____c4_0____2_fair.csv;t_ca85e8f9eef5b9d5____c6_1____4__t_ca85e8f9eef5b9d5____c19_1____0_fair.csv,"{""needs_fairification"": true, ""success"": true, ""swaps_made"": 8, ""initial_fairness"": 0.1893, ""initial_delta"": 0.21, ""dominated_removed_count"": 134, ""dominance_candidate_pool_size"": 143, ""candidates_after_winnow"": 1}"
tusSmall3,nl,t_ece0594e0480a1ed____c5_0____1_fair.csv,5,180,205,5,True,0.3031,1.0,0.027777777777777776,0.027777777777777776,22.997125566005707,22.997125566005707,t_ece0594e0480a1ed____c5_1____2__t_ece0594e0480a1ed____c5_0____1_fair.csv;t_ece0594e0480a1ed____c5_1____2__t_ece0594e0480a1ed____c2_1____1_fair.csv;t_ece0594e0480a1ed____c5_1____1__t_ece0594e0480a1ed____c6_1____0_fair.csv;t_ece0594e0480a1ed____c5_1____1__t_ece0594e0480a1ed____c5_0____1_fair.csv;t_ece0594e0480a1ed____c4_1____3__t_ece0594e0480a1ed____c5_0____1_fair.csv,"{""needs_fairification"": true, ""success"": true, ""swaps_made"": 2, ""initial_fairness"": 0.1572, ""initial_delta"": 0.24, ""dominated_removed_count"": 189, ""dominance_candidate_pool_size"": 200, ""candidates_after_winnow"": 9}"
tusSmall3,nl,t_ece0594e0480a1ed____c5_0____1_fair.csv,10,180,205,10,True,0.3059,1.0,0.05555555555555555,0.05555555555555555,44.20662009716034,44.20662009716034,t_ece0594e0480a1ed____c5_1____2__t_ece0594e0480a1ed____c5_0____1_fair.csv;t_ece0594e0480a1ed____c5_1____1__t_ece0594e0480a1ed____c5_0____1_fair.csv;t_ece0594e0480a1ed____c5_1____1__t_ece0594e0480a1ed____c3_1____1_fair.csv;t_ece0594e0480a1ed____c5_1____1__t_ece0594e0480a1ed____c2_1____1_fair.csv;t_ece0594e0480a1ed____c5_1____1.csv;t_ece0594e0480a1ed____c5_1____2.csv;t_ece0594e0480a1ed____c5_0____2__t_ece0594e0480a1ed____c5_0____1_fair.csv;t_ece0594e0480a1ed____c6_0____0__t_ece0594e0480a1ed____c5_0____1_fair.csv;t_ece0594e0480a1ed____c4_1____3__t_ece0594e0480a1ed____c5_0____1_fair.csv;t_ece0594e0480a1ed____c3_0____4__t_ece0594e0480a1ed____c5_0____1_fair.csv,"{""needs_fairification"": true, ""success"": true, ""swaps_made"": 4, ""initial_fairness"": 0.1433, ""initial_delta"": 0.26, ""dominated_removed_count"": 185, ""dominance_candidate_pool_size"": 195, ""candidates_after_winnow"": 6}"
tusSmall3,nl,t_ece0594e0480a1ed____c5_0____1_fair.csv,20,180,205,20,False,0.2676,1.0,0.1111111111111111,0.1111111111111111,90.88474822044373,90.88474822044373,t_ece0594e0480a1ed____c5_1____2__t_ece0594e0480a1ed____c5_0____1_fair.csv;t_ece0594e0480a1ed____c5_1____1__t_ece0594e0480a1ed____c5_0____1_fair.csv;t_ece0594e0480a1ed____c5_1____2.csv;t_ece0594e0480a1ed____c5_1____3.csv;t_ece0594e0480a1ed____c5_1____3__t_ece0594e0480a1ed____c6_1____0_fair.csv;t_ece0594e0480a1ed____c5_1____3__t_ece0594e0480a1ed____c5_0____1_fair.csv;t_ece0594e0480a1ed____c5_1____3__t_ece0594e0480a1ed____c3_1____1_fair.csv;t_ece0594e0480a1ed____c5_1____3__t_ece0594e0480a1ed____c2_1____1_fair.csv;t_ece0594e0480a1ed____c5_0____3__t_ece0594e0480a1ed____c6_1____0_fair.csv;t_ece0594e0480a1ed____c5_0____3__t_ece0594e0480a1ed____c5_0____1_fair.csv;t_ece0594e0480a1ed____c5_0____3__t_ece0594e0480a1ed____c3_1____1_fair.csv;t_ece0594e0480a1ed____c5_0____3__t_ece0594e0480a1ed____c2_1____1_fair.csv;t_ece0594e0480a1ed____c5_1____0__t_ece0594e0480a1ed____c6_1____0_fair.csv;t_ece0594e0480a1ed____c5_1____0__t_ece0594e0480a1ed____c5_0____1_fair.csv;t_ece0594e0480a1ed____c5_0____2__t_ece0594e0480a1ed____c5_0____1_fair.csv;t_ece0594e0480a1ed____c5_1____4__t_ece0594e0480a1ed____c5_0____1_fair.csv;t_ece0594e0480a1ed____c5_0____4__t_ece0594e0480a1ed____c5_0____1_fair.csv;t_ece0594e0480a1ed____c6_0____0__t_ece0594e0480a1ed____c5_0____1_fair.csv;t_ece0594e0480a1ed____c4_1____3__t_ece0594e0480a1ed____c5_0____1_fair.csv;t_ece0594e0480a1ed____c3_0____4__t_ece0594e0480a1ed____c5_0____1_fair.csv,"{""needs_fairification"": true, ""success"": false, ""swaps_made"": 7, ""initial_fairness"": 0.1275, ""initial_delta"": 0.27, ""dominated_removed_count"": 178, ""dominance_candidate_pool_size"": 185, ""candidates_after_winnow"": 0}"
tusSmall3,nl,t_ca85e8f9eef5b9d5____c9_1____4_fair.csv,5,1654,124,5,True,0.3443,1.0,0.003022974607013301,0.003022974607013301,41.22730201482773,41.22730201482773,t_ca85e8f9eef5b9d5____c11_0____0__t_ca85e8f9eef5b9d5____c4_0____2_fair.csv;t_ca85e8f9eef5b9d5____c9_1____3__t_ca85e8f9eef5b9d5____c9_1____4_fair.csv;t_ca85e8f9eef5b9d5____c9_1____3__t_ca85e8f9eef5b9d5____c7_0____3_fair.csv;t_ca85e8f9eef5b9d5____c9_1____3__t_ca85e8f9eef5b9d5____c4_0____2_fair.csv;t_ca85e8f9eef5b9d5____c9_1____3__t_ca85e8f9eef5b9d5____c19_1____0_fair.csv,"{""needs_fairification"": true, ""success"": true, ""swaps_made"": 4, ""initial_fairness"": 0.0719, ""initial_delta"": 0.33, ""dominated_removed_count"": 112, ""dominance_candidate_pool_size"": 119, ""candidates_after_winnow"": 3}"
tusSmall3,nl,t_ca85e8f9eef5b9d5____c9_1____4_fair.csv,10,1654,124,10,False,0.2089,0.9,0.005441354292623942,0.006045949214026602,82.88728684186935,82.88728684186935,t_ca85e8f9eef5b9d5____c11_0____0__t_ca85e8f9eef5b9d5____c22_0____4_fair.csv;t_ca85e8f9eef5b9d5____c11_0____0__t_ca85e8f9eef5b9d5____c19_1____2_fair.csv;t_ca85e8f9eef5b9d5____c11_0____0__t_ca85e8f9eef5b9d5____c19_1____0_fair.csv;t_ca85e8f9eef5b9d5____c11_0____0__t_ca85e8f9eef5b9d5____c18_1____2_fair.csv;t_ca85e8f9eef5b9d5____c9_1____1.csv;t_ca85e8f9eef5b9d5____c9_1____3__t_ca85e8f9eef5b9d5____c9_1____4_fair.csv;t_ca85e8f9eef5b9d5____c9_1____3__t_ca85e8f9eef5b9d5____c7_0____3_fair.csv;t_ca85e8f9eef5b9d5____c9_1____3__t_ca85e8f9eef5b9d5____c4_0____2_fair.csv;t_ca85e8f9eef5b9d5____c9_1____3__t_ca85e8f9eef5b9d5____c19_1____0_fair.csv;t_ca85e8f9eef5b9d5____c9_0____4.csv,"{""needs_fairification"": true, ""success"": false, ""swaps_made"": 6, ""initial_fairness"": 0.037, ""initial_delta"": 0.36, ""dominated_removed_count"": 107, ""dominance_candidate_pool_size"": 114, ""candidates_after_winnow"": 1}"
tusSmall3,nl,t_ca85e8f9eef5b9d5____c9_1____4_fair.csv,20,1654,124,20,False,0.1072,1.0,0.012091898428053204,0.012091898428053204,166.40141588449478,166.40141588449478,t_ca85e8f9eef5b9d5____c11_0____0__t_ca85e8f9eef5b9d5____c4_0____2_fair.csv;t_ca85e8f9eef5b9d5____c11_0____0__t_ca85e8f9eef5b9d5____c2_0____3_fair.csv;t_ca85e8f9eef5b9d5____c11_0____0__t_ca85e8f9eef5b9d5____c22_0____4_fair.csv;t_ca85e8f9eef5b9d5____c11_0____0__t_ca85e8f9eef5b9d5____c19_1____2_fair.csv;t_ca85e8f9eef5b9d5____c11_0____0__t_ca85e8f9eef5b9d5____c19_1____0_fair.csv;t_ca85e8f9eef5b9d5____c11_0____0__t_ca85e8f9eef5b9d5____c18_1____2_fair.csv;t_ca85e8f9eef5b9d5____c11_0____0__t_ca85e8f9eef5b9d5____c11_0____4_fair.csv;t_ca85e8f9eef5b9d5____c11_0____0__t_ca85e8f9eef5b9d5____c10_1____3_fair.csv;t_ca85e8f9eef5b9d5____c11_0____0__t_ca85e8f9eef5b9d5____c10_0____0_fair.csv;t_ca85e8f9eef5b9d5____c9_1____1.csv;t_ca85e8f9eef5b9d5____c10_0____4.csv;t_ca85e8f9eef5b9d5____c9_1____0.csv;t_ca85e8f9eef5b9d5____c11_0____2.csv;t_ca85e8f9eef5b9d5____c9_1____0__t_ca85e8f9eef5b9d5____c9_1____4_fair.csv;t_ca85e8f9eef5b9d5____c9_1____0__t_ca85e8f9eef5b9d5____c7_0____3_fair.csv;t_ca85e8f9eef5b9d5____c9_1____0__t_ca85e8f9eef5b9d5____c6_0____1_fair.csv;t_ca85e8f9eef5b9d5____c9_1____3__t_ca85e8f9eef5b9d5____c9_1____4_fair.csv;t_ca85e8f9eef5b9d5____c9_1____3__t_ca85e8f9eef5b9d5____c7_0____3_fair.csv;t_ca85e8f9eef5b9d5____c9_1____3__t_ca85e8f9eef5b9d5____c4_0____2_fair.csv;t_ca85e8f9eef5b9d5____c9_1____3__t_ca85e8f9eef5b9d5____c19_1____0_fair.csv,"{""needs_fairification"": true, ""success"": false, ""swaps_made"": 4, ""initial_fairness"": 0.0209, ""initial_delta"": 0.38, ""dominated_removed_count"": 95, ""dominance_candidate_pool_size"": 104, ""candidates_after_winnow"": 5}"
tusSmall3,nl,t_ece0594e0480a1ed____c6_1____0_fair.csv,5,196,198,5,True,0.3386,0.8,0.02040816326530612,0.025510204081632654,27.050572872161865,27.050572872161865,t_ece0594e0480a1ed____c6_0____0__t_ece0594e0480a1ed____c6_1____0_fair.csv;t_ece0594e0480a1ed____c6_0____0__t_ece0594e0480a1ed____c2_1____1_fair.csv;t_ece0594e0480a1ed____c6_0____0.csv;t_013a2f8c584d44d7____c7_1____4__t_013a2f8c584d44d7____c8_1____3_fair.csv;t_ece0594e0480a1ed____c5_1____2__t_ece0594e0480a1ed____c6_1____0_fair.csv,"{""needs_fairification"": true, ""success"": true, ""swaps_made"": 2, ""initial_fairness"": 0.2226, ""initial_delta"": 0.18, ""dominated_removed_count"": 181, ""dominance_candidate_pool_size"": 193, ""candidates_after_winnow"": 10}"
tusSmall3,nl,t_ece0594e0480a1ed____c6_1____0_fair.csv,10,196,198,10,True,0.3218,0.9,0.04591836734693878,0.05102040816326531,53.60854935646057,53.60854935646057,t_ece0594e0480a1ed____c6_0____0__t_ece0594e0480a1ed____c6_1____0_fair.csv;t_ece0594e0480a1ed____c7_0____0__t_ece0594e0480a1ed____c3_1____1_fair.csv;t_ece0594e0480a1ed____c7_0____0__t_ece0594e0480a1ed____c2_1____1_fair.csv;t_ece0594e0480a1ed____c6_0____3.csv;t_ece0594e0480a1ed____c6_1____3__t_ece0594e0480a1ed____c6_1____0_fair.csv;t_ece0594e0480a1ed____c6_1____2__t_ece0594e0480a1ed____c6_1____0_fair.csv;t_ece0594e0480a1ed____c6_0____4__t_ece0594e0480a1ed____c6_1____0_fair.csv;t_ece0594e0480a1ed____c5_1____0__t_ece0594e0480a1ed____c6_1____0_fair.csv;t_013a2f8c584d44d7____c7_1____4__t_013a2f8c584d44d7____c8_1____3_fair.csv;t_ece0594e0480a1ed____c5_1____2__t_ece0594e0480a1ed____c6_1____0_fair.csv,"{""needs_fairification"": true, ""success"": true, ""swaps_made"": 6, ""initial_fairness"": 0.1207, ""initial_delta"": 0.28, ""dominated_removed_count"": 176, ""dominance_candidate_pool_size"": 188, ""candidates_after_winnow"": 6}"
tusSmall3,nl,t_ece0594e0480a1ed____c6_1____0_fair.csv,20,196,198,20,False,0.2488,0.95,0.09693877551020408,0.10204081632653061,109.92567723989487,109.92567723989487,t_ece0594e0480a1ed____c6_0____0__t_ece0594e0480a1ed____c6_1____0_fair.csv;t_ece0594e0480a1ed____c6_0____1__t_ece0594e0480a1ed____c5_0____1_fair.csv;t_ece0594e0480a1ed____c6_0____1__t_ece0594e0480a1ed____c3_1____1_fair.csv;t_ece0594e0480a1ed____c6_0____1__t_ece0594e0480a1ed____c2_1____1_fair.csv;t_ece0594e0480a1ed____c6_0____3__t_ece0594e0480a1ed____c6_1____0_fair.csv;t_ece0594e0480a1ed____c6_0____3__t_ece0594e0480a1ed____c5_0____1_fair.csv;t_ece0594e0480a1ed____c6_0____3__t_ece0594e0480a1ed____c3_1____1_fair.csv;t_ece0594e0480a1ed____c6_0____3__t_ece0594e0480a1ed____c2_1____1_fair.csv;t_ece0594e0480a1ed____c6_0____1.csv;t_ece0594e0480a1ed____c6_0____2__t_ece0594e0480a1ed____c6_1____0_fair.csv;t_ece0594e0480a1ed____c6_0____2__t_ece0594e0480a1ed____c5_0____1_fair.csv;t_ece0594e0480a1ed____c7_0____3__t_ece0594e0480a1ed____c6_1____0_fair.csv;t_ece0594e0480a1ed____c6_1____1__t_ece0594e0480a1ed____c6_1____0_fair.csv;t_ece0594e0480a1ed____c6_1____3__t_ece0594e0480a1ed____c6_1____0_fair.csv;t_ece0594e0480a1ed____c7_0____1__t_ece0594e0480a1ed____c6_1____0_fair.csv;t_ece0594e0480a1ed____c6_1____2__t_ece0594e0480a1ed____c6_1____0_fair.csv;t_ece0594e0480a1ed____c6_0____4__t_ece0594e0480a1ed____c6_1____0_fair.csv;t_ece0594e0480a1ed____c5_1____0__t_ece0594e0480a1ed____c6_1____0_fair.csv;t_013a2f8c584d44d7____c7_1____4__t_013a2f8c584d44d7____c8_1____3_fair.csv;t_ece0594e0480a1ed____c5_1____2__t_ece0594e0480a1ed____c6_1____0_fair.csv,"{""needs_fairification"": true, ""success"": false, ""swaps_made"": 10, ""initial_fairness"": 0.0818, ""initial_delta"": 0.32, ""dominated_removed_count"": 167, ""dominance_candidate_pool_size"": 178, ""candidates_after_winnow"": 1}"
tusSmall3,nl,t_ca85e8f9eef5b9d5____c19_1____2_fair.csv,5,1373,69,5,False,0.0777,0.2,0.0007283321194464676,0.003641660597232338,90.67952686548233,90.67952686548233,t_ca85e8f9eef5b9d5____c19_0____2.csv;t_ca85e8f9eef5b9d5____c19_0____2__t_ca85e8f9eef5b9d5____c7_1____3_fair.csv;t_ca85e8f9eef5b9d5____c19_0____2__t_ca85e8f9eef5b9d5____c7_0____3_fair.csv;t_ca85e8f9eef5b9d5____c19_0____2__t_ca85e8f9eef5b9d5____c6_0____1_fair.csv;t_ca85e8f9eef5b9d5____c18_0____0.csv,"{""needs_fairification"": true, ""success"": false, ""swaps_made"": 1, ""initial_fairness"": 0.0708, ""initial_delta"": 0.33, ""dominated_removed_count"": 61, ""dominance_candidate_pool_size"": 64, ""candidates_after_winnow"": 2}"
tusSmall3,nl,t_ca85e8f9eef5b9d5____c19_1____2_fair.csv,10,1373,69,10,False,0.0371,0.0,0.0,0.007283321194464676,183.33082097768784,183.33082097768784,t_ca85e8f9eef5b9d5____c19_0____2.csv;t_ca85e8f9eef5b9d5____c19_0____2__t_ca85e8f9eef5b9d5____c9_1____4_fair.csv;t_ca85e8f9eef5b9d5____c19_0____2__t_ca85e8f9eef5b9d5____c7_1____3_fair.csv;t_ca85e8f9eef5b9d5____c19_0____2__t_ca85e8f9eef5b9d5____c7_0____3_fair.csv;t_ca85e8f9eef5b9d5____c19_0____2__t_ca85e8f9eef5b9d5____c6_0____1_fair.csv;t_ca85e8f9eef5b9d5____c19_0____2__t_ca85e8f9eef5b9d5____c5_0____0_fair.csv;t_ca85e8f9eef5b9d5____c19_0____2__t_ca85e8f9eef5b9d5____c4_0____2_fair.csv;t_ca85e8f9eef5b9d5____c19_0____2__t_ca85e8f9eef5b9d5____c3_1____0_fair.csv;t_ca85e8f9eef5b9d5____c19_0____2__t_ca85e8f9eef5b9d5____c2_0____3_fair.csv;t_ca85e8f9eef5b9d5____c19_0____2__t_ca85e8f9eef5b9d5____c22_0____4_fair.csv,"{""needs_fairification"": true, ""success"": false, ""swaps_made"": 0, ""initial_fairness"": 0.0371, ""initial_delta"": 0.36, ""dominated_removed_count"": 56, ""dominance_candidate_pool_size"": 59, ""candidates_after_winnow"": 3}"
tusSmall3,nl,t_ca85e8f9eef5b9d5____c19_1____2_fair.csv,20,1373,69,20,False,0.0187,0.15,0.0021849963583394027,0.014566642388929352,366.1080672740936,366.1080672740936,t_ca85e8f9eef5b9d5____c19_0____2.csv;t_ca85e8f9eef5b9d5____c19_0____2__t_ca85e8f9eef5b9d5____c9_1____4_fair.csv;t_ca85e8f9eef5b9d5____c19_0____2__t_ca85e8f9eef5b9d5____c7_1____3_fair.csv;t_ca85e8f9eef5b9d5____c19_0____2__t_ca85e8f9eef5b9d5____c7_0____3_fair.csv;t_ca85e8f9eef5b9d5____c19_0____2__t_ca85e8f9eef5b9d5____c6_0____1_fair.csv;t_ca85e8f9eef5b9d5____c19_0____2__t_ca85e8f9eef5b9d5____c5_0____0_fair.csv;t_ca85e8f9eef5b9d5____c19_0____2__t_ca85e8f9eef5b9d5____c4_0____2_fair.csv;t_ca85e8f9eef5b9d5____c19_0____2__t_ca85e8f9eef5b9d5____c3_1____0_fair.csv;t_ca85e8f9eef5b9d5____c19_0____2__t_ca85e8f9eef5b9d5____c2_0____3_fair.csv;t_ca85e8f9eef5b9d5____c19_0____2__t_ca85e8f9eef5b9d5____c22_0____4_fair.csv;t_ca85e8f9eef5b9d5____c19_0____2__t_ca85e8f9eef5b9d5____c21_0____1_fair.csv;t_ca85e8f9eef5b9d5____c19_0____2__t_ca85e8f9eef5b9d5____c19_1____0_fair.csv;t_ca85e8f9eef5b9d5____c19_0____2__t_ca85e8f9eef5b9d5____c18_1____2_fair.csv;t_ca85e8f9eef5b9d5____c19_0____2__t_ca85e8f9eef5b9d5____c16_1____0_fair.csv;t_ca85e8f9eef5b9d5____c19_0____2__t_ca85e8f9eef5b9d5____c11_0____4_fair.csv;t_ca85e8f9eef5b9d5____c19_0____2__t_ca85e8f9eef5b9d5____c10_1____3_fair.csv;t_ca85e8f9eef5b9d5____c19_0____2__t_ca85e8f9eef5b9d5____c10_0____0_fair.csv;t_ca85e8f9eef5b9d5____c20_0____2__t_ca85e8f9eef5b9d5____c9_1____4_fair.csv;t_ca85e8f9eef5b9d5____c20_0____2__t_ca85e8f9eef5b9d5____c7_1____3_fair.csv;t_ca85e8f9eef5b9d5____c20_0____2__t_ca85e8f9eef5b9d5____c7_0____3_fair.csv,"{""needs_fairification"": true, ""success"": false, ""swaps_made"": 0, ""initial_fairness"": 0.0187, ""initial_delta"": 0.38, ""dominated_removed_count"": 47, ""dominance_candidate_pool_size"": 49, ""candidates_after_winnow"": 2}"
tusSmall3,nl,t_ca85e8f9eef5b9d5____c22_0____4_fair.csv,5,1345,57,5,True,0.32,1.0,0.0037174721189591076,0.0037174721189591076,104.26718121767044,104.26718121767044,t_ca85e8f9eef5b9d5____c22_0____0__t_ca85e8f9eef5b9d5____c6_0____1_fair.csv;t_ca85e8f9eef5b9d5____c22_0____0__t_ca85e8f9eef5b9d5____c5_0____0_fair.csv;t_ca85e8f9eef5b9d5____c22_0____0__t_ca85e8f9eef5b9d5____c22_0____4_fair.csv;t_ca85e8f9eef5b9d5____c22_0____3__t_ca85e8f9eef5b9d5____c22_0____4_fair.csv;t_ca85e8f9eef5b9d5____c22_0____1__t_ca85e8f9eef5b9d5____c22_0____4_fair.csv,"{""needs_fairification"": true, ""success"": true, ""swaps_made"": 3, ""initial_fairness"": 0.1602, ""initial_delta"": 0.24, ""dominated_removed_count"": 46, ""dominance_candidate_pool_size"": 52, ""candidates_after_winnow"": 3}"
tusSmall3,nl,t_ca85e8f9eef5b9d5____c22_0____4_fair.csv,10,1345,57,10,False,0.2256,1.0,0.007434944237918215,0.007434944237918215,208.86683249473572,208.86683249473572,t_ca85e8f9eef5b9d5____c22_0____0__t_ca85e8f9eef5b9d5____c7_0____3_fair.csv;t_ca85e8f9eef5b9d5____c22_0____0__t_ca85e8f9eef5b9d5____c6_0____1_fair.csv;t_ca85e8f9eef5b9d5____c22_0____0__t_ca85e8f9eef5b9d5____c5_0____0_fair.csv;t_ca85e8f9eef5b9d5____c22_0____0__t_ca85e8f9eef5b9d5____c3_1____0_fair.csv;t_ca85e8f9eef5b9d5____c22_0____0__t_ca85e8f9eef5b9d5____c3_0____4_fair.csv;t_ca85e8f9eef5b9d5____c22_0____0__t_ca85e8f9eef5b9d5____c2_0____3_fair.csv;t_ca85e8f9eef5b9d5____c22_0____0__t_ca85e8f9eef5b9d5____c22_0____4_fair.csv;t_ca85e8f9eef5b9d5____c22_0____3__t_ca85e8f9eef5b9d5____c22_0____4_fair.csv;t_ca85e8f9eef5b9d5____c22_0____1__t_ca85e8f9eef5b9d5____c22_0____4_fair.csv;t_ca85e8f9eef5b9d5____c22_0____1.csv,"{""needs_fairification"": true, ""success"": false, ""swaps_made"": 3, ""initial_fairness"": 0.1555, ""initial_delta"": 0.24, ""dominated_removed_count"": 38, ""dominance_candidate_pool_size"": 47, ""candidates_after_winnow"": 6}"
tusSmall3,nl,t_ca85e8f9eef5b9d5____c22_0____4_fair.csv,20,1345,57,20,False,0.1658,1.0,0.01486988847583643,0.01486988847583643,419.1024340391159,419.1024340391159,t_ca85e8f9eef5b9d5____c22_0____0__t_ca85e8f9eef5b9d5____c7_0____3_fair.csv;t_ca85e8f9eef5b9d5____c22_0____0__t_ca85e8f9eef5b9d5____c6_0____1_fair.csv;t_ca85e8f9eef5b9d5____c22_0____0__t_ca85e8f9eef5b9d5____c5_0____0_fair.csv;t_ca85e8f9eef5b9d5____c22_0____0__t_ca85e8f9eef5b9d5____c3_1____0_fair.csv;t_ca85e8f9eef5b9d5____c22_0____0__t_ca85e8f9eef5b9d5____c3_0____4_fair.csv;t_ca85e8f9eef5b9d5____c22_0____0__t_ca85e8f9eef5b9d5____c2_0____3_fair.csv;t_ca85e8f9eef5b9d5____c22_0____0__t_ca85e8f9eef5b9d5____c22_0____4_fair.csv;t_ca85e8f9eef5b9d5____c22_0____0__t_ca85e8f9eef5b9d5____c21_0____1_fair.csv;t_ca85e8f9eef5b9d5____c22_0____0__t_ca85e8f9eef5b9d5____c19_1____2_fair.csv;t_ca85e8f9eef5b9d5____c22_0____0__t_ca85e8f9eef5b9d5____c19_1____0_fair.csv;t_ca85e8f9eef5b9d5____c22_0____0__t_ca85e8f9eef5b9d5____c18_1____2_fair.csv;t_ca85e8f9eef5b9d5____c22_0____0__t_ca85e8f9eef5b9d5____c16_1____0_fair.csv;t_ca85e8f9eef5b9d5____c22_0____0__t_ca85e8f9eef5b9d5____c11_0____4_fair.csv;t_ca85e8f9eef5b9d5____c22_0____0__t_ca85e8f9eef5b9d5____c10_1____3_fair.csv;t_ca85e8f9eef5b9d5____c22_0____0__t_ca85e8f9eef5b9d5____c10_0____0_fair.csv;t_ca85e8f9eef5b9d5____c22_0____0.csv;t_ca85e8f9eef5b9d5____c22_0____3__t_ca85e8f9eef5b9d5____c9_1____4_fair.csv;t_ca85e8f9eef5b9d5____c22_0____3__t_ca85e8f9eef5b9d5____c22_0____4_fair.csv;t_ca85e8f9eef5b9d5____c22_0____1__t_ca85e8f9eef5b9d5____c22_0____4_fair.csv;t_ca85e8f9eef5b9d5____c22_0____1.csv,"{""needs_fairification"": true, ""success"": false, ""swaps_made"": 3, ""initial_fairness"": 0.1302, ""initial_delta"": 0.27, ""dominated_removed_count"": 33, ""dominance_candidate_pool_size"": 37, ""candidates_after_winnow"": 1}"
tusSmall3,nl,t_ca85e8f9eef5b9d5____c21_0____1_fair.csv,5,1356,67,5,False,0.0857,1.0,0.003687315634218289,0.003687315634218289,97.42918103933334,97.42918103933334,t_ca85e8f9eef5b9d5____c20_0____1__t_ca85e8f9eef5b9d5____c7_1____3_fair.csv;t_ca85e8f9eef5b9d5____c20_0____1__t_ca85e8f9eef5b9d5____c7_0____3_fair.csv;t_ca85e8f9eef5b9d5____c20_0____1__t_ca85e8f9eef5b9d5____c6_0____1_fair.csv;t_ca85e8f9eef5b9d5____c20_0____1__t_ca85e8f9eef5b9d5____c5_0____0_fair.csv;t_ca85e8f9eef5b9d5____c20_0____1.csv,"{""needs_fairification"": true, ""success"": false, ""swaps_made"": 1, ""initial_fairness"": 0.0786, ""initial_delta"": 0.32, ""dominated_removed_count"": 61, ""dominance_candidate_pool_size"": 62, ""candidates_after_winnow"": 0}"
tusSmall3,nl,t_ca85e8f9eef5b9d5____c21_0____1_fair.csv,10,1356,67,10,False,0.0429,1.0,0.007374631268436578,0.007374631268436578,194.8583620786667,194.8583620786667,t_ca85e8f9eef5b9d5____c20_0____1__t_ca85e8f9eef5b9d5____c9_1____4_fair.csv;t_ca85e8f9eef5b9d5____c20_0____1__t_ca85e8f9eef5b9d5____c7_1____3_fair.csv;t_ca85e8f9eef5b9d5____c20_0____1__t_ca85e8f9eef5b9d5____c7_0____3_fair.csv;t_ca85e8f9eef5b9d5____c20_0____1__t_ca85e8f9eef5b9d5____c6_0____1_fair.csv;t_ca85e8f9eef5b9d5____c20_0____1__t_ca85e8f9eef5b9d5____c5_0____0_fair.csv;t_ca85e8f9eef5b9d5____c20_0____1__t_ca85e8f9eef5b9d5____c4_0____2_fair.csv;t_ca85e8f9eef5b9d5____c20_0____1__t_ca85e8f9eef5b9d5____c3_1____0_fair.csv;t_ca85e8f9eef5b9d5____c20_0____1__t_ca85e8f9eef5b9d5____c3_0____4_fair.csv;t_ca85e8f9eef5b9d5____c20_0____1__t_ca85e8f9eef5b9d5____c22_0____4_fair.csv;t_ca85e8f9eef5b9d5____c20_0____1__t_ca85e8f9eef5b9d5____c21_0____1_fair.csv,"{""needs_fairification"": true, ""success"": false, ""swaps_made"": 0, ""initial_fairness"": 0.0429, ""initial_delta"": 0.36, ""dominated_removed_count"": 56, ""dominance_candidate_pool_size"": 57, ""candidates_after_winnow"": 1}"
tusSmall3,nl,t_ca85e8f9eef5b9d5____c21_0____1_fair.csv,20,1356,67,20,False,0.0226,1.0,0.014749262536873156,0.014749262536873156,389.3387127518654,389.3387127518654,t_ca85e8f9eef5b9d5____c20_0____1__t_ca85e8f9eef5b9d5____c9_1____4_fair.csv;t_ca85e8f9eef5b9d5____c20_0____1__t_ca85e8f9eef5b9d5____c7_1____3_fair.csv;t_ca85e8f9eef5b9d5____c20_0____1__t_ca85e8f9eef5b9d5____c7_0____3_fair.csv;t_ca85e8f9eef5b9d5____c20_0____1__t_ca85e8f9eef5b9d5____c6_0____1_fair.csv;t_ca85e8f9eef5b9d5____c20_0____1__t_ca85e8f9eef5b9d5____c5_0____0_fair.csv;t_ca85e8f9eef5b9d5____c20_0____1__t_ca85e8f9eef5b9d5____c4_0____2_fair.csv;t_ca85e8f9eef5b9d5____c20_0____1__t_ca85e8f9eef5b9d5____c3_1____0_fair.csv;t_ca85e8f9eef5b9d5____c20_0____1__t_ca85e8f9eef5b9d5____c3_0____4_fair.csv;t_ca85e8f9eef5b9d5____c20_0____1__t_ca85e8f9eef5b9d5____c22_0____4_fair.csv;t_ca85e8f9eef5b9d5____c20_0____1__t_ca85e8f9eef5b9d5____c21_0____1_fair.csv;t_ca85e8f9eef5b9d5____c20_0____1__t_ca85e8f9eef5b9d5____c19_1____2_fair.csv;t_ca85e8f9eef5b9d5____c20_0____1__t_ca85e8f9eef5b9d5____c19_1____0_fair.csv;t_ca85e8f9eef5b9d5____c20_0____1__t_ca85e8f9eef5b9d5____c18_1____2_fair.csv;t_ca85e8f9eef5b9d5____c20_0____1__t_ca85e8f9eef5b9d5____c16_1____0_fair.csv;t_ca85e8f9eef5b9d5____c20_0____1__t_ca85e8f9eef5b9d5____c11_0____4_fair.csv;t_ca85e8f9eef5b9d5____c20_0____1__t_ca85e8f9eef5b9d5____c10_0____0_fair.csv;t_ca85e8f9eef5b9d5____c20_0____1.csv;t_ca85e8f9eef5b9d5____c20_1____1__t_ca85e8f9eef5b9d5____c9_1____4_fair.csv;t_ca85e8f9eef5b9d5____c20_1____1__t_ca85e8f9eef5b9d5____c7_1____3_fair.csv;t_ca85e8f9eef5b9d5____c20_1____1__t_ca85e8f9eef5b9d5____c7_0____3_fair.csv,"{""needs_fairification"": true, ""success"": false, ""swaps_made"": 0, ""initial_fairness"": 0.0226, ""initial_delta"": 0.38, ""dominated_removed_count"": 46, ""dominance_candidate_pool_size"": 47, ""candidates_after_winnow"": 1}"
