bench,approach,q_table,k,gt_size,n_candidates,n_returned,feasible,F,prec,rec,ideal_recall,starmie_sum_score,duts_sum_U,tables,extras
tusLarge3,starmie,PED_SK_DTL_SNF____c12_0____3_fair.csv,5,746,93,5,False,0.0789,1.0,0.006702412868632708,0.006702412868632708,56.93193793296814,56.93193793296814,PED_SK_DTL_SNF____c12_0____4__PED_SK_DTL_SNF____c3_1____2_fair.csv;PED_SK_DTL_SNF____c12_0____4__PED_SK_DTL_SNF____c23_0____0_fair.csv;PED_SK_DTL_SNF____c12_0____4__PED_SK_DTL_SNF____c19_0____0_fair.csv;PED_SK_DTL_SNF____c12_0____4__PED_SK_DTL_SNF____c12_0____3_fair.csv;PED_SK_DTL_SNF____c12_0____4.csv,{}
tusLarge3,starmie,PED_SK_DTL_SNF____c12_0____3_fair.csv,10,746,93,10,False,0.061,0.5,0.006702412868632708,0.013404825737265416,113.74581080675125,113.74581080675125,PED_SK_DTL_SNF____c12_0____4__PED_SK_DTL_SNF____c3_1____2_fair.csv;PED_SK_DTL_SNF____c12_0____4__PED_SK_DTL_SNF____c23_0____0_fair.csv;PED_SK_DTL_SNF____c12_0____4__PED_SK_DTL_SNF____c19_0____0_fair.csv;PED_SK_DTL_SNF____c12_0____4__PED_SK_DTL_SNF____c12_0____3_fair.csv;PED_SK_DTL_SNF____c12_0____4.csv;t_6c551d740feb0608____c15_1____1__t_6c551d740feb0608____c9_0____3_fair.csv;t_6c551d740feb0608____c15_1____1__t_6c551d740feb0608____c16_0____1_fair.csv;t_6c551d740feb0608____c15_1____1__t_6c551d740feb0608____c10_0____2_fair.csv;t_6c551d740feb0608____c14_0____1__t_6c551d740feb0608____c9_0____3_fair.csv;t_6c551d740feb0608____c14_0____1__t_6c551d740feb0608____c5_1____1_fair.csv,{}
tusLarge3,starmie,PED_SK_DTL_SNF____c12_0____3_fair.csv,20,746,93,20,False,0.0402,0.5,0.013404825737265416,0.02680965147453083,226.89952683448792,226.89952683448792,PED_SK_DTL_SNF____c12_0____4__PED_SK_DTL_SNF____c3_1____2_fair.csv;PED_SK_DTL_SNF____c12_0____4__PED_SK_DTL_SNF____c23_0____0_fair.csv;PED_SK_DTL_SNF____c12_0____4__PED_SK_DTL_SNF____c19_0____0_fair.csv;PED_SK_DTL_SNF____c12_0____4__PED_SK_DTL_SNF____c12_0____3_fair.csv;PED_SK_DTL_SNF____c12_0____4.csv;t_6c551d740feb0608____c15_1____1__t_6c551d740feb0608____c9_0____3_fair.csv;t_6c551d740feb0608____c15_1____1__t_6c551d740feb0608____c16_0____1_fair.csv;t_6c551d740feb0608____c15_1____1__t_6c551d740feb0608____c10_0____2_fair.csv;t_6c551d740feb0608____c14_0____1__t_6c551d740feb0608____c9_0____3_fair.csv;t_6c551d740feb0608____c14_0____1__t_6c551d740feb0608____c5_1____1_fair.csv;t_6c551d740feb0608____c14_0____1__t_6c551d740feb0608____c16_0____1_fair.csv;t_6c551d740feb0608____c15_1____1.csv;t_6c551d740feb0608____c15_0____2__t_6c551d740feb0608____c9_0____3_fair.csv;t_6c551d740feb0608____c15_0____2__t_6c551d740feb0608____c5_1____1_fair.csv;t_6c551d740feb0608____c15_0____2__t_6c551d740feb0608____c10_0____2_fair.csv;PED_SK_DTL_SNF____c12_0____2__PED_SK_DTL_SNF____c3_1____2_fair.csv;PED_SK_DTL_SNF____c12_0____2__PED_SK_DTL_SNF____c23_0____0_fair.csv;PED_SK_DTL_SNF____c12_0____2__PED_SK_DTL_SNF____c19_0____0_fair.csv;PED_SK_DTL_SNF____c12_0____2__PED_SK_DTL_SNF____c12_0____3_fair.csv;PED_SK_DTL_SNF____c12_0____2.csv,{}
tusLarge3,starmie,PED_SK_DTL_SNF____c14_1____4_fair.csv,5,836,77,5,False,0.0728,0.0,0.0,0.005980861244019139,67.84892857074738,67.84892857074738,PED_SK_DTL_SNF____c16_1____4__PED_SK_DTL_SNF____c9_0____3_fair.csv;PED_SK_DTL_SNF____c16_1____4__PED_SK_DTL_SNF____c23_0____0_fair.csv;PED_SK_DTL_SNF____c16_1____4__PED_SK_DTL_SNF____c19_0____0_fair.csv;PED_SK_DTL_SNF____c16_1____4__PED_SK_DTL_SNF____c18_0____2_fair.csv;PED_SK_DTL_SNF____c16_1____4__PED_SK_DTL_SNF____c12_0____3_fair.csv,{}
tusLarge3,starmie,PED_SK_DTL_SNF____c14_1____4_fair.csv,10,836,77,10,False,0.0408,0.3,0.0035885167464114833,0.011961722488038277,135.36832535266876,135.36832535266876,PED_SK_DTL_SNF____c16_1____4__PED_SK_DTL_SNF____c9_0____3_fair.csv;PED_SK_DTL_SNF____c16_1____4__PED_SK_DTL_SNF____c23_0____0_fair.csv;PED_SK_DTL_SNF____c16_1____4__PED_SK_DTL_SNF____c19_0____0_fair.csv;PED_SK_DTL_SNF____c16_1____4__PED_SK_DTL_SNF____c18_0____2_fair.csv;PED_SK_DTL_SNF____c16_1____4__PED_SK_DTL_SNF____c12_0____3_fair.csv;PED_SK_DTL_SNF____c16_1____4.csv;PED_SK_DTL_SNF____c16_1____4__PED_SK_DTL_SNF____c3_1____2_fair.csv;PED_SK_DTL_SNF____c14_1____2__PED_SK_DTL_SNF____c9_0____3_fair.csv;PED_SK_DTL_SNF____c14_1____2__PED_SK_DTL_SNF____c23_0____0_fair.csv;PED_SK_DTL_SNF____c14_1____2__PED_SK_DTL_SNF____c18_0____2_fair.csv,{}
tusLarge3,starmie,PED_SK_DTL_SNF____c14_1____4_fair.csv,20,836,77,20,False,0.0211,0.6,0.014354066985645933,0.023923444976076555,269.71919214725494,269.71919214725494,PED_SK_DTL_SNF____c16_1____4__PED_SK_DTL_SNF____c9_0____3_fair.csv;PED_SK_DTL_SNF____c16_1____4__PED_SK_DTL_SNF____c23_0____0_fair.csv;PED_SK_DTL_SNF____c16_1____4__PED_SK_DTL_SNF____c19_0____0_fair.csv;PED_SK_DTL_SNF____c16_1____4__PED_SK_DTL_SNF____c18_0____2_fair.csv;PED_SK_DTL_SNF____c16_1____4__PED_SK_DTL_SNF____c12_0____3_fair.csv;PED_SK_DTL_SNF____c16_1____4.csv;PED_SK_DTL_SNF____c16_1____4__PED_SK_DTL_SNF____c3_1____2_fair.csv;PED_SK_DTL_SNF____c14_1____2__PED_SK_DTL_SNF____c9_0____3_fair.csv;PED_SK_DTL_SNF____c14_1____2__PED_SK_DTL_SNF____c23_0____0_fair.csv;PED_SK_DTL_SNF____c14_1____2__PED_SK_DTL_SNF____c18_0____2_fair.csv;PED_SK_DTL_SNF____c14_1____2__PED_SK_DTL_SNF____c14_1____4_fair.csv;PED_SK_DTL_SNF____c14_1____2.csv;PED_SK_DTL_SNF____c16_1____4__PED_SK_DTL_SNF____c16_0____0_fair.csv;PED_SK_DTL_SNF____c16_0____4__PED_SK_DTL_SNF____c9_0____3_fair.csv;PED_SK_DTL_SNF____c16_0____4__PED_SK_DTL_SNF____c3_1____2_fair.csv;PED_SK_DTL_SNF____c16_0____4__PED_SK_DTL_SNF____c23_0____0_fair.csv;PED_SK_DTL_SNF____c16_0____4__PED_SK_DTL_SNF____c19_0____0_fair.csv;PED_SK_DTL_SNF____c16_0____4__PED_SK_DTL_SNF____c18_0____2_fair.csv;PED_SK_DTL_SNF____c16_0____4__PED_SK_DTL_SNF____c16_0____0_fair.csv;PED_SK_DTL_SNF____c16_0____4__PED_SK_DTL_SNF____c14_1____4_fair.csv,{}
tusLarge3,starmie,PED_SK_DTL_SNF____c3_1____2_fair.csv,5,709,232,5,False,0.1644,1.0,0.007052186177715092,0.007052186177715092,12.097992956638336,12.097992956638336,PED_SK_DTL_SNF____c7_0____2__PED_SK_DTL_SNF____c3_1____2_fair.csv;PED_SK_DTL_SNF____c7_0____2__PED_SK_DTL_SNF____c23_0____0_fair.csv;PED_SK_DTL_SNF____c7_0____2__PED_SK_DTL_SNF____c14_1____4_fair.csv;PED_SK_DTL_SNF____c7_0____2.csv;PED_SK_DTL_SNF____c3_1____4__PED_SK_DTL_SNF____c3_1____2_fair.csv,{}
tusLarge3,starmie,PED_SK_DTL_SNF____c3_1____2_fair.csv,10,709,232,10,False,0.1154,0.7,0.009873060648801129,0.014104372355430184,23.986147463321686,23.986147463321686,PED_SK_DTL_SNF____c7_0____2__PED_SK_DTL_SNF____c3_1____2_fair.csv;PED_SK_DTL_SNF____c7_0____2__PED_SK_DTL_SNF____c23_0____0_fair.csv;PED_SK_DTL_SNF____c7_0____2__PED_SK_DTL_SNF____c14_1____4_fair.csv;PED_SK_DTL_SNF____c7_0____2.csv;PED_SK_DTL_SNF____c3_1____4__PED_SK_DTL_SNF____c3_1____2_fair.csv;PED_SK_DTL_SNF____c3_1____0__PED_SK_DTL_SNF____c3_1____2_fair.csv;t_b28ed28824886b47____c4_1____2__t_b28ed28824886b47____c11_1____3_fair.csv;t_b28ed28824886b47____c4_1____2__t_b28ed28824886b47____c8_0____3_fair.csv;t_8b91ff826fe3eeb8____c8_0____0__t_8b91ff826fe3eeb8____c3_1____2_fair.csv;PED_SK_DTL_SNF____c3_1____0.csv,{}
tusLarge3,starmie,PED_SK_DTL_SNF____c3_1____2_fair.csv,20,709,232,20,False,0.0484,0.4,0.011283497884344146,0.028208744710860368,47.32400619983673,47.32400619983673,PED_SK_DTL_SNF____c7_0____2__PED_SK_DTL_SNF____c3_1____2_fair.csv;PED_SK_DTL_SNF____c7_0____2__PED_SK_DTL_SNF____c23_0____0_fair.csv;PED_SK_DTL_SNF____c7_0____2__PED_SK_DTL_SNF____c14_1____4_fair.csv;PED_SK_DTL_SNF____c7_0____2.csv;PED_SK_DTL_SNF____c3_1____4__PED_SK_DTL_SNF____c3_1____2_fair.csv;PED_SK_DTL_SNF____c3_1____0__PED_SK_DTL_SNF____c3_1____2_fair.csv;t_b28ed28824886b47____c4_1____2__t_b28ed28824886b47____c11_1____3_fair.csv;t_b28ed28824886b47____c4_1____2__t_b28ed28824886b47____c8_0____3_fair.csv;t_8b91ff826fe3eeb8____c8_0____0__t_8b91ff826fe3eeb8____c3_1____2_fair.csv;PED_SK_DTL_SNF____c3_1____0.csv;PED_SK_DTL_SNF____c3_1____4.csv;t_b28ed28824886b47____c3_0____4__t_b28ed28824886b47____c11_1____3_fair.csv;t_b28ed28824886b47____c4_1____4__t_b28ed28824886b47____c11_1____3_fair.csv;t_b28ed28824886b47____c4_1____4__t_b28ed28824886b47____c8_0____3_fair.csv;t_b28ed28824886b47____c3_0____4__t_b28ed28824886b47____c8_0____3_fair.csv;t_8b91ff826fe3eeb8____c3_1____0.csv;t_8b91ff826fe3eeb8____c3_1____0__t_8b91ff826fe3eeb8____c3_1____2_fair.csv;t_1934eacab8c57857____c3_0____4.csv;t_ece0594e0480a1ed____c4_1____1__t_ece0594e0480a1ed____c5_1____3_fair.csv;t_1f6b65ebc2ab3ed3____c3_1____0.csv,{}
tusLarge3,starmie,PED_SK_DTL_SNF____c16_0____0_fair.csv,5,677,80,5,False,0.069,0.0,0.0,0.007385524372230428,78.19327771663666,78.19327771663666,PED_SK_DTL_SNF____c17_0____0__PED_SK_DTL_SNF____c9_0____3_fair.csv;PED_SK_DTL_SNF____c17_0____0__PED_SK_DTL_SNF____c3_1____2_fair.csv;PED_SK_DTL_SNF____c17_0____0__PED_SK_DTL_SNF____c19_0____0_fair.csv;PED_SK_DTL_SNF____c17_0____0__PED_SK_DTL_SNF____c18_0____2_fair.csv;PED_SK_DTL_SNF____c17_0____0__PED_SK_DTL_SNF____c14_1____4_fair.csv,{}
tusLarge3,starmie,PED_SK_DTL_SNF____c16_0____0_fair.csv,10,677,80,10,False,0.0382,0.0,0.0,0.014771048744460856,155.8586089015007,155.8586089015007,PED_SK_DTL_SNF____c17_0____0__PED_SK_DTL_SNF____c9_0____3_fair.csv;PED_SK_DTL_SNF____c17_0____0__PED_SK_DTL_SNF____c3_1____2_fair.csv;PED_SK_DTL_SNF____c17_0____0__PED_SK_DTL_SNF____c19_0____0_fair.csv;PED_SK_DTL_SNF____c17_0____0__PED_SK_DTL_SNF____c18_0____2_fair.csv;PED_SK_DTL_SNF____c17_0____0__PED_SK_DTL_SNF____c14_1____4_fair.csv;PED_SK_DTL_SNF____c17_0____0__PED_SK_DTL_SNF____c12_0____3_fair.csv;PED_SK_DTL_SNF____c17_0____0.csv;t_285b3bcd52ec0c86____c17_0____2__t_285b3bcd52ec0c86____c16_0____3_fair.csv;t_285b3bcd52ec0c86____c17_0____0__t_285b3bcd52ec0c86____c6_0____0_fair.csv;t_285b3bcd52ec0c86____c17_0____0__t_285b3bcd52ec0c86____c12_0____1_fair.csv,{}
tusLarge3,starmie,PED_SK_DTL_SNF____c16_0____0_fair.csv,20,677,80,20,False,0.023,0.2,0.005908419497784343,0.029542097488921712,307.14102298021317,307.14102298021317,PED_SK_DTL_SNF____c17_0____0__PED_SK_DTL_SNF____c9_0____3_fair.csv;PED_SK_DTL_SNF____c17_0____0__PED_SK_DTL_SNF____c3_1____2_fair.csv;PED_SK_DTL_SNF____c17_0____0__PED_SK_DTL_SNF____c19_0____0_fair.csv;PED_SK_DTL_SNF____c17_0____0__PED_SK_DTL_SNF____c18_0____2_fair.csv;PED_SK_DTL_SNF____c17_0____0__PED_SK_DTL_SNF____c14_1____4_fair.csv;PED_SK_DTL_SNF____c17_0____0__PED_SK_DTL_SNF____c12_0____3_fair.csv;PED_SK_DTL_SNF____c17_0____0.csv;t_285b3bcd52ec0c86____c17_0____2__t_285b3bcd52ec0c86____c16_0____3_fair.csv;t_285b3bcd52ec0c86____c17_0____0__t_285b3bcd52ec0c86____c6_0____0_fair.csv;t_285b3bcd52ec0c86____c17_0____0__t_285b3bcd52ec0c86____c12_0____1_fair.csv;t_285b3bcd52ec0c86____c17_0____0__t_285b3bcd52ec0c86____c16_0____3_fair.csv;t_285b3bcd52ec0c86____c17_0____0.csv;t_285b3bcd52ec0c86____c17_0____2__t_285b3bcd52ec0c86____c6_0____0_fair.csv;t_285b3bcd52ec0c86____c17_0____2__t_285b3bcd52ec0c86____c12_0____1_fair.csv;t_285b3bcd52ec0c86____c17_0____3__t_285b3bcd52ec0c86____c16_0____3_fair.csv;t_285b3bcd52ec0c86____c17_0____3.csv;PED_SK_DTL_SNF____c15_1____0__PED_SK_DTL_SNF____c9_0____3_fair.csv;PED_SK_DTL_SNF____c15_1____0__PED_SK_DTL_SNF____c3_1____2_fair.csv;PED_SK_DTL_SNF____c15_1____0__PED_SK_DTL_SNF____c19_0____0_fair.csv;PED_SK_DTL_SNF____c15_1____0__PED_SK_DTL_SNF____c18_0____2_fair.csv,{}
tusLarge3,starmie,PED_SK_DTL_SNF____c9_0____3_fair.csv,5,811,117,5,False,0.0645,1.0,0.006165228113440197,0.006165228113440197,41.204786002635956,41.204786002635956,PED_SK_DTL_SNF____c13_1____3__PED_SK_DTL_SNF____c9_0____3_fair.csv;PED_SK_DTL_SNF____c13_1____3__PED_SK_DTL_SNF____c3_1____2_fair.csv;PED_SK_DTL_SNF____c13_1____3__PED_SK_DTL_SNF____c23_0____0_fair.csv;PED_SK_DTL_SNF____c13_1____3__PED_SK_DTL_SNF____c18_0____2_fair.csv;PED_SK_DTL_SNF____c13_1____3__PED_SK_DTL_SNF____c14_1____4_fair.csv,{}
tusLarge3,starmie,PED_SK_DTL_SNF____c9_0____3_fair.csv,10,811,117,10,False,0.0446,0.7,0.008631319358816275,0.012330456226880395,82.23765695095062,82.23765695095062,PED_SK_DTL_SNF____c13_1____3__PED_SK_DTL_SNF____c9_0____3_fair.csv;PED_SK_DTL_SNF____c13_1____3__PED_SK_DTL_SNF____c3_1____2_fair.csv;PED_SK_DTL_SNF____c13_1____3__PED_SK_DTL_SNF____c23_0____0_fair.csv;PED_SK_DTL_SNF____c13_1____3__PED_SK_DTL_SNF____c18_0____2_fair.csv;PED_SK_DTL_SNF____c13_1____3__PED_SK_DTL_SNF____c14_1____4_fair.csv;PED_SK_DTL_SNF____c13_1____3.csv;PED_SK_DTL_SNF____c9_0____2__PED_SK_DTL_SNF____c16_0____0_fair.csv;PED_SK_DTL_SNF____c11_1____3__PED_SK_DTL_SNF____c3_1____2_fair.csv;PED_SK_DTL_SNF____c11_1____3__PED_SK_DTL_SNF____c14_1____4_fair.csv;PED_SK_DTL_SNF____c11_1____3.csv,{}
tusLarge3,starmie,PED_SK_DTL_SNF____c9_0____3_fair.csv,20,811,117,20,False,0.023,0.8,0.01972872996300863,0.02466091245376079,163.9590865969658,163.9590865969658,PED_SK_DTL_SNF____c13_1____3__PED_SK_DTL_SNF____c9_0____3_fair.csv;PED_SK_DTL_SNF____c13_1____3__PED_SK_DTL_SNF____c3_1____2_fair.csv;PED_SK_DTL_SNF____c13_1____3__PED_SK_DTL_SNF____c23_0____0_fair.csv;PED_SK_DTL_SNF____c13_1____3__PED_SK_DTL_SNF____c18_0____2_fair.csv;PED_SK_DTL_SNF____c13_1____3__PED_SK_DTL_SNF____c14_1____4_fair.csv;PED_SK_DTL_SNF____c13_1____3.csv;PED_SK_DTL_SNF____c9_0____2__PED_SK_DTL_SNF____c16_0____0_fair.csv;PED_SK_DTL_SNF____c11_1____3__PED_SK_DTL_SNF____c3_1____2_fair.csv;PED_SK_DTL_SNF____c11_1____3__PED_SK_DTL_SNF____c14_1____4_fair.csv;PED_SK_DTL_SNF____c11_1____3.csv;PED_SK_DTL_SNF____c11_0____3.csv;PED_SK_DTL_SNF____c13_0____3__PED_SK_DTL_SNF____c9_0____3_fair.csv;PED_SK_DTL_SNF____c13_0____3__PED_SK_DTL_SNF____c23_0____0_fair.csv;PED_SK_DTL_SNF____c13_0____3__PED_SK_DTL_SNF____c19_0____0_fair.csv;PED_SK_DTL_SNF____c13_0____3__PED_SK_DTL_SNF____c18_0____2_fair.csv;PED_SK_DTL_SNF____c13_0____3__PED_SK_DTL_SNF____c14_1____4_fair.csv;PED_SK_DTL_SNF____c13_0____3__PED_SK_DTL_SNF____c12_0____3_fair.csv;PED_SK_DTL_SNF____c9_0____4__PED_SK_DTL_SNF____c16_0____0_fair.csv;PED_SK_DTL_SNF____c13_1____0__PED_SK_DTL_SNF____c9_0____3_fair.csv;PED_SK_DTL_SNF____c13_1____0__PED_SK_DTL_SNF____c3_1____2_fair.csv,{}
tusLarge3,starmie,t_013a2f8c584d44d7____c10_1____0_fair.csv,5,416,127,5,False,0.2714,0.8,0.009615384615384616,0.01201923076923077,48.54318618774414,48.54318618774414,t_013a2f8c584d44d7____c10_0____0__t_013a2f8c584d44d7____c6_1____4_fair.csv;t_013a2f8c584d44d7____c10_0____0__t_013a2f8c584d44d7____c4_1____2_fair.csv;t_013a2f8c584d44d7____c10_0____0__t_013a2f8c584d44d7____c12_0____3_fair.csv;t_013a2f8c584d44d7____c10_0____0__t_013a2f8c584d44d7____c10_1____0_fair.csv;t_dc9442ed0b52d69c____c9_0____0__t_dc9442ed0b52d69c____c9_0____2_fair.csv,{}
tusLarge3,starmie,t_013a2f8c584d44d7____c10_1____0_fair.csv,10,416,127,10,False,0.288,0.4,0.009615384615384616,0.02403846153846154,93.49197918176651,93.49197918176651,t_013a2f8c584d44d7____c10_0____0__t_013a2f8c584d44d7____c6_1____4_fair.csv;t_013a2f8c584d44d7____c10_0____0__t_013a2f8c584d44d7____c4_1____2_fair.csv;t_013a2f8c584d44d7____c10_0____0__t_013a2f8c584d44d7____c12_0____3_fair.csv;t_013a2f8c584d44d7____c10_0____0__t_013a2f8c584d44d7____c10_1____0_fair.csv;t_dc9442ed0b52d69c____c9_0____0__t_dc9442ed0b52d69c____c9_0____2_fair.csv;t_dc9442ed0b52d69c____c9_0____0__t_dc9442ed0b52d69c____c8_0____3_fair.csv;t_dc9442ed0b52d69c____c9_0____0__t_dc9442ed0b52d69c____c2_1____2_fair.csv;t_dc9442ed0b52d69c____c9_1____0__t_dc9442ed0b52d69c____c9_0____2_fair.csv;t_dc9442ed0b52d69c____c9_1____0__t_dc9442ed0b52d69c____c8_0____3_fair.csv;t_dc9442ed0b52d69c____c9_1____0__t_dc9442ed0b52d69c____c2_1____2_fair.csv,{}
tusLarge3,starmie,t_013a2f8c584d44d7____c10_1____0_fair.csv,20,416,127,20,True,0.4579,0.35,0.016826923076923076,0.04807692307692308,183.34371358156204,183.34371358156204,t_013a2f8c584d44d7____c10_0____0__t_013a2f8c584d44d7____c6_1____4_fair.csv;t_013a2f8c584d44d7____c10_0____0__t_013a2f8c584d44d7____c4_1____2_fair.csv;t_013a2f8c584d44d7____c10_0____0__t_013a2f8c584d44d7____c12_0____3_fair.csv;t_013a2f8c584d44d7____c10_0____0__t_013a2f8c584d44d7____c10_1____0_fair.csv;t_dc9442ed0b52d69c____c9_0____0__t_dc9442ed0b52d69c____c9_0____2_fair.csv;t_dc9442ed0b52d69c____c9_0____0__t_dc9442ed0b52d69c____c8_0____3_fair.csv;t_dc9442ed0b52d69c____c9_0____0__t_dc9442ed0b52d69c____c2_1____2_fair.csv;t_dc9442ed0b52d69c____c9_1____0__t_dc9442ed0b52d69c____c9_0____2_fair.csv;t_dc9442ed0b52d69c____c9_1____0__t_dc9442ed0b52d69c____c8_0____3_fair.csv;t_dc9442ed0b52d69c____c9_1____0__t_dc9442ed0b52d69c____c2_1____2_fair.csv;t_70edc453a411f33b____c9_0____3__t_70edc453a411f33b____c7_1____4_fair.csv;t_70edc453a411f33b____c9_0____3__t_70edc453a411f33b____c10_1____3_fair.csv;t_70edc453a411f33b____c9_1____4__t_70edc453a411f33b____c7_1____4_fair.csv;t_70edc453a411f33b____c9_1____4__t_70edc453a411f33b____c12_1____3_fair.csv;t_dc9442ed0b52d69c____c9_1____3__t_dc9442ed0b52d69c____c9_0____2_fair.csv;t_dc9442ed0b52d69c____c9_1____3__t_dc9442ed0b52d69c____c8_0____3_fair.csv;t_dc9442ed0b52d69c____c9_1____3__t_dc9442ed0b52d69c____c2_1____2_fair.csv;t_013a2f8c584d44d7____c9_1____0__t_013a2f8c584d44d7____c6_1____4_fair.csv;t_013a2f8c584d44d7____c9_1____0__t_013a2f8c584d44d7____c4_1____2_fair.csv;t_013a2f8c584d44d7____c9_1____0__t_013a2f8c584d44d7____c2_1____2_fair.csv,{}
tusLarge3,starmie,PED_SK_DTL_SNF____c19_0____0_fair.csv,5,746,61,5,False,0.0655,0.0,0.0,0.006702412868632708,91.07323557138443,91.07323557138443,t_285b3bcd52ec0c86____c19_1____0__t_285b3bcd52ec0c86____c9_1____4_fair.csv;t_285b3bcd52ec0c86____c19_1____0__t_285b3bcd52ec0c86____c7_1____2_fair.csv;t_285b3bcd52ec0c86____c19_1____0__t_285b3bcd52ec0c86____c6_0____0_fair.csv;t_285b3bcd52ec0c86____c19_1____0__t_285b3bcd52ec0c86____c17_1____0_fair.csv;t_285b3bcd52ec0c86____c19_1____0__t_285b3bcd52ec0c86____c12_0____1_fair.csv,{}
tusLarge3,starmie,PED_SK_DTL_SNF____c19_0____0_fair.csv,10,746,61,10,False,0.0375,0.0,0.0,0.013404825737265416,182.03257817029953,182.03257817029953,t_285b3bcd52ec0c86____c19_1____0__t_285b3bcd52ec0c86____c9_1____4_fair.csv;t_285b3bcd52ec0c86____c19_1____0__t_285b3bcd52ec0c86____c7_1____2_fair.csv;t_285b3bcd52ec0c86____c19_1____0__t_285b3bcd52ec0c86____c6_0____0_fair.csv;t_285b3bcd52ec0c86____c19_1____0__t_285b3bcd52ec0c86____c17_1____0_fair.csv;t_285b3bcd52ec0c86____c19_1____0__t_285b3bcd52ec0c86____c12_0____1_fair.csv;t_285b3bcd52ec0c86____c19_1____0.csv;t_285b3bcd52ec0c86____c19_0____0__t_285b3bcd52ec0c86____c9_1____4_fair.csv;t_285b3bcd52ec0c86____c19_0____0__t_285b3bcd52ec0c86____c9_0____2_fair.csv;t_285b3bcd52ec0c86____c19_0____0__t_285b3bcd52ec0c86____c7_1____2_fair.csv;t_285b3bcd52ec0c86____c19_0____0__t_285b3bcd52ec0c86____c6_0____0_fair.csv,{}
tusLarge3,starmie,PED_SK_DTL_SNF____c19_0____0_fair.csv,20,746,61,20,False,0.0195,0.0,0.0,0.02680965147453083,363.22670781612396,363.22670781612396,t_285b3bcd52ec0c86____c19_1____0__t_285b3bcd52ec0c86____c9_1____4_fair.csv;t_285b3bcd52ec0c86____c19_1____0__t_285b3bcd52ec0c86____c7_1____2_fair.csv;t_285b3bcd52ec0c86____c19_1____0__t_285b3bcd52ec0c86____c6_0____0_fair.csv;t_285b3bcd52ec0c86____c19_1____0__t_285b3bcd52ec0c86____c17_1____0_fair.csv;t_285b3bcd52ec0c86____c19_1____0__t_285b3bcd52ec0c86____c12_0____1_fair.csv;t_285b3bcd52ec0c86____c19_1____0.csv;t_285b3bcd52ec0c86____c19_0____0__t_285b3bcd52ec0c86____c9_1____4_fair.csv;t_285b3bcd52ec0c86____c19_0____0__t_285b3bcd52ec0c86____c9_0____2_fair.csv;t_285b3bcd52ec0c86____c19_0____0__t_285b3bcd52ec0c86____c7_1____2_fair.csv;t_285b3bcd52ec0c86____c19_0____0__t_285b3bcd52ec0c86____c6_0____0_fair.csv;t_285b3bcd52ec0c86____c19_0____0__t_285b3bcd52ec0c86____c20_1____2_fair.csv;t_285b3bcd52ec0c86____c19_0____0__t_285b3bcd52ec0c86____c17_1____0_fair.csv;t_285b3bcd52ec0c86____c19_0____0__t_285b3bcd52ec0c86____c12_0____1_fair.csv;t_285b3bcd52ec0c86____c19_0____2__t_285b3bcd52ec0c86____c7_1____2_fair.csv;t_285b3bcd52ec0c86____c19_0____0.csv;t_285b3bcd52ec0c86____c19_1____2__t_285b3bcd52ec0c86____c7_1____2_fair.csv;t_285b3bcd52ec0c86____c19_0____2__t_285b3bcd52ec0c86____c9_1____4_fair.csv;t_285b3bcd52ec0c86____c19_0____2__t_285b3bcd52ec0c86____c9_0____2_fair.csv;t_285b3bcd52ec0c86____c19_0____2__t_285b3bcd52ec0c86____c6_0____0_fair.csv;t_285b3bcd52ec0c86____c19_0____2__t_285b3bcd52ec0c86____c20_1____2_fair.csv,{}
tusLarge3,starmie,t_013a2f8c584d44d7____c2_1____2_fair.csv,5,380,422,5,False,0.183,0.0,0.0,0.013157894736842105,9.169557571411133,9.169557571411133,t_ece0594e0480a1ed____c2_0____4__t_ece0594e0480a1ed____c5_1____3_fair.csv;t_70edc453a411f33b____c2_1____4__t_70edc453a411f33b____c7_1____4_fair.csv;t_70edc453a411f33b____c2_1____0__t_70edc453a411f33b____c7_1____4_fair.csv;t_ece0594e0480a1ed____c2_1____4__t_ece0594e0480a1ed____c5_1____3_fair.csv;t_ca85e8f9eef5b9d5____c2_1____4__t_ca85e8f9eef5b9d5____c9_1____4_fair.csv,{}
tusLarge3,starmie,t_013a2f8c584d44d7____c2_1____2_fair.csv,10,380,422,10,False,0.1076,0.0,0.0,0.02631578947368421,18.206055223941803,18.206055223941803,t_ece0594e0480a1ed____c2_0____4__t_ece0594e0480a1ed____c5_1____3_fair.csv;t_70edc453a411f33b____c2_1____4__t_70edc453a411f33b____c7_1____4_fair.csv;t_70edc453a411f33b____c2_1____0__t_70edc453a411f33b____c7_1____4_fair.csv;t_ece0594e0480a1ed____c2_1____4__t_ece0594e0480a1ed____c5_1____3_fair.csv;t_ca85e8f9eef5b9d5____c2_1____4__t_ca85e8f9eef5b9d5____c9_1____4_fair.csv;t_ca85e8f9eef5b9d5____c2_1____4__t_ca85e8f9eef5b9d5____c1_0____2_fair.csv;t_ca85e8f9eef5b9d5____c2_1____4__t_ca85e8f9eef5b9d5____c19_0____4_fair.csv;t_ca85e8f9eef5b9d5____c2_1____4__t_ca85e8f9eef5b9d5____c17_0____3_fair.csv;t_70edc453a411f33b____c2_0____3__t_70edc453a411f33b____c12_1____3_fair.csv;t_70edc453a411f33b____c2_0____2__t_70edc453a411f33b____c12_1____3_fair.csv,{}
tusLarge3,starmie,t_013a2f8c584d44d7____c2_1____2_fair.csv,20,380,422,20,False,0.0683,0.0,0.0,0.05263157894736842,36.2302565574646,36.2302565574646,t_ece0594e0480a1ed____c2_0____4__t_ece0594e0480a1ed____c5_1____3_fair.csv;t_70edc453a411f33b____c2_1____4__t_70edc453a411f33b____c7_1____4_fair.csv;t_70edc453a411f33b____c2_1____0__t_70edc453a411f33b____c7_1____4_fair.csv;t_ece0594e0480a1ed____c2_1____4__t_ece0594e0480a1ed____c5_1____3_fair.csv;t_ca85e8f9eef5b9d5____c2_1____4__t_ca85e8f9eef5b9d5____c9_1____4_fair.csv;t_ca85e8f9eef5b9d5____c2_1____4__t_ca85e8f9eef5b9d5____c1_0____2_fair.csv;t_ca85e8f9eef5b9d5____c2_1____4__t_ca85e8f9eef5b9d5____c19_0____4_fair.csv;t_ca85e8f9eef5b9d5____c2_1____4__t_ca85e8f9eef5b9d5____c17_0____3_fair.csv;t_70edc453a411f33b____c2_0____3__t_70edc453a411f33b____c12_1____3_fair.csv;t_70edc453a411f33b____c2_0____2__t_70edc453a411f33b____c12_1____3_fair.csv;t_70edc453a411f33b____c2_0____0__t_70edc453a411f33b____c12_1____3_fair.csv;t_70edc453a411f33b____c2_1____2__t_70edc453a411f33b____c7_1____4_fair.csv;t_dc9442ed0b52d69c____c2_1____0__t_dc9442ed0b52d69c____c2_1____2_fair.csv;t_013a2f8c584d44d7____c2_0____4__t_013a2f8c584d44d7____c7_1____4_fair.csv;t_013a2f8c584d44d7____c2_0____0__t_013a2f8c584d44d7____c7_1____4_fair.csv;t_70edc453a411f33b____c2_1____1__t_70edc453a411f33b____c7_1____4_fair.csv;t_ca85e8f9eef5b9d5____c2_1____3__t_ca85e8f9eef5b9d5____c9_1____4_fair.csv;t_ca85e8f9eef5b9d5____c2_1____3__t_ca85e8f9eef5b9d5____c1_0____2_fair.csv;t_ca85e8f9eef5b9d5____c2_1____3__t_ca85e8f9eef5b9d5____c19_0____4_fair.csv;t_ca85e8f9eef5b9d5____c2_1____3__t_ca85e8f9eef5b9d5____c17_0____3_fair.csv,{}
tusLarge3,starmie,t_013a2f8c584d44d7____c12_0____3_fair.csv,5,230,112,5,True,0.3656,0.0,0.0,0.021739130434782608,54.64204525947571,54.64204525947571,t_70edc453a411f33b____c11_0____0__t_70edc453a411f33b____c7_1____4_fair.csv;t_70edc453a411f33b____c11_0____0__t_70edc453a411f33b____c12_1____3_fair.csv;t_70edc453a411f33b____c11_0____0__t_70edc453a411f33b____c10_1____3_fair.csv;t_70edc453a411f33b____c11_1____0__t_70edc453a411f33b____c7_1____4_fair.csv;t_70edc453a411f33b____c11_1____0__t_70edc453a411f33b____c12_1____3_fair.csv,{}
tusLarge3,starmie,t_013a2f8c584d44d7____c12_0____3_fair.csv,10,230,112,10,True,0.3494,0.0,0.0,0.043478260869565216,109.24943220615387,109.24943220615387,t_70edc453a411f33b____c11_0____0__t_70edc453a411f33b____c7_1____4_fair.csv;t_70edc453a411f33b____c11_0____0__t_70edc453a411f33b____c12_1____3_fair.csv;t_70edc453a411f33b____c11_0____0__t_70edc453a411f33b____c10_1____3_fair.csv;t_70edc453a411f33b____c11_1____0__t_70edc453a411f33b____c7_1____4_fair.csv;t_70edc453a411f33b____c11_1____0__t_70edc453a411f33b____c12_1____3_fair.csv;t_70edc453a411f33b____c11_1____0__t_70edc453a411f33b____c10_1____3_fair.csv;t_70edc453a411f33b____c11_1____1__t_70edc453a411f33b____c7_1____4_fair.csv;t_70edc453a411f33b____c11_1____1__t_70edc453a411f33b____c12_1____3_fair.csv;t_70edc453a411f33b____c11_1____1__t_70edc453a411f33b____c10_1____3_fair.csv;t_70edc453a411f33b____c11_1____2__t_70edc453a411f33b____c7_1____4_fair.csv,{}
tusLarge3,starmie,t_013a2f8c584d44d7____c12_0____3_fair.csv,20,230,112,20,True,0.3317,0.0,0.0,0.08695652173913043,218.369744181633,218.369744181633,t_70edc453a411f33b____c11_0____0__t_70edc453a411f33b____c7_1____4_fair.csv;t_70edc453a411f33b____c11_0____0__t_70edc453a411f33b____c12_1____3_fair.csv;t_70edc453a411f33b____c11_0____0__t_70edc453a411f33b____c10_1____3_fair.csv;t_70edc453a411f33b____c11_1____0__t_70edc453a411f33b____c7_1____4_fair.csv;t_70edc453a411f33b____c11_1____0__t_70edc453a411f33b____c12_1____3_fair.csv;t_70edc453a411f33b____c11_1____0__t_70edc453a411f33b____c10_1____3_fair.csv;t_70edc453a411f33b____c11_1____1__t_70edc453a411f33b____c7_1____4_fair.csv;t_70edc453a411f33b____c11_1____1__t_70edc453a411f33b____c12_1____3_fair.csv;t_70edc453a411f33b____c11_1____1__t_70edc453a411f33b____c10_1____3_fair.csv;t_70edc453a411f33b____c11_1____2__t_70edc453a411f33b____c7_1____4_fair.csv;t_70edc453a411f33b____c11_1____2__t_70edc453a411f33b____c12_1____3_fair.csv;t_70edc453a411f33b____c11_1____2__t_70edc453a411f33b____c10_1____3_fair.csv;t_70edc453a411f33b____c11_0____1__t_70edc453a411f33b____c7_1____4_fair.csv;t_70edc453a411f33b____c11_0____1__t_70edc453a411f33b____c12_1____3_fair.csv;t_70edc453a411f33b____c11_0____1__t_70edc453a411f33b____c10_1____3_fair.csv;t_70edc453a411f33b____c11_0____2__t_70edc453a411f33b____c7_1____4_fair.csv;t_70edc453a411f33b____c11_0____2__t_70edc453a411f33b____c12_1____3_fair.csv;t_70edc453a411f33b____c11_0____2__t_70edc453a411f33b____c10_1____3_fair.csv;t_70edc453a411f33b____c11_0____4__t_70edc453a411f33b____c7_1____4_fair.csv;t_70edc453a411f33b____c11_0____4__t_70edc453a411f33b____c12_1____3_fair.csv,{}
tusLarge3,starmie,t_013a2f8c584d44d7____c4_1____2_fair.csv,5,416,321,5,True,0.4016,0.0,0.0,0.01201923076923077,18.63337731361389,18.63337731361389,t_70941cace7dd1c45____c4_0____3.csv;t_70941cace7dd1c45____c4_0____2.csv;t_70941cace7dd1c45____c4_0____4.csv;t_70941cace7dd1c45____c4_1____1.csv;t_70edc453a411f33b____c4_0____0__t_70edc453a411f33b____c10_1____3_fair.csv,{}
tusLarge3,starmie,t_013a2f8c584d44d7____c4_1____2_fair.csv,10,416,321,10,True,0.3987,0.0,0.0,0.02403846153846154,37.17698001861572,37.17698001861572,t_70941cace7dd1c45____c4_0____3.csv;t_70941cace7dd1c45____c4_0____2.csv;t_70941cace7dd1c45____c4_0____4.csv;t_70941cace7dd1c45____c4_1____1.csv;t_70edc453a411f33b____c4_0____0__t_70edc453a411f33b____c10_1____3_fair.csv;t_70941cace7dd1c45____c4_1____4.csv;t_dc9442ed0b52d69c____c4_1____3__t_dc9442ed0b52d69c____c2_1____2_fair.csv;t_70941cace7dd1c45____c4_0____1.csv;t_70941cace7dd1c45____c4_1____3.csv;t_dc9442ed0b52d69c____c4_1____0__t_dc9442ed0b52d69c____c2_1____2_fair.csv,{}
tusLarge3,starmie,t_013a2f8c584d44d7____c4_1____2_fair.csv,20,416,321,20,True,0.3882,0.0,0.0,0.04807692307692308,74.07639372348785,74.07639372348785,t_70941cace7dd1c45____c4_0____3.csv;t_70941cace7dd1c45____c4_0____2.csv;t_70941cace7dd1c45____c4_0____4.csv;t_70941cace7dd1c45____c4_1____1.csv;t_70edc453a411f33b____c4_0____0__t_70edc453a411f33b____c10_1____3_fair.csv;t_70941cace7dd1c45____c4_1____4.csv;t_dc9442ed0b52d69c____c4_1____3__t_dc9442ed0b52d69c____c2_1____2_fair.csv;t_70941cace7dd1c45____c4_0____1.csv;t_70941cace7dd1c45____c4_1____3.csv;t_dc9442ed0b52d69c____c4_1____0__t_dc9442ed0b52d69c____c2_1____2_fair.csv;t_dc9442ed0b52d69c____c4_0____0__t_dc9442ed0b52d69c____c9_0____2_fair.csv;t_dc9442ed0b52d69c____c4_0____2__t_dc9442ed0b52d69c____c9_0____2_fair.csv;t_70edc453a411f33b____c4_0____1__t_70edc453a411f33b____c10_1____3_fair.csv;t_70941cace7dd1c45____c4_1____2.csv;t_70941cace7dd1c45____c5_1____4.csv;t_dc9442ed0b52d69c____c4_1____2__t_dc9442ed0b52d69c____c2_1____2_fair.csv;t_70941cace7dd1c45____c5_1____3.csv;t_dc9442ed0b52d69c____c4_0____1__t_dc9442ed0b52d69c____c9_0____2_fair.csv;t_dc9442ed0b52d69c____c4_1____4__t_dc9442ed0b52d69c____c2_1____2_fair.csv;t_70edc453a411f33b____c4_1____3__t_70edc453a411f33b____c12_1____3_fair.csv,{}
tusLarge3,starmie,t_013a2f8c584d44d7____c6_1____4_fair.csv,5,416,263,5,True,0.3909,0.0,0.0,0.01201923076923077,28.28022450208664,28.28022450208664,t_70941cace7dd1c45____c6_0____3.csv;t_70941cace7dd1c45____c6_0____4.csv;t_70941cace7dd1c45____c6_0____1.csv;t_70941cace7dd1c45____c6_1____3.csv;t_70941cace7dd1c45____c6_0____2.csv,{}
tusLarge3,starmie,t_013a2f8c584d44d7____c6_1____4_fair.csv,10,416,263,10,True,0.371,0.0,0.0,0.02403846153846154,56.30722451210022,56.30722451210022,t_70941cace7dd1c45____c6_0____3.csv;t_70941cace7dd1c45____c6_0____4.csv;t_70941cace7dd1c45____c6_0____1.csv;t_70941cace7dd1c45____c6_1____3.csv;t_70941cace7dd1c45____c6_0____2.csv;t_70941cace7dd1c45____c6_1____0.csv;t_70941cace7dd1c45____c6_1____1.csv;t_70941cace7dd1c45____c6_0____0.csv;t_70941cace7dd1c45____c6_1____2.csv;t_70941cace7dd1c45____c6_1____4.csv,{}
tusLarge3,starmie,t_013a2f8c584d44d7____c6_1____4_fair.csv,20,416,263,20,True,0.3011,0.0,0.0,0.04807692307692308,107.09882777929306,107.09882777929306,t_70941cace7dd1c45____c6_0____3.csv;t_70941cace7dd1c45____c6_0____4.csv;t_70941cace7dd1c45____c6_0____1.csv;t_70941cace7dd1c45____c6_1____3.csv;t_70941cace7dd1c45____c6_0____2.csv;t_70941cace7dd1c45____c6_1____0.csv;t_70941cace7dd1c45____c6_1____1.csv;t_70941cace7dd1c45____c6_0____0.csv;t_70941cace7dd1c45____c6_1____2.csv;t_70941cace7dd1c45____c6_1____4.csv;t_dc9442ed0b52d69c____c7_1____3.csv;t_dc9442ed0b52d69c____c7_1____3__t_dc9442ed0b52d69c____c9_0____2_fair.csv;t_dc9442ed0b52d69c____c7_1____3__t_dc9442ed0b52d69c____c8_0____3_fair.csv;t_dc9442ed0b52d69c____c7_1____3__t_dc9442ed0b52d69c____c2_1____2_fair.csv;t_dc9442ed0b52d69c____c7_1____3__t_dc9442ed0b52d69c____c10_0____0_fair.csv;t_dc9442ed0b52d69c____c7_0____4.csv;t_dc9442ed0b52d69c____c7_1____1__t_dc9442ed0b52d69c____c9_0____2_fair.csv;t_dc9442ed0b52d69c____c7_1____1__t_dc9442ed0b52d69c____c8_0____3_fair.csv;t_dc9442ed0b52d69c____c7_1____1__t_dc9442ed0b52d69c____c2_1____2_fair.csv;t_dc9442ed0b52d69c____c7_1____1__t_dc9442ed0b52d69c____c10_0____0_fair.csv,{}
tusLarge3,starmie,t_013a2f8c584d44d7____c7_1____4_fair.csv,5,319,226,5,True,0.3866,0.0,0.0,0.01567398119122257,32.43842315673828,32.43842315673828,t_dc9442ed0b52d69c____c7_1____3__t_dc9442ed0b52d69c____c9_0____2_fair.csv;t_dc9442ed0b52d69c____c7_1____3__t_dc9442ed0b52d69c____c8_0____3_fair.csv;t_dc9442ed0b52d69c____c7_1____3__t_dc9442ed0b52d69c____c2_1____2_fair.csv;t_dc9442ed0b52d69c____c7_1____3__t_dc9442ed0b52d69c____c10_0____0_fair.csv;t_dc9442ed0b52d69c____c7_1____1__t_dc9442ed0b52d69c____c9_0____2_fair.csv,{}
tusLarge3,starmie,t_013a2f8c584d44d7____c7_1____4_fair.csv,10,319,226,10,True,0.3659,0.0,0.0,0.03134796238244514,64.81600672006607,64.81600672006607,t_dc9442ed0b52d69c____c7_1____3__t_dc9442ed0b52d69c____c9_0____2_fair.csv;t_dc9442ed0b52d69c____c7_1____3__t_dc9442ed0b52d69c____c8_0____3_fair.csv;t_dc9442ed0b52d69c____c7_1____3__t_dc9442ed0b52d69c____c2_1____2_fair.csv;t_dc9442ed0b52d69c____c7_1____3__t_dc9442ed0b52d69c____c10_0____0_fair.csv;t_dc9442ed0b52d69c____c7_1____1__t_dc9442ed0b52d69c____c9_0____2_fair.csv;t_dc9442ed0b52d69c____c7_1____1__t_dc9442ed0b52d69c____c8_0____3_fair.csv;t_dc9442ed0b52d69c____c7_1____1__t_dc9442ed0b52d69c____c2_1____2_fair.csv;t_dc9442ed0b52d69c____c7_1____1__t_dc9442ed0b52d69c____c10_0____0_fair.csv;t_dc9442ed0b52d69c____c7_0____4__t_dc9442ed0b52d69c____c10_0____0_fair.csv;t_dc9442ed0b52d69c____c7_1____3.csv,{}
tusLarge3,starmie,t_013a2f8c584d44d7____c7_1____4_fair.csv,20,319,226,20,True,0.3402,0.0,0.0,0.06269592476489028,128.9798047542572,128.9798047542572,t_dc9442ed0b52d69c____c7_1____3__t_dc9442ed0b52d69c____c9_0____2_fair.csv;t_dc9442ed0b52d69c____c7_1____3__t_dc9442ed0b52d69c____c8_0____3_fair.csv;t_dc9442ed0b52d69c____c7_1____3__t_dc9442ed0b52d69c____c2_1____2_fair.csv;t_dc9442ed0b52d69c____c7_1____3__t_dc9442ed0b52d69c____c10_0____0_fair.csv;t_dc9442ed0b52d69c____c7_1____1__t_dc9442ed0b52d69c____c9_0____2_fair.csv;t_dc9442ed0b52d69c____c7_1____1__t_dc9442ed0b52d69c____c8_0____3_fair.csv;t_dc9442ed0b52d69c____c7_1____1__t_dc9442ed0b52d69c____c2_1____2_fair.csv;t_dc9442ed0b52d69c____c7_1____1__t_dc9442ed0b52d69c____c10_0____0_fair.csv;t_dc9442ed0b52d69c____c7_0____4__t_dc9442ed0b52d69c____c10_0____0_fair.csv;t_dc9442ed0b52d69c____c7_1____3.csv;t_dc9442ed0b52d69c____c7_0____4.csv;t_dc9442ed0b52d69c____c7_1____0__t_dc9442ed0b52d69c____c9_0____2_fair.csv;t_dc9442ed0b52d69c____c7_1____0__t_dc9442ed0b52d69c____c8_0____3_fair.csv;t_dc9442ed0b52d69c____c7_1____0__t_dc9442ed0b52d69c____c2_1____2_fair.csv;t_dc9442ed0b52d69c____c7_1____0__t_dc9442ed0b52d69c____c10_0____0_fair.csv;t_dc9442ed0b52d69c____c7_1____1.csv;t_dc9442ed0b52d69c____c7_1____4.csv;t_dc9442ed0b52d69c____c7_1____2.csv;t_dc9442ed0b52d69c____c7_1____4__t_dc9442ed0b52d69c____c9_0____2_fair.csv;t_dc9442ed0b52d69c____c7_1____4__t_dc9442ed0b52d69c____c8_0____3_fair.csv,{}
tusLarge3,starmie,t_013a2f8c584d44d7____c13_0____0_fair.csv,5,313,109,5,True,0.3395,0.0,0.0,0.01597444089456869,58.57857269048691,58.57857269048691,t_70edc453a411f33b____c12_0____0__t_70edc453a411f33b____c7_1____4_fair.csv;t_70edc453a411f33b____c12_0____0__t_70edc453a411f33b____c12_1____3_fair.csv;t_70edc453a411f33b____c12_0____0__t_70edc453a411f33b____c10_1____3_fair.csv;t_70edc453a411f33b____c12_0____1__t_70edc453a411f33b____c10_1____3_fair.csv;t_70edc453a411f33b____c11_0____0__t_70edc453a411f33b____c7_1____4_fair.csv,{}
tusLarge3,starmie,t_013a2f8c584d44d7____c13_0____0_fair.csv,10,313,109,10,False,0.2938,0.0,0.0,0.03194888178913738,113.37633746862411,113.37633746862411,t_70edc453a411f33b____c12_0____0__t_70edc453a411f33b____c7_1____4_fair.csv;t_70edc453a411f33b____c12_0____0__t_70edc453a411f33b____c12_1____3_fair.csv;t_70edc453a411f33b____c12_0____0__t_70edc453a411f33b____c10_1____3_fair.csv;t_70edc453a411f33b____c12_0____1__t_70edc453a411f33b____c10_1____3_fair.csv;t_70edc453a411f33b____c11_0____0__t_70edc453a411f33b____c7_1____4_fair.csv;t_70edc453a411f33b____c11_0____0__t_70edc453a411f33b____c12_1____3_fair.csv;t_70edc453a411f33b____c11_0____0__t_70edc453a411f33b____c10_1____3_fair.csv;t_70edc453a411f33b____c11_1____0__t_70edc453a411f33b____c7_1____4_fair.csv;t_70edc453a411f33b____c11_1____0__t_70edc453a411f33b____c12_1____3_fair.csv;t_70edc453a411f33b____c11_1____0__t_70edc453a411f33b____c10_1____3_fair.csv,{}
tusLarge3,starmie,t_013a2f8c584d44d7____c13_0____0_fair.csv,20,313,109,20,False,0.2504,0.0,0.0,0.06389776357827476,222.80836141109467,222.80836141109467,t_70edc453a411f33b____c12_0____0__t_70edc453a411f33b____c7_1____4_fair.csv;t_70edc453a411f33b____c12_0____0__t_70edc453a411f33b____c12_1____3_fair.csv;t_70edc453a411f33b____c12_0____0__t_70edc453a411f33b____c10_1____3_fair.csv;t_70edc453a411f33b____c12_0____1__t_70edc453a411f33b____c10_1____3_fair.csv;t_70edc453a411f33b____c11_0____0__t_70edc453a411f33b____c7_1____4_fair.csv;t_70edc453a411f33b____c11_0____0__t_70edc453a411f33b____c12_1____3_fair.csv;t_70edc453a411f33b____c11_0____0__t_70edc453a411f33b____c10_1____3_fair.csv;t_70edc453a411f33b____c11_1____0__t_70edc453a411f33b____c7_1____4_fair.csv;t_70edc453a411f33b____c11_1____0__t_70edc453a411f33b____c12_1____3_fair.csv;t_70edc453a411f33b____c11_1____0__t_70edc453a411f33b____c10_1____3_fair.csv;t_70edc453a411f33b____c11_1____2__t_70edc453a411f33b____c7_1____4_fair.csv;t_70edc453a411f33b____c11_1____2__t_70edc453a411f33b____c12_1____3_fair.csv;t_70edc453a411f33b____c11_1____2__t_70edc453a411f33b____c10_1____3_fair.csv;t_70edc453a411f33b____c11_1____1__t_70edc453a411f33b____c7_1____4_fair.csv;t_70edc453a411f33b____c11_1____1__t_70edc453a411f33b____c12_1____3_fair.csv;t_70edc453a411f33b____c11_1____1__t_70edc453a411f33b____c10_1____3_fair.csv;t_70edc453a411f33b____c11_0____1__t_70edc453a411f33b____c7_1____4_fair.csv;t_70edc453a411f33b____c11_0____1__t_70edc453a411f33b____c12_1____3_fair.csv;t_70edc453a411f33b____c11_0____1__t_70edc453a411f33b____c10_1____3_fair.csv;t_70edc453a411f33b____c11_1____4__t_70edc453a411f33b____c7_1____4_fair.csv,{}
tusLarge3,starmie,PED_YT_DTL_SNF____c18_1____1_fair.csv,5,235,61,5,False,0.2085,1.0,0.02127659574468085,0.02127659574468085,84.97158324718475,84.97158324718475,PED_YT_DTL_SNF____c20_0____1__PED_YT_DTL_SNF____c22_0____2_fair.csv;PED_YT_DTL_SNF____c20_0____1__PED_YT_DTL_SNF____c18_1____1_fair.csv;PED_YT_DTL_SNF____c20_0____1.csv;PED_YT_DTL_SNF____c18_1____2__PED_YT_DTL_SNF____c22_0____2_fair.csv;PED_YT_DTL_SNF____c18_1____2__PED_YT_DTL_SNF____c18_1____1_fair.csv,{}
tusLarge3,starmie,PED_YT_DTL_SNF____c18_1____1_fair.csv,10,235,61,10,False,0.1493,1.0,0.0425531914893617,0.0425531914893617,168.90596967935562,168.90596967935562,PED_YT_DTL_SNF____c20_0____1__PED_YT_DTL_SNF____c22_0____2_fair.csv;PED_YT_DTL_SNF____c20_0____1__PED_YT_DTL_SNF____c18_1____1_fair.csv;PED_YT_DTL_SNF____c20_0____1.csv;PED_YT_DTL_SNF____c18_1____2__PED_YT_DTL_SNF____c22_0____2_fair.csv;PED_YT_DTL_SNF____c18_1____2__PED_YT_DTL_SNF____c18_1____1_fair.csv;PED_YT_DTL_SNF____c20_0____2__PED_YT_DTL_SNF____c22_0____2_fair.csv;PED_YT_DTL_SNF____c20_0____2__PED_YT_DTL_SNF____c18_1____1_fair.csv;PED_YT_DTL_SNF____c20_0____2.csv;PED_YT_DTL_SNF____c18_1____2.csv;PED_YT_DTL_SNF____c19_0____1__PED_YT_DTL_SNF____c22_0____2_fair.csv,{}
tusLarge3,starmie,PED_YT_DTL_SNF____c18_1____1_fair.csv,20,235,61,20,False,0.0172,0.65,0.05531914893617021,0.0851063829787234,331.3967454433441,331.3943600654602,PED_YT_DTL_SNF____c20_0____1__PED_YT_DTL_SNF____c22_0____2_fair.csv;PED_YT_DTL_SNF____c20_0____1__PED_YT_DTL_SNF____c18_1____1_fair.csv;PED_YT_DTL_SNF____c20_0____1.csv;PED_YT_DTL_SNF____c18_1____2__PED_YT_DTL_SNF____c22_0____2_fair.csv;PED_YT_DTL_SNF____c18_1____2__PED_YT_DTL_SNF____c18_1____1_fair.csv;PED_YT_DTL_SNF____c20_0____2__PED_YT_DTL_SNF____c22_0____2_fair.csv;PED_YT_DTL_SNF____c20_0____2__PED_YT_DTL_SNF____c18_1____1_fair.csv;PED_YT_DTL_SNF____c20_0____2.csv;PED_YT_DTL_SNF____c18_1____2.csv;PED_YT_DTL_SNF____c19_0____1__PED_YT_DTL_SNF____c22_0____2_fair.csv;PED_YT_DTL_SNF____c19_0____1__PED_YT_DTL_SNF____c19_1____0_fair.csv;PED_YT_DTL_SNF____c19_0____1__PED_YT_DTL_SNF____c18_1____1_fair.csv;PED_YT_DTL_SNF____c19_0____1.csv;PED_SK_DTL_SNF____c17_1____3__PED_SK_DTL_SNF____c9_0____3_fair.csv;PED_SK_DTL_SNF____c17_1____3__PED_SK_DTL_SNF____c3_1____2_fair.csv;PED_SK_DTL_SNF____c17_1____3__PED_SK_DTL_SNF____c19_0____0_fair.csv;PED_SK_DTL_SNF____c17_1____3__PED_SK_DTL_SNF____c18_0____2_fair.csv;PED_SK_DTL_SNF____c17_1____3__PED_SK_DTL_SNF____c16_0____0_fair.csv;PED_SK_DTL_SNF____c17_1____3__PED_SK_DTL_SNF____c12_0____3_fair.csv;PED_YT_DTL_SNF____c17_1____1__PED_YT_DTL_SNF____c22_0____2_fair.csv,{}
tusLarge3,starmie,PED_SK_DTL_SNF____c18_0____2_fair.csv,5,811,65,5,False,0.0751,1.0,0.006165228113440197,0.006165228113440197,86.26941442489624,86.26941442489624,PED_SK_DTL_SNF____c18_1____2__PED_SK_DTL_SNF____c9_0____3_fair.csv;PED_SK_DTL_SNF____c18_1____2__PED_SK_DTL_SNF____c3_1____2_fair.csv;PED_SK_DTL_SNF____c18_1____2__PED_SK_DTL_SNF____c23_0____0_fair.csv;PED_SK_DTL_SNF____c18_1____2__PED_SK_DTL_SNF____c18_0____2_fair.csv;PED_SK_DTL_SNF____c18_1____2__PED_SK_DTL_SNF____c14_1____4_fair.csv,{}
tusLarge3,starmie,PED_SK_DTL_SNF____c18_0____2_fair.csv,10,811,65,10,False,0.0425,1.0,0.012330456226880395,0.012330456226880395,171.56520175933838,171.56520175933838,PED_SK_DTL_SNF____c18_1____2__PED_SK_DTL_SNF____c9_0____3_fair.csv;PED_SK_DTL_SNF____c18_1____2__PED_SK_DTL_SNF____c3_1____2_fair.csv;PED_SK_DTL_SNF____c18_1____2__PED_SK_DTL_SNF____c23_0____0_fair.csv;PED_SK_DTL_SNF____c18_1____2__PED_SK_DTL_SNF____c18_0____2_fair.csv;PED_SK_DTL_SNF____c18_1____2__PED_SK_DTL_SNF____c14_1____4_fair.csv;PED_SK_DTL_SNF____c18_1____2.csv;PED_SK_DTL_SNF____c21_0____2__PED_SK_DTL_SNF____c9_0____3_fair.csv;PED_SK_DTL_SNF____c21_0____2__PED_SK_DTL_SNF____c3_1____2_fair.csv;PED_SK_DTL_SNF____c21_0____2__PED_SK_DTL_SNF____c23_0____0_fair.csv;PED_SK_DTL_SNF____c21_0____2__PED_SK_DTL_SNF____c19_0____0_fair.csv,{}
tusLarge3,starmie,PED_SK_DTL_SNF____c18_0____2_fair.csv,20,811,65,20,False,0.0228,0.7,0.01726263871763255,0.02466091245376079,340.7472992539406,340.7472992539406,PED_SK_DTL_SNF____c18_1____2__PED_SK_DTL_SNF____c9_0____3_fair.csv;PED_SK_DTL_SNF____c18_1____2__PED_SK_DTL_SNF____c3_1____2_fair.csv;PED_SK_DTL_SNF____c18_1____2__PED_SK_DTL_SNF____c23_0____0_fair.csv;PED_SK_DTL_SNF____c18_1____2__PED_SK_DTL_SNF____c18_0____2_fair.csv;PED_SK_DTL_SNF____c18_1____2__PED_SK_DTL_SNF____c14_1____4_fair.csv;PED_SK_DTL_SNF____c18_1____2.csv;PED_SK_DTL_SNF____c21_0____2__PED_SK_DTL_SNF____c9_0____3_fair.csv;PED_SK_DTL_SNF____c21_0____2__PED_SK_DTL_SNF____c3_1____2_fair.csv;PED_SK_DTL_SNF____c21_0____2__PED_SK_DTL_SNF____c23_0____0_fair.csv;PED_SK_DTL_SNF____c21_0____2__PED_SK_DTL_SNF____c19_0____0_fair.csv;PED_SK_DTL_SNF____c21_0____2__PED_SK_DTL_SNF____c18_0____2_fair.csv;PED_SK_DTL_SNF____c21_0____2__PED_SK_DTL_SNF____c14_1____4_fair.csv;PED_SK_DTL_SNF____c21_0____2__PED_SK_DTL_SNF____c12_0____3_fair.csv;PED_SK_DTL_SNF____c21_0____2.csv;PED_SK_DTL_SNF____c19_1____2__PED_SK_DTL_SNF____c3_1____2_fair.csv;PED_SK_DTL_SNF____c19_1____2__PED_SK_DTL_SNF____c23_0____0_fair.csv;PED_SK_DTL_SNF____c19_1____2__PED_SK_DTL_SNF____c14_1____4_fair.csv;PED_SK_DTL_SNF____c19_1____2.csv;t_285b3bcd52ec0c86____c18_1____2.csv;t_285b3bcd52ec0c86____c18_1____2__t_285b3bcd52ec0c86____c9_1____4_fair.csv,{}
tusLarge3,starmie,PED_YT_DTL_SNF____c19_1____0_fair.csv,5,242,56,5,False,0.0952,0.6,0.012396694214876033,0.02066115702479339,89.10398322343826,89.10398322343826,PED_YT_DTL_SNF____c20_1____0__PED_YT_DTL_SNF____c22_0____2_fair.csv;PED_YT_DTL_SNF____c20_1____0__PED_YT_DTL_SNF____c19_1____0_fair.csv;PED_YT_DTL_SNF____c20_1____0.csv;PED_YT_DTL_SNF____c21_0____0__PED_YT_DTL_SNF____c22_0____2_fair.csv;PED_YT_DTL_SNF____c21_0____0__PED_YT_DTL_SNF____c18_1____1_fair.csv,{}
tusLarge3,starmie,PED_YT_DTL_SNF____c19_1____0_fair.csv,10,242,56,10,False,0.0542,0.7,0.028925619834710745,0.04132231404958678,177.71178650856018,177.71178650856018,PED_YT_DTL_SNF____c20_1____0__PED_YT_DTL_SNF____c22_0____2_fair.csv;PED_YT_DTL_SNF____c20_1____0__PED_YT_DTL_SNF____c19_1____0_fair.csv;PED_YT_DTL_SNF____c20_1____0.csv;PED_YT_DTL_SNF____c21_0____0__PED_YT_DTL_SNF____c22_0____2_fair.csv;PED_YT_DTL_SNF____c21_0____0__PED_YT_DTL_SNF____c18_1____1_fair.csv;PED_YT_DTL_SNF____c21_0____0.csv;PED_YT_DTL_SNF____c19_0____0__PED_YT_DTL_SNF____c22_0____2_fair.csv;PED_YT_DTL_SNF____c19_0____0__PED_YT_DTL_SNF____c19_1____0_fair.csv;PED_YT_DTL_SNF____c19_0____0__PED_YT_DTL_SNF____c18_1____1_fair.csv;PED_YT_DTL_SNF____c19_0____0.csv,{}
tusLarge3,starmie,PED_YT_DTL_SNF____c19_1____0_fair.csv,20,242,56,20,False,0.0082,0.35,0.028925619834710745,0.08264462809917356,350.7814158797264,350.7814158797264,PED_YT_DTL_SNF____c20_1____0__PED_YT_DTL_SNF____c22_0____2_fair.csv;PED_YT_DTL_SNF____c20_1____0__PED_YT_DTL_SNF____c19_1____0_fair.csv;PED_YT_DTL_SNF____c20_1____0.csv;PED_YT_DTL_SNF____c21_0____0__PED_YT_DTL_SNF____c22_0____2_fair.csv;PED_YT_DTL_SNF____c21_0____0__PED_YT_DTL_SNF____c18_1____1_fair.csv;PED_YT_DTL_SNF____c21_0____0.csv;PED_YT_DTL_SNF____c19_0____0__PED_YT_DTL_SNF____c22_0____2_fair.csv;PED_YT_DTL_SNF____c19_0____0__PED_YT_DTL_SNF____c19_1____0_fair.csv;PED_YT_DTL_SNF____c19_0____0__PED_YT_DTL_SNF____c18_1____1_fair.csv;PED_YT_DTL_SNF____c19_0____0.csv;PED_YT_DTL_SNF____c21_1____0__PED_YT_DTL_SNF____c22_0____2_fair.csv;PED_YT_DTL_SNF____c20_0____0__PED_YT_DTL_SNF____c22_0____2_fair.csv;PED_YT_DTL_SNF____c20_0____0__PED_YT_DTL_SNF____c18_1____1_fair.csv;PED_YT_DTL_SNF____c20_0____0.csv;t_285b3bcd52ec0c86____c19_0____2__t_285b3bcd52ec0c86____c9_1____4_fair.csv;t_285b3bcd52ec0c86____c19_0____2__t_285b3bcd52ec0c86____c9_0____2_fair.csv;t_285b3bcd52ec0c86____c19_0____2__t_285b3bcd52ec0c86____c6_0____0_fair.csv;t_285b3bcd52ec0c86____c19_0____2__t_285b3bcd52ec0c86____c20_1____2_fair.csv;t_285b3bcd52ec0c86____c19_0____2__t_285b3bcd52ec0c86____c12_0____1_fair.csv;t_285b3bcd52ec0c86____c19_0____2.csv,{}
tusLarge3,starmie,t_014c2259cce4ab13____c3_1____0_fair.csv,5,745,182,5,False,0.0286,0.4,0.0026845637583892616,0.006711409395973154,13.687284350395203,13.687284350395203,t_014c2259cce4ab13____c3_1____1__t_014c2259cce4ab13____c3_1____0_fair.csv;t_28dc8f7610402ea7____c4_0____2__t_28dc8f7610402ea7____c9_0____0_fair.csv;t_28dc8f7610402ea7____c4_0____2.csv;t_014c2259cce4ab13____c3_1____1.csv;t_28dc8f7610402ea7____c4_0____4__t_28dc8f7610402ea7____c9_0____0_fair.csv,{}
tusLarge3,starmie,t_014c2259cce4ab13____c3_1____0_fair.csv,10,745,182,10,False,0.0415,0.6,0.008053691275167786,0.013422818791946308,27.165768146514893,27.165768146514893,t_014c2259cce4ab13____c3_1____1__t_014c2259cce4ab13____c3_1____0_fair.csv;t_28dc8f7610402ea7____c4_0____2__t_28dc8f7610402ea7____c9_0____0_fair.csv;t_28dc8f7610402ea7____c4_0____2.csv;t_014c2259cce4ab13____c3_1____1.csv;t_28dc8f7610402ea7____c4_0____4__t_28dc8f7610402ea7____c9_0____0_fair.csv;t_014c2259cce4ab13____c3_1____2__t_014c2259cce4ab13____c3_1____0_fair.csv;t_014c2259cce4ab13____c3_1____4__t_014c2259cce4ab13____c3_1____0_fair.csv;t_28dc8f7610402ea7____c4_0____3.csv;t_014c2259cce4ab13____c3_1____4.csv;t_014c2259cce4ab13____c3_1____2.csv,{}
tusLarge3,starmie,t_014c2259cce4ab13____c3_1____0_fair.csv,20,745,182,20,False,0.0198,0.3,0.008053691275167786,0.026845637583892617,53.64452451467514,53.64452451467514,t_014c2259cce4ab13____c3_1____1__t_014c2259cce4ab13____c3_1____0_fair.csv;t_28dc8f7610402ea7____c4_0____2__t_28dc8f7610402ea7____c9_0____0_fair.csv;t_28dc8f7610402ea7____c4_0____2.csv;t_014c2259cce4ab13____c3_1____1.csv;t_28dc8f7610402ea7____c4_0____4__t_28dc8f7610402ea7____c9_0____0_fair.csv;t_014c2259cce4ab13____c3_1____2__t_014c2259cce4ab13____c3_1____0_fair.csv;t_014c2259cce4ab13____c3_1____4__t_014c2259cce4ab13____c3_1____0_fair.csv;t_28dc8f7610402ea7____c4_0____3.csv;t_014c2259cce4ab13____c3_1____4.csv;t_014c2259cce4ab13____c3_1____2.csv;t_8b2f04db4903263f____c3_0____1.csv;t_28dc8f7610402ea7____c6_0____2.csv;t_28dc8f7610402ea7____c4_0____3__t_28dc8f7610402ea7____c9_0____0_fair.csv;t_e9efd5cda78af711____c5_1____0.csv;t_bd6030667b3d0d9a____c3_1____3__t_bd6030667b3d0d9a____c5_0____4_fair.csv;t_28dc8f7610402ea7____c6_0____2__t_28dc8f7610402ea7____c9_0____0_fair.csv;t_28dc8f7610402ea7____c6_0____2__t_28dc8f7610402ea7____c3_0____3_fair.csv;t_014c2259cce4ab13____c5_1____0.csv;t_8b2f04db4903263f____c6_1____2.csv;t_014c2259cce4ab13____c4_1____0.csv,{}
tusLarge3,starmie,t_014c2259cce4ab13____c5_0____0_fair.csv,5,734,167,5,False,0.0788,0.0,0.0,0.006811989100817439,23.48665499687195,23.48665499687195,t_014c2259cce4ab13____c5_1____0__t_014c2259cce4ab13____c17_1____1_fair.csv;t_014c2259cce4ab13____c5_1____0.csv;t_014c2259cce4ab13____c6_1____0.csv;t_014c2259cce4ab13____c6_1____0__t_014c2259cce4ab13____c3_1____0_fair.csv;t_014c2259cce4ab13____c6_1____0__t_014c2259cce4ab13____c24_1____3_fair.csv,{}
tusLarge3,starmie,t_014c2259cce4ab13____c5_0____0_fair.csv,10,734,167,10,False,0.013,0.4,0.005449591280653951,0.013623978201634877,46.109964311122894,46.109964311122894,t_014c2259cce4ab13____c5_1____0__t_014c2259cce4ab13____c17_1____1_fair.csv;t_014c2259cce4ab13____c5_1____0.csv;t_014c2259cce4ab13____c6_1____0.csv;t_014c2259cce4ab13____c6_1____0__t_014c2259cce4ab13____c3_1____0_fair.csv;t_014c2259cce4ab13____c6_1____0__t_014c2259cce4ab13____c24_1____3_fair.csv;t_014c2259cce4ab13____c8_0____4.csv;t_014c2259cce4ab13____c8_0____2__t_014c2259cce4ab13____c5_0____0_fair.csv;t_014c2259cce4ab13____c8_0____2__t_014c2259cce4ab13____c17_1____1_fair.csv;t_014c2259cce4ab13____c8_0____2.csv;t_014c2259cce4ab13____c6_1____4__t_014c2259cce4ab13____c3_1____0_fair.csv,{}
tusLarge3,starmie,t_014c2259cce4ab13____c5_0____0_fair.csv,20,734,167,20,False,0.0593,0.55,0.014986376021798364,0.027247956403269755,91.06865334510803,91.06865334510803,t_014c2259cce4ab13____c5_1____0__t_014c2259cce4ab13____c17_1____1_fair.csv;t_014c2259cce4ab13____c5_1____0.csv;t_014c2259cce4ab13____c6_1____0.csv;t_014c2259cce4ab13____c6_1____0__t_014c2259cce4ab13____c3_1____0_fair.csv;t_014c2259cce4ab13____c6_1____0__t_014c2259cce4ab13____c24_1____3_fair.csv;t_014c2259cce4ab13____c8_0____4.csv;t_014c2259cce4ab13____c8_0____2__t_014c2259cce4ab13____c5_0____0_fair.csv;t_014c2259cce4ab13____c8_0____2__t_014c2259cce4ab13____c17_1____1_fair.csv;t_014c2259cce4ab13____c8_0____2.csv;t_014c2259cce4ab13____c6_1____4__t_014c2259cce4ab13____c3_1____0_fair.csv;t_014c2259cce4ab13____c5_0____4.csv;t_014c2259cce4ab13____c5_1____4__t_014c2259cce4ab13____c17_1____1_fair.csv;t_014c2259cce4ab13____c5_0____2__t_014c2259cce4ab13____c5_0____0_fair.csv;t_014c2259cce4ab13____c5_0____1.csv;t_014c2259cce4ab13____c8_0____4__t_014c2259cce4ab13____c5_0____0_fair.csv;t_014c2259cce4ab13____c8_0____4__t_014c2259cce4ab13____c17_1____1_fair.csv;t_014c2259cce4ab13____c5_1____2.csv;t_014c2259cce4ab13____c8_0____0.csv;t_014c2259cce4ab13____c6_1____4.csv;t_014c2259cce4ab13____c8_0____0__t_014c2259cce4ab13____c5_0____0_fair.csv,{}
tusLarge3,starmie,PED_SK_DTL_SNF____c23_0____0_fair.csv,5,710,47,5,False,0.1775,1.0,0.007042253521126761,0.007042253521126761,107.02098459005356,107.02093780040741,PED_SK_DTL_SNF____c22_1____0__PED_SK_DTL_SNF____c9_0____3_fair.csv;PED_SK_DTL_SNF____c22_1____0__PED_SK_DTL_SNF____c23_0____0_fair.csv;PED_SK_DTL_SNF____c22_1____0__PED_SK_DTL_SNF____c19_0____0_fair.csv;PED_SK_DTL_SNF____c22_1____0__PED_SK_DTL_SNF____c18_0____2_fair.csv;PED_SK_DTL_SNF____c22_1____0__PED_SK_DTL_SNF____c16_0____0_fair.csv,{}
tusLarge3,starmie,PED_SK_DTL_SNF____c23_0____0_fair.csv,10,710,47,10,False,0.0593,0.7,0.009859154929577466,0.014084507042253521,213.8851473927498,213.88508188724518,PED_SK_DTL_SNF____c22_1____0__PED_SK_DTL_SNF____c9_0____3_fair.csv;PED_SK_DTL_SNF____c22_1____0__PED_SK_DTL_SNF____c23_0____0_fair.csv;PED_SK_DTL_SNF____c22_1____0__PED_SK_DTL_SNF____c19_0____0_fair.csv;PED_SK_DTL_SNF____c22_1____0__PED_SK_DTL_SNF____c18_0____2_fair.csv;PED_SK_DTL_SNF____c22_1____0__PED_SK_DTL_SNF____c16_0____0_fair.csv;PED_SK_DTL_SNF____c22_1____0__PED_SK_DTL_SNF____c12_0____3_fair.csv;PED_SK_DTL_SNF____c22_1____0.csv;t_e9efd5cda78af711____c23_0____2__t_e9efd5cda78af711____c6_0____3_fair.csv;t_e9efd5cda78af711____c23_0____2__t_e9efd5cda78af711____c5_0____3_fair.csv;t_e9efd5cda78af711____c23_0____2__t_e9efd5cda78af711____c18_0____0_fair.csv,{}
tusLarge3,starmie,PED_SK_DTL_SNF____c23_0____0_fair.csv,20,710,47,20,False,0.0421,0.6,0.016901408450704224,0.028169014084507043,426.47658437490463,426.4762419462204,PED_SK_DTL_SNF____c22_1____0__PED_SK_DTL_SNF____c9_0____3_fair.csv;PED_SK_DTL_SNF____c22_1____0__PED_SK_DTL_SNF____c23_0____0_fair.csv;PED_SK_DTL_SNF____c22_1____0__PED_SK_DTL_SNF____c19_0____0_fair.csv;PED_SK_DTL_SNF____c22_1____0__PED_SK_DTL_SNF____c18_0____2_fair.csv;PED_SK_DTL_SNF____c22_1____0__PED_SK_DTL_SNF____c16_0____0_fair.csv;PED_SK_DTL_SNF____c22_1____0__PED_SK_DTL_SNF____c12_0____3_fair.csv;PED_SK_DTL_SNF____c22_1____0.csv;t_e9efd5cda78af711____c23_0____2__t_e9efd5cda78af711____c6_0____3_fair.csv;t_e9efd5cda78af711____c23_0____2__t_e9efd5cda78af711____c5_0____3_fair.csv;t_e9efd5cda78af711____c23_0____2__t_e9efd5cda78af711____c18_0____0_fair.csv;t_e9efd5cda78af711____c23_0____2__t_e9efd5cda78af711____c13_0____3_fair.csv;t_e9efd5cda78af711____c23_1____2__t_e9efd5cda78af711____c6_0____3_fair.csv;t_e9efd5cda78af711____c23_1____2__t_e9efd5cda78af711____c5_0____3_fair.csv;t_e9efd5cda78af711____c23_1____2__t_e9efd5cda78af711____c18_0____0_fair.csv;t_e9efd5cda78af711____c23_1____2__t_e9efd5cda78af711____c13_0____3_fair.csv;PED_SK_DTL_SNF____c22_1____0__PED_SK_DTL_SNF____c14_1____4_fair.csv;PED_SK_DTL_SNF____c22_0____0__PED_SK_DTL_SNF____c14_1____4_fair.csv;PED_SK_DTL_SNF____c22_0____0__PED_SK_DTL_SNF____c9_0____3_fair.csv;PED_SK_DTL_SNF____c22_0____0__PED_SK_DTL_SNF____c3_1____2_fair.csv;PED_SK_DTL_SNF____c22_0____0__PED_SK_DTL_SNF____c23_0____0_fair.csv,{}
tusLarge3,starmie,t_014c2259cce4ab13____c17_1____1_fair.csv,5,772,71,5,False,0.1149,0.0,0.0,0.006476683937823834,80.09184098243713,80.09184098243713,t_014c2259cce4ab13____c17_0____3__t_014c2259cce4ab13____c5_0____0_fair.csv;t_014c2259cce4ab13____c17_0____3__t_014c2259cce4ab13____c3_1____0_fair.csv;t_014c2259cce4ab13____c17_0____3__t_014c2259cce4ab13____c24_1____3_fair.csv;t_014c2259cce4ab13____c17_0____3__t_014c2259cce4ab13____c20_0____0_fair.csv;t_014c2259cce4ab13____c17_0____3.csv,{}
tusLarge3,starmie,t_014c2259cce4ab13____c17_1____1_fair.csv,10,772,71,10,False,0.0481,0.2,0.0025906735751295338,0.012953367875647668,154.63054811954498,154.63054811954498,t_014c2259cce4ab13____c17_0____3__t_014c2259cce4ab13____c5_0____0_fair.csv;t_014c2259cce4ab13____c17_0____3__t_014c2259cce4ab13____c3_1____0_fair.csv;t_014c2259cce4ab13____c17_0____3__t_014c2259cce4ab13____c24_1____3_fair.csv;t_014c2259cce4ab13____c17_0____3__t_014c2259cce4ab13____c20_0____0_fair.csv;t_014c2259cce4ab13____c17_0____3.csv;t_014c2259cce4ab13____c16_0____3__t_014c2259cce4ab13____c27_0____4_fair.csv;t_014c2259cce4ab13____c16_0____3__t_014c2259cce4ab13____c24_1____3_fair.csv;t_014c2259cce4ab13____c16_0____3__t_014c2259cce4ab13____c20_0____0_fair.csv;t_014c2259cce4ab13____c16_1____1__t_014c2259cce4ab13____c5_0____0_fair.csv;t_014c2259cce4ab13____c16_1____1__t_014c2259cce4ab13____c3_1____0_fair.csv,{}
tusLarge3,starmie,t_014c2259cce4ab13____c17_1____1_fair.csv,20,772,71,20,False,0.0228,0.6,0.015544041450777202,0.025906735751295335,300.04489028453827,300.04489028453827,t_014c2259cce4ab13____c17_0____3__t_014c2259cce4ab13____c5_0____0_fair.csv;t_014c2259cce4ab13____c17_0____3__t_014c2259cce4ab13____c3_1____0_fair.csv;t_014c2259cce4ab13____c17_0____3__t_014c2259cce4ab13____c24_1____3_fair.csv;t_014c2259cce4ab13____c17_0____3__t_014c2259cce4ab13____c20_0____0_fair.csv;t_014c2259cce4ab13____c17_0____3.csv;t_014c2259cce4ab13____c16_0____3__t_014c2259cce4ab13____c27_0____4_fair.csv;t_014c2259cce4ab13____c16_0____3__t_014c2259cce4ab13____c24_1____3_fair.csv;t_014c2259cce4ab13____c16_0____3__t_014c2259cce4ab13____c20_0____0_fair.csv;t_014c2259cce4ab13____c16_1____1__t_014c2259cce4ab13____c5_0____0_fair.csv;t_014c2259cce4ab13____c16_1____1__t_014c2259cce4ab13____c3_1____0_fair.csv;t_014c2259cce4ab13____c16_1____1__t_014c2259cce4ab13____c27_0____4_fair.csv;t_014c2259cce4ab13____c16_1____1__t_014c2259cce4ab13____c20_0____0_fair.csv;t_014c2259cce4ab13____c16_1____1__t_014c2259cce4ab13____c17_1____1_fair.csv;t_014c2259cce4ab13____c15_0____1__t_014c2259cce4ab13____c5_0____0_fair.csv;t_014c2259cce4ab13____c15_0____1__t_014c2259cce4ab13____c3_1____0_fair.csv;t_014c2259cce4ab13____c15_0____1__t_014c2259cce4ab13____c24_1____3_fair.csv;t_014c2259cce4ab13____c15_0____1__t_014c2259cce4ab13____c17_1____1_fair.csv;t_014c2259cce4ab13____c15_1____1__t_014c2259cce4ab13____c5_0____0_fair.csv;t_014c2259cce4ab13____c15_1____1__t_014c2259cce4ab13____c3_1____0_fair.csv;t_014c2259cce4ab13____c15_1____1__t_014c2259cce4ab13____c27_0____4_fair.csv,{}
tusLarge3,starmie,t_03e347c6a1b6918b____c14_0____4_fair.csv,5,969,81,5,False,0.0721,1.0,0.005159958720330237,0.005159958720330237,67.85892796516418,67.85892796516418,t_03e347c6a1b6918b____c14_0____2__t_03e347c6a1b6918b____c18_1____4_fair.csv;t_03e347c6a1b6918b____c14_0____3__t_03e347c6a1b6918b____c4_1____3_fair.csv;t_03e347c6a1b6918b____c14_0____3__t_03e347c6a1b6918b____c4_1____2_fair.csv;t_03e347c6a1b6918b____c14_0____2__t_03e347c6a1b6918b____c14_0____4_fair.csv;t_03e347c6a1b6918b____c14_0____3__t_03e347c6a1b6918b____c18_1____4_fair.csv,{}
tusLarge3,starmie,t_03e347c6a1b6918b____c14_0____4_fair.csv,10,969,81,10,False,0.0361,1.0,0.010319917440660475,0.010319917440660475,135.45239239931107,135.45239239931107,t_03e347c6a1b6918b____c14_0____2__t_03e347c6a1b6918b____c18_1____4_fair.csv;t_03e347c6a1b6918b____c14_0____3__t_03e347c6a1b6918b____c4_1____3_fair.csv;t_03e347c6a1b6918b____c14_0____3__t_03e347c6a1b6918b____c4_1____2_fair.csv;t_03e347c6a1b6918b____c14_0____2__t_03e347c6a1b6918b____c14_0____4_fair.csv;t_03e347c6a1b6918b____c14_0____3__t_03e347c6a1b6918b____c18_1____4_fair.csv;t_03e347c6a1b6918b____c14_0____3__t_03e347c6a1b6918b____c6_0____1_fair.csv;t_03e347c6a1b6918b____c14_0____3__t_03e347c6a1b6918b____c2_0____1_fair.csv;t_03e347c6a1b6918b____c14_0____3__t_03e347c6a1b6918b____c19_0____1_fair.csv;t_03e347c6a1b6918b____c14_0____3__t_03e347c6a1b6918b____c16_1____4_fair.csv;t_03e347c6a1b6918b____c16_1____3__t_03e347c6a1b6918b____c20_1____0_fair.csv,{}
tusLarge3,starmie,t_03e347c6a1b6918b____c14_0____4_fair.csv,20,969,81,20,False,0.0175,1.0,0.02063983488132095,0.02063983488132095,270.2018586397171,270.2018586397171,t_03e347c6a1b6918b____c14_0____2__t_03e347c6a1b6918b____c18_1____4_fair.csv;t_03e347c6a1b6918b____c14_0____3__t_03e347c6a1b6918b____c4_1____3_fair.csv;t_03e347c6a1b6918b____c14_0____3__t_03e347c6a1b6918b____c4_1____2_fair.csv;t_03e347c6a1b6918b____c14_0____2__t_03e347c6a1b6918b____c14_0____4_fair.csv;t_03e347c6a1b6918b____c14_0____3__t_03e347c6a1b6918b____c18_1____4_fair.csv;t_03e347c6a1b6918b____c14_0____3__t_03e347c6a1b6918b____c6_0____1_fair.csv;t_03e347c6a1b6918b____c14_0____3__t_03e347c6a1b6918b____c2_0____1_fair.csv;t_03e347c6a1b6918b____c14_0____3__t_03e347c6a1b6918b____c19_0____1_fair.csv;t_03e347c6a1b6918b____c14_0____3__t_03e347c6a1b6918b____c16_1____4_fair.csv;t_03e347c6a1b6918b____c16_1____3__t_03e347c6a1b6918b____c20_1____0_fair.csv;t_03e347c6a1b6918b____c14_0____3__t_03e347c6a1b6918b____c20_1____0_fair.csv;t_03e347c6a1b6918b____c16_1____3.csv;t_03e347c6a1b6918b____c14_0____3__t_03e347c6a1b6918b____c8_1____4_fair.csv;t_03e347c6a1b6918b____c14_0____3__t_03e347c6a1b6918b____c14_0____4_fair.csv;t_03e347c6a1b6918b____c14_0____2.csv;t_03e347c6a1b6918b____c16_1____3__t_03e347c6a1b6918b____c8_1____4_fair.csv;t_03e347c6a1b6918b____c16_1____3__t_03e347c6a1b6918b____c6_0____1_fair.csv;t_03e347c6a1b6918b____c16_1____3__t_03e347c6a1b6918b____c4_1____3_fair.csv;t_03e347c6a1b6918b____c16_1____3__t_03e347c6a1b6918b____c4_1____2_fair.csv;t_03e347c6a1b6918b____c16_1____3__t_03e347c6a1b6918b____c2_0____1_fair.csv,{}
tusLarge3,starmie,PED_YT_DTL_SNF____c22_0____2_fair.csv,5,275,48,5,True,0.3237,1.0,0.01818181818181818,0.01818181818181818,106.80081290006638,106.80081290006638,PED_YT_DTL_SNF____c23_0____2__PED_YT_DTL_SNF____c22_0____2_fair.csv;PED_YT_DTL_SNF____c23_0____2__PED_YT_DTL_SNF____c19_1____0_fair.csv;PED_YT_DTL_SNF____c23_0____2__PED_YT_DTL_SNF____c18_1____1_fair.csv;PED_YT_DTL_SNF____c23_0____2.csv;PED_YT_DTL_SNF____c24_1____2__PED_YT_DTL_SNF____c22_0____2_fair.csv,{}
tusLarge3,starmie,PED_YT_DTL_SNF____c22_0____2_fair.csv,10,275,48,10,False,0.2418,1.0,0.03636363636363636,0.03636363636363636,213.0834835767746,213.0834835767746,PED_YT_DTL_SNF____c23_0____2__PED_YT_DTL_SNF____c22_0____2_fair.csv;PED_YT_DTL_SNF____c23_0____2__PED_YT_DTL_SNF____c19_1____0_fair.csv;PED_YT_DTL_SNF____c23_0____2__PED_YT_DTL_SNF____c18_1____1_fair.csv;PED_YT_DTL_SNF____c23_0____2.csv;PED_YT_DTL_SNF____c24_1____2__PED_YT_DTL_SNF____c22_0____2_fair.csv;PED_YT_DTL_SNF____c24_1____2__PED_YT_DTL_SNF____c19_1____0_fair.csv;PED_YT_DTL_SNF____c24_1____2__PED_YT_DTL_SNF____c18_1____1_fair.csv;PED_YT_DTL_SNF____c24_1____2.csv;PED_YT_DTL_SNF____c24_0____2__PED_YT_DTL_SNF____c22_0____2_fair.csv;PED_YT_DTL_SNF____c24_0____2.csv,{}
tusLarge3,starmie,PED_YT_DTL_SNF____c22_0____2_fair.csv,20,275,48,20,False,0.2192,0.85,0.06181818181818182,0.07272727272727272,423.3271299004555,423.3271299004555,PED_YT_DTL_SNF____c23_0____2__PED_YT_DTL_SNF____c22_0____2_fair.csv;PED_YT_DTL_SNF____c23_0____2__PED_YT_DTL_SNF____c19_1____0_fair.csv;PED_YT_DTL_SNF____c23_0____2__PED_YT_DTL_SNF____c18_1____1_fair.csv;PED_YT_DTL_SNF____c23_0____2.csv;PED_YT_DTL_SNF____c24_1____2__PED_YT_DTL_SNF____c22_0____2_fair.csv;PED_YT_DTL_SNF____c24_1____2__PED_YT_DTL_SNF____c19_1____0_fair.csv;PED_YT_DTL_SNF____c24_1____2__PED_YT_DTL_SNF____c18_1____1_fair.csv;PED_YT_DTL_SNF____c24_1____2.csv;PED_YT_DTL_SNF____c24_0____2__PED_YT_DTL_SNF____c22_0____2_fair.csv;PED_YT_DTL_SNF____c24_0____2.csv;PED_YT_DTL_SNF____c24_0____2__PED_YT_DTL_SNF____c19_1____0_fair.csv;PED_YT_DTL_SNF____c25_1____2__PED_YT_DTL_SNF____c22_0____2_fair.csv;PED_YT_DTL_SNF____c25_1____2__PED_YT_DTL_SNF____c18_1____1_fair.csv;PED_YT_DTL_SNF____c25_1____2.csv;PED_YT_DTL_SNF____c25_0____2__PED_YT_DTL_SNF____c22_0____2_fair.csv;PED_YT_DTL_SNF____c25_0____2.csv;PED_YT_DTL_SNF____c22_1____2__PED_YT_DTL_SNF____c19_1____0_fair.csv;PED_YT_DTL_SNF____c22_1____2__PED_YT_DTL_SNF____c18_1____1_fair.csv;PED_YT_DTL_SNF____c22_1____2.csv;PED_YT_DTL_SNF____c23_1____2__PED_YT_DTL_SNF____c22_0____2_fair.csv,{}
tusLarge3,starmie,t_03e347c6a1b6918b____c2_0____1_fair.csv,5,985,173,5,False,0.0,1.0,0.005076142131979695,0.005076142131979695,9.566284596920013,9.566284596920013,t_03e347c6a1b6918b____c2_0____2.csv;t_03e347c6a1b6918b____c2_0____2__t_03e347c6a1b6918b____c2_0____1_fair.csv;t_03e347c6a1b6918b____c2_0____2__t_03e347c6a1b6918b____c6_0____1_fair.csv;t_03e347c6a1b6918b____c2_0____0__t_03e347c6a1b6918b____c2_0____1_fair.csv;t_03e347c6a1b6918b____c2_0____0__t_03e347c6a1b6918b____c6_0____1_fair.csv,{}
tusLarge3,starmie,t_03e347c6a1b6918b____c2_0____1_fair.csv,10,985,173,10,False,0.0,1.0,0.01015228426395939,0.01015228426395939,18.960160851478577,18.960160851478577,t_03e347c6a1b6918b____c2_0____2.csv;t_03e347c6a1b6918b____c2_0____2__t_03e347c6a1b6918b____c2_0____1_fair.csv;t_03e347c6a1b6918b____c2_0____2__t_03e347c6a1b6918b____c6_0____1_fair.csv;t_03e347c6a1b6918b____c2_0____0__t_03e347c6a1b6918b____c2_0____1_fair.csv;t_03e347c6a1b6918b____c2_0____0__t_03e347c6a1b6918b____c6_0____1_fair.csv;t_03e347c6a1b6918b____c2_0____3.csv;t_03e347c6a1b6918b____c2_0____3__t_03e347c6a1b6918b____c6_0____1_fair.csv;t_03e347c6a1b6918b____c2_0____3__t_03e347c6a1b6918b____c2_0____1_fair.csv;t_03e347c6a1b6918b____c2_0____0.csv;t_03e347c6a1b6918b____c2_0____4__t_03e347c6a1b6918b____c2_0____1_fair.csv,{}
tusLarge3,starmie,t_03e347c6a1b6918b____c2_0____1_fair.csv,20,985,173,20,False,0.0,0.6,0.012182741116751269,0.02030456852791878,35.93601131439209,35.93601131439209,t_03e347c6a1b6918b____c2_0____2.csv;t_03e347c6a1b6918b____c2_0____2__t_03e347c6a1b6918b____c2_0____1_fair.csv;t_03e347c6a1b6918b____c2_0____2__t_03e347c6a1b6918b____c6_0____1_fair.csv;t_03e347c6a1b6918b____c2_0____0__t_03e347c6a1b6918b____c2_0____1_fair.csv;t_03e347c6a1b6918b____c2_0____0__t_03e347c6a1b6918b____c6_0____1_fair.csv;t_03e347c6a1b6918b____c2_0____3.csv;t_03e347c6a1b6918b____c2_0____3__t_03e347c6a1b6918b____c6_0____1_fair.csv;t_03e347c6a1b6918b____c2_0____3__t_03e347c6a1b6918b____c2_0____1_fair.csv;t_03e347c6a1b6918b____c2_0____0.csv;t_03e347c6a1b6918b____c2_0____4__t_03e347c6a1b6918b____c2_0____1_fair.csv;t_03e347c6a1b6918b____c2_0____4__t_03e347c6a1b6918b____c6_0____1_fair.csv;t_03e347c6a1b6918b____c2_0____4.csv;t_1d580f266b2a923b____c5_0____3__t_1d580f266b2a923b____c11_1____3_fair.csv;t_1d580f266b2a923b____c5_0____3__t_1d580f266b2a923b____c10_1____0_fair.csv;t_1d580f266b2a923b____c5_1____3.csv;t_1d580f266b2a923b____c5_0____0__t_1d580f266b2a923b____c11_1____3_fair.csv;t_1d580f266b2a923b____c5_0____0__t_1d580f266b2a923b____c10_1____0_fair.csv;t_1d580f266b2a923b____c5_0____0.csv;t_1d580f266b2a923b____c5_0____3.csv;t_1d580f266b2a923b____c5_1____1.csv,{}
tusLarge3,starmie,t_03e347c6a1b6918b____c4_1____2_fair.csv,5,993,136,5,True,0.3007,1.0,0.005035246727089627,0.005035246727089627,19.58069944381714,19.58069944381714,t_03e347c6a1b6918b____c4_1____1__t_03e347c6a1b6918b____c4_1____3_fair.csv;t_03e347c6a1b6918b____c4_1____1__t_03e347c6a1b6918b____c4_1____2_fair.csv;t_03e347c6a1b6918b____c4_1____1__t_03e347c6a1b6918b____c16_1____4_fair.csv;t_03e347c6a1b6918b____c4_1____4__t_03e347c6a1b6918b____c4_1____3_fair.csv;t_03e347c6a1b6918b____c4_1____4__t_03e347c6a1b6918b____c4_1____2_fair.csv,{}
tusLarge3,starmie,t_03e347c6a1b6918b____c4_1____2_fair.csv,10,993,136,10,False,0.2296,1.0,0.010070493454179255,0.010070493454179255,38.85858458280563,38.85858458280563,t_03e347c6a1b6918b____c4_1____1__t_03e347c6a1b6918b____c4_1____3_fair.csv;t_03e347c6a1b6918b____c4_1____1__t_03e347c6a1b6918b____c4_1____2_fair.csv;t_03e347c6a1b6918b____c4_1____1__t_03e347c6a1b6918b____c16_1____4_fair.csv;t_03e347c6a1b6918b____c4_1____4__t_03e347c6a1b6918b____c4_1____3_fair.csv;t_03e347c6a1b6918b____c4_1____4__t_03e347c6a1b6918b____c4_1____2_fair.csv;t_03e347c6a1b6918b____c4_1____4__t_03e347c6a1b6918b____c16_1____4_fair.csv;t_03e347c6a1b6918b____c4_1____4__t_03e347c6a1b6918b____c20_1____0_fair.csv;t_03e347c6a1b6918b____c4_1____4.csv;t_03e347c6a1b6918b____c4_1____1__t_03e347c6a1b6918b____c20_1____0_fair.csv;t_03e347c6a1b6918b____c4_1____1.csv,{}
tusLarge3,starmie,t_03e347c6a1b6918b____c4_1____2_fair.csv,20,993,136,20,False,0.1051,0.95,0.019133937562940583,0.02014098690835851,73.28634929656982,73.28634929656982,t_03e347c6a1b6918b____c4_1____1__t_03e347c6a1b6918b____c4_1____3_fair.csv;t_03e347c6a1b6918b____c4_1____1__t_03e347c6a1b6918b____c4_1____2_fair.csv;t_03e347c6a1b6918b____c4_1____1__t_03e347c6a1b6918b____c16_1____4_fair.csv;t_03e347c6a1b6918b____c4_1____4__t_03e347c6a1b6918b____c4_1____3_fair.csv;t_03e347c6a1b6918b____c4_1____4__t_03e347c6a1b6918b____c4_1____2_fair.csv;t_03e347c6a1b6918b____c4_1____4__t_03e347c6a1b6918b____c16_1____4_fair.csv;t_03e347c6a1b6918b____c4_1____4__t_03e347c6a1b6918b____c20_1____0_fair.csv;t_03e347c6a1b6918b____c4_1____4.csv;t_03e347c6a1b6918b____c4_1____1__t_03e347c6a1b6918b____c20_1____0_fair.csv;t_03e347c6a1b6918b____c4_1____1.csv;t_03e347c6a1b6918b____c4_1____0__t_03e347c6a1b6918b____c4_1____3_fair.csv;t_03e347c6a1b6918b____c4_1____0__t_03e347c6a1b6918b____c4_1____2_fair.csv;t_03e347c6a1b6918b____c4_1____0__t_03e347c6a1b6918b____c20_1____0_fair.csv;t_03e347c6a1b6918b____c4_1____0__t_03e347c6a1b6918b____c16_1____4_fair.csv;t_03e347c6a1b6918b____c4_1____0.csv;t_03e347c6a1b6918b____c9_1____4__t_03e347c6a1b6918b____c20_1____0_fair.csv;t_03e347c6a1b6918b____c6_1____4__t_03e347c6a1b6918b____c20_1____0_fair.csv;t_03e347c6a1b6918b____c6_1____4__t_03e347c6a1b6918b____c6_0____1_fair.csv;t_03e347c6a1b6918b____c11_1____1.csv;t_03e347c6a1b6918b____c6_1____4__t_03e347c6a1b6918b____c4_1____3_fair.csv,{}
tusLarge3,starmie,t_03e347c6a1b6918b____c4_1____3_fair.csv,5,993,122,5,False,0.1898,1.0,0.005035246727089627,0.005035246727089627,19.45923101902008,19.45923101902008,t_03e347c6a1b6918b____c4_1____4__t_03e347c6a1b6918b____c4_1____3_fair.csv;t_03e347c6a1b6918b____c4_1____4__t_03e347c6a1b6918b____c4_1____2_fair.csv;t_03e347c6a1b6918b____c4_1____4__t_03e347c6a1b6918b____c16_1____4_fair.csv;t_03e347c6a1b6918b____c4_1____4.csv;t_03e347c6a1b6918b____c4_1____4__t_03e347c6a1b6918b____c20_1____0_fair.csv,{}
tusLarge3,starmie,t_03e347c6a1b6918b____c4_1____3_fair.csv,10,993,122,10,False,0.1665,1.0,0.010070493454179255,0.010070493454179255,38.42821580171585,38.42821580171585,t_03e347c6a1b6918b____c4_1____4__t_03e347c6a1b6918b____c4_1____3_fair.csv;t_03e347c6a1b6918b____c4_1____4__t_03e347c6a1b6918b____c4_1____2_fair.csv;t_03e347c6a1b6918b____c4_1____4__t_03e347c6a1b6918b____c16_1____4_fair.csv;t_03e347c6a1b6918b____c4_1____4.csv;t_03e347c6a1b6918b____c4_1____4__t_03e347c6a1b6918b____c20_1____0_fair.csv;t_03e347c6a1b6918b____c4_1____1.csv;t_03e347c6a1b6918b____c4_1____1__t_03e347c6a1b6918b____c4_1____3_fair.csv;t_03e347c6a1b6918b____c4_1____1__t_03e347c6a1b6918b____c4_1____2_fair.csv;t_03e347c6a1b6918b____c4_1____1__t_03e347c6a1b6918b____c16_1____4_fair.csv;t_03e347c6a1b6918b____c4_1____1__t_03e347c6a1b6918b____c20_1____0_fair.csv,{}
tusLarge3,starmie,t_03e347c6a1b6918b____c4_1____3_fair.csv,20,993,122,20,False,0.0788,1.0,0.02014098690835851,0.02014098690835851,75.0661786198616,75.0661786198616,t_03e347c6a1b6918b____c4_1____4__t_03e347c6a1b6918b____c4_1____3_fair.csv;t_03e347c6a1b6918b____c4_1____4__t_03e347c6a1b6918b____c4_1____2_fair.csv;t_03e347c6a1b6918b____c4_1____4__t_03e347c6a1b6918b____c16_1____4_fair.csv;t_03e347c6a1b6918b____c4_1____4.csv;t_03e347c6a1b6918b____c4_1____4__t_03e347c6a1b6918b____c20_1____0_fair.csv;t_03e347c6a1b6918b____c4_1____1.csv;t_03e347c6a1b6918b____c4_1____1__t_03e347c6a1b6918b____c4_1____3_fair.csv;t_03e347c6a1b6918b____c4_1____1__t_03e347c6a1b6918b____c4_1____2_fair.csv;t_03e347c6a1b6918b____c4_1____1__t_03e347c6a1b6918b____c16_1____4_fair.csv;t_03e347c6a1b6918b____c4_1____1__t_03e347c6a1b6918b____c20_1____0_fair.csv;t_03e347c6a1b6918b____c4_1____0__t_03e347c6a1b6918b____c4_1____3_fair.csv;t_03e347c6a1b6918b____c4_1____0__t_03e347c6a1b6918b____c4_1____2_fair.csv;t_03e347c6a1b6918b____c4_1____0__t_03e347c6a1b6918b____c20_1____0_fair.csv;t_03e347c6a1b6918b____c4_1____0__t_03e347c6a1b6918b____c16_1____4_fair.csv;t_03e347c6a1b6918b____c4_1____0.csv;t_03e347c6a1b6918b____c6_1____4__t_03e347c6a1b6918b____c20_1____0_fair.csv;t_03e347c6a1b6918b____c6_1____4__t_03e347c6a1b6918b____c4_1____3_fair.csv;t_03e347c6a1b6918b____c6_1____4__t_03e347c6a1b6918b____c4_1____2_fair.csv;t_03e347c6a1b6918b____c6_1____4__t_03e347c6a1b6918b____c18_1____4_fair.csv;t_03e347c6a1b6918b____c6_1____4__t_03e347c6a1b6918b____c16_1____4_fair.csv,{}
tusLarge3,starmie,t_03e347c6a1b6918b____c16_1____4_fair.csv,5,993,72,5,False,0.0728,0.0,0.0,0.005035246727089627,76.02763235569,76.02763235569,t_03e347c6a1b6918b____c16_0____4__t_03e347c6a1b6918b____c8_1____4_fair.csv;t_03e347c6a1b6918b____c16_0____4__t_03e347c6a1b6918b____c2_0____1_fair.csv;t_03e347c6a1b6918b____c16_0____4__t_03e347c6a1b6918b____c18_1____4_fair.csv;t_03e347c6a1b6918b____c16_0____4__t_03e347c6a1b6918b____c14_0____4_fair.csv;t_03e347c6a1b6918b____c16_0____4__t_03e347c6a1b6918b____c6_0____1_fair.csv,{}
tusLarge3,starmie,t_03e347c6a1b6918b____c16_1____4_fair.csv,10,993,72,10,False,0.0548,0.4,0.004028197381671702,0.010070493454179255,151.72018933296204,151.72018933296204,t_03e347c6a1b6918b____c16_0____4__t_03e347c6a1b6918b____c8_1____4_fair.csv;t_03e347c6a1b6918b____c16_0____4__t_03e347c6a1b6918b____c2_0____1_fair.csv;t_03e347c6a1b6918b____c16_0____4__t_03e347c6a1b6918b____c18_1____4_fair.csv;t_03e347c6a1b6918b____c16_0____4__t_03e347c6a1b6918b____c14_0____4_fair.csv;t_03e347c6a1b6918b____c16_0____4__t_03e347c6a1b6918b____c6_0____1_fair.csv;t_03e347c6a1b6918b____c16_0____4__t_03e347c6a1b6918b____c19_0____1_fair.csv;t_03e347c6a1b6918b____c21_0____3__t_03e347c6a1b6918b____c8_1____4_fair.csv;t_03e347c6a1b6918b____c21_0____3__t_03e347c6a1b6918b____c6_0____1_fair.csv;t_03e347c6a1b6918b____c21_0____3__t_03e347c6a1b6918b____c4_1____3_fair.csv;t_03e347c6a1b6918b____c21_0____3__t_03e347c6a1b6918b____c2_0____1_fair.csv,{}
tusLarge3,starmie,t_03e347c6a1b6918b____c16_1____4_fair.csv,20,993,72,20,False,0.0726,0.65,0.013091641490433032,0.02014098690835851,302.8057693243027,302.8057693243027,t_03e347c6a1b6918b____c16_0____4__t_03e347c6a1b6918b____c8_1____4_fair.csv;t_03e347c6a1b6918b____c16_0____4__t_03e347c6a1b6918b____c2_0____1_fair.csv;t_03e347c6a1b6918b____c16_0____4__t_03e347c6a1b6918b____c18_1____4_fair.csv;t_03e347c6a1b6918b____c16_0____4__t_03e347c6a1b6918b____c14_0____4_fair.csv;t_03e347c6a1b6918b____c16_0____4__t_03e347c6a1b6918b____c6_0____1_fair.csv;t_03e347c6a1b6918b____c16_0____4__t_03e347c6a1b6918b____c19_0____1_fair.csv;t_03e347c6a1b6918b____c21_0____3__t_03e347c6a1b6918b____c8_1____4_fair.csv;t_03e347c6a1b6918b____c21_0____3__t_03e347c6a1b6918b____c6_0____1_fair.csv;t_03e347c6a1b6918b____c21_0____3__t_03e347c6a1b6918b____c4_1____3_fair.csv;t_03e347c6a1b6918b____c21_0____3__t_03e347c6a1b6918b____c2_0____1_fair.csv;t_03e347c6a1b6918b____c21_0____3__t_03e347c6a1b6918b____c20_1____0_fair.csv;t_03e347c6a1b6918b____c21_0____3__t_03e347c6a1b6918b____c19_0____1_fair.csv;t_03e347c6a1b6918b____c21_0____3__t_03e347c6a1b6918b____c16_1____4_fair.csv;t_03e347c6a1b6918b____c21_0____3__t_03e347c6a1b6918b____c4_1____2_fair.csv;t_03e347c6a1b6918b____c16_0____4.csv;t_03e347c6a1b6918b____c20_0____3__t_03e347c6a1b6918b____c8_1____4_fair.csv;t_03e347c6a1b6918b____c20_0____3__t_03e347c6a1b6918b____c4_1____2_fair.csv;t_03e347c6a1b6918b____c17_1____1__t_03e347c6a1b6918b____c20_1____0_fair.csv;t_03e347c6a1b6918b____c17_1____1__t_03e347c6a1b6918b____c8_1____4_fair.csv;t_03e347c6a1b6918b____c17_1____1__t_03e347c6a1b6918b____c6_0____1_fair.csv,{}
tusLarge3,starmie,t_014c2259cce4ab13____c20_0____0_fair.csv,5,672,62,5,False,0.0687,1.0,0.00744047619047619,0.00744047619047619,93.05073708295822,93.05073708295822,t_014c2259cce4ab13____c20_1____3__t_014c2259cce4ab13____c5_0____0_fair.csv;t_014c2259cce4ab13____c20_1____3__t_014c2259cce4ab13____c3_1____0_fair.csv;t_014c2259cce4ab13____c20_1____3__t_014c2259cce4ab13____c27_0____4_fair.csv;t_014c2259cce4ab13____c20_1____3__t_014c2259cce4ab13____c24_1____3_fair.csv;t_014c2259cce4ab13____c20_1____3__t_014c2259cce4ab13____c20_0____0_fair.csv,{}
tusLarge3,starmie,t_014c2259cce4ab13____c20_0____0_fair.csv,10,672,62,10,False,0.0798,1.0,0.01488095238095238,0.01488095238095238,185.8176201581955,185.8176201581955,t_014c2259cce4ab13____c20_1____3__t_014c2259cce4ab13____c5_0____0_fair.csv;t_014c2259cce4ab13____c20_1____3__t_014c2259cce4ab13____c3_1____0_fair.csv;t_014c2259cce4ab13____c20_1____3__t_014c2259cce4ab13____c27_0____4_fair.csv;t_014c2259cce4ab13____c20_1____3__t_014c2259cce4ab13____c24_1____3_fair.csv;t_014c2259cce4ab13____c20_1____3__t_014c2259cce4ab13____c20_0____0_fair.csv;t_014c2259cce4ab13____c20_1____3__t_014c2259cce4ab13____c17_1____1_fair.csv;t_014c2259cce4ab13____c20_0____3__t_014c2259cce4ab13____c5_0____0_fair.csv;t_014c2259cce4ab13____c20_0____3__t_014c2259cce4ab13____c27_0____4_fair.csv;t_014c2259cce4ab13____c20_0____3__t_014c2259cce4ab13____c24_1____3_fair.csv;t_014c2259cce4ab13____c20_0____3__t_014c2259cce4ab13____c20_0____0_fair.csv,{}
tusLarge3,starmie,t_014c2259cce4ab13____c20_0____0_fair.csv,20,672,62,20,False,0.0702,1.0,0.02976190476190476,0.02976190476190476,368.46565771102905,368.46565771102905,t_014c2259cce4ab13____c20_1____3__t_014c2259cce4ab13____c5_0____0_fair.csv;t_014c2259cce4ab13____c20_1____3__t_014c2259cce4ab13____c3_1____0_fair.csv;t_014c2259cce4ab13____c20_1____3__t_014c2259cce4ab13____c27_0____4_fair.csv;t_014c2259cce4ab13____c20_1____3__t_014c2259cce4ab13____c24_1____3_fair.csv;t_014c2259cce4ab13____c20_1____3__t_014c2259cce4ab13____c20_0____0_fair.csv;t_014c2259cce4ab13____c20_1____3__t_014c2259cce4ab13____c17_1____1_fair.csv;t_014c2259cce4ab13____c20_0____3__t_014c2259cce4ab13____c5_0____0_fair.csv;t_014c2259cce4ab13____c20_0____3__t_014c2259cce4ab13____c27_0____4_fair.csv;t_014c2259cce4ab13____c20_0____3__t_014c2259cce4ab13____c24_1____3_fair.csv;t_014c2259cce4ab13____c20_0____3__t_014c2259cce4ab13____c20_0____0_fair.csv;t_014c2259cce4ab13____c20_0____3__t_014c2259cce4ab13____c17_1____1_fair.csv;t_014c2259cce4ab13____c20_0____3.csv;t_014c2259cce4ab13____c20_1____3.csv;t_014c2259cce4ab13____c20_0____1__t_014c2259cce4ab13____c27_0____4_fair.csv;t_014c2259cce4ab13____c20_0____1__t_014c2259cce4ab13____c24_1____3_fair.csv;t_014c2259cce4ab13____c20_0____1__t_014c2259cce4ab13____c20_0____0_fair.csv;t_014c2259cce4ab13____c20_0____1__t_014c2259cce4ab13____c17_1____1_fair.csv;t_014c2259cce4ab13____c20_0____1.csv;t_014c2259cce4ab13____c20_0____4.csv;t_014c2259cce4ab13____c20_0____4__t_014c2259cce4ab13____c5_0____0_fair.csv,{}
tusLarge3,starmie,t_03e347c6a1b6918b____c6_0____1_fair.csv,5,985,111,5,False,0.0,1.0,0.005076142131979695,0.005076142131979695,28.052294313907623,28.052294313907623,t_03e347c6a1b6918b____c6_0____2.csv;t_03e347c6a1b6918b____c6_0____4__t_03e347c6a1b6918b____c2_0____1_fair.csv;t_03e347c6a1b6918b____c6_0____2__t_03e347c6a1b6918b____c8_1____4_fair.csv;t_03e347c6a1b6918b____c6_0____2__t_03e347c6a1b6918b____c2_0____1_fair.csv;t_03e347c6a1b6918b____c6_0____3.csv,{}
tusLarge3,starmie,t_03e347c6a1b6918b____c6_0____1_fair.csv,10,985,111,10,False,0.0,1.0,0.01015228426395939,0.01015228426395939,55.41797935962677,55.41797935962677,t_03e347c6a1b6918b____c6_0____2.csv;t_03e347c6a1b6918b____c6_0____4__t_03e347c6a1b6918b____c2_0____1_fair.csv;t_03e347c6a1b6918b____c6_0____2__t_03e347c6a1b6918b____c8_1____4_fair.csv;t_03e347c6a1b6918b____c6_0____2__t_03e347c6a1b6918b____c2_0____1_fair.csv;t_03e347c6a1b6918b____c6_0____3.csv;t_03e347c6a1b6918b____c9_1____2__t_03e347c6a1b6918b____c6_0____1_fair.csv;t_03e347c6a1b6918b____c6_0____4__t_03e347c6a1b6918b____c6_0____1_fair.csv;t_03e347c6a1b6918b____c6_0____4.csv;t_03e347c6a1b6918b____c6_0____4__t_03e347c6a1b6918b____c8_1____4_fair.csv;t_03e347c6a1b6918b____c6_0____3__t_03e347c6a1b6918b____c6_0____1_fair.csv,{}
tusLarge3,starmie,t_03e347c6a1b6918b____c6_0____1_fair.csv,20,985,111,20,False,0.0,1.0,0.02030456852791878,0.02030456852791878,109.33508521318436,109.33508521318436,t_03e347c6a1b6918b____c6_0____2.csv;t_03e347c6a1b6918b____c6_0____4__t_03e347c6a1b6918b____c2_0____1_fair.csv;t_03e347c6a1b6918b____c6_0____2__t_03e347c6a1b6918b____c8_1____4_fair.csv;t_03e347c6a1b6918b____c6_0____2__t_03e347c6a1b6918b____c2_0____1_fair.csv;t_03e347c6a1b6918b____c6_0____3.csv;t_03e347c6a1b6918b____c9_1____2__t_03e347c6a1b6918b____c6_0____1_fair.csv;t_03e347c6a1b6918b____c6_0____4__t_03e347c6a1b6918b____c6_0____1_fair.csv;t_03e347c6a1b6918b____c6_0____4.csv;t_03e347c6a1b6918b____c6_0____4__t_03e347c6a1b6918b____c8_1____4_fair.csv;t_03e347c6a1b6918b____c6_0____3__t_03e347c6a1b6918b____c6_0____1_fair.csv;t_03e347c6a1b6918b____c6_0____3__t_03e347c6a1b6918b____c8_1____4_fair.csv;t_03e347c6a1b6918b____c6_0____3__t_03e347c6a1b6918b____c2_0____1_fair.csv;t_03e347c6a1b6918b____c9_1____2.csv;t_03e347c6a1b6918b____c13_1____2__t_03e347c6a1b6918b____c4_1____3_fair.csv;t_03e347c6a1b6918b____c13_1____2__t_03e347c6a1b6918b____c4_1____2_fair.csv;t_03e347c6a1b6918b____c13_1____2__t_03e347c6a1b6918b____c2_0____1_fair.csv;t_03e347c6a1b6918b____c13_1____2__t_03e347c6a1b6918b____c20_1____0_fair.csv;t_03e347c6a1b6918b____c9_1____2__t_03e347c6a1b6918b____c4_1____3_fair.csv;t_03e347c6a1b6918b____c9_1____2__t_03e347c6a1b6918b____c4_1____2_fair.csv;t_03e347c6a1b6918b____c9_1____2__t_03e347c6a1b6918b____c2_0____1_fair.csv,{}
tusLarge3,starmie,t_03e347c6a1b6918b____c8_1____4_fair.csv,5,900,97,5,False,0.1791,1.0,0.005555555555555556,0.005555555555555556,38.77380448579788,38.77380448579788,t_03e347c6a1b6918b____c8_1____1.csv;t_03e347c6a1b6918b____c8_1____1__t_03e347c6a1b6918b____c19_0____1_fair.csv;t_03e347c6a1b6918b____c8_1____1__t_03e347c6a1b6918b____c8_1____4_fair.csv;t_03e347c6a1b6918b____c8_1____2.csv;t_03e347c6a1b6918b____c8_1____1__t_03e347c6a1b6918b____c14_0____4_fair.csv,{}
tusLarge3,starmie,t_03e347c6a1b6918b____c8_1____4_fair.csv,10,900,97,10,False,0.1404,1.0,0.011111111111111112,0.011111111111111112,77.28872346878052,77.28872346878052,t_03e347c6a1b6918b____c8_1____1.csv;t_03e347c6a1b6918b____c8_1____1__t_03e347c6a1b6918b____c19_0____1_fair.csv;t_03e347c6a1b6918b____c8_1____1__t_03e347c6a1b6918b____c8_1____4_fair.csv;t_03e347c6a1b6918b____c8_1____2.csv;t_03e347c6a1b6918b____c8_1____1__t_03e347c6a1b6918b____c14_0____4_fair.csv;t_03e347c6a1b6918b____c8_1____2__t_03e347c6a1b6918b____c8_1____4_fair.csv;t_03e347c6a1b6918b____c8_1____2__t_03e347c6a1b6918b____c19_0____1_fair.csv;t_03e347c6a1b6918b____c8_1____2__t_03e347c6a1b6918b____c14_0____4_fair.csv;t_03e347c6a1b6918b____c8_1____3.csv;t_03e347c6a1b6918b____c8_1____0__t_03e347c6a1b6918b____c19_0____1_fair.csv,{}
tusLarge3,starmie,t_03e347c6a1b6918b____c8_1____4_fair.csv,20,900,97,20,False,0.0988,1.0,0.022222222222222223,0.022222222222222223,153.31954842805862,153.31954842805862,t_03e347c6a1b6918b____c8_1____1.csv;t_03e347c6a1b6918b____c8_1____1__t_03e347c6a1b6918b____c19_0____1_fair.csv;t_03e347c6a1b6918b____c8_1____1__t_03e347c6a1b6918b____c8_1____4_fair.csv;t_03e347c6a1b6918b____c8_1____2.csv;t_03e347c6a1b6918b____c8_1____1__t_03e347c6a1b6918b____c14_0____4_fair.csv;t_03e347c6a1b6918b____c8_1____2__t_03e347c6a1b6918b____c8_1____4_fair.csv;t_03e347c6a1b6918b____c8_1____2__t_03e347c6a1b6918b____c19_0____1_fair.csv;t_03e347c6a1b6918b____c8_1____2__t_03e347c6a1b6918b____c14_0____4_fair.csv;t_03e347c6a1b6918b____c8_1____3.csv;t_03e347c6a1b6918b____c8_1____0__t_03e347c6a1b6918b____c19_0____1_fair.csv;t_03e347c6a1b6918b____c8_1____3__t_03e347c6a1b6918b____c8_1____4_fair.csv;t_03e347c6a1b6918b____c8_1____3__t_03e347c6a1b6918b____c19_0____1_fair.csv;t_03e347c6a1b6918b____c8_1____3__t_03e347c6a1b6918b____c14_0____4_fair.csv;t_03e347c6a1b6918b____c12_0____4.csv;t_03e347c6a1b6918b____c8_1____0.csv;t_03e347c6a1b6918b____c8_1____0__t_03e347c6a1b6918b____c14_0____4_fair.csv;t_03e347c6a1b6918b____c12_0____4__t_03e347c6a1b6918b____c2_0____1_fair.csv;t_03e347c6a1b6918b____c8_1____0__t_03e347c6a1b6918b____c8_1____4_fair.csv;t_03e347c6a1b6918b____c12_0____0.csv;t_03e347c6a1b6918b____c12_0____0__t_03e347c6a1b6918b____c8_1____4_fair.csv,{}
tusLarge3,starmie,t_03e347c6a1b6918b____c18_1____4_fair.csv,5,908,50,5,False,0.1192,1.0,0.005506607929515419,0.005506607929515419,85.98589593172073,85.98589593172073,t_03e347c6a1b6918b____c21_0____3__t_03e347c6a1b6918b____c14_0____4_fair.csv;t_03e347c6a1b6918b____c21_0____3__t_03e347c6a1b6918b____c18_1____4_fair.csv;t_03e347c6a1b6918b____c21_0____4.csv;t_03e347c6a1b6918b____c20_0____4.csv;t_03e347c6a1b6918b____c20_0____2__t_03e347c6a1b6918b____c20_1____0_fair.csv,{}
tusLarge3,starmie,t_03e347c6a1b6918b____c18_1____4_fair.csv,10,908,50,10,False,0.1269,1.0,0.011013215859030838,0.011013215859030838,171.47980654239655,171.47980654239655,t_03e347c6a1b6918b____c21_0____3__t_03e347c6a1b6918b____c14_0____4_fair.csv;t_03e347c6a1b6918b____c21_0____3__t_03e347c6a1b6918b____c18_1____4_fair.csv;t_03e347c6a1b6918b____c21_0____4.csv;t_03e347c6a1b6918b____c20_0____4.csv;t_03e347c6a1b6918b____c20_0____2__t_03e347c6a1b6918b____c20_1____0_fair.csv;t_03e347c6a1b6918b____c20_0____2__t_03e347c6a1b6918b____c14_0____4_fair.csv;t_03e347c6a1b6918b____c20_0____2__t_03e347c6a1b6918b____c18_1____4_fair.csv;t_03e347c6a1b6918b____c21_0____4__t_03e347c6a1b6918b____c6_0____1_fair.csv;t_03e347c6a1b6918b____c21_0____4__t_03e347c6a1b6918b____c19_0____1_fair.csv;t_03e347c6a1b6918b____c20_0____2__t_03e347c6a1b6918b____c16_1____4_fair.csv,{}
tusLarge3,starmie,t_03e347c6a1b6918b____c18_1____4_fair.csv,20,908,50,20,False,0.1383,1.0,0.022026431718061675,0.022026431718061675,341.8959085345268,341.8959085345268,t_03e347c6a1b6918b____c21_0____3__t_03e347c6a1b6918b____c14_0____4_fair.csv;t_03e347c6a1b6918b____c21_0____3__t_03e347c6a1b6918b____c18_1____4_fair.csv;t_03e347c6a1b6918b____c21_0____4.csv;t_03e347c6a1b6918b____c20_0____4.csv;t_03e347c6a1b6918b____c20_0____2__t_03e347c6a1b6918b____c20_1____0_fair.csv;t_03e347c6a1b6918b____c20_0____2__t_03e347c6a1b6918b____c14_0____4_fair.csv;t_03e347c6a1b6918b____c20_0____2__t_03e347c6a1b6918b____c18_1____4_fair.csv;t_03e347c6a1b6918b____c21_0____4__t_03e347c6a1b6918b____c6_0____1_fair.csv;t_03e347c6a1b6918b____c21_0____4__t_03e347c6a1b6918b____c19_0____1_fair.csv;t_03e347c6a1b6918b____c20_0____2__t_03e347c6a1b6918b____c16_1____4_fair.csv;t_03e347c6a1b6918b____c20_0____2__t_03e347c6a1b6918b____c6_0____1_fair.csv;t_03e347c6a1b6918b____c20_0____2__t_03e347c6a1b6918b____c19_0____1_fair.csv;t_03e347c6a1b6918b____c20_0____2__t_03e347c6a1b6918b____c8_1____4_fair.csv;t_03e347c6a1b6918b____c20_0____2__t_03e347c6a1b6918b____c4_1____3_fair.csv;t_03e347c6a1b6918b____c20_0____2__t_03e347c6a1b6918b____c4_1____2_fair.csv;t_03e347c6a1b6918b____c20_0____2__t_03e347c6a1b6918b____c2_0____1_fair.csv;t_03e347c6a1b6918b____c20_0____3__t_03e347c6a1b6918b____c14_0____4_fair.csv;t_03e347c6a1b6918b____c21_0____4__t_03e347c6a1b6918b____c8_1____4_fair.csv;t_03e347c6a1b6918b____c21_0____4__t_03e347c6a1b6918b____c4_1____3_fair.csv;t_03e347c6a1b6918b____c21_0____4__t_03e347c6a1b6918b____c4_1____2_fair.csv,{}
tusLarge3,starmie,t_1934eacab8c57857____c10_0____1_fair.csv,5,389,97,5,True,0.4886,1.0,0.012853470437017995,0.012853470437017995,46.77886950969696,46.77886950969696,t_1934eacab8c57857____c10_0____0__t_1934eacab8c57857____c18_0____0_fair.csv;t_1934eacab8c57857____c10_0____0__t_1934eacab8c57857____c11_0____3_fair.csv;t_1934eacab8c57857____c10_0____0__t_1934eacab8c57857____c10_0____1_fair.csv;t_1934eacab8c57857____c10_0____0.csv;t_1934eacab8c57857____c10_0____3.csv,{}
tusLarge3,starmie,t_1934eacab8c57857____c10_0____1_fair.csv,10,389,97,10,True,0.5624,1.0,0.02570694087403599,0.02570694087403599,91.36368519067764,91.36368519067764,t_1934eacab8c57857____c10_0____0__t_1934eacab8c57857____c18_0____0_fair.csv;t_1934eacab8c57857____c10_0____0__t_1934eacab8c57857____c11_0____3_fair.csv;t_1934eacab8c57857____c10_0____0__t_1934eacab8c57857____c10_0____1_fair.csv;t_1934eacab8c57857____c10_0____0.csv;t_1934eacab8c57857____c10_0____3.csv;t_1934eacab8c57857____c10_0____2.csv;t_1934eacab8c57857____c10_0____3__t_1934eacab8c57857____c18_0____0_fair.csv;t_1934eacab8c57857____c10_0____3__t_1934eacab8c57857____c11_0____3_fair.csv;t_1934eacab8c57857____c10_0____3__t_1934eacab8c57857____c10_0____1_fair.csv;t_1934eacab8c57857____c10_0____2__t_1934eacab8c57857____c18_0____0_fair.csv,{}
tusLarge3,starmie,t_1934eacab8c57857____c10_0____1_fair.csv,20,389,97,20,False,0.2687,0.9,0.04627249357326478,0.05141388174807198,180.20466631650925,180.20466631650925,t_1934eacab8c57857____c10_0____0__t_1934eacab8c57857____c18_0____0_fair.csv;t_1934eacab8c57857____c10_0____0__t_1934eacab8c57857____c11_0____3_fair.csv;t_1934eacab8c57857____c10_0____0__t_1934eacab8c57857____c10_0____1_fair.csv;t_1934eacab8c57857____c10_0____0.csv;t_1934eacab8c57857____c10_0____3.csv;t_1934eacab8c57857____c10_0____2.csv;t_1934eacab8c57857____c10_0____3__t_1934eacab8c57857____c18_0____0_fair.csv;t_1934eacab8c57857____c10_0____3__t_1934eacab8c57857____c11_0____3_fair.csv;t_1934eacab8c57857____c10_0____3__t_1934eacab8c57857____c10_0____1_fair.csv;t_1934eacab8c57857____c10_0____2__t_1934eacab8c57857____c18_0____0_fair.csv;t_1934eacab8c57857____c10_0____2__t_1934eacab8c57857____c11_0____3_fair.csv;t_1934eacab8c57857____c10_0____2__t_1934eacab8c57857____c10_0____1_fair.csv;t_1934eacab8c57857____c17_1____0__t_1934eacab8c57857____c8_1____3_fair.csv;t_1934eacab8c57857____c17_1____0__t_1934eacab8c57857____c18_0____3_fair.csv;t_1934eacab8c57857____c17_1____0__t_1934eacab8c57857____c18_0____0_fair.csv;t_1934eacab8c57857____c17_1____0__t_1934eacab8c57857____c11_0____3_fair.csv;t_1934eacab8c57857____c17_1____0__t_1934eacab8c57857____c10_0____1_fair.csv;t_1934eacab8c57857____c17_1____0.csv;t_1934eacab8c57857____c13_0____0__t_1934eacab8c57857____c8_1____3_fair.csv;t_1934eacab8c57857____c13_0____0__t_1934eacab8c57857____c18_0____3_fair.csv,{}
tusLarge3,starmie,t_1934eacab8c57857____c11_0____3_fair.csv,5,430,91,5,False,0.1914,0.8,0.009302325581395349,0.011627906976744186,51.102416694164276,51.102416694164276,t_1934eacab8c57857____c12_1____3.csv;t_1934eacab8c57857____c11_1____3.csv;t_1934eacab8c57857____c11_0____4__t_1934eacab8c57857____c8_1____3_fair.csv;t_1934eacab8c57857____c11_0____4__t_1934eacab8c57857____c18_0____0_fair.csv;t_1934eacab8c57857____c11_0____4__t_1934eacab8c57857____c11_0____3_fair.csv,{}
tusLarge3,starmie,t_1934eacab8c57857____c11_0____3_fair.csv,10,430,91,10,False,0.1656,0.9,0.020930232558139535,0.023255813953488372,102.14817363023758,102.14817363023758,t_1934eacab8c57857____c12_1____3.csv;t_1934eacab8c57857____c11_1____3.csv;t_1934eacab8c57857____c11_0____4__t_1934eacab8c57857____c8_1____3_fair.csv;t_1934eacab8c57857____c11_0____4__t_1934eacab8c57857____c18_0____0_fair.csv;t_1934eacab8c57857____c11_0____4__t_1934eacab8c57857____c11_0____3_fair.csv;t_1934eacab8c57857____c12_1____3__t_1934eacab8c57857____c8_1____3_fair.csv;t_1934eacab8c57857____c12_1____3__t_1934eacab8c57857____c18_0____0_fair.csv;t_1934eacab8c57857____c12_1____3__t_1934eacab8c57857____c11_0____3_fair.csv;t_1934eacab8c57857____c12_1____3__t_1934eacab8c57857____c10_0____1_fair.csv;t_1934eacab8c57857____c13_1____3.csv,{}
tusLarge3,starmie,t_1934eacab8c57857____c11_0____3_fair.csv,20,430,91,20,False,0.0868,0.7,0.03255813953488372,0.046511627906976744,203.5897628068924,203.5897628068924,t_1934eacab8c57857____c12_1____3.csv;t_1934eacab8c57857____c11_1____3.csv;t_1934eacab8c57857____c11_0____4__t_1934eacab8c57857____c8_1____3_fair.csv;t_1934eacab8c57857____c11_0____4__t_1934eacab8c57857____c18_0____0_fair.csv;t_1934eacab8c57857____c11_0____4__t_1934eacab8c57857____c11_0____3_fair.csv;t_1934eacab8c57857____c12_1____3__t_1934eacab8c57857____c8_1____3_fair.csv;t_1934eacab8c57857____c12_1____3__t_1934eacab8c57857____c18_0____0_fair.csv;t_1934eacab8c57857____c12_1____3__t_1934eacab8c57857____c11_0____3_fair.csv;t_1934eacab8c57857____c12_1____3__t_1934eacab8c57857____c10_0____1_fair.csv;t_1934eacab8c57857____c13_1____3.csv;t_1934eacab8c57857____c11_0____4.csv;t_1934eacab8c57857____c11_1____3__t_1934eacab8c57857____c18_0____3_fair.csv;t_1934eacab8c57857____c13_0____3.csv;t_1934eacab8c57857____c13_1____3__t_1934eacab8c57857____c8_1____3_fair.csv;t_1934eacab8c57857____c13_1____3__t_1934eacab8c57857____c18_0____3_fair.csv;t_1934eacab8c57857____c13_1____3__t_1934eacab8c57857____c18_0____0_fair.csv;t_1934eacab8c57857____c13_1____3__t_1934eacab8c57857____c11_0____3_fair.csv;t_1934eacab8c57857____c13_0____3__t_1934eacab8c57857____c8_1____3_fair.csv;t_1934eacab8c57857____c13_0____3__t_1934eacab8c57857____c18_0____3_fair.csv;t_1934eacab8c57857____c13_0____3__t_1934eacab8c57857____c18_0____0_fair.csv,{}
tusLarge3,starmie,t_03e347c6a1b6918b____c19_0____1_fair.csv,5,969,58,5,False,0.0845,1.0,0.005159958720330237,0.005159958720330237,93.34500426054001,93.34500426054001,t_03e347c6a1b6918b____c20_0____1.csv;t_03e347c6a1b6918b____c21_1____1__t_03e347c6a1b6918b____c20_1____0_fair.csv;t_03e347c6a1b6918b____c21_1____1__t_03e347c6a1b6918b____c8_1____4_fair.csv;t_03e347c6a1b6918b____c21_1____1__t_03e347c6a1b6918b____c6_0____1_fair.csv;t_03e347c6a1b6918b____c21_1____1__t_03e347c6a1b6918b____c4_1____3_fair.csv,{}
tusLarge3,starmie,t_03e347c6a1b6918b____c19_0____1_fair.csv,10,969,58,10,False,0.091,1.0,0.010319917440660475,0.010319917440660475,186.64184647798538,186.64184647798538,t_03e347c6a1b6918b____c20_0____1.csv;t_03e347c6a1b6918b____c21_1____1__t_03e347c6a1b6918b____c20_1____0_fair.csv;t_03e347c6a1b6918b____c21_1____1__t_03e347c6a1b6918b____c8_1____4_fair.csv;t_03e347c6a1b6918b____c21_1____1__t_03e347c6a1b6918b____c6_0____1_fair.csv;t_03e347c6a1b6918b____c21_1____1__t_03e347c6a1b6918b____c4_1____3_fair.csv;t_03e347c6a1b6918b____c21_1____1__t_03e347c6a1b6918b____c4_1____2_fair.csv;t_03e347c6a1b6918b____c21_1____1__t_03e347c6a1b6918b____c2_0____1_fair.csv;t_03e347c6a1b6918b____c21_1____1__t_03e347c6a1b6918b____c19_0____1_fair.csv;t_03e347c6a1b6918b____c21_1____1.csv;t_03e347c6a1b6918b____c19_1____1.csv,{}
tusLarge3,starmie,t_03e347c6a1b6918b____c19_0____1_fair.csv,20,969,58,20,False,0.0458,1.0,0.02063983488132095,0.02063983488132095,371.362332880497,371.362332880497,t_03e347c6a1b6918b____c20_0____1.csv;t_03e347c6a1b6918b____c21_1____1__t_03e347c6a1b6918b____c20_1____0_fair.csv;t_03e347c6a1b6918b____c21_1____1__t_03e347c6a1b6918b____c8_1____4_fair.csv;t_03e347c6a1b6918b____c21_1____1__t_03e347c6a1b6918b____c6_0____1_fair.csv;t_03e347c6a1b6918b____c21_1____1__t_03e347c6a1b6918b____c4_1____3_fair.csv;t_03e347c6a1b6918b____c21_1____1__t_03e347c6a1b6918b____c4_1____2_fair.csv;t_03e347c6a1b6918b____c21_1____1__t_03e347c6a1b6918b____c2_0____1_fair.csv;t_03e347c6a1b6918b____c21_1____1__t_03e347c6a1b6918b____c19_0____1_fair.csv;t_03e347c6a1b6918b____c21_1____1.csv;t_03e347c6a1b6918b____c19_1____1.csv;t_03e347c6a1b6918b____c21_1____1__t_03e347c6a1b6918b____c16_1____4_fair.csv;t_03e347c6a1b6918b____c21_0____1.csv;t_03e347c6a1b6918b____c20_0____1__t_03e347c6a1b6918b____c8_1____4_fair.csv;t_03e347c6a1b6918b____c20_0____1__t_03e347c6a1b6918b____c6_0____1_fair.csv;t_03e347c6a1b6918b____c20_0____1__t_03e347c6a1b6918b____c4_1____3_fair.csv;t_03e347c6a1b6918b____c20_0____1__t_03e347c6a1b6918b____c4_1____2_fair.csv;t_03e347c6a1b6918b____c20_0____1__t_03e347c6a1b6918b____c2_0____1_fair.csv;t_03e347c6a1b6918b____c20_0____1__t_03e347c6a1b6918b____c19_0____1_fair.csv;t_03e347c6a1b6918b____c20_0____1__t_03e347c6a1b6918b____c20_1____0_fair.csv;t_03e347c6a1b6918b____c19_1____1__t_03e347c6a1b6918b____c6_0____1_fair.csv,{}
tusLarge3,starmie,t_1934eacab8c57857____c8_1____3_fair.csv,5,496,101,5,False,0.1567,0.6,0.006048387096774193,0.010080645161290322,37.6414600610733,37.6414600610733,t_1934eacab8c57857____c8_1____4.csv;t_1934eacab8c57857____c8_1____4__t_1934eacab8c57857____c8_1____3_fair.csv;t_1934eacab8c57857____c8_1____4__t_1934eacab8c57857____c18_0____3_fair.csv;t_1934eacab8c57857____c10_0____3__t_1934eacab8c57857____c18_0____0_fair.csv;t_1934eacab8c57857____c10_0____3__t_1934eacab8c57857____c11_0____3_fair.csv,{}
tusLarge3,starmie,t_1934eacab8c57857____c8_1____3_fair.csv,10,496,101,10,False,0.1779,0.6,0.012096774193548387,0.020161290322580645,73.90544426441193,73.90544426441193,t_1934eacab8c57857____c8_1____4.csv;t_1934eacab8c57857____c8_1____4__t_1934eacab8c57857____c8_1____3_fair.csv;t_1934eacab8c57857____c8_1____4__t_1934eacab8c57857____c18_0____3_fair.csv;t_1934eacab8c57857____c10_0____3__t_1934eacab8c57857____c18_0____0_fair.csv;t_1934eacab8c57857____c10_0____3__t_1934eacab8c57857____c11_0____3_fair.csv;t_1934eacab8c57857____c10_0____3__t_1934eacab8c57857____c10_0____1_fair.csv;t_1934eacab8c57857____c12_1____3.csv;t_1934eacab8c57857____c11_1____3.csv;t_1934eacab8c57857____c13_0____3.csv;t_1934eacab8c57857____c12_1____3__t_1934eacab8c57857____c8_1____3_fair.csv,{}
tusLarge3,starmie,t_1934eacab8c57857____c8_1____3_fair.csv,20,496,101,20,False,0.2133,0.7,0.028225806451612902,0.04032258064516129,145.79286986589432,145.79286986589432,t_1934eacab8c57857____c8_1____4.csv;t_1934eacab8c57857____c8_1____4__t_1934eacab8c57857____c8_1____3_fair.csv;t_1934eacab8c57857____c8_1____4__t_1934eacab8c57857____c18_0____3_fair.csv;t_1934eacab8c57857____c10_0____3__t_1934eacab8c57857____c18_0____0_fair.csv;t_1934eacab8c57857____c10_0____3__t_1934eacab8c57857____c11_0____3_fair.csv;t_1934eacab8c57857____c10_0____3__t_1934eacab8c57857____c10_0____1_fair.csv;t_1934eacab8c57857____c12_1____3.csv;t_1934eacab8c57857____c11_1____3.csv;t_1934eacab8c57857____c13_0____3.csv;t_1934eacab8c57857____c12_1____3__t_1934eacab8c57857____c8_1____3_fair.csv;t_1934eacab8c57857____c12_1____3__t_1934eacab8c57857____c18_0____0_fair.csv;t_1934eacab8c57857____c12_1____3__t_1934eacab8c57857____c11_0____3_fair.csv;t_1934eacab8c57857____c12_1____3__t_1934eacab8c57857____c10_0____1_fair.csv;t_1934eacab8c57857____c11_1____3__t_1934eacab8c57857____c18_0____3_fair.csv;t_1934eacab8c57857____c8_1____0.csv;t_1934eacab8c57857____c10_0____3.csv;t_1934eacab8c57857____c13_0____3__t_1934eacab8c57857____c8_1____3_fair.csv;t_1934eacab8c57857____c13_0____3__t_1934eacab8c57857____c18_0____3_fair.csv;t_1934eacab8c57857____c13_0____3__t_1934eacab8c57857____c18_0____0_fair.csv;t_1934eacab8c57857____c8_1____0__t_1934eacab8c57857____c8_1____3_fair.csv,{}
tusLarge3,starmie,t_1d580f266b2a923b____c10_1____0_fair.csv,5,310,115,5,True,0.3289,1.0,0.016129032258064516,0.016129032258064516,49.419621884822845,49.419621884822845,t_1d580f266b2a923b____c10_1____2__t_1d580f266b2a923b____c7_0____3_fair.csv;t_1d580f266b2a923b____c10_1____2__t_1d580f266b2a923b____c10_1____0_fair.csv;t_1d580f266b2a923b____c10_1____2__t_1d580f266b2a923b____c11_1____2_fair.csv;t_1d580f266b2a923b____c10_1____2__t_1d580f266b2a923b____c11_1____3_fair.csv;t_1d580f266b2a923b____c11_1____0.csv,{}
tusLarge3,starmie,t_1d580f266b2a923b____c10_1____0_fair.csv,10,310,115,10,True,0.3377,1.0,0.03225806451612903,0.03225806451612903,98.69932627677917,98.69932627677917,t_1d580f266b2a923b____c10_1____2__t_1d580f266b2a923b____c7_0____3_fair.csv;t_1d580f266b2a923b____c10_1____2__t_1d580f266b2a923b____c10_1____0_fair.csv;t_1d580f266b2a923b____c10_1____2__t_1d580f266b2a923b____c11_1____2_fair.csv;t_1d580f266b2a923b____c10_1____2__t_1d580f266b2a923b____c11_1____3_fair.csv;t_1d580f266b2a923b____c11_1____0.csv;t_1d580f266b2a923b____c10_1____3__t_1d580f266b2a923b____c7_0____3_fair.csv;t_1d580f266b2a923b____c10_1____3__t_1d580f266b2a923b____c1_0____4_fair.csv;t_1d580f266b2a923b____c10_1____3__t_1d580f266b2a923b____c11_1____3_fair.csv;t_1d580f266b2a923b____c10_1____3__t_1d580f266b2a923b____c11_1____2_fair.csv;t_1d580f266b2a923b____c10_1____3__t_1d580f266b2a923b____c10_1____0_fair.csv,{}
tusLarge3,starmie,t_1d580f266b2a923b____c10_1____0_fair.csv,20,310,115,20,True,0.3306,1.0,0.06451612903225806,0.06451612903225806,196.96242767572403,196.96242767572403,t_1d580f266b2a923b____c10_1____2__t_1d580f266b2a923b____c7_0____3_fair.csv;t_1d580f266b2a923b____c10_1____2__t_1d580f266b2a923b____c10_1____0_fair.csv;t_1d580f266b2a923b____c10_1____2__t_1d580f266b2a923b____c11_1____2_fair.csv;t_1d580f266b2a923b____c10_1____2__t_1d580f266b2a923b____c11_1____3_fair.csv;t_1d580f266b2a923b____c11_1____0.csv;t_1d580f266b2a923b____c10_1____3__t_1d580f266b2a923b____c7_0____3_fair.csv;t_1d580f266b2a923b____c10_1____3__t_1d580f266b2a923b____c1_0____4_fair.csv;t_1d580f266b2a923b____c10_1____3__t_1d580f266b2a923b____c11_1____3_fair.csv;t_1d580f266b2a923b____c10_1____3__t_1d580f266b2a923b____c11_1____2_fair.csv;t_1d580f266b2a923b____c10_1____3__t_1d580f266b2a923b____c10_1____0_fair.csv;t_1d580f266b2a923b____c10_1____2.csv;t_1d580f266b2a923b____c10_1____3.csv;t_1d580f266b2a923b____c10_1____2__t_1d580f266b2a923b____c1_0____4_fair.csv;t_1d580f266b2a923b____c11_1____0__t_1d580f266b2a923b____c9_0____1_fair.csv;t_1d580f266b2a923b____c11_1____0__t_1d580f266b2a923b____c7_0____3_fair.csv;t_1d580f266b2a923b____c11_1____0__t_1d580f266b2a923b____c1_0____4_fair.csv;t_1d580f266b2a923b____c11_1____0__t_1d580f266b2a923b____c11_1____3_fair.csv;t_1d580f266b2a923b____c11_1____0__t_1d580f266b2a923b____c11_1____2_fair.csv;t_1d580f266b2a923b____c11_1____0__t_1d580f266b2a923b____c10_1____0_fair.csv;t_1d580f266b2a923b____c10_1____4__t_1d580f266b2a923b____c7_0____3_fair.csv,{}
tusLarge3,starmie,t_03e347c6a1b6918b____c20_1____0_fair.csv,5,993,51,5,False,0.0741,1.0,0.005035246727089627,0.005035246727089627,99.00731194019318,99.00731194019318,t_03e347c6a1b6918b____c21_0____0.csv;t_03e347c6a1b6918b____c21_0____0__t_03e347c6a1b6918b____c6_0____1_fair.csv;t_03e347c6a1b6918b____c21_0____0__t_03e347c6a1b6918b____c19_0____1_fair.csv;t_03e347c6a1b6918b____c21_0____0__t_03e347c6a1b6918b____c14_0____4_fair.csv;t_03e347c6a1b6918b____c21_0____0__t_03e347c6a1b6918b____c18_1____4_fair.csv,{}
tusLarge3,starmie,t_03e347c6a1b6918b____c20_1____0_fair.csv,10,993,51,10,False,0.0384,1.0,0.010070493454179255,0.010070493454179255,197.70102965831757,197.70102965831757,t_03e347c6a1b6918b____c21_0____0.csv;t_03e347c6a1b6918b____c21_0____0__t_03e347c6a1b6918b____c6_0____1_fair.csv;t_03e347c6a1b6918b____c21_0____0__t_03e347c6a1b6918b____c19_0____1_fair.csv;t_03e347c6a1b6918b____c21_0____0__t_03e347c6a1b6918b____c14_0____4_fair.csv;t_03e347c6a1b6918b____c21_0____0__t_03e347c6a1b6918b____c18_1____4_fair.csv;t_03e347c6a1b6918b____c21_0____0__t_03e347c6a1b6918b____c8_1____4_fair.csv;t_03e347c6a1b6918b____c21_0____0__t_03e347c6a1b6918b____c4_1____3_fair.csv;t_03e347c6a1b6918b____c21_0____0__t_03e347c6a1b6918b____c4_1____2_fair.csv;t_03e347c6a1b6918b____c21_0____0__t_03e347c6a1b6918b____c2_0____1_fair.csv;t_03e347c6a1b6918b____c21_0____0__t_03e347c6a1b6918b____c20_1____0_fair.csv,{}
tusLarge3,starmie,t_03e347c6a1b6918b____c20_1____0_fair.csv,20,993,51,20,False,0.0205,1.0,0.02014098690835851,0.02014098690835851,394.42292565107346,394.42292565107346,t_03e347c6a1b6918b____c21_0____0.csv;t_03e347c6a1b6918b____c21_0____0__t_03e347c6a1b6918b____c6_0____1_fair.csv;t_03e347c6a1b6918b____c21_0____0__t_03e347c6a1b6918b____c19_0____1_fair.csv;t_03e347c6a1b6918b____c21_0____0__t_03e347c6a1b6918b____c14_0____4_fair.csv;t_03e347c6a1b6918b____c21_0____0__t_03e347c6a1b6918b____c18_1____4_fair.csv;t_03e347c6a1b6918b____c21_0____0__t_03e347c6a1b6918b____c8_1____4_fair.csv;t_03e347c6a1b6918b____c21_0____0__t_03e347c6a1b6918b____c4_1____3_fair.csv;t_03e347c6a1b6918b____c21_0____0__t_03e347c6a1b6918b____c4_1____2_fair.csv;t_03e347c6a1b6918b____c21_0____0__t_03e347c6a1b6918b____c2_0____1_fair.csv;t_03e347c6a1b6918b____c21_0____0__t_03e347c6a1b6918b____c20_1____0_fair.csv;t_03e347c6a1b6918b____c21_0____0__t_03e347c6a1b6918b____c16_1____4_fair.csv;t_03e347c6a1b6918b____c20_0____0.csv;t_03e347c6a1b6918b____c21_1____0.csv;t_03e347c6a1b6918b____c20_0____0__t_03e347c6a1b6918b____c6_0____1_fair.csv;t_03e347c6a1b6918b____c20_0____0__t_03e347c6a1b6918b____c19_0____1_fair.csv;t_03e347c6a1b6918b____c20_0____0__t_03e347c6a1b6918b____c14_0____4_fair.csv;t_03e347c6a1b6918b____c20_0____0__t_03e347c6a1b6918b____c8_1____4_fair.csv;t_03e347c6a1b6918b____c20_0____0__t_03e347c6a1b6918b____c4_1____3_fair.csv;t_03e347c6a1b6918b____c20_0____0__t_03e347c6a1b6918b____c4_1____2_fair.csv;t_03e347c6a1b6918b____c20_0____0__t_03e347c6a1b6918b____c2_0____1_fair.csv,{}
tusLarge3,starmie,t_1d580f266b2a923b____c1_0____4_fair.csv,5,298,401,5,True,0.4096,0.8,0.013422818791946308,0.016778523489932886,4.60510641336441,4.60510641336441,t_1d580f266b2a923b____c1_0____1__t_1d580f266b2a923b____c1_0____4_fair.csv;t_1d580f266b2a923b____c1_0____2__t_1d580f266b2a923b____c1_0____4_fair.csv;t_1d580f266b2a923b____c1_0____3__t_1d580f266b2a923b____c1_0____4_fair.csv;t_1d580f266b2a923b____c1_0____0__t_1d580f266b2a923b____c1_0____4_fair.csv;t_1d580f266b2a923b____c2_0____2__t_1d580f266b2a923b____c11_1____2_fair.csv,{}
tusLarge3,starmie,t_1d580f266b2a923b____c1_0____4_fair.csv,10,298,401,10,True,0.3222,0.4,0.013422818791946308,0.03355704697986577,8.894307613372803,8.894307613372803,t_1d580f266b2a923b____c1_0____1__t_1d580f266b2a923b____c1_0____4_fair.csv;t_1d580f266b2a923b____c1_0____2__t_1d580f266b2a923b____c1_0____4_fair.csv;t_1d580f266b2a923b____c1_0____3__t_1d580f266b2a923b____c1_0____4_fair.csv;t_1d580f266b2a923b____c1_0____0__t_1d580f266b2a923b____c1_0____4_fair.csv;t_1d580f266b2a923b____c2_0____2__t_1d580f266b2a923b____c11_1____2_fair.csv;t_1d580f266b2a923b____c2_0____1__t_1d580f266b2a923b____c11_1____2_fair.csv;t_1d580f266b2a923b____c2_0____1__t_1d580f266b2a923b____c7_0____3_fair.csv;t_1d580f266b2a923b____c2_0____4__t_1d580f266b2a923b____c7_0____3_fair.csv;t_1d580f266b2a923b____c2_0____4__t_1d580f266b2a923b____c11_1____2_fair.csv;t_1d580f266b2a923b____c2_1____4__t_1d580f266b2a923b____c11_1____3_fair.csv,{}
tusLarge3,starmie,t_1d580f266b2a923b____c1_0____4_fair.csv,20,298,401,20,False,0.2251,0.25,0.016778523489932886,0.06711409395973154,17.114825665950775,17.114825665950775,t_1d580f266b2a923b____c1_0____1__t_1d580f266b2a923b____c1_0____4_fair.csv;t_1d580f266b2a923b____c1_0____2__t_1d580f266b2a923b____c1_0____4_fair.csv;t_1d580f266b2a923b____c1_0____3__t_1d580f266b2a923b____c1_0____4_fair.csv;t_1d580f266b2a923b____c1_0____0__t_1d580f266b2a923b____c1_0____4_fair.csv;t_1d580f266b2a923b____c2_0____2__t_1d580f266b2a923b____c11_1____2_fair.csv;t_1d580f266b2a923b____c2_0____1__t_1d580f266b2a923b____c11_1____2_fair.csv;t_1d580f266b2a923b____c2_0____1__t_1d580f266b2a923b____c7_0____3_fair.csv;t_1d580f266b2a923b____c2_0____4__t_1d580f266b2a923b____c7_0____3_fair.csv;t_1d580f266b2a923b____c2_0____4__t_1d580f266b2a923b____c11_1____2_fair.csv;t_1d580f266b2a923b____c2_1____4__t_1d580f266b2a923b____c11_1____3_fair.csv;t_1d580f266b2a923b____c2_1____4__t_1d580f266b2a923b____c10_1____0_fair.csv;t_1d580f266b2a923b____c2_0____2__t_1d580f266b2a923b____c7_0____3_fair.csv;t_1d580f266b2a923b____c1_0____2.csv;t_1d580f266b2a923b____c2_0____0__t_1d580f266b2a923b____c11_1____2_fair.csv;t_f2bc7fb748586bfa____c1_1____0__t_f2bc7fb748586bfa____c19_1____0_fair.csv;t_1d580f266b2a923b____c2_1____2__t_1d580f266b2a923b____c11_1____3_fair.csv;t_f2bc7fb748586bfa____c1_1____4__t_f2bc7fb748586bfa____c19_1____0_fair.csv;t_f2bc7fb748586bfa____c1_1____3__t_f2bc7fb748586bfa____c19_1____0_fair.csv;t_1d580f266b2a923b____c2_0____1.csv;t_285b3bcd52ec0c86____c2_1____2__t_285b3bcd52ec0c86____c7_1____2_fair.csv,{}
tusLarge3,starmie,t_1d580f266b2a923b____c11_1____2_fair.csv,5,375,95,5,False,0.2743,1.0,0.013333333333333334,0.013333333333333334,53.83296978473663,53.83296978473663,t_1d580f266b2a923b____c11_0____0.csv;t_1d580f266b2a923b____c11_1____0__t_1d580f266b2a923b____c9_0____1_fair.csv;t_1d580f266b2a923b____c11_1____0__t_1d580f266b2a923b____c7_0____3_fair.csv;t_1d580f266b2a923b____c11_1____0__t_1d580f266b2a923b____c1_0____4_fair.csv;t_1d580f266b2a923b____c11_1____0__t_1d580f266b2a923b____c11_1____3_fair.csv,{}
tusLarge3,starmie,t_1d580f266b2a923b____c11_1____2_fair.csv,10,375,95,10,False,0.2289,1.0,0.02666666666666667,0.02666666666666667,107.63097524642944,107.63097524642944,t_1d580f266b2a923b____c11_0____0.csv;t_1d580f266b2a923b____c11_1____0__t_1d580f266b2a923b____c9_0____1_fair.csv;t_1d580f266b2a923b____c11_1____0__t_1d580f266b2a923b____c7_0____3_fair.csv;t_1d580f266b2a923b____c11_1____0__t_1d580f266b2a923b____c1_0____4_fair.csv;t_1d580f266b2a923b____c11_1____0__t_1d580f266b2a923b____c11_1____3_fair.csv;t_1d580f266b2a923b____c11_1____0__t_1d580f266b2a923b____c11_1____2_fair.csv;t_1d580f266b2a923b____c11_1____0__t_1d580f266b2a923b____c10_1____0_fair.csv;t_1d580f266b2a923b____c11_1____0.csv;t_1d580f266b2a923b____c12_0____0__t_1d580f266b2a923b____c9_0____1_fair.csv;t_1d580f266b2a923b____c12_0____0__t_1d580f266b2a923b____c7_0____3_fair.csv,{}
tusLarge3,starmie,t_1d580f266b2a923b____c11_1____2_fair.csv,20,375,95,20,False,0.1231,1.0,0.05333333333333334,0.05333333333333334,215.04401004314423,215.04401004314423,t_1d580f266b2a923b____c11_0____0.csv;t_1d580f266b2a923b____c11_1____0__t_1d580f266b2a923b____c9_0____1_fair.csv;t_1d580f266b2a923b____c11_1____0__t_1d580f266b2a923b____c7_0____3_fair.csv;t_1d580f266b2a923b____c11_1____0__t_1d580f266b2a923b____c1_0____4_fair.csv;t_1d580f266b2a923b____c11_1____0__t_1d580f266b2a923b____c11_1____3_fair.csv;t_1d580f266b2a923b____c11_1____0__t_1d580f266b2a923b____c11_1____2_fair.csv;t_1d580f266b2a923b____c11_1____0__t_1d580f266b2a923b____c10_1____0_fair.csv;t_1d580f266b2a923b____c11_1____0.csv;t_1d580f266b2a923b____c12_0____0__t_1d580f266b2a923b____c9_0____1_fair.csv;t_1d580f266b2a923b____c12_0____0__t_1d580f266b2a923b____c7_0____3_fair.csv;t_1d580f266b2a923b____c12_0____0__t_1d580f266b2a923b____c1_0____4_fair.csv;t_1d580f266b2a923b____c12_0____0__t_1d580f266b2a923b____c11_1____3_fair.csv;t_1d580f266b2a923b____c12_0____0__t_1d580f266b2a923b____c11_1____2_fair.csv;t_1d580f266b2a923b____c12_0____0__t_1d580f266b2a923b____c10_1____0_fair.csv;t_1d580f266b2a923b____c11_0____0__t_1d580f266b2a923b____c1_0____4_fair.csv;t_1d580f266b2a923b____c11_0____0__t_1d580f266b2a923b____c10_1____0_fair.csv;t_1d580f266b2a923b____c11_0____0__t_1d580f266b2a923b____c11_1____3_fair.csv;t_1d580f266b2a923b____c11_0____0__t_1d580f266b2a923b____c9_0____1_fair.csv;t_1d580f266b2a923b____c11_0____0__t_1d580f266b2a923b____c11_1____2_fair.csv;t_1d580f266b2a923b____c12_0____0.csv,{}
tusLarge3,starmie,t_1d580f266b2a923b____c11_1____3_fair.csv,5,310,94,5,True,0.3162,1.0,0.016129032258064516,0.016129032258064516,53.99185848236084,53.99185848236084,t_1d580f266b2a923b____c11_0____0.csv;t_1d580f266b2a923b____c12_0____0__t_1d580f266b2a923b____c9_0____1_fair.csv;t_1d580f266b2a923b____c12_0____0__t_1d580f266b2a923b____c7_0____3_fair.csv;t_1d580f266b2a923b____c12_0____0__t_1d580f266b2a923b____c1_0____4_fair.csv;t_1d580f266b2a923b____c12_0____0__t_1d580f266b2a923b____c11_1____3_fair.csv,{}
tusLarge3,starmie,t_1d580f266b2a923b____c11_1____3_fair.csv,10,310,94,10,True,0.2985,1.0,0.03225806451612903,0.03225806451612903,107.92532122135162,107.92532122135162,t_1d580f266b2a923b____c11_0____0.csv;t_1d580f266b2a923b____c12_0____0__t_1d580f266b2a923b____c9_0____1_fair.csv;t_1d580f266b2a923b____c12_0____0__t_1d580f266b2a923b____c7_0____3_fair.csv;t_1d580f266b2a923b____c12_0____0__t_1d580f266b2a923b____c1_0____4_fair.csv;t_1d580f266b2a923b____c12_0____0__t_1d580f266b2a923b____c11_1____3_fair.csv;t_1d580f266b2a923b____c12_0____0__t_1d580f266b2a923b____c11_1____2_fair.csv;t_1d580f266b2a923b____c12_0____0__t_1d580f266b2a923b____c10_1____0_fair.csv;t_1d580f266b2a923b____c11_1____0__t_1d580f266b2a923b____c9_0____1_fair.csv;t_1d580f266b2a923b____c11_1____0__t_1d580f266b2a923b____c7_0____3_fair.csv;t_1d580f266b2a923b____c11_1____0__t_1d580f266b2a923b____c1_0____4_fair.csv,{}
tusLarge3,starmie,t_1d580f266b2a923b____c11_1____3_fair.csv,20,310,94,20,True,0.2952,1.0,0.06451612903225806,0.06451612903225806,215.7560252547264,215.7560252547264,t_1d580f266b2a923b____c11_0____0.csv;t_1d580f266b2a923b____c12_0____0__t_1d580f266b2a923b____c9_0____1_fair.csv;t_1d580f266b2a923b____c12_0____0__t_1d580f266b2a923b____c7_0____3_fair.csv;t_1d580f266b2a923b____c12_0____0__t_1d580f266b2a923b____c1_0____4_fair.csv;t_1d580f266b2a923b____c12_0____0__t_1d580f266b2a923b____c11_1____3_fair.csv;t_1d580f266b2a923b____c12_0____0__t_1d580f266b2a923b____c11_1____2_fair.csv;t_1d580f266b2a923b____c12_0____0__t_1d580f266b2a923b____c10_1____0_fair.csv;t_1d580f266b2a923b____c11_1____0__t_1d580f266b2a923b____c9_0____1_fair.csv;t_1d580f266b2a923b____c11_1____0__t_1d580f266b2a923b____c7_0____3_fair.csv;t_1d580f266b2a923b____c11_1____0__t_1d580f266b2a923b____c1_0____4_fair.csv;t_1d580f266b2a923b____c11_1____0__t_1d580f266b2a923b____c11_1____3_fair.csv;t_1d580f266b2a923b____c11_1____0__t_1d580f266b2a923b____c11_1____2_fair.csv;t_1d580f266b2a923b____c11_1____0__t_1d580f266b2a923b____c10_1____0_fair.csv;t_1d580f266b2a923b____c11_0____0__t_1d580f266b2a923b____c1_0____4_fair.csv;t_1d580f266b2a923b____c11_0____0__t_1d580f266b2a923b____c10_1____0_fair.csv;t_1d580f266b2a923b____c12_0____3__t_1d580f266b2a923b____c9_0____1_fair.csv;t_1d580f266b2a923b____c12_0____3__t_1d580f266b2a923b____c7_0____3_fair.csv;t_1d580f266b2a923b____c12_0____3__t_1d580f266b2a923b____c1_0____4_fair.csv;t_1d580f266b2a923b____c12_0____3__t_1d580f266b2a923b____c11_1____3_fair.csv;t_1d580f266b2a923b____c12_0____3__t_1d580f266b2a923b____c11_1____2_fair.csv,{}
tusLarge3,starmie,t_1d580f266b2a923b____c7_0____3_fair.csv,5,375,118,5,False,0.1825,1.0,0.013333333333333334,0.013333333333333334,34.37546545267105,34.37546545267105,t_1d580f266b2a923b____c7_0____0__t_1d580f266b2a923b____c11_1____3_fair.csv;t_1d580f266b2a923b____c7_0____0__t_1d580f266b2a923b____c11_1____2_fair.csv;t_1d580f266b2a923b____c7_0____0__t_1d580f266b2a923b____c10_1____0_fair.csv;t_1d580f266b2a923b____c7_0____0__t_1d580f266b2a923b____c7_0____3_fair.csv;t_1d580f266b2a923b____c7_0____2__t_1d580f266b2a923b____c11_1____2_fair.csv,{}
tusLarge3,starmie,t_1d580f266b2a923b____c7_0____3_fair.csv,10,375,118,10,False,0.1524,1.0,0.02666666666666667,0.02666666666666667,68.63282841444016,68.63282841444016,t_1d580f266b2a923b____c7_0____0__t_1d580f266b2a923b____c11_1____3_fair.csv;t_1d580f266b2a923b____c7_0____0__t_1d580f266b2a923b____c11_1____2_fair.csv;t_1d580f266b2a923b____c7_0____0__t_1d580f266b2a923b____c10_1____0_fair.csv;t_1d580f266b2a923b____c7_0____0__t_1d580f266b2a923b____c7_0____3_fair.csv;t_1d580f266b2a923b____c7_0____2__t_1d580f266b2a923b____c11_1____2_fair.csv;t_1d580f266b2a923b____c7_0____2__t_1d580f266b2a923b____c11_1____3_fair.csv;t_1d580f266b2a923b____c7_0____2__t_1d580f266b2a923b____c10_1____0_fair.csv;t_1d580f266b2a923b____c7_0____2__t_1d580f266b2a923b____c7_0____3_fair.csv;t_1d580f266b2a923b____c10_1____2__t_1d580f266b2a923b____c7_0____3_fair.csv;t_1d580f266b2a923b____c10_1____2__t_1d580f266b2a923b____c11_1____3_fair.csv,{}
tusLarge3,starmie,t_1d580f266b2a923b____c7_0____3_fair.csv,20,375,118,20,False,0.1373,1.0,0.05333333333333334,0.05333333333333334,136.91470336914062,136.91470336914062,t_1d580f266b2a923b____c7_0____0__t_1d580f266b2a923b____c11_1____3_fair.csv;t_1d580f266b2a923b____c7_0____0__t_1d580f266b2a923b____c11_1____2_fair.csv;t_1d580f266b2a923b____c7_0____0__t_1d580f266b2a923b____c10_1____0_fair.csv;t_1d580f266b2a923b____c7_0____0__t_1d580f266b2a923b____c7_0____3_fair.csv;t_1d580f266b2a923b____c7_0____2__t_1d580f266b2a923b____c11_1____2_fair.csv;t_1d580f266b2a923b____c7_0____2__t_1d580f266b2a923b____c11_1____3_fair.csv;t_1d580f266b2a923b____c7_0____2__t_1d580f266b2a923b____c10_1____0_fair.csv;t_1d580f266b2a923b____c7_0____2__t_1d580f266b2a923b____c7_0____3_fair.csv;t_1d580f266b2a923b____c10_1____2__t_1d580f266b2a923b____c7_0____3_fair.csv;t_1d580f266b2a923b____c10_1____2__t_1d580f266b2a923b____c11_1____3_fair.csv;t_1d580f266b2a923b____c7_0____0.csv;t_1d580f266b2a923b____c7_0____1__t_1d580f266b2a923b____c10_1____0_fair.csv;t_1d580f266b2a923b____c7_0____1.csv;t_1d580f266b2a923b____c10_1____2__t_1d580f266b2a923b____c11_1____2_fair.csv;t_1d580f266b2a923b____c7_0____1__t_1d580f266b2a923b____c7_0____3_fair.csv;t_1d580f266b2a923b____c7_0____1__t_1d580f266b2a923b____c11_1____2_fair.csv;t_1d580f266b2a923b____c7_0____4__t_1d580f266b2a923b____c7_0____3_fair.csv;t_1d580f266b2a923b____c7_0____1__t_1d580f266b2a923b____c11_1____3_fair.csv;t_1d580f266b2a923b____c10_1____2__t_1d580f266b2a923b____c1_0____4_fair.csv;t_1d580f266b2a923b____c7_0____4__t_1d580f266b2a923b____c11_1____3_fair.csv,{}
tusLarge3,starmie,t_240c872e361b3c8e____c1_0____2_fair.csv,5,326,387,5,True,0.359,1.0,0.015337423312883436,0.015337423312883436,4.802978098392487,4.802978098392487,t_240c872e361b3c8e____c1_0____1.csv;t_240c872e361b3c8e____c1_0____0__t_240c872e361b3c8e____c1_0____2_fair.csv;t_240c872e361b3c8e____c1_0____1__t_240c872e361b3c8e____c1_0____2_fair.csv;t_240c872e361b3c8e____c1_0____3__t_240c872e361b3c8e____c1_0____2_fair.csv;t_240c872e361b3c8e____c1_0____4.csv,{}
tusLarge3,starmie,t_240c872e361b3c8e____c1_0____2_fair.csv,10,326,387,10,False,0.0205,0.6,0.018404907975460124,0.03067484662576687,9.089744925498962,9.089744925498962,t_240c872e361b3c8e____c1_0____1.csv;t_240c872e361b3c8e____c1_0____0__t_240c872e361b3c8e____c1_0____2_fair.csv;t_240c872e361b3c8e____c1_0____1__t_240c872e361b3c8e____c1_0____2_fair.csv;t_240c872e361b3c8e____c1_0____3__t_240c872e361b3c8e____c1_0____2_fair.csv;t_240c872e361b3c8e____c1_0____4.csv;t_240c872e361b3c8e____c1_0____4__t_240c872e361b3c8e____c1_0____2_fair.csv;PED_YT_DTL_SNF____c2_0____0__PED_YT_DTL_SNF____c19_1____0_fair.csv;t_285b3bcd52ec0c86____c3_1____1__t_285b3bcd52ec0c86____c7_1____2_fair.csv;t_285b3bcd52ec0c86____c3_1____0__t_285b3bcd52ec0c86____c7_1____2_fair.csv;t_ece0594e0480a1ed____c2_0____1.csv,{}
tusLarge3,starmie,t_240c872e361b3c8e____c1_0____2_fair.csv,20,326,387,20,False,0.0039,0.3,0.018404907975460124,0.06134969325153374,17.310949444770813,17.310949444770813,t_240c872e361b3c8e____c1_0____1.csv;t_240c872e361b3c8e____c1_0____0__t_240c872e361b3c8e____c1_0____2_fair.csv;t_240c872e361b3c8e____c1_0____1__t_240c872e361b3c8e____c1_0____2_fair.csv;t_240c872e361b3c8e____c1_0____3__t_240c872e361b3c8e____c1_0____2_fair.csv;t_240c872e361b3c8e____c1_0____4.csv;t_240c872e361b3c8e____c1_0____4__t_240c872e361b3c8e____c1_0____2_fair.csv;PED_YT_DTL_SNF____c2_0____0__PED_YT_DTL_SNF____c19_1____0_fair.csv;t_285b3bcd52ec0c86____c3_1____1__t_285b3bcd52ec0c86____c7_1____2_fair.csv;t_285b3bcd52ec0c86____c3_1____0__t_285b3bcd52ec0c86____c7_1____2_fair.csv;t_ece0594e0480a1ed____c2_0____1.csv;t_8b91ff826fe3eeb8____c3_1____0.csv;t_ece0594e0480a1ed____c2_0____1__t_ece0594e0480a1ed____c5_1____3_fair.csv;PED_YT_DTL_SNF____c2_1____0__PED_YT_DTL_SNF____c19_1____0_fair.csv;t_ece0594e0480a1ed____c2_0____3.csv;t_285b3bcd52ec0c86____c2_1____0.csv;t_ece0594e0480a1ed____c2_0____2.csv;t_356fc1eaad97f93b____c3_0____1.csv;t_013a2f8c584d44d7____c2_0____4__t_013a2f8c584d44d7____c7_1____4_fair.csv;t_285b3bcd52ec0c86____c3_1____1.csv;t_285b3bcd52ec0c86____c2_1____1__t_285b3bcd52ec0c86____c7_1____2_fair.csv,{}
tusLarge3,starmie,t_1d580f266b2a923b____c9_0____1_fair.csv,5,256,122,5,False,0.2682,1.0,0.01953125,0.01953125,43.843345522880554,43.843345522880554,t_1d580f266b2a923b____c9_0____3__t_1d580f266b2a923b____c9_0____1_fair.csv;t_1d580f266b2a923b____c9_0____3__t_1d580f266b2a923b____c7_0____3_fair.csv;t_1d580f266b2a923b____c9_0____3__t_1d580f266b2a923b____c1_0____4_fair.csv;t_1d580f266b2a923b____c9_0____3__t_1d580f266b2a923b____c11_1____2_fair.csv;t_1d580f266b2a923b____c9_0____0__t_1d580f266b2a923b____c9_0____1_fair.csv,{}
tusLarge3,starmie,t_1d580f266b2a923b____c9_0____1_fair.csv,10,256,122,10,False,0.201,1.0,0.0390625,0.0390625,87.49728381633759,87.49728381633759,t_1d580f266b2a923b____c9_0____3__t_1d580f266b2a923b____c9_0____1_fair.csv;t_1d580f266b2a923b____c9_0____3__t_1d580f266b2a923b____c7_0____3_fair.csv;t_1d580f266b2a923b____c9_0____3__t_1d580f266b2a923b____c1_0____4_fair.csv;t_1d580f266b2a923b____c9_0____3__t_1d580f266b2a923b____c11_1____2_fair.csv;t_1d580f266b2a923b____c9_0____0__t_1d580f266b2a923b____c9_0____1_fair.csv;t_1d580f266b2a923b____c9_0____0__t_1d580f266b2a923b____c7_0____3_fair.csv;t_1d580f266b2a923b____c9_0____0__t_1d580f266b2a923b____c1_0____4_fair.csv;t_1d580f266b2a923b____c9_0____0__t_1d580f266b2a923b____c11_1____2_fair.csv;t_1d580f266b2a923b____c9_1____1__t_1d580f266b2a923b____c9_0____1_fair.csv;t_1d580f266b2a923b____c9_1____1__t_1d580f266b2a923b____c7_0____3_fair.csv,{}
tusLarge3,starmie,t_1d580f266b2a923b____c9_0____1_fair.csv,20,256,122,20,False,0.1832,1.0,0.078125,0.078125,173.6809727549553,173.6809727549553,t_1d580f266b2a923b____c9_0____3__t_1d580f266b2a923b____c9_0____1_fair.csv;t_1d580f266b2a923b____c9_0____3__t_1d580f266b2a923b____c7_0____3_fair.csv;t_1d580f266b2a923b____c9_0____3__t_1d580f266b2a923b____c1_0____4_fair.csv;t_1d580f266b2a923b____c9_0____3__t_1d580f266b2a923b____c11_1____2_fair.csv;t_1d580f266b2a923b____c9_0____0__t_1d580f266b2a923b____c9_0____1_fair.csv;t_1d580f266b2a923b____c9_0____0__t_1d580f266b2a923b____c7_0____3_fair.csv;t_1d580f266b2a923b____c9_0____0__t_1d580f266b2a923b____c1_0____4_fair.csv;t_1d580f266b2a923b____c9_0____0__t_1d580f266b2a923b____c11_1____2_fair.csv;t_1d580f266b2a923b____c9_1____1__t_1d580f266b2a923b____c9_0____1_fair.csv;t_1d580f266b2a923b____c9_1____1__t_1d580f266b2a923b____c7_0____3_fair.csv;t_1d580f266b2a923b____c9_1____1__t_1d580f266b2a923b____c11_1____2_fair.csv;t_1d580f266b2a923b____c9_1____1.csv;t_1d580f266b2a923b____c9_0____0.csv;t_1d580f266b2a923b____c9_0____2__t_1d580f266b2a923b____c9_0____1_fair.csv;t_1d580f266b2a923b____c9_0____2__t_1d580f266b2a923b____c7_0____3_fair.csv;t_1d580f266b2a923b____c9_0____2__t_1d580f266b2a923b____c1_0____4_fair.csv;t_1d580f266b2a923b____c9_0____2__t_1d580f266b2a923b____c11_1____2_fair.csv;t_1d580f266b2a923b____c9_0____3.csv;t_1d580f266b2a923b____c9_0____4__t_1d580f266b2a923b____c9_0____1_fair.csv;t_1d580f266b2a923b____c9_0____4__t_1d580f266b2a923b____c7_0____3_fair.csv,{}
tusLarge3,starmie,t_240c872e361b3c8e____c5_1____3_fair.csv,5,401,150,5,False,0.2338,1.0,0.012468827930174564,0.012468827930174564,24.579358100891113,24.579358100891113,t_240c872e361b3c8e____c5_1____2__t_240c872e361b3c8e____c5_1____3_fair.csv;t_240c872e361b3c8e____c5_1____2__t_240c872e361b3c8e____c1_0____2_fair.csv;t_240c872e361b3c8e____c5_1____2__t_240c872e361b3c8e____c18_1____4_fair.csv;t_240c872e361b3c8e____c5_1____2.csv;t_240c872e361b3c8e____c5_1____0__t_240c872e361b3c8e____c5_1____3_fair.csv,{}
tusLarge3,starmie,t_240c872e361b3c8e____c5_1____3_fair.csv,10,401,150,10,False,0.1681,1.0,0.02493765586034913,0.02493765586034913,48.906852424144745,48.906852424144745,t_240c872e361b3c8e____c5_1____2__t_240c872e361b3c8e____c5_1____3_fair.csv;t_240c872e361b3c8e____c5_1____2__t_240c872e361b3c8e____c1_0____2_fair.csv;t_240c872e361b3c8e____c5_1____2__t_240c872e361b3c8e____c18_1____4_fair.csv;t_240c872e361b3c8e____c5_1____2.csv;t_240c872e361b3c8e____c5_1____0__t_240c872e361b3c8e____c5_1____3_fair.csv;t_240c872e361b3c8e____c5_1____4__t_240c872e361b3c8e____c5_1____3_fair.csv;t_240c872e361b3c8e____c5_1____4__t_240c872e361b3c8e____c1_0____2_fair.csv;t_240c872e361b3c8e____c5_1____4__t_240c872e361b3c8e____c18_1____4_fair.csv;t_240c872e361b3c8e____c5_1____1__t_240c872e361b3c8e____c5_1____3_fair.csv;t_240c872e361b3c8e____c5_1____1__t_240c872e361b3c8e____c1_0____2_fair.csv,{}
tusLarge3,starmie,t_240c872e361b3c8e____c5_1____3_fair.csv,20,401,150,20,False,0.0369,0.8,0.0399002493765586,0.04987531172069826,93.06360059976578,93.06360059976578,t_240c872e361b3c8e____c5_1____2__t_240c872e361b3c8e____c5_1____3_fair.csv;t_240c872e361b3c8e____c5_1____2__t_240c872e361b3c8e____c1_0____2_fair.csv;t_240c872e361b3c8e____c5_1____2__t_240c872e361b3c8e____c18_1____4_fair.csv;t_240c872e361b3c8e____c5_1____2.csv;t_240c872e361b3c8e____c5_1____0__t_240c872e361b3c8e____c5_1____3_fair.csv;t_240c872e361b3c8e____c5_1____4__t_240c872e361b3c8e____c5_1____3_fair.csv;t_240c872e361b3c8e____c5_1____4__t_240c872e361b3c8e____c1_0____2_fair.csv;t_240c872e361b3c8e____c5_1____4__t_240c872e361b3c8e____c18_1____4_fair.csv;t_240c872e361b3c8e____c5_1____1__t_240c872e361b3c8e____c5_1____3_fair.csv;t_240c872e361b3c8e____c5_1____1__t_240c872e361b3c8e____c1_0____2_fair.csv;t_240c872e361b3c8e____c5_1____1__t_240c872e361b3c8e____c18_1____4_fair.csv;t_240c872e361b3c8e____c5_1____4.csv;t_240c872e361b3c8e____c5_1____0__t_240c872e361b3c8e____c1_0____2_fair.csv;t_240c872e361b3c8e____c5_1____1.csv;t_240c872e361b3c8e____c5_1____0__t_240c872e361b3c8e____c18_1____4_fair.csv;t_240c872e361b3c8e____c5_1____0.csv;t_ca85e8f9eef5b9d5____c6_1____3__t_ca85e8f9eef5b9d5____c9_1____4_fair.csv;t_ca85e8f9eef5b9d5____c6_1____3__t_ca85e8f9eef5b9d5____c22_0____1_fair.csv;t_ca85e8f9eef5b9d5____c6_1____3__t_ca85e8f9eef5b9d5____c1_0____2_fair.csv;t_ca85e8f9eef5b9d5____c6_1____3__t_ca85e8f9eef5b9d5____c19_0____4_fair.csv,{}
tusLarge3,starmie,t_014c2259cce4ab13____c24_1____3_fair.csv,5,711,45,5,False,0.0697,1.0,0.007032348804500703,0.007032348804500703,113.66528749465942,113.66528749465942,t_014c2259cce4ab13____c25_1____3__t_014c2259cce4ab13____c5_0____0_fair.csv;t_014c2259cce4ab13____c25_1____3__t_014c2259cce4ab13____c3_1____0_fair.csv;t_014c2259cce4ab13____c25_1____3__t_014c2259cce4ab13____c27_0____4_fair.csv;t_014c2259cce4ab13____c25_1____3__t_014c2259cce4ab13____c24_1____3_fair.csv;t_014c2259cce4ab13____c25_1____3__t_014c2259cce4ab13____c20_0____0_fair.csv,{}
tusLarge3,starmie,t_014c2259cce4ab13____c24_1____3_fair.csv,10,711,45,10,False,0.0415,1.0,0.014064697609001406,0.014064697609001406,225.75421231985092,225.75421231985092,t_014c2259cce4ab13____c25_1____3__t_014c2259cce4ab13____c5_0____0_fair.csv;t_014c2259cce4ab13____c25_1____3__t_014c2259cce4ab13____c3_1____0_fair.csv;t_014c2259cce4ab13____c25_1____3__t_014c2259cce4ab13____c27_0____4_fair.csv;t_014c2259cce4ab13____c25_1____3__t_014c2259cce4ab13____c24_1____3_fair.csv;t_014c2259cce4ab13____c25_1____3__t_014c2259cce4ab13____c20_0____0_fair.csv;t_014c2259cce4ab13____c25_1____3__t_014c2259cce4ab13____c17_1____1_fair.csv;t_014c2259cce4ab13____c25_1____3.csv;t_014c2259cce4ab13____c25_1____4.csv;t_014c2259cce4ab13____c25_1____4__t_014c2259cce4ab13____c5_0____0_fair.csv;t_014c2259cce4ab13____c25_1____4__t_014c2259cce4ab13____c3_1____0_fair.csv,{}
tusLarge3,starmie,t_014c2259cce4ab13____c24_1____3_fair.csv,20,711,45,20,False,0.0226,1.0,0.02812939521800281,0.02812939521800281,445.54698890447617,445.54698890447617,t_014c2259cce4ab13____c25_1____3__t_014c2259cce4ab13____c5_0____0_fair.csv;t_014c2259cce4ab13____c25_1____3__t_014c2259cce4ab13____c3_1____0_fair.csv;t_014c2259cce4ab13____c25_1____3__t_014c2259cce4ab13____c27_0____4_fair.csv;t_014c2259cce4ab13____c25_1____3__t_014c2259cce4ab13____c24_1____3_fair.csv;t_014c2259cce4ab13____c25_1____3__t_014c2259cce4ab13____c20_0____0_fair.csv;t_014c2259cce4ab13____c25_1____3__t_014c2259cce4ab13____c17_1____1_fair.csv;t_014c2259cce4ab13____c25_1____3.csv;t_014c2259cce4ab13____c25_1____4.csv;t_014c2259cce4ab13____c25_1____4__t_014c2259cce4ab13____c5_0____0_fair.csv;t_014c2259cce4ab13____c25_1____4__t_014c2259cce4ab13____c3_1____0_fair.csv;t_014c2259cce4ab13____c25_1____4__t_014c2259cce4ab13____c27_0____4_fair.csv;t_014c2259cce4ab13____c25_1____4__t_014c2259cce4ab13____c24_1____3_fair.csv;t_014c2259cce4ab13____c25_1____4__t_014c2259cce4ab13____c20_0____0_fair.csv;t_014c2259cce4ab13____c25_1____4__t_014c2259cce4ab13____c17_1____1_fair.csv;t_014c2259cce4ab13____c23_0____3__t_014c2259cce4ab13____c5_0____0_fair.csv;t_014c2259cce4ab13____c23_0____3__t_014c2259cce4ab13____c3_1____0_fair.csv;t_014c2259cce4ab13____c23_0____3__t_014c2259cce4ab13____c27_0____4_fair.csv;t_014c2259cce4ab13____c23_0____3__t_014c2259cce4ab13____c24_1____3_fair.csv;t_014c2259cce4ab13____c23_0____3__t_014c2259cce4ab13____c17_1____1_fair.csv;t_014c2259cce4ab13____c23_1____3__t_014c2259cce4ab13____c5_0____0_fair.csv,{}
tusLarge3,starmie,t_1934eacab8c57857____c18_0____0_fair.csv,5,505,64,5,False,0.0807,1.0,0.009900990099009901,0.009900990099009901,86.64882630109787,86.64882630109787,t_1934eacab8c57857____c19_0____0__t_1934eacab8c57857____c18_0____3_fair.csv;t_1934eacab8c57857____c19_0____0__t_1934eacab8c57857____c18_0____0_fair.csv;t_1934eacab8c57857____c19_0____0__t_1934eacab8c57857____c11_0____3_fair.csv;t_1934eacab8c57857____c19_0____0__t_1934eacab8c57857____c10_0____1_fair.csv;t_1934eacab8c57857____c19_0____0.csv,{}
tusLarge3,starmie,t_1934eacab8c57857____c18_0____0_fair.csv,10,505,64,10,False,0.1017,1.0,0.019801980198019802,0.019801980198019802,171.30561035871506,171.30561035871506,t_1934eacab8c57857____c19_0____0__t_1934eacab8c57857____c18_0____3_fair.csv;t_1934eacab8c57857____c19_0____0__t_1934eacab8c57857____c18_0____0_fair.csv;t_1934eacab8c57857____c19_0____0__t_1934eacab8c57857____c11_0____3_fair.csv;t_1934eacab8c57857____c19_0____0__t_1934eacab8c57857____c10_0____1_fair.csv;t_1934eacab8c57857____c19_0____0.csv;t_1934eacab8c57857____c18_1____0__t_1934eacab8c57857____c18_0____3_fair.csv;t_1934eacab8c57857____c18_1____0__t_1934eacab8c57857____c18_0____0_fair.csv;t_1934eacab8c57857____c18_1____0__t_1934eacab8c57857____c11_0____3_fair.csv;t_1934eacab8c57857____c18_1____0__t_1934eacab8c57857____c10_0____1_fair.csv;t_1934eacab8c57857____c18_0____1.csv,{}
tusLarge3,starmie,t_1934eacab8c57857____c18_0____0_fair.csv,20,505,64,20,False,0.1096,1.0,0.039603960396039604,0.039603960396039604,338.0824103951454,338.08016842603683,t_1934eacab8c57857____c19_0____0__t_1934eacab8c57857____c18_0____3_fair.csv;t_1934eacab8c57857____c19_0____0__t_1934eacab8c57857____c18_0____0_fair.csv;t_1934eacab8c57857____c19_0____0__t_1934eacab8c57857____c11_0____3_fair.csv;t_1934eacab8c57857____c19_0____0__t_1934eacab8c57857____c10_0____1_fair.csv;t_1934eacab8c57857____c19_0____0.csv;t_1934eacab8c57857____c18_1____0__t_1934eacab8c57857____c18_0____3_fair.csv;t_1934eacab8c57857____c18_1____0__t_1934eacab8c57857____c18_0____0_fair.csv;t_1934eacab8c57857____c18_1____0__t_1934eacab8c57857____c11_0____3_fair.csv;t_1934eacab8c57857____c18_1____0__t_1934eacab8c57857____c10_0____1_fair.csv;t_1934eacab8c57857____c18_0____1.csv;t_1934eacab8c57857____c17_1____0__t_1934eacab8c57857____c8_1____3_fair.csv;t_1934eacab8c57857____c17_1____0__t_1934eacab8c57857____c18_0____3_fair.csv;t_1934eacab8c57857____c17_1____0__t_1934eacab8c57857____c18_0____0_fair.csv;t_1934eacab8c57857____c17_1____0__t_1934eacab8c57857____c11_0____3_fair.csv;t_1934eacab8c57857____c17_1____0__t_1934eacab8c57857____c10_0____1_fair.csv;t_1934eacab8c57857____c17_1____0.csv;t_1934eacab8c57857____c18_0____1__t_1934eacab8c57857____c8_1____3_fair.csv;t_1934eacab8c57857____c18_0____1__t_1934eacab8c57857____c18_0____3_fair.csv;t_1934eacab8c57857____c18_0____1__t_1934eacab8c57857____c18_0____0_fair.csv;t_1934eacab8c57857____c18_0____1__t_1934eacab8c57857____c11_0____3_fair.csv,{}
tusLarge3,starmie,t_014c2259cce4ab13____c27_0____4_fair.csv,5,746,38,5,False,0.2401,1.0,0.006702412868632708,0.006702412868632708,134.1095820069313,134.1095820069313,t_014c2259cce4ab13____c27_1____4__t_014c2259cce4ab13____c5_0____0_fair.csv;t_014c2259cce4ab13____c27_1____4__t_014c2259cce4ab13____c3_1____0_fair.csv;t_014c2259cce4ab13____c27_1____4__t_014c2259cce4ab13____c27_0____4_fair.csv;t_014c2259cce4ab13____c27_1____4__t_014c2259cce4ab13____c24_1____3_fair.csv;t_014c2259cce4ab13____c27_1____4__t_014c2259cce4ab13____c20_0____0_fair.csv,{}
tusLarge3,starmie,t_014c2259cce4ab13____c27_0____4_fair.csv,10,746,38,10,False,0.2133,1.0,0.013404825737265416,0.013404825737265416,266.9483963251114,266.9483963251114,t_014c2259cce4ab13____c27_1____4__t_014c2259cce4ab13____c5_0____0_fair.csv;t_014c2259cce4ab13____c27_1____4__t_014c2259cce4ab13____c3_1____0_fair.csv;t_014c2259cce4ab13____c27_1____4__t_014c2259cce4ab13____c27_0____4_fair.csv;t_014c2259cce4ab13____c27_1____4__t_014c2259cce4ab13____c24_1____3_fair.csv;t_014c2259cce4ab13____c27_1____4__t_014c2259cce4ab13____c20_0____0_fair.csv;t_014c2259cce4ab13____c27_1____4__t_014c2259cce4ab13____c17_1____1_fair.csv;t_014c2259cce4ab13____c27_1____4.csv;t_014c2259cce4ab13____c28_0____4__t_014c2259cce4ab13____c5_0____0_fair.csv;t_014c2259cce4ab13____c28_0____4__t_014c2259cce4ab13____c3_1____0_fair.csv;t_014c2259cce4ab13____c28_0____4__t_014c2259cce4ab13____c27_0____4_fair.csv,{}
tusLarge3,starmie,t_014c2259cce4ab13____c27_0____4_fair.csv,20,746,38,20,False,0.1788,0.95,0.02546916890080429,0.02680965147453083,530.3202481865883,530.3202481865883,t_014c2259cce4ab13____c27_1____4__t_014c2259cce4ab13____c5_0____0_fair.csv;t_014c2259cce4ab13____c27_1____4__t_014c2259cce4ab13____c3_1____0_fair.csv;t_014c2259cce4ab13____c27_1____4__t_014c2259cce4ab13____c27_0____4_fair.csv;t_014c2259cce4ab13____c27_1____4__t_014c2259cce4ab13____c24_1____3_fair.csv;t_014c2259cce4ab13____c27_1____4__t_014c2259cce4ab13____c20_0____0_fair.csv;t_014c2259cce4ab13____c27_1____4__t_014c2259cce4ab13____c17_1____1_fair.csv;t_014c2259cce4ab13____c27_1____4.csv;t_014c2259cce4ab13____c28_0____4__t_014c2259cce4ab13____c5_0____0_fair.csv;t_014c2259cce4ab13____c28_0____4__t_014c2259cce4ab13____c3_1____0_fair.csv;t_014c2259cce4ab13____c28_0____4__t_014c2259cce4ab13____c27_0____4_fair.csv;t_014c2259cce4ab13____c28_0____4__t_014c2259cce4ab13____c24_1____3_fair.csv;t_014c2259cce4ab13____c28_0____4__t_014c2259cce4ab13____c20_0____0_fair.csv;t_014c2259cce4ab13____c28_0____4__t_014c2259cce4ab13____c17_1____1_fair.csv;t_014c2259cce4ab13____c27_0____1__t_014c2259cce4ab13____c5_0____0_fair.csv;t_014c2259cce4ab13____c27_0____1__t_014c2259cce4ab13____c3_1____0_fair.csv;t_014c2259cce4ab13____c27_0____1__t_014c2259cce4ab13____c27_0____4_fair.csv;t_014c2259cce4ab13____c27_0____1__t_014c2259cce4ab13____c24_1____3_fair.csv;t_014c2259cce4ab13____c27_0____1__t_014c2259cce4ab13____c20_0____0_fair.csv;t_014c2259cce4ab13____c27_0____1__t_014c2259cce4ab13____c17_1____1_fair.csv;t_014c2259cce4ab13____c26_0____4__t_014c2259cce4ab13____c5_0____0_fair.csv,{}
tusLarge3,starmie,t_285b3bcd52ec0c86____c6_0____0_fair.csv,5,652,194,5,False,0.009,0.4,0.003067484662576687,0.007668711656441718,27.488625824451447,27.488625824451447,t_285b3bcd52ec0c86____c6_0____1.csv;t_285b3bcd52ec0c86____c6_0____1__t_285b3bcd52ec0c86____c6_0____0_fair.csv;t_285b3bcd52ec0c86____c8_0____3__t_285b3bcd52ec0c86____c9_0____2_fair.csv;t_285b3bcd52ec0c86____c8_0____3__t_285b3bcd52ec0c86____c20_1____2_fair.csv;t_285b3bcd52ec0c86____c8_0____3__t_285b3bcd52ec0c86____c12_0____1_fair.csv,{}
tusLarge3,starmie,t_285b3bcd52ec0c86____c6_0____0_fair.csv,10,652,194,10,False,0.0142,0.6,0.009202453987730062,0.015337423312883436,54.67634856700897,54.67634856700897,t_285b3bcd52ec0c86____c6_0____1.csv;t_285b3bcd52ec0c86____c6_0____1__t_285b3bcd52ec0c86____c6_0____0_fair.csv;t_285b3bcd52ec0c86____c8_0____3__t_285b3bcd52ec0c86____c9_0____2_fair.csv;t_285b3bcd52ec0c86____c8_0____3__t_285b3bcd52ec0c86____c20_1____2_fair.csv;t_285b3bcd52ec0c86____c8_0____3__t_285b3bcd52ec0c86____c12_0____1_fair.csv;t_285b3bcd52ec0c86____c8_0____3.csv;t_285b3bcd52ec0c86____c9_1____0__t_285b3bcd52ec0c86____c9_1____4_fair.csv;t_285b3bcd52ec0c86____c9_1____0__t_285b3bcd52ec0c86____c9_0____2_fair.csv;t_285b3bcd52ec0c86____c9_1____0__t_285b3bcd52ec0c86____c6_0____0_fair.csv;t_285b3bcd52ec0c86____c9_1____0__t_285b3bcd52ec0c86____c20_1____2_fair.csv,{}
tusLarge3,starmie,t_285b3bcd52ec0c86____c6_0____0_fair.csv,20,652,194,20,False,0.0093,0.5,0.015337423312883436,0.03067484662576687,108.47315591573715,108.47315591573715,t_285b3bcd52ec0c86____c6_0____1.csv;t_285b3bcd52ec0c86____c6_0____1__t_285b3bcd52ec0c86____c6_0____0_fair.csv;t_285b3bcd52ec0c86____c8_0____3__t_285b3bcd52ec0c86____c9_0____2_fair.csv;t_285b3bcd52ec0c86____c8_0____3__t_285b3bcd52ec0c86____c20_1____2_fair.csv;t_285b3bcd52ec0c86____c8_0____3__t_285b3bcd52ec0c86____c12_0____1_fair.csv;t_285b3bcd52ec0c86____c8_0____3.csv;t_285b3bcd52ec0c86____c9_1____0__t_285b3bcd52ec0c86____c9_1____4_fair.csv;t_285b3bcd52ec0c86____c9_1____0__t_285b3bcd52ec0c86____c9_0____2_fair.csv;t_285b3bcd52ec0c86____c9_1____0__t_285b3bcd52ec0c86____c6_0____0_fair.csv;t_285b3bcd52ec0c86____c9_1____0__t_285b3bcd52ec0c86____c20_1____2_fair.csv;t_285b3bcd52ec0c86____c9_1____0__t_285b3bcd52ec0c86____c17_1____0_fair.csv;t_285b3bcd52ec0c86____c9_1____0__t_285b3bcd52ec0c86____c12_0____1_fair.csv;t_285b3bcd52ec0c86____c6_0____2.csv;t_285b3bcd52ec0c86____c7_0____4.csv;t_285b3bcd52ec0c86____c8_0____3__t_285b3bcd52ec0c86____c7_1____2_fair.csv;t_285b3bcd52ec0c86____c6_0____2__t_285b3bcd52ec0c86____c6_0____0_fair.csv;t_285b3bcd52ec0c86____c7_0____0.csv;t_285b3bcd52ec0c86____c8_0____3__t_285b3bcd52ec0c86____c16_0____3_fair.csv;t_285b3bcd52ec0c86____c7_0____4__t_285b3bcd52ec0c86____c9_1____4_fair.csv;t_285b3bcd52ec0c86____c7_0____4__t_285b3bcd52ec0c86____c17_1____0_fair.csv,{}
tusLarge3,starmie,t_1934eacab8c57857____c18_0____3_fair.csv,5,440,75,5,False,0.074,1.0,0.011363636363636364,0.011363636363636364,86.69715464115143,86.69715464115143,t_1934eacab8c57857____c19_0____3.csv;t_1934eacab8c57857____c19_0____3__t_1934eacab8c57857____c8_1____3_fair.csv;t_1934eacab8c57857____c19_0____3__t_1934eacab8c57857____c18_0____3_fair.csv;t_1934eacab8c57857____c19_0____3__t_1934eacab8c57857____c18_0____0_fair.csv;t_1934eacab8c57857____c19_0____3__t_1934eacab8c57857____c11_0____3_fair.csv,{}
tusLarge3,starmie,t_1934eacab8c57857____c18_0____3_fair.csv,10,440,75,10,False,0.0822,1.0,0.022727272727272728,0.022727272727272728,171.20042151212692,171.20042151212692,t_1934eacab8c57857____c19_0____3.csv;t_1934eacab8c57857____c19_0____3__t_1934eacab8c57857____c8_1____3_fair.csv;t_1934eacab8c57857____c19_0____3__t_1934eacab8c57857____c18_0____3_fair.csv;t_1934eacab8c57857____c19_0____3__t_1934eacab8c57857____c18_0____0_fair.csv;t_1934eacab8c57857____c19_0____3__t_1934eacab8c57857____c11_0____3_fair.csv;t_1934eacab8c57857____c19_0____3__t_1934eacab8c57857____c10_0____1_fair.csv;t_1934eacab8c57857____c17_1____3__t_1934eacab8c57857____c8_1____3_fair.csv;t_1934eacab8c57857____c17_1____3__t_1934eacab8c57857____c18_0____3_fair.csv;t_1934eacab8c57857____c17_1____3__t_1934eacab8c57857____c18_0____0_fair.csv;t_1934eacab8c57857____c17_1____3__t_1934eacab8c57857____c11_0____3_fair.csv,{}
tusLarge3,starmie,t_1934eacab8c57857____c18_0____3_fair.csv,20,440,75,20,False,0.0458,1.0,0.045454545454545456,0.045454545454545456,334.498131275177,334.498131275177,t_1934eacab8c57857____c19_0____3.csv;t_1934eacab8c57857____c19_0____3__t_1934eacab8c57857____c8_1____3_fair.csv;t_1934eacab8c57857____c19_0____3__t_1934eacab8c57857____c18_0____3_fair.csv;t_1934eacab8c57857____c19_0____3__t_1934eacab8c57857____c18_0____0_fair.csv;t_1934eacab8c57857____c19_0____3__t_1934eacab8c57857____c11_0____3_fair.csv;t_1934eacab8c57857____c19_0____3__t_1934eacab8c57857____c10_0____1_fair.csv;t_1934eacab8c57857____c17_1____3__t_1934eacab8c57857____c8_1____3_fair.csv;t_1934eacab8c57857____c17_1____3__t_1934eacab8c57857____c18_0____3_fair.csv;t_1934eacab8c57857____c17_1____3__t_1934eacab8c57857____c18_0____0_fair.csv;t_1934eacab8c57857____c17_1____3__t_1934eacab8c57857____c11_0____3_fair.csv;t_1934eacab8c57857____c17_1____3__t_1934eacab8c57857____c10_0____1_fair.csv;t_1934eacab8c57857____c17_1____3.csv;t_1934eacab8c57857____c18_1____3__t_1934eacab8c57857____c8_1____3_fair.csv;t_1934eacab8c57857____c18_1____3__t_1934eacab8c57857____c18_0____3_fair.csv;t_1934eacab8c57857____c18_1____3__t_1934eacab8c57857____c18_0____0_fair.csv;t_1934eacab8c57857____c18_1____3__t_1934eacab8c57857____c11_0____3_fair.csv;t_1934eacab8c57857____c18_1____3__t_1934eacab8c57857____c10_0____1_fair.csv;t_1934eacab8c57857____c18_1____3.csv;t_1934eacab8c57857____c17_0____3__t_1934eacab8c57857____c8_1____3_fair.csv;t_1934eacab8c57857____c17_0____3__t_1934eacab8c57857____c18_0____3_fair.csv,{}
tusLarge3,starmie,t_285b3bcd52ec0c86____c12_0____1_fair.csv,5,725,96,5,False,0.1667,0.8,0.005517241379310344,0.006896551724137931,58.80752795934677,58.80752795934677,t_285b3bcd52ec0c86____c12_0____0__t_285b3bcd52ec0c86____c12_0____1_fair.csv;t_285b3bcd52ec0c86____c12_0____0.csv;PED_SK_DTL_SNF____c13_0____3.csv;t_285b3bcd52ec0c86____c12_0____0__t_285b3bcd52ec0c86____c9_1____4_fair.csv;t_285b3bcd52ec0c86____c12_0____0__t_285b3bcd52ec0c86____c9_0____2_fair.csv,{}
tusLarge3,starmie,t_285b3bcd52ec0c86____c12_0____1_fair.csv,10,725,96,10,False,0.0811,0.7,0.009655172413793104,0.013793103448275862,117.42837101221085,117.42837101221085,t_285b3bcd52ec0c86____c12_0____0__t_285b3bcd52ec0c86____c12_0____1_fair.csv;t_285b3bcd52ec0c86____c12_0____0.csv;PED_SK_DTL_SNF____c13_0____3.csv;t_285b3bcd52ec0c86____c12_0____0__t_285b3bcd52ec0c86____c9_1____4_fair.csv;t_285b3bcd52ec0c86____c12_0____0__t_285b3bcd52ec0c86____c9_0____2_fair.csv;t_285b3bcd52ec0c86____c12_0____0__t_285b3bcd52ec0c86____c6_0____0_fair.csv;t_285b3bcd52ec0c86____c12_0____0__t_285b3bcd52ec0c86____c20_1____2_fair.csv;t_285b3bcd52ec0c86____c12_0____0__t_285b3bcd52ec0c86____c17_1____0_fair.csv;PED_SK_DTL_SNF____c13_0____3__PED_SK_DTL_SNF____c9_0____3_fair.csv;PED_SK_DTL_SNF____c13_0____3__PED_SK_DTL_SNF____c23_0____0_fair.csv,{}
tusLarge3,starmie,t_285b3bcd52ec0c86____c12_0____1_fair.csv,20,725,96,20,False,0.0405,0.35,0.009655172413793104,0.027586206896551724,234.41391694545746,234.41391694545746,t_285b3bcd52ec0c86____c12_0____0__t_285b3bcd52ec0c86____c12_0____1_fair.csv;t_285b3bcd52ec0c86____c12_0____0.csv;PED_SK_DTL_SNF____c13_0____3.csv;t_285b3bcd52ec0c86____c12_0____0__t_285b3bcd52ec0c86____c9_1____4_fair.csv;t_285b3bcd52ec0c86____c12_0____0__t_285b3bcd52ec0c86____c9_0____2_fair.csv;t_285b3bcd52ec0c86____c12_0____0__t_285b3bcd52ec0c86____c6_0____0_fair.csv;t_285b3bcd52ec0c86____c12_0____0__t_285b3bcd52ec0c86____c20_1____2_fair.csv;t_285b3bcd52ec0c86____c12_0____0__t_285b3bcd52ec0c86____c17_1____0_fair.csv;PED_SK_DTL_SNF____c13_0____3__PED_SK_DTL_SNF____c9_0____3_fair.csv;PED_SK_DTL_SNF____c13_0____3__PED_SK_DTL_SNF____c23_0____0_fair.csv;PED_SK_DTL_SNF____c13_0____3__PED_SK_DTL_SNF____c19_0____0_fair.csv;PED_SK_DTL_SNF____c13_0____3__PED_SK_DTL_SNF____c18_0____2_fair.csv;PED_SK_DTL_SNF____c13_0____3__PED_SK_DTL_SNF____c14_1____4_fair.csv;PED_SK_DTL_SNF____c13_0____3__PED_SK_DTL_SNF____c12_0____3_fair.csv;PED_SK_DTL_SNF____c13_0____1.csv;PED_SK_DTL_SNF____c13_0____1__PED_SK_DTL_SNF____c9_0____3_fair.csv;PED_SK_DTL_SNF____c13_0____1__PED_SK_DTL_SNF____c23_0____0_fair.csv;PED_SK_DTL_SNF____c13_0____1__PED_SK_DTL_SNF____c19_0____0_fair.csv;PED_SK_DTL_SNF____c13_0____1__PED_SK_DTL_SNF____c18_0____2_fair.csv;PED_SK_DTL_SNF____c13_0____1__PED_SK_DTL_SNF____c14_1____4_fair.csv,{}
tusLarge3,starmie,t_285b3bcd52ec0c86____c7_1____2_fair.csv,5,720,148,5,False,0.0757,1.0,0.006944444444444444,0.006944444444444444,34.39898419380188,34.39898419380188,t_285b3bcd52ec0c86____c7_1____1__t_285b3bcd52ec0c86____c9_1____4_fair.csv;t_285b3bcd52ec0c86____c7_1____3__t_285b3bcd52ec0c86____c9_1____4_fair.csv;t_285b3bcd52ec0c86____c7_1____3__t_285b3bcd52ec0c86____c9_0____2_fair.csv;t_285b3bcd52ec0c86____c7_1____3__t_285b3bcd52ec0c86____c7_1____2_fair.csv;t_285b3bcd52ec0c86____c7_1____3__t_285b3bcd52ec0c86____c20_1____2_fair.csv,{}
tusLarge3,starmie,t_285b3bcd52ec0c86____c7_1____2_fair.csv,10,720,148,10,False,0.0572,1.0,0.013888888888888888,0.013888888888888888,68.77718722820282,68.77718722820282,t_285b3bcd52ec0c86____c7_1____1__t_285b3bcd52ec0c86____c9_1____4_fair.csv;t_285b3bcd52ec0c86____c7_1____3__t_285b3bcd52ec0c86____c9_1____4_fair.csv;t_285b3bcd52ec0c86____c7_1____3__t_285b3bcd52ec0c86____c9_0____2_fair.csv;t_285b3bcd52ec0c86____c7_1____3__t_285b3bcd52ec0c86____c7_1____2_fair.csv;t_285b3bcd52ec0c86____c7_1____3__t_285b3bcd52ec0c86____c20_1____2_fair.csv;t_285b3bcd52ec0c86____c7_1____3__t_285b3bcd52ec0c86____c17_1____0_fair.csv;t_285b3bcd52ec0c86____c7_1____1__t_285b3bcd52ec0c86____c9_0____2_fair.csv;t_285b3bcd52ec0c86____c7_1____1__t_285b3bcd52ec0c86____c20_1____2_fair.csv;t_285b3bcd52ec0c86____c7_1____1__t_285b3bcd52ec0c86____c17_1____0_fair.csv;t_285b3bcd52ec0c86____c7_1____1.csv,{}
tusLarge3,starmie,t_285b3bcd52ec0c86____c7_1____2_fair.csv,20,720,148,20,False,0.0328,1.0,0.027777777777777776,0.027777777777777776,136.74462258815765,136.74462258815765,t_285b3bcd52ec0c86____c7_1____1__t_285b3bcd52ec0c86____c9_1____4_fair.csv;t_285b3bcd52ec0c86____c7_1____3__t_285b3bcd52ec0c86____c9_1____4_fair.csv;t_285b3bcd52ec0c86____c7_1____3__t_285b3bcd52ec0c86____c9_0____2_fair.csv;t_285b3bcd52ec0c86____c7_1____3__t_285b3bcd52ec0c86____c7_1____2_fair.csv;t_285b3bcd52ec0c86____c7_1____3__t_285b3bcd52ec0c86____c20_1____2_fair.csv;t_285b3bcd52ec0c86____c7_1____3__t_285b3bcd52ec0c86____c17_1____0_fair.csv;t_285b3bcd52ec0c86____c7_1____1__t_285b3bcd52ec0c86____c9_0____2_fair.csv;t_285b3bcd52ec0c86____c7_1____1__t_285b3bcd52ec0c86____c20_1____2_fair.csv;t_285b3bcd52ec0c86____c7_1____1__t_285b3bcd52ec0c86____c17_1____0_fair.csv;t_285b3bcd52ec0c86____c7_1____1.csv;t_285b3bcd52ec0c86____c7_1____1__t_285b3bcd52ec0c86____c7_1____2_fair.csv;t_285b3bcd52ec0c86____c7_1____0__t_285b3bcd52ec0c86____c7_1____2_fair.csv;t_285b3bcd52ec0c86____c7_1____0__t_285b3bcd52ec0c86____c9_1____4_fair.csv;t_285b3bcd52ec0c86____c7_1____0__t_285b3bcd52ec0c86____c9_0____2_fair.csv;t_285b3bcd52ec0c86____c7_1____0__t_285b3bcd52ec0c86____c20_1____2_fair.csv;t_285b3bcd52ec0c86____c7_1____0__t_285b3bcd52ec0c86____c17_1____0_fair.csv;t_285b3bcd52ec0c86____c7_1____4__t_285b3bcd52ec0c86____c7_1____2_fair.csv;t_285b3bcd52ec0c86____c7_1____0.csv;t_285b3bcd52ec0c86____c7_1____4__t_285b3bcd52ec0c86____c9_1____4_fair.csv;t_285b3bcd52ec0c86____c7_1____4__t_285b3bcd52ec0c86____c9_0____2_fair.csv,{}
tusLarge3,starmie,t_28dc8f7610402ea7____c3_0____3_fair.csv,5,130,223,5,True,0.3254,1.0,0.038461538461538464,0.038461538461538464,14.132056474685669,14.132056474685669,t_28dc8f7610402ea7____c3_0____1__t_28dc8f7610402ea7____c3_0____3_fair.csv;t_28dc8f7610402ea7____c3_0____2__t_28dc8f7610402ea7____c3_0____3_fair.csv;t_28dc8f7610402ea7____c3_0____0__t_28dc8f7610402ea7____c3_0____3_fair.csv;t_28dc8f7610402ea7____c3_0____2.csv;t_28dc8f7610402ea7____c3_0____0.csv,{}
tusLarge3,starmie,t_28dc8f7610402ea7____c3_0____3_fair.csv,10,130,223,10,False,0.2272,1.0,0.07692307692307693,0.07692307692307693,27.58554220199585,27.58554220199585,t_28dc8f7610402ea7____c3_0____1__t_28dc8f7610402ea7____c3_0____3_fair.csv;t_28dc8f7610402ea7____c3_0____2__t_28dc8f7610402ea7____c3_0____3_fair.csv;t_28dc8f7610402ea7____c3_0____0__t_28dc8f7610402ea7____c3_0____3_fair.csv;t_28dc8f7610402ea7____c3_0____2.csv;t_28dc8f7610402ea7____c3_0____0.csv;t_28dc8f7610402ea7____c3_0____1.csv;t_28dc8f7610402ea7____c3_0____4.csv;t_28dc8f7610402ea7____c3_0____4__t_28dc8f7610402ea7____c3_0____3_fair.csv;t_28dc8f7610402ea7____c4_1____3__t_28dc8f7610402ea7____c3_0____3_fair.csv;t_28dc8f7610402ea7____c4_1____2__t_28dc8f7610402ea7____c3_0____3_fair.csv,{}
tusLarge3,starmie,t_28dc8f7610402ea7____c3_0____3_fair.csv,20,130,223,20,False,0.1298,0.95,0.14615384615384616,0.15384615384615385,53.68094563484192,53.68094563484192,t_28dc8f7610402ea7____c3_0____1__t_28dc8f7610402ea7____c3_0____3_fair.csv;t_28dc8f7610402ea7____c3_0____2__t_28dc8f7610402ea7____c3_0____3_fair.csv;t_28dc8f7610402ea7____c3_0____0__t_28dc8f7610402ea7____c3_0____3_fair.csv;t_28dc8f7610402ea7____c3_0____2.csv;t_28dc8f7610402ea7____c3_0____0.csv;t_28dc8f7610402ea7____c3_0____1.csv;t_28dc8f7610402ea7____c3_0____4.csv;t_28dc8f7610402ea7____c3_0____4__t_28dc8f7610402ea7____c3_0____3_fair.csv;t_28dc8f7610402ea7____c4_1____3__t_28dc8f7610402ea7____c3_0____3_fair.csv;t_28dc8f7610402ea7____c4_1____2__t_28dc8f7610402ea7____c3_0____3_fair.csv;t_28dc8f7610402ea7____c4_1____3.csv;t_28dc8f7610402ea7____c4_1____0__t_28dc8f7610402ea7____c3_0____3_fair.csv;t_28dc8f7610402ea7____c4_1____2.csv;t_28dc8f7610402ea7____c4_1____0.csv;t_28dc8f7610402ea7____c6_1____3__t_28dc8f7610402ea7____c3_0____3_fair.csv;t_28dc8f7610402ea7____c5_0____2__t_28dc8f7610402ea7____c3_0____3_fair.csv;t_28dc8f7610402ea7____c6_1____2__t_28dc8f7610402ea7____c3_0____3_fair.csv;t_28dc8f7610402ea7____c4_1____4.csv;t_28dc8f7610402ea7____c5_0____2.csv;t_6c551d740feb0608____c4_1____1__t_6c551d740feb0608____c5_1____1_fair.csv,{}
tusLarge3,starmie,t_240c872e361b3c8e____c18_0____2_fair.csv,5,302,60,5,True,0.3927,1.0,0.016556291390728478,0.016556291390728478,88.32658439874649,88.32658439874649,t_240c872e361b3c8e____c18_1____2__t_240c872e361b3c8e____c5_1____3_fair.csv;t_240c872e361b3c8e____c18_1____2__t_240c872e361b3c8e____c1_0____2_fair.csv;t_240c872e361b3c8e____c18_1____2__t_240c872e361b3c8e____c18_1____4_fair.csv;t_240c872e361b3c8e____c18_1____2__t_240c872e361b3c8e____c18_0____2_fair.csv;t_240c872e361b3c8e____c18_1____2.csv,{}
tusLarge3,starmie,t_240c872e361b3c8e____c18_0____2_fair.csv,10,302,60,10,False,0.2136,1.0,0.033112582781456956,0.033112582781456956,175.54038643836975,175.54038643836975,t_240c872e361b3c8e____c18_1____2__t_240c872e361b3c8e____c5_1____3_fair.csv;t_240c872e361b3c8e____c18_1____2__t_240c872e361b3c8e____c1_0____2_fair.csv;t_240c872e361b3c8e____c18_1____2__t_240c872e361b3c8e____c18_1____4_fair.csv;t_240c872e361b3c8e____c18_1____2__t_240c872e361b3c8e____c18_0____2_fair.csv;t_240c872e361b3c8e____c18_1____2.csv;t_240c872e361b3c8e____c20_0____3__t_240c872e361b3c8e____c5_1____3_fair.csv;t_240c872e361b3c8e____c20_0____3__t_240c872e361b3c8e____c1_0____2_fair.csv;t_240c872e361b3c8e____c20_0____3__t_240c872e361b3c8e____c18_1____4_fair.csv;t_240c872e361b3c8e____c20_0____3__t_240c872e361b3c8e____c18_0____2_fair.csv;t_240c872e361b3c8e____c20_0____3.csv,{}
tusLarge3,starmie,t_240c872e361b3c8e____c18_0____2_fair.csv,20,302,60,20,False,0.1096,0.75,0.04966887417218543,0.06622516556291391,348.3364259004593,348.3364259004593,t_240c872e361b3c8e____c18_1____2__t_240c872e361b3c8e____c5_1____3_fair.csv;t_240c872e361b3c8e____c18_1____2__t_240c872e361b3c8e____c1_0____2_fair.csv;t_240c872e361b3c8e____c18_1____2__t_240c872e361b3c8e____c18_1____4_fair.csv;t_240c872e361b3c8e____c18_1____2__t_240c872e361b3c8e____c18_0____2_fair.csv;t_240c872e361b3c8e____c18_1____2.csv;t_240c872e361b3c8e____c20_0____3__t_240c872e361b3c8e____c5_1____3_fair.csv;t_240c872e361b3c8e____c20_0____3__t_240c872e361b3c8e____c1_0____2_fair.csv;t_240c872e361b3c8e____c20_0____3__t_240c872e361b3c8e____c18_1____4_fair.csv;t_240c872e361b3c8e____c20_0____3__t_240c872e361b3c8e____c18_0____2_fair.csv;t_240c872e361b3c8e____c20_0____3.csv;t_240c872e361b3c8e____c19_1____3__t_240c872e361b3c8e____c5_1____3_fair.csv;t_240c872e361b3c8e____c19_1____3__t_240c872e361b3c8e____c1_0____2_fair.csv;t_240c872e361b3c8e____c19_1____3__t_240c872e361b3c8e____c18_1____4_fair.csv;t_240c872e361b3c8e____c19_1____3.csv;t_240c872e361b3c8e____c20_0____0__t_240c872e361b3c8e____c5_1____3_fair.csv;t_240c872e361b3c8e____c20_0____0__t_240c872e361b3c8e____c1_0____2_fair.csv;t_240c872e361b3c8e____c20_0____0__t_240c872e361b3c8e____c18_1____4_fair.csv;t_240c872e361b3c8e____c20_0____0__t_240c872e361b3c8e____c18_0____2_fair.csv;t_240c872e361b3c8e____c20_0____0.csv;t_240c872e361b3c8e____c19_1____0__t_240c872e361b3c8e____c5_1____3_fair.csv,{}
tusLarge3,starmie,t_285b3bcd52ec0c86____c9_0____2_fair.csv,5,729,113,5,False,0.1644,0.8,0.0054869684499314125,0.006858710562414266,44.1265127658844,44.1265127658844,t_285b3bcd52ec0c86____c11_1____2__t_285b3bcd52ec0c86____c9_1____4_fair.csv;t_285b3bcd52ec0c86____c11_1____2__t_285b3bcd52ec0c86____c9_0____2_fair.csv;t_285b3bcd52ec0c86____c11_1____2__t_285b3bcd52ec0c86____c20_1____2_fair.csv;t_285b3bcd52ec0c86____c11_1____2__t_285b3bcd52ec0c86____c12_0____1_fair.csv;t_285b3bcd52ec0c86____c10_1____2__t_285b3bcd52ec0c86____c9_1____4_fair.csv,{}
tusLarge3,starmie,t_285b3bcd52ec0c86____c9_0____2_fair.csv,10,729,113,10,False,0.1346,0.6,0.00823045267489712,0.013717421124828532,88.19812482595444,88.19812482595444,t_285b3bcd52ec0c86____c11_1____2__t_285b3bcd52ec0c86____c9_1____4_fair.csv;t_285b3bcd52ec0c86____c11_1____2__t_285b3bcd52ec0c86____c9_0____2_fair.csv;t_285b3bcd52ec0c86____c11_1____2__t_285b3bcd52ec0c86____c20_1____2_fair.csv;t_285b3bcd52ec0c86____c11_1____2__t_285b3bcd52ec0c86____c12_0____1_fair.csv;t_285b3bcd52ec0c86____c10_1____2__t_285b3bcd52ec0c86____c9_1____4_fair.csv;t_285b3bcd52ec0c86____c10_1____2__t_285b3bcd52ec0c86____c6_0____0_fair.csv;t_285b3bcd52ec0c86____c10_1____2__t_285b3bcd52ec0c86____c17_1____0_fair.csv;t_285b3bcd52ec0c86____c10_1____2__t_285b3bcd52ec0c86____c12_0____1_fair.csv;t_285b3bcd52ec0c86____c11_1____2__t_285b3bcd52ec0c86____c17_1____0_fair.csv;t_285b3bcd52ec0c86____c9_0____3__t_285b3bcd52ec0c86____c9_0____2_fair.csv,{}
tusLarge3,starmie,t_285b3bcd52ec0c86____c9_0____2_fair.csv,20,729,113,20,False,0.0994,0.55,0.015089163237311385,0.027434842249657063,175.98254883289337,175.98254883289337,t_285b3bcd52ec0c86____c11_1____2__t_285b3bcd52ec0c86____c9_1____4_fair.csv;t_285b3bcd52ec0c86____c11_1____2__t_285b3bcd52ec0c86____c9_0____2_fair.csv;t_285b3bcd52ec0c86____c11_1____2__t_285b3bcd52ec0c86____c20_1____2_fair.csv;t_285b3bcd52ec0c86____c11_1____2__t_285b3bcd52ec0c86____c12_0____1_fair.csv;t_285b3bcd52ec0c86____c10_1____2__t_285b3bcd52ec0c86____c9_1____4_fair.csv;t_285b3bcd52ec0c86____c10_1____2__t_285b3bcd52ec0c86____c6_0____0_fair.csv;t_285b3bcd52ec0c86____c10_1____2__t_285b3bcd52ec0c86____c17_1____0_fair.csv;t_285b3bcd52ec0c86____c10_1____2__t_285b3bcd52ec0c86____c12_0____1_fair.csv;t_285b3bcd52ec0c86____c11_1____2__t_285b3bcd52ec0c86____c17_1____0_fair.csv;t_285b3bcd52ec0c86____c9_0____3__t_285b3bcd52ec0c86____c9_0____2_fair.csv;t_285b3bcd52ec0c86____c9_0____3__t_285b3bcd52ec0c86____c20_1____2_fair.csv;t_285b3bcd52ec0c86____c9_0____3__t_285b3bcd52ec0c86____c9_1____4_fair.csv;t_285b3bcd52ec0c86____c9_0____3__t_285b3bcd52ec0c86____c6_0____0_fair.csv;t_285b3bcd52ec0c86____c9_0____3__t_285b3bcd52ec0c86____c17_1____0_fair.csv;t_285b3bcd52ec0c86____c11_1____2__t_285b3bcd52ec0c86____c16_0____3_fair.csv;t_285b3bcd52ec0c86____c10_1____3__t_285b3bcd52ec0c86____c9_1____4_fair.csv;t_285b3bcd52ec0c86____c10_1____3__t_285b3bcd52ec0c86____c6_0____0_fair.csv;t_285b3bcd52ec0c86____c10_1____3__t_285b3bcd52ec0c86____c17_1____0_fair.csv;t_285b3bcd52ec0c86____c10_1____3__t_285b3bcd52ec0c86____c12_0____1_fair.csv;PED_SK_DTL_SNF____c10_1____3__PED_SK_DTL_SNF____c23_0____0_fair.csv,{}
tusLarge3,starmie,t_285b3bcd52ec0c86____c9_1____4_fair.csv,5,773,123,5,False,0.2532,1.0,0.00646830530401035,0.00646830530401035,44.593347907066345,44.593347907066345,t_285b3bcd52ec0c86____c9_1____1__t_285b3bcd52ec0c86____c9_1____4_fair.csv;t_285b3bcd52ec0c86____c9_1____1__t_285b3bcd52ec0c86____c9_0____2_fair.csv;t_285b3bcd52ec0c86____c9_1____1__t_285b3bcd52ec0c86____c6_0____0_fair.csv;t_285b3bcd52ec0c86____c9_1____1__t_285b3bcd52ec0c86____c20_1____2_fair.csv;t_285b3bcd52ec0c86____c9_1____1__t_285b3bcd52ec0c86____c17_1____0_fair.csv,{}
tusLarge3,starmie,t_285b3bcd52ec0c86____c9_1____4_fair.csv,10,773,123,10,False,0.2217,1.0,0.0129366106080207,0.0129366106080207,89.14399021863937,89.14399021863937,t_285b3bcd52ec0c86____c9_1____1__t_285b3bcd52ec0c86____c9_1____4_fair.csv;t_285b3bcd52ec0c86____c9_1____1__t_285b3bcd52ec0c86____c9_0____2_fair.csv;t_285b3bcd52ec0c86____c9_1____1__t_285b3bcd52ec0c86____c6_0____0_fair.csv;t_285b3bcd52ec0c86____c9_1____1__t_285b3bcd52ec0c86____c20_1____2_fair.csv;t_285b3bcd52ec0c86____c9_1____1__t_285b3bcd52ec0c86____c17_1____0_fair.csv;t_285b3bcd52ec0c86____c9_1____1__t_285b3bcd52ec0c86____c12_0____1_fair.csv;t_285b3bcd52ec0c86____c9_1____2__t_285b3bcd52ec0c86____c16_0____3_fair.csv;t_285b3bcd52ec0c86____c9_1____2__t_285b3bcd52ec0c86____c9_1____4_fair.csv;t_285b3bcd52ec0c86____c9_1____2__t_285b3bcd52ec0c86____c9_0____2_fair.csv;t_285b3bcd52ec0c86____c9_1____2__t_285b3bcd52ec0c86____c6_0____0_fair.csv,{}
tusLarge3,starmie,t_285b3bcd52ec0c86____c9_1____4_fair.csv,20,773,123,20,False,0.1586,1.0,0.0258732212160414,0.0258732212160414,177.909585416317,177.909585416317,t_285b3bcd52ec0c86____c9_1____1__t_285b3bcd52ec0c86____c9_1____4_fair.csv;t_285b3bcd52ec0c86____c9_1____1__t_285b3bcd52ec0c86____c9_0____2_fair.csv;t_285b3bcd52ec0c86____c9_1____1__t_285b3bcd52ec0c86____c6_0____0_fair.csv;t_285b3bcd52ec0c86____c9_1____1__t_285b3bcd52ec0c86____c20_1____2_fair.csv;t_285b3bcd52ec0c86____c9_1____1__t_285b3bcd52ec0c86____c17_1____0_fair.csv;t_285b3bcd52ec0c86____c9_1____1__t_285b3bcd52ec0c86____c12_0____1_fair.csv;t_285b3bcd52ec0c86____c9_1____2__t_285b3bcd52ec0c86____c16_0____3_fair.csv;t_285b3bcd52ec0c86____c9_1____2__t_285b3bcd52ec0c86____c9_1____4_fair.csv;t_285b3bcd52ec0c86____c9_1____2__t_285b3bcd52ec0c86____c9_0____2_fair.csv;t_285b3bcd52ec0c86____c9_1____2__t_285b3bcd52ec0c86____c6_0____0_fair.csv;t_285b3bcd52ec0c86____c9_1____2__t_285b3bcd52ec0c86____c20_1____2_fair.csv;t_285b3bcd52ec0c86____c9_1____2__t_285b3bcd52ec0c86____c17_1____0_fair.csv;t_285b3bcd52ec0c86____c9_1____2__t_285b3bcd52ec0c86____c12_0____1_fair.csv;t_285b3bcd52ec0c86____c9_1____1__t_285b3bcd52ec0c86____c16_0____3_fair.csv;t_285b3bcd52ec0c86____c9_1____0__t_285b3bcd52ec0c86____c16_0____3_fair.csv;t_285b3bcd52ec0c86____c9_1____3__t_285b3bcd52ec0c86____c9_1____4_fair.csv;t_285b3bcd52ec0c86____c9_1____3__t_285b3bcd52ec0c86____c9_0____2_fair.csv;t_285b3bcd52ec0c86____c9_1____3__t_285b3bcd52ec0c86____c6_0____0_fair.csv;t_285b3bcd52ec0c86____c9_1____3__t_285b3bcd52ec0c86____c20_1____2_fair.csv;t_285b3bcd52ec0c86____c9_1____3__t_285b3bcd52ec0c86____c17_1____0_fair.csv,{}
tusLarge3,starmie,t_28dc8f7610402ea7____c9_0____0_fair.csv,5,92,139,5,True,0.2968,1.0,0.05434782608695652,0.05434782608695652,42.130475997924805,42.130475997924805,t_28dc8f7610402ea7____c9_0____4__t_28dc8f7610402ea7____c9_0____0_fair.csv;t_28dc8f7610402ea7____c9_0____4__t_28dc8f7610402ea7____c3_0____3_fair.csv;t_28dc8f7610402ea7____c9_0____2.csv;t_28dc8f7610402ea7____c9_0____2__t_28dc8f7610402ea7____c9_0____0_fair.csv;t_28dc8f7610402ea7____c9_0____2__t_28dc8f7610402ea7____c3_0____3_fair.csv,{}
tusLarge3,starmie,t_28dc8f7610402ea7____c9_0____0_fair.csv,10,92,139,10,False,0.2811,1.0,0.10869565217391304,0.10869565217391304,83.772840321064,83.772840321064,t_28dc8f7610402ea7____c9_0____4__t_28dc8f7610402ea7____c9_0____0_fair.csv;t_28dc8f7610402ea7____c9_0____4__t_28dc8f7610402ea7____c3_0____3_fair.csv;t_28dc8f7610402ea7____c9_0____2.csv;t_28dc8f7610402ea7____c9_0____2__t_28dc8f7610402ea7____c9_0____0_fair.csv;t_28dc8f7610402ea7____c9_0____2__t_28dc8f7610402ea7____c3_0____3_fair.csv;t_28dc8f7610402ea7____c9_0____3__t_28dc8f7610402ea7____c9_0____0_fair.csv;t_28dc8f7610402ea7____c9_0____3__t_28dc8f7610402ea7____c3_0____3_fair.csv;t_28dc8f7610402ea7____c9_0____4.csv;t_28dc8f7610402ea7____c9_0____3.csv;t_28dc8f7610402ea7____c9_0____1__t_28dc8f7610402ea7____c9_0____0_fair.csv,{}
tusLarge3,starmie,t_28dc8f7610402ea7____c9_0____0_fair.csv,20,92,139,20,False,0.165,0.75,0.16304347826086957,0.21739130434782608,159.89309161901474,159.89309161901474,t_28dc8f7610402ea7____c9_0____4__t_28dc8f7610402ea7____c9_0____0_fair.csv;t_28dc8f7610402ea7____c9_0____4__t_28dc8f7610402ea7____c3_0____3_fair.csv;t_28dc8f7610402ea7____c9_0____2.csv;t_28dc8f7610402ea7____c9_0____2__t_28dc8f7610402ea7____c9_0____0_fair.csv;t_28dc8f7610402ea7____c9_0____2__t_28dc8f7610402ea7____c3_0____3_fair.csv;t_28dc8f7610402ea7____c9_0____3__t_28dc8f7610402ea7____c9_0____0_fair.csv;t_28dc8f7610402ea7____c9_0____3__t_28dc8f7610402ea7____c3_0____3_fair.csv;t_28dc8f7610402ea7____c9_0____4.csv;t_28dc8f7610402ea7____c9_0____3.csv;t_28dc8f7610402ea7____c9_0____1__t_28dc8f7610402ea7____c9_0____0_fair.csv;t_28dc8f7610402ea7____c9_0____1__t_28dc8f7610402ea7____c3_0____3_fair.csv;t_28dc8f7610402ea7____c9_0____1.csv;t_28dc8f7610402ea7____c8_0____0__t_28dc8f7610402ea7____c9_0____0_fair.csv;t_28dc8f7610402ea7____c8_0____0__t_28dc8f7610402ea7____c3_0____3_fair.csv;t_28dc8f7610402ea7____c8_0____0.csv;t_014c2259cce4ab13____c9_1____4__t_014c2259cce4ab13____c3_1____0_fair.csv;t_014c2259cce4ab13____c9_1____4.csv;t_014c2259cce4ab13____c9_1____2.csv;t_014c2259cce4ab13____c12_0____0.csv;t_93f3d6f7fc6aa6ff____c10_0____3__t_93f3d6f7fc6aa6ff____c18_0____4_fair.csv,{}
tusLarge3,starmie,t_356fc1eaad97f93b____c1_0____1_fair.csv,5,655,435,5,True,0.4344,0.8,0.0061068702290076335,0.007633587786259542,4.915170252323151,4.915170252323151,t_356fc1eaad97f93b____c1_0____3__t_356fc1eaad97f93b____c1_0____1_fair.csv;t_356fc1eaad97f93b____c1_0____0__t_356fc1eaad97f93b____c1_0____1_fair.csv;t_356fc1eaad97f93b____c1_0____4__t_356fc1eaad97f93b____c1_0____1_fair.csv;t_356fc1eaad97f93b____c1_0____2__t_356fc1eaad97f93b____c1_0____1_fair.csv;t_014c2259cce4ab13____c1_0____3__t_014c2259cce4ab13____c27_0____4_fair.csv,{}
tusLarge3,starmie,t_356fc1eaad97f93b____c1_0____1_fair.csv,10,655,435,10,False,0.2573,0.4,0.0061068702290076335,0.015267175572519083,9.621045470237732,9.621045470237732,t_356fc1eaad97f93b____c1_0____3__t_356fc1eaad97f93b____c1_0____1_fair.csv;t_356fc1eaad97f93b____c1_0____0__t_356fc1eaad97f93b____c1_0____1_fair.csv;t_356fc1eaad97f93b____c1_0____4__t_356fc1eaad97f93b____c1_0____1_fair.csv;t_356fc1eaad97f93b____c1_0____2__t_356fc1eaad97f93b____c1_0____1_fair.csv;t_014c2259cce4ab13____c1_0____3__t_014c2259cce4ab13____c27_0____4_fair.csv;t_1d580f266b2a923b____c1_1____2__t_1d580f266b2a923b____c7_0____3_fair.csv;t_ca85e8f9eef5b9d5____c1_0____4__t_ca85e8f9eef5b9d5____c9_1____4_fair.csv;t_ca85e8f9eef5b9d5____c1_0____4__t_ca85e8f9eef5b9d5____c1_0____2_fair.csv;t_ca85e8f9eef5b9d5____c1_0____4__t_ca85e8f9eef5b9d5____c19_0____4_fair.csv;t_ca85e8f9eef5b9d5____c1_0____4__t_ca85e8f9eef5b9d5____c17_0____3_fair.csv,{}
tusLarge3,starmie,t_356fc1eaad97f93b____c1_0____1_fair.csv,20,655,435,20,False,0.2143,0.2,0.0061068702290076335,0.030534351145038167,18.87492334842682,18.87492334842682,t_356fc1eaad97f93b____c1_0____3__t_356fc1eaad97f93b____c1_0____1_fair.csv;t_356fc1eaad97f93b____c1_0____0__t_356fc1eaad97f93b____c1_0____1_fair.csv;t_356fc1eaad97f93b____c1_0____4__t_356fc1eaad97f93b____c1_0____1_fair.csv;t_356fc1eaad97f93b____c1_0____2__t_356fc1eaad97f93b____c1_0____1_fair.csv;t_014c2259cce4ab13____c1_0____3__t_014c2259cce4ab13____c27_0____4_fair.csv;t_1d580f266b2a923b____c1_1____2__t_1d580f266b2a923b____c7_0____3_fair.csv;t_ca85e8f9eef5b9d5____c1_0____4__t_ca85e8f9eef5b9d5____c9_1____4_fair.csv;t_ca85e8f9eef5b9d5____c1_0____4__t_ca85e8f9eef5b9d5____c1_0____2_fair.csv;t_ca85e8f9eef5b9d5____c1_0____4__t_ca85e8f9eef5b9d5____c19_0____4_fair.csv;t_ca85e8f9eef5b9d5____c1_0____4__t_ca85e8f9eef5b9d5____c17_0____3_fair.csv;t_bd6030667b3d0d9a____c1_1____2__t_bd6030667b3d0d9a____c5_0____4_fair.csv;t_6047be0d6255e98d____c1_1____4__t_6047be0d6255e98d____c6_0____0_fair.csv;t_6047be0d6255e98d____c1_1____4__t_6047be0d6255e98d____c10_0____0_fair.csv;t_1d580f266b2a923b____c1_1____4__t_1d580f266b2a923b____c7_0____3_fair.csv;t_bd6030667b3d0d9a____c1_1____0__t_bd6030667b3d0d9a____c5_0____4_fair.csv;t_014c2259cce4ab13____c1_0____4__t_014c2259cce4ab13____c27_0____4_fair.csv;t_1d580f266b2a923b____c1_1____2__t_1d580f266b2a923b____c11_1____2_fair.csv;t_014c2259cce4ab13____c1_0____1__t_014c2259cce4ab13____c27_0____4_fair.csv;t_ca85e8f9eef5b9d5____c1_0____3__t_ca85e8f9eef5b9d5____c9_1____4_fair.csv;t_ca85e8f9eef5b9d5____c1_0____3__t_ca85e8f9eef5b9d5____c1_0____2_fair.csv,{}
tusLarge3,starmie,t_285b3bcd52ec0c86____c16_0____3_fair.csv,5,741,66,5,False,0.0964,1.0,0.006747638326585695,0.006747638326585695,78.01892250776291,78.01892250776291,t_285b3bcd52ec0c86____c18_1____0__t_285b3bcd52ec0c86____c16_0____3_fair.csv;t_285b3bcd52ec0c86____c16_0____0__t_285b3bcd52ec0c86____c16_0____3_fair.csv;t_285b3bcd52ec0c86____c16_0____1__t_285b3bcd52ec0c86____c9_1____4_fair.csv;t_285b3bcd52ec0c86____c16_0____1__t_285b3bcd52ec0c86____c9_0____2_fair.csv;t_285b3bcd52ec0c86____c16_0____1__t_285b3bcd52ec0c86____c7_1____2_fair.csv,{}
tusLarge3,starmie,t_285b3bcd52ec0c86____c16_0____3_fair.csv,10,741,66,10,False,0.0521,1.0,0.01349527665317139,0.01349527665317139,155.84501683712006,155.84501683712006,t_285b3bcd52ec0c86____c18_1____0__t_285b3bcd52ec0c86____c16_0____3_fair.csv;t_285b3bcd52ec0c86____c16_0____0__t_285b3bcd52ec0c86____c16_0____3_fair.csv;t_285b3bcd52ec0c86____c16_0____1__t_285b3bcd52ec0c86____c9_1____4_fair.csv;t_285b3bcd52ec0c86____c16_0____1__t_285b3bcd52ec0c86____c9_0____2_fair.csv;t_285b3bcd52ec0c86____c16_0____1__t_285b3bcd52ec0c86____c7_1____2_fair.csv;t_285b3bcd52ec0c86____c16_0____1__t_285b3bcd52ec0c86____c6_0____0_fair.csv;t_285b3bcd52ec0c86____c16_0____1__t_285b3bcd52ec0c86____c20_1____2_fair.csv;t_285b3bcd52ec0c86____c16_0____1__t_285b3bcd52ec0c86____c17_1____0_fair.csv;t_285b3bcd52ec0c86____c16_0____1__t_285b3bcd52ec0c86____c12_0____1_fair.csv;t_285b3bcd52ec0c86____c18_1____1__t_285b3bcd52ec0c86____c9_1____4_fair.csv,{}
tusLarge3,starmie,t_285b3bcd52ec0c86____c16_0____3_fair.csv,20,741,66,20,False,0.0166,0.95,0.02564102564102564,0.02699055330634278,311.3151137828827,311.3151137828827,t_285b3bcd52ec0c86____c18_1____0__t_285b3bcd52ec0c86____c16_0____3_fair.csv;t_285b3bcd52ec0c86____c16_0____0__t_285b3bcd52ec0c86____c16_0____3_fair.csv;t_285b3bcd52ec0c86____c16_0____1__t_285b3bcd52ec0c86____c9_1____4_fair.csv;t_285b3bcd52ec0c86____c16_0____1__t_285b3bcd52ec0c86____c9_0____2_fair.csv;t_285b3bcd52ec0c86____c16_0____1__t_285b3bcd52ec0c86____c7_1____2_fair.csv;t_285b3bcd52ec0c86____c16_0____1__t_285b3bcd52ec0c86____c6_0____0_fair.csv;t_285b3bcd52ec0c86____c16_0____1__t_285b3bcd52ec0c86____c20_1____2_fair.csv;t_285b3bcd52ec0c86____c16_0____1__t_285b3bcd52ec0c86____c17_1____0_fair.csv;t_285b3bcd52ec0c86____c16_0____1__t_285b3bcd52ec0c86____c12_0____1_fair.csv;t_285b3bcd52ec0c86____c18_1____1__t_285b3bcd52ec0c86____c9_1____4_fair.csv;t_285b3bcd52ec0c86____c18_1____1__t_285b3bcd52ec0c86____c9_0____2_fair.csv;t_285b3bcd52ec0c86____c18_1____1__t_285b3bcd52ec0c86____c7_1____2_fair.csv;t_285b3bcd52ec0c86____c18_1____1__t_285b3bcd52ec0c86____c6_0____0_fair.csv;t_285b3bcd52ec0c86____c18_1____1__t_285b3bcd52ec0c86____c20_1____2_fair.csv;t_285b3bcd52ec0c86____c18_1____1__t_285b3bcd52ec0c86____c17_1____0_fair.csv;t_285b3bcd52ec0c86____c18_1____1__t_285b3bcd52ec0c86____c16_0____3_fair.csv;t_285b3bcd52ec0c86____c18_1____1__t_285b3bcd52ec0c86____c12_0____1_fair.csv;t_285b3bcd52ec0c86____c16_0____1.csv;t_285b3bcd52ec0c86____c18_1____2__t_285b3bcd52ec0c86____c16_0____3_fair.csv;PED_SK_DTL_SNF____c17_0____1__PED_SK_DTL_SNF____c9_0____3_fair.csv,{}
tusLarge3,starmie,t_356fc1eaad97f93b____c3_0____2_fair.csv,5,585,280,5,True,0.397,1.0,0.008547008547008548,0.008547008547008548,14.202941238880157,14.202941238880157,t_356fc1eaad97f93b____c3_0____4__t_356fc1eaad97f93b____c3_0____2_fair.csv;t_356fc1eaad97f93b____c3_0____1__t_356fc1eaad97f93b____c3_0____2_fair.csv;t_356fc1eaad97f93b____c3_0____3__t_356fc1eaad97f93b____c3_0____2_fair.csv;t_356fc1eaad97f93b____c3_0____0__t_356fc1eaad97f93b____c3_0____2_fair.csv;t_356fc1eaad97f93b____c3_0____0.csv,{}
tusLarge3,starmie,t_356fc1eaad97f93b____c3_0____2_fair.csv,10,585,280,10,True,0.3161,0.8,0.013675213675213675,0.017094017094017096,26.896656572818756,26.896656572818756,t_356fc1eaad97f93b____c3_0____4__t_356fc1eaad97f93b____c3_0____2_fair.csv;t_356fc1eaad97f93b____c3_0____1__t_356fc1eaad97f93b____c3_0____2_fair.csv;t_356fc1eaad97f93b____c3_0____3__t_356fc1eaad97f93b____c3_0____2_fair.csv;t_356fc1eaad97f93b____c3_0____0__t_356fc1eaad97f93b____c3_0____2_fair.csv;t_356fc1eaad97f93b____c3_0____0.csv;t_356fc1eaad97f93b____c3_0____4.csv;t_356fc1eaad97f93b____c3_0____1.csv;t_356fc1eaad97f93b____c3_0____3.csv;t_8f2aacee00084d17____c3_0____0.csv;CTA_Ridership_Avg_Weekday_Bus_Stop_Boardings_in_October_2012____c3_1____3.csv,{}
tusLarge3,starmie,t_356fc1eaad97f93b____c3_0____2_fair.csv,20,585,280,20,False,0.1884,0.65,0.022222222222222223,0.03418803418803419,49.76780956983566,49.76780956983566,t_356fc1eaad97f93b____c3_0____4__t_356fc1eaad97f93b____c3_0____2_fair.csv;t_356fc1eaad97f93b____c3_0____1__t_356fc1eaad97f93b____c3_0____2_fair.csv;t_356fc1eaad97f93b____c3_0____3__t_356fc1eaad97f93b____c3_0____2_fair.csv;t_356fc1eaad97f93b____c3_0____0__t_356fc1eaad97f93b____c3_0____2_fair.csv;t_356fc1eaad97f93b____c3_0____0.csv;t_356fc1eaad97f93b____c3_0____4.csv;t_356fc1eaad97f93b____c3_0____1.csv;t_356fc1eaad97f93b____c3_0____3.csv;t_8f2aacee00084d17____c3_0____0.csv;CTA_Ridership_Avg_Weekday_Bus_Stop_Boardings_in_October_2012____c3_1____3.csv;t_8b91ff826fe3eeb8____c3_1____4__t_8b91ff826fe3eeb8____c3_1____2_fair.csv;t_356fc1eaad97f93b____c5_1____4__t_356fc1eaad97f93b____c3_0____2_fair.csv;t_8b91ff826fe3eeb8____c3_1____0__t_8b91ff826fe3eeb8____c3_1____2_fair.csv;t_356fc1eaad97f93b____c5_1____1.csv;t_356fc1eaad97f93b____c5_1____4.csv;CTA_Ridership_Avg_Weekday_Bus_Stop_Boardings_in_October_2012____c3_1____2.csv;t_356fc1eaad97f93b____c4_0____2__t_356fc1eaad97f93b____c3_0____2_fair.csv;t_356fc1eaad97f93b____c5_1____0__t_356fc1eaad97f93b____c3_0____2_fair.csv;t_1934eacab8c57857____c3_0____0.csv;CTA_Ridership_Avg_Weekday_Bus_Stop_Boardings_in_October_2012____c3_1____0.csv,{}
tusLarge3,starmie,t_356fc1eaad97f93b____c13_1____2_fair.csv,5,505,92,5,False,0.068,1.0,0.009900990099009901,0.009900990099009901,63.72337102890015,63.72337102890015,t_356fc1eaad97f93b____c13_0____2__t_356fc1eaad97f93b____c20_0____1_fair.csv;t_356fc1eaad97f93b____c13_0____2__t_356fc1eaad97f93b____c1_0____1_fair.csv;t_356fc1eaad97f93b____c13_0____2__t_356fc1eaad97f93b____c18_1____2_fair.csv;t_356fc1eaad97f93b____c13_0____2__t_356fc1eaad97f93b____c14_1____2_fair.csv;t_356fc1eaad97f93b____c13_0____2__t_356fc1eaad97f93b____c13_1____2_fair.csv,{}
tusLarge3,starmie,t_356fc1eaad97f93b____c13_1____2_fair.csv,10,505,92,10,False,0.09,1.0,0.019801980198019802,0.019801980198019802,125.80862092971802,125.80862092971802,t_356fc1eaad97f93b____c13_0____2__t_356fc1eaad97f93b____c20_0____1_fair.csv;t_356fc1eaad97f93b____c13_0____2__t_356fc1eaad97f93b____c1_0____1_fair.csv;t_356fc1eaad97f93b____c13_0____2__t_356fc1eaad97f93b____c18_1____2_fair.csv;t_356fc1eaad97f93b____c13_0____2__t_356fc1eaad97f93b____c14_1____2_fair.csv;t_356fc1eaad97f93b____c13_0____2__t_356fc1eaad97f93b____c13_1____2_fair.csv;t_356fc1eaad97f93b____c13_1____3__t_356fc1eaad97f93b____c13_1____2_fair.csv;t_356fc1eaad97f93b____c13_0____2.csv;t_356fc1eaad97f93b____c13_1____3__t_356fc1eaad97f93b____c14_1____2_fair.csv;t_356fc1eaad97f93b____c13_1____3.csv;t_356fc1eaad97f93b____c13_0____3__t_356fc1eaad97f93b____c20_0____1_fair.csv,{}
tusLarge3,starmie,t_356fc1eaad97f93b____c13_1____2_fair.csv,20,505,92,20,False,0.0475,0.85,0.033663366336633666,0.039603960396039604,242.6013219356537,242.6013219356537,t_356fc1eaad97f93b____c13_0____2__t_356fc1eaad97f93b____c20_0____1_fair.csv;t_356fc1eaad97f93b____c13_0____2__t_356fc1eaad97f93b____c1_0____1_fair.csv;t_356fc1eaad97f93b____c13_0____2__t_356fc1eaad97f93b____c18_1____2_fair.csv;t_356fc1eaad97f93b____c13_0____2__t_356fc1eaad97f93b____c14_1____2_fair.csv;t_356fc1eaad97f93b____c13_0____2__t_356fc1eaad97f93b____c13_1____2_fair.csv;t_356fc1eaad97f93b____c13_1____3__t_356fc1eaad97f93b____c13_1____2_fair.csv;t_356fc1eaad97f93b____c13_0____2.csv;t_356fc1eaad97f93b____c13_1____3__t_356fc1eaad97f93b____c14_1____2_fair.csv;t_356fc1eaad97f93b____c13_1____3.csv;t_356fc1eaad97f93b____c13_0____3__t_356fc1eaad97f93b____c20_0____1_fair.csv;t_356fc1eaad97f93b____c13_0____3__t_356fc1eaad97f93b____c1_0____1_fair.csv;t_356fc1eaad97f93b____c13_0____3__t_356fc1eaad97f93b____c18_1____2_fair.csv;t_356fc1eaad97f93b____c13_0____3__t_356fc1eaad97f93b____c14_1____2_fair.csv;t_356fc1eaad97f93b____c13_0____3__t_356fc1eaad97f93b____c13_1____2_fair.csv;t_356fc1eaad97f93b____c16_1____2__t_356fc1eaad97f93b____c1_0____1_fair.csv;t_356fc1eaad97f93b____c16_1____2__t_356fc1eaad97f93b____c14_1____2_fair.csv;t_356fc1eaad97f93b____c15_1____4__t_356fc1eaad97f93b____c1_0____1_fair.csv;t_356fc1eaad97f93b____c15_1____4__t_356fc1eaad97f93b____c14_1____2_fair.csv;t_356fc1eaad97f93b____c15_1____4__t_356fc1eaad97f93b____c13_1____2_fair.csv;t_356fc1eaad97f93b____c16_1____2.csv,{}
tusLarge3,starmie,t_285b3bcd52ec0c86____c17_1____0_fair.csv,5,773,81,5,False,0.1243,0.0,0.0,0.00646830530401035,82.86600112915039,82.86600112915039,PED_SK_DTL_SNF____c17_1____0__PED_SK_DTL_SNF____c9_0____3_fair.csv;PED_SK_DTL_SNF____c17_1____0__PED_SK_DTL_SNF____c3_1____2_fair.csv;PED_SK_DTL_SNF____c17_1____0__PED_SK_DTL_SNF____c19_0____0_fair.csv;PED_SK_DTL_SNF____c17_1____0__PED_SK_DTL_SNF____c18_0____2_fair.csv;PED_SK_DTL_SNF____c17_1____0__PED_SK_DTL_SNF____c16_0____0_fair.csv,{}
tusLarge3,starmie,t_285b3bcd52ec0c86____c17_1____0_fair.csv,10,773,81,10,False,0.0699,0.4,0.00517464424320828,0.0129366106080207,165.69777059555054,165.69777059555054,PED_SK_DTL_SNF____c17_1____0__PED_SK_DTL_SNF____c9_0____3_fair.csv;PED_SK_DTL_SNF____c17_1____0__PED_SK_DTL_SNF____c3_1____2_fair.csv;PED_SK_DTL_SNF____c17_1____0__PED_SK_DTL_SNF____c19_0____0_fair.csv;PED_SK_DTL_SNF____c17_1____0__PED_SK_DTL_SNF____c18_0____2_fair.csv;PED_SK_DTL_SNF____c17_1____0__PED_SK_DTL_SNF____c16_0____0_fair.csv;PED_SK_DTL_SNF____c17_1____0__PED_SK_DTL_SNF____c12_0____3_fair.csv;t_285b3bcd52ec0c86____c17_1____2__t_285b3bcd52ec0c86____c9_1____4_fair.csv;t_285b3bcd52ec0c86____c17_1____2__t_285b3bcd52ec0c86____c6_0____0_fair.csv;t_285b3bcd52ec0c86____c17_1____2__t_285b3bcd52ec0c86____c12_0____1_fair.csv;t_285b3bcd52ec0c86____c17_1____2__t_285b3bcd52ec0c86____c17_1____0_fair.csv,{}
tusLarge3,starmie,t_285b3bcd52ec0c86____c17_1____0_fair.csv,20,773,81,20,False,0.0372,0.4,0.01034928848641656,0.0258732212160414,330.678285241127,330.678285241127,PED_SK_DTL_SNF____c17_1____0__PED_SK_DTL_SNF____c9_0____3_fair.csv;PED_SK_DTL_SNF____c17_1____0__PED_SK_DTL_SNF____c3_1____2_fair.csv;PED_SK_DTL_SNF____c17_1____0__PED_SK_DTL_SNF____c19_0____0_fair.csv;PED_SK_DTL_SNF____c17_1____0__PED_SK_DTL_SNF____c18_0____2_fair.csv;PED_SK_DTL_SNF____c17_1____0__PED_SK_DTL_SNF____c16_0____0_fair.csv;PED_SK_DTL_SNF____c17_1____0__PED_SK_DTL_SNF____c12_0____3_fair.csv;t_285b3bcd52ec0c86____c17_1____2__t_285b3bcd52ec0c86____c9_1____4_fair.csv;t_285b3bcd52ec0c86____c17_1____2__t_285b3bcd52ec0c86____c6_0____0_fair.csv;t_285b3bcd52ec0c86____c17_1____2__t_285b3bcd52ec0c86____c12_0____1_fair.csv;t_285b3bcd52ec0c86____c17_1____2__t_285b3bcd52ec0c86____c17_1____0_fair.csv;PED_SK_DTL_SNF____c17_1____2__PED_SK_DTL_SNF____c9_0____3_fair.csv;PED_SK_DTL_SNF____c17_1____2__PED_SK_DTL_SNF____c3_1____2_fair.csv;PED_SK_DTL_SNF____c17_1____2__PED_SK_DTL_SNF____c19_0____0_fair.csv;PED_SK_DTL_SNF____c17_1____2__PED_SK_DTL_SNF____c18_0____2_fair.csv;PED_SK_DTL_SNF____c17_1____2__PED_SK_DTL_SNF____c16_0____0_fair.csv;PED_SK_DTL_SNF____c17_1____2__PED_SK_DTL_SNF____c12_0____3_fair.csv;t_285b3bcd52ec0c86____c17_1____2__t_285b3bcd52ec0c86____c7_1____2_fair.csv;t_285b3bcd52ec0c86____c17_1____2.csv;t_285b3bcd52ec0c86____c17_1____3__t_285b3bcd52ec0c86____c9_1____4_fair.csv;t_285b3bcd52ec0c86____c17_1____3__t_285b3bcd52ec0c86____c6_0____0_fair.csv,{}
tusLarge3,starmie,t_6047be0d6255e98d____c2_0____2_fair.csv,5,372,319,5,True,0.4361,1.0,0.013440860215053764,0.013440860215053764,9.465745627880096,9.465745627880096,t_6047be0d6255e98d____c2_0____0__t_6047be0d6255e98d____c2_0____2_fair.csv;t_6047be0d6255e98d____c2_0____1__t_6047be0d6255e98d____c2_0____2_fair.csv;t_6047be0d6255e98d____c2_0____0__t_6047be0d6255e98d____c6_1____1_fair.csv;t_6047be0d6255e98d____c2_0____3__t_6047be0d6255e98d____c2_0____2_fair.csv;t_6047be0d6255e98d____c2_0____1__t_6047be0d6255e98d____c6_1____1_fair.csv,{}
tusLarge3,starmie,t_6047be0d6255e98d____c2_0____2_fair.csv,10,372,319,10,True,0.37,0.6,0.016129032258064516,0.026881720430107527,18.602036714553833,18.602036714553833,t_6047be0d6255e98d____c2_0____0__t_6047be0d6255e98d____c2_0____2_fair.csv;t_6047be0d6255e98d____c2_0____1__t_6047be0d6255e98d____c2_0____2_fair.csv;t_6047be0d6255e98d____c2_0____0__t_6047be0d6255e98d____c6_1____1_fair.csv;t_6047be0d6255e98d____c2_0____3__t_6047be0d6255e98d____c2_0____2_fair.csv;t_6047be0d6255e98d____c2_0____1__t_6047be0d6255e98d____c6_1____1_fair.csv;t_6047be0d6255e98d____c2_0____3__t_6047be0d6255e98d____c6_1____1_fair.csv;t_6c551d740feb0608____c3_1____2__t_6c551d740feb0608____c10_0____2_fair.csv;t_6c551d740feb0608____c3_1____1__t_6c551d740feb0608____c10_0____2_fair.csv;t_6c551d740feb0608____c3_1____4__t_6c551d740feb0608____c10_0____2_fair.csv;t_285b3bcd52ec0c86____c2_1____3__t_285b3bcd52ec0c86____c7_1____2_fair.csv,{}
tusLarge3,starmie,t_6047be0d6255e98d____c2_0____2_fair.csv,20,372,319,20,False,0.0346,0.4,0.021505376344086023,0.053763440860215055,36.48870515823364,36.48870515823364,t_6047be0d6255e98d____c2_0____0__t_6047be0d6255e98d____c2_0____2_fair.csv;t_6047be0d6255e98d____c2_0____1__t_6047be0d6255e98d____c2_0____2_fair.csv;t_6047be0d6255e98d____c2_0____0__t_6047be0d6255e98d____c6_1____1_fair.csv;t_6047be0d6255e98d____c2_0____3__t_6047be0d6255e98d____c2_0____2_fair.csv;t_6047be0d6255e98d____c2_0____1__t_6047be0d6255e98d____c6_1____1_fair.csv;t_6047be0d6255e98d____c2_0____3__t_6047be0d6255e98d____c6_1____1_fair.csv;t_6c551d740feb0608____c3_1____2__t_6c551d740feb0608____c10_0____2_fair.csv;t_6c551d740feb0608____c3_1____1__t_6c551d740feb0608____c10_0____2_fair.csv;t_6c551d740feb0608____c3_1____4__t_6c551d740feb0608____c10_0____2_fair.csv;t_285b3bcd52ec0c86____c2_1____3__t_285b3bcd52ec0c86____c7_1____2_fair.csv;t_6047be0d6255e98d____c2_0____4__t_6047be0d6255e98d____c6_1____1_fair.csv;t_6047be0d6255e98d____c2_0____4__t_6047be0d6255e98d____c2_0____2_fair.csv;t_6c551d740feb0608____c3_1____0__t_6c551d740feb0608____c10_0____2_fair.csv;t_ece0594e0480a1ed____c2_0____0__t_ece0594e0480a1ed____c5_1____3_fair.csv;PED_SK_DTL_SNF____c2_0____0__PED_SK_DTL_SNF____c14_1____4_fair.csv;t_b28ed28824886b47____c3_0____0__t_b28ed28824886b47____c8_0____3_fair.csv;t_285b3bcd52ec0c86____c2_1____4__t_285b3bcd52ec0c86____c7_1____2_fair.csv;t_b28ed28824886b47____c3_0____0__t_b28ed28824886b47____c11_1____3_fair.csv;t_285b3bcd52ec0c86____c2_1____0__t_285b3bcd52ec0c86____c7_1____2_fair.csv;PED_SK_DTL_SNF____c2_1____0__PED_SK_DTL_SNF____c3_1____2_fair.csv,{}
tusLarge3,starmie,t_356fc1eaad97f93b____c14_1____2_fair.csv,5,571,79,5,False,0.0766,1.0,0.008756567425569177,0.008756567425569177,68.31845647096634,68.31845647096634,t_356fc1eaad97f93b____c15_1____2__t_356fc1eaad97f93b____c1_0____1_fair.csv;t_356fc1eaad97f93b____c15_1____2__t_356fc1eaad97f93b____c14_1____2_fair.csv;t_356fc1eaad97f93b____c15_1____2__t_356fc1eaad97f93b____c13_1____2_fair.csv;t_356fc1eaad97f93b____c15_1____2.csv;t_356fc1eaad97f93b____c16_0____2__t_356fc1eaad97f93b____c20_0____1_fair.csv,{}
tusLarge3,starmie,t_356fc1eaad97f93b____c14_1____2_fair.csv,10,571,79,10,False,0.0417,1.0,0.017513134851138354,0.017513134851138354,135.52907019853592,135.52907019853592,t_356fc1eaad97f93b____c15_1____2__t_356fc1eaad97f93b____c1_0____1_fair.csv;t_356fc1eaad97f93b____c15_1____2__t_356fc1eaad97f93b____c14_1____2_fair.csv;t_356fc1eaad97f93b____c15_1____2__t_356fc1eaad97f93b____c13_1____2_fair.csv;t_356fc1eaad97f93b____c15_1____2.csv;t_356fc1eaad97f93b____c16_0____2__t_356fc1eaad97f93b____c20_0____1_fair.csv;t_356fc1eaad97f93b____c16_0____2__t_356fc1eaad97f93b____c18_1____2_fair.csv;t_356fc1eaad97f93b____c16_0____2__t_356fc1eaad97f93b____c14_1____2_fair.csv;t_356fc1eaad97f93b____c15_1____2__t_356fc1eaad97f93b____c3_0____2_fair.csv;t_356fc1eaad97f93b____c16_0____2.csv;t_356fc1eaad97f93b____c16_0____2__t_356fc1eaad97f93b____c3_0____2_fair.csv,{}
tusLarge3,starmie,t_356fc1eaad97f93b____c14_1____2_fair.csv,20,571,79,20,False,0.0215,0.75,0.02626970227670753,0.03502626970227671,264.24035769701004,264.24035769701004,t_356fc1eaad97f93b____c15_1____2__t_356fc1eaad97f93b____c1_0____1_fair.csv;t_356fc1eaad97f93b____c15_1____2__t_356fc1eaad97f93b____c14_1____2_fair.csv;t_356fc1eaad97f93b____c15_1____2__t_356fc1eaad97f93b____c13_1____2_fair.csv;t_356fc1eaad97f93b____c15_1____2.csv;t_356fc1eaad97f93b____c16_0____2__t_356fc1eaad97f93b____c20_0____1_fair.csv;t_356fc1eaad97f93b____c16_0____2__t_356fc1eaad97f93b____c18_1____2_fair.csv;t_356fc1eaad97f93b____c16_0____2__t_356fc1eaad97f93b____c14_1____2_fair.csv;t_356fc1eaad97f93b____c15_1____2__t_356fc1eaad97f93b____c3_0____2_fair.csv;t_356fc1eaad97f93b____c16_0____2.csv;t_356fc1eaad97f93b____c16_0____2__t_356fc1eaad97f93b____c3_0____2_fair.csv;t_356fc1eaad97f93b____c14_0____3__t_356fc1eaad97f93b____c20_0____1_fair.csv;t_356fc1eaad97f93b____c14_0____3__t_356fc1eaad97f93b____c18_1____2_fair.csv;t_356fc1eaad97f93b____c14_0____3__t_356fc1eaad97f93b____c14_1____2_fair.csv;t_356fc1eaad97f93b____c15_0____2.csv;t_356fc1eaad97f93b____c15_0____2__t_356fc1eaad97f93b____c20_0____1_fair.csv;t_356fc1eaad97f93b____c15_0____2__t_356fc1eaad97f93b____c1_0____1_fair.csv;t_356fc1eaad97f93b____c15_0____2__t_356fc1eaad97f93b____c18_1____2_fair.csv;t_356fc1eaad97f93b____c15_0____2__t_356fc1eaad97f93b____c13_1____2_fair.csv;t_356fc1eaad97f93b____c16_1____3__t_356fc1eaad97f93b____c1_0____1_fair.csv;t_356fc1eaad97f93b____c16_1____3__t_356fc1eaad97f93b____c14_1____2_fair.csv,{}
tusLarge3,starmie,t_6047be0d6255e98d____c10_0____0_fair.csv,5,383,89,5,False,0.2104,1.0,0.013054830287206266,0.013054830287206266,48.94289642572403,48.94289642572403,t_6047be0d6255e98d____c11_0____0.csv;t_6047be0d6255e98d____c11_1____0__t_6047be0d6255e98d____c6_0____0_fair.csv;t_6047be0d6255e98d____c11_1____0__t_6047be0d6255e98d____c2_0____2_fair.csv;t_6047be0d6255e98d____c11_1____0__t_6047be0d6255e98d____c10_0____0_fair.csv;t_6047be0d6255e98d____c11_0____0__t_6047be0d6255e98d____c6_0____0_fair.csv,{}
tusLarge3,starmie,t_6047be0d6255e98d____c10_0____0_fair.csv,10,383,89,10,False,0.172,1.0,0.02610966057441253,0.02610966057441253,97.70114302635193,97.70114302635193,t_6047be0d6255e98d____c11_0____0.csv;t_6047be0d6255e98d____c11_1____0__t_6047be0d6255e98d____c6_0____0_fair.csv;t_6047be0d6255e98d____c11_1____0__t_6047be0d6255e98d____c2_0____2_fair.csv;t_6047be0d6255e98d____c11_1____0__t_6047be0d6255e98d____c10_0____0_fair.csv;t_6047be0d6255e98d____c11_0____0__t_6047be0d6255e98d____c6_0____0_fair.csv;t_6047be0d6255e98d____c11_0____0__t_6047be0d6255e98d____c2_0____2_fair.csv;t_6047be0d6255e98d____c11_0____0__t_6047be0d6255e98d____c10_0____0_fair.csv;t_6047be0d6255e98d____c11_1____0.csv;t_6047be0d6255e98d____c11_0____2__t_6047be0d6255e98d____c6_0____0_fair.csv;t_6047be0d6255e98d____c11_0____2__t_6047be0d6255e98d____c2_0____2_fair.csv,{}
tusLarge3,starmie,t_6047be0d6255e98d____c10_0____0_fair.csv,20,383,89,20,False,0.1136,1.0,0.05221932114882506,0.05221932114882506,194.6045674085617,194.6045674085617,t_6047be0d6255e98d____c11_0____0.csv;t_6047be0d6255e98d____c11_1____0__t_6047be0d6255e98d____c6_0____0_fair.csv;t_6047be0d6255e98d____c11_1____0__t_6047be0d6255e98d____c2_0____2_fair.csv;t_6047be0d6255e98d____c11_1____0__t_6047be0d6255e98d____c10_0____0_fair.csv;t_6047be0d6255e98d____c11_0____0__t_6047be0d6255e98d____c6_0____0_fair.csv;t_6047be0d6255e98d____c11_0____0__t_6047be0d6255e98d____c2_0____2_fair.csv;t_6047be0d6255e98d____c11_0____0__t_6047be0d6255e98d____c10_0____0_fair.csv;t_6047be0d6255e98d____c11_1____0.csv;t_6047be0d6255e98d____c11_0____2__t_6047be0d6255e98d____c6_0____0_fair.csv;t_6047be0d6255e98d____c11_0____2__t_6047be0d6255e98d____c2_0____2_fair.csv;t_6047be0d6255e98d____c13_1____0.csv;t_6047be0d6255e98d____c11_0____2.csv;t_6047be0d6255e98d____c13_1____0__t_6047be0d6255e98d____c6_0____0_fair.csv;t_6047be0d6255e98d____c13_1____0__t_6047be0d6255e98d____c2_0____2_fair.csv;t_6047be0d6255e98d____c13_1____0__t_6047be0d6255e98d____c10_0____0_fair.csv;t_6047be0d6255e98d____c10_0____1__t_6047be0d6255e98d____c6_1____1_fair.csv;t_6047be0d6255e98d____c10_0____1__t_6047be0d6255e98d____c6_0____0_fair.csv;t_6047be0d6255e98d____c10_0____1__t_6047be0d6255e98d____c2_0____2_fair.csv;t_6047be0d6255e98d____c10_0____1__t_6047be0d6255e98d____c10_0____0_fair.csv;t_6047be0d6255e98d____c10_0____1.csv,{}
tusLarge3,starmie,t_6047be0d6255e98d____c6_0____0_fair.csv,5,383,133,5,False,0.243,1.0,0.013054830287206266,0.013054830287206266,29.115774989128113,29.115774989128113,t_6047be0d6255e98d____c6_0____1__t_6047be0d6255e98d____c6_1____1_fair.csv;t_6047be0d6255e98d____c6_0____1__t_6047be0d6255e98d____c6_0____0_fair.csv;t_6047be0d6255e98d____c6_0____1__t_6047be0d6255e98d____c2_0____2_fair.csv;t_6047be0d6255e98d____c6_0____1__t_6047be0d6255e98d____c10_0____0_fair.csv;t_6047be0d6255e98d____c6_0____1.csv,{}
tusLarge3,starmie,t_6047be0d6255e98d____c6_0____0_fair.csv,10,383,133,10,False,0.1961,1.0,0.02610966057441253,0.02610966057441253,57.32925248146057,57.32925248146057,t_6047be0d6255e98d____c6_0____1__t_6047be0d6255e98d____c6_1____1_fair.csv;t_6047be0d6255e98d____c6_0____1__t_6047be0d6255e98d____c6_0____0_fair.csv;t_6047be0d6255e98d____c6_0____1__t_6047be0d6255e98d____c2_0____2_fair.csv;t_6047be0d6255e98d____c6_0____1__t_6047be0d6255e98d____c10_0____0_fair.csv;t_6047be0d6255e98d____c6_0____1.csv;t_6047be0d6255e98d____c6_0____2.csv;t_6047be0d6255e98d____c6_0____2__t_6047be0d6255e98d____c6_1____1_fair.csv;t_6047be0d6255e98d____c6_0____2__t_6047be0d6255e98d____c6_0____0_fair.csv;t_6047be0d6255e98d____c6_0____2__t_6047be0d6255e98d____c2_0____2_fair.csv;t_6047be0d6255e98d____c8_1____0.csv,{}
tusLarge3,starmie,t_6047be0d6255e98d____c6_0____0_fair.csv,20,383,133,20,False,0.1769,1.0,0.05221932114882506,0.05221932114882506,113.09521681070328,113.09521681070328,t_6047be0d6255e98d____c6_0____1__t_6047be0d6255e98d____c6_1____1_fair.csv;t_6047be0d6255e98d____c6_0____1__t_6047be0d6255e98d____c6_0____0_fair.csv;t_6047be0d6255e98d____c6_0____1__t_6047be0d6255e98d____c2_0____2_fair.csv;t_6047be0d6255e98d____c6_0____1__t_6047be0d6255e98d____c10_0____0_fair.csv;t_6047be0d6255e98d____c6_0____1.csv;t_6047be0d6255e98d____c6_0____2.csv;t_6047be0d6255e98d____c6_0____2__t_6047be0d6255e98d____c6_1____1_fair.csv;t_6047be0d6255e98d____c6_0____2__t_6047be0d6255e98d____c6_0____0_fair.csv;t_6047be0d6255e98d____c6_0____2__t_6047be0d6255e98d____c2_0____2_fair.csv;t_6047be0d6255e98d____c8_1____0.csv;t_6047be0d6255e98d____c8_1____0__t_6047be0d6255e98d____c6_0____0_fair.csv;t_6047be0d6255e98d____c8_1____0__t_6047be0d6255e98d____c10_0____0_fair.csv;t_6047be0d6255e98d____c8_1____0__t_6047be0d6255e98d____c6_1____1_fair.csv;t_6047be0d6255e98d____c8_1____0__t_6047be0d6255e98d____c2_0____2_fair.csv;t_6047be0d6255e98d____c6_0____2__t_6047be0d6255e98d____c10_0____0_fair.csv;t_6047be0d6255e98d____c8_1____2__t_6047be0d6255e98d____c6_0____0_fair.csv;t_6047be0d6255e98d____c8_1____2__t_6047be0d6255e98d____c6_1____1_fair.csv;t_6047be0d6255e98d____c8_1____2__t_6047be0d6255e98d____c2_0____2_fair.csv;t_6047be0d6255e98d____c8_1____2.csv;t_6047be0d6255e98d____c8_1____2__t_6047be0d6255e98d____c10_0____0_fair.csv,{}
tusLarge3,starmie,t_67c3f7ce5eab8804____c2_0____0_fair.csv,5,329,211,5,False,0.2523,1.0,0.015197568389057751,0.015197568389057751,9.898186147212982,9.898186147212982,t_67c3f7ce5eab8804____c2_0____3__t_67c3f7ce5eab8804____c3_1____4_fair.csv;t_67c3f7ce5eab8804____c2_0____3__t_67c3f7ce5eab8804____c2_0____0_fair.csv;t_67c3f7ce5eab8804____c2_0____1__t_67c3f7ce5eab8804____c3_1____4_fair.csv;t_67c3f7ce5eab8804____c2_0____1__t_67c3f7ce5eab8804____c2_0____0_fair.csv;t_67c3f7ce5eab8804____c2_0____4__t_67c3f7ce5eab8804____c3_1____4_fair.csv,{}
tusLarge3,starmie,t_67c3f7ce5eab8804____c2_0____0_fair.csv,10,329,211,10,False,0.2454,1.0,0.030395136778115502,0.030395136778115502,19.453238368034363,19.453238368034363,t_67c3f7ce5eab8804____c2_0____3__t_67c3f7ce5eab8804____c3_1____4_fair.csv;t_67c3f7ce5eab8804____c2_0____3__t_67c3f7ce5eab8804____c2_0____0_fair.csv;t_67c3f7ce5eab8804____c2_0____1__t_67c3f7ce5eab8804____c3_1____4_fair.csv;t_67c3f7ce5eab8804____c2_0____1__t_67c3f7ce5eab8804____c2_0____0_fair.csv;t_67c3f7ce5eab8804____c2_0____4__t_67c3f7ce5eab8804____c3_1____4_fair.csv;t_67c3f7ce5eab8804____c2_0____4__t_67c3f7ce5eab8804____c2_0____0_fair.csv;t_67c3f7ce5eab8804____c2_0____3.csv;t_67c3f7ce5eab8804____c2_0____1.csv;t_67c3f7ce5eab8804____c2_0____2__t_67c3f7ce5eab8804____c3_1____4_fair.csv;t_67c3f7ce5eab8804____c2_0____2__t_67c3f7ce5eab8804____c2_0____0_fair.csv,{}
tusLarge3,starmie,t_67c3f7ce5eab8804____c2_0____0_fair.csv,20,329,211,20,False,0.2105,0.6,0.0364741641337386,0.060790273556231005,36.649680614471436,36.649680614471436,t_67c3f7ce5eab8804____c2_0____3__t_67c3f7ce5eab8804____c3_1____4_fair.csv;t_67c3f7ce5eab8804____c2_0____3__t_67c3f7ce5eab8804____c2_0____0_fair.csv;t_67c3f7ce5eab8804____c2_0____1__t_67c3f7ce5eab8804____c3_1____4_fair.csv;t_67c3f7ce5eab8804____c2_0____1__t_67c3f7ce5eab8804____c2_0____0_fair.csv;t_67c3f7ce5eab8804____c2_0____4__t_67c3f7ce5eab8804____c3_1____4_fair.csv;t_67c3f7ce5eab8804____c2_0____4__t_67c3f7ce5eab8804____c2_0____0_fair.csv;t_67c3f7ce5eab8804____c2_0____3.csv;t_67c3f7ce5eab8804____c2_0____1.csv;t_67c3f7ce5eab8804____c2_0____2__t_67c3f7ce5eab8804____c3_1____4_fair.csv;t_67c3f7ce5eab8804____c2_0____2__t_67c3f7ce5eab8804____c2_0____0_fair.csv;t_67c3f7ce5eab8804____c2_0____2.csv;t_67c3f7ce5eab8804____c2_0____4.csv;t_b28ed28824886b47____c3_0____1__t_b28ed28824886b47____c8_0____3_fair.csv;t_b28ed28824886b47____c4_1____3__t_b28ed28824886b47____c8_0____3_fair.csv;t_b28ed28824886b47____c4_1____3__t_b28ed28824886b47____c11_1____3_fair.csv;t_6c551d740feb0608____c3_1____3__t_6c551d740feb0608____c10_0____2_fair.csv;t_b28ed28824886b47____c3_0____1__t_b28ed28824886b47____c11_1____3_fair.csv;t_b28ed28824886b47____c4_1____1.csv;t_b28ed28824886b47____c4_1____3.csv;t_b28ed28824886b47____c4_1____2.csv,{}
tusLarge3,starmie,t_240c872e361b3c8e____c18_1____4_fair.csv,5,401,137,5,False,0.0817,0.4,0.004987531172069825,0.012468827930174564,86.35546290874481,86.35546290874481,t_240c872e361b3c8e____c18_0____4__t_240c872e361b3c8e____c1_0____2_fair.csv;t_240c872e361b3c8e____c18_0____4__t_240c872e361b3c8e____c18_0____2_fair.csv;t_240c872e361b3c8e____c18_0____4.csv;t_240c872e361b3c8e____c18_1____3__t_240c872e361b3c8e____c5_1____3_fair.csv;t_240c872e361b3c8e____c18_1____3__t_240c872e361b3c8e____c1_0____2_fair.csv,{}
tusLarge3,starmie,t_240c872e361b3c8e____c18_1____4_fair.csv,10,401,137,10,False,0.0932,0.5,0.012468827930174564,0.02493765586034913,169.4506315588951,169.4506315588951,t_240c872e361b3c8e____c18_0____4__t_240c872e361b3c8e____c1_0____2_fair.csv;t_240c872e361b3c8e____c18_0____4__t_240c872e361b3c8e____c18_0____2_fair.csv;t_240c872e361b3c8e____c18_0____4.csv;t_240c872e361b3c8e____c18_1____3__t_240c872e361b3c8e____c5_1____3_fair.csv;t_240c872e361b3c8e____c18_1____3__t_240c872e361b3c8e____c1_0____2_fair.csv;t_240c872e361b3c8e____c18_1____3__t_240c872e361b3c8e____c18_1____4_fair.csv;t_240c872e361b3c8e____c18_1____3__t_240c872e361b3c8e____c18_0____2_fair.csv;t_240c872e361b3c8e____c18_1____3.csv;t_240c872e361b3c8e____c18_0____0__t_240c872e361b3c8e____c1_0____2_fair.csv;t_240c872e361b3c8e____c18_0____0__t_240c872e361b3c8e____c18_0____2_fair.csv,{}
tusLarge3,starmie,t_240c872e361b3c8e____c18_1____4_fair.csv,20,401,137,20,False,0.0494,0.55,0.02743142144638404,0.04987531172069826,332.04336285591125,332.04336285591125,t_240c872e361b3c8e____c18_0____4__t_240c872e361b3c8e____c1_0____2_fair.csv;t_240c872e361b3c8e____c18_0____4__t_240c872e361b3c8e____c18_0____2_fair.csv;t_240c872e361b3c8e____c18_0____4.csv;t_240c872e361b3c8e____c18_1____3__t_240c872e361b3c8e____c5_1____3_fair.csv;t_240c872e361b3c8e____c18_1____3__t_240c872e361b3c8e____c1_0____2_fair.csv;t_240c872e361b3c8e____c18_1____3__t_240c872e361b3c8e____c18_1____4_fair.csv;t_240c872e361b3c8e____c18_1____3__t_240c872e361b3c8e____c18_0____2_fair.csv;t_240c872e361b3c8e____c18_1____3.csv;t_240c872e361b3c8e____c18_0____0__t_240c872e361b3c8e____c1_0____2_fair.csv;t_240c872e361b3c8e____c18_0____0__t_240c872e361b3c8e____c18_0____2_fair.csv;t_240c872e361b3c8e____c18_0____0.csv;t_240c872e361b3c8e____c18_0____3__t_240c872e361b3c8e____c1_0____2_fair.csv;t_240c872e361b3c8e____c18_0____3__t_240c872e361b3c8e____c18_0____2_fair.csv;t_240c872e361b3c8e____c18_0____3.csv;t_240c872e361b3c8e____c20_0____0__t_240c872e361b3c8e____c5_1____3_fair.csv;t_240c872e361b3c8e____c20_0____0__t_240c872e361b3c8e____c1_0____2_fair.csv;t_240c872e361b3c8e____c20_0____0__t_240c872e361b3c8e____c18_1____4_fair.csv;t_240c872e361b3c8e____c20_0____0__t_240c872e361b3c8e____c18_0____2_fair.csv;t_240c872e361b3c8e____c20_0____0.csv;t_240c872e361b3c8e____c18_1____0__t_240c872e361b3c8e____c5_1____3_fair.csv,{}
tusLarge3,starmie,t_6047be0d6255e98d____c6_1____1_fair.csv,5,372,143,5,False,0.267,1.0,0.013440860215053764,0.013440860215053764,28.157361209392548,28.157361209392548,t_6047be0d6255e98d____c6_1____2__t_6047be0d6255e98d____c2_0____2_fair.csv;t_6047be0d6255e98d____c6_1____4.csv;t_6047be0d6255e98d____c6_1____2__t_6047be0d6255e98d____c6_1____1_fair.csv;t_6047be0d6255e98d____c6_1____2.csv;t_6047be0d6255e98d____c6_1____3.csv,{}
tusLarge3,starmie,t_6047be0d6255e98d____c6_1____1_fair.csv,10,372,143,10,True,0.3558,1.0,0.026881720430107527,0.026881720430107527,55.675162732601166,55.675162732601166,t_6047be0d6255e98d____c6_1____2__t_6047be0d6255e98d____c2_0____2_fair.csv;t_6047be0d6255e98d____c6_1____4.csv;t_6047be0d6255e98d____c6_1____2__t_6047be0d6255e98d____c6_1____1_fair.csv;t_6047be0d6255e98d____c6_1____2.csv;t_6047be0d6255e98d____c6_1____3.csv;t_6047be0d6255e98d____c6_1____0__t_6047be0d6255e98d____c6_1____1_fair.csv;t_6047be0d6255e98d____c6_1____3__t_6047be0d6255e98d____c6_1____1_fair.csv;t_6047be0d6255e98d____c6_1____3__t_6047be0d6255e98d____c2_0____2_fair.csv;t_6047be0d6255e98d____c6_1____4__t_6047be0d6255e98d____c6_1____1_fair.csv;t_6047be0d6255e98d____c6_1____4__t_6047be0d6255e98d____c2_0____2_fair.csv,{}
tusLarge3,starmie,t_6047be0d6255e98d____c6_1____1_fair.csv,20,372,143,20,False,0.2376,1.0,0.053763440860215055,0.053763440860215055,109.52901470661163,109.52901470661163,t_6047be0d6255e98d____c6_1____2__t_6047be0d6255e98d____c2_0____2_fair.csv;t_6047be0d6255e98d____c6_1____4.csv;t_6047be0d6255e98d____c6_1____2__t_6047be0d6255e98d____c6_1____1_fair.csv;t_6047be0d6255e98d____c6_1____2.csv;t_6047be0d6255e98d____c6_1____3.csv;t_6047be0d6255e98d____c6_1____0__t_6047be0d6255e98d____c6_1____1_fair.csv;t_6047be0d6255e98d____c6_1____3__t_6047be0d6255e98d____c6_1____1_fair.csv;t_6047be0d6255e98d____c6_1____3__t_6047be0d6255e98d____c2_0____2_fair.csv;t_6047be0d6255e98d____c6_1____4__t_6047be0d6255e98d____c6_1____1_fair.csv;t_6047be0d6255e98d____c6_1____4__t_6047be0d6255e98d____c2_0____2_fair.csv;t_6047be0d6255e98d____c9_0____2__t_6047be0d6255e98d____c2_0____2_fair.csv;t_6047be0d6255e98d____c9_0____2.csv;t_6047be0d6255e98d____c7_1____4__t_6047be0d6255e98d____c2_0____2_fair.csv;t_6047be0d6255e98d____c9_0____0__t_6047be0d6255e98d____c2_0____2_fair.csv;t_6047be0d6255e98d____c9_0____1.csv;t_6047be0d6255e98d____c6_1____0.csv;t_6047be0d6255e98d____c6_1____0__t_6047be0d6255e98d____c2_0____2_fair.csv;t_6047be0d6255e98d____c7_1____4.csv;t_6047be0d6255e98d____c9_0____1__t_6047be0d6255e98d____c6_1____1_fair.csv;t_6047be0d6255e98d____c9_0____1__t_6047be0d6255e98d____c2_0____2_fair.csv,{}
tusLarge3,starmie,t_67c3f7ce5eab8804____c3_1____4_fair.csv,5,329,157,5,True,0.3081,1.0,0.015197568389057751,0.015197568389057751,14.725264072418213,14.725264072418213,t_67c3f7ce5eab8804____c3_1____0__t_67c3f7ce5eab8804____c3_1____4_fair.csv;t_67c3f7ce5eab8804____c3_1____0__t_67c3f7ce5eab8804____c2_0____0_fair.csv;t_67c3f7ce5eab8804____c3_1____2__t_67c3f7ce5eab8804____c3_1____4_fair.csv;t_67c3f7ce5eab8804____c3_1____2__t_67c3f7ce5eab8804____c2_0____0_fair.csv;t_67c3f7ce5eab8804____c3_1____3__t_67c3f7ce5eab8804____c3_1____4_fair.csv,{}
tusLarge3,starmie,t_67c3f7ce5eab8804____c3_1____4_fair.csv,10,329,157,10,False,0.2515,1.0,0.030395136778115502,0.030395136778115502,29.17369258403778,29.17369258403778,t_67c3f7ce5eab8804____c3_1____0__t_67c3f7ce5eab8804____c3_1____4_fair.csv;t_67c3f7ce5eab8804____c3_1____0__t_67c3f7ce5eab8804____c2_0____0_fair.csv;t_67c3f7ce5eab8804____c3_1____2__t_67c3f7ce5eab8804____c3_1____4_fair.csv;t_67c3f7ce5eab8804____c3_1____2__t_67c3f7ce5eab8804____c2_0____0_fair.csv;t_67c3f7ce5eab8804____c3_1____3__t_67c3f7ce5eab8804____c3_1____4_fair.csv;t_67c3f7ce5eab8804____c3_1____3__t_67c3f7ce5eab8804____c2_0____0_fair.csv;t_67c3f7ce5eab8804____c3_1____1__t_67c3f7ce5eab8804____c3_1____4_fair.csv;t_67c3f7ce5eab8804____c3_1____1__t_67c3f7ce5eab8804____c2_0____0_fair.csv;t_67c3f7ce5eab8804____c3_1____0.csv;t_67c3f7ce5eab8804____c3_1____2.csv,{}
tusLarge3,starmie,t_67c3f7ce5eab8804____c3_1____4_fair.csv,20,329,157,20,False,0.1484,0.95,0.057750759878419454,0.060790273556231005,54.79748898744583,54.79748898744583,t_67c3f7ce5eab8804____c3_1____0__t_67c3f7ce5eab8804____c3_1____4_fair.csv;t_67c3f7ce5eab8804____c3_1____0__t_67c3f7ce5eab8804____c2_0____0_fair.csv;t_67c3f7ce5eab8804____c3_1____2__t_67c3f7ce5eab8804____c3_1____4_fair.csv;t_67c3f7ce5eab8804____c3_1____2__t_67c3f7ce5eab8804____c2_0____0_fair.csv;t_67c3f7ce5eab8804____c3_1____3__t_67c3f7ce5eab8804____c3_1____4_fair.csv;t_67c3f7ce5eab8804____c3_1____3__t_67c3f7ce5eab8804____c2_0____0_fair.csv;t_67c3f7ce5eab8804____c3_1____1__t_67c3f7ce5eab8804____c3_1____4_fair.csv;t_67c3f7ce5eab8804____c3_1____1__t_67c3f7ce5eab8804____c2_0____0_fair.csv;t_67c3f7ce5eab8804____c3_1____0.csv;t_67c3f7ce5eab8804____c3_1____2.csv;t_67c3f7ce5eab8804____c3_1____1.csv;t_67c3f7ce5eab8804____c3_1____3.csv;t_67c3f7ce5eab8804____c6_1____4__t_67c3f7ce5eab8804____c3_1____4_fair.csv;t_67c3f7ce5eab8804____c6_1____4__t_67c3f7ce5eab8804____c2_0____0_fair.csv;t_67c3f7ce5eab8804____c6_1____4__t_67c3f7ce5eab8804____c10_1____0_fair.csv;t_67c3f7ce5eab8804____c6_1____0__t_67c3f7ce5eab8804____c3_1____4_fair.csv;t_67c3f7ce5eab8804____c6_1____0__t_67c3f7ce5eab8804____c2_0____0_fair.csv;t_67c3f7ce5eab8804____c6_1____0__t_67c3f7ce5eab8804____c10_1____0_fair.csv;t_67c3f7ce5eab8804____c6_1____4.csv;t_b28ed28824886b47____c8_0____1__t_b28ed28824886b47____c11_1____3_fair.csv,{}
tusLarge3,starmie,t_6047be0d6255e98d____c11_0____3_fair.csv,5,298,97,5,False,0.0808,1.0,0.016778523489932886,0.016778523489932886,53.87602001428604,53.87602001428604,t_6047be0d6255e98d____c11_1____3__t_6047be0d6255e98d____c10_0____0_fair.csv;t_6047be0d6255e98d____c11_1____3__t_6047be0d6255e98d____c6_1____1_fair.csv;t_6047be0d6255e98d____c11_1____3__t_6047be0d6255e98d____c6_0____0_fair.csv;t_6047be0d6255e98d____c11_1____3__t_6047be0d6255e98d____c2_0____2_fair.csv;t_6047be0d6255e98d____c11_1____3__t_6047be0d6255e98d____c11_0____3_fair.csv,{}
tusLarge3,starmie,t_6047be0d6255e98d____c11_0____3_fair.csv,10,298,97,10,False,0.0973,1.0,0.03355704697986577,0.03355704697986577,106.99230408668518,106.99230408668518,t_6047be0d6255e98d____c11_1____3__t_6047be0d6255e98d____c10_0____0_fair.csv;t_6047be0d6255e98d____c11_1____3__t_6047be0d6255e98d____c6_1____1_fair.csv;t_6047be0d6255e98d____c11_1____3__t_6047be0d6255e98d____c6_0____0_fair.csv;t_6047be0d6255e98d____c11_1____3__t_6047be0d6255e98d____c2_0____2_fair.csv;t_6047be0d6255e98d____c11_1____3__t_6047be0d6255e98d____c11_0____3_fair.csv;t_6047be0d6255e98d____c11_1____3.csv;t_6047be0d6255e98d____c11_0____2__t_6047be0d6255e98d____c6_1____1_fair.csv;t_6047be0d6255e98d____c11_0____2__t_6047be0d6255e98d____c11_0____3_fair.csv;t_6047be0d6255e98d____c11_0____2__t_6047be0d6255e98d____c10_0____0_fair.csv;t_6047be0d6255e98d____c13_1____2__t_6047be0d6255e98d____c6_1____1_fair.csv,{}
tusLarge3,starmie,t_6047be0d6255e98d____c11_0____3_fair.csv,20,298,97,20,False,0.0766,1.0,0.06711409395973154,0.06711409395973154,211.28222459554672,211.28222459554672,t_6047be0d6255e98d____c11_1____3__t_6047be0d6255e98d____c10_0____0_fair.csv;t_6047be0d6255e98d____c11_1____3__t_6047be0d6255e98d____c6_1____1_fair.csv;t_6047be0d6255e98d____c11_1____3__t_6047be0d6255e98d____c6_0____0_fair.csv;t_6047be0d6255e98d____c11_1____3__t_6047be0d6255e98d____c2_0____2_fair.csv;t_6047be0d6255e98d____c11_1____3__t_6047be0d6255e98d____c11_0____3_fair.csv;t_6047be0d6255e98d____c11_1____3.csv;t_6047be0d6255e98d____c11_0____2__t_6047be0d6255e98d____c6_1____1_fair.csv;t_6047be0d6255e98d____c11_0____2__t_6047be0d6255e98d____c11_0____3_fair.csv;t_6047be0d6255e98d____c11_0____2__t_6047be0d6255e98d____c10_0____0_fair.csv;t_6047be0d6255e98d____c13_1____2__t_6047be0d6255e98d____c6_1____1_fair.csv;t_6047be0d6255e98d____c13_1____2__t_6047be0d6255e98d____c11_0____3_fair.csv;t_6047be0d6255e98d____c13_1____2__t_6047be0d6255e98d____c10_0____0_fair.csv;t_6047be0d6255e98d____c11_1____2__t_6047be0d6255e98d____c10_0____0_fair.csv;t_6047be0d6255e98d____c14_0____2__t_6047be0d6255e98d____c6_1____1_fair.csv;t_6047be0d6255e98d____c14_0____2__t_6047be0d6255e98d____c11_0____3_fair.csv;t_6047be0d6255e98d____c11_0____2__t_6047be0d6255e98d____c6_0____0_fair.csv;t_6047be0d6255e98d____c11_0____2__t_6047be0d6255e98d____c2_0____2_fair.csv;t_6047be0d6255e98d____c11_1____2__t_6047be0d6255e98d____c6_1____1_fair.csv;t_6047be0d6255e98d____c11_1____2__t_6047be0d6255e98d____c11_0____3_fair.csv;t_6047be0d6255e98d____c13_0____2__t_6047be0d6255e98d____c6_1____1_fair.csv,{}
tusLarge3,starmie,t_285b3bcd52ec0c86____c20_1____2_fair.csv,5,729,55,5,False,0.1098,0.4,0.0027434842249657062,0.006858710562414266,94.72832292318344,94.72832292318344,t_e9efd5cda78af711____c20_1____4__t_e9efd5cda78af711____c6_0____3_fair.csv;t_e9efd5cda78af711____c20_1____4__t_e9efd5cda78af711____c18_0____0_fair.csv;t_e9efd5cda78af711____c20_1____4__t_e9efd5cda78af711____c13_0____3_fair.csv;t_285b3bcd52ec0c86____c20_0____2__t_285b3bcd52ec0c86____c9_1____4_fair.csv;t_285b3bcd52ec0c86____c20_0____2__t_285b3bcd52ec0c86____c9_0____2_fair.csv,{}
tusLarge3,starmie,t_285b3bcd52ec0c86____c20_1____2_fair.csv,10,729,55,10,False,0.1165,0.6,0.00823045267489712,0.013717421124828532,189.31689006090164,189.31689006090164,t_e9efd5cda78af711____c20_1____4__t_e9efd5cda78af711____c6_0____3_fair.csv;t_e9efd5cda78af711____c20_1____4__t_e9efd5cda78af711____c18_0____0_fair.csv;t_e9efd5cda78af711____c20_1____4__t_e9efd5cda78af711____c13_0____3_fair.csv;t_285b3bcd52ec0c86____c20_0____2__t_285b3bcd52ec0c86____c9_1____4_fair.csv;t_285b3bcd52ec0c86____c20_0____2__t_285b3bcd52ec0c86____c9_0____2_fair.csv;t_285b3bcd52ec0c86____c20_0____2__t_285b3bcd52ec0c86____c6_0____0_fair.csv;t_285b3bcd52ec0c86____c20_0____2__t_285b3bcd52ec0c86____c20_1____2_fair.csv;t_285b3bcd52ec0c86____c20_0____2__t_285b3bcd52ec0c86____c12_0____1_fair.csv;t_e9efd5cda78af711____c20_1____4.csv;t_285b3bcd52ec0c86____c20_0____2.csv,{}
tusLarge3,starmie,t_285b3bcd52ec0c86____c20_1____2_fair.csv,20,729,55,20,False,0.1044,0.55,0.015089163237311385,0.027434842249657063,376.98915296792984,376.98822343349457,t_e9efd5cda78af711____c20_1____4__t_e9efd5cda78af711____c6_0____3_fair.csv;t_e9efd5cda78af711____c20_1____4__t_e9efd5cda78af711____c18_0____0_fair.csv;t_e9efd5cda78af711____c20_1____4__t_e9efd5cda78af711____c13_0____3_fair.csv;t_285b3bcd52ec0c86____c20_0____2__t_285b3bcd52ec0c86____c9_1____4_fair.csv;t_285b3bcd52ec0c86____c20_0____2__t_285b3bcd52ec0c86____c9_0____2_fair.csv;t_285b3bcd52ec0c86____c20_0____2__t_285b3bcd52ec0c86____c6_0____0_fair.csv;t_285b3bcd52ec0c86____c20_0____2__t_285b3bcd52ec0c86____c20_1____2_fair.csv;t_285b3bcd52ec0c86____c20_0____2__t_285b3bcd52ec0c86____c12_0____1_fair.csv;t_e9efd5cda78af711____c20_1____4.csv;t_285b3bcd52ec0c86____c20_0____2.csv;t_285b3bcd52ec0c86____c19_1____2__t_285b3bcd52ec0c86____c9_1____4_fair.csv;t_285b3bcd52ec0c86____c19_1____2__t_285b3bcd52ec0c86____c6_0____0_fair.csv;t_285b3bcd52ec0c86____c19_1____2__t_285b3bcd52ec0c86____c12_0____1_fair.csv;t_285b3bcd52ec0c86____c19_1____2.csv;t_285b3bcd52ec0c86____c19_0____2__t_285b3bcd52ec0c86____c9_1____4_fair.csv;t_285b3bcd52ec0c86____c19_0____2__t_285b3bcd52ec0c86____c9_0____2_fair.csv;t_285b3bcd52ec0c86____c19_0____2__t_285b3bcd52ec0c86____c6_0____0_fair.csv;t_285b3bcd52ec0c86____c19_0____2__t_285b3bcd52ec0c86____c20_1____2_fair.csv;t_285b3bcd52ec0c86____c19_0____2__t_285b3bcd52ec0c86____c12_0____1_fair.csv;t_285b3bcd52ec0c86____c19_1____2__t_285b3bcd52ec0c86____c17_1____0_fair.csv,{}
tusLarge3,starmie,t_6c551d740feb0608____c5_1____1_fair.csv,5,263,171,5,False,0.2319,1.0,0.019011406844106463,0.019011406844106463,23.860198318958282,23.860198318958282,t_6c551d740feb0608____c5_1____2__t_6c551d740feb0608____c5_1____1_fair.csv;t_6c551d740feb0608____c5_1____2__t_6c551d740feb0608____c9_0____3_fair.csv;t_6c551d740feb0608____c5_1____0.csv;t_6c551d740feb0608____c5_1____3__t_6c551d740feb0608____c9_0____3_fair.csv;t_6c551d740feb0608____c5_1____3__t_6c551d740feb0608____c5_1____1_fair.csv,{}
tusLarge3,starmie,t_6c551d740feb0608____c5_1____1_fair.csv,10,263,171,10,False,0.13,0.9,0.034220532319391636,0.03802281368821293,47.474020540714264,47.474020540714264,t_6c551d740feb0608____c5_1____2__t_6c551d740feb0608____c5_1____1_fair.csv;t_6c551d740feb0608____c5_1____2__t_6c551d740feb0608____c9_0____3_fair.csv;t_6c551d740feb0608____c5_1____0.csv;t_6c551d740feb0608____c5_1____3__t_6c551d740feb0608____c9_0____3_fair.csv;t_6c551d740feb0608____c5_1____3__t_6c551d740feb0608____c5_1____1_fair.csv;t_6c551d740feb0608____c5_1____0__t_6c551d740feb0608____c9_0____3_fair.csv;t_6c551d740feb0608____c5_1____4.csv;t_e9efd5cda78af711____c5_1____1__t_e9efd5cda78af711____c6_0____3_fair.csv;t_6c551d740feb0608____c5_1____4__t_6c551d740feb0608____c9_0____3_fair.csv;t_6c551d740feb0608____c5_1____4__t_6c551d740feb0608____c5_1____1_fair.csv,{}
tusLarge3,starmie,t_6c551d740feb0608____c5_1____1_fair.csv,20,263,171,20,False,0.1007,0.8,0.060836501901140684,0.07604562737642585,94.0011927485466,94.0011927485466,t_6c551d740feb0608____c5_1____2__t_6c551d740feb0608____c5_1____1_fair.csv;t_6c551d740feb0608____c5_1____2__t_6c551d740feb0608____c9_0____3_fair.csv;t_6c551d740feb0608____c5_1____0.csv;t_6c551d740feb0608____c5_1____3__t_6c551d740feb0608____c9_0____3_fair.csv;t_6c551d740feb0608____c5_1____3__t_6c551d740feb0608____c5_1____1_fair.csv;t_6c551d740feb0608____c5_1____0__t_6c551d740feb0608____c9_0____3_fair.csv;t_6c551d740feb0608____c5_1____4.csv;t_e9efd5cda78af711____c5_1____1__t_e9efd5cda78af711____c6_0____3_fair.csv;t_6c551d740feb0608____c5_1____4__t_6c551d740feb0608____c9_0____3_fair.csv;t_6c551d740feb0608____c5_1____4__t_6c551d740feb0608____c5_1____1_fair.csv;t_6c551d740feb0608____c5_1____0__t_6c551d740feb0608____c5_1____1_fair.csv;t_6c551d740feb0608____c5_1____2.csv;t_e9efd5cda78af711____c5_1____1.csv;t_e9efd5cda78af711____c5_1____2__t_e9efd5cda78af711____c6_0____3_fair.csv;t_e9efd5cda78af711____c5_1____3.csv;t_6c551d740feb0608____c7_0____3.csv;t_6c551d740feb0608____c7_0____3__t_6c551d740feb0608____c5_1____1_fair.csv;t_6c551d740feb0608____c7_0____3__t_6c551d740feb0608____c16_0____1_fair.csv;t_6c551d740feb0608____c5_1____3.csv;t_6c551d740feb0608____c7_0____0.csv,{}
tusLarge3,starmie,t_67c3f7ce5eab8804____c10_1____0_fair.csv,5,218,112,5,False,0.2648,1.0,0.022935779816513763,0.022935779816513763,47.51810300350189,47.51810300350189,t_67c3f7ce5eab8804____c12_1____0.csv;t_67c3f7ce5eab8804____c10_1____1__t_67c3f7ce5eab8804____c10_1____0_fair.csv;t_67c3f7ce5eab8804____c10_1____1.csv;t_67c3f7ce5eab8804____c10_1____3__t_67c3f7ce5eab8804____c10_1____0_fair.csv;t_67c3f7ce5eab8804____c10_1____3.csv,{}
tusLarge3,starmie,t_67c3f7ce5eab8804____c10_1____0_fair.csv,10,218,112,10,False,0.2547,0.7,0.03211009174311927,0.045871559633027525,94.07698893547058,94.07698893547058,t_67c3f7ce5eab8804____c12_1____0.csv;t_67c3f7ce5eab8804____c10_1____1__t_67c3f7ce5eab8804____c10_1____0_fair.csv;t_67c3f7ce5eab8804____c10_1____1.csv;t_67c3f7ce5eab8804____c10_1____3__t_67c3f7ce5eab8804____c10_1____0_fair.csv;t_67c3f7ce5eab8804____c10_1____3.csv;t_6047be0d6255e98d____c11_1____2__t_6047be0d6255e98d____c10_0____0_fair.csv;t_67c3f7ce5eab8804____c10_1____2__t_67c3f7ce5eab8804____c10_1____0_fair.csv;t_6047be0d6255e98d____c11_1____3.csv;t_67c3f7ce5eab8804____c10_1____2.csv;t_6047be0d6255e98d____c11_1____2__t_6047be0d6255e98d____c6_1____1_fair.csv,{}
tusLarge3,starmie,t_67c3f7ce5eab8804____c10_1____0_fair.csv,20,218,112,20,False,0.1879,0.45,0.04128440366972477,0.09174311926605505,186.22808241844177,186.22808241844177,t_67c3f7ce5eab8804____c12_1____0.csv;t_67c3f7ce5eab8804____c10_1____1__t_67c3f7ce5eab8804____c10_1____0_fair.csv;t_67c3f7ce5eab8804____c10_1____1.csv;t_67c3f7ce5eab8804____c10_1____3__t_67c3f7ce5eab8804____c10_1____0_fair.csv;t_67c3f7ce5eab8804____c10_1____3.csv;t_6047be0d6255e98d____c11_1____2__t_6047be0d6255e98d____c10_0____0_fair.csv;t_67c3f7ce5eab8804____c10_1____2__t_67c3f7ce5eab8804____c10_1____0_fair.csv;t_6047be0d6255e98d____c11_1____3.csv;t_67c3f7ce5eab8804____c10_1____2.csv;t_6047be0d6255e98d____c11_1____2__t_6047be0d6255e98d____c6_1____1_fair.csv;t_6047be0d6255e98d____c11_1____2__t_6047be0d6255e98d____c11_0____3_fair.csv;t_6047be0d6255e98d____c11_1____3__t_6047be0d6255e98d____c10_0____0_fair.csv;t_6047be0d6255e98d____c11_1____3__t_6047be0d6255e98d____c6_1____1_fair.csv;t_6047be0d6255e98d____c11_1____3__t_6047be0d6255e98d____c6_0____0_fair.csv;t_6047be0d6255e98d____c11_1____3__t_6047be0d6255e98d____c2_0____2_fair.csv;t_6047be0d6255e98d____c11_1____3__t_6047be0d6255e98d____c11_0____3_fair.csv;t_6047be0d6255e98d____c11_0____2__t_6047be0d6255e98d____c6_1____1_fair.csv;t_6047be0d6255e98d____c11_0____2__t_6047be0d6255e98d____c11_0____3_fair.csv;t_67c3f7ce5eab8804____c12_0____0.csv;t_67c3f7ce5eab8804____c12_0____0__t_67c3f7ce5eab8804____c3_1____4_fair.csv,{}
tusLarge3,starmie,t_356fc1eaad97f93b____c18_1____2_fair.csv,5,557,54,5,False,0.0784,1.0,0.008976660682226212,0.008976660682226212,83.41970330476761,83.41970330476761,t_356fc1eaad97f93b____c20_0____3.csv;t_356fc1eaad97f93b____c20_0____3__t_356fc1eaad97f93b____c20_0____1_fair.csv;t_356fc1eaad97f93b____c20_0____3__t_356fc1eaad97f93b____c1_0____1_fair.csv;t_356fc1eaad97f93b____c20_0____3__t_356fc1eaad97f93b____c18_1____2_fair.csv;t_356fc1eaad97f93b____c20_0____3__t_356fc1eaad97f93b____c13_1____2_fair.csv,{}
tusLarge3,starmie,t_356fc1eaad97f93b____c18_1____2_fair.csv,10,557,54,10,False,0.0657,0.9,0.01615798922800718,0.017953321364452424,166.43256038427353,166.43256038427353,t_356fc1eaad97f93b____c20_0____3.csv;t_356fc1eaad97f93b____c20_0____3__t_356fc1eaad97f93b____c20_0____1_fair.csv;t_356fc1eaad97f93b____c20_0____3__t_356fc1eaad97f93b____c1_0____1_fair.csv;t_356fc1eaad97f93b____c20_0____3__t_356fc1eaad97f93b____c18_1____2_fair.csv;t_356fc1eaad97f93b____c20_0____3__t_356fc1eaad97f93b____c13_1____2_fair.csv;t_356fc1eaad97f93b____c18_0____2.csv;t_356fc1eaad97f93b____c20_0____2__t_356fc1eaad97f93b____c20_0____1_fair.csv;t_356fc1eaad97f93b____c20_0____2__t_356fc1eaad97f93b____c1_0____1_fair.csv;t_356fc1eaad97f93b____c20_0____2__t_356fc1eaad97f93b____c18_1____2_fair.csv;t_356fc1eaad97f93b____c20_0____2__t_356fc1eaad97f93b____c13_1____2_fair.csv,{}
tusLarge3,starmie,t_356fc1eaad97f93b____c18_1____2_fair.csv,20,557,54,20,False,0.0922,0.8,0.02872531418312388,0.03590664272890485,331.5558902025223,331.5558902025223,t_356fc1eaad97f93b____c20_0____3.csv;t_356fc1eaad97f93b____c20_0____3__t_356fc1eaad97f93b____c20_0____1_fair.csv;t_356fc1eaad97f93b____c20_0____3__t_356fc1eaad97f93b____c1_0____1_fair.csv;t_356fc1eaad97f93b____c20_0____3__t_356fc1eaad97f93b____c18_1____2_fair.csv;t_356fc1eaad97f93b____c20_0____3__t_356fc1eaad97f93b____c13_1____2_fair.csv;t_356fc1eaad97f93b____c18_0____2.csv;t_356fc1eaad97f93b____c20_0____2__t_356fc1eaad97f93b____c20_0____1_fair.csv;t_356fc1eaad97f93b____c20_0____2__t_356fc1eaad97f93b____c1_0____1_fair.csv;t_356fc1eaad97f93b____c20_0____2__t_356fc1eaad97f93b____c18_1____2_fair.csv;t_356fc1eaad97f93b____c20_0____2__t_356fc1eaad97f93b____c13_1____2_fair.csv;t_356fc1eaad97f93b____c20_0____3__t_356fc1eaad97f93b____c3_0____2_fair.csv;t_356fc1eaad97f93b____c20_1____2__t_356fc1eaad97f93b____c20_0____1_fair.csv;t_356fc1eaad97f93b____c20_1____2__t_356fc1eaad97f93b____c1_0____1_fair.csv;t_356fc1eaad97f93b____c20_1____2__t_356fc1eaad97f93b____c18_1____2_fair.csv;t_356fc1eaad97f93b____c20_1____2__t_356fc1eaad97f93b____c14_1____2_fair.csv;t_356fc1eaad97f93b____c20_1____2__t_356fc1eaad97f93b____c13_1____2_fair.csv;t_356fc1eaad97f93b____c18_0____2__t_356fc1eaad97f93b____c1_0____1_fair.csv;t_356fc1eaad97f93b____c18_0____2__t_356fc1eaad97f93b____c14_1____2_fair.csv;t_356fc1eaad97f93b____c18_0____2__t_356fc1eaad97f93b____c13_1____2_fair.csv;t_356fc1eaad97f93b____c18_1____3__t_356fc1eaad97f93b____c3_0____2_fair.csv,{}
tusLarge3,starmie,t_6c551d740feb0608____c9_0____3_fair.csv,5,308,102,5,False,0.0628,0.8,0.012987012987012988,0.016233766233766232,44.00097441673279,44.00097441673279,t_6c551d740feb0608____c9_0____2__t_6c551d740feb0608____c9_0____3_fair.csv;t_6c551d740feb0608____c9_0____2__t_6c551d740feb0608____c16_0____1_fair.csv;t_6c551d740feb0608____c9_0____2__t_6c551d740feb0608____c10_0____2_fair.csv;t_6c551d740feb0608____c9_0____2.csv;t_285b3bcd52ec0c86____c9_0____0__t_285b3bcd52ec0c86____c9_1____4_fair.csv,{}
tusLarge3,starmie,t_6c551d740feb0608____c9_0____3_fair.csv,10,308,102,10,False,0.0236,0.4,0.012987012987012988,0.032467532467532464,87.87992650270462,87.87992650270462,t_6c551d740feb0608____c9_0____2__t_6c551d740feb0608____c9_0____3_fair.csv;t_6c551d740feb0608____c9_0____2__t_6c551d740feb0608____c16_0____1_fair.csv;t_6c551d740feb0608____c9_0____2__t_6c551d740feb0608____c10_0____2_fair.csv;t_6c551d740feb0608____c9_0____2.csv;t_285b3bcd52ec0c86____c9_0____0__t_285b3bcd52ec0c86____c9_1____4_fair.csv;t_285b3bcd52ec0c86____c9_0____0__t_285b3bcd52ec0c86____c9_0____2_fair.csv;t_285b3bcd52ec0c86____c9_0____0__t_285b3bcd52ec0c86____c6_0____0_fair.csv;t_285b3bcd52ec0c86____c9_0____0__t_285b3bcd52ec0c86____c20_1____2_fair.csv;t_285b3bcd52ec0c86____c9_0____0__t_285b3bcd52ec0c86____c17_1____0_fair.csv;PED_SK_DTL_SNF____c10_1____1.csv,{}
tusLarge3,starmie,t_6c551d740feb0608____c9_0____3_fair.csv,20,308,102,20,False,0.0152,0.35,0.022727272727272728,0.06493506493506493,175.4359426498413,175.4359426498413,t_6c551d740feb0608____c9_0____2__t_6c551d740feb0608____c9_0____3_fair.csv;t_6c551d740feb0608____c9_0____2__t_6c551d740feb0608____c16_0____1_fair.csv;t_6c551d740feb0608____c9_0____2__t_6c551d740feb0608____c10_0____2_fair.csv;t_6c551d740feb0608____c9_0____2.csv;t_285b3bcd52ec0c86____c9_0____0__t_285b3bcd52ec0c86____c9_1____4_fair.csv;t_285b3bcd52ec0c86____c9_0____0__t_285b3bcd52ec0c86____c9_0____2_fair.csv;t_285b3bcd52ec0c86____c9_0____0__t_285b3bcd52ec0c86____c6_0____0_fair.csv;t_285b3bcd52ec0c86____c9_0____0__t_285b3bcd52ec0c86____c20_1____2_fair.csv;t_285b3bcd52ec0c86____c9_0____0__t_285b3bcd52ec0c86____c17_1____0_fair.csv;PED_SK_DTL_SNF____c10_1____1.csv;PED_SK_DTL_SNF____c10_0____2__PED_SK_DTL_SNF____c9_0____3_fair.csv;PED_SK_DTL_SNF____c10_0____2__PED_SK_DTL_SNF____c18_0____2_fair.csv;PED_SK_DTL_SNF____c10_0____2__PED_SK_DTL_SNF____c14_1____4_fair.csv;t_285b3bcd52ec0c86____c12_0____2__t_285b3bcd52ec0c86____c16_0____3_fair.csv;t_6c551d740feb0608____c9_0____1__t_6c551d740feb0608____c16_0____1_fair.csv;t_6c551d740feb0608____c9_0____1__t_6c551d740feb0608____c10_0____2_fair.csv;PED_SK_DTL_SNF____c10_1____1__PED_SK_DTL_SNF____c23_0____0_fair.csv;PED_SK_DTL_SNF____c10_1____0.csv;t_285b3bcd52ec0c86____c12_0____4__t_285b3bcd52ec0c86____c12_0____1_fair.csv;t_6c551d740feb0608____c9_0____1__t_6c551d740feb0608____c9_0____3_fair.csv,{}
tusLarge3,starmie,t_6c551d740feb0608____c10_0____2_fair.csv,5,342,99,5,False,0.1805,1.0,0.014619883040935672,0.014619883040935672,48.27350163459778,48.27350163459778,t_6c551d740feb0608____c10_0____0.csv;t_6c551d740feb0608____c10_0____0__t_6c551d740feb0608____c5_1____1_fair.csv;t_6c551d740feb0608____c10_0____0__t_6c551d740feb0608____c16_0____1_fair.csv;t_6c551d740feb0608____c10_0____0__t_6c551d740feb0608____c10_0____2_fair.csv;t_6c551d740feb0608____c10_1____0__t_6c551d740feb0608____c9_0____3_fair.csv,{}
tusLarge3,starmie,t_6c551d740feb0608____c10_0____2_fair.csv,10,342,99,10,False,0.1589,1.0,0.029239766081871343,0.029239766081871343,96.32852399349213,96.32852399349213,t_6c551d740feb0608____c10_0____0.csv;t_6c551d740feb0608____c10_0____0__t_6c551d740feb0608____c5_1____1_fair.csv;t_6c551d740feb0608____c10_0____0__t_6c551d740feb0608____c16_0____1_fair.csv;t_6c551d740feb0608____c10_0____0__t_6c551d740feb0608____c10_0____2_fair.csv;t_6c551d740feb0608____c10_1____0__t_6c551d740feb0608____c9_0____3_fair.csv;t_6c551d740feb0608____c10_1____0__t_6c551d740feb0608____c10_0____2_fair.csv;t_6c551d740feb0608____c13_0____0__t_6c551d740feb0608____c5_1____1_fair.csv;t_6c551d740feb0608____c13_0____0__t_6c551d740feb0608____c16_0____1_fair.csv;t_6c551d740feb0608____c13_0____0__t_6c551d740feb0608____c10_0____2_fair.csv;t_6c551d740feb0608____c10_1____2__t_6c551d740feb0608____c9_0____3_fair.csv,{}
tusLarge3,starmie,t_6c551d740feb0608____c10_0____2_fair.csv,20,342,99,20,False,0.1561,1.0,0.05847953216374269,0.05847953216374269,191.7147987484932,191.7147987484932,t_6c551d740feb0608____c10_0____0.csv;t_6c551d740feb0608____c10_0____0__t_6c551d740feb0608____c5_1____1_fair.csv;t_6c551d740feb0608____c10_0____0__t_6c551d740feb0608____c16_0____1_fair.csv;t_6c551d740feb0608____c10_0____0__t_6c551d740feb0608____c10_0____2_fair.csv;t_6c551d740feb0608____c10_1____0__t_6c551d740feb0608____c9_0____3_fair.csv;t_6c551d740feb0608____c10_1____0__t_6c551d740feb0608____c10_0____2_fair.csv;t_6c551d740feb0608____c13_0____0__t_6c551d740feb0608____c5_1____1_fair.csv;t_6c551d740feb0608____c13_0____0__t_6c551d740feb0608____c16_0____1_fair.csv;t_6c551d740feb0608____c13_0____0__t_6c551d740feb0608____c10_0____2_fair.csv;t_6c551d740feb0608____c10_1____2__t_6c551d740feb0608____c9_0____3_fair.csv;t_6c551d740feb0608____c10_1____2__t_6c551d740feb0608____c10_0____2_fair.csv;t_6c551d740feb0608____c10_1____0.csv;t_6c551d740feb0608____c10_0____1__t_6c551d740feb0608____c5_1____1_fair.csv;t_6c551d740feb0608____c10_0____1__t_6c551d740feb0608____c16_0____1_fair.csv;t_6c551d740feb0608____c10_0____1__t_6c551d740feb0608____c10_0____2_fair.csv;t_6c551d740feb0608____c10_0____3__t_6c551d740feb0608____c5_1____1_fair.csv;t_6c551d740feb0608____c10_0____3__t_6c551d740feb0608____c16_0____1_fair.csv;t_6c551d740feb0608____c10_0____3__t_6c551d740feb0608____c10_0____2_fair.csv;t_6c551d740feb0608____c13_0____2__t_6c551d740feb0608____c5_1____1_fair.csv;t_6c551d740feb0608____c13_0____0.csv,{}
tusLarge3,starmie,t_70edc453a411f33b____c10_1____3_fair.csv,5,249,127,5,True,0.4473,0.2,0.004016064257028112,0.020080321285140562,48.59877461194992,48.59877461194992,t_013a2f8c584d44d7____c10_0____0__t_013a2f8c584d44d7____c6_1____4_fair.csv;t_013a2f8c584d44d7____c10_0____0__t_013a2f8c584d44d7____c4_1____2_fair.csv;t_013a2f8c584d44d7____c10_0____0__t_013a2f8c584d44d7____c12_0____3_fair.csv;t_013a2f8c584d44d7____c10_0____0__t_013a2f8c584d44d7____c10_1____0_fair.csv;t_70edc453a411f33b____c9_0____3__t_70edc453a411f33b____c7_1____4_fair.csv,{}
tusLarge3,starmie,t_70edc453a411f33b____c10_1____3_fair.csv,10,249,127,10,True,0.4289,0.2,0.008032128514056224,0.040160642570281124,93.54184138774872,93.54184138774872,t_013a2f8c584d44d7____c10_0____0__t_013a2f8c584d44d7____c6_1____4_fair.csv;t_013a2f8c584d44d7____c10_0____0__t_013a2f8c584d44d7____c4_1____2_fair.csv;t_013a2f8c584d44d7____c10_0____0__t_013a2f8c584d44d7____c12_0____3_fair.csv;t_013a2f8c584d44d7____c10_0____0__t_013a2f8c584d44d7____c10_1____0_fair.csv;t_70edc453a411f33b____c9_0____3__t_70edc453a411f33b____c7_1____4_fair.csv;t_70edc453a411f33b____c9_0____3__t_70edc453a411f33b____c10_1____3_fair.csv;t_70edc453a411f33b____c9_1____3__t_70edc453a411f33b____c7_1____4_fair.csv;t_70edc453a411f33b____c9_1____3__t_70edc453a411f33b____c12_1____3_fair.csv;t_dc9442ed0b52d69c____c9_0____4__t_dc9442ed0b52d69c____c9_0____2_fair.csv;t_dc9442ed0b52d69c____c9_0____4__t_dc9442ed0b52d69c____c8_0____3_fair.csv,{}
tusLarge3,starmie,t_70edc453a411f33b____c10_1____3_fair.csv,20,249,127,20,True,0.3784,0.15,0.012048192771084338,0.08032128514056225,183.412626683712,183.412626683712,t_013a2f8c584d44d7____c10_0____0__t_013a2f8c584d44d7____c6_1____4_fair.csv;t_013a2f8c584d44d7____c10_0____0__t_013a2f8c584d44d7____c4_1____2_fair.csv;t_013a2f8c584d44d7____c10_0____0__t_013a2f8c584d44d7____c12_0____3_fair.csv;t_013a2f8c584d44d7____c10_0____0__t_013a2f8c584d44d7____c10_1____0_fair.csv;t_70edc453a411f33b____c9_0____3__t_70edc453a411f33b____c7_1____4_fair.csv;t_70edc453a411f33b____c9_0____3__t_70edc453a411f33b____c10_1____3_fair.csv;t_70edc453a411f33b____c9_1____3__t_70edc453a411f33b____c7_1____4_fair.csv;t_70edc453a411f33b____c9_1____3__t_70edc453a411f33b____c12_1____3_fair.csv;t_dc9442ed0b52d69c____c9_0____4__t_dc9442ed0b52d69c____c9_0____2_fair.csv;t_dc9442ed0b52d69c____c9_0____4__t_dc9442ed0b52d69c____c8_0____3_fair.csv;t_dc9442ed0b52d69c____c9_0____4__t_dc9442ed0b52d69c____c2_1____2_fair.csv;t_dc9442ed0b52d69c____c9_0____3__t_dc9442ed0b52d69c____c9_0____2_fair.csv;t_dc9442ed0b52d69c____c9_0____3__t_dc9442ed0b52d69c____c8_0____3_fair.csv;t_dc9442ed0b52d69c____c9_0____3__t_dc9442ed0b52d69c____c2_1____2_fair.csv;t_70edc453a411f33b____c9_0____1__t_70edc453a411f33b____c7_1____4_fair.csv;t_dc9442ed0b52d69c____c9_1____0__t_dc9442ed0b52d69c____c9_0____2_fair.csv;t_dc9442ed0b52d69c____c9_1____0__t_dc9442ed0b52d69c____c8_0____3_fair.csv;t_dc9442ed0b52d69c____c9_1____0__t_dc9442ed0b52d69c____c2_1____2_fair.csv;t_dc9442ed0b52d69c____c9_1____3__t_dc9442ed0b52d69c____c9_0____2_fair.csv;t_dc9442ed0b52d69c____c9_1____3__t_dc9442ed0b52d69c____c8_0____3_fair.csv,{}
tusLarge3,starmie,t_70edc453a411f33b____c7_1____4_fair.csv,5,259,218,5,False,0.1651,0.0,0.0,0.019305019305019305,33.17902421951294,33.17902421951294,t_dc9442ed0b52d69c____c7_1____1__t_dc9442ed0b52d69c____c9_0____2_fair.csv;t_dc9442ed0b52d69c____c7_1____1__t_dc9442ed0b52d69c____c8_0____3_fair.csv;t_dc9442ed0b52d69c____c7_1____1__t_dc9442ed0b52d69c____c2_1____2_fair.csv;t_dc9442ed0b52d69c____c7_1____1__t_dc9442ed0b52d69c____c10_0____0_fair.csv;t_dc9442ed0b52d69c____c7_1____3__t_dc9442ed0b52d69c____c9_0____2_fair.csv,{}
tusLarge3,starmie,t_70edc453a411f33b____c7_1____4_fair.csv,10,259,218,10,False,0.18,0.0,0.0,0.03861003861003861,66.26122307777405,66.26122307777405,t_dc9442ed0b52d69c____c7_1____1__t_dc9442ed0b52d69c____c9_0____2_fair.csv;t_dc9442ed0b52d69c____c7_1____1__t_dc9442ed0b52d69c____c8_0____3_fair.csv;t_dc9442ed0b52d69c____c7_1____1__t_dc9442ed0b52d69c____c2_1____2_fair.csv;t_dc9442ed0b52d69c____c7_1____1__t_dc9442ed0b52d69c____c10_0____0_fair.csv;t_dc9442ed0b52d69c____c7_1____3__t_dc9442ed0b52d69c____c9_0____2_fair.csv;t_dc9442ed0b52d69c____c7_1____3__t_dc9442ed0b52d69c____c8_0____3_fair.csv;t_dc9442ed0b52d69c____c7_1____3__t_dc9442ed0b52d69c____c2_1____2_fair.csv;t_dc9442ed0b52d69c____c7_1____3__t_dc9442ed0b52d69c____c10_0____0_fair.csv;t_dc9442ed0b52d69c____c7_0____4__t_dc9442ed0b52d69c____c10_0____0_fair.csv;t_dc9442ed0b52d69c____c7_1____0__t_dc9442ed0b52d69c____c9_0____2_fair.csv,{}
tusLarge3,starmie,t_70edc453a411f33b____c7_1____4_fair.csv,20,259,218,20,False,0.1743,0.0,0.0,0.07722007722007722,131.82947772741318,131.82947772741318,t_dc9442ed0b52d69c____c7_1____1__t_dc9442ed0b52d69c____c9_0____2_fair.csv;t_dc9442ed0b52d69c____c7_1____1__t_dc9442ed0b52d69c____c8_0____3_fair.csv;t_dc9442ed0b52d69c____c7_1____1__t_dc9442ed0b52d69c____c2_1____2_fair.csv;t_dc9442ed0b52d69c____c7_1____1__t_dc9442ed0b52d69c____c10_0____0_fair.csv;t_dc9442ed0b52d69c____c7_1____3__t_dc9442ed0b52d69c____c9_0____2_fair.csv;t_dc9442ed0b52d69c____c7_1____3__t_dc9442ed0b52d69c____c8_0____3_fair.csv;t_dc9442ed0b52d69c____c7_1____3__t_dc9442ed0b52d69c____c2_1____2_fair.csv;t_dc9442ed0b52d69c____c7_1____3__t_dc9442ed0b52d69c____c10_0____0_fair.csv;t_dc9442ed0b52d69c____c7_0____4__t_dc9442ed0b52d69c____c10_0____0_fair.csv;t_dc9442ed0b52d69c____c7_1____0__t_dc9442ed0b52d69c____c9_0____2_fair.csv;t_dc9442ed0b52d69c____c7_1____0__t_dc9442ed0b52d69c____c8_0____3_fair.csv;t_dc9442ed0b52d69c____c7_1____0__t_dc9442ed0b52d69c____c2_1____2_fair.csv;t_dc9442ed0b52d69c____c7_1____0__t_dc9442ed0b52d69c____c10_0____0_fair.csv;t_dc9442ed0b52d69c____c7_1____3.csv;t_dc9442ed0b52d69c____c7_0____4.csv;t_dc9442ed0b52d69c____c7_1____4__t_dc9442ed0b52d69c____c9_0____2_fair.csv;t_dc9442ed0b52d69c____c7_1____4__t_dc9442ed0b52d69c____c8_0____3_fair.csv;t_dc9442ed0b52d69c____c7_1____4__t_dc9442ed0b52d69c____c2_1____2_fair.csv;t_dc9442ed0b52d69c____c7_1____4__t_dc9442ed0b52d69c____c10_0____0_fair.csv;t_dc9442ed0b52d69c____c7_1____1.csv,{}
tusLarge3,starmie,t_70edc453a411f33b____c12_1____3_fair.csv,5,232,113,5,False,0.1715,1.0,0.021551724137931036,0.021551724137931036,54.66292726993561,54.66292726993561,t_70edc453a411f33b____c11_0____0__t_70edc453a411f33b____c7_1____4_fair.csv;t_70edc453a411f33b____c11_0____0__t_70edc453a411f33b____c12_1____3_fair.csv;t_70edc453a411f33b____c11_0____0__t_70edc453a411f33b____c10_1____3_fair.csv;t_70edc453a411f33b____c11_0____1__t_70edc453a411f33b____c7_1____4_fair.csv;t_70edc453a411f33b____c11_0____1__t_70edc453a411f33b____c12_1____3_fair.csv,{}
tusLarge3,starmie,t_70edc453a411f33b____c12_1____3_fair.csv,10,232,113,10,False,0.1452,1.0,0.04310344827586207,0.04310344827586207,109.31225973367691,109.31225973367691,t_70edc453a411f33b____c11_0____0__t_70edc453a411f33b____c7_1____4_fair.csv;t_70edc453a411f33b____c11_0____0__t_70edc453a411f33b____c12_1____3_fair.csv;t_70edc453a411f33b____c11_0____0__t_70edc453a411f33b____c10_1____3_fair.csv;t_70edc453a411f33b____c11_0____1__t_70edc453a411f33b____c7_1____4_fair.csv;t_70edc453a411f33b____c11_0____1__t_70edc453a411f33b____c12_1____3_fair.csv;t_70edc453a411f33b____c11_0____1__t_70edc453a411f33b____c10_1____3_fair.csv;t_70edc453a411f33b____c11_1____0__t_70edc453a411f33b____c7_1____4_fair.csv;t_70edc453a411f33b____c11_1____0__t_70edc453a411f33b____c12_1____3_fair.csv;t_70edc453a411f33b____c11_1____0__t_70edc453a411f33b____c10_1____3_fair.csv;t_70edc453a411f33b____c11_1____2__t_70edc453a411f33b____c7_1____4_fair.csv,{}
tusLarge3,starmie,t_70edc453a411f33b____c12_1____3_fair.csv,20,232,113,20,False,0.1328,1.0,0.08620689655172414,0.08620689655172414,218.5485641360283,218.5485641360283,t_70edc453a411f33b____c11_0____0__t_70edc453a411f33b____c7_1____4_fair.csv;t_70edc453a411f33b____c11_0____0__t_70edc453a411f33b____c12_1____3_fair.csv;t_70edc453a411f33b____c11_0____0__t_70edc453a411f33b____c10_1____3_fair.csv;t_70edc453a411f33b____c11_0____1__t_70edc453a411f33b____c7_1____4_fair.csv;t_70edc453a411f33b____c11_0____1__t_70edc453a411f33b____c12_1____3_fair.csv;t_70edc453a411f33b____c11_0____1__t_70edc453a411f33b____c10_1____3_fair.csv;t_70edc453a411f33b____c11_1____0__t_70edc453a411f33b____c7_1____4_fair.csv;t_70edc453a411f33b____c11_1____0__t_70edc453a411f33b____c12_1____3_fair.csv;t_70edc453a411f33b____c11_1____0__t_70edc453a411f33b____c10_1____3_fair.csv;t_70edc453a411f33b____c11_1____2__t_70edc453a411f33b____c7_1____4_fair.csv;t_70edc453a411f33b____c11_1____2__t_70edc453a411f33b____c12_1____3_fair.csv;t_70edc453a411f33b____c11_1____2__t_70edc453a411f33b____c10_1____3_fair.csv;t_70edc453a411f33b____c11_0____2__t_70edc453a411f33b____c7_1____4_fair.csv;t_70edc453a411f33b____c11_0____2__t_70edc453a411f33b____c12_1____3_fair.csv;t_70edc453a411f33b____c11_0____2__t_70edc453a411f33b____c10_1____3_fair.csv;t_70edc453a411f33b____c11_1____1__t_70edc453a411f33b____c7_1____4_fair.csv;t_70edc453a411f33b____c11_1____1__t_70edc453a411f33b____c12_1____3_fair.csv;t_70edc453a411f33b____c11_1____1__t_70edc453a411f33b____c10_1____3_fair.csv;t_70edc453a411f33b____c11_0____4__t_70edc453a411f33b____c7_1____4_fair.csv;t_70edc453a411f33b____c11_0____4__t_70edc453a411f33b____c12_1____3_fair.csv,{}
tusLarge3,starmie,t_8b2f04db4903263f____c8_0____0_fair.csv,5,539,87,5,False,0.0769,0.0,0.0,0.00927643784786642,37.74901592731476,37.74901592731476,t_8b2f04db4903263f____c9_0____0__t_8b2f04db4903263f____c13_0____2_fair.csv;t_8b2f04db4903263f____c9_0____0__t_8b2f04db4903263f____c18_1____2_fair.csv;t_8b2f04db4903263f____c9_0____0.csv;t_8b2f04db4903263f____c9_0____4__t_8b2f04db4903263f____c13_0____2_fair.csv;t_8b2f04db4903263f____c9_0____3__t_8b2f04db4903263f____c18_1____2_fair.csv,{}
tusLarge3,starmie,t_8b2f04db4903263f____c8_0____0_fair.csv,10,539,87,10,False,0.045,0.0,0.0,0.01855287569573284,74.7327800989151,74.7327800989151,t_8b2f04db4903263f____c9_0____0__t_8b2f04db4903263f____c13_0____2_fair.csv;t_8b2f04db4903263f____c9_0____0__t_8b2f04db4903263f____c18_1____2_fair.csv;t_8b2f04db4903263f____c9_0____0.csv;t_8b2f04db4903263f____c9_0____4__t_8b2f04db4903263f____c13_0____2_fair.csv;t_8b2f04db4903263f____c9_0____3__t_8b2f04db4903263f____c18_1____2_fair.csv;t_8b2f04db4903263f____c9_0____3__t_8b2f04db4903263f____c13_0____2_fair.csv;t_8b2f04db4903263f____c9_0____1.csv;t_8b2f04db4903263f____c9_0____3.csv;t_8b2f04db4903263f____c9_0____4.csv;t_8b2f04db4903263f____c9_0____1__t_8b2f04db4903263f____c13_0____2_fair.csv,{}
tusLarge3,starmie,t_8b2f04db4903263f____c8_0____0_fair.csv,20,539,87,20,False,0.0775,0.4,0.014842300556586271,0.03710575139146568,145.99576669931412,145.99576669931412,t_8b2f04db4903263f____c9_0____0__t_8b2f04db4903263f____c13_0____2_fair.csv;t_8b2f04db4903263f____c9_0____0__t_8b2f04db4903263f____c18_1____2_fair.csv;t_8b2f04db4903263f____c9_0____0.csv;t_8b2f04db4903263f____c9_0____4__t_8b2f04db4903263f____c13_0____2_fair.csv;t_8b2f04db4903263f____c9_0____3__t_8b2f04db4903263f____c18_1____2_fair.csv;t_8b2f04db4903263f____c9_0____3__t_8b2f04db4903263f____c13_0____2_fair.csv;t_8b2f04db4903263f____c9_0____1.csv;t_8b2f04db4903263f____c9_0____3.csv;t_8b2f04db4903263f____c9_0____4.csv;t_8b2f04db4903263f____c9_0____1__t_8b2f04db4903263f____c13_0____2_fair.csv;t_8b2f04db4903263f____c9_0____4__t_8b2f04db4903263f____c18_1____2_fair.csv;t_8b2f04db4903263f____c15_0____1__t_8b2f04db4903263f____c10_0____0_fair.csv;t_8b2f04db4903263f____c15_0____1__t_8b2f04db4903263f____c9_1____1_fair.csv;t_8b2f04db4903263f____c15_0____1__t_8b2f04db4903263f____c18_1____2_fair.csv;t_8b2f04db4903263f____c18_0____0__t_8b2f04db4903263f____c13_0____2_fair.csv;t_8b2f04db4903263f____c11_0____0.csv;t_8b2f04db4903263f____c12_1____1.csv;t_8b2f04db4903263f____c10_1____0__t_8b2f04db4903263f____c13_0____2_fair.csv;t_8b2f04db4903263f____c15_1____0__t_8b2f04db4903263f____c8_0____0_fair.csv;t_8b2f04db4903263f____c15_1____0__t_8b2f04db4903263f____c10_0____0_fair.csv,{}
tusLarge3,starmie,t_8b91ff826fe3eeb8____c3_1____2_fair.csv,5,118,378,5,True,0.3457,1.0,0.0423728813559322,0.0423728813559322,13.411161184310913,13.411161184310913,t_8b91ff826fe3eeb8____c3_1____1.csv;t_8b91ff826fe3eeb8____c3_1____1__t_8b91ff826fe3eeb8____c3_1____2_fair.csv;t_8b91ff826fe3eeb8____c3_1____3__t_8b91ff826fe3eeb8____c3_1____2_fair.csv;t_8b91ff826fe3eeb8____c3_1____0__t_8b91ff826fe3eeb8____c3_1____2_fair.csv;t_8b91ff826fe3eeb8____c3_1____3.csv,{}
tusLarge3,starmie,t_8b91ff826fe3eeb8____c3_1____2_fair.csv,10,118,378,10,False,0.0085,0.6,0.05084745762711865,0.0847457627118644,25.46731299161911,25.46731299161911,t_8b91ff826fe3eeb8____c3_1____1.csv;t_8b91ff826fe3eeb8____c3_1____1__t_8b91ff826fe3eeb8____c3_1____2_fair.csv;t_8b91ff826fe3eeb8____c3_1____3__t_8b91ff826fe3eeb8____c3_1____2_fair.csv;t_8b91ff826fe3eeb8____c3_1____0__t_8b91ff826fe3eeb8____c3_1____2_fair.csv;t_8b91ff826fe3eeb8____c3_1____3.csv;t_8b91ff826fe3eeb8____c3_1____0.csv;t_8f2aacee00084d17____c3_0____0.csv;t_1934eacab8c57857____c3_0____4__t_1934eacab8c57857____c11_0____3_fair.csv;t_356fc1eaad97f93b____c3_0____3.csv;t_1934eacab8c57857____c3_0____4.csv,{}
tusLarge3,starmie,t_8b91ff826fe3eeb8____c3_1____2_fair.csv,20,118,378,20,False,0.0028,0.3,0.05084745762711865,0.1694915254237288,48.69210433959961,48.69210433959961,t_8b91ff826fe3eeb8____c3_1____1.csv;t_8b91ff826fe3eeb8____c3_1____1__t_8b91ff826fe3eeb8____c3_1____2_fair.csv;t_8b91ff826fe3eeb8____c3_1____3__t_8b91ff826fe3eeb8____c3_1____2_fair.csv;t_8b91ff826fe3eeb8____c3_1____0__t_8b91ff826fe3eeb8____c3_1____2_fair.csv;t_8b91ff826fe3eeb8____c3_1____3.csv;t_8b91ff826fe3eeb8____c3_1____0.csv;t_8f2aacee00084d17____c3_0____0.csv;t_1934eacab8c57857____c3_0____4__t_1934eacab8c57857____c11_0____3_fair.csv;t_356fc1eaad97f93b____c3_0____3.csv;t_1934eacab8c57857____c3_0____4.csv;t_8f2aacee00084d17____c3_0____0__t_8f2aacee00084d17____c13_1____4_fair.csv;t_1934eacab8c57857____c3_0____3__t_1934eacab8c57857____c11_0____3_fair.csv;t_1934eacab8c57857____c3_0____3.csv;t_285b3bcd52ec0c86____c3_1____0__t_285b3bcd52ec0c86____c7_1____2_fair.csv;t_b28ed28824886b47____c3_1____3__t_b28ed28824886b47____c8_0____3_fair.csv;t_356fc1eaad97f93b____c3_0____3__t_356fc1eaad97f93b____c3_0____2_fair.csv;t_356fc1eaad97f93b____c3_0____4__t_356fc1eaad97f93b____c3_0____2_fair.csv;t_b28ed28824886b47____c3_1____4__t_b28ed28824886b47____c11_1____3_fair.csv;t_ece0594e0480a1ed____c4_1____1__t_ece0594e0480a1ed____c5_1____3_fair.csv;t_b28ed28824886b47____c3_1____1__t_b28ed28824886b47____c8_0____3_fair.csv,{}
tusLarge3,starmie,t_8b2f04db4903263f____c10_0____0_fair.csv,5,539,82,5,False,0.055,1.0,0.00927643784786642,0.00927643784786642,47.25714761018753,47.25714761018753,t_8b2f04db4903263f____c14_1____0__t_8b2f04db4903263f____c18_1____2_fair.csv;t_8b2f04db4903263f____c12_1____0__t_8b2f04db4903263f____c8_0____0_fair.csv;t_8b2f04db4903263f____c12_1____0__t_8b2f04db4903263f____c10_0____0_fair.csv;t_8b2f04db4903263f____c12_1____0__t_8b2f04db4903263f____c9_1____1_fair.csv;t_8b2f04db4903263f____c14_1____0__t_8b2f04db4903263f____c9_1____1_fair.csv,{}
tusLarge3,starmie,t_8b2f04db4903263f____c10_0____0_fair.csv,10,539,82,10,False,0.0302,1.0,0.01855287569573284,0.01855287569573284,93.92953252792358,93.92953252792358,t_8b2f04db4903263f____c14_1____0__t_8b2f04db4903263f____c18_1____2_fair.csv;t_8b2f04db4903263f____c12_1____0__t_8b2f04db4903263f____c8_0____0_fair.csv;t_8b2f04db4903263f____c12_1____0__t_8b2f04db4903263f____c10_0____0_fair.csv;t_8b2f04db4903263f____c12_1____0__t_8b2f04db4903263f____c9_1____1_fair.csv;t_8b2f04db4903263f____c14_1____0__t_8b2f04db4903263f____c9_1____1_fair.csv;t_8b2f04db4903263f____c15_1____1.csv;t_8b2f04db4903263f____c16_0____1__t_8b2f04db4903263f____c9_1____1_fair.csv;t_8b2f04db4903263f____c16_0____1__t_8b2f04db4903263f____c8_0____0_fair.csv;t_8b2f04db4903263f____c16_0____1__t_8b2f04db4903263f____c13_0____2_fair.csv;t_8b2f04db4903263f____c15_0____0__t_8b2f04db4903263f____c10_0____0_fair.csv,{}
tusLarge3,starmie,t_8b2f04db4903263f____c10_0____0_fair.csv,20,539,82,20,False,0.0219,1.0,0.03710575139146568,0.03710575139146568,186.77209055423737,186.77209055423737,t_8b2f04db4903263f____c14_1____0__t_8b2f04db4903263f____c18_1____2_fair.csv;t_8b2f04db4903263f____c12_1____0__t_8b2f04db4903263f____c8_0____0_fair.csv;t_8b2f04db4903263f____c12_1____0__t_8b2f04db4903263f____c10_0____0_fair.csv;t_8b2f04db4903263f____c12_1____0__t_8b2f04db4903263f____c9_1____1_fair.csv;t_8b2f04db4903263f____c14_1____0__t_8b2f04db4903263f____c9_1____1_fair.csv;t_8b2f04db4903263f____c15_1____1.csv;t_8b2f04db4903263f____c16_0____1__t_8b2f04db4903263f____c9_1____1_fair.csv;t_8b2f04db4903263f____c16_0____1__t_8b2f04db4903263f____c8_0____0_fair.csv;t_8b2f04db4903263f____c16_0____1__t_8b2f04db4903263f____c13_0____2_fair.csv;t_8b2f04db4903263f____c15_0____0__t_8b2f04db4903263f____c10_0____0_fair.csv;t_8b2f04db4903263f____c14_1____0.csv;t_8b2f04db4903263f____c15_1____1__t_8b2f04db4903263f____c10_0____0_fair.csv;t_8b2f04db4903263f____c15_1____2__t_8b2f04db4903263f____c9_1____1_fair.csv;t_8b2f04db4903263f____c15_1____2__t_8b2f04db4903263f____c18_1____2_fair.csv;t_8b2f04db4903263f____c15_0____2.csv;t_8b2f04db4903263f____c15_1____1__t_8b2f04db4903263f____c9_1____1_fair.csv;t_8b2f04db4903263f____c15_1____1__t_8b2f04db4903263f____c13_0____2_fair.csv;t_8b2f04db4903263f____c14_1____0__t_8b2f04db4903263f____c8_0____0_fair.csv;t_8b2f04db4903263f____c14_1____0__t_8b2f04db4903263f____c10_0____0_fair.csv;t_8b2f04db4903263f____c11_0____0__t_8b2f04db4903263f____c18_1____2_fair.csv,{}
tusLarge3,starmie,t_8b2f04db4903263f____c9_1____1_fair.csv,5,539,100,5,False,0.0801,1.0,0.00927643784786642,0.00927643784786642,41.66140979528427,41.66140979528427,t_8b2f04db4903263f____c9_1____0__t_8b2f04db4903263f____c9_1____1_fair.csv;t_8b2f04db4903263f____c9_1____0__t_8b2f04db4903263f____c8_0____0_fair.csv;t_8b2f04db4903263f____c9_1____0__t_8b2f04db4903263f____c10_0____0_fair.csv;t_8b2f04db4903263f____c9_1____0__t_8b2f04db4903263f____c13_0____2_fair.csv;t_8b2f04db4903263f____c9_1____0.csv,{}
tusLarge3,starmie,t_8b2f04db4903263f____c9_1____1_fair.csv,10,539,100,10,False,0.0544,1.0,0.01855287569573284,0.01855287569573284,82.27030354738235,82.27030354738235,t_8b2f04db4903263f____c9_1____0__t_8b2f04db4903263f____c9_1____1_fair.csv;t_8b2f04db4903263f____c9_1____0__t_8b2f04db4903263f____c8_0____0_fair.csv;t_8b2f04db4903263f____c9_1____0__t_8b2f04db4903263f____c10_0____0_fair.csv;t_8b2f04db4903263f____c9_1____0__t_8b2f04db4903263f____c13_0____2_fair.csv;t_8b2f04db4903263f____c9_1____0.csv;t_8b2f04db4903263f____c12_0____0__t_8b2f04db4903263f____c8_0____0_fair.csv;t_8b2f04db4903263f____c12_0____0__t_8b2f04db4903263f____c13_0____2_fair.csv;t_8b2f04db4903263f____c12_0____0__t_8b2f04db4903263f____c10_0____0_fair.csv;t_8b2f04db4903263f____c12_0____0.csv;t_8b2f04db4903263f____c12_0____1__t_8b2f04db4903263f____c8_0____0_fair.csv,{}
tusLarge3,starmie,t_8b2f04db4903263f____c9_1____1_fair.csv,20,539,100,20,False,0.0731,1.0,0.03710575139146568,0.03710575139146568,162.90254139900208,162.90254139900208,t_8b2f04db4903263f____c9_1____0__t_8b2f04db4903263f____c9_1____1_fair.csv;t_8b2f04db4903263f____c9_1____0__t_8b2f04db4903263f____c8_0____0_fair.csv;t_8b2f04db4903263f____c9_1____0__t_8b2f04db4903263f____c10_0____0_fair.csv;t_8b2f04db4903263f____c9_1____0__t_8b2f04db4903263f____c13_0____2_fair.csv;t_8b2f04db4903263f____c9_1____0.csv;t_8b2f04db4903263f____c12_0____0__t_8b2f04db4903263f____c8_0____0_fair.csv;t_8b2f04db4903263f____c12_0____0__t_8b2f04db4903263f____c13_0____2_fair.csv;t_8b2f04db4903263f____c12_0____0__t_8b2f04db4903263f____c10_0____0_fair.csv;t_8b2f04db4903263f____c12_0____0.csv;t_8b2f04db4903263f____c12_0____1__t_8b2f04db4903263f____c8_0____0_fair.csv;t_8b2f04db4903263f____c12_0____1__t_8b2f04db4903263f____c13_0____2_fair.csv;t_8b2f04db4903263f____c12_0____1__t_8b2f04db4903263f____c18_1____2_fair.csv;t_8b2f04db4903263f____c12_0____0__t_8b2f04db4903263f____c9_1____1_fair.csv;t_8b2f04db4903263f____c10_0____3.csv;t_8b2f04db4903263f____c12_0____3.csv;t_8b2f04db4903263f____c12_0____1.csv;t_8b2f04db4903263f____c12_0____2.csv;t_8b2f04db4903263f____c12_0____4__t_8b2f04db4903263f____c8_0____0_fair.csv;t_8b2f04db4903263f____c12_0____4__t_8b2f04db4903263f____c13_0____2_fair.csv;t_8b2f04db4903263f____c12_0____3__t_8b2f04db4903263f____c9_1____1_fair.csv,{}
tusLarge3,starmie,t_356fc1eaad97f93b____c20_0____1_fair.csv,5,557,60,5,False,0.1656,1.0,0.008976660682226212,0.008976660682226212,98.03388953208923,98.03388953208923,t_356fc1eaad97f93b____c20_1____1__t_356fc1eaad97f93b____c20_0____1_fair.csv;t_356fc1eaad97f93b____c20_1____1__t_356fc1eaad97f93b____c1_0____1_fair.csv;t_356fc1eaad97f93b____c20_1____1__t_356fc1eaad97f93b____c18_1____2_fair.csv;t_356fc1eaad97f93b____c20_1____1__t_356fc1eaad97f93b____c14_1____2_fair.csv;t_356fc1eaad97f93b____c20_1____1__t_356fc1eaad97f93b____c13_1____2_fair.csv,{}
tusLarge3,starmie,t_356fc1eaad97f93b____c20_0____1_fair.csv,10,557,60,10,False,0.1351,1.0,0.017953321364452424,0.017953321364452424,194.76303231716156,194.76303231716156,t_356fc1eaad97f93b____c20_1____1__t_356fc1eaad97f93b____c20_0____1_fair.csv;t_356fc1eaad97f93b____c20_1____1__t_356fc1eaad97f93b____c1_0____1_fair.csv;t_356fc1eaad97f93b____c20_1____1__t_356fc1eaad97f93b____c18_1____2_fair.csv;t_356fc1eaad97f93b____c20_1____1__t_356fc1eaad97f93b____c14_1____2_fair.csv;t_356fc1eaad97f93b____c20_1____1__t_356fc1eaad97f93b____c13_1____2_fair.csv;t_356fc1eaad97f93b____c20_1____1.csv;t_356fc1eaad97f93b____c20_1____1__t_356fc1eaad97f93b____c3_0____2_fair.csv;t_356fc1eaad97f93b____c21_1____1.csv;t_356fc1eaad97f93b____c21_1____1__t_356fc1eaad97f93b____c20_0____1_fair.csv;t_356fc1eaad97f93b____c21_1____1__t_356fc1eaad97f93b____c1_0____1_fair.csv,{}
tusLarge3,starmie,t_356fc1eaad97f93b____c20_0____1_fair.csv,20,557,60,20,False,0.1445,1.0,0.03590664272890485,0.03590664272890485,384.147438287735,384.147438287735,t_356fc1eaad97f93b____c20_1____1__t_356fc1eaad97f93b____c20_0____1_fair.csv;t_356fc1eaad97f93b____c20_1____1__t_356fc1eaad97f93b____c1_0____1_fair.csv;t_356fc1eaad97f93b____c20_1____1__t_356fc1eaad97f93b____c18_1____2_fair.csv;t_356fc1eaad97f93b____c20_1____1__t_356fc1eaad97f93b____c14_1____2_fair.csv;t_356fc1eaad97f93b____c20_1____1__t_356fc1eaad97f93b____c13_1____2_fair.csv;t_356fc1eaad97f93b____c20_1____1.csv;t_356fc1eaad97f93b____c20_1____1__t_356fc1eaad97f93b____c3_0____2_fair.csv;t_356fc1eaad97f93b____c21_1____1.csv;t_356fc1eaad97f93b____c21_1____1__t_356fc1eaad97f93b____c20_0____1_fair.csv;t_356fc1eaad97f93b____c21_1____1__t_356fc1eaad97f93b____c1_0____1_fair.csv;t_356fc1eaad97f93b____c21_1____1__t_356fc1eaad97f93b____c18_1____2_fair.csv;t_356fc1eaad97f93b____c21_1____1__t_356fc1eaad97f93b____c14_1____2_fair.csv;t_356fc1eaad97f93b____c21_0____1.csv;t_356fc1eaad97f93b____c21_0____1__t_356fc1eaad97f93b____c20_0____1_fair.csv;t_356fc1eaad97f93b____c21_0____1__t_356fc1eaad97f93b____c1_0____1_fair.csv;t_356fc1eaad97f93b____c21_0____1__t_356fc1eaad97f93b____c18_1____2_fair.csv;t_356fc1eaad97f93b____c21_0____1__t_356fc1eaad97f93b____c14_1____2_fair.csv;t_356fc1eaad97f93b____c21_0____1__t_356fc1eaad97f93b____c13_1____2_fair.csv;t_356fc1eaad97f93b____c21_1____1__t_356fc1eaad97f93b____c3_0____2_fair.csv;t_356fc1eaad97f93b____c20_1____4__t_356fc1eaad97f93b____c20_0____1_fair.csv,{}
tusLarge3,starmie,t_6c551d740feb0608____c16_0____1_fair.csv,5,297,74,5,False,0.221,1.0,0.016835016835016835,0.016835016835016835,77.66086661815643,77.66086661815643,t_6c551d740feb0608____c16_1____1__t_6c551d740feb0608____c9_0____3_fair.csv;t_6c551d740feb0608____c16_1____1__t_6c551d740feb0608____c5_1____1_fair.csv;t_6c551d740feb0608____c16_1____1__t_6c551d740feb0608____c16_0____1_fair.csv;t_6c551d740feb0608____c16_1____1__t_6c551d740feb0608____c10_0____2_fair.csv;t_6c551d740feb0608____c16_1____4__t_6c551d740feb0608____c16_0____1_fair.csv,{}
tusLarge3,starmie,t_6c551d740feb0608____c16_0____1_fair.csv,10,297,74,10,False,0.1683,1.0,0.03367003367003367,0.03367003367003367,154.69903337955475,154.69903337955475,t_6c551d740feb0608____c16_1____1__t_6c551d740feb0608____c9_0____3_fair.csv;t_6c551d740feb0608____c16_1____1__t_6c551d740feb0608____c5_1____1_fair.csv;t_6c551d740feb0608____c16_1____1__t_6c551d740feb0608____c16_0____1_fair.csv;t_6c551d740feb0608____c16_1____1__t_6c551d740feb0608____c10_0____2_fair.csv;t_6c551d740feb0608____c16_1____4__t_6c551d740feb0608____c16_0____1_fair.csv;t_6c551d740feb0608____c16_1____1.csv;t_6c551d740feb0608____c16_1____3__t_6c551d740feb0608____c9_0____3_fair.csv;t_6c551d740feb0608____c16_1____3__t_6c551d740feb0608____c5_1____1_fair.csv;t_6c551d740feb0608____c16_1____3__t_6c551d740feb0608____c16_0____1_fair.csv;t_6c551d740feb0608____c16_1____3__t_6c551d740feb0608____c10_0____2_fair.csv,{}
tusLarge3,starmie,t_6c551d740feb0608____c16_0____1_fair.csv,20,297,74,20,False,0.154,1.0,0.06734006734006734,0.06734006734006734,308.0311959385872,308.0311959385872,t_6c551d740feb0608____c16_1____1__t_6c551d740feb0608____c9_0____3_fair.csv;t_6c551d740feb0608____c16_1____1__t_6c551d740feb0608____c5_1____1_fair.csv;t_6c551d740feb0608____c16_1____1__t_6c551d740feb0608____c16_0____1_fair.csv;t_6c551d740feb0608____c16_1____1__t_6c551d740feb0608____c10_0____2_fair.csv;t_6c551d740feb0608____c16_1____4__t_6c551d740feb0608____c16_0____1_fair.csv;t_6c551d740feb0608____c16_1____1.csv;t_6c551d740feb0608____c16_1____3__t_6c551d740feb0608____c9_0____3_fair.csv;t_6c551d740feb0608____c16_1____3__t_6c551d740feb0608____c5_1____1_fair.csv;t_6c551d740feb0608____c16_1____3__t_6c551d740feb0608____c16_0____1_fair.csv;t_6c551d740feb0608____c16_1____3__t_6c551d740feb0608____c10_0____2_fair.csv;t_6c551d740feb0608____c16_0____0__t_6c551d740feb0608____c9_0____3_fair.csv;t_6c551d740feb0608____c16_0____0__t_6c551d740feb0608____c5_1____1_fair.csv;t_6c551d740feb0608____c16_0____0__t_6c551d740feb0608____c16_0____1_fair.csv;t_6c551d740feb0608____c16_0____0__t_6c551d740feb0608____c10_0____2_fair.csv;t_6c551d740feb0608____c16_0____4__t_6c551d740feb0608____c16_0____1_fair.csv;t_6c551d740feb0608____c16_0____3__t_6c551d740feb0608____c9_0____3_fair.csv;t_6c551d740feb0608____c16_0____3__t_6c551d740feb0608____c5_1____1_fair.csv;t_6c551d740feb0608____c16_0____3__t_6c551d740feb0608____c16_0____1_fair.csv;t_6c551d740feb0608____c16_0____3__t_6c551d740feb0608____c10_0____2_fair.csv;t_6c551d740feb0608____c16_1____4__t_6c551d740feb0608____c9_0____3_fair.csv,{}
tusLarge3,starmie,t_8b2f04db4903263f____c13_0____2_fair.csv,5,502,76,5,False,0.0909,0.8,0.00796812749003984,0.0099601593625498,57.96046018600464,57.96046018600464,t_8b2f04db4903263f____c13_0____3.csv;t_8b2f04db4903263f____c14_1____2__t_8b2f04db4903263f____c10_0____0_fair.csv;t_8b2f04db4903263f____c14_1____2__t_8b2f04db4903263f____c9_1____1_fair.csv;t_8b2f04db4903263f____c15_1____4__t_8b2f04db4903263f____c9_1____1_fair.csv;t_8b2f04db4903263f____c13_1____4.csv,{}
tusLarge3,starmie,t_8b2f04db4903263f____c13_0____2_fair.csv,10,502,76,10,False,0.1422,0.8,0.01593625498007968,0.0199203187250996,114.85516673326492,114.85516673326492,t_8b2f04db4903263f____c13_0____3.csv;t_8b2f04db4903263f____c14_1____2__t_8b2f04db4903263f____c10_0____0_fair.csv;t_8b2f04db4903263f____c14_1____2__t_8b2f04db4903263f____c9_1____1_fair.csv;t_8b2f04db4903263f____c15_1____4__t_8b2f04db4903263f____c9_1____1_fair.csv;t_8b2f04db4903263f____c13_1____4.csv;t_8b2f04db4903263f____c16_0____4__t_8b2f04db4903263f____c13_0____2_fair.csv;t_8b2f04db4903263f____c14_1____3__t_8b2f04db4903263f____c13_0____2_fair.csv;t_8b2f04db4903263f____c13_0____1__t_8b2f04db4903263f____c13_0____2_fair.csv;t_8b2f04db4903263f____c16_0____4__t_8b2f04db4903263f____c8_0____0_fair.csv;t_8b2f04db4903263f____c13_1____2.csv,{}
tusLarge3,starmie,t_8b2f04db4903263f____c13_0____2_fair.csv,20,502,76,20,False,0.096,0.85,0.03386454183266932,0.0398406374501992,227.45396453142166,227.45396453142166,t_8b2f04db4903263f____c13_0____3.csv;t_8b2f04db4903263f____c14_1____2__t_8b2f04db4903263f____c10_0____0_fair.csv;t_8b2f04db4903263f____c14_1____2__t_8b2f04db4903263f____c9_1____1_fair.csv;t_8b2f04db4903263f____c15_1____4__t_8b2f04db4903263f____c9_1____1_fair.csv;t_8b2f04db4903263f____c13_1____4.csv;t_8b2f04db4903263f____c16_0____4__t_8b2f04db4903263f____c13_0____2_fair.csv;t_8b2f04db4903263f____c14_1____3__t_8b2f04db4903263f____c13_0____2_fair.csv;t_8b2f04db4903263f____c13_0____1__t_8b2f04db4903263f____c13_0____2_fair.csv;t_8b2f04db4903263f____c16_0____4__t_8b2f04db4903263f____c8_0____0_fair.csv;t_8b2f04db4903263f____c13_1____2.csv;t_8b2f04db4903263f____c16_0____4__t_8b2f04db4903263f____c10_0____0_fair.csv;t_8b2f04db4903263f____c14_1____2__t_8b2f04db4903263f____c8_0____0_fair.csv;t_8b2f04db4903263f____c14_1____2__t_8b2f04db4903263f____c13_0____2_fair.csv;t_8b2f04db4903263f____c14_0____2__t_8b2f04db4903263f____c8_0____0_fair.csv;t_8b2f04db4903263f____c14_1____2__t_8b2f04db4903263f____c18_1____2_fair.csv;t_8b2f04db4903263f____c13_1____4__t_8b2f04db4903263f____c9_1____1_fair.csv;t_8b2f04db4903263f____c16_0____0__t_8b2f04db4903263f____c13_0____2_fair.csv;t_8b2f04db4903263f____c15_1____4.csv;t_8b2f04db4903263f____c16_0____3__t_8b2f04db4903263f____c10_0____0_fair.csv;t_8b2f04db4903263f____c13_0____3__t_8b2f04db4903263f____c13_0____2_fair.csv,{}
tusLarge3,starmie,t_8f2aacee00084d17____c10_1____2_fair.csv,5,349,83,5,False,0.1751,0.6,0.008595988538681949,0.014326647564469915,48.85238355398178,48.85238355398178,t_8f2aacee00084d17____c11_1____2.csv;t_8f2aacee00084d17____c10_1____4.csv;t_8f2aacee00084d17____c10_1____4__t_8f2aacee00084d17____c13_1____4_fair.csv;t_8f2aacee00084d17____c10_1____4__t_8f2aacee00084d17____c10_1____2_fair.csv;t_8f2aacee00084d17____c11_1____2__t_8f2aacee00084d17____c13_1____4_fair.csv,{}
tusLarge3,starmie,t_8f2aacee00084d17____c10_1____2_fair.csv,10,349,83,10,False,0.1426,0.8,0.022922636103151862,0.02865329512893983,96.83173459768295,96.83173459768295,t_8f2aacee00084d17____c11_1____2.csv;t_8f2aacee00084d17____c10_1____4.csv;t_8f2aacee00084d17____c10_1____4__t_8f2aacee00084d17____c13_1____4_fair.csv;t_8f2aacee00084d17____c10_1____4__t_8f2aacee00084d17____c10_1____2_fair.csv;t_8f2aacee00084d17____c11_1____2__t_8f2aacee00084d17____c13_1____4_fair.csv;t_8f2aacee00084d17____c10_1____3.csv;t_8f2aacee00084d17____c13_1____2.csv;t_8f2aacee00084d17____c10_1____3__t_8f2aacee00084d17____c13_1____4_fair.csv;t_8f2aacee00084d17____c10_1____3__t_8f2aacee00084d17____c10_1____2_fair.csv;t_8f2aacee00084d17____c13_1____2__t_8f2aacee00084d17____c13_1____4_fair.csv,{}
tusLarge3,starmie,t_8f2aacee00084d17____c10_1____2_fair.csv,20,349,83,20,False,0.0686,0.9,0.05157593123209169,0.05730659025787966,191.9401696920395,191.9401696920395,t_8f2aacee00084d17____c11_1____2.csv;t_8f2aacee00084d17____c10_1____4.csv;t_8f2aacee00084d17____c10_1____4__t_8f2aacee00084d17____c13_1____4_fair.csv;t_8f2aacee00084d17____c10_1____4__t_8f2aacee00084d17____c10_1____2_fair.csv;t_8f2aacee00084d17____c11_1____2__t_8f2aacee00084d17____c13_1____4_fair.csv;t_8f2aacee00084d17____c10_1____3.csv;t_8f2aacee00084d17____c13_1____2.csv;t_8f2aacee00084d17____c10_1____3__t_8f2aacee00084d17____c13_1____4_fair.csv;t_8f2aacee00084d17____c10_1____3__t_8f2aacee00084d17____c10_1____2_fair.csv;t_8f2aacee00084d17____c13_1____2__t_8f2aacee00084d17____c13_1____4_fair.csv;t_8f2aacee00084d17____c13_1____2__t_8f2aacee00084d17____c10_1____2_fair.csv;t_8f2aacee00084d17____c15_0____4__t_8f2aacee00084d17____c13_1____4_fair.csv;t_8f2aacee00084d17____c15_0____4__t_8f2aacee00084d17____c11_0____4_fair.csv;t_8f2aacee00084d17____c15_0____4__t_8f2aacee00084d17____c10_1____2_fair.csv;t_8f2aacee00084d17____c15_0____4__t_8f2aacee00084d17____c16_1____1_fair.csv;t_8f2aacee00084d17____c10_1____0__t_8f2aacee00084d17____c13_1____4_fair.csv;t_8f2aacee00084d17____c16_1____4__t_8f2aacee00084d17____c16_1____1_fair.csv;t_8f2aacee00084d17____c16_1____4__t_8f2aacee00084d17____c13_1____4_fair.csv;t_8f2aacee00084d17____c16_1____4__t_8f2aacee00084d17____c11_0____4_fair.csv;t_8f2aacee00084d17____c16_1____4__t_8f2aacee00084d17____c10_1____2_fair.csv,{}
tusLarge3,starmie,t_8f2aacee00084d17____c11_0____4_fair.csv,5,371,80,5,False,0.1603,1.0,0.013477088948787063,0.013477088948787063,53.38998866081238,53.38998866081238,t_8f2aacee00084d17____c11_0____2.csv;t_8f2aacee00084d17____c11_0____0__t_8f2aacee00084d17____c13_1____4_fair.csv;t_8f2aacee00084d17____c15_0____4__t_8f2aacee00084d17____c16_1____1_fair.csv;t_8f2aacee00084d17____c11_0____0__t_8f2aacee00084d17____c11_0____4_fair.csv;t_8f2aacee00084d17____c15_0____4__t_8f2aacee00084d17____c13_1____4_fair.csv,{}
tusLarge3,starmie,t_8f2aacee00084d17____c11_0____4_fair.csv,10,371,80,10,False,0.1226,0.9,0.02425876010781671,0.026954177897574125,106.53079962730408,106.53079962730408,t_8f2aacee00084d17____c11_0____2.csv;t_8f2aacee00084d17____c11_0____0__t_8f2aacee00084d17____c13_1____4_fair.csv;t_8f2aacee00084d17____c15_0____4__t_8f2aacee00084d17____c16_1____1_fair.csv;t_8f2aacee00084d17____c11_0____0__t_8f2aacee00084d17____c11_0____4_fair.csv;t_8f2aacee00084d17____c15_0____4__t_8f2aacee00084d17____c13_1____4_fair.csv;t_8f2aacee00084d17____c15_0____4__t_8f2aacee00084d17____c11_0____4_fair.csv;t_8f2aacee00084d17____c11_0____2__t_8f2aacee00084d17____c16_1____1_fair.csv;t_8f2aacee00084d17____c11_0____2__t_8f2aacee00084d17____c13_1____4_fair.csv;t_8f2aacee00084d17____c11_0____2__t_8f2aacee00084d17____c11_0____4_fair.csv;t_8f2aacee00084d17____c13_1____2__t_8f2aacee00084d17____c13_1____4_fair.csv,{}
tusLarge3,starmie,t_8f2aacee00084d17____c11_0____4_fair.csv,20,371,80,20,False,0.064,0.85,0.04582210242587601,0.05390835579514825,212.3123778104782,212.3123778104782,t_8f2aacee00084d17____c11_0____2.csv;t_8f2aacee00084d17____c11_0____0__t_8f2aacee00084d17____c13_1____4_fair.csv;t_8f2aacee00084d17____c15_0____4__t_8f2aacee00084d17____c16_1____1_fair.csv;t_8f2aacee00084d17____c11_0____0__t_8f2aacee00084d17____c11_0____4_fair.csv;t_8f2aacee00084d17____c15_0____4__t_8f2aacee00084d17____c13_1____4_fair.csv;t_8f2aacee00084d17____c15_0____4__t_8f2aacee00084d17____c11_0____4_fair.csv;t_8f2aacee00084d17____c11_0____2__t_8f2aacee00084d17____c16_1____1_fair.csv;t_8f2aacee00084d17____c11_0____2__t_8f2aacee00084d17____c13_1____4_fair.csv;t_8f2aacee00084d17____c11_0____2__t_8f2aacee00084d17____c11_0____4_fair.csv;t_8f2aacee00084d17____c13_1____2__t_8f2aacee00084d17____c13_1____4_fair.csv;t_8f2aacee00084d17____c13_1____2__t_8f2aacee00084d17____c10_1____2_fair.csv;t_8f2aacee00084d17____c17_0____4__t_8f2aacee00084d17____c16_1____1_fair.csv;t_8f2aacee00084d17____c15_0____0__t_8f2aacee00084d17____c13_1____4_fair.csv;t_8f2aacee00084d17____c17_0____4__t_8f2aacee00084d17____c11_0____4_fair.csv;t_8f2aacee00084d17____c17_0____4__t_8f2aacee00084d17____c10_1____2_fair.csv;t_8f2aacee00084d17____c12_1____4__t_8f2aacee00084d17____c11_0____4_fair.csv;t_8f2aacee00084d17____c12_1____4__t_8f2aacee00084d17____c16_1____1_fair.csv;t_8f2aacee00084d17____c11_1____2.csv;t_8f2aacee00084d17____c11_0____0__t_8f2aacee00084d17____c16_1____1_fair.csv;t_8f2aacee00084d17____c15_0____0__t_8f2aacee00084d17____c11_0____4_fair.csv,{}
tusLarge3,starmie,t_8e2f57ee5e3e4821____c14_1____3_fair.csv,5,174,84,5,False,0.1491,1.0,0.028735632183908046,0.028735632183908046,67.05374383926392,67.05374383926392,t_8e2f57ee5e3e4821____c15_0____3.csv;t_8e2f57ee5e3e4821____c15_0____3__t_8e2f57ee5e3e4821____c15_0____0_fair.csv;t_8e2f57ee5e3e4821____c15_0____3__t_8e2f57ee5e3e4821____c14_1____3_fair.csv;t_8e2f57ee5e3e4821____c14_0____3__t_8e2f57ee5e3e4821____c15_0____0_fair.csv;t_8e2f57ee5e3e4821____c14_0____3__t_8e2f57ee5e3e4821____c14_1____3_fair.csv,{}
tusLarge3,starmie,t_8e2f57ee5e3e4821____c14_1____3_fair.csv,10,174,84,10,False,0.0871,1.0,0.05747126436781609,0.05747126436781609,131.48864644765854,131.48864644765854,t_8e2f57ee5e3e4821____c15_0____3.csv;t_8e2f57ee5e3e4821____c15_0____3__t_8e2f57ee5e3e4821____c15_0____0_fair.csv;t_8e2f57ee5e3e4821____c15_0____3__t_8e2f57ee5e3e4821____c14_1____3_fair.csv;t_8e2f57ee5e3e4821____c14_0____3__t_8e2f57ee5e3e4821____c15_0____0_fair.csv;t_8e2f57ee5e3e4821____c14_0____3__t_8e2f57ee5e3e4821____c14_1____3_fair.csv;t_8e2f57ee5e3e4821____c14_0____3.csv;t_8e2f57ee5e3e4821____c13_1____3.csv;t_8e2f57ee5e3e4821____c14_0____2__t_8e2f57ee5e3e4821____c15_0____0_fair.csv;t_8e2f57ee5e3e4821____c14_0____2__t_8e2f57ee5e3e4821____c14_1____3_fair.csv;t_8e2f57ee5e3e4821____c13_1____3__t_8e2f57ee5e3e4821____c15_0____0_fair.csv,{}
tusLarge3,starmie,t_8e2f57ee5e3e4821____c14_1____3_fair.csv,20,174,84,20,False,0.0916,1.0,0.11494252873563218,0.11494252873563218,259.48645144701004,259.48645144701004,t_8e2f57ee5e3e4821____c15_0____3.csv;t_8e2f57ee5e3e4821____c15_0____3__t_8e2f57ee5e3e4821____c15_0____0_fair.csv;t_8e2f57ee5e3e4821____c15_0____3__t_8e2f57ee5e3e4821____c14_1____3_fair.csv;t_8e2f57ee5e3e4821____c14_0____3__t_8e2f57ee5e3e4821____c15_0____0_fair.csv;t_8e2f57ee5e3e4821____c14_0____3__t_8e2f57ee5e3e4821____c14_1____3_fair.csv;t_8e2f57ee5e3e4821____c14_0____3.csv;t_8e2f57ee5e3e4821____c13_1____3.csv;t_8e2f57ee5e3e4821____c14_0____2__t_8e2f57ee5e3e4821____c15_0____0_fair.csv;t_8e2f57ee5e3e4821____c14_0____2__t_8e2f57ee5e3e4821____c14_1____3_fair.csv;t_8e2f57ee5e3e4821____c13_1____3__t_8e2f57ee5e3e4821____c15_0____0_fair.csv;t_8e2f57ee5e3e4821____c13_1____3__t_8e2f57ee5e3e4821____c14_1____3_fair.csv;t_8e2f57ee5e3e4821____c14_0____2.csv;t_8e2f57ee5e3e4821____c14_1____4__t_8e2f57ee5e3e4821____c15_0____0_fair.csv;t_8e2f57ee5e3e4821____c14_1____4__t_8e2f57ee5e3e4821____c14_1____3_fair.csv;t_8e2f57ee5e3e4821____c14_0____0.csv;t_8e2f57ee5e3e4821____c14_1____4.csv;t_8e2f57ee5e3e4821____c14_0____0__t_8e2f57ee5e3e4821____c15_0____0_fair.csv;t_8e2f57ee5e3e4821____c14_0____0__t_8e2f57ee5e3e4821____c14_1____3_fair.csv;t_8e2f57ee5e3e4821____c15_0____4__t_8e2f57ee5e3e4821____c15_0____0_fair.csv;t_8e2f57ee5e3e4821____c15_0____4__t_8e2f57ee5e3e4821____c14_1____3_fair.csv,{}
tusLarge3,starmie,t_8f2aacee00084d17____c13_1____4_fair.csv,5,335,83,5,False,0.1624,0.6,0.008955223880597015,0.014925373134328358,63.113626420497894,63.113626420497894,t_8f2aacee00084d17____c13_1____1.csv;t_8f2aacee00084d17____c13_1____1__t_8f2aacee00084d17____c13_1____4_fair.csv;t_8f2aacee00084d17____c13_1____1__t_8f2aacee00084d17____c10_1____2_fair.csv;t_8f2aacee00084d17____c15_1____4__t_8f2aacee00084d17____c16_1____1_fair.csv;t_8f2aacee00084d17____c15_1____4__t_8f2aacee00084d17____c11_0____4_fair.csv,{}
tusLarge3,starmie,t_8f2aacee00084d17____c13_1____4_fair.csv,10,335,83,10,False,0.1328,0.6,0.01791044776119403,0.029850746268656716,125.35021507740021,125.35021507740021,t_8f2aacee00084d17____c13_1____1.csv;t_8f2aacee00084d17____c13_1____1__t_8f2aacee00084d17____c13_1____4_fair.csv;t_8f2aacee00084d17____c13_1____1__t_8f2aacee00084d17____c10_1____2_fair.csv;t_8f2aacee00084d17____c15_1____4__t_8f2aacee00084d17____c16_1____1_fair.csv;t_8f2aacee00084d17____c15_1____4__t_8f2aacee00084d17____c11_0____4_fair.csv;t_8f2aacee00084d17____c15_1____4__t_8f2aacee00084d17____c10_1____2_fair.csv;t_8f2aacee00084d17____c15_1____4.csv;t_8f2aacee00084d17____c15_0____3__t_8f2aacee00084d17____c10_1____2_fair.csv;t_8f2aacee00084d17____c14_0____1__t_8f2aacee00084d17____c16_1____1_fair.csv;t_8f2aacee00084d17____c14_0____1__t_8f2aacee00084d17____c13_1____4_fair.csv,{}
tusLarge3,starmie,t_8f2aacee00084d17____c13_1____4_fair.csv,20,335,83,20,False,0.0723,0.7,0.041791044776119404,0.05970149253731343,248.78163892030716,248.78163892030716,t_8f2aacee00084d17____c13_1____1.csv;t_8f2aacee00084d17____c13_1____1__t_8f2aacee00084d17____c13_1____4_fair.csv;t_8f2aacee00084d17____c13_1____1__t_8f2aacee00084d17____c10_1____2_fair.csv;t_8f2aacee00084d17____c15_1____4__t_8f2aacee00084d17____c16_1____1_fair.csv;t_8f2aacee00084d17____c15_1____4__t_8f2aacee00084d17____c11_0____4_fair.csv;t_8f2aacee00084d17____c15_1____4__t_8f2aacee00084d17____c10_1____2_fair.csv;t_8f2aacee00084d17____c15_1____4.csv;t_8f2aacee00084d17____c15_0____3__t_8f2aacee00084d17____c10_1____2_fair.csv;t_8f2aacee00084d17____c14_0____1__t_8f2aacee00084d17____c16_1____1_fair.csv;t_8f2aacee00084d17____c14_0____1__t_8f2aacee00084d17____c13_1____4_fair.csv;t_8f2aacee00084d17____c14_0____1__t_8f2aacee00084d17____c11_0____4_fair.csv;t_8f2aacee00084d17____c13_0____1__t_8f2aacee00084d17____c16_1____1_fair.csv;t_8f2aacee00084d17____c13_0____1__t_8f2aacee00084d17____c13_1____4_fair.csv;t_8f2aacee00084d17____c13_0____1__t_8f2aacee00084d17____c11_0____4_fair.csv;t_8f2aacee00084d17____c13_0____1.csv;t_8f2aacee00084d17____c14_0____1.csv;t_8f2aacee00084d17____c14_1____4__t_8f2aacee00084d17____c11_0____4_fair.csv;t_8f2aacee00084d17____c15_0____3__t_8f2aacee00084d17____c16_1____1_fair.csv;t_8f2aacee00084d17____c16_0____1.csv;t_8f2aacee00084d17____c17_1____1__t_8f2aacee00084d17____c16_1____1_fair.csv,{}
tusLarge3,starmie,t_93f3d6f7fc6aa6ff____c6_1____1_fair.csv,5,344,165,5,False,0.2615,1.0,0.014534883720930232,0.014534883720930232,27.691671073436737,27.691671073436737,t_93f3d6f7fc6aa6ff____c6_1____3.csv;t_93f3d6f7fc6aa6ff____c6_1____3__t_93f3d6f7fc6aa6ff____c6_1____1_fair.csv;t_93f3d6f7fc6aa6ff____c6_1____0.csv;t_93f3d6f7fc6aa6ff____c6_1____0__t_93f3d6f7fc6aa6ff____c6_1____1_fair.csv;t_93f3d6f7fc6aa6ff____c6_1____4.csv,{}
tusLarge3,starmie,t_93f3d6f7fc6aa6ff____c6_1____1_fair.csv,10,344,165,10,False,0.1851,0.7,0.020348837209302327,0.029069767441860465,53.42919969558716,53.42919969558716,t_93f3d6f7fc6aa6ff____c6_1____3.csv;t_93f3d6f7fc6aa6ff____c6_1____3__t_93f3d6f7fc6aa6ff____c6_1____1_fair.csv;t_93f3d6f7fc6aa6ff____c6_1____0.csv;t_93f3d6f7fc6aa6ff____c6_1____0__t_93f3d6f7fc6aa6ff____c6_1____1_fair.csv;t_93f3d6f7fc6aa6ff____c6_1____4.csv;t_93f3d6f7fc6aa6ff____c6_1____2.csv;t_93f3d6f7fc6aa6ff____c6_1____4__t_93f3d6f7fc6aa6ff____c6_1____1_fair.csv;t_28dc8f7610402ea7____c6_0____1.csv;t_93f3d6f7fc6aa6ff____c6_0____3__t_93f3d6f7fc6aa6ff____c18_0____4_fair.csv;t_93f3d6f7fc6aa6ff____c6_0____3__t_93f3d6f7fc6aa6ff____c12_1____0_fair.csv,{}
tusLarge3,starmie,t_93f3d6f7fc6aa6ff____c6_1____1_fair.csv,20,344,165,20,False,0.136,0.4,0.023255813953488372,0.05813953488372093,103.78180634975433,103.78180634975433,t_93f3d6f7fc6aa6ff____c6_1____3.csv;t_93f3d6f7fc6aa6ff____c6_1____3__t_93f3d6f7fc6aa6ff____c6_1____1_fair.csv;t_93f3d6f7fc6aa6ff____c6_1____0.csv;t_93f3d6f7fc6aa6ff____c6_1____0__t_93f3d6f7fc6aa6ff____c6_1____1_fair.csv;t_93f3d6f7fc6aa6ff____c6_1____4.csv;t_93f3d6f7fc6aa6ff____c6_1____2.csv;t_93f3d6f7fc6aa6ff____c6_1____4__t_93f3d6f7fc6aa6ff____c6_1____1_fair.csv;t_28dc8f7610402ea7____c6_0____1.csv;t_93f3d6f7fc6aa6ff____c6_0____3__t_93f3d6f7fc6aa6ff____c18_0____4_fair.csv;t_93f3d6f7fc6aa6ff____c6_0____3__t_93f3d6f7fc6aa6ff____c12_1____0_fair.csv;t_28dc8f7610402ea7____c6_0____1__t_28dc8f7610402ea7____c9_0____0_fair.csv;t_28dc8f7610402ea7____c6_0____1__t_28dc8f7610402ea7____c3_0____3_fair.csv;t_93f3d6f7fc6aa6ff____c6_0____3.csv;t_28dc8f7610402ea7____c6_0____2__t_28dc8f7610402ea7____c9_0____0_fair.csv;t_28dc8f7610402ea7____c6_0____2__t_28dc8f7610402ea7____c3_0____3_fair.csv;t_28dc8f7610402ea7____c6_0____2.csv;t_93f3d6f7fc6aa6ff____c6_1____2__t_93f3d6f7fc6aa6ff____c6_1____1_fair.csv;t_93f3d6f7fc6aa6ff____c6_0____1.csv;t_28dc8f7610402ea7____c6_0____0.csv;t_67c3f7ce5eab8804____c10_1____1.csv,{}
tusLarge3,starmie,t_bd6030667b3d0d9a____c1_0____0_fair.csv,5,114,329,5,False,0.1905,0.6,0.02631578947368421,0.043859649122807015,4.449046552181244,4.449046552181244,t_014c2259cce4ab13____c2_0____3__t_014c2259cce4ab13____c27_0____4_fair.csv;t_f2bc7fb748586bfa____c1_1____4__t_f2bc7fb748586bfa____c19_1____0_fair.csv;t_bd6030667b3d0d9a____c2_0____2__t_bd6030667b3d0d9a____c5_0____4_fair.csv;t_bd6030667b3d0d9a____c2_0____2__t_bd6030667b3d0d9a____c1_0____1_fair.csv;t_bd6030667b3d0d9a____c2_0____2__t_bd6030667b3d0d9a____c1_0____0_fair.csv,{}
tusLarge3,starmie,t_bd6030667b3d0d9a____c1_0____0_fair.csv,10,114,329,10,False,0.1507,0.8,0.07017543859649122,0.08771929824561403,8.881342589855194,8.881342589855194,t_014c2259cce4ab13____c2_0____3__t_014c2259cce4ab13____c27_0____4_fair.csv;t_f2bc7fb748586bfa____c1_1____4__t_f2bc7fb748586bfa____c19_1____0_fair.csv;t_bd6030667b3d0d9a____c2_0____2__t_bd6030667b3d0d9a____c5_0____4_fair.csv;t_bd6030667b3d0d9a____c2_0____2__t_bd6030667b3d0d9a____c1_0____1_fair.csv;t_bd6030667b3d0d9a____c2_0____2__t_bd6030667b3d0d9a____c1_0____0_fair.csv;t_bd6030667b3d0d9a____c2_0____3__t_bd6030667b3d0d9a____c5_0____4_fair.csv;t_bd6030667b3d0d9a____c2_0____3__t_bd6030667b3d0d9a____c1_0____1_fair.csv;t_bd6030667b3d0d9a____c2_0____3__t_bd6030667b3d0d9a____c1_0____0_fair.csv;t_bd6030667b3d0d9a____c2_0____4__t_bd6030667b3d0d9a____c5_0____4_fair.csv;t_bd6030667b3d0d9a____c2_0____4__t_bd6030667b3d0d9a____c1_0____1_fair.csv,{}
tusLarge3,starmie,t_bd6030667b3d0d9a____c1_0____0_fair.csv,20,114,329,20,False,0.1418,0.7,0.12280701754385964,0.17543859649122806,17.640471816062927,17.640471816062927,t_014c2259cce4ab13____c2_0____3__t_014c2259cce4ab13____c27_0____4_fair.csv;t_f2bc7fb748586bfa____c1_1____4__t_f2bc7fb748586bfa____c19_1____0_fair.csv;t_bd6030667b3d0d9a____c2_0____2__t_bd6030667b3d0d9a____c5_0____4_fair.csv;t_bd6030667b3d0d9a____c2_0____2__t_bd6030667b3d0d9a____c1_0____1_fair.csv;t_bd6030667b3d0d9a____c2_0____2__t_bd6030667b3d0d9a____c1_0____0_fair.csv;t_bd6030667b3d0d9a____c2_0____3__t_bd6030667b3d0d9a____c5_0____4_fair.csv;t_bd6030667b3d0d9a____c2_0____3__t_bd6030667b3d0d9a____c1_0____1_fair.csv;t_bd6030667b3d0d9a____c2_0____3__t_bd6030667b3d0d9a____c1_0____0_fair.csv;t_bd6030667b3d0d9a____c2_0____4__t_bd6030667b3d0d9a____c5_0____4_fair.csv;t_bd6030667b3d0d9a____c2_0____4__t_bd6030667b3d0d9a____c1_0____1_fair.csv;t_bd6030667b3d0d9a____c2_0____4__t_bd6030667b3d0d9a____c1_0____0_fair.csv;t_014c2259cce4ab13____c2_0____0__t_014c2259cce4ab13____c27_0____4_fair.csv;t_bd6030667b3d0d9a____c1_0____2__t_bd6030667b3d0d9a____c1_0____1_fair.csv;t_bd6030667b3d0d9a____c2_0____0__t_bd6030667b3d0d9a____c5_0____4_fair.csv;t_bd6030667b3d0d9a____c2_0____0__t_bd6030667b3d0d9a____c1_0____1_fair.csv;t_bd6030667b3d0d9a____c2_0____0__t_bd6030667b3d0d9a____c1_0____0_fair.csv;t_6047be0d6255e98d____c2_0____0__t_6047be0d6255e98d____c2_0____2_fair.csv;t_bd6030667b3d0d9a____c1_0____2__t_bd6030667b3d0d9a____c1_0____0_fair.csv;t_6047be0d6255e98d____c2_0____0__t_6047be0d6255e98d____c6_1____1_fair.csv;t_6047be0d6255e98d____c2_0____3__t_6047be0d6255e98d____c2_0____2_fair.csv,{}
tusLarge3,starmie,t_93f3d6f7fc6aa6ff____c12_1____0_fair.csv,5,428,78,5,False,0.1691,1.0,0.011682242990654205,0.011682242990654205,55.85232502222061,55.85232502222061,t_93f3d6f7fc6aa6ff____c12_1____3__t_93f3d6f7fc6aa6ff____c6_1____1_fair.csv;t_93f3d6f7fc6aa6ff____c12_1____3__t_93f3d6f7fc6aa6ff____c18_0____4_fair.csv;t_93f3d6f7fc6aa6ff____c12_1____3__t_93f3d6f7fc6aa6ff____c12_1____0_fair.csv;t_93f3d6f7fc6aa6ff____c12_1____3.csv;t_93f3d6f7fc6aa6ff____c12_1____1.csv,{}
tusLarge3,starmie,t_93f3d6f7fc6aa6ff____c12_1____0_fair.csv,10,428,78,10,False,0.0863,1.0,0.02336448598130841,0.02336448598130841,110.92907440662384,110.92907440662384,t_93f3d6f7fc6aa6ff____c12_1____3__t_93f3d6f7fc6aa6ff____c6_1____1_fair.csv;t_93f3d6f7fc6aa6ff____c12_1____3__t_93f3d6f7fc6aa6ff____c18_0____4_fair.csv;t_93f3d6f7fc6aa6ff____c12_1____3__t_93f3d6f7fc6aa6ff____c12_1____0_fair.csv;t_93f3d6f7fc6aa6ff____c12_1____3.csv;t_93f3d6f7fc6aa6ff____c12_1____1.csv;t_93f3d6f7fc6aa6ff____c14_0____0__t_93f3d6f7fc6aa6ff____c6_1____1_fair.csv;t_93f3d6f7fc6aa6ff____c14_0____0__t_93f3d6f7fc6aa6ff____c18_0____4_fair.csv;t_93f3d6f7fc6aa6ff____c14_0____0__t_93f3d6f7fc6aa6ff____c12_1____0_fair.csv;t_93f3d6f7fc6aa6ff____c15_1____0__t_93f3d6f7fc6aa6ff____c6_1____1_fair.csv;t_93f3d6f7fc6aa6ff____c15_1____0__t_93f3d6f7fc6aa6ff____c18_0____4_fair.csv,{}
tusLarge3,starmie,t_93f3d6f7fc6aa6ff____c12_1____0_fair.csv,20,428,78,20,False,0.0705,1.0,0.04672897196261682,0.04672897196261682,219.3871082663536,219.3871082663536,t_93f3d6f7fc6aa6ff____c12_1____3__t_93f3d6f7fc6aa6ff____c6_1____1_fair.csv;t_93f3d6f7fc6aa6ff____c12_1____3__t_93f3d6f7fc6aa6ff____c18_0____4_fair.csv;t_93f3d6f7fc6aa6ff____c12_1____3__t_93f3d6f7fc6aa6ff____c12_1____0_fair.csv;t_93f3d6f7fc6aa6ff____c12_1____3.csv;t_93f3d6f7fc6aa6ff____c12_1____1.csv;t_93f3d6f7fc6aa6ff____c14_0____0__t_93f3d6f7fc6aa6ff____c6_1____1_fair.csv;t_93f3d6f7fc6aa6ff____c14_0____0__t_93f3d6f7fc6aa6ff____c18_0____4_fair.csv;t_93f3d6f7fc6aa6ff____c14_0____0__t_93f3d6f7fc6aa6ff____c12_1____0_fair.csv;t_93f3d6f7fc6aa6ff____c15_1____0__t_93f3d6f7fc6aa6ff____c6_1____1_fair.csv;t_93f3d6f7fc6aa6ff____c15_1____0__t_93f3d6f7fc6aa6ff____c18_0____4_fair.csv;t_93f3d6f7fc6aa6ff____c15_1____0__t_93f3d6f7fc6aa6ff____c12_1____0_fair.csv;t_93f3d6f7fc6aa6ff____c14_0____0.csv;t_93f3d6f7fc6aa6ff____c12_1____1__t_93f3d6f7fc6aa6ff____c6_1____1_fair.csv;t_93f3d6f7fc6aa6ff____c12_1____1__t_93f3d6f7fc6aa6ff____c18_0____4_fair.csv;t_93f3d6f7fc6aa6ff____c12_1____1__t_93f3d6f7fc6aa6ff____c12_1____0_fair.csv;t_93f3d6f7fc6aa6ff____c13_1____3.csv;t_93f3d6f7fc6aa6ff____c12_1____2__t_93f3d6f7fc6aa6ff____c6_1____1_fair.csv;t_93f3d6f7fc6aa6ff____c12_1____2__t_93f3d6f7fc6aa6ff____c18_0____4_fair.csv;t_93f3d6f7fc6aa6ff____c12_1____2__t_93f3d6f7fc6aa6ff____c12_1____0_fair.csv;t_93f3d6f7fc6aa6ff____c13_1____3__t_93f3d6f7fc6aa6ff____c6_1____1_fair.csv,{}
tusLarge3,starmie,t_bd6030667b3d0d9a____c1_0____1_fair.csv,5,114,274,5,False,0.2273,1.0,0.043859649122807015,0.043859649122807015,4.675641596317291,4.675641596317291,t_bd6030667b3d0d9a____c1_0____2__t_bd6030667b3d0d9a____c1_0____1_fair.csv;t_bd6030667b3d0d9a____c1_0____2__t_bd6030667b3d0d9a____c1_0____0_fair.csv;t_bd6030667b3d0d9a____c2_0____4__t_bd6030667b3d0d9a____c5_0____4_fair.csv;t_bd6030667b3d0d9a____c2_0____4__t_bd6030667b3d0d9a____c1_0____1_fair.csv;t_bd6030667b3d0d9a____c2_0____4__t_bd6030667b3d0d9a____c1_0____0_fair.csv,{}
tusLarge3,starmie,t_bd6030667b3d0d9a____c1_0____1_fair.csv,10,114,274,10,False,0.2138,1.0,0.08771929824561403,0.08771929824561403,9.263542234897614,9.263542234897614,t_bd6030667b3d0d9a____c1_0____2__t_bd6030667b3d0d9a____c1_0____1_fair.csv;t_bd6030667b3d0d9a____c1_0____2__t_bd6030667b3d0d9a____c1_0____0_fair.csv;t_bd6030667b3d0d9a____c2_0____4__t_bd6030667b3d0d9a____c5_0____4_fair.csv;t_bd6030667b3d0d9a____c2_0____4__t_bd6030667b3d0d9a____c1_0____1_fair.csv;t_bd6030667b3d0d9a____c2_0____4__t_bd6030667b3d0d9a____c1_0____0_fair.csv;t_bd6030667b3d0d9a____c2_0____3__t_bd6030667b3d0d9a____c5_0____4_fair.csv;t_bd6030667b3d0d9a____c2_0____3__t_bd6030667b3d0d9a____c1_0____1_fair.csv;t_bd6030667b3d0d9a____c2_0____3__t_bd6030667b3d0d9a____c1_0____0_fair.csv;t_bd6030667b3d0d9a____c2_0____2__t_bd6030667b3d0d9a____c5_0____4_fair.csv;t_bd6030667b3d0d9a____c2_0____2__t_bd6030667b3d0d9a____c1_0____1_fair.csv,{}
tusLarge3,starmie,t_bd6030667b3d0d9a____c1_0____1_fair.csv,20,114,274,20,False,0.1975,1.0,0.17543859649122806,0.17543859649122806,18.331356287002563,18.331356287002563,t_bd6030667b3d0d9a____c1_0____2__t_bd6030667b3d0d9a____c1_0____1_fair.csv;t_bd6030667b3d0d9a____c1_0____2__t_bd6030667b3d0d9a____c1_0____0_fair.csv;t_bd6030667b3d0d9a____c2_0____4__t_bd6030667b3d0d9a____c5_0____4_fair.csv;t_bd6030667b3d0d9a____c2_0____4__t_bd6030667b3d0d9a____c1_0____1_fair.csv;t_bd6030667b3d0d9a____c2_0____4__t_bd6030667b3d0d9a____c1_0____0_fair.csv;t_bd6030667b3d0d9a____c2_0____3__t_bd6030667b3d0d9a____c5_0____4_fair.csv;t_bd6030667b3d0d9a____c2_0____3__t_bd6030667b3d0d9a____c1_0____1_fair.csv;t_bd6030667b3d0d9a____c2_0____3__t_bd6030667b3d0d9a____c1_0____0_fair.csv;t_bd6030667b3d0d9a____c2_0____2__t_bd6030667b3d0d9a____c5_0____4_fair.csv;t_bd6030667b3d0d9a____c2_0____2__t_bd6030667b3d0d9a____c1_0____1_fair.csv;t_bd6030667b3d0d9a____c2_0____2__t_bd6030667b3d0d9a____c1_0____0_fair.csv;t_bd6030667b3d0d9a____c1_0____4__t_bd6030667b3d0d9a____c1_0____1_fair.csv;t_bd6030667b3d0d9a____c2_0____0__t_bd6030667b3d0d9a____c5_0____4_fair.csv;t_bd6030667b3d0d9a____c2_0____0__t_bd6030667b3d0d9a____c1_0____1_fair.csv;t_bd6030667b3d0d9a____c2_0____0__t_bd6030667b3d0d9a____c1_0____0_fair.csv;t_bd6030667b3d0d9a____c2_0____1__t_bd6030667b3d0d9a____c5_0____4_fair.csv;t_bd6030667b3d0d9a____c2_0____1__t_bd6030667b3d0d9a____c1_0____1_fair.csv;t_bd6030667b3d0d9a____c2_0____1__t_bd6030667b3d0d9a____c1_0____0_fair.csv;t_bd6030667b3d0d9a____c1_0____3__t_bd6030667b3d0d9a____c1_0____1_fair.csv;t_bd6030667b3d0d9a____c1_0____4__t_bd6030667b3d0d9a____c1_0____0_fair.csv,{}
tusLarge3,starmie,t_8e2f57ee5e3e4821____c15_0____0_fair.csv,5,174,87,5,False,0.1585,1.0,0.028735632183908046,0.028735632183908046,66.54215425252914,66.54215425252914,t_8e2f57ee5e3e4821____c15_0____2__t_8e2f57ee5e3e4821____c15_0____0_fair.csv;t_8e2f57ee5e3e4821____c15_0____2__t_8e2f57ee5e3e4821____c14_1____3_fair.csv;t_8e2f57ee5e3e4821____c15_0____2.csv;t_8e2f57ee5e3e4821____c15_0____1.csv;t_8e2f57ee5e3e4821____c15_0____1__t_8e2f57ee5e3e4821____c15_0____0_fair.csv,{}
tusLarge3,starmie,t_8e2f57ee5e3e4821____c15_0____0_fair.csv,10,174,87,10,False,0.1293,1.0,0.05747126436781609,0.05747126436781609,132.09138351678848,132.09138351678848,t_8e2f57ee5e3e4821____c15_0____2__t_8e2f57ee5e3e4821____c15_0____0_fair.csv;t_8e2f57ee5e3e4821____c15_0____2__t_8e2f57ee5e3e4821____c14_1____3_fair.csv;t_8e2f57ee5e3e4821____c15_0____2.csv;t_8e2f57ee5e3e4821____c15_0____1.csv;t_8e2f57ee5e3e4821____c15_0____1__t_8e2f57ee5e3e4821____c15_0____0_fair.csv;t_8e2f57ee5e3e4821____c15_0____1__t_8e2f57ee5e3e4821____c14_1____3_fair.csv;t_8e2f57ee5e3e4821____c14_1____0__t_8e2f57ee5e3e4821____c15_0____0_fair.csv;t_8e2f57ee5e3e4821____c14_1____0__t_8e2f57ee5e3e4821____c14_1____3_fair.csv;t_8e2f57ee5e3e4821____c14_1____0.csv;t_8e2f57ee5e3e4821____c15_0____3__t_8e2f57ee5e3e4821____c15_0____0_fair.csv,{}
tusLarge3,starmie,t_8e2f57ee5e3e4821____c15_0____0_fair.csv,20,174,87,20,False,0.0675,1.0,0.11494252873563218,0.11494252873563218,257.1639350056648,257.1639350056648,t_8e2f57ee5e3e4821____c15_0____2__t_8e2f57ee5e3e4821____c15_0____0_fair.csv;t_8e2f57ee5e3e4821____c15_0____2__t_8e2f57ee5e3e4821____c14_1____3_fair.csv;t_8e2f57ee5e3e4821____c15_0____2.csv;t_8e2f57ee5e3e4821____c15_0____1.csv;t_8e2f57ee5e3e4821____c15_0____1__t_8e2f57ee5e3e4821____c15_0____0_fair.csv;t_8e2f57ee5e3e4821____c15_0____1__t_8e2f57ee5e3e4821____c14_1____3_fair.csv;t_8e2f57ee5e3e4821____c14_1____0__t_8e2f57ee5e3e4821____c15_0____0_fair.csv;t_8e2f57ee5e3e4821____c14_1____0__t_8e2f57ee5e3e4821____c14_1____3_fair.csv;t_8e2f57ee5e3e4821____c14_1____0.csv;t_8e2f57ee5e3e4821____c15_0____3__t_8e2f57ee5e3e4821____c15_0____0_fair.csv;t_8e2f57ee5e3e4821____c15_0____3__t_8e2f57ee5e3e4821____c14_1____3_fair.csv;t_8e2f57ee5e3e4821____c15_0____3.csv;t_8e2f57ee5e3e4821____c14_1____2.csv;t_8e2f57ee5e3e4821____c13_0____0.csv;t_8e2f57ee5e3e4821____c14_1____2__t_8e2f57ee5e3e4821____c15_0____0_fair.csv;t_8e2f57ee5e3e4821____c14_1____2__t_8e2f57ee5e3e4821____c14_1____3_fair.csv;t_8e2f57ee5e3e4821____c13_0____0__t_8e2f57ee5e3e4821____c15_0____0_fair.csv;t_8e2f57ee5e3e4821____c13_0____0__t_8e2f57ee5e3e4821____c14_1____3_fair.csv;t_8e2f57ee5e3e4821____c14_1____1__t_8e2f57ee5e3e4821____c15_0____0_fair.csv;t_8e2f57ee5e3e4821____c14_1____1__t_8e2f57ee5e3e4821____c14_1____3_fair.csv,{}
tusLarge3,starmie,t_bd6030667b3d0d9a____c3_0____3_fair.csv,5,98,260,5,False,0.1931,0.6,0.030612244897959183,0.05102040816326531,14.11032372713089,14.11032372713089,t_bd6030667b3d0d9a____c3_0____4.csv;t_bd6030667b3d0d9a____c3_0____4__t_bd6030667b3d0d9a____c3_0____3_fair.csv;t_bd6030667b3d0d9a____c3_1____2.csv;t_bd6030667b3d0d9a____c3_1____2__t_bd6030667b3d0d9a____c5_0____4_fair.csv;t_bd6030667b3d0d9a____c4_1____3__t_bd6030667b3d0d9a____c3_0____3_fair.csv,{}
tusLarge3,starmie,t_bd6030667b3d0d9a____c3_0____3_fair.csv,10,98,260,10,False,0.1382,0.6,0.061224489795918366,0.10204081632653061,28.080318808555603,28.080318808555603,t_bd6030667b3d0d9a____c3_0____4.csv;t_bd6030667b3d0d9a____c3_0____4__t_bd6030667b3d0d9a____c3_0____3_fair.csv;t_bd6030667b3d0d9a____c3_1____2.csv;t_bd6030667b3d0d9a____c3_1____2__t_bd6030667b3d0d9a____c5_0____4_fair.csv;t_bd6030667b3d0d9a____c4_1____3__t_bd6030667b3d0d9a____c3_0____3_fair.csv;t_bd6030667b3d0d9a____c4_1____3__t_bd6030667b3d0d9a____c1_0____1_fair.csv;t_bd6030667b3d0d9a____c4_1____3__t_bd6030667b3d0d9a____c1_0____0_fair.csv;t_bd6030667b3d0d9a____c3_0____2__t_bd6030667b3d0d9a____c3_0____3_fair.csv;t_bd6030667b3d0d9a____c3_1____1__t_bd6030667b3d0d9a____c5_0____4_fair.csv;t_bd6030667b3d0d9a____c4_0____3__t_bd6030667b3d0d9a____c1_0____1_fair.csv,{}
tusLarge3,starmie,t_bd6030667b3d0d9a____c3_0____3_fair.csv,20,98,260,20,False,0.1313,0.6,0.12244897959183673,0.20408163265306123,55.652947425842285,55.652947425842285,t_bd6030667b3d0d9a____c3_0____4.csv;t_bd6030667b3d0d9a____c3_0____4__t_bd6030667b3d0d9a____c3_0____3_fair.csv;t_bd6030667b3d0d9a____c3_1____2.csv;t_bd6030667b3d0d9a____c3_1____2__t_bd6030667b3d0d9a____c5_0____4_fair.csv;t_bd6030667b3d0d9a____c4_1____3__t_bd6030667b3d0d9a____c3_0____3_fair.csv;t_bd6030667b3d0d9a____c4_1____3__t_bd6030667b3d0d9a____c1_0____1_fair.csv;t_bd6030667b3d0d9a____c4_1____3__t_bd6030667b3d0d9a____c1_0____0_fair.csv;t_bd6030667b3d0d9a____c3_0____2__t_bd6030667b3d0d9a____c3_0____3_fair.csv;t_bd6030667b3d0d9a____c3_1____1__t_bd6030667b3d0d9a____c5_0____4_fair.csv;t_bd6030667b3d0d9a____c4_0____3__t_bd6030667b3d0d9a____c1_0____1_fair.csv;t_bd6030667b3d0d9a____c4_0____3__t_bd6030667b3d0d9a____c1_0____0_fair.csv;t_bd6030667b3d0d9a____c4_1____3.csv;t_bd6030667b3d0d9a____c3_0____2.csv;t_bd6030667b3d0d9a____c3_1____1.csv;t_bd6030667b3d0d9a____c3_0____1__t_bd6030667b3d0d9a____c3_0____3_fair.csv;t_bd6030667b3d0d9a____c3_0____1.csv;t_bd6030667b3d0d9a____c4_0____3__t_bd6030667b3d0d9a____c5_0____4_fair.csv;t_bd6030667b3d0d9a____c4_0____3.csv;t_bd6030667b3d0d9a____c4_1____1__t_bd6030667b3d0d9a____c3_0____3_fair.csv;t_bd6030667b3d0d9a____c4_1____1__t_bd6030667b3d0d9a____c1_0____1_fair.csv,{}
tusLarge3,starmie,t_bd6030667b3d0d9a____c5_0____4_fair.csv,5,120,228,5,False,0.2802,1.0,0.041666666666666664,0.041666666666666664,23.122845113277435,23.122845113277435,t_bd6030667b3d0d9a____c5_1____3__t_bd6030667b3d0d9a____c5_0____4_fair.csv;t_bd6030667b3d0d9a____c5_1____3.csv;t_bd6030667b3d0d9a____c5_1____3__t_bd6030667b3d0d9a____c3_0____3_fair.csv;t_bd6030667b3d0d9a____c6_0____3.csv;t_bd6030667b3d0d9a____c5_1____4.csv,{}
tusLarge3,starmie,t_bd6030667b3d0d9a____c5_0____4_fair.csv,10,120,228,10,False,0.1705,1.0,0.08333333333333333,0.08333333333333333,46.03530651330948,46.03530651330948,t_bd6030667b3d0d9a____c5_1____3__t_bd6030667b3d0d9a____c5_0____4_fair.csv;t_bd6030667b3d0d9a____c5_1____3.csv;t_bd6030667b3d0d9a____c5_1____3__t_bd6030667b3d0d9a____c3_0____3_fair.csv;t_bd6030667b3d0d9a____c6_0____3.csv;t_bd6030667b3d0d9a____c5_1____4.csv;t_bd6030667b3d0d9a____c6_0____3__t_bd6030667b3d0d9a____c3_0____3_fair.csv;t_bd6030667b3d0d9a____c6_0____3__t_bd6030667b3d0d9a____c1_0____1_fair.csv;t_bd6030667b3d0d9a____c6_0____3__t_bd6030667b3d0d9a____c1_0____0_fair.csv;t_bd6030667b3d0d9a____c6_0____3__t_bd6030667b3d0d9a____c5_0____4_fair.csv;t_bd6030667b3d0d9a____c5_1____4__t_bd6030667b3d0d9a____c5_0____4_fair.csv,{}
tusLarge3,starmie,t_bd6030667b3d0d9a____c5_0____4_fair.csv,20,120,228,20,False,0.2065,1.0,0.16666666666666666,0.16666666666666666,91.33417296409607,91.33417296409607,t_bd6030667b3d0d9a____c5_1____3__t_bd6030667b3d0d9a____c5_0____4_fair.csv;t_bd6030667b3d0d9a____c5_1____3.csv;t_bd6030667b3d0d9a____c5_1____3__t_bd6030667b3d0d9a____c3_0____3_fair.csv;t_bd6030667b3d0d9a____c6_0____3.csv;t_bd6030667b3d0d9a____c5_1____4.csv;t_bd6030667b3d0d9a____c6_0____3__t_bd6030667b3d0d9a____c3_0____3_fair.csv;t_bd6030667b3d0d9a____c6_0____3__t_bd6030667b3d0d9a____c1_0____1_fair.csv;t_bd6030667b3d0d9a____c6_0____3__t_bd6030667b3d0d9a____c1_0____0_fair.csv;t_bd6030667b3d0d9a____c6_0____3__t_bd6030667b3d0d9a____c5_0____4_fair.csv;t_bd6030667b3d0d9a____c5_1____4__t_bd6030667b3d0d9a____c5_0____4_fair.csv;t_bd6030667b3d0d9a____c5_1____2__t_bd6030667b3d0d9a____c5_0____4_fair.csv;t_bd6030667b3d0d9a____c5_1____1.csv;t_bd6030667b3d0d9a____c5_0____1.csv;t_bd6030667b3d0d9a____c5_1____4__t_bd6030667b3d0d9a____c3_0____3_fair.csv;t_bd6030667b3d0d9a____c6_0____4__t_bd6030667b3d0d9a____c5_0____4_fair.csv;t_bd6030667b3d0d9a____c5_1____1__t_bd6030667b3d0d9a____c5_0____4_fair.csv;t_bd6030667b3d0d9a____c5_1____1__t_bd6030667b3d0d9a____c3_0____3_fair.csv;t_bd6030667b3d0d9a____c6_0____1.csv;t_bd6030667b3d0d9a____c5_0____1__t_bd6030667b3d0d9a____c5_0____4_fair.csv;t_bd6030667b3d0d9a____c5_0____1__t_bd6030667b3d0d9a____c3_0____3_fair.csv,{}
tusLarge3,starmie,t_8b2f04db4903263f____c18_1____2_fair.csv,5,409,77,5,False,0.193,1.0,0.012224938875305624,0.012224938875305624,84.43453150987625,84.43453150987625,t_8b2f04db4903263f____c18_0____2__t_8b2f04db4903263f____c9_1____1_fair.csv;t_8b2f04db4903263f____c19_0____2__t_8b2f04db4903263f____c8_0____0_fair.csv;t_8b2f04db4903263f____c19_0____2__t_8b2f04db4903263f____c18_1____2_fair.csv;t_8b2f04db4903263f____c19_0____2__t_8b2f04db4903263f____c13_0____2_fair.csv;t_8b2f04db4903263f____c17_0____2__t_8b2f04db4903263f____c9_1____1_fair.csv,{}
tusLarge3,starmie,t_8b2f04db4903263f____c18_1____2_fair.csv,10,409,77,10,False,0.1056,1.0,0.02444987775061125,0.02444987775061125,167.42185980081558,167.42185980081558,t_8b2f04db4903263f____c18_0____2__t_8b2f04db4903263f____c9_1____1_fair.csv;t_8b2f04db4903263f____c19_0____2__t_8b2f04db4903263f____c8_0____0_fair.csv;t_8b2f04db4903263f____c19_0____2__t_8b2f04db4903263f____c18_1____2_fair.csv;t_8b2f04db4903263f____c19_0____2__t_8b2f04db4903263f____c13_0____2_fair.csv;t_8b2f04db4903263f____c17_0____2__t_8b2f04db4903263f____c9_1____1_fair.csv;t_8b2f04db4903263f____c17_0____2__t_8b2f04db4903263f____c8_0____0_fair.csv;t_8b2f04db4903263f____c17_0____2__t_8b2f04db4903263f____c18_1____2_fair.csv;t_8b2f04db4903263f____c17_0____2__t_8b2f04db4903263f____c13_0____2_fair.csv;t_8b2f04db4903263f____c18_0____2__t_8b2f04db4903263f____c8_0____0_fair.csv;t_8b2f04db4903263f____c18_0____2__t_8b2f04db4903263f____c13_0____2_fair.csv,{}
tusLarge3,starmie,t_8b2f04db4903263f____c18_1____2_fair.csv,20,409,77,20,False,0.0697,1.0,0.0488997555012225,0.0488997555012225,325.02472680807114,325.02472680807114,t_8b2f04db4903263f____c18_0____2__t_8b2f04db4903263f____c9_1____1_fair.csv;t_8b2f04db4903263f____c19_0____2__t_8b2f04db4903263f____c8_0____0_fair.csv;t_8b2f04db4903263f____c19_0____2__t_8b2f04db4903263f____c18_1____2_fair.csv;t_8b2f04db4903263f____c19_0____2__t_8b2f04db4903263f____c13_0____2_fair.csv;t_8b2f04db4903263f____c17_0____2__t_8b2f04db4903263f____c9_1____1_fair.csv;t_8b2f04db4903263f____c17_0____2__t_8b2f04db4903263f____c8_0____0_fair.csv;t_8b2f04db4903263f____c17_0____2__t_8b2f04db4903263f____c18_1____2_fair.csv;t_8b2f04db4903263f____c17_0____2__t_8b2f04db4903263f____c13_0____2_fair.csv;t_8b2f04db4903263f____c18_0____2__t_8b2f04db4903263f____c8_0____0_fair.csv;t_8b2f04db4903263f____c18_0____2__t_8b2f04db4903263f____c13_0____2_fair.csv;t_8b2f04db4903263f____c19_0____2__t_8b2f04db4903263f____c9_1____1_fair.csv;t_8b2f04db4903263f____c18_0____2.csv;t_8b2f04db4903263f____c17_0____2.csv;t_8b2f04db4903263f____c18_0____0__t_8b2f04db4903263f____c18_1____2_fair.csv;t_8b2f04db4903263f____c19_0____2.csv;t_8b2f04db4903263f____c18_0____2__t_8b2f04db4903263f____c18_1____2_fair.csv;t_8b2f04db4903263f____c17_1____2__t_8b2f04db4903263f____c10_0____0_fair.csv;t_8b2f04db4903263f____c17_1____2__t_8b2f04db4903263f____c8_0____0_fair.csv;t_8b2f04db4903263f____c17_0____2__t_8b2f04db4903263f____c10_0____0_fair.csv;t_8b2f04db4903263f____c17_1____2__t_8b2f04db4903263f____c9_1____1_fair.csv,{}
tusLarge3,starmie,t_b28ed28824886b47____c8_0____3_fair.csv,5,219,119,5,False,0.1009,1.0,0.0228310502283105,0.0228310502283105,38.15911656618118,38.15911656618118,t_b28ed28824886b47____c8_0____2__t_b28ed28824886b47____c8_0____3_fair.csv;t_b28ed28824886b47____c8_0____2__t_b28ed28824886b47____c11_1____3_fair.csv;t_b28ed28824886b47____c8_0____0__t_b28ed28824886b47____c11_1____3_fair.csv;t_b28ed28824886b47____c11_0____2__t_b28ed28824886b47____c8_0____3_fair.csv;t_b28ed28824886b47____c11_0____2__t_b28ed28824886b47____c11_1____3_fair.csv,{}
tusLarge3,starmie,t_b28ed28824886b47____c8_0____3_fair.csv,10,219,119,10,False,0.0563,1.0,0.045662100456621,0.045662100456621,75.79716038703918,75.79716038703918,t_b28ed28824886b47____c8_0____2__t_b28ed28824886b47____c8_0____3_fair.csv;t_b28ed28824886b47____c8_0____2__t_b28ed28824886b47____c11_1____3_fair.csv;t_b28ed28824886b47____c8_0____0__t_b28ed28824886b47____c11_1____3_fair.csv;t_b28ed28824886b47____c11_0____2__t_b28ed28824886b47____c8_0____3_fair.csv;t_b28ed28824886b47____c11_0____2__t_b28ed28824886b47____c11_1____3_fair.csv;t_b28ed28824886b47____c8_0____2.csv;t_b28ed28824886b47____c10_0____2__t_b28ed28824886b47____c8_0____3_fair.csv;t_b28ed28824886b47____c10_0____2__t_b28ed28824886b47____c11_1____3_fair.csv;t_b28ed28824886b47____c8_0____0.csv;t_b28ed28824886b47____c11_0____2.csv,{}
tusLarge3,starmie,t_b28ed28824886b47____c8_0____3_fair.csv,20,219,119,20,False,0.0409,1.0,0.091324200913242,0.091324200913242,150.1916662454605,150.1916662454605,t_b28ed28824886b47____c8_0____2__t_b28ed28824886b47____c8_0____3_fair.csv;t_b28ed28824886b47____c8_0____2__t_b28ed28824886b47____c11_1____3_fair.csv;t_b28ed28824886b47____c8_0____0__t_b28ed28824886b47____c11_1____3_fair.csv;t_b28ed28824886b47____c11_0____2__t_b28ed28824886b47____c8_0____3_fair.csv;t_b28ed28824886b47____c11_0____2__t_b28ed28824886b47____c11_1____3_fair.csv;t_b28ed28824886b47____c8_0____2.csv;t_b28ed28824886b47____c10_0____2__t_b28ed28824886b47____c8_0____3_fair.csv;t_b28ed28824886b47____c10_0____2__t_b28ed28824886b47____c11_1____3_fair.csv;t_b28ed28824886b47____c8_0____0.csv;t_b28ed28824886b47____c11_0____2.csv;t_b28ed28824886b47____c12_0____2__t_b28ed28824886b47____c8_0____3_fair.csv;t_b28ed28824886b47____c12_0____2__t_b28ed28824886b47____c11_1____3_fair.csv;t_b28ed28824886b47____c8_0____4.csv;t_b28ed28824886b47____c10_0____3__t_b28ed28824886b47____c8_0____3_fair.csv;t_b28ed28824886b47____c10_0____3__t_b28ed28824886b47____c11_1____3_fair.csv;t_b28ed28824886b47____c10_0____3.csv;t_b28ed28824886b47____c12_0____2.csv;t_b28ed28824886b47____c12_0____3__t_b28ed28824886b47____c8_0____3_fair.csv;t_b28ed28824886b47____c12_0____3__t_b28ed28824886b47____c11_1____3_fair.csv;t_b28ed28824886b47____c8_0____4__t_b28ed28824886b47____c8_0____3_fair.csv,{}
tusLarge3,starmie,t_8f2aacee00084d17____c16_1____1_fair.csv,5,371,73,5,False,0.0725,1.0,0.013477088948787063,0.013477088948787063,78.36112368106842,78.36112368106842,t_8f2aacee00084d17____c17_1____1__t_8f2aacee00084d17____c16_1____1_fair.csv;t_8f2aacee00084d17____c17_1____1__t_8f2aacee00084d17____c13_1____4_fair.csv;t_8f2aacee00084d17____c17_1____1__t_8f2aacee00084d17____c11_0____4_fair.csv;t_8f2aacee00084d17____c17_1____1__t_8f2aacee00084d17____c10_1____2_fair.csv;t_8f2aacee00084d17____c17_1____3__t_8f2aacee00084d17____c13_1____4_fair.csv,{}
tusLarge3,starmie,t_8f2aacee00084d17____c16_1____1_fair.csv,10,371,73,10,False,0.0429,1.0,0.026954177897574125,0.026954177897574125,154.79006844758987,154.79006844758987,t_8f2aacee00084d17____c17_1____1__t_8f2aacee00084d17____c16_1____1_fair.csv;t_8f2aacee00084d17____c17_1____1__t_8f2aacee00084d17____c13_1____4_fair.csv;t_8f2aacee00084d17____c17_1____1__t_8f2aacee00084d17____c11_0____4_fair.csv;t_8f2aacee00084d17____c17_1____1__t_8f2aacee00084d17____c10_1____2_fair.csv;t_8f2aacee00084d17____c17_1____3__t_8f2aacee00084d17____c13_1____4_fair.csv;t_8f2aacee00084d17____c17_1____3__t_8f2aacee00084d17____c11_0____4_fair.csv;t_8f2aacee00084d17____c17_1____1.csv;t_8f2aacee00084d17____c17_1____3__t_8f2aacee00084d17____c10_1____2_fair.csv;t_8f2aacee00084d17____c17_1____3__t_8f2aacee00084d17____c16_1____1_fair.csv;t_8f2aacee00084d17____c17_1____3.csv,{}
tusLarge3,starmie,t_8f2aacee00084d17____c16_1____1_fair.csv,20,371,73,20,False,0.0477,0.7,0.03773584905660377,0.05390835579514825,306.04706144332886,306.04706144332886,t_8f2aacee00084d17____c17_1____1__t_8f2aacee00084d17____c16_1____1_fair.csv;t_8f2aacee00084d17____c17_1____1__t_8f2aacee00084d17____c13_1____4_fair.csv;t_8f2aacee00084d17____c17_1____1__t_8f2aacee00084d17____c11_0____4_fair.csv;t_8f2aacee00084d17____c17_1____1__t_8f2aacee00084d17____c10_1____2_fair.csv;t_8f2aacee00084d17____c17_1____3__t_8f2aacee00084d17____c13_1____4_fair.csv;t_8f2aacee00084d17____c17_1____3__t_8f2aacee00084d17____c11_0____4_fair.csv;t_8f2aacee00084d17____c17_1____1.csv;t_8f2aacee00084d17____c17_1____3__t_8f2aacee00084d17____c10_1____2_fair.csv;t_8f2aacee00084d17____c17_1____3__t_8f2aacee00084d17____c16_1____1_fair.csv;t_8f2aacee00084d17____c17_1____3.csv;t_8f2aacee00084d17____c16_0____1.csv;t_8f2aacee00084d17____c18_0____1.csv;t_8f2aacee00084d17____c16_0____1__t_8f2aacee00084d17____c10_1____2_fair.csv;t_8f2aacee00084d17____c18_0____1__t_8f2aacee00084d17____c13_1____4_fair.csv;t_8f2aacee00084d17____c18_0____1__t_8f2aacee00084d17____c10_1____2_fair.csv;t_8f2aacee00084d17____c18_1____1__t_8f2aacee00084d17____c16_1____1_fair.csv;t_8f2aacee00084d17____c18_1____1__t_8f2aacee00084d17____c13_1____4_fair.csv;t_8f2aacee00084d17____c18_1____1__t_8f2aacee00084d17____c11_0____4_fair.csv;t_8f2aacee00084d17____c18_1____1__t_8f2aacee00084d17____c10_1____2_fair.csv;t_8f2aacee00084d17____c18_0____3.csv,{}
tusLarge3,starmie,t_b28ed28824886b47____c11_1____3_fair.csv,5,219,108,5,False,0.0953,1.0,0.0228310502283105,0.0228310502283105,53.59274196624756,53.59274196624756,t_b28ed28824886b47____c12_1____3.csv;t_b28ed28824886b47____c12_1____3__t_b28ed28824886b47____c8_0____3_fair.csv;t_b28ed28824886b47____c12_1____3__t_b28ed28824886b47____c11_1____3_fair.csv;t_b28ed28824886b47____c11_1____1.csv;t_b28ed28824886b47____c11_1____1__t_b28ed28824886b47____c8_0____3_fair.csv,{}
tusLarge3,starmie,t_b28ed28824886b47____c11_1____3_fair.csv,10,219,108,10,False,0.0959,1.0,0.045662100456621,0.045662100456621,106.21027648448944,106.21027648448944,t_b28ed28824886b47____c12_1____3.csv;t_b28ed28824886b47____c12_1____3__t_b28ed28824886b47____c8_0____3_fair.csv;t_b28ed28824886b47____c12_1____3__t_b28ed28824886b47____c11_1____3_fair.csv;t_b28ed28824886b47____c11_1____1.csv;t_b28ed28824886b47____c11_1____1__t_b28ed28824886b47____c8_0____3_fair.csv;t_b28ed28824886b47____c11_1____1__t_b28ed28824886b47____c11_1____3_fair.csv;t_b28ed28824886b47____c11_0____3.csv;t_b28ed28824886b47____c12_1____1.csv;t_b28ed28824886b47____c12_1____1__t_b28ed28824886b47____c8_0____3_fair.csv;t_b28ed28824886b47____c12_1____1__t_b28ed28824886b47____c11_1____3_fair.csv,{}
tusLarge3,starmie,t_b28ed28824886b47____c11_1____3_fair.csv,20,219,108,20,False,0.0772,1.0,0.091324200913242,0.091324200913242,209.16307592391968,209.16307592391968,t_b28ed28824886b47____c12_1____3.csv;t_b28ed28824886b47____c12_1____3__t_b28ed28824886b47____c8_0____3_fair.csv;t_b28ed28824886b47____c12_1____3__t_b28ed28824886b47____c11_1____3_fair.csv;t_b28ed28824886b47____c11_1____1.csv;t_b28ed28824886b47____c11_1____1__t_b28ed28824886b47____c8_0____3_fair.csv;t_b28ed28824886b47____c11_1____1__t_b28ed28824886b47____c11_1____3_fair.csv;t_b28ed28824886b47____c11_0____3.csv;t_b28ed28824886b47____c12_1____1.csv;t_b28ed28824886b47____c12_1____1__t_b28ed28824886b47____c8_0____3_fair.csv;t_b28ed28824886b47____c12_1____1__t_b28ed28824886b47____c11_1____3_fair.csv;t_b28ed28824886b47____c12_0____3.csv;t_b28ed28824886b47____c11_0____1.csv;t_b28ed28824886b47____c13_0____3.csv;t_b28ed28824886b47____c12_0____3__t_b28ed28824886b47____c8_0____3_fair.csv;t_b28ed28824886b47____c12_0____3__t_b28ed28824886b47____c11_1____3_fair.csv;t_b28ed28824886b47____c11_0____1__t_b28ed28824886b47____c8_0____3_fair.csv;t_b28ed28824886b47____c11_0____1__t_b28ed28824886b47____c11_1____3_fair.csv;t_b28ed28824886b47____c13_0____3__t_b28ed28824886b47____c11_1____3_fair.csv;t_b28ed28824886b47____c11_1____2__t_b28ed28824886b47____c8_0____3_fair.csv;t_b28ed28824886b47____c11_1____2__t_b28ed28824886b47____c11_1____3_fair.csv,{}
tusLarge3,starmie,t_c701386b7c10b107____c3_0____0_fair.csv,5,785,158,5,False,0.2365,1.0,0.006369426751592357,0.006369426751592357,14.6417755484581,14.6417755484581,t_c701386b7c10b107____c3_0____3.csv;t_c701386b7c10b107____c3_0____3__t_c701386b7c10b107____c3_0____0_fair.csv;t_c701386b7c10b107____c3_0____3__t_c701386b7c10b107____c11_1____2_fair.csv;t_c701386b7c10b107____c3_0____1__t_c701386b7c10b107____c3_0____0_fair.csv;t_c701386b7c10b107____c3_0____1__t_c701386b7c10b107____c11_1____2_fair.csv,{}
tusLarge3,starmie,t_c701386b7c10b107____c3_0____0_fair.csv,10,785,158,10,False,0.141,1.0,0.012738853503184714,0.012738853503184714,28.927073299884796,28.927073299884796,t_c701386b7c10b107____c3_0____3.csv;t_c701386b7c10b107____c3_0____3__t_c701386b7c10b107____c3_0____0_fair.csv;t_c701386b7c10b107____c3_0____3__t_c701386b7c10b107____c11_1____2_fair.csv;t_c701386b7c10b107____c3_0____1__t_c701386b7c10b107____c3_0____0_fair.csv;t_c701386b7c10b107____c3_0____1__t_c701386b7c10b107____c11_1____2_fair.csv;t_c701386b7c10b107____c3_0____1.csv;t_c701386b7c10b107____c3_0____2.csv;t_c701386b7c10b107____c3_0____4.csv;t_c701386b7c10b107____c3_0____2__t_c701386b7c10b107____c3_0____0_fair.csv;t_c701386b7c10b107____c3_0____2__t_c701386b7c10b107____c11_1____2_fair.csv,{}
tusLarge3,starmie,t_c701386b7c10b107____c3_0____0_fair.csv,20,785,158,20,False,0.07,0.6,0.015286624203821656,0.025477707006369428,56.6649609208107,56.6649609208107,t_c701386b7c10b107____c3_0____3.csv;t_c701386b7c10b107____c3_0____3__t_c701386b7c10b107____c3_0____0_fair.csv;t_c701386b7c10b107____c3_0____3__t_c701386b7c10b107____c11_1____2_fair.csv;t_c701386b7c10b107____c3_0____1__t_c701386b7c10b107____c3_0____0_fair.csv;t_c701386b7c10b107____c3_0____1__t_c701386b7c10b107____c11_1____2_fair.csv;t_c701386b7c10b107____c3_0____1.csv;t_c701386b7c10b107____c3_0____2.csv;t_c701386b7c10b107____c3_0____4.csv;t_c701386b7c10b107____c3_0____2__t_c701386b7c10b107____c3_0____0_fair.csv;t_c701386b7c10b107____c3_0____2__t_c701386b7c10b107____c11_1____2_fair.csv;t_c701386b7c10b107____c3_0____4__t_c701386b7c10b107____c3_0____0_fair.csv;t_c701386b7c10b107____c3_0____4__t_c701386b7c10b107____c11_1____2_fair.csv;t_c701386b7c10b107____c4_0____1__t_c701386b7c10b107____c7_0____1_fair.csv;t_c701386b7c10b107____c4_0____1__t_c701386b7c10b107____c14_1____3_fair.csv;t_c701386b7c10b107____c4_0____1.csv;t_c701386b7c10b107____c4_0____2__t_c701386b7c10b107____c7_0____1_fair.csv;t_c701386b7c10b107____c4_0____2__t_c701386b7c10b107____c14_1____3_fair.csv;t_c701386b7c10b107____c4_0____4__t_c701386b7c10b107____c7_0____1_fair.csv;t_c701386b7c10b107____c4_0____4__t_c701386b7c10b107____c14_1____3_fair.csv;t_c701386b7c10b107____c5_1____2__t_c701386b7c10b107____c9_0____1_fair.csv,{}
tusLarge3,starmie,t_c701386b7c10b107____c11_1____2_fair.csv,5,785,101,5,False,0.143,1.0,0.006369426751592357,0.006369426751592357,51.83340102434158,51.83340102434158,t_c701386b7c10b107____c11_1____4__t_c701386b7c10b107____c7_0____1_fair.csv;t_c701386b7c10b107____c11_1____4__t_c701386b7c10b107____c3_0____0_fair.csv;t_c701386b7c10b107____c11_1____4__t_c701386b7c10b107____c14_1____3_fair.csv;t_c701386b7c10b107____c11_1____4__t_c701386b7c10b107____c11_1____2_fair.csv;t_c701386b7c10b107____c12_1____2__t_c701386b7c10b107____c3_0____0_fair.csv,{}
tusLarge3,starmie,t_c701386b7c10b107____c11_1____2_fair.csv,10,785,101,10,False,0.0844,1.0,0.012738853503184714,0.012738853503184714,102.54514640569687,102.54514640569687,t_c701386b7c10b107____c11_1____4__t_c701386b7c10b107____c7_0____1_fair.csv;t_c701386b7c10b107____c11_1____4__t_c701386b7c10b107____c3_0____0_fair.csv;t_c701386b7c10b107____c11_1____4__t_c701386b7c10b107____c14_1____3_fair.csv;t_c701386b7c10b107____c11_1____4__t_c701386b7c10b107____c11_1____2_fair.csv;t_c701386b7c10b107____c12_1____2__t_c701386b7c10b107____c3_0____0_fair.csv;t_c701386b7c10b107____c12_1____2__t_c701386b7c10b107____c20_0____0_fair.csv;t_c701386b7c10b107____c12_1____2__t_c701386b7c10b107____c16_0____0_fair.csv;t_c701386b7c10b107____c12_1____2__t_c701386b7c10b107____c11_1____2_fair.csv;t_c701386b7c10b107____c12_1____2.csv;t_c701386b7c10b107____c11_1____1.csv,{}
tusLarge3,starmie,t_c701386b7c10b107____c11_1____2_fair.csv,20,785,101,20,False,0.0468,0.55,0.014012738853503185,0.025477707006369428,202.3502869606018,202.3502869606018,t_c701386b7c10b107____c11_1____4__t_c701386b7c10b107____c7_0____1_fair.csv;t_c701386b7c10b107____c11_1____4__t_c701386b7c10b107____c3_0____0_fair.csv;t_c701386b7c10b107____c11_1____4__t_c701386b7c10b107____c14_1____3_fair.csv;t_c701386b7c10b107____c11_1____4__t_c701386b7c10b107____c11_1____2_fair.csv;t_c701386b7c10b107____c12_1____2__t_c701386b7c10b107____c3_0____0_fair.csv;t_c701386b7c10b107____c12_1____2__t_c701386b7c10b107____c20_0____0_fair.csv;t_c701386b7c10b107____c12_1____2__t_c701386b7c10b107____c16_0____0_fair.csv;t_c701386b7c10b107____c12_1____2__t_c701386b7c10b107____c11_1____2_fair.csv;t_c701386b7c10b107____c12_1____2.csv;t_c701386b7c10b107____c11_1____1.csv;t_c701386b7c10b107____c13_0____1.csv;t_c701386b7c10b107____c13_0____1__t_c701386b7c10b107____c8_0____2_fair.csv;t_c701386b7c10b107____c13_0____1__t_c701386b7c10b107____c19_1____4_fair.csv;t_c701386b7c10b107____c13_0____1__t_c701386b7c10b107____c18_1____3_fair.csv;t_c701386b7c10b107____c11_1____0.csv;t_c701386b7c10b107____c11_0____2.csv;t_c701386b7c10b107____c13_0____3.csv;t_c701386b7c10b107____c13_0____3__t_c701386b7c10b107____c8_0____2_fair.csv;t_c701386b7c10b107____c13_0____3__t_c701386b7c10b107____c19_1____4_fair.csv;t_c701386b7c10b107____c13_0____3__t_c701386b7c10b107____c18_1____3_fair.csv,{}
tusLarge3,starmie,t_c701386b7c10b107____c5_0____1_fair.csv,5,1053,143,5,False,0.231,1.0,0.004748338081671415,0.004748338081671415,23.37850683927536,23.37850683927536,t_c701386b7c10b107____c5_0____3.csv;t_c701386b7c10b107____c5_0____0__t_c701386b7c10b107____c9_0____1_fair.csv;t_c701386b7c10b107____c5_0____0__t_c701386b7c10b107____c5_0____1_fair.csv;t_c701386b7c10b107____c5_0____3__t_c701386b7c10b107____c9_0____1_fair.csv;t_c701386b7c10b107____c5_0____3__t_c701386b7c10b107____c5_0____1_fair.csv,{}
tusLarge3,starmie,t_c701386b7c10b107____c5_0____1_fair.csv,10,1053,143,10,False,0.2129,1.0,0.00949667616334283,0.00949667616334283,46.548363506793976,46.548363506793976,t_c701386b7c10b107____c5_0____3.csv;t_c701386b7c10b107____c5_0____0__t_c701386b7c10b107____c9_0____1_fair.csv;t_c701386b7c10b107____c5_0____0__t_c701386b7c10b107____c5_0____1_fair.csv;t_c701386b7c10b107____c5_0____3__t_c701386b7c10b107____c9_0____1_fair.csv;t_c701386b7c10b107____c5_0____3__t_c701386b7c10b107____c5_0____1_fair.csv;t_c701386b7c10b107____c5_0____0.csv;t_c701386b7c10b107____c5_0____2__t_c701386b7c10b107____c9_0____1_fair.csv;t_c701386b7c10b107____c5_0____2__t_c701386b7c10b107____c5_0____1_fair.csv;t_c701386b7c10b107____c5_0____4__t_c701386b7c10b107____c9_0____1_fair.csv;t_c701386b7c10b107____c5_0____4__t_c701386b7c10b107____c5_0____1_fair.csv,{}
tusLarge3,starmie,t_c701386b7c10b107____c5_0____1_fair.csv,20,1053,143,20,False,0.1159,1.0,0.01899335232668566,0.01899335232668566,92.30638164281845,92.30638164281845,t_c701386b7c10b107____c5_0____3.csv;t_c701386b7c10b107____c5_0____0__t_c701386b7c10b107____c9_0____1_fair.csv;t_c701386b7c10b107____c5_0____0__t_c701386b7c10b107____c5_0____1_fair.csv;t_c701386b7c10b107____c5_0____3__t_c701386b7c10b107____c9_0____1_fair.csv;t_c701386b7c10b107____c5_0____3__t_c701386b7c10b107____c5_0____1_fair.csv;t_c701386b7c10b107____c5_0____0.csv;t_c701386b7c10b107____c5_0____2__t_c701386b7c10b107____c9_0____1_fair.csv;t_c701386b7c10b107____c5_0____2__t_c701386b7c10b107____c5_0____1_fair.csv;t_c701386b7c10b107____c5_0____4__t_c701386b7c10b107____c9_0____1_fair.csv;t_c701386b7c10b107____c5_0____4__t_c701386b7c10b107____c5_0____1_fair.csv;t_c701386b7c10b107____c6_1____1.csv;t_c701386b7c10b107____c5_0____2.csv;t_c701386b7c10b107____c5_0____4.csv;t_c701386b7c10b107____c6_1____1__t_c701386b7c10b107____c9_0____1_fair.csv;t_c701386b7c10b107____c6_1____1__t_c701386b7c10b107____c8_0____2_fair.csv;t_c701386b7c10b107____c6_1____1__t_c701386b7c10b107____c5_0____1_fair.csv;t_c701386b7c10b107____c6_1____1__t_c701386b7c10b107____c19_1____4_fair.csv;t_c701386b7c10b107____c6_1____1__t_c701386b7c10b107____c18_1____3_fair.csv;t_c701386b7c10b107____c6_1____1__t_c701386b7c10b107____c16_0____0_fair.csv;t_c701386b7c10b107____c6_1____4__t_c701386b7c10b107____c9_0____1_fair.csv,{}
tusLarge3,starmie,t_c701386b7c10b107____c7_0____1_fair.csv,5,956,104,5,False,0.1526,1.0,0.005230125523012552,0.005230125523012552,33.90058398246765,33.90058398246765,t_c701386b7c10b107____c7_0____2__t_c701386b7c10b107____c7_0____1_fair.csv;t_c701386b7c10b107____c7_0____2__t_c701386b7c10b107____c3_0____0_fair.csv;t_c701386b7c10b107____c7_0____2__t_c701386b7c10b107____c20_0____0_fair.csv;t_c701386b7c10b107____c7_0____2__t_c701386b7c10b107____c14_1____3_fair.csv;t_c701386b7c10b107____c7_0____2__t_c701386b7c10b107____c11_1____2_fair.csv,{}
tusLarge3,starmie,t_c701386b7c10b107____c7_0____1_fair.csv,10,956,104,10,False,0.0872,1.0,0.010460251046025104,0.010460251046025104,67.7273108959198,67.7273108959198,t_c701386b7c10b107____c7_0____2__t_c701386b7c10b107____c7_0____1_fair.csv;t_c701386b7c10b107____c7_0____2__t_c701386b7c10b107____c3_0____0_fair.csv;t_c701386b7c10b107____c7_0____2__t_c701386b7c10b107____c20_0____0_fair.csv;t_c701386b7c10b107____c7_0____2__t_c701386b7c10b107____c14_1____3_fair.csv;t_c701386b7c10b107____c7_0____2__t_c701386b7c10b107____c11_1____2_fair.csv;t_c701386b7c10b107____c7_0____2.csv;t_c701386b7c10b107____c7_0____4__t_c701386b7c10b107____c7_0____1_fair.csv;t_c701386b7c10b107____c7_0____4__t_c701386b7c10b107____c3_0____0_fair.csv;t_c701386b7c10b107____c7_0____4__t_c701386b7c10b107____c20_0____0_fair.csv;t_c701386b7c10b107____c7_0____4__t_c701386b7c10b107____c14_1____3_fair.csv,{}
tusLarge3,starmie,t_c701386b7c10b107____c7_0____1_fair.csv,20,956,104,20,False,0.0478,1.0,0.02092050209205021,0.02092050209205021,134.74748647212982,134.74748647212982,t_c701386b7c10b107____c7_0____2__t_c701386b7c10b107____c7_0____1_fair.csv;t_c701386b7c10b107____c7_0____2__t_c701386b7c10b107____c3_0____0_fair.csv;t_c701386b7c10b107____c7_0____2__t_c701386b7c10b107____c20_0____0_fair.csv;t_c701386b7c10b107____c7_0____2__t_c701386b7c10b107____c14_1____3_fair.csv;t_c701386b7c10b107____c7_0____2__t_c701386b7c10b107____c11_1____2_fair.csv;t_c701386b7c10b107____c7_0____2.csv;t_c701386b7c10b107____c7_0____4__t_c701386b7c10b107____c7_0____1_fair.csv;t_c701386b7c10b107____c7_0____4__t_c701386b7c10b107____c3_0____0_fair.csv;t_c701386b7c10b107____c7_0____4__t_c701386b7c10b107____c20_0____0_fair.csv;t_c701386b7c10b107____c7_0____4__t_c701386b7c10b107____c14_1____3_fair.csv;t_c701386b7c10b107____c7_0____4__t_c701386b7c10b107____c11_1____2_fair.csv;t_c701386b7c10b107____c7_0____4.csv;t_c701386b7c10b107____c7_0____0.csv;t_c701386b7c10b107____c7_0____0__t_c701386b7c10b107____c7_0____1_fair.csv;t_c701386b7c10b107____c7_0____0__t_c701386b7c10b107____c3_0____0_fair.csv;t_c701386b7c10b107____c7_0____0__t_c701386b7c10b107____c20_0____0_fair.csv;t_c701386b7c10b107____c7_0____0__t_c701386b7c10b107____c14_1____3_fair.csv;t_c701386b7c10b107____c7_0____0__t_c701386b7c10b107____c11_1____2_fair.csv;t_c701386b7c10b107____c7_0____3.csv;t_c701386b7c10b107____c7_0____3__t_c701386b7c10b107____c7_0____1_fair.csv,{}
tusLarge3,starmie,t_c701386b7c10b107____c14_1____3_fair.csv,5,956,67,5,False,0.0852,1.0,0.005230125523012552,0.005230125523012552,67.40237283706665,67.40237283706665,t_c701386b7c10b107____c16_1____3.csv;t_c701386b7c10b107____c14_1____0__t_c701386b7c10b107____c9_0____1_fair.csv;t_c701386b7c10b107____c14_1____0__t_c701386b7c10b107____c8_0____2_fair.csv;t_c701386b7c10b107____c14_1____0__t_c701386b7c10b107____c7_0____1_fair.csv;t_c701386b7c10b107____c14_1____0__t_c701386b7c10b107____c5_0____1_fair.csv,{}
tusLarge3,starmie,t_c701386b7c10b107____c14_1____3_fair.csv,10,956,67,10,False,0.0856,1.0,0.010460251046025104,0.010460251046025104,134.78551465272903,134.78551465272903,t_c701386b7c10b107____c16_1____3.csv;t_c701386b7c10b107____c14_1____0__t_c701386b7c10b107____c9_0____1_fair.csv;t_c701386b7c10b107____c14_1____0__t_c701386b7c10b107____c8_0____2_fair.csv;t_c701386b7c10b107____c14_1____0__t_c701386b7c10b107____c7_0____1_fair.csv;t_c701386b7c10b107____c14_1____0__t_c701386b7c10b107____c5_0____1_fair.csv;t_c701386b7c10b107____c14_1____0__t_c701386b7c10b107____c3_0____0_fair.csv;t_c701386b7c10b107____c14_1____0__t_c701386b7c10b107____c19_1____4_fair.csv;t_c701386b7c10b107____c14_1____0__t_c701386b7c10b107____c18_1____3_fair.csv;t_c701386b7c10b107____c14_1____0__t_c701386b7c10b107____c14_1____3_fair.csv;t_c701386b7c10b107____c14_1____0__t_c701386b7c10b107____c11_1____2_fair.csv,{}
tusLarge3,starmie,t_c701386b7c10b107____c14_1____3_fair.csv,20,956,67,20,False,0.0459,1.0,0.02092050209205021,0.02092050209205021,268.57248282432556,268.57248282432556,t_c701386b7c10b107____c16_1____3.csv;t_c701386b7c10b107____c14_1____0__t_c701386b7c10b107____c9_0____1_fair.csv;t_c701386b7c10b107____c14_1____0__t_c701386b7c10b107____c8_0____2_fair.csv;t_c701386b7c10b107____c14_1____0__t_c701386b7c10b107____c7_0____1_fair.csv;t_c701386b7c10b107____c14_1____0__t_c701386b7c10b107____c5_0____1_fair.csv;t_c701386b7c10b107____c14_1____0__t_c701386b7c10b107____c3_0____0_fair.csv;t_c701386b7c10b107____c14_1____0__t_c701386b7c10b107____c19_1____4_fair.csv;t_c701386b7c10b107____c14_1____0__t_c701386b7c10b107____c18_1____3_fair.csv;t_c701386b7c10b107____c14_1____0__t_c701386b7c10b107____c14_1____3_fair.csv;t_c701386b7c10b107____c14_1____0__t_c701386b7c10b107____c11_1____2_fair.csv;t_c701386b7c10b107____c16_1____3__t_c701386b7c10b107____c9_0____1_fair.csv;t_c701386b7c10b107____c16_1____3__t_c701386b7c10b107____c7_0____1_fair.csv;t_c701386b7c10b107____c16_1____3__t_c701386b7c10b107____c5_0____1_fair.csv;t_c701386b7c10b107____c16_1____3__t_c701386b7c10b107____c20_0____0_fair.csv;t_c701386b7c10b107____c16_1____3__t_c701386b7c10b107____c18_1____3_fair.csv;t_c701386b7c10b107____c16_1____3__t_c701386b7c10b107____c14_1____3_fair.csv;t_c701386b7c10b107____c14_1____0.csv;t_c701386b7c10b107____c16_1____0.csv;t_c701386b7c10b107____c16_1____0__t_c701386b7c10b107____c9_0____1_fair.csv;t_c701386b7c10b107____c16_1____0__t_c701386b7c10b107____c7_0____1_fair.csv,{}
tusLarge3,starmie,t_c701386b7c10b107____c8_0____2_fair.csv,5,1023,99,5,False,0.2621,1.0,0.004887585532746823,0.004887585532746823,38.048117995262146,38.048117995262146,t_c701386b7c10b107____c8_0____3.csv;t_c701386b7c10b107____c8_0____4__t_c701386b7c10b107____c8_0____2_fair.csv;t_c701386b7c10b107____c8_0____4__t_c701386b7c10b107____c19_1____4_fair.csv;t_c701386b7c10b107____c8_0____4.csv;t_c701386b7c10b107____c8_0____3__t_c701386b7c10b107____c8_0____2_fair.csv,{}
tusLarge3,starmie,t_c701386b7c10b107____c8_0____2_fair.csv,10,1023,99,10,False,0.1982,1.0,0.009775171065493646,0.009775171065493646,75.52121925354004,75.52121925354004,t_c701386b7c10b107____c8_0____3.csv;t_c701386b7c10b107____c8_0____4__t_c701386b7c10b107____c8_0____2_fair.csv;t_c701386b7c10b107____c8_0____4__t_c701386b7c10b107____c19_1____4_fair.csv;t_c701386b7c10b107____c8_0____4.csv;t_c701386b7c10b107____c8_0____3__t_c701386b7c10b107____c8_0____2_fair.csv;t_c701386b7c10b107____c8_0____3__t_c701386b7c10b107____c19_1____4_fair.csv;t_c701386b7c10b107____c8_0____1__t_c701386b7c10b107____c8_0____2_fair.csv;t_c701386b7c10b107____c8_0____1__t_c701386b7c10b107____c19_1____4_fair.csv;t_c701386b7c10b107____c8_0____0.csv;t_c701386b7c10b107____c8_0____0__t_c701386b7c10b107____c8_0____2_fair.csv,{}
tusLarge3,starmie,t_c701386b7c10b107____c8_0____2_fair.csv,20,1023,99,20,False,0.1055,0.6,0.011730205278592375,0.019550342130987292,147.88142275810242,147.88142275810242,t_c701386b7c10b107____c8_0____3.csv;t_c701386b7c10b107____c8_0____4__t_c701386b7c10b107____c8_0____2_fair.csv;t_c701386b7c10b107____c8_0____4__t_c701386b7c10b107____c19_1____4_fair.csv;t_c701386b7c10b107____c8_0____4.csv;t_c701386b7c10b107____c8_0____3__t_c701386b7c10b107____c8_0____2_fair.csv;t_c701386b7c10b107____c8_0____3__t_c701386b7c10b107____c19_1____4_fair.csv;t_c701386b7c10b107____c8_0____1__t_c701386b7c10b107____c8_0____2_fair.csv;t_c701386b7c10b107____c8_0____1__t_c701386b7c10b107____c19_1____4_fair.csv;t_c701386b7c10b107____c8_0____0.csv;t_c701386b7c10b107____c8_0____0__t_c701386b7c10b107____c8_0____2_fair.csv;t_c701386b7c10b107____c8_0____0__t_c701386b7c10b107____c19_1____4_fair.csv;t_c701386b7c10b107____c8_0____1.csv;t_c701386b7c10b107____c10_1____2__t_c701386b7c10b107____c20_0____0_fair.csv;t_c701386b7c10b107____c10_1____2__t_c701386b7c10b107____c16_0____0_fair.csv;t_c701386b7c10b107____c10_1____2.csv;t_c701386b7c10b107____c10_1____4.csv;t_c701386b7c10b107____c10_1____4__t_c701386b7c10b107____c20_0____0_fair.csv;t_c701386b7c10b107____c10_1____4__t_c701386b7c10b107____c16_0____0_fair.csv;t_c701386b7c10b107____c16_1____2__t_c701386b7c10b107____c9_0____1_fair.csv;t_c701386b7c10b107____c16_1____2__t_c701386b7c10b107____c7_0____1_fair.csv,{}
tusLarge3,starmie,t_93f3d6f7fc6aa6ff____c18_0____4_fair.csv,5,428,64,5,False,0.0668,1.0,0.011682242990654205,0.011682242990654205,88.34379708766937,88.34379708766937,t_93f3d6f7fc6aa6ff____c18_1____4__t_93f3d6f7fc6aa6ff____c6_1____1_fair.csv;t_93f3d6f7fc6aa6ff____c18_1____4__t_93f3d6f7fc6aa6ff____c18_0____4_fair.csv;t_93f3d6f7fc6aa6ff____c18_1____4__t_93f3d6f7fc6aa6ff____c12_1____0_fair.csv;t_93f3d6f7fc6aa6ff____c19_1____4__t_93f3d6f7fc6aa6ff____c6_1____1_fair.csv;t_93f3d6f7fc6aa6ff____c19_1____4__t_93f3d6f7fc6aa6ff____c18_0____4_fair.csv,{}
tusLarge3,starmie,t_93f3d6f7fc6aa6ff____c18_0____4_fair.csv,10,428,64,10,False,0.0392,1.0,0.02336448598130841,0.02336448598130841,175.78698766231537,175.78698766231537,t_93f3d6f7fc6aa6ff____c18_1____4__t_93f3d6f7fc6aa6ff____c6_1____1_fair.csv;t_93f3d6f7fc6aa6ff____c18_1____4__t_93f3d6f7fc6aa6ff____c18_0____4_fair.csv;t_93f3d6f7fc6aa6ff____c18_1____4__t_93f3d6f7fc6aa6ff____c12_1____0_fair.csv;t_93f3d6f7fc6aa6ff____c19_1____4__t_93f3d6f7fc6aa6ff____c6_1____1_fair.csv;t_93f3d6f7fc6aa6ff____c19_1____4__t_93f3d6f7fc6aa6ff____c18_0____4_fair.csv;t_93f3d6f7fc6aa6ff____c19_1____4__t_93f3d6f7fc6aa6ff____c12_1____0_fair.csv;t_93f3d6f7fc6aa6ff____c19_1____4.csv;t_93f3d6f7fc6aa6ff____c18_1____4.csv;t_93f3d6f7fc6aa6ff____c19_0____4__t_93f3d6f7fc6aa6ff____c6_1____1_fair.csv;t_93f3d6f7fc6aa6ff____c19_0____4__t_93f3d6f7fc6aa6ff____c18_0____4_fair.csv,{}
tusLarge3,starmie,t_93f3d6f7fc6aa6ff____c18_0____4_fair.csv,20,428,64,20,False,0.0207,1.0,0.04672897196261682,0.04672897196261682,348.1156637072563,348.1156637072563,t_93f3d6f7fc6aa6ff____c18_1____4__t_93f3d6f7fc6aa6ff____c6_1____1_fair.csv;t_93f3d6f7fc6aa6ff____c18_1____4__t_93f3d6f7fc6aa6ff____c18_0____4_fair.csv;t_93f3d6f7fc6aa6ff____c18_1____4__t_93f3d6f7fc6aa6ff____c12_1____0_fair.csv;t_93f3d6f7fc6aa6ff____c19_1____4__t_93f3d6f7fc6aa6ff____c6_1____1_fair.csv;t_93f3d6f7fc6aa6ff____c19_1____4__t_93f3d6f7fc6aa6ff____c18_0____4_fair.csv;t_93f3d6f7fc6aa6ff____c19_1____4__t_93f3d6f7fc6aa6ff____c12_1____0_fair.csv;t_93f3d6f7fc6aa6ff____c19_1____4.csv;t_93f3d6f7fc6aa6ff____c18_1____4.csv;t_93f3d6f7fc6aa6ff____c19_0____4__t_93f3d6f7fc6aa6ff____c6_1____1_fair.csv;t_93f3d6f7fc6aa6ff____c19_0____4__t_93f3d6f7fc6aa6ff____c18_0____4_fair.csv;t_93f3d6f7fc6aa6ff____c19_0____4__t_93f3d6f7fc6aa6ff____c12_1____0_fair.csv;t_93f3d6f7fc6aa6ff____c19_0____4.csv;t_93f3d6f7fc6aa6ff____c20_1____4__t_93f3d6f7fc6aa6ff____c6_1____1_fair.csv;t_93f3d6f7fc6aa6ff____c20_1____4__t_93f3d6f7fc6aa6ff____c18_0____4_fair.csv;t_93f3d6f7fc6aa6ff____c20_1____4__t_93f3d6f7fc6aa6ff____c12_1____0_fair.csv;t_93f3d6f7fc6aa6ff____c21_0____4__t_93f3d6f7fc6aa6ff____c6_1____1_fair.csv;t_93f3d6f7fc6aa6ff____c21_0____4__t_93f3d6f7fc6aa6ff____c18_0____4_fair.csv;t_93f3d6f7fc6aa6ff____c21_0____4__t_93f3d6f7fc6aa6ff____c12_1____0_fair.csv;t_93f3d6f7fc6aa6ff____c20_1____4.csv;t_93f3d6f7fc6aa6ff____c20_0____4__t_93f3d6f7fc6aa6ff____c18_0____4_fair.csv,{}
tusLarge3,starmie,t_c701386b7c10b107____c9_0____1_fair.csv,5,1053,113,5,False,0.1652,1.0,0.004748338081671415,0.004748338081671415,43.74763059616089,43.74763059616089,t_c701386b7c10b107____c9_0____0.csv;t_c701386b7c10b107____c9_0____3__t_c701386b7c10b107____c9_0____1_fair.csv;t_c701386b7c10b107____c9_0____3__t_c701386b7c10b107____c8_0____2_fair.csv;t_c701386b7c10b107____c9_0____3__t_c701386b7c10b107____c5_0____1_fair.csv;t_c701386b7c10b107____c9_0____3__t_c701386b7c10b107____c19_1____4_fair.csv,{}
tusLarge3,starmie,t_c701386b7c10b107____c9_0____1_fair.csv,10,1053,113,10,False,0.1324,1.0,0.00949667616334283,0.00949667616334283,86.73241257667542,86.73241257667542,t_c701386b7c10b107____c9_0____0.csv;t_c701386b7c10b107____c9_0____3__t_c701386b7c10b107____c9_0____1_fair.csv;t_c701386b7c10b107____c9_0____3__t_c701386b7c10b107____c8_0____2_fair.csv;t_c701386b7c10b107____c9_0____3__t_c701386b7c10b107____c5_0____1_fair.csv;t_c701386b7c10b107____c9_0____3__t_c701386b7c10b107____c19_1____4_fair.csv;t_c701386b7c10b107____c9_0____3.csv;t_c701386b7c10b107____c10_0____1__t_c701386b7c10b107____c9_0____1_fair.csv;t_c701386b7c10b107____c10_0____1__t_c701386b7c10b107____c7_0____1_fair.csv;t_c701386b7c10b107____c10_0____1__t_c701386b7c10b107____c5_0____1_fair.csv;t_c701386b7c10b107____c10_0____1__t_c701386b7c10b107____c14_1____3_fair.csv,{}
tusLarge3,starmie,t_c701386b7c10b107____c9_0____1_fair.csv,20,1053,113,20,False,0.0911,1.0,0.01899335232668566,0.01899335232668566,171.91561818122864,171.91561818122864,t_c701386b7c10b107____c9_0____0.csv;t_c701386b7c10b107____c9_0____3__t_c701386b7c10b107____c9_0____1_fair.csv;t_c701386b7c10b107____c9_0____3__t_c701386b7c10b107____c8_0____2_fair.csv;t_c701386b7c10b107____c9_0____3__t_c701386b7c10b107____c5_0____1_fair.csv;t_c701386b7c10b107____c9_0____3__t_c701386b7c10b107____c19_1____4_fair.csv;t_c701386b7c10b107____c9_0____3.csv;t_c701386b7c10b107____c10_0____1__t_c701386b7c10b107____c9_0____1_fair.csv;t_c701386b7c10b107____c10_0____1__t_c701386b7c10b107____c7_0____1_fair.csv;t_c701386b7c10b107____c10_0____1__t_c701386b7c10b107____c5_0____1_fair.csv;t_c701386b7c10b107____c10_0____1__t_c701386b7c10b107____c14_1____3_fair.csv;t_c701386b7c10b107____c9_0____0__t_c701386b7c10b107____c9_0____1_fair.csv;t_c701386b7c10b107____c9_0____0__t_c701386b7c10b107____c8_0____2_fair.csv;t_c701386b7c10b107____c9_0____0__t_c701386b7c10b107____c5_0____1_fair.csv;t_c701386b7c10b107____c9_0____0__t_c701386b7c10b107____c19_1____4_fair.csv;t_c701386b7c10b107____c11_0____0__t_c701386b7c10b107____c9_0____1_fair.csv;t_c701386b7c10b107____c11_0____0__t_c701386b7c10b107____c5_0____1_fair.csv;t_c701386b7c10b107____c11_0____0__t_c701386b7c10b107____c20_0____0_fair.csv;t_c701386b7c10b107____c11_0____0__t_c701386b7c10b107____c16_0____0_fair.csv;t_c701386b7c10b107____c9_0____4.csv;t_c701386b7c10b107____c11_0____0.csv,{}
tusLarge3,starmie,t_c701386b7c10b107____c16_0____0_fair.csv,5,909,68,5,False,0.077,0.0,0.0,0.005500550055005501,75.58851087093353,75.58851087093353,t_c701386b7c10b107____c19_1____1.csv;t_c701386b7c10b107____c19_1____1__t_c701386b7c10b107____c9_0____1_fair.csv;t_c701386b7c10b107____c19_1____1__t_c701386b7c10b107____c8_0____2_fair.csv;t_c701386b7c10b107____c19_1____1__t_c701386b7c10b107____c7_0____1_fair.csv;t_c701386b7c10b107____c19_1____1__t_c701386b7c10b107____c5_0____1_fair.csv,{}
tusLarge3,starmie,t_c701386b7c10b107____c16_0____0_fair.csv,10,909,68,10,False,0.0399,0.1,0.0011001100110011,0.011001100110011002,151.1020851135254,151.1020851135254,t_c701386b7c10b107____c19_1____1.csv;t_c701386b7c10b107____c19_1____1__t_c701386b7c10b107____c9_0____1_fair.csv;t_c701386b7c10b107____c19_1____1__t_c701386b7c10b107____c8_0____2_fair.csv;t_c701386b7c10b107____c19_1____1__t_c701386b7c10b107____c7_0____1_fair.csv;t_c701386b7c10b107____c19_1____1__t_c701386b7c10b107____c5_0____1_fair.csv;t_c701386b7c10b107____c19_1____1__t_c701386b7c10b107____c20_0____0_fair.csv;t_c701386b7c10b107____c19_1____1__t_c701386b7c10b107____c19_1____4_fair.csv;t_c701386b7c10b107____c19_1____1__t_c701386b7c10b107____c18_1____3_fair.csv;t_c701386b7c10b107____c19_1____1__t_c701386b7c10b107____c14_1____3_fair.csv;t_c701386b7c10b107____c17_0____0__t_c701386b7c10b107____c9_0____1_fair.csv,{}
tusLarge3,starmie,t_c701386b7c10b107____c16_0____0_fair.csv,20,909,68,20,False,0.0207,0.55,0.0121012101210121,0.022002200220022004,301.6109142303467,301.6109142303467,t_c701386b7c10b107____c19_1____1.csv;t_c701386b7c10b107____c19_1____1__t_c701386b7c10b107____c9_0____1_fair.csv;t_c701386b7c10b107____c19_1____1__t_c701386b7c10b107____c8_0____2_fair.csv;t_c701386b7c10b107____c19_1____1__t_c701386b7c10b107____c7_0____1_fair.csv;t_c701386b7c10b107____c19_1____1__t_c701386b7c10b107____c5_0____1_fair.csv;t_c701386b7c10b107____c19_1____1__t_c701386b7c10b107____c20_0____0_fair.csv;t_c701386b7c10b107____c19_1____1__t_c701386b7c10b107____c19_1____4_fair.csv;t_c701386b7c10b107____c19_1____1__t_c701386b7c10b107____c18_1____3_fair.csv;t_c701386b7c10b107____c19_1____1__t_c701386b7c10b107____c14_1____3_fair.csv;t_c701386b7c10b107____c17_0____0__t_c701386b7c10b107____c9_0____1_fair.csv;t_c701386b7c10b107____c17_0____0__t_c701386b7c10b107____c8_0____2_fair.csv;t_c701386b7c10b107____c17_0____0__t_c701386b7c10b107____c7_0____1_fair.csv;t_c701386b7c10b107____c17_0____0__t_c701386b7c10b107____c5_0____1_fair.csv;t_c701386b7c10b107____c17_0____0__t_c701386b7c10b107____c20_0____0_fair.csv;t_c701386b7c10b107____c17_0____0__t_c701386b7c10b107____c19_1____4_fair.csv;t_c701386b7c10b107____c17_0____0__t_c701386b7c10b107____c18_1____3_fair.csv;t_c701386b7c10b107____c17_0____0__t_c701386b7c10b107____c16_0____0_fair.csv;t_c701386b7c10b107____c17_0____0__t_c701386b7c10b107____c14_1____3_fair.csv;t_c701386b7c10b107____c17_0____4__t_c701386b7c10b107____c9_0____1_fair.csv;t_c701386b7c10b107____c17_0____4__t_c701386b7c10b107____c8_0____2_fair.csv,{}
tusLarge3,starmie,t_ca85e8f9eef5b9d5____c10_0____0_fair.csv,5,886,90,5,False,0.0752,0.0,0.0,0.0056433408577878106,46.14598125219345,46.14598125219345,t_ca85e8f9eef5b9d5____c13_1____0__t_ca85e8f9eef5b9d5____c9_1____4_fair.csv;t_ca85e8f9eef5b9d5____c13_1____0__t_ca85e8f9eef5b9d5____c20_0____2_fair.csv;t_ca85e8f9eef5b9d5____c13_1____0__t_ca85e8f9eef5b9d5____c1_0____2_fair.csv;t_ca85e8f9eef5b9d5____c13_1____0__t_ca85e8f9eef5b9d5____c19_0____4_fair.csv;t_ca85e8f9eef5b9d5____c13_1____0__t_ca85e8f9eef5b9d5____c17_0____3_fair.csv,{}
tusLarge3,starmie,t_ca85e8f9eef5b9d5____c10_0____0_fair.csv,10,886,90,10,False,0.0505,0.2,0.002257336343115124,0.011286681715575621,92.28422498703003,92.28422498703003,t_ca85e8f9eef5b9d5____c13_1____0__t_ca85e8f9eef5b9d5____c9_1____4_fair.csv;t_ca85e8f9eef5b9d5____c13_1____0__t_ca85e8f9eef5b9d5____c20_0____2_fair.csv;t_ca85e8f9eef5b9d5____c13_1____0__t_ca85e8f9eef5b9d5____c1_0____2_fair.csv;t_ca85e8f9eef5b9d5____c13_1____0__t_ca85e8f9eef5b9d5____c19_0____4_fair.csv;t_ca85e8f9eef5b9d5____c13_1____0__t_ca85e8f9eef5b9d5____c17_0____3_fair.csv;t_ca85e8f9eef5b9d5____c13_1____0__t_ca85e8f9eef5b9d5____c15_1____1_fair.csv;t_ca85e8f9eef5b9d5____c13_1____0__t_ca85e8f9eef5b9d5____c14_1____2_fair.csv;t_ca85e8f9eef5b9d5____c13_1____0.csv;t_ca85e8f9eef5b9d5____c10_0____4.csv;t_ca85e8f9eef5b9d5____c10_0____4__t_ca85e8f9eef5b9d5____c9_1____4_fair.csv,{}
tusLarge3,starmie,t_ca85e8f9eef5b9d5____c10_0____0_fair.csv,20,886,90,20,False,0.0704,0.6,0.013544018058690745,0.022573363431151242,184.48100745677948,184.48100745677948,t_ca85e8f9eef5b9d5____c13_1____0__t_ca85e8f9eef5b9d5____c9_1____4_fair.csv;t_ca85e8f9eef5b9d5____c13_1____0__t_ca85e8f9eef5b9d5____c20_0____2_fair.csv;t_ca85e8f9eef5b9d5____c13_1____0__t_ca85e8f9eef5b9d5____c1_0____2_fair.csv;t_ca85e8f9eef5b9d5____c13_1____0__t_ca85e8f9eef5b9d5____c19_0____4_fair.csv;t_ca85e8f9eef5b9d5____c13_1____0__t_ca85e8f9eef5b9d5____c17_0____3_fair.csv;t_ca85e8f9eef5b9d5____c13_1____0__t_ca85e8f9eef5b9d5____c15_1____1_fair.csv;t_ca85e8f9eef5b9d5____c13_1____0__t_ca85e8f9eef5b9d5____c14_1____2_fair.csv;t_ca85e8f9eef5b9d5____c13_1____0.csv;t_ca85e8f9eef5b9d5____c10_0____4.csv;t_ca85e8f9eef5b9d5____c10_0____4__t_ca85e8f9eef5b9d5____c9_1____4_fair.csv;t_ca85e8f9eef5b9d5____c10_0____4__t_ca85e8f9eef5b9d5____c1_0____2_fair.csv;t_ca85e8f9eef5b9d5____c10_0____4__t_ca85e8f9eef5b9d5____c19_0____4_fair.csv;t_ca85e8f9eef5b9d5____c10_0____4__t_ca85e8f9eef5b9d5____c17_0____3_fair.csv;t_ca85e8f9eef5b9d5____c10_0____4__t_ca85e8f9eef5b9d5____c15_1____1_fair.csv;t_ca85e8f9eef5b9d5____c10_0____4__t_ca85e8f9eef5b9d5____c14_1____2_fair.csv;t_ca85e8f9eef5b9d5____c10_0____4__t_ca85e8f9eef5b9d5____c10_1____1_fair.csv;t_ca85e8f9eef5b9d5____c10_0____4__t_ca85e8f9eef5b9d5____c10_1____0_fair.csv;t_ca85e8f9eef5b9d5____c10_0____4__t_ca85e8f9eef5b9d5____c10_0____0_fair.csv;t_ca85e8f9eef5b9d5____c15_1____0__t_ca85e8f9eef5b9d5____c8_0____4_fair.csv;t_ca85e8f9eef5b9d5____c15_1____0__t_ca85e8f9eef5b9d5____c22_0____1_fair.csv,{}
tusLarge3,starmie,t_ca85e8f9eef5b9d5____c10_1____1_fair.csv,5,886,116,5,False,0.2078,1.0,0.0056433408577878106,0.0056433408577878106,49.25616413354874,49.25616413354874,t_ca85e8f9eef5b9d5____c10_1____4__t_ca85e8f9eef5b9d5____c8_0____4_fair.csv;t_ca85e8f9eef5b9d5____c10_1____4__t_ca85e8f9eef5b9d5____c22_0____1_fair.csv;t_ca85e8f9eef5b9d5____c10_1____4__t_ca85e8f9eef5b9d5____c15_1____1_fair.csv;t_ca85e8f9eef5b9d5____c10_1____4__t_ca85e8f9eef5b9d5____c10_1____1_fair.csv;t_ca85e8f9eef5b9d5____c10_1____4__t_ca85e8f9eef5b9d5____c10_1____0_fair.csv,{}
tusLarge3,starmie,t_ca85e8f9eef5b9d5____c10_1____1_fair.csv,10,886,116,10,False,0.1546,1.0,0.011286681715575621,0.011286681715575621,98.41230547428131,98.41230547428131,t_ca85e8f9eef5b9d5____c10_1____4__t_ca85e8f9eef5b9d5____c8_0____4_fair.csv;t_ca85e8f9eef5b9d5____c10_1____4__t_ca85e8f9eef5b9d5____c22_0____1_fair.csv;t_ca85e8f9eef5b9d5____c10_1____4__t_ca85e8f9eef5b9d5____c15_1____1_fair.csv;t_ca85e8f9eef5b9d5____c10_1____4__t_ca85e8f9eef5b9d5____c10_1____1_fair.csv;t_ca85e8f9eef5b9d5____c10_1____4__t_ca85e8f9eef5b9d5____c10_1____0_fair.csv;t_ca85e8f9eef5b9d5____c10_1____4__t_ca85e8f9eef5b9d5____c10_0____0_fair.csv;t_ca85e8f9eef5b9d5____c10_1____4.csv;t_ca85e8f9eef5b9d5____c10_1____2__t_ca85e8f9eef5b9d5____c8_0____4_fair.csv;t_ca85e8f9eef5b9d5____c10_1____2__t_ca85e8f9eef5b9d5____c22_0____1_fair.csv;t_ca85e8f9eef5b9d5____c10_1____2__t_ca85e8f9eef5b9d5____c15_1____1_fair.csv,{}
tusLarge3,starmie,t_ca85e8f9eef5b9d5____c10_1____1_fair.csv,20,886,116,20,False,0.1577,1.0,0.022573363431151242,0.022573363431151242,196.5707950592041,196.5707950592041,t_ca85e8f9eef5b9d5____c10_1____4__t_ca85e8f9eef5b9d5____c8_0____4_fair.csv;t_ca85e8f9eef5b9d5____c10_1____4__t_ca85e8f9eef5b9d5____c22_0____1_fair.csv;t_ca85e8f9eef5b9d5____c10_1____4__t_ca85e8f9eef5b9d5____c15_1____1_fair.csv;t_ca85e8f9eef5b9d5____c10_1____4__t_ca85e8f9eef5b9d5____c10_1____1_fair.csv;t_ca85e8f9eef5b9d5____c10_1____4__t_ca85e8f9eef5b9d5____c10_1____0_fair.csv;t_ca85e8f9eef5b9d5____c10_1____4__t_ca85e8f9eef5b9d5____c10_0____0_fair.csv;t_ca85e8f9eef5b9d5____c10_1____4.csv;t_ca85e8f9eef5b9d5____c10_1____2__t_ca85e8f9eef5b9d5____c8_0____4_fair.csv;t_ca85e8f9eef5b9d5____c10_1____2__t_ca85e8f9eef5b9d5____c22_0____1_fair.csv;t_ca85e8f9eef5b9d5____c10_1____2__t_ca85e8f9eef5b9d5____c15_1____1_fair.csv;t_ca85e8f9eef5b9d5____c10_1____2__t_ca85e8f9eef5b9d5____c10_1____1_fair.csv;t_ca85e8f9eef5b9d5____c10_1____2__t_ca85e8f9eef5b9d5____c10_1____0_fair.csv;t_ca85e8f9eef5b9d5____c10_1____2__t_ca85e8f9eef5b9d5____c10_0____0_fair.csv;t_ca85e8f9eef5b9d5____c10_1____3__t_ca85e8f9eef5b9d5____c8_0____4_fair.csv;t_ca85e8f9eef5b9d5____c10_1____3__t_ca85e8f9eef5b9d5____c22_0____1_fair.csv;t_ca85e8f9eef5b9d5____c10_1____3__t_ca85e8f9eef5b9d5____c15_1____1_fair.csv;t_ca85e8f9eef5b9d5____c10_1____3__t_ca85e8f9eef5b9d5____c10_1____1_fair.csv;t_ca85e8f9eef5b9d5____c10_1____3__t_ca85e8f9eef5b9d5____c10_1____0_fair.csv;t_ca85e8f9eef5b9d5____c10_1____3__t_ca85e8f9eef5b9d5____c10_0____0_fair.csv;t_ca85e8f9eef5b9d5____c10_1____3.csv,{}
tusLarge3,starmie,t_ca85e8f9eef5b9d5____c10_1____0_fair.csv,5,893,125,5,False,0.2649,1.0,0.005599104143337066,0.005599104143337066,49.098184406757355,49.098184406757355,t_ca85e8f9eef5b9d5____c10_1____4__t_ca85e8f9eef5b9d5____c8_0____4_fair.csv;t_ca85e8f9eef5b9d5____c10_1____4__t_ca85e8f9eef5b9d5____c22_0____1_fair.csv;t_ca85e8f9eef5b9d5____c10_1____4__t_ca85e8f9eef5b9d5____c15_1____1_fair.csv;t_ca85e8f9eef5b9d5____c10_1____4__t_ca85e8f9eef5b9d5____c10_1____1_fair.csv;t_ca85e8f9eef5b9d5____c10_1____4__t_ca85e8f9eef5b9d5____c10_1____0_fair.csv,{}
tusLarge3,starmie,t_ca85e8f9eef5b9d5____c10_1____0_fair.csv,10,893,125,10,False,0.2336,1.0,0.011198208286674132,0.011198208286674132,97.77402693033218,97.77402693033218,t_ca85e8f9eef5b9d5____c10_1____4__t_ca85e8f9eef5b9d5____c8_0____4_fair.csv;t_ca85e8f9eef5b9d5____c10_1____4__t_ca85e8f9eef5b9d5____c22_0____1_fair.csv;t_ca85e8f9eef5b9d5____c10_1____4__t_ca85e8f9eef5b9d5____c15_1____1_fair.csv;t_ca85e8f9eef5b9d5____c10_1____4__t_ca85e8f9eef5b9d5____c10_1____1_fair.csv;t_ca85e8f9eef5b9d5____c10_1____4__t_ca85e8f9eef5b9d5____c10_1____0_fair.csv;t_ca85e8f9eef5b9d5____c10_1____4__t_ca85e8f9eef5b9d5____c10_0____0_fair.csv;t_ca85e8f9eef5b9d5____c10_1____4.csv;t_ca85e8f9eef5b9d5____c10_1____2__t_ca85e8f9eef5b9d5____c8_0____4_fair.csv;t_ca85e8f9eef5b9d5____c10_1____2__t_ca85e8f9eef5b9d5____c22_0____1_fair.csv;t_ca85e8f9eef5b9d5____c10_1____2__t_ca85e8f9eef5b9d5____c15_1____1_fair.csv,{}
tusLarge3,starmie,t_ca85e8f9eef5b9d5____c10_1____0_fair.csv,20,893,125,20,False,0.2389,1.0,0.022396416573348264,0.022396416573348264,194.24615532159805,194.24615532159805,t_ca85e8f9eef5b9d5____c10_1____4__t_ca85e8f9eef5b9d5____c8_0____4_fair.csv;t_ca85e8f9eef5b9d5____c10_1____4__t_ca85e8f9eef5b9d5____c22_0____1_fair.csv;t_ca85e8f9eef5b9d5____c10_1____4__t_ca85e8f9eef5b9d5____c15_1____1_fair.csv;t_ca85e8f9eef5b9d5____c10_1____4__t_ca85e8f9eef5b9d5____c10_1____1_fair.csv;t_ca85e8f9eef5b9d5____c10_1____4__t_ca85e8f9eef5b9d5____c10_1____0_fair.csv;t_ca85e8f9eef5b9d5____c10_1____4__t_ca85e8f9eef5b9d5____c10_0____0_fair.csv;t_ca85e8f9eef5b9d5____c10_1____4.csv;t_ca85e8f9eef5b9d5____c10_1____2__t_ca85e8f9eef5b9d5____c8_0____4_fair.csv;t_ca85e8f9eef5b9d5____c10_1____2__t_ca85e8f9eef5b9d5____c22_0____1_fair.csv;t_ca85e8f9eef5b9d5____c10_1____2__t_ca85e8f9eef5b9d5____c15_1____1_fair.csv;t_ca85e8f9eef5b9d5____c10_1____2__t_ca85e8f9eef5b9d5____c10_1____1_fair.csv;t_ca85e8f9eef5b9d5____c10_1____2__t_ca85e8f9eef5b9d5____c10_1____0_fair.csv;t_ca85e8f9eef5b9d5____c10_1____2__t_ca85e8f9eef5b9d5____c10_0____0_fair.csv;t_ca85e8f9eef5b9d5____c10_1____3__t_ca85e8f9eef5b9d5____c8_0____4_fair.csv;t_ca85e8f9eef5b9d5____c10_1____3__t_ca85e8f9eef5b9d5____c22_0____1_fair.csv;t_ca85e8f9eef5b9d5____c10_1____3__t_ca85e8f9eef5b9d5____c15_1____1_fair.csv;t_ca85e8f9eef5b9d5____c10_1____3__t_ca85e8f9eef5b9d5____c10_1____1_fair.csv;t_ca85e8f9eef5b9d5____c10_1____3__t_ca85e8f9eef5b9d5____c10_1____0_fair.csv;t_ca85e8f9eef5b9d5____c10_1____3__t_ca85e8f9eef5b9d5____c10_0____0_fair.csv;t_ca85e8f9eef5b9d5____c10_1____3.csv,{}
tusLarge3,starmie,t_ca85e8f9eef5b9d5____c1_0____2_fair.csv,5,1029,446,5,False,0.2259,1.0,0.004859086491739553,0.004859086491739553,4.942938983440399,4.942938983440399,t_ca85e8f9eef5b9d5____c1_0____3__t_ca85e8f9eef5b9d5____c9_1____4_fair.csv;t_ca85e8f9eef5b9d5____c1_0____3__t_ca85e8f9eef5b9d5____c1_0____2_fair.csv;t_ca85e8f9eef5b9d5____c1_0____3__t_ca85e8f9eef5b9d5____c19_0____4_fair.csv;t_ca85e8f9eef5b9d5____c1_0____3__t_ca85e8f9eef5b9d5____c17_0____3_fair.csv;t_ca85e8f9eef5b9d5____c1_0____0__t_ca85e8f9eef5b9d5____c9_1____4_fair.csv,{}
tusLarge3,starmie,t_ca85e8f9eef5b9d5____c1_0____2_fair.csv,10,1029,446,10,False,0.242,1.0,0.009718172983479106,0.009718172983479106,9.882062792778015,9.882062792778015,t_ca85e8f9eef5b9d5____c1_0____3__t_ca85e8f9eef5b9d5____c9_1____4_fair.csv;t_ca85e8f9eef5b9d5____c1_0____3__t_ca85e8f9eef5b9d5____c1_0____2_fair.csv;t_ca85e8f9eef5b9d5____c1_0____3__t_ca85e8f9eef5b9d5____c19_0____4_fair.csv;t_ca85e8f9eef5b9d5____c1_0____3__t_ca85e8f9eef5b9d5____c17_0____3_fair.csv;t_ca85e8f9eef5b9d5____c1_0____0__t_ca85e8f9eef5b9d5____c9_1____4_fair.csv;t_ca85e8f9eef5b9d5____c1_0____0__t_ca85e8f9eef5b9d5____c1_0____2_fair.csv;t_ca85e8f9eef5b9d5____c1_0____0__t_ca85e8f9eef5b9d5____c19_0____4_fair.csv;t_ca85e8f9eef5b9d5____c1_0____0__t_ca85e8f9eef5b9d5____c17_0____3_fair.csv;t_ca85e8f9eef5b9d5____c1_0____4__t_ca85e8f9eef5b9d5____c9_1____4_fair.csv;t_ca85e8f9eef5b9d5____c1_0____4__t_ca85e8f9eef5b9d5____c1_0____2_fair.csv,{}
tusLarge3,starmie,t_ca85e8f9eef5b9d5____c1_0____2_fair.csv,20,1029,446,20,False,0.24,0.8,0.015549076773566569,0.019436345966958212,19.674689173698425,19.674689173698425,t_ca85e8f9eef5b9d5____c1_0____3__t_ca85e8f9eef5b9d5____c9_1____4_fair.csv;t_ca85e8f9eef5b9d5____c1_0____3__t_ca85e8f9eef5b9d5____c1_0____2_fair.csv;t_ca85e8f9eef5b9d5____c1_0____3__t_ca85e8f9eef5b9d5____c19_0____4_fair.csv;t_ca85e8f9eef5b9d5____c1_0____3__t_ca85e8f9eef5b9d5____c17_0____3_fair.csv;t_ca85e8f9eef5b9d5____c1_0____0__t_ca85e8f9eef5b9d5____c9_1____4_fair.csv;t_ca85e8f9eef5b9d5____c1_0____0__t_ca85e8f9eef5b9d5____c1_0____2_fair.csv;t_ca85e8f9eef5b9d5____c1_0____0__t_ca85e8f9eef5b9d5____c19_0____4_fair.csv;t_ca85e8f9eef5b9d5____c1_0____0__t_ca85e8f9eef5b9d5____c17_0____3_fair.csv;t_ca85e8f9eef5b9d5____c1_0____4__t_ca85e8f9eef5b9d5____c9_1____4_fair.csv;t_ca85e8f9eef5b9d5____c1_0____4__t_ca85e8f9eef5b9d5____c1_0____2_fair.csv;t_ca85e8f9eef5b9d5____c1_0____4__t_ca85e8f9eef5b9d5____c19_0____4_fair.csv;t_ca85e8f9eef5b9d5____c1_0____4__t_ca85e8f9eef5b9d5____c17_0____3_fair.csv;t_ca85e8f9eef5b9d5____c1_0____1__t_ca85e8f9eef5b9d5____c9_1____4_fair.csv;t_ca85e8f9eef5b9d5____c1_0____1__t_ca85e8f9eef5b9d5____c1_0____2_fair.csv;t_ca85e8f9eef5b9d5____c1_0____1__t_ca85e8f9eef5b9d5____c19_0____4_fair.csv;t_ca85e8f9eef5b9d5____c1_0____1__t_ca85e8f9eef5b9d5____c17_0____3_fair.csv;t_1d580f266b2a923b____c1_1____2__t_1d580f266b2a923b____c11_1____2_fair.csv;t_bd6030667b3d0d9a____c1_1____2__t_bd6030667b3d0d9a____c5_0____4_fair.csv;t_6047be0d6255e98d____c1_1____0__t_6047be0d6255e98d____c6_0____0_fair.csv;t_1d580f266b2a923b____c1_1____4__t_1d580f266b2a923b____c7_0____3_fair.csv,{}
tusLarge3,starmie,t_ca85e8f9eef5b9d5____c14_1____2_fair.csv,5,1129,91,5,False,0.2199,1.0,0.0044286979627989375,0.0044286979627989375,68.51226478815079,68.51226478815079,t_ca85e8f9eef5b9d5____c14_1____4__t_ca85e8f9eef5b9d5____c20_0____2_fair.csv;t_ca85e8f9eef5b9d5____c14_1____4__t_ca85e8f9eef5b9d5____c14_1____2_fair.csv;t_ca85e8f9eef5b9d5____c14_1____4__t_ca85e8f9eef5b9d5____c10_1____1_fair.csv;t_ca85e8f9eef5b9d5____c14_1____4__t_ca85e8f9eef5b9d5____c10_1____0_fair.csv;t_ca85e8f9eef5b9d5____c14_1____4__t_ca85e8f9eef5b9d5____c10_0____0_fair.csv,{}
tusLarge3,starmie,t_ca85e8f9eef5b9d5____c14_1____2_fair.csv,10,1129,91,10,False,0.1788,1.0,0.008857395925597875,0.008857395925597875,136.82236278057098,136.82236278057098,t_ca85e8f9eef5b9d5____c14_1____4__t_ca85e8f9eef5b9d5____c20_0____2_fair.csv;t_ca85e8f9eef5b9d5____c14_1____4__t_ca85e8f9eef5b9d5____c14_1____2_fair.csv;t_ca85e8f9eef5b9d5____c14_1____4__t_ca85e8f9eef5b9d5____c10_1____1_fair.csv;t_ca85e8f9eef5b9d5____c14_1____4__t_ca85e8f9eef5b9d5____c10_1____0_fair.csv;t_ca85e8f9eef5b9d5____c14_1____4__t_ca85e8f9eef5b9d5____c10_0____0_fair.csv;t_ca85e8f9eef5b9d5____c14_1____4.csv;t_ca85e8f9eef5b9d5____c14_1____1__t_ca85e8f9eef5b9d5____c20_0____2_fair.csv;t_ca85e8f9eef5b9d5____c14_1____1__t_ca85e8f9eef5b9d5____c14_1____2_fair.csv;t_ca85e8f9eef5b9d5____c14_1____1__t_ca85e8f9eef5b9d5____c10_1____1_fair.csv;t_ca85e8f9eef5b9d5____c14_1____1__t_ca85e8f9eef5b9d5____c10_1____0_fair.csv,{}
tusLarge3,starmie,t_ca85e8f9eef5b9d5____c14_1____2_fair.csv,20,1129,91,20,False,0.0979,1.0,0.01771479185119575,0.01771479185119575,272.80030381679535,272.80030381679535,t_ca85e8f9eef5b9d5____c14_1____4__t_ca85e8f9eef5b9d5____c20_0____2_fair.csv;t_ca85e8f9eef5b9d5____c14_1____4__t_ca85e8f9eef5b9d5____c14_1____2_fair.csv;t_ca85e8f9eef5b9d5____c14_1____4__t_ca85e8f9eef5b9d5____c10_1____1_fair.csv;t_ca85e8f9eef5b9d5____c14_1____4__t_ca85e8f9eef5b9d5____c10_1____0_fair.csv;t_ca85e8f9eef5b9d5____c14_1____4__t_ca85e8f9eef5b9d5____c10_0____0_fair.csv;t_ca85e8f9eef5b9d5____c14_1____4.csv;t_ca85e8f9eef5b9d5____c14_1____1__t_ca85e8f9eef5b9d5____c20_0____2_fair.csv;t_ca85e8f9eef5b9d5____c14_1____1__t_ca85e8f9eef5b9d5____c14_1____2_fair.csv;t_ca85e8f9eef5b9d5____c14_1____1__t_ca85e8f9eef5b9d5____c10_1____1_fair.csv;t_ca85e8f9eef5b9d5____c14_1____1__t_ca85e8f9eef5b9d5____c10_1____0_fair.csv;t_ca85e8f9eef5b9d5____c14_1____1__t_ca85e8f9eef5b9d5____c10_0____0_fair.csv;t_ca85e8f9eef5b9d5____c14_1____1.csv;t_ca85e8f9eef5b9d5____c14_1____0__t_ca85e8f9eef5b9d5____c20_0____2_fair.csv;t_ca85e8f9eef5b9d5____c14_1____0__t_ca85e8f9eef5b9d5____c14_1____2_fair.csv;t_ca85e8f9eef5b9d5____c14_1____0__t_ca85e8f9eef5b9d5____c10_1____1_fair.csv;t_ca85e8f9eef5b9d5____c14_1____0__t_ca85e8f9eef5b9d5____c10_1____0_fair.csv;t_ca85e8f9eef5b9d5____c14_1____0__t_ca85e8f9eef5b9d5____c10_0____0_fair.csv;t_ca85e8f9eef5b9d5____c14_1____0.csv;t_ca85e8f9eef5b9d5____c14_1____3__t_ca85e8f9eef5b9d5____c20_0____2_fair.csv;t_ca85e8f9eef5b9d5____c14_1____3__t_ca85e8f9eef5b9d5____c14_1____2_fair.csv,{}
tusLarge3,starmie,t_c701386b7c10b107____c18_1____3_fair.csv,5,845,62,5,False,0.071,1.0,0.005917159763313609,0.005917159763313609,85.63847839832306,85.63847839832306,t_c701386b7c10b107____c21_1____3__t_c701386b7c10b107____c9_0____1_fair.csv;t_c701386b7c10b107____c21_1____3__t_c701386b7c10b107____c8_0____2_fair.csv;t_c701386b7c10b107____c21_1____3__t_c701386b7c10b107____c7_0____1_fair.csv;t_c701386b7c10b107____c21_1____3__t_c701386b7c10b107____c5_0____1_fair.csv;t_c701386b7c10b107____c21_1____3__t_c701386b7c10b107____c3_0____0_fair.csv,{}
tusLarge3,starmie,t_c701386b7c10b107____c18_1____3_fair.csv,10,845,62,10,False,0.0387,1.0,0.011834319526627219,0.011834319526627219,171.27695679664612,171.27695679664612,t_c701386b7c10b107____c21_1____3__t_c701386b7c10b107____c9_0____1_fair.csv;t_c701386b7c10b107____c21_1____3__t_c701386b7c10b107____c8_0____2_fair.csv;t_c701386b7c10b107____c21_1____3__t_c701386b7c10b107____c7_0____1_fair.csv;t_c701386b7c10b107____c21_1____3__t_c701386b7c10b107____c5_0____1_fair.csv;t_c701386b7c10b107____c21_1____3__t_c701386b7c10b107____c3_0____0_fair.csv;t_c701386b7c10b107____c21_1____3__t_c701386b7c10b107____c19_1____4_fair.csv;t_c701386b7c10b107____c21_1____3__t_c701386b7c10b107____c18_1____3_fair.csv;t_c701386b7c10b107____c21_1____3__t_c701386b7c10b107____c16_0____0_fair.csv;t_c701386b7c10b107____c21_1____3__t_c701386b7c10b107____c14_1____3_fair.csv;t_c701386b7c10b107____c21_1____3__t_c701386b7c10b107____c11_1____2_fair.csv,{}
tusLarge3,starmie,t_c701386b7c10b107____c18_1____3_fair.csv,20,845,62,20,False,0.0208,1.0,0.023668639053254437,0.023668639053254437,339.98252606391907,339.98252606391907,t_c701386b7c10b107____c21_1____3__t_c701386b7c10b107____c9_0____1_fair.csv;t_c701386b7c10b107____c21_1____3__t_c701386b7c10b107____c8_0____2_fair.csv;t_c701386b7c10b107____c21_1____3__t_c701386b7c10b107____c7_0____1_fair.csv;t_c701386b7c10b107____c21_1____3__t_c701386b7c10b107____c5_0____1_fair.csv;t_c701386b7c10b107____c21_1____3__t_c701386b7c10b107____c3_0____0_fair.csv;t_c701386b7c10b107____c21_1____3__t_c701386b7c10b107____c19_1____4_fair.csv;t_c701386b7c10b107____c21_1____3__t_c701386b7c10b107____c18_1____3_fair.csv;t_c701386b7c10b107____c21_1____3__t_c701386b7c10b107____c16_0____0_fair.csv;t_c701386b7c10b107____c21_1____3__t_c701386b7c10b107____c14_1____3_fair.csv;t_c701386b7c10b107____c21_1____3__t_c701386b7c10b107____c11_1____2_fair.csv;t_c701386b7c10b107____c20_1____4.csv;t_c701386b7c10b107____c20_1____4__t_c701386b7c10b107____c9_0____1_fair.csv;t_c701386b7c10b107____c20_1____4__t_c701386b7c10b107____c8_0____2_fair.csv;t_c701386b7c10b107____c20_1____4__t_c701386b7c10b107____c7_0____1_fair.csv;t_c701386b7c10b107____c20_1____4__t_c701386b7c10b107____c5_0____1_fair.csv;t_c701386b7c10b107____c20_1____4__t_c701386b7c10b107____c3_0____0_fair.csv;t_c701386b7c10b107____c20_1____4__t_c701386b7c10b107____c20_0____0_fair.csv;t_c701386b7c10b107____c20_1____4__t_c701386b7c10b107____c19_1____4_fair.csv;t_c701386b7c10b107____c20_1____4__t_c701386b7c10b107____c18_1____3_fair.csv;t_c701386b7c10b107____c20_1____4__t_c701386b7c10b107____c16_0____0_fair.csv,{}
tusLarge3,starmie,t_c701386b7c10b107____c19_1____4_fair.csv,5,1023,59,5,False,0.0796,1.0,0.004887585532746823,0.004887585532746823,91.0507305264473,91.0507305264473,t_c701386b7c10b107____c20_1____1.csv;t_c701386b7c10b107____c20_1____1__t_c701386b7c10b107____c9_0____1_fair.csv;t_c701386b7c10b107____c20_1____1__t_c701386b7c10b107____c8_0____2_fair.csv;t_c701386b7c10b107____c20_1____1__t_c701386b7c10b107____c7_0____1_fair.csv;t_c701386b7c10b107____c20_1____1__t_c701386b7c10b107____c5_0____1_fair.csv,{}
tusLarge3,starmie,t_c701386b7c10b107____c19_1____4_fair.csv,10,1023,59,10,False,0.0808,1.0,0.009775171065493646,0.009775171065493646,182.10140335559845,182.10140335559845,t_c701386b7c10b107____c20_1____1.csv;t_c701386b7c10b107____c20_1____1__t_c701386b7c10b107____c9_0____1_fair.csv;t_c701386b7c10b107____c20_1____1__t_c701386b7c10b107____c8_0____2_fair.csv;t_c701386b7c10b107____c20_1____1__t_c701386b7c10b107____c7_0____1_fair.csv;t_c701386b7c10b107____c20_1____1__t_c701386b7c10b107____c5_0____1_fair.csv;t_c701386b7c10b107____c20_1____1__t_c701386b7c10b107____c3_0____0_fair.csv;t_c701386b7c10b107____c20_1____1__t_c701386b7c10b107____c20_0____0_fair.csv;t_c701386b7c10b107____c20_1____1__t_c701386b7c10b107____c19_1____4_fair.csv;t_c701386b7c10b107____c20_1____1__t_c701386b7c10b107____c18_1____3_fair.csv;t_c701386b7c10b107____c20_1____1__t_c701386b7c10b107____c16_0____0_fair.csv,{}
tusLarge3,starmie,t_c701386b7c10b107____c19_1____4_fair.csv,20,1023,59,20,False,0.0628,1.0,0.019550342130987292,0.019550342130987292,363.0690888762474,363.0690888762474,t_c701386b7c10b107____c20_1____1.csv;t_c701386b7c10b107____c20_1____1__t_c701386b7c10b107____c9_0____1_fair.csv;t_c701386b7c10b107____c20_1____1__t_c701386b7c10b107____c8_0____2_fair.csv;t_c701386b7c10b107____c20_1____1__t_c701386b7c10b107____c7_0____1_fair.csv;t_c701386b7c10b107____c20_1____1__t_c701386b7c10b107____c5_0____1_fair.csv;t_c701386b7c10b107____c20_1____1__t_c701386b7c10b107____c3_0____0_fair.csv;t_c701386b7c10b107____c20_1____1__t_c701386b7c10b107____c20_0____0_fair.csv;t_c701386b7c10b107____c20_1____1__t_c701386b7c10b107____c19_1____4_fair.csv;t_c701386b7c10b107____c20_1____1__t_c701386b7c10b107____c18_1____3_fair.csv;t_c701386b7c10b107____c20_1____1__t_c701386b7c10b107____c16_0____0_fair.csv;t_c701386b7c10b107____c20_1____1__t_c701386b7c10b107____c14_1____3_fair.csv;t_c701386b7c10b107____c20_1____1__t_c701386b7c10b107____c11_1____2_fair.csv;t_c701386b7c10b107____c20_1____4.csv;t_c701386b7c10b107____c20_1____4__t_c701386b7c10b107____c9_0____1_fair.csv;t_c701386b7c10b107____c20_1____4__t_c701386b7c10b107____c8_0____2_fair.csv;t_c701386b7c10b107____c20_1____4__t_c701386b7c10b107____c7_0____1_fair.csv;t_c701386b7c10b107____c20_1____4__t_c701386b7c10b107____c5_0____1_fair.csv;t_c701386b7c10b107____c20_1____4__t_c701386b7c10b107____c3_0____0_fair.csv;t_c701386b7c10b107____c20_1____4__t_c701386b7c10b107____c20_0____0_fair.csv;t_c701386b7c10b107____c20_1____4__t_c701386b7c10b107____c19_1____4_fair.csv,{}
tusLarge3,starmie,t_c701386b7c10b107____c20_0____0_fair.csv,5,850,51,5,False,0.0674,1.0,0.0058823529411764705,0.0058823529411764705,93.43562602996826,93.43562602996826,t_c701386b7c10b107____c21_0____0__t_c701386b7c10b107____c9_0____1_fair.csv;t_c701386b7c10b107____c21_0____0__t_c701386b7c10b107____c8_0____2_fair.csv;t_c701386b7c10b107____c21_0____0__t_c701386b7c10b107____c5_0____1_fair.csv;t_c701386b7c10b107____c21_0____0__t_c701386b7c10b107____c3_0____0_fair.csv;t_c701386b7c10b107____c21_0____0__t_c701386b7c10b107____c20_0____0_fair.csv,{}
tusLarge3,starmie,t_c701386b7c10b107____c20_0____0_fair.csv,10,850,51,10,False,0.0395,0.9,0.010588235294117647,0.011764705882352941,186.5788101553917,186.5788101553917,t_c701386b7c10b107____c21_0____0__t_c701386b7c10b107____c9_0____1_fair.csv;t_c701386b7c10b107____c21_0____0__t_c701386b7c10b107____c8_0____2_fair.csv;t_c701386b7c10b107____c21_0____0__t_c701386b7c10b107____c5_0____1_fair.csv;t_c701386b7c10b107____c21_0____0__t_c701386b7c10b107____c3_0____0_fair.csv;t_c701386b7c10b107____c21_0____0__t_c701386b7c10b107____c20_0____0_fair.csv;t_c701386b7c10b107____c21_0____0__t_c701386b7c10b107____c19_1____4_fair.csv;t_c701386b7c10b107____c21_0____0__t_c701386b7c10b107____c16_0____0_fair.csv;t_c701386b7c10b107____c21_0____0__t_c701386b7c10b107____c11_1____2_fair.csv;t_c701386b7c10b107____c21_0____0.csv;t_c701386b7c10b107____c21_1____0.csv,{}
tusLarge3,starmie,t_c701386b7c10b107____c20_0____0_fair.csv,20,850,51,20,False,0.02,0.45,0.010588235294117647,0.023529411764705882,368.72095638513565,368.72095638513565,t_c701386b7c10b107____c21_0____0__t_c701386b7c10b107____c9_0____1_fair.csv;t_c701386b7c10b107____c21_0____0__t_c701386b7c10b107____c8_0____2_fair.csv;t_c701386b7c10b107____c21_0____0__t_c701386b7c10b107____c5_0____1_fair.csv;t_c701386b7c10b107____c21_0____0__t_c701386b7c10b107____c3_0____0_fair.csv;t_c701386b7c10b107____c21_0____0__t_c701386b7c10b107____c20_0____0_fair.csv;t_c701386b7c10b107____c21_0____0__t_c701386b7c10b107____c19_1____4_fair.csv;t_c701386b7c10b107____c21_0____0__t_c701386b7c10b107____c16_0____0_fair.csv;t_c701386b7c10b107____c21_0____0__t_c701386b7c10b107____c11_1____2_fair.csv;t_c701386b7c10b107____c21_0____0.csv;t_c701386b7c10b107____c21_1____0.csv;t_c701386b7c10b107____c21_1____0__t_c701386b7c10b107____c9_0____1_fair.csv;t_c701386b7c10b107____c21_1____0__t_c701386b7c10b107____c8_0____2_fair.csv;t_c701386b7c10b107____c21_1____0__t_c701386b7c10b107____c7_0____1_fair.csv;t_c701386b7c10b107____c21_1____0__t_c701386b7c10b107____c5_0____1_fair.csv;t_c701386b7c10b107____c21_1____0__t_c701386b7c10b107____c3_0____0_fair.csv;t_c701386b7c10b107____c21_1____0__t_c701386b7c10b107____c19_1____4_fair.csv;t_c701386b7c10b107____c21_1____0__t_c701386b7c10b107____c18_1____3_fair.csv;t_c701386b7c10b107____c21_1____0__t_c701386b7c10b107____c16_0____0_fair.csv;t_c701386b7c10b107____c21_1____0__t_c701386b7c10b107____c14_1____3_fair.csv;t_c701386b7c10b107____c21_1____0__t_c701386b7c10b107____c11_1____2_fair.csv,{}
tusLarge3,starmie,t_ca85e8f9eef5b9d5____c8_0____4_fair.csv,5,930,110,5,False,0.1684,1.0,0.005376344086021506,0.005376344086021506,38.994595527648926,38.994595527648926,t_ca85e8f9eef5b9d5____c8_0____0.csv;t_ca85e8f9eef5b9d5____c8_0____0__t_ca85e8f9eef5b9d5____c8_0____4_fair.csv;t_ca85e8f9eef5b9d5____c8_0____3.csv;t_ca85e8f9eef5b9d5____c8_0____3__t_ca85e8f9eef5b9d5____c8_0____4_fair.csv;t_ca85e8f9eef5b9d5____c8_0____1__t_ca85e8f9eef5b9d5____c8_0____4_fair.csv,{}
tusLarge3,starmie,t_ca85e8f9eef5b9d5____c8_0____4_fair.csv,10,930,110,10,False,0.0868,1.0,0.010752688172043012,0.010752688172043012,77.53614461421967,77.53614461421967,t_ca85e8f9eef5b9d5____c8_0____0.csv;t_ca85e8f9eef5b9d5____c8_0____0__t_ca85e8f9eef5b9d5____c8_0____4_fair.csv;t_ca85e8f9eef5b9d5____c8_0____3.csv;t_ca85e8f9eef5b9d5____c8_0____3__t_ca85e8f9eef5b9d5____c8_0____4_fair.csv;t_ca85e8f9eef5b9d5____c8_0____1__t_ca85e8f9eef5b9d5____c8_0____4_fair.csv;t_ca85e8f9eef5b9d5____c8_0____1.csv;t_ca85e8f9eef5b9d5____c10_1____4__t_ca85e8f9eef5b9d5____c8_0____4_fair.csv;t_ca85e8f9eef5b9d5____c10_1____4__t_ca85e8f9eef5b9d5____c22_0____1_fair.csv;t_ca85e8f9eef5b9d5____c10_1____4__t_ca85e8f9eef5b9d5____c15_1____1_fair.csv;t_ca85e8f9eef5b9d5____c10_1____4__t_ca85e8f9eef5b9d5____c10_1____1_fair.csv,{}
tusLarge3,starmie,t_ca85e8f9eef5b9d5____c8_0____4_fair.csv,20,930,110,20,False,0.0758,1.0,0.021505376344086023,0.021505376344086023,154.42638033628464,154.42638033628464,t_ca85e8f9eef5b9d5____c8_0____0.csv;t_ca85e8f9eef5b9d5____c8_0____0__t_ca85e8f9eef5b9d5____c8_0____4_fair.csv;t_ca85e8f9eef5b9d5____c8_0____3.csv;t_ca85e8f9eef5b9d5____c8_0____3__t_ca85e8f9eef5b9d5____c8_0____4_fair.csv;t_ca85e8f9eef5b9d5____c8_0____1__t_ca85e8f9eef5b9d5____c8_0____4_fair.csv;t_ca85e8f9eef5b9d5____c8_0____1.csv;t_ca85e8f9eef5b9d5____c10_1____4__t_ca85e8f9eef5b9d5____c8_0____4_fair.csv;t_ca85e8f9eef5b9d5____c10_1____4__t_ca85e8f9eef5b9d5____c22_0____1_fair.csv;t_ca85e8f9eef5b9d5____c10_1____4__t_ca85e8f9eef5b9d5____c15_1____1_fair.csv;t_ca85e8f9eef5b9d5____c10_1____4__t_ca85e8f9eef5b9d5____c10_1____1_fair.csv;t_ca85e8f9eef5b9d5____c10_1____4__t_ca85e8f9eef5b9d5____c10_1____0_fair.csv;t_ca85e8f9eef5b9d5____c10_1____4__t_ca85e8f9eef5b9d5____c10_0____0_fair.csv;t_ca85e8f9eef5b9d5____c10_1____4.csv;t_ca85e8f9eef5b9d5____c8_0____2__t_ca85e8f9eef5b9d5____c8_0____4_fair.csv;t_ca85e8f9eef5b9d5____c8_1____0__t_ca85e8f9eef5b9d5____c8_0____4_fair.csv;t_ca85e8f9eef5b9d5____c8_1____0__t_ca85e8f9eef5b9d5____c20_0____2_fair.csv;t_ca85e8f9eef5b9d5____c8_1____4__t_ca85e8f9eef5b9d5____c8_0____4_fair.csv;t_ca85e8f9eef5b9d5____c8_1____4__t_ca85e8f9eef5b9d5____c20_0____2_fair.csv;t_ca85e8f9eef5b9d5____c8_1____2__t_ca85e8f9eef5b9d5____c8_0____4_fair.csv;t_ca85e8f9eef5b9d5____c8_1____2__t_ca85e8f9eef5b9d5____c20_0____2_fair.csv,{}
tusLarge3,starmie,t_dc9442ed0b52d69c____c2_1____2_fair.csv,5,259,439,5,False,0.0016,0.2,0.003861003861003861,0.019305019305019305,8.803671956062317,8.803671956062317,t_ece0594e0480a1ed____c2_0____4__t_ece0594e0480a1ed____c5_1____3_fair.csv;t_70edc453a411f33b____c2_0____4__t_70edc453a411f33b____c12_1____3_fair.csv;t_70edc453a411f33b____c2_0____3__t_70edc453a411f33b____c12_1____3_fair.csv;t_dc9442ed0b52d69c____c2_1____0__t_dc9442ed0b52d69c____c2_1____2_fair.csv;t_70edc453a411f33b____c2_1____1__t_70edc453a411f33b____c7_1____4_fair.csv,{}
tusLarge3,starmie,t_dc9442ed0b52d69c____c2_1____2_fair.csv,10,259,439,10,False,0.0026,0.1,0.003861003861003861,0.03861003861003861,17.521092176437378,17.521092176437378,t_ece0594e0480a1ed____c2_0____4__t_ece0594e0480a1ed____c5_1____3_fair.csv;t_70edc453a411f33b____c2_0____4__t_70edc453a411f33b____c12_1____3_fair.csv;t_70edc453a411f33b____c2_0____3__t_70edc453a411f33b____c12_1____3_fair.csv;t_dc9442ed0b52d69c____c2_1____0__t_dc9442ed0b52d69c____c2_1____2_fair.csv;t_70edc453a411f33b____c2_1____1__t_70edc453a411f33b____c7_1____4_fair.csv;t_013a2f8c584d44d7____c2_0____2__t_013a2f8c584d44d7____c7_1____4_fair.csv;t_70edc453a411f33b____c2_1____0__t_70edc453a411f33b____c7_1____4_fair.csv;t_70edc453a411f33b____c2_1____2__t_70edc453a411f33b____c7_1____4_fair.csv;t_70edc453a411f33b____c2_0____0__t_70edc453a411f33b____c12_1____3_fair.csv;t_70edc453a411f33b____c2_1____4__t_70edc453a411f33b____c7_1____4_fair.csv,{}
tusLarge3,starmie,t_dc9442ed0b52d69c____c2_1____2_fair.csv,20,259,439,20,False,0.0228,0.15,0.011583011583011582,0.07722007722007722,34.759229838848114,34.759229838848114,t_ece0594e0480a1ed____c2_0____4__t_ece0594e0480a1ed____c5_1____3_fair.csv;t_70edc453a411f33b____c2_0____4__t_70edc453a411f33b____c12_1____3_fair.csv;t_70edc453a411f33b____c2_0____3__t_70edc453a411f33b____c12_1____3_fair.csv;t_dc9442ed0b52d69c____c2_1____0__t_dc9442ed0b52d69c____c2_1____2_fair.csv;t_70edc453a411f33b____c2_1____1__t_70edc453a411f33b____c7_1____4_fair.csv;t_013a2f8c584d44d7____c2_0____2__t_013a2f8c584d44d7____c7_1____4_fair.csv;t_70edc453a411f33b____c2_1____0__t_70edc453a411f33b____c7_1____4_fair.csv;t_70edc453a411f33b____c2_1____2__t_70edc453a411f33b____c7_1____4_fair.csv;t_70edc453a411f33b____c2_0____0__t_70edc453a411f33b____c12_1____3_fair.csv;t_70edc453a411f33b____c2_1____4__t_70edc453a411f33b____c7_1____4_fair.csv;t_dc9442ed0b52d69c____c2_1____4__t_dc9442ed0b52d69c____c2_1____2_fair.csv;t_013a2f8c584d44d7____c2_0____0__t_013a2f8c584d44d7____c7_1____4_fair.csv;t_ece0594e0480a1ed____c2_1____4__t_ece0594e0480a1ed____c5_1____3_fair.csv;t_b28ed28824886b47____c3_1____3__t_b28ed28824886b47____c11_1____3_fair.csv;t_70edc453a411f33b____c2_0____2__t_70edc453a411f33b____c12_1____3_fair.csv;t_dc9442ed0b52d69c____c2_1____3__t_dc9442ed0b52d69c____c2_1____2_fair.csv;t_ca85e8f9eef5b9d5____c2_1____2__t_ca85e8f9eef5b9d5____c9_1____4_fair.csv;t_ca85e8f9eef5b9d5____c2_1____2__t_ca85e8f9eef5b9d5____c1_0____2_fair.csv;t_ca85e8f9eef5b9d5____c2_1____2__t_ca85e8f9eef5b9d5____c19_0____4_fair.csv;t_ca85e8f9eef5b9d5____c2_1____2__t_ca85e8f9eef5b9d5____c17_0____3_fair.csv,{}
tusLarge3,starmie,t_ca85e8f9eef5b9d5____c9_1____4_fair.csv,5,1029,119,5,False,0.1728,1.0,0.004859086491739553,0.004859086491739553,42.703780710697174,42.703780710697174,t_ca85e8f9eef5b9d5____c9_1____0.csv;t_ca85e8f9eef5b9d5____c9_1____0__t_ca85e8f9eef5b9d5____c9_1____4_fair.csv;t_ca85e8f9eef5b9d5____c9_1____0__t_ca85e8f9eef5b9d5____c8_0____4_fair.csv;t_ca85e8f9eef5b9d5____c9_1____0__t_ca85e8f9eef5b9d5____c22_0____1_fair.csv;t_ca85e8f9eef5b9d5____c9_1____0__t_ca85e8f9eef5b9d5____c20_0____2_fair.csv,{}
tusLarge3,starmie,t_ca85e8f9eef5b9d5____c9_1____4_fair.csv,10,1029,119,10,False,0.0993,1.0,0.009718172983479106,0.009718172983479106,85.37005746364594,85.37005746364594,t_ca85e8f9eef5b9d5____c9_1____0.csv;t_ca85e8f9eef5b9d5____c9_1____0__t_ca85e8f9eef5b9d5____c9_1____4_fair.csv;t_ca85e8f9eef5b9d5____c9_1____0__t_ca85e8f9eef5b9d5____c8_0____4_fair.csv;t_ca85e8f9eef5b9d5____c9_1____0__t_ca85e8f9eef5b9d5____c22_0____1_fair.csv;t_ca85e8f9eef5b9d5____c9_1____0__t_ca85e8f9eef5b9d5____c20_0____2_fair.csv;t_ca85e8f9eef5b9d5____c9_1____0__t_ca85e8f9eef5b9d5____c1_0____2_fair.csv;t_ca85e8f9eef5b9d5____c9_1____0__t_ca85e8f9eef5b9d5____c19_0____4_fair.csv;t_ca85e8f9eef5b9d5____c9_1____0__t_ca85e8f9eef5b9d5____c17_0____3_fair.csv;t_ca85e8f9eef5b9d5____c9_1____0__t_ca85e8f9eef5b9d5____c15_1____1_fair.csv;t_ca85e8f9eef5b9d5____c9_1____1.csv,{}
tusLarge3,starmie,t_ca85e8f9eef5b9d5____c9_1____4_fair.csv,20,1029,119,20,False,0.0524,1.0,0.019436345966958212,0.019436345966958212,170.1201609969139,170.1201609969139,t_ca85e8f9eef5b9d5____c9_1____0.csv;t_ca85e8f9eef5b9d5____c9_1____0__t_ca85e8f9eef5b9d5____c9_1____4_fair.csv;t_ca85e8f9eef5b9d5____c9_1____0__t_ca85e8f9eef5b9d5____c8_0____4_fair.csv;t_ca85e8f9eef5b9d5____c9_1____0__t_ca85e8f9eef5b9d5____c22_0____1_fair.csv;t_ca85e8f9eef5b9d5____c9_1____0__t_ca85e8f9eef5b9d5____c20_0____2_fair.csv;t_ca85e8f9eef5b9d5____c9_1____0__t_ca85e8f9eef5b9d5____c1_0____2_fair.csv;t_ca85e8f9eef5b9d5____c9_1____0__t_ca85e8f9eef5b9d5____c19_0____4_fair.csv;t_ca85e8f9eef5b9d5____c9_1____0__t_ca85e8f9eef5b9d5____c17_0____3_fair.csv;t_ca85e8f9eef5b9d5____c9_1____0__t_ca85e8f9eef5b9d5____c15_1____1_fair.csv;t_ca85e8f9eef5b9d5____c9_1____1.csv;t_ca85e8f9eef5b9d5____c9_1____2.csv;t_ca85e8f9eef5b9d5____c9_1____2__t_ca85e8f9eef5b9d5____c9_1____4_fair.csv;t_ca85e8f9eef5b9d5____c9_1____2__t_ca85e8f9eef5b9d5____c8_0____4_fair.csv;t_ca85e8f9eef5b9d5____c9_1____2__t_ca85e8f9eef5b9d5____c22_0____1_fair.csv;t_ca85e8f9eef5b9d5____c9_1____2__t_ca85e8f9eef5b9d5____c20_0____2_fair.csv;t_ca85e8f9eef5b9d5____c9_1____2__t_ca85e8f9eef5b9d5____c1_0____2_fair.csv;t_ca85e8f9eef5b9d5____c9_1____2__t_ca85e8f9eef5b9d5____c19_0____4_fair.csv;t_ca85e8f9eef5b9d5____c9_1____2__t_ca85e8f9eef5b9d5____c17_0____3_fair.csv;t_ca85e8f9eef5b9d5____c9_1____2__t_ca85e8f9eef5b9d5____c15_1____1_fair.csv;t_ca85e8f9eef5b9d5____c9_1____3.csv,{}
tusLarge3,starmie,t_dc9442ed0b52d69c____c10_0____0_fair.csv,5,185,127,5,False,0.2484,0.0,0.0,0.02702702702702703,48.515246510505676,48.515246510505676,t_013a2f8c584d44d7____c10_0____0__t_013a2f8c584d44d7____c6_1____4_fair.csv;t_013a2f8c584d44d7____c10_0____0__t_013a2f8c584d44d7____c4_1____2_fair.csv;t_013a2f8c584d44d7____c10_0____0__t_013a2f8c584d44d7____c12_0____3_fair.csv;t_013a2f8c584d44d7____c10_0____0__t_013a2f8c584d44d7____c10_1____0_fair.csv;t_dc9442ed0b52d69c____c9_0____0__t_dc9442ed0b52d69c____c9_0____2_fair.csv,{}
tusLarge3,starmie,t_dc9442ed0b52d69c____c10_0____0_fair.csv,10,185,127,10,False,0.2445,0.0,0.0,0.05405405405405406,93.46303349733353,93.46303349733353,t_013a2f8c584d44d7____c10_0____0__t_013a2f8c584d44d7____c6_1____4_fair.csv;t_013a2f8c584d44d7____c10_0____0__t_013a2f8c584d44d7____c4_1____2_fair.csv;t_013a2f8c584d44d7____c10_0____0__t_013a2f8c584d44d7____c12_0____3_fair.csv;t_013a2f8c584d44d7____c10_0____0__t_013a2f8c584d44d7____c10_1____0_fair.csv;t_dc9442ed0b52d69c____c9_0____0__t_dc9442ed0b52d69c____c9_0____2_fair.csv;t_dc9442ed0b52d69c____c9_0____0__t_dc9442ed0b52d69c____c8_0____3_fair.csv;t_dc9442ed0b52d69c____c9_0____0__t_dc9442ed0b52d69c____c2_1____2_fair.csv;t_dc9442ed0b52d69c____c9_1____0__t_dc9442ed0b52d69c____c9_0____2_fair.csv;t_dc9442ed0b52d69c____c9_1____0__t_dc9442ed0b52d69c____c8_0____3_fair.csv;t_dc9442ed0b52d69c____c9_1____0__t_dc9442ed0b52d69c____c2_1____2_fair.csv,{}
tusLarge3,starmie,t_dc9442ed0b52d69c____c10_0____0_fair.csv,20,185,127,20,False,0.2067,0.0,0.0,0.10810810810810811,183.29841297864914,183.29841297864914,t_013a2f8c584d44d7____c10_0____0__t_013a2f8c584d44d7____c6_1____4_fair.csv;t_013a2f8c584d44d7____c10_0____0__t_013a2f8c584d44d7____c4_1____2_fair.csv;t_013a2f8c584d44d7____c10_0____0__t_013a2f8c584d44d7____c12_0____3_fair.csv;t_013a2f8c584d44d7____c10_0____0__t_013a2f8c584d44d7____c10_1____0_fair.csv;t_dc9442ed0b52d69c____c9_0____0__t_dc9442ed0b52d69c____c9_0____2_fair.csv;t_dc9442ed0b52d69c____c9_0____0__t_dc9442ed0b52d69c____c8_0____3_fair.csv;t_dc9442ed0b52d69c____c9_0____0__t_dc9442ed0b52d69c____c2_1____2_fair.csv;t_dc9442ed0b52d69c____c9_1____0__t_dc9442ed0b52d69c____c9_0____2_fair.csv;t_dc9442ed0b52d69c____c9_1____0__t_dc9442ed0b52d69c____c8_0____3_fair.csv;t_dc9442ed0b52d69c____c9_1____0__t_dc9442ed0b52d69c____c2_1____2_fair.csv;t_013a2f8c584d44d7____c9_1____0__t_013a2f8c584d44d7____c6_1____4_fair.csv;t_013a2f8c584d44d7____c9_1____0__t_013a2f8c584d44d7____c4_1____2_fair.csv;t_013a2f8c584d44d7____c9_1____0__t_013a2f8c584d44d7____c2_1____2_fair.csv;t_013a2f8c584d44d7____c9_1____0__t_013a2f8c584d44d7____c13_0____0_fair.csv;t_70edc453a411f33b____c9_1____4__t_70edc453a411f33b____c7_1____4_fair.csv;t_70edc453a411f33b____c9_1____4__t_70edc453a411f33b____c12_1____3_fair.csv;t_70edc453a411f33b____c9_1____0__t_70edc453a411f33b____c7_1____4_fair.csv;t_70edc453a411f33b____c9_1____0__t_70edc453a411f33b____c12_1____3_fair.csv;t_dc9442ed0b52d69c____c9_1____3__t_dc9442ed0b52d69c____c9_0____2_fair.csv;t_dc9442ed0b52d69c____c9_1____3__t_dc9442ed0b52d69c____c8_0____3_fair.csv,{}
tusLarge3,starmie,t_dc9442ed0b52d69c____c8_0____3_fair.csv,5,258,171,5,False,0.2847,1.0,0.01937984496124031,0.01937984496124031,38.87316769361496,38.87316769361496,t_dc9442ed0b52d69c____c8_1____1__t_dc9442ed0b52d69c____c8_0____3_fair.csv;t_dc9442ed0b52d69c____c8_1____1__t_dc9442ed0b52d69c____c2_1____2_fair.csv;t_dc9442ed0b52d69c____c8_1____0__t_dc9442ed0b52d69c____c8_0____3_fair.csv;t_dc9442ed0b52d69c____c8_1____0__t_dc9442ed0b52d69c____c2_1____2_fair.csv;t_dc9442ed0b52d69c____c8_0____2__t_dc9442ed0b52d69c____c9_0____2_fair.csv,{}
tusLarge3,starmie,t_dc9442ed0b52d69c____c8_0____3_fair.csv,10,258,171,10,False,0.2936,1.0,0.03875968992248062,0.03875968992248062,77.6394100189209,77.6394100189209,t_dc9442ed0b52d69c____c8_1____1__t_dc9442ed0b52d69c____c8_0____3_fair.csv;t_dc9442ed0b52d69c____c8_1____1__t_dc9442ed0b52d69c____c2_1____2_fair.csv;t_dc9442ed0b52d69c____c8_1____0__t_dc9442ed0b52d69c____c8_0____3_fair.csv;t_dc9442ed0b52d69c____c8_1____0__t_dc9442ed0b52d69c____c2_1____2_fair.csv;t_dc9442ed0b52d69c____c8_0____2__t_dc9442ed0b52d69c____c9_0____2_fair.csv;t_dc9442ed0b52d69c____c8_0____2__t_dc9442ed0b52d69c____c8_0____3_fair.csv;t_dc9442ed0b52d69c____c8_1____2__t_dc9442ed0b52d69c____c8_0____3_fair.csv;t_dc9442ed0b52d69c____c8_1____2__t_dc9442ed0b52d69c____c2_1____2_fair.csv;t_dc9442ed0b52d69c____c8_0____1__t_dc9442ed0b52d69c____c9_0____2_fair.csv;t_dc9442ed0b52d69c____c8_0____1__t_dc9442ed0b52d69c____c8_0____3_fair.csv,{}
tusLarge3,starmie,t_dc9442ed0b52d69c____c8_0____3_fair.csv,20,258,171,20,False,0.2752,1.0,0.07751937984496124,0.07751937984496124,154.66994786262512,154.66994786262512,t_dc9442ed0b52d69c____c8_1____1__t_dc9442ed0b52d69c____c8_0____3_fair.csv;t_dc9442ed0b52d69c____c8_1____1__t_dc9442ed0b52d69c____c2_1____2_fair.csv;t_dc9442ed0b52d69c____c8_1____0__t_dc9442ed0b52d69c____c8_0____3_fair.csv;t_dc9442ed0b52d69c____c8_1____0__t_dc9442ed0b52d69c____c2_1____2_fair.csv;t_dc9442ed0b52d69c____c8_0____2__t_dc9442ed0b52d69c____c9_0____2_fair.csv;t_dc9442ed0b52d69c____c8_0____2__t_dc9442ed0b52d69c____c8_0____3_fair.csv;t_dc9442ed0b52d69c____c8_1____2__t_dc9442ed0b52d69c____c8_0____3_fair.csv;t_dc9442ed0b52d69c____c8_1____2__t_dc9442ed0b52d69c____c2_1____2_fair.csv;t_dc9442ed0b52d69c____c8_0____1__t_dc9442ed0b52d69c____c9_0____2_fair.csv;t_dc9442ed0b52d69c____c8_0____1__t_dc9442ed0b52d69c____c8_0____3_fair.csv;t_dc9442ed0b52d69c____c8_0____4__t_dc9442ed0b52d69c____c9_0____2_fair.csv;t_dc9442ed0b52d69c____c8_0____4__t_dc9442ed0b52d69c____c8_0____3_fair.csv;t_dc9442ed0b52d69c____c8_1____3__t_dc9442ed0b52d69c____c8_0____3_fair.csv;t_dc9442ed0b52d69c____c8_1____3__t_dc9442ed0b52d69c____c2_1____2_fair.csv;t_dc9442ed0b52d69c____c8_0____0__t_dc9442ed0b52d69c____c9_0____2_fair.csv;t_dc9442ed0b52d69c____c8_0____0__t_dc9442ed0b52d69c____c8_0____3_fair.csv;t_dc9442ed0b52d69c____c8_1____4__t_dc9442ed0b52d69c____c8_0____3_fair.csv;t_dc9442ed0b52d69c____c8_1____4__t_dc9442ed0b52d69c____c2_1____2_fair.csv;t_dc9442ed0b52d69c____c8_1____1.csv;t_dc9442ed0b52d69c____c8_0____2.csv,{}
tusLarge3,starmie,t_ca85e8f9eef5b9d5____c15_1____1_fair.csv,5,1117,93,5,False,0.0776,1.0,0.004476275738585497,0.004476275738585497,72.83212155103683,72.83212155103683,t_ca85e8f9eef5b9d5____c15_1____3__t_ca85e8f9eef5b9d5____c8_0____4_fair.csv;t_ca85e8f9eef5b9d5____c15_1____3__t_ca85e8f9eef5b9d5____c22_0____1_fair.csv;t_ca85e8f9eef5b9d5____c15_1____3__t_ca85e8f9eef5b9d5____c20_0____2_fair.csv;t_ca85e8f9eef5b9d5____c15_1____3__t_ca85e8f9eef5b9d5____c15_1____1_fair.csv;t_ca85e8f9eef5b9d5____c15_1____3__t_ca85e8f9eef5b9d5____c14_1____2_fair.csv,{}
tusLarge3,starmie,t_ca85e8f9eef5b9d5____c15_1____1_fair.csv,10,1117,93,10,False,0.0524,1.0,0.008952551477170993,0.008952551477170993,145.5914191007614,145.5914191007614,t_ca85e8f9eef5b9d5____c15_1____3__t_ca85e8f9eef5b9d5____c8_0____4_fair.csv;t_ca85e8f9eef5b9d5____c15_1____3__t_ca85e8f9eef5b9d5____c22_0____1_fair.csv;t_ca85e8f9eef5b9d5____c15_1____3__t_ca85e8f9eef5b9d5____c20_0____2_fair.csv;t_ca85e8f9eef5b9d5____c15_1____3__t_ca85e8f9eef5b9d5____c15_1____1_fair.csv;t_ca85e8f9eef5b9d5____c15_1____3__t_ca85e8f9eef5b9d5____c14_1____2_fair.csv;t_ca85e8f9eef5b9d5____c15_1____3__t_ca85e8f9eef5b9d5____c10_1____1_fair.csv;t_ca85e8f9eef5b9d5____c15_1____3__t_ca85e8f9eef5b9d5____c10_0____0_fair.csv;t_ca85e8f9eef5b9d5____c15_1____3.csv;t_ca85e8f9eef5b9d5____c17_1____1__t_ca85e8f9eef5b9d5____c9_1____4_fair.csv;t_ca85e8f9eef5b9d5____c17_1____1__t_ca85e8f9eef5b9d5____c8_0____4_fair.csv,{}
tusLarge3,starmie,t_ca85e8f9eef5b9d5____c15_1____1_fair.csv,20,1117,93,20,False,0.067,1.0,0.017905102954341987,0.017905102954341987,290.79655051231384,290.79655051231384,t_ca85e8f9eef5b9d5____c15_1____3__t_ca85e8f9eef5b9d5____c8_0____4_fair.csv;t_ca85e8f9eef5b9d5____c15_1____3__t_ca85e8f9eef5b9d5____c22_0____1_fair.csv;t_ca85e8f9eef5b9d5____c15_1____3__t_ca85e8f9eef5b9d5____c20_0____2_fair.csv;t_ca85e8f9eef5b9d5____c15_1____3__t_ca85e8f9eef5b9d5____c15_1____1_fair.csv;t_ca85e8f9eef5b9d5____c15_1____3__t_ca85e8f9eef5b9d5____c14_1____2_fair.csv;t_ca85e8f9eef5b9d5____c15_1____3__t_ca85e8f9eef5b9d5____c10_1____1_fair.csv;t_ca85e8f9eef5b9d5____c15_1____3__t_ca85e8f9eef5b9d5____c10_0____0_fair.csv;t_ca85e8f9eef5b9d5____c15_1____3.csv;t_ca85e8f9eef5b9d5____c17_1____1__t_ca85e8f9eef5b9d5____c9_1____4_fair.csv;t_ca85e8f9eef5b9d5____c17_1____1__t_ca85e8f9eef5b9d5____c8_0____4_fair.csv;t_ca85e8f9eef5b9d5____c17_1____1__t_ca85e8f9eef5b9d5____c1_0____2_fair.csv;t_ca85e8f9eef5b9d5____c17_1____1__t_ca85e8f9eef5b9d5____c19_0____4_fair.csv;t_ca85e8f9eef5b9d5____c17_1____1__t_ca85e8f9eef5b9d5____c17_0____3_fair.csv;t_ca85e8f9eef5b9d5____c17_1____1__t_ca85e8f9eef5b9d5____c15_1____1_fair.csv;t_ca85e8f9eef5b9d5____c17_1____1__t_ca85e8f9eef5b9d5____c14_1____2_fair.csv;t_ca85e8f9eef5b9d5____c17_1____1__t_ca85e8f9eef5b9d5____c10_1____0_fair.csv;t_ca85e8f9eef5b9d5____c17_1____1.csv;t_ca85e8f9eef5b9d5____c15_0____4__t_ca85e8f9eef5b9d5____c8_0____4_fair.csv;t_ca85e8f9eef5b9d5____c15_0____4__t_ca85e8f9eef5b9d5____c15_1____1_fair.csv;t_ca85e8f9eef5b9d5____c15_0____4__t_ca85e8f9eef5b9d5____c14_1____2_fair.csv,{}
tusLarge3,starmie,t_ca85e8f9eef5b9d5____c19_0____4_fair.csv,5,1029,57,5,False,0.0672,0.0,0.0,0.004859086491739553,92.33249813318253,92.33249813318253,t_ca85e8f9eef5b9d5____c19_1____4__t_ca85e8f9eef5b9d5____c8_0____4_fair.csv;t_ca85e8f9eef5b9d5____c19_1____4__t_ca85e8f9eef5b9d5____c22_0____1_fair.csv;t_ca85e8f9eef5b9d5____c19_1____4__t_ca85e8f9eef5b9d5____c20_0____2_fair.csv;t_ca85e8f9eef5b9d5____c19_1____4__t_ca85e8f9eef5b9d5____c15_1____1_fair.csv;t_ca85e8f9eef5b9d5____c19_1____4__t_ca85e8f9eef5b9d5____c14_1____2_fair.csv,{}
tusLarge3,starmie,t_ca85e8f9eef5b9d5____c19_0____4_fair.csv,10,1029,57,10,False,0.0376,0.1,0.0009718172983479105,0.009718172983479106,184.59795135259628,184.59795135259628,t_ca85e8f9eef5b9d5____c19_1____4__t_ca85e8f9eef5b9d5____c8_0____4_fair.csv;t_ca85e8f9eef5b9d5____c19_1____4__t_ca85e8f9eef5b9d5____c22_0____1_fair.csv;t_ca85e8f9eef5b9d5____c19_1____4__t_ca85e8f9eef5b9d5____c20_0____2_fair.csv;t_ca85e8f9eef5b9d5____c19_1____4__t_ca85e8f9eef5b9d5____c15_1____1_fair.csv;t_ca85e8f9eef5b9d5____c19_1____4__t_ca85e8f9eef5b9d5____c14_1____2_fair.csv;t_ca85e8f9eef5b9d5____c19_1____4__t_ca85e8f9eef5b9d5____c10_1____1_fair.csv;t_ca85e8f9eef5b9d5____c19_1____4__t_ca85e8f9eef5b9d5____c10_1____0_fair.csv;t_ca85e8f9eef5b9d5____c19_1____4__t_ca85e8f9eef5b9d5____c10_0____0_fair.csv;t_ca85e8f9eef5b9d5____c19_1____4.csv;t_ca85e8f9eef5b9d5____c20_0____4__t_ca85e8f9eef5b9d5____c9_1____4_fair.csv,{}
tusLarge3,starmie,t_ca85e8f9eef5b9d5____c19_0____4_fair.csv,20,1029,57,20,False,0.0193,0.55,0.010689990281827016,0.019436345966958212,368.59249848127365,368.59249848127365,t_ca85e8f9eef5b9d5____c19_1____4__t_ca85e8f9eef5b9d5____c8_0____4_fair.csv;t_ca85e8f9eef5b9d5____c19_1____4__t_ca85e8f9eef5b9d5____c22_0____1_fair.csv;t_ca85e8f9eef5b9d5____c19_1____4__t_ca85e8f9eef5b9d5____c20_0____2_fair.csv;t_ca85e8f9eef5b9d5____c19_1____4__t_ca85e8f9eef5b9d5____c15_1____1_fair.csv;t_ca85e8f9eef5b9d5____c19_1____4__t_ca85e8f9eef5b9d5____c14_1____2_fair.csv;t_ca85e8f9eef5b9d5____c19_1____4__t_ca85e8f9eef5b9d5____c10_1____1_fair.csv;t_ca85e8f9eef5b9d5____c19_1____4__t_ca85e8f9eef5b9d5____c10_1____0_fair.csv;t_ca85e8f9eef5b9d5____c19_1____4__t_ca85e8f9eef5b9d5____c10_0____0_fair.csv;t_ca85e8f9eef5b9d5____c19_1____4.csv;t_ca85e8f9eef5b9d5____c20_0____4__t_ca85e8f9eef5b9d5____c9_1____4_fair.csv;t_ca85e8f9eef5b9d5____c20_0____4__t_ca85e8f9eef5b9d5____c8_0____4_fair.csv;t_ca85e8f9eef5b9d5____c20_0____4__t_ca85e8f9eef5b9d5____c22_0____1_fair.csv;t_ca85e8f9eef5b9d5____c20_0____4__t_ca85e8f9eef5b9d5____c20_0____2_fair.csv;t_ca85e8f9eef5b9d5____c20_0____4__t_ca85e8f9eef5b9d5____c1_0____2_fair.csv;t_ca85e8f9eef5b9d5____c20_0____4__t_ca85e8f9eef5b9d5____c19_0____4_fair.csv;t_ca85e8f9eef5b9d5____c20_0____4__t_ca85e8f9eef5b9d5____c17_0____3_fair.csv;t_ca85e8f9eef5b9d5____c20_0____4__t_ca85e8f9eef5b9d5____c15_1____1_fair.csv;t_ca85e8f9eef5b9d5____c20_0____4__t_ca85e8f9eef5b9d5____c14_1____2_fair.csv;t_ca85e8f9eef5b9d5____c20_0____4__t_ca85e8f9eef5b9d5____c10_1____1_fair.csv;t_ca85e8f9eef5b9d5____c20_0____4__t_ca85e8f9eef5b9d5____c10_1____0_fair.csv,{}
tusLarge3,starmie,t_dc9442ed0b52d69c____c9_0____2_fair.csv,5,278,130,5,False,0.2816,0.6,0.01079136690647482,0.017985611510791366,44.24758857488632,44.24758857488632,t_dc9442ed0b52d69c____c9_0____1__t_dc9442ed0b52d69c____c9_0____2_fair.csv;t_dc9442ed0b52d69c____c9_0____1__t_dc9442ed0b52d69c____c8_0____3_fair.csv;t_dc9442ed0b52d69c____c9_0____1__t_dc9442ed0b52d69c____c2_1____2_fair.csv;t_70edc453a411f33b____c9_1____2__t_70edc453a411f33b____c7_1____4_fair.csv;t_70edc453a411f33b____c9_1____2__t_70edc453a411f33b____c12_1____3_fair.csv,{}
tusLarge3,starmie,t_dc9442ed0b52d69c____c9_0____2_fair.csv,10,278,130,10,False,0.2779,0.8,0.02877697841726619,0.03597122302158273,88.46215909719467,88.46215909719467,t_dc9442ed0b52d69c____c9_0____1__t_dc9442ed0b52d69c____c9_0____2_fair.csv;t_dc9442ed0b52d69c____c9_0____1__t_dc9442ed0b52d69c____c8_0____3_fair.csv;t_dc9442ed0b52d69c____c9_0____1__t_dc9442ed0b52d69c____c2_1____2_fair.csv;t_70edc453a411f33b____c9_1____2__t_70edc453a411f33b____c7_1____4_fair.csv;t_70edc453a411f33b____c9_1____2__t_70edc453a411f33b____c12_1____3_fair.csv;t_dc9442ed0b52d69c____c9_1____3__t_dc9442ed0b52d69c____c9_0____2_fair.csv;t_dc9442ed0b52d69c____c9_1____3__t_dc9442ed0b52d69c____c8_0____3_fair.csv;t_dc9442ed0b52d69c____c9_1____3__t_dc9442ed0b52d69c____c2_1____2_fair.csv;t_dc9442ed0b52d69c____c9_0____3__t_dc9442ed0b52d69c____c9_0____2_fair.csv;t_dc9442ed0b52d69c____c9_0____3__t_dc9442ed0b52d69c____c8_0____3_fair.csv,{}
tusLarge3,starmie,t_dc9442ed0b52d69c____c9_0____2_fair.csv,20,278,130,20,False,0.235,0.6,0.04316546762589928,0.07194244604316546,176.8246693611145,176.8246693611145,t_dc9442ed0b52d69c____c9_0____1__t_dc9442ed0b52d69c____c9_0____2_fair.csv;t_dc9442ed0b52d69c____c9_0____1__t_dc9442ed0b52d69c____c8_0____3_fair.csv;t_dc9442ed0b52d69c____c9_0____1__t_dc9442ed0b52d69c____c2_1____2_fair.csv;t_70edc453a411f33b____c9_1____2__t_70edc453a411f33b____c7_1____4_fair.csv;t_70edc453a411f33b____c9_1____2__t_70edc453a411f33b____c12_1____3_fair.csv;t_dc9442ed0b52d69c____c9_1____3__t_dc9442ed0b52d69c____c9_0____2_fair.csv;t_dc9442ed0b52d69c____c9_1____3__t_dc9442ed0b52d69c____c8_0____3_fair.csv;t_dc9442ed0b52d69c____c9_1____3__t_dc9442ed0b52d69c____c2_1____2_fair.csv;t_dc9442ed0b52d69c____c9_0____3__t_dc9442ed0b52d69c____c9_0____2_fair.csv;t_dc9442ed0b52d69c____c9_0____3__t_dc9442ed0b52d69c____c8_0____3_fair.csv;t_dc9442ed0b52d69c____c9_0____3__t_dc9442ed0b52d69c____c2_1____2_fair.csv;t_70edc453a411f33b____c9_0____3__t_70edc453a411f33b____c7_1____4_fair.csv;t_70edc453a411f33b____c9_0____3__t_70edc453a411f33b____c10_1____3_fair.csv;t_dc9442ed0b52d69c____c9_1____4__t_dc9442ed0b52d69c____c9_0____2_fair.csv;t_dc9442ed0b52d69c____c9_1____4__t_dc9442ed0b52d69c____c8_0____3_fair.csv;t_dc9442ed0b52d69c____c9_1____4__t_dc9442ed0b52d69c____c2_1____2_fair.csv;t_70edc453a411f33b____c9_0____1__t_70edc453a411f33b____c7_1____4_fair.csv;t_70edc453a411f33b____c9_1____0__t_70edc453a411f33b____c7_1____4_fair.csv;t_70edc453a411f33b____c9_1____0__t_70edc453a411f33b____c12_1____3_fair.csv;t_70edc453a411f33b____c9_1____4__t_70edc453a411f33b____c7_1____4_fair.csv,{}
tusLarge3,starmie,t_ca85e8f9eef5b9d5____c17_0____3_fair.csv,5,1029,71,5,False,0.0757,1.0,0.004859086491739553,0.004859086491739553,81.89083695411682,81.89083695411682,t_ca85e8f9eef5b9d5____c17_1____3__t_ca85e8f9eef5b9d5____c9_1____4_fair.csv;t_ca85e8f9eef5b9d5____c17_1____3__t_ca85e8f9eef5b9d5____c8_0____4_fair.csv;t_ca85e8f9eef5b9d5____c17_1____3__t_ca85e8f9eef5b9d5____c1_0____2_fair.csv;t_ca85e8f9eef5b9d5____c17_1____3__t_ca85e8f9eef5b9d5____c19_0____4_fair.csv;t_ca85e8f9eef5b9d5____c17_1____3__t_ca85e8f9eef5b9d5____c17_0____3_fair.csv,{}
tusLarge3,starmie,t_ca85e8f9eef5b9d5____c17_0____3_fair.csv,10,1029,71,10,False,0.048,1.0,0.009718172983479106,0.009718172983479106,163.61408096551895,163.61408096551895,t_ca85e8f9eef5b9d5____c17_1____3__t_ca85e8f9eef5b9d5____c9_1____4_fair.csv;t_ca85e8f9eef5b9d5____c17_1____3__t_ca85e8f9eef5b9d5____c8_0____4_fair.csv;t_ca85e8f9eef5b9d5____c17_1____3__t_ca85e8f9eef5b9d5____c1_0____2_fair.csv;t_ca85e8f9eef5b9d5____c17_1____3__t_ca85e8f9eef5b9d5____c19_0____4_fair.csv;t_ca85e8f9eef5b9d5____c17_1____3__t_ca85e8f9eef5b9d5____c17_0____3_fair.csv;t_ca85e8f9eef5b9d5____c17_1____3__t_ca85e8f9eef5b9d5____c15_1____1_fair.csv;t_ca85e8f9eef5b9d5____c17_1____3__t_ca85e8f9eef5b9d5____c14_1____2_fair.csv;t_ca85e8f9eef5b9d5____c17_1____3__t_ca85e8f9eef5b9d5____c10_1____0_fair.csv;t_ca85e8f9eef5b9d5____c17_1____3.csv;t_ca85e8f9eef5b9d5____c17_0____1__t_ca85e8f9eef5b9d5____c9_1____4_fair.csv,{}
tusLarge3,starmie,t_ca85e8f9eef5b9d5____c17_0____3_fair.csv,20,1029,71,20,False,0.1094,1.0,0.019436345966958212,0.019436345966958212,325.6725351214409,325.6725351214409,t_ca85e8f9eef5b9d5____c17_1____3__t_ca85e8f9eef5b9d5____c9_1____4_fair.csv;t_ca85e8f9eef5b9d5____c17_1____3__t_ca85e8f9eef5b9d5____c8_0____4_fair.csv;t_ca85e8f9eef5b9d5____c17_1____3__t_ca85e8f9eef5b9d5____c1_0____2_fair.csv;t_ca85e8f9eef5b9d5____c17_1____3__t_ca85e8f9eef5b9d5____c19_0____4_fair.csv;t_ca85e8f9eef5b9d5____c17_1____3__t_ca85e8f9eef5b9d5____c17_0____3_fair.csv;t_ca85e8f9eef5b9d5____c17_1____3__t_ca85e8f9eef5b9d5____c15_1____1_fair.csv;t_ca85e8f9eef5b9d5____c17_1____3__t_ca85e8f9eef5b9d5____c14_1____2_fair.csv;t_ca85e8f9eef5b9d5____c17_1____3__t_ca85e8f9eef5b9d5____c10_1____0_fair.csv;t_ca85e8f9eef5b9d5____c17_1____3.csv;t_ca85e8f9eef5b9d5____c17_0____1__t_ca85e8f9eef5b9d5____c9_1____4_fair.csv;t_ca85e8f9eef5b9d5____c17_0____1__t_ca85e8f9eef5b9d5____c8_0____4_fair.csv;t_ca85e8f9eef5b9d5____c17_0____1__t_ca85e8f9eef5b9d5____c20_0____2_fair.csv;t_ca85e8f9eef5b9d5____c17_0____1__t_ca85e8f9eef5b9d5____c1_0____2_fair.csv;t_ca85e8f9eef5b9d5____c17_0____1__t_ca85e8f9eef5b9d5____c19_0____4_fair.csv;t_ca85e8f9eef5b9d5____c17_0____1__t_ca85e8f9eef5b9d5____c17_0____3_fair.csv;t_ca85e8f9eef5b9d5____c17_0____1__t_ca85e8f9eef5b9d5____c15_1____1_fair.csv;t_ca85e8f9eef5b9d5____c17_0____1__t_ca85e8f9eef5b9d5____c14_1____2_fair.csv;t_ca85e8f9eef5b9d5____c17_0____1__t_ca85e8f9eef5b9d5____c10_1____0_fair.csv;t_ca85e8f9eef5b9d5____c17_0____1.csv;t_ca85e8f9eef5b9d5____c17_0____0__t_ca85e8f9eef5b9d5____c9_1____4_fair.csv,{}
tusLarge3,starmie,t_e9efd5cda78af711____c5_0____3_fair.csv,5,534,166,5,False,0.2891,0.8,0.00749063670411985,0.009363295880149813,23.36592310667038,23.36592310667038,t_e9efd5cda78af711____c5_0____1__t_e9efd5cda78af711____c5_0____3_fair.csv;t_e9efd5cda78af711____c5_0____2__t_e9efd5cda78af711____c5_0____3_fair.csv;t_e9efd5cda78af711____c5_0____4__t_e9efd5cda78af711____c5_0____3_fair.csv;t_e9efd5cda78af711____c5_0____0__t_e9efd5cda78af711____c5_0____3_fair.csv;PED_SK_DTL_SNF____c5_0____4.csv,{}
tusLarge3,starmie,t_e9efd5cda78af711____c5_0____3_fair.csv,10,534,166,10,False,0.0543,0.5,0.009363295880149813,0.018726591760299626,46.334812581539154,46.334812581539154,t_e9efd5cda78af711____c5_0____1__t_e9efd5cda78af711____c5_0____3_fair.csv;t_e9efd5cda78af711____c5_0____2__t_e9efd5cda78af711____c5_0____3_fair.csv;t_e9efd5cda78af711____c5_0____4__t_e9efd5cda78af711____c5_0____3_fair.csv;t_e9efd5cda78af711____c5_0____0__t_e9efd5cda78af711____c5_0____3_fair.csv;PED_SK_DTL_SNF____c5_0____4.csv;t_e9efd5cda78af711____c7_1____4__t_e9efd5cda78af711____c5_0____3_fair.csv;PED_SK_DTL_SNF____c5_0____4__PED_SK_DTL_SNF____c3_1____2_fair.csv;t_285b3bcd52ec0c86____c8_0____4__t_285b3bcd52ec0c86____c16_0____3_fair.csv;t_285b3bcd52ec0c86____c7_0____4__t_285b3bcd52ec0c86____c9_1____4_fair.csv;t_285b3bcd52ec0c86____c7_0____4__t_285b3bcd52ec0c86____c17_1____0_fair.csv,{}
tusLarge3,starmie,t_e9efd5cda78af711____c5_0____3_fair.csv,20,534,166,20,False,0.0289,0.3,0.011235955056179775,0.03745318352059925,91.7872342467308,91.7872342467308,t_e9efd5cda78af711____c5_0____1__t_e9efd5cda78af711____c5_0____3_fair.csv;t_e9efd5cda78af711____c5_0____2__t_e9efd5cda78af711____c5_0____3_fair.csv;t_e9efd5cda78af711____c5_0____4__t_e9efd5cda78af711____c5_0____3_fair.csv;t_e9efd5cda78af711____c5_0____0__t_e9efd5cda78af711____c5_0____3_fair.csv;PED_SK_DTL_SNF____c5_0____4.csv;t_e9efd5cda78af711____c7_1____4__t_e9efd5cda78af711____c5_0____3_fair.csv;PED_SK_DTL_SNF____c5_0____4__PED_SK_DTL_SNF____c3_1____2_fair.csv;t_285b3bcd52ec0c86____c8_0____4__t_285b3bcd52ec0c86____c16_0____3_fair.csv;t_285b3bcd52ec0c86____c7_0____4__t_285b3bcd52ec0c86____c9_1____4_fair.csv;t_285b3bcd52ec0c86____c7_0____4__t_285b3bcd52ec0c86____c17_1____0_fair.csv;t_285b3bcd52ec0c86____c7_0____4__t_285b3bcd52ec0c86____c12_0____1_fair.csv;t_e9efd5cda78af711____c7_1____4.csv;PED_SK_DTL_SNF____c5_0____3__PED_SK_DTL_SNF____c3_1____2_fair.csv;t_285b3bcd52ec0c86____c6_0____1__t_285b3bcd52ec0c86____c6_0____0_fair.csv;t_285b3bcd52ec0c86____c8_0____4__t_285b3bcd52ec0c86____c9_0____2_fair.csv;t_285b3bcd52ec0c86____c8_0____4__t_285b3bcd52ec0c86____c20_1____2_fair.csv;t_285b3bcd52ec0c86____c8_0____4__t_285b3bcd52ec0c86____c12_0____1_fair.csv;t_285b3bcd52ec0c86____c8_0____3__t_285b3bcd52ec0c86____c16_0____3_fair.csv;t_6c551d740feb0608____c6_0____2.csv;t_285b3bcd52ec0c86____c6_0____1.csv,{}
tusLarge3,starmie,t_ece0594e0480a1ed____c5_1____3_fair.csv,5,88,159,5,True,0.392,1.0,0.056818181818181816,0.056818181818181816,23.974461674690247,23.974461674690247,t_ece0594e0480a1ed____c5_1____1__t_ece0594e0480a1ed____c5_1____3_fair.csv;t_ece0594e0480a1ed____c5_1____1.csv;t_ece0594e0480a1ed____c6_0____3__t_ece0594e0480a1ed____c5_1____3_fair.csv;t_ece0594e0480a1ed____c5_0____3__t_ece0594e0480a1ed____c5_1____3_fair.csv;t_ece0594e0480a1ed____c5_1____0__t_ece0594e0480a1ed____c5_1____3_fair.csv,{}
tusLarge3,starmie,t_ece0594e0480a1ed____c5_1____3_fair.csv,10,88,159,10,True,0.3333,1.0,0.11363636363636363,0.11363636363636363,47.71460956335068,47.71460956335068,t_ece0594e0480a1ed____c5_1____1__t_ece0594e0480a1ed____c5_1____3_fair.csv;t_ece0594e0480a1ed____c5_1____1.csv;t_ece0594e0480a1ed____c6_0____3__t_ece0594e0480a1ed____c5_1____3_fair.csv;t_ece0594e0480a1ed____c5_0____3__t_ece0594e0480a1ed____c5_1____3_fair.csv;t_ece0594e0480a1ed____c5_1____0__t_ece0594e0480a1ed____c5_1____3_fair.csv;t_ece0594e0480a1ed____c6_0____1__t_ece0594e0480a1ed____c5_1____3_fair.csv;t_ece0594e0480a1ed____c5_0____1.csv;t_ece0594e0480a1ed____c5_0____1__t_ece0594e0480a1ed____c5_1____3_fair.csv;t_ece0594e0480a1ed____c6_0____3.csv;t_ece0594e0480a1ed____c5_1____2.csv,{}
tusLarge3,starmie,t_ece0594e0480a1ed____c5_1____3_fair.csv,20,88,159,20,False,0.2433,0.95,0.2159090909090909,0.22727272727272727,94.62704366445541,94.62704366445541,t_ece0594e0480a1ed____c5_1____1__t_ece0594e0480a1ed____c5_1____3_fair.csv;t_ece0594e0480a1ed____c5_1____1.csv;t_ece0594e0480a1ed____c6_0____3__t_ece0594e0480a1ed____c5_1____3_fair.csv;t_ece0594e0480a1ed____c5_0____3__t_ece0594e0480a1ed____c5_1____3_fair.csv;t_ece0594e0480a1ed____c5_1____0__t_ece0594e0480a1ed____c5_1____3_fair.csv;t_ece0594e0480a1ed____c6_0____1__t_ece0594e0480a1ed____c5_1____3_fair.csv;t_ece0594e0480a1ed____c5_0____1.csv;t_ece0594e0480a1ed____c5_0____1__t_ece0594e0480a1ed____c5_1____3_fair.csv;t_ece0594e0480a1ed____c6_0____3.csv;t_ece0594e0480a1ed____c5_1____2.csv;t_ece0594e0480a1ed____c5_0____3.csv;t_ece0594e0480a1ed____c5_1____0.csv;t_ece0594e0480a1ed____c5_1____4__t_ece0594e0480a1ed____c5_1____3_fair.csv;t_ece0594e0480a1ed____c6_0____1.csv;t_ece0594e0480a1ed____c5_1____4.csv;t_ece0594e0480a1ed____c7_0____3__t_ece0594e0480a1ed____c5_1____3_fair.csv;t_ece0594e0480a1ed____c6_0____2__t_ece0594e0480a1ed____c5_1____3_fair.csv;t_285b3bcd52ec0c86____c7_1____0.csv;t_ece0594e0480a1ed____c6_0____4__t_ece0594e0480a1ed____c5_1____3_fair.csv;t_ece0594e0480a1ed____c6_1____3__t_ece0594e0480a1ed____c5_1____3_fair.csv,{}
tusLarge3,starmie,t_e9efd5cda78af711____c6_0____3_fair.csv,5,530,116,5,False,0.1764,0.2,0.0018867924528301887,0.009433962264150943,29.312493920326233,29.312493920326233,t_e9efd5cda78af711____c6_0____2__t_e9efd5cda78af711____c6_0____3_fair.csv;t_285b3bcd52ec0c86____c6_0____3__t_285b3bcd52ec0c86____c6_0____0_fair.csv;PED_SK_DTL_SNF____c10_0____1__PED_SK_DTL_SNF____c9_0____3_fair.csv;PED_SK_DTL_SNF____c10_0____1__PED_SK_DTL_SNF____c18_0____2_fair.csv;PED_SK_DTL_SNF____c10_0____1__PED_SK_DTL_SNF____c14_1____4_fair.csv,{}
tusLarge3,starmie,t_e9efd5cda78af711____c6_0____3_fair.csv,10,530,116,10,False,0.146,0.2,0.0037735849056603774,0.018867924528301886,58.44596517086029,58.44596517086029,t_e9efd5cda78af711____c6_0____2__t_e9efd5cda78af711____c6_0____3_fair.csv;t_285b3bcd52ec0c86____c6_0____3__t_285b3bcd52ec0c86____c6_0____0_fair.csv;PED_SK_DTL_SNF____c10_0____1__PED_SK_DTL_SNF____c9_0____3_fair.csv;PED_SK_DTL_SNF____c10_0____1__PED_SK_DTL_SNF____c18_0____2_fair.csv;PED_SK_DTL_SNF____c10_0____1__PED_SK_DTL_SNF____c14_1____4_fair.csv;t_285b3bcd52ec0c86____c6_0____3.csv;t_e9efd5cda78af711____c6_0____1__t_e9efd5cda78af711____c6_0____3_fair.csv;PED_SK_DTL_SNF____c10_0____1.csv;t_285b3bcd52ec0c86____c10_0____1__t_285b3bcd52ec0c86____c9_1____4_fair.csv;t_285b3bcd52ec0c86____c10_0____1__t_285b3bcd52ec0c86____c6_0____0_fair.csv,{}
tusLarge3,starmie,t_e9efd5cda78af711____c6_0____3_fair.csv,20,530,116,20,False,0.1191,0.25,0.009433962264150943,0.03773584905660377,116.40454250574112,116.40454250574112,t_e9efd5cda78af711____c6_0____2__t_e9efd5cda78af711____c6_0____3_fair.csv;t_285b3bcd52ec0c86____c6_0____3__t_285b3bcd52ec0c86____c6_0____0_fair.csv;PED_SK_DTL_SNF____c10_0____1__PED_SK_DTL_SNF____c9_0____3_fair.csv;PED_SK_DTL_SNF____c10_0____1__PED_SK_DTL_SNF____c18_0____2_fair.csv;PED_SK_DTL_SNF____c10_0____1__PED_SK_DTL_SNF____c14_1____4_fair.csv;t_285b3bcd52ec0c86____c6_0____3.csv;t_e9efd5cda78af711____c6_0____1__t_e9efd5cda78af711____c6_0____3_fair.csv;PED_SK_DTL_SNF____c10_0____1.csv;t_285b3bcd52ec0c86____c10_0____1__t_285b3bcd52ec0c86____c9_1____4_fair.csv;t_285b3bcd52ec0c86____c10_0____1__t_285b3bcd52ec0c86____c6_0____0_fair.csv;t_285b3bcd52ec0c86____c10_0____1__t_285b3bcd52ec0c86____c17_1____0_fair.csv;PED_SK_DTL_SNF____c10_0____0__PED_SK_DTL_SNF____c9_0____3_fair.csv;PED_SK_DTL_SNF____c10_0____0__PED_SK_DTL_SNF____c18_0____2_fair.csv;PED_SK_DTL_SNF____c10_0____0__PED_SK_DTL_SNF____c14_1____4_fair.csv;t_e9efd5cda78af711____c6_0____4__t_e9efd5cda78af711____c6_0____3_fair.csv;t_e9efd5cda78af711____c6_0____0__t_e9efd5cda78af711____c6_0____3_fair.csv;t_285b3bcd52ec0c86____c10_0____4__t_285b3bcd52ec0c86____c9_1____4_fair.csv;t_285b3bcd52ec0c86____c10_0____4__t_285b3bcd52ec0c86____c6_0____0_fair.csv;t_285b3bcd52ec0c86____c10_0____4__t_285b3bcd52ec0c86____c17_1____0_fair.csv;t_e9efd5cda78af711____c6_0____4.csv,{}
tusLarge3,starmie,t_e9efd5cda78af711____c13_0____3_fair.csv,5,487,93,5,False,0.2658,0.6,0.006160164271047228,0.01026694045174538,62.00687140226364,62.00687140226364,t_e9efd5cda78af711____c13_0____1__t_e9efd5cda78af711____c6_0____3_fair.csv;t_e9efd5cda78af711____c13_0____1__t_e9efd5cda78af711____c5_0____3_fair.csv;t_e9efd5cda78af711____c13_0____1__t_e9efd5cda78af711____c13_0____3_fair.csv;t_6c551d740feb0608____c13_1____1__t_6c551d740feb0608____c9_0____3_fair.csv;t_6c551d740feb0608____c13_1____1__t_6c551d740feb0608____c5_1____1_fair.csv,{}
tusLarge3,starmie,t_e9efd5cda78af711____c13_0____3_fair.csv,10,487,93,10,False,0.1515,0.6,0.012320328542094456,0.02053388090349076,123.78705793619156,123.78705793619156,t_e9efd5cda78af711____c13_0____1__t_e9efd5cda78af711____c6_0____3_fair.csv;t_e9efd5cda78af711____c13_0____1__t_e9efd5cda78af711____c5_0____3_fair.csv;t_e9efd5cda78af711____c13_0____1__t_e9efd5cda78af711____c13_0____3_fair.csv;t_6c551d740feb0608____c13_1____1__t_6c551d740feb0608____c9_0____3_fair.csv;t_6c551d740feb0608____c13_1____1__t_6c551d740feb0608____c5_1____1_fair.csv;t_6c551d740feb0608____c13_1____1__t_6c551d740feb0608____c10_0____2_fair.csv;t_6c551d740feb0608____c13_1____1.csv;t_e9efd5cda78af711____c15_0____1__t_e9efd5cda78af711____c5_0____3_fair.csv;t_e9efd5cda78af711____c15_0____1__t_e9efd5cda78af711____c18_0____0_fair.csv;t_e9efd5cda78af711____c15_0____1__t_e9efd5cda78af711____c13_0____3_fair.csv,{}
tusLarge3,starmie,t_e9efd5cda78af711____c13_0____3_fair.csv,20,487,93,20,False,0.0944,0.45,0.018480492813141684,0.04106776180698152,246.98787593841553,246.98787593841553,t_e9efd5cda78af711____c13_0____1__t_e9efd5cda78af711____c6_0____3_fair.csv;t_e9efd5cda78af711____c13_0____1__t_e9efd5cda78af711____c5_0____3_fair.csv;t_e9efd5cda78af711____c13_0____1__t_e9efd5cda78af711____c13_0____3_fair.csv;t_6c551d740feb0608____c13_1____1__t_6c551d740feb0608____c9_0____3_fair.csv;t_6c551d740feb0608____c13_1____1__t_6c551d740feb0608____c5_1____1_fair.csv;t_6c551d740feb0608____c13_1____1__t_6c551d740feb0608____c10_0____2_fair.csv;t_6c551d740feb0608____c13_1____1.csv;t_e9efd5cda78af711____c15_0____1__t_e9efd5cda78af711____c5_0____3_fair.csv;t_e9efd5cda78af711____c15_0____1__t_e9efd5cda78af711____c18_0____0_fair.csv;t_e9efd5cda78af711____c15_0____1__t_e9efd5cda78af711____c13_0____3_fair.csv;t_6c551d740feb0608____c14_1____3__t_6c551d740feb0608____c9_0____3_fair.csv;t_6c551d740feb0608____c14_1____3__t_6c551d740feb0608____c5_1____1_fair.csv;t_6c551d740feb0608____c14_1____3__t_6c551d740feb0608____c16_0____1_fair.csv;t_6c551d740feb0608____c14_1____3__t_6c551d740feb0608____c10_0____2_fair.csv;t_6c551d740feb0608____c15_1____3__t_6c551d740feb0608____c9_0____3_fair.csv;t_6c551d740feb0608____c15_1____3__t_6c551d740feb0608____c16_0____1_fair.csv;t_6c551d740feb0608____c15_1____3__t_6c551d740feb0608____c10_0____2_fair.csv;t_e9efd5cda78af711____c15_1____1__t_e9efd5cda78af711____c6_0____3_fair.csv;t_e9efd5cda78af711____c15_1____1__t_e9efd5cda78af711____c5_0____3_fair.csv;t_e9efd5cda78af711____c15_1____1__t_e9efd5cda78af711____c13_0____3_fair.csv,{}
tusLarge3,starmie,t_e9efd5cda78af711____c18_0____0_fair.csv,5,451,59,5,False,0.0823,0.8,0.008869179600886918,0.011086474501108648,83.47447562217712,83.47447562217712,t_e9efd5cda78af711____c18_1____0__t_e9efd5cda78af711____c5_0____3_fair.csv;t_e9efd5cda78af711____c18_1____0__t_e9efd5cda78af711____c18_0____0_fair.csv;t_e9efd5cda78af711____c18_1____0__t_e9efd5cda78af711____c13_0____3_fair.csv;t_e9efd5cda78af711____c18_1____0.csv;t_285b3bcd52ec0c86____c19_1____2__t_285b3bcd52ec0c86____c9_1____4_fair.csv,{}
tusLarge3,starmie,t_e9efd5cda78af711____c18_0____0_fair.csv,10,451,59,10,False,0.0644,0.4,0.008869179600886918,0.022172949002217297,165.26621693372726,165.26621693372726,t_e9efd5cda78af711____c18_1____0__t_e9efd5cda78af711____c5_0____3_fair.csv;t_e9efd5cda78af711____c18_1____0__t_e9efd5cda78af711____c18_0____0_fair.csv;t_e9efd5cda78af711____c18_1____0__t_e9efd5cda78af711____c13_0____3_fair.csv;t_e9efd5cda78af711____c18_1____0.csv;t_285b3bcd52ec0c86____c19_1____2__t_285b3bcd52ec0c86____c9_1____4_fair.csv;t_285b3bcd52ec0c86____c19_1____2__t_285b3bcd52ec0c86____c6_0____0_fair.csv;t_285b3bcd52ec0c86____c19_1____2__t_285b3bcd52ec0c86____c12_0____1_fair.csv;t_285b3bcd52ec0c86____c19_1____2__t_285b3bcd52ec0c86____c16_0____3_fair.csv;t_285b3bcd52ec0c86____c19_1____3__t_285b3bcd52ec0c86____c9_1____4_fair.csv;t_285b3bcd52ec0c86____c19_1____3__t_285b3bcd52ec0c86____c6_0____0_fair.csv,{}
tusLarge3,starmie,t_e9efd5cda78af711____c18_0____0_fair.csv,20,451,59,20,False,0.0431,0.3,0.013303769401330377,0.04434589800443459,327.51935052871704,327.51935052871704,t_e9efd5cda78af711____c18_1____0__t_e9efd5cda78af711____c5_0____3_fair.csv;t_e9efd5cda78af711____c18_1____0__t_e9efd5cda78af711____c18_0____0_fair.csv;t_e9efd5cda78af711____c18_1____0__t_e9efd5cda78af711____c13_0____3_fair.csv;t_e9efd5cda78af711____c18_1____0.csv;t_285b3bcd52ec0c86____c19_1____2__t_285b3bcd52ec0c86____c9_1____4_fair.csv;t_285b3bcd52ec0c86____c19_1____2__t_285b3bcd52ec0c86____c6_0____0_fair.csv;t_285b3bcd52ec0c86____c19_1____2__t_285b3bcd52ec0c86____c12_0____1_fair.csv;t_285b3bcd52ec0c86____c19_1____2__t_285b3bcd52ec0c86____c16_0____3_fair.csv;t_285b3bcd52ec0c86____c19_1____3__t_285b3bcd52ec0c86____c9_1____4_fair.csv;t_285b3bcd52ec0c86____c19_1____3__t_285b3bcd52ec0c86____c6_0____0_fair.csv;t_285b3bcd52ec0c86____c19_1____3__t_285b3bcd52ec0c86____c12_0____1_fair.csv;t_285b3bcd52ec0c86____c19_1____2__t_285b3bcd52ec0c86____c17_1____0_fair.csv;t_285b3bcd52ec0c86____c19_1____3__t_285b3bcd52ec0c86____c16_0____3_fair.csv;t_285b3bcd52ec0c86____c19_1____2.csv;t_285b3bcd52ec0c86____c19_1____2__t_285b3bcd52ec0c86____c7_1____2_fair.csv;t_285b3bcd52ec0c86____c19_1____3.csv;t_285b3bcd52ec0c86____c19_1____3__t_285b3bcd52ec0c86____c17_1____0_fair.csv;t_285b3bcd52ec0c86____c19_1____3__t_285b3bcd52ec0c86____c7_1____2_fair.csv;t_e9efd5cda78af711____c20_1____4__t_e9efd5cda78af711____c6_0____3_fair.csv;t_e9efd5cda78af711____c20_1____4__t_e9efd5cda78af711____c18_0____0_fair.csv,{}
tusLarge3,starmie,t_f2bc7fb748586bfa____c17_1____1_fair.csv,5,1605,59,5,False,0.1684,1.0,0.003115264797507788,0.003115264797507788,78.88009011745453,78.88009011745453,t_f2bc7fb748586bfa____c20_0____1.csv;t_f2bc7fb748586bfa____c17_1____2__t_f2bc7fb748586bfa____c42_1____2_fair.csv;t_f2bc7fb748586bfa____c17_1____2__t_f2bc7fb748586bfa____c40_0____0_fair.csv;t_f2bc7fb748586bfa____c17_1____2__t_f2bc7fb748586bfa____c31_1____2_fair.csv;t_f2bc7fb748586bfa____c17_1____2__t_f2bc7fb748586bfa____c27_1____4_fair.csv,{}
tusLarge3,starmie,t_f2bc7fb748586bfa____c17_1____1_fair.csv,10,1605,59,10,False,0.1321,1.0,0.006230529595015576,0.006230529595015576,157.67492485046387,157.67492485046387,t_f2bc7fb748586bfa____c20_0____1.csv;t_f2bc7fb748586bfa____c17_1____2__t_f2bc7fb748586bfa____c42_1____2_fair.csv;t_f2bc7fb748586bfa____c17_1____2__t_f2bc7fb748586bfa____c40_0____0_fair.csv;t_f2bc7fb748586bfa____c17_1____2__t_f2bc7fb748586bfa____c31_1____2_fair.csv;t_f2bc7fb748586bfa____c17_1____2__t_f2bc7fb748586bfa____c27_1____4_fair.csv;t_f2bc7fb748586bfa____c17_1____2__t_f2bc7fb748586bfa____c19_1____0_fair.csv;t_f2bc7fb748586bfa____c17_1____2__t_f2bc7fb748586bfa____c17_1____1_fair.csv;t_f2bc7fb748586bfa____c17_1____2.csv;t_f2bc7fb748586bfa____c19_1____3__t_f2bc7fb748586bfa____c19_1____0_fair.csv;t_f2bc7fb748586bfa____c20_0____1__t_f2bc7fb748586bfa____c8_0____0_fair.csv,{}
tusLarge3,starmie,t_f2bc7fb748586bfa____c17_1____1_fair.csv,20,1605,59,20,False,0.0694,1.0,0.012461059190031152,0.012461059190031152,313.20495611429214,313.20495611429214,t_f2bc7fb748586bfa____c20_0____1.csv;t_f2bc7fb748586bfa____c17_1____2__t_f2bc7fb748586bfa____c42_1____2_fair.csv;t_f2bc7fb748586bfa____c17_1____2__t_f2bc7fb748586bfa____c40_0____0_fair.csv;t_f2bc7fb748586bfa____c17_1____2__t_f2bc7fb748586bfa____c31_1____2_fair.csv;t_f2bc7fb748586bfa____c17_1____2__t_f2bc7fb748586bfa____c27_1____4_fair.csv;t_f2bc7fb748586bfa____c17_1____2__t_f2bc7fb748586bfa____c19_1____0_fair.csv;t_f2bc7fb748586bfa____c17_1____2__t_f2bc7fb748586bfa____c17_1____1_fair.csv;t_f2bc7fb748586bfa____c17_1____2.csv;t_f2bc7fb748586bfa____c19_1____3__t_f2bc7fb748586bfa____c19_1____0_fair.csv;t_f2bc7fb748586bfa____c20_0____1__t_f2bc7fb748586bfa____c8_0____0_fair.csv;t_f2bc7fb748586bfa____c20_0____1__t_f2bc7fb748586bfa____c42_1____2_fair.csv;t_f2bc7fb748586bfa____c20_0____1__t_f2bc7fb748586bfa____c31_1____2_fair.csv;t_f2bc7fb748586bfa____c20_0____1__t_f2bc7fb748586bfa____c19_1____0_fair.csv;t_f2bc7fb748586bfa____c20_0____1__t_f2bc7fb748586bfa____c17_1____1_fair.csv;t_f2bc7fb748586bfa____c22_0____3.csv;t_f2bc7fb748586bfa____c19_1____3.csv;t_f2bc7fb748586bfa____c17_0____3.csv;t_f2bc7fb748586bfa____c19_1____3__t_f2bc7fb748586bfa____c8_0____4_fair.csv;t_f2bc7fb748586bfa____c19_1____3__t_f2bc7fb748586bfa____c8_0____0_fair.csv;t_f2bc7fb748586bfa____c19_1____3__t_f2bc7fb748586bfa____c42_1____2_fair.csv,{}
tusLarge3,starmie,t_f2bc7fb748586bfa____c18_1____4_fair.csv,5,1601,64,5,False,0.1819,1.0,0.003123048094940662,0.003123048094940662,84.70401000976562,84.70401000976562,t_f2bc7fb748586bfa____c18_1____2__t_f2bc7fb748586bfa____c8_0____4_fair.csv;t_f2bc7fb748586bfa____c18_1____2__t_f2bc7fb748586bfa____c40_0____0_fair.csv;t_f2bc7fb748586bfa____c18_1____2__t_f2bc7fb748586bfa____c18_1____4_fair.csv;t_f2bc7fb748586bfa____c18_1____2__t_f2bc7fb748586bfa____c17_1____1_fair.csv;t_f2bc7fb748586bfa____c18_1____1__t_f2bc7fb748586bfa____c8_0____4_fair.csv,{}
tusLarge3,starmie,t_f2bc7fb748586bfa____c18_1____4_fair.csv,10,1601,64,10,False,0.1583,1.0,0.006246096189881324,0.006246096189881324,168.69278407096863,168.69278407096863,t_f2bc7fb748586bfa____c18_1____2__t_f2bc7fb748586bfa____c8_0____4_fair.csv;t_f2bc7fb748586bfa____c18_1____2__t_f2bc7fb748586bfa____c40_0____0_fair.csv;t_f2bc7fb748586bfa____c18_1____2__t_f2bc7fb748586bfa____c18_1____4_fair.csv;t_f2bc7fb748586bfa____c18_1____2__t_f2bc7fb748586bfa____c17_1____1_fair.csv;t_f2bc7fb748586bfa____c18_1____1__t_f2bc7fb748586bfa____c8_0____4_fair.csv;t_f2bc7fb748586bfa____c18_1____1__t_f2bc7fb748586bfa____c40_0____0_fair.csv;t_f2bc7fb748586bfa____c18_1____1__t_f2bc7fb748586bfa____c18_1____4_fair.csv;t_f2bc7fb748586bfa____c18_1____1__t_f2bc7fb748586bfa____c17_1____1_fair.csv;t_f2bc7fb748586bfa____c18_1____1.csv;t_f2bc7fb748586bfa____c18_1____2.csv,{}
tusLarge3,starmie,t_f2bc7fb748586bfa____c18_1____4_fair.csv,20,1601,64,20,False,0.1134,0.65,0.008119925046845722,0.012492192379762648,332.83301109075546,332.83301109075546,t_f2bc7fb748586bfa____c18_1____2__t_f2bc7fb748586bfa____c8_0____4_fair.csv;t_f2bc7fb748586bfa____c18_1____2__t_f2bc7fb748586bfa____c40_0____0_fair.csv;t_f2bc7fb748586bfa____c18_1____2__t_f2bc7fb748586bfa____c18_1____4_fair.csv;t_f2bc7fb748586bfa____c18_1____2__t_f2bc7fb748586bfa____c17_1____1_fair.csv;t_f2bc7fb748586bfa____c18_1____1__t_f2bc7fb748586bfa____c8_0____4_fair.csv;t_f2bc7fb748586bfa____c18_1____1__t_f2bc7fb748586bfa____c40_0____0_fair.csv;t_f2bc7fb748586bfa____c18_1____1__t_f2bc7fb748586bfa____c18_1____4_fair.csv;t_f2bc7fb748586bfa____c18_1____1__t_f2bc7fb748586bfa____c17_1____1_fair.csv;t_f2bc7fb748586bfa____c18_1____1.csv;t_f2bc7fb748586bfa____c18_1____2.csv;t_f2bc7fb748586bfa____c18_0____4__t_f2bc7fb748586bfa____c8_0____4_fair.csv;t_f2bc7fb748586bfa____c18_0____4.csv;t_f2bc7fb748586bfa____c18_0____0__t_f2bc7fb748586bfa____c8_0____4_fair.csv;t_f2bc7fb748586bfa____c18_0____0__t_f2bc7fb748586bfa____c27_1____4_fair.csv;t_f2bc7fb748586bfa____c18_0____0.csv;t_f2bc7fb748586bfa____c18_0____4__t_f2bc7fb748586bfa____c27_1____4_fair.csv;t_f2bc7fb748586bfa____c18_0____2__t_f2bc7fb748586bfa____c27_1____4_fair.csv;t_f2bc7fb748586bfa____c18_1____0__t_f2bc7fb748586bfa____c8_0____4_fair.csv;t_f2bc7fb748586bfa____c18_1____0__t_f2bc7fb748586bfa____c40_0____0_fair.csv;t_f2bc7fb748586bfa____c18_1____0__t_f2bc7fb748586bfa____c18_1____4_fair.csv,{}
tusLarge3,starmie,t_f2bc7fb748586bfa____c19_1____0_fair.csv,5,1544,54,5,False,0.1491,1.0,0.003238341968911917,0.003238341968911917,91.1119254231453,91.1119254231453,t_f2bc7fb748586bfa____c19_1____3__t_f2bc7fb748586bfa____c19_1____0_fair.csv;t_f2bc7fb748586bfa____c19_1____3__t_f2bc7fb748586bfa____c8_0____4_fair.csv;t_f2bc7fb748586bfa____c19_1____3__t_f2bc7fb748586bfa____c8_0____0_fair.csv;t_f2bc7fb748586bfa____c19_1____3__t_f2bc7fb748586bfa____c42_1____2_fair.csv;t_f2bc7fb748586bfa____c19_1____3__t_f2bc7fb748586bfa____c27_1____4_fair.csv,{}
tusLarge3,starmie,t_f2bc7fb748586bfa____c19_1____0_fair.csv,10,1544,54,10,False,0.084,1.0,0.006476683937823834,0.006476683937823834,180.4478485584259,180.4478485584259,t_f2bc7fb748586bfa____c19_1____3__t_f2bc7fb748586bfa____c19_1____0_fair.csv;t_f2bc7fb748586bfa____c19_1____3__t_f2bc7fb748586bfa____c8_0____4_fair.csv;t_f2bc7fb748586bfa____c19_1____3__t_f2bc7fb748586bfa____c8_0____0_fair.csv;t_f2bc7fb748586bfa____c19_1____3__t_f2bc7fb748586bfa____c42_1____2_fair.csv;t_f2bc7fb748586bfa____c19_1____3__t_f2bc7fb748586bfa____c27_1____4_fair.csv;t_f2bc7fb748586bfa____c19_1____3__t_f2bc7fb748586bfa____c18_1____4_fair.csv;t_f2bc7fb748586bfa____c19_1____3__t_f2bc7fb748586bfa____c17_1____1_fair.csv;t_f2bc7fb748586bfa____c19_1____3.csv;t_f2bc7fb748586bfa____c19_1____4__t_f2bc7fb748586bfa____c8_0____0_fair.csv;t_f2bc7fb748586bfa____c19_1____4__t_f2bc7fb748586bfa____c19_1____0_fair.csv,{}
tusLarge3,starmie,t_f2bc7fb748586bfa____c19_1____0_fair.csv,20,1544,54,20,False,0.044,1.0,0.012953367875647668,0.012953367875647668,352.53636676073074,352.53636676073074,t_f2bc7fb748586bfa____c19_1____3__t_f2bc7fb748586bfa____c19_1____0_fair.csv;t_f2bc7fb748586bfa____c19_1____3__t_f2bc7fb748586bfa____c8_0____4_fair.csv;t_f2bc7fb748586bfa____c19_1____3__t_f2bc7fb748586bfa____c8_0____0_fair.csv;t_f2bc7fb748586bfa____c19_1____3__t_f2bc7fb748586bfa____c42_1____2_fair.csv;t_f2bc7fb748586bfa____c19_1____3__t_f2bc7fb748586bfa____c27_1____4_fair.csv;t_f2bc7fb748586bfa____c19_1____3__t_f2bc7fb748586bfa____c18_1____4_fair.csv;t_f2bc7fb748586bfa____c19_1____3__t_f2bc7fb748586bfa____c17_1____1_fair.csv;t_f2bc7fb748586bfa____c19_1____3.csv;t_f2bc7fb748586bfa____c19_1____4__t_f2bc7fb748586bfa____c8_0____0_fair.csv;t_f2bc7fb748586bfa____c19_1____4__t_f2bc7fb748586bfa____c19_1____0_fair.csv;t_f2bc7fb748586bfa____c19_1____1__t_f2bc7fb748586bfa____c8_0____4_fair.csv;t_f2bc7fb748586bfa____c19_1____4__t_f2bc7fb748586bfa____c8_0____4_fair.csv;t_f2bc7fb748586bfa____c19_1____4__t_f2bc7fb748586bfa____c27_1____4_fair.csv;t_f2bc7fb748586bfa____c19_1____4__t_f2bc7fb748586bfa____c18_1____4_fair.csv;t_f2bc7fb748586bfa____c19_1____4__t_f2bc7fb748586bfa____c17_1____1_fair.csv;t_f2bc7fb748586bfa____c19_1____4.csv;t_f2bc7fb748586bfa____c20_0____1__t_f2bc7fb748586bfa____c8_0____0_fair.csv;t_f2bc7fb748586bfa____c20_0____1__t_f2bc7fb748586bfa____c42_1____2_fair.csv;t_f2bc7fb748586bfa____c20_0____1__t_f2bc7fb748586bfa____c31_1____2_fair.csv;t_f2bc7fb748586bfa____c20_0____1__t_f2bc7fb748586bfa____c19_1____0_fair.csv,{}
tusLarge3,starmie,t_ca85e8f9eef5b9d5____c22_0____1_fair.csv,5,832,56,5,False,0.2589,1.0,0.006009615384615385,0.006009615384615385,103.10481518507004,103.10481518507004,t_ca85e8f9eef5b9d5____c22_0____0__t_ca85e8f9eef5b9d5____c9_1____4_fair.csv;t_ca85e8f9eef5b9d5____c22_0____0__t_ca85e8f9eef5b9d5____c8_0____4_fair.csv;t_ca85e8f9eef5b9d5____c22_0____0__t_ca85e8f9eef5b9d5____c22_0____1_fair.csv;t_ca85e8f9eef5b9d5____c22_0____0__t_ca85e8f9eef5b9d5____c20_0____2_fair.csv;t_ca85e8f9eef5b9d5____c22_0____0__t_ca85e8f9eef5b9d5____c19_0____4_fair.csv,{}
tusLarge3,starmie,t_ca85e8f9eef5b9d5____c22_0____1_fair.csv,10,832,56,10,False,0.2297,1.0,0.01201923076923077,0.01201923076923077,206.20963037014008,206.20963037014008,t_ca85e8f9eef5b9d5____c22_0____0__t_ca85e8f9eef5b9d5____c9_1____4_fair.csv;t_ca85e8f9eef5b9d5____c22_0____0__t_ca85e8f9eef5b9d5____c8_0____4_fair.csv;t_ca85e8f9eef5b9d5____c22_0____0__t_ca85e8f9eef5b9d5____c22_0____1_fair.csv;t_ca85e8f9eef5b9d5____c22_0____0__t_ca85e8f9eef5b9d5____c20_0____2_fair.csv;t_ca85e8f9eef5b9d5____c22_0____0__t_ca85e8f9eef5b9d5____c19_0____4_fair.csv;t_ca85e8f9eef5b9d5____c22_0____0__t_ca85e8f9eef5b9d5____c17_0____3_fair.csv;t_ca85e8f9eef5b9d5____c22_0____0__t_ca85e8f9eef5b9d5____c15_1____1_fair.csv;t_ca85e8f9eef5b9d5____c22_0____0__t_ca85e8f9eef5b9d5____c14_1____2_fair.csv;t_ca85e8f9eef5b9d5____c22_0____0__t_ca85e8f9eef5b9d5____c10_1____1_fair.csv;t_ca85e8f9eef5b9d5____c22_0____0__t_ca85e8f9eef5b9d5____c10_1____0_fair.csv,{}
tusLarge3,starmie,t_ca85e8f9eef5b9d5____c22_0____1_fair.csv,20,832,56,20,False,0.2238,1.0,0.02403846153846154,0.02403846153846154,409.8355176448822,409.8355176448822,t_ca85e8f9eef5b9d5____c22_0____0__t_ca85e8f9eef5b9d5____c9_1____4_fair.csv;t_ca85e8f9eef5b9d5____c22_0____0__t_ca85e8f9eef5b9d5____c8_0____4_fair.csv;t_ca85e8f9eef5b9d5____c22_0____0__t_ca85e8f9eef5b9d5____c22_0____1_fair.csv;t_ca85e8f9eef5b9d5____c22_0____0__t_ca85e8f9eef5b9d5____c20_0____2_fair.csv;t_ca85e8f9eef5b9d5____c22_0____0__t_ca85e8f9eef5b9d5____c19_0____4_fair.csv;t_ca85e8f9eef5b9d5____c22_0____0__t_ca85e8f9eef5b9d5____c17_0____3_fair.csv;t_ca85e8f9eef5b9d5____c22_0____0__t_ca85e8f9eef5b9d5____c15_1____1_fair.csv;t_ca85e8f9eef5b9d5____c22_0____0__t_ca85e8f9eef5b9d5____c14_1____2_fair.csv;t_ca85e8f9eef5b9d5____c22_0____0__t_ca85e8f9eef5b9d5____c10_1____1_fair.csv;t_ca85e8f9eef5b9d5____c22_0____0__t_ca85e8f9eef5b9d5____c10_1____0_fair.csv;t_ca85e8f9eef5b9d5____c22_0____0__t_ca85e8f9eef5b9d5____c10_0____0_fair.csv;t_ca85e8f9eef5b9d5____c22_0____0.csv;t_ca85e8f9eef5b9d5____c22_0____3__t_ca85e8f9eef5b9d5____c9_1____4_fair.csv;t_ca85e8f9eef5b9d5____c22_0____3__t_ca85e8f9eef5b9d5____c8_0____4_fair.csv;t_ca85e8f9eef5b9d5____c22_0____3__t_ca85e8f9eef5b9d5____c22_0____1_fair.csv;t_ca85e8f9eef5b9d5____c22_0____3__t_ca85e8f9eef5b9d5____c20_0____2_fair.csv;t_ca85e8f9eef5b9d5____c22_0____3__t_ca85e8f9eef5b9d5____c1_0____2_fair.csv;t_ca85e8f9eef5b9d5____c22_0____3__t_ca85e8f9eef5b9d5____c19_0____4_fair.csv;t_ca85e8f9eef5b9d5____c22_0____3__t_ca85e8f9eef5b9d5____c17_0____3_fair.csv;t_ca85e8f9eef5b9d5____c22_0____3__t_ca85e8f9eef5b9d5____c15_1____1_fair.csv,{}
tusLarge3,starmie,t_f2bc7fb748586bfa____c8_0____0_fair.csv,5,1569,90,5,False,0.2373,1.0,0.0031867431485022306,0.0031867431485022306,35.421608448028564,35.421608448028564,t_f2bc7fb748586bfa____c8_0____2__t_f2bc7fb748586bfa____c8_0____4_fair.csv;t_f2bc7fb748586bfa____c8_0____2__t_f2bc7fb748586bfa____c8_0____0_fair.csv;t_f2bc7fb748586bfa____c8_0____2__t_f2bc7fb748586bfa____c27_1____4_fair.csv;t_f2bc7fb748586bfa____c8_0____2.csv;t_f2bc7fb748586bfa____c8_0____1__t_f2bc7fb748586bfa____c8_0____0_fair.csv,{}
tusLarge3,starmie,t_f2bc7fb748586bfa____c8_0____0_fair.csv,10,1569,90,10,False,0.0308,0.8,0.005098789037603569,0.006373486297004461,68.69653731584549,68.69653731584549,t_f2bc7fb748586bfa____c8_0____2__t_f2bc7fb748586bfa____c8_0____4_fair.csv;t_f2bc7fb748586bfa____c8_0____2__t_f2bc7fb748586bfa____c8_0____0_fair.csv;t_f2bc7fb748586bfa____c8_0____2__t_f2bc7fb748586bfa____c27_1____4_fair.csv;t_f2bc7fb748586bfa____c8_0____2.csv;t_f2bc7fb748586bfa____c8_0____1__t_f2bc7fb748586bfa____c8_0____0_fair.csv;t_f2bc7fb748586bfa____c8_0____1.csv;t_f2bc7fb748586bfa____c8_0____1__t_f2bc7fb748586bfa____c8_0____4_fair.csv;t_f2bc7fb748586bfa____c8_0____1__t_f2bc7fb748586bfa____c27_1____4_fair.csv;t_c701386b7c10b107____c20_1____0.csv;t_c701386b7c10b107____c20_1____0__t_c701386b7c10b107____c9_0____1_fair.csv,{}
tusLarge3,starmie,t_f2bc7fb748586bfa____c8_0____0_fair.csv,20,1569,90,20,False,0.0051,0.4,0.005098789037603569,0.012746972594008922,131.84958904981613,131.84958904981613,t_f2bc7fb748586bfa____c8_0____2__t_f2bc7fb748586bfa____c8_0____4_fair.csv;t_f2bc7fb748586bfa____c8_0____2__t_f2bc7fb748586bfa____c8_0____0_fair.csv;t_f2bc7fb748586bfa____c8_0____2__t_f2bc7fb748586bfa____c27_1____4_fair.csv;t_f2bc7fb748586bfa____c8_0____2.csv;t_f2bc7fb748586bfa____c8_0____1__t_f2bc7fb748586bfa____c8_0____0_fair.csv;t_f2bc7fb748586bfa____c8_0____1.csv;t_f2bc7fb748586bfa____c8_0____1__t_f2bc7fb748586bfa____c8_0____4_fair.csv;t_f2bc7fb748586bfa____c8_0____1__t_f2bc7fb748586bfa____c27_1____4_fair.csv;t_c701386b7c10b107____c20_1____0.csv;t_c701386b7c10b107____c20_1____0__t_c701386b7c10b107____c9_0____1_fair.csv;t_c701386b7c10b107____c20_1____0__t_c701386b7c10b107____c8_0____2_fair.csv;t_c701386b7c10b107____c20_1____0__t_c701386b7c10b107____c7_0____1_fair.csv;t_c701386b7c10b107____c20_1____0__t_c701386b7c10b107____c5_0____1_fair.csv;t_c701386b7c10b107____c20_1____0__t_c701386b7c10b107____c3_0____0_fair.csv;t_c701386b7c10b107____c20_1____0__t_c701386b7c10b107____c20_0____0_fair.csv;t_c701386b7c10b107____c20_1____0__t_c701386b7c10b107____c19_1____4_fair.csv;t_c701386b7c10b107____c20_1____0__t_c701386b7c10b107____c18_1____3_fair.csv;t_c701386b7c10b107____c20_1____0__t_c701386b7c10b107____c16_0____0_fair.csv;t_c701386b7c10b107____c20_1____0__t_c701386b7c10b107____c14_1____3_fair.csv;t_c701386b7c10b107____c20_1____0__t_c701386b7c10b107____c11_1____2_fair.csv,{}
tusLarge3,starmie,t_f2bc7fb748586bfa____c8_0____4_fair.csv,5,1478,105,5,False,0.2361,1.0,0.0033829499323410014,0.0033829499323410014,38.01991558074951,38.01991558074951,t_f2bc7fb748586bfa____c8_0____2__t_f2bc7fb748586bfa____c8_0____4_fair.csv;t_f2bc7fb748586bfa____c8_0____2__t_f2bc7fb748586bfa____c8_0____0_fair.csv;t_f2bc7fb748586bfa____c8_0____2__t_f2bc7fb748586bfa____c27_1____4_fair.csv;t_f2bc7fb748586bfa____c8_0____2.csv;t_f2bc7fb748586bfa____c8_0____1__t_f2bc7fb748586bfa____c8_0____0_fair.csv,{}
tusLarge3,starmie,t_f2bc7fb748586bfa____c8_0____4_fair.csv,10,1478,105,10,False,0.1837,0.9,0.006089309878213802,0.006765899864682003,72.89561450481415,72.89561450481415,t_f2bc7fb748586bfa____c8_0____2__t_f2bc7fb748586bfa____c8_0____4_fair.csv;t_f2bc7fb748586bfa____c8_0____2__t_f2bc7fb748586bfa____c8_0____0_fair.csv;t_f2bc7fb748586bfa____c8_0____2__t_f2bc7fb748586bfa____c27_1____4_fair.csv;t_f2bc7fb748586bfa____c8_0____2.csv;t_f2bc7fb748586bfa____c8_0____1__t_f2bc7fb748586bfa____c8_0____0_fair.csv;t_f2bc7fb748586bfa____c8_0____1.csv;t_f2bc7fb748586bfa____c8_0____1__t_f2bc7fb748586bfa____c8_0____4_fair.csv;t_f2bc7fb748586bfa____c8_0____1__t_f2bc7fb748586bfa____c27_1____4_fair.csv;t_f2bc7fb748586bfa____c8_0____3.csv;t_8b2f04db4903263f____c10_1____0.csv,{}
tusLarge3,starmie,t_f2bc7fb748586bfa____c8_0____4_fair.csv,20,1478,105,20,False,0.0126,0.45,0.006089309878213802,0.013531799729364006,136.62998139858246,136.62998139858246,t_f2bc7fb748586bfa____c8_0____2__t_f2bc7fb748586bfa____c8_0____4_fair.csv;t_f2bc7fb748586bfa____c8_0____2__t_f2bc7fb748586bfa____c8_0____0_fair.csv;t_f2bc7fb748586bfa____c8_0____2__t_f2bc7fb748586bfa____c27_1____4_fair.csv;t_f2bc7fb748586bfa____c8_0____2.csv;t_f2bc7fb748586bfa____c8_0____1__t_f2bc7fb748586bfa____c8_0____0_fair.csv;t_f2bc7fb748586bfa____c8_0____1.csv;t_f2bc7fb748586bfa____c8_0____1__t_f2bc7fb748586bfa____c8_0____4_fair.csv;t_f2bc7fb748586bfa____c8_0____1__t_f2bc7fb748586bfa____c27_1____4_fair.csv;t_f2bc7fb748586bfa____c8_0____3.csv;t_8b2f04db4903263f____c10_1____0.csv;t_8b2f04db4903263f____c9_1____3__t_8b2f04db4903263f____c8_0____0_fair.csv;t_8b2f04db4903263f____c9_1____3__t_8b2f04db4903263f____c13_0____2_fair.csv;t_8b2f04db4903263f____c9_1____3__t_8b2f04db4903263f____c10_0____0_fair.csv;t_c701386b7c10b107____c15_0____4.csv;t_c701386b7c10b107____c20_1____0.csv;t_c701386b7c10b107____c15_0____4__t_c701386b7c10b107____c9_0____1_fair.csv;t_c701386b7c10b107____c15_0____4__t_c701386b7c10b107____c8_0____2_fair.csv;t_c701386b7c10b107____c15_0____4__t_c701386b7c10b107____c5_0____1_fair.csv;t_c701386b7c10b107____c15_0____4__t_c701386b7c10b107____c20_0____0_fair.csv;t_c701386b7c10b107____c15_0____4__t_c701386b7c10b107____c19_1____4_fair.csv,{}
tusLarge3,starmie,t_ca85e8f9eef5b9d5____c20_0____2_fair.csv,5,975,128,5,False,0.065,1.0,0.005128205128205128,0.005128205128205128,96.80701702833176,96.80701702833176,t_ca85e8f9eef5b9d5____c20_0____0__t_ca85e8f9eef5b9d5____c9_1____4_fair.csv;t_ca85e8f9eef5b9d5____c20_0____0__t_ca85e8f9eef5b9d5____c8_0____4_fair.csv;t_ca85e8f9eef5b9d5____c20_0____0__t_ca85e8f9eef5b9d5____c22_0____1_fair.csv;t_ca85e8f9eef5b9d5____c20_0____0__t_ca85e8f9eef5b9d5____c20_0____2_fair.csv;t_ca85e8f9eef5b9d5____c20_0____0__t_ca85e8f9eef5b9d5____c1_0____2_fair.csv,{}
tusLarge3,starmie,t_ca85e8f9eef5b9d5____c20_0____2_fair.csv,10,975,128,10,False,0.0359,1.0,0.010256410256410256,0.010256410256410256,193.6140340566635,193.6140340566635,t_ca85e8f9eef5b9d5____c20_0____0__t_ca85e8f9eef5b9d5____c9_1____4_fair.csv;t_ca85e8f9eef5b9d5____c20_0____0__t_ca85e8f9eef5b9d5____c8_0____4_fair.csv;t_ca85e8f9eef5b9d5____c20_0____0__t_ca85e8f9eef5b9d5____c22_0____1_fair.csv;t_ca85e8f9eef5b9d5____c20_0____0__t_ca85e8f9eef5b9d5____c20_0____2_fair.csv;t_ca85e8f9eef5b9d5____c20_0____0__t_ca85e8f9eef5b9d5____c1_0____2_fair.csv;t_ca85e8f9eef5b9d5____c20_0____0__t_ca85e8f9eef5b9d5____c19_0____4_fair.csv;t_ca85e8f9eef5b9d5____c20_0____0__t_ca85e8f9eef5b9d5____c17_0____3_fair.csv;t_ca85e8f9eef5b9d5____c20_0____0__t_ca85e8f9eef5b9d5____c15_1____1_fair.csv;t_ca85e8f9eef5b9d5____c20_0____0__t_ca85e8f9eef5b9d5____c14_1____2_fair.csv;t_ca85e8f9eef5b9d5____c20_0____0__t_ca85e8f9eef5b9d5____c10_1____1_fair.csv,{}
tusLarge3,starmie,t_ca85e8f9eef5b9d5____c20_0____2_fair.csv,20,975,128,20,False,0.0195,1.0,0.020512820512820513,0.020512820512820513,385.3779822587967,385.3779822587967,t_ca85e8f9eef5b9d5____c20_0____0__t_ca85e8f9eef5b9d5____c9_1____4_fair.csv;t_ca85e8f9eef5b9d5____c20_0____0__t_ca85e8f9eef5b9d5____c8_0____4_fair.csv;t_ca85e8f9eef5b9d5____c20_0____0__t_ca85e8f9eef5b9d5____c22_0____1_fair.csv;t_ca85e8f9eef5b9d5____c20_0____0__t_ca85e8f9eef5b9d5____c20_0____2_fair.csv;t_ca85e8f9eef5b9d5____c20_0____0__t_ca85e8f9eef5b9d5____c1_0____2_fair.csv;t_ca85e8f9eef5b9d5____c20_0____0__t_ca85e8f9eef5b9d5____c19_0____4_fair.csv;t_ca85e8f9eef5b9d5____c20_0____0__t_ca85e8f9eef5b9d5____c17_0____3_fair.csv;t_ca85e8f9eef5b9d5____c20_0____0__t_ca85e8f9eef5b9d5____c15_1____1_fair.csv;t_ca85e8f9eef5b9d5____c20_0____0__t_ca85e8f9eef5b9d5____c14_1____2_fair.csv;t_ca85e8f9eef5b9d5____c20_0____0__t_ca85e8f9eef5b9d5____c10_1____1_fair.csv;t_ca85e8f9eef5b9d5____c20_0____0__t_ca85e8f9eef5b9d5____c10_1____0_fair.csv;t_ca85e8f9eef5b9d5____c20_0____0__t_ca85e8f9eef5b9d5____c10_0____0_fair.csv;t_ca85e8f9eef5b9d5____c20_0____0.csv;t_ca85e8f9eef5b9d5____c20_1____2.csv;t_ca85e8f9eef5b9d5____c21_0____2__t_ca85e8f9eef5b9d5____c9_1____4_fair.csv;t_ca85e8f9eef5b9d5____c21_0____2__t_ca85e8f9eef5b9d5____c8_0____4_fair.csv;t_ca85e8f9eef5b9d5____c21_0____2__t_ca85e8f9eef5b9d5____c22_0____1_fair.csv;t_ca85e8f9eef5b9d5____c21_0____2__t_ca85e8f9eef5b9d5____c20_0____2_fair.csv;t_ca85e8f9eef5b9d5____c21_0____2__t_ca85e8f9eef5b9d5____c1_0____2_fair.csv;t_ca85e8f9eef5b9d5____c21_0____2__t_ca85e8f9eef5b9d5____c19_0____4_fair.csv,{}
tusLarge3,starmie,t_f2bc7fb748586bfa____c27_1____4_fair.csv,5,1702,41,5,False,0.2822,1.0,0.002937720329024677,0.002937720329024677,124.38291066884995,124.38291066884995,t_f2bc7fb748586bfa____c26_0____3.csv;t_f2bc7fb748586bfa____c26_0____0.csv;t_f2bc7fb748586bfa____c26_0____3__t_f2bc7fb748586bfa____c27_1____4_fair.csv;t_f2bc7fb748586bfa____c26_0____0__t_f2bc7fb748586bfa____c8_0____4_fair.csv;t_f2bc7fb748586bfa____c26_0____0__t_f2bc7fb748586bfa____c27_1____4_fair.csv,{}
tusLarge3,starmie,t_f2bc7fb748586bfa____c27_1____4_fair.csv,10,1702,41,10,False,0.1873,1.0,0.005875440658049354,0.005875440658049354,248.48253321647644,248.48253321647644,t_f2bc7fb748586bfa____c26_0____3.csv;t_f2bc7fb748586bfa____c26_0____0.csv;t_f2bc7fb748586bfa____c26_0____3__t_f2bc7fb748586bfa____c27_1____4_fair.csv;t_f2bc7fb748586bfa____c26_0____0__t_f2bc7fb748586bfa____c8_0____4_fair.csv;t_f2bc7fb748586bfa____c26_0____0__t_f2bc7fb748586bfa____c27_1____4_fair.csv;t_f2bc7fb748586bfa____c26_0____0__t_f2bc7fb748586bfa____c19_1____0_fair.csv;t_f2bc7fb748586bfa____c26_0____4__t_f2bc7fb748586bfa____c8_0____4_fair.csv;t_f2bc7fb748586bfa____c26_0____4__t_f2bc7fb748586bfa____c19_1____0_fair.csv;t_f2bc7fb748586bfa____c26_0____3__t_f2bc7fb748586bfa____c8_0____4_fair.csv;t_f2bc7fb748586bfa____c26_0____2.csv,{}
tusLarge3,starmie,t_f2bc7fb748586bfa____c27_1____4_fair.csv,20,1702,41,20,False,0.1803,0.9,0.010575793184488837,0.011750881316098707,495.5391717553139,495.5391717553139,t_f2bc7fb748586bfa____c26_0____3.csv;t_f2bc7fb748586bfa____c26_0____0.csv;t_f2bc7fb748586bfa____c26_0____3__t_f2bc7fb748586bfa____c27_1____4_fair.csv;t_f2bc7fb748586bfa____c26_0____0__t_f2bc7fb748586bfa____c8_0____4_fair.csv;t_f2bc7fb748586bfa____c26_0____0__t_f2bc7fb748586bfa____c27_1____4_fair.csv;t_f2bc7fb748586bfa____c26_0____0__t_f2bc7fb748586bfa____c19_1____0_fair.csv;t_f2bc7fb748586bfa____c26_0____4__t_f2bc7fb748586bfa____c8_0____4_fair.csv;t_f2bc7fb748586bfa____c26_0____4__t_f2bc7fb748586bfa____c19_1____0_fair.csv;t_f2bc7fb748586bfa____c26_0____3__t_f2bc7fb748586bfa____c8_0____4_fair.csv;t_f2bc7fb748586bfa____c26_0____2.csv;t_f2bc7fb748586bfa____c26_0____4.csv;t_f2bc7fb748586bfa____c26_0____3__t_f2bc7fb748586bfa____c19_1____0_fair.csv;t_f2bc7fb748586bfa____c26_1____1__t_f2bc7fb748586bfa____c19_1____0_fair.csv;t_f2bc7fb748586bfa____c26_1____1__t_f2bc7fb748586bfa____c8_0____0_fair.csv;t_f2bc7fb748586bfa____c26_0____1.csv;t_f2bc7fb748586bfa____c26_0____2__t_f2bc7fb748586bfa____c27_1____4_fair.csv;t_f2bc7fb748586bfa____c26_0____1__t_f2bc7fb748586bfa____c8_0____4_fair.csv;t_f2bc7fb748586bfa____c26_0____1__t_f2bc7fb748586bfa____c27_1____4_fair.csv;t_f2bc7fb748586bfa____c26_0____1__t_f2bc7fb748586bfa____c19_1____0_fair.csv;t_f2bc7fb748586bfa____c26_0____4__t_f2bc7fb748586bfa____c27_1____4_fair.csv,{}
tusLarge3,starmie,t_f2bc7fb748586bfa____c31_1____2_fair.csv,5,1532,41,5,False,0.1292,0.4,0.0013054830287206266,0.0032637075718015664,127.99539244174957,127.99497777223587,t_f2bc7fb748586bfa____c26_0____0__t_f2bc7fb748586bfa____c8_0____4_fair.csv;t_f2bc7fb748586bfa____c26_0____0__t_f2bc7fb748586bfa____c27_1____4_fair.csv;t_f2bc7fb748586bfa____c26_0____0__t_f2bc7fb748586bfa____c19_1____0_fair.csv;t_f2bc7fb748586bfa____c26_1____1__t_f2bc7fb748586bfa____c19_1____0_fair.csv;t_f2bc7fb748586bfa____c26_1____1__t_f2bc7fb748586bfa____c8_0____0_fair.csv,{}
tusLarge3,starmie,t_f2bc7fb748586bfa____c31_1____2_fair.csv,10,1532,41,10,False,0.1442,0.4,0.0026109660574412533,0.006527415143603133,255.64369070529938,255.64266735315323,t_f2bc7fb748586bfa____c26_0____0__t_f2bc7fb748586bfa____c8_0____4_fair.csv;t_f2bc7fb748586bfa____c26_0____0__t_f2bc7fb748586bfa____c27_1____4_fair.csv;t_f2bc7fb748586bfa____c26_0____0__t_f2bc7fb748586bfa____c19_1____0_fair.csv;t_f2bc7fb748586bfa____c26_1____1__t_f2bc7fb748586bfa____c19_1____0_fair.csv;t_f2bc7fb748586bfa____c26_1____1__t_f2bc7fb748586bfa____c8_0____0_fair.csv;t_f2bc7fb748586bfa____c26_0____2.csv;t_f2bc7fb748586bfa____c26_0____0.csv;t_f2bc7fb748586bfa____c26_0____2__t_f2bc7fb748586bfa____c27_1____4_fair.csv;t_f2bc7fb748586bfa____c26_1____1__t_f2bc7fb748586bfa____c40_0____0_fair.csv;t_f2bc7fb748586bfa____c26_1____1__t_f2bc7fb748586bfa____c31_1____2_fair.csv,{}
tusLarge3,starmie,t_f2bc7fb748586bfa____c31_1____2_fair.csv,20,1532,41,20,False,0.0912,0.25,0.0032637075718015664,0.013054830287206266,509.66821563243866,509.66547483205795,t_f2bc7fb748586bfa____c26_0____0__t_f2bc7fb748586bfa____c8_0____4_fair.csv;t_f2bc7fb748586bfa____c26_0____0__t_f2bc7fb748586bfa____c27_1____4_fair.csv;t_f2bc7fb748586bfa____c26_0____0__t_f2bc7fb748586bfa____c19_1____0_fair.csv;t_f2bc7fb748586bfa____c26_1____1__t_f2bc7fb748586bfa____c19_1____0_fair.csv;t_f2bc7fb748586bfa____c26_1____1__t_f2bc7fb748586bfa____c8_0____0_fair.csv;t_f2bc7fb748586bfa____c26_0____2.csv;t_f2bc7fb748586bfa____c26_0____0.csv;t_f2bc7fb748586bfa____c26_0____2__t_f2bc7fb748586bfa____c27_1____4_fair.csv;t_f2bc7fb748586bfa____c26_1____1__t_f2bc7fb748586bfa____c40_0____0_fair.csv;t_f2bc7fb748586bfa____c26_1____1__t_f2bc7fb748586bfa____c31_1____2_fair.csv;t_f2bc7fb748586bfa____c26_0____3__t_f2bc7fb748586bfa____c27_1____4_fair.csv;t_f2bc7fb748586bfa____c26_1____1__t_f2bc7fb748586bfa____c8_0____4_fair.csv;t_f2bc7fb748586bfa____c26_0____4__t_f2bc7fb748586bfa____c8_0____4_fair.csv;t_f2bc7fb748586bfa____c26_0____4__t_f2bc7fb748586bfa____c19_1____0_fair.csv;t_f2bc7fb748586bfa____c26_0____4.csv;t_f2bc7fb748586bfa____c26_0____3__t_f2bc7fb748586bfa____c8_0____4_fair.csv;t_f2bc7fb748586bfa____c26_0____3__t_f2bc7fb748586bfa____c19_1____0_fair.csv;t_f2bc7fb748586bfa____c26_0____1__t_f2bc7fb748586bfa____c8_0____4_fair.csv;t_f2bc7fb748586bfa____c26_0____1__t_f2bc7fb748586bfa____c27_1____4_fair.csv;t_f2bc7fb748586bfa____c26_0____1__t_f2bc7fb748586bfa____c19_1____0_fair.csv,{}
tusLarge3,starmie,t_f2bc7fb748586bfa____c42_1____2_fair.csv,5,1600,25,5,False,0.0811,1.0,0.003125,0.003125,209.60867589712143,209.60867589712143,t_f2bc7fb748586bfa____c42_1____1__t_f2bc7fb748586bfa____c40_0____0_fair.csv;t_f2bc7fb748586bfa____c42_1____0__t_f2bc7fb748586bfa____c8_0____4_fair.csv;t_f2bc7fb748586bfa____c42_1____0__t_f2bc7fb748586bfa____c8_0____0_fair.csv;t_f2bc7fb748586bfa____c42_1____0__t_f2bc7fb748586bfa____c40_0____0_fair.csv;t_f2bc7fb748586bfa____c42_1____0__t_f2bc7fb748586bfa____c31_1____2_fair.csv,{}
tusLarge3,starmie,t_f2bc7fb748586bfa____c42_1____2_fair.csv,10,1600,25,10,False,0.089,1.0,0.00625,0.00625,419.2060589194298,419.2060589194298,t_f2bc7fb748586bfa____c42_1____1__t_f2bc7fb748586bfa____c40_0____0_fair.csv;t_f2bc7fb748586bfa____c42_1____0__t_f2bc7fb748586bfa____c8_0____4_fair.csv;t_f2bc7fb748586bfa____c42_1____0__t_f2bc7fb748586bfa____c8_0____0_fair.csv;t_f2bc7fb748586bfa____c42_1____0__t_f2bc7fb748586bfa____c40_0____0_fair.csv;t_f2bc7fb748586bfa____c42_1____0__t_f2bc7fb748586bfa____c31_1____2_fair.csv;t_f2bc7fb748586bfa____c42_1____0__t_f2bc7fb748586bfa____c27_1____4_fair.csv;t_f2bc7fb748586bfa____c42_1____0__t_f2bc7fb748586bfa____c19_1____0_fair.csv;t_f2bc7fb748586bfa____c42_1____0__t_f2bc7fb748586bfa____c18_1____4_fair.csv;t_f2bc7fb748586bfa____c42_1____0__t_f2bc7fb748586bfa____c17_1____1_fair.csv;t_f2bc7fb748586bfa____c42_1____0__t_f2bc7fb748586bfa____c42_1____2_fair.csv,{}
tusLarge3,starmie,t_f2bc7fb748586bfa____c42_1____2_fair.csv,20,1600,25,20,False,0.0706,1.0,0.0125,0.0125,838.2400115132332,838.2400115132332,t_f2bc7fb748586bfa____c42_1____1__t_f2bc7fb748586bfa____c40_0____0_fair.csv;t_f2bc7fb748586bfa____c42_1____0__t_f2bc7fb748586bfa____c8_0____4_fair.csv;t_f2bc7fb748586bfa____c42_1____0__t_f2bc7fb748586bfa____c8_0____0_fair.csv;t_f2bc7fb748586bfa____c42_1____0__t_f2bc7fb748586bfa____c40_0____0_fair.csv;t_f2bc7fb748586bfa____c42_1____0__t_f2bc7fb748586bfa____c31_1____2_fair.csv;t_f2bc7fb748586bfa____c42_1____0__t_f2bc7fb748586bfa____c27_1____4_fair.csv;t_f2bc7fb748586bfa____c42_1____0__t_f2bc7fb748586bfa____c19_1____0_fair.csv;t_f2bc7fb748586bfa____c42_1____0__t_f2bc7fb748586bfa____c18_1____4_fair.csv;t_f2bc7fb748586bfa____c42_1____0__t_f2bc7fb748586bfa____c17_1____1_fair.csv;t_f2bc7fb748586bfa____c42_1____0__t_f2bc7fb748586bfa____c42_1____2_fair.csv;t_f2bc7fb748586bfa____c42_1____1__t_f2bc7fb748586bfa____c8_0____0_fair.csv;t_f2bc7fb748586bfa____c42_1____1__t_f2bc7fb748586bfa____c42_1____2_fair.csv;t_f2bc7fb748586bfa____c42_1____1__t_f2bc7fb748586bfa____c31_1____2_fair.csv;t_f2bc7fb748586bfa____c42_1____1__t_f2bc7fb748586bfa____c27_1____4_fair.csv;t_f2bc7fb748586bfa____c42_1____1__t_f2bc7fb748586bfa____c19_1____0_fair.csv;t_f2bc7fb748586bfa____c42_1____1__t_f2bc7fb748586bfa____c18_1____4_fair.csv;t_f2bc7fb748586bfa____c42_1____1__t_f2bc7fb748586bfa____c17_1____1_fair.csv;t_f2bc7fb748586bfa____c42_1____0.csv;t_f2bc7fb748586bfa____c42_1____1.csv;t_f2bc7fb748586bfa____c42_1____3__t_f2bc7fb748586bfa____c19_1____0_fair.csv,{}
tusLarge3,starmie,t_f2bc7fb748586bfa____c40_0____0_fair.csv,5,1687,45,5,False,0.157,1.0,0.002963841138114997,0.002963841138114997,198.39062601327896,198.39062601327896,t_f2bc7fb748586bfa____c42_1____0__t_f2bc7fb748586bfa____c8_0____4_fair.csv;t_f2bc7fb748586bfa____c42_1____0__t_f2bc7fb748586bfa____c8_0____0_fair.csv;t_f2bc7fb748586bfa____c42_1____0__t_f2bc7fb748586bfa____c40_0____0_fair.csv;t_f2bc7fb748586bfa____c42_1____0__t_f2bc7fb748586bfa____c31_1____2_fair.csv;t_f2bc7fb748586bfa____c42_1____0__t_f2bc7fb748586bfa____c27_1____4_fair.csv,{}
tusLarge3,starmie,t_f2bc7fb748586bfa____c40_0____0_fair.csv,10,1687,45,10,False,0.1172,1.0,0.005927682276229994,0.005927682276229994,389.93772953748703,389.93772953748703,t_f2bc7fb748586bfa____c42_1____0__t_f2bc7fb748586bfa____c8_0____4_fair.csv;t_f2bc7fb748586bfa____c42_1____0__t_f2bc7fb748586bfa____c8_0____0_fair.csv;t_f2bc7fb748586bfa____c42_1____0__t_f2bc7fb748586bfa____c40_0____0_fair.csv;t_f2bc7fb748586bfa____c42_1____0__t_f2bc7fb748586bfa____c31_1____2_fair.csv;t_f2bc7fb748586bfa____c42_1____0__t_f2bc7fb748586bfa____c27_1____4_fair.csv;t_f2bc7fb748586bfa____c42_1____0__t_f2bc7fb748586bfa____c19_1____0_fair.csv;t_f2bc7fb748586bfa____c42_1____0__t_f2bc7fb748586bfa____c18_1____4_fair.csv;t_f2bc7fb748586bfa____c42_1____0__t_f2bc7fb748586bfa____c17_1____1_fair.csv;t_f2bc7fb748586bfa____c42_1____0.csv;t_f2bc7fb748586bfa____c33_0____0.csv,{}
tusLarge3,starmie,t_f2bc7fb748586bfa____c40_0____0_fair.csv,20,1687,45,20,False,0.063,1.0,0.011855364552459988,0.011855364552459988,718.0130818486214,718.01298558712,t_f2bc7fb748586bfa____c42_1____0__t_f2bc7fb748586bfa____c8_0____4_fair.csv;t_f2bc7fb748586bfa____c42_1____0__t_f2bc7fb748586bfa____c8_0____0_fair.csv;t_f2bc7fb748586bfa____c42_1____0__t_f2bc7fb748586bfa____c40_0____0_fair.csv;t_f2bc7fb748586bfa____c42_1____0__t_f2bc7fb748586bfa____c31_1____2_fair.csv;t_f2bc7fb748586bfa____c42_1____0__t_f2bc7fb748586bfa____c27_1____4_fair.csv;t_f2bc7fb748586bfa____c42_1____0__t_f2bc7fb748586bfa____c19_1____0_fair.csv;t_f2bc7fb748586bfa____c42_1____0__t_f2bc7fb748586bfa____c18_1____4_fair.csv;t_f2bc7fb748586bfa____c42_1____0__t_f2bc7fb748586bfa____c17_1____1_fair.csv;t_f2bc7fb748586bfa____c42_1____0.csv;t_f2bc7fb748586bfa____c33_0____0.csv;t_f2bc7fb748586bfa____c33_0____1__t_f2bc7fb748586bfa____c40_0____0_fair.csv;t_f2bc7fb748586bfa____c33_0____1.csv;t_f2bc7fb748586bfa____c33_0____4.csv;t_f2bc7fb748586bfa____c33_0____4__t_f2bc7fb748586bfa____c8_0____4_fair.csv;t_f2bc7fb748586bfa____c33_0____4__t_f2bc7fb748586bfa____c42_1____2_fair.csv;t_f2bc7fb748586bfa____c33_0____4__t_f2bc7fb748586bfa____c40_0____0_fair.csv;t_f2bc7fb748586bfa____c33_0____4__t_f2bc7fb748586bfa____c18_1____4_fair.csv;t_f2bc7fb748586bfa____c33_0____4__t_f2bc7fb748586bfa____c17_1____1_fair.csv;t_f2bc7fb748586bfa____c33_0____0__t_f2bc7fb748586bfa____c42_1____2_fair.csv;t_f2bc7fb748586bfa____c33_0____1__t_f2bc7fb748586bfa____c8_0____4_fair.csv,{}
