bench,approach,q_table,k,gt_size,n_candidates,n_returned,feasible,F,prec,rec,ideal_recall,starmie_sum_score,duts_sum_U,tables,extras
tusLarge3,exhaustive,PED_SK_DTL_SNF____c3_1____2_fair.csv,5,709,232,5,True,0.3143,1.0,0.007052186177715092,0.007052186177715092,11.866554021835327,11.866554021835327,PED_SK_DTL_SNF____c7_0____2__PED_SK_DTL_SNF____c23_0____0_fair.csv;PED_SK_DTL_SNF____c7_0____2.csv;PED_SK_DTL_SNF____c3_1____4__PED_SK_DTL_SNF____c3_1____2_fair.csv;PED_SK_DTL_SNF____c3_1____0__PED_SK_DTL_SNF____c3_1____2_fair.csv;PED_SK_DTL_SNF____c7_0____4__PED_SK_DTL_SNF____c3_1____2_fair.csv,"{""needs_fairification"": true, ""success"": true, ""swaps_made"": 2, ""initial_fairness"": 0.1644, ""initial_delta"": 0.24}"
tusLarge3,exhaustive,PED_SK_DTL_SNF____c3_1____2_fair.csv,10,709,232,10,True,0.3065,0.8,0.011283497884344146,0.014104372355430184,21.348069727420807,21.348069727420807,PED_SK_DTL_SNF____c7_0____2__PED_SK_DTL_SNF____c23_0____0_fair.csv;PED_SK_DTL_SNF____c7_0____2.csv;PED_SK_DTL_SNF____c3_1____4__PED_SK_DTL_SNF____c3_1____2_fair.csv;PED_SK_DTL_SNF____c3_1____0__PED_SK_DTL_SNF____c3_1____2_fair.csv;PED_SK_DTL_SNF____c3_1____0.csv;PED_SK_DTL_SNF____c7_0____4__PED_SK_DTL_SNF____c3_1____2_fair.csv;PED_SK_DTL_SNF____c3_1____3__PED_SK_DTL_SNF____c3_1____2_fair.csv;t_285b3bcd52ec0c86____c3_1____3__t_285b3bcd52ec0c86____c7_1____2_fair.csv;t_285b3bcd52ec0c86____c2_1____4__t_285b3bcd52ec0c86____c7_1____2_fair.csv;PED_SK_DTL_SNF____c2_1____0__PED_SK_DTL_SNF____c3_1____2_fair.csv,"{""needs_fairification"": true, ""success"": true, ""swaps_made"": 5, ""initial_fairness"": 0.1154, ""initial_delta"": 0.28}"
tusLarge3,exhaustive,PED_SK_DTL_SNF____c3_1____2_fair.csv,20,709,232,20,True,0.3025,0.35,0.009873060648801129,0.028208744710860368,38.683933079242706,38.683933079242706,PED_SK_DTL_SNF____c3_1____4__PED_SK_DTL_SNF____c3_1____2_fair.csv;PED_SK_DTL_SNF____c3_1____0__PED_SK_DTL_SNF____c3_1____2_fair.csv;PED_SK_DTL_SNF____c3_1____0.csv;t_b28ed28824886b47____c3_0____4__t_b28ed28824886b47____c11_1____3_fair.csv;t_b28ed28824886b47____c3_0____4__t_b28ed28824886b47____c8_0____3_fair.csv;t_8b91ff826fe3eeb8____c3_1____0.csv;t_8b91ff826fe3eeb8____c3_1____0__t_8b91ff826fe3eeb8____c3_1____2_fair.csv;PED_SK_DTL_SNF____c7_0____4__PED_SK_DTL_SNF____c3_1____2_fair.csv;PED_SK_DTL_SNF____c7_0____4__PED_SK_DTL_SNF____c23_0____0_fair.csv;PED_SK_DTL_SNF____c3_1____3__PED_SK_DTL_SNF____c3_1____2_fair.csv;t_6c551d740feb0608____c3_1____4__t_6c551d740feb0608____c10_0____2_fair.csv;t_285b3bcd52ec0c86____c3_1____0__t_285b3bcd52ec0c86____c7_1____2_fair.csv;t_285b3bcd52ec0c86____c3_1____3__t_285b3bcd52ec0c86____c7_1____2_fair.csv;t_285b3bcd52ec0c86____c2_1____2__t_285b3bcd52ec0c86____c7_1____2_fair.csv;t_285b3bcd52ec0c86____c2_1____4__t_285b3bcd52ec0c86____c7_1____2_fair.csv;t_285b3bcd52ec0c86____c2_1____0__t_285b3bcd52ec0c86____c7_1____2_fair.csv;PED_SK_DTL_SNF____c2_1____0__PED_SK_DTL_SNF____c3_1____2_fair.csv;t_285b3bcd52ec0c86____c2_1____3__t_285b3bcd52ec0c86____c7_1____2_fair.csv;PED_SK_DTL_SNF____c2_0____0__PED_SK_DTL_SNF____c14_1____4_fair.csv;t_240c872e361b3c8e____c1_0____3.csv,"{""needs_fairification"": true, ""success"": true, ""swaps_made"": 13, ""initial_fairness"": 0.047, ""initial_delta"": 0.35}"
tusLarge3,exhaustive,PED_SK_DTL_SNF____c12_0____3_fair.csv,5,746,85,0,False,0.4376,,0.0,0.006702412868632708,0,0.0,,"{""needs_fairification"": true, ""success"": false, ""swaps_made"": 4, ""initial_fairness"": 0.0789, ""initial_delta"": 0.32}"
tusLarge3,exhaustive,PED_SK_DTL_SNF____c12_0____3_fair.csv,10,746,85,0,False,0.4376,,0.0,0.013404825737265416,0,0.0,,"{""needs_fairification"": true, ""success"": false, ""swaps_made"": 1, ""initial_fairness"": 0.061, ""initial_delta"": 0.34}"
tusLarge3,exhaustive,PED_SK_DTL_SNF____c12_0____3_fair.csv,20,746,85,0,False,0.4376,,0.0,0.02680965147453083,0,0.0,,"{""needs_fairification"": true, ""success"": false, ""swaps_made"": 0, ""initial_fairness"": 0.0402, ""initial_delta"": 0.36}"
tusLarge3,exhaustive,PED_SK_DTL_SNF____c9_0____3_fair.csv,5,811,117,5,True,0.3279,0.6,0.0036991368680641184,0.006165228113440197,38.090421974658966,38.090421974658966,PED_SK_DTL_SNF____c12_1____3.csv;PED_YT_DTL_SNF____c11_0____2.csv;PED_SK_DTL_SNF____c8_0____2__PED_SK_DTL_SNF____c9_0____3_fair.csv;PED_SK_DTL_SNF____c8_1____0__PED_SK_DTL_SNF____c9_0____3_fair.csv;PED_SK_DTL_SNF____c8_1____1__PED_SK_DTL_SNF____c9_0____3_fair.csv,"{""needs_fairification"": true, ""success"": true, ""swaps_made"": 4, ""initial_fairness"": 0.069, ""initial_delta"": 0.33}"
tusLarge3,exhaustive,PED_SK_DTL_SNF____c9_0____3_fair.csv,10,811,117,10,True,0.331,0.5,0.006165228113440197,0.012330456226880395,76.33074742555618,76.33074742555618,PED_YT_DTL_SNF____c11_0____2__PED_YT_DTL_SNF____c18_1____1_fair.csv;PED_YT_DTL_SNF____c11_0____2.csv;PED_YT_DTL_SNF____c9_0____1__PED_YT_DTL_SNF____c22_0____2_fair.csv;PED_YT_DTL_SNF____c9_0____1.csv;t_285b3bcd52ec0c86____c10_0____0.csv;PED_SK_DTL_SNF____c8_0____2__PED_SK_DTL_SNF____c9_0____3_fair.csv;PED_SK_DTL_SNF____c8_1____0.csv;PED_SK_DTL_SNF____c8_1____0__PED_SK_DTL_SNF____c9_0____3_fair.csv;PED_SK_DTL_SNF____c8_1____1.csv;PED_SK_DTL_SNF____c8_1____1__PED_SK_DTL_SNF____c9_0____3_fair.csv,"{""needs_fairification"": true, ""success"": true, ""swaps_made"": 10, ""initial_fairness"": 0.0446, ""initial_delta"": 0.36}"
tusLarge3,exhaustive,PED_SK_DTL_SNF____c9_0____3_fair.csv,20,811,117,0,False,0.4164,,0.0,0.02466091245376079,0,0.0,,"{""needs_fairification"": true, ""success"": false, ""swaps_made"": 4, ""initial_fairness"": 0.0234, ""initial_delta"": 0.38}"
tusLarge3,exhaustive,PED_SK_DTL_SNF____c14_1____4_fair.csv,5,836,76,5,True,0.3473,0.6,0.0035885167464114833,0.005980861244019139,62.213348269462585,62.213348269462585,PED_SK_DTL_SNF____c16_1____4__PED_SK_DTL_SNF____c9_0____3_fair.csv;PED_SK_DTL_SNF____c13_0____4__PED_SK_DTL_SNF____c14_1____4_fair.csv;PED_SK_DTL_SNF____c13_0____1__PED_SK_DTL_SNF____c14_1____4_fair.csv;PED_SK_DTL_SNF____c13_0____2__PED_SK_DTL_SNF____c14_1____4_fair.csv;PED_YT_DTL_SNF____c12_0____2.csv,"{""needs_fairification"": true, ""success"": true, ""swaps_made"": 4, ""initial_fairness"": 0.0728, ""initial_delta"": 0.33}"
tusLarge3,exhaustive,PED_SK_DTL_SNF____c14_1____4_fair.csv,10,836,76,0,False,0.4229,,0.0,0.011961722488038277,0,0.0,,"{""needs_fairification"": true, ""success"": false, ""swaps_made"": 9, ""initial_fairness"": 0.0408, ""initial_delta"": 0.36}"
tusLarge3,exhaustive,PED_SK_DTL_SNF____c14_1____4_fair.csv,20,836,76,0,False,0.4229,,0.0,0.023923444976076555,0,0.0,,"{""needs_fairification"": true, ""success"": false, ""swaps_made"": 6, ""initial_fairness"": 0.0211, ""initial_delta"": 0.38}"
tusLarge3,exhaustive,PED_SK_DTL_SNF____c16_0____0_fair.csv,5,677,88,0,False,0.4087,,0.0,0.007385524372230428,0,0.0,,"{""needs_fairification"": true, ""success"": false, ""swaps_made"": 5, ""initial_fairness"": 0.069, ""initial_delta"": 0.33}"
tusLarge3,exhaustive,PED_SK_DTL_SNF____c16_0____0_fair.csv,10,677,88,0,False,0.4087,,0.0,0.014771048744460856,0,0.0,,"{""needs_fairification"": true, ""success"": false, ""swaps_made"": 9, ""initial_fairness"": 0.0404, ""initial_delta"": 0.36}"
tusLarge3,exhaustive,PED_SK_DTL_SNF____c16_0____0_fair.csv,20,677,88,0,False,0.4087,,0.0,0.029542097488921712,0,0.0,,"{""needs_fairification"": true, ""success"": false, ""swaps_made"": 2, ""initial_fairness"": 0.0214, ""initial_delta"": 0.38}"
tusLarge3,exhaustive,PED_SK_DTL_SNF____c19_0____0_fair.csv,5,746,57,0,False,0.4119,,0.0,0.006702412868632708,0,0.0,,"{""needs_fairification"": true, ""success"": false, ""swaps_made"": 0, ""initial_fairness"": 0.0655, ""initial_delta"": 0.33}"
tusLarge3,exhaustive,PED_SK_DTL_SNF____c19_0____0_fair.csv,10,746,57,0,False,0.4119,,0.0,0.013404825737265416,0,0.0,,"{""needs_fairification"": true, ""success"": false, ""swaps_made"": 0, ""initial_fairness"": 0.0375, ""initial_delta"": 0.36}"
tusLarge3,exhaustive,PED_SK_DTL_SNF____c19_0____0_fair.csv,20,746,57,0,False,0.4119,,0.0,0.02680965147453083,0,0.0,,"{""needs_fairification"": true, ""success"": false, ""swaps_made"": 0, ""initial_fairness"": 0.0195, ""initial_delta"": 0.38}"
tusLarge3,exhaustive,t_013a2f8c584d44d7____c10_1____0_fair.csv,5,416,127,5,True,0.4376,0.8,0.009615384615384616,0.01201923076923077,47.6392582654953,47.6392582654953,t_013a2f8c584d44d7____c10_0____0__t_013a2f8c584d44d7____c6_1____4_fair.csv;t_013a2f8c584d44d7____c10_0____0__t_013a2f8c584d44d7____c12_0____3_fair.csv;t_013a2f8c584d44d7____c10_0____0__t_013a2f8c584d44d7____c10_1____0_fair.csv;t_dc9442ed0b52d69c____c9_0____0__t_dc9442ed0b52d69c____c9_0____2_fair.csv;t_013a2f8c584d44d7____c9_1____0__t_013a2f8c584d44d7____c13_0____0_fair.csv,"{""needs_fairification"": true, ""success"": true, ""swaps_made"": 1, ""initial_fairness"": 0.2714, ""initial_delta"": 0.13}"
tusLarge3,exhaustive,t_013a2f8c584d44d7____c10_1____0_fair.csv,10,416,127,10,True,0.4406,0.4,0.009615384615384616,0.02403846153846154,92.58805125951767,92.58805125951767,t_013a2f8c584d44d7____c10_0____0__t_013a2f8c584d44d7____c6_1____4_fair.csv;t_013a2f8c584d44d7____c10_0____0__t_013a2f8c584d44d7____c12_0____3_fair.csv;t_013a2f8c584d44d7____c10_0____0__t_013a2f8c584d44d7____c10_1____0_fair.csv;t_dc9442ed0b52d69c____c9_0____0__t_dc9442ed0b52d69c____c9_0____2_fair.csv;t_dc9442ed0b52d69c____c9_0____0__t_dc9442ed0b52d69c____c8_0____3_fair.csv;t_dc9442ed0b52d69c____c9_0____0__t_dc9442ed0b52d69c____c2_1____2_fair.csv;t_dc9442ed0b52d69c____c9_1____0__t_dc9442ed0b52d69c____c9_0____2_fair.csv;t_dc9442ed0b52d69c____c9_1____0__t_dc9442ed0b52d69c____c8_0____3_fair.csv;t_dc9442ed0b52d69c____c9_1____0__t_dc9442ed0b52d69c____c2_1____2_fair.csv;t_013a2f8c584d44d7____c9_1____0__t_013a2f8c584d44d7____c13_0____0_fair.csv,"{""needs_fairification"": true, ""success"": true, ""swaps_made"": 1, ""initial_fairness"": 0.288, ""initial_delta"": 0.11}"
tusLarge3,exhaustive,t_013a2f8c584d44d7____c10_1____0_fair.csv,20,416,127,20,True,0.4579,0.35,0.016826923076923076,0.04807692307692308,183.34371358156204,183.34371358156204,t_013a2f8c584d44d7____c10_0____0__t_013a2f8c584d44d7____c6_1____4_fair.csv;t_013a2f8c584d44d7____c10_0____0__t_013a2f8c584d44d7____c4_1____2_fair.csv;t_013a2f8c584d44d7____c10_0____0__t_013a2f8c584d44d7____c12_0____3_fair.csv;t_013a2f8c584d44d7____c10_0____0__t_013a2f8c584d44d7____c10_1____0_fair.csv;t_dc9442ed0b52d69c____c9_0____0__t_dc9442ed0b52d69c____c9_0____2_fair.csv;t_dc9442ed0b52d69c____c9_0____0__t_dc9442ed0b52d69c____c8_0____3_fair.csv;t_dc9442ed0b52d69c____c9_0____0__t_dc9442ed0b52d69c____c2_1____2_fair.csv;t_dc9442ed0b52d69c____c9_1____0__t_dc9442ed0b52d69c____c9_0____2_fair.csv;t_dc9442ed0b52d69c____c9_1____0__t_dc9442ed0b52d69c____c8_0____3_fair.csv;t_dc9442ed0b52d69c____c9_1____0__t_dc9442ed0b52d69c____c2_1____2_fair.csv;t_70edc453a411f33b____c9_0____3__t_70edc453a411f33b____c7_1____4_fair.csv;t_70edc453a411f33b____c9_0____3__t_70edc453a411f33b____c10_1____3_fair.csv;t_70edc453a411f33b____c9_1____4__t_70edc453a411f33b____c7_1____4_fair.csv;t_70edc453a411f33b____c9_1____4__t_70edc453a411f33b____c12_1____3_fair.csv;t_dc9442ed0b52d69c____c9_1____3__t_dc9442ed0b52d69c____c9_0____2_fair.csv;t_dc9442ed0b52d69c____c9_1____3__t_dc9442ed0b52d69c____c8_0____3_fair.csv;t_dc9442ed0b52d69c____c9_1____3__t_dc9442ed0b52d69c____c2_1____2_fair.csv;t_013a2f8c584d44d7____c9_1____0__t_013a2f8c584d44d7____c6_1____4_fair.csv;t_013a2f8c584d44d7____c9_1____0__t_013a2f8c584d44d7____c4_1____2_fair.csv;t_013a2f8c584d44d7____c9_1____0__t_013a2f8c584d44d7____c2_1____2_fair.csv,"{""needs_fairification"": false, ""success"": true, ""swaps_made"": 0, ""initial_fairness"": 0.4579, ""initial_delta"": -0.06}"
tusLarge3,exhaustive,t_013a2f8c584d44d7____c2_1____2_fair.csv,5,380,420,5,True,0.3001,0.0,0.0,0.013157894736842105,8.611535966396332,8.611535966396332,t_70edc453a411f33b____c2_1____4__t_70edc453a411f33b____c7_1____4_fair.csv;t_70edc453a411f33b____c2_1____0__t_70edc453a411f33b____c7_1____4_fair.csv;t_ece0594e0480a1ed____c2_1____4__t_ece0594e0480a1ed____c5_1____3_fair.csv;t_ca85e8f9eef5b9d5____c2_1____4__t_ca85e8f9eef5b9d5____c9_1____4_fair.csv;t_013a2f8c584d44d7____c3_1____2__t_013a2f8c584d44d7____c7_1____4_fair.csv,"{""needs_fairification"": true, ""success"": true, ""swaps_made"": 1, ""initial_fairness"": 0.183, ""initial_delta"": 0.22}"
tusLarge3,exhaustive,t_013a2f8c584d44d7____c2_1____2_fair.csv,10,380,420,10,True,0.3037,0.0,0.0,0.02631578947368421,16.9018936753273,16.9018936753273,t_70edc453a411f33b____c2_1____4__t_70edc453a411f33b____c7_1____4_fair.csv;t_70edc453a411f33b____c2_1____0__t_70edc453a411f33b____c7_1____4_fair.csv;t_ece0594e0480a1ed____c2_1____4__t_ece0594e0480a1ed____c5_1____3_fair.csv;t_ca85e8f9eef5b9d5____c2_1____4__t_ca85e8f9eef5b9d5____c19_0____4_fair.csv;t_ca85e8f9eef5b9d5____c2_1____4__t_ca85e8f9eef5b9d5____c17_0____3_fair.csv;t_70edc453a411f33b____c2_0____3__t_70edc453a411f33b____c12_1____3_fair.csv;t_70edc453a411f33b____c2_0____2__t_70edc453a411f33b____c12_1____3_fair.csv;t_ece0594e0480a1ed____c2_1____1__t_ece0594e0480a1ed____c5_1____3_fair.csv;t_013a2f8c584d44d7____c3_1____3__t_013a2f8c584d44d7____c7_1____4_fair.csv;t_013a2f8c584d44d7____c3_1____2__t_013a2f8c584d44d7____c7_1____4_fair.csv,"{""needs_fairification"": true, ""success"": true, ""swaps_made"": 3, ""initial_fairness"": 0.1076, ""initial_delta"": 0.29}"
tusLarge3,exhaustive,t_013a2f8c584d44d7____c2_1____2_fair.csv,20,380,420,20,True,0.3115,0.05,0.002631578947368421,0.05263157894736842,33.942981004714966,33.942981004714966,t_70edc453a411f33b____c2_1____4__t_70edc453a411f33b____c7_1____4_fair.csv;t_70edc453a411f33b____c2_1____0__t_70edc453a411f33b____c7_1____4_fair.csv;t_ece0594e0480a1ed____c2_1____4__t_ece0594e0480a1ed____c5_1____3_fair.csv;t_ca85e8f9eef5b9d5____c2_1____4__t_ca85e8f9eef5b9d5____c19_0____4_fair.csv;t_ca85e8f9eef5b9d5____c2_1____4__t_ca85e8f9eef5b9d5____c17_0____3_fair.csv;t_70edc453a411f33b____c2_0____3__t_70edc453a411f33b____c12_1____3_fair.csv;t_70edc453a411f33b____c2_0____2__t_70edc453a411f33b____c12_1____3_fair.csv;t_70edc453a411f33b____c2_0____0__t_70edc453a411f33b____c12_1____3_fair.csv;t_70edc453a411f33b____c2_1____2__t_70edc453a411f33b____c7_1____4_fair.csv;t_dc9442ed0b52d69c____c2_1____0__t_dc9442ed0b52d69c____c2_1____2_fair.csv;t_013a2f8c584d44d7____c2_0____4__t_013a2f8c584d44d7____c7_1____4_fair.csv;t_013a2f8c584d44d7____c2_0____0__t_013a2f8c584d44d7____c7_1____4_fair.csv;t_70edc453a411f33b____c2_1____1__t_70edc453a411f33b____c7_1____4_fair.csv;t_ca85e8f9eef5b9d5____c2_1____3__t_ca85e8f9eef5b9d5____c9_1____4_fair.csv;t_013a2f8c584d44d7____c2_1____3__t_013a2f8c584d44d7____c2_1____2_fair.csv;t_ece0594e0480a1ed____c2_1____1__t_ece0594e0480a1ed____c5_1____3_fair.csv;t_013a2f8c584d44d7____c3_1____3__t_013a2f8c584d44d7____c7_1____4_fair.csv;t_013a2f8c584d44d7____c3_1____4__t_013a2f8c584d44d7____c7_1____4_fair.csv;t_013a2f8c584d44d7____c3_1____1__t_013a2f8c584d44d7____c7_1____4_fair.csv;t_013a2f8c584d44d7____c3_1____2__t_013a2f8c584d44d7____c7_1____4_fair.csv,"{""needs_fairification"": true, ""success"": true, ""swaps_made"": 6, ""initial_fairness"": 0.0683, ""initial_delta"": 0.33}"
tusLarge3,exhaustive,t_013a2f8c584d44d7____c4_1____2_fair.csv,5,416,320,5,True,0.4016,0.0,0.0,0.01201923076923077,18.63337731361389,18.63337731361389,t_70941cace7dd1c45____c4_0____3.csv;t_70941cace7dd1c45____c4_0____2.csv;t_70941cace7dd1c45____c4_0____4.csv;t_70941cace7dd1c45____c4_1____1.csv;t_70edc453a411f33b____c4_0____0__t_70edc453a411f33b____c10_1____3_fair.csv,"{""needs_fairification"": false, ""success"": true, ""swaps_made"": 0, ""initial_fairness"": 0.4016, ""initial_delta"": -0.0}"
tusLarge3,exhaustive,t_013a2f8c584d44d7____c4_1____2_fair.csv,10,416,320,10,True,0.3987,0.0,0.0,0.02403846153846154,37.17698001861572,37.17698001861572,t_70941cace7dd1c45____c4_0____3.csv;t_70941cace7dd1c45____c4_0____2.csv;t_70941cace7dd1c45____c4_0____4.csv;t_70941cace7dd1c45____c4_1____1.csv;t_70edc453a411f33b____c4_0____0__t_70edc453a411f33b____c10_1____3_fair.csv;t_70941cace7dd1c45____c4_1____4.csv;t_dc9442ed0b52d69c____c4_1____3__t_dc9442ed0b52d69c____c2_1____2_fair.csv;t_70941cace7dd1c45____c4_0____1.csv;t_70941cace7dd1c45____c4_1____3.csv;t_dc9442ed0b52d69c____c4_1____0__t_dc9442ed0b52d69c____c2_1____2_fair.csv,"{""needs_fairification"": false, ""success"": true, ""swaps_made"": 0, ""initial_fairness"": 0.3987, ""initial_delta"": 0.0}"
tusLarge3,exhaustive,t_013a2f8c584d44d7____c4_1____2_fair.csv,20,416,320,20,True,0.3882,0.0,0.0,0.04807692307692308,74.07639372348785,74.07639372348785,t_70941cace7dd1c45____c4_0____3.csv;t_70941cace7dd1c45____c4_0____2.csv;t_70941cace7dd1c45____c4_0____4.csv;t_70941cace7dd1c45____c4_1____1.csv;t_70edc453a411f33b____c4_0____0__t_70edc453a411f33b____c10_1____3_fair.csv;t_70941cace7dd1c45____c4_1____4.csv;t_dc9442ed0b52d69c____c4_1____3__t_dc9442ed0b52d69c____c2_1____2_fair.csv;t_70941cace7dd1c45____c4_0____1.csv;t_70941cace7dd1c45____c4_1____3.csv;t_dc9442ed0b52d69c____c4_1____0__t_dc9442ed0b52d69c____c2_1____2_fair.csv;t_dc9442ed0b52d69c____c4_0____0__t_dc9442ed0b52d69c____c9_0____2_fair.csv;t_dc9442ed0b52d69c____c4_0____2__t_dc9442ed0b52d69c____c9_0____2_fair.csv;t_70edc453a411f33b____c4_0____1__t_70edc453a411f33b____c10_1____3_fair.csv;t_70941cace7dd1c45____c4_1____2.csv;t_70941cace7dd1c45____c5_1____4.csv;t_dc9442ed0b52d69c____c4_1____2__t_dc9442ed0b52d69c____c2_1____2_fair.csv;t_70941cace7dd1c45____c5_1____3.csv;t_dc9442ed0b52d69c____c4_0____1__t_dc9442ed0b52d69c____c9_0____2_fair.csv;t_dc9442ed0b52d69c____c4_1____4__t_dc9442ed0b52d69c____c2_1____2_fair.csv;t_70edc453a411f33b____c4_1____3__t_70edc453a411f33b____c12_1____3_fair.csv,"{""needs_fairification"": false, ""success"": true, ""swaps_made"": 0, ""initial_fairness"": 0.3882, ""initial_delta"": 0.01}"
tusLarge3,exhaustive,PED_SK_DTL_SNF____c18_0____2_fair.csv,5,811,61,0,False,0.4262,,0.0,0.006165228113440197,0,0.0,,"{""needs_fairification"": true, ""success"": false, ""swaps_made"": 5, ""initial_fairness"": 0.0751, ""initial_delta"": 0.32}"
tusLarge3,exhaustive,PED_SK_DTL_SNF____c18_0____2_fair.csv,10,811,61,0,False,0.4262,,0.0,0.012330456226880395,0,0.0,,"{""needs_fairification"": true, ""success"": false, ""swaps_made"": 2, ""initial_fairness"": 0.0425, ""initial_delta"": 0.36}"
tusLarge3,exhaustive,PED_SK_DTL_SNF____c18_0____2_fair.csv,20,811,61,0,False,0.4262,,0.0,0.02466091245376079,0,0.0,,"{""needs_fairification"": true, ""success"": false, ""swaps_made"": 2, ""initial_fairness"": 0.0228, ""initial_delta"": 0.38}"
tusLarge3,exhaustive,PED_YT_DTL_SNF____c18_1____1_fair.csv,5,235,67,5,True,0.3221,0.8,0.01702127659574468,0.02127659574468085,78.82328879833221,78.82328879833221,PED_YT_DTL_SNF____c18_1____2__PED_YT_DTL_SNF____c22_0____2_fair.csv;PED_YT_DTL_SNF____c18_1____2__PED_YT_DTL_SNF____c18_1____1_fair.csv;PED_YT_DTL_SNF____c18_1____2.csv;PED_YT_DTL_SNF____c16_1____1__PED_YT_DTL_SNF____c18_1____1_fair.csv;t_6c551d740feb0608____c14_1____2__t_6c551d740feb0608____c10_0____2_fair.csv,"{""needs_fairification"": true, ""success"": true, ""swaps_made"": 2, ""initial_fairness"": 0.054, ""initial_delta"": 0.35}"
tusLarge3,exhaustive,PED_YT_DTL_SNF____c18_1____1_fair.csv,10,235,67,0,False,0.4128,,0.0,0.0425531914893617,0,0.0,,"{""needs_fairification"": true, ""success"": false, ""swaps_made"": 7, ""initial_fairness"": 0.0195, ""initial_delta"": 0.38}"
tusLarge3,exhaustive,PED_YT_DTL_SNF____c18_1____1_fair.csv,20,235,67,0,False,0.4128,,0.0,0.0851063829787234,0,0.0,,"{""needs_fairification"": true, ""success"": false, ""swaps_made"": 15, ""initial_fairness"": 0.0085, ""initial_delta"": 0.39}"
tusLarge3,exhaustive,t_013a2f8c584d44d7____c6_1____4_fair.csv,5,416,264,5,True,0.3909,0.0,0.0,0.01201923076923077,28.28022450208664,28.28022450208664,t_70941cace7dd1c45____c6_0____3.csv;t_70941cace7dd1c45____c6_0____4.csv;t_70941cace7dd1c45____c6_0____1.csv;t_70941cace7dd1c45____c6_1____3.csv;t_70941cace7dd1c45____c6_0____2.csv,"{""needs_fairification"": false, ""success"": true, ""swaps_made"": 0, ""initial_fairness"": 0.3909, ""initial_delta"": 0.01}"
tusLarge3,exhaustive,t_013a2f8c584d44d7____c6_1____4_fair.csv,10,416,264,10,True,0.371,0.0,0.0,0.02403846153846154,56.30722451210022,56.30722451210022,t_70941cace7dd1c45____c6_0____3.csv;t_70941cace7dd1c45____c6_0____4.csv;t_70941cace7dd1c45____c6_0____1.csv;t_70941cace7dd1c45____c6_1____3.csv;t_70941cace7dd1c45____c6_0____2.csv;t_70941cace7dd1c45____c6_1____0.csv;t_70941cace7dd1c45____c6_1____1.csv;t_70941cace7dd1c45____c6_0____0.csv;t_70941cace7dd1c45____c6_1____2.csv;t_70941cace7dd1c45____c6_1____4.csv,"{""needs_fairification"": false, ""success"": true, ""swaps_made"": 0, ""initial_fairness"": 0.371, ""initial_delta"": 0.03}"
tusLarge3,exhaustive,t_013a2f8c584d44d7____c6_1____4_fair.csv,20,416,264,20,True,0.3011,0.0,0.0,0.04807692307692308,107.09882777929306,107.09882777929306,t_70941cace7dd1c45____c6_0____3.csv;t_70941cace7dd1c45____c6_0____4.csv;t_70941cace7dd1c45____c6_0____1.csv;t_70941cace7dd1c45____c6_1____3.csv;t_70941cace7dd1c45____c6_0____2.csv;t_70941cace7dd1c45____c6_1____0.csv;t_70941cace7dd1c45____c6_1____1.csv;t_70941cace7dd1c45____c6_0____0.csv;t_70941cace7dd1c45____c6_1____2.csv;t_70941cace7dd1c45____c6_1____4.csv;t_dc9442ed0b52d69c____c7_1____3.csv;t_dc9442ed0b52d69c____c7_1____3__t_dc9442ed0b52d69c____c9_0____2_fair.csv;t_dc9442ed0b52d69c____c7_1____3__t_dc9442ed0b52d69c____c8_0____3_fair.csv;t_dc9442ed0b52d69c____c7_1____3__t_dc9442ed0b52d69c____c2_1____2_fair.csv;t_dc9442ed0b52d69c____c7_1____3__t_dc9442ed0b52d69c____c10_0____0_fair.csv;t_dc9442ed0b52d69c____c7_0____4.csv;t_dc9442ed0b52d69c____c7_1____1__t_dc9442ed0b52d69c____c9_0____2_fair.csv;t_dc9442ed0b52d69c____c7_1____1__t_dc9442ed0b52d69c____c8_0____3_fair.csv;t_dc9442ed0b52d69c____c7_1____1__t_dc9442ed0b52d69c____c2_1____2_fair.csv;t_dc9442ed0b52d69c____c7_1____1__t_dc9442ed0b52d69c____c10_0____0_fair.csv,"{""needs_fairification"": false, ""success"": true, ""swaps_made"": 0, ""initial_fairness"": 0.3011, ""initial_delta"": 0.1}"
tusLarge3,exhaustive,t_013a2f8c584d44d7____c12_0____3_fair.csv,5,230,112,5,True,0.3656,0.0,0.0,0.021739130434782608,54.64204525947571,54.64204525947571,t_70edc453a411f33b____c11_0____0__t_70edc453a411f33b____c7_1____4_fair.csv;t_70edc453a411f33b____c11_0____0__t_70edc453a411f33b____c12_1____3_fair.csv;t_70edc453a411f33b____c11_0____0__t_70edc453a411f33b____c10_1____3_fair.csv;t_70edc453a411f33b____c11_1____0__t_70edc453a411f33b____c7_1____4_fair.csv;t_70edc453a411f33b____c11_1____0__t_70edc453a411f33b____c12_1____3_fair.csv,"{""needs_fairification"": false, ""success"": true, ""swaps_made"": 0, ""initial_fairness"": 0.3656, ""initial_delta"": 0.03}"
tusLarge3,exhaustive,t_013a2f8c584d44d7____c12_0____3_fair.csv,10,230,112,10,True,0.3494,0.0,0.0,0.043478260869565216,109.24943220615387,109.24943220615387,t_70edc453a411f33b____c11_0____0__t_70edc453a411f33b____c7_1____4_fair.csv;t_70edc453a411f33b____c11_0____0__t_70edc453a411f33b____c12_1____3_fair.csv;t_70edc453a411f33b____c11_0____0__t_70edc453a411f33b____c10_1____3_fair.csv;t_70edc453a411f33b____c11_1____0__t_70edc453a411f33b____c7_1____4_fair.csv;t_70edc453a411f33b____c11_1____0__t_70edc453a411f33b____c12_1____3_fair.csv;t_70edc453a411f33b____c11_1____0__t_70edc453a411f33b____c10_1____3_fair.csv;t_70edc453a411f33b____c11_1____1__t_70edc453a411f33b____c7_1____4_fair.csv;t_70edc453a411f33b____c11_1____1__t_70edc453a411f33b____c12_1____3_fair.csv;t_70edc453a411f33b____c11_1____1__t_70edc453a411f33b____c10_1____3_fair.csv;t_70edc453a411f33b____c11_1____2__t_70edc453a411f33b____c7_1____4_fair.csv,"{""needs_fairification"": false, ""success"": true, ""swaps_made"": 0, ""initial_fairness"": 0.3494, ""initial_delta"": 0.05}"
tusLarge3,exhaustive,t_013a2f8c584d44d7____c12_0____3_fair.csv,20,230,112,20,True,0.3317,0.0,0.0,0.08695652173913043,218.369744181633,218.369744181633,t_70edc453a411f33b____c11_0____0__t_70edc453a411f33b____c7_1____4_fair.csv;t_70edc453a411f33b____c11_0____0__t_70edc453a411f33b____c12_1____3_fair.csv;t_70edc453a411f33b____c11_0____0__t_70edc453a411f33b____c10_1____3_fair.csv;t_70edc453a411f33b____c11_1____0__t_70edc453a411f33b____c7_1____4_fair.csv;t_70edc453a411f33b____c11_1____0__t_70edc453a411f33b____c12_1____3_fair.csv;t_70edc453a411f33b____c11_1____0__t_70edc453a411f33b____c10_1____3_fair.csv;t_70edc453a411f33b____c11_1____1__t_70edc453a411f33b____c7_1____4_fair.csv;t_70edc453a411f33b____c11_1____1__t_70edc453a411f33b____c12_1____3_fair.csv;t_70edc453a411f33b____c11_1____1__t_70edc453a411f33b____c10_1____3_fair.csv;t_70edc453a411f33b____c11_1____2__t_70edc453a411f33b____c7_1____4_fair.csv;t_70edc453a411f33b____c11_1____2__t_70edc453a411f33b____c12_1____3_fair.csv;t_70edc453a411f33b____c11_1____2__t_70edc453a411f33b____c10_1____3_fair.csv;t_70edc453a411f33b____c11_0____1__t_70edc453a411f33b____c7_1____4_fair.csv;t_70edc453a411f33b____c11_0____1__t_70edc453a411f33b____c12_1____3_fair.csv;t_70edc453a411f33b____c11_0____1__t_70edc453a411f33b____c10_1____3_fair.csv;t_70edc453a411f33b____c11_0____2__t_70edc453a411f33b____c7_1____4_fair.csv;t_70edc453a411f33b____c11_0____2__t_70edc453a411f33b____c12_1____3_fair.csv;t_70edc453a411f33b____c11_0____2__t_70edc453a411f33b____c10_1____3_fair.csv;t_70edc453a411f33b____c11_0____4__t_70edc453a411f33b____c7_1____4_fair.csv;t_70edc453a411f33b____c11_0____4__t_70edc453a411f33b____c12_1____3_fair.csv,"{""needs_fairification"": false, ""success"": true, ""swaps_made"": 0, ""initial_fairness"": 0.3317, ""initial_delta"": 0.07}"
tusLarge3,exhaustive,t_013a2f8c584d44d7____c7_1____4_fair.csv,5,319,226,5,True,0.3866,0.0,0.0,0.01567398119122257,32.43842315673828,32.43842315673828,t_dc9442ed0b52d69c____c7_1____3__t_dc9442ed0b52d69c____c9_0____2_fair.csv;t_dc9442ed0b52d69c____c7_1____3__t_dc9442ed0b52d69c____c8_0____3_fair.csv;t_dc9442ed0b52d69c____c7_1____3__t_dc9442ed0b52d69c____c2_1____2_fair.csv;t_dc9442ed0b52d69c____c7_1____3__t_dc9442ed0b52d69c____c10_0____0_fair.csv;t_dc9442ed0b52d69c____c7_1____1__t_dc9442ed0b52d69c____c9_0____2_fair.csv,"{""needs_fairification"": false, ""success"": true, ""swaps_made"": 0, ""initial_fairness"": 0.3866, ""initial_delta"": 0.01}"
tusLarge3,exhaustive,t_013a2f8c584d44d7____c7_1____4_fair.csv,10,319,226,10,True,0.3659,0.0,0.0,0.03134796238244514,64.81600672006607,64.81600672006607,t_dc9442ed0b52d69c____c7_1____3__t_dc9442ed0b52d69c____c9_0____2_fair.csv;t_dc9442ed0b52d69c____c7_1____3__t_dc9442ed0b52d69c____c8_0____3_fair.csv;t_dc9442ed0b52d69c____c7_1____3__t_dc9442ed0b52d69c____c2_1____2_fair.csv;t_dc9442ed0b52d69c____c7_1____3__t_dc9442ed0b52d69c____c10_0____0_fair.csv;t_dc9442ed0b52d69c____c7_1____1__t_dc9442ed0b52d69c____c9_0____2_fair.csv;t_dc9442ed0b52d69c____c7_1____1__t_dc9442ed0b52d69c____c8_0____3_fair.csv;t_dc9442ed0b52d69c____c7_1____1__t_dc9442ed0b52d69c____c2_1____2_fair.csv;t_dc9442ed0b52d69c____c7_1____1__t_dc9442ed0b52d69c____c10_0____0_fair.csv;t_dc9442ed0b52d69c____c7_0____4__t_dc9442ed0b52d69c____c10_0____0_fair.csv;t_dc9442ed0b52d69c____c7_1____3.csv,"{""needs_fairification"": false, ""success"": true, ""swaps_made"": 0, ""initial_fairness"": 0.3659, ""initial_delta"": 0.03}"
tusLarge3,exhaustive,t_013a2f8c584d44d7____c7_1____4_fair.csv,20,319,226,20,True,0.3402,0.0,0.0,0.06269592476489028,128.9798047542572,128.9798047542572,t_dc9442ed0b52d69c____c7_1____3__t_dc9442ed0b52d69c____c9_0____2_fair.csv;t_dc9442ed0b52d69c____c7_1____3__t_dc9442ed0b52d69c____c8_0____3_fair.csv;t_dc9442ed0b52d69c____c7_1____3__t_dc9442ed0b52d69c____c2_1____2_fair.csv;t_dc9442ed0b52d69c____c7_1____3__t_dc9442ed0b52d69c____c10_0____0_fair.csv;t_dc9442ed0b52d69c____c7_1____1__t_dc9442ed0b52d69c____c9_0____2_fair.csv;t_dc9442ed0b52d69c____c7_1____1__t_dc9442ed0b52d69c____c8_0____3_fair.csv;t_dc9442ed0b52d69c____c7_1____1__t_dc9442ed0b52d69c____c2_1____2_fair.csv;t_dc9442ed0b52d69c____c7_1____1__t_dc9442ed0b52d69c____c10_0____0_fair.csv;t_dc9442ed0b52d69c____c7_0____4__t_dc9442ed0b52d69c____c10_0____0_fair.csv;t_dc9442ed0b52d69c____c7_1____3.csv;t_dc9442ed0b52d69c____c7_0____4.csv;t_dc9442ed0b52d69c____c7_1____0__t_dc9442ed0b52d69c____c9_0____2_fair.csv;t_dc9442ed0b52d69c____c7_1____0__t_dc9442ed0b52d69c____c8_0____3_fair.csv;t_dc9442ed0b52d69c____c7_1____0__t_dc9442ed0b52d69c____c2_1____2_fair.csv;t_dc9442ed0b52d69c____c7_1____0__t_dc9442ed0b52d69c____c10_0____0_fair.csv;t_dc9442ed0b52d69c____c7_1____1.csv;t_dc9442ed0b52d69c____c7_1____4.csv;t_dc9442ed0b52d69c____c7_1____2.csv;t_dc9442ed0b52d69c____c7_1____4__t_dc9442ed0b52d69c____c9_0____2_fair.csv;t_dc9442ed0b52d69c____c7_1____4__t_dc9442ed0b52d69c____c8_0____3_fair.csv,"{""needs_fairification"": false, ""success"": true, ""swaps_made"": 0, ""initial_fairness"": 0.3402, ""initial_delta"": 0.06}"
tusLarge3,exhaustive,PED_YT_DTL_SNF____c19_1____0_fair.csv,5,242,57,0,False,0.4182,,0.0,0.02066115702479339,0,0.0,,"{""needs_fairification"": true, ""success"": false, ""swaps_made"": 1, ""initial_fairness"": 0.0952, ""initial_delta"": 0.3}"
tusLarge3,exhaustive,PED_YT_DTL_SNF____c19_1____0_fair.csv,10,242,57,0,False,0.4182,,0.0,0.04132231404958678,0,0.0,,"{""needs_fairification"": true, ""success"": false, ""swaps_made"": 1, ""initial_fairness"": 0.0542, ""initial_delta"": 0.35}"
tusLarge3,exhaustive,PED_YT_DTL_SNF____c19_1____0_fair.csv,20,242,57,0,False,0.4182,,0.0,0.08264462809917356,0,0.0,,"{""needs_fairification"": true, ""success"": false, ""swaps_made"": 0, ""initial_fairness"": 0.0089, ""initial_delta"": 0.39}"
tusLarge3,exhaustive,t_013a2f8c584d44d7____c13_0____0_fair.csv,5,313,109,5,True,0.3395,0.0,0.0,0.01597444089456869,58.57857269048691,58.57857269048691,t_70edc453a411f33b____c12_0____0__t_70edc453a411f33b____c7_1____4_fair.csv;t_70edc453a411f33b____c12_0____0__t_70edc453a411f33b____c12_1____3_fair.csv;t_70edc453a411f33b____c12_0____0__t_70edc453a411f33b____c10_1____3_fair.csv;t_70edc453a411f33b____c12_0____1__t_70edc453a411f33b____c10_1____3_fair.csv;t_70edc453a411f33b____c11_0____0__t_70edc453a411f33b____c7_1____4_fair.csv,"{""needs_fairification"": false, ""success"": true, ""swaps_made"": 0, ""initial_fairness"": 0.3395, ""initial_delta"": 0.06}"
tusLarge3,exhaustive,t_013a2f8c584d44d7____c13_0____0_fair.csv,10,313,109,10,True,0.3117,0.0,0.0,0.03194888178913738,111.382120013237,111.382120013237,t_70edc453a411f33b____c12_0____0__t_70edc453a411f33b____c12_1____3_fair.csv;t_70edc453a411f33b____c12_0____0__t_70edc453a411f33b____c10_1____3_fair.csv;t_70edc453a411f33b____c12_0____1__t_70edc453a411f33b____c10_1____3_fair.csv;t_70edc453a411f33b____c11_0____0__t_70edc453a411f33b____c7_1____4_fair.csv;t_70edc453a411f33b____c11_0____0__t_70edc453a411f33b____c12_1____3_fair.csv;t_70edc453a411f33b____c11_0____0__t_70edc453a411f33b____c10_1____3_fair.csv;t_70edc453a411f33b____c11_1____0__t_70edc453a411f33b____c7_1____4_fair.csv;t_70edc453a411f33b____c11_1____0__t_70edc453a411f33b____c12_1____3_fair.csv;t_70edc453a411f33b____c11_1____0__t_70edc453a411f33b____c10_1____3_fair.csv;t_70edc453a411f33b____c10_0____0__t_70edc453a411f33b____c12_1____3_fair.csv,"{""needs_fairification"": true, ""success"": true, ""swaps_made"": 1, ""initial_fairness"": 0.2938, ""initial_delta"": 0.11}"
tusLarge3,exhaustive,t_013a2f8c584d44d7____c13_0____0_fair.csv,20,313,109,20,True,0.3005,0.0,0.0,0.06389776357827476,213.59588891267776,213.59588891267776,t_70edc453a411f33b____c12_0____0__t_70edc453a411f33b____c10_1____3_fair.csv;t_70edc453a411f33b____c12_0____1__t_70edc453a411f33b____c10_1____3_fair.csv;t_70edc453a411f33b____c11_0____0__t_70edc453a411f33b____c12_1____3_fair.csv;t_70edc453a411f33b____c11_0____0__t_70edc453a411f33b____c10_1____3_fair.csv;t_70edc453a411f33b____c11_1____0__t_70edc453a411f33b____c12_1____3_fair.csv;t_70edc453a411f33b____c11_1____0__t_70edc453a411f33b____c10_1____3_fair.csv;t_70edc453a411f33b____c11_1____2__t_70edc453a411f33b____c7_1____4_fair.csv;t_70edc453a411f33b____c11_1____2__t_70edc453a411f33b____c12_1____3_fair.csv;t_70edc453a411f33b____c11_1____2__t_70edc453a411f33b____c10_1____3_fair.csv;t_70edc453a411f33b____c11_1____1__t_70edc453a411f33b____c7_1____4_fair.csv;t_70edc453a411f33b____c11_1____1__t_70edc453a411f33b____c12_1____3_fair.csv;t_70edc453a411f33b____c11_1____1__t_70edc453a411f33b____c10_1____3_fair.csv;t_70edc453a411f33b____c11_0____1__t_70edc453a411f33b____c12_1____3_fair.csv;t_70edc453a411f33b____c11_0____1__t_70edc453a411f33b____c10_1____3_fair.csv;t_70edc453a411f33b____c11_1____4__t_70edc453a411f33b____c7_1____4_fair.csv;t_70edc453a411f33b____c10_0____0__t_70edc453a411f33b____c12_1____3_fair.csv;t_70edc453a411f33b____c10_1____1__t_70edc453a411f33b____c12_1____3_fair.csv;t_70edc453a411f33b____c10_0____2__t_70edc453a411f33b____c12_1____3_fair.csv;t_70edc453a411f33b____c10_0____3__t_70edc453a411f33b____c12_1____3_fair.csv;t_70edc453a411f33b____c8_1____3__t_70edc453a411f33b____c10_1____3_fair.csv,"{""needs_fairification"": true, ""success"": true, ""swaps_made"": 5, ""initial_fairness"": 0.2504, ""initial_delta"": 0.15}"
tusLarge3,exhaustive,t_014c2259cce4ab13____c3_1____0_fair.csv,5,745,184,5,True,0.323,0.8,0.005369127516778523,0.006711409395973154,13.235650599002838,13.235650599002838,t_014c2259cce4ab13____c3_1____1__t_014c2259cce4ab13____c3_1____0_fair.csv;t_28dc8f7610402ea7____c4_0____2.csv;t_014c2259cce4ab13____c3_1____1.csv;t_014c2259cce4ab13____c12_0____3__t_014c2259cce4ab13____c3_1____0_fair.csv;t_014c2259cce4ab13____c12_0____1__t_014c2259cce4ab13____c3_1____0_fair.csv,"{""needs_fairification"": true, ""success"": true, ""swaps_made"": 2, ""initial_fairness"": 0.0286, ""initial_delta"": 0.37}"
tusLarge3,exhaustive,t_014c2259cce4ab13____c3_1____0_fair.csv,10,745,184,10,True,0.3441,0.9,0.012080536912751677,0.013422818791946308,26.5227330327034,26.5227330327034,t_014c2259cce4ab13____c3_1____1__t_014c2259cce4ab13____c3_1____0_fair.csv;t_28dc8f7610402ea7____c4_0____2.csv;t_014c2259cce4ab13____c3_1____1.csv;t_014c2259cce4ab13____c3_1____2__t_014c2259cce4ab13____c3_1____0_fair.csv;t_014c2259cce4ab13____c3_1____4__t_014c2259cce4ab13____c3_1____0_fair.csv;t_014c2259cce4ab13____c3_1____4.csv;t_014c2259cce4ab13____c3_1____2.csv;t_014c2259cce4ab13____c12_0____3__t_014c2259cce4ab13____c3_1____0_fair.csv;t_014c2259cce4ab13____c9_1____4__t_014c2259cce4ab13____c3_1____0_fair.csv;t_014c2259cce4ab13____c12_0____1__t_014c2259cce4ab13____c3_1____0_fair.csv,"{""needs_fairification"": true, ""success"": true, ""swaps_made"": 3, ""initial_fairness"": 0.0415, ""initial_delta"": 0.36}"
tusLarge3,exhaustive,t_014c2259cce4ab13____c3_1____0_fair.csv,20,745,184,20,True,0.2966,0.6,0.016107382550335572,0.026845637583892617,52.78207623958588,52.78207623958588,t_014c2259cce4ab13____c3_1____1__t_014c2259cce4ab13____c3_1____0_fair.csv;t_28dc8f7610402ea7____c4_0____2.csv;t_014c2259cce4ab13____c3_1____1.csv;t_014c2259cce4ab13____c3_1____2__t_014c2259cce4ab13____c3_1____0_fair.csv;t_014c2259cce4ab13____c3_1____4__t_014c2259cce4ab13____c3_1____0_fair.csv;t_28dc8f7610402ea7____c4_0____3.csv;t_014c2259cce4ab13____c3_1____4.csv;t_014c2259cce4ab13____c3_1____2.csv;t_8b2f04db4903263f____c3_0____1.csv;t_e9efd5cda78af711____c5_1____0.csv;t_bd6030667b3d0d9a____c3_1____3__t_bd6030667b3d0d9a____c5_0____4_fair.csv;t_014c2259cce4ab13____c5_1____0.csv;t_8b2f04db4903263f____c6_1____2.csv;t_014c2259cce4ab13____c4_1____0.csv;t_014c2259cce4ab13____c7_0____3__t_014c2259cce4ab13____c3_1____0_fair.csv;t_014c2259cce4ab13____c7_0____2__t_014c2259cce4ab13____c3_1____0_fair.csv;t_014c2259cce4ab13____c12_0____3__t_014c2259cce4ab13____c3_1____0_fair.csv;t_014c2259cce4ab13____c9_1____4__t_014c2259cce4ab13____c3_1____0_fair.csv;t_014c2259cce4ab13____c12_0____1__t_014c2259cce4ab13____c3_1____0_fair.csv;t_014c2259cce4ab13____c12_0____2__t_014c2259cce4ab13____c3_1____0_fair.csv,"{""needs_fairification"": true, ""success"": true, ""swaps_made"": 6, ""initial_fairness"": 0.0198, ""initial_delta"": 0.38}"
tusLarge3,exhaustive,t_014c2259cce4ab13____c5_0____0_fair.csv,5,734,167,5,True,0.328,0.2,0.0013623978201634877,0.006811989100817439,23.321025371551514,23.321025371551514,t_014c2259cce4ab13____c5_1____0__t_014c2259cce4ab13____c17_1____1_fair.csv;t_014c2259cce4ab13____c5_1____0.csv;t_014c2259cce4ab13____c6_1____0.csv;t_014c2259cce4ab13____c6_1____0__t_014c2259cce4ab13____c3_1____0_fair.csv;t_014c2259cce4ab13____c8_0____3__t_014c2259cce4ab13____c5_0____0_fair.csv,"{""needs_fairification"": true, ""success"": true, ""swaps_made"": 1, ""initial_fairness"": 0.0788, ""initial_delta"": 0.32}"
tusLarge3,exhaustive,t_014c2259cce4ab13____c5_0____0_fair.csv,10,734,167,10,True,0.3065,0.4,0.005449591280653951,0.013623978201634877,45.71642142534256,45.71642142534256,t_014c2259cce4ab13____c5_1____0__t_014c2259cce4ab13____c17_1____1_fair.csv;t_014c2259cce4ab13____c5_1____0.csv;t_014c2259cce4ab13____c6_1____0.csv;t_014c2259cce4ab13____c6_1____0__t_014c2259cce4ab13____c3_1____0_fair.csv;t_014c2259cce4ab13____c6_1____0__t_014c2259cce4ab13____c24_1____3_fair.csv;t_014c2259cce4ab13____c8_0____4.csv;t_014c2259cce4ab13____c6_1____4__t_014c2259cce4ab13____c3_1____0_fair.csv;t_014c2259cce4ab13____c8_0____0__t_014c2259cce4ab13____c5_0____0_fair.csv;t_014c2259cce4ab13____c8_0____3__t_014c2259cce4ab13____c5_0____0_fair.csv;t_014c2259cce4ab13____c8_0____1__t_014c2259cce4ab13____c5_0____0_fair.csv,"{""needs_fairification"": true, ""success"": true, ""swaps_made"": 3, ""initial_fairness"": 0.013, ""initial_delta"": 0.39}"
tusLarge3,exhaustive,t_014c2259cce4ab13____c5_0____0_fair.csv,20,734,167,20,True,0.3148,0.35,0.009536784741144414,0.027247956403269755,79.37239354848862,79.37239354848862,t_014c2259cce4ab13____c5_1____0__t_014c2259cce4ab13____c17_1____1_fair.csv;t_014c2259cce4ab13____c5_1____0.csv;t_014c2259cce4ab13____c6_1____0.csv;t_014c2259cce4ab13____c6_1____0__t_014c2259cce4ab13____c3_1____0_fair.csv;t_014c2259cce4ab13____c6_1____0__t_014c2259cce4ab13____c24_1____3_fair.csv;t_014c2259cce4ab13____c6_1____4__t_014c2259cce4ab13____c3_1____0_fair.csv;t_014c2259cce4ab13____c5_0____4.csv;t_014c2259cce4ab13____c5_1____4__t_014c2259cce4ab13____c17_1____1_fair.csv;t_014c2259cce4ab13____c5_0____2__t_014c2259cce4ab13____c5_0____0_fair.csv;t_014c2259cce4ab13____c5_0____1.csv;t_014c2259cce4ab13____c5_1____2.csv;t_014c2259cce4ab13____c6_1____4.csv;t_014c2259cce4ab13____c8_0____0__t_014c2259cce4ab13____c5_0____0_fair.csv;t_014c2259cce4ab13____c8_0____3__t_014c2259cce4ab13____c5_0____0_fair.csv;t_014c2259cce4ab13____c5_0____1__t_014c2259cce4ab13____c5_0____0_fair.csv;t_014c2259cce4ab13____c8_0____1__t_014c2259cce4ab13____c5_0____0_fair.csv;t_014c2259cce4ab13____c2_0____2.csv;t_014c2259cce4ab13____c2_0____1__t_014c2259cce4ab13____c27_0____4_fair.csv;t_014c2259cce4ab13____c2_0____2__t_014c2259cce4ab13____c27_0____4_fair.csv;t_014c2259cce4ab13____c2_0____1.csv,"{""needs_fairification"": true, ""success"": true, ""swaps_made"": 7, ""initial_fairness"": 0.0593, ""initial_delta"": 0.34}"
tusLarge3,exhaustive,PED_SK_DTL_SNF____c23_0____0_fair.csv,5,710,52,5,True,0.309,1.0,0.007042253521126761,0.007042253521126761,105.5734035372734,105.5734035372734,PED_SK_DTL_SNF____c22_1____0__PED_SK_DTL_SNF____c9_0____3_fair.csv;PED_SK_DTL_SNF____c22_1____0__PED_SK_DTL_SNF____c23_0____0_fair.csv;PED_SK_DTL_SNF____c22_1____0__PED_SK_DTL_SNF____c19_0____0_fair.csv;PED_SK_DTL_SNF____c22_0____0__PED_SK_DTL_SNF____c23_0____0_fair.csv;PED_SK_DTL_SNF____c22_0____2__PED_SK_DTL_SNF____c23_0____0_fair.csv,"{""needs_fairification"": true, ""success"": true, ""swaps_made"": 2, ""initial_fairness"": 0.1775, ""initial_delta"": 0.22}"
tusLarge3,exhaustive,PED_SK_DTL_SNF____c23_0____0_fair.csv,10,710,52,0,False,0.4232,,0.0,0.014084507042253521,0,0.0,,"{""needs_fairification"": true, ""success"": false, ""swaps_made"": 8, ""initial_fairness"": 0.0593, ""initial_delta"": 0.34}"
tusLarge3,exhaustive,PED_SK_DTL_SNF____c23_0____0_fair.csv,20,710,52,0,False,0.4232,,0.0,0.028169014084507043,0,0.0,,"{""needs_fairification"": true, ""success"": false, ""swaps_made"": 1, ""initial_fairness"": 0.0421, ""initial_delta"": 0.36}"
tusLarge3,exhaustive,t_03e347c6a1b6918b____c14_0____4_fair.csv,5,969,81,0,False,0.4031,,0.0,0.005159958720330237,0,0.0,,"{""needs_fairification"": true, ""success"": false, ""swaps_made"": 2, ""initial_fairness"": 0.0721, ""initial_delta"": 0.33}"
tusLarge3,exhaustive,t_03e347c6a1b6918b____c14_0____4_fair.csv,10,969,81,0,False,0.4031,,0.0,0.010319917440660475,0,0.0,,"{""needs_fairification"": true, ""success"": false, ""swaps_made"": 0, ""initial_fairness"": 0.0361, ""initial_delta"": 0.36}"
tusLarge3,exhaustive,t_03e347c6a1b6918b____c14_0____4_fair.csv,20,969,81,0,False,0.4031,,0.0,0.02063983488132095,0,0.0,,"{""needs_fairification"": true, ""success"": false, ""swaps_made"": 0, ""initial_fairness"": 0.0175, ""initial_delta"": 0.38}"
tusLarge3,exhaustive,t_014c2259cce4ab13____c17_1____1_fair.csv,5,772,71,5,True,0.3247,0.0,0.0,0.006476683937823834,74.35649818181992,74.35649818181992,t_014c2259cce4ab13____c17_0____3__t_014c2259cce4ab13____c5_0____0_fair.csv;t_014c2259cce4ab13____c17_0____3__t_014c2259cce4ab13____c3_1____0_fair.csv;t_014c2259cce4ab13____c17_0____3__t_014c2259cce4ab13____c24_1____3_fair.csv;t_014c2259cce4ab13____c17_0____3.csv;t_014c2259cce4ab13____c11_0____1__t_014c2259cce4ab13____c5_0____0_fair.csv,"{""needs_fairification"": true, ""success"": true, ""swaps_made"": 1, ""initial_fairness"": 0.1149, ""initial_delta"": 0.29}"
tusLarge3,exhaustive,t_014c2259cce4ab13____c17_1____1_fair.csv,10,772,71,10,True,0.3502,0.1,0.0012953367875647669,0.012953367875647668,146.3277885913849,146.3277885913849,t_014c2259cce4ab13____c17_0____3__t_014c2259cce4ab13____c5_0____0_fair.csv;t_014c2259cce4ab13____c17_0____3__t_014c2259cce4ab13____c3_1____0_fair.csv;t_014c2259cce4ab13____c17_0____3__t_014c2259cce4ab13____c24_1____3_fair.csv;t_014c2259cce4ab13____c17_0____3__t_014c2259cce4ab13____c20_0____0_fair.csv;t_014c2259cce4ab13____c17_0____3.csv;t_014c2259cce4ab13____c16_0____3__t_014c2259cce4ab13____c24_1____3_fair.csv;t_014c2259cce4ab13____c16_1____1__t_014c2259cce4ab13____c3_1____0_fair.csv;t_014c2259cce4ab13____c14_1____0__t_014c2259cce4ab13____c3_1____0_fair.csv;t_014c2259cce4ab13____c14_1____0__t_014c2259cce4ab13____c24_1____3_fair.csv;t_014c2259cce4ab13____c11_0____1__t_014c2259cce4ab13____c5_0____0_fair.csv,"{""needs_fairification"": true, ""success"": true, ""swaps_made"": 3, ""initial_fairness"": 0.0481, ""initial_delta"": 0.35}"
tusLarge3,exhaustive,t_014c2259cce4ab13____c17_1____1_fair.csv,20,772,71,0,False,0.4441,,0.0,0.025906735751295335,0,0.0,,"{""needs_fairification"": true, ""success"": false, ""swaps_made"": 6, ""initial_fairness"": 0.0228, ""initial_delta"": 0.38}"
tusLarge3,exhaustive,PED_YT_DTL_SNF____c22_0____2_fair.csv,5,275,48,5,True,0.3237,1.0,0.01818181818181818,0.01818181818181818,106.80081290006638,106.80081290006638,PED_YT_DTL_SNF____c23_0____2__PED_YT_DTL_SNF____c22_0____2_fair.csv;PED_YT_DTL_SNF____c23_0____2__PED_YT_DTL_SNF____c19_1____0_fair.csv;PED_YT_DTL_SNF____c23_0____2__PED_YT_DTL_SNF____c18_1____1_fair.csv;PED_YT_DTL_SNF____c23_0____2.csv;PED_YT_DTL_SNF____c24_1____2__PED_YT_DTL_SNF____c22_0____2_fair.csv,"{""needs_fairification"": false, ""success"": true, ""swaps_made"": 0, ""initial_fairness"": 0.3237, ""initial_delta"": 0.08}"
tusLarge3,exhaustive,PED_YT_DTL_SNF____c22_0____2_fair.csv,10,275,48,10,True,0.3137,1.0,0.03636363636363636,0.03636363636363636,212.89789366722107,212.89789366722107,PED_YT_DTL_SNF____c23_0____2__PED_YT_DTL_SNF____c22_0____2_fair.csv;PED_YT_DTL_SNF____c23_0____2__PED_YT_DTL_SNF____c19_1____0_fair.csv;PED_YT_DTL_SNF____c23_0____2__PED_YT_DTL_SNF____c18_1____1_fair.csv;PED_YT_DTL_SNF____c23_0____2.csv;PED_YT_DTL_SNF____c24_1____2__PED_YT_DTL_SNF____c22_0____2_fair.csv;PED_YT_DTL_SNF____c24_1____2__PED_YT_DTL_SNF____c19_1____0_fair.csv;PED_YT_DTL_SNF____c24_1____2__PED_YT_DTL_SNF____c18_1____1_fair.csv;PED_YT_DTL_SNF____c24_1____2.csv;PED_YT_DTL_SNF____c25_0____2__PED_YT_DTL_SNF____c22_0____2_fair.csv;PED_YT_DTL_SNF____c23_1____2__PED_YT_DTL_SNF____c22_0____2_fair.csv,"{""needs_fairification"": true, ""success"": true, ""swaps_made"": 2, ""initial_fairness"": 0.2418, ""initial_delta"": 0.16}"
tusLarge3,exhaustive,PED_YT_DTL_SNF____c22_0____2_fair.csv,20,275,48,0,False,0.4062,,0.0,0.07272727272727272,0,0.0,,"{""needs_fairification"": true, ""success"": false, ""swaps_made"": 4, ""initial_fairness"": 0.2192, ""initial_delta"": 0.18}"
tusLarge3,exhaustive,t_03e347c6a1b6918b____c2_0____1_fair.csv,5,985,174,0,False,0.0,,0.0,0.005076142131979695,0,0.0,,"{""needs_fairification"": true, ""success"": false, ""swaps_made"": 0, ""initial_fairness"": 0.0, ""initial_delta"": 0.4}"
tusLarge3,exhaustive,t_03e347c6a1b6918b____c2_0____1_fair.csv,10,985,174,0,False,0.0,,0.0,0.01015228426395939,0,0.0,,"{""needs_fairification"": true, ""success"": false, ""swaps_made"": 0, ""initial_fairness"": 0.0, ""initial_delta"": 0.4}"
tusLarge3,exhaustive,t_03e347c6a1b6918b____c2_0____1_fair.csv,20,985,174,0,False,0.0,,0.0,0.02030456852791878,0,0.0,,"{""needs_fairification"": true, ""success"": false, ""swaps_made"": 0, ""initial_fairness"": 0.0, ""initial_delta"": 0.4}"
tusLarge3,exhaustive,t_014c2259cce4ab13____c20_0____0_fair.csv,5,672,59,5,True,0.3557,1.0,0.00744047619047619,0.00744047619047619,85.21841305494308,85.21841305494308,t_014c2259cce4ab13____c20_1____3__t_014c2259cce4ab13____c5_0____0_fair.csv;t_014c2259cce4ab13____c20_0____3__t_014c2259cce4ab13____c20_0____0_fair.csv;t_014c2259cce4ab13____c20_0____1__t_014c2259cce4ab13____c20_0____0_fair.csv;t_014c2259cce4ab13____c17_1____0__t_014c2259cce4ab13____c20_0____0_fair.csv;t_014c2259cce4ab13____c16_0____0__t_014c2259cce4ab13____c20_0____0_fair.csv,"{""needs_fairification"": true, ""success"": true, ""swaps_made"": 4, ""initial_fairness"": 0.0687, ""initial_delta"": 0.33}"
tusLarge3,exhaustive,t_014c2259cce4ab13____c20_0____0_fair.csv,10,672,59,0,False,0.4215,,0.0,0.01488095238095238,0,0.0,,"{""needs_fairification"": true, ""success"": false, ""swaps_made"": 9, ""initial_fairness"": 0.0798, ""initial_delta"": 0.32}"
tusLarge3,exhaustive,t_014c2259cce4ab13____c20_0____0_fair.csv,20,672,59,0,False,0.4215,,0.0,0.02976190476190476,0,0.0,,"{""needs_fairification"": true, ""success"": false, ""swaps_made"": 3, ""initial_fairness"": 0.0705, ""initial_delta"": 0.33}"
tusLarge3,exhaustive,t_03e347c6a1b6918b____c4_1____2_fair.csv,5,993,133,5,True,0.3428,1.0,0.005035246727089627,0.005035246727089627,17.872591257095337,17.872591257095337,t_03e347c6a1b6918b____c4_1____1__t_03e347c6a1b6918b____c4_1____3_fair.csv;t_03e347c6a1b6918b____c4_1____1__t_03e347c6a1b6918b____c4_1____2_fair.csv;t_03e347c6a1b6918b____c4_1____1__t_03e347c6a1b6918b____c16_1____4_fair.csv;t_03e347c6a1b6918b____c4_1____4__t_03e347c6a1b6918b____c16_1____4_fair.csv;t_03e347c6a1b6918b____c3_1____4__t_03e347c6a1b6918b____c20_1____0_fair.csv,"{""needs_fairification"": true, ""success"": true, ""swaps_made"": 1, ""initial_fairness"": 0.2908, ""initial_delta"": 0.11}"
tusLarge3,exhaustive,t_03e347c6a1b6918b____c4_1____2_fair.csv,10,993,133,10,True,0.3035,1.0,0.010070493454179255,0.010070493454179255,32.564996004104614,32.564996004104614,t_03e347c6a1b6918b____c4_1____1__t_03e347c6a1b6918b____c4_1____2_fair.csv;t_03e347c6a1b6918b____c4_1____1__t_03e347c6a1b6918b____c16_1____4_fair.csv;t_03e347c6a1b6918b____c4_1____4__t_03e347c6a1b6918b____c16_1____4_fair.csv;t_03e347c6a1b6918b____c4_1____1.csv;t_03e347c6a1b6918b____c9_0____4__t_03e347c6a1b6918b____c8_1____4_fair.csv;t_03e347c6a1b6918b____c9_0____4__t_03e347c6a1b6918b____c4_1____3_fair.csv;t_03e347c6a1b6918b____c9_0____4__t_03e347c6a1b6918b____c4_1____2_fair.csv;t_03e347c6a1b6918b____c9_0____4__t_03e347c6a1b6918b____c2_0____1_fair.csv;t_03e347c6a1b6918b____c9_0____4__t_03e347c6a1b6918b____c16_1____4_fair.csv;t_03e347c6a1b6918b____c3_1____4__t_03e347c6a1b6918b____c20_1____0_fair.csv,"{""needs_fairification"": true, ""success"": true, ""swaps_made"": 6, ""initial_fairness"": 0.167, ""initial_delta"": 0.23}"
tusLarge3,exhaustive,t_03e347c6a1b6918b____c4_1____2_fair.csv,20,993,133,0,False,0.4253,,0.0,0.02014098690835851,0,0.0,,"{""needs_fairification"": true, ""success"": false, ""swaps_made"": 2, ""initial_fairness"": 0.0741, ""initial_delta"": 0.33}"
tusLarge3,exhaustive,t_03e347c6a1b6918b____c16_1____4_fair.csv,5,993,73,5,True,0.3628,0.8,0.004028197381671702,0.005035246727089627,74.18126386404037,74.18126386404037,t_03e347c6a1b6918b____c16_0____4__t_03e347c6a1b6918b____c18_1____4_fair.csv;t_03e347c6a1b6918b____c21_0____3__t_03e347c6a1b6918b____c16_1____4_fair.csv;t_03e347c6a1b6918b____c20_0____3__t_03e347c6a1b6918b____c4_1____2_fair.csv;t_03e347c6a1b6918b____c15_0____4__t_03e347c6a1b6918b____c4_1____2_fair.csv;t_03e347c6a1b6918b____c15_0____4__t_03e347c6a1b6918b____c16_1____4_fair.csv,"{""needs_fairification"": true, ""success"": true, ""swaps_made"": 4, ""initial_fairness"": 0.0728, ""initial_delta"": 0.33}"
tusLarge3,exhaustive,t_03e347c6a1b6918b____c16_1____4_fair.csv,10,993,73,0,False,0.4316,,0.0,0.010070493454179255,0,0.0,,"{""needs_fairification"": true, ""success"": false, ""swaps_made"": 5, ""initial_fairness"": 0.0548, ""initial_delta"": 0.35}"
tusLarge3,exhaustive,t_03e347c6a1b6918b____c16_1____4_fair.csv,20,993,73,0,False,0.4316,,0.0,0.02014098690835851,0,0.0,,"{""needs_fairification"": true, ""success"": false, ""swaps_made"": 3, ""initial_fairness"": 0.0726, ""initial_delta"": 0.33}"
tusLarge3,exhaustive,t_03e347c6a1b6918b____c4_1____3_fair.csv,5,993,136,5,True,0.3211,1.0,0.005035246727089627,0.005035246727089627,18.602088809013367,18.602088809013367,t_03e347c6a1b6918b____c4_1____4__t_03e347c6a1b6918b____c4_1____3_fair.csv;t_03e347c6a1b6918b____c4_1____4__t_03e347c6a1b6918b____c16_1____4_fair.csv;t_03e347c6a1b6918b____c4_1____1.csv;t_03e347c6a1b6918b____c4_1____1__t_03e347c6a1b6918b____c4_1____3_fair.csv;t_03e347c6a1b6918b____c13_1____4__t_03e347c6a1b6918b____c4_1____3_fair.csv,"{""needs_fairification"": true, ""success"": true, ""swaps_made"": 2, ""initial_fairness"": 0.1855, ""initial_delta"": 0.21}"
tusLarge3,exhaustive,t_03e347c6a1b6918b____c4_1____3_fair.csv,10,993,136,10,True,0.3076,0.5,0.005035246727089627,0.010070493454179255,35.04804331064224,35.04804331064224,t_03e347c6a1b6918b____c4_1____4__t_03e347c6a1b6918b____c4_1____3_fair.csv;t_03e347c6a1b6918b____c4_1____4__t_03e347c6a1b6918b____c16_1____4_fair.csv;t_03e347c6a1b6918b____c4_1____1.csv;t_03e347c6a1b6918b____c4_1____1__t_03e347c6a1b6918b____c4_1____3_fair.csv;t_03e347c6a1b6918b____c5_1____4.csv;t_03e347c6a1b6918b____c5_1____2.csv;t_03e347c6a1b6918b____c5_1____4__t_03e347c6a1b6918b____c18_1____4_fair.csv;t_03e347c6a1b6918b____c5_1____0.csv;t_03e347c6a1b6918b____c5_1____3.csv;t_03e347c6a1b6918b____c13_1____4__t_03e347c6a1b6918b____c4_1____3_fair.csv,"{""needs_fairification"": true, ""success"": true, ""swaps_made"": 6, ""initial_fairness"": 0.1522, ""initial_delta"": 0.25}"
tusLarge3,exhaustive,t_03e347c6a1b6918b____c4_1____3_fair.csv,20,993,136,0,False,0.4003,,0.0,0.02014098690835851,0,0.0,,"{""needs_fairification"": true, ""success"": false, ""swaps_made"": 9, ""initial_fairness"": 0.0671, ""initial_delta"": 0.33}"
tusLarge3,exhaustive,t_03e347c6a1b6918b____c6_0____1_fair.csv,5,985,105,0,False,0.0,,0.0,0.005076142131979695,0,0.0,,"{""needs_fairification"": true, ""success"": false, ""swaps_made"": 0, ""initial_fairness"": 0.0, ""initial_delta"": 0.4}"
tusLarge3,exhaustive,t_03e347c6a1b6918b____c6_0____1_fair.csv,10,985,105,0,False,0.0,,0.0,0.01015228426395939,0,0.0,,"{""needs_fairification"": true, ""success"": false, ""swaps_made"": 0, ""initial_fairness"": 0.0, ""initial_delta"": 0.4}"
tusLarge3,exhaustive,t_03e347c6a1b6918b____c6_0____1_fair.csv,20,985,105,0,False,0.0,,0.0,0.02030456852791878,0,0.0,,"{""needs_fairification"": true, ""success"": false, ""swaps_made"": 0, ""initial_fairness"": 0.0, ""initial_delta"": 0.4}"
tusLarge3,exhaustive,t_03e347c6a1b6918b____c8_1____4_fair.csv,5,900,99,5,True,0.3481,1.0,0.005555555555555556,0.005555555555555556,38.49221920967102,38.49221920967102,t_03e347c6a1b6918b____c8_1____1.csv;t_03e347c6a1b6918b____c8_1____1__t_03e347c6a1b6918b____c8_1____4_fair.csv;t_03e347c6a1b6918b____c8_1____2.csv;t_03e347c6a1b6918b____c8_1____3__t_03e347c6a1b6918b____c8_1____4_fair.csv;t_03e347c6a1b6918b____c8_1____0__t_03e347c6a1b6918b____c8_1____4_fair.csv,"{""needs_fairification"": true, ""success"": true, ""swaps_made"": 2, ""initial_fairness"": 0.1791, ""initial_delta"": 0.22}"
tusLarge3,exhaustive,t_03e347c6a1b6918b____c8_1____4_fair.csv,10,900,99,10,True,0.3174,1.0,0.011111111111111112,0.011111111111111112,76.36296182870865,76.36296182870865,t_03e347c6a1b6918b____c8_1____1.csv;t_03e347c6a1b6918b____c8_1____1__t_03e347c6a1b6918b____c8_1____4_fair.csv;t_03e347c6a1b6918b____c8_1____2.csv;t_03e347c6a1b6918b____c8_1____2__t_03e347c6a1b6918b____c8_1____4_fair.csv;t_03e347c6a1b6918b____c8_1____3.csv;t_03e347c6a1b6918b____c8_1____3__t_03e347c6a1b6918b____c8_1____4_fair.csv;t_03e347c6a1b6918b____c8_1____0__t_03e347c6a1b6918b____c8_1____4_fair.csv;t_03e347c6a1b6918b____c9_0____1.csv;t_03e347c6a1b6918b____c9_0____1__t_03e347c6a1b6918b____c4_1____3_fair.csv;t_03e347c6a1b6918b____c9_0____1__t_03e347c6a1b6918b____c8_1____4_fair.csv,"{""needs_fairification"": true, ""success"": true, ""swaps_made"": 5, ""initial_fairness"": 0.1404, ""initial_delta"": 0.26}"
tusLarge3,exhaustive,t_03e347c6a1b6918b____c8_1____4_fair.csv,20,900,99,0,False,0.4466,,0.0,0.022222222222222223,0,0.0,,"{""needs_fairification"": true, ""success"": false, ""swaps_made"": 4, ""initial_fairness"": 0.0988, ""initial_delta"": 0.3}"
tusLarge3,exhaustive,t_03e347c6a1b6918b____c18_1____4_fair.csv,5,908,54,5,True,0.3109,1.0,0.005506607929515419,0.005506607929515419,85.78772795200348,85.78772795200348,t_03e347c6a1b6918b____c18_0____4__t_03e347c6a1b6918b____c20_1____0_fair.csv;t_03e347c6a1b6918b____c18_0____4__t_03e347c6a1b6918b____c8_1____4_fair.csv;t_03e347c6a1b6918b____c18_0____4__t_03e347c6a1b6918b____c18_1____4_fair.csv;t_03e347c6a1b6918b____c20_0____2__t_03e347c6a1b6918b____c18_1____4_fair.csv;t_03e347c6a1b6918b____c18_0____3__t_03e347c6a1b6918b____c18_1____4_fair.csv,"{""needs_fairification"": true, ""success"": true, ""swaps_made"": 3, ""initial_fairness"": 0.1239, ""initial_delta"": 0.28}"
tusLarge3,exhaustive,t_03e347c6a1b6918b____c18_1____4_fair.csv,10,908,54,0,False,0.4003,,0.0,0.011013215859030838,0,0.0,,"{""needs_fairification"": true, ""success"": false, ""swaps_made"": 4, ""initial_fairness"": 0.1786, ""initial_delta"": 0.22}"
tusLarge3,exhaustive,t_03e347c6a1b6918b____c18_1____4_fair.csv,20,908,54,0,False,0.4003,,0.0,0.022026431718061675,0,0.0,,"{""needs_fairification"": true, ""success"": false, ""swaps_made"": 5, ""initial_fairness"": 0.1665, ""initial_delta"": 0.23}"
tusLarge3,exhaustive,t_1934eacab8c57857____c10_0____1_fair.csv,5,389,91,5,True,0.4886,1.0,0.012853470437017995,0.012853470437017995,46.77886950969696,46.77886950969696,t_1934eacab8c57857____c10_0____0__t_1934eacab8c57857____c18_0____0_fair.csv;t_1934eacab8c57857____c10_0____0__t_1934eacab8c57857____c11_0____3_fair.csv;t_1934eacab8c57857____c10_0____0__t_1934eacab8c57857____c10_0____1_fair.csv;t_1934eacab8c57857____c10_0____0.csv;t_1934eacab8c57857____c10_0____3.csv,"{""needs_fairification"": false, ""success"": true, ""swaps_made"": 0, ""initial_fairness"": 0.4886, ""initial_delta"": -0.09}"
tusLarge3,exhaustive,t_1934eacab8c57857____c10_0____1_fair.csv,10,389,91,10,True,0.5624,1.0,0.02570694087403599,0.02570694087403599,91.36368519067764,91.36368519067764,t_1934eacab8c57857____c10_0____0__t_1934eacab8c57857____c18_0____0_fair.csv;t_1934eacab8c57857____c10_0____0__t_1934eacab8c57857____c11_0____3_fair.csv;t_1934eacab8c57857____c10_0____0__t_1934eacab8c57857____c10_0____1_fair.csv;t_1934eacab8c57857____c10_0____0.csv;t_1934eacab8c57857____c10_0____3.csv;t_1934eacab8c57857____c10_0____2.csv;t_1934eacab8c57857____c10_0____3__t_1934eacab8c57857____c18_0____0_fair.csv;t_1934eacab8c57857____c10_0____3__t_1934eacab8c57857____c11_0____3_fair.csv;t_1934eacab8c57857____c10_0____3__t_1934eacab8c57857____c10_0____1_fair.csv;t_1934eacab8c57857____c10_0____2__t_1934eacab8c57857____c18_0____0_fair.csv,"{""needs_fairification"": false, ""success"": true, ""swaps_made"": 0, ""initial_fairness"": 0.5624, ""initial_delta"": -0.16}"
tusLarge3,exhaustive,t_1934eacab8c57857____c10_0____1_fair.csv,20,389,91,20,True,0.3384,1.0,0.05141388174807198,0.05141388174807198,180.10166907310486,180.10166907310486,t_1934eacab8c57857____c10_0____0__t_1934eacab8c57857____c18_0____0_fair.csv;t_1934eacab8c57857____c10_0____0__t_1934eacab8c57857____c11_0____3_fair.csv;t_1934eacab8c57857____c10_0____0__t_1934eacab8c57857____c10_0____1_fair.csv;t_1934eacab8c57857____c10_0____0.csv;t_1934eacab8c57857____c10_0____3.csv;t_1934eacab8c57857____c10_0____2.csv;t_1934eacab8c57857____c10_0____3__t_1934eacab8c57857____c18_0____0_fair.csv;t_1934eacab8c57857____c10_0____3__t_1934eacab8c57857____c11_0____3_fair.csv;t_1934eacab8c57857____c10_0____3__t_1934eacab8c57857____c10_0____1_fair.csv;t_1934eacab8c57857____c10_0____2__t_1934eacab8c57857____c18_0____0_fair.csv;t_1934eacab8c57857____c10_0____2__t_1934eacab8c57857____c11_0____3_fair.csv;t_1934eacab8c57857____c10_0____2__t_1934eacab8c57857____c10_0____1_fair.csv;t_1934eacab8c57857____c12_1____0.csv;t_1934eacab8c57857____c17_1____0__t_1934eacab8c57857____c8_1____3_fair.csv;t_1934eacab8c57857____c17_1____0__t_1934eacab8c57857____c18_0____3_fair.csv;t_1934eacab8c57857____c17_1____0__t_1934eacab8c57857____c18_0____0_fair.csv;t_1934eacab8c57857____c17_1____0__t_1934eacab8c57857____c11_0____3_fair.csv;t_1934eacab8c57857____c17_1____0__t_1934eacab8c57857____c10_0____1_fair.csv;t_1934eacab8c57857____c17_1____0.csv;t_1934eacab8c57857____c12_1____4__t_1934eacab8c57857____c8_1____3_fair.csv,"{""needs_fairification"": true, ""success"": true, ""swaps_made"": 1, ""initial_fairness"": 0.2887, ""initial_delta"": 0.11}"
tusLarge3,exhaustive,t_1934eacab8c57857____c11_0____3_fair.csv,5,430,93,5,True,0.3274,1.0,0.011627906976744186,0.011627906976744186,50.5048668384552,50.5048668384552,t_1934eacab8c57857____c12_1____3.csv;t_1934eacab8c57857____c11_0____4__t_1934eacab8c57857____c8_1____3_fair.csv;t_1934eacab8c57857____c11_0____4__t_1934eacab8c57857____c11_0____3_fair.csv;t_1934eacab8c57857____c12_1____3__t_1934eacab8c57857____c11_0____3_fair.csv;t_1934eacab8c57857____c11_0____2__t_1934eacab8c57857____c11_0____3_fair.csv,"{""needs_fairification"": true, ""success"": true, ""swaps_made"": 2, ""initial_fairness"": 0.1914, ""initial_delta"": 0.21}"
tusLarge3,exhaustive,t_1934eacab8c57857____c11_0____3_fair.csv,10,430,93,0,False,0.4127,,0.0,0.023255813953488372,0,0.0,,"{""needs_fairification"": true, ""success"": false, ""swaps_made"": 4, ""initial_fairness"": 0.1656, ""initial_delta"": 0.23}"
tusLarge3,exhaustive,t_1934eacab8c57857____c11_0____3_fair.csv,20,430,93,0,False,0.4127,,0.0,0.046511627906976744,0,0.0,,"{""needs_fairification"": true, ""success"": false, ""swaps_made"": 3, ""initial_fairness"": 0.0842, ""initial_delta"": 0.32}"
tusLarge3,exhaustive,t_03e347c6a1b6918b____c19_0____1_fair.csv,5,969,62,5,True,0.3261,1.0,0.005159958720330237,0.005159958720330237,92.06169599294662,92.06169599294662,t_03e347c6a1b6918b____c20_0____1.csv;t_03e347c6a1b6918b____c21_1____1__t_03e347c6a1b6918b____c4_1____3_fair.csv;t_03e347c6a1b6918b____c19_1____1__t_03e347c6a1b6918b____c19_0____1_fair.csv;t_03e347c6a1b6918b____c21_0____1__t_03e347c6a1b6918b____c19_0____1_fair.csv;t_03e347c6a1b6918b____c21_0____3__t_03e347c6a1b6918b____c19_0____1_fair.csv,"{""needs_fairification"": true, ""success"": true, ""swaps_made"": 3, ""initial_fairness"": 0.0845, ""initial_delta"": 0.32}"
tusLarge3,exhaustive,t_03e347c6a1b6918b____c19_0____1_fair.csv,10,969,62,0,False,0.4414,,0.0,0.010319917440660475,0,0.0,,"{""needs_fairification"": true, ""success"": false, ""swaps_made"": 5, ""initial_fairness"": 0.091, ""initial_delta"": 0.31}"
tusLarge3,exhaustive,t_03e347c6a1b6918b____c19_0____1_fair.csv,20,969,62,0,False,0.4414,,0.0,0.02063983488132095,0,0.0,,"{""needs_fairification"": true, ""success"": false, ""swaps_made"": 3, ""initial_fairness"": 0.0458, ""initial_delta"": 0.35}"
tusLarge3,exhaustive,t_03e347c6a1b6918b____c20_1____0_fair.csv,5,993,51,0,False,0.4096,,0.0,0.005035246727089627,0,0.0,,"{""needs_fairification"": true, ""success"": false, ""swaps_made"": 3, ""initial_fairness"": 0.0741, ""initial_delta"": 0.33}"
tusLarge3,exhaustive,t_03e347c6a1b6918b____c20_1____0_fair.csv,10,993,51,0,False,0.4096,,0.0,0.010070493454179255,0,0.0,,"{""needs_fairification"": true, ""success"": false, ""swaps_made"": 0, ""initial_fairness"": 0.0384, ""initial_delta"": 0.36}"
tusLarge3,exhaustive,t_03e347c6a1b6918b____c20_1____0_fair.csv,20,993,51,0,False,0.4096,,0.0,0.02014098690835851,0,0.0,,"{""needs_fairification"": true, ""success"": false, ""swaps_made"": 0, ""initial_fairness"": 0.0205, ""initial_delta"": 0.38}"
tusLarge3,exhaustive,t_1934eacab8c57857____c8_1____3_fair.csv,5,496,100,5,True,0.3785,1.0,0.010080645161290322,0.010080645161290322,37.29942727088928,37.29942727088928,t_1934eacab8c57857____c8_1____4.csv;t_1934eacab8c57857____c8_1____4__t_1934eacab8c57857____c8_1____3_fair.csv;t_1934eacab8c57857____c8_1____4__t_1934eacab8c57857____c18_0____3_fair.csv;t_1934eacab8c57857____c12_1____3__t_1934eacab8c57857____c11_0____3_fair.csv;t_1934eacab8c57857____c8_1____0__t_1934eacab8c57857____c8_1____3_fair.csv,"{""needs_fairification"": true, ""success"": true, ""swaps_made"": 2, ""initial_fairness"": 0.1567, ""initial_delta"": 0.24}"
tusLarge3,exhaustive,t_1934eacab8c57857____c8_1____3_fair.csv,10,496,100,10,True,0.3167,0.8,0.016129032258064516,0.020161290322580645,73.5634114742279,73.5634114742279,t_1934eacab8c57857____c8_1____4.csv;t_1934eacab8c57857____c8_1____4__t_1934eacab8c57857____c8_1____3_fair.csv;t_1934eacab8c57857____c8_1____4__t_1934eacab8c57857____c18_0____3_fair.csv;t_1934eacab8c57857____c10_0____3__t_1934eacab8c57857____c10_0____1_fair.csv;t_1934eacab8c57857____c12_1____3.csv;t_1934eacab8c57857____c11_1____3.csv;t_1934eacab8c57857____c13_0____3.csv;t_1934eacab8c57857____c12_1____3__t_1934eacab8c57857____c8_1____3_fair.csv;t_1934eacab8c57857____c12_1____3__t_1934eacab8c57857____c11_0____3_fair.csv;t_1934eacab8c57857____c8_1____0__t_1934eacab8c57857____c8_1____3_fair.csv,"{""needs_fairification"": true, ""success"": true, ""swaps_made"": 2, ""initial_fairness"": 0.1779, ""initial_delta"": 0.22}"
tusLarge3,exhaustive,t_1934eacab8c57857____c8_1____3_fair.csv,20,496,100,20,True,0.311,0.9,0.036290322580645164,0.04032258064516129,142.65374064445496,142.65374064445496,t_1934eacab8c57857____c8_1____4.csv;t_1934eacab8c57857____c8_1____4__t_1934eacab8c57857____c8_1____3_fair.csv;t_1934eacab8c57857____c8_1____4__t_1934eacab8c57857____c18_0____3_fair.csv;t_1934eacab8c57857____c10_0____3__t_1934eacab8c57857____c10_0____1_fair.csv;t_1934eacab8c57857____c12_1____3.csv;t_1934eacab8c57857____c11_1____3.csv;t_1934eacab8c57857____c13_0____3.csv;t_1934eacab8c57857____c12_1____3__t_1934eacab8c57857____c8_1____3_fair.csv;t_1934eacab8c57857____c12_1____3__t_1934eacab8c57857____c18_0____0_fair.csv;t_1934eacab8c57857____c12_1____3__t_1934eacab8c57857____c11_0____3_fair.csv;t_1934eacab8c57857____c12_1____3__t_1934eacab8c57857____c10_0____1_fair.csv;t_1934eacab8c57857____c8_1____0.csv;t_1934eacab8c57857____c13_0____3__t_1934eacab8c57857____c8_1____3_fair.csv;t_1934eacab8c57857____c13_0____3__t_1934eacab8c57857____c18_0____3_fair.csv;t_1934eacab8c57857____c13_0____3__t_1934eacab8c57857____c18_0____0_fair.csv;t_1934eacab8c57857____c8_1____0__t_1934eacab8c57857____c8_1____3_fair.csv;t_1934eacab8c57857____c11_0____4__t_1934eacab8c57857____c11_0____3_fair.csv;t_1934eacab8c57857____c8_1____1__t_1934eacab8c57857____c8_1____3_fair.csv;t_1934eacab8c57857____c12_1____4__t_1934eacab8c57857____c8_1____3_fair.csv;t_1934eacab8c57857____c6_0____1__t_1934eacab8c57857____c8_1____3_fair.csv,"{""needs_fairification"": true, ""success"": true, ""swaps_made"": 4, ""initial_fairness"": 0.2133, ""initial_delta"": 0.19}"
tusLarge3,exhaustive,t_1d580f266b2a923b____c1_0____4_fair.csv,5,298,406,5,True,0.4096,0.8,0.013422818791946308,0.016778523489932886,4.60510641336441,4.60510641336441,t_1d580f266b2a923b____c1_0____1__t_1d580f266b2a923b____c1_0____4_fair.csv;t_1d580f266b2a923b____c1_0____2__t_1d580f266b2a923b____c1_0____4_fair.csv;t_1d580f266b2a923b____c1_0____3__t_1d580f266b2a923b____c1_0____4_fair.csv;t_1d580f266b2a923b____c1_0____0__t_1d580f266b2a923b____c1_0____4_fair.csv;t_1d580f266b2a923b____c2_0____2__t_1d580f266b2a923b____c11_1____2_fair.csv,"{""needs_fairification"": false, ""success"": true, ""swaps_made"": 0, ""initial_fairness"": 0.4096, ""initial_delta"": -0.01}"
tusLarge3,exhaustive,t_1d580f266b2a923b____c1_0____4_fair.csv,10,298,406,10,True,0.3222,0.4,0.013422818791946308,0.03355704697986577,8.894307613372803,8.894307613372803,t_1d580f266b2a923b____c1_0____1__t_1d580f266b2a923b____c1_0____4_fair.csv;t_1d580f266b2a923b____c1_0____2__t_1d580f266b2a923b____c1_0____4_fair.csv;t_1d580f266b2a923b____c1_0____3__t_1d580f266b2a923b____c1_0____4_fair.csv;t_1d580f266b2a923b____c1_0____0__t_1d580f266b2a923b____c1_0____4_fair.csv;t_1d580f266b2a923b____c2_0____2__t_1d580f266b2a923b____c11_1____2_fair.csv;t_1d580f266b2a923b____c2_0____1__t_1d580f266b2a923b____c11_1____2_fair.csv;t_1d580f266b2a923b____c2_0____1__t_1d580f266b2a923b____c7_0____3_fair.csv;t_1d580f266b2a923b____c2_0____4__t_1d580f266b2a923b____c7_0____3_fair.csv;t_1d580f266b2a923b____c2_0____4__t_1d580f266b2a923b____c11_1____2_fair.csv;t_1d580f266b2a923b____c2_1____4__t_1d580f266b2a923b____c11_1____3_fair.csv,"{""needs_fairification"": false, ""success"": true, ""swaps_made"": 0, ""initial_fairness"": 0.3222, ""initial_delta"": 0.08}"
tusLarge3,exhaustive,t_1d580f266b2a923b____c1_0____4_fair.csv,20,298,406,20,True,0.3826,0.25,0.016778523489932886,0.06711409395973154,17.00444930791855,17.00444930791855,t_1d580f266b2a923b____c1_0____1__t_1d580f266b2a923b____c1_0____4_fair.csv;t_1d580f266b2a923b____c1_0____2__t_1d580f266b2a923b____c1_0____4_fair.csv;t_1d580f266b2a923b____c1_0____3__t_1d580f266b2a923b____c1_0____4_fair.csv;t_1d580f266b2a923b____c1_0____0__t_1d580f266b2a923b____c1_0____4_fair.csv;t_1d580f266b2a923b____c2_0____2__t_1d580f266b2a923b____c11_1____2_fair.csv;t_1d580f266b2a923b____c2_0____1__t_1d580f266b2a923b____c11_1____2_fair.csv;t_1d580f266b2a923b____c2_0____1__t_1d580f266b2a923b____c7_0____3_fair.csv;t_1d580f266b2a923b____c2_0____4__t_1d580f266b2a923b____c7_0____3_fair.csv;t_1d580f266b2a923b____c2_0____4__t_1d580f266b2a923b____c11_1____2_fair.csv;t_1d580f266b2a923b____c2_1____4__t_1d580f266b2a923b____c11_1____3_fair.csv;t_1d580f266b2a923b____c2_1____4__t_1d580f266b2a923b____c10_1____0_fair.csv;t_1d580f266b2a923b____c2_0____2__t_1d580f266b2a923b____c7_0____3_fair.csv;t_1d580f266b2a923b____c2_0____0__t_1d580f266b2a923b____c11_1____2_fair.csv;t_f2bc7fb748586bfa____c1_1____0__t_f2bc7fb748586bfa____c19_1____0_fair.csv;t_1d580f266b2a923b____c2_1____2__t_1d580f266b2a923b____c11_1____3_fair.csv;t_f2bc7fb748586bfa____c1_1____4__t_f2bc7fb748586bfa____c19_1____0_fair.csv;t_f2bc7fb748586bfa____c1_1____3__t_f2bc7fb748586bfa____c19_1____0_fair.csv;t_1d580f266b2a923b____c2_0____1.csv;t_285b3bcd52ec0c86____c2_1____2__t_285b3bcd52ec0c86____c7_1____2_fair.csv;t_1d580f266b2a923b____c4_1____4__t_1d580f266b2a923b____c1_0____4_fair.csv,"{""needs_fairification"": true, ""success"": true, ""swaps_made"": 1, ""initial_fairness"": 0.2251, ""initial_delta"": 0.17}"
tusLarge3,exhaustive,t_014c2259cce4ab13____c24_1____3_fair.csv,5,711,51,0,False,0.4164,,0.0,0.007032348804500703,0,0.0,,"{""needs_fairification"": true, ""success"": false, ""swaps_made"": 5, ""initial_fairness"": 0.0697, ""initial_delta"": 0.33}"
tusLarge3,exhaustive,t_014c2259cce4ab13____c24_1____3_fair.csv,10,711,51,0,False,0.4164,,0.0,0.014064697609001406,0,0.0,,"{""needs_fairification"": true, ""success"": false, ""swaps_made"": 4, ""initial_fairness"": 0.0399, ""initial_delta"": 0.36}"
tusLarge3,exhaustive,t_014c2259cce4ab13____c24_1____3_fair.csv,20,711,51,0,False,0.4164,,0.0,0.02812939521800281,0,0.0,,"{""needs_fairification"": true, ""success"": false, ""swaps_made"": 1, ""initial_fairness"": 0.0502, ""initial_delta"": 0.35}"
tusLarge3,exhaustive,t_1d580f266b2a923b____c7_0____3_fair.csv,5,375,118,5,True,0.3304,1.0,0.013333333333333334,0.013333333333333334,34.196100413799286,34.196100413799286,t_1d580f266b2a923b____c7_0____0__t_1d580f266b2a923b____c11_1____3_fair.csv;t_1d580f266b2a923b____c7_0____0__t_1d580f266b2a923b____c11_1____2_fair.csv;t_1d580f266b2a923b____c7_0____0__t_1d580f266b2a923b____c7_0____3_fair.csv;t_1d580f266b2a923b____c7_0____1__t_1d580f266b2a923b____c7_0____3_fair.csv;t_1d580f266b2a923b____c11_1____0__t_1d580f266b2a923b____c7_0____3_fair.csv,"{""needs_fairification"": true, ""success"": true, ""swaps_made"": 2, ""initial_fairness"": 0.1825, ""initial_delta"": 0.22}"
tusLarge3,exhaustive,t_1d580f266b2a923b____c7_0____3_fair.csv,10,375,118,10,True,0.3181,1.0,0.02666666666666667,0.02666666666666667,67.35595613718033,67.35595613718033,t_1d580f266b2a923b____c7_0____0__t_1d580f266b2a923b____c11_1____3_fair.csv;t_1d580f266b2a923b____c7_0____0__t_1d580f266b2a923b____c11_1____2_fair.csv;t_1d580f266b2a923b____c7_0____0__t_1d580f266b2a923b____c7_0____3_fair.csv;t_1d580f266b2a923b____c7_0____2__t_1d580f266b2a923b____c11_1____3_fair.csv;t_1d580f266b2a923b____c7_0____2__t_1d580f266b2a923b____c10_1____0_fair.csv;t_1d580f266b2a923b____c7_0____2__t_1d580f266b2a923b____c7_0____3_fair.csv;t_1d580f266b2a923b____c7_0____1__t_1d580f266b2a923b____c7_0____3_fair.csv;t_1d580f266b2a923b____c7_0____4__t_1d580f266b2a923b____c7_0____3_fair.csv;t_1d580f266b2a923b____c11_1____0__t_1d580f266b2a923b____c7_0____3_fair.csv;t_1d580f266b2a923b____c6_0____1__t_1d580f266b2a923b____c7_0____3_fair.csv,"{""needs_fairification"": true, ""success"": true, ""swaps_made"": 4, ""initial_fairness"": 0.1524, ""initial_delta"": 0.25}"
tusLarge3,exhaustive,t_1d580f266b2a923b____c7_0____3_fair.csv,20,375,118,0,False,0.4258,,0.0,0.05333333333333334,0,0.0,,"{""needs_fairification"": true, ""success"": false, ""swaps_made"": 4, ""initial_fairness"": 0.1373, ""initial_delta"": 0.26}"
tusLarge3,exhaustive,t_1d580f266b2a923b____c10_1____0_fair.csv,5,310,115,5,True,0.3289,1.0,0.016129032258064516,0.016129032258064516,49.419621884822845,49.419621884822845,t_1d580f266b2a923b____c10_1____2__t_1d580f266b2a923b____c7_0____3_fair.csv;t_1d580f266b2a923b____c10_1____2__t_1d580f266b2a923b____c10_1____0_fair.csv;t_1d580f266b2a923b____c10_1____2__t_1d580f266b2a923b____c11_1____2_fair.csv;t_1d580f266b2a923b____c10_1____2__t_1d580f266b2a923b____c11_1____3_fair.csv;t_1d580f266b2a923b____c11_1____0.csv,"{""needs_fairification"": false, ""success"": true, ""swaps_made"": 0, ""initial_fairness"": 0.3289, ""initial_delta"": 0.07}"
tusLarge3,exhaustive,t_1d580f266b2a923b____c10_1____0_fair.csv,10,310,115,10,True,0.3377,1.0,0.03225806451612903,0.03225806451612903,98.69932627677917,98.69932627677917,t_1d580f266b2a923b____c10_1____2__t_1d580f266b2a923b____c7_0____3_fair.csv;t_1d580f266b2a923b____c10_1____2__t_1d580f266b2a923b____c10_1____0_fair.csv;t_1d580f266b2a923b____c10_1____2__t_1d580f266b2a923b____c11_1____2_fair.csv;t_1d580f266b2a923b____c10_1____2__t_1d580f266b2a923b____c11_1____3_fair.csv;t_1d580f266b2a923b____c11_1____0.csv;t_1d580f266b2a923b____c10_1____3__t_1d580f266b2a923b____c7_0____3_fair.csv;t_1d580f266b2a923b____c10_1____3__t_1d580f266b2a923b____c1_0____4_fair.csv;t_1d580f266b2a923b____c10_1____3__t_1d580f266b2a923b____c11_1____3_fair.csv;t_1d580f266b2a923b____c10_1____3__t_1d580f266b2a923b____c11_1____2_fair.csv;t_1d580f266b2a923b____c10_1____3__t_1d580f266b2a923b____c10_1____0_fair.csv,"{""needs_fairification"": false, ""success"": true, ""swaps_made"": 0, ""initial_fairness"": 0.3377, ""initial_delta"": 0.06}"
tusLarge3,exhaustive,t_1d580f266b2a923b____c10_1____0_fair.csv,20,310,115,20,True,0.3306,1.0,0.06451612903225806,0.06451612903225806,196.96242767572403,196.96242767572403,t_1d580f266b2a923b____c10_1____2__t_1d580f266b2a923b____c7_0____3_fair.csv;t_1d580f266b2a923b____c10_1____2__t_1d580f266b2a923b____c10_1____0_fair.csv;t_1d580f266b2a923b____c10_1____2__t_1d580f266b2a923b____c11_1____2_fair.csv;t_1d580f266b2a923b____c10_1____2__t_1d580f266b2a923b____c11_1____3_fair.csv;t_1d580f266b2a923b____c11_1____0.csv;t_1d580f266b2a923b____c10_1____3__t_1d580f266b2a923b____c7_0____3_fair.csv;t_1d580f266b2a923b____c10_1____3__t_1d580f266b2a923b____c1_0____4_fair.csv;t_1d580f266b2a923b____c10_1____3__t_1d580f266b2a923b____c11_1____3_fair.csv;t_1d580f266b2a923b____c10_1____3__t_1d580f266b2a923b____c11_1____2_fair.csv;t_1d580f266b2a923b____c10_1____3__t_1d580f266b2a923b____c10_1____0_fair.csv;t_1d580f266b2a923b____c10_1____2.csv;t_1d580f266b2a923b____c10_1____3.csv;t_1d580f266b2a923b____c10_1____2__t_1d580f266b2a923b____c1_0____4_fair.csv;t_1d580f266b2a923b____c11_1____0__t_1d580f266b2a923b____c9_0____1_fair.csv;t_1d580f266b2a923b____c11_1____0__t_1d580f266b2a923b____c7_0____3_fair.csv;t_1d580f266b2a923b____c11_1____0__t_1d580f266b2a923b____c1_0____4_fair.csv;t_1d580f266b2a923b____c11_1____0__t_1d580f266b2a923b____c11_1____3_fair.csv;t_1d580f266b2a923b____c11_1____0__t_1d580f266b2a923b____c11_1____2_fair.csv;t_1d580f266b2a923b____c11_1____0__t_1d580f266b2a923b____c10_1____0_fair.csv;t_1d580f266b2a923b____c10_1____4__t_1d580f266b2a923b____c7_0____3_fair.csv,"{""needs_fairification"": false, ""success"": true, ""swaps_made"": 0, ""initial_fairness"": 0.3306, ""initial_delta"": 0.07}"
tusLarge3,exhaustive,t_1d580f266b2a923b____c11_1____3_fair.csv,5,310,94,5,True,0.3162,1.0,0.016129032258064516,0.016129032258064516,53.99185848236084,53.99185848236084,t_1d580f266b2a923b____c11_0____0.csv;t_1d580f266b2a923b____c12_0____0__t_1d580f266b2a923b____c9_0____1_fair.csv;t_1d580f266b2a923b____c12_0____0__t_1d580f266b2a923b____c7_0____3_fair.csv;t_1d580f266b2a923b____c12_0____0__t_1d580f266b2a923b____c1_0____4_fair.csv;t_1d580f266b2a923b____c12_0____0__t_1d580f266b2a923b____c11_1____3_fair.csv,"{""needs_fairification"": false, ""success"": true, ""swaps_made"": 0, ""initial_fairness"": 0.3162, ""initial_delta"": 0.08}"
tusLarge3,exhaustive,t_1d580f266b2a923b____c11_1____3_fair.csv,10,310,94,10,True,0.2985,1.0,0.03225806451612903,0.03225806451612903,107.92532122135162,107.92532122135162,t_1d580f266b2a923b____c11_0____0.csv;t_1d580f266b2a923b____c12_0____0__t_1d580f266b2a923b____c9_0____1_fair.csv;t_1d580f266b2a923b____c12_0____0__t_1d580f266b2a923b____c7_0____3_fair.csv;t_1d580f266b2a923b____c12_0____0__t_1d580f266b2a923b____c1_0____4_fair.csv;t_1d580f266b2a923b____c12_0____0__t_1d580f266b2a923b____c11_1____3_fair.csv;t_1d580f266b2a923b____c12_0____0__t_1d580f266b2a923b____c11_1____2_fair.csv;t_1d580f266b2a923b____c12_0____0__t_1d580f266b2a923b____c10_1____0_fair.csv;t_1d580f266b2a923b____c11_1____0__t_1d580f266b2a923b____c9_0____1_fair.csv;t_1d580f266b2a923b____c11_1____0__t_1d580f266b2a923b____c7_0____3_fair.csv;t_1d580f266b2a923b____c11_1____0__t_1d580f266b2a923b____c1_0____4_fair.csv,"{""needs_fairification"": false, ""success"": true, ""swaps_made"": 0, ""initial_fairness"": 0.2985, ""initial_delta"": 0.1}"
tusLarge3,exhaustive,t_1d580f266b2a923b____c11_1____3_fair.csv,20,310,94,20,True,0.2952,1.0,0.06451612903225806,0.06451612903225806,215.7560252547264,215.7560252547264,t_1d580f266b2a923b____c11_0____0.csv;t_1d580f266b2a923b____c12_0____0__t_1d580f266b2a923b____c9_0____1_fair.csv;t_1d580f266b2a923b____c12_0____0__t_1d580f266b2a923b____c7_0____3_fair.csv;t_1d580f266b2a923b____c12_0____0__t_1d580f266b2a923b____c1_0____4_fair.csv;t_1d580f266b2a923b____c12_0____0__t_1d580f266b2a923b____c11_1____3_fair.csv;t_1d580f266b2a923b____c12_0____0__t_1d580f266b2a923b____c11_1____2_fair.csv;t_1d580f266b2a923b____c12_0____0__t_1d580f266b2a923b____c10_1____0_fair.csv;t_1d580f266b2a923b____c11_1____0__t_1d580f266b2a923b____c9_0____1_fair.csv;t_1d580f266b2a923b____c11_1____0__t_1d580f266b2a923b____c7_0____3_fair.csv;t_1d580f266b2a923b____c11_1____0__t_1d580f266b2a923b____c1_0____4_fair.csv;t_1d580f266b2a923b____c11_1____0__t_1d580f266b2a923b____c11_1____3_fair.csv;t_1d580f266b2a923b____c11_1____0__t_1d580f266b2a923b____c11_1____2_fair.csv;t_1d580f266b2a923b____c11_1____0__t_1d580f266b2a923b____c10_1____0_fair.csv;t_1d580f266b2a923b____c11_0____0__t_1d580f266b2a923b____c1_0____4_fair.csv;t_1d580f266b2a923b____c11_0____0__t_1d580f266b2a923b____c10_1____0_fair.csv;t_1d580f266b2a923b____c12_0____3__t_1d580f266b2a923b____c9_0____1_fair.csv;t_1d580f266b2a923b____c12_0____3__t_1d580f266b2a923b____c7_0____3_fair.csv;t_1d580f266b2a923b____c12_0____3__t_1d580f266b2a923b____c1_0____4_fair.csv;t_1d580f266b2a923b____c12_0____3__t_1d580f266b2a923b____c11_1____3_fair.csv;t_1d580f266b2a923b____c12_0____3__t_1d580f266b2a923b____c11_1____2_fair.csv,"{""needs_fairification"": false, ""success"": true, ""swaps_made"": 0, ""initial_fairness"": 0.2952, ""initial_delta"": 0.1}"
tusLarge3,exhaustive,t_1d580f266b2a923b____c11_1____2_fair.csv,5,375,111,5,True,0.3268,1.0,0.013333333333333334,0.013333333333333334,53.75034445524216,53.75034445524216,t_1d580f266b2a923b____c11_1____0__t_1d580f266b2a923b____c9_0____1_fair.csv;t_1d580f266b2a923b____c11_1____0__t_1d580f266b2a923b____c7_0____3_fair.csv;t_1d580f266b2a923b____c11_1____0__t_1d580f266b2a923b____c1_0____4_fair.csv;t_1d580f266b2a923b____c11_1____0__t_1d580f266b2a923b____c11_1____3_fair.csv;t_1d580f266b2a923b____c11_1____1__t_1d580f266b2a923b____c1_0____4_fair.csv,"{""needs_fairification"": true, ""success"": true, ""swaps_made"": 1, ""initial_fairness"": 0.2743, ""initial_delta"": 0.13}"
tusLarge3,exhaustive,t_1d580f266b2a923b____c11_1____2_fair.csv,10,375,111,10,True,0.3198,1.0,0.02666666666666667,0.02666666666666667,107.53940379619598,107.53940379619598,t_1d580f266b2a923b____c11_0____0.csv;t_1d580f266b2a923b____c11_1____0__t_1d580f266b2a923b____c9_0____1_fair.csv;t_1d580f266b2a923b____c11_1____0__t_1d580f266b2a923b____c7_0____3_fair.csv;t_1d580f266b2a923b____c11_1____0__t_1d580f266b2a923b____c1_0____4_fair.csv;t_1d580f266b2a923b____c11_1____0__t_1d580f266b2a923b____c11_1____3_fair.csv;t_1d580f266b2a923b____c11_1____0__t_1d580f266b2a923b____c11_1____2_fair.csv;t_1d580f266b2a923b____c11_1____0__t_1d580f266b2a923b____c10_1____0_fair.csv;t_1d580f266b2a923b____c11_1____0.csv;t_1d580f266b2a923b____c11_0____1__t_1d580f266b2a923b____c1_0____4_fair.csv;t_1d580f266b2a923b____c11_1____1__t_1d580f266b2a923b____c1_0____4_fair.csv,"{""needs_fairification"": true, ""success"": true, ""swaps_made"": 2, ""initial_fairness"": 0.2289, ""initial_delta"": 0.17}"
tusLarge3,exhaustive,t_1d580f266b2a923b____c11_1____2_fair.csv,20,375,111,20,True,0.3103,1.0,0.05333333333333334,0.05333333333333334,214.51423180103302,214.51423180103302,t_1d580f266b2a923b____c11_0____0.csv;t_1d580f266b2a923b____c11_1____0__t_1d580f266b2a923b____c9_0____1_fair.csv;t_1d580f266b2a923b____c11_1____0__t_1d580f266b2a923b____c7_0____3_fair.csv;t_1d580f266b2a923b____c11_1____0__t_1d580f266b2a923b____c1_0____4_fair.csv;t_1d580f266b2a923b____c11_1____0__t_1d580f266b2a923b____c11_1____3_fair.csv;t_1d580f266b2a923b____c11_1____0__t_1d580f266b2a923b____c11_1____2_fair.csv;t_1d580f266b2a923b____c11_1____0__t_1d580f266b2a923b____c10_1____0_fair.csv;t_1d580f266b2a923b____c11_1____0.csv;t_1d580f266b2a923b____c12_0____0__t_1d580f266b2a923b____c11_1____2_fair.csv;t_1d580f266b2a923b____c11_0____0__t_1d580f266b2a923b____c11_1____2_fair.csv;t_1d580f266b2a923b____c12_0____0.csv;t_1d580f266b2a923b____c11_0____1__t_1d580f266b2a923b____c9_0____1_fair.csv;t_1d580f266b2a923b____c11_0____1__t_1d580f266b2a923b____c1_0____4_fair.csv;t_1d580f266b2a923b____c11_0____1__t_1d580f266b2a923b____c10_1____0_fair.csv;t_1d580f266b2a923b____c11_0____1__t_1d580f266b2a923b____c11_1____3_fair.csv;t_1d580f266b2a923b____c11_1____1__t_1d580f266b2a923b____c1_0____4_fair.csv;t_1d580f266b2a923b____c11_1____1__t_1d580f266b2a923b____c11_1____3_fair.csv;t_1d580f266b2a923b____c11_1____4__t_1d580f266b2a923b____c1_0____4_fair.csv;t_1d580f266b2a923b____c11_1____4__t_1d580f266b2a923b____c11_1____3_fair.csv;t_1d580f266b2a923b____c11_0____4__t_1d580f266b2a923b____c1_0____4_fair.csv,"{""needs_fairification"": true, ""success"": true, ""swaps_made"": 7, ""initial_fairness"": 0.1676, ""initial_delta"": 0.23}"
tusLarge3,exhaustive,t_1d580f266b2a923b____c9_0____1_fair.csv,5,256,122,5,True,0.3344,1.0,0.01953125,0.01953125,43.51885658502579,43.51885658502579,t_1d580f266b2a923b____c9_0____3__t_1d580f266b2a923b____c9_0____1_fair.csv;t_1d580f266b2a923b____c9_0____3__t_1d580f266b2a923b____c7_0____3_fair.csv;t_1d580f266b2a923b____c9_0____3__t_1d580f266b2a923b____c11_1____2_fair.csv;t_1d580f266b2a923b____c9_0____0__t_1d580f266b2a923b____c9_0____1_fair.csv;t_1d580f266b2a923b____c9_1____0__t_1d580f266b2a923b____c9_0____1_fair.csv,"{""needs_fairification"": true, ""success"": true, ""swaps_made"": 1, ""initial_fairness"": 0.2682, ""initial_delta"": 0.13}"
tusLarge3,exhaustive,t_1d580f266b2a923b____c9_0____1_fair.csv,10,256,122,10,True,0.3225,1.0,0.0390625,0.0390625,83.88966923952103,83.88966923952103,t_1d580f266b2a923b____c9_0____3__t_1d580f266b2a923b____c9_0____1_fair.csv;t_1d580f266b2a923b____c9_0____3__t_1d580f266b2a923b____c7_0____3_fair.csv;t_1d580f266b2a923b____c9_0____3__t_1d580f266b2a923b____c1_0____4_fair.csv;t_1d580f266b2a923b____c9_0____3__t_1d580f266b2a923b____c11_1____2_fair.csv;t_1d580f266b2a923b____c9_0____0__t_1d580f266b2a923b____c9_0____1_fair.csv;t_1d580f266b2a923b____c9_1____1__t_1d580f266b2a923b____c9_0____1_fair.csv;t_1d580f266b2a923b____c9_1____1__t_1d580f266b2a923b____c7_0____3_fair.csv;t_1d580f266b2a923b____c9_1____3__t_1d580f266b2a923b____c9_0____1_fair.csv;t_1d580f266b2a923b____c9_1____0__t_1d580f266b2a923b____c9_0____1_fair.csv;t_1d580f266b2a923b____c6_1____0__t_1d580f266b2a923b____c9_0____1_fair.csv,"{""needs_fairification"": true, ""success"": true, ""swaps_made"": 3, ""initial_fairness"": 0.201, ""initial_delta"": 0.2}"
tusLarge3,exhaustive,t_1d580f266b2a923b____c9_0____1_fair.csv,20,256,122,20,True,0.3087,1.0,0.078125,0.078125,167.68096977472305,167.68096977472305,t_1d580f266b2a923b____c9_0____3__t_1d580f266b2a923b____c9_0____1_fair.csv;t_1d580f266b2a923b____c9_0____3__t_1d580f266b2a923b____c7_0____3_fair.csv;t_1d580f266b2a923b____c9_0____3__t_1d580f266b2a923b____c1_0____4_fair.csv;t_1d580f266b2a923b____c9_0____3__t_1d580f266b2a923b____c11_1____2_fair.csv;t_1d580f266b2a923b____c9_0____0__t_1d580f266b2a923b____c9_0____1_fair.csv;t_1d580f266b2a923b____c9_1____1__t_1d580f266b2a923b____c9_0____1_fair.csv;t_1d580f266b2a923b____c9_1____1__t_1d580f266b2a923b____c7_0____3_fair.csv;t_1d580f266b2a923b____c9_1____1__t_1d580f266b2a923b____c11_1____2_fair.csv;t_1d580f266b2a923b____c9_1____1.csv;t_1d580f266b2a923b____c9_0____0.csv;t_1d580f266b2a923b____c9_0____2__t_1d580f266b2a923b____c9_0____1_fair.csv;t_1d580f266b2a923b____c9_0____2__t_1d580f266b2a923b____c11_1____2_fair.csv;t_1d580f266b2a923b____c9_0____4__t_1d580f266b2a923b____c9_0____1_fair.csv;t_1d580f266b2a923b____c9_0____4__t_1d580f266b2a923b____c7_0____3_fair.csv;t_1d580f266b2a923b____c12_0____1__t_1d580f266b2a923b____c9_0____1_fair.csv;t_1d580f266b2a923b____c9_1____3__t_1d580f266b2a923b____c9_0____1_fair.csv;t_1d580f266b2a923b____c9_1____0__t_1d580f266b2a923b____c9_0____1_fair.csv;t_1d580f266b2a923b____c12_0____3__t_1d580f266b2a923b____c9_0____1_fair.csv;t_1d580f266b2a923b____c7_1____0__t_1d580f266b2a923b____c9_0____1_fair.csv;t_1d580f266b2a923b____c6_1____0__t_1d580f266b2a923b____c9_0____1_fair.csv,"{""needs_fairification"": true, ""success"": true, ""swaps_made"": 6, ""initial_fairness"": 0.1832, ""initial_delta"": 0.22}"
tusLarge3,exhaustive,t_014c2259cce4ab13____c27_0____4_fair.csv,5,746,38,5,True,0.3417,1.0,0.006702412868632708,0.006702412868632708,132.70538479089737,132.70538479089737,t_014c2259cce4ab13____c27_1____4__t_014c2259cce4ab13____c5_0____0_fair.csv;t_014c2259cce4ab13____c27_1____4__t_014c2259cce4ab13____c27_0____4_fair.csv;t_014c2259cce4ab13____c27_1____4__t_014c2259cce4ab13____c24_1____3_fair.csv;t_014c2259cce4ab13____c27_0____1__t_014c2259cce4ab13____c27_0____4_fair.csv;t_014c2259cce4ab13____c26_1____4__t_014c2259cce4ab13____c27_0____4_fair.csv,"{""needs_fairification"": true, ""success"": true, ""swaps_made"": 2, ""initial_fairness"": 0.2401, ""initial_delta"": 0.16}"
tusLarge3,exhaustive,t_014c2259cce4ab13____c27_0____4_fair.csv,10,746,38,10,True,0.3005,1.0,0.013404825737265416,0.013404825737265416,264.5679710507393,264.5679710507393,t_014c2259cce4ab13____c27_1____4__t_014c2259cce4ab13____c5_0____0_fair.csv;t_014c2259cce4ab13____c27_1____4__t_014c2259cce4ab13____c3_1____0_fair.csv;t_014c2259cce4ab13____c27_1____4__t_014c2259cce4ab13____c27_0____4_fair.csv;t_014c2259cce4ab13____c27_1____4__t_014c2259cce4ab13____c24_1____3_fair.csv;t_014c2259cce4ab13____c27_1____4__t_014c2259cce4ab13____c20_0____0_fair.csv;t_014c2259cce4ab13____c28_0____4__t_014c2259cce4ab13____c5_0____0_fair.csv;t_014c2259cce4ab13____c28_0____4__t_014c2259cce4ab13____c27_0____4_fair.csv;t_014c2259cce4ab13____c27_0____1__t_014c2259cce4ab13____c27_0____4_fair.csv;t_014c2259cce4ab13____c26_1____4__t_014c2259cce4ab13____c27_0____4_fair.csv;t_014c2259cce4ab13____c26_1____1__t_014c2259cce4ab13____c27_0____4_fair.csv,"{""needs_fairification"": true, ""success"": true, ""swaps_made"": 3, ""initial_fairness"": 0.2133, ""initial_delta"": 0.19}"
tusLarge3,exhaustive,t_014c2259cce4ab13____c27_0____4_fair.csv,20,746,38,0,False,0.4334,,0.0,0.02680965147453083,0,0.0,,"{""needs_fairification"": true, ""success"": false, ""swaps_made"": 2, ""initial_fairness"": 0.1788, ""initial_delta"": 0.22}"
tusLarge3,exhaustive,t_240c872e361b3c8e____c1_0____2_fair.csv,5,326,381,5,True,0.359,1.0,0.015337423312883436,0.015337423312883436,4.83852481842041,4.83852481842041,t_240c872e361b3c8e____c1_0____1.csv;t_240c872e361b3c8e____c1_0____3.csv;t_240c872e361b3c8e____c1_0____0__t_240c872e361b3c8e____c1_0____2_fair.csv;t_240c872e361b3c8e____c1_0____1__t_240c872e361b3c8e____c1_0____2_fair.csv;t_240c872e361b3c8e____c1_0____3__t_240c872e361b3c8e____c1_0____2_fair.csv,"{""needs_fairification"": true, ""success"": true, ""swaps_made"": 1, ""initial_fairness"": 0.2938, ""initial_delta"": 0.11}"
tusLarge3,exhaustive,t_240c872e361b3c8e____c1_0____2_fair.csv,10,326,381,10,True,0.299,0.8,0.024539877300613498,0.03067484662576687,9.233258962631226,9.233258962631226,t_240c872e361b3c8e____c1_0____1.csv;t_240c872e361b3c8e____c1_0____3.csv;t_240c872e361b3c8e____c1_0____0.csv;t_240c872e361b3c8e____c1_0____0__t_240c872e361b3c8e____c1_0____2_fair.csv;t_240c872e361b3c8e____c1_0____1__t_240c872e361b3c8e____c1_0____2_fair.csv;t_240c872e361b3c8e____c1_0____3__t_240c872e361b3c8e____c1_0____2_fair.csv;t_240c872e361b3c8e____c1_0____4.csv;t_240c872e361b3c8e____c1_0____4__t_240c872e361b3c8e____c1_0____2_fair.csv;t_285b3bcd52ec0c86____c3_1____1__t_285b3bcd52ec0c86____c7_1____2_fair.csv;t_1d580f266b2a923b____c1_1____2.csv,"{""needs_fairification"": true, ""success"": true, ""swaps_made"": 1, ""initial_fairness"": 0.2736, ""initial_delta"": 0.13}"
tusLarge3,exhaustive,t_240c872e361b3c8e____c1_0____2_fair.csv,20,326,381,0,False,0.4595,,0.0,0.06134969325153374,0,0.0,,"{""needs_fairification"": true, ""success"": false, ""swaps_made"": 5, ""initial_fairness"": 0.0039, ""initial_delta"": 0.4}"
tusLarge3,exhaustive,t_240c872e361b3c8e____c5_1____3_fair.csv,5,401,150,5,True,0.3382,1.0,0.012468827930174564,0.012468827930174564,23.42295229434967,23.42295229434967,t_240c872e361b3c8e____c5_1____2__t_240c872e361b3c8e____c5_1____3_fair.csv;t_240c872e361b3c8e____c5_1____2__t_240c872e361b3c8e____c1_0____2_fair.csv;t_240c872e361b3c8e____c5_1____2.csv;t_240c872e361b3c8e____c5_1____0__t_240c872e361b3c8e____c5_1____3_fair.csv;t_240c872e361b3c8e____c8_1____3__t_240c872e361b3c8e____c5_1____3_fair.csv,"{""needs_fairification"": true, ""success"": true, ""swaps_made"": 1, ""initial_fairness"": 0.2338, ""initial_delta"": 0.17}"
tusLarge3,exhaustive,t_240c872e361b3c8e____c5_1____3_fair.csv,10,401,150,10,True,0.3059,1.0,0.02493765586034913,0.02493765586034913,42.56269323825836,42.56269323825836,t_240c872e361b3c8e____c5_1____2__t_240c872e361b3c8e____c5_1____3_fair.csv;t_240c872e361b3c8e____c5_1____2__t_240c872e361b3c8e____c1_0____2_fair.csv;t_240c872e361b3c8e____c5_1____2.csv;t_240c872e361b3c8e____c5_1____0__t_240c872e361b3c8e____c5_1____3_fair.csv;t_240c872e361b3c8e____c5_1____1__t_240c872e361b3c8e____c5_1____3_fair.csv;t_240c872e361b3c8e____c5_1____1__t_240c872e361b3c8e____c1_0____2_fair.csv;t_240c872e361b3c8e____c8_1____3__t_240c872e361b3c8e____c5_1____3_fair.csv;t_240c872e361b3c8e____c4_1____4__t_240c872e361b3c8e____c5_1____3_fair.csv;t_240c872e361b3c8e____c4_1____4.csv;t_240c872e361b3c8e____c4_1____0.csv,"{""needs_fairification"": true, ""success"": true, ""swaps_made"": 4, ""initial_fairness"": 0.1681, ""initial_delta"": 0.23}"
tusLarge3,exhaustive,t_240c872e361b3c8e____c5_1____3_fair.csv,20,401,150,0,False,0.4444,,0.0,0.04987531172069826,0,0.0,,"{""needs_fairification"": true, ""success"": false, ""swaps_made"": 5, ""initial_fairness"": 0.0317, ""initial_delta"": 0.37}"
tusLarge3,exhaustive,t_1934eacab8c57857____c18_0____3_fair.csv,5,440,68,0,False,0.405,,0.0,0.011363636363636364,0,0.0,,"{""needs_fairification"": true, ""success"": false, ""swaps_made"": 4, ""initial_fairness"": 0.074, ""initial_delta"": 0.33}"
tusLarge3,exhaustive,t_1934eacab8c57857____c18_0____3_fair.csv,10,440,68,0,False,0.405,,0.0,0.022727272727272728,0,0.0,,"{""needs_fairification"": true, ""success"": false, ""swaps_made"": 1, ""initial_fairness"": 0.0822, ""initial_delta"": 0.32}"
tusLarge3,exhaustive,t_1934eacab8c57857____c18_0____3_fair.csv,20,440,68,0,False,0.405,,0.0,0.045454545454545456,0,0.0,,"{""needs_fairification"": true, ""success"": false, ""swaps_made"": 0, ""initial_fairness"": 0.0458, ""initial_delta"": 0.35}"
tusLarge3,exhaustive,t_1934eacab8c57857____c18_0____0_fair.csv,5,505,66,5,True,0.3217,1.0,0.009900990099009901,0.009900990099009901,74.44242841005325,74.44242841005325,t_1934eacab8c57857____c19_0____0__t_1934eacab8c57857____c18_0____0_fair.csv;t_1934eacab8c57857____c19_0____0__t_1934eacab8c57857____c10_0____1_fair.csv;t_1934eacab8c57857____c16_1____0__t_1934eacab8c57857____c18_0____0_fair.csv;t_1934eacab8c57857____c15_1____3__t_1934eacab8c57857____c18_0____0_fair.csv;t_1934eacab8c57857____c13_1____0__t_1934eacab8c57857____c18_0____0_fair.csv,"{""needs_fairification"": true, ""success"": true, ""swaps_made"": 3, ""initial_fairness"": 0.0748, ""initial_delta"": 0.33}"
tusLarge3,exhaustive,t_1934eacab8c57857____c18_0____0_fair.csv,10,505,66,10,True,0.3067,1.0,0.019801980198019802,0.019801980198019802,152.9685828089714,152.9685828089714,t_1934eacab8c57857____c19_0____0__t_1934eacab8c57857____c10_0____1_fair.csv;t_1934eacab8c57857____c19_0____0.csv;t_1934eacab8c57857____c18_1____0__t_1934eacab8c57857____c18_0____3_fair.csv;t_1934eacab8c57857____c18_1____0__t_1934eacab8c57857____c18_0____0_fair.csv;t_1934eacab8c57857____c18_1____0__t_1934eacab8c57857____c11_0____3_fair.csv;t_1934eacab8c57857____c18_1____1__t_1934eacab8c57857____c18_0____0_fair.csv;t_1934eacab8c57857____c16_1____0__t_1934eacab8c57857____c18_0____0_fair.csv;t_1934eacab8c57857____c15_1____3__t_1934eacab8c57857____c18_0____0_fair.csv;t_1934eacab8c57857____c13_1____0__t_1934eacab8c57857____c18_0____0_fair.csv;t_1934eacab8c57857____c13_0____0__t_1934eacab8c57857____c18_0____0_fair.csv,"{""needs_fairification"": true, ""success"": true, ""swaps_made"": 5, ""initial_fairness"": 0.0864, ""initial_delta"": 0.31}"
tusLarge3,exhaustive,t_1934eacab8c57857____c18_0____0_fair.csv,20,505,66,20,True,0.2958,1.0,0.039603960396039604,0.039603960396039604,317.8235704302788,317.8235704302788,t_1934eacab8c57857____c19_0____0__t_1934eacab8c57857____c10_0____1_fair.csv;t_1934eacab8c57857____c19_0____0.csv;t_1934eacab8c57857____c18_1____0__t_1934eacab8c57857____c18_0____0_fair.csv;t_1934eacab8c57857____c18_1____0__t_1934eacab8c57857____c10_0____1_fair.csv;t_1934eacab8c57857____c18_1____0.csv;t_1934eacab8c57857____c18_0____1.csv;t_1934eacab8c57857____c17_1____0__t_1934eacab8c57857____c8_1____3_fair.csv;t_1934eacab8c57857____c17_1____0__t_1934eacab8c57857____c18_0____0_fair.csv;t_1934eacab8c57857____c17_1____0__t_1934eacab8c57857____c10_0____1_fair.csv;t_1934eacab8c57857____c17_1____0.csv;t_1934eacab8c57857____c18_0____1__t_1934eacab8c57857____c8_1____3_fair.csv;t_1934eacab8c57857____c18_0____1__t_1934eacab8c57857____c18_0____0_fair.csv;t_1934eacab8c57857____c19_0____1__t_1934eacab8c57857____c18_0____0_fair.csv;t_1934eacab8c57857____c17_0____0__t_1934eacab8c57857____c18_0____0_fair.csv;t_1934eacab8c57857____c18_1____1__t_1934eacab8c57857____c18_0____0_fair.csv;t_1934eacab8c57857____c17_1____1__t_1934eacab8c57857____c18_0____0_fair.csv;t_1934eacab8c57857____c16_1____0__t_1934eacab8c57857____c18_0____0_fair.csv;t_1934eacab8c57857____c15_1____3__t_1934eacab8c57857____c18_0____0_fair.csv;t_1934eacab8c57857____c13_1____0__t_1934eacab8c57857____c18_0____0_fair.csv;t_1934eacab8c57857____c13_0____0__t_1934eacab8c57857____c18_0____0_fair.csv,"{""needs_fairification"": true, ""success"": true, ""swaps_made"": 9, ""initial_fairness"": 0.0825, ""initial_delta"": 0.32}"
tusLarge3,exhaustive,t_285b3bcd52ec0c86____c6_0____0_fair.csv,5,652,196,5,True,0.325,0.4,0.003067484662576687,0.007668711656441718,26.265838384628296,26.265838384628296,t_285b3bcd52ec0c86____c6_0____1.csv;t_285b3bcd52ec0c86____c6_0____1__t_285b3bcd52ec0c86____c6_0____0_fair.csv;t_285b3bcd52ec0c86____c8_0____3__t_285b3bcd52ec0c86____c9_0____2_fair.csv;t_285b3bcd52ec0c86____c8_0____3__t_285b3bcd52ec0c86____c12_0____1_fair.csv;t_ece0594e0480a1ed____c5_1____4__t_ece0594e0480a1ed____c5_1____3_fair.csv,"{""needs_fairification"": true, ""success"": true, ""swaps_made"": 1, ""initial_fairness"": 0.009, ""initial_delta"": 0.39}"
tusLarge3,exhaustive,t_285b3bcd52ec0c86____c6_0____0_fair.csv,10,652,196,10,True,0.3772,0.6,0.009202453987730062,0.015337423312883436,49.66154444217682,49.66154444217682,t_285b3bcd52ec0c86____c6_0____1.csv;t_285b3bcd52ec0c86____c6_0____1__t_285b3bcd52ec0c86____c6_0____0_fair.csv;t_285b3bcd52ec0c86____c8_0____3__t_285b3bcd52ec0c86____c9_0____2_fair.csv;t_285b3bcd52ec0c86____c8_0____3.csv;t_285b3bcd52ec0c86____c9_1____0__t_285b3bcd52ec0c86____c9_1____4_fair.csv;t_285b3bcd52ec0c86____c9_1____0__t_285b3bcd52ec0c86____c9_0____2_fair.csv;t_285b3bcd52ec0c86____c9_1____0__t_285b3bcd52ec0c86____c6_0____0_fair.csv;t_285b3bcd52ec0c86____c9_1____0__t_285b3bcd52ec0c86____c20_1____2_fair.csv;t_ece0594e0480a1ed____c5_1____4__t_ece0594e0480a1ed____c5_1____3_fair.csv;t_ece0594e0480a1ed____c2_0____0__t_ece0594e0480a1ed____c5_1____3_fair.csv,"{""needs_fairification"": true, ""success"": true, ""swaps_made"": 2, ""initial_fairness"": 0.0142, ""initial_delta"": 0.39}"
tusLarge3,exhaustive,t_285b3bcd52ec0c86____c6_0____0_fair.csv,20,652,196,20,True,0.3178,0.5,0.015337423312883436,0.03067484662576687,100.8414517045021,100.8414517045021,t_285b3bcd52ec0c86____c6_0____1.csv;t_285b3bcd52ec0c86____c6_0____1__t_285b3bcd52ec0c86____c6_0____0_fair.csv;t_285b3bcd52ec0c86____c8_0____3__t_285b3bcd52ec0c86____c9_0____2_fair.csv;t_285b3bcd52ec0c86____c8_0____3__t_285b3bcd52ec0c86____c20_1____2_fair.csv;t_285b3bcd52ec0c86____c8_0____3__t_285b3bcd52ec0c86____c12_0____1_fair.csv;t_285b3bcd52ec0c86____c8_0____3.csv;t_285b3bcd52ec0c86____c9_1____0__t_285b3bcd52ec0c86____c9_1____4_fair.csv;t_285b3bcd52ec0c86____c9_1____0__t_285b3bcd52ec0c86____c9_0____2_fair.csv;t_285b3bcd52ec0c86____c9_1____0__t_285b3bcd52ec0c86____c6_0____0_fair.csv;t_285b3bcd52ec0c86____c9_1____0__t_285b3bcd52ec0c86____c20_1____2_fair.csv;t_285b3bcd52ec0c86____c9_1____0__t_285b3bcd52ec0c86____c17_1____0_fair.csv;t_285b3bcd52ec0c86____c9_1____0__t_285b3bcd52ec0c86____c12_0____1_fair.csv;t_285b3bcd52ec0c86____c6_0____2.csv;t_285b3bcd52ec0c86____c7_0____4.csv;t_285b3bcd52ec0c86____c6_0____2__t_285b3bcd52ec0c86____c6_0____0_fair.csv;t_285b3bcd52ec0c86____c7_0____0.csv;t_285b3bcd52ec0c86____c7_0____4__t_285b3bcd52ec0c86____c17_1____0_fair.csv;t_ece0594e0480a1ed____c5_1____4__t_ece0594e0480a1ed____c5_1____3_fair.csv;t_ece0594e0480a1ed____c3_0____2__t_ece0594e0480a1ed____c5_1____3_fair.csv;t_ece0594e0480a1ed____c2_0____0__t_ece0594e0480a1ed____c5_1____3_fair.csv,"{""needs_fairification"": true, ""success"": true, ""swaps_made"": 3, ""initial_fairness"": 0.0093, ""initial_delta"": 0.39}"
tusLarge3,exhaustive,t_285b3bcd52ec0c86____c7_1____2_fair.csv,5,720,149,5,True,0.3474,1.0,0.006944444444444444,0.006944444444444444,34.039110362529755,34.039110362529755,t_285b3bcd52ec0c86____c7_1____1__t_285b3bcd52ec0c86____c9_1____4_fair.csv;t_285b3bcd52ec0c86____c7_1____3__t_285b3bcd52ec0c86____c9_1____4_fair.csv;t_285b3bcd52ec0c86____c7_1____3__t_285b3bcd52ec0c86____c7_1____2_fair.csv;t_285b3bcd52ec0c86____c7_1____3__t_285b3bcd52ec0c86____c20_1____2_fair.csv;t_285b3bcd52ec0c86____c8_0____4__t_285b3bcd52ec0c86____c16_0____3_fair.csv,"{""needs_fairification"": true, ""success"": true, ""swaps_made"": 1, ""initial_fairness"": 0.0757, ""initial_delta"": 0.32}"
tusLarge3,exhaustive,t_285b3bcd52ec0c86____c7_1____2_fair.csv,10,720,149,10,True,0.3438,1.0,0.013888888888888888,0.013888888888888888,68.0141133069992,68.0141133069992,t_285b3bcd52ec0c86____c7_1____3__t_285b3bcd52ec0c86____c9_1____4_fair.csv;t_285b3bcd52ec0c86____c7_1____3__t_285b3bcd52ec0c86____c7_1____2_fair.csv;t_285b3bcd52ec0c86____c7_1____3__t_285b3bcd52ec0c86____c20_1____2_fair.csv;t_285b3bcd52ec0c86____c7_1____3__t_285b3bcd52ec0c86____c17_1____0_fair.csv;t_285b3bcd52ec0c86____c7_1____1__t_285b3bcd52ec0c86____c9_0____2_fair.csv;t_285b3bcd52ec0c86____c7_1____1__t_285b3bcd52ec0c86____c20_1____2_fair.csv;t_285b3bcd52ec0c86____c7_1____1__t_285b3bcd52ec0c86____c17_1____0_fair.csv;t_285b3bcd52ec0c86____c7_1____1.csv;t_285b3bcd52ec0c86____c8_0____4__t_285b3bcd52ec0c86____c16_0____3_fair.csv;t_285b3bcd52ec0c86____c8_0____0__t_285b3bcd52ec0c86____c7_1____2_fair.csv,"{""needs_fairification"": true, ""success"": true, ""swaps_made"": 2, ""initial_fairness"": 0.0572, ""initial_delta"": 0.34}"
tusLarge3,exhaustive,t_285b3bcd52ec0c86____c7_1____2_fair.csv,20,720,149,0,False,0.433,,0.0,0.027777777777777776,0,0.0,,"{""needs_fairification"": true, ""success"": false, ""swaps_made"": 3, ""initial_fairness"": 0.0328, ""initial_delta"": 0.37}"
tusLarge3,exhaustive,t_285b3bcd52ec0c86____c12_0____1_fair.csv,5,725,96,5,True,0.2969,1.0,0.006896551724137931,0.006896551724137931,57.67794060707092,57.67794060707092,t_285b3bcd52ec0c86____c12_0____0__t_285b3bcd52ec0c86____c12_0____1_fair.csv;t_285b3bcd52ec0c86____c12_0____0.csv;t_285b3bcd52ec0c86____c12_0____0__t_285b3bcd52ec0c86____c9_1____4_fair.csv;t_285b3bcd52ec0c86____c12_0____0__t_285b3bcd52ec0c86____c9_0____2_fair.csv;t_285b3bcd52ec0c86____c11_1____0__t_285b3bcd52ec0c86____c12_0____1_fair.csv,"{""needs_fairification"": true, ""success"": true, ""swaps_made"": 1, ""initial_fairness"": 0.1667, ""initial_delta"": 0.23}"
tusLarge3,exhaustive,t_285b3bcd52ec0c86____c12_0____1_fair.csv,10,725,96,10,True,0.2958,0.7,0.009655172413793104,0.013793103448275862,112.82693022489548,112.82693022489548,t_285b3bcd52ec0c86____c12_0____0__t_285b3bcd52ec0c86____c12_0____1_fair.csv;t_285b3bcd52ec0c86____c12_0____0.csv;t_285b3bcd52ec0c86____c12_0____0__t_285b3bcd52ec0c86____c9_1____4_fair.csv;t_285b3bcd52ec0c86____c12_0____0__t_285b3bcd52ec0c86____c16_0____3_fair.csv;t_285b3bcd52ec0c86____c12_0____4__t_285b3bcd52ec0c86____c12_0____1_fair.csv;PED_YT_DTL_SNF____c12_0____2__PED_YT_DTL_SNF____c22_0____2_fair.csv;PED_YT_DTL_SNF____c12_0____2__PED_YT_DTL_SNF____c18_1____1_fair.csv;t_285b3bcd52ec0c86____c11_1____0__t_285b3bcd52ec0c86____c16_0____3_fair.csv;t_285b3bcd52ec0c86____c11_1____0__t_285b3bcd52ec0c86____c12_0____1_fair.csv;PED_SK_DTL_SNF____c10_0____2.csv,"{""needs_fairification"": true, ""success"": true, ""swaps_made"": 7, ""initial_fairness"": 0.0811, ""initial_delta"": 0.32}"
tusLarge3,exhaustive,t_285b3bcd52ec0c86____c12_0____1_fair.csv,20,725,96,0,False,0.4396,,0.0,0.027586206896551724,0,0.0,,"{""needs_fairification"": true, ""success"": false, ""swaps_made"": 12, ""initial_fairness"": 0.0405, ""initial_delta"": 0.36}"
tusLarge3,exhaustive,t_285b3bcd52ec0c86____c9_0____2_fair.csv,5,729,113,5,True,0.3052,0.6,0.00411522633744856,0.006858710562414266,43.8469415307045,43.8469415307045,t_285b3bcd52ec0c86____c11_1____2__t_285b3bcd52ec0c86____c9_0____2_fair.csv;t_285b3bcd52ec0c86____c11_1____2__t_285b3bcd52ec0c86____c20_1____2_fair.csv;t_285b3bcd52ec0c86____c11_1____2__t_285b3bcd52ec0c86____c12_0____1_fair.csv;PED_SK_DTL_SNF____c10_1____3__PED_SK_DTL_SNF____c23_0____0_fair.csv;PED_SK_DTL_SNF____c10_1____0__PED_SK_DTL_SNF____c23_0____0_fair.csv,"{""needs_fairification"": true, ""success"": true, ""swaps_made"": 2, ""initial_fairness"": 0.1644, ""initial_delta"": 0.24}"
tusLarge3,exhaustive,t_285b3bcd52ec0c86____c9_0____2_fair.csv,10,729,113,10,True,0.3268,0.7,0.009602194787379973,0.013717421124828532,87.56909877061844,87.56909877061844,t_285b3bcd52ec0c86____c11_1____2__t_285b3bcd52ec0c86____c9_0____2_fair.csv;t_285b3bcd52ec0c86____c11_1____2__t_285b3bcd52ec0c86____c20_1____2_fair.csv;t_285b3bcd52ec0c86____c11_1____2__t_285b3bcd52ec0c86____c12_0____1_fair.csv;t_285b3bcd52ec0c86____c11_1____2__t_285b3bcd52ec0c86____c17_1____0_fair.csv;t_285b3bcd52ec0c86____c9_0____3__t_285b3bcd52ec0c86____c9_0____2_fair.csv;PED_SK_DTL_SNF____c10_1____3__PED_SK_DTL_SNF____c23_0____0_fair.csv;PED_SK_DTL_SNF____c10_1____4__PED_SK_DTL_SNF____c23_0____0_fair.csv;t_285b3bcd52ec0c86____c11_1____4__t_285b3bcd52ec0c86____c9_0____2_fair.csv;t_285b3bcd52ec0c86____c9_0____0__t_285b3bcd52ec0c86____c9_0____2_fair.csv;PED_SK_DTL_SNF____c10_1____0__PED_SK_DTL_SNF____c23_0____0_fair.csv,"{""needs_fairification"": true, ""success"": true, ""swaps_made"": 5, ""initial_fairness"": 0.1346, ""initial_delta"": 0.27}"
tusLarge3,exhaustive,t_285b3bcd52ec0c86____c9_0____2_fair.csv,20,729,113,20,True,0.2979,0.8,0.02194787379972565,0.027434842249657063,170.47307205200195,170.47307205200195,t_285b3bcd52ec0c86____c11_1____2__t_285b3bcd52ec0c86____c9_1____4_fair.csv;t_285b3bcd52ec0c86____c11_1____2__t_285b3bcd52ec0c86____c9_0____2_fair.csv;t_285b3bcd52ec0c86____c11_1____2__t_285b3bcd52ec0c86____c20_1____2_fair.csv;t_285b3bcd52ec0c86____c11_1____2__t_285b3bcd52ec0c86____c12_0____1_fair.csv;t_285b3bcd52ec0c86____c11_1____2__t_285b3bcd52ec0c86____c17_1____0_fair.csv;t_285b3bcd52ec0c86____c9_0____3__t_285b3bcd52ec0c86____c9_0____2_fair.csv;t_285b3bcd52ec0c86____c9_0____3__t_285b3bcd52ec0c86____c6_0____0_fair.csv;t_285b3bcd52ec0c86____c11_1____2__t_285b3bcd52ec0c86____c16_0____3_fair.csv;PED_SK_DTL_SNF____c10_1____3__PED_SK_DTL_SNF____c23_0____0_fair.csv;PED_SK_DTL_SNF____c10_1____4__PED_SK_DTL_SNF____c23_0____0_fair.csv;t_285b3bcd52ec0c86____c11_1____4__t_285b3bcd52ec0c86____c9_0____2_fair.csv;t_285b3bcd52ec0c86____c9_0____0__t_285b3bcd52ec0c86____c9_0____2_fair.csv;t_285b3bcd52ec0c86____c11_1____3__t_285b3bcd52ec0c86____c9_0____2_fair.csv;PED_SK_DTL_SNF____c10_1____2__PED_SK_DTL_SNF____c23_0____0_fair.csv;t_285b3bcd52ec0c86____c9_0____1__t_285b3bcd52ec0c86____c9_0____2_fair.csv;PED_SK_DTL_SNF____c10_1____0__PED_SK_DTL_SNF____c23_0____0_fair.csv;t_285b3bcd52ec0c86____c12_1____2__t_285b3bcd52ec0c86____c9_0____2_fair.csv;t_285b3bcd52ec0c86____c8_1____2__t_285b3bcd52ec0c86____c9_0____2_fair.csv;t_285b3bcd52ec0c86____c8_1____3__t_285b3bcd52ec0c86____c9_0____2_fair.csv;t_285b3bcd52ec0c86____c7_1____3__t_285b3bcd52ec0c86____c9_0____2_fair.csv,"{""needs_fairification"": true, ""success"": true, ""swaps_made"": 11, ""initial_fairness"": 0.0994, ""initial_delta"": 0.3}"
tusLarge3,exhaustive,t_28dc8f7610402ea7____c3_0____3_fair.csv,5,130,226,5,True,0.3254,1.0,0.038461538461538464,0.038461538461538464,14.132056474685669,14.132056474685669,t_28dc8f7610402ea7____c3_0____1__t_28dc8f7610402ea7____c3_0____3_fair.csv;t_28dc8f7610402ea7____c3_0____2__t_28dc8f7610402ea7____c3_0____3_fair.csv;t_28dc8f7610402ea7____c3_0____0__t_28dc8f7610402ea7____c3_0____3_fair.csv;t_28dc8f7610402ea7____c3_0____2.csv;t_28dc8f7610402ea7____c3_0____0.csv,"{""needs_fairification"": false, ""success"": true, ""swaps_made"": 0, ""initial_fairness"": 0.3254, ""initial_delta"": 0.07}"
tusLarge3,exhaustive,t_28dc8f7610402ea7____c3_0____3_fair.csv,10,130,226,10,True,0.3227,1.0,0.07692307692307693,0.07692307692307693,26.878089368343353,26.878089368343353,t_28dc8f7610402ea7____c3_0____1__t_28dc8f7610402ea7____c3_0____3_fair.csv;t_28dc8f7610402ea7____c3_0____2__t_28dc8f7610402ea7____c3_0____3_fair.csv;t_28dc8f7610402ea7____c3_0____0__t_28dc8f7610402ea7____c3_0____3_fair.csv;t_28dc8f7610402ea7____c3_0____2.csv;t_28dc8f7610402ea7____c3_0____0.csv;t_28dc8f7610402ea7____c3_0____1.csv;t_28dc8f7610402ea7____c3_0____4.csv;t_28dc8f7610402ea7____c3_0____4__t_28dc8f7610402ea7____c3_0____3_fair.csv;t_28dc8f7610402ea7____c6_0____3__t_28dc8f7610402ea7____c3_0____3_fair.csv;t_28dc8f7610402ea7____c6_0____1__t_28dc8f7610402ea7____c3_0____3_fair.csv,"{""needs_fairification"": true, ""success"": true, ""swaps_made"": 2, ""initial_fairness"": 0.2272, ""initial_delta"": 0.17}"
tusLarge3,exhaustive,t_28dc8f7610402ea7____c3_0____3_fair.csv,20,130,226,20,True,0.3088,0.6,0.09230769230769231,0.15384615384615385,44.63291448354721,44.63291448354721,t_28dc8f7610402ea7____c3_0____1__t_28dc8f7610402ea7____c3_0____3_fair.csv;t_28dc8f7610402ea7____c3_0____2__t_28dc8f7610402ea7____c3_0____3_fair.csv;t_28dc8f7610402ea7____c3_0____0__t_28dc8f7610402ea7____c3_0____3_fair.csv;t_28dc8f7610402ea7____c3_0____2.csv;t_28dc8f7610402ea7____c3_0____0.csv;t_28dc8f7610402ea7____c3_0____1.csv;t_28dc8f7610402ea7____c3_0____4.csv;t_28dc8f7610402ea7____c3_0____4__t_28dc8f7610402ea7____c3_0____3_fair.csv;t_28dc8f7610402ea7____c4_1____3.csv;t_6c551d740feb0608____c4_1____1__t_6c551d740feb0608____c5_1____1_fair.csv;PED_YT_DTL_SNF____c4_0____0.csv;t_28dc8f7610402ea7____c6_0____2__t_28dc8f7610402ea7____c3_0____3_fair.csv;t_28dc8f7610402ea7____c6_0____3__t_28dc8f7610402ea7____c3_0____3_fair.csv;PED_YT_DTL_SNF____c7_1____1__PED_YT_DTL_SNF____c22_0____2_fair.csv;t_28dc8f7610402ea7____c6_0____1__t_28dc8f7610402ea7____c3_0____3_fair.csv;t_014c2259cce4ab13____c2_0____2.csv;t_014c2259cce4ab13____c2_0____2__t_014c2259cce4ab13____c27_0____4_fair.csv;CTA_Ridership_Avg_Weekday_Bus_Stop_Boardings_in_October_2012____c1_0____3.csv;t_bd6030667b3d0d9a____c1_0____3__t_bd6030667b3d0d9a____c1_0____1_fair.csv;t_bd6030667b3d0d9a____c1_0____3__t_bd6030667b3d0d9a____c1_0____0_fair.csv,"{""needs_fairification"": true, ""success"": true, ""swaps_made"": 10, ""initial_fairness"": 0.1298, ""initial_delta"": 0.27}"
tusLarge3,exhaustive,t_240c872e361b3c8e____c18_0____2_fair.csv,5,302,60,5,True,0.3927,1.0,0.016556291390728478,0.016556291390728478,88.32658439874649,88.32658439874649,t_240c872e361b3c8e____c18_1____2__t_240c872e361b3c8e____c5_1____3_fair.csv;t_240c872e361b3c8e____c18_1____2__t_240c872e361b3c8e____c1_0____2_fair.csv;t_240c872e361b3c8e____c18_1____2__t_240c872e361b3c8e____c18_1____4_fair.csv;t_240c872e361b3c8e____c18_1____2__t_240c872e361b3c8e____c18_0____2_fair.csv;t_240c872e361b3c8e____c18_1____2.csv,"{""needs_fairification"": false, ""success"": true, ""swaps_made"": 0, ""initial_fairness"": 0.3927, ""initial_delta"": 0.01}"
tusLarge3,exhaustive,t_240c872e361b3c8e____c18_0____2_fair.csv,10,302,60,10,True,0.3614,1.0,0.033112582781456956,0.033112582781456956,173.53324961662292,173.53324961662292,t_240c872e361b3c8e____c18_1____2__t_240c872e361b3c8e____c5_1____3_fair.csv;t_240c872e361b3c8e____c18_1____2__t_240c872e361b3c8e____c1_0____2_fair.csv;t_240c872e361b3c8e____c18_1____2__t_240c872e361b3c8e____c18_1____4_fair.csv;t_240c872e361b3c8e____c18_1____2__t_240c872e361b3c8e____c18_0____2_fair.csv;t_240c872e361b3c8e____c18_1____2.csv;t_240c872e361b3c8e____c20_0____3__t_240c872e361b3c8e____c1_0____2_fair.csv;t_240c872e361b3c8e____c20_0____3__t_240c872e361b3c8e____c18_0____2_fair.csv;t_240c872e361b3c8e____c20_0____3.csv;t_240c872e361b3c8e____c18_1____1__t_240c872e361b3c8e____c18_1____4_fair.csv;t_240c872e361b3c8e____c17_1____0__t_240c872e361b3c8e____c18_1____4_fair.csv,"{""needs_fairification"": true, ""success"": true, ""swaps_made"": 2, ""initial_fairness"": 0.2136, ""initial_delta"": 0.19}"
tusLarge3,exhaustive,t_240c872e361b3c8e____c18_0____2_fair.csv,20,302,60,20,True,0.2955,0.9,0.059602649006622516,0.06622516556291391,343.6851255297661,343.6851255297661,t_240c872e361b3c8e____c18_1____2__t_240c872e361b3c8e____c5_1____3_fair.csv;t_240c872e361b3c8e____c18_1____2__t_240c872e361b3c8e____c1_0____2_fair.csv;t_240c872e361b3c8e____c18_1____2__t_240c872e361b3c8e____c18_1____4_fair.csv;t_240c872e361b3c8e____c18_1____2__t_240c872e361b3c8e____c18_0____2_fair.csv;t_240c872e361b3c8e____c18_1____2.csv;t_240c872e361b3c8e____c20_0____3__t_240c872e361b3c8e____c5_1____3_fair.csv;t_240c872e361b3c8e____c20_0____3__t_240c872e361b3c8e____c1_0____2_fair.csv;t_240c872e361b3c8e____c20_0____3__t_240c872e361b3c8e____c18_0____2_fair.csv;t_240c872e361b3c8e____c20_0____3.csv;t_240c872e361b3c8e____c19_1____3.csv;t_240c872e361b3c8e____c20_0____0__t_240c872e361b3c8e____c18_1____4_fair.csv;t_240c872e361b3c8e____c20_0____0__t_240c872e361b3c8e____c18_0____2_fair.csv;t_240c872e361b3c8e____c20_0____0.csv;t_240c872e361b3c8e____c19_1____0__t_240c872e361b3c8e____c5_1____3_fair.csv;t_240c872e361b3c8e____c18_0____1__t_240c872e361b3c8e____c1_0____2_fair.csv;t_240c872e361b3c8e____c18_1____1__t_240c872e361b3c8e____c5_1____3_fair.csv;t_240c872e361b3c8e____c18_1____1__t_240c872e361b3c8e____c1_0____2_fair.csv;t_240c872e361b3c8e____c18_1____1__t_240c872e361b3c8e____c18_1____4_fair.csv;t_240c872e361b3c8e____c17_1____0__t_240c872e361b3c8e____c18_1____4_fair.csv;t_240c872e361b3c8e____c17_1____2__t_240c872e361b3c8e____c18_1____4_fair.csv,"{""needs_fairification"": true, ""success"": true, ""swaps_made"": 6, ""initial_fairness"": 0.1096, ""initial_delta"": 0.29}"
tusLarge3,exhaustive,t_285b3bcd52ec0c86____c9_1____4_fair.csv,5,773,124,5,True,0.3993,1.0,0.00646830530401035,0.00646830530401035,44.18992406129837,44.18992406129837,t_285b3bcd52ec0c86____c9_1____1__t_285b3bcd52ec0c86____c9_1____4_fair.csv;t_285b3bcd52ec0c86____c9_1____1__t_285b3bcd52ec0c86____c6_0____0_fair.csv;t_285b3bcd52ec0c86____c9_1____1__t_285b3bcd52ec0c86____c20_1____2_fair.csv;t_285b3bcd52ec0c86____c9_1____1__t_285b3bcd52ec0c86____c17_1____0_fair.csv;t_285b3bcd52ec0c86____c9_0____0__t_285b3bcd52ec0c86____c17_1____0_fair.csv,"{""needs_fairification"": true, ""success"": true, ""swaps_made"": 1, ""initial_fairness"": 0.2532, ""initial_delta"": 0.15}"
tusLarge3,exhaustive,t_285b3bcd52ec0c86____c9_1____4_fair.csv,10,773,124,10,True,0.3509,1.0,0.0129366106080207,0.0129366106080207,88.7511328458786,88.7511328458786,t_285b3bcd52ec0c86____c9_1____1__t_285b3bcd52ec0c86____c9_1____4_fair.csv;t_285b3bcd52ec0c86____c9_1____1__t_285b3bcd52ec0c86____c9_0____2_fair.csv;t_285b3bcd52ec0c86____c9_1____1__t_285b3bcd52ec0c86____c6_0____0_fair.csv;t_285b3bcd52ec0c86____c9_1____1__t_285b3bcd52ec0c86____c20_1____2_fair.csv;t_285b3bcd52ec0c86____c9_1____1__t_285b3bcd52ec0c86____c17_1____0_fair.csv;t_285b3bcd52ec0c86____c9_1____1__t_285b3bcd52ec0c86____c12_0____1_fair.csv;t_285b3bcd52ec0c86____c9_1____2__t_285b3bcd52ec0c86____c9_1____4_fair.csv;t_285b3bcd52ec0c86____c9_1____2__t_285b3bcd52ec0c86____c9_0____2_fair.csv;t_285b3bcd52ec0c86____c9_1____2__t_285b3bcd52ec0c86____c6_0____0_fair.csv;t_285b3bcd52ec0c86____c9_0____0__t_285b3bcd52ec0c86____c17_1____0_fair.csv,"{""needs_fairification"": true, ""success"": true, ""swaps_made"": 1, ""initial_fairness"": 0.2217, ""initial_delta"": 0.18}"
tusLarge3,exhaustive,t_285b3bcd52ec0c86____c9_1____4_fair.csv,20,773,124,20,True,0.3246,1.0,0.0258732212160414,0.0258732212160414,177.21397233009338,177.21397233009338,t_285b3bcd52ec0c86____c9_1____1__t_285b3bcd52ec0c86____c9_1____4_fair.csv;t_285b3bcd52ec0c86____c9_1____1__t_285b3bcd52ec0c86____c9_0____2_fair.csv;t_285b3bcd52ec0c86____c9_1____1__t_285b3bcd52ec0c86____c6_0____0_fair.csv;t_285b3bcd52ec0c86____c9_1____1__t_285b3bcd52ec0c86____c20_1____2_fair.csv;t_285b3bcd52ec0c86____c9_1____1__t_285b3bcd52ec0c86____c17_1____0_fair.csv;t_285b3bcd52ec0c86____c9_1____1__t_285b3bcd52ec0c86____c12_0____1_fair.csv;t_285b3bcd52ec0c86____c9_1____2__t_285b3bcd52ec0c86____c16_0____3_fair.csv;t_285b3bcd52ec0c86____c9_1____2__t_285b3bcd52ec0c86____c9_1____4_fair.csv;t_285b3bcd52ec0c86____c9_1____2__t_285b3bcd52ec0c86____c9_0____2_fair.csv;t_285b3bcd52ec0c86____c9_1____2__t_285b3bcd52ec0c86____c6_0____0_fair.csv;t_285b3bcd52ec0c86____c9_1____2__t_285b3bcd52ec0c86____c20_1____2_fair.csv;t_285b3bcd52ec0c86____c9_1____2__t_285b3bcd52ec0c86____c17_1____0_fair.csv;t_285b3bcd52ec0c86____c9_1____2__t_285b3bcd52ec0c86____c12_0____1_fair.csv;t_285b3bcd52ec0c86____c9_1____1__t_285b3bcd52ec0c86____c16_0____3_fair.csv;t_285b3bcd52ec0c86____c9_1____3__t_285b3bcd52ec0c86____c9_1____4_fair.csv;t_285b3bcd52ec0c86____c9_1____3__t_285b3bcd52ec0c86____c9_0____2_fair.csv;t_285b3bcd52ec0c86____c9_1____3__t_285b3bcd52ec0c86____c6_0____0_fair.csv;t_285b3bcd52ec0c86____c9_1____3__t_285b3bcd52ec0c86____c20_1____2_fair.csv;t_285b3bcd52ec0c86____c9_0____0__t_285b3bcd52ec0c86____c9_1____4_fair.csv;t_285b3bcd52ec0c86____c9_0____0__t_285b3bcd52ec0c86____c17_1____0_fair.csv,"{""needs_fairification"": true, ""success"": true, ""swaps_made"": 2, ""initial_fairness"": 0.1586, ""initial_delta"": 0.24}"
tusLarge3,exhaustive,t_28dc8f7610402ea7____c9_0____0_fair.csv,5,92,137,5,True,0.2968,1.0,0.05434782608695652,0.05434782608695652,42.130475997924805,42.130475997924805,t_28dc8f7610402ea7____c9_0____4__t_28dc8f7610402ea7____c9_0____0_fair.csv;t_28dc8f7610402ea7____c9_0____4__t_28dc8f7610402ea7____c3_0____3_fair.csv;t_28dc8f7610402ea7____c9_0____2.csv;t_28dc8f7610402ea7____c9_0____2__t_28dc8f7610402ea7____c9_0____0_fair.csv;t_28dc8f7610402ea7____c9_0____2__t_28dc8f7610402ea7____c3_0____3_fair.csv,"{""needs_fairification"": false, ""success"": true, ""swaps_made"": 0, ""initial_fairness"": 0.2968, ""initial_delta"": 0.1}"
tusLarge3,exhaustive,t_28dc8f7610402ea7____c9_0____0_fair.csv,10,92,137,10,True,0.3138,1.0,0.10869565217391304,0.10869565217391304,81.65511077642441,81.65511077642441,t_28dc8f7610402ea7____c9_0____4__t_28dc8f7610402ea7____c9_0____0_fair.csv;t_28dc8f7610402ea7____c9_0____4__t_28dc8f7610402ea7____c3_0____3_fair.csv;t_28dc8f7610402ea7____c9_0____2.csv;t_28dc8f7610402ea7____c9_0____2__t_28dc8f7610402ea7____c9_0____0_fair.csv;t_28dc8f7610402ea7____c9_0____2__t_28dc8f7610402ea7____c3_0____3_fair.csv;t_28dc8f7610402ea7____c9_0____3__t_28dc8f7610402ea7____c9_0____0_fair.csv;t_28dc8f7610402ea7____c9_0____3__t_28dc8f7610402ea7____c3_0____3_fair.csv;t_28dc8f7610402ea7____c9_0____4.csv;t_28dc8f7610402ea7____c9_0____1__t_28dc8f7610402ea7____c9_0____0_fair.csv;t_28dc8f7610402ea7____c7_1____1__t_28dc8f7610402ea7____c9_0____0_fair.csv,"{""needs_fairification"": true, ""success"": true, ""swaps_made"": 1, ""initial_fairness"": 0.2811, ""initial_delta"": 0.12}"
tusLarge3,exhaustive,t_28dc8f7610402ea7____c9_0____0_fair.csv,20,92,137,20,True,0.2961,0.85,0.18478260869565216,0.21739130434782608,149.0287003517151,149.0287003517151,t_28dc8f7610402ea7____c9_0____4__t_28dc8f7610402ea7____c9_0____0_fair.csv;t_28dc8f7610402ea7____c9_0____4__t_28dc8f7610402ea7____c3_0____3_fair.csv;t_28dc8f7610402ea7____c9_0____2.csv;t_28dc8f7610402ea7____c9_0____2__t_28dc8f7610402ea7____c9_0____0_fair.csv;t_28dc8f7610402ea7____c9_0____2__t_28dc8f7610402ea7____c3_0____3_fair.csv;t_28dc8f7610402ea7____c9_0____3__t_28dc8f7610402ea7____c9_0____0_fair.csv;t_28dc8f7610402ea7____c9_0____3__t_28dc8f7610402ea7____c3_0____3_fair.csv;t_28dc8f7610402ea7____c9_0____4.csv;t_28dc8f7610402ea7____c9_0____3.csv;t_28dc8f7610402ea7____c9_0____1__t_28dc8f7610402ea7____c9_0____0_fair.csv;t_28dc8f7610402ea7____c9_0____1__t_28dc8f7610402ea7____c3_0____3_fair.csv;t_014c2259cce4ab13____c9_1____4.csv;t_014c2259cce4ab13____c9_1____2.csv;t_014c2259cce4ab13____c12_0____0.csv;t_28dc8f7610402ea7____c7_0____4__t_28dc8f7610402ea7____c9_0____0_fair.csv;t_28dc8f7610402ea7____c7_1____2__t_28dc8f7610402ea7____c9_0____0_fair.csv;t_28dc8f7610402ea7____c7_1____4__t_28dc8f7610402ea7____c9_0____0_fair.csv;t_28dc8f7610402ea7____c7_0____0__t_28dc8f7610402ea7____c9_0____0_fair.csv;t_28dc8f7610402ea7____c7_1____1__t_28dc8f7610402ea7____c9_0____0_fair.csv;t_28dc8f7610402ea7____c4_0____4__t_28dc8f7610402ea7____c9_0____0_fair.csv,"{""needs_fairification"": true, ""success"": true, ""swaps_made"": 6, ""initial_fairness"": 0.165, ""initial_delta"": 0.24}"
tusLarge3,exhaustive,t_285b3bcd52ec0c86____c16_0____3_fair.csv,5,741,66,0,False,0.452,,0.0,0.006747638326585695,0,0.0,,"{""needs_fairification"": true, ""success"": false, ""swaps_made"": 4, ""initial_fairness"": 0.0964, ""initial_delta"": 0.3}"
tusLarge3,exhaustive,t_285b3bcd52ec0c86____c16_0____3_fair.csv,10,741,66,0,False,0.452,,0.0,0.01349527665317139,0,0.0,,"{""needs_fairification"": true, ""success"": false, ""swaps_made"": 3, ""initial_fairness"": 0.0521, ""initial_delta"": 0.35}"
tusLarge3,exhaustive,t_285b3bcd52ec0c86____c16_0____3_fair.csv,20,741,66,0,False,0.452,,0.0,0.02699055330634278,0,0.0,,"{""needs_fairification"": true, ""success"": false, ""swaps_made"": 1, ""initial_fairness"": 0.0166, ""initial_delta"": 0.38}"
tusLarge3,exhaustive,t_356fc1eaad97f93b____c1_0____1_fair.csv,5,655,438,5,True,0.4344,0.8,0.0061068702290076335,0.007633587786259542,4.915170252323151,4.915170252323151,t_356fc1eaad97f93b____c1_0____3__t_356fc1eaad97f93b____c1_0____1_fair.csv;t_356fc1eaad97f93b____c1_0____0__t_356fc1eaad97f93b____c1_0____1_fair.csv;t_356fc1eaad97f93b____c1_0____4__t_356fc1eaad97f93b____c1_0____1_fair.csv;t_356fc1eaad97f93b____c1_0____2__t_356fc1eaad97f93b____c1_0____1_fair.csv;t_014c2259cce4ab13____c1_0____3__t_014c2259cce4ab13____c27_0____4_fair.csv,"{""needs_fairification"": false, ""success"": true, ""swaps_made"": 0, ""initial_fairness"": 0.4344, ""initial_delta"": -0.03}"
tusLarge3,exhaustive,t_356fc1eaad97f93b____c1_0____1_fair.csv,10,655,438,10,True,0.3258,0.4,0.0061068702290076335,0.015267175572519083,9.615484952926636,9.615484952926636,t_356fc1eaad97f93b____c1_0____3__t_356fc1eaad97f93b____c1_0____1_fair.csv;t_356fc1eaad97f93b____c1_0____0__t_356fc1eaad97f93b____c1_0____1_fair.csv;t_356fc1eaad97f93b____c1_0____4__t_356fc1eaad97f93b____c1_0____1_fair.csv;t_356fc1eaad97f93b____c1_0____2__t_356fc1eaad97f93b____c1_0____1_fair.csv;t_014c2259cce4ab13____c1_0____3__t_014c2259cce4ab13____c27_0____4_fair.csv;t_1d580f266b2a923b____c1_1____2__t_1d580f266b2a923b____c7_0____3_fair.csv;t_ca85e8f9eef5b9d5____c1_0____4__t_ca85e8f9eef5b9d5____c1_0____2_fair.csv;t_ca85e8f9eef5b9d5____c1_0____4__t_ca85e8f9eef5b9d5____c19_0____4_fair.csv;t_bd6030667b3d0d9a____c1_1____2__t_bd6030667b3d0d9a____c5_0____4_fair.csv;t_6047be0d6255e98d____c1_1____4__t_6047be0d6255e98d____c6_0____0_fair.csv,"{""needs_fairification"": true, ""success"": true, ""swaps_made"": 2, ""initial_fairness"": 0.2573, ""initial_delta"": 0.14}"
tusLarge3,exhaustive,t_356fc1eaad97f93b____c1_0____1_fair.csv,20,655,438,20,True,0.3257,0.2,0.0061068702290076335,0.030534351145038167,18.79659539461136,18.79659539461136,t_356fc1eaad97f93b____c1_0____3__t_356fc1eaad97f93b____c1_0____1_fair.csv;t_356fc1eaad97f93b____c1_0____0__t_356fc1eaad97f93b____c1_0____1_fair.csv;t_356fc1eaad97f93b____c1_0____4__t_356fc1eaad97f93b____c1_0____1_fair.csv;t_356fc1eaad97f93b____c1_0____2__t_356fc1eaad97f93b____c1_0____1_fair.csv;t_014c2259cce4ab13____c1_0____3__t_014c2259cce4ab13____c27_0____4_fair.csv;t_1d580f266b2a923b____c1_1____2__t_1d580f266b2a923b____c7_0____3_fair.csv;t_ca85e8f9eef5b9d5____c1_0____4__t_ca85e8f9eef5b9d5____c1_0____2_fair.csv;t_bd6030667b3d0d9a____c1_1____2__t_bd6030667b3d0d9a____c5_0____4_fair.csv;t_6047be0d6255e98d____c1_1____4__t_6047be0d6255e98d____c6_0____0_fair.csv;t_6047be0d6255e98d____c1_1____4__t_6047be0d6255e98d____c10_0____0_fair.csv;t_1d580f266b2a923b____c1_1____4__t_1d580f266b2a923b____c7_0____3_fair.csv;t_bd6030667b3d0d9a____c1_1____0__t_bd6030667b3d0d9a____c5_0____4_fair.csv;t_bd6030667b3d0d9a____c1_1____1__t_bd6030667b3d0d9a____c5_0____4_fair.csv;t_014c2259cce4ab13____c1_0____4__t_014c2259cce4ab13____c27_0____4_fair.csv;t_1d580f266b2a923b____c1_1____2__t_1d580f266b2a923b____c11_1____2_fair.csv;t_014c2259cce4ab13____c1_0____1__t_014c2259cce4ab13____c27_0____4_fair.csv;t_ca85e8f9eef5b9d5____c1_0____3__t_ca85e8f9eef5b9d5____c9_1____4_fair.csv;t_bd6030667b3d0d9a____c1_1____3__t_bd6030667b3d0d9a____c5_0____4_fair.csv;t_6047be0d6255e98d____c1_1____0__t_6047be0d6255e98d____c6_0____0_fair.csv;t_1d580f266b2a923b____c1_1____1__t_1d580f266b2a923b____c7_0____3_fair.csv,"{""needs_fairification"": true, ""success"": true, ""swaps_made"": 3, ""initial_fairness"": 0.2339, ""initial_delta"": 0.17}"
tusLarge3,exhaustive,t_240c872e361b3c8e____c18_1____4_fair.csv,5,401,67,5,True,0.3167,0.6,0.007481296758104738,0.012468827930174564,83.91739124059677,83.91739124059677,t_240c872e361b3c8e____c18_0____4__t_240c872e361b3c8e____c18_0____2_fair.csv;t_240c872e361b3c8e____c18_0____4.csv;t_240c872e361b3c8e____c18_1____3__t_240c872e361b3c8e____c18_1____4_fair.csv;t_240c872e361b3c8e____c20_0____3__t_240c872e361b3c8e____c18_1____4_fair.csv;t_240c872e361b3c8e____c17_1____4__t_240c872e361b3c8e____c18_1____4_fair.csv,"{""needs_fairification"": true, ""success"": true, ""swaps_made"": 3, ""initial_fairness"": 0.0817, ""initial_delta"": 0.32}"
tusLarge3,exhaustive,t_240c872e361b3c8e____c18_1____4_fair.csv,10,401,67,0,False,0.4334,,0.0,0.02493765586034913,0,0.0,,"{""needs_fairification"": true, ""success"": false, ""swaps_made"": 5, ""initial_fairness"": 0.0932, ""initial_delta"": 0.31}"
tusLarge3,exhaustive,t_240c872e361b3c8e____c18_1____4_fair.csv,20,401,67,0,False,0.4334,,0.0,0.04987531172069826,0,0.0,,"{""needs_fairification"": true, ""success"": false, ""swaps_made"": 2, ""initial_fairness"": 0.0494, ""initial_delta"": 0.35}"
tusLarge3,exhaustive,t_356fc1eaad97f93b____c3_0____2_fair.csv,5,585,275,5,True,0.397,1.0,0.008547008547008548,0.008547008547008548,14.202941238880157,14.202941238880157,t_356fc1eaad97f93b____c3_0____4__t_356fc1eaad97f93b____c3_0____2_fair.csv;t_356fc1eaad97f93b____c3_0____1__t_356fc1eaad97f93b____c3_0____2_fair.csv;t_356fc1eaad97f93b____c3_0____3__t_356fc1eaad97f93b____c3_0____2_fair.csv;t_356fc1eaad97f93b____c3_0____0__t_356fc1eaad97f93b____c3_0____2_fair.csv;t_356fc1eaad97f93b____c3_0____0.csv,"{""needs_fairification"": false, ""success"": true, ""swaps_made"": 0, ""initial_fairness"": 0.397, ""initial_delta"": 0.0}"
tusLarge3,exhaustive,t_356fc1eaad97f93b____c3_0____2_fair.csv,10,585,275,10,True,0.3161,0.8,0.013675213675213675,0.017094017094017096,26.896656572818756,26.896656572818756,t_356fc1eaad97f93b____c3_0____4__t_356fc1eaad97f93b____c3_0____2_fair.csv;t_356fc1eaad97f93b____c3_0____1__t_356fc1eaad97f93b____c3_0____2_fair.csv;t_356fc1eaad97f93b____c3_0____3__t_356fc1eaad97f93b____c3_0____2_fair.csv;t_356fc1eaad97f93b____c3_0____0__t_356fc1eaad97f93b____c3_0____2_fair.csv;t_356fc1eaad97f93b____c3_0____0.csv;t_356fc1eaad97f93b____c3_0____4.csv;t_356fc1eaad97f93b____c3_0____1.csv;t_356fc1eaad97f93b____c3_0____3.csv;t_8f2aacee00084d17____c3_0____0.csv;CTA_Ridership_Avg_Weekday_Bus_Stop_Boardings_in_October_2012____c3_1____3.csv,"{""needs_fairification"": false, ""success"": true, ""swaps_made"": 0, ""initial_fairness"": 0.3161, ""initial_delta"": 0.08}"
tusLarge3,exhaustive,t_356fc1eaad97f93b____c3_0____2_fair.csv,20,585,275,20,True,0.3012,0.45,0.015384615384615385,0.03418803418803419,48.530106246471405,48.530106246471405,t_356fc1eaad97f93b____c3_0____4__t_356fc1eaad97f93b____c3_0____2_fair.csv;t_356fc1eaad97f93b____c3_0____1__t_356fc1eaad97f93b____c3_0____2_fair.csv;t_356fc1eaad97f93b____c3_0____3__t_356fc1eaad97f93b____c3_0____2_fair.csv;t_356fc1eaad97f93b____c3_0____0__t_356fc1eaad97f93b____c3_0____2_fair.csv;t_356fc1eaad97f93b____c3_0____0.csv;t_356fc1eaad97f93b____c3_0____4.csv;t_356fc1eaad97f93b____c3_0____1.csv;t_356fc1eaad97f93b____c3_0____3.csv;t_8f2aacee00084d17____c3_0____0.csv;CTA_Ridership_Avg_Weekday_Bus_Stop_Boardings_in_October_2012____c3_1____3.csv;t_8b91ff826fe3eeb8____c3_1____4__t_8b91ff826fe3eeb8____c3_1____2_fair.csv;t_8b91ff826fe3eeb8____c3_1____0__t_8b91ff826fe3eeb8____c3_1____2_fair.csv;CTA_Ridership_Avg_Weekday_Bus_Stop_Boardings_in_October_2012____c3_1____2.csv;t_1934eacab8c57857____c3_0____0.csv;t_356fc1eaad97f93b____c5_1____3__t_356fc1eaad97f93b____c3_0____2_fair.csv;t_285b3bcd52ec0c86____c3_1____2__t_285b3bcd52ec0c86____c7_1____2_fair.csv;t_b28ed28824886b47____c3_1____0__t_b28ed28824886b47____c8_0____3_fair.csv;t_b28ed28824886b47____c3_1____4__t_b28ed28824886b47____c11_1____3_fair.csv;t_b28ed28824886b47____c3_1____0__t_b28ed28824886b47____c11_1____3_fair.csv;t_285b3bcd52ec0c86____c3_1____0__t_285b3bcd52ec0c86____c7_1____2_fair.csv,"{""needs_fairification"": true, ""success"": true, ""swaps_made"": 6, ""initial_fairness"": 0.1787, ""initial_delta"": 0.22}"
tusLarge3,exhaustive,t_356fc1eaad97f93b____c13_1____2_fair.csv,5,505,93,0,False,0.4183,,0.0,0.009900990099009901,0,0.0,,"{""needs_fairification"": true, ""success"": false, ""swaps_made"": 5, ""initial_fairness"": 0.068, ""initial_delta"": 0.33}"
tusLarge3,exhaustive,t_356fc1eaad97f93b____c13_1____2_fair.csv,10,505,93,0,False,0.4183,,0.0,0.019801980198019802,0,0.0,,"{""needs_fairification"": true, ""success"": false, ""swaps_made"": 1, ""initial_fairness"": 0.09, ""initial_delta"": 0.31}"
tusLarge3,exhaustive,t_356fc1eaad97f93b____c13_1____2_fair.csv,20,505,93,0,False,0.4183,,0.0,0.039603960396039604,0,0.0,,"{""needs_fairification"": true, ""success"": false, ""swaps_made"": 0, ""initial_fairness"": 0.0475, ""initial_delta"": 0.35}"
tusLarge3,exhaustive,t_6047be0d6255e98d____c2_0____2_fair.csv,5,372,318,5,True,0.4361,1.0,0.013440860215053764,0.013440860215053764,9.465745627880096,9.465745627880096,t_6047be0d6255e98d____c2_0____0__t_6047be0d6255e98d____c2_0____2_fair.csv;t_6047be0d6255e98d____c2_0____1__t_6047be0d6255e98d____c2_0____2_fair.csv;t_6047be0d6255e98d____c2_0____0__t_6047be0d6255e98d____c6_1____1_fair.csv;t_6047be0d6255e98d____c2_0____3__t_6047be0d6255e98d____c2_0____2_fair.csv;t_6047be0d6255e98d____c2_0____1__t_6047be0d6255e98d____c6_1____1_fair.csv,"{""needs_fairification"": false, ""success"": true, ""swaps_made"": 0, ""initial_fairness"": 0.4361, ""initial_delta"": -0.04}"
tusLarge3,exhaustive,t_6047be0d6255e98d____c2_0____2_fair.csv,10,372,318,10,True,0.37,0.6,0.016129032258064516,0.026881720430107527,18.602036714553833,18.602036714553833,t_6047be0d6255e98d____c2_0____0__t_6047be0d6255e98d____c2_0____2_fair.csv;t_6047be0d6255e98d____c2_0____1__t_6047be0d6255e98d____c2_0____2_fair.csv;t_6047be0d6255e98d____c2_0____0__t_6047be0d6255e98d____c6_1____1_fair.csv;t_6047be0d6255e98d____c2_0____3__t_6047be0d6255e98d____c2_0____2_fair.csv;t_6047be0d6255e98d____c2_0____1__t_6047be0d6255e98d____c6_1____1_fair.csv;t_6047be0d6255e98d____c2_0____3__t_6047be0d6255e98d____c6_1____1_fair.csv;t_6c551d740feb0608____c3_1____2__t_6c551d740feb0608____c10_0____2_fair.csv;t_6c551d740feb0608____c3_1____1__t_6c551d740feb0608____c10_0____2_fair.csv;t_6c551d740feb0608____c3_1____4__t_6c551d740feb0608____c10_0____2_fair.csv;t_285b3bcd52ec0c86____c2_1____3__t_285b3bcd52ec0c86____c7_1____2_fair.csv,"{""needs_fairification"": false, ""success"": true, ""swaps_made"": 0, ""initial_fairness"": 0.37, ""initial_delta"": 0.03}"
tusLarge3,exhaustive,t_6047be0d6255e98d____c2_0____2_fair.csv,20,372,318,20,True,0.333,0.4,0.021505376344086023,0.053763440860215055,34.32299762964249,34.32299762964249,t_6047be0d6255e98d____c2_0____0__t_6047be0d6255e98d____c2_0____2_fair.csv;t_6047be0d6255e98d____c2_0____1__t_6047be0d6255e98d____c2_0____2_fair.csv;t_6047be0d6255e98d____c2_0____0__t_6047be0d6255e98d____c6_1____1_fair.csv;t_6047be0d6255e98d____c2_0____3__t_6047be0d6255e98d____c2_0____2_fair.csv;t_6047be0d6255e98d____c2_0____1__t_6047be0d6255e98d____c6_1____1_fair.csv;t_6047be0d6255e98d____c2_0____3__t_6047be0d6255e98d____c6_1____1_fair.csv;t_6c551d740feb0608____c3_1____2__t_6c551d740feb0608____c10_0____2_fair.csv;t_6c551d740feb0608____c3_1____1__t_6c551d740feb0608____c10_0____2_fair.csv;t_6c551d740feb0608____c3_1____4__t_6c551d740feb0608____c10_0____2_fair.csv;t_285b3bcd52ec0c86____c2_1____3__t_285b3bcd52ec0c86____c7_1____2_fair.csv;t_6047be0d6255e98d____c2_0____4__t_6047be0d6255e98d____c6_1____1_fair.csv;t_6047be0d6255e98d____c2_0____4__t_6047be0d6255e98d____c2_0____2_fair.csv;t_6c551d740feb0608____c3_1____0__t_6c551d740feb0608____c10_0____2_fair.csv;PED_SK_DTL_SNF____c2_0____0__PED_SK_DTL_SNF____c14_1____4_fair.csv;t_285b3bcd52ec0c86____c2_1____4__t_285b3bcd52ec0c86____c7_1____2_fair.csv;t_285b3bcd52ec0c86____c2_1____0__t_285b3bcd52ec0c86____c7_1____2_fair.csv;PED_SK_DTL_SNF____c2_1____0__PED_SK_DTL_SNF____c3_1____2_fair.csv;t_1d580f266b2a923b____c2_0____1.csv;t_f2bc7fb748586bfa____c1_1____4.csv;t_f2bc7fb748586bfa____c1_1____3.csv,"{""needs_fairification"": true, ""success"": true, ""swaps_made"": 3, ""initial_fairness"": 0.0346, ""initial_delta"": 0.37}"
tusLarge3,exhaustive,t_285b3bcd52ec0c86____c17_1____0_fair.csv,5,773,85,0,False,0.4334,,0.0,0.00646830530401035,0,0.0,,"{""needs_fairification"": true, ""success"": false, ""swaps_made"": 2, ""initial_fairness"": 0.1243, ""initial_delta"": 0.28}"
tusLarge3,exhaustive,t_285b3bcd52ec0c86____c17_1____0_fair.csv,10,773,85,0,False,0.4334,,0.0,0.0129366106080207,0,0.0,,"{""needs_fairification"": true, ""success"": false, ""swaps_made"": 1, ""initial_fairness"": 0.0699, ""initial_delta"": 0.33}"
tusLarge3,exhaustive,t_285b3bcd52ec0c86____c17_1____0_fair.csv,20,773,85,0,False,0.4334,,0.0,0.0258732212160414,0,0.0,,"{""needs_fairification"": true, ""success"": false, ""swaps_made"": 0, ""initial_fairness"": 0.0372, ""initial_delta"": 0.36}"
tusLarge3,exhaustive,t_6047be0d6255e98d____c6_0____0_fair.csv,5,383,136,5,True,0.3396,1.0,0.013054830287206266,0.013054830287206266,28.402318596839905,28.402318596839905,t_6047be0d6255e98d____c6_0____1__t_6047be0d6255e98d____c6_1____1_fair.csv;t_6047be0d6255e98d____c6_0____1__t_6047be0d6255e98d____c6_0____0_fair.csv;t_6047be0d6255e98d____c6_0____1__t_6047be0d6255e98d____c2_0____2_fair.csv;t_6047be0d6255e98d____c6_0____1.csv;t_6047be0d6255e98d____c8_1____4__t_6047be0d6255e98d____c6_0____0_fair.csv,"{""needs_fairification"": true, ""success"": true, ""swaps_made"": 1, ""initial_fairness"": 0.243, ""initial_delta"": 0.16}"
tusLarge3,exhaustive,t_6047be0d6255e98d____c6_0____0_fair.csv,10,383,136,10,True,0.3205,1.0,0.02610966057441253,0.02610966057441253,56.56680077314377,56.56680077314377,t_6047be0d6255e98d____c6_0____1__t_6047be0d6255e98d____c6_1____1_fair.csv;t_6047be0d6255e98d____c6_0____1__t_6047be0d6255e98d____c6_0____0_fair.csv;t_6047be0d6255e98d____c6_0____1__t_6047be0d6255e98d____c2_0____2_fair.csv;t_6047be0d6255e98d____c6_0____1.csv;t_6047be0d6255e98d____c6_0____2.csv;t_6047be0d6255e98d____c6_0____2__t_6047be0d6255e98d____c6_1____1_fair.csv;t_6047be0d6255e98d____c6_0____2__t_6047be0d6255e98d____c6_0____0_fair.csv;t_6047be0d6255e98d____c6_0____2__t_6047be0d6255e98d____c2_0____2_fair.csv;t_6047be0d6255e98d____c8_1____2__t_6047be0d6255e98d____c6_0____0_fair.csv;t_6047be0d6255e98d____c8_1____4__t_6047be0d6255e98d____c6_0____0_fair.csv,"{""needs_fairification"": true, ""success"": true, ""swaps_made"": 2, ""initial_fairness"": 0.1961, ""initial_delta"": 0.2}"
tusLarge3,exhaustive,t_6047be0d6255e98d____c6_0____0_fair.csv,20,383,136,20,True,0.2964,1.0,0.05221932114882506,0.05221932114882506,111.5199481844902,111.5199481844902,t_6047be0d6255e98d____c6_0____1__t_6047be0d6255e98d____c6_1____1_fair.csv;t_6047be0d6255e98d____c6_0____1__t_6047be0d6255e98d____c6_0____0_fair.csv;t_6047be0d6255e98d____c6_0____1__t_6047be0d6255e98d____c2_0____2_fair.csv;t_6047be0d6255e98d____c6_0____1__t_6047be0d6255e98d____c10_0____0_fair.csv;t_6047be0d6255e98d____c6_0____1.csv;t_6047be0d6255e98d____c6_0____2.csv;t_6047be0d6255e98d____c6_0____2__t_6047be0d6255e98d____c6_1____1_fair.csv;t_6047be0d6255e98d____c6_0____2__t_6047be0d6255e98d____c6_0____0_fair.csv;t_6047be0d6255e98d____c6_0____2__t_6047be0d6255e98d____c2_0____2_fair.csv;t_6047be0d6255e98d____c6_0____2__t_6047be0d6255e98d____c10_0____0_fair.csv;t_6047be0d6255e98d____c8_1____2__t_6047be0d6255e98d____c6_0____0_fair.csv;t_6047be0d6255e98d____c8_1____2__t_6047be0d6255e98d____c6_1____1_fair.csv;t_6047be0d6255e98d____c8_1____2__t_6047be0d6255e98d____c2_0____2_fair.csv;t_6047be0d6255e98d____c8_1____2.csv;t_6047be0d6255e98d____c6_0____3__t_6047be0d6255e98d____c6_1____1_fair.csv;t_6047be0d6255e98d____c6_0____3__t_6047be0d6255e98d____c6_0____0_fair.csv;t_6047be0d6255e98d____c8_1____1__t_6047be0d6255e98d____c6_0____0_fair.csv;t_6047be0d6255e98d____c8_1____3__t_6047be0d6255e98d____c6_0____0_fair.csv;t_6047be0d6255e98d____c8_1____4__t_6047be0d6255e98d____c6_0____0_fair.csv;t_6047be0d6255e98d____c11_1____3__t_6047be0d6255e98d____c6_0____0_fair.csv,"{""needs_fairification"": true, ""success"": true, ""swaps_made"": 4, ""initial_fairness"": 0.173, ""initial_delta"": 0.23}"
tusLarge3,exhaustive,t_6047be0d6255e98d____c10_0____0_fair.csv,5,383,89,5,True,0.3458,1.0,0.013054830287206266,0.013054830287206266,48.52481585741043,48.52481585741043,t_6047be0d6255e98d____c11_0____0.csv;t_6047be0d6255e98d____c11_1____0__t_6047be0d6255e98d____c2_0____2_fair.csv;t_6047be0d6255e98d____c11_1____0__t_6047be0d6255e98d____c10_0____0_fair.csv;t_6047be0d6255e98d____c11_0____1__t_6047be0d6255e98d____c10_0____0_fair.csv;t_6047be0d6255e98d____c10_0____2__t_6047be0d6255e98d____c10_0____0_fair.csv,"{""needs_fairification"": true, ""success"": true, ""swaps_made"": 2, ""initial_fairness"": 0.2104, ""initial_delta"": 0.19}"
tusLarge3,exhaustive,t_6047be0d6255e98d____c10_0____0_fair.csv,10,383,89,10,True,0.3228,1.0,0.02610966057441253,0.02610966057441253,96.04767936468124,96.04767936468124,t_6047be0d6255e98d____c11_0____0.csv;t_6047be0d6255e98d____c11_1____0__t_6047be0d6255e98d____c2_0____2_fair.csv;t_6047be0d6255e98d____c11_1____0__t_6047be0d6255e98d____c10_0____0_fair.csv;t_6047be0d6255e98d____c11_0____0__t_6047be0d6255e98d____c6_0____0_fair.csv;t_6047be0d6255e98d____c11_0____0__t_6047be0d6255e98d____c2_0____2_fair.csv;t_6047be0d6255e98d____c11_0____0__t_6047be0d6255e98d____c10_0____0_fair.csv;t_6047be0d6255e98d____c11_0____1__t_6047be0d6255e98d____c10_0____0_fair.csv;t_6047be0d6255e98d____c10_0____4__t_6047be0d6255e98d____c10_0____0_fair.csv;t_6047be0d6255e98d____c10_0____2__t_6047be0d6255e98d____c10_0____0_fair.csv;t_6047be0d6255e98d____c9_1____0__t_6047be0d6255e98d____c10_0____0_fair.csv,"{""needs_fairification"": true, ""success"": true, ""swaps_made"": 4, ""initial_fairness"": 0.172, ""initial_delta"": 0.23}"
tusLarge3,exhaustive,t_6047be0d6255e98d____c10_0____0_fair.csv,20,383,89,20,True,0.2967,1.0,0.05221932114882506,0.05221932114882506,192.6572386622429,192.6572386622429,t_6047be0d6255e98d____c11_0____0.csv;t_6047be0d6255e98d____c11_1____0__t_6047be0d6255e98d____c6_0____0_fair.csv;t_6047be0d6255e98d____c11_1____0__t_6047be0d6255e98d____c2_0____2_fair.csv;t_6047be0d6255e98d____c11_1____0__t_6047be0d6255e98d____c10_0____0_fair.csv;t_6047be0d6255e98d____c11_0____0__t_6047be0d6255e98d____c6_0____0_fair.csv;t_6047be0d6255e98d____c11_0____0__t_6047be0d6255e98d____c2_0____2_fair.csv;t_6047be0d6255e98d____c11_0____0__t_6047be0d6255e98d____c10_0____0_fair.csv;t_6047be0d6255e98d____c11_1____0.csv;t_6047be0d6255e98d____c13_1____0.csv;t_6047be0d6255e98d____c10_0____1__t_6047be0d6255e98d____c10_0____0_fair.csv;t_6047be0d6255e98d____c10_0____1.csv;t_6047be0d6255e98d____c11_0____1__t_6047be0d6255e98d____c10_0____0_fair.csv;t_6047be0d6255e98d____c14_0____0.csv;t_6047be0d6255e98d____c13_0____0__t_6047be0d6255e98d____c10_0____0_fair.csv;t_6047be0d6255e98d____c14_0____0__t_6047be0d6255e98d____c10_0____0_fair.csv;t_6047be0d6255e98d____c11_1____1__t_6047be0d6255e98d____c10_0____0_fair.csv;t_6047be0d6255e98d____c10_0____4__t_6047be0d6255e98d____c10_0____0_fair.csv;t_6047be0d6255e98d____c11_0____2__t_6047be0d6255e98d____c10_0____0_fair.csv;t_6047be0d6255e98d____c10_0____2__t_6047be0d6255e98d____c10_0____0_fair.csv;t_6047be0d6255e98d____c9_1____0__t_6047be0d6255e98d____c10_0____0_fair.csv,"{""needs_fairification"": true, ""success"": true, ""swaps_made"": 9, ""initial_fairness"": 0.1136, ""initial_delta"": 0.29}"
tusLarge3,exhaustive,t_6047be0d6255e98d____c6_1____1_fair.csv,5,372,143,5,True,0.3343,1.0,0.013440860215053764,0.013440860215053764,28.06475532054901,28.06475532054901,t_6047be0d6255e98d____c6_1____2__t_6047be0d6255e98d____c2_0____2_fair.csv;t_6047be0d6255e98d____c6_1____4.csv;t_6047be0d6255e98d____c6_1____2__t_6047be0d6255e98d____c6_1____1_fair.csv;t_6047be0d6255e98d____c6_1____3.csv;t_6047be0d6255e98d____c6_1____4__t_6047be0d6255e98d____c2_0____2_fair.csv,"{""needs_fairification"": true, ""success"": true, ""swaps_made"": 1, ""initial_fairness"": 0.267, ""initial_delta"": 0.13}"
tusLarge3,exhaustive,t_6047be0d6255e98d____c6_1____1_fair.csv,10,372,143,10,True,0.3558,1.0,0.026881720430107527,0.026881720430107527,55.675162732601166,55.675162732601166,t_6047be0d6255e98d____c6_1____2__t_6047be0d6255e98d____c2_0____2_fair.csv;t_6047be0d6255e98d____c6_1____4.csv;t_6047be0d6255e98d____c6_1____2__t_6047be0d6255e98d____c6_1____1_fair.csv;t_6047be0d6255e98d____c6_1____2.csv;t_6047be0d6255e98d____c6_1____3.csv;t_6047be0d6255e98d____c6_1____0__t_6047be0d6255e98d____c6_1____1_fair.csv;t_6047be0d6255e98d____c6_1____3__t_6047be0d6255e98d____c6_1____1_fair.csv;t_6047be0d6255e98d____c6_1____3__t_6047be0d6255e98d____c2_0____2_fair.csv;t_6047be0d6255e98d____c6_1____4__t_6047be0d6255e98d____c6_1____1_fair.csv;t_6047be0d6255e98d____c6_1____4__t_6047be0d6255e98d____c2_0____2_fair.csv,"{""needs_fairification"": false, ""success"": true, ""swaps_made"": 0, ""initial_fairness"": 0.3558, ""initial_delta"": 0.04}"
tusLarge3,exhaustive,t_6047be0d6255e98d____c6_1____1_fair.csv,20,372,143,20,True,0.3096,1.0,0.053763440860215055,0.053763440860215055,109.15401297807693,109.15401297807693,t_6047be0d6255e98d____c6_1____2__t_6047be0d6255e98d____c2_0____2_fair.csv;t_6047be0d6255e98d____c6_1____4.csv;t_6047be0d6255e98d____c6_1____2__t_6047be0d6255e98d____c6_1____1_fair.csv;t_6047be0d6255e98d____c6_1____2.csv;t_6047be0d6255e98d____c6_1____3.csv;t_6047be0d6255e98d____c6_1____0__t_6047be0d6255e98d____c6_1____1_fair.csv;t_6047be0d6255e98d____c6_1____3__t_6047be0d6255e98d____c6_1____1_fair.csv;t_6047be0d6255e98d____c6_1____3__t_6047be0d6255e98d____c2_0____2_fair.csv;t_6047be0d6255e98d____c6_1____4__t_6047be0d6255e98d____c6_1____1_fair.csv;t_6047be0d6255e98d____c6_1____4__t_6047be0d6255e98d____c2_0____2_fair.csv;t_6047be0d6255e98d____c9_0____2__t_6047be0d6255e98d____c2_0____2_fair.csv;t_6047be0d6255e98d____c9_0____2.csv;t_6047be0d6255e98d____c7_1____4__t_6047be0d6255e98d____c2_0____2_fair.csv;t_6047be0d6255e98d____c9_0____1.csv;t_6047be0d6255e98d____c6_1____0.csv;t_6047be0d6255e98d____c6_1____0__t_6047be0d6255e98d____c2_0____2_fair.csv;t_6047be0d6255e98d____c7_1____4.csv;t_6047be0d6255e98d____c9_1____2__t_6047be0d6255e98d____c2_0____2_fair.csv;t_6047be0d6255e98d____c7_1____1__t_6047be0d6255e98d____c6_1____1_fair.csv;t_6047be0d6255e98d____c7_1____1__t_6047be0d6255e98d____c2_0____2_fair.csv,"{""needs_fairification"": true, ""success"": true, ""swaps_made"": 3, ""initial_fairness"": 0.2376, ""initial_delta"": 0.16}"
tusLarge3,exhaustive,t_356fc1eaad97f93b____c14_1____2_fair.csv,5,571,81,0,False,0.4251,,0.0,0.008756567425569177,0,0.0,,"{""needs_fairification"": true, ""success"": false, ""swaps_made"": 4, ""initial_fairness"": 0.0775, ""initial_delta"": 0.32}"
tusLarge3,exhaustive,t_356fc1eaad97f93b____c14_1____2_fair.csv,10,571,81,0,False,0.4251,,0.0,0.017513134851138354,0,0.0,,"{""needs_fairification"": true, ""success"": false, ""swaps_made"": 1, ""initial_fairness"": 0.0419, ""initial_delta"": 0.36}"
tusLarge3,exhaustive,t_356fc1eaad97f93b____c14_1____2_fair.csv,20,571,81,0,False,0.4251,,0.0,0.03502626970227671,0,0.0,,"{""needs_fairification"": true, ""success"": false, ""swaps_made"": 1, ""initial_fairness"": 0.022, ""initial_delta"": 0.38}"
tusLarge3,exhaustive,t_67c3f7ce5eab8804____c2_0____0_fair.csv,5,329,210,5,True,0.3153,1.0,0.015197568389057751,0.015197568389057751,9.802866458892822,9.802866458892822,t_67c3f7ce5eab8804____c2_0____3__t_67c3f7ce5eab8804____c2_0____0_fair.csv;t_67c3f7ce5eab8804____c2_0____1__t_67c3f7ce5eab8804____c3_1____4_fair.csv;t_67c3f7ce5eab8804____c2_0____1__t_67c3f7ce5eab8804____c2_0____0_fair.csv;t_67c3f7ce5eab8804____c2_0____4__t_67c3f7ce5eab8804____c3_1____4_fair.csv;t_67c3f7ce5eab8804____c2_0____2__t_67c3f7ce5eab8804____c2_0____0_fair.csv,"{""needs_fairification"": true, ""success"": true, ""swaps_made"": 1, ""initial_fairness"": 0.2523, ""initial_delta"": 0.15}"
tusLarge3,exhaustive,t_67c3f7ce5eab8804____c2_0____0_fair.csv,10,329,210,10,True,0.306,0.9,0.02735562310030395,0.030395136778115502,18.711889922618866,18.711889922618866,t_67c3f7ce5eab8804____c2_0____3__t_67c3f7ce5eab8804____c2_0____0_fair.csv;t_67c3f7ce5eab8804____c2_0____1__t_67c3f7ce5eab8804____c3_1____4_fair.csv;t_67c3f7ce5eab8804____c2_0____1__t_67c3f7ce5eab8804____c2_0____0_fair.csv;t_67c3f7ce5eab8804____c2_0____4__t_67c3f7ce5eab8804____c3_1____4_fair.csv;t_67c3f7ce5eab8804____c2_0____4__t_67c3f7ce5eab8804____c2_0____0_fair.csv;t_67c3f7ce5eab8804____c2_0____3.csv;t_67c3f7ce5eab8804____c2_0____1.csv;t_67c3f7ce5eab8804____c2_0____2__t_67c3f7ce5eab8804____c2_0____0_fair.csv;t_b28ed28824886b47____c5_1____3__t_b28ed28824886b47____c11_1____3_fair.csv;t_67c3f7ce5eab8804____c3_1____3__t_67c3f7ce5eab8804____c2_0____0_fair.csv,"{""needs_fairification"": true, ""success"": true, ""swaps_made"": 2, ""initial_fairness"": 0.2454, ""initial_delta"": 0.15}"
tusLarge3,exhaustive,t_67c3f7ce5eab8804____c2_0____0_fair.csv,20,329,210,20,True,0.2952,0.45,0.02735562310030395,0.060790273556231005,35.226346135139465,35.226346135139465,t_67c3f7ce5eab8804____c2_0____3__t_67c3f7ce5eab8804____c2_0____0_fair.csv;t_67c3f7ce5eab8804____c2_0____1__t_67c3f7ce5eab8804____c2_0____0_fair.csv;t_67c3f7ce5eab8804____c2_0____4__t_67c3f7ce5eab8804____c2_0____0_fair.csv;t_67c3f7ce5eab8804____c2_0____3.csv;t_67c3f7ce5eab8804____c2_0____1.csv;t_67c3f7ce5eab8804____c2_0____2__t_67c3f7ce5eab8804____c2_0____0_fair.csv;t_67c3f7ce5eab8804____c2_0____2.csv;t_67c3f7ce5eab8804____c2_0____4.csv;t_b28ed28824886b47____c3_0____1__t_b28ed28824886b47____c8_0____3_fair.csv;t_b28ed28824886b47____c4_1____3__t_b28ed28824886b47____c8_0____3_fair.csv;t_b28ed28824886b47____c4_1____3__t_b28ed28824886b47____c11_1____3_fair.csv;t_6c551d740feb0608____c3_1____3__t_6c551d740feb0608____c10_0____2_fair.csv;t_b28ed28824886b47____c3_0____1__t_b28ed28824886b47____c11_1____3_fair.csv;t_b28ed28824886b47____c4_1____1.csv;t_b28ed28824886b47____c4_1____3.csv;t_b28ed28824886b47____c4_1____2.csv;t_285b3bcd52ec0c86____c6_0____1.csv;PED_SK_DTL_SNF____c5_1____1.csv;t_b28ed28824886b47____c5_1____3__t_b28ed28824886b47____c11_1____3_fair.csv;t_67c3f7ce5eab8804____c3_1____3__t_67c3f7ce5eab8804____c2_0____0_fair.csv,"{""needs_fairification"": true, ""success"": true, ""swaps_made"": 4, ""initial_fairness"": 0.2105, ""initial_delta"": 0.19}"
tusLarge3,exhaustive,t_6047be0d6255e98d____c11_0____3_fair.csv,5,298,97,5,True,0.3016,1.0,0.016778523489932886,0.016778523489932886,52.78145372867584,52.78145372867584,t_6047be0d6255e98d____c11_1____3__t_6047be0d6255e98d____c10_0____0_fair.csv;t_6047be0d6255e98d____c11_1____3__t_6047be0d6255e98d____c6_0____0_fair.csv;t_6047be0d6255e98d____c11_0____2__t_6047be0d6255e98d____c11_0____3_fair.csv;t_6047be0d6255e98d____c14_0____2__t_6047be0d6255e98d____c11_0____3_fair.csv;t_6047be0d6255e98d____c11_0____1__t_6047be0d6255e98d____c11_0____3_fair.csv,"{""needs_fairification"": true, ""success"": true, ""swaps_made"": 3, ""initial_fairness"": 0.0808, ""initial_delta"": 0.32}"
tusLarge3,exhaustive,t_6047be0d6255e98d____c11_0____3_fair.csv,10,298,97,0,False,0.4442,,0.0,0.03355704697986577,0,0.0,,"{""needs_fairification"": true, ""success"": false, ""swaps_made"": 6, ""initial_fairness"": 0.0973, ""initial_delta"": 0.3}"
tusLarge3,exhaustive,t_6047be0d6255e98d____c11_0____3_fair.csv,20,298,97,0,False,0.4442,,0.0,0.06711409395973154,0,0.0,,"{""needs_fairification"": true, ""success"": false, ""swaps_made"": 2, ""initial_fairness"": 0.0766, ""initial_delta"": 0.32}"
tusLarge3,exhaustive,t_285b3bcd52ec0c86____c20_1____2_fair.csv,5,729,56,5,True,0.3355,1.0,0.006858710562414266,0.006858710562414266,93.68918347358704,93.68918347358704,t_285b3bcd52ec0c86____c20_0____2__t_285b3bcd52ec0c86____c9_1____4_fair.csv;t_285b3bcd52ec0c86____c20_0____2__t_285b3bcd52ec0c86____c9_0____2_fair.csv;t_285b3bcd52ec0c86____c20_0____2__t_285b3bcd52ec0c86____c20_1____2_fair.csv;t_285b3bcd52ec0c86____c19_0____2__t_285b3bcd52ec0c86____c20_1____2_fair.csv;t_285b3bcd52ec0c86____c19_0____3__t_285b3bcd52ec0c86____c20_1____2_fair.csv,"{""needs_fairification"": true, ""success"": true, ""swaps_made"": 3, ""initial_fairness"": 0.1098, ""initial_delta"": 0.29}"
tusLarge3,exhaustive,t_285b3bcd52ec0c86____c20_1____2_fair.csv,10,729,56,10,True,0.3219,0.6,0.00823045267489712,0.013717421124828532,183.53114986419678,183.53114986419678,t_285b3bcd52ec0c86____c20_0____2__t_285b3bcd52ec0c86____c9_1____4_fair.csv;t_285b3bcd52ec0c86____c20_0____2__t_285b3bcd52ec0c86____c20_1____2_fair.csv;t_285b3bcd52ec0c86____c20_0____2.csv;t_285b3bcd52ec0c86____c19_0____2__t_285b3bcd52ec0c86____c9_1____4_fair.csv;t_285b3bcd52ec0c86____c19_0____2__t_285b3bcd52ec0c86____c20_1____2_fair.csv;t_285b3bcd52ec0c86____c19_0____3__t_285b3bcd52ec0c86____c20_1____2_fair.csv;PED_YT_DTL_SNF____c19_0____1__PED_YT_DTL_SNF____c22_0____2_fair.csv;PED_YT_DTL_SNF____c19_0____1__PED_YT_DTL_SNF____c19_1____0_fair.csv;PED_YT_DTL_SNF____c19_0____1__PED_YT_DTL_SNF____c18_1____1_fair.csv;PED_YT_DTL_SNF____c19_0____1.csv,"{""needs_fairification"": true, ""success"": true, ""swaps_made"": 7, ""initial_fairness"": 0.1165, ""initial_delta"": 0.28}"
tusLarge3,exhaustive,t_285b3bcd52ec0c86____c20_1____2_fair.csv,20,729,56,0,False,0.435,,0.0,0.027434842249657063,0,0.0,,"{""needs_fairification"": true, ""success"": false, ""swaps_made"": 6, ""initial_fairness"": 0.1044, ""initial_delta"": 0.3}"
tusLarge3,exhaustive,t_67c3f7ce5eab8804____c3_1____4_fair.csv,5,329,159,5,True,0.3081,1.0,0.015197568389057751,0.015197568389057751,14.725264072418213,14.725264072418213,t_67c3f7ce5eab8804____c3_1____0__t_67c3f7ce5eab8804____c3_1____4_fair.csv;t_67c3f7ce5eab8804____c3_1____0__t_67c3f7ce5eab8804____c2_0____0_fair.csv;t_67c3f7ce5eab8804____c3_1____2__t_67c3f7ce5eab8804____c3_1____4_fair.csv;t_67c3f7ce5eab8804____c3_1____2__t_67c3f7ce5eab8804____c2_0____0_fair.csv;t_67c3f7ce5eab8804____c3_1____3__t_67c3f7ce5eab8804____c3_1____4_fair.csv,"{""needs_fairification"": false, ""success"": true, ""swaps_made"": 0, ""initial_fairness"": 0.3081, ""initial_delta"": 0.09}"
tusLarge3,exhaustive,t_67c3f7ce5eab8804____c3_1____4_fair.csv,10,329,159,10,True,0.3091,0.9,0.02735562310030395,0.030395136778115502,25.532812654972076,25.532812654972076,t_67c3f7ce5eab8804____c3_1____0__t_67c3f7ce5eab8804____c3_1____4_fair.csv;t_67c3f7ce5eab8804____c3_1____2__t_67c3f7ce5eab8804____c3_1____4_fair.csv;t_67c3f7ce5eab8804____c3_1____2__t_67c3f7ce5eab8804____c2_0____0_fair.csv;t_67c3f7ce5eab8804____c3_1____3__t_67c3f7ce5eab8804____c3_1____4_fair.csv;t_67c3f7ce5eab8804____c3_1____1__t_67c3f7ce5eab8804____c3_1____4_fair.csv;t_67c3f7ce5eab8804____c3_1____1__t_67c3f7ce5eab8804____c2_0____0_fair.csv;t_67c3f7ce5eab8804____c3_1____0.csv;t_67c3f7ce5eab8804____c3_1____2.csv;t_67c3f7ce5eab8804____c2_0____3__t_67c3f7ce5eab8804____c3_1____4_fair.csv;CTA_Ridership_Avg_Weekday_Bus_Stop_Boardings_in_October_2012____c1_0____1.csv,"{""needs_fairification"": true, ""success"": true, ""swaps_made"": 2, ""initial_fairness"": 0.2515, ""initial_delta"": 0.15}"
tusLarge3,exhaustive,t_67c3f7ce5eab8804____c3_1____4_fair.csv,20,329,159,20,True,0.3037,0.45,0.02735562310030395,0.060790273556231005,48.53823471069336,48.53823471069336,t_67c3f7ce5eab8804____c3_1____0__t_67c3f7ce5eab8804____c3_1____4_fair.csv;t_67c3f7ce5eab8804____c3_1____2__t_67c3f7ce5eab8804____c3_1____4_fair.csv;t_67c3f7ce5eab8804____c3_1____3__t_67c3f7ce5eab8804____c3_1____4_fair.csv;t_67c3f7ce5eab8804____c3_1____1__t_67c3f7ce5eab8804____c3_1____4_fair.csv;t_67c3f7ce5eab8804____c3_1____0.csv;t_67c3f7ce5eab8804____c3_1____2.csv;t_67c3f7ce5eab8804____c3_1____1.csv;t_67c3f7ce5eab8804____c3_1____3.csv;t_b28ed28824886b47____c8_0____1__t_b28ed28824886b47____c11_1____3_fair.csv;t_8b2f04db4903263f____c5_1____4.csv;t_b28ed28824886b47____c8_0____1.csv;t_8b2f04db4903263f____c5_1____3.csv;t_8b2f04db4903263f____c5_1____0.csv;t_b28ed28824886b47____c6_0____3.csv;t_b28ed28824886b47____c6_0____1.csv;t_b28ed28824886b47____c7_1____4.csv;t_b28ed28824886b47____c8_0____4.csv;t_b28ed28824886b47____c6_0____2.csv;t_67c3f7ce5eab8804____c2_0____3__t_67c3f7ce5eab8804____c3_1____4_fair.csv;CTA_Ridership_Avg_Weekday_Bus_Stop_Boardings_in_October_2012____c1_0____1.csv,"{""needs_fairification"": true, ""success"": true, ""swaps_made"": 11, ""initial_fairness"": 0.1484, ""initial_delta"": 0.25}"
tusLarge3,exhaustive,t_6c551d740feb0608____c5_1____1_fair.csv,5,263,172,5,True,0.3347,1.0,0.019011406844106463,0.019011406844106463,23.529406309127808,23.529406309127808,t_6c551d740feb0608____c5_1____2__t_6c551d740feb0608____c5_1____1_fair.csv;t_6c551d740feb0608____c5_1____0.csv;t_6c551d740feb0608____c5_1____3__t_6c551d740feb0608____c9_0____3_fair.csv;t_6c551d740feb0608____c5_1____3__t_6c551d740feb0608____c5_1____1_fair.csv;t_6c551d740feb0608____c7_0____1__t_6c551d740feb0608____c5_1____1_fair.csv,"{""needs_fairification"": true, ""success"": true, ""swaps_made"": 1, ""initial_fairness"": 0.2319, ""initial_delta"": 0.17}"
tusLarge3,exhaustive,t_6c551d740feb0608____c5_1____1_fair.csv,10,263,172,10,True,0.334,1.0,0.03802281368821293,0.03802281368821293,46.74261957406998,46.74261957406998,t_6c551d740feb0608____c5_1____2__t_6c551d740feb0608____c5_1____1_fair.csv;t_6c551d740feb0608____c5_1____0.csv;t_6c551d740feb0608____c5_1____3__t_6c551d740feb0608____c9_0____3_fair.csv;t_6c551d740feb0608____c5_1____3__t_6c551d740feb0608____c5_1____1_fair.csv;t_6c551d740feb0608____c5_1____0__t_6c551d740feb0608____c9_0____3_fair.csv;t_6c551d740feb0608____c5_1____4.csv;t_6c551d740feb0608____c5_1____4__t_6c551d740feb0608____c5_1____1_fair.csv;t_6c551d740feb0608____c7_0____3__t_6c551d740feb0608____c5_1____1_fair.csv;t_6c551d740feb0608____c7_0____1__t_6c551d740feb0608____c5_1____1_fair.csv;t_6c551d740feb0608____c7_0____4__t_6c551d740feb0608____c5_1____1_fair.csv,"{""needs_fairification"": true, ""success"": true, ""swaps_made"": 3, ""initial_fairness"": 0.13, ""initial_delta"": 0.27}"
tusLarge3,exhaustive,t_6c551d740feb0608____c5_1____1_fair.csv,20,263,172,20,True,0.3023,0.85,0.06463878326996197,0.07604562737642585,90.40227615833282,90.40227615833282,t_6c551d740feb0608____c5_1____2__t_6c551d740feb0608____c5_1____1_fair.csv;t_6c551d740feb0608____c5_1____0.csv;t_6c551d740feb0608____c5_1____3__t_6c551d740feb0608____c9_0____3_fair.csv;t_6c551d740feb0608____c5_1____3__t_6c551d740feb0608____c5_1____1_fair.csv;t_6c551d740feb0608____c5_1____0__t_6c551d740feb0608____c9_0____3_fair.csv;t_6c551d740feb0608____c5_1____4.csv;t_6c551d740feb0608____c5_1____4__t_6c551d740feb0608____c9_0____3_fair.csv;t_6c551d740feb0608____c5_1____4__t_6c551d740feb0608____c5_1____1_fair.csv;t_6c551d740feb0608____c5_1____0__t_6c551d740feb0608____c5_1____1_fair.csv;t_6c551d740feb0608____c5_1____2.csv;t_6c551d740feb0608____c7_0____3.csv;t_6c551d740feb0608____c7_0____3__t_6c551d740feb0608____c5_1____1_fair.csv;t_6c551d740feb0608____c5_1____3.csv;t_6c551d740feb0608____c7_0____0__t_6c551d740feb0608____c5_1____1_fair.csv;t_6c551d740feb0608____c7_0____1__t_6c551d740feb0608____c5_1____1_fair.csv;t_6c551d740feb0608____c7_0____2__t_6c551d740feb0608____c5_1____1_fair.csv;t_6c551d740feb0608____c7_0____4__t_6c551d740feb0608____c5_1____1_fair.csv;t_285b3bcd52ec0c86____c6_0____1__t_285b3bcd52ec0c86____c6_0____0_fair.csv;t_285b3bcd52ec0c86____c6_0____1.csv;t_6c551d740feb0608____c3_1____3__t_6c551d740feb0608____c10_0____2_fair.csv,"{""needs_fairification"": true, ""success"": true, ""swaps_made"": 7, ""initial_fairness"": 0.1007, ""initial_delta"": 0.3}"
tusLarge3,exhaustive,t_67c3f7ce5eab8804____c10_1____0_fair.csv,5,218,112,5,True,0.3262,1.0,0.022935779816513763,0.022935779816513763,46.99382156133652,46.99382156133652,t_67c3f7ce5eab8804____c12_1____0.csv;t_67c3f7ce5eab8804____c10_1____1__t_67c3f7ce5eab8804____c10_1____0_fair.csv;t_67c3f7ce5eab8804____c10_1____3__t_67c3f7ce5eab8804____c10_1____0_fair.csv;t_67c3f7ce5eab8804____c10_1____3.csv;t_67c3f7ce5eab8804____c10_1____4__t_67c3f7ce5eab8804____c10_1____0_fair.csv,"{""needs_fairification"": true, ""success"": true, ""swaps_made"": 1, ""initial_fairness"": 0.2648, ""initial_delta"": 0.14}"
tusLarge3,exhaustive,t_67c3f7ce5eab8804____c10_1____0_fair.csv,10,218,112,10,True,0.3001,0.7,0.03211009174311927,0.045871559633027525,93.5527074933052,93.5527074933052,t_67c3f7ce5eab8804____c12_1____0.csv;t_67c3f7ce5eab8804____c10_1____1__t_67c3f7ce5eab8804____c10_1____0_fair.csv;t_67c3f7ce5eab8804____c10_1____3__t_67c3f7ce5eab8804____c10_1____0_fair.csv;t_67c3f7ce5eab8804____c10_1____3.csv;t_6047be0d6255e98d____c11_1____2__t_6047be0d6255e98d____c10_0____0_fair.csv;t_67c3f7ce5eab8804____c10_1____2__t_67c3f7ce5eab8804____c10_1____0_fair.csv;t_6047be0d6255e98d____c11_1____3.csv;t_67c3f7ce5eab8804____c10_1____2.csv;t_6047be0d6255e98d____c11_1____2__t_6047be0d6255e98d____c6_1____1_fair.csv;t_67c3f7ce5eab8804____c10_1____4__t_67c3f7ce5eab8804____c10_1____0_fair.csv,"{""needs_fairification"": true, ""success"": true, ""swaps_made"": 1, ""initial_fairness"": 0.2547, ""initial_delta"": 0.15}"
tusLarge3,exhaustive,t_67c3f7ce5eab8804____c10_1____0_fair.csv,20,218,112,20,True,0.3073,0.25,0.022935779816513763,0.09174311926605505,170.79944425821304,170.79944425821304,t_67c3f7ce5eab8804____c12_1____0.csv;t_67c3f7ce5eab8804____c10_1____1__t_67c3f7ce5eab8804____c10_1____0_fair.csv;t_67c3f7ce5eab8804____c10_1____3__t_67c3f7ce5eab8804____c10_1____0_fair.csv;t_6047be0d6255e98d____c11_1____2__t_6047be0d6255e98d____c10_0____0_fair.csv;t_67c3f7ce5eab8804____c10_1____2__t_67c3f7ce5eab8804____c10_1____0_fair.csv;t_6047be0d6255e98d____c11_1____3.csv;t_6047be0d6255e98d____c11_1____2__t_6047be0d6255e98d____c6_1____1_fair.csv;t_6047be0d6255e98d____c11_1____2__t_6047be0d6255e98d____c11_0____3_fair.csv;t_6047be0d6255e98d____c11_1____3__t_6047be0d6255e98d____c10_0____0_fair.csv;t_6047be0d6255e98d____c11_1____3__t_6047be0d6255e98d____c6_1____1_fair.csv;t_6047be0d6255e98d____c11_1____3__t_6047be0d6255e98d____c6_0____0_fair.csv;t_6047be0d6255e98d____c11_1____3__t_6047be0d6255e98d____c2_0____2_fair.csv;t_6047be0d6255e98d____c11_1____3__t_6047be0d6255e98d____c11_0____3_fair.csv;t_6047be0d6255e98d____c11_0____2__t_6047be0d6255e98d____c6_1____1_fair.csv;t_6047be0d6255e98d____c11_0____2__t_6047be0d6255e98d____c11_0____3_fair.csv;t_67c3f7ce5eab8804____c10_1____4__t_67c3f7ce5eab8804____c10_1____0_fair.csv;t_6047be0d6255e98d____c6_0____2__t_6047be0d6255e98d____c6_1____1_fair.csv;t_6047be0d6255e98d____c6_0____2.csv;t_6047be0d6255e98d____c6_0____4.csv;t_6047be0d6255e98d____c6_0____1.csv,"{""needs_fairification"": true, ""success"": true, ""swaps_made"": 5, ""initial_fairness"": 0.1879, ""initial_delta"": 0.21}"
tusLarge3,exhaustive,t_6c551d740feb0608____c9_0____3_fair.csv,5,308,102,5,True,0.304,0.4,0.006493506493506494,0.016233766233766232,43.56140512228012,43.56140512228012,t_6c551d740feb0608____c9_0____2.csv;t_6c551d740feb0608____c9_0____4__t_6c551d740feb0608____c9_0____3_fair.csv;PED_SK_DTL_SNF____c10_0____2.csv;t_285b3bcd52ec0c86____c10_0____2.csv;t_e9efd5cda78af711____c9_1____4__t_e9efd5cda78af711____c18_0____0_fair.csv,"{""needs_fairification"": true, ""success"": true, ""swaps_made"": 4, ""initial_fairness"": 0.0628, ""initial_delta"": 0.34}"
tusLarge3,exhaustive,t_6c551d740feb0608____c9_0____3_fair.csv,10,308,102,0,False,0.4396,,0.0,0.032467532467532464,0,0.0,,"{""needs_fairification"": true, ""success"": false, ""swaps_made"": 9, ""initial_fairness"": 0.0236, ""initial_delta"": 0.38}"
tusLarge3,exhaustive,t_6c551d740feb0608____c9_0____3_fair.csv,20,308,102,0,False,0.4396,,0.0,0.06493506493506493,0,0.0,,"{""needs_fairification"": true, ""success"": false, ""swaps_made"": 2, ""initial_fairness"": 0.0152, ""initial_delta"": 0.38}"
tusLarge3,exhaustive,t_6c551d740feb0608____c10_0____2_fair.csv,5,342,99,5,True,0.3327,1.0,0.014619883040935672,0.014619883040935672,47.78651684522629,47.78651684522629,t_6c551d740feb0608____c10_0____0.csv;t_6c551d740feb0608____c10_0____0__t_6c551d740feb0608____c5_1____1_fair.csv;t_6c551d740feb0608____c10_0____0__t_6c551d740feb0608____c10_0____2_fair.csv;t_6c551d740feb0608____c10_0____3__t_6c551d740feb0608____c10_0____2_fair.csv;t_6c551d740feb0608____c13_0____4__t_6c551d740feb0608____c10_0____2_fair.csv,"{""needs_fairification"": true, ""success"": true, ""swaps_made"": 2, ""initial_fairness"": 0.1805, ""initial_delta"": 0.22}"
tusLarge3,exhaustive,t_6c551d740feb0608____c10_0____2_fair.csv,10,342,99,10,True,0.3119,1.0,0.029239766081871343,0.029239766081871343,95.7746160030365,95.7746160030365,t_6c551d740feb0608____c10_0____0.csv;t_6c551d740feb0608____c10_0____0__t_6c551d740feb0608____c5_1____1_fair.csv;t_6c551d740feb0608____c10_0____0__t_6c551d740feb0608____c10_0____2_fair.csv;t_6c551d740feb0608____c13_0____0__t_6c551d740feb0608____c5_1____1_fair.csv;t_6c551d740feb0608____c13_0____0__t_6c551d740feb0608____c16_0____1_fair.csv;t_6c551d740feb0608____c13_0____0__t_6c551d740feb0608____c10_0____2_fair.csv;t_6c551d740feb0608____c10_1____2__t_6c551d740feb0608____c10_0____2_fair.csv;t_6c551d740feb0608____c10_0____1__t_6c551d740feb0608____c10_0____2_fair.csv;t_6c551d740feb0608____c10_0____3__t_6c551d740feb0608____c10_0____2_fair.csv;t_6c551d740feb0608____c13_0____4__t_6c551d740feb0608____c10_0____2_fair.csv,"{""needs_fairification"": true, ""success"": true, ""swaps_made"": 4, ""initial_fairness"": 0.1589, ""initial_delta"": 0.24}"
tusLarge3,exhaustive,t_6c551d740feb0608____c10_0____2_fair.csv,20,342,99,20,True,0.2998,0.6,0.03508771929824561,0.05847953216374269,165.14859640598297,165.14859640598297,t_6c551d740feb0608____c10_0____0.csv;t_6c551d740feb0608____c10_0____0__t_6c551d740feb0608____c10_0____2_fair.csv;t_6c551d740feb0608____c13_0____0__t_6c551d740feb0608____c5_1____1_fair.csv;t_6c551d740feb0608____c13_0____0__t_6c551d740feb0608____c16_0____1_fair.csv;t_6c551d740feb0608____c13_0____0__t_6c551d740feb0608____c10_0____2_fair.csv;t_6c551d740feb0608____c10_1____2__t_6c551d740feb0608____c10_0____2_fair.csv;t_6c551d740feb0608____c10_0____1__t_6c551d740feb0608____c10_0____2_fair.csv;t_6c551d740feb0608____c10_0____3__t_6c551d740feb0608____c10_0____2_fair.csv;t_6c551d740feb0608____c13_0____2__t_6c551d740feb0608____c10_0____2_fair.csv;t_6c551d740feb0608____c13_0____1__t_6c551d740feb0608____c5_1____1_fair.csv;t_6c551d740feb0608____c13_0____1__t_6c551d740feb0608____c10_0____2_fair.csv;t_6c551d740feb0608____c13_0____4__t_6c551d740feb0608____c10_0____2_fair.csv;PED_YT_DTL_SNF____c7_0____1__PED_YT_DTL_SNF____c22_0____2_fair.csv;PED_YT_DTL_SNF____c7_1____1__PED_YT_DTL_SNF____c22_0____2_fair.csv;PED_YT_DTL_SNF____c7_1____1.csv;PED_YT_DTL_SNF____c7_1____0__PED_YT_DTL_SNF____c22_0____2_fair.csv;PED_YT_DTL_SNF____c7_0____1.csv;PED_YT_DTL_SNF____c7_0____0__PED_YT_DTL_SNF____c22_0____2_fair.csv;t_285b3bcd52ec0c86____c6_1____0.csv;t_285b3bcd52ec0c86____c6_1____2.csv,"{""needs_fairification"": true, ""success"": true, ""swaps_made"": 12, ""initial_fairness"": 0.1561, ""initial_delta"": 0.24}"
tusLarge3,exhaustive,t_70edc453a411f33b____c10_1____3_fair.csv,5,249,127,5,True,0.4473,0.2,0.004016064257028112,0.020080321285140562,48.59877461194992,48.59877461194992,t_013a2f8c584d44d7____c10_0____0__t_013a2f8c584d44d7____c6_1____4_fair.csv;t_013a2f8c584d44d7____c10_0____0__t_013a2f8c584d44d7____c4_1____2_fair.csv;t_013a2f8c584d44d7____c10_0____0__t_013a2f8c584d44d7____c12_0____3_fair.csv;t_013a2f8c584d44d7____c10_0____0__t_013a2f8c584d44d7____c10_1____0_fair.csv;t_70edc453a411f33b____c9_0____3__t_70edc453a411f33b____c7_1____4_fair.csv,"{""needs_fairification"": false, ""success"": true, ""swaps_made"": 0, ""initial_fairness"": 0.4473, ""initial_delta"": -0.05}"
tusLarge3,exhaustive,t_70edc453a411f33b____c10_1____3_fair.csv,10,249,127,10,True,0.4289,0.2,0.008032128514056224,0.040160642570281124,93.54184138774872,93.54184138774872,t_013a2f8c584d44d7____c10_0____0__t_013a2f8c584d44d7____c6_1____4_fair.csv;t_013a2f8c584d44d7____c10_0____0__t_013a2f8c584d44d7____c4_1____2_fair.csv;t_013a2f8c584d44d7____c10_0____0__t_013a2f8c584d44d7____c12_0____3_fair.csv;t_013a2f8c584d44d7____c10_0____0__t_013a2f8c584d44d7____c10_1____0_fair.csv;t_70edc453a411f33b____c9_0____3__t_70edc453a411f33b____c7_1____4_fair.csv;t_70edc453a411f33b____c9_0____3__t_70edc453a411f33b____c10_1____3_fair.csv;t_70edc453a411f33b____c9_1____3__t_70edc453a411f33b____c7_1____4_fair.csv;t_70edc453a411f33b____c9_1____3__t_70edc453a411f33b____c12_1____3_fair.csv;t_dc9442ed0b52d69c____c9_0____4__t_dc9442ed0b52d69c____c9_0____2_fair.csv;t_dc9442ed0b52d69c____c9_0____4__t_dc9442ed0b52d69c____c8_0____3_fair.csv,"{""needs_fairification"": false, ""success"": true, ""swaps_made"": 0, ""initial_fairness"": 0.4289, ""initial_delta"": -0.03}"
tusLarge3,exhaustive,t_70edc453a411f33b____c10_1____3_fair.csv,20,249,127,20,True,0.3784,0.15,0.012048192771084338,0.08032128514056225,183.412626683712,183.412626683712,t_013a2f8c584d44d7____c10_0____0__t_013a2f8c584d44d7____c6_1____4_fair.csv;t_013a2f8c584d44d7____c10_0____0__t_013a2f8c584d44d7____c4_1____2_fair.csv;t_013a2f8c584d44d7____c10_0____0__t_013a2f8c584d44d7____c12_0____3_fair.csv;t_013a2f8c584d44d7____c10_0____0__t_013a2f8c584d44d7____c10_1____0_fair.csv;t_70edc453a411f33b____c9_0____3__t_70edc453a411f33b____c7_1____4_fair.csv;t_70edc453a411f33b____c9_0____3__t_70edc453a411f33b____c10_1____3_fair.csv;t_70edc453a411f33b____c9_1____3__t_70edc453a411f33b____c7_1____4_fair.csv;t_70edc453a411f33b____c9_1____3__t_70edc453a411f33b____c12_1____3_fair.csv;t_dc9442ed0b52d69c____c9_0____4__t_dc9442ed0b52d69c____c9_0____2_fair.csv;t_dc9442ed0b52d69c____c9_0____4__t_dc9442ed0b52d69c____c8_0____3_fair.csv;t_dc9442ed0b52d69c____c9_0____4__t_dc9442ed0b52d69c____c2_1____2_fair.csv;t_dc9442ed0b52d69c____c9_0____3__t_dc9442ed0b52d69c____c9_0____2_fair.csv;t_dc9442ed0b52d69c____c9_0____3__t_dc9442ed0b52d69c____c8_0____3_fair.csv;t_dc9442ed0b52d69c____c9_0____3__t_dc9442ed0b52d69c____c2_1____2_fair.csv;t_70edc453a411f33b____c9_0____1__t_70edc453a411f33b____c7_1____4_fair.csv;t_dc9442ed0b52d69c____c9_1____0__t_dc9442ed0b52d69c____c9_0____2_fair.csv;t_dc9442ed0b52d69c____c9_1____0__t_dc9442ed0b52d69c____c8_0____3_fair.csv;t_dc9442ed0b52d69c____c9_1____0__t_dc9442ed0b52d69c____c2_1____2_fair.csv;t_dc9442ed0b52d69c____c9_1____3__t_dc9442ed0b52d69c____c9_0____2_fair.csv;t_dc9442ed0b52d69c____c9_1____3__t_dc9442ed0b52d69c____c8_0____3_fair.csv,"{""needs_fairification"": false, ""success"": true, ""swaps_made"": 0, ""initial_fairness"": 0.3784, ""initial_delta"": 0.02}"
tusLarge3,exhaustive,t_70edc453a411f33b____c7_1____4_fair.csv,5,259,225,5,True,0.7224,0.0,0.0,0.019305019305019305,29.36127483844757,29.36127483844757,t_dc9442ed0b52d69c____c7_1____1__t_dc9442ed0b52d69c____c9_0____2_fair.csv;t_dc9442ed0b52d69c____c7_1____1__t_dc9442ed0b52d69c____c8_0____3_fair.csv;t_dc9442ed0b52d69c____c7_1____1__t_dc9442ed0b52d69c____c2_1____2_fair.csv;t_dc9442ed0b52d69c____c7_1____3__t_dc9442ed0b52d69c____c9_0____2_fair.csv;t_013a2f8c584d44d7____c3_1____4__t_013a2f8c584d44d7____c7_1____4_fair.csv,"{""needs_fairification"": true, ""success"": true, ""swaps_made"": 1, ""initial_fairness"": 0.1651, ""initial_delta"": 0.23}"
tusLarge3,exhaustive,t_70edc453a411f33b____c7_1____4_fair.csv,10,259,225,10,True,0.6319,0.0,0.0,0.03861003861003861,62.44347369670868,62.44347369670868,t_dc9442ed0b52d69c____c7_1____1__t_dc9442ed0b52d69c____c9_0____2_fair.csv;t_dc9442ed0b52d69c____c7_1____1__t_dc9442ed0b52d69c____c8_0____3_fair.csv;t_dc9442ed0b52d69c____c7_1____1__t_dc9442ed0b52d69c____c2_1____2_fair.csv;t_dc9442ed0b52d69c____c7_1____3__t_dc9442ed0b52d69c____c9_0____2_fair.csv;t_dc9442ed0b52d69c____c7_1____3__t_dc9442ed0b52d69c____c8_0____3_fair.csv;t_dc9442ed0b52d69c____c7_1____3__t_dc9442ed0b52d69c____c2_1____2_fair.csv;t_dc9442ed0b52d69c____c7_1____3__t_dc9442ed0b52d69c____c10_0____0_fair.csv;t_dc9442ed0b52d69c____c7_0____4__t_dc9442ed0b52d69c____c10_0____0_fair.csv;t_dc9442ed0b52d69c____c7_1____0__t_dc9442ed0b52d69c____c9_0____2_fair.csv;t_013a2f8c584d44d7____c3_1____4__t_013a2f8c584d44d7____c7_1____4_fair.csv,"{""needs_fairification"": true, ""success"": true, ""swaps_made"": 1, ""initial_fairness"": 0.18, ""initial_delta"": 0.22}"
tusLarge3,exhaustive,t_70edc453a411f33b____c7_1____4_fair.csv,20,259,225,20,True,0.5238,0.0,0.0,0.07722007722007722,128.0117283463478,128.0117283463478,t_dc9442ed0b52d69c____c7_1____1__t_dc9442ed0b52d69c____c9_0____2_fair.csv;t_dc9442ed0b52d69c____c7_1____1__t_dc9442ed0b52d69c____c8_0____3_fair.csv;t_dc9442ed0b52d69c____c7_1____1__t_dc9442ed0b52d69c____c2_1____2_fair.csv;t_dc9442ed0b52d69c____c7_1____3__t_dc9442ed0b52d69c____c9_0____2_fair.csv;t_dc9442ed0b52d69c____c7_1____3__t_dc9442ed0b52d69c____c8_0____3_fair.csv;t_dc9442ed0b52d69c____c7_1____3__t_dc9442ed0b52d69c____c2_1____2_fair.csv;t_dc9442ed0b52d69c____c7_1____3__t_dc9442ed0b52d69c____c10_0____0_fair.csv;t_dc9442ed0b52d69c____c7_0____4__t_dc9442ed0b52d69c____c10_0____0_fair.csv;t_dc9442ed0b52d69c____c7_1____0__t_dc9442ed0b52d69c____c9_0____2_fair.csv;t_dc9442ed0b52d69c____c7_1____0__t_dc9442ed0b52d69c____c8_0____3_fair.csv;t_dc9442ed0b52d69c____c7_1____0__t_dc9442ed0b52d69c____c2_1____2_fair.csv;t_dc9442ed0b52d69c____c7_1____0__t_dc9442ed0b52d69c____c10_0____0_fair.csv;t_dc9442ed0b52d69c____c7_1____3.csv;t_dc9442ed0b52d69c____c7_0____4.csv;t_dc9442ed0b52d69c____c7_1____4__t_dc9442ed0b52d69c____c9_0____2_fair.csv;t_dc9442ed0b52d69c____c7_1____4__t_dc9442ed0b52d69c____c8_0____3_fair.csv;t_dc9442ed0b52d69c____c7_1____4__t_dc9442ed0b52d69c____c2_1____2_fair.csv;t_dc9442ed0b52d69c____c7_1____4__t_dc9442ed0b52d69c____c10_0____0_fair.csv;t_dc9442ed0b52d69c____c7_1____1.csv;t_013a2f8c584d44d7____c3_1____4__t_013a2f8c584d44d7____c7_1____4_fair.csv,"{""needs_fairification"": true, ""success"": true, ""swaps_made"": 1, ""initial_fairness"": 0.1743, ""initial_delta"": 0.23}"
tusLarge3,exhaustive,t_356fc1eaad97f93b____c18_1____2_fair.csv,5,557,57,5,True,0.325,1.0,0.008976660682226212,0.008976660682226212,81.70649695396423,81.70649695396423,t_356fc1eaad97f93b____c20_0____3.csv;t_356fc1eaad97f93b____c20_0____3__t_356fc1eaad97f93b____c1_0____1_fair.csv;t_356fc1eaad97f93b____c18_1____3__t_356fc1eaad97f93b____c20_0____1_fair.csv;t_356fc1eaad97f93b____c19_1____3__t_356fc1eaad97f93b____c20_0____1_fair.csv;t_356fc1eaad97f93b____c19_1____3__t_356fc1eaad97f93b____c18_1____2_fair.csv,"{""needs_fairification"": true, ""success"": true, ""swaps_made"": 3, ""initial_fairness"": 0.0784, ""initial_delta"": 0.32}"
tusLarge3,exhaustive,t_356fc1eaad97f93b____c18_1____2_fair.csv,10,557,57,10,True,0.2991,1.0,0.017953321364452424,0.017953321364452424,162.98932325839996,162.98932325839996,t_356fc1eaad97f93b____c20_0____2__t_356fc1eaad97f93b____c20_0____1_fair.csv;t_356fc1eaad97f93b____c20_0____2__t_356fc1eaad97f93b____c1_0____1_fair.csv;t_356fc1eaad97f93b____c20_0____2__t_356fc1eaad97f93b____c18_1____2_fair.csv;t_356fc1eaad97f93b____c20_0____2__t_356fc1eaad97f93b____c13_1____2_fair.csv;t_356fc1eaad97f93b____c18_1____3__t_356fc1eaad97f93b____c20_0____1_fair.csv;t_356fc1eaad97f93b____c18_1____3__t_356fc1eaad97f93b____c18_1____2_fair.csv;t_356fc1eaad97f93b____c19_1____3__t_356fc1eaad97f93b____c20_0____1_fair.csv;t_356fc1eaad97f93b____c19_1____3__t_356fc1eaad97f93b____c18_1____2_fair.csv;t_356fc1eaad97f93b____c19_0____3__t_356fc1eaad97f93b____c20_0____1_fair.csv;t_356fc1eaad97f93b____c19_0____3__t_356fc1eaad97f93b____c18_1____2_fair.csv,"{""needs_fairification"": true, ""success"": true, ""swaps_made"": 6, ""initial_fairness"": 0.0657, ""initial_delta"": 0.33}"
tusLarge3,exhaustive,t_356fc1eaad97f93b____c18_1____2_fair.csv,20,557,57,20,True,0.297,1.0,0.03590664272890485,0.03590664272890485,326.3604812026024,326.3604812026024,t_356fc1eaad97f93b____c20_0____2__t_356fc1eaad97f93b____c1_0____1_fair.csv;t_356fc1eaad97f93b____c20_0____2__t_356fc1eaad97f93b____c18_1____2_fair.csv;t_356fc1eaad97f93b____c20_0____2__t_356fc1eaad97f93b____c13_1____2_fair.csv;t_356fc1eaad97f93b____c20_1____2__t_356fc1eaad97f93b____c20_0____1_fair.csv;t_356fc1eaad97f93b____c20_1____2__t_356fc1eaad97f93b____c1_0____1_fair.csv;t_356fc1eaad97f93b____c20_1____2__t_356fc1eaad97f93b____c18_1____2_fair.csv;t_356fc1eaad97f93b____c20_1____2__t_356fc1eaad97f93b____c14_1____2_fair.csv;t_356fc1eaad97f93b____c20_1____2__t_356fc1eaad97f93b____c13_1____2_fair.csv;t_356fc1eaad97f93b____c20_1____3__t_356fc1eaad97f93b____c20_0____1_fair.csv;t_356fc1eaad97f93b____c20_1____3__t_356fc1eaad97f93b____c1_0____1_fair.csv;t_356fc1eaad97f93b____c20_1____3__t_356fc1eaad97f93b____c18_1____2_fair.csv;t_356fc1eaad97f93b____c20_1____3__t_356fc1eaad97f93b____c14_1____2_fair.csv;t_356fc1eaad97f93b____c20_1____3__t_356fc1eaad97f93b____c13_1____2_fair.csv;t_356fc1eaad97f93b____c20_1____3.csv;t_356fc1eaad97f93b____c18_1____3__t_356fc1eaad97f93b____c20_0____1_fair.csv;t_356fc1eaad97f93b____c18_1____3__t_356fc1eaad97f93b____c18_1____2_fair.csv;t_356fc1eaad97f93b____c19_1____3__t_356fc1eaad97f93b____c20_0____1_fair.csv;t_356fc1eaad97f93b____c19_1____3__t_356fc1eaad97f93b____c18_1____2_fair.csv;t_356fc1eaad97f93b____c19_0____3__t_356fc1eaad97f93b____c20_0____1_fair.csv;t_356fc1eaad97f93b____c19_0____3__t_356fc1eaad97f93b____c18_1____2_fair.csv,"{""needs_fairification"": true, ""success"": true, ""swaps_made"": 12, ""initial_fairness"": 0.0922, ""initial_delta"": 0.31}"
tusLarge3,exhaustive,t_70edc453a411f33b____c12_1____3_fair.csv,5,232,113,5,True,0.4299,0.8,0.017241379310344827,0.021551724137931036,53.656174302101135,53.656174302101135,t_70edc453a411f33b____c11_0____0__t_70edc453a411f33b____c12_1____3_fair.csv;t_70edc453a411f33b____c11_0____0__t_70edc453a411f33b____c10_1____3_fair.csv;t_70edc453a411f33b____c11_0____1__t_70edc453a411f33b____c7_1____4_fair.csv;t_70edc453a411f33b____c11_0____1__t_70edc453a411f33b____c12_1____3_fair.csv;t_013a2f8c584d44d7____c10_0____0__t_013a2f8c584d44d7____c10_1____0_fair.csv,"{""needs_fairification"": true, ""success"": true, ""swaps_made"": 1, ""initial_fairness"": 0.1715, ""initial_delta"": 0.23}"
tusLarge3,exhaustive,t_70edc453a411f33b____c12_1____3_fair.csv,10,232,113,10,True,0.3573,0.9,0.03879310344827586,0.04310344827586207,108.30895739793777,108.30895739793777,t_70edc453a411f33b____c11_0____0__t_70edc453a411f33b____c7_1____4_fair.csv;t_70edc453a411f33b____c11_0____0__t_70edc453a411f33b____c12_1____3_fair.csv;t_70edc453a411f33b____c11_0____0__t_70edc453a411f33b____c10_1____3_fair.csv;t_70edc453a411f33b____c11_0____1__t_70edc453a411f33b____c7_1____4_fair.csv;t_70edc453a411f33b____c11_0____1__t_70edc453a411f33b____c12_1____3_fair.csv;t_70edc453a411f33b____c11_0____1__t_70edc453a411f33b____c10_1____3_fair.csv;t_70edc453a411f33b____c11_1____0__t_70edc453a411f33b____c7_1____4_fair.csv;t_70edc453a411f33b____c11_1____0__t_70edc453a411f33b____c10_1____3_fair.csv;t_70edc453a411f33b____c11_1____2__t_70edc453a411f33b____c7_1____4_fair.csv;t_013a2f8c584d44d7____c10_0____0__t_013a2f8c584d44d7____c10_1____0_fair.csv,"{""needs_fairification"": true, ""success"": true, ""swaps_made"": 1, ""initial_fairness"": 0.1452, ""initial_delta"": 0.25}"
tusLarge3,exhaustive,t_70edc453a411f33b____c12_1____3_fair.csv,20,232,113,20,True,0.3586,0.9,0.07758620689655173,0.08620689655172414,216.54369401931763,216.54369401931763,t_70edc453a411f33b____c11_0____0__t_70edc453a411f33b____c7_1____4_fair.csv;t_70edc453a411f33b____c11_0____0__t_70edc453a411f33b____c12_1____3_fair.csv;t_70edc453a411f33b____c11_0____0__t_70edc453a411f33b____c10_1____3_fair.csv;t_70edc453a411f33b____c11_0____1__t_70edc453a411f33b____c7_1____4_fair.csv;t_70edc453a411f33b____c11_0____1__t_70edc453a411f33b____c12_1____3_fair.csv;t_70edc453a411f33b____c11_0____1__t_70edc453a411f33b____c10_1____3_fair.csv;t_70edc453a411f33b____c11_1____0__t_70edc453a411f33b____c7_1____4_fair.csv;t_70edc453a411f33b____c11_1____0__t_70edc453a411f33b____c10_1____3_fair.csv;t_70edc453a411f33b____c11_1____2__t_70edc453a411f33b____c7_1____4_fair.csv;t_70edc453a411f33b____c11_1____2__t_70edc453a411f33b____c10_1____3_fair.csv;t_70edc453a411f33b____c11_0____2__t_70edc453a411f33b____c7_1____4_fair.csv;t_70edc453a411f33b____c11_0____2__t_70edc453a411f33b____c12_1____3_fair.csv;t_70edc453a411f33b____c11_0____2__t_70edc453a411f33b____c10_1____3_fair.csv;t_70edc453a411f33b____c11_1____1__t_70edc453a411f33b____c7_1____4_fair.csv;t_70edc453a411f33b____c11_1____1__t_70edc453a411f33b____c12_1____3_fair.csv;t_70edc453a411f33b____c11_1____1__t_70edc453a411f33b____c10_1____3_fair.csv;t_70edc453a411f33b____c11_0____4__t_70edc453a411f33b____c7_1____4_fair.csv;t_70edc453a411f33b____c11_0____4__t_70edc453a411f33b____c12_1____3_fair.csv;t_013a2f8c584d44d7____c10_0____0__t_013a2f8c584d44d7____c4_1____2_fair.csv;t_013a2f8c584d44d7____c10_0____0__t_013a2f8c584d44d7____c10_1____0_fair.csv,"{""needs_fairification"": true, ""success"": true, ""swaps_made"": 2, ""initial_fairness"": 0.1328, ""initial_delta"": 0.27}"
tusLarge3,exhaustive,t_8b2f04db4903263f____c10_0____0_fair.csv,5,539,82,0,False,0.4116,,0.0,0.00927643784786642,0,0.0,,"{""needs_fairification"": true, ""success"": false, ""swaps_made"": 5, ""initial_fairness"": 0.055, ""initial_delta"": 0.35}"
tusLarge3,exhaustive,t_8b2f04db4903263f____c10_0____0_fair.csv,10,539,82,0,False,0.4116,,0.0,0.01855287569573284,0,0.0,,"{""needs_fairification"": true, ""success"": false, ""swaps_made"": 5, ""initial_fairness"": 0.0302, ""initial_delta"": 0.37}"
tusLarge3,exhaustive,t_8b2f04db4903263f____c10_0____0_fair.csv,20,539,82,0,False,0.4116,,0.0,0.03710575139146568,0,0.0,,"{""needs_fairification"": true, ""success"": false, ""swaps_made"": 2, ""initial_fairness"": 0.0219, ""initial_delta"": 0.38}"
tusLarge3,exhaustive,t_8b2f04db4903263f____c8_0____0_fair.csv,5,539,87,0,False,0.4399,,0.0,0.00927643784786642,0,0.0,,"{""needs_fairification"": true, ""success"": false, ""swaps_made"": 5, ""initial_fairness"": 0.0769, ""initial_delta"": 0.32}"
tusLarge3,exhaustive,t_8b2f04db4903263f____c8_0____0_fair.csv,10,539,87,0,False,0.4399,,0.0,0.01855287569573284,0,0.0,,"{""needs_fairification"": true, ""success"": false, ""swaps_made"": 8, ""initial_fairness"": 0.045, ""initial_delta"": 0.36}"
tusLarge3,exhaustive,t_8b2f04db4903263f____c8_0____0_fair.csv,20,539,87,0,False,0.4399,,0.0,0.03710575139146568,0,0.0,,"{""needs_fairification"": true, ""success"": false, ""swaps_made"": 1, ""initial_fairness"": 0.0775, ""initial_delta"": 0.32}"
tusLarge3,exhaustive,t_356fc1eaad97f93b____c20_0____1_fair.csv,5,557,60,5,True,0.3467,1.0,0.008976660682226212,0.008976660682226212,94.51681834459305,94.51681834459305,t_356fc1eaad97f93b____c20_1____1__t_356fc1eaad97f93b____c1_0____1_fair.csv;t_356fc1eaad97f93b____c20_1____1__t_356fc1eaad97f93b____c13_1____2_fair.csv;t_356fc1eaad97f93b____c21_0____1__t_356fc1eaad97f93b____c20_0____1_fair.csv;t_356fc1eaad97f93b____c22_0____1__t_356fc1eaad97f93b____c20_0____1_fair.csv;t_356fc1eaad97f93b____c22_0____1__t_356fc1eaad97f93b____c18_1____2_fair.csv,"{""needs_fairification"": true, ""success"": true, ""swaps_made"": 3, ""initial_fairness"": 0.1656, ""initial_delta"": 0.23}"
tusLarge3,exhaustive,t_356fc1eaad97f93b____c20_0____1_fair.csv,10,557,60,10,True,0.315,1.0,0.017953321364452424,0.017953321364452424,188.93167060613632,188.93167060613632,t_356fc1eaad97f93b____c20_1____1__t_356fc1eaad97f93b____c1_0____1_fair.csv;t_356fc1eaad97f93b____c20_1____1__t_356fc1eaad97f93b____c13_1____2_fair.csv;t_356fc1eaad97f93b____c20_1____1.csv;t_356fc1eaad97f93b____c21_1____1.csv;t_356fc1eaad97f93b____c21_1____1__t_356fc1eaad97f93b____c1_0____1_fair.csv;t_356fc1eaad97f93b____c21_0____1__t_356fc1eaad97f93b____c20_0____1_fair.csv;t_356fc1eaad97f93b____c22_0____1__t_356fc1eaad97f93b____c20_0____1_fair.csv;t_356fc1eaad97f93b____c22_0____1__t_356fc1eaad97f93b____c18_1____2_fair.csv;t_356fc1eaad97f93b____c20_0____4__t_356fc1eaad97f93b____c20_0____1_fair.csv;t_356fc1eaad97f93b____c20_0____4__t_356fc1eaad97f93b____c18_1____2_fair.csv,"{""needs_fairification"": true, ""success"": true, ""swaps_made"": 5, ""initial_fairness"": 0.1351, ""initial_delta"": 0.26}"
tusLarge3,exhaustive,t_356fc1eaad97f93b____c20_0____1_fair.csv,20,557,60,0,False,0.4493,,0.0,0.03590664272890485,0,0.0,,"{""needs_fairification"": true, ""success"": false, ""swaps_made"": 8, ""initial_fairness"": 0.1445, ""initial_delta"": 0.26}"
tusLarge3,exhaustive,t_6c551d740feb0608____c16_0____1_fair.csv,5,297,74,5,True,0.3603,1.0,0.016835016835016835,0.016835016835016835,75.2647933959961,75.2647933959961,t_6c551d740feb0608____c16_1____1__t_6c551d740feb0608____c16_0____1_fair.csv;t_6c551d740feb0608____c16_1____1__t_6c551d740feb0608____c10_0____2_fair.csv;t_6c551d740feb0608____c16_1____4__t_6c551d740feb0608____c16_0____1_fair.csv;t_6c551d740feb0608____c16_0____0__t_6c551d740feb0608____c16_0____1_fair.csv;t_6c551d740feb0608____c14_0____4__t_6c551d740feb0608____c16_0____1_fair.csv,"{""needs_fairification"": true, ""success"": true, ""swaps_made"": 2, ""initial_fairness"": 0.221, ""initial_delta"": 0.18}"
tusLarge3,exhaustive,t_6c551d740feb0608____c16_0____1_fair.csv,10,297,74,10,True,0.3225,1.0,0.03367003367003367,0.03367003367003367,151.97039186954498,151.97039186954498,t_6c551d740feb0608____c16_1____1__t_6c551d740feb0608____c16_0____1_fair.csv;t_6c551d740feb0608____c16_1____4__t_6c551d740feb0608____c16_0____1_fair.csv;t_6c551d740feb0608____c16_1____1.csv;t_6c551d740feb0608____c16_1____3__t_6c551d740feb0608____c5_1____1_fair.csv;t_6c551d740feb0608____c16_1____3__t_6c551d740feb0608____c16_0____1_fair.csv;t_6c551d740feb0608____c16_1____3__t_6c551d740feb0608____c10_0____2_fair.csv;t_6c551d740feb0608____c16_0____0__t_6c551d740feb0608____c16_0____1_fair.csv;t_6c551d740feb0608____c16_0____4__t_6c551d740feb0608____c16_0____1_fair.csv;t_6c551d740feb0608____c16_0____3__t_6c551d740feb0608____c16_0____1_fair.csv;t_6c551d740feb0608____c14_0____4__t_6c551d740feb0608____c16_0____1_fair.csv,"{""needs_fairification"": true, ""success"": true, ""swaps_made"": 4, ""initial_fairness"": 0.1683, ""initial_delta"": 0.23}"
tusLarge3,exhaustive,t_6c551d740feb0608____c16_0____1_fair.csv,20,297,74,0,False,0.4515,,0.0,0.06734006734006734,0,0.0,,"{""needs_fairification"": true, ""success"": false, ""swaps_made"": 3, ""initial_fairness"": 0.154, ""initial_delta"": 0.25}"
tusLarge3,exhaustive,t_8b2f04db4903263f____c9_1____1_fair.csv,5,539,100,5,True,0.319,1.0,0.00927643784786642,0.00927643784786642,39.92179495096207,39.92179495096207,t_8b2f04db4903263f____c9_1____0__t_8b2f04db4903263f____c10_0____0_fair.csv;t_8b2f04db4903263f____c9_1____0.csv;t_8b2f04db4903263f____c12_0____3__t_8b2f04db4903263f____c9_1____1_fair.csv;t_8b2f04db4903263f____c12_0____2__t_8b2f04db4903263f____c9_1____1_fair.csv;t_8b2f04db4903263f____c9_1____2__t_8b2f04db4903263f____c9_1____1_fair.csv,"{""needs_fairification"": true, ""success"": true, ""swaps_made"": 3, ""initial_fairness"": 0.0801, ""initial_delta"": 0.32}"
tusLarge3,exhaustive,t_8b2f04db4903263f____c9_1____1_fair.csv,10,539,100,0,False,0.431,,0.0,0.01855287569573284,0,0.0,,"{""needs_fairification"": true, ""success"": false, ""swaps_made"": 9, ""initial_fairness"": 0.0544, ""initial_delta"": 0.35}"
tusLarge3,exhaustive,t_8b2f04db4903263f____c9_1____1_fair.csv,20,539,100,0,False,0.431,,0.0,0.03710575139146568,0,0.0,,"{""needs_fairification"": true, ""success"": false, ""swaps_made"": 3, ""initial_fairness"": 0.0731, ""initial_delta"": 0.33}"
tusLarge3,exhaustive,t_8b91ff826fe3eeb8____c3_1____2_fair.csv,5,118,375,5,True,0.3457,1.0,0.0423728813559322,0.0423728813559322,13.411161184310913,13.411161184310913,t_8b91ff826fe3eeb8____c3_1____1.csv;t_8b91ff826fe3eeb8____c3_1____1__t_8b91ff826fe3eeb8____c3_1____2_fair.csv;t_8b91ff826fe3eeb8____c3_1____3__t_8b91ff826fe3eeb8____c3_1____2_fair.csv;t_8b91ff826fe3eeb8____c3_1____0__t_8b91ff826fe3eeb8____c3_1____2_fair.csv;t_8b91ff826fe3eeb8____c3_1____3.csv,"{""needs_fairification"": false, ""success"": true, ""swaps_made"": 0, ""initial_fairness"": 0.3457, ""initial_delta"": 0.05}"
tusLarge3,exhaustive,t_8b91ff826fe3eeb8____c3_1____2_fair.csv,10,118,375,0,False,0.4133,,0.0,0.0847457627118644,0,0.0,,"{""needs_fairification"": true, ""success"": false, ""swaps_made"": 0, ""initial_fairness"": 0.0085, ""initial_delta"": 0.39}"
tusLarge3,exhaustive,t_8b91ff826fe3eeb8____c3_1____2_fair.csv,20,118,375,0,False,0.4133,,0.0,0.1694915254237288,0,0.0,,"{""needs_fairification"": true, ""success"": false, ""swaps_made"": 0, ""initial_fairness"": 0.0028, ""initial_delta"": 0.4}"
tusLarge3,exhaustive,t_8b2f04db4903263f____c13_0____2_fair.csv,5,502,77,5,True,0.3436,0.8,0.00796812749003984,0.0099601593625498,56.0836523771286,56.0836523771286,t_8b2f04db4903263f____c13_0____3.csv;t_8b2f04db4903263f____c13_1____4.csv;t_8b2f04db4903263f____c13_0____1__t_8b2f04db4903263f____c13_0____2_fair.csv;t_8b2f04db4903263f____c14_0____4__t_8b2f04db4903263f____c13_0____2_fair.csv;t_8b2f04db4903263f____c16_1____3__t_8b2f04db4903263f____c13_0____2_fair.csv,"{""needs_fairification"": true, ""success"": true, ""swaps_made"": 3, ""initial_fairness"": 0.0909, ""initial_delta"": 0.31}"
tusLarge3,exhaustive,t_8b2f04db4903263f____c13_0____2_fair.csv,10,502,77,10,True,0.2952,0.8,0.01593625498007968,0.0199203187250996,109.6507038474083,109.6507038474083,t_8b2f04db4903263f____c13_0____3.csv;t_8b2f04db4903263f____c13_1____4.csv;t_8b2f04db4903263f____c14_1____3__t_8b2f04db4903263f____c13_0____2_fair.csv;t_8b2f04db4903263f____c13_0____1__t_8b2f04db4903263f____c13_0____2_fair.csv;t_8b2f04db4903263f____c13_1____2.csv;t_8b2f04db4903263f____c15_1____4.csv;t_8b2f04db4903263f____c13_0____3__t_8b2f04db4903263f____c13_0____2_fair.csv;t_8b2f04db4903263f____c14_0____4__t_8b2f04db4903263f____c13_0____2_fair.csv;t_8b2f04db4903263f____c16_1____3__t_8b2f04db4903263f____c13_0____2_fair.csv;t_8b2f04db4903263f____c10_0____3.csv,"{""needs_fairification"": true, ""success"": true, ""swaps_made"": 5, ""initial_fairness"": 0.1422, ""initial_delta"": 0.26}"
tusLarge3,exhaustive,t_8b2f04db4903263f____c13_0____2_fair.csv,20,502,77,0,False,0.4314,,0.0,0.0398406374501992,0,0.0,,"{""needs_fairification"": true, ""success"": false, ""swaps_made"": 2, ""initial_fairness"": 0.096, ""initial_delta"": 0.3}"
tusLarge3,exhaustive,t_8f2aacee00084d17____c10_1____2_fair.csv,5,349,83,5,True,0.3467,0.8,0.011461318051575931,0.014326647564469915,46.24862891435623,46.24862891435623,t_8f2aacee00084d17____c11_1____2.csv;t_8f2aacee00084d17____c10_1____4.csv;t_8f2aacee00084d17____c10_1____4__t_8f2aacee00084d17____c10_1____2_fair.csv;t_8f2aacee00084d17____c15_1____2__t_8f2aacee00084d17____c10_1____2_fair.csv;t_8f2aacee00084d17____c8_0____2__t_8f2aacee00084d17____c10_1____2_fair.csv,"{""needs_fairification"": true, ""success"": true, ""swaps_made"": 2, ""initial_fairness"": 0.1751, ""initial_delta"": 0.22}"
tusLarge3,exhaustive,t_8f2aacee00084d17____c10_1____2_fair.csv,10,349,83,10,True,0.3269,0.9,0.025787965616045846,0.02865329512893983,93.05335229635239,93.05335229635239,t_8f2aacee00084d17____c11_1____2.csv;t_8f2aacee00084d17____c10_1____4.csv;t_8f2aacee00084d17____c10_1____4__t_8f2aacee00084d17____c10_1____2_fair.csv;t_8f2aacee00084d17____c10_1____3.csv;t_8f2aacee00084d17____c13_1____2.csv;t_8f2aacee00084d17____c10_1____3__t_8f2aacee00084d17____c10_1____2_fair.csv;t_8f2aacee00084d17____c18_1____4__t_8f2aacee00084d17____c10_1____2_fair.csv;t_8f2aacee00084d17____c15_1____2__t_8f2aacee00084d17____c10_1____2_fair.csv;t_8f2aacee00084d17____c9_0____4__t_8f2aacee00084d17____c10_1____2_fair.csv;t_8f2aacee00084d17____c8_0____2__t_8f2aacee00084d17____c10_1____2_fair.csv,"{""needs_fairification"": true, ""success"": true, ""swaps_made"": 4, ""initial_fairness"": 0.1426, ""initial_delta"": 0.26}"
tusLarge3,exhaustive,t_8f2aacee00084d17____c10_1____2_fair.csv,20,349,83,0,False,0.4451,,0.0,0.05730659025787966,0,0.0,,"{""needs_fairification"": true, ""success"": false, ""swaps_made"": 7, ""initial_fairness"": 0.0686, ""initial_delta"": 0.33}"
tusLarge3,exhaustive,t_8f2aacee00084d17____c16_1____1_fair.csv,5,371,76,0,False,0.4331,,0.0,0.013477088948787063,0,0.0,,"{""needs_fairification"": true, ""success"": false, ""swaps_made"": 3, ""initial_fairness"": 0.084, ""initial_delta"": 0.32}"
tusLarge3,exhaustive,t_8f2aacee00084d17____c16_1____1_fair.csv,10,371,76,0,False,0.4331,,0.0,0.026954177897574125,0,0.0,,"{""needs_fairification"": true, ""success"": false, ""swaps_made"": 1, ""initial_fairness"": 0.0974, ""initial_delta"": 0.3}"
tusLarge3,exhaustive,t_8f2aacee00084d17____c16_1____1_fair.csv,20,371,76,0,False,0.4331,,0.0,0.05390835579514825,0,0.0,,"{""needs_fairification"": true, ""success"": false, ""swaps_made"": 0, ""initial_fairness"": 0.0842, ""initial_delta"": 0.32}"
tusLarge3,exhaustive,t_8f2aacee00084d17____c11_0____4_fair.csv,5,371,76,5,True,0.3139,1.0,0.013477088948787063,0.013477088948787063,52.820690870285034,52.820690870285034,t_8f2aacee00084d17____c11_0____2.csv;t_8f2aacee00084d17____c11_0____0__t_8f2aacee00084d17____c13_1____4_fair.csv;t_8f2aacee00084d17____c11_0____0__t_8f2aacee00084d17____c11_0____4_fair.csv;t_8f2aacee00084d17____c17_0____0__t_8f2aacee00084d17____c11_0____4_fair.csv;t_8f2aacee00084d17____c14_1____0__t_8f2aacee00084d17____c11_0____4_fair.csv,"{""needs_fairification"": true, ""success"": true, ""swaps_made"": 2, ""initial_fairness"": 0.1603, ""initial_delta"": 0.24}"
tusLarge3,exhaustive,t_8f2aacee00084d17____c11_0____4_fair.csv,10,371,76,10,True,0.3206,1.0,0.026954177897574125,0.026954177897574125,105.38908421993256,105.38908421993256,t_8f2aacee00084d17____c11_0____2.csv;t_8f2aacee00084d17____c11_0____0__t_8f2aacee00084d17____c13_1____4_fair.csv;t_8f2aacee00084d17____c11_0____0__t_8f2aacee00084d17____c11_0____4_fair.csv;t_8f2aacee00084d17____c15_0____4__t_8f2aacee00084d17____c13_1____4_fair.csv;t_8f2aacee00084d17____c11_0____2__t_8f2aacee00084d17____c11_0____4_fair.csv;t_8f2aacee00084d17____c18_1____4__t_8f2aacee00084d17____c11_0____4_fair.csv;t_8f2aacee00084d17____c11_0____3__t_8f2aacee00084d17____c11_0____4_fair.csv;t_8f2aacee00084d17____c17_0____0__t_8f2aacee00084d17____c11_0____4_fair.csv;t_8f2aacee00084d17____c14_1____0__t_8f2aacee00084d17____c11_0____4_fair.csv;t_8f2aacee00084d17____c11_0____1__t_8f2aacee00084d17____c11_0____4_fair.csv,"{""needs_fairification"": true, ""success"": true, ""swaps_made"": 5, ""initial_fairness"": 0.1224, ""initial_delta"": 0.28}"
tusLarge3,exhaustive,t_8f2aacee00084d17____c11_0____4_fair.csv,20,371,76,0,False,0.4386,,0.0,0.05390835579514825,0,0.0,,"{""needs_fairification"": true, ""success"": false, ""swaps_made"": 5, ""initial_fairness"": 0.0641, ""initial_delta"": 0.34}"
tusLarge3,exhaustive,t_8e2f57ee5e3e4821____c14_1____3_fair.csv,5,174,85,5,True,0.3093,1.0,0.028735632183908046,0.028735632183908046,60.59821975231171,60.59821975231171,t_8e2f57ee5e3e4821____c15_0____3.csv;t_8e2f57ee5e3e4821____c14_0____3__t_8e2f57ee5e3e4821____c15_0____0_fair.csv;t_8e2f57ee5e3e4821____c14_0____3__t_8e2f57ee5e3e4821____c14_1____3_fair.csv;t_8e2f57ee5e3e4821____c14_0____1__t_8e2f57ee5e3e4821____c14_1____3_fair.csv;t_8e2f57ee5e3e4821____c9_0____4__t_8e2f57ee5e3e4821____c14_1____3_fair.csv,"{""needs_fairification"": true, ""success"": true, ""swaps_made"": 2, ""initial_fairness"": 0.1491, ""initial_delta"": 0.25}"
tusLarge3,exhaustive,t_8e2f57ee5e3e4821____c14_1____3_fair.csv,10,174,85,10,True,0.308,1.0,0.05747126436781609,0.05747126436781609,121.74474257230759,121.74474257230759,t_8e2f57ee5e3e4821____c15_0____3.csv;t_8e2f57ee5e3e4821____c14_0____3__t_8e2f57ee5e3e4821____c15_0____0_fair.csv;t_8e2f57ee5e3e4821____c14_0____3__t_8e2f57ee5e3e4821____c14_1____3_fair.csv;t_8e2f57ee5e3e4821____c14_0____3.csv;t_8e2f57ee5e3e4821____c13_1____3.csv;t_8e2f57ee5e3e4821____c13_1____3__t_8e2f57ee5e3e4821____c14_1____3_fair.csv;t_8e2f57ee5e3e4821____c14_0____4__t_8e2f57ee5e3e4821____c14_1____3_fair.csv;t_8e2f57ee5e3e4821____c14_0____1__t_8e2f57ee5e3e4821____c14_1____3_fair.csv;t_8e2f57ee5e3e4821____c11_0____1__t_8e2f57ee5e3e4821____c14_1____3_fair.csv;t_8e2f57ee5e3e4821____c9_0____4__t_8e2f57ee5e3e4821____c14_1____3_fair.csv,"{""needs_fairification"": true, ""success"": true, ""swaps_made"": 5, ""initial_fairness"": 0.0871, ""initial_delta"": 0.31}"
tusLarge3,exhaustive,t_8e2f57ee5e3e4821____c14_1____3_fair.csv,20,174,85,0,False,0.4105,,0.0,0.11494252873563218,0,0.0,,"{""needs_fairification"": true, ""success"": false, ""swaps_made"": 7, ""initial_fairness"": 0.0916, ""initial_delta"": 0.31}"
tusLarge3,exhaustive,t_8f2aacee00084d17____c13_1____4_fair.csv,5,335,83,5,True,0.317,1.0,0.014925373134328358,0.014925373134328358,59.84938395023346,59.84938395023346,t_8f2aacee00084d17____c13_1____1.csv;t_8f2aacee00084d17____c13_1____1__t_8f2aacee00084d17____c13_1____4_fair.csv;t_8f2aacee00084d17____c13_1____1__t_8f2aacee00084d17____c10_1____2_fair.csv;t_8f2aacee00084d17____c17_1____4__t_8f2aacee00084d17____c13_1____4_fair.csv;t_8f2aacee00084d17____c10_1____1__t_8f2aacee00084d17____c13_1____4_fair.csv,"{""needs_fairification"": true, ""success"": true, ""swaps_made"": 2, ""initial_fairness"": 0.1624, ""initial_delta"": 0.24}"
tusLarge3,exhaustive,t_8f2aacee00084d17____c13_1____4_fair.csv,10,335,83,0,False,0.4345,,0.0,0.029850746268656716,0,0.0,,"{""needs_fairification"": true, ""success"": false, ""swaps_made"": 6, ""initial_fairness"": 0.1328, ""initial_delta"": 0.27}"
tusLarge3,exhaustive,t_8f2aacee00084d17____c13_1____4_fair.csv,20,335,83,0,False,0.4345,,0.0,0.05970149253731343,0,0.0,,"{""needs_fairification"": true, ""success"": false, ""swaps_made"": 3, ""initial_fairness"": 0.0723, ""initial_delta"": 0.33}"
tusLarge3,exhaustive,t_93f3d6f7fc6aa6ff____c6_1____1_fair.csv,5,344,165,5,True,0.3301,1.0,0.014534883720930232,0.014534883720930232,27.16023963689804,27.16023963689804,t_93f3d6f7fc6aa6ff____c6_1____3.csv;t_93f3d6f7fc6aa6ff____c6_1____3__t_93f3d6f7fc6aa6ff____c6_1____1_fair.csv;t_93f3d6f7fc6aa6ff____c6_1____0__t_93f3d6f7fc6aa6ff____c6_1____1_fair.csv;t_93f3d6f7fc6aa6ff____c6_1____4.csv;t_93f3d6f7fc6aa6ff____c6_1____2__t_93f3d6f7fc6aa6ff____c6_1____1_fair.csv,"{""needs_fairification"": true, ""success"": true, ""swaps_made"": 1, ""initial_fairness"": 0.2615, ""initial_delta"": 0.14}"
tusLarge3,exhaustive,t_93f3d6f7fc6aa6ff____c6_1____1_fair.csv,10,344,165,10,True,0.3154,0.6,0.01744186046511628,0.029069767441860465,45.956587970256805,45.956587970256805,t_93f3d6f7fc6aa6ff____c6_1____3.csv;t_93f3d6f7fc6aa6ff____c6_1____3__t_93f3d6f7fc6aa6ff____c6_1____1_fair.csv;t_93f3d6f7fc6aa6ff____c6_1____0.csv;t_93f3d6f7fc6aa6ff____c6_1____0__t_93f3d6f7fc6aa6ff____c6_1____1_fair.csv;t_93f3d6f7fc6aa6ff____c6_1____4__t_93f3d6f7fc6aa6ff____c6_1____1_fair.csv;t_28dc8f7610402ea7____c6_0____1.csv;t_93f3d6f7fc6aa6ff____c6_1____2__t_93f3d6f7fc6aa6ff____c6_1____1_fair.csv;t_6047be0d6255e98d____c6_0____2.csv;t_6047be0d6255e98d____c3_1____2.csv;CTA_Ridership_Avg_Weekday_Bus_Stop_Boardings_in_October_2012____c1_0____3.csv,"{""needs_fairification"": true, ""success"": true, ""swaps_made"": 4, ""initial_fairness"": 0.1851, ""initial_delta"": 0.21}"
tusLarge3,exhaustive,t_93f3d6f7fc6aa6ff____c6_1____1_fair.csv,20,344,165,20,True,0.3099,0.2,0.011627906976744186,0.05813953488372093,93.99483317136765,93.99483317136765,t_93f3d6f7fc6aa6ff____c6_1____3__t_93f3d6f7fc6aa6ff____c6_1____1_fair.csv;t_93f3d6f7fc6aa6ff____c6_1____0__t_93f3d6f7fc6aa6ff____c6_1____1_fair.csv;t_93f3d6f7fc6aa6ff____c6_1____4__t_93f3d6f7fc6aa6ff____c6_1____1_fair.csv;t_28dc8f7610402ea7____c6_0____1.csv;t_28dc8f7610402ea7____c6_0____2.csv;t_93f3d6f7fc6aa6ff____c6_1____2__t_93f3d6f7fc6aa6ff____c6_1____1_fair.csv;t_28dc8f7610402ea7____c6_0____0.csv;t_6c551d740feb0608____c6_1____3.csv;t_6047be0d6255e98d____c6_0____2__t_6047be0d6255e98d____c6_1____1_fair.csv;t_6047be0d6255e98d____c6_0____2__t_6047be0d6255e98d____c6_0____0_fair.csv;t_6047be0d6255e98d____c6_0____2__t_6047be0d6255e98d____c2_0____2_fair.csv;t_6047be0d6255e98d____c6_0____2.csv;t_6047be0d6255e98d____c6_0____2__t_6047be0d6255e98d____c10_0____0_fair.csv;t_6047be0d6255e98d____c6_0____1__t_6047be0d6255e98d____c6_1____1_fair.csv;t_6047be0d6255e98d____c6_0____1__t_6047be0d6255e98d____c6_0____0_fair.csv;t_6047be0d6255e98d____c6_0____1__t_6047be0d6255e98d____c2_0____2_fair.csv;t_6047be0d6255e98d____c6_0____1__t_6047be0d6255e98d____c10_0____0_fair.csv;t_6047be0d6255e98d____c6_0____1.csv;t_6047be0d6255e98d____c3_1____2.csv;CTA_Ridership_Avg_Weekday_Bus_Stop_Boardings_in_October_2012____c1_0____3.csv,"{""needs_fairification"": true, ""success"": true, ""swaps_made"": 13, ""initial_fairness"": 0.136, ""initial_delta"": 0.26}"
tusLarge3,exhaustive,t_bd6030667b3d0d9a____c1_0____1_fair.csv,5,114,274,5,True,0.3773,1.0,0.043859649122807015,0.043859649122807015,4.513178765773773,4.513178765773773,t_bd6030667b3d0d9a____c1_0____2__t_bd6030667b3d0d9a____c1_0____1_fair.csv;t_bd6030667b3d0d9a____c1_0____2__t_bd6030667b3d0d9a____c1_0____0_fair.csv;t_bd6030667b3d0d9a____c2_0____4__t_bd6030667b3d0d9a____c5_0____4_fair.csv;t_bd6030667b3d0d9a____c2_0____4__t_bd6030667b3d0d9a____c1_0____1_fair.csv;t_bd6030667b3d0d9a____c5_0____3__t_bd6030667b3d0d9a____c1_0____1_fair.csv,"{""needs_fairification"": true, ""success"": true, ""swaps_made"": 1, ""initial_fairness"": 0.2273, ""initial_delta"": 0.17}"
tusLarge3,exhaustive,t_bd6030667b3d0d9a____c1_0____1_fair.csv,10,114,274,10,True,0.3132,1.0,0.08771929824561403,0.08771929824561403,9.108634948730469,9.108634948730469,t_bd6030667b3d0d9a____c1_0____2__t_bd6030667b3d0d9a____c1_0____1_fair.csv;t_bd6030667b3d0d9a____c1_0____2__t_bd6030667b3d0d9a____c1_0____0_fair.csv;t_bd6030667b3d0d9a____c2_0____4__t_bd6030667b3d0d9a____c5_0____4_fair.csv;t_bd6030667b3d0d9a____c2_0____4__t_bd6030667b3d0d9a____c1_0____1_fair.csv;t_bd6030667b3d0d9a____c2_0____4__t_bd6030667b3d0d9a____c1_0____0_fair.csv;t_bd6030667b3d0d9a____c2_0____3__t_bd6030667b3d0d9a____c5_0____4_fair.csv;t_bd6030667b3d0d9a____c2_0____3__t_bd6030667b3d0d9a____c1_0____1_fair.csv;t_bd6030667b3d0d9a____c2_0____2__t_bd6030667b3d0d9a____c5_0____4_fair.csv;t_bd6030667b3d0d9a____c2_0____2__t_bd6030667b3d0d9a____c1_0____1_fair.csv;t_bd6030667b3d0d9a____c5_0____3__t_bd6030667b3d0d9a____c1_0____1_fair.csv,"{""needs_fairification"": true, ""success"": true, ""swaps_made"": 1, ""initial_fairness"": 0.2138, ""initial_delta"": 0.19}"
tusLarge3,exhaustive,t_bd6030667b3d0d9a____c1_0____1_fair.csv,20,114,274,20,True,0.3005,1.0,0.17543859649122806,0.17543859649122806,18.09691959619522,18.09691959619522,t_bd6030667b3d0d9a____c1_0____2__t_bd6030667b3d0d9a____c1_0____1_fair.csv;t_bd6030667b3d0d9a____c1_0____2__t_bd6030667b3d0d9a____c1_0____0_fair.csv;t_bd6030667b3d0d9a____c2_0____4__t_bd6030667b3d0d9a____c5_0____4_fair.csv;t_bd6030667b3d0d9a____c2_0____4__t_bd6030667b3d0d9a____c1_0____1_fair.csv;t_bd6030667b3d0d9a____c2_0____4__t_bd6030667b3d0d9a____c1_0____0_fair.csv;t_bd6030667b3d0d9a____c2_0____3__t_bd6030667b3d0d9a____c5_0____4_fair.csv;t_bd6030667b3d0d9a____c2_0____3__t_bd6030667b3d0d9a____c1_0____1_fair.csv;t_bd6030667b3d0d9a____c2_0____2__t_bd6030667b3d0d9a____c5_0____4_fair.csv;t_bd6030667b3d0d9a____c2_0____2__t_bd6030667b3d0d9a____c1_0____1_fair.csv;t_bd6030667b3d0d9a____c2_0____2__t_bd6030667b3d0d9a____c1_0____0_fair.csv;t_bd6030667b3d0d9a____c1_0____4__t_bd6030667b3d0d9a____c1_0____1_fair.csv;t_bd6030667b3d0d9a____c2_0____0__t_bd6030667b3d0d9a____c5_0____4_fair.csv;t_bd6030667b3d0d9a____c2_0____0__t_bd6030667b3d0d9a____c1_0____1_fair.csv;t_bd6030667b3d0d9a____c2_0____0__t_bd6030667b3d0d9a____c1_0____0_fair.csv;t_bd6030667b3d0d9a____c2_0____1__t_bd6030667b3d0d9a____c5_0____4_fair.csv;t_bd6030667b3d0d9a____c2_0____1__t_bd6030667b3d0d9a____c1_0____1_fair.csv;t_bd6030667b3d0d9a____c1_0____3__t_bd6030667b3d0d9a____c1_0____1_fair.csv;t_bd6030667b3d0d9a____c1_0____4__t_bd6030667b3d0d9a____c1_0____0_fair.csv;t_bd6030667b3d0d9a____c4_1____0__t_bd6030667b3d0d9a____c1_0____1_fair.csv;t_bd6030667b3d0d9a____c5_0____3__t_bd6030667b3d0d9a____c1_0____1_fair.csv,"{""needs_fairification"": true, ""success"": true, ""swaps_made"": 2, ""initial_fairness"": 0.1975, ""initial_delta"": 0.2}"
tusLarge3,exhaustive,t_bd6030667b3d0d9a____c1_0____0_fair.csv,5,114,329,5,True,0.3791,0.6,0.02631578947368421,0.043859649122807015,4.317002713680267,4.317002713680267,t_014c2259cce4ab13____c2_0____3__t_014c2259cce4ab13____c27_0____4_fair.csv;t_f2bc7fb748586bfa____c1_1____4__t_f2bc7fb748586bfa____c19_1____0_fair.csv;t_bd6030667b3d0d9a____c2_0____2__t_bd6030667b3d0d9a____c5_0____4_fair.csv;t_bd6030667b3d0d9a____c2_0____2__t_bd6030667b3d0d9a____c1_0____0_fair.csv;t_bd6030667b3d0d9a____c5_0____3__t_bd6030667b3d0d9a____c1_0____0_fair.csv,"{""needs_fairification"": true, ""success"": true, ""swaps_made"": 1, ""initial_fairness"": 0.1905, ""initial_delta"": 0.21}"
tusLarge3,exhaustive,t_bd6030667b3d0d9a____c1_0____0_fair.csv,10,114,329,10,True,0.346,0.8,0.07017543859649122,0.08771929824561403,8.648374855518341,8.648374855518341,t_014c2259cce4ab13____c2_0____3__t_014c2259cce4ab13____c27_0____4_fair.csv;t_f2bc7fb748586bfa____c1_1____4__t_f2bc7fb748586bfa____c19_1____0_fair.csv;t_bd6030667b3d0d9a____c2_0____2__t_bd6030667b3d0d9a____c5_0____4_fair.csv;t_bd6030667b3d0d9a____c2_0____2__t_bd6030667b3d0d9a____c1_0____0_fair.csv;t_bd6030667b3d0d9a____c2_0____3__t_bd6030667b3d0d9a____c5_0____4_fair.csv;t_bd6030667b3d0d9a____c2_0____3__t_bd6030667b3d0d9a____c1_0____1_fair.csv;t_bd6030667b3d0d9a____c2_0____3__t_bd6030667b3d0d9a____c1_0____0_fair.csv;t_bd6030667b3d0d9a____c2_0____4__t_bd6030667b3d0d9a____c5_0____4_fair.csv;t_bd6030667b3d0d9a____c4_1____1__t_bd6030667b3d0d9a____c1_0____0_fair.csv;t_bd6030667b3d0d9a____c5_0____3__t_bd6030667b3d0d9a____c1_0____0_fair.csv,"{""needs_fairification"": true, ""success"": true, ""swaps_made"": 2, ""initial_fairness"": 0.1507, ""initial_delta"": 0.25}"
tusLarge3,exhaustive,t_bd6030667b3d0d9a____c1_0____0_fair.csv,20,114,329,20,True,0.3048,0.85,0.14912280701754385,0.17543859649122806,17.330017149448395,17.330017149448395,t_014c2259cce4ab13____c2_0____3__t_014c2259cce4ab13____c27_0____4_fair.csv;t_f2bc7fb748586bfa____c1_1____4__t_f2bc7fb748586bfa____c19_1____0_fair.csv;t_bd6030667b3d0d9a____c2_0____2__t_bd6030667b3d0d9a____c5_0____4_fair.csv;t_bd6030667b3d0d9a____c2_0____2__t_bd6030667b3d0d9a____c1_0____1_fair.csv;t_bd6030667b3d0d9a____c2_0____2__t_bd6030667b3d0d9a____c1_0____0_fair.csv;t_bd6030667b3d0d9a____c2_0____3__t_bd6030667b3d0d9a____c5_0____4_fair.csv;t_bd6030667b3d0d9a____c2_0____3__t_bd6030667b3d0d9a____c1_0____1_fair.csv;t_bd6030667b3d0d9a____c2_0____3__t_bd6030667b3d0d9a____c1_0____0_fair.csv;t_bd6030667b3d0d9a____c2_0____4__t_bd6030667b3d0d9a____c5_0____4_fair.csv;t_bd6030667b3d0d9a____c2_0____4__t_bd6030667b3d0d9a____c1_0____1_fair.csv;t_bd6030667b3d0d9a____c2_0____4__t_bd6030667b3d0d9a____c1_0____0_fair.csv;t_014c2259cce4ab13____c2_0____0__t_014c2259cce4ab13____c27_0____4_fair.csv;t_bd6030667b3d0d9a____c1_0____2__t_bd6030667b3d0d9a____c1_0____1_fair.csv;t_bd6030667b3d0d9a____c2_0____0__t_bd6030667b3d0d9a____c5_0____4_fair.csv;t_bd6030667b3d0d9a____c2_0____0__t_bd6030667b3d0d9a____c1_0____1_fair.csv;t_bd6030667b3d0d9a____c2_0____0__t_bd6030667b3d0d9a____c1_0____0_fair.csv;t_bd6030667b3d0d9a____c1_0____2__t_bd6030667b3d0d9a____c1_0____0_fair.csv;t_bd6030667b3d0d9a____c4_1____1__t_bd6030667b3d0d9a____c1_0____0_fair.csv;t_bd6030667b3d0d9a____c4_0____4__t_bd6030667b3d0d9a____c1_0____0_fair.csv;t_bd6030667b3d0d9a____c5_0____3__t_bd6030667b3d0d9a____c1_0____0_fair.csv,"{""needs_fairification"": true, ""success"": true, ""swaps_made"": 3, ""initial_fairness"": 0.1418, ""initial_delta"": 0.26}"
tusLarge3,exhaustive,t_93f3d6f7fc6aa6ff____c12_1____0_fair.csv,5,428,79,5,True,0.3447,1.0,0.011682242990654205,0.011682242990654205,54.96031457185745,54.96031457185745,t_93f3d6f7fc6aa6ff____c12_1____3__t_93f3d6f7fc6aa6ff____c12_1____0_fair.csv;t_93f3d6f7fc6aa6ff____c12_1____3.csv;t_93f3d6f7fc6aa6ff____c12_1____1.csv;t_93f3d6f7fc6aa6ff____c12_1____2__t_93f3d6f7fc6aa6ff____c12_1____0_fair.csv;t_93f3d6f7fc6aa6ff____c15_1____3__t_93f3d6f7fc6aa6ff____c12_1____0_fair.csv,"{""needs_fairification"": true, ""success"": true, ""swaps_made"": 2, ""initial_fairness"": 0.1691, ""initial_delta"": 0.23}"
tusLarge3,exhaustive,t_93f3d6f7fc6aa6ff____c12_1____0_fair.csv,10,428,79,10,True,0.2973,1.0,0.02336448598130841,0.02336448598130841,108.73726731538773,108.73726731538773,t_93f3d6f7fc6aa6ff____c12_1____3__t_93f3d6f7fc6aa6ff____c12_1____0_fair.csv;t_93f3d6f7fc6aa6ff____c12_1____3.csv;t_93f3d6f7fc6aa6ff____c12_1____1.csv;t_93f3d6f7fc6aa6ff____c14_0____0__t_93f3d6f7fc6aa6ff____c6_1____1_fair.csv;t_93f3d6f7fc6aa6ff____c15_1____0__t_93f3d6f7fc6aa6ff____c18_0____4_fair.csv;t_93f3d6f7fc6aa6ff____c12_1____2__t_93f3d6f7fc6aa6ff____c12_1____0_fair.csv;t_93f3d6f7fc6aa6ff____c15_1____3__t_93f3d6f7fc6aa6ff____c12_1____0_fair.csv;t_93f3d6f7fc6aa6ff____c14_0____2__t_93f3d6f7fc6aa6ff____c12_1____0_fair.csv;t_93f3d6f7fc6aa6ff____c13_0____1__t_93f3d6f7fc6aa6ff____c12_1____0_fair.csv;t_93f3d6f7fc6aa6ff____c12_1____4__t_93f3d6f7fc6aa6ff____c12_1____0_fair.csv,"{""needs_fairification"": true, ""success"": true, ""swaps_made"": 5, ""initial_fairness"": 0.0863, ""initial_delta"": 0.31}"
tusLarge3,exhaustive,t_93f3d6f7fc6aa6ff____c12_1____0_fair.csv,20,428,79,0,False,0.4254,,0.0,0.04672897196261682,0,0.0,,"{""needs_fairification"": true, ""success"": false, ""swaps_made"": 4, ""initial_fairness"": 0.0705, ""initial_delta"": 0.33}"
tusLarge3,exhaustive,t_8b2f04db4903263f____c18_1____2_fair.csv,5,409,77,5,True,0.3334,1.0,0.012224938875305624,0.012224938875305624,78.68914937973022,78.68914937973022,t_8b2f04db4903263f____c19_0____2__t_8b2f04db4903263f____c8_0____0_fair.csv;t_8b2f04db4903263f____c19_0____2__t_8b2f04db4903263f____c18_1____2_fair.csv;t_8b2f04db4903263f____c19_0____2__t_8b2f04db4903263f____c13_0____2_fair.csv;t_8b2f04db4903263f____c17_1____2__t_8b2f04db4903263f____c18_1____2_fair.csv;t_8b2f04db4903263f____c15_0____2__t_8b2f04db4903263f____c18_1____2_fair.csv,"{""needs_fairification"": true, ""success"": true, ""swaps_made"": 2, ""initial_fairness"": 0.193, ""initial_delta"": 0.21}"
tusLarge3,exhaustive,t_8b2f04db4903263f____c18_1____2_fair.csv,10,409,77,0,False,0.4389,,0.0,0.02444987775061125,0,0.0,,"{""needs_fairification"": true, ""success"": false, ""swaps_made"": 6, ""initial_fairness"": 0.1056, ""initial_delta"": 0.29}"
tusLarge3,exhaustive,t_8b2f04db4903263f____c18_1____2_fair.csv,20,409,77,0,False,0.4389,,0.0,0.0488997555012225,0,0.0,,"{""needs_fairification"": true, ""success"": false, ""swaps_made"": 3, ""initial_fairness"": 0.0697, ""initial_delta"": 0.33}"
tusLarge3,exhaustive,t_8e2f57ee5e3e4821____c15_0____0_fair.csv,5,174,94,5,True,0.333,1.0,0.028735632183908046,0.028735632183908046,59.237375259399414,59.237375259399414,t_8e2f57ee5e3e4821____c15_0____2__t_8e2f57ee5e3e4821____c15_0____0_fair.csv;t_8e2f57ee5e3e4821____c15_0____2.csv;t_8e2f57ee5e3e4821____c15_0____1.csv;t_8e2f57ee5e3e4821____c12_1____0__t_8e2f57ee5e3e4821____c15_0____0_fair.csv;t_8e2f57ee5e3e4821____c10_0____2__t_8e2f57ee5e3e4821____c15_0____0_fair.csv,"{""needs_fairification"": true, ""success"": true, ""swaps_made"": 2, ""initial_fairness"": 0.1585, ""initial_delta"": 0.24}"
tusLarge3,exhaustive,t_8e2f57ee5e3e4821____c15_0____0_fair.csv,10,174,94,0,False,0.4082,,0.0,0.05747126436781609,0,0.0,,"{""needs_fairification"": true, ""success"": false, ""swaps_made"": 5, ""initial_fairness"": 0.1293, ""initial_delta"": 0.27}"
tusLarge3,exhaustive,t_8e2f57ee5e3e4821____c15_0____0_fair.csv,20,174,94,0,False,0.4082,,0.0,0.11494252873563218,0,0.0,,"{""needs_fairification"": true, ""success"": false, ""swaps_made"": 3, ""initial_fairness"": 0.0675, ""initial_delta"": 0.33}"
tusLarge3,exhaustive,t_bd6030667b3d0d9a____c3_0____3_fair.csv,5,98,261,5,True,0.3061,0.6,0.030612244897959183,0.05102040816326531,13.832238912582397,13.832238912582397,t_bd6030667b3d0d9a____c3_0____4.csv;t_bd6030667b3d0d9a____c3_0____4__t_bd6030667b3d0d9a____c3_0____3_fair.csv;t_bd6030667b3d0d9a____c3_1____2.csv;t_bd6030667b3d0d9a____c3_1____2__t_bd6030667b3d0d9a____c5_0____4_fair.csv;t_bd6030667b3d0d9a____c6_0____1__t_bd6030667b3d0d9a____c3_0____3_fair.csv,"{""needs_fairification"": true, ""success"": true, ""swaps_made"": 1, ""initial_fairness"": 0.1931, ""initial_delta"": 0.21}"
tusLarge3,exhaustive,t_bd6030667b3d0d9a____c3_0____3_fair.csv,10,98,261,10,True,0.307,0.7,0.07142857142857142,0.10204081632653061,27.53974211215973,27.53974211215973,t_bd6030667b3d0d9a____c3_0____4.csv;t_bd6030667b3d0d9a____c3_0____4__t_bd6030667b3d0d9a____c3_0____3_fair.csv;t_bd6030667b3d0d9a____c3_1____2.csv;t_bd6030667b3d0d9a____c3_1____2__t_bd6030667b3d0d9a____c5_0____4_fair.csv;t_bd6030667b3d0d9a____c4_1____3__t_bd6030667b3d0d9a____c1_0____0_fair.csv;t_bd6030667b3d0d9a____c3_0____2__t_bd6030667b3d0d9a____c3_0____3_fair.csv;t_bd6030667b3d0d9a____c3_1____1__t_bd6030667b3d0d9a____c5_0____4_fair.csv;t_bd6030667b3d0d9a____c5_1____4__t_bd6030667b3d0d9a____c3_0____3_fair.csv;t_bd6030667b3d0d9a____c5_1____1__t_bd6030667b3d0d9a____c3_0____3_fair.csv;t_bd6030667b3d0d9a____c6_0____1__t_bd6030667b3d0d9a____c3_0____3_fair.csv,"{""needs_fairification"": true, ""success"": true, ""swaps_made"": 3, ""initial_fairness"": 0.1382, ""initial_delta"": 0.26}"
tusLarge3,exhaustive,t_bd6030667b3d0d9a____c3_0____3_fair.csv,20,98,261,20,True,0.3046,0.7,0.14285714285714285,0.20408163265306123,54.869643449783325,54.869643449783325,t_bd6030667b3d0d9a____c3_0____4.csv;t_bd6030667b3d0d9a____c3_0____4__t_bd6030667b3d0d9a____c3_0____3_fair.csv;t_bd6030667b3d0d9a____c3_1____2.csv;t_bd6030667b3d0d9a____c3_1____2__t_bd6030667b3d0d9a____c5_0____4_fair.csv;t_bd6030667b3d0d9a____c3_0____2__t_bd6030667b3d0d9a____c3_0____3_fair.csv;t_bd6030667b3d0d9a____c3_1____1__t_bd6030667b3d0d9a____c5_0____4_fair.csv;t_bd6030667b3d0d9a____c4_1____3.csv;t_bd6030667b3d0d9a____c3_0____2.csv;t_bd6030667b3d0d9a____c3_1____1.csv;t_bd6030667b3d0d9a____c3_0____1__t_bd6030667b3d0d9a____c3_0____3_fair.csv;t_bd6030667b3d0d9a____c3_0____1.csv;t_bd6030667b3d0d9a____c4_0____3__t_bd6030667b3d0d9a____c5_0____4_fair.csv;t_bd6030667b3d0d9a____c4_0____3.csv;t_bd6030667b3d0d9a____c4_1____1__t_bd6030667b3d0d9a____c3_0____3_fair.csv;t_bd6030667b3d0d9a____c5_0____1__t_bd6030667b3d0d9a____c3_0____3_fair.csv;t_bd6030667b3d0d9a____c5_0____3__t_bd6030667b3d0d9a____c3_0____3_fair.csv;t_bd6030667b3d0d9a____c5_1____4__t_bd6030667b3d0d9a____c3_0____3_fair.csv;t_bd6030667b3d0d9a____c5_1____2__t_bd6030667b3d0d9a____c3_0____3_fair.csv;t_bd6030667b3d0d9a____c5_1____1__t_bd6030667b3d0d9a____c3_0____3_fair.csv;t_bd6030667b3d0d9a____c6_0____1__t_bd6030667b3d0d9a____c3_0____3_fair.csv,"{""needs_fairification"": true, ""success"": true, ""swaps_made"": 6, ""initial_fairness"": 0.1313, ""initial_delta"": 0.27}"
tusLarge3,exhaustive,t_bd6030667b3d0d9a____c5_0____4_fair.csv,5,120,228,5,True,0.3468,1.0,0.041666666666666664,0.041666666666666664,22.63894098997116,22.63894098997116,t_bd6030667b3d0d9a____c5_1____3__t_bd6030667b3d0d9a____c5_0____4_fair.csv;t_bd6030667b3d0d9a____c5_1____3.csv;t_bd6030667b3d0d9a____c5_1____3__t_bd6030667b3d0d9a____c3_0____3_fair.csv;t_bd6030667b3d0d9a____c5_1____4.csv;t_bd6030667b3d0d9a____c5_1____0__t_bd6030667b3d0d9a____c5_0____4_fair.csv,"{""needs_fairification"": true, ""success"": true, ""swaps_made"": 1, ""initial_fairness"": 0.2802, ""initial_delta"": 0.12}"
tusLarge3,exhaustive,t_bd6030667b3d0d9a____c5_0____4_fair.csv,10,120,228,10,True,0.3092,1.0,0.08333333333333333,0.08333333333333333,45.3645977973938,45.3645977973938,t_bd6030667b3d0d9a____c5_1____3__t_bd6030667b3d0d9a____c5_0____4_fair.csv;t_bd6030667b3d0d9a____c5_1____3.csv;t_bd6030667b3d0d9a____c5_1____3__t_bd6030667b3d0d9a____c3_0____3_fair.csv;t_bd6030667b3d0d9a____c6_0____3.csv;t_bd6030667b3d0d9a____c5_1____4.csv;t_bd6030667b3d0d9a____c6_0____3__t_bd6030667b3d0d9a____c5_0____4_fair.csv;t_bd6030667b3d0d9a____c5_1____4__t_bd6030667b3d0d9a____c5_0____4_fair.csv;t_bd6030667b3d0d9a____c5_1____2__t_bd6030667b3d0d9a____c5_0____4_fair.csv;t_bd6030667b3d0d9a____c5_0____0__t_bd6030667b3d0d9a____c5_0____4_fair.csv;t_bd6030667b3d0d9a____c5_1____0__t_bd6030667b3d0d9a____c5_0____4_fair.csv,"{""needs_fairification"": true, ""success"": true, ""swaps_made"": 3, ""initial_fairness"": 0.1705, ""initial_delta"": 0.23}"
tusLarge3,exhaustive,t_bd6030667b3d0d9a____c5_0____4_fair.csv,20,120,228,20,True,0.2989,1.0,0.16666666666666666,0.16666666666666666,88.54734414815903,88.54734414815903,t_bd6030667b3d0d9a____c5_1____3__t_bd6030667b3d0d9a____c5_0____4_fair.csv;t_bd6030667b3d0d9a____c5_1____3.csv;t_bd6030667b3d0d9a____c5_1____3__t_bd6030667b3d0d9a____c3_0____3_fair.csv;t_bd6030667b3d0d9a____c6_0____3.csv;t_bd6030667b3d0d9a____c5_1____4.csv;t_bd6030667b3d0d9a____c5_1____4__t_bd6030667b3d0d9a____c5_0____4_fair.csv;t_bd6030667b3d0d9a____c5_1____2__t_bd6030667b3d0d9a____c5_0____4_fair.csv;t_bd6030667b3d0d9a____c5_1____1.csv;t_bd6030667b3d0d9a____c5_0____1.csv;t_bd6030667b3d0d9a____c5_1____4__t_bd6030667b3d0d9a____c3_0____3_fair.csv;t_bd6030667b3d0d9a____c6_0____4__t_bd6030667b3d0d9a____c5_0____4_fair.csv;t_bd6030667b3d0d9a____c5_1____1__t_bd6030667b3d0d9a____c5_0____4_fair.csv;t_bd6030667b3d0d9a____c5_1____1__t_bd6030667b3d0d9a____c3_0____3_fair.csv;t_bd6030667b3d0d9a____c6_0____1.csv;t_bd6030667b3d0d9a____c5_0____1__t_bd6030667b3d0d9a____c5_0____4_fair.csv;t_bd6030667b3d0d9a____c5_0____1__t_bd6030667b3d0d9a____c3_0____3_fair.csv;t_bd6030667b3d0d9a____c5_0____0__t_bd6030667b3d0d9a____c5_0____4_fair.csv;t_bd6030667b3d0d9a____c5_1____0__t_bd6030667b3d0d9a____c5_0____4_fair.csv;t_bd6030667b3d0d9a____c4_0____1__t_bd6030667b3d0d9a____c5_0____4_fair.csv;t_bd6030667b3d0d9a____c4_0____0__t_bd6030667b3d0d9a____c5_0____4_fair.csv,"{""needs_fairification"": true, ""success"": true, ""swaps_made"": 4, ""initial_fairness"": 0.2065, ""initial_delta"": 0.19}"
tusLarge3,exhaustive,t_b28ed28824886b47____c8_0____3_fair.csv,5,219,109,0,False,0.418,,0.0,0.0228310502283105,0,0.0,,"{""needs_fairification"": true, ""success"": false, ""swaps_made"": 4, ""initial_fairness"": 0.1168, ""initial_delta"": 0.28}"
tusLarge3,exhaustive,t_b28ed28824886b47____c8_0____3_fair.csv,10,219,109,0,False,0.418,,0.0,0.045662100456621,0,0.0,,"{""needs_fairification"": true, ""success"": false, ""swaps_made"": 5, ""initial_fairness"": 0.0582, ""initial_delta"": 0.34}"
tusLarge3,exhaustive,t_b28ed28824886b47____c8_0____3_fair.csv,20,219,109,0,False,0.418,,0.0,0.091324200913242,0,0.0,,"{""needs_fairification"": true, ""success"": false, ""swaps_made"": 2, ""initial_fairness"": 0.0272, ""initial_delta"": 0.37}"
tusLarge3,exhaustive,t_b28ed28824886b47____c11_1____3_fair.csv,5,219,108,5,True,0.3142,1.0,0.0228310502283105,0.0228310502283105,49.17947161197662,49.17947161197662,t_b28ed28824886b47____c11_1____1.csv;t_b28ed28824886b47____c11_1____1__t_b28ed28824886b47____c8_0____3_fair.csv;t_b28ed28824886b47____c11_1____1__t_b28ed28824886b47____c11_1____3_fair.csv;t_b28ed28824886b47____c11_0____0__t_b28ed28824886b47____c11_1____3_fair.csv;t_b28ed28824886b47____c9_0____1__t_b28ed28824886b47____c11_1____3_fair.csv,"{""needs_fairification"": true, ""success"": true, ""swaps_made"": 3, ""initial_fairness"": 0.0953, ""initial_delta"": 0.3}"
tusLarge3,exhaustive,t_b28ed28824886b47____c11_1____3_fair.csv,10,219,108,10,True,0.3119,1.0,0.045662100456621,0.045662100456621,84.78306132555008,84.78306132555008,t_b28ed28824886b47____c11_1____1.csv;t_b28ed28824886b47____c11_1____1__t_b28ed28824886b47____c8_0____3_fair.csv;t_b28ed28824886b47____c11_1____1__t_b28ed28824886b47____c11_1____3_fair.csv;t_b28ed28824886b47____c11_0____3.csv;t_b28ed28824886b47____c11_1____2__t_b28ed28824886b47____c11_1____3_fair.csv;t_b28ed28824886b47____c11_0____0__t_b28ed28824886b47____c11_1____3_fair.csv;t_b28ed28824886b47____c9_0____1__t_b28ed28824886b47____c11_1____3_fair.csv;t_b28ed28824886b47____c6_0____1__t_b28ed28824886b47____c11_1____3_fair.csv;t_b28ed28824886b47____c6_0____4__t_b28ed28824886b47____c11_1____3_fair.csv;t_b28ed28824886b47____c5_1____3.csv,"{""needs_fairification"": true, ""success"": true, ""swaps_made"": 6, ""initial_fairness"": 0.0967, ""initial_delta"": 0.3}"
tusLarge3,exhaustive,t_b28ed28824886b47____c11_1____3_fair.csv,20,219,108,0,False,0.4241,,0.0,0.091324200913242,0,0.0,,"{""needs_fairification"": true, ""success"": false, ""swaps_made"": 11, ""initial_fairness"": 0.0507, ""initial_delta"": 0.35}"
tusLarge3,exhaustive,t_c701386b7c10b107____c3_0____0_fair.csv,5,785,153,5,True,0.3486,0.6,0.003821656050955414,0.006369426751592357,14.07427966594696,14.07427966594696,t_c701386b7c10b107____c3_0____3.csv;t_c701386b7c10b107____c3_0____3__t_c701386b7c10b107____c3_0____0_fair.csv;t_c701386b7c10b107____c3_0____1__t_c701386b7c10b107____c3_0____0_fair.csv;t_8b2f04db4903263f____c3_0____2__t_8b2f04db4903263f____c18_1____2_fair.csv;t_8e2f57ee5e3e4821____c5_0____2__t_8e2f57ee5e3e4821____c14_1____3_fair.csv,"{""needs_fairification"": true, ""success"": true, ""swaps_made"": 2, ""initial_fairness"": 0.2365, ""initial_delta"": 0.16}"
tusLarge3,exhaustive,t_c701386b7c10b107____c3_0____0_fair.csv,10,785,153,0,False,0.4416,,0.0,0.012738853503184714,0,0.0,,"{""needs_fairification"": true, ""success"": false, ""swaps_made"": 5, ""initial_fairness"": 0.141, ""initial_delta"": 0.26}"
tusLarge3,exhaustive,t_c701386b7c10b107____c3_0____0_fair.csv,20,785,153,0,False,0.4416,,0.0,0.025477707006369428,0,0.0,,"{""needs_fairification"": true, ""success"": false, ""swaps_made"": 0, ""initial_fairness"": 0.07, ""initial_delta"": 0.33}"
tusLarge3,exhaustive,t_c701386b7c10b107____c11_1____2_fair.csv,5,785,101,5,True,0.3645,1.0,0.006369426751592357,0.006369426751592357,42.43554204702377,42.43554204702377,t_c701386b7c10b107____c11_1____4__t_c701386b7c10b107____c7_0____1_fair.csv;t_c701386b7c10b107____c11_1____4__t_c701386b7c10b107____c11_1____2_fair.csv;t_c701386b7c10b107____c11_1____0__t_c701386b7c10b107____c11_1____2_fair.csv;t_c701386b7c10b107____c7_0____4__t_c701386b7c10b107____c11_1____2_fair.csv;t_c701386b7c10b107____c6_0____3__t_c701386b7c10b107____c11_1____2_fair.csv,"{""needs_fairification"": true, ""success"": true, ""swaps_made"": 3, ""initial_fairness"": 0.143, ""initial_delta"": 0.26}"
tusLarge3,exhaustive,t_c701386b7c10b107____c11_1____2_fair.csv,10,785,101,0,False,0.4007,,0.0,0.012738853503184714,0,0.0,,"{""needs_fairification"": true, ""success"": false, ""swaps_made"": 7, ""initial_fairness"": 0.0844, ""initial_delta"": 0.32}"
tusLarge3,exhaustive,t_c701386b7c10b107____c11_1____2_fair.csv,20,785,101,0,False,0.4007,,0.0,0.025477707006369428,0,0.0,,"{""needs_fairification"": true, ""success"": false, ""swaps_made"": 5, ""initial_fairness"": 0.0468, ""initial_delta"": 0.35}"
tusLarge3,exhaustive,t_c701386b7c10b107____c5_0____1_fair.csv,5,1053,146,5,True,0.314,1.0,0.004748338081671415,0.004748338081671415,23.335486233234406,23.335486233234406,t_c701386b7c10b107____c5_0____3.csv;t_c701386b7c10b107____c5_0____0__t_c701386b7c10b107____c5_0____1_fair.csv;t_c701386b7c10b107____c5_0____3__t_c701386b7c10b107____c9_0____1_fair.csv;t_c701386b7c10b107____c5_0____3__t_c701386b7c10b107____c5_0____1_fair.csv;t_c701386b7c10b107____c5_0____2__t_c701386b7c10b107____c5_0____1_fair.csv,"{""needs_fairification"": true, ""success"": true, ""swaps_made"": 1, ""initial_fairness"": 0.231, ""initial_delta"": 0.17}"
tusLarge3,exhaustive,t_c701386b7c10b107____c5_0____1_fair.csv,10,1053,146,0,False,0.4492,,0.0,0.00949667616334283,0,0.0,,"{""needs_fairification"": true, ""success"": false, ""swaps_made"": 4, ""initial_fairness"": 0.2129, ""initial_delta"": 0.19}"
tusLarge3,exhaustive,t_c701386b7c10b107____c5_0____1_fair.csv,20,1053,146,0,False,0.4492,,0.0,0.01899335232668566,0,0.0,,"{""needs_fairification"": true, ""success"": false, ""swaps_made"": 0, ""initial_fairness"": 0.1159, ""initial_delta"": 0.28}"
tusLarge3,exhaustive,t_c701386b7c10b107____c14_1____3_fair.csv,5,956,67,5,True,0.3113,1.0,0.005230125523012552,0.005230125523012552,66.69538307189941,66.69538307189941,t_c701386b7c10b107____c16_1____3.csv;t_c701386b7c10b107____c14_1____0__t_c701386b7c10b107____c8_0____2_fair.csv;t_c701386b7c10b107____c14_1____0__t_c701386b7c10b107____c14_1____3_fair.csv;t_c701386b7c10b107____c14_1____4__t_c701386b7c10b107____c14_1____3_fair.csv;t_c701386b7c10b107____c17_0____3__t_c701386b7c10b107____c14_1____3_fair.csv,"{""needs_fairification"": true, ""success"": true, ""swaps_made"": 3, ""initial_fairness"": 0.0852, ""initial_delta"": 0.31}"
tusLarge3,exhaustive,t_c701386b7c10b107____c14_1____3_fair.csv,10,956,67,0,False,0.4216,,0.0,0.010460251046025104,0,0.0,,"{""needs_fairification"": true, ""success"": false, ""swaps_made"": 2, ""initial_fairness"": 0.0856, ""initial_delta"": 0.31}"
tusLarge3,exhaustive,t_c701386b7c10b107____c14_1____3_fair.csv,20,956,67,0,False,0.4216,,0.0,0.02092050209205021,0,0.0,,"{""needs_fairification"": true, ""success"": false, ""swaps_made"": 2, ""initial_fairness"": 0.0459, ""initial_delta"": 0.35}"
tusLarge3,exhaustive,t_c701386b7c10b107____c7_0____1_fair.csv,5,956,104,0,False,0.4201,,0.0,0.005230125523012552,0,0.0,,"{""needs_fairification"": true, ""success"": false, ""swaps_made"": 4, ""initial_fairness"": 0.1526, ""initial_delta"": 0.25}"
tusLarge3,exhaustive,t_c701386b7c10b107____c7_0____1_fair.csv,10,956,104,0,False,0.4201,,0.0,0.010460251046025104,0,0.0,,"{""needs_fairification"": true, ""success"": false, ""swaps_made"": 0, ""initial_fairness"": 0.0872, ""initial_delta"": 0.31}"
tusLarge3,exhaustive,t_c701386b7c10b107____c7_0____1_fair.csv,20,956,104,0,False,0.4201,,0.0,0.02092050209205021,0,0.0,,"{""needs_fairification"": true, ""success"": false, ""swaps_made"": 0, ""initial_fairness"": 0.0478, ""initial_delta"": 0.35}"
tusLarge3,exhaustive,t_93f3d6f7fc6aa6ff____c18_0____4_fair.csv,5,428,64,0,False,0.4126,,0.0,0.011682242990654205,0,0.0,,"{""needs_fairification"": true, ""success"": false, ""swaps_made"": 5, ""initial_fairness"": 0.0668, ""initial_delta"": 0.33}"
tusLarge3,exhaustive,t_93f3d6f7fc6aa6ff____c18_0____4_fair.csv,10,428,64,0,False,0.4126,,0.0,0.02336448598130841,0,0.0,,"{""needs_fairification"": true, ""success"": false, ""swaps_made"": 2, ""initial_fairness"": 0.0392, ""initial_delta"": 0.36}"
tusLarge3,exhaustive,t_93f3d6f7fc6aa6ff____c18_0____4_fair.csv,20,428,64,0,False,0.4126,,0.0,0.04672897196261682,0,0.0,,"{""needs_fairification"": true, ""success"": false, ""swaps_made"": 2, ""initial_fairness"": 0.0207, ""initial_delta"": 0.38}"
tusLarge3,exhaustive,t_c701386b7c10b107____c9_0____1_fair.csv,5,1053,113,5,True,0.3233,1.0,0.004748338081671415,0.004748338081671415,43.07855182886124,43.07855182886124,t_c701386b7c10b107____c9_0____0.csv;t_c701386b7c10b107____c9_0____3__t_c701386b7c10b107____c9_0____1_fair.csv;t_c701386b7c10b107____c9_0____3__t_c701386b7c10b107____c8_0____2_fair.csv;t_c701386b7c10b107____c10_0____1__t_c701386b7c10b107____c9_0____1_fair.csv;t_c701386b7c10b107____c10_0____0__t_c701386b7c10b107____c9_0____1_fair.csv,"{""needs_fairification"": true, ""success"": true, ""swaps_made"": 2, ""initial_fairness"": 0.1652, ""initial_delta"": 0.23}"
tusLarge3,exhaustive,t_c701386b7c10b107____c9_0____1_fair.csv,10,1053,113,0,False,0.432,,0.0,0.00949667616334283,0,0.0,,"{""needs_fairification"": true, ""success"": false, ""swaps_made"": 6, ""initial_fairness"": 0.1324, ""initial_delta"": 0.27}"
tusLarge3,exhaustive,t_c701386b7c10b107____c9_0____1_fair.csv,20,1053,113,0,False,0.432,,0.0,0.01899335232668566,0,0.0,,"{""needs_fairification"": true, ""success"": false, ""swaps_made"": 1, ""initial_fairness"": 0.0911, ""initial_delta"": 0.31}"
tusLarge3,exhaustive,t_c701386b7c10b107____c8_0____2_fair.csv,5,1023,99,5,True,0.3351,1.0,0.004887585532746823,0.004887585532746823,37.88620346784592,37.88620346784592,t_c701386b7c10b107____c8_0____3.csv;t_c701386b7c10b107____c8_0____4__t_c701386b7c10b107____c8_0____2_fair.csv;t_c701386b7c10b107____c8_0____4.csv;t_c701386b7c10b107____c8_0____3__t_c701386b7c10b107____c8_0____2_fair.csv;t_c701386b7c10b107____c8_0____0__t_c701386b7c10b107____c8_0____2_fair.csv,"{""needs_fairification"": true, ""success"": true, ""swaps_made"": 1, ""initial_fairness"": 0.2621, ""initial_delta"": 0.14}"
tusLarge3,exhaustive,t_c701386b7c10b107____c8_0____2_fair.csv,10,1023,99,0,False,0.4261,,0.0,0.009775171065493646,0,0.0,,"{""needs_fairification"": true, ""success"": false, ""swaps_made"": 2, ""initial_fairness"": 0.1982, ""initial_delta"": 0.2}"
tusLarge3,exhaustive,t_c701386b7c10b107____c8_0____2_fair.csv,20,1023,99,0,False,0.4261,,0.0,0.019550342130987292,0,0.0,,"{""needs_fairification"": true, ""success"": false, ""swaps_made"": 1, ""initial_fairness"": 0.1055, ""initial_delta"": 0.29}"
tusLarge3,exhaustive,t_c701386b7c10b107____c16_0____0_fair.csv,5,909,71,0,False,0.4315,,0.0,0.005500550055005501,0,0.0,,"{""needs_fairification"": true, ""success"": false, ""swaps_made"": 0, ""initial_fairness"": 0.077, ""initial_delta"": 0.32}"
tusLarge3,exhaustive,t_c701386b7c10b107____c16_0____0_fair.csv,10,909,71,0,False,0.4315,,0.0,0.011001100110011002,0,0.0,,"{""needs_fairification"": true, ""success"": false, ""swaps_made"": 0, ""initial_fairness"": 0.0399, ""initial_delta"": 0.36}"
tusLarge3,exhaustive,t_c701386b7c10b107____c16_0____0_fair.csv,20,909,71,0,False,0.4315,,0.0,0.022002200220022004,0,0.0,,"{""needs_fairification"": true, ""success"": false, ""swaps_made"": 0, ""initial_fairness"": 0.0207, ""initial_delta"": 0.38}"
tusLarge3,exhaustive,t_ca85e8f9eef5b9d5____c10_0____0_fair.csv,5,886,97,0,False,0.4301,,0.0,0.0056433408577878106,0,0.0,,"{""needs_fairification"": true, ""success"": false, ""swaps_made"": 5, ""initial_fairness"": 0.0752, ""initial_delta"": 0.32}"
tusLarge3,exhaustive,t_ca85e8f9eef5b9d5____c10_0____0_fair.csv,10,886,97,0,False,0.4301,,0.0,0.011286681715575621,0,0.0,,"{""needs_fairification"": true, ""success"": false, ""swaps_made"": 3, ""initial_fairness"": 0.0505, ""initial_delta"": 0.35}"
tusLarge3,exhaustive,t_ca85e8f9eef5b9d5____c10_0____0_fair.csv,20,886,97,0,False,0.4301,,0.0,0.022573363431151242,0,0.0,,"{""needs_fairification"": true, ""success"": false, ""swaps_made"": 2, ""initial_fairness"": 0.0695, ""initial_delta"": 0.33}"
tusLarge3,exhaustive,t_ca85e8f9eef5b9d5____c10_1____0_fair.csv,5,893,125,5,True,0.3055,1.0,0.005599104143337066,0.005599104143337066,48.91219890117645,48.91219890117645,t_ca85e8f9eef5b9d5____c10_1____4__t_ca85e8f9eef5b9d5____c8_0____4_fair.csv;t_ca85e8f9eef5b9d5____c10_1____4__t_ca85e8f9eef5b9d5____c15_1____1_fair.csv;t_ca85e8f9eef5b9d5____c10_1____4__t_ca85e8f9eef5b9d5____c10_1____1_fair.csv;t_ca85e8f9eef5b9d5____c10_1____4__t_ca85e8f9eef5b9d5____c10_1____0_fair.csv;t_ca85e8f9eef5b9d5____c10_1____3__t_ca85e8f9eef5b9d5____c10_1____0_fair.csv,"{""needs_fairification"": true, ""success"": true, ""swaps_made"": 1, ""initial_fairness"": 0.2649, ""initial_delta"": 0.14}"
tusLarge3,exhaustive,t_ca85e8f9eef5b9d5____c10_1____0_fair.csv,10,893,125,0,False,0.4079,,0.0,0.011198208286674132,0,0.0,,"{""needs_fairification"": true, ""success"": false, ""swaps_made"": 3, ""initial_fairness"": 0.2336, ""initial_delta"": 0.17}"
tusLarge3,exhaustive,t_ca85e8f9eef5b9d5____c10_1____0_fair.csv,20,893,125,0,False,0.4079,,0.0,0.022396416573348264,0,0.0,,"{""needs_fairification"": true, ""success"": false, ""swaps_made"": 0, ""initial_fairness"": 0.2389, ""initial_delta"": 0.16}"
tusLarge3,exhaustive,t_ca85e8f9eef5b9d5____c10_1____1_fair.csv,5,886,116,5,True,0.3373,1.0,0.0056433408577878106,0.0056433408577878106,49.18656378984451,49.18656378984451,t_ca85e8f9eef5b9d5____c10_1____4__t_ca85e8f9eef5b9d5____c8_0____4_fair.csv;t_ca85e8f9eef5b9d5____c10_1____4__t_ca85e8f9eef5b9d5____c22_0____1_fair.csv;t_ca85e8f9eef5b9d5____c10_1____4__t_ca85e8f9eef5b9d5____c10_1____1_fair.csv;t_ca85e8f9eef5b9d5____c10_1____2__t_ca85e8f9eef5b9d5____c10_1____1_fair.csv;t_ca85e8f9eef5b9d5____c10_1____3__t_ca85e8f9eef5b9d5____c10_1____1_fair.csv,"{""needs_fairification"": true, ""success"": true, ""swaps_made"": 2, ""initial_fairness"": 0.2078, ""initial_delta"": 0.19}"
tusLarge3,exhaustive,t_ca85e8f9eef5b9d5____c10_1____1_fair.csv,10,886,116,0,False,0.4254,,0.0,0.011286681715575621,0,0.0,,"{""needs_fairification"": true, ""success"": false, ""swaps_made"": 3, ""initial_fairness"": 0.1546, ""initial_delta"": 0.25}"
tusLarge3,exhaustive,t_ca85e8f9eef5b9d5____c10_1____1_fair.csv,20,886,116,0,False,0.4254,,0.0,0.022573363431151242,0,0.0,,"{""needs_fairification"": true, ""success"": false, ""swaps_made"": 1, ""initial_fairness"": 0.1577, ""initial_delta"": 0.24}"
tusLarge3,exhaustive,t_ca85e8f9eef5b9d5____c1_0____2_fair.csv,5,1029,416,5,True,0.3669,1.0,0.004859086491739553,0.004859086491739553,4.938125669956207,4.938125669956207,t_ca85e8f9eef5b9d5____c1_0____3__t_ca85e8f9eef5b9d5____c1_0____2_fair.csv;t_ca85e8f9eef5b9d5____c1_0____3__t_ca85e8f9eef5b9d5____c17_0____3_fair.csv;t_ca85e8f9eef5b9d5____c1_0____0__t_ca85e8f9eef5b9d5____c9_1____4_fair.csv;t_ca85e8f9eef5b9d5____c1_0____0__t_ca85e8f9eef5b9d5____c1_0____2_fair.csv;t_ca85e8f9eef5b9d5____c1_0____1__t_ca85e8f9eef5b9d5____c1_0____2_fair.csv,"{""needs_fairification"": true, ""success"": true, ""swaps_made"": 1, ""initial_fairness"": 0.2939, ""initial_delta"": 0.11}"
tusLarge3,exhaustive,t_ca85e8f9eef5b9d5____c1_0____2_fair.csv,10,1029,416,10,True,0.3215,1.0,0.009718172983479106,0.009718172983479106,9.872436165809631,9.872436165809631,t_ca85e8f9eef5b9d5____c1_0____3__t_ca85e8f9eef5b9d5____c1_0____2_fair.csv;t_ca85e8f9eef5b9d5____c1_0____3__t_ca85e8f9eef5b9d5____c17_0____3_fair.csv;t_ca85e8f9eef5b9d5____c1_0____0__t_ca85e8f9eef5b9d5____c9_1____4_fair.csv;t_ca85e8f9eef5b9d5____c1_0____0__t_ca85e8f9eef5b9d5____c1_0____2_fair.csv;t_ca85e8f9eef5b9d5____c1_0____0__t_ca85e8f9eef5b9d5____c19_0____4_fair.csv;t_ca85e8f9eef5b9d5____c1_0____0__t_ca85e8f9eef5b9d5____c17_0____3_fair.csv;t_ca85e8f9eef5b9d5____c1_0____4__t_ca85e8f9eef5b9d5____c1_0____2_fair.csv;t_ca85e8f9eef5b9d5____c1_0____4__t_ca85e8f9eef5b9d5____c19_0____4_fair.csv;t_ca85e8f9eef5b9d5____c1_0____1__t_ca85e8f9eef5b9d5____c1_0____2_fair.csv;t_ca85e8f9eef5b9d5____c1_0____1__t_ca85e8f9eef5b9d5____c17_0____3_fair.csv,"{""needs_fairification"": true, ""success"": true, ""swaps_made"": 2, ""initial_fairness"": 0.2436, ""initial_delta"": 0.16}"
tusLarge3,exhaustive,t_ca85e8f9eef5b9d5____c1_0____2_fair.csv,20,1029,416,20,True,0.306,0.55,0.010689990281827016,0.019436345966958212,19.019747734069824,19.019747734069824,t_ca85e8f9eef5b9d5____c1_0____3__t_ca85e8f9eef5b9d5____c1_0____2_fair.csv;t_ca85e8f9eef5b9d5____c1_0____3__t_ca85e8f9eef5b9d5____c17_0____3_fair.csv;t_ca85e8f9eef5b9d5____c1_0____0__t_ca85e8f9eef5b9d5____c9_1____4_fair.csv;t_ca85e8f9eef5b9d5____c1_0____0__t_ca85e8f9eef5b9d5____c1_0____2_fair.csv;t_ca85e8f9eef5b9d5____c1_0____0__t_ca85e8f9eef5b9d5____c19_0____4_fair.csv;t_ca85e8f9eef5b9d5____c1_0____0__t_ca85e8f9eef5b9d5____c17_0____3_fair.csv;t_ca85e8f9eef5b9d5____c1_0____4__t_ca85e8f9eef5b9d5____c1_0____2_fair.csv;t_ca85e8f9eef5b9d5____c1_0____1__t_ca85e8f9eef5b9d5____c9_1____4_fair.csv;t_ca85e8f9eef5b9d5____c1_0____1__t_ca85e8f9eef5b9d5____c1_0____2_fair.csv;t_ca85e8f9eef5b9d5____c1_0____1__t_ca85e8f9eef5b9d5____c19_0____4_fair.csv;t_ca85e8f9eef5b9d5____c1_0____1__t_ca85e8f9eef5b9d5____c17_0____3_fair.csv;t_1d580f266b2a923b____c1_1____2__t_1d580f266b2a923b____c11_1____2_fair.csv;t_bd6030667b3d0d9a____c1_1____2__t_bd6030667b3d0d9a____c5_0____4_fair.csv;t_6047be0d6255e98d____c1_1____0__t_6047be0d6255e98d____c6_0____0_fair.csv;t_1d580f266b2a923b____c1_1____4__t_1d580f266b2a923b____c7_0____3_fair.csv;t_1d580f266b2a923b____c1_1____2__t_1d580f266b2a923b____c7_0____3_fair.csv;t_bd6030667b3d0d9a____c1_1____1__t_bd6030667b3d0d9a____c5_0____4_fair.csv;t_bd6030667b3d0d9a____c1_1____4__t_bd6030667b3d0d9a____c5_0____4_fair.csv;t_ca85e8f9eef5b9d5____c3_0____0__t_ca85e8f9eef5b9d5____c22_0____1_fair.csv;t_ca85e8f9eef5b9d5____c3_0____4__t_ca85e8f9eef5b9d5____c14_1____2_fair.csv,"{""needs_fairification"": true, ""success"": true, ""swaps_made"": 3, ""initial_fairness"": 0.2419, ""initial_delta"": 0.16}"
tusLarge3,exhaustive,t_c701386b7c10b107____c18_1____3_fair.csv,5,845,62,0,False,0.4206,,0.0,0.005917159763313609,0,0.0,,"{""needs_fairification"": true, ""success"": false, ""swaps_made"": 5, ""initial_fairness"": 0.071, ""initial_delta"": 0.33}"
tusLarge3,exhaustive,t_c701386b7c10b107____c18_1____3_fair.csv,10,845,62,0,False,0.4206,,0.0,0.011834319526627219,0,0.0,,"{""needs_fairification"": true, ""success"": false, ""swaps_made"": 1, ""initial_fairness"": 0.0387, ""initial_delta"": 0.36}"
tusLarge3,exhaustive,t_c701386b7c10b107____c18_1____3_fair.csv,20,845,62,0,False,0.4206,,0.0,0.023668639053254437,0,0.0,,"{""needs_fairification"": true, ""success"": false, ""swaps_made"": 1, ""initial_fairness"": 0.0208, ""initial_delta"": 0.38}"
tusLarge3,exhaustive,t_c701386b7c10b107____c19_1____4_fair.csv,5,1023,59,5,True,0.3099,1.0,0.004887585532746823,0.004887585532746823,90.01851427555084,90.01851427555084,t_c701386b7c10b107____c20_1____1.csv;t_c701386b7c10b107____c20_1____1__t_c701386b7c10b107____c8_0____2_fair.csv;t_c701386b7c10b107____c20_1____1__t_c701386b7c10b107____c19_1____4_fair.csv;t_c701386b7c10b107____c19_1____1__t_c701386b7c10b107____c19_1____4_fair.csv;t_c701386b7c10b107____c19_1____0__t_c701386b7c10b107____c19_1____4_fair.csv,"{""needs_fairification"": true, ""success"": true, ""swaps_made"": 3, ""initial_fairness"": 0.0796, ""initial_delta"": 0.32}"
tusLarge3,exhaustive,t_c701386b7c10b107____c19_1____4_fair.csv,10,1023,59,0,False,0.4271,,0.0,0.009775171065493646,0,0.0,,"{""needs_fairification"": true, ""success"": false, ""swaps_made"": 8, ""initial_fairness"": 0.0808, ""initial_delta"": 0.32}"
tusLarge3,exhaustive,t_c701386b7c10b107____c19_1____4_fair.csv,20,1023,59,0,False,0.4271,,0.0,0.019550342130987292,0,0.0,,"{""needs_fairification"": true, ""success"": false, ""swaps_made"": 2, ""initial_fairness"": 0.0628, ""initial_delta"": 0.34}"
tusLarge3,exhaustive,t_c701386b7c10b107____c20_0____0_fair.csv,5,850,56,0,False,0.4082,,0.0,0.0058823529411764705,0,0.0,,"{""needs_fairification"": true, ""success"": false, ""swaps_made"": 0, ""initial_fairness"": 0.0674, ""initial_delta"": 0.33}"
tusLarge3,exhaustive,t_c701386b7c10b107____c20_0____0_fair.csv,10,850,56,0,False,0.4082,,0.0,0.011764705882352941,0,0.0,,"{""needs_fairification"": true, ""success"": false, ""swaps_made"": 0, ""initial_fairness"": 0.0395, ""initial_delta"": 0.36}"
tusLarge3,exhaustive,t_c701386b7c10b107____c20_0____0_fair.csv,20,850,56,0,False,0.4082,,0.0,0.023529411764705882,0,0.0,,"{""needs_fairification"": true, ""success"": false, ""swaps_made"": 0, ""initial_fairness"": 0.02, ""initial_delta"": 0.38}"
tusLarge3,exhaustive,t_ca85e8f9eef5b9d5____c14_1____2_fair.csv,5,1129,87,5,True,0.324,1.0,0.0044286979627989375,0.0044286979627989375,65.45497363805771,65.45497363805771,t_ca85e8f9eef5b9d5____c14_1____4__t_ca85e8f9eef5b9d5____c20_0____2_fair.csv;t_ca85e8f9eef5b9d5____c14_1____4__t_ca85e8f9eef5b9d5____c14_1____2_fair.csv;t_ca85e8f9eef5b9d5____c14_1____4__t_ca85e8f9eef5b9d5____c10_0____0_fair.csv;t_ca85e8f9eef5b9d5____c14_1____1__t_ca85e8f9eef5b9d5____c14_1____2_fair.csv;t_ca85e8f9eef5b9d5____c11_1____4__t_ca85e8f9eef5b9d5____c14_1____2_fair.csv,"{""needs_fairification"": true, ""success"": true, ""swaps_made"": 2, ""initial_fairness"": 0.2199, ""initial_delta"": 0.18}"
tusLarge3,exhaustive,t_ca85e8f9eef5b9d5____c14_1____2_fair.csv,10,1129,87,0,False,0.435,,0.0,0.008857395925597875,0,0.0,,"{""needs_fairification"": true, ""success"": false, ""swaps_made"": 2, ""initial_fairness"": 0.1788, ""initial_delta"": 0.22}"
tusLarge3,exhaustive,t_ca85e8f9eef5b9d5____c14_1____2_fair.csv,20,1129,87,0,False,0.435,,0.0,0.01771479185119575,0,0.0,,"{""needs_fairification"": true, ""success"": false, ""swaps_made"": 2, ""initial_fairness"": 0.0979, ""initial_delta"": 0.3}"
tusLarge3,exhaustive,t_ca85e8f9eef5b9d5____c8_0____4_fair.csv,5,930,114,5,True,0.3402,1.0,0.005376344086021506,0.005376344086021506,37.855648040771484,37.855648040771484,t_ca85e8f9eef5b9d5____c8_0____0.csv;t_ca85e8f9eef5b9d5____c8_0____3.csv;t_ca85e8f9eef5b9d5____c8_0____3__t_ca85e8f9eef5b9d5____c8_0____4_fair.csv;t_ca85e8f9eef5b9d5____c8_1____4__t_ca85e8f9eef5b9d5____c8_0____4_fair.csv;t_ca85e8f9eef5b9d5____c7_0____0__t_ca85e8f9eef5b9d5____c8_0____4_fair.csv,"{""needs_fairification"": true, ""success"": true, ""swaps_made"": 2, ""initial_fairness"": 0.1684, ""initial_delta"": 0.23}"
tusLarge3,exhaustive,t_ca85e8f9eef5b9d5____c8_0____4_fair.csv,10,930,114,10,True,0.3102,1.0,0.010752688172043012,0.010752688172043012,74.90671318769455,74.90671318769455,t_ca85e8f9eef5b9d5____c8_0____0.csv;t_ca85e8f9eef5b9d5____c8_0____3.csv;t_ca85e8f9eef5b9d5____c8_0____3__t_ca85e8f9eef5b9d5____c8_0____4_fair.csv;t_ca85e8f9eef5b9d5____c8_0____1.csv;t_ca85e8f9eef5b9d5____c10_1____4__t_ca85e8f9eef5b9d5____c22_0____1_fair.csv;t_ca85e8f9eef5b9d5____c8_1____4__t_ca85e8f9eef5b9d5____c8_0____4_fair.csv;t_ca85e8f9eef5b9d5____c9_0____2__t_ca85e8f9eef5b9d5____c8_0____4_fair.csv;t_ca85e8f9eef5b9d5____c9_0____3__t_ca85e8f9eef5b9d5____c8_0____4_fair.csv;t_ca85e8f9eef5b9d5____c7_0____0__t_ca85e8f9eef5b9d5____c8_0____4_fair.csv;t_ca85e8f9eef5b9d5____c7_0____4__t_ca85e8f9eef5b9d5____c10_1____0_fair.csv,"{""needs_fairification"": true, ""success"": true, ""swaps_made"": 5, ""initial_fairness"": 0.0868, ""initial_delta"": 0.31}"
tusLarge3,exhaustive,t_ca85e8f9eef5b9d5____c8_0____4_fair.csv,20,930,114,0,False,0.4061,,0.0,0.021505376344086023,0,0.0,,"{""needs_fairification"": true, ""success"": false, ""swaps_made"": 13, ""initial_fairness"": 0.0758, ""initial_delta"": 0.32}"
tusLarge3,exhaustive,t_ca85e8f9eef5b9d5____c9_1____4_fair.csv,5,1029,120,0,False,0.4354,,0.0,0.004859086491739553,0,0.0,,"{""needs_fairification"": true, ""success"": false, ""swaps_made"": 3, ""initial_fairness"": 0.1728, ""initial_delta"": 0.23}"
tusLarge3,exhaustive,t_ca85e8f9eef5b9d5____c9_1____4_fair.csv,10,1029,120,0,False,0.4354,,0.0,0.009718172983479106,0,0.0,,"{""needs_fairification"": true, ""success"": false, ""swaps_made"": 2, ""initial_fairness"": 0.0993, ""initial_delta"": 0.3}"
tusLarge3,exhaustive,t_ca85e8f9eef5b9d5____c9_1____4_fair.csv,20,1029,120,0,False,0.4354,,0.0,0.019436345966958212,0,0.0,,"{""needs_fairification"": true, ""success"": false, ""swaps_made"": 2, ""initial_fairness"": 0.0524, ""initial_delta"": 0.35}"
tusLarge3,exhaustive,t_ca85e8f9eef5b9d5____c15_1____1_fair.csv,5,1117,75,5,True,0.306,1.0,0.004476275738585497,0.004476275738585497,70.79255324602127,70.79255324602127,t_ca85e8f9eef5b9d5____c15_1____3__t_ca85e8f9eef5b9d5____c8_0____4_fair.csv;t_ca85e8f9eef5b9d5____c15_1____3__t_ca85e8f9eef5b9d5____c22_0____1_fair.csv;t_ca85e8f9eef5b9d5____c17_1____1__t_ca85e8f9eef5b9d5____c15_1____1_fair.csv;t_ca85e8f9eef5b9d5____c17_0____1__t_ca85e8f9eef5b9d5____c15_1____1_fair.csv;t_ca85e8f9eef5b9d5____c13_1____1__t_ca85e8f9eef5b9d5____c15_1____1_fair.csv,"{""needs_fairification"": true, ""success"": true, ""swaps_made"": 3, ""initial_fairness"": 0.0776, ""initial_delta"": 0.32}"
tusLarge3,exhaustive,t_ca85e8f9eef5b9d5____c15_1____1_fair.csv,10,1117,75,0,False,0.4289,,0.0,0.008952551477170993,0,0.0,,"{""needs_fairification"": true, ""success"": false, ""swaps_made"": 5, ""initial_fairness"": 0.0524, ""initial_delta"": 0.35}"
tusLarge3,exhaustive,t_ca85e8f9eef5b9d5____c15_1____1_fair.csv,20,1117,75,0,False,0.4289,,0.0,0.017905102954341987,0,0.0,,"{""needs_fairification"": true, ""success"": false, ""swaps_made"": 2, ""initial_fairness"": 0.0701, ""initial_delta"": 0.33}"
tusLarge3,exhaustive,t_dc9442ed0b52d69c____c10_0____0_fair.csv,5,185,127,5,True,0.3308,0.0,0.0,0.02702702702702703,46.73323452472687,46.73323452472687,t_013a2f8c584d44d7____c10_0____0__t_013a2f8c584d44d7____c12_0____3_fair.csv;t_013a2f8c584d44d7____c10_0____0__t_013a2f8c584d44d7____c10_1____0_fair.csv;t_dc9442ed0b52d69c____c9_0____0__t_dc9442ed0b52d69c____c9_0____2_fair.csv;t_dc9442ed0b52d69c____c9_0____0__t_dc9442ed0b52d69c____c8_0____3_fair.csv;t_dc9442ed0b52d69c____c9_0____0__t_dc9442ed0b52d69c____c2_1____2_fair.csv,"{""needs_fairification"": true, ""success"": true, ""swaps_made"": 2, ""initial_fairness"": 0.2484, ""initial_delta"": 0.15}"
tusLarge3,exhaustive,t_dc9442ed0b52d69c____c10_0____0_fair.csv,10,185,127,10,True,0.3092,0.0,0.0,0.05405405405405406,91.63180148601532,91.63180148601532,t_013a2f8c584d44d7____c10_0____0__t_013a2f8c584d44d7____c4_1____2_fair.csv;t_013a2f8c584d44d7____c10_0____0__t_013a2f8c584d44d7____c12_0____3_fair.csv;t_dc9442ed0b52d69c____c9_0____0__t_dc9442ed0b52d69c____c9_0____2_fair.csv;t_dc9442ed0b52d69c____c9_0____0__t_dc9442ed0b52d69c____c8_0____3_fair.csv;t_dc9442ed0b52d69c____c9_0____0__t_dc9442ed0b52d69c____c2_1____2_fair.csv;t_dc9442ed0b52d69c____c9_1____0__t_dc9442ed0b52d69c____c9_0____2_fair.csv;t_dc9442ed0b52d69c____c9_1____0__t_dc9442ed0b52d69c____c8_0____3_fair.csv;t_dc9442ed0b52d69c____c9_1____0__t_dc9442ed0b52d69c____c2_1____2_fair.csv;t_dc9442ed0b52d69c____c9_0____3__t_dc9442ed0b52d69c____c8_0____3_fair.csv;t_70edc453a411f33b____c9_1____3__t_70edc453a411f33b____c7_1____4_fair.csv,"{""needs_fairification"": true, ""success"": true, ""swaps_made"": 2, ""initial_fairness"": 0.2445, ""initial_delta"": 0.16}"
tusLarge3,exhaustive,t_dc9442ed0b52d69c____c10_0____0_fair.csv,20,185,127,20,True,0.2983,0.0,0.0,0.10810810810810811,182.2960797548294,182.2960797548294,t_013a2f8c584d44d7____c10_0____0__t_013a2f8c584d44d7____c4_1____2_fair.csv;t_013a2f8c584d44d7____c10_0____0__t_013a2f8c584d44d7____c12_0____3_fair.csv;t_013a2f8c584d44d7____c10_0____0__t_013a2f8c584d44d7____c10_1____0_fair.csv;t_dc9442ed0b52d69c____c9_0____0__t_dc9442ed0b52d69c____c9_0____2_fair.csv;t_dc9442ed0b52d69c____c9_0____0__t_dc9442ed0b52d69c____c8_0____3_fair.csv;t_dc9442ed0b52d69c____c9_0____0__t_dc9442ed0b52d69c____c2_1____2_fair.csv;t_dc9442ed0b52d69c____c9_1____0__t_dc9442ed0b52d69c____c9_0____2_fair.csv;t_dc9442ed0b52d69c____c9_1____0__t_dc9442ed0b52d69c____c2_1____2_fair.csv;t_70edc453a411f33b____c9_1____4__t_70edc453a411f33b____c7_1____4_fair.csv;t_70edc453a411f33b____c9_1____4__t_70edc453a411f33b____c12_1____3_fair.csv;t_70edc453a411f33b____c9_1____0__t_70edc453a411f33b____c7_1____4_fair.csv;t_70edc453a411f33b____c9_1____0__t_70edc453a411f33b____c12_1____3_fair.csv;t_dc9442ed0b52d69c____c9_1____3__t_dc9442ed0b52d69c____c9_0____2_fair.csv;t_dc9442ed0b52d69c____c9_1____3__t_dc9442ed0b52d69c____c8_0____3_fair.csv;t_70edc453a411f33b____c9_1____1__t_70edc453a411f33b____c7_1____4_fair.csv;t_70edc453a411f33b____c9_1____1__t_70edc453a411f33b____c12_1____3_fair.csv;t_dc9442ed0b52d69c____c9_0____3__t_dc9442ed0b52d69c____c8_0____3_fair.csv;t_70edc453a411f33b____c9_1____3__t_70edc453a411f33b____c7_1____4_fair.csv;t_70edc453a411f33b____c9_1____3__t_70edc453a411f33b____c12_1____3_fair.csv;t_dc9442ed0b52d69c____c9_0____1__t_dc9442ed0b52d69c____c8_0____3_fair.csv,"{""needs_fairification"": true, ""success"": true, ""swaps_made"": 6, ""initial_fairness"": 0.2067, ""initial_delta"": 0.19}"
tusLarge3,exhaustive,t_dc9442ed0b52d69c____c2_1____2_fair.csv,5,259,417,5,True,0.4828,0.2,0.003861003861003861,0.019305019305019305,8.759514689445496,8.759514689445496,t_70edc453a411f33b____c2_0____4__t_70edc453a411f33b____c12_1____3_fair.csv;t_dc9442ed0b52d69c____c2_1____0__t_dc9442ed0b52d69c____c2_1____2_fair.csv;t_70edc453a411f33b____c2_1____1__t_70edc453a411f33b____c7_1____4_fair.csv;t_013a2f8c584d44d7____c2_0____2__t_013a2f8c584d44d7____c7_1____4_fair.csv;t_70edc453a411f33b____c2_0____0__t_70edc453a411f33b____c12_1____3_fair.csv,"{""needs_fairification"": true, ""success"": true, ""swaps_made"": 1, ""initial_fairness"": 0.0014, ""initial_delta"": 0.4}"
tusLarge3,exhaustive,t_dc9442ed0b52d69c____c2_1____2_fair.csv,10,259,417,10,True,0.3725,0.1,0.003861003861003861,0.03861003861003861,16.988752961158752,16.988752961158752,t_70edc453a411f33b____c2_0____4__t_70edc453a411f33b____c12_1____3_fair.csv;t_dc9442ed0b52d69c____c2_1____0__t_dc9442ed0b52d69c____c2_1____2_fair.csv;t_70edc453a411f33b____c2_1____1__t_70edc453a411f33b____c7_1____4_fair.csv;t_013a2f8c584d44d7____c2_0____2__t_013a2f8c584d44d7____c7_1____4_fair.csv;t_70edc453a411f33b____c2_1____0__t_70edc453a411f33b____c7_1____4_fair.csv;t_70edc453a411f33b____c2_1____2__t_70edc453a411f33b____c7_1____4_fair.csv;t_70edc453a411f33b____c2_0____0__t_70edc453a411f33b____c12_1____3_fair.csv;t_70edc453a411f33b____c2_1____4__t_70edc453a411f33b____c7_1____4_fair.csv;t_013a2f8c584d44d7____c2_0____0__t_013a2f8c584d44d7____c7_1____4_fair.csv;t_dc9442ed0b52d69c____c4_0____2__t_dc9442ed0b52d69c____c9_0____2_fair.csv,"{""needs_fairification"": true, ""success"": true, ""swaps_made"": 1, ""initial_fairness"": 0.0023, ""initial_delta"": 0.4}"
tusLarge3,exhaustive,t_dc9442ed0b52d69c____c2_1____2_fair.csv,20,259,417,0,False,0.5,,0.0,0.07722007722007722,0,0.0,,"{""needs_fairification"": true, ""success"": false, ""swaps_made"": 5, ""initial_fairness"": 0.0225, ""initial_delta"": 0.38}"
tusLarge3,exhaustive,t_ca85e8f9eef5b9d5____c19_0____4_fair.csv,5,1029,57,0,False,0.4082,,0.0,0.004859086491739553,0,0.0,,"{""needs_fairification"": true, ""success"": false, ""swaps_made"": 0, ""initial_fairness"": 0.0672, ""initial_delta"": 0.33}"
tusLarge3,exhaustive,t_ca85e8f9eef5b9d5____c19_0____4_fair.csv,10,1029,57,0,False,0.4082,,0.0,0.009718172983479106,0,0.0,,"{""needs_fairification"": true, ""success"": false, ""swaps_made"": 0, ""initial_fairness"": 0.0376, ""initial_delta"": 0.36}"
tusLarge3,exhaustive,t_ca85e8f9eef5b9d5____c19_0____4_fair.csv,20,1029,57,0,False,0.4082,,0.0,0.019436345966958212,0,0.0,,"{""needs_fairification"": true, ""success"": false, ""swaps_made"": 0, ""initial_fairness"": 0.0193, ""initial_delta"": 0.38}"
tusLarge3,exhaustive,t_dc9442ed0b52d69c____c8_0____3_fair.csv,5,258,171,5,True,0.3389,1.0,0.01937984496124031,0.01937984496124031,38.783322930336,38.783322930336,t_dc9442ed0b52d69c____c8_1____1__t_dc9442ed0b52d69c____c8_0____3_fair.csv;t_dc9442ed0b52d69c____c8_1____0__t_dc9442ed0b52d69c____c8_0____3_fair.csv;t_dc9442ed0b52d69c____c8_1____0__t_dc9442ed0b52d69c____c2_1____2_fair.csv;t_dc9442ed0b52d69c____c8_0____2__t_dc9442ed0b52d69c____c9_0____2_fair.csv;t_dc9442ed0b52d69c____c8_1____4__t_dc9442ed0b52d69c____c8_0____3_fair.csv,"{""needs_fairification"": true, ""success"": true, ""swaps_made"": 1, ""initial_fairness"": 0.2847, ""initial_delta"": 0.12}"
tusLarge3,exhaustive,t_dc9442ed0b52d69c____c8_0____3_fair.csv,10,258,171,10,True,0.324,1.0,0.03875968992248062,0.03875968992248062,77.59905248880386,77.59905248880386,t_dc9442ed0b52d69c____c8_1____1__t_dc9442ed0b52d69c____c8_0____3_fair.csv;t_dc9442ed0b52d69c____c8_1____1__t_dc9442ed0b52d69c____c2_1____2_fair.csv;t_dc9442ed0b52d69c____c8_1____0__t_dc9442ed0b52d69c____c8_0____3_fair.csv;t_dc9442ed0b52d69c____c8_1____0__t_dc9442ed0b52d69c____c2_1____2_fair.csv;t_dc9442ed0b52d69c____c8_0____2__t_dc9442ed0b52d69c____c9_0____2_fair.csv;t_dc9442ed0b52d69c____c8_0____2__t_dc9442ed0b52d69c____c8_0____3_fair.csv;t_dc9442ed0b52d69c____c8_1____2__t_dc9442ed0b52d69c____c8_0____3_fair.csv;t_dc9442ed0b52d69c____c8_1____2__t_dc9442ed0b52d69c____c2_1____2_fair.csv;t_dc9442ed0b52d69c____c8_0____1__t_dc9442ed0b52d69c____c8_0____3_fair.csv;t_dc9442ed0b52d69c____c8_1____4__t_dc9442ed0b52d69c____c8_0____3_fair.csv,"{""needs_fairification"": true, ""success"": true, ""swaps_made"": 1, ""initial_fairness"": 0.2936, ""initial_delta"": 0.11}"
tusLarge3,exhaustive,t_dc9442ed0b52d69c____c8_0____3_fair.csv,20,258,171,20,True,0.3023,1.0,0.07751937984496124,0.07751937984496124,153.12347036600113,153.12347036600113,t_dc9442ed0b52d69c____c8_1____1__t_dc9442ed0b52d69c____c8_0____3_fair.csv;t_dc9442ed0b52d69c____c8_1____1__t_dc9442ed0b52d69c____c2_1____2_fair.csv;t_dc9442ed0b52d69c____c8_1____0__t_dc9442ed0b52d69c____c8_0____3_fair.csv;t_dc9442ed0b52d69c____c8_1____0__t_dc9442ed0b52d69c____c2_1____2_fair.csv;t_dc9442ed0b52d69c____c8_0____2__t_dc9442ed0b52d69c____c9_0____2_fair.csv;t_dc9442ed0b52d69c____c8_0____2__t_dc9442ed0b52d69c____c8_0____3_fair.csv;t_dc9442ed0b52d69c____c8_1____2__t_dc9442ed0b52d69c____c8_0____3_fair.csv;t_dc9442ed0b52d69c____c8_1____2__t_dc9442ed0b52d69c____c2_1____2_fair.csv;t_dc9442ed0b52d69c____c8_0____1__t_dc9442ed0b52d69c____c8_0____3_fair.csv;t_dc9442ed0b52d69c____c8_0____4__t_dc9442ed0b52d69c____c9_0____2_fair.csv;t_dc9442ed0b52d69c____c8_0____4__t_dc9442ed0b52d69c____c8_0____3_fair.csv;t_dc9442ed0b52d69c____c8_1____3__t_dc9442ed0b52d69c____c8_0____3_fair.csv;t_dc9442ed0b52d69c____c8_1____3__t_dc9442ed0b52d69c____c2_1____2_fair.csv;t_dc9442ed0b52d69c____c8_0____0__t_dc9442ed0b52d69c____c8_0____3_fair.csv;t_dc9442ed0b52d69c____c8_1____4__t_dc9442ed0b52d69c____c8_0____3_fair.csv;t_dc9442ed0b52d69c____c8_1____4__t_dc9442ed0b52d69c____c2_1____2_fair.csv;t_dc9442ed0b52d69c____c8_1____1.csv;t_dc9442ed0b52d69c____c8_0____2.csv;t_dc9442ed0b52d69c____c7_1____0__t_dc9442ed0b52d69c____c9_0____2_fair.csv;t_dc9442ed0b52d69c____c7_1____0__t_dc9442ed0b52d69c____c2_1____2_fair.csv,"{""needs_fairification"": true, ""success"": true, ""swaps_made"": 2, ""initial_fairness"": 0.2752, ""initial_delta"": 0.12}"
tusLarge3,exhaustive,t_ca85e8f9eef5b9d5____c17_0____3_fair.csv,5,1029,63,5,True,0.3577,1.0,0.004859086491739553,0.004859086491739553,81.12588453292847,81.12588453292847,t_ca85e8f9eef5b9d5____c17_1____3__t_ca85e8f9eef5b9d5____c8_0____4_fair.csv;t_ca85e8f9eef5b9d5____c17_0____1__t_ca85e8f9eef5b9d5____c1_0____2_fair.csv;t_ca85e8f9eef5b9d5____c17_0____1__t_ca85e8f9eef5b9d5____c17_0____3_fair.csv;t_ca85e8f9eef5b9d5____c17_0____0__t_ca85e8f9eef5b9d5____c1_0____2_fair.csv;t_ca85e8f9eef5b9d5____c17_0____0__t_ca85e8f9eef5b9d5____c17_0____3_fair.csv,"{""needs_fairification"": true, ""success"": true, ""swaps_made"": 4, ""initial_fairness"": 0.0757, ""initial_delta"": 0.32}"
tusLarge3,exhaustive,t_ca85e8f9eef5b9d5____c17_0____3_fair.csv,10,1029,63,10,True,0.306,1.0,0.009718172983479106,0.009718172983479106,161.72742187976837,161.72742187976837,t_ca85e8f9eef5b9d5____c17_0____1__t_ca85e8f9eef5b9d5____c1_0____2_fair.csv;t_ca85e8f9eef5b9d5____c17_0____1__t_ca85e8f9eef5b9d5____c17_0____3_fair.csv;t_ca85e8f9eef5b9d5____c17_0____0__t_ca85e8f9eef5b9d5____c8_0____4_fair.csv;t_ca85e8f9eef5b9d5____c17_0____0__t_ca85e8f9eef5b9d5____c20_0____2_fair.csv;t_ca85e8f9eef5b9d5____c17_0____0__t_ca85e8f9eef5b9d5____c1_0____2_fair.csv;t_ca85e8f9eef5b9d5____c17_0____0__t_ca85e8f9eef5b9d5____c17_0____3_fair.csv;t_ca85e8f9eef5b9d5____c17_0____0__t_ca85e8f9eef5b9d5____c15_1____1_fair.csv;t_ca85e8f9eef5b9d5____c17_0____0__t_ca85e8f9eef5b9d5____c14_1____2_fair.csv;t_ca85e8f9eef5b9d5____c17_0____0__t_ca85e8f9eef5b9d5____c10_1____0_fair.csv;t_ca85e8f9eef5b9d5____c17_0____0.csv,"{""needs_fairification"": true, ""success"": true, ""swaps_made"": 10, ""initial_fairness"": 0.048, ""initial_delta"": 0.35}"
tusLarge3,exhaustive,t_ca85e8f9eef5b9d5____c17_0____3_fair.csv,20,1029,63,0,False,0.4353,,0.0,0.019436345966958212,0,0.0,,"{""needs_fairification"": true, ""success"": false, ""swaps_made"": 7, ""initial_fairness"": 0.1094, ""initial_delta"": 0.29}"
tusLarge3,exhaustive,t_dc9442ed0b52d69c____c9_0____2_fair.csv,5,278,130,5,True,0.3515,0.4,0.007194244604316547,0.017985611510791366,44.188006579875946,44.188006579875946,t_dc9442ed0b52d69c____c9_0____1__t_dc9442ed0b52d69c____c9_0____2_fair.csv;t_dc9442ed0b52d69c____c9_0____1__t_dc9442ed0b52d69c____c2_1____2_fair.csv;t_70edc453a411f33b____c9_1____2__t_70edc453a411f33b____c7_1____4_fair.csv;t_70edc453a411f33b____c9_1____2__t_70edc453a411f33b____c12_1____3_fair.csv;t_013a2f8c584d44d7____c9_1____2__t_013a2f8c584d44d7____c10_1____0_fair.csv,"{""needs_fairification"": true, ""success"": true, ""swaps_made"": 1, ""initial_fairness"": 0.2816, ""initial_delta"": 0.12}"
tusLarge3,exhaustive,t_dc9442ed0b52d69c____c9_0____2_fair.csv,10,278,130,10,True,0.3341,0.7,0.025179856115107913,0.03597122302158273,88.40879821777344,88.40879821777344,t_dc9442ed0b52d69c____c9_0____1__t_dc9442ed0b52d69c____c9_0____2_fair.csv;t_dc9442ed0b52d69c____c9_0____1__t_dc9442ed0b52d69c____c8_0____3_fair.csv;t_dc9442ed0b52d69c____c9_0____1__t_dc9442ed0b52d69c____c2_1____2_fair.csv;t_70edc453a411f33b____c9_1____2__t_70edc453a411f33b____c7_1____4_fair.csv;t_70edc453a411f33b____c9_1____2__t_70edc453a411f33b____c12_1____3_fair.csv;t_dc9442ed0b52d69c____c9_1____3__t_dc9442ed0b52d69c____c9_0____2_fair.csv;t_dc9442ed0b52d69c____c9_1____3__t_dc9442ed0b52d69c____c2_1____2_fair.csv;t_dc9442ed0b52d69c____c9_0____3__t_dc9442ed0b52d69c____c9_0____2_fair.csv;t_dc9442ed0b52d69c____c9_0____3__t_dc9442ed0b52d69c____c8_0____3_fair.csv;t_013a2f8c584d44d7____c9_1____2__t_013a2f8c584d44d7____c10_1____0_fair.csv,"{""needs_fairification"": true, ""success"": true, ""swaps_made"": 1, ""initial_fairness"": 0.2779, ""initial_delta"": 0.12}"
tusLarge3,exhaustive,t_dc9442ed0b52d69c____c9_0____2_fair.csv,20,278,130,20,True,0.3178,0.6,0.04316546762589928,0.07194244604316546,176.7513523697853,176.7513523697853,t_dc9442ed0b52d69c____c9_0____1__t_dc9442ed0b52d69c____c9_0____2_fair.csv;t_dc9442ed0b52d69c____c9_0____1__t_dc9442ed0b52d69c____c8_0____3_fair.csv;t_dc9442ed0b52d69c____c9_0____1__t_dc9442ed0b52d69c____c2_1____2_fair.csv;t_70edc453a411f33b____c9_1____2__t_70edc453a411f33b____c7_1____4_fair.csv;t_70edc453a411f33b____c9_1____2__t_70edc453a411f33b____c12_1____3_fair.csv;t_dc9442ed0b52d69c____c9_1____3__t_dc9442ed0b52d69c____c9_0____2_fair.csv;t_dc9442ed0b52d69c____c9_1____3__t_dc9442ed0b52d69c____c8_0____3_fair.csv;t_dc9442ed0b52d69c____c9_1____3__t_dc9442ed0b52d69c____c2_1____2_fair.csv;t_dc9442ed0b52d69c____c9_0____3__t_dc9442ed0b52d69c____c9_0____2_fair.csv;t_dc9442ed0b52d69c____c9_0____3__t_dc9442ed0b52d69c____c8_0____3_fair.csv;t_dc9442ed0b52d69c____c9_0____3__t_dc9442ed0b52d69c____c2_1____2_fair.csv;t_70edc453a411f33b____c9_0____3__t_70edc453a411f33b____c10_1____3_fair.csv;t_dc9442ed0b52d69c____c9_1____4__t_dc9442ed0b52d69c____c9_0____2_fair.csv;t_dc9442ed0b52d69c____c9_1____4__t_dc9442ed0b52d69c____c8_0____3_fair.csv;t_dc9442ed0b52d69c____c9_1____4__t_dc9442ed0b52d69c____c2_1____2_fair.csv;t_70edc453a411f33b____c9_1____0__t_70edc453a411f33b____c7_1____4_fair.csv;t_70edc453a411f33b____c9_1____0__t_70edc453a411f33b____c12_1____3_fair.csv;t_70edc453a411f33b____c9_1____4__t_70edc453a411f33b____c7_1____4_fair.csv;t_013a2f8c584d44d7____c9_1____4__t_013a2f8c584d44d7____c10_1____0_fair.csv;t_013a2f8c584d44d7____c9_1____2__t_013a2f8c584d44d7____c10_1____0_fair.csv,"{""needs_fairification"": true, ""success"": true, ""swaps_made"": 2, ""initial_fairness"": 0.235, ""initial_delta"": 0.17}"
tusLarge3,exhaustive,t_ece0594e0480a1ed____c5_1____3_fair.csv,5,88,156,5,True,0.3968,1.0,0.056818181818181816,0.056818181818181816,24.01617830991745,24.01617830991745,t_ece0594e0480a1ed____c5_1____1__t_ece0594e0480a1ed____c5_1____3_fair.csv;t_ece0594e0480a1ed____c5_1____1.csv;t_ece0594e0480a1ed____c5_1____2__t_ece0594e0480a1ed____c5_1____3_fair.csv;t_ece0594e0480a1ed____c6_0____3__t_ece0594e0480a1ed____c5_1____3_fair.csv;t_ece0594e0480a1ed____c5_0____3__t_ece0594e0480a1ed____c5_1____3_fair.csv,"{""needs_fairification"": false, ""success"": true, ""swaps_made"": 0, ""initial_fairness"": 0.3968, ""initial_delta"": 0.0}"
tusLarge3,exhaustive,t_ece0594e0480a1ed____c5_1____3_fair.csv,10,88,156,10,True,0.3612,1.0,0.11363636363636363,0.11363636363636363,47.78767943382263,47.78767943382263,t_ece0594e0480a1ed____c5_1____1__t_ece0594e0480a1ed____c5_1____3_fair.csv;t_ece0594e0480a1ed____c5_1____1.csv;t_ece0594e0480a1ed____c5_1____2__t_ece0594e0480a1ed____c5_1____3_fair.csv;t_ece0594e0480a1ed____c6_0____3__t_ece0594e0480a1ed____c5_1____3_fair.csv;t_ece0594e0480a1ed____c5_0____3__t_ece0594e0480a1ed____c5_1____3_fair.csv;t_ece0594e0480a1ed____c5_1____0__t_ece0594e0480a1ed____c5_1____3_fair.csv;t_ece0594e0480a1ed____c6_0____1__t_ece0594e0480a1ed____c5_1____3_fair.csv;t_ece0594e0480a1ed____c5_0____1.csv;t_ece0594e0480a1ed____c5_0____1__t_ece0594e0480a1ed____c5_1____3_fair.csv;t_ece0594e0480a1ed____c6_0____3.csv,"{""needs_fairification"": false, ""success"": true, ""swaps_made"": 0, ""initial_fairness"": 0.3612, ""initial_delta"": 0.04}"
tusLarge3,exhaustive,t_ece0594e0480a1ed____c5_1____3_fair.csv,20,88,156,20,True,0.2957,0.95,0.2159090909090909,0.22727272727272727,94.69582521915436,94.69582521915436,t_ece0594e0480a1ed____c5_1____1__t_ece0594e0480a1ed____c5_1____3_fair.csv;t_ece0594e0480a1ed____c5_1____1.csv;t_ece0594e0480a1ed____c5_1____2__t_ece0594e0480a1ed____c5_1____3_fair.csv;t_ece0594e0480a1ed____c6_0____3__t_ece0594e0480a1ed____c5_1____3_fair.csv;t_ece0594e0480a1ed____c5_0____3__t_ece0594e0480a1ed____c5_1____3_fair.csv;t_ece0594e0480a1ed____c5_1____0__t_ece0594e0480a1ed____c5_1____3_fair.csv;t_ece0594e0480a1ed____c6_0____1__t_ece0594e0480a1ed____c5_1____3_fair.csv;t_ece0594e0480a1ed____c5_0____1.csv;t_ece0594e0480a1ed____c5_0____1__t_ece0594e0480a1ed____c5_1____3_fair.csv;t_ece0594e0480a1ed____c6_0____3.csv;t_ece0594e0480a1ed____c5_1____2.csv;t_ece0594e0480a1ed____c5_0____3.csv;t_ece0594e0480a1ed____c5_1____0.csv;t_ece0594e0480a1ed____c5_1____4__t_ece0594e0480a1ed____c5_1____3_fair.csv;t_ece0594e0480a1ed____c6_0____1.csv;t_ece0594e0480a1ed____c5_1____4.csv;t_ece0594e0480a1ed____c7_0____3__t_ece0594e0480a1ed____c5_1____3_fair.csv;t_285b3bcd52ec0c86____c7_1____0.csv;t_ece0594e0480a1ed____c6_0____4__t_ece0594e0480a1ed____c5_1____3_fair.csv;t_ece0594e0480a1ed____c6_0____0__t_ece0594e0480a1ed____c5_1____3_fair.csv,"{""needs_fairification"": true, ""success"": true, ""swaps_made"": 1, ""initial_fairness"": 0.269, ""initial_delta"": 0.13}"
tusLarge3,exhaustive,t_e9efd5cda78af711____c6_0____3_fair.csv,5,530,116,5,True,0.3498,0.6,0.005660377358490566,0.009433962264150943,29.192652344703674,29.192652344703674,t_e9efd5cda78af711____c6_0____2__t_e9efd5cda78af711____c6_0____3_fair.csv;t_285b3bcd52ec0c86____c6_0____3__t_285b3bcd52ec0c86____c6_0____0_fair.csv;PED_SK_DTL_SNF____c10_0____1__PED_SK_DTL_SNF____c9_0____3_fair.csv;t_e9efd5cda78af711____c6_0____4__t_e9efd5cda78af711____c6_0____3_fair.csv;t_e9efd5cda78af711____c6_0____0__t_e9efd5cda78af711____c6_0____3_fair.csv,"{""needs_fairification"": true, ""success"": true, ""swaps_made"": 2, ""initial_fairness"": 0.1764, ""initial_delta"": 0.22}"
tusLarge3,exhaustive,t_e9efd5cda78af711____c6_0____3_fair.csv,10,530,116,10,True,0.3128,0.4,0.007547169811320755,0.018867924528301886,58.07786190509796,58.07786190509796,t_e9efd5cda78af711____c6_0____2__t_e9efd5cda78af711____c6_0____3_fair.csv;t_285b3bcd52ec0c86____c6_0____3__t_285b3bcd52ec0c86____c6_0____0_fair.csv;PED_SK_DTL_SNF____c10_0____1__PED_SK_DTL_SNF____c9_0____3_fair.csv;t_285b3bcd52ec0c86____c6_0____3.csv;t_e9efd5cda78af711____c6_0____1__t_e9efd5cda78af711____c6_0____3_fair.csv;PED_SK_DTL_SNF____c10_0____1.csv;t_e9efd5cda78af711____c6_0____4__t_e9efd5cda78af711____c6_0____3_fair.csv;t_e9efd5cda78af711____c6_0____0__t_e9efd5cda78af711____c6_0____3_fair.csv;t_285b3bcd52ec0c86____c6_0____4__t_285b3bcd52ec0c86____c6_0____0_fair.csv;t_285b3bcd52ec0c86____c6_0____4.csv,"{""needs_fairification"": true, ""success"": true, ""swaps_made"": 4, ""initial_fairness"": 0.146, ""initial_delta"": 0.25}"
tusLarge3,exhaustive,t_e9efd5cda78af711____c6_0____3_fair.csv,20,530,116,0,False,0.4362,,0.0,0.03773584905660377,0,0.0,,"{""needs_fairification"": true, ""success"": false, ""swaps_made"": 1, ""initial_fairness"": 0.1191, ""initial_delta"": 0.28}"
tusLarge3,exhaustive,t_e9efd5cda78af711____c5_0____3_fair.csv,5,534,165,5,True,0.4233,0.8,0.00749063670411985,0.009363295880149813,23.1078919172287,23.1078919172287,t_e9efd5cda78af711____c5_0____1__t_e9efd5cda78af711____c5_0____3_fair.csv;t_e9efd5cda78af711____c5_0____2__t_e9efd5cda78af711____c5_0____3_fair.csv;t_e9efd5cda78af711____c5_0____4__t_e9efd5cda78af711____c5_0____3_fair.csv;t_e9efd5cda78af711____c5_0____0__t_e9efd5cda78af711____c5_0____3_fair.csv;PED_SK_DTL_SNF____c5_1____1__PED_SK_DTL_SNF____c18_0____2_fair.csv,"{""needs_fairification"": true, ""success"": true, ""swaps_made"": 1, ""initial_fairness"": 0.2891, ""initial_delta"": 0.11}"
tusLarge3,exhaustive,t_e9efd5cda78af711____c5_0____3_fair.csv,10,534,165,0,False,0.4307,,0.0,0.018726591760299626,0,0.0,,"{""needs_fairification"": true, ""success"": false, ""swaps_made"": 6, ""initial_fairness"": 0.0543, ""initial_delta"": 0.35}"
tusLarge3,exhaustive,t_e9efd5cda78af711____c5_0____3_fair.csv,20,534,165,0,False,0.4307,,0.0,0.03745318352059925,0,0.0,,"{""needs_fairification"": true, ""success"": false, ""swaps_made"": 3, ""initial_fairness"": 0.0289, ""initial_delta"": 0.37}"
tusLarge3,exhaustive,t_e9efd5cda78af711____c13_0____3_fair.csv,5,487,90,5,True,0.3127,0.6,0.006160164271047228,0.01026694045174538,61.79452341794968,61.79452341794968,t_e9efd5cda78af711____c13_0____1__t_e9efd5cda78af711____c5_0____3_fair.csv;t_e9efd5cda78af711____c13_0____1__t_e9efd5cda78af711____c13_0____3_fair.csv;t_6c551d740feb0608____c13_1____1__t_6c551d740feb0608____c9_0____3_fair.csv;t_6c551d740feb0608____c13_1____1__t_6c551d740feb0608____c5_1____1_fair.csv;t_e9efd5cda78af711____c13_0____2.csv,"{""needs_fairification"": true, ""success"": true, ""swaps_made"": 1, ""initial_fairness"": 0.2658, ""initial_delta"": 0.13}"
tusLarge3,exhaustive,t_e9efd5cda78af711____c13_0____3_fair.csv,10,487,90,10,True,0.2992,0.4,0.008213552361396304,0.02053388090349076,120.31881660223007,120.31881660223007,t_e9efd5cda78af711____c13_0____1__t_e9efd5cda78af711____c6_0____3_fair.csv;t_e9efd5cda78af711____c13_0____1__t_e9efd5cda78af711____c5_0____3_fair.csv;t_e9efd5cda78af711____c13_0____1__t_e9efd5cda78af711____c13_0____3_fair.csv;t_6c551d740feb0608____c13_1____1__t_6c551d740feb0608____c10_0____2_fair.csv;t_6c551d740feb0608____c13_1____1.csv;t_6c551d740feb0608____c14_1____4__t_6c551d740feb0608____c9_0____3_fair.csv;t_6c551d740feb0608____c14_1____4__t_6c551d740feb0608____c16_0____1_fair.csv;t_e9efd5cda78af711____c13_0____2.csv;t_6c551d740feb0608____c12_1____3__t_6c551d740feb0608____c16_0____1_fair.csv;t_6c551d740feb0608____c11_0____2__t_6c551d740feb0608____c9_0____3_fair.csv,"{""needs_fairification"": true, ""success"": true, ""swaps_made"": 5, ""initial_fairness"": 0.1515, ""initial_delta"": 0.25}"
tusLarge3,exhaustive,t_e9efd5cda78af711____c13_0____3_fair.csv,20,487,90,0,False,0.4027,,0.0,0.04106776180698152,0,0.0,,"{""needs_fairification"": true, ""success"": false, ""swaps_made"": 6, ""initial_fairness"": 0.1236, ""initial_delta"": 0.28}"
tusLarge3,exhaustive,t_ca85e8f9eef5b9d5____c20_0____2_fair.csv,5,975,58,0,False,0.4053,,0.0,0.005128205128205128,0,0.0,,"{""needs_fairification"": true, ""success"": false, ""swaps_made"": 2, ""initial_fairness"": 0.065, ""initial_delta"": 0.34}"
tusLarge3,exhaustive,t_ca85e8f9eef5b9d5____c20_0____2_fair.csv,10,975,58,0,False,0.4053,,0.0,0.010256410256410256,0,0.0,,"{""needs_fairification"": true, ""success"": false, ""swaps_made"": 0, ""initial_fairness"": 0.0359, ""initial_delta"": 0.36}"
tusLarge3,exhaustive,t_ca85e8f9eef5b9d5____c20_0____2_fair.csv,20,975,58,0,False,0.4053,,0.0,0.020512820512820513,0,0.0,,"{""needs_fairification"": true, ""success"": false, ""swaps_made"": 0, ""initial_fairness"": 0.0187, ""initial_delta"": 0.38}"
tusLarge3,exhaustive,t_e9efd5cda78af711____c18_0____0_fair.csv,5,451,63,0,False,0.4047,,0.0,0.011086474501108648,0,0.0,,"{""needs_fairification"": true, ""success"": false, ""swaps_made"": 5, ""initial_fairness"": 0.066, ""initial_delta"": 0.33}"
tusLarge3,exhaustive,t_e9efd5cda78af711____c18_0____0_fair.csv,10,451,63,0,False,0.4047,,0.0,0.022172949002217297,0,0.0,,"{""needs_fairification"": true, ""success"": false, ""swaps_made"": 0, ""initial_fairness"": 0.0453, ""initial_delta"": 0.35}"
tusLarge3,exhaustive,t_e9efd5cda78af711____c18_0____0_fair.csv,20,451,63,0,False,0.4047,,0.0,0.04434589800443459,0,0.0,,"{""needs_fairification"": true, ""success"": false, ""swaps_made"": 0, ""initial_fairness"": 0.0353, ""initial_delta"": 0.36}"
tusLarge3,exhaustive,t_ca85e8f9eef5b9d5____c22_0____1_fair.csv,5,832,57,5,True,0.2993,1.0,0.006009615384615385,0.006009615384615385,102.7818472981453,102.7818472981453,t_ca85e8f9eef5b9d5____c22_0____0__t_ca85e8f9eef5b9d5____c22_0____1_fair.csv;t_ca85e8f9eef5b9d5____c22_0____0__t_ca85e8f9eef5b9d5____c1_0____2_fair.csv;t_ca85e8f9eef5b9d5____c22_0____0__t_ca85e8f9eef5b9d5____c19_0____4_fair.csv;t_ca85e8f9eef5b9d5____c22_0____0__t_ca85e8f9eef5b9d5____c17_0____3_fair.csv;t_ca85e8f9eef5b9d5____c22_0____3__t_ca85e8f9eef5b9d5____c22_0____1_fair.csv,"{""needs_fairification"": true, ""success"": true, ""swaps_made"": 1, ""initial_fairness"": 0.2582, ""initial_delta"": 0.14}"
tusLarge3,exhaustive,t_ca85e8f9eef5b9d5____c22_0____1_fair.csv,10,832,57,0,False,0.4002,,0.0,0.01201923076923077,0,0.0,,"{""needs_fairification"": true, ""success"": false, ""swaps_made"": 2, ""initial_fairness"": 0.2327, ""initial_delta"": 0.17}"
tusLarge3,exhaustive,t_ca85e8f9eef5b9d5____c22_0____1_fair.csv,20,832,57,0,False,0.4002,,0.0,0.02403846153846154,0,0.0,,"{""needs_fairification"": true, ""success"": false, ""swaps_made"": 0, ""initial_fairness"": 0.2268, ""initial_delta"": 0.17}"
tusLarge3,exhaustive,t_f2bc7fb748586bfa____c17_1____1_fair.csv,5,1605,60,0,False,0.4177,,0.0,0.003115264797507788,0,0.0,,"{""needs_fairification"": true, ""success"": false, ""swaps_made"": 4, ""initial_fairness"": 0.1684, ""initial_delta"": 0.23}"
tusLarge3,exhaustive,t_f2bc7fb748586bfa____c17_1____1_fair.csv,10,1605,60,0,False,0.4177,,0.0,0.006230529595015576,0,0.0,,"{""needs_fairification"": true, ""success"": false, ""swaps_made"": 4, ""initial_fairness"": 0.1321, ""initial_delta"": 0.27}"
tusLarge3,exhaustive,t_f2bc7fb748586bfa____c17_1____1_fair.csv,20,1605,60,0,False,0.4177,,0.0,0.012461059190031152,0,0.0,,"{""needs_fairification"": true, ""success"": false, ""swaps_made"": 0, ""initial_fairness"": 0.0694, ""initial_delta"": 0.33}"
tusLarge3,exhaustive,t_f2bc7fb748586bfa____c19_1____0_fair.csv,5,1544,54,0,False,0.4506,,0.0,0.003238341968911917,0,0.0,,"{""needs_fairification"": true, ""success"": false, ""swaps_made"": 4, ""initial_fairness"": 0.1491, ""initial_delta"": 0.25}"
tusLarge3,exhaustive,t_f2bc7fb748586bfa____c19_1____0_fair.csv,10,1544,54,0,False,0.4506,,0.0,0.006476683937823834,0,0.0,,"{""needs_fairification"": true, ""success"": false, ""swaps_made"": 2, ""initial_fairness"": 0.084, ""initial_delta"": 0.32}"
tusLarge3,exhaustive,t_f2bc7fb748586bfa____c19_1____0_fair.csv,20,1544,54,0,False,0.4506,,0.0,0.012953367875647668,0,0.0,,"{""needs_fairification"": true, ""success"": false, ""swaps_made"": 1, ""initial_fairness"": 0.044, ""initial_delta"": 0.36}"
tusLarge3,exhaustive,t_f2bc7fb748586bfa____c18_1____4_fair.csv,5,1601,66,5,True,0.3173,1.0,0.003123048094940662,0.003123048094940662,82.45217770338058,82.45217770338058,t_f2bc7fb748586bfa____c18_1____2__t_f2bc7fb748586bfa____c8_0____4_fair.csv;t_f2bc7fb748586bfa____c18_1____2__t_f2bc7fb748586bfa____c18_1____4_fair.csv;t_f2bc7fb748586bfa____c18_1____2__t_f2bc7fb748586bfa____c17_1____1_fair.csv;t_f2bc7fb748586bfa____c18_1____0__t_f2bc7fb748586bfa____c18_1____4_fair.csv;t_f2bc7fb748586bfa____c18_1____3__t_f2bc7fb748586bfa____c18_1____4_fair.csv,"{""needs_fairification"": true, ""success"": true, ""swaps_made"": 2, ""initial_fairness"": 0.1819, ""initial_delta"": 0.22}"
tusLarge3,exhaustive,t_f2bc7fb748586bfa____c18_1____4_fair.csv,10,1601,66,10,True,0.2995,0.8,0.004996876951905059,0.006246096189881324,156.07504576444626,156.07504576444626,t_f2bc7fb748586bfa____c18_1____2__t_f2bc7fb748586bfa____c8_0____4_fair.csv;t_f2bc7fb748586bfa____c18_1____2__t_f2bc7fb748586bfa____c18_1____4_fair.csv;t_f2bc7fb748586bfa____c18_1____1__t_f2bc7fb748586bfa____c18_1____4_fair.csv;t_f2bc7fb748586bfa____c18_1____1.csv;t_f2bc7fb748586bfa____c18_1____2.csv;t_f2bc7fb748586bfa____c18_1____0__t_f2bc7fb748586bfa____c18_1____4_fair.csv;t_f2bc7fb748586bfa____c18_1____3__t_f2bc7fb748586bfa____c18_1____4_fair.csv;t_f2bc7fb748586bfa____c17_0____3.csv;t_f2bc7fb748586bfa____c15_1____3__t_f2bc7fb748586bfa____c18_1____4_fair.csv;t_f2bc7fb748586bfa____c14_1____2.csv,"{""needs_fairification"": true, ""success"": true, ""swaps_made"": 5, ""initial_fairness"": 0.1583, ""initial_delta"": 0.24}"
tusLarge3,exhaustive,t_f2bc7fb748586bfa____c18_1____4_fair.csv,20,1601,66,0,False,0.4342,,0.0,0.012492192379762648,0,0.0,,"{""needs_fairification"": true, ""success"": false, ""swaps_made"": 2, ""initial_fairness"": 0.1134, ""initial_delta"": 0.29}"
tusLarge3,exhaustive,t_f2bc7fb748586bfa____c8_0____0_fair.csv,5,1569,90,0,False,0.4263,,0.0,0.0031867431485022306,0,0.0,,"{""needs_fairification"": true, ""success"": false, ""swaps_made"": 1, ""initial_fairness"": 0.2373, ""initial_delta"": 0.16}"
tusLarge3,exhaustive,t_f2bc7fb748586bfa____c8_0____0_fair.csv,10,1569,90,0,False,0.4263,,0.0,0.006373486297004461,0,0.0,,"{""needs_fairification"": true, ""success"": false, ""swaps_made"": 1, ""initial_fairness"": 0.0308, ""initial_delta"": 0.37}"
tusLarge3,exhaustive,t_f2bc7fb748586bfa____c8_0____0_fair.csv,20,1569,90,0,False,0.4263,,0.0,0.012746972594008922,0,0.0,,"{""needs_fairification"": true, ""success"": false, ""swaps_made"": 0, ""initial_fairness"": 0.0051, ""initial_delta"": 0.39}"
tusLarge3,exhaustive,t_f2bc7fb748586bfa____c8_0____4_fair.csv,5,1478,92,0,False,0.409,,0.0,0.0033829499323410014,0,0.0,,"{""needs_fairification"": true, ""success"": false, ""swaps_made"": 1, ""initial_fairness"": 0.2361, ""initial_delta"": 0.16}"
tusLarge3,exhaustive,t_f2bc7fb748586bfa____c8_0____4_fair.csv,10,1478,92,0,False,0.409,,0.0,0.006765899864682003,0,0.0,,"{""needs_fairification"": true, ""success"": false, ""swaps_made"": 1, ""initial_fairness"": 0.0893, ""initial_delta"": 0.31}"
tusLarge3,exhaustive,t_f2bc7fb748586bfa____c8_0____4_fair.csv,20,1478,92,0,False,0.409,,0.0,0.013531799729364006,0,0.0,,"{""needs_fairification"": true, ""success"": false, ""swaps_made"": 0, ""initial_fairness"": 0.0084, ""initial_delta"": 0.39}"
tusLarge3,exhaustive,t_f2bc7fb748586bfa____c27_1____4_fair.csv,5,1702,46,5,True,0.3469,1.0,0.002937720329024677,0.002937720329024677,124.2109477519989,124.2109477519989,t_f2bc7fb748586bfa____c26_0____3.csv;t_f2bc7fb748586bfa____c26_0____0.csv;t_f2bc7fb748586bfa____c26_0____3__t_f2bc7fb748586bfa____c27_1____4_fair.csv;t_f2bc7fb748586bfa____c26_0____0__t_f2bc7fb748586bfa____c27_1____4_fair.csv;t_f2bc7fb748586bfa____c26_0____1__t_f2bc7fb748586bfa____c27_1____4_fair.csv,"{""needs_fairification"": true, ""success"": true, ""swaps_made"": 1, ""initial_fairness"": 0.2822, ""initial_delta"": 0.12}"
tusLarge3,exhaustive,t_f2bc7fb748586bfa____c27_1____4_fair.csv,10,1702,46,10,True,0.3008,0.9,0.005287896592244419,0.005875440658049354,243.35869801044464,243.35869801044464,t_f2bc7fb748586bfa____c26_0____3.csv;t_f2bc7fb748586bfa____c26_0____0.csv;t_f2bc7fb748586bfa____c26_0____3__t_f2bc7fb748586bfa____c27_1____4_fair.csv;t_f2bc7fb748586bfa____c26_0____0__t_f2bc7fb748586bfa____c8_0____4_fair.csv;t_f2bc7fb748586bfa____c26_0____0__t_f2bc7fb748586bfa____c27_1____4_fair.csv;t_f2bc7fb748586bfa____c26_0____2.csv;t_f2bc7fb748586bfa____c26_0____4.csv;t_f2bc7fb748586bfa____c26_0____1__t_f2bc7fb748586bfa____c27_1____4_fair.csv;t_f2bc7fb748586bfa____c26_0____4__t_f2bc7fb748586bfa____c27_1____4_fair.csv;t_f2bc7fb748586bfa____c22_1____2.csv,"{""needs_fairification"": true, ""success"": true, ""swaps_made"": 3, ""initial_fairness"": 0.1914, ""initial_delta"": 0.21}"
tusLarge3,exhaustive,t_f2bc7fb748586bfa____c27_1____4_fair.csv,20,1702,46,0,False,0.4074,,0.0,0.011750881316098707,0,0.0,,"{""needs_fairification"": true, ""success"": false, ""swaps_made"": 1, ""initial_fairness"": 0.1503, ""initial_delta"": 0.25}"
tusLarge3,exhaustive,t_f2bc7fb748586bfa____c31_1____2_fair.csv,5,1532,43,5,True,0.3036,1.0,0.0032637075718015664,0.0032637075718015664,130.04647558927536,130.04647558927536,t_f2bc7fb748586bfa____c30_1____4.csv;t_f2bc7fb748586bfa____c26_1____1__t_f2bc7fb748586bfa____c31_1____2_fair.csv;t_f2bc7fb748586bfa____c26_1____3__t_f2bc7fb748586bfa____c31_1____2_fair.csv;t_f2bc7fb748586bfa____c26_1____2__t_f2bc7fb748586bfa____c31_1____2_fair.csv;t_f2bc7fb748586bfa____c26_1____0__t_f2bc7fb748586bfa____c31_1____2_fair.csv,"{""needs_fairification"": true, ""success"": true, ""swaps_made"": 4, ""initial_fairness"": 0.1041, ""initial_delta"": 0.3}"
tusLarge3,exhaustive,t_f2bc7fb748586bfa____c31_1____2_fair.csv,10,1532,43,0,False,0.448,,0.0,0.006527415143603133,0,0.0,,"{""needs_fairification"": true, ""success"": false, ""swaps_made"": 6, ""initial_fairness"": 0.0885, ""initial_delta"": 0.31}"
tusLarge3,exhaustive,t_f2bc7fb748586bfa____c31_1____2_fair.csv,20,1532,43,0,False,0.448,,0.0,0.013054830287206266,0,0.0,,"{""needs_fairification"": true, ""success"": false, ""swaps_made"": 4, ""initial_fairness"": 0.0894, ""initial_delta"": 0.31}"
tusLarge3,exhaustive,t_f2bc7fb748586bfa____c42_1____2_fair.csv,5,1600,29,5,True,0.3034,1.0,0.003125,0.003125,209.50023066997528,209.50023066997528,t_f2bc7fb748586bfa____c42_1____0__t_f2bc7fb748586bfa____c8_0____4_fair.csv;t_f2bc7fb748586bfa____c42_1____0__t_f2bc7fb748586bfa____c40_0____0_fair.csv;t_f2bc7fb748586bfa____c42_1____0__t_f2bc7fb748586bfa____c42_1____2_fair.csv;t_f2bc7fb748586bfa____c42_1____1__t_f2bc7fb748586bfa____c42_1____2_fair.csv;t_f2bc7fb748586bfa____c42_1____3__t_f2bc7fb748586bfa____c42_1____2_fair.csv,"{""needs_fairification"": true, ""success"": true, ""swaps_made"": 3, ""initial_fairness"": 0.0811, ""initial_delta"": 0.32}"
tusLarge3,exhaustive,t_f2bc7fb748586bfa____c42_1____2_fair.csv,10,1600,29,0,False,0.4534,,0.0,0.00625,0,0.0,,"{""needs_fairification"": true, ""success"": false, ""swaps_made"": 3, ""initial_fairness"": 0.089, ""initial_delta"": 0.31}"
tusLarge3,exhaustive,t_f2bc7fb748586bfa____c42_1____2_fair.csv,20,1600,29,0,False,0.4534,,0.0,0.0125,0,0.0,,"{""needs_fairification"": true, ""success"": false, ""swaps_made"": 1, ""initial_fairness"": 0.0706, ""initial_delta"": 0.33}"
tusLarge3,exhaustive,t_f2bc7fb748586bfa____c40_0____0_fair.csv,5,1687,46,0,False,0.4314,,0.0,0.002963841138114997,0,0.0,,"{""needs_fairification"": true, ""success"": false, ""swaps_made"": 0, ""initial_fairness"": 0.1553, ""initial_delta"": 0.24}"
tusLarge3,exhaustive,t_f2bc7fb748586bfa____c40_0____0_fair.csv,10,1687,46,0,False,0.4314,,0.0,0.005927682276229994,0,0.0,,"{""needs_fairification"": true, ""success"": false, ""swaps_made"": 0, ""initial_fairness"": 0.1061, ""initial_delta"": 0.29}"
tusLarge3,exhaustive,t_f2bc7fb748586bfa____c40_0____0_fair.csv,20,1687,46,0,False,0.4314,,0.0,0.011855364552459988,0,0.0,,"{""needs_fairification"": true, ""success"": false, ""swaps_made"": 0, ""initial_fairness"": 0.0551, ""initial_delta"": 0.34}"
