bench,approach,q_table,k,gt_size,n_candidates,n_returned,feasible,F,prec,rec,ideal_recall,starmie_sum_score,duts_sum_U,tables,extras
tusLarge3,nl,PED_SK_DTL_SNF____c12_0____3_fair.csv,5,746,85,5,False,0.1586,0.2,0.0013404825737265416,0.006702412868632708,54.76178860664368,54.76178860664368,PED_SK_DTL_SNF____c12_0____4.csv;t_6c551d740feb0608____c14_0____1__t_6c551d740feb0608____c16_0____1_fair.csv;t_6c551d740feb0608____c15_1____1.csv;t_285b3bcd52ec0c86____c11_0____3.csv;t_6c551d740feb0608____c11_1____0.csv,"{""needs_fairification"": true, ""success"": false, ""swaps_made"": 4, ""initial_fairness"": 0.0789, ""initial_delta"": 0.32, ""dominated_removed_count"": 75, ""dominance_candidate_pool_size"": 80, ""candidates_after_winnow"": 1}"
tusLarge3,nl,PED_SK_DTL_SNF____c12_0____3_fair.csv,10,746,85,10,False,0.076,0.4,0.005361930294906166,0.013404825737265416,113.71531957387924,113.71531957387924,PED_SK_DTL_SNF____c12_0____4__PED_SK_DTL_SNF____c23_0____0_fair.csv;PED_SK_DTL_SNF____c12_0____4__PED_SK_DTL_SNF____c19_0____0_fair.csv;PED_SK_DTL_SNF____c12_0____4__PED_SK_DTL_SNF____c12_0____3_fair.csv;PED_SK_DTL_SNF____c12_0____4.csv;t_6c551d740feb0608____c15_1____1__t_6c551d740feb0608____c9_0____3_fair.csv;t_6c551d740feb0608____c15_1____1__t_6c551d740feb0608____c16_0____1_fair.csv;t_6c551d740feb0608____c15_1____1__t_6c551d740feb0608____c10_0____2_fair.csv;t_6c551d740feb0608____c14_0____1__t_6c551d740feb0608____c9_0____3_fair.csv;t_6c551d740feb0608____c14_0____1__t_6c551d740feb0608____c5_1____1_fair.csv;t_6c551d740feb0608____c14_0____1__t_6c551d740feb0608____c16_0____1_fair.csv,"{""needs_fairification"": true, ""success"": false, ""swaps_made"": 1, ""initial_fairness"": 0.061, ""initial_delta"": 0.34, ""dominated_removed_count"": 71, ""dominance_candidate_pool_size"": 75, ""candidates_after_winnow"": 3}"
tusLarge3,nl,PED_SK_DTL_SNF____c12_0____3_fair.csv,20,746,85,20,False,0.0402,0.5,0.013404825737265416,0.02680965147453083,226.89952683448792,226.89952683448792,PED_SK_DTL_SNF____c12_0____4__PED_SK_DTL_SNF____c3_1____2_fair.csv;PED_SK_DTL_SNF____c12_0____4__PED_SK_DTL_SNF____c23_0____0_fair.csv;PED_SK_DTL_SNF____c12_0____4__PED_SK_DTL_SNF____c19_0____0_fair.csv;PED_SK_DTL_SNF____c12_0____4__PED_SK_DTL_SNF____c12_0____3_fair.csv;PED_SK_DTL_SNF____c12_0____4.csv;t_6c551d740feb0608____c15_1____1__t_6c551d740feb0608____c9_0____3_fair.csv;t_6c551d740feb0608____c15_1____1__t_6c551d740feb0608____c16_0____1_fair.csv;t_6c551d740feb0608____c15_1____1__t_6c551d740feb0608____c10_0____2_fair.csv;t_6c551d740feb0608____c14_0____1__t_6c551d740feb0608____c9_0____3_fair.csv;t_6c551d740feb0608____c14_0____1__t_6c551d740feb0608____c5_1____1_fair.csv;t_6c551d740feb0608____c14_0____1__t_6c551d740feb0608____c16_0____1_fair.csv;t_6c551d740feb0608____c15_1____1.csv;t_6c551d740feb0608____c15_0____2__t_6c551d740feb0608____c9_0____3_fair.csv;t_6c551d740feb0608____c15_0____2__t_6c551d740feb0608____c5_1____1_fair.csv;t_6c551d740feb0608____c15_0____2__t_6c551d740feb0608____c10_0____2_fair.csv;PED_SK_DTL_SNF____c12_0____2__PED_SK_DTL_SNF____c3_1____2_fair.csv;PED_SK_DTL_SNF____c12_0____2__PED_SK_DTL_SNF____c23_0____0_fair.csv;PED_SK_DTL_SNF____c12_0____2__PED_SK_DTL_SNF____c19_0____0_fair.csv;PED_SK_DTL_SNF____c12_0____2__PED_SK_DTL_SNF____c12_0____3_fair.csv;PED_SK_DTL_SNF____c12_0____2.csv,"{""needs_fairification"": true, ""success"": false, ""swaps_made"": 0, ""initial_fairness"": 0.0402, ""initial_delta"": 0.36, ""dominated_removed_count"": 57, ""dominance_candidate_pool_size"": 65, ""candidates_after_winnow"": 8}"
tusLarge3,nl,PED_SK_DTL_SNF____c3_1____2_fair.csv,5,709,234,5,True,0.3642,0.8,0.005641748942172073,0.007052186177715092,10.742413818836212,10.742413818836212,PED_SK_DTL_SNF____c7_0____2.csv;PED_SK_DTL_SNF____c3_1____4__PED_SK_DTL_SNF____c3_1____2_fair.csv;PED_SK_DTL_SNF____c3_1____0__PED_SK_DTL_SNF____c3_1____2_fair.csv;t_285b3bcd52ec0c86____c3_1____3__t_285b3bcd52ec0c86____c7_1____2_fair.csv;PED_SK_DTL_SNF____c2_1____0__PED_SK_DTL_SNF____c3_1____2_fair.csv,"{""needs_fairification"": true, ""success"": true, ""swaps_made"": 3, ""initial_fairness"": 0.1644, ""initial_delta"": 0.24, ""dominated_removed_count"": 220, ""dominance_candidate_pool_size"": 229, ""candidates_after_winnow"": 6}"
tusLarge3,nl,PED_SK_DTL_SNF____c3_1____2_fair.csv,10,709,234,10,True,0.3414,0.6,0.00846262341325811,0.014104372355430184,21.4582582116127,21.4582582116127,PED_SK_DTL_SNF____c3_1____4__PED_SK_DTL_SNF____c3_1____2_fair.csv;PED_SK_DTL_SNF____c3_1____0__PED_SK_DTL_SNF____c3_1____2_fair.csv;PED_SK_DTL_SNF____c3_1____0.csv;PED_SK_DTL_SNF____c7_0____4__PED_SK_DTL_SNF____c23_0____0_fair.csv;PED_SK_DTL_SNF____c3_1____3__PED_SK_DTL_SNF____c3_1____2_fair.csv;t_6c551d740feb0608____c3_1____3__t_6c551d740feb0608____c10_0____2_fair.csv;t_6c551d740feb0608____c3_1____4__t_6c551d740feb0608____c10_0____2_fair.csv;t_285b3bcd52ec0c86____c3_1____0__t_285b3bcd52ec0c86____c7_1____2_fair.csv;t_285b3bcd52ec0c86____c3_1____3__t_285b3bcd52ec0c86____c7_1____2_fair.csv;PED_SK_DTL_SNF____c2_1____0__PED_SK_DTL_SNF____c3_1____2_fair.csv,"{""needs_fairification"": true, ""success"": true, ""swaps_made"": 7, ""initial_fairness"": 0.1154, ""initial_delta"": 0.28, ""dominated_removed_count"": 213, ""dominance_candidate_pool_size"": 224, ""candidates_after_winnow"": 4}"
tusLarge3,nl,PED_SK_DTL_SNF____c3_1____2_fair.csv,20,709,234,20,False,0.1781,0.4,0.011283497884344146,0.028208744710860368,44.7348957657814,44.7348957657814,PED_SK_DTL_SNF____c3_1____4__PED_SK_DTL_SNF____c3_1____2_fair.csv;PED_SK_DTL_SNF____c3_1____0__PED_SK_DTL_SNF____c3_1____2_fair.csv;t_b28ed28824886b47____c4_1____2__t_b28ed28824886b47____c8_0____3_fair.csv;PED_SK_DTL_SNF____c3_1____0.csv;PED_SK_DTL_SNF____c3_1____4.csv;t_b28ed28824886b47____c3_0____4__t_b28ed28824886b47____c11_1____3_fair.csv;t_b28ed28824886b47____c4_1____4__t_b28ed28824886b47____c11_1____3_fair.csv;t_b28ed28824886b47____c4_1____4__t_b28ed28824886b47____c8_0____3_fair.csv;t_b28ed28824886b47____c3_0____4__t_b28ed28824886b47____c8_0____3_fair.csv;t_8b91ff826fe3eeb8____c3_1____0.csv;t_8b91ff826fe3eeb8____c3_1____0__t_8b91ff826fe3eeb8____c3_1____2_fair.csv;t_8b91ff826fe3eeb8____c3_1____1.csv;PED_SK_DTL_SNF____c7_0____4__PED_SK_DTL_SNF____c23_0____0_fair.csv;PED_SK_DTL_SNF____c7_0____4.csv;PED_SK_DTL_SNF____c3_1____3__PED_SK_DTL_SNF____c3_1____2_fair.csv;t_6c551d740feb0608____c3_1____3__t_6c551d740feb0608____c10_0____2_fair.csv;t_6c551d740feb0608____c3_1____4__t_6c551d740feb0608____c10_0____2_fair.csv;t_285b3bcd52ec0c86____c3_1____0__t_285b3bcd52ec0c86____c7_1____2_fair.csv;t_285b3bcd52ec0c86____c3_1____3__t_285b3bcd52ec0c86____c7_1____2_fair.csv;PED_SK_DTL_SNF____c2_1____0__PED_SK_DTL_SNF____c3_1____2_fair.csv,"{""needs_fairification"": true, ""success"": false, ""swaps_made"": 9, ""initial_fairness"": 0.0484, ""initial_delta"": 0.35, ""dominated_removed_count"": 204, ""dominance_candidate_pool_size"": 214, ""candidates_after_winnow"": 1}"
tusLarge3,nl,PED_SK_DTL_SNF____c14_1____4_fair.csv,5,836,78,5,True,0.3492,0.6,0.0035885167464114833,0.005980861244019139,61.42030876874924,61.42030876874924,PED_SK_DTL_SNF____c16_1____4__PED_SK_DTL_SNF____c12_0____3_fair.csv;PED_SK_DTL_SNF____c13_0____4__PED_SK_DTL_SNF____c14_1____4_fair.csv;PED_SK_DTL_SNF____c13_0____1__PED_SK_DTL_SNF____c14_1____4_fair.csv;PED_SK_DTL_SNF____c12_1____4__PED_SK_DTL_SNF____c14_1____4_fair.csv;PED_YT_DTL_SNF____c12_0____2.csv,"{""needs_fairification"": true, ""success"": true, ""swaps_made"": 4, ""initial_fairness"": 0.0728, ""initial_delta"": 0.33, ""dominated_removed_count"": 61, ""dominance_candidate_pool_size"": 73, ""candidates_after_winnow"": 8}"
tusLarge3,nl,PED_SK_DTL_SNF____c14_1____4_fair.csv,10,836,78,10,False,0.2565,0.7,0.008373205741626795,0.011961722488038277,125.51167076826096,125.51167076826096,PED_SK_DTL_SNF____c14_1____2.csv;t_285b3bcd52ec0c86____c15_0____1.csv;t_e9efd5cda78af711____c14_1____2.csv;PED_SK_DTL_SNF____c14_1____3__PED_SK_DTL_SNF____c16_0____0_fair.csv;PED_SK_DTL_SNF____c13_0____1.csv;PED_SK_DTL_SNF____c13_0____4__PED_SK_DTL_SNF____c14_1____4_fair.csv;PED_SK_DTL_SNF____c13_0____1__PED_SK_DTL_SNF____c14_1____4_fair.csv;PED_SK_DTL_SNF____c12_1____4__PED_SK_DTL_SNF____c14_1____4_fair.csv;PED_SK_DTL_SNF____c12_1____4.csv;PED_YT_DTL_SNF____c12_0____2.csv,"{""needs_fairification"": true, ""success"": false, ""swaps_made"": 10, ""initial_fairness"": 0.0408, ""initial_delta"": 0.36, ""dominated_removed_count"": 56, ""dominance_candidate_pool_size"": 68, ""candidates_after_winnow"": 2}"
tusLarge3,nl,PED_SK_DTL_SNF____c14_1____4_fair.csv,20,836,78,20,False,0.0951,0.75,0.017942583732057416,0.023923444976076555,265.20023852586746,265.20023852586746,PED_SK_DTL_SNF____c16_1____4__PED_SK_DTL_SNF____c18_0____2_fair.csv;PED_SK_DTL_SNF____c16_1____4.csv;PED_SK_DTL_SNF____c16_1____4__PED_SK_DTL_SNF____c3_1____2_fair.csv;PED_SK_DTL_SNF____c14_1____2__PED_SK_DTL_SNF____c9_0____3_fair.csv;PED_SK_DTL_SNF____c14_1____2__PED_SK_DTL_SNF____c23_0____0_fair.csv;PED_SK_DTL_SNF____c14_1____2__PED_SK_DTL_SNF____c18_0____2_fair.csv;PED_SK_DTL_SNF____c14_1____2__PED_SK_DTL_SNF____c14_1____4_fair.csv;PED_SK_DTL_SNF____c14_1____2.csv;PED_SK_DTL_SNF____c16_1____4__PED_SK_DTL_SNF____c16_0____0_fair.csv;PED_SK_DTL_SNF____c16_0____4__PED_SK_DTL_SNF____c9_0____3_fair.csv;PED_SK_DTL_SNF____c16_0____4__PED_SK_DTL_SNF____c3_1____2_fair.csv;PED_SK_DTL_SNF____c16_0____4__PED_SK_DTL_SNF____c23_0____0_fair.csv;PED_SK_DTL_SNF____c16_0____4__PED_SK_DTL_SNF____c19_0____0_fair.csv;PED_SK_DTL_SNF____c16_0____4__PED_SK_DTL_SNF____c18_0____2_fair.csv;PED_SK_DTL_SNF____c16_0____4__PED_SK_DTL_SNF____c16_0____0_fair.csv;PED_SK_DTL_SNF____c16_0____4__PED_SK_DTL_SNF____c14_1____4_fair.csv;t_e9efd5cda78af711____c14_1____2.csv;PED_SK_DTL_SNF____c13_0____4__PED_SK_DTL_SNF____c14_1____4_fair.csv;PED_SK_DTL_SNF____c13_0____1__PED_SK_DTL_SNF____c14_1____4_fair.csv;PED_SK_DTL_SNF____c12_1____4__PED_SK_DTL_SNF____c14_1____4_fair.csv,"{""needs_fairification"": true, ""success"": false, ""swaps_made"": 4, ""initial_fairness"": 0.0211, ""initial_delta"": 0.38, ""dominated_removed_count"": 46, ""dominance_candidate_pool_size"": 58, ""candidates_after_winnow"": 8}"
tusLarge3,nl,PED_SK_DTL_SNF____c9_0____3_fair.csv,5,811,118,5,True,0.3903,0.8,0.004932182490752158,0.006165228113440197,36.815535843372345,36.815535843372345,PED_YT_DTL_SNF____c9_0____1.csv;PED_SK_DTL_SNF____c8_0____2__PED_SK_DTL_SNF____c9_0____3_fair.csv;PED_SK_DTL_SNF____c8_1____0__PED_SK_DTL_SNF____c9_0____3_fair.csv;PED_SK_DTL_SNF____c8_1____1.csv;PED_SK_DTL_SNF____c8_1____1__PED_SK_DTL_SNF____c9_0____3_fair.csv,"{""needs_fairification"": true, ""success"": true, ""swaps_made"": 5, ""initial_fairness"": 0.069, ""initial_delta"": 0.33, ""dominated_removed_count"": 100, ""dominance_candidate_pool_size"": 113, ""candidates_after_winnow"": 8}"
tusLarge3,nl,PED_SK_DTL_SNF____c9_0____3_fair.csv,10,811,118,10,False,0.2935,0.7,0.008631319358816275,0.012330456226880395,76.40975964069366,76.40975964069366,t_285b3bcd52ec0c86____c10_0____0__t_285b3bcd52ec0c86____c6_0____0_fair.csv;PED_SK_DTL_SNF____c9_1____4__PED_SK_DTL_SNF____c14_1____4_fair.csv;PED_SK_DTL_SNF____c9_1____1.csv;PED_YT_DTL_SNF____c9_0____1.csv;t_285b3bcd52ec0c86____c10_0____4__t_285b3bcd52ec0c86____c16_0____3_fair.csv;PED_SK_DTL_SNF____c8_0____2__PED_SK_DTL_SNF____c9_0____3_fair.csv;PED_SK_DTL_SNF____c8_1____0.csv;PED_SK_DTL_SNF____c8_1____0__PED_SK_DTL_SNF____c9_0____3_fair.csv;PED_SK_DTL_SNF____c8_1____1.csv;PED_SK_DTL_SNF____c8_1____1__PED_SK_DTL_SNF____c9_0____3_fair.csv,"{""needs_fairification"": true, ""success"": false, ""swaps_made"": 10, ""initial_fairness"": 0.0446, ""initial_delta"": 0.36, ""dominated_removed_count"": 96, ""dominance_candidate_pool_size"": 108, ""candidates_after_winnow"": 2}"
tusLarge3,nl,PED_SK_DTL_SNF____c9_0____3_fair.csv,20,811,118,20,False,0.0576,0.7,0.01726263871763255,0.02466091245376079,161.01144820451736,161.01144820451736,PED_SK_DTL_SNF____c13_1____3__PED_SK_DTL_SNF____c23_0____0_fair.csv;PED_SK_DTL_SNF____c13_1____3__PED_SK_DTL_SNF____c18_0____2_fair.csv;PED_SK_DTL_SNF____c13_1____3__PED_SK_DTL_SNF____c14_1____4_fair.csv;PED_SK_DTL_SNF____c13_1____3.csv;PED_SK_DTL_SNF____c9_0____2__PED_SK_DTL_SNF____c16_0____0_fair.csv;PED_SK_DTL_SNF____c11_1____3__PED_SK_DTL_SNF____c3_1____2_fair.csv;PED_SK_DTL_SNF____c11_1____3__PED_SK_DTL_SNF____c14_1____4_fair.csv;PED_SK_DTL_SNF____c11_1____3.csv;PED_SK_DTL_SNF____c11_0____3__PED_SK_DTL_SNF____c23_0____0_fair.csv;PED_SK_DTL_SNF____c11_0____3__PED_SK_DTL_SNF____c14_1____4_fair.csv;PED_SK_DTL_SNF____c11_0____3.csv;PED_SK_DTL_SNF____c13_0____3__PED_SK_DTL_SNF____c9_0____3_fair.csv;PED_SK_DTL_SNF____c13_0____3__PED_SK_DTL_SNF____c23_0____0_fair.csv;PED_SK_DTL_SNF____c13_0____3__PED_SK_DTL_SNF____c19_0____0_fair.csv;PED_SK_DTL_SNF____c13_0____3__PED_SK_DTL_SNF____c18_0____2_fair.csv;PED_SK_DTL_SNF____c13_0____3__PED_SK_DTL_SNF____c14_1____4_fair.csv;PED_SK_DTL_SNF____c13_0____3__PED_SK_DTL_SNF____c12_0____3_fair.csv;PED_SK_DTL_SNF____c8_0____2__PED_SK_DTL_SNF____c9_0____3_fair.csv;PED_SK_DTL_SNF____c8_1____0__PED_SK_DTL_SNF____c9_0____3_fair.csv;PED_SK_DTL_SNF____c8_1____1__PED_SK_DTL_SNF____c9_0____3_fair.csv,"{""needs_fairification"": true, ""success"": false, ""swaps_made"": 3, ""initial_fairness"": 0.0234, ""initial_delta"": 0.38, ""dominated_removed_count"": 85, ""dominance_candidate_pool_size"": 98, ""candidates_after_winnow"": 10}"
tusLarge3,nl,t_013a2f8c584d44d7____c10_1____0_fair.csv,5,416,127,5,True,0.4376,0.8,0.009615384615384616,0.01201923076923077,47.6392582654953,47.6392582654953,t_013a2f8c584d44d7____c10_0____0__t_013a2f8c584d44d7____c6_1____4_fair.csv;t_013a2f8c584d44d7____c10_0____0__t_013a2f8c584d44d7____c12_0____3_fair.csv;t_013a2f8c584d44d7____c10_0____0__t_013a2f8c584d44d7____c10_1____0_fair.csv;t_dc9442ed0b52d69c____c9_0____0__t_dc9442ed0b52d69c____c9_0____2_fair.csv;t_013a2f8c584d44d7____c9_1____0__t_013a2f8c584d44d7____c13_0____0_fair.csv,"{""needs_fairification"": true, ""success"": true, ""swaps_made"": 1, ""initial_fairness"": 0.2714, ""initial_delta"": 0.13, ""dominated_removed_count"": 111, ""dominance_candidate_pool_size"": 122, ""candidates_after_winnow"": 10}"
tusLarge3,nl,t_013a2f8c584d44d7____c10_1____0_fair.csv,10,416,127,10,True,0.4406,0.4,0.009615384615384616,0.02403846153846154,92.58805125951767,92.58805125951767,t_013a2f8c584d44d7____c10_0____0__t_013a2f8c584d44d7____c6_1____4_fair.csv;t_013a2f8c584d44d7____c10_0____0__t_013a2f8c584d44d7____c12_0____3_fair.csv;t_013a2f8c584d44d7____c10_0____0__t_013a2f8c584d44d7____c10_1____0_fair.csv;t_dc9442ed0b52d69c____c9_0____0__t_dc9442ed0b52d69c____c9_0____2_fair.csv;t_dc9442ed0b52d69c____c9_0____0__t_dc9442ed0b52d69c____c8_0____3_fair.csv;t_dc9442ed0b52d69c____c9_0____0__t_dc9442ed0b52d69c____c2_1____2_fair.csv;t_dc9442ed0b52d69c____c9_1____0__t_dc9442ed0b52d69c____c9_0____2_fair.csv;t_dc9442ed0b52d69c____c9_1____0__t_dc9442ed0b52d69c____c8_0____3_fair.csv;t_dc9442ed0b52d69c____c9_1____0__t_dc9442ed0b52d69c____c2_1____2_fair.csv;t_013a2f8c584d44d7____c9_1____0__t_013a2f8c584d44d7____c13_0____0_fair.csv,"{""needs_fairification"": true, ""success"": true, ""swaps_made"": 1, ""initial_fairness"": 0.288, ""initial_delta"": 0.11, ""dominated_removed_count"": 99, ""dominance_candidate_pool_size"": 117, ""candidates_after_winnow"": 17}"
tusLarge3,nl,t_013a2f8c584d44d7____c10_1____0_fair.csv,20,416,127,20,True,0.4579,0.35,0.016826923076923076,0.04807692307692308,183.34371358156204,183.34371358156204,t_013a2f8c584d44d7____c10_0____0__t_013a2f8c584d44d7____c6_1____4_fair.csv;t_013a2f8c584d44d7____c10_0____0__t_013a2f8c584d44d7____c4_1____2_fair.csv;t_013a2f8c584d44d7____c10_0____0__t_013a2f8c584d44d7____c12_0____3_fair.csv;t_013a2f8c584d44d7____c10_0____0__t_013a2f8c584d44d7____c10_1____0_fair.csv;t_dc9442ed0b52d69c____c9_0____0__t_dc9442ed0b52d69c____c9_0____2_fair.csv;t_dc9442ed0b52d69c____c9_0____0__t_dc9442ed0b52d69c____c8_0____3_fair.csv;t_dc9442ed0b52d69c____c9_0____0__t_dc9442ed0b52d69c____c2_1____2_fair.csv;t_dc9442ed0b52d69c____c9_1____0__t_dc9442ed0b52d69c____c9_0____2_fair.csv;t_dc9442ed0b52d69c____c9_1____0__t_dc9442ed0b52d69c____c8_0____3_fair.csv;t_dc9442ed0b52d69c____c9_1____0__t_dc9442ed0b52d69c____c2_1____2_fair.csv;t_70edc453a411f33b____c9_0____3__t_70edc453a411f33b____c7_1____4_fair.csv;t_70edc453a411f33b____c9_0____3__t_70edc453a411f33b____c10_1____3_fair.csv;t_70edc453a411f33b____c9_1____4__t_70edc453a411f33b____c7_1____4_fair.csv;t_70edc453a411f33b____c9_1____4__t_70edc453a411f33b____c12_1____3_fair.csv;t_dc9442ed0b52d69c____c9_1____3__t_dc9442ed0b52d69c____c9_0____2_fair.csv;t_dc9442ed0b52d69c____c9_1____3__t_dc9442ed0b52d69c____c8_0____3_fair.csv;t_dc9442ed0b52d69c____c9_1____3__t_dc9442ed0b52d69c____c2_1____2_fair.csv;t_013a2f8c584d44d7____c9_1____0__t_013a2f8c584d44d7____c6_1____4_fair.csv;t_013a2f8c584d44d7____c9_1____0__t_013a2f8c584d44d7____c4_1____2_fair.csv;t_013a2f8c584d44d7____c9_1____0__t_013a2f8c584d44d7____c2_1____2_fair.csv,"{""needs_fairification"": false, ""success"": true, ""swaps_made"": 0, ""initial_fairness"": 0.4579, ""initial_delta"": -0.06}"
tusLarge3,nl,PED_SK_DTL_SNF____c16_0____0_fair.csv,5,677,77,5,False,0.2775,0.2,0.0014771048744460858,0.007385524372230428,72.1655775308609,72.1655775308609,PED_SK_DTL_SNF____c15_0____3__PED_SK_DTL_SNF____c16_0____0_fair.csv;t_285b3bcd52ec0c86____c15_0____0.csv;t_285b3bcd52ec0c86____c15_0____1__t_285b3bcd52ec0c86____c9_1____4_fair.csv;t_285b3bcd52ec0c86____c15_0____1__t_285b3bcd52ec0c86____c9_0____2_fair.csv;t_285b3bcd52ec0c86____c15_0____1.csv,"{""needs_fairification"": true, ""success"": false, ""swaps_made"": 5, ""initial_fairness"": 0.069, ""initial_delta"": 0.33, ""dominated_removed_count"": 63, ""dominance_candidate_pool_size"": 72, ""candidates_after_winnow"": 4}"
tusLarge3,nl,PED_SK_DTL_SNF____c16_0____0_fair.csv,10,677,77,10,False,0.1413,0.3,0.004431314623338257,0.014771048744460856,147.8900299668312,147.8900299668312,PED_SK_DTL_SNF____c17_0____0.csv;t_285b3bcd52ec0c86____c17_0____0__t_285b3bcd52ec0c86____c16_0____3_fair.csv;t_285b3bcd52ec0c86____c17_0____0.csv;PED_SK_DTL_SNF____c15_1____0.csv;PED_SK_DTL_SNF____c15_0____3.csv;PED_SK_DTL_SNF____c15_0____3__PED_SK_DTL_SNF____c16_0____0_fair.csv;t_285b3bcd52ec0c86____c15_0____0.csv;t_285b3bcd52ec0c86____c15_0____1__t_285b3bcd52ec0c86____c9_1____4_fair.csv;t_285b3bcd52ec0c86____c15_0____1__t_285b3bcd52ec0c86____c9_0____2_fair.csv;t_285b3bcd52ec0c86____c15_0____1.csv,"{""needs_fairification"": true, ""success"": false, ""swaps_made"": 7, ""initial_fairness"": 0.0434, ""initial_delta"": 0.36, ""dominated_removed_count"": 58, ""dominance_candidate_pool_size"": 67, ""candidates_after_winnow"": 2}"
tusLarge3,nl,PED_SK_DTL_SNF____c16_0____0_fair.csv,20,677,77,20,False,0.0451,0.4,0.011816838995568686,0.029542097488921712,303.03048807382584,303.03048807382584,PED_SK_DTL_SNF____c17_0____0__PED_SK_DTL_SNF____c3_1____2_fair.csv;PED_SK_DTL_SNF____c17_0____0__PED_SK_DTL_SNF____c19_0____0_fair.csv;PED_SK_DTL_SNF____c17_0____0__PED_SK_DTL_SNF____c18_0____2_fair.csv;PED_SK_DTL_SNF____c17_0____0__PED_SK_DTL_SNF____c14_1____4_fair.csv;PED_SK_DTL_SNF____c17_0____0__PED_SK_DTL_SNF____c12_0____3_fair.csv;PED_SK_DTL_SNF____c17_0____0.csv;t_285b3bcd52ec0c86____c17_0____0__t_285b3bcd52ec0c86____c6_0____0_fair.csv;t_285b3bcd52ec0c86____c17_0____0__t_285b3bcd52ec0c86____c16_0____3_fair.csv;t_285b3bcd52ec0c86____c17_0____0.csv;t_285b3bcd52ec0c86____c17_0____2__t_285b3bcd52ec0c86____c6_0____0_fair.csv;t_285b3bcd52ec0c86____c17_0____2__t_285b3bcd52ec0c86____c12_0____1_fair.csv;PED_SK_DTL_SNF____c15_1____0__PED_SK_DTL_SNF____c9_0____3_fair.csv;PED_SK_DTL_SNF____c15_1____0__PED_SK_DTL_SNF____c3_1____2_fair.csv;PED_SK_DTL_SNF____c15_1____0__PED_SK_DTL_SNF____c19_0____0_fair.csv;PED_SK_DTL_SNF____c15_1____0__PED_SK_DTL_SNF____c18_0____2_fair.csv;PED_SK_DTL_SNF____c15_1____0__PED_SK_DTL_SNF____c16_0____0_fair.csv;PED_SK_DTL_SNF____c15_1____0__PED_SK_DTL_SNF____c12_0____3_fair.csv;PED_SK_DTL_SNF____c15_1____0.csv;t_285b3bcd52ec0c86____c15_1____0.csv;PED_SK_DTL_SNF____c15_0____3__PED_SK_DTL_SNF____c16_0____0_fair.csv,"{""needs_fairification"": true, ""success"": false, ""swaps_made"": 1, ""initial_fairness"": 0.0236, ""initial_delta"": 0.38, ""dominated_removed_count"": 49, ""dominance_candidate_pool_size"": 57, ""candidates_after_winnow"": 7}"
tusLarge3,nl,PED_SK_DTL_SNF____c19_0____0_fair.csv,5,746,57,5,False,0.0773,0.0,0.0,0.006702412868632708,90.31589913368225,90.31589913368225,t_285b3bcd52ec0c86____c19_1____0__t_285b3bcd52ec0c86____c7_1____2_fair.csv;t_285b3bcd52ec0c86____c19_1____0__t_285b3bcd52ec0c86____c6_0____0_fair.csv;t_285b3bcd52ec0c86____c19_1____0__t_285b3bcd52ec0c86____c17_1____0_fair.csv;t_285b3bcd52ec0c86____c19_1____0__t_285b3bcd52ec0c86____c12_0____1_fair.csv;PED_YT_DTL_SNF____c19_0____0.csv,"{""needs_fairification"": true, ""success"": false, ""swaps_made"": 1, ""initial_fairness"": 0.0655, ""initial_delta"": 0.33, ""dominated_removed_count"": 50, ""dominance_candidate_pool_size"": 52, ""candidates_after_winnow"": 1}"
tusLarge3,nl,PED_SK_DTL_SNF____c19_0____0_fair.csv,10,746,57,10,False,0.0375,0.0,0.0,0.013404825737265416,182.03257817029953,182.03257817029953,t_285b3bcd52ec0c86____c19_1____0__t_285b3bcd52ec0c86____c9_1____4_fair.csv;t_285b3bcd52ec0c86____c19_1____0__t_285b3bcd52ec0c86____c7_1____2_fair.csv;t_285b3bcd52ec0c86____c19_1____0__t_285b3bcd52ec0c86____c6_0____0_fair.csv;t_285b3bcd52ec0c86____c19_1____0__t_285b3bcd52ec0c86____c17_1____0_fair.csv;t_285b3bcd52ec0c86____c19_1____0__t_285b3bcd52ec0c86____c12_0____1_fair.csv;t_285b3bcd52ec0c86____c19_1____0.csv;t_285b3bcd52ec0c86____c19_0____0__t_285b3bcd52ec0c86____c9_1____4_fair.csv;t_285b3bcd52ec0c86____c19_0____0__t_285b3bcd52ec0c86____c9_0____2_fair.csv;t_285b3bcd52ec0c86____c19_0____0__t_285b3bcd52ec0c86____c7_1____2_fair.csv;t_285b3bcd52ec0c86____c19_0____0__t_285b3bcd52ec0c86____c6_0____0_fair.csv,"{""needs_fairification"": true, ""success"": false, ""swaps_made"": 0, ""initial_fairness"": 0.0375, ""initial_delta"": 0.36, ""dominated_removed_count"": 44, ""dominance_candidate_pool_size"": 47, ""candidates_after_winnow"": 3}"
tusLarge3,nl,PED_SK_DTL_SNF____c19_0____0_fair.csv,20,746,57,20,False,0.0195,0.0,0.0,0.02680965147453083,363.22670781612396,363.22670781612396,t_285b3bcd52ec0c86____c19_1____0__t_285b3bcd52ec0c86____c9_1____4_fair.csv;t_285b3bcd52ec0c86____c19_1____0__t_285b3bcd52ec0c86____c7_1____2_fair.csv;t_285b3bcd52ec0c86____c19_1____0__t_285b3bcd52ec0c86____c6_0____0_fair.csv;t_285b3bcd52ec0c86____c19_1____0__t_285b3bcd52ec0c86____c17_1____0_fair.csv;t_285b3bcd52ec0c86____c19_1____0__t_285b3bcd52ec0c86____c12_0____1_fair.csv;t_285b3bcd52ec0c86____c19_1____0.csv;t_285b3bcd52ec0c86____c19_0____0__t_285b3bcd52ec0c86____c9_1____4_fair.csv;t_285b3bcd52ec0c86____c19_0____0__t_285b3bcd52ec0c86____c9_0____2_fair.csv;t_285b3bcd52ec0c86____c19_0____0__t_285b3bcd52ec0c86____c7_1____2_fair.csv;t_285b3bcd52ec0c86____c19_0____0__t_285b3bcd52ec0c86____c6_0____0_fair.csv;t_285b3bcd52ec0c86____c19_0____0__t_285b3bcd52ec0c86____c20_1____2_fair.csv;t_285b3bcd52ec0c86____c19_0____0__t_285b3bcd52ec0c86____c17_1____0_fair.csv;t_285b3bcd52ec0c86____c19_0____0__t_285b3bcd52ec0c86____c12_0____1_fair.csv;t_285b3bcd52ec0c86____c19_0____2__t_285b3bcd52ec0c86____c7_1____2_fair.csv;t_285b3bcd52ec0c86____c19_0____0.csv;t_285b3bcd52ec0c86____c19_1____2__t_285b3bcd52ec0c86____c7_1____2_fair.csv;t_285b3bcd52ec0c86____c19_0____2__t_285b3bcd52ec0c86____c9_1____4_fair.csv;t_285b3bcd52ec0c86____c19_0____2__t_285b3bcd52ec0c86____c9_0____2_fair.csv;t_285b3bcd52ec0c86____c19_0____2__t_285b3bcd52ec0c86____c6_0____0_fair.csv;t_285b3bcd52ec0c86____c19_0____2__t_285b3bcd52ec0c86____c20_1____2_fair.csv,"{""needs_fairification"": true, ""success"": false, ""swaps_made"": 0, ""initial_fairness"": 0.0195, ""initial_delta"": 0.38, ""dominated_removed_count"": 34, ""dominance_candidate_pool_size"": 37, ""candidates_after_winnow"": 3}"
tusLarge3,nl,t_013a2f8c584d44d7____c12_0____3_fair.csv,5,230,113,5,True,0.3656,0.0,0.0,0.021739130434782608,54.64204525947571,54.64204525947571,t_70edc453a411f33b____c11_0____0__t_70edc453a411f33b____c7_1____4_fair.csv;t_70edc453a411f33b____c11_0____0__t_70edc453a411f33b____c12_1____3_fair.csv;t_70edc453a411f33b____c11_0____0__t_70edc453a411f33b____c10_1____3_fair.csv;t_70edc453a411f33b____c11_1____0__t_70edc453a411f33b____c7_1____4_fair.csv;t_70edc453a411f33b____c11_1____0__t_70edc453a411f33b____c12_1____3_fair.csv,"{""needs_fairification"": false, ""success"": true, ""swaps_made"": 0, ""initial_fairness"": 0.3656, ""initial_delta"": 0.03}"
tusLarge3,nl,t_013a2f8c584d44d7____c12_0____3_fair.csv,10,230,113,10,True,0.3494,0.0,0.0,0.043478260869565216,109.24943220615387,109.24943220615387,t_70edc453a411f33b____c11_0____0__t_70edc453a411f33b____c7_1____4_fair.csv;t_70edc453a411f33b____c11_0____0__t_70edc453a411f33b____c12_1____3_fair.csv;t_70edc453a411f33b____c11_0____0__t_70edc453a411f33b____c10_1____3_fair.csv;t_70edc453a411f33b____c11_1____0__t_70edc453a411f33b____c7_1____4_fair.csv;t_70edc453a411f33b____c11_1____0__t_70edc453a411f33b____c12_1____3_fair.csv;t_70edc453a411f33b____c11_1____0__t_70edc453a411f33b____c10_1____3_fair.csv;t_70edc453a411f33b____c11_1____1__t_70edc453a411f33b____c7_1____4_fair.csv;t_70edc453a411f33b____c11_1____1__t_70edc453a411f33b____c12_1____3_fair.csv;t_70edc453a411f33b____c11_1____1__t_70edc453a411f33b____c10_1____3_fair.csv;t_70edc453a411f33b____c11_1____2__t_70edc453a411f33b____c7_1____4_fair.csv,"{""needs_fairification"": false, ""success"": true, ""swaps_made"": 0, ""initial_fairness"": 0.3494, ""initial_delta"": 0.05}"
tusLarge3,nl,t_013a2f8c584d44d7____c12_0____3_fair.csv,20,230,113,20,True,0.3317,0.0,0.0,0.08695652173913043,218.369744181633,218.369744181633,t_70edc453a411f33b____c11_0____0__t_70edc453a411f33b____c7_1____4_fair.csv;t_70edc453a411f33b____c11_0____0__t_70edc453a411f33b____c12_1____3_fair.csv;t_70edc453a411f33b____c11_0____0__t_70edc453a411f33b____c10_1____3_fair.csv;t_70edc453a411f33b____c11_1____0__t_70edc453a411f33b____c7_1____4_fair.csv;t_70edc453a411f33b____c11_1____0__t_70edc453a411f33b____c12_1____3_fair.csv;t_70edc453a411f33b____c11_1____0__t_70edc453a411f33b____c10_1____3_fair.csv;t_70edc453a411f33b____c11_1____1__t_70edc453a411f33b____c7_1____4_fair.csv;t_70edc453a411f33b____c11_1____1__t_70edc453a411f33b____c12_1____3_fair.csv;t_70edc453a411f33b____c11_1____1__t_70edc453a411f33b____c10_1____3_fair.csv;t_70edc453a411f33b____c11_1____2__t_70edc453a411f33b____c7_1____4_fair.csv;t_70edc453a411f33b____c11_1____2__t_70edc453a411f33b____c12_1____3_fair.csv;t_70edc453a411f33b____c11_1____2__t_70edc453a411f33b____c10_1____3_fair.csv;t_70edc453a411f33b____c11_0____1__t_70edc453a411f33b____c7_1____4_fair.csv;t_70edc453a411f33b____c11_0____1__t_70edc453a411f33b____c12_1____3_fair.csv;t_70edc453a411f33b____c11_0____1__t_70edc453a411f33b____c10_1____3_fair.csv;t_70edc453a411f33b____c11_0____2__t_70edc453a411f33b____c7_1____4_fair.csv;t_70edc453a411f33b____c11_0____2__t_70edc453a411f33b____c12_1____3_fair.csv;t_70edc453a411f33b____c11_0____2__t_70edc453a411f33b____c10_1____3_fair.csv;t_70edc453a411f33b____c11_0____4__t_70edc453a411f33b____c7_1____4_fair.csv;t_70edc453a411f33b____c11_0____4__t_70edc453a411f33b____c12_1____3_fair.csv,"{""needs_fairification"": false, ""success"": true, ""swaps_made"": 0, ""initial_fairness"": 0.3317, ""initial_delta"": 0.07}"
tusLarge3,nl,t_013a2f8c584d44d7____c2_1____2_fair.csv,5,380,418,5,True,0.3011,0.0,0.0,0.013157894736842105,8.611535966396332,8.611535966396332,t_70edc453a411f33b____c2_1____4__t_70edc453a411f33b____c7_1____4_fair.csv;t_70edc453a411f33b____c2_1____0__t_70edc453a411f33b____c7_1____4_fair.csv;t_ece0594e0480a1ed____c2_1____4__t_ece0594e0480a1ed____c5_1____3_fair.csv;t_ca85e8f9eef5b9d5____c2_1____4__t_ca85e8f9eef5b9d5____c1_0____2_fair.csv;t_013a2f8c584d44d7____c3_1____2__t_013a2f8c584d44d7____c7_1____4_fair.csv,"{""needs_fairification"": true, ""success"": true, ""swaps_made"": 1, ""initial_fairness"": 0.1836, ""initial_delta"": 0.22, ""dominated_removed_count"": 389, ""dominance_candidate_pool_size"": 413, ""candidates_after_winnow"": 23}"
tusLarge3,nl,t_013a2f8c584d44d7____c2_1____2_fair.csv,10,380,418,10,True,0.3037,0.0,0.0,0.02631578947368421,16.874956727027893,16.874956727027893,t_70edc453a411f33b____c2_1____0__t_70edc453a411f33b____c7_1____4_fair.csv;t_ece0594e0480a1ed____c2_1____4__t_ece0594e0480a1ed____c5_1____3_fair.csv;t_ca85e8f9eef5b9d5____c2_1____4__t_ca85e8f9eef5b9d5____c19_0____4_fair.csv;t_ca85e8f9eef5b9d5____c2_1____4__t_ca85e8f9eef5b9d5____c17_0____3_fair.csv;t_70edc453a411f33b____c2_0____3__t_70edc453a411f33b____c12_1____3_fair.csv;t_70edc453a411f33b____c2_0____2__t_70edc453a411f33b____c12_1____3_fair.csv;t_70edc453a411f33b____c2_0____0__t_70edc453a411f33b____c12_1____3_fair.csv;t_ece0594e0480a1ed____c2_1____1__t_ece0594e0480a1ed____c5_1____3_fair.csv;t_013a2f8c584d44d7____c3_1____3__t_013a2f8c584d44d7____c7_1____4_fair.csv;t_013a2f8c584d44d7____c3_1____2__t_013a2f8c584d44d7____c7_1____4_fair.csv,"{""needs_fairification"": true, ""success"": true, ""swaps_made"": 3, ""initial_fairness"": 0.1261, ""initial_delta"": 0.27, ""dominated_removed_count"": 386, ""dominance_candidate_pool_size"": 408, ""candidates_after_winnow"": 19}"
tusLarge3,nl,t_013a2f8c584d44d7____c2_1____2_fair.csv,20,380,418,20,True,0.2991,0.15,0.007894736842105263,0.05263157894736842,33.61077255010605,33.61077255010605,t_70edc453a411f33b____c2_1____0__t_70edc453a411f33b____c7_1____4_fair.csv;t_ece0594e0480a1ed____c2_1____4__t_ece0594e0480a1ed____c5_1____3_fair.csv;t_70edc453a411f33b____c2_1____2__t_70edc453a411f33b____c7_1____4_fair.csv;t_dc9442ed0b52d69c____c2_1____0__t_dc9442ed0b52d69c____c2_1____2_fair.csv;t_013a2f8c584d44d7____c2_0____4__t_013a2f8c584d44d7____c7_1____4_fair.csv;t_013a2f8c584d44d7____c2_0____0__t_013a2f8c584d44d7____c7_1____4_fair.csv;t_70edc453a411f33b____c2_1____1__t_70edc453a411f33b____c7_1____4_fair.csv;t_ca85e8f9eef5b9d5____c2_1____3__t_ca85e8f9eef5b9d5____c9_1____4_fair.csv;t_ca85e8f9eef5b9d5____c2_1____3__t_ca85e8f9eef5b9d5____c1_0____2_fair.csv;t_ca85e8f9eef5b9d5____c2_1____3__t_ca85e8f9eef5b9d5____c19_0____4_fair.csv;t_ca85e8f9eef5b9d5____c2_1____3__t_ca85e8f9eef5b9d5____c17_0____3_fair.csv;t_dc9442ed0b52d69c____c2_1____4__t_dc9442ed0b52d69c____c2_1____2_fair.csv;t_013a2f8c584d44d7____c2_1____3__t_013a2f8c584d44d7____c2_1____2_fair.csv;t_013a2f8c584d44d7____c2_1____4__t_013a2f8c584d44d7____c2_1____2_fair.csv;t_013a2f8c584d44d7____c2_1____1__t_013a2f8c584d44d7____c2_1____2_fair.csv;t_ece0594e0480a1ed____c2_1____1__t_ece0594e0480a1ed____c5_1____3_fair.csv;t_013a2f8c584d44d7____c3_1____3__t_013a2f8c584d44d7____c7_1____4_fair.csv;t_013a2f8c584d44d7____c3_1____4__t_013a2f8c584d44d7____c7_1____4_fair.csv;t_013a2f8c584d44d7____c3_1____1__t_013a2f8c584d44d7____c7_1____4_fair.csv;t_013a2f8c584d44d7____c3_1____2__t_013a2f8c584d44d7____c7_1____4_fair.csv,"{""needs_fairification"": true, ""success"": true, ""swaps_made"": 8, ""initial_fairness"": 0.0753, ""initial_delta"": 0.32, ""dominated_removed_count"": 374, ""dominance_candidate_pool_size"": 398, ""candidates_after_winnow"": 16}"
tusLarge3,nl,PED_YT_DTL_SNF____c18_1____1_fair.csv,5,235,68,5,True,0.3221,0.8,0.01702127659574468,0.02127659574468085,78.82328879833221,78.82328879833221,PED_YT_DTL_SNF____c18_1____2__PED_YT_DTL_SNF____c22_0____2_fair.csv;PED_YT_DTL_SNF____c18_1____2__PED_YT_DTL_SNF____c18_1____1_fair.csv;PED_YT_DTL_SNF____c18_1____2.csv;PED_YT_DTL_SNF____c16_1____1__PED_YT_DTL_SNF____c18_1____1_fair.csv;t_6c551d740feb0608____c14_1____2__t_6c551d740feb0608____c10_0____2_fair.csv,"{""needs_fairification"": true, ""success"": true, ""swaps_made"": 2, ""initial_fairness"": 0.054, ""initial_delta"": 0.35, ""dominated_removed_count"": 55, ""dominance_candidate_pool_size"": 63, ""candidates_after_winnow"": 6}"
tusLarge3,nl,PED_YT_DTL_SNF____c18_1____1_fair.csv,10,235,68,10,False,0.2651,0.5,0.02127659574468085,0.0425531914893617,154.47788178920746,154.47788178920746,PED_YT_DTL_SNF____c18_1____2__PED_YT_DTL_SNF____c22_0____2_fair.csv;PED_YT_DTL_SNF____c18_1____2__PED_YT_DTL_SNF____c18_1____1_fair.csv;PED_YT_DTL_SNF____c18_1____2.csv;PED_YT_DTL_SNF____c17_1____1__PED_YT_DTL_SNF____c22_0____2_fair.csv;PED_YT_DTL_SNF____c17_1____1.csv;PED_YT_DTL_SNF____c16_1____1__PED_YT_DTL_SNF____c22_0____2_fair.csv;PED_YT_DTL_SNF____c16_1____1__PED_YT_DTL_SNF____c18_1____1_fair.csv;t_6c551d740feb0608____c16_0____2__t_6c551d740feb0608____c10_0____2_fair.csv;t_6c551d740feb0608____c15_1____2__t_6c551d740feb0608____c10_0____2_fair.csv;t_6c551d740feb0608____c14_1____2__t_6c551d740feb0608____c10_0____2_fair.csv,"{""needs_fairification"": true, ""success"": false, ""swaps_made"": 6, ""initial_fairness"": 0.0195, ""initial_delta"": 0.38, ""dominated_removed_count"": 51, ""dominance_candidate_pool_size"": 58, ""candidates_after_winnow"": 1}"
tusLarge3,nl,PED_YT_DTL_SNF____c18_1____1_fair.csv,20,235,68,20,False,0.056,0.15,0.01276595744680851,0.0851063829787234,313.0533995628357,313.0533995628357,PED_YT_DTL_SNF____c18_1____2__PED_YT_DTL_SNF____c22_0____2_fair.csv;PED_YT_DTL_SNF____c18_1____2__PED_YT_DTL_SNF____c18_1____1_fair.csv;PED_YT_DTL_SNF____c18_1____2.csv;PED_SK_DTL_SNF____c17_1____3__PED_SK_DTL_SNF____c16_0____0_fair.csv;PED_SK_DTL_SNF____c17_1____3__PED_SK_DTL_SNF____c12_0____3_fair.csv;PED_YT_DTL_SNF____c17_1____1__PED_YT_DTL_SNF____c22_0____2_fair.csv;PED_YT_DTL_SNF____c17_1____1__PED_YT_DTL_SNF____c19_1____0_fair.csv;PED_YT_DTL_SNF____c17_1____1.csv;PED_SK_DTL_SNF____c17_1____2__PED_SK_DTL_SNF____c9_0____3_fair.csv;PED_SK_DTL_SNF____c17_1____2__PED_SK_DTL_SNF____c3_1____2_fair.csv;PED_SK_DTL_SNF____c17_1____2__PED_SK_DTL_SNF____c19_0____0_fair.csv;PED_SK_DTL_SNF____c17_1____2__PED_SK_DTL_SNF____c18_0____2_fair.csv;PED_SK_DTL_SNF____c17_1____2__PED_SK_DTL_SNF____c16_0____0_fair.csv;PED_SK_DTL_SNF____c17_1____2__PED_SK_DTL_SNF____c12_0____3_fair.csv;PED_SK_DTL_SNF____c17_1____0__PED_SK_DTL_SNF____c9_0____3_fair.csv;PED_SK_DTL_SNF____c17_1____0__PED_SK_DTL_SNF____c3_1____2_fair.csv;t_6c551d740feb0608____c16_0____2__t_6c551d740feb0608____c10_0____2_fair.csv;t_6c551d740feb0608____c15_1____2__t_6c551d740feb0608____c10_0____2_fair.csv;t_6c551d740feb0608____c14_1____2__t_6c551d740feb0608____c10_0____2_fair.csv;t_6c551d740feb0608____c14_1____2.csv,"{""needs_fairification"": true, ""success"": false, ""swaps_made"": 4, ""initial_fairness"": 0.0085, ""initial_delta"": 0.39, ""dominated_removed_count"": 38, ""dominance_candidate_pool_size"": 48, ""candidates_after_winnow"": 6}"
tusLarge3,nl,t_013a2f8c584d44d7____c4_1____2_fair.csv,5,416,321,5,True,0.4016,0.0,0.0,0.01201923076923077,18.63337731361389,18.63337731361389,t_70941cace7dd1c45____c4_0____3.csv;t_70941cace7dd1c45____c4_0____2.csv;t_70941cace7dd1c45____c4_0____4.csv;t_70941cace7dd1c45____c4_1____1.csv;t_70edc453a411f33b____c4_0____0__t_70edc453a411f33b____c10_1____3_fair.csv,"{""needs_fairification"": false, ""success"": true, ""swaps_made"": 0, ""initial_fairness"": 0.4016, ""initial_delta"": -0.0}"
tusLarge3,nl,t_013a2f8c584d44d7____c4_1____2_fair.csv,10,416,321,10,True,0.3987,0.0,0.0,0.02403846153846154,37.17698001861572,37.17698001861572,t_70941cace7dd1c45____c4_0____3.csv;t_70941cace7dd1c45____c4_0____2.csv;t_70941cace7dd1c45____c4_0____4.csv;t_70941cace7dd1c45____c4_1____1.csv;t_70edc453a411f33b____c4_0____0__t_70edc453a411f33b____c10_1____3_fair.csv;t_70941cace7dd1c45____c4_1____4.csv;t_dc9442ed0b52d69c____c4_1____3__t_dc9442ed0b52d69c____c2_1____2_fair.csv;t_70941cace7dd1c45____c4_0____1.csv;t_70941cace7dd1c45____c4_1____3.csv;t_dc9442ed0b52d69c____c4_1____0__t_dc9442ed0b52d69c____c2_1____2_fair.csv,"{""needs_fairification"": false, ""success"": true, ""swaps_made"": 0, ""initial_fairness"": 0.3987, ""initial_delta"": 0.0}"
tusLarge3,nl,t_013a2f8c584d44d7____c4_1____2_fair.csv,20,416,321,20,True,0.3882,0.0,0.0,0.04807692307692308,74.07639372348785,74.07639372348785,t_70941cace7dd1c45____c4_0____3.csv;t_70941cace7dd1c45____c4_0____2.csv;t_70941cace7dd1c45____c4_0____4.csv;t_70941cace7dd1c45____c4_1____1.csv;t_70edc453a411f33b____c4_0____0__t_70edc453a411f33b____c10_1____3_fair.csv;t_70941cace7dd1c45____c4_1____4.csv;t_dc9442ed0b52d69c____c4_1____3__t_dc9442ed0b52d69c____c2_1____2_fair.csv;t_70941cace7dd1c45____c4_0____1.csv;t_70941cace7dd1c45____c4_1____3.csv;t_dc9442ed0b52d69c____c4_1____0__t_dc9442ed0b52d69c____c2_1____2_fair.csv;t_dc9442ed0b52d69c____c4_0____0__t_dc9442ed0b52d69c____c9_0____2_fair.csv;t_dc9442ed0b52d69c____c4_0____2__t_dc9442ed0b52d69c____c9_0____2_fair.csv;t_70edc453a411f33b____c4_0____1__t_70edc453a411f33b____c10_1____3_fair.csv;t_70941cace7dd1c45____c4_1____2.csv;t_70941cace7dd1c45____c5_1____4.csv;t_dc9442ed0b52d69c____c4_1____2__t_dc9442ed0b52d69c____c2_1____2_fair.csv;t_70941cace7dd1c45____c5_1____3.csv;t_dc9442ed0b52d69c____c4_0____1__t_dc9442ed0b52d69c____c9_0____2_fair.csv;t_dc9442ed0b52d69c____c4_1____4__t_dc9442ed0b52d69c____c2_1____2_fair.csv;t_70edc453a411f33b____c4_1____3__t_70edc453a411f33b____c12_1____3_fair.csv,"{""needs_fairification"": false, ""success"": true, ""swaps_made"": 0, ""initial_fairness"": 0.3882, ""initial_delta"": 0.01}"
tusLarge3,nl,PED_YT_DTL_SNF____c19_1____0_fair.csv,5,242,56,5,False,0.1057,0.4,0.008264462809917356,0.02066115702479339,88.9819113612175,88.9819113612175,PED_YT_DTL_SNF____c20_1____0__PED_YT_DTL_SNF____c22_0____2_fair.csv;PED_YT_DTL_SNF____c20_1____0.csv;PED_YT_DTL_SNF____c21_0____0__PED_YT_DTL_SNF____c22_0____2_fair.csv;PED_YT_DTL_SNF____c21_0____0__PED_YT_DTL_SNF____c18_1____1_fair.csv;PED_YT_DTL_SNF____c21_0____0.csv,"{""needs_fairification"": true, ""success"": false, ""swaps_made"": 1, ""initial_fairness"": 0.0952, ""initial_delta"": 0.3, ""dominated_removed_count"": 50, ""dominance_candidate_pool_size"": 51, ""candidates_after_winnow"": 0}"
tusLarge3,nl,PED_YT_DTL_SNF____c19_1____0_fair.csv,10,242,56,10,False,0.057,0.6,0.024793388429752067,0.04132231404958678,177.35297220945358,177.35297220945358,PED_YT_DTL_SNF____c20_1____0__PED_YT_DTL_SNF____c22_0____2_fair.csv;PED_YT_DTL_SNF____c20_1____0.csv;PED_YT_DTL_SNF____c21_0____0__PED_YT_DTL_SNF____c22_0____2_fair.csv;PED_YT_DTL_SNF____c21_0____0__PED_YT_DTL_SNF____c18_1____1_fair.csv;PED_YT_DTL_SNF____c21_0____0.csv;PED_YT_DTL_SNF____c19_0____0__PED_YT_DTL_SNF____c22_0____2_fair.csv;PED_YT_DTL_SNF____c19_0____0__PED_YT_DTL_SNF____c19_1____0_fair.csv;PED_YT_DTL_SNF____c19_0____0__PED_YT_DTL_SNF____c18_1____1_fair.csv;PED_YT_DTL_SNF____c19_0____0.csv;PED_YT_DTL_SNF____c20_0____0__PED_YT_DTL_SNF____c22_0____2_fair.csv,"{""needs_fairification"": true, ""success"": false, ""swaps_made"": 1, ""initial_fairness"": 0.0542, ""initial_delta"": 0.35, ""dominated_removed_count"": 44, ""dominance_candidate_pool_size"": 46, ""candidates_after_winnow"": 1}"
tusLarge3,nl,PED_YT_DTL_SNF____c19_1____0_fair.csv,20,242,56,20,False,0.0072,0.35,0.028925619834710745,0.08264462809917356,350.33473283052444,350.33473283052444,PED_YT_DTL_SNF____c20_1____0__PED_YT_DTL_SNF____c22_0____2_fair.csv;PED_YT_DTL_SNF____c20_1____0__PED_YT_DTL_SNF____c19_1____0_fair.csv;PED_YT_DTL_SNF____c20_1____0.csv;PED_YT_DTL_SNF____c21_0____0__PED_YT_DTL_SNF____c22_0____2_fair.csv;PED_YT_DTL_SNF____c21_0____0__PED_YT_DTL_SNF____c18_1____1_fair.csv;PED_YT_DTL_SNF____c21_0____0.csv;PED_YT_DTL_SNF____c19_0____0__PED_YT_DTL_SNF____c22_0____2_fair.csv;PED_YT_DTL_SNF____c19_0____0__PED_YT_DTL_SNF____c19_1____0_fair.csv;PED_YT_DTL_SNF____c19_0____0__PED_YT_DTL_SNF____c18_1____1_fair.csv;PED_YT_DTL_SNF____c19_0____0.csv;PED_YT_DTL_SNF____c20_0____0__PED_YT_DTL_SNF____c22_0____2_fair.csv;PED_YT_DTL_SNF____c20_0____0__PED_YT_DTL_SNF____c18_1____1_fair.csv;PED_YT_DTL_SNF____c20_0____0.csv;t_285b3bcd52ec0c86____c19_0____2__t_285b3bcd52ec0c86____c9_1____4_fair.csv;t_285b3bcd52ec0c86____c19_0____2__t_285b3bcd52ec0c86____c9_0____2_fair.csv;t_285b3bcd52ec0c86____c19_0____2__t_285b3bcd52ec0c86____c6_0____0_fair.csv;t_285b3bcd52ec0c86____c19_0____2__t_285b3bcd52ec0c86____c20_1____2_fair.csv;t_285b3bcd52ec0c86____c19_0____2__t_285b3bcd52ec0c86____c12_0____1_fair.csv;t_285b3bcd52ec0c86____c19_0____2.csv;t_285b3bcd52ec0c86____c19_0____2__t_285b3bcd52ec0c86____c7_1____2_fair.csv,"{""needs_fairification"": true, ""success"": false, ""swaps_made"": 0, ""initial_fairness"": 0.0072, ""initial_delta"": 0.39, ""dominated_removed_count"": 32, ""dominance_candidate_pool_size"": 36, ""candidates_after_winnow"": 4}"
tusLarge3,nl,t_013a2f8c584d44d7____c6_1____4_fair.csv,5,416,264,5,True,0.3909,0.0,0.0,0.01201923076923077,28.28022450208664,28.28022450208664,t_70941cace7dd1c45____c6_0____3.csv;t_70941cace7dd1c45____c6_0____4.csv;t_70941cace7dd1c45____c6_0____1.csv;t_70941cace7dd1c45____c6_1____3.csv;t_70941cace7dd1c45____c6_0____2.csv,"{""needs_fairification"": false, ""success"": true, ""swaps_made"": 0, ""initial_fairness"": 0.3909, ""initial_delta"": 0.01}"
tusLarge3,nl,t_013a2f8c584d44d7____c6_1____4_fair.csv,10,416,264,10,True,0.371,0.0,0.0,0.02403846153846154,56.30722451210022,56.30722451210022,t_70941cace7dd1c45____c6_0____3.csv;t_70941cace7dd1c45____c6_0____4.csv;t_70941cace7dd1c45____c6_0____1.csv;t_70941cace7dd1c45____c6_1____3.csv;t_70941cace7dd1c45____c6_0____2.csv;t_70941cace7dd1c45____c6_1____0.csv;t_70941cace7dd1c45____c6_1____1.csv;t_70941cace7dd1c45____c6_0____0.csv;t_70941cace7dd1c45____c6_1____2.csv;t_70941cace7dd1c45____c6_1____4.csv,"{""needs_fairification"": false, ""success"": true, ""swaps_made"": 0, ""initial_fairness"": 0.371, ""initial_delta"": 0.03}"
tusLarge3,nl,t_013a2f8c584d44d7____c6_1____4_fair.csv,20,416,264,20,True,0.3011,0.0,0.0,0.04807692307692308,107.09882777929306,107.09882777929306,t_70941cace7dd1c45____c6_0____3.csv;t_70941cace7dd1c45____c6_0____4.csv;t_70941cace7dd1c45____c6_0____1.csv;t_70941cace7dd1c45____c6_1____3.csv;t_70941cace7dd1c45____c6_0____2.csv;t_70941cace7dd1c45____c6_1____0.csv;t_70941cace7dd1c45____c6_1____1.csv;t_70941cace7dd1c45____c6_0____0.csv;t_70941cace7dd1c45____c6_1____2.csv;t_70941cace7dd1c45____c6_1____4.csv;t_dc9442ed0b52d69c____c7_1____3.csv;t_dc9442ed0b52d69c____c7_1____3__t_dc9442ed0b52d69c____c9_0____2_fair.csv;t_dc9442ed0b52d69c____c7_1____3__t_dc9442ed0b52d69c____c8_0____3_fair.csv;t_dc9442ed0b52d69c____c7_1____3__t_dc9442ed0b52d69c____c2_1____2_fair.csv;t_dc9442ed0b52d69c____c7_1____3__t_dc9442ed0b52d69c____c10_0____0_fair.csv;t_dc9442ed0b52d69c____c7_0____4.csv;t_dc9442ed0b52d69c____c7_1____1__t_dc9442ed0b52d69c____c9_0____2_fair.csv;t_dc9442ed0b52d69c____c7_1____1__t_dc9442ed0b52d69c____c8_0____3_fair.csv;t_dc9442ed0b52d69c____c7_1____1__t_dc9442ed0b52d69c____c2_1____2_fair.csv;t_dc9442ed0b52d69c____c7_1____1__t_dc9442ed0b52d69c____c10_0____0_fair.csv,"{""needs_fairification"": false, ""success"": true, ""swaps_made"": 0, ""initial_fairness"": 0.3011, ""initial_delta"": 0.1}"
tusLarge3,nl,t_013a2f8c584d44d7____c7_1____4_fair.csv,5,319,226,5,True,0.3866,0.0,0.0,0.01567398119122257,32.43842315673828,32.43842315673828,t_dc9442ed0b52d69c____c7_1____3__t_dc9442ed0b52d69c____c9_0____2_fair.csv;t_dc9442ed0b52d69c____c7_1____3__t_dc9442ed0b52d69c____c8_0____3_fair.csv;t_dc9442ed0b52d69c____c7_1____3__t_dc9442ed0b52d69c____c2_1____2_fair.csv;t_dc9442ed0b52d69c____c7_1____3__t_dc9442ed0b52d69c____c10_0____0_fair.csv;t_dc9442ed0b52d69c____c7_1____1__t_dc9442ed0b52d69c____c9_0____2_fair.csv,"{""needs_fairification"": false, ""success"": true, ""swaps_made"": 0, ""initial_fairness"": 0.3866, ""initial_delta"": 0.01}"
tusLarge3,nl,t_013a2f8c584d44d7____c7_1____4_fair.csv,10,319,226,10,True,0.3659,0.0,0.0,0.03134796238244514,64.81600672006607,64.81600672006607,t_dc9442ed0b52d69c____c7_1____3__t_dc9442ed0b52d69c____c9_0____2_fair.csv;t_dc9442ed0b52d69c____c7_1____3__t_dc9442ed0b52d69c____c8_0____3_fair.csv;t_dc9442ed0b52d69c____c7_1____3__t_dc9442ed0b52d69c____c2_1____2_fair.csv;t_dc9442ed0b52d69c____c7_1____3__t_dc9442ed0b52d69c____c10_0____0_fair.csv;t_dc9442ed0b52d69c____c7_1____1__t_dc9442ed0b52d69c____c9_0____2_fair.csv;t_dc9442ed0b52d69c____c7_1____1__t_dc9442ed0b52d69c____c8_0____3_fair.csv;t_dc9442ed0b52d69c____c7_1____1__t_dc9442ed0b52d69c____c2_1____2_fair.csv;t_dc9442ed0b52d69c____c7_1____1__t_dc9442ed0b52d69c____c10_0____0_fair.csv;t_dc9442ed0b52d69c____c7_0____4__t_dc9442ed0b52d69c____c10_0____0_fair.csv;t_dc9442ed0b52d69c____c7_1____3.csv,"{""needs_fairification"": false, ""success"": true, ""swaps_made"": 0, ""initial_fairness"": 0.3659, ""initial_delta"": 0.03}"
tusLarge3,nl,t_013a2f8c584d44d7____c7_1____4_fair.csv,20,319,226,20,True,0.3402,0.0,0.0,0.06269592476489028,128.9798047542572,128.9798047542572,t_dc9442ed0b52d69c____c7_1____3__t_dc9442ed0b52d69c____c9_0____2_fair.csv;t_dc9442ed0b52d69c____c7_1____3__t_dc9442ed0b52d69c____c8_0____3_fair.csv;t_dc9442ed0b52d69c____c7_1____3__t_dc9442ed0b52d69c____c2_1____2_fair.csv;t_dc9442ed0b52d69c____c7_1____3__t_dc9442ed0b52d69c____c10_0____0_fair.csv;t_dc9442ed0b52d69c____c7_1____1__t_dc9442ed0b52d69c____c9_0____2_fair.csv;t_dc9442ed0b52d69c____c7_1____1__t_dc9442ed0b52d69c____c8_0____3_fair.csv;t_dc9442ed0b52d69c____c7_1____1__t_dc9442ed0b52d69c____c2_1____2_fair.csv;t_dc9442ed0b52d69c____c7_1____1__t_dc9442ed0b52d69c____c10_0____0_fair.csv;t_dc9442ed0b52d69c____c7_0____4__t_dc9442ed0b52d69c____c10_0____0_fair.csv;t_dc9442ed0b52d69c____c7_1____3.csv;t_dc9442ed0b52d69c____c7_0____4.csv;t_dc9442ed0b52d69c____c7_1____0__t_dc9442ed0b52d69c____c9_0____2_fair.csv;t_dc9442ed0b52d69c____c7_1____0__t_dc9442ed0b52d69c____c8_0____3_fair.csv;t_dc9442ed0b52d69c____c7_1____0__t_dc9442ed0b52d69c____c2_1____2_fair.csv;t_dc9442ed0b52d69c____c7_1____0__t_dc9442ed0b52d69c____c10_0____0_fair.csv;t_dc9442ed0b52d69c____c7_1____1.csv;t_dc9442ed0b52d69c____c7_1____4.csv;t_dc9442ed0b52d69c____c7_1____2.csv;t_dc9442ed0b52d69c____c7_1____4__t_dc9442ed0b52d69c____c9_0____2_fair.csv;t_dc9442ed0b52d69c____c7_1____4__t_dc9442ed0b52d69c____c8_0____3_fair.csv,"{""needs_fairification"": false, ""success"": true, ""swaps_made"": 0, ""initial_fairness"": 0.3402, ""initial_delta"": 0.06}"
tusLarge3,nl,t_013a2f8c584d44d7____c13_0____0_fair.csv,5,313,109,5,True,0.3395,0.0,0.0,0.01597444089456869,58.57857269048691,58.57857269048691,t_70edc453a411f33b____c12_0____0__t_70edc453a411f33b____c7_1____4_fair.csv;t_70edc453a411f33b____c12_0____0__t_70edc453a411f33b____c12_1____3_fair.csv;t_70edc453a411f33b____c12_0____0__t_70edc453a411f33b____c10_1____3_fair.csv;t_70edc453a411f33b____c12_0____1__t_70edc453a411f33b____c10_1____3_fair.csv;t_70edc453a411f33b____c11_0____0__t_70edc453a411f33b____c7_1____4_fair.csv,"{""needs_fairification"": false, ""success"": true, ""swaps_made"": 0, ""initial_fairness"": 0.3395, ""initial_delta"": 0.06}"
tusLarge3,nl,t_013a2f8c584d44d7____c13_0____0_fair.csv,10,313,109,10,True,0.3117,0.0,0.0,0.03194888178913738,111.382120013237,111.382120013237,t_70edc453a411f33b____c12_0____0__t_70edc453a411f33b____c12_1____3_fair.csv;t_70edc453a411f33b____c12_0____0__t_70edc453a411f33b____c10_1____3_fair.csv;t_70edc453a411f33b____c12_0____1__t_70edc453a411f33b____c10_1____3_fair.csv;t_70edc453a411f33b____c11_0____0__t_70edc453a411f33b____c7_1____4_fair.csv;t_70edc453a411f33b____c11_0____0__t_70edc453a411f33b____c12_1____3_fair.csv;t_70edc453a411f33b____c11_0____0__t_70edc453a411f33b____c10_1____3_fair.csv;t_70edc453a411f33b____c11_1____0__t_70edc453a411f33b____c7_1____4_fair.csv;t_70edc453a411f33b____c11_1____0__t_70edc453a411f33b____c12_1____3_fair.csv;t_70edc453a411f33b____c11_1____0__t_70edc453a411f33b____c10_1____3_fair.csv;t_70edc453a411f33b____c10_0____0__t_70edc453a411f33b____c12_1____3_fair.csv,"{""needs_fairification"": true, ""success"": true, ""swaps_made"": 1, ""initial_fairness"": 0.2938, ""initial_delta"": 0.11, ""dominated_removed_count"": 76, ""dominance_candidate_pool_size"": 99, ""candidates_after_winnow"": 22}"
tusLarge3,nl,t_013a2f8c584d44d7____c13_0____0_fair.csv,20,313,109,20,True,0.2972,0.0,0.0,0.06389776357827476,211.6937062740326,211.6937062740326,t_70edc453a411f33b____c11_0____0__t_70edc453a411f33b____c12_1____3_fair.csv;t_70edc453a411f33b____c11_0____0__t_70edc453a411f33b____c10_1____3_fair.csv;t_70edc453a411f33b____c11_1____0__t_70edc453a411f33b____c7_1____4_fair.csv;t_70edc453a411f33b____c11_1____0__t_70edc453a411f33b____c12_1____3_fair.csv;t_70edc453a411f33b____c11_1____0__t_70edc453a411f33b____c10_1____3_fair.csv;t_70edc453a411f33b____c11_1____2__t_70edc453a411f33b____c7_1____4_fair.csv;t_70edc453a411f33b____c11_1____2__t_70edc453a411f33b____c12_1____3_fair.csv;t_70edc453a411f33b____c11_1____2__t_70edc453a411f33b____c10_1____3_fair.csv;t_70edc453a411f33b____c11_1____1__t_70edc453a411f33b____c7_1____4_fair.csv;t_70edc453a411f33b____c11_1____1__t_70edc453a411f33b____c12_1____3_fair.csv;t_70edc453a411f33b____c11_1____1__t_70edc453a411f33b____c10_1____3_fair.csv;t_70edc453a411f33b____c11_0____1__t_70edc453a411f33b____c7_1____4_fair.csv;t_70edc453a411f33b____c11_0____1__t_70edc453a411f33b____c12_1____3_fair.csv;t_70edc453a411f33b____c11_0____1__t_70edc453a411f33b____c10_1____3_fair.csv;t_70edc453a411f33b____c11_1____4__t_70edc453a411f33b____c7_1____4_fair.csv;t_70edc453a411f33b____c10_0____0__t_70edc453a411f33b____c12_1____3_fair.csv;t_70edc453a411f33b____c10_1____1__t_70edc453a411f33b____c12_1____3_fair.csv;t_70edc453a411f33b____c10_0____2__t_70edc453a411f33b____c12_1____3_fair.csv;t_70edc453a411f33b____c10_0____3__t_70edc453a411f33b____c12_1____3_fair.csv;t_70edc453a411f33b____c8_1____3__t_70edc453a411f33b____c10_1____3_fair.csv,"{""needs_fairification"": true, ""success"": true, ""swaps_made"": 5, ""initial_fairness"": 0.2504, ""initial_delta"": 0.15, ""dominated_removed_count"": 68, ""dominance_candidate_pool_size"": 89, ""candidates_after_winnow"": 16}"
tusLarge3,nl,PED_SK_DTL_SNF____c18_0____2_fair.csv,5,811,61,5,False,0.1981,0.4,0.002466091245376079,0.006165228113440197,79.89358222484589,79.89358222484589,PED_SK_DTL_SNF____c18_1____2.csv;t_285b3bcd52ec0c86____c18_1____2.csv;t_285b3bcd52ec0c86____c17_0____3.csv;t_285b3bcd52ec0c86____c17_0____0.csv;PED_SK_DTL_SNF____c15_1____2__PED_SK_DTL_SNF____c18_0____2_fair.csv,"{""needs_fairification"": true, ""success"": false, ""swaps_made"": 5, ""initial_fairness"": 0.0751, ""initial_delta"": 0.32, ""dominated_removed_count"": 49, ""dominance_candidate_pool_size"": 56, ""candidates_after_winnow"": 2}"
tusLarge3,nl,PED_SK_DTL_SNF____c18_0____2_fair.csv,10,811,61,10,False,0.0869,0.9,0.011097410604192354,0.012330456226880395,166.8768721818924,166.8768721818924,PED_SK_DTL_SNF____c18_1____2__PED_SK_DTL_SNF____c23_0____0_fair.csv;PED_SK_DTL_SNF____c18_1____2__PED_SK_DTL_SNF____c18_0____2_fair.csv;PED_SK_DTL_SNF____c18_1____2__PED_SK_DTL_SNF____c14_1____4_fair.csv;PED_SK_DTL_SNF____c18_1____2.csv;PED_SK_DTL_SNF____c21_0____2__PED_SK_DTL_SNF____c9_0____3_fair.csv;PED_SK_DTL_SNF____c21_0____2__PED_SK_DTL_SNF____c3_1____2_fair.csv;PED_SK_DTL_SNF____c21_0____2__PED_SK_DTL_SNF____c23_0____0_fair.csv;PED_SK_DTL_SNF____c21_0____2__PED_SK_DTL_SNF____c19_0____0_fair.csv;t_285b3bcd52ec0c86____c17_0____0.csv;PED_SK_DTL_SNF____c15_1____2__PED_SK_DTL_SNF____c18_0____2_fair.csv,"{""needs_fairification"": true, ""success"": false, ""swaps_made"": 2, ""initial_fairness"": 0.0425, ""initial_delta"": 0.36, ""dominated_removed_count"": 44, ""dominance_candidate_pool_size"": 51, ""candidates_after_winnow"": 5}"
tusLarge3,nl,PED_SK_DTL_SNF____c18_0____2_fair.csv,20,811,61,20,False,0.046,0.65,0.016029593094944512,0.02466091245376079,336.0589696764946,336.0589696764946,PED_SK_DTL_SNF____c18_1____2__PED_SK_DTL_SNF____c23_0____0_fair.csv;PED_SK_DTL_SNF____c18_1____2__PED_SK_DTL_SNF____c18_0____2_fair.csv;PED_SK_DTL_SNF____c18_1____2__PED_SK_DTL_SNF____c14_1____4_fair.csv;PED_SK_DTL_SNF____c18_1____2.csv;PED_SK_DTL_SNF____c21_0____2__PED_SK_DTL_SNF____c9_0____3_fair.csv;PED_SK_DTL_SNF____c21_0____2__PED_SK_DTL_SNF____c3_1____2_fair.csv;PED_SK_DTL_SNF____c21_0____2__PED_SK_DTL_SNF____c23_0____0_fair.csv;PED_SK_DTL_SNF____c21_0____2__PED_SK_DTL_SNF____c19_0____0_fair.csv;PED_SK_DTL_SNF____c21_0____2__PED_SK_DTL_SNF____c18_0____2_fair.csv;PED_SK_DTL_SNF____c21_0____2__PED_SK_DTL_SNF____c14_1____4_fair.csv;PED_SK_DTL_SNF____c21_0____2__PED_SK_DTL_SNF____c12_0____3_fair.csv;PED_SK_DTL_SNF____c21_0____2.csv;PED_SK_DTL_SNF____c19_1____2__PED_SK_DTL_SNF____c3_1____2_fair.csv;PED_SK_DTL_SNF____c19_1____2__PED_SK_DTL_SNF____c23_0____0_fair.csv;PED_SK_DTL_SNF____c19_1____2__PED_SK_DTL_SNF____c14_1____4_fair.csv;PED_SK_DTL_SNF____c19_1____2.csv;t_285b3bcd52ec0c86____c18_1____2.csv;t_285b3bcd52ec0c86____c18_1____2__t_285b3bcd52ec0c86____c9_1____4_fair.csv;t_285b3bcd52ec0c86____c17_0____0.csv;PED_SK_DTL_SNF____c15_1____2__PED_SK_DTL_SNF____c18_0____2_fair.csv,"{""needs_fairification"": true, ""success"": false, ""swaps_made"": 2, ""initial_fairness"": 0.0228, ""initial_delta"": 0.38, ""dominated_removed_count"": 34, ""dominance_candidate_pool_size"": 41, ""candidates_after_winnow"": 5}"
tusLarge3,nl,t_014c2259cce4ab13____c3_1____0_fair.csv,5,745,184,5,True,0.3082,0.8,0.005369127516778523,0.006711409395973154,13.088215827941895,13.088215827941895,t_014c2259cce4ab13____c3_1____1__t_014c2259cce4ab13____c3_1____0_fair.csv;t_28dc8f7610402ea7____c4_0____4__t_28dc8f7610402ea7____c9_0____0_fair.csv;t_014c2259cce4ab13____c7_0____2__t_014c2259cce4ab13____c3_1____0_fair.csv;t_014c2259cce4ab13____c12_0____3__t_014c2259cce4ab13____c3_1____0_fair.csv;t_014c2259cce4ab13____c12_0____1__t_014c2259cce4ab13____c3_1____0_fair.csv,"{""needs_fairification"": true, ""success"": true, ""swaps_made"": 3, ""initial_fairness"": 0.0286, ""initial_delta"": 0.37, ""dominated_removed_count"": 168, ""dominance_candidate_pool_size"": 179, ""candidates_after_winnow"": 8}"
tusLarge3,nl,t_014c2259cce4ab13____c3_1____0_fair.csv,10,745,184,10,True,0.342,0.9,0.012080536912751677,0.013422818791946308,26.465398907661438,26.465398907661438,t_014c2259cce4ab13____c3_1____1__t_014c2259cce4ab13____c3_1____0_fair.csv;t_014c2259cce4ab13____c3_1____2__t_014c2259cce4ab13____c3_1____0_fair.csv;t_014c2259cce4ab13____c3_1____4__t_014c2259cce4ab13____c3_1____0_fair.csv;t_28dc8f7610402ea7____c4_0____3.csv;t_014c2259cce4ab13____c3_1____4.csv;t_014c2259cce4ab13____c3_1____2.csv;t_014c2259cce4ab13____c7_0____3__t_014c2259cce4ab13____c3_1____0_fair.csv;t_014c2259cce4ab13____c7_0____2__t_014c2259cce4ab13____c3_1____0_fair.csv;t_014c2259cce4ab13____c12_0____3__t_014c2259cce4ab13____c3_1____0_fair.csv;t_014c2259cce4ab13____c12_0____1__t_014c2259cce4ab13____c3_1____0_fair.csv,"{""needs_fairification"": true, ""success"": true, ""swaps_made"": 4, ""initial_fairness"": 0.0415, ""initial_delta"": 0.36, ""dominated_removed_count"": 162, ""dominance_candidate_pool_size"": 174, ""candidates_after_winnow"": 8}"
tusLarge3,nl,t_014c2259cce4ab13____c3_1____0_fair.csv,20,745,184,20,True,0.37,0.4,0.010738255033557046,0.026845637583892617,51.48673361539841,51.48673361539841,t_014c2259cce4ab13____c3_1____1__t_014c2259cce4ab13____c3_1____0_fair.csv;t_014c2259cce4ab13____c3_1____2__t_014c2259cce4ab13____c3_1____0_fair.csv;t_014c2259cce4ab13____c3_1____4__t_014c2259cce4ab13____c3_1____0_fair.csv;t_014c2259cce4ab13____c3_1____2.csv;t_8b2f04db4903263f____c3_0____1.csv;t_bd6030667b3d0d9a____c3_1____3__t_bd6030667b3d0d9a____c5_0____4_fair.csv;t_014c2259cce4ab13____c5_1____0.csv;t_8b2f04db4903263f____c6_1____2.csv;t_014c2259cce4ab13____c4_1____0.csv;t_014c2259cce4ab13____c7_0____3__t_014c2259cce4ab13____c3_1____0_fair.csv;t_014c2259cce4ab13____c5_1____0__t_014c2259cce4ab13____c17_1____1_fair.csv;t_bd6030667b3d0d9a____c3_0____0__t_bd6030667b3d0d9a____c3_0____3_fair.csv;t_bd6030667b3d0d9a____c3_1____4__t_bd6030667b3d0d9a____c5_0____4_fair.csv;t_bd6030667b3d0d9a____c3_1____3.csv;t_014c2259cce4ab13____c7_0____2__t_014c2259cce4ab13____c3_1____0_fair.csv;t_285b3bcd52ec0c86____c4_1____1__t_285b3bcd52ec0c86____c16_0____3_fair.csv;t_014c2259cce4ab13____c12_0____3__t_014c2259cce4ab13____c3_1____0_fair.csv;t_285b3bcd52ec0c86____c4_1____1.csv;t_014c2259cce4ab13____c12_0____1__t_014c2259cce4ab13____c3_1____0_fair.csv;t_014c2259cce4ab13____c2_0____2.csv,"{""needs_fairification"": true, ""success"": true, ""swaps_made"": 11, ""initial_fairness"": 0.0198, ""initial_delta"": 0.38, ""dominated_removed_count"": 151, ""dominance_candidate_pool_size"": 164, ""candidates_after_winnow"": 2}"
tusLarge3,nl,t_014c2259cce4ab13____c5_0____0_fair.csv,5,734,168,5,True,0.3155,0.2,0.0013623978201634877,0.006811989100817439,23.13580471277237,23.13580471277237,t_014c2259cce4ab13____c5_1____0.csv;t_014c2259cce4ab13____c6_1____0.csv;t_014c2259cce4ab13____c6_1____0__t_014c2259cce4ab13____c3_1____0_fair.csv;t_014c2259cce4ab13____c6_1____0__t_014c2259cce4ab13____c24_1____3_fair.csv;t_014c2259cce4ab13____c8_0____3__t_014c2259cce4ab13____c5_0____0_fair.csv,"{""needs_fairification"": true, ""success"": true, ""swaps_made"": 1, ""initial_fairness"": 0.0788, ""initial_delta"": 0.32, ""dominated_removed_count"": 148, ""dominance_candidate_pool_size"": 163, ""candidates_after_winnow"": 14}"
tusLarge3,nl,t_014c2259cce4ab13____c5_0____0_fair.csv,10,734,168,10,True,0.3444,0.5,0.006811989100817439,0.013623978201634877,36.10967206954956,36.10967206954956,t_014c2259cce4ab13____c8_0____2.csv;t_014c2259cce4ab13____c6_1____4__t_014c2259cce4ab13____c3_1____0_fair.csv;t_014c2259cce4ab13____c8_0____0__t_014c2259cce4ab13____c5_0____0_fair.csv;t_014c2259cce4ab13____c8_0____3__t_014c2259cce4ab13____c5_0____0_fair.csv;t_014c2259cce4ab13____c5_0____1__t_014c2259cce4ab13____c5_0____0_fair.csv;t_014c2259cce4ab13____c8_0____1__t_014c2259cce4ab13____c5_0____0_fair.csv;t_bd6030667b3d0d9a____c3_1____3__t_bd6030667b3d0d9a____c5_0____4_fair.csv;t_bd6030667b3d0d9a____c3_1____4__t_bd6030667b3d0d9a____c5_0____4_fair.csv;t_bd6030667b3d0d9a____c3_1____3.csv;t_014c2259cce4ab13____c2_0____2.csv,"{""needs_fairification"": true, ""success"": true, ""swaps_made"": 8, ""initial_fairness"": 0.013, ""initial_delta"": 0.39, ""dominated_removed_count"": 145, ""dominance_candidate_pool_size"": 158, ""candidates_after_winnow"": 5}"
tusLarge3,nl,t_014c2259cce4ab13____c5_0____0_fair.csv,20,734,168,20,True,0.3221,0.35,0.009536784741144414,0.027247956403269755,80.2354645729065,80.2354645729065,t_014c2259cce4ab13____c6_1____0.csv;t_014c2259cce4ab13____c6_1____0__t_014c2259cce4ab13____c3_1____0_fair.csv;t_014c2259cce4ab13____c6_1____0__t_014c2259cce4ab13____c24_1____3_fair.csv;t_014c2259cce4ab13____c5_0____4.csv;t_014c2259cce4ab13____c5_1____4__t_014c2259cce4ab13____c17_1____1_fair.csv;t_014c2259cce4ab13____c5_0____2__t_014c2259cce4ab13____c5_0____0_fair.csv;t_014c2259cce4ab13____c5_0____1.csv;t_014c2259cce4ab13____c5_1____2.csv;t_014c2259cce4ab13____c6_1____4.csv;t_014c2259cce4ab13____c8_0____0__t_014c2259cce4ab13____c5_0____0_fair.csv;t_014c2259cce4ab13____c5_1____4.csv;t_014c2259cce4ab13____c8_0____3__t_014c2259cce4ab13____c5_0____0_fair.csv;t_014c2259cce4ab13____c5_0____1__t_014c2259cce4ab13____c5_0____0_fair.csv;t_014c2259cce4ab13____c8_0____1__t_014c2259cce4ab13____c5_0____0_fair.csv;t_bd6030667b3d0d9a____c6_0____1__t_bd6030667b3d0d9a____c5_0____4_fair.csv;t_bd6030667b3d0d9a____c4_1____4.csv;t_bd6030667b3d0d9a____c3_1____3__t_bd6030667b3d0d9a____c5_0____4_fair.csv;t_bd6030667b3d0d9a____c3_1____4__t_bd6030667b3d0d9a____c5_0____4_fair.csv;t_bd6030667b3d0d9a____c3_1____3.csv;t_014c2259cce4ab13____c2_0____2.csv,"{""needs_fairification"": true, ""success"": true, ""swaps_made"": 10, ""initial_fairness"": 0.0593, ""initial_delta"": 0.34, ""dominated_removed_count"": 136, ""dominance_candidate_pool_size"": 148, ""candidates_after_winnow"": 2}"
tusLarge3,nl,PED_SK_DTL_SNF____c23_0____0_fair.csv,5,710,52,5,True,0.2965,1.0,0.007042253521126761,0.007042253521126761,105.5734035372734,105.5734035372734,PED_SK_DTL_SNF____c22_1____0__PED_SK_DTL_SNF____c23_0____0_fair.csv;PED_SK_DTL_SNF____c22_1____0__PED_SK_DTL_SNF____c18_0____2_fair.csv;PED_SK_DTL_SNF____c22_1____0__PED_SK_DTL_SNF____c16_0____0_fair.csv;PED_SK_DTL_SNF____c22_0____0__PED_SK_DTL_SNF____c23_0____0_fair.csv;PED_SK_DTL_SNF____c22_0____2__PED_SK_DTL_SNF____c23_0____0_fair.csv,"{""needs_fairification"": true, ""success"": true, ""swaps_made"": 2, ""initial_fairness"": 0.1775, ""initial_delta"": 0.22, ""dominated_removed_count"": 42, ""dominance_candidate_pool_size"": 47, ""candidates_after_winnow"": 3}"
tusLarge3,nl,PED_SK_DTL_SNF____c23_0____0_fair.csv,10,710,52,10,False,0.2046,0.9,0.01267605633802817,0.014084507042253521,210.34889245033264,210.34889245033264,PED_SK_DTL_SNF____c22_1____0__PED_SK_DTL_SNF____c23_0____0_fair.csv;PED_SK_DTL_SNF____c22_1____0__PED_SK_DTL_SNF____c18_0____2_fair.csv;PED_SK_DTL_SNF____c22_1____0__PED_SK_DTL_SNF____c16_0____0_fair.csv;PED_SK_DTL_SNF____c22_1____0__PED_SK_DTL_SNF____c12_0____3_fair.csv;PED_SK_DTL_SNF____c22_1____0.csv;PED_SK_DTL_SNF____c22_1____0__PED_SK_DTL_SNF____c14_1____4_fair.csv;PED_SK_DTL_SNF____c22_0____0__PED_SK_DTL_SNF____c23_0____0_fair.csv;PED_YT_DTL_SNF____c22_0____1.csv;PED_SK_DTL_SNF____c22_0____2.csv;PED_SK_DTL_SNF____c22_0____2__PED_SK_DTL_SNF____c23_0____0_fair.csv,"{""needs_fairification"": true, ""success"": false, ""swaps_made"": 5, ""initial_fairness"": 0.0593, ""initial_delta"": 0.34, ""dominated_removed_count"": 35, ""dominance_candidate_pool_size"": 42, ""candidates_after_winnow"": 2}"
tusLarge3,nl,PED_SK_DTL_SNF____c23_0____0_fair.csv,20,710,52,20,False,0.0576,0.65,0.018309859154929577,0.028169014084507043,425.0809722542763,425.0809722542763,PED_SK_DTL_SNF____c22_1____0__PED_SK_DTL_SNF____c23_0____0_fair.csv;PED_SK_DTL_SNF____c22_1____0__PED_SK_DTL_SNF____c19_0____0_fair.csv;PED_SK_DTL_SNF____c22_1____0__PED_SK_DTL_SNF____c18_0____2_fair.csv;PED_SK_DTL_SNF____c22_1____0__PED_SK_DTL_SNF____c16_0____0_fair.csv;PED_SK_DTL_SNF____c22_1____0__PED_SK_DTL_SNF____c12_0____3_fair.csv;PED_SK_DTL_SNF____c22_1____0.csv;t_e9efd5cda78af711____c23_0____2__t_e9efd5cda78af711____c5_0____3_fair.csv;t_e9efd5cda78af711____c23_0____2__t_e9efd5cda78af711____c18_0____0_fair.csv;t_e9efd5cda78af711____c23_0____2__t_e9efd5cda78af711____c13_0____3_fair.csv;t_e9efd5cda78af711____c23_1____2__t_e9efd5cda78af711____c6_0____3_fair.csv;t_e9efd5cda78af711____c23_1____2__t_e9efd5cda78af711____c5_0____3_fair.csv;t_e9efd5cda78af711____c23_1____2__t_e9efd5cda78af711____c18_0____0_fair.csv;t_e9efd5cda78af711____c23_1____2__t_e9efd5cda78af711____c13_0____3_fair.csv;PED_SK_DTL_SNF____c22_1____0__PED_SK_DTL_SNF____c14_1____4_fair.csv;PED_SK_DTL_SNF____c22_0____0__PED_SK_DTL_SNF____c14_1____4_fair.csv;PED_SK_DTL_SNF____c22_0____0__PED_SK_DTL_SNF____c9_0____3_fair.csv;PED_SK_DTL_SNF____c22_0____0__PED_SK_DTL_SNF____c3_1____2_fair.csv;PED_SK_DTL_SNF____c22_0____0__PED_SK_DTL_SNF____c23_0____0_fair.csv;PED_SK_DTL_SNF____c22_0____0__PED_SK_DTL_SNF____c19_0____0_fair.csv;PED_SK_DTL_SNF____c22_0____2__PED_SK_DTL_SNF____c23_0____0_fair.csv,"{""needs_fairification"": true, ""success"": false, ""swaps_made"": 2, ""initial_fairness"": 0.0421, ""initial_delta"": 0.36, ""dominated_removed_count"": 27, ""dominance_candidate_pool_size"": 32, ""candidates_after_winnow"": 3}"
tusLarge3,nl,t_03e347c6a1b6918b____c14_0____4_fair.csv,5,969,81,5,False,0.0755,1.0,0.005159958720330237,0.005159958720330237,67.65144068002701,67.65144068002701,t_03e347c6a1b6918b____c14_0____3__t_03e347c6a1b6918b____c4_1____3_fair.csv;t_03e347c6a1b6918b____c14_0____3__t_03e347c6a1b6918b____c4_1____2_fair.csv;t_03e347c6a1b6918b____c14_0____2__t_03e347c6a1b6918b____c14_0____4_fair.csv;t_03e347c6a1b6918b____c14_0____3__t_03e347c6a1b6918b____c18_1____4_fair.csv;t_03e347c6a1b6918b____c14_0____3.csv,"{""needs_fairification"": true, ""success"": false, ""swaps_made"": 1, ""initial_fairness"": 0.0721, ""initial_delta"": 0.33, ""dominated_removed_count"": 71, ""dominance_candidate_pool_size"": 76, ""candidates_after_winnow"": 4}"
tusLarge3,nl,t_03e347c6a1b6918b____c14_0____4_fair.csv,10,969,81,10,False,0.0361,1.0,0.010319917440660475,0.010319917440660475,135.45239239931107,135.45239239931107,t_03e347c6a1b6918b____c14_0____2__t_03e347c6a1b6918b____c18_1____4_fair.csv;t_03e347c6a1b6918b____c14_0____3__t_03e347c6a1b6918b____c4_1____3_fair.csv;t_03e347c6a1b6918b____c14_0____3__t_03e347c6a1b6918b____c4_1____2_fair.csv;t_03e347c6a1b6918b____c14_0____2__t_03e347c6a1b6918b____c14_0____4_fair.csv;t_03e347c6a1b6918b____c14_0____3__t_03e347c6a1b6918b____c18_1____4_fair.csv;t_03e347c6a1b6918b____c14_0____3__t_03e347c6a1b6918b____c6_0____1_fair.csv;t_03e347c6a1b6918b____c14_0____3__t_03e347c6a1b6918b____c2_0____1_fair.csv;t_03e347c6a1b6918b____c14_0____3__t_03e347c6a1b6918b____c19_0____1_fair.csv;t_03e347c6a1b6918b____c14_0____3__t_03e347c6a1b6918b____c16_1____4_fair.csv;t_03e347c6a1b6918b____c16_1____3__t_03e347c6a1b6918b____c20_1____0_fair.csv,"{""needs_fairification"": true, ""success"": false, ""swaps_made"": 0, ""initial_fairness"": 0.0361, ""initial_delta"": 0.36, ""dominated_removed_count"": 66, ""dominance_candidate_pool_size"": 71, ""candidates_after_winnow"": 5}"
tusLarge3,nl,t_03e347c6a1b6918b____c14_0____4_fair.csv,20,969,81,20,False,0.0175,1.0,0.02063983488132095,0.02063983488132095,270.2018586397171,270.2018586397171,t_03e347c6a1b6918b____c14_0____2__t_03e347c6a1b6918b____c18_1____4_fair.csv;t_03e347c6a1b6918b____c14_0____3__t_03e347c6a1b6918b____c4_1____3_fair.csv;t_03e347c6a1b6918b____c14_0____3__t_03e347c6a1b6918b____c4_1____2_fair.csv;t_03e347c6a1b6918b____c14_0____2__t_03e347c6a1b6918b____c14_0____4_fair.csv;t_03e347c6a1b6918b____c14_0____3__t_03e347c6a1b6918b____c18_1____4_fair.csv;t_03e347c6a1b6918b____c14_0____3__t_03e347c6a1b6918b____c6_0____1_fair.csv;t_03e347c6a1b6918b____c14_0____3__t_03e347c6a1b6918b____c2_0____1_fair.csv;t_03e347c6a1b6918b____c14_0____3__t_03e347c6a1b6918b____c19_0____1_fair.csv;t_03e347c6a1b6918b____c14_0____3__t_03e347c6a1b6918b____c16_1____4_fair.csv;t_03e347c6a1b6918b____c16_1____3__t_03e347c6a1b6918b____c20_1____0_fair.csv;t_03e347c6a1b6918b____c14_0____3__t_03e347c6a1b6918b____c20_1____0_fair.csv;t_03e347c6a1b6918b____c16_1____3.csv;t_03e347c6a1b6918b____c14_0____3__t_03e347c6a1b6918b____c8_1____4_fair.csv;t_03e347c6a1b6918b____c14_0____3__t_03e347c6a1b6918b____c14_0____4_fair.csv;t_03e347c6a1b6918b____c14_0____2.csv;t_03e347c6a1b6918b____c16_1____3__t_03e347c6a1b6918b____c8_1____4_fair.csv;t_03e347c6a1b6918b____c16_1____3__t_03e347c6a1b6918b____c6_0____1_fair.csv;t_03e347c6a1b6918b____c16_1____3__t_03e347c6a1b6918b____c4_1____3_fair.csv;t_03e347c6a1b6918b____c16_1____3__t_03e347c6a1b6918b____c4_1____2_fair.csv;t_03e347c6a1b6918b____c16_1____3__t_03e347c6a1b6918b____c2_0____1_fair.csv,"{""needs_fairification"": true, ""success"": false, ""swaps_made"": 0, ""initial_fairness"": 0.0175, ""initial_delta"": 0.38, ""dominated_removed_count"": 56, ""dominance_candidate_pool_size"": 61, ""candidates_after_winnow"": 5}"
tusLarge3,nl,t_014c2259cce4ab13____c17_1____1_fair.csv,5,772,71,5,True,0.3234,0.0,0.0,0.006476683937823834,74.35649818181992,74.35649818181992,t_014c2259cce4ab13____c17_0____3__t_014c2259cce4ab13____c3_1____0_fair.csv;t_014c2259cce4ab13____c17_0____3__t_014c2259cce4ab13____c24_1____3_fair.csv;t_014c2259cce4ab13____c17_0____3__t_014c2259cce4ab13____c20_0____0_fair.csv;t_014c2259cce4ab13____c17_0____3.csv;t_014c2259cce4ab13____c11_0____1__t_014c2259cce4ab13____c5_0____0_fair.csv,"{""needs_fairification"": true, ""success"": true, ""swaps_made"": 1, ""initial_fairness"": 0.1149, ""initial_delta"": 0.29, ""dominated_removed_count"": 56, ""dominance_candidate_pool_size"": 66, ""candidates_after_winnow"": 9}"
tusLarge3,nl,t_014c2259cce4ab13____c17_1____1_fair.csv,10,772,71,10,True,0.3027,0.2,0.0025906735751295338,0.012953367875647668,142.98895198106766,142.98895198106766,t_014c2259cce4ab13____c17_0____3__t_014c2259cce4ab13____c20_0____0_fair.csv;t_014c2259cce4ab13____c17_0____3.csv;t_014c2259cce4ab13____c16_0____3__t_014c2259cce4ab13____c27_0____4_fair.csv;t_014c2259cce4ab13____c16_0____3__t_014c2259cce4ab13____c24_1____3_fair.csv;t_014c2259cce4ab13____c16_0____3__t_014c2259cce4ab13____c20_0____0_fair.csv;t_014c2259cce4ab13____c16_1____1__t_014c2259cce4ab13____c5_0____0_fair.csv;t_014c2259cce4ab13____c16_1____1__t_014c2259cce4ab13____c3_1____0_fair.csv;t_014c2259cce4ab13____c14_1____0__t_014c2259cce4ab13____c3_1____0_fair.csv;t_014c2259cce4ab13____c14_1____0__t_014c2259cce4ab13____c24_1____3_fair.csv;t_014c2259cce4ab13____c11_0____1__t_014c2259cce4ab13____c5_0____0_fair.csv,"{""needs_fairification"": true, ""success"": true, ""swaps_made"": 3, ""initial_fairness"": 0.0481, ""initial_delta"": 0.35, ""dominated_removed_count"": 52, ""dominance_candidate_pool_size"": 61, ""candidates_after_winnow"": 6}"
tusLarge3,nl,t_014c2259cce4ab13____c17_1____1_fair.csv,20,772,71,20,False,0.1786,0.6,0.015544041450777202,0.025906735751295335,285.4147102832794,285.4147102832794,t_014c2259cce4ab13____c17_0____3.csv;t_014c2259cce4ab13____c16_0____3__t_014c2259cce4ab13____c27_0____4_fair.csv;t_014c2259cce4ab13____c16_0____3__t_014c2259cce4ab13____c24_1____3_fair.csv;t_014c2259cce4ab13____c16_0____3__t_014c2259cce4ab13____c20_0____0_fair.csv;t_014c2259cce4ab13____c16_1____1__t_014c2259cce4ab13____c5_0____0_fair.csv;t_014c2259cce4ab13____c16_1____1__t_014c2259cce4ab13____c3_1____0_fair.csv;t_014c2259cce4ab13____c16_1____1__t_014c2259cce4ab13____c27_0____4_fair.csv;t_014c2259cce4ab13____c16_1____1__t_014c2259cce4ab13____c20_0____0_fair.csv;t_014c2259cce4ab13____c16_1____1__t_014c2259cce4ab13____c17_1____1_fair.csv;t_014c2259cce4ab13____c15_0____1__t_014c2259cce4ab13____c5_0____0_fair.csv;t_014c2259cce4ab13____c15_0____1__t_014c2259cce4ab13____c3_1____0_fair.csv;t_014c2259cce4ab13____c15_0____1__t_014c2259cce4ab13____c24_1____3_fair.csv;t_014c2259cce4ab13____c15_0____1__t_014c2259cce4ab13____c17_1____1_fair.csv;t_014c2259cce4ab13____c15_1____1__t_014c2259cce4ab13____c5_0____0_fair.csv;t_014c2259cce4ab13____c15_1____1__t_014c2259cce4ab13____c3_1____0_fair.csv;t_014c2259cce4ab13____c15_1____1__t_014c2259cce4ab13____c27_0____4_fair.csv;t_014c2259cce4ab13____c14_1____0__t_014c2259cce4ab13____c3_1____0_fair.csv;t_014c2259cce4ab13____c14_1____0__t_014c2259cce4ab13____c24_1____3_fair.csv;t_014c2259cce4ab13____c14_1____0.csv;t_014c2259cce4ab13____c11_0____1__t_014c2259cce4ab13____c5_0____0_fair.csv,"{""needs_fairification"": true, ""success"": false, ""swaps_made"": 4, ""initial_fairness"": 0.0228, ""initial_delta"": 0.38, ""dominated_removed_count"": 43, ""dominance_candidate_pool_size"": 51, ""candidates_after_winnow"": 4}"
tusLarge3,nl,PED_YT_DTL_SNF____c22_0____2_fair.csv,5,275,48,5,True,0.3237,1.0,0.01818181818181818,0.01818181818181818,106.80081290006638,106.80081290006638,PED_YT_DTL_SNF____c23_0____2__PED_YT_DTL_SNF____c22_0____2_fair.csv;PED_YT_DTL_SNF____c23_0____2__PED_YT_DTL_SNF____c19_1____0_fair.csv;PED_YT_DTL_SNF____c23_0____2__PED_YT_DTL_SNF____c18_1____1_fair.csv;PED_YT_DTL_SNF____c23_0____2.csv;PED_YT_DTL_SNF____c24_1____2__PED_YT_DTL_SNF____c22_0____2_fair.csv,"{""needs_fairification"": false, ""success"": true, ""swaps_made"": 0, ""initial_fairness"": 0.3237, ""initial_delta"": 0.08}"
tusLarge3,nl,PED_YT_DTL_SNF____c22_0____2_fair.csv,10,275,48,10,True,0.2976,1.0,0.03636363636363636,0.03636363636363636,212.09903693199158,212.09903693199158,PED_YT_DTL_SNF____c23_0____2__PED_YT_DTL_SNF____c22_0____2_fair.csv;PED_YT_DTL_SNF____c23_0____2.csv;PED_YT_DTL_SNF____c24_1____2__PED_YT_DTL_SNF____c22_0____2_fair.csv;PED_YT_DTL_SNF____c24_1____2__PED_YT_DTL_SNF____c18_1____1_fair.csv;PED_YT_DTL_SNF____c24_1____2.csv;PED_YT_DTL_SNF____c24_0____2__PED_YT_DTL_SNF____c22_0____2_fair.csv;PED_YT_DTL_SNF____c24_0____2.csv;PED_YT_DTL_SNF____c25_1____2__PED_YT_DTL_SNF____c22_0____2_fair.csv;PED_YT_DTL_SNF____c25_1____2.csv;PED_YT_DTL_SNF____c25_0____2__PED_YT_DTL_SNF____c22_0____2_fair.csv,"{""needs_fairification"": true, ""success"": true, ""swaps_made"": 3, ""initial_fairness"": 0.2418, ""initial_delta"": 0.16, ""dominated_removed_count"": 34, ""dominance_candidate_pool_size"": 38, ""candidates_after_winnow"": 1}"
tusLarge3,nl,PED_YT_DTL_SNF____c22_0____2_fair.csv,20,275,48,20,False,0.2506,0.85,0.06181818181818182,0.07272727272727272,422.58855777978897,422.58855777978897,PED_YT_DTL_SNF____c23_0____2__PED_YT_DTL_SNF____c22_0____2_fair.csv;PED_YT_DTL_SNF____c23_0____2__PED_YT_DTL_SNF____c18_1____1_fair.csv;PED_YT_DTL_SNF____c23_0____2.csv;PED_YT_DTL_SNF____c24_1____2__PED_YT_DTL_SNF____c22_0____2_fair.csv;PED_YT_DTL_SNF____c24_1____2__PED_YT_DTL_SNF____c19_1____0_fair.csv;PED_YT_DTL_SNF____c24_1____2__PED_YT_DTL_SNF____c18_1____1_fair.csv;PED_YT_DTL_SNF____c24_1____2.csv;PED_YT_DTL_SNF____c24_0____2__PED_YT_DTL_SNF____c19_1____0_fair.csv;PED_YT_DTL_SNF____c25_1____2__PED_YT_DTL_SNF____c22_0____2_fair.csv;PED_YT_DTL_SNF____c25_1____2__PED_YT_DTL_SNF____c18_1____1_fair.csv;PED_YT_DTL_SNF____c25_1____2.csv;PED_YT_DTL_SNF____c25_0____2__PED_YT_DTL_SNF____c22_0____2_fair.csv;PED_YT_DTL_SNF____c25_0____2.csv;PED_YT_DTL_SNF____c22_1____2__PED_YT_DTL_SNF____c19_1____0_fair.csv;PED_YT_DTL_SNF____c22_1____2__PED_YT_DTL_SNF____c18_1____1_fair.csv;PED_YT_DTL_SNF____c22_1____2.csv;PED_YT_DTL_SNF____c23_1____2__PED_YT_DTL_SNF____c22_0____2_fair.csv;PED_YT_DTL_SNF____c23_1____2__PED_YT_DTL_SNF____c18_1____1_fair.csv;PED_YT_DTL_SNF____c23_1____2.csv;PED_YT_DTL_SNF____c25_0____2__PED_YT_DTL_SNF____c18_1____1_fair.csv,"{""needs_fairification"": true, ""success"": false, ""swaps_made"": 3, ""initial_fairness"": 0.2192, ""initial_delta"": 0.18, ""dominated_removed_count"": 25, ""dominance_candidate_pool_size"": 28, ""candidates_after_winnow"": 0}"
tusLarge3,nl,t_03e347c6a1b6918b____c2_0____1_fair.csv,5,985,173,5,False,0.0,1.0,0.005076142131979695,0.005076142131979695,9.566284596920013,9.566284596920013,t_03e347c6a1b6918b____c2_0____2.csv;t_03e347c6a1b6918b____c2_0____2__t_03e347c6a1b6918b____c2_0____1_fair.csv;t_03e347c6a1b6918b____c2_0____2__t_03e347c6a1b6918b____c6_0____1_fair.csv;t_03e347c6a1b6918b____c2_0____0__t_03e347c6a1b6918b____c2_0____1_fair.csv;t_03e347c6a1b6918b____c2_0____0__t_03e347c6a1b6918b____c6_0____1_fair.csv,"{""needs_fairification"": true, ""success"": false, ""swaps_made"": 0, ""initial_fairness"": 0.0, ""initial_delta"": 0.4, ""dominated_removed_count"": 164, ""dominance_candidate_pool_size"": 168, ""candidates_after_winnow"": 4}"
tusLarge3,nl,t_03e347c6a1b6918b____c2_0____1_fair.csv,10,985,173,10,False,0.0,1.0,0.01015228426395939,0.01015228426395939,18.960160851478577,18.960160851478577,t_03e347c6a1b6918b____c2_0____2.csv;t_03e347c6a1b6918b____c2_0____2__t_03e347c6a1b6918b____c2_0____1_fair.csv;t_03e347c6a1b6918b____c2_0____2__t_03e347c6a1b6918b____c6_0____1_fair.csv;t_03e347c6a1b6918b____c2_0____0__t_03e347c6a1b6918b____c2_0____1_fair.csv;t_03e347c6a1b6918b____c2_0____0__t_03e347c6a1b6918b____c6_0____1_fair.csv;t_03e347c6a1b6918b____c2_0____3.csv;t_03e347c6a1b6918b____c2_0____3__t_03e347c6a1b6918b____c6_0____1_fair.csv;t_03e347c6a1b6918b____c2_0____3__t_03e347c6a1b6918b____c2_0____1_fair.csv;t_03e347c6a1b6918b____c2_0____0.csv;t_03e347c6a1b6918b____c2_0____4__t_03e347c6a1b6918b____c2_0____1_fair.csv,"{""needs_fairification"": true, ""success"": false, ""swaps_made"": 0, ""initial_fairness"": 0.0, ""initial_delta"": 0.4, ""dominated_removed_count"": 158, ""dominance_candidate_pool_size"": 163, ""candidates_after_winnow"": 5}"
tusLarge3,nl,t_03e347c6a1b6918b____c2_0____1_fair.csv,20,985,173,20,False,0.0,0.6,0.012182741116751269,0.02030456852791878,35.93601131439209,35.93601131439209,t_03e347c6a1b6918b____c2_0____2.csv;t_03e347c6a1b6918b____c2_0____2__t_03e347c6a1b6918b____c2_0____1_fair.csv;t_03e347c6a1b6918b____c2_0____2__t_03e347c6a1b6918b____c6_0____1_fair.csv;t_03e347c6a1b6918b____c2_0____0__t_03e347c6a1b6918b____c2_0____1_fair.csv;t_03e347c6a1b6918b____c2_0____0__t_03e347c6a1b6918b____c6_0____1_fair.csv;t_03e347c6a1b6918b____c2_0____3.csv;t_03e347c6a1b6918b____c2_0____3__t_03e347c6a1b6918b____c6_0____1_fair.csv;t_03e347c6a1b6918b____c2_0____3__t_03e347c6a1b6918b____c2_0____1_fair.csv;t_03e347c6a1b6918b____c2_0____0.csv;t_03e347c6a1b6918b____c2_0____4__t_03e347c6a1b6918b____c2_0____1_fair.csv;t_03e347c6a1b6918b____c2_0____4__t_03e347c6a1b6918b____c6_0____1_fair.csv;t_03e347c6a1b6918b____c2_0____4.csv;t_1d580f266b2a923b____c5_0____3__t_1d580f266b2a923b____c11_1____3_fair.csv;t_1d580f266b2a923b____c5_0____3__t_1d580f266b2a923b____c10_1____0_fair.csv;t_1d580f266b2a923b____c5_1____3.csv;t_1d580f266b2a923b____c5_0____0__t_1d580f266b2a923b____c11_1____3_fair.csv;t_1d580f266b2a923b____c5_0____0__t_1d580f266b2a923b____c10_1____0_fair.csv;t_1d580f266b2a923b____c5_0____0.csv;t_1d580f266b2a923b____c5_0____3.csv;t_1d580f266b2a923b____c5_1____1.csv,"{""needs_fairification"": true, ""success"": false, ""swaps_made"": 0, ""initial_fairness"": 0.0, ""initial_delta"": 0.4, ""dominated_removed_count"": 149, ""dominance_candidate_pool_size"": 153, ""candidates_after_winnow"": 4}"
tusLarge3,nl,t_03e347c6a1b6918b____c4_1____2_fair.csv,5,993,136,5,True,0.3007,1.0,0.005035246727089627,0.005035246727089627,19.58069944381714,19.58069944381714,t_03e347c6a1b6918b____c4_1____1__t_03e347c6a1b6918b____c4_1____3_fair.csv;t_03e347c6a1b6918b____c4_1____1__t_03e347c6a1b6918b____c4_1____2_fair.csv;t_03e347c6a1b6918b____c4_1____1__t_03e347c6a1b6918b____c16_1____4_fair.csv;t_03e347c6a1b6918b____c4_1____4__t_03e347c6a1b6918b____c4_1____3_fair.csv;t_03e347c6a1b6918b____c4_1____4__t_03e347c6a1b6918b____c4_1____2_fair.csv,"{""needs_fairification"": false, ""success"": true, ""swaps_made"": 0, ""initial_fairness"": 0.3007, ""initial_delta"": 0.1}"
tusLarge3,nl,t_03e347c6a1b6918b____c4_1____2_fair.csv,10,993,136,10,False,0.2755,1.0,0.010070493454179255,0.010070493454179255,35.94617563486099,35.94617563486099,t_03e347c6a1b6918b____c4_1____1__t_03e347c6a1b6918b____c4_1____2_fair.csv;t_03e347c6a1b6918b____c4_1____1__t_03e347c6a1b6918b____c16_1____4_fair.csv;t_03e347c6a1b6918b____c4_1____4__t_03e347c6a1b6918b____c4_1____2_fair.csv;t_03e347c6a1b6918b____c4_1____4__t_03e347c6a1b6918b____c16_1____4_fair.csv;t_03e347c6a1b6918b____c4_1____4.csv;t_03e347c6a1b6918b____c4_1____1__t_03e347c6a1b6918b____c20_1____0_fair.csv;t_03e347c6a1b6918b____c4_1____1.csv;t_03e347c6a1b6918b____c4_1____0.csv;t_03e347c6a1b6918b____c9_0____4__t_03e347c6a1b6918b____c4_1____3_fair.csv;t_03e347c6a1b6918b____c3_1____4__t_03e347c6a1b6918b____c20_1____0_fair.csv,"{""needs_fairification"": true, ""success"": false, ""swaps_made"": 3, ""initial_fairness"": 0.2296, ""initial_delta"": 0.17, ""dominated_removed_count"": 121, ""dominance_candidate_pool_size"": 126, ""candidates_after_winnow"": 2}"
tusLarge3,nl,t_03e347c6a1b6918b____c4_1____2_fair.csv,20,993,136,20,False,0.1051,0.95,0.019133937562940583,0.02014098690835851,73.28634929656982,73.28634929656982,t_03e347c6a1b6918b____c4_1____1__t_03e347c6a1b6918b____c4_1____3_fair.csv;t_03e347c6a1b6918b____c4_1____1__t_03e347c6a1b6918b____c4_1____2_fair.csv;t_03e347c6a1b6918b____c4_1____1__t_03e347c6a1b6918b____c16_1____4_fair.csv;t_03e347c6a1b6918b____c4_1____4__t_03e347c6a1b6918b____c4_1____3_fair.csv;t_03e347c6a1b6918b____c4_1____4__t_03e347c6a1b6918b____c4_1____2_fair.csv;t_03e347c6a1b6918b____c4_1____4__t_03e347c6a1b6918b____c16_1____4_fair.csv;t_03e347c6a1b6918b____c4_1____4__t_03e347c6a1b6918b____c20_1____0_fair.csv;t_03e347c6a1b6918b____c4_1____4.csv;t_03e347c6a1b6918b____c4_1____1__t_03e347c6a1b6918b____c20_1____0_fair.csv;t_03e347c6a1b6918b____c4_1____1.csv;t_03e347c6a1b6918b____c4_1____0__t_03e347c6a1b6918b____c4_1____3_fair.csv;t_03e347c6a1b6918b____c4_1____0__t_03e347c6a1b6918b____c4_1____2_fair.csv;t_03e347c6a1b6918b____c4_1____0__t_03e347c6a1b6918b____c20_1____0_fair.csv;t_03e347c6a1b6918b____c4_1____0__t_03e347c6a1b6918b____c16_1____4_fair.csv;t_03e347c6a1b6918b____c4_1____0.csv;t_03e347c6a1b6918b____c9_1____4__t_03e347c6a1b6918b____c20_1____0_fair.csv;t_03e347c6a1b6918b____c6_1____4__t_03e347c6a1b6918b____c20_1____0_fair.csv;t_03e347c6a1b6918b____c6_1____4__t_03e347c6a1b6918b____c6_0____1_fair.csv;t_03e347c6a1b6918b____c11_1____1.csv;t_03e347c6a1b6918b____c6_1____4__t_03e347c6a1b6918b____c4_1____3_fair.csv,"{""needs_fairification"": true, ""success"": false, ""swaps_made"": 0, ""initial_fairness"": 0.1051, ""initial_delta"": 0.29, ""dominated_removed_count"": 111, ""dominance_candidate_pool_size"": 116, ""candidates_after_winnow"": 5}"
tusLarge3,nl,t_03e347c6a1b6918b____c4_1____3_fair.csv,5,993,122,5,True,0.3115,0.6,0.0030211480362537764,0.005035246727089627,18.197704255580902,18.197704255580902,t_03e347c6a1b6918b____c4_1____4__t_03e347c6a1b6918b____c4_1____3_fair.csv;t_03e347c6a1b6918b____c4_1____4__t_03e347c6a1b6918b____c20_1____0_fair.csv;t_03e347c6a1b6918b____c4_1____1__t_03e347c6a1b6918b____c4_1____3_fair.csv;t_03e347c6a1b6918b____c5_1____4.csv;t_03e347c6a1b6918b____c5_1____4__t_03e347c6a1b6918b____c18_1____4_fair.csv,"{""needs_fairification"": true, ""success"": true, ""swaps_made"": 3, ""initial_fairness"": 0.1898, ""initial_delta"": 0.21, ""dominated_removed_count"": 113, ""dominance_candidate_pool_size"": 117, ""candidates_after_winnow"": 1}"
tusLarge3,nl,t_03e347c6a1b6918b____c4_1____3_fair.csv,10,993,122,10,False,0.2151,0.5,0.005035246727089627,0.010070493454179255,35.981125593185425,35.981125593185425,t_03e347c6a1b6918b____c4_1____4__t_03e347c6a1b6918b____c4_1____3_fair.csv;t_03e347c6a1b6918b____c4_1____1__t_03e347c6a1b6918b____c4_1____3_fair.csv;t_03e347c6a1b6918b____c4_1____1__t_03e347c6a1b6918b____c4_1____2_fair.csv;t_03e347c6a1b6918b____c4_1____1__t_03e347c6a1b6918b____c16_1____4_fair.csv;t_03e347c6a1b6918b____c4_1____1__t_03e347c6a1b6918b____c20_1____0_fair.csv;t_03e347c6a1b6918b____c11_1____4__t_03e347c6a1b6918b____c18_1____4_fair.csv;t_03e347c6a1b6918b____c11_1____4__t_03e347c6a1b6918b____c14_0____4_fair.csv;t_03e347c6a1b6918b____c11_1____3__t_03e347c6a1b6918b____c18_1____4_fair.csv;t_03e347c6a1b6918b____c5_1____4.csv;t_03e347c6a1b6918b____c5_1____4__t_03e347c6a1b6918b____c18_1____4_fair.csv,"{""needs_fairification"": true, ""success"": false, ""swaps_made"": 5, ""initial_fairness"": 0.1665, ""initial_delta"": 0.23, ""dominated_removed_count"": 101, ""dominance_candidate_pool_size"": 112, ""candidates_after_winnow"": 6}"
tusLarge3,nl,t_03e347c6a1b6918b____c4_1____3_fair.csv,20,993,122,20,False,0.1356,0.7,0.014098690835850957,0.02014098690835851,73.35510069131851,73.35510069131851,t_03e347c6a1b6918b____c4_1____4__t_03e347c6a1b6918b____c4_1____3_fair.csv;t_03e347c6a1b6918b____c4_1____4__t_03e347c6a1b6918b____c16_1____4_fair.csv;t_03e347c6a1b6918b____c4_1____4.csv;t_03e347c6a1b6918b____c4_1____4__t_03e347c6a1b6918b____c20_1____0_fair.csv;t_03e347c6a1b6918b____c4_1____1.csv;t_03e347c6a1b6918b____c4_1____1__t_03e347c6a1b6918b____c4_1____3_fair.csv;t_03e347c6a1b6918b____c4_1____1__t_03e347c6a1b6918b____c16_1____4_fair.csv;t_03e347c6a1b6918b____c4_1____1__t_03e347c6a1b6918b____c20_1____0_fair.csv;t_03e347c6a1b6918b____c4_1____0__t_03e347c6a1b6918b____c4_1____3_fair.csv;t_03e347c6a1b6918b____c4_1____0__t_03e347c6a1b6918b____c4_1____2_fair.csv;t_03e347c6a1b6918b____c4_1____0__t_03e347c6a1b6918b____c20_1____0_fair.csv;t_03e347c6a1b6918b____c4_1____0__t_03e347c6a1b6918b____c16_1____4_fair.csv;t_03e347c6a1b6918b____c4_1____0.csv;t_03e347c6a1b6918b____c6_1____4__t_03e347c6a1b6918b____c18_1____4_fair.csv;t_03e347c6a1b6918b____c10_0____2.csv;t_03e347c6a1b6918b____c11_1____4__t_03e347c6a1b6918b____c18_1____4_fair.csv;t_03e347c6a1b6918b____c11_1____4__t_03e347c6a1b6918b____c14_0____4_fair.csv;t_03e347c6a1b6918b____c11_1____3__t_03e347c6a1b6918b____c18_1____4_fair.csv;t_03e347c6a1b6918b____c5_1____4.csv;t_03e347c6a1b6918b____c5_1____4__t_03e347c6a1b6918b____c18_1____4_fair.csv,"{""needs_fairification"": true, ""success"": false, ""swaps_made"": 6, ""initial_fairness"": 0.0788, ""initial_delta"": 0.32, ""dominated_removed_count"": 87, ""dominance_candidate_pool_size"": 102, ""candidates_after_winnow"": 9}"
tusLarge3,nl,t_03e347c6a1b6918b____c16_1____4_fair.csv,5,993,67,5,False,0.2812,0.6,0.0030211480362537764,0.005035246727089627,74.28137373924255,74.28137373924255,t_03e347c6a1b6918b____c16_0____4__t_03e347c6a1b6918b____c14_0____4_fair.csv;t_03e347c6a1b6918b____c16_0____4__t_03e347c6a1b6918b____c6_0____1_fair.csv;t_03e347c6a1b6918b____c21_0____3__t_03e347c6a1b6918b____c16_1____4_fair.csv;t_03e347c6a1b6918b____c15_0____4__t_03e347c6a1b6918b____c4_1____2_fair.csv;t_03e347c6a1b6918b____c15_0____4__t_03e347c6a1b6918b____c16_1____4_fair.csv,"{""needs_fairification"": true, ""success"": false, ""swaps_made"": 3, ""initial_fairness"": 0.0728, ""initial_delta"": 0.33, ""dominated_removed_count"": 58, ""dominance_candidate_pool_size"": 62, ""candidates_after_winnow"": 1}"
tusLarge3,nl,t_03e347c6a1b6918b____c16_1____4_fair.csv,10,993,67,10,False,0.1673,0.7,0.007049345417925478,0.010070493454179255,149.9739307165146,149.9739307165146,t_03e347c6a1b6918b____c16_0____4__t_03e347c6a1b6918b____c14_0____4_fair.csv;t_03e347c6a1b6918b____c16_0____4__t_03e347c6a1b6918b____c6_0____1_fair.csv;t_03e347c6a1b6918b____c16_0____4__t_03e347c6a1b6918b____c19_0____1_fair.csv;t_03e347c6a1b6918b____c21_0____3__t_03e347c6a1b6918b____c8_1____4_fair.csv;t_03e347c6a1b6918b____c21_0____3__t_03e347c6a1b6918b____c6_0____1_fair.csv;t_03e347c6a1b6918b____c21_0____3__t_03e347c6a1b6918b____c4_1____3_fair.csv;t_03e347c6a1b6918b____c21_0____3__t_03e347c6a1b6918b____c2_0____1_fair.csv;t_03e347c6a1b6918b____c21_0____3__t_03e347c6a1b6918b____c16_1____4_fair.csv;t_03e347c6a1b6918b____c15_0____4__t_03e347c6a1b6918b____c4_1____2_fair.csv;t_03e347c6a1b6918b____c15_0____4__t_03e347c6a1b6918b____c16_1____4_fair.csv,"{""needs_fairification"": true, ""success"": false, ""swaps_made"": 3, ""initial_fairness"": 0.0548, ""initial_delta"": 0.35, ""dominated_removed_count"": 54, ""dominance_candidate_pool_size"": 57, ""candidates_after_winnow"": 0}"
tusLarge3,nl,t_03e347c6a1b6918b____c16_1____4_fair.csv,20,993,67,20,False,0.1161,0.8,0.016112789526686808,0.02014098690835851,301.0046842098236,301.0046842098236,t_03e347c6a1b6918b____c16_0____4__t_03e347c6a1b6918b____c18_1____4_fair.csv;t_03e347c6a1b6918b____c16_0____4__t_03e347c6a1b6918b____c6_0____1_fair.csv;t_03e347c6a1b6918b____c16_0____4__t_03e347c6a1b6918b____c19_0____1_fair.csv;t_03e347c6a1b6918b____c21_0____3__t_03e347c6a1b6918b____c8_1____4_fair.csv;t_03e347c6a1b6918b____c21_0____3__t_03e347c6a1b6918b____c6_0____1_fair.csv;t_03e347c6a1b6918b____c21_0____3__t_03e347c6a1b6918b____c4_1____3_fair.csv;t_03e347c6a1b6918b____c21_0____3__t_03e347c6a1b6918b____c2_0____1_fair.csv;t_03e347c6a1b6918b____c21_0____3__t_03e347c6a1b6918b____c20_1____0_fair.csv;t_03e347c6a1b6918b____c21_0____3__t_03e347c6a1b6918b____c19_0____1_fair.csv;t_03e347c6a1b6918b____c21_0____3__t_03e347c6a1b6918b____c16_1____4_fair.csv;t_03e347c6a1b6918b____c21_0____3__t_03e347c6a1b6918b____c4_1____2_fair.csv;t_03e347c6a1b6918b____c16_0____4.csv;t_03e347c6a1b6918b____c20_0____3__t_03e347c6a1b6918b____c8_1____4_fair.csv;t_03e347c6a1b6918b____c20_0____3__t_03e347c6a1b6918b____c4_1____2_fair.csv;t_03e347c6a1b6918b____c17_1____1__t_03e347c6a1b6918b____c20_1____0_fair.csv;t_03e347c6a1b6918b____c17_1____1__t_03e347c6a1b6918b____c8_1____4_fair.csv;t_03e347c6a1b6918b____c17_1____1__t_03e347c6a1b6918b____c6_0____1_fair.csv;t_03e347c6a1b6918b____c17_1____1.csv;t_03e347c6a1b6918b____c15_0____4__t_03e347c6a1b6918b____c4_1____2_fair.csv;t_03e347c6a1b6918b____c15_0____4__t_03e347c6a1b6918b____c16_1____4_fair.csv,"{""needs_fairification"": true, ""success"": false, ""swaps_made"": 3, ""initial_fairness"": 0.0726, ""initial_delta"": 0.33, ""dominated_removed_count"": 41, ""dominance_candidate_pool_size"": 47, ""candidates_after_winnow"": 3}"
tusLarge3,nl,t_03e347c6a1b6918b____c6_0____1_fair.csv,5,985,111,5,False,0.0,1.0,0.005076142131979695,0.005076142131979695,28.052294313907623,28.052294313907623,t_03e347c6a1b6918b____c6_0____2.csv;t_03e347c6a1b6918b____c6_0____4__t_03e347c6a1b6918b____c2_0____1_fair.csv;t_03e347c6a1b6918b____c6_0____2__t_03e347c6a1b6918b____c8_1____4_fair.csv;t_03e347c6a1b6918b____c6_0____2__t_03e347c6a1b6918b____c2_0____1_fair.csv;t_03e347c6a1b6918b____c6_0____3.csv,"{""needs_fairification"": true, ""success"": false, ""swaps_made"": 0, ""initial_fairness"": 0.0, ""initial_delta"": 0.4, ""dominated_removed_count"": 100, ""dominance_candidate_pool_size"": 106, ""candidates_after_winnow"": 6}"
tusLarge3,nl,t_03e347c6a1b6918b____c6_0____1_fair.csv,10,985,111,10,False,0.0,1.0,0.01015228426395939,0.01015228426395939,55.41797935962677,55.41797935962677,t_03e347c6a1b6918b____c6_0____2.csv;t_03e347c6a1b6918b____c6_0____4__t_03e347c6a1b6918b____c2_0____1_fair.csv;t_03e347c6a1b6918b____c6_0____2__t_03e347c6a1b6918b____c8_1____4_fair.csv;t_03e347c6a1b6918b____c6_0____2__t_03e347c6a1b6918b____c2_0____1_fair.csv;t_03e347c6a1b6918b____c6_0____3.csv;t_03e347c6a1b6918b____c9_1____2__t_03e347c6a1b6918b____c6_0____1_fair.csv;t_03e347c6a1b6918b____c6_0____4__t_03e347c6a1b6918b____c6_0____1_fair.csv;t_03e347c6a1b6918b____c6_0____4.csv;t_03e347c6a1b6918b____c6_0____4__t_03e347c6a1b6918b____c8_1____4_fair.csv;t_03e347c6a1b6918b____c6_0____3__t_03e347c6a1b6918b____c6_0____1_fair.csv,"{""needs_fairification"": true, ""success"": false, ""swaps_made"": 0, ""initial_fairness"": 0.0, ""initial_delta"": 0.4, ""dominated_removed_count"": 96, ""dominance_candidate_pool_size"": 101, ""candidates_after_winnow"": 5}"
tusLarge3,nl,t_03e347c6a1b6918b____c6_0____1_fair.csv,20,985,111,20,False,0.0,1.0,0.02030456852791878,0.02030456852791878,109.33508521318436,109.33508521318436,t_03e347c6a1b6918b____c6_0____2.csv;t_03e347c6a1b6918b____c6_0____4__t_03e347c6a1b6918b____c2_0____1_fair.csv;t_03e347c6a1b6918b____c6_0____2__t_03e347c6a1b6918b____c8_1____4_fair.csv;t_03e347c6a1b6918b____c6_0____2__t_03e347c6a1b6918b____c2_0____1_fair.csv;t_03e347c6a1b6918b____c6_0____3.csv;t_03e347c6a1b6918b____c9_1____2__t_03e347c6a1b6918b____c6_0____1_fair.csv;t_03e347c6a1b6918b____c6_0____4__t_03e347c6a1b6918b____c6_0____1_fair.csv;t_03e347c6a1b6918b____c6_0____4.csv;t_03e347c6a1b6918b____c6_0____4__t_03e347c6a1b6918b____c8_1____4_fair.csv;t_03e347c6a1b6918b____c6_0____3__t_03e347c6a1b6918b____c6_0____1_fair.csv;t_03e347c6a1b6918b____c6_0____3__t_03e347c6a1b6918b____c8_1____4_fair.csv;t_03e347c6a1b6918b____c6_0____3__t_03e347c6a1b6918b____c2_0____1_fair.csv;t_03e347c6a1b6918b____c9_1____2.csv;t_03e347c6a1b6918b____c13_1____2__t_03e347c6a1b6918b____c4_1____3_fair.csv;t_03e347c6a1b6918b____c13_1____2__t_03e347c6a1b6918b____c4_1____2_fair.csv;t_03e347c6a1b6918b____c13_1____2__t_03e347c6a1b6918b____c2_0____1_fair.csv;t_03e347c6a1b6918b____c13_1____2__t_03e347c6a1b6918b____c20_1____0_fair.csv;t_03e347c6a1b6918b____c9_1____2__t_03e347c6a1b6918b____c4_1____3_fair.csv;t_03e347c6a1b6918b____c9_1____2__t_03e347c6a1b6918b____c4_1____2_fair.csv;t_03e347c6a1b6918b____c9_1____2__t_03e347c6a1b6918b____c2_0____1_fair.csv,"{""needs_fairification"": true, ""success"": false, ""swaps_made"": 0, ""initial_fairness"": 0.0, ""initial_delta"": 0.4, ""dominated_removed_count"": 87, ""dominance_candidate_pool_size"": 91, ""candidates_after_winnow"": 4}"
tusLarge3,nl,t_03e347c6a1b6918b____c8_1____4_fair.csv,5,900,97,5,True,0.3243,1.0,0.005555555555555556,0.005555555555555556,38.45611160993576,38.45611160993576,t_03e347c6a1b6918b____c8_1____1__t_03e347c6a1b6918b____c8_1____4_fair.csv;t_03e347c6a1b6918b____c8_1____2.csv;t_03e347c6a1b6918b____c8_1____1__t_03e347c6a1b6918b____c14_0____4_fair.csv;t_03e347c6a1b6918b____c8_1____3__t_03e347c6a1b6918b____c8_1____4_fair.csv;t_03e347c6a1b6918b____c8_1____0__t_03e347c6a1b6918b____c8_1____4_fair.csv,"{""needs_fairification"": true, ""success"": true, ""swaps_made"": 2, ""initial_fairness"": 0.1791, ""initial_delta"": 0.22, ""dominated_removed_count"": 86, ""dominance_candidate_pool_size"": 92, ""candidates_after_winnow"": 4}"
tusLarge3,nl,t_03e347c6a1b6918b____c8_1____4_fair.csv,10,900,97,10,False,0.2841,1.0,0.011111111111111112,0.011111111111111112,76.31367933750153,76.31367933750153,t_03e347c6a1b6918b____c8_1____1__t_03e347c6a1b6918b____c8_1____4_fair.csv;t_03e347c6a1b6918b____c8_1____2__t_03e347c6a1b6918b____c8_1____4_fair.csv;t_03e347c6a1b6918b____c8_1____2__t_03e347c6a1b6918b____c14_0____4_fair.csv;t_03e347c6a1b6918b____c8_1____3.csv;t_03e347c6a1b6918b____c8_1____0__t_03e347c6a1b6918b____c19_0____1_fair.csv;t_03e347c6a1b6918b____c8_1____3__t_03e347c6a1b6918b____c8_1____4_fair.csv;t_03e347c6a1b6918b____c8_1____0__t_03e347c6a1b6918b____c8_1____4_fair.csv;t_03e347c6a1b6918b____c9_0____1__t_03e347c6a1b6918b____c20_1____0_fair.csv;t_03e347c6a1b6918b____c9_0____1.csv;t_03e347c6a1b6918b____c9_0____1__t_03e347c6a1b6918b____c8_1____4_fair.csv,"{""needs_fairification"": true, ""success"": false, ""swaps_made"": 5, ""initial_fairness"": 0.1404, ""initial_delta"": 0.26, ""dominated_removed_count"": 82, ""dominance_candidate_pool_size"": 87, ""candidates_after_winnow"": 0}"
tusLarge3,nl,t_03e347c6a1b6918b____c8_1____4_fair.csv,20,900,97,20,False,0.1288,1.0,0.022222222222222223,0.022222222222222223,152.90358525514603,152.90358525514603,t_03e347c6a1b6918b____c8_1____1__t_03e347c6a1b6918b____c19_0____1_fair.csv;t_03e347c6a1b6918b____c8_1____1__t_03e347c6a1b6918b____c8_1____4_fair.csv;t_03e347c6a1b6918b____c8_1____2.csv;t_03e347c6a1b6918b____c8_1____1__t_03e347c6a1b6918b____c14_0____4_fair.csv;t_03e347c6a1b6918b____c8_1____2__t_03e347c6a1b6918b____c8_1____4_fair.csv;t_03e347c6a1b6918b____c8_1____2__t_03e347c6a1b6918b____c19_0____1_fair.csv;t_03e347c6a1b6918b____c8_1____2__t_03e347c6a1b6918b____c14_0____4_fair.csv;t_03e347c6a1b6918b____c8_1____3.csv;t_03e347c6a1b6918b____c8_1____0__t_03e347c6a1b6918b____c19_0____1_fair.csv;t_03e347c6a1b6918b____c8_1____3__t_03e347c6a1b6918b____c8_1____4_fair.csv;t_03e347c6a1b6918b____c8_1____3__t_03e347c6a1b6918b____c19_0____1_fair.csv;t_03e347c6a1b6918b____c8_1____3__t_03e347c6a1b6918b____c14_0____4_fair.csv;t_03e347c6a1b6918b____c8_1____0.csv;t_03e347c6a1b6918b____c8_1____0__t_03e347c6a1b6918b____c14_0____4_fair.csv;t_03e347c6a1b6918b____c14_0____2__t_03e347c6a1b6918b____c14_0____4_fair.csv;t_03e347c6a1b6918b____c8_1____0__t_03e347c6a1b6918b____c8_1____4_fair.csv;t_03e347c6a1b6918b____c12_0____0.csv;t_03e347c6a1b6918b____c9_0____1__t_03e347c6a1b6918b____c20_1____0_fair.csv;t_03e347c6a1b6918b____c9_0____1.csv;t_03e347c6a1b6918b____c9_0____1__t_03e347c6a1b6918b____c8_1____4_fair.csv,"{""needs_fairification"": true, ""success"": false, ""swaps_made"": 3, ""initial_fairness"": 0.102, ""initial_delta"": 0.3, ""dominated_removed_count"": 73, ""dominance_candidate_pool_size"": 77, ""candidates_after_winnow"": 1}"
tusLarge3,nl,t_014c2259cce4ab13____c20_0____0_fair.csv,5,672,68,5,False,0.2182,1.0,0.00744047619047619,0.00744047619047619,92.65703535079956,92.65703535079956,t_014c2259cce4ab13____c20_1____3__t_014c2259cce4ab13____c24_1____3_fair.csv;t_014c2259cce4ab13____c20_1____3__t_014c2259cce4ab13____c20_0____0_fair.csv;t_014c2259cce4ab13____c20_1____3__t_014c2259cce4ab13____c17_1____1_fair.csv;t_014c2259cce4ab13____c20_0____3__t_014c2259cce4ab13____c20_0____0_fair.csv;t_014c2259cce4ab13____c20_0____1__t_014c2259cce4ab13____c20_0____0_fair.csv,"{""needs_fairification"": true, ""success"": false, ""swaps_made"": 3, ""initial_fairness"": 0.0687, ""initial_delta"": 0.33, ""dominated_removed_count"": 60, ""dominance_candidate_pool_size"": 63, ""candidates_after_winnow"": 0}"
tusLarge3,nl,t_014c2259cce4ab13____c20_0____0_fair.csv,10,672,68,10,False,0.1186,1.0,0.01488095238095238,0.01488095238095238,185.49488192796707,185.49488192796707,t_014c2259cce4ab13____c20_1____3__t_014c2259cce4ab13____c3_1____0_fair.csv;t_014c2259cce4ab13____c20_1____3__t_014c2259cce4ab13____c27_0____4_fair.csv;t_014c2259cce4ab13____c20_1____3__t_014c2259cce4ab13____c24_1____3_fair.csv;t_014c2259cce4ab13____c20_1____3__t_014c2259cce4ab13____c20_0____0_fair.csv;t_014c2259cce4ab13____c20_1____3__t_014c2259cce4ab13____c17_1____1_fair.csv;t_014c2259cce4ab13____c20_0____3__t_014c2259cce4ab13____c5_0____0_fair.csv;t_014c2259cce4ab13____c20_0____3__t_014c2259cce4ab13____c27_0____4_fair.csv;t_014c2259cce4ab13____c20_0____3__t_014c2259cce4ab13____c24_1____3_fair.csv;t_014c2259cce4ab13____c20_0____3__t_014c2259cce4ab13____c20_0____0_fair.csv;t_014c2259cce4ab13____c20_0____1__t_014c2259cce4ab13____c20_0____0_fair.csv,"{""needs_fairification"": true, ""success"": false, ""swaps_made"": 1, ""initial_fairness"": 0.0798, ""initial_delta"": 0.32, ""dominated_removed_count"": 55, ""dominance_candidate_pool_size"": 58, ""candidates_after_winnow"": 2}"
tusLarge3,nl,t_014c2259cce4ab13____c20_0____0_fair.csv,20,672,68,20,False,0.1377,1.0,0.02976190476190476,0.02976190476190476,357.0059271454811,357.0059271454811,t_014c2259cce4ab13____c20_1____3__t_014c2259cce4ab13____c20_0____0_fair.csv;t_014c2259cce4ab13____c20_1____3__t_014c2259cce4ab13____c17_1____1_fair.csv;t_014c2259cce4ab13____c20_0____3__t_014c2259cce4ab13____c5_0____0_fair.csv;t_014c2259cce4ab13____c20_0____3__t_014c2259cce4ab13____c27_0____4_fair.csv;t_014c2259cce4ab13____c20_0____3__t_014c2259cce4ab13____c24_1____3_fair.csv;t_014c2259cce4ab13____c20_0____3__t_014c2259cce4ab13____c20_0____0_fair.csv;t_014c2259cce4ab13____c20_0____3__t_014c2259cce4ab13____c17_1____1_fair.csv;t_014c2259cce4ab13____c20_0____3.csv;t_014c2259cce4ab13____c20_1____3.csv;t_014c2259cce4ab13____c20_0____1__t_014c2259cce4ab13____c5_0____0_fair.csv;t_014c2259cce4ab13____c20_0____1__t_014c2259cce4ab13____c24_1____3_fair.csv;t_014c2259cce4ab13____c20_0____1__t_014c2259cce4ab13____c20_0____0_fair.csv;t_014c2259cce4ab13____c20_0____1__t_014c2259cce4ab13____c17_1____1_fair.csv;t_014c2259cce4ab13____c20_0____1.csv;t_014c2259cce4ab13____c20_0____4.csv;t_014c2259cce4ab13____c20_0____4__t_014c2259cce4ab13____c5_0____0_fair.csv;t_014c2259cce4ab13____c20_0____4__t_014c2259cce4ab13____c20_0____0_fair.csv;t_014c2259cce4ab13____c17_1____0__t_014c2259cce4ab13____c20_0____0_fair.csv;t_014c2259cce4ab13____c17_0____1__t_014c2259cce4ab13____c3_1____0_fair.csv;t_014c2259cce4ab13____c16_0____0__t_014c2259cce4ab13____c20_0____0_fair.csv,"{""needs_fairification"": true, ""success"": false, ""swaps_made"": 4, ""initial_fairness"": 0.0703, ""initial_delta"": 0.33, ""dominated_removed_count"": 44, ""dominance_candidate_pool_size"": 48, ""candidates_after_winnow"": 0}"
tusLarge3,nl,t_1934eacab8c57857____c10_0____1_fair.csv,5,389,93,5,True,0.4886,1.0,0.012853470437017995,0.012853470437017995,46.77886950969696,46.77886950969696,t_1934eacab8c57857____c10_0____0__t_1934eacab8c57857____c18_0____0_fair.csv;t_1934eacab8c57857____c10_0____0__t_1934eacab8c57857____c11_0____3_fair.csv;t_1934eacab8c57857____c10_0____0__t_1934eacab8c57857____c10_0____1_fair.csv;t_1934eacab8c57857____c10_0____0.csv;t_1934eacab8c57857____c10_0____3.csv,"{""needs_fairification"": false, ""success"": true, ""swaps_made"": 0, ""initial_fairness"": 0.4886, ""initial_delta"": -0.09}"
tusLarge3,nl,t_1934eacab8c57857____c10_0____1_fair.csv,10,389,93,10,True,0.5624,1.0,0.02570694087403599,0.02570694087403599,91.36368519067764,91.36368519067764,t_1934eacab8c57857____c10_0____0__t_1934eacab8c57857____c18_0____0_fair.csv;t_1934eacab8c57857____c10_0____0__t_1934eacab8c57857____c11_0____3_fair.csv;t_1934eacab8c57857____c10_0____0__t_1934eacab8c57857____c10_0____1_fair.csv;t_1934eacab8c57857____c10_0____0.csv;t_1934eacab8c57857____c10_0____3.csv;t_1934eacab8c57857____c10_0____2.csv;t_1934eacab8c57857____c10_0____3__t_1934eacab8c57857____c18_0____0_fair.csv;t_1934eacab8c57857____c10_0____3__t_1934eacab8c57857____c11_0____3_fair.csv;t_1934eacab8c57857____c10_0____3__t_1934eacab8c57857____c10_0____1_fair.csv;t_1934eacab8c57857____c10_0____2__t_1934eacab8c57857____c18_0____0_fair.csv,"{""needs_fairification"": false, ""success"": true, ""swaps_made"": 0, ""initial_fairness"": 0.5624, ""initial_delta"": -0.16}"
tusLarge3,nl,t_1934eacab8c57857____c10_0____1_fair.csv,20,389,93,20,True,0.3293,0.95,0.04884318766066838,0.05141388174807198,180.03380101919174,180.03380101919174,t_1934eacab8c57857____c10_0____0__t_1934eacab8c57857____c18_0____0_fair.csv;t_1934eacab8c57857____c10_0____0__t_1934eacab8c57857____c11_0____3_fair.csv;t_1934eacab8c57857____c10_0____0__t_1934eacab8c57857____c10_0____1_fair.csv;t_1934eacab8c57857____c10_0____0.csv;t_1934eacab8c57857____c10_0____3.csv;t_1934eacab8c57857____c10_0____3__t_1934eacab8c57857____c18_0____0_fair.csv;t_1934eacab8c57857____c10_0____3__t_1934eacab8c57857____c11_0____3_fair.csv;t_1934eacab8c57857____c10_0____3__t_1934eacab8c57857____c10_0____1_fair.csv;t_1934eacab8c57857____c10_0____2__t_1934eacab8c57857____c18_0____0_fair.csv;t_1934eacab8c57857____c10_0____2__t_1934eacab8c57857____c11_0____3_fair.csv;t_1934eacab8c57857____c10_0____2__t_1934eacab8c57857____c10_0____1_fair.csv;t_1934eacab8c57857____c12_1____0.csv;t_1934eacab8c57857____c17_1____0__t_1934eacab8c57857____c8_1____3_fair.csv;t_1934eacab8c57857____c17_1____0__t_1934eacab8c57857____c18_0____3_fair.csv;t_1934eacab8c57857____c17_1____0__t_1934eacab8c57857____c18_0____0_fair.csv;t_1934eacab8c57857____c17_1____0__t_1934eacab8c57857____c11_0____3_fair.csv;t_1934eacab8c57857____c17_1____0__t_1934eacab8c57857____c10_0____1_fair.csv;t_1934eacab8c57857____c17_1____0.csv;t_1934eacab8c57857____c13_0____0__t_1934eacab8c57857____c8_1____3_fair.csv;t_1934eacab8c57857____c12_1____4__t_1934eacab8c57857____c8_1____3_fair.csv,"{""needs_fairification"": true, ""success"": true, ""swaps_made"": 1, ""initial_fairness"": 0.2887, ""initial_delta"": 0.11, ""dominated_removed_count"": 65, ""dominance_candidate_pool_size"": 73, ""candidates_after_winnow"": 7}"
tusLarge3,nl,t_1934eacab8c57857____c11_0____3_fair.csv,5,430,91,5,True,0.3177,1.0,0.011627906976744186,0.011627906976744186,50.48252123594284,50.48252123594284,t_1934eacab8c57857____c11_0____4__t_1934eacab8c57857____c8_1____3_fair.csv;t_1934eacab8c57857____c11_0____4__t_1934eacab8c57857____c18_0____0_fair.csv;t_1934eacab8c57857____c11_0____4__t_1934eacab8c57857____c11_0____3_fair.csv;t_1934eacab8c57857____c12_1____3__t_1934eacab8c57857____c11_0____3_fair.csv;t_1934eacab8c57857____c11_0____2__t_1934eacab8c57857____c11_0____3_fair.csv,"{""needs_fairification"": true, ""success"": true, ""swaps_made"": 2, ""initial_fairness"": 0.1914, ""initial_delta"": 0.21, ""dominated_removed_count"": 80, ""dominance_candidate_pool_size"": 86, ""candidates_after_winnow"": 4}"
tusLarge3,nl,t_1934eacab8c57857____c11_0____3_fair.csv,10,430,91,10,False,0.2777,1.0,0.023255813953488372,0.023255813953488372,100.47291922569275,100.47291922569275,t_1934eacab8c57857____c11_0____4__t_1934eacab8c57857____c11_0____3_fair.csv;t_1934eacab8c57857____c12_1____3__t_1934eacab8c57857____c8_1____3_fair.csv;t_1934eacab8c57857____c12_1____3__t_1934eacab8c57857____c18_0____0_fair.csv;t_1934eacab8c57857____c12_1____3__t_1934eacab8c57857____c11_0____3_fair.csv;t_1934eacab8c57857____c12_1____3__t_1934eacab8c57857____c10_0____1_fair.csv;t_1934eacab8c57857____c13_1____3.csv;t_1934eacab8c57857____c11_0____4.csv;t_1934eacab8c57857____c12_1____4__t_1934eacab8c57857____c11_0____3_fair.csv;t_1934eacab8c57857____c12_1____1__t_1934eacab8c57857____c11_0____3_fair.csv;t_1934eacab8c57857____c11_0____2__t_1934eacab8c57857____c11_0____3_fair.csv,"{""needs_fairification"": true, ""success"": false, ""swaps_made"": 4, ""initial_fairness"": 0.1656, ""initial_delta"": 0.23, ""dominated_removed_count"": 77, ""dominance_candidate_pool_size"": 81, ""candidates_after_winnow"": 0}"
tusLarge3,nl,t_1934eacab8c57857____c11_0____3_fair.csv,20,430,91,20,False,0.1454,0.75,0.03488372093023256,0.046511627906976744,201.93142169713974,201.93142169713974,t_1934eacab8c57857____c11_0____4__t_1934eacab8c57857____c18_0____0_fair.csv;t_1934eacab8c57857____c11_0____4__t_1934eacab8c57857____c11_0____3_fair.csv;t_1934eacab8c57857____c12_1____3__t_1934eacab8c57857____c8_1____3_fair.csv;t_1934eacab8c57857____c12_1____3__t_1934eacab8c57857____c18_0____0_fair.csv;t_1934eacab8c57857____c12_1____3__t_1934eacab8c57857____c11_0____3_fair.csv;t_1934eacab8c57857____c12_1____3__t_1934eacab8c57857____c10_0____1_fair.csv;t_1934eacab8c57857____c13_1____3.csv;t_1934eacab8c57857____c11_0____4.csv;t_1934eacab8c57857____c11_1____3__t_1934eacab8c57857____c18_0____3_fair.csv;t_1934eacab8c57857____c13_0____3.csv;t_1934eacab8c57857____c13_1____3__t_1934eacab8c57857____c8_1____3_fair.csv;t_1934eacab8c57857____c13_1____3__t_1934eacab8c57857____c18_0____3_fair.csv;t_1934eacab8c57857____c13_1____3__t_1934eacab8c57857____c18_0____0_fair.csv;t_1934eacab8c57857____c13_1____3__t_1934eacab8c57857____c11_0____3_fair.csv;t_1934eacab8c57857____c13_0____3__t_1934eacab8c57857____c8_1____3_fair.csv;t_1934eacab8c57857____c13_0____3__t_1934eacab8c57857____c18_0____3_fair.csv;t_1934eacab8c57857____c13_0____3__t_1934eacab8c57857____c18_0____0_fair.csv;t_1934eacab8c57857____c12_1____4__t_1934eacab8c57857____c11_0____3_fair.csv;t_1934eacab8c57857____c12_1____1__t_1934eacab8c57857____c11_0____3_fair.csv;t_1934eacab8c57857____c11_0____2__t_1934eacab8c57857____c11_0____3_fair.csv,"{""needs_fairification"": true, ""success"": false, ""swaps_made"": 3, ""initial_fairness"": 0.0868, ""initial_delta"": 0.31, ""dominated_removed_count"": 66, ""dominance_candidate_pool_size"": 71, ""candidates_after_winnow"": 2}"
tusLarge3,nl,t_03e347c6a1b6918b____c19_0____1_fair.csv,5,969,55,5,True,0.3043,1.0,0.005159958720330237,0.005159958720330237,92.05455279350281,92.05455279350281,t_03e347c6a1b6918b____c21_1____1__t_03e347c6a1b6918b____c6_0____1_fair.csv;t_03e347c6a1b6918b____c21_1____1__t_03e347c6a1b6918b____c4_1____3_fair.csv;t_03e347c6a1b6918b____c19_1____1__t_03e347c6a1b6918b____c19_0____1_fair.csv;t_03e347c6a1b6918b____c21_0____1__t_03e347c6a1b6918b____c19_0____1_fair.csv;t_03e347c6a1b6918b____c21_0____3__t_03e347c6a1b6918b____c19_0____1_fair.csv,"{""needs_fairification"": true, ""success"": true, ""swaps_made"": 3, ""initial_fairness"": 0.0845, ""initial_delta"": 0.32, ""dominated_removed_count"": 45, ""dominance_candidate_pool_size"": 50, ""candidates_after_winnow"": 2}"
tusLarge3,nl,t_03e347c6a1b6918b____c19_0____1_fair.csv,10,969,55,10,False,0.2377,1.0,0.010319917440660475,0.010319917440660475,182.84694176912308,182.84694176912308,t_03e347c6a1b6918b____c21_1____1__t_03e347c6a1b6918b____c4_1____2_fair.csv;t_03e347c6a1b6918b____c21_1____1__t_03e347c6a1b6918b____c2_0____1_fair.csv;t_03e347c6a1b6918b____c21_1____1__t_03e347c6a1b6918b____c19_0____1_fair.csv;t_03e347c6a1b6918b____c21_1____1.csv;t_03e347c6a1b6918b____c19_1____1.csv;t_03e347c6a1b6918b____c21_0____1.csv;t_03e347c6a1b6918b____c19_1____1__t_03e347c6a1b6918b____c19_0____1_fair.csv;t_03e347c6a1b6918b____c21_0____1__t_03e347c6a1b6918b____c19_0____1_fair.csv;t_03e347c6a1b6918b____c21_0____3__t_03e347c6a1b6918b____c19_0____1_fair.csv;t_03e347c6a1b6918b____c17_1____1.csv,"{""needs_fairification"": true, ""success"": false, ""swaps_made"": 5, ""initial_fairness"": 0.091, ""initial_delta"": 0.31, ""dominated_removed_count"": 39, ""dominance_candidate_pool_size"": 45, ""candidates_after_winnow"": 1}"
tusLarge3,nl,t_03e347c6a1b6918b____c19_0____1_fair.csv,20,969,55,20,False,0.1165,1.0,0.02063983488132095,0.02063983488132095,367.7146661877632,367.7146661877632,t_03e347c6a1b6918b____c21_1____1__t_03e347c6a1b6918b____c4_1____3_fair.csv;t_03e347c6a1b6918b____c21_1____1__t_03e347c6a1b6918b____c4_1____2_fair.csv;t_03e347c6a1b6918b____c21_1____1__t_03e347c6a1b6918b____c2_0____1_fair.csv;t_03e347c6a1b6918b____c21_1____1__t_03e347c6a1b6918b____c19_0____1_fair.csv;t_03e347c6a1b6918b____c21_1____1.csv;t_03e347c6a1b6918b____c19_1____1.csv;t_03e347c6a1b6918b____c21_1____1__t_03e347c6a1b6918b____c16_1____4_fair.csv;t_03e347c6a1b6918b____c21_0____1.csv;t_03e347c6a1b6918b____c20_0____1__t_03e347c6a1b6918b____c8_1____4_fair.csv;t_03e347c6a1b6918b____c20_0____1__t_03e347c6a1b6918b____c6_0____1_fair.csv;t_03e347c6a1b6918b____c20_0____1__t_03e347c6a1b6918b____c4_1____3_fair.csv;t_03e347c6a1b6918b____c20_0____1__t_03e347c6a1b6918b____c4_1____2_fair.csv;t_03e347c6a1b6918b____c20_0____1__t_03e347c6a1b6918b____c2_0____1_fair.csv;t_03e347c6a1b6918b____c20_0____1__t_03e347c6a1b6918b____c19_0____1_fair.csv;t_03e347c6a1b6918b____c20_0____1__t_03e347c6a1b6918b____c20_1____0_fair.csv;t_03e347c6a1b6918b____c19_1____1__t_03e347c6a1b6918b____c6_0____1_fair.csv;t_03e347c6a1b6918b____c19_1____1__t_03e347c6a1b6918b____c19_0____1_fair.csv;t_03e347c6a1b6918b____c21_0____1__t_03e347c6a1b6918b____c19_0____1_fair.csv;t_03e347c6a1b6918b____c21_0____3__t_03e347c6a1b6918b____c19_0____1_fair.csv;t_03e347c6a1b6918b____c17_1____1.csv,"{""needs_fairification"": true, ""success"": false, ""swaps_made"": 4, ""initial_fairness"": 0.0458, ""initial_delta"": 0.35, ""dominated_removed_count"": 31, ""dominance_candidate_pool_size"": 35, ""candidates_after_winnow"": 0}"
tusLarge3,nl,t_03e347c6a1b6918b____c18_1____4_fair.csv,5,908,68,5,True,0.3143,1.0,0.005506607929515419,0.005506607929515419,85.45393544435501,85.45393544435501,t_03e347c6a1b6918b____c21_0____4.csv;t_03e347c6a1b6918b____c18_0____4__t_03e347c6a1b6918b____c8_1____4_fair.csv;t_03e347c6a1b6918b____c18_0____4__t_03e347c6a1b6918b____c18_1____4_fair.csv;t_03e347c6a1b6918b____c18_0____3__t_03e347c6a1b6918b____c18_1____4_fair.csv;t_03e347c6a1b6918b____c20_0____3__t_03e347c6a1b6918b____c18_1____4_fair.csv,"{""needs_fairification"": true, ""success"": true, ""swaps_made"": 3, ""initial_fairness"": 0.1239, ""initial_delta"": 0.28, ""dominated_removed_count"": 59, ""dominance_candidate_pool_size"": 63, ""candidates_after_winnow"": 1}"
tusLarge3,nl,t_03e347c6a1b6918b____c18_1____4_fair.csv,10,908,68,10,False,0.2757,1.0,0.011013215859030838,0.011013215859030838,171.20068353414536,171.20068353414536,t_03e347c6a1b6918b____c18_0____4__t_03e347c6a1b6918b____c8_1____4_fair.csv;t_03e347c6a1b6918b____c18_0____4__t_03e347c6a1b6918b____c4_1____3_fair.csv;t_03e347c6a1b6918b____c18_0____4__t_03e347c6a1b6918b____c4_1____2_fair.csv;t_03e347c6a1b6918b____c18_0____4__t_03e347c6a1b6918b____c19_0____1_fair.csv;t_03e347c6a1b6918b____c18_0____4__t_03e347c6a1b6918b____c18_1____4_fair.csv;t_03e347c6a1b6918b____c18_0____4__t_03e347c6a1b6918b____c16_1____4_fair.csv;t_03e347c6a1b6918b____c18_0____3.csv;t_03e347c6a1b6918b____c20_0____2__t_03e347c6a1b6918b____c4_1____3_fair.csv;t_03e347c6a1b6918b____c18_0____3__t_03e347c6a1b6918b____c18_1____4_fair.csv;t_03e347c6a1b6918b____c20_0____3__t_03e347c6a1b6918b____c18_1____4_fair.csv,"{""needs_fairification"": true, ""success"": false, ""swaps_made"": 4, ""initial_fairness"": 0.1786, ""initial_delta"": 0.22, ""dominated_removed_count"": 47, ""dominance_candidate_pool_size"": 58, ""candidates_after_winnow"": 7}"
tusLarge3,nl,t_03e347c6a1b6918b____c18_1____4_fair.csv,20,908,68,20,False,0.2205,1.0,0.022026431718061675,0.022026431718061675,342.1541559100151,342.1541559100151,t_03e347c6a1b6918b____c18_0____4__t_03e347c6a1b6918b____c8_1____4_fair.csv;t_03e347c6a1b6918b____c18_0____4__t_03e347c6a1b6918b____c4_1____3_fair.csv;t_03e347c6a1b6918b____c18_0____4__t_03e347c6a1b6918b____c4_1____2_fair.csv;t_03e347c6a1b6918b____c18_0____4__t_03e347c6a1b6918b____c19_0____1_fair.csv;t_03e347c6a1b6918b____c18_0____4__t_03e347c6a1b6918b____c18_1____4_fair.csv;t_03e347c6a1b6918b____c18_0____4__t_03e347c6a1b6918b____c16_1____4_fair.csv;t_03e347c6a1b6918b____c18_0____4__t_03e347c6a1b6918b____c14_0____4_fair.csv;t_03e347c6a1b6918b____c18_0____3.csv;t_03e347c6a1b6918b____c20_0____4.csv;t_03e347c6a1b6918b____c20_0____2__t_03e347c6a1b6918b____c20_1____0_fair.csv;t_03e347c6a1b6918b____c20_0____2__t_03e347c6a1b6918b____c14_0____4_fair.csv;t_03e347c6a1b6918b____c21_0____4__t_03e347c6a1b6918b____c19_0____1_fair.csv;t_03e347c6a1b6918b____c20_0____2__t_03e347c6a1b6918b____c16_1____4_fair.csv;t_03e347c6a1b6918b____c20_0____2__t_03e347c6a1b6918b____c6_0____1_fair.csv;t_03e347c6a1b6918b____c20_0____2__t_03e347c6a1b6918b____c19_0____1_fair.csv;t_03e347c6a1b6918b____c20_0____2__t_03e347c6a1b6918b____c8_1____4_fair.csv;t_03e347c6a1b6918b____c20_0____2__t_03e347c6a1b6918b____c4_1____3_fair.csv;t_03e347c6a1b6918b____c20_0____2__t_03e347c6a1b6918b____c4_1____2_fair.csv;t_03e347c6a1b6918b____c18_0____3__t_03e347c6a1b6918b____c18_1____4_fair.csv;t_03e347c6a1b6918b____c20_0____3__t_03e347c6a1b6918b____c18_1____4_fair.csv,"{""needs_fairification"": true, ""success"": false, ""swaps_made"": 5, ""initial_fairness"": 0.1593, ""initial_delta"": 0.24, ""dominated_removed_count"": 43, ""dominance_candidate_pool_size"": 48, ""candidates_after_winnow"": 0}"
tusLarge3,nl,t_1934eacab8c57857____c8_1____3_fair.csv,5,496,100,5,True,0.3574,0.8,0.008064516129032258,0.010080645161290322,36.648887157440186,36.648887157440186,t_1934eacab8c57857____c8_1____4__t_1934eacab8c57857____c8_1____3_fair.csv;t_1934eacab8c57857____c10_0____3__t_1934eacab8c57857____c11_0____3_fair.csv;t_1934eacab8c57857____c12_1____3.csv;t_1934eacab8c57857____c12_1____3__t_1934eacab8c57857____c8_1____3_fair.csv;t_1934eacab8c57857____c12_1____3__t_1934eacab8c57857____c11_0____3_fair.csv,"{""needs_fairification"": true, ""success"": true, ""swaps_made"": 3, ""initial_fairness"": 0.1567, ""initial_delta"": 0.24, ""dominated_removed_count"": 91, ""dominance_candidate_pool_size"": 95, ""candidates_after_winnow"": 1}"
tusLarge3,nl,t_1934eacab8c57857____c8_1____3_fair.csv,10,496,100,10,False,0.255,0.6,0.012096774193548387,0.020161290322580645,73.03124636411667,73.03124636411667,t_1934eacab8c57857____c8_1____4__t_1934eacab8c57857____c8_1____3_fair.csv;t_1934eacab8c57857____c10_0____3__t_1934eacab8c57857____c18_0____0_fair.csv;t_1934eacab8c57857____c10_0____3__t_1934eacab8c57857____c11_0____3_fair.csv;t_1934eacab8c57857____c10_0____3__t_1934eacab8c57857____c10_0____1_fair.csv;t_1934eacab8c57857____c12_1____3.csv;t_1934eacab8c57857____c11_1____3.csv;t_1934eacab8c57857____c13_0____3.csv;t_1934eacab8c57857____c12_1____3__t_1934eacab8c57857____c8_1____3_fair.csv;t_1934eacab8c57857____c12_1____3__t_1934eacab8c57857____c11_0____3_fair.csv;t_1934eacab8c57857____c12_1____3__t_1934eacab8c57857____c10_0____1_fair.csv,"{""needs_fairification"": true, ""success"": false, ""swaps_made"": 2, ""initial_fairness"": 0.1779, ""initial_delta"": 0.22, ""dominated_removed_count"": 88, ""dominance_candidate_pool_size"": 90, ""candidates_after_winnow"": 0}"
tusLarge3,nl,t_1934eacab8c57857____c8_1____3_fair.csv,20,496,100,20,True,0.2982,0.85,0.034274193548387094,0.04032258064516129,143.60346150398254,143.60346150398254,t_1934eacab8c57857____c8_1____4__t_1934eacab8c57857____c8_1____3_fair.csv;t_1934eacab8c57857____c10_0____3__t_1934eacab8c57857____c10_0____1_fair.csv;t_1934eacab8c57857____c12_1____3.csv;t_1934eacab8c57857____c11_1____3.csv;t_1934eacab8c57857____c13_0____3.csv;t_1934eacab8c57857____c12_1____3__t_1934eacab8c57857____c8_1____3_fair.csv;t_1934eacab8c57857____c12_1____3__t_1934eacab8c57857____c18_0____0_fair.csv;t_1934eacab8c57857____c12_1____3__t_1934eacab8c57857____c11_0____3_fair.csv;t_1934eacab8c57857____c12_1____3__t_1934eacab8c57857____c10_0____1_fair.csv;t_1934eacab8c57857____c8_1____0.csv;t_1934eacab8c57857____c10_0____3.csv;t_1934eacab8c57857____c13_0____3__t_1934eacab8c57857____c8_1____3_fair.csv;t_1934eacab8c57857____c13_0____3__t_1934eacab8c57857____c18_0____3_fair.csv;t_1934eacab8c57857____c13_0____3__t_1934eacab8c57857____c18_0____0_fair.csv;t_1934eacab8c57857____c8_1____0__t_1934eacab8c57857____c8_1____3_fair.csv;t_1934eacab8c57857____c13_1____3.csv;t_1934eacab8c57857____c11_0____4__t_1934eacab8c57857____c8_1____3_fair.csv;t_1934eacab8c57857____c11_0____4__t_1934eacab8c57857____c11_0____3_fair.csv;t_1934eacab8c57857____c8_1____1__t_1934eacab8c57857____c8_1____3_fair.csv;t_1934eacab8c57857____c9_1____3.csv,"{""needs_fairification"": true, ""success"": true, ""swaps_made"": 5, ""initial_fairness"": 0.2133, ""initial_delta"": 0.19, ""dominated_removed_count"": 74, ""dominance_candidate_pool_size"": 80, ""candidates_after_winnow"": 1}"
tusLarge3,nl,t_03e347c6a1b6918b____c20_1____0_fair.csv,5,993,52,5,False,0.0813,1.0,0.005035246727089627,0.005035246727089627,98.90780717134476,98.90780717134476,t_03e347c6a1b6918b____c21_0____0.csv;t_03e347c6a1b6918b____c21_0____0__t_03e347c6a1b6918b____c19_0____1_fair.csv;t_03e347c6a1b6918b____c21_0____0__t_03e347c6a1b6918b____c14_0____4_fair.csv;t_03e347c6a1b6918b____c21_0____0__t_03e347c6a1b6918b____c18_1____4_fair.csv;t_03e347c6a1b6918b____c20_0____0.csv,"{""needs_fairification"": true, ""success"": false, ""swaps_made"": 1, ""initial_fairness"": 0.0741, ""initial_delta"": 0.33, ""dominated_removed_count"": 45, ""dominance_candidate_pool_size"": 47, ""candidates_after_winnow"": 1}"
tusLarge3,nl,t_03e347c6a1b6918b____c20_1____0_fair.csv,10,993,52,10,False,0.0387,1.0,0.010070493454179255,0.010070493454179255,197.70102965831757,197.70102965831757,t_03e347c6a1b6918b____c21_0____0.csv;t_03e347c6a1b6918b____c21_0____0__t_03e347c6a1b6918b____c6_0____1_fair.csv;t_03e347c6a1b6918b____c21_0____0__t_03e347c6a1b6918b____c19_0____1_fair.csv;t_03e347c6a1b6918b____c21_0____0__t_03e347c6a1b6918b____c14_0____4_fair.csv;t_03e347c6a1b6918b____c21_0____0__t_03e347c6a1b6918b____c18_1____4_fair.csv;t_03e347c6a1b6918b____c21_0____0__t_03e347c6a1b6918b____c8_1____4_fair.csv;t_03e347c6a1b6918b____c21_0____0__t_03e347c6a1b6918b____c4_1____3_fair.csv;t_03e347c6a1b6918b____c21_0____0__t_03e347c6a1b6918b____c4_1____2_fair.csv;t_03e347c6a1b6918b____c21_0____0__t_03e347c6a1b6918b____c20_1____0_fair.csv;t_03e347c6a1b6918b____c21_0____0__t_03e347c6a1b6918b____c16_1____4_fair.csv,"{""needs_fairification"": true, ""success"": false, ""swaps_made"": 0, ""initial_fairness"": 0.0387, ""initial_delta"": 0.36, ""dominated_removed_count"": 41, ""dominance_candidate_pool_size"": 42, ""candidates_after_winnow"": 1}"
tusLarge3,nl,t_03e347c6a1b6918b____c20_1____0_fair.csv,20,993,52,20,False,0.0205,1.0,0.02014098690835851,0.02014098690835851,394.33915162086487,394.33915162086487,t_03e347c6a1b6918b____c21_0____0.csv;t_03e347c6a1b6918b____c21_0____0__t_03e347c6a1b6918b____c6_0____1_fair.csv;t_03e347c6a1b6918b____c21_0____0__t_03e347c6a1b6918b____c19_0____1_fair.csv;t_03e347c6a1b6918b____c21_0____0__t_03e347c6a1b6918b____c14_0____4_fair.csv;t_03e347c6a1b6918b____c21_0____0__t_03e347c6a1b6918b____c18_1____4_fair.csv;t_03e347c6a1b6918b____c21_0____0__t_03e347c6a1b6918b____c8_1____4_fair.csv;t_03e347c6a1b6918b____c21_0____0__t_03e347c6a1b6918b____c4_1____3_fair.csv;t_03e347c6a1b6918b____c21_0____0__t_03e347c6a1b6918b____c4_1____2_fair.csv;t_03e347c6a1b6918b____c21_0____0__t_03e347c6a1b6918b____c20_1____0_fair.csv;t_03e347c6a1b6918b____c21_0____0__t_03e347c6a1b6918b____c16_1____4_fair.csv;t_03e347c6a1b6918b____c20_0____0.csv;t_03e347c6a1b6918b____c21_1____0.csv;t_03e347c6a1b6918b____c20_0____0__t_03e347c6a1b6918b____c6_0____1_fair.csv;t_03e347c6a1b6918b____c20_0____0__t_03e347c6a1b6918b____c19_0____1_fair.csv;t_03e347c6a1b6918b____c20_0____0__t_03e347c6a1b6918b____c14_0____4_fair.csv;t_03e347c6a1b6918b____c20_0____0__t_03e347c6a1b6918b____c8_1____4_fair.csv;t_03e347c6a1b6918b____c20_0____0__t_03e347c6a1b6918b____c4_1____3_fair.csv;t_03e347c6a1b6918b____c20_0____0__t_03e347c6a1b6918b____c4_1____2_fair.csv;t_03e347c6a1b6918b____c20_0____0__t_03e347c6a1b6918b____c2_0____1_fair.csv;t_03e347c6a1b6918b____c20_0____0__t_03e347c6a1b6918b____c20_1____0_fair.csv,"{""needs_fairification"": true, ""success"": false, ""swaps_made"": 0, ""initial_fairness"": 0.0205, ""initial_delta"": 0.38, ""dominated_removed_count"": 29, ""dominance_candidate_pool_size"": 32, ""candidates_after_winnow"": 3}"
tusLarge3,nl,t_1d580f266b2a923b____c1_0____4_fair.csv,5,298,406,5,True,0.4096,0.8,0.013422818791946308,0.016778523489932886,4.60510641336441,4.60510641336441,t_1d580f266b2a923b____c1_0____1__t_1d580f266b2a923b____c1_0____4_fair.csv;t_1d580f266b2a923b____c1_0____2__t_1d580f266b2a923b____c1_0____4_fair.csv;t_1d580f266b2a923b____c1_0____3__t_1d580f266b2a923b____c1_0____4_fair.csv;t_1d580f266b2a923b____c1_0____0__t_1d580f266b2a923b____c1_0____4_fair.csv;t_1d580f266b2a923b____c2_0____2__t_1d580f266b2a923b____c11_1____2_fair.csv,"{""needs_fairification"": false, ""success"": true, ""swaps_made"": 0, ""initial_fairness"": 0.4096, ""initial_delta"": -0.01}"
tusLarge3,nl,t_1d580f266b2a923b____c1_0____4_fair.csv,10,298,406,10,True,0.3222,0.4,0.013422818791946308,0.03355704697986577,8.894307613372803,8.894307613372803,t_1d580f266b2a923b____c1_0____1__t_1d580f266b2a923b____c1_0____4_fair.csv;t_1d580f266b2a923b____c1_0____2__t_1d580f266b2a923b____c1_0____4_fair.csv;t_1d580f266b2a923b____c1_0____3__t_1d580f266b2a923b____c1_0____4_fair.csv;t_1d580f266b2a923b____c1_0____0__t_1d580f266b2a923b____c1_0____4_fair.csv;t_1d580f266b2a923b____c2_0____2__t_1d580f266b2a923b____c11_1____2_fair.csv;t_1d580f266b2a923b____c2_0____1__t_1d580f266b2a923b____c11_1____2_fair.csv;t_1d580f266b2a923b____c2_0____1__t_1d580f266b2a923b____c7_0____3_fair.csv;t_1d580f266b2a923b____c2_0____4__t_1d580f266b2a923b____c7_0____3_fair.csv;t_1d580f266b2a923b____c2_0____4__t_1d580f266b2a923b____c11_1____2_fair.csv;t_1d580f266b2a923b____c2_1____4__t_1d580f266b2a923b____c11_1____3_fair.csv,"{""needs_fairification"": false, ""success"": true, ""swaps_made"": 0, ""initial_fairness"": 0.3222, ""initial_delta"": 0.08}"
tusLarge3,nl,t_1d580f266b2a923b____c1_0____4_fair.csv,20,298,406,20,True,0.3796,0.3,0.020134228187919462,0.06711409395973154,16.957171022892,16.957171022892,t_1d580f266b2a923b____c1_0____1__t_1d580f266b2a923b____c1_0____4_fair.csv;t_1d580f266b2a923b____c1_0____2__t_1d580f266b2a923b____c1_0____4_fair.csv;t_1d580f266b2a923b____c1_0____3__t_1d580f266b2a923b____c1_0____4_fair.csv;t_1d580f266b2a923b____c1_0____0__t_1d580f266b2a923b____c1_0____4_fair.csv;t_1d580f266b2a923b____c2_0____1__t_1d580f266b2a923b____c11_1____2_fair.csv;t_1d580f266b2a923b____c2_0____1__t_1d580f266b2a923b____c7_0____3_fair.csv;t_1d580f266b2a923b____c2_0____4__t_1d580f266b2a923b____c7_0____3_fair.csv;t_1d580f266b2a923b____c2_0____4__t_1d580f266b2a923b____c11_1____2_fair.csv;t_1d580f266b2a923b____c2_1____4__t_1d580f266b2a923b____c11_1____3_fair.csv;t_1d580f266b2a923b____c2_1____4__t_1d580f266b2a923b____c10_1____0_fair.csv;t_1d580f266b2a923b____c2_0____2__t_1d580f266b2a923b____c7_0____3_fair.csv;t_1d580f266b2a923b____c1_0____2.csv;t_1d580f266b2a923b____c2_0____0__t_1d580f266b2a923b____c11_1____2_fair.csv;t_f2bc7fb748586bfa____c1_1____0__t_f2bc7fb748586bfa____c19_1____0_fair.csv;t_1d580f266b2a923b____c2_1____2__t_1d580f266b2a923b____c11_1____3_fair.csv;t_f2bc7fb748586bfa____c1_1____4__t_f2bc7fb748586bfa____c19_1____0_fair.csv;t_f2bc7fb748586bfa____c1_1____3__t_f2bc7fb748586bfa____c19_1____0_fair.csv;t_1d580f266b2a923b____c2_0____1.csv;t_285b3bcd52ec0c86____c2_1____2__t_285b3bcd52ec0c86____c7_1____2_fair.csv;t_1d580f266b2a923b____c4_1____4__t_1d580f266b2a923b____c1_0____4_fair.csv,"{""needs_fairification"": true, ""success"": true, ""swaps_made"": 1, ""initial_fairness"": 0.2251, ""initial_delta"": 0.17, ""dominated_removed_count"": 379, ""dominance_candidate_pool_size"": 386, ""candidates_after_winnow"": 6}"
tusLarge3,nl,t_1d580f266b2a923b____c10_1____0_fair.csv,5,310,115,5,True,0.3289,1.0,0.016129032258064516,0.016129032258064516,49.419621884822845,49.419621884822845,t_1d580f266b2a923b____c10_1____2__t_1d580f266b2a923b____c7_0____3_fair.csv;t_1d580f266b2a923b____c10_1____2__t_1d580f266b2a923b____c10_1____0_fair.csv;t_1d580f266b2a923b____c10_1____2__t_1d580f266b2a923b____c11_1____2_fair.csv;t_1d580f266b2a923b____c10_1____2__t_1d580f266b2a923b____c11_1____3_fair.csv;t_1d580f266b2a923b____c11_1____0.csv,"{""needs_fairification"": false, ""success"": true, ""swaps_made"": 0, ""initial_fairness"": 0.3289, ""initial_delta"": 0.07}"
tusLarge3,nl,t_1d580f266b2a923b____c10_1____0_fair.csv,10,310,115,10,True,0.3377,1.0,0.03225806451612903,0.03225806451612903,98.69932627677917,98.69932627677917,t_1d580f266b2a923b____c10_1____2__t_1d580f266b2a923b____c7_0____3_fair.csv;t_1d580f266b2a923b____c10_1____2__t_1d580f266b2a923b____c10_1____0_fair.csv;t_1d580f266b2a923b____c10_1____2__t_1d580f266b2a923b____c11_1____2_fair.csv;t_1d580f266b2a923b____c10_1____2__t_1d580f266b2a923b____c11_1____3_fair.csv;t_1d580f266b2a923b____c11_1____0.csv;t_1d580f266b2a923b____c10_1____3__t_1d580f266b2a923b____c7_0____3_fair.csv;t_1d580f266b2a923b____c10_1____3__t_1d580f266b2a923b____c1_0____4_fair.csv;t_1d580f266b2a923b____c10_1____3__t_1d580f266b2a923b____c11_1____3_fair.csv;t_1d580f266b2a923b____c10_1____3__t_1d580f266b2a923b____c11_1____2_fair.csv;t_1d580f266b2a923b____c10_1____3__t_1d580f266b2a923b____c10_1____0_fair.csv,"{""needs_fairification"": false, ""success"": true, ""swaps_made"": 0, ""initial_fairness"": 0.3377, ""initial_delta"": 0.06}"
tusLarge3,nl,t_1d580f266b2a923b____c10_1____0_fair.csv,20,310,115,20,True,0.3306,1.0,0.06451612903225806,0.06451612903225806,196.96242767572403,196.96242767572403,t_1d580f266b2a923b____c10_1____2__t_1d580f266b2a923b____c7_0____3_fair.csv;t_1d580f266b2a923b____c10_1____2__t_1d580f266b2a923b____c10_1____0_fair.csv;t_1d580f266b2a923b____c10_1____2__t_1d580f266b2a923b____c11_1____2_fair.csv;t_1d580f266b2a923b____c10_1____2__t_1d580f266b2a923b____c11_1____3_fair.csv;t_1d580f266b2a923b____c11_1____0.csv;t_1d580f266b2a923b____c10_1____3__t_1d580f266b2a923b____c7_0____3_fair.csv;t_1d580f266b2a923b____c10_1____3__t_1d580f266b2a923b____c1_0____4_fair.csv;t_1d580f266b2a923b____c10_1____3__t_1d580f266b2a923b____c11_1____3_fair.csv;t_1d580f266b2a923b____c10_1____3__t_1d580f266b2a923b____c11_1____2_fair.csv;t_1d580f266b2a923b____c10_1____3__t_1d580f266b2a923b____c10_1____0_fair.csv;t_1d580f266b2a923b____c10_1____2.csv;t_1d580f266b2a923b____c10_1____3.csv;t_1d580f266b2a923b____c10_1____2__t_1d580f266b2a923b____c1_0____4_fair.csv;t_1d580f266b2a923b____c11_1____0__t_1d580f266b2a923b____c9_0____1_fair.csv;t_1d580f266b2a923b____c11_1____0__t_1d580f266b2a923b____c7_0____3_fair.csv;t_1d580f266b2a923b____c11_1____0__t_1d580f266b2a923b____c1_0____4_fair.csv;t_1d580f266b2a923b____c11_1____0__t_1d580f266b2a923b____c11_1____3_fair.csv;t_1d580f266b2a923b____c11_1____0__t_1d580f266b2a923b____c11_1____2_fair.csv;t_1d580f266b2a923b____c11_1____0__t_1d580f266b2a923b____c10_1____0_fair.csv;t_1d580f266b2a923b____c10_1____4__t_1d580f266b2a923b____c7_0____3_fair.csv,"{""needs_fairification"": false, ""success"": true, ""swaps_made"": 0, ""initial_fairness"": 0.3306, ""initial_delta"": 0.07}"
tusLarge3,nl,t_014c2259cce4ab13____c24_1____3_fair.csv,5,711,66,5,False,0.2464,1.0,0.007032348804500703,0.007032348804500703,90.07451236248016,90.07451236248016,t_014c2259cce4ab13____c20_1____3__t_014c2259cce4ab13____c20_0____0_fair.csv;t_014c2259cce4ab13____c20_0____3.csv;t_014c2259cce4ab13____c20_0____1__t_014c2259cce4ab13____c24_1____3_fair.csv;t_014c2259cce4ab13____c20_0____4.csv;t_014c2259cce4ab13____c18_0____3__t_014c2259cce4ab13____c24_1____3_fair.csv,"{""needs_fairification"": true, ""success"": false, ""swaps_made"": 4, ""initial_fairness"": 0.068, ""initial_delta"": 0.33, ""dominated_removed_count"": 56, ""dominance_candidate_pool_size"": 61, ""candidates_after_winnow"": 1}"
tusLarge3,nl,t_014c2259cce4ab13____c24_1____3_fair.csv,10,711,66,10,False,0.1263,1.0,0.014064697609001406,0.014064697609001406,185.45440113544464,185.45440113544464,t_014c2259cce4ab13____c20_1____3__t_014c2259cce4ab13____c24_1____3_fair.csv;t_014c2259cce4ab13____c20_1____3__t_014c2259cce4ab13____c20_0____0_fair.csv;t_014c2259cce4ab13____c20_1____3__t_014c2259cce4ab13____c17_1____1_fair.csv;t_014c2259cce4ab13____c20_0____3.csv;t_014c2259cce4ab13____c20_0____3__t_014c2259cce4ab13____c5_0____0_fair.csv;t_014c2259cce4ab13____c20_0____3__t_014c2259cce4ab13____c27_0____4_fair.csv;t_014c2259cce4ab13____c20_0____3__t_014c2259cce4ab13____c24_1____3_fair.csv;t_014c2259cce4ab13____c20_1____3.csv;t_014c2259cce4ab13____c20_0____1__t_014c2259cce4ab13____c24_1____3_fair.csv;t_014c2259cce4ab13____c18_0____3__t_014c2259cce4ab13____c24_1____3_fair.csv,"{""needs_fairification"": true, ""success"": false, ""swaps_made"": 3, ""initial_fairness"": 0.0391, ""initial_delta"": 0.36, ""dominated_removed_count"": 51, ""dominance_candidate_pool_size"": 56, ""candidates_after_winnow"": 2}"
tusLarge3,nl,t_014c2259cce4ab13____c24_1____3_fair.csv,20,711,66,20,False,0.0855,0.85,0.02390998593530239,0.02812939521800281,368.1883880496025,368.1883880496025,t_014c2259cce4ab13____c20_1____3__t_014c2259cce4ab13____c27_0____4_fair.csv;t_014c2259cce4ab13____c20_1____3__t_014c2259cce4ab13____c24_1____3_fair.csv;t_014c2259cce4ab13____c20_1____3__t_014c2259cce4ab13____c20_0____0_fair.csv;t_014c2259cce4ab13____c20_1____3__t_014c2259cce4ab13____c17_1____1_fair.csv;t_014c2259cce4ab13____c20_0____3.csv;t_014c2259cce4ab13____c20_0____3__t_014c2259cce4ab13____c5_0____0_fair.csv;t_014c2259cce4ab13____c20_0____3__t_014c2259cce4ab13____c27_0____4_fair.csv;t_014c2259cce4ab13____c20_0____3__t_014c2259cce4ab13____c24_1____3_fair.csv;t_014c2259cce4ab13____c20_0____3__t_014c2259cce4ab13____c20_0____0_fair.csv;t_014c2259cce4ab13____c20_0____3__t_014c2259cce4ab13____c17_1____1_fair.csv;t_014c2259cce4ab13____c20_1____3.csv;t_014c2259cce4ab13____c20_0____1__t_014c2259cce4ab13____c27_0____4_fair.csv;t_014c2259cce4ab13____c20_0____1__t_014c2259cce4ab13____c24_1____3_fair.csv;t_014c2259cce4ab13____c20_0____1__t_014c2259cce4ab13____c17_1____1_fair.csv;t_014c2259cce4ab13____c20_0____1.csv;t_014c2259cce4ab13____c21_1____1__t_014c2259cce4ab13____c5_0____0_fair.csv;t_014c2259cce4ab13____c21_1____1__t_014c2259cce4ab13____c3_1____0_fair.csv;t_014c2259cce4ab13____c21_1____1__t_014c2259cce4ab13____c27_0____4_fair.csv;t_014c2259cce4ab13____c18_1____3__t_014c2259cce4ab13____c24_1____3_fair.csv;t_014c2259cce4ab13____c18_0____3__t_014c2259cce4ab13____c24_1____3_fair.csv,"{""needs_fairification"": true, ""success"": false, ""swaps_made"": 2, ""initial_fairness"": 0.0425, ""initial_delta"": 0.36, ""dominated_removed_count"": 42, ""dominance_candidate_pool_size"": 46, ""candidates_after_winnow"": 2}"
tusLarge3,nl,t_1d580f266b2a923b____c7_0____3_fair.csv,5,375,117,5,True,0.3281,1.0,0.013333333333333334,0.013333333333333334,34.183662712574005,34.183662712574005,t_1d580f266b2a923b____c7_0____0__t_1d580f266b2a923b____c10_1____0_fair.csv;t_1d580f266b2a923b____c7_0____0__t_1d580f266b2a923b____c7_0____3_fair.csv;t_1d580f266b2a923b____c7_0____2__t_1d580f266b2a923b____c11_1____2_fair.csv;t_1d580f266b2a923b____c7_0____1__t_1d580f266b2a923b____c7_0____3_fair.csv;t_1d580f266b2a923b____c11_1____0__t_1d580f266b2a923b____c7_0____3_fair.csv,"{""needs_fairification"": true, ""success"": true, ""swaps_made"": 2, ""initial_fairness"": 0.1825, ""initial_delta"": 0.22, ""dominated_removed_count"": 100, ""dominance_candidate_pool_size"": 112, ""candidates_after_winnow"": 10}"
tusLarge3,nl,t_1d580f266b2a923b____c7_0____3_fair.csv,10,375,117,10,True,0.3063,1.0,0.02666666666666667,0.02666666666666667,67.27792346477509,67.27792346477509,t_1d580f266b2a923b____c7_0____0__t_1d580f266b2a923b____c7_0____3_fair.csv;t_1d580f266b2a923b____c7_0____2__t_1d580f266b2a923b____c11_1____3_fair.csv;t_1d580f266b2a923b____c7_0____2__t_1d580f266b2a923b____c10_1____0_fair.csv;t_1d580f266b2a923b____c7_0____2__t_1d580f266b2a923b____c7_0____3_fair.csv;t_1d580f266b2a923b____c10_1____2__t_1d580f266b2a923b____c7_0____3_fair.csv;t_1d580f266b2a923b____c10_1____2__t_1d580f266b2a923b____c11_1____3_fair.csv;t_1d580f266b2a923b____c7_0____1__t_1d580f266b2a923b____c7_0____3_fair.csv;t_1d580f266b2a923b____c7_0____4__t_1d580f266b2a923b____c7_0____3_fair.csv;t_1d580f266b2a923b____c11_1____0__t_1d580f266b2a923b____c7_0____3_fair.csv;t_1d580f266b2a923b____c6_0____1__t_1d580f266b2a923b____c7_0____3_fair.csv,"{""needs_fairification"": true, ""success"": true, ""swaps_made"": 4, ""initial_fairness"": 0.1524, ""initial_delta"": 0.25, ""dominated_removed_count"": 97, ""dominance_candidate_pool_size"": 107, ""candidates_after_winnow"": 6}"
tusLarge3,nl,t_1d580f266b2a923b____c7_0____3_fair.csv,20,375,117,20,False,0.226,1.0,0.05333333333333334,0.05333333333333334,133.2807233929634,133.2807233929634,t_1d580f266b2a923b____c7_0____0__t_1d580f266b2a923b____c7_0____3_fair.csv;t_1d580f266b2a923b____c7_0____2__t_1d580f266b2a923b____c11_1____3_fair.csv;t_1d580f266b2a923b____c7_0____2__t_1d580f266b2a923b____c10_1____0_fair.csv;t_1d580f266b2a923b____c7_0____2__t_1d580f266b2a923b____c7_0____3_fair.csv;t_1d580f266b2a923b____c10_1____2__t_1d580f266b2a923b____c11_1____3_fair.csv;t_1d580f266b2a923b____c7_0____0.csv;t_1d580f266b2a923b____c7_0____1__t_1d580f266b2a923b____c10_1____0_fair.csv;t_1d580f266b2a923b____c7_0____1.csv;t_1d580f266b2a923b____c10_1____2__t_1d580f266b2a923b____c11_1____2_fair.csv;t_1d580f266b2a923b____c7_0____1__t_1d580f266b2a923b____c7_0____3_fair.csv;t_1d580f266b2a923b____c7_0____1__t_1d580f266b2a923b____c11_1____2_fair.csv;t_1d580f266b2a923b____c7_0____4__t_1d580f266b2a923b____c7_0____3_fair.csv;t_1d580f266b2a923b____c7_0____1__t_1d580f266b2a923b____c11_1____3_fair.csv;t_1d580f266b2a923b____c10_1____2__t_1d580f266b2a923b____c1_0____4_fair.csv;t_1d580f266b2a923b____c7_0____4__t_1d580f266b2a923b____c11_1____3_fair.csv;t_1d580f266b2a923b____c11_1____0__t_1d580f266b2a923b____c7_0____3_fair.csv;t_1d580f266b2a923b____c8_0____4__t_1d580f266b2a923b____c7_0____3_fair.csv;t_1d580f266b2a923b____c6_0____2__t_1d580f266b2a923b____c7_0____3_fair.csv;t_1d580f266b2a923b____c6_0____1__t_1d580f266b2a923b____c7_0____3_fair.csv;t_1d580f266b2a923b____c6_0____4.csv,"{""needs_fairification"": true, ""success"": false, ""swaps_made"": 5, ""initial_fairness"": 0.1373, ""initial_delta"": 0.26, ""dominated_removed_count"": 88, ""dominance_candidate_pool_size"": 97, ""candidates_after_winnow"": 4}"
tusLarge3,nl,t_1d580f266b2a923b____c11_1____2_fair.csv,5,375,95,5,True,0.3268,1.0,0.013333333333333334,0.013333333333333334,53.75034445524216,53.75034445524216,t_1d580f266b2a923b____c11_1____0__t_1d580f266b2a923b____c9_0____1_fair.csv;t_1d580f266b2a923b____c11_1____0__t_1d580f266b2a923b____c7_0____3_fair.csv;t_1d580f266b2a923b____c11_1____0__t_1d580f266b2a923b____c1_0____4_fair.csv;t_1d580f266b2a923b____c11_1____0__t_1d580f266b2a923b____c11_1____3_fair.csv;t_1d580f266b2a923b____c11_1____1__t_1d580f266b2a923b____c1_0____4_fair.csv,"{""needs_fairification"": true, ""success"": true, ""swaps_made"": 1, ""initial_fairness"": 0.2743, ""initial_delta"": 0.13, ""dominated_removed_count"": 74, ""dominance_candidate_pool_size"": 90, ""candidates_after_winnow"": 15}"
tusLarge3,nl,t_1d580f266b2a923b____c11_1____2_fair.csv,10,375,95,10,True,0.326,1.0,0.02666666666666667,0.02666666666666667,107.41682243347168,107.41682243347168,t_1d580f266b2a923b____c11_1____0__t_1d580f266b2a923b____c9_0____1_fair.csv;t_1d580f266b2a923b____c11_1____0__t_1d580f266b2a923b____c1_0____4_fair.csv;t_1d580f266b2a923b____c11_1____0__t_1d580f266b2a923b____c11_1____3_fair.csv;t_1d580f266b2a923b____c11_1____0__t_1d580f266b2a923b____c11_1____2_fair.csv;t_1d580f266b2a923b____c11_1____0__t_1d580f266b2a923b____c10_1____0_fair.csv;t_1d580f266b2a923b____c11_1____0.csv;t_1d580f266b2a923b____c12_0____0__t_1d580f266b2a923b____c7_0____3_fair.csv;t_1d580f266b2a923b____c11_0____1__t_1d580f266b2a923b____c1_0____4_fair.csv;t_1d580f266b2a923b____c11_1____1__t_1d580f266b2a923b____c1_0____4_fair.csv;t_1d580f266b2a923b____c11_1____4__t_1d580f266b2a923b____c1_0____4_fair.csv,"{""needs_fairification"": true, ""success"": true, ""swaps_made"": 3, ""initial_fairness"": 0.2289, ""initial_delta"": 0.17, ""dominated_removed_count"": 67, ""dominance_candidate_pool_size"": 85, ""candidates_after_winnow"": 15}"
tusLarge3,nl,t_1d580f266b2a923b____c11_1____2_fair.csv,20,375,95,20,True,0.2951,1.0,0.05333333333333334,0.05333333333333334,214.47082895040512,214.47082895040512,t_1d580f266b2a923b____c11_1____0__t_1d580f266b2a923b____c9_0____1_fair.csv;t_1d580f266b2a923b____c11_1____0__t_1d580f266b2a923b____c1_0____4_fair.csv;t_1d580f266b2a923b____c11_1____0__t_1d580f266b2a923b____c11_1____3_fair.csv;t_1d580f266b2a923b____c11_1____0__t_1d580f266b2a923b____c11_1____2_fair.csv;t_1d580f266b2a923b____c11_1____0__t_1d580f266b2a923b____c10_1____0_fair.csv;t_1d580f266b2a923b____c11_1____0.csv;t_1d580f266b2a923b____c11_0____0__t_1d580f266b2a923b____c10_1____0_fair.csv;t_1d580f266b2a923b____c11_0____0__t_1d580f266b2a923b____c11_1____3_fair.csv;t_1d580f266b2a923b____c11_0____0__t_1d580f266b2a923b____c9_0____1_fair.csv;t_1d580f266b2a923b____c11_0____0__t_1d580f266b2a923b____c11_1____2_fair.csv;t_1d580f266b2a923b____c12_0____0.csv;t_1d580f266b2a923b____c11_0____1__t_1d580f266b2a923b____c1_0____4_fair.csv;t_1d580f266b2a923b____c11_0____1__t_1d580f266b2a923b____c10_1____0_fair.csv;t_1d580f266b2a923b____c11_0____1__t_1d580f266b2a923b____c11_1____3_fair.csv;t_1d580f266b2a923b____c11_1____1__t_1d580f266b2a923b____c9_0____1_fair.csv;t_1d580f266b2a923b____c11_1____1__t_1d580f266b2a923b____c1_0____4_fair.csv;t_1d580f266b2a923b____c11_1____1__t_1d580f266b2a923b____c11_1____3_fair.csv;t_1d580f266b2a923b____c11_1____4__t_1d580f266b2a923b____c9_0____1_fair.csv;t_1d580f266b2a923b____c11_1____4__t_1d580f266b2a923b____c1_0____4_fair.csv;t_1d580f266b2a923b____c11_1____4__t_1d580f266b2a923b____c11_1____3_fair.csv,"{""needs_fairification"": true, ""success"": true, ""swaps_made"": 9, ""initial_fairness"": 0.1231, ""initial_delta"": 0.28, ""dominated_removed_count"": 60, ""dominance_candidate_pool_size"": 75, ""candidates_after_winnow"": 6}"
tusLarge3,nl,t_1d580f266b2a923b____c11_1____3_fair.csv,5,310,94,5,True,0.3162,1.0,0.016129032258064516,0.016129032258064516,53.99185848236084,53.99185848236084,t_1d580f266b2a923b____c11_0____0.csv;t_1d580f266b2a923b____c12_0____0__t_1d580f266b2a923b____c9_0____1_fair.csv;t_1d580f266b2a923b____c12_0____0__t_1d580f266b2a923b____c7_0____3_fair.csv;t_1d580f266b2a923b____c12_0____0__t_1d580f266b2a923b____c1_0____4_fair.csv;t_1d580f266b2a923b____c12_0____0__t_1d580f266b2a923b____c11_1____3_fair.csv,"{""needs_fairification"": false, ""success"": true, ""swaps_made"": 0, ""initial_fairness"": 0.3162, ""initial_delta"": 0.08}"
tusLarge3,nl,t_1d580f266b2a923b____c11_1____3_fair.csv,10,310,94,10,True,0.2985,1.0,0.03225806451612903,0.03225806451612903,107.92532122135162,107.92532122135162,t_1d580f266b2a923b____c11_0____0.csv;t_1d580f266b2a923b____c12_0____0__t_1d580f266b2a923b____c9_0____1_fair.csv;t_1d580f266b2a923b____c12_0____0__t_1d580f266b2a923b____c7_0____3_fair.csv;t_1d580f266b2a923b____c12_0____0__t_1d580f266b2a923b____c1_0____4_fair.csv;t_1d580f266b2a923b____c12_0____0__t_1d580f266b2a923b____c11_1____3_fair.csv;t_1d580f266b2a923b____c12_0____0__t_1d580f266b2a923b____c11_1____2_fair.csv;t_1d580f266b2a923b____c12_0____0__t_1d580f266b2a923b____c10_1____0_fair.csv;t_1d580f266b2a923b____c11_1____0__t_1d580f266b2a923b____c9_0____1_fair.csv;t_1d580f266b2a923b____c11_1____0__t_1d580f266b2a923b____c7_0____3_fair.csv;t_1d580f266b2a923b____c11_1____0__t_1d580f266b2a923b____c1_0____4_fair.csv,"{""needs_fairification"": false, ""success"": true, ""swaps_made"": 0, ""initial_fairness"": 0.2985, ""initial_delta"": 0.1}"
tusLarge3,nl,t_1d580f266b2a923b____c11_1____3_fair.csv,20,310,94,20,True,0.2952,1.0,0.06451612903225806,0.06451612903225806,215.7560252547264,215.7560252547264,t_1d580f266b2a923b____c11_0____0.csv;t_1d580f266b2a923b____c12_0____0__t_1d580f266b2a923b____c9_0____1_fair.csv;t_1d580f266b2a923b____c12_0____0__t_1d580f266b2a923b____c7_0____3_fair.csv;t_1d580f266b2a923b____c12_0____0__t_1d580f266b2a923b____c1_0____4_fair.csv;t_1d580f266b2a923b____c12_0____0__t_1d580f266b2a923b____c11_1____3_fair.csv;t_1d580f266b2a923b____c12_0____0__t_1d580f266b2a923b____c11_1____2_fair.csv;t_1d580f266b2a923b____c12_0____0__t_1d580f266b2a923b____c10_1____0_fair.csv;t_1d580f266b2a923b____c11_1____0__t_1d580f266b2a923b____c9_0____1_fair.csv;t_1d580f266b2a923b____c11_1____0__t_1d580f266b2a923b____c7_0____3_fair.csv;t_1d580f266b2a923b____c11_1____0__t_1d580f266b2a923b____c1_0____4_fair.csv;t_1d580f266b2a923b____c11_1____0__t_1d580f266b2a923b____c11_1____3_fair.csv;t_1d580f266b2a923b____c11_1____0__t_1d580f266b2a923b____c11_1____2_fair.csv;t_1d580f266b2a923b____c11_1____0__t_1d580f266b2a923b____c10_1____0_fair.csv;t_1d580f266b2a923b____c11_0____0__t_1d580f266b2a923b____c1_0____4_fair.csv;t_1d580f266b2a923b____c11_0____0__t_1d580f266b2a923b____c10_1____0_fair.csv;t_1d580f266b2a923b____c12_0____3__t_1d580f266b2a923b____c9_0____1_fair.csv;t_1d580f266b2a923b____c12_0____3__t_1d580f266b2a923b____c7_0____3_fair.csv;t_1d580f266b2a923b____c12_0____3__t_1d580f266b2a923b____c1_0____4_fair.csv;t_1d580f266b2a923b____c12_0____3__t_1d580f266b2a923b____c11_1____3_fair.csv;t_1d580f266b2a923b____c12_0____3__t_1d580f266b2a923b____c11_1____2_fair.csv,"{""needs_fairification"": false, ""success"": true, ""swaps_made"": 0, ""initial_fairness"": 0.2952, ""initial_delta"": 0.1}"
tusLarge3,nl,t_1934eacab8c57857____c18_0____0_fair.csv,5,505,61,5,True,0.3093,1.0,0.009900990099009901,0.009900990099009901,82.17867517471313,82.17867517471313,t_1934eacab8c57857____c19_0____0__t_1934eacab8c57857____c11_0____3_fair.csv;t_1934eacab8c57857____c19_0____0__t_1934eacab8c57857____c10_0____1_fair.csv;t_1934eacab8c57857____c18_1____0__t_1934eacab8c57857____c18_0____0_fair.csv;t_1934eacab8c57857____c19_0____1__t_1934eacab8c57857____c18_0____0_fair.csv;t_1934eacab8c57857____c16_1____0__t_1934eacab8c57857____c18_0____0_fair.csv,"{""needs_fairification"": true, ""success"": true, ""swaps_made"": 3, ""initial_fairness"": 0.0748, ""initial_delta"": 0.33, ""dominated_removed_count"": 49, ""dominance_candidate_pool_size"": 56, ""candidates_after_winnow"": 4}"
tusLarge3,nl,t_1934eacab8c57857____c18_0____0_fair.csv,10,505,61,10,False,0.2825,1.0,0.019801980198019802,0.019801980198019802,165.85473078489304,165.85473078489304,t_1934eacab8c57857____c19_0____0.csv;t_1934eacab8c57857____c18_1____0__t_1934eacab8c57857____c18_0____0_fair.csv;t_1934eacab8c57857____c18_1____0__t_1934eacab8c57857____c11_0____3_fair.csv;t_1934eacab8c57857____c18_1____0__t_1934eacab8c57857____c10_0____1_fair.csv;t_1934eacab8c57857____c18_1____0.csv;t_1934eacab8c57857____c18_0____1.csv;t_1934eacab8c57857____c17_1____0__t_1934eacab8c57857____c18_0____0_fair.csv;t_1934eacab8c57857____c18_0____1__t_1934eacab8c57857____c18_0____0_fair.csv;t_1934eacab8c57857____c19_0____1__t_1934eacab8c57857____c18_0____0_fair.csv;t_1934eacab8c57857____c16_1____0__t_1934eacab8c57857____c18_0____0_fair.csv,"{""needs_fairification"": true, ""success"": false, ""swaps_made"": 7, ""initial_fairness"": 0.0864, ""initial_delta"": 0.31, ""dominated_removed_count"": 44, ""dominance_candidate_pool_size"": 51, ""candidates_after_winnow"": 0}"
tusLarge3,nl,t_1934eacab8c57857____c18_0____0_fair.csv,20,505,61,20,False,0.1743,1.0,0.039603960396039604,0.039603960396039604,333.56334459781647,333.56334459781647,t_1934eacab8c57857____c19_0____0__t_1934eacab8c57857____c10_0____1_fair.csv;t_1934eacab8c57857____c19_0____0.csv;t_1934eacab8c57857____c18_1____0__t_1934eacab8c57857____c8_1____3_fair.csv;t_1934eacab8c57857____c18_1____0__t_1934eacab8c57857____c18_0____3_fair.csv;t_1934eacab8c57857____c18_1____0__t_1934eacab8c57857____c18_0____0_fair.csv;t_1934eacab8c57857____c18_1____0__t_1934eacab8c57857____c11_0____3_fair.csv;t_1934eacab8c57857____c18_1____0__t_1934eacab8c57857____c10_0____1_fair.csv;t_1934eacab8c57857____c18_1____0.csv;t_1934eacab8c57857____c18_0____1.csv;t_1934eacab8c57857____c17_1____0__t_1934eacab8c57857____c8_1____3_fair.csv;t_1934eacab8c57857____c17_1____0__t_1934eacab8c57857____c18_0____3_fair.csv;t_1934eacab8c57857____c17_1____0__t_1934eacab8c57857____c18_0____0_fair.csv;t_1934eacab8c57857____c17_1____0__t_1934eacab8c57857____c11_0____3_fair.csv;t_1934eacab8c57857____c17_1____0__t_1934eacab8c57857____c10_0____1_fair.csv;t_1934eacab8c57857____c17_1____0.csv;t_1934eacab8c57857____c18_0____1__t_1934eacab8c57857____c8_1____3_fair.csv;t_1934eacab8c57857____c18_0____1__t_1934eacab8c57857____c18_0____0_fair.csv;t_1934eacab8c57857____c19_0____1__t_1934eacab8c57857____c18_0____0_fair.csv;t_1934eacab8c57857____c17_0____0__t_1934eacab8c57857____c18_0____0_fair.csv;t_1934eacab8c57857____c16_1____0__t_1934eacab8c57857____c18_0____0_fair.csv,"{""needs_fairification"": true, ""success"": false, ""swaps_made"": 4, ""initial_fairness"": 0.0825, ""initial_delta"": 0.32, ""dominated_removed_count"": 37, ""dominance_candidate_pool_size"": 41, ""candidates_after_winnow"": 0}"
tusLarge3,nl,t_1d580f266b2a923b____c9_0____1_fair.csv,5,256,122,5,True,0.3319,1.0,0.01953125,0.01953125,43.51885658502579,43.51885658502579,t_1d580f266b2a923b____c9_0____3__t_1d580f266b2a923b____c9_0____1_fair.csv;t_1d580f266b2a923b____c9_0____3__t_1d580f266b2a923b____c1_0____4_fair.csv;t_1d580f266b2a923b____c9_0____3__t_1d580f266b2a923b____c11_1____2_fair.csv;t_1d580f266b2a923b____c9_0____0__t_1d580f266b2a923b____c9_0____1_fair.csv;t_1d580f266b2a923b____c9_1____0__t_1d580f266b2a923b____c9_0____1_fair.csv,"{""needs_fairification"": true, ""success"": true, ""swaps_made"": 1, ""initial_fairness"": 0.2682, ""initial_delta"": 0.13, ""dominated_removed_count"": 99, ""dominance_candidate_pool_size"": 117, ""candidates_after_winnow"": 17}"
tusLarge3,nl,t_1d580f266b2a923b____c9_0____1_fair.csv,10,256,122,10,True,0.2986,1.0,0.0390625,0.0390625,83.82154703140259,83.82154703140259,t_1d580f266b2a923b____c9_0____3__t_1d580f266b2a923b____c9_0____1_fair.csv;t_1d580f266b2a923b____c9_0____0__t_1d580f266b2a923b____c9_0____1_fair.csv;t_1d580f266b2a923b____c9_0____0__t_1d580f266b2a923b____c7_0____3_fair.csv;t_1d580f266b2a923b____c9_0____0__t_1d580f266b2a923b____c1_0____4_fair.csv;t_1d580f266b2a923b____c9_0____0__t_1d580f266b2a923b____c11_1____2_fair.csv;t_1d580f266b2a923b____c9_1____1__t_1d580f266b2a923b____c9_0____1_fair.csv;t_1d580f266b2a923b____c9_1____1__t_1d580f266b2a923b____c7_0____3_fair.csv;t_1d580f266b2a923b____c9_1____3__t_1d580f266b2a923b____c9_0____1_fair.csv;t_1d580f266b2a923b____c9_1____0__t_1d580f266b2a923b____c9_0____1_fair.csv;t_1d580f266b2a923b____c6_1____0__t_1d580f266b2a923b____c9_0____1_fair.csv,"{""needs_fairification"": true, ""success"": true, ""swaps_made"": 3, ""initial_fairness"": 0.201, ""initial_delta"": 0.2, ""dominated_removed_count"": 95, ""dominance_candidate_pool_size"": 112, ""candidates_after_winnow"": 14}"
tusLarge3,nl,t_1d580f266b2a923b____c9_0____1_fair.csv,20,256,122,20,True,0.3011,1.0,0.078125,0.078125,165.31889325380325,165.31889325380325,t_1d580f266b2a923b____c9_0____3__t_1d580f266b2a923b____c9_0____1_fair.csv;t_1d580f266b2a923b____c9_0____0__t_1d580f266b2a923b____c9_0____1_fair.csv;t_1d580f266b2a923b____c9_1____1__t_1d580f266b2a923b____c9_0____1_fair.csv;t_1d580f266b2a923b____c9_1____1__t_1d580f266b2a923b____c7_0____3_fair.csv;t_1d580f266b2a923b____c9_1____1__t_1d580f266b2a923b____c11_1____2_fair.csv;t_1d580f266b2a923b____c9_1____1.csv;t_1d580f266b2a923b____c9_0____0.csv;t_1d580f266b2a923b____c9_0____2__t_1d580f266b2a923b____c9_0____1_fair.csv;t_1d580f266b2a923b____c9_0____2__t_1d580f266b2a923b____c7_0____3_fair.csv;t_1d580f266b2a923b____c9_0____2__t_1d580f266b2a923b____c1_0____4_fair.csv;t_1d580f266b2a923b____c9_0____2__t_1d580f266b2a923b____c11_1____2_fair.csv;t_1d580f266b2a923b____c9_0____3.csv;t_1d580f266b2a923b____c9_0____4__t_1d580f266b2a923b____c9_0____1_fair.csv;t_1d580f266b2a923b____c9_0____4__t_1d580f266b2a923b____c7_0____3_fair.csv;t_1d580f266b2a923b____c12_0____1__t_1d580f266b2a923b____c9_0____1_fair.csv;t_1d580f266b2a923b____c9_1____3__t_1d580f266b2a923b____c9_0____1_fair.csv;t_1d580f266b2a923b____c9_1____0__t_1d580f266b2a923b____c9_0____1_fair.csv;t_1d580f266b2a923b____c7_1____0__t_1d580f266b2a923b____c9_0____1_fair.csv;t_1d580f266b2a923b____c7_1____1__t_1d580f266b2a923b____c9_0____1_fair.csv;t_1d580f266b2a923b____c6_1____0__t_1d580f266b2a923b____c9_0____1_fair.csv,"{""needs_fairification"": true, ""success"": true, ""swaps_made"": 6, ""initial_fairness"": 0.1832, ""initial_delta"": 0.22, ""dominated_removed_count"": 83, ""dominance_candidate_pool_size"": 102, ""candidates_after_winnow"": 13}"
tusLarge3,nl,t_240c872e361b3c8e____c1_0____2_fair.csv,5,326,379,5,True,0.359,1.0,0.015337423312883436,0.015337423312883436,4.836189687252045,4.836189687252045,t_240c872e361b3c8e____c1_0____3.csv;t_240c872e361b3c8e____c1_0____0.csv;t_240c872e361b3c8e____c1_0____0__t_240c872e361b3c8e____c1_0____2_fair.csv;t_240c872e361b3c8e____c1_0____1__t_240c872e361b3c8e____c1_0____2_fair.csv;t_240c872e361b3c8e____c1_0____3__t_240c872e361b3c8e____c1_0____2_fair.csv,"{""needs_fairification"": true, ""success"": true, ""swaps_made"": 1, ""initial_fairness"": 0.2938, ""initial_delta"": 0.11, ""dominated_removed_count"": 363, ""dominance_candidate_pool_size"": 374, ""candidates_after_winnow"": 10}"
tusLarge3,nl,t_240c872e361b3c8e____c1_0____2_fair.csv,10,326,379,10,True,0.3082,0.6,0.018404907975460124,0.03067484662576687,8.946535766124725,8.946535766124725,t_240c872e361b3c8e____c1_0____0.csv;t_240c872e361b3c8e____c1_0____0__t_240c872e361b3c8e____c1_0____2_fair.csv;t_240c872e361b3c8e____c1_0____1__t_240c872e361b3c8e____c1_0____2_fair.csv;t_240c872e361b3c8e____c1_0____3__t_240c872e361b3c8e____c1_0____2_fair.csv;t_240c872e361b3c8e____c1_0____4.csv;t_240c872e361b3c8e____c1_0____4__t_240c872e361b3c8e____c1_0____2_fair.csv;PED_YT_DTL_SNF____c2_0____0__PED_YT_DTL_SNF____c19_1____0_fair.csv;t_285b3bcd52ec0c86____c3_1____1__t_285b3bcd52ec0c86____c7_1____2_fair.csv;t_013a2f8c584d44d7____c2_0____4.csv;t_1d580f266b2a923b____c1_1____2__t_1d580f266b2a923b____c7_0____3_fair.csv,"{""needs_fairification"": true, ""success"": true, ""swaps_made"": 2, ""initial_fairness"": 0.2736, ""initial_delta"": 0.13, ""dominated_removed_count"": 357, ""dominance_candidate_pool_size"": 369, ""candidates_after_winnow"": 10}"
tusLarge3,nl,t_240c872e361b3c8e____c1_0____2_fair.csv,20,326,379,20,False,0.2037,0.25,0.015337423312883436,0.06134969325153374,16.8508283495903,16.8508283495903,t_240c872e361b3c8e____c1_0____0__t_240c872e361b3c8e____c1_0____2_fair.csv;t_240c872e361b3c8e____c1_0____1__t_240c872e361b3c8e____c1_0____2_fair.csv;t_240c872e361b3c8e____c1_0____3__t_240c872e361b3c8e____c1_0____2_fair.csv;t_240c872e361b3c8e____c1_0____4.csv;t_240c872e361b3c8e____c1_0____4__t_240c872e361b3c8e____c1_0____2_fair.csv;PED_YT_DTL_SNF____c2_0____0__PED_YT_DTL_SNF____c19_1____0_fair.csv;t_285b3bcd52ec0c86____c3_1____1__t_285b3bcd52ec0c86____c7_1____2_fair.csv;t_285b3bcd52ec0c86____c3_1____0__t_285b3bcd52ec0c86____c7_1____2_fair.csv;t_8b91ff826fe3eeb8____c3_1____0.csv;PED_YT_DTL_SNF____c2_1____0__PED_YT_DTL_SNF____c19_1____0_fair.csv;t_285b3bcd52ec0c86____c2_1____0.csv;t_013a2f8c584d44d7____c2_0____4__t_013a2f8c584d44d7____c7_1____4_fair.csv;t_285b3bcd52ec0c86____c3_1____1.csv;t_013a2f8c584d44d7____c2_0____3__t_013a2f8c584d44d7____c7_1____4_fair.csv;t_dc9442ed0b52d69c____c2_1____1__t_dc9442ed0b52d69c____c2_1____2_fair.csv;PED_YT_DTL_SNF____c2_0____0.csv;t_013a2f8c584d44d7____c2_0____4.csv;t_356fc1eaad97f93b____c2_1____2__t_356fc1eaad97f93b____c14_1____2_fair.csv;t_356fc1eaad97f93b____c2_1____1__t_356fc1eaad97f93b____c14_1____2_fair.csv;t_356fc1eaad97f93b____c2_1____4__t_356fc1eaad97f93b____c14_1____2_fair.csv,"{""needs_fairification"": true, ""success"": false, ""swaps_made"": 8, ""initial_fairness"": 0.0039, ""initial_delta"": 0.4, ""dominated_removed_count"": 348, ""dominance_candidate_pool_size"": 359, ""candidates_after_winnow"": 3}"
tusLarge3,nl,t_240c872e361b3c8e____c5_1____3_fair.csv,5,401,151,5,True,0.3333,1.0,0.012468827930174564,0.012468827930174564,23.41268527507782,23.41268527507782,t_240c872e361b3c8e____c5_1____2__t_240c872e361b3c8e____c5_1____3_fair.csv;t_240c872e361b3c8e____c5_1____2__t_240c872e361b3c8e____c18_1____4_fair.csv;t_240c872e361b3c8e____c5_1____2.csv;t_240c872e361b3c8e____c5_1____0__t_240c872e361b3c8e____c5_1____3_fair.csv;t_240c872e361b3c8e____c8_1____3__t_240c872e361b3c8e____c5_1____3_fair.csv,"{""needs_fairification"": true, ""success"": true, ""swaps_made"": 1, ""initial_fairness"": 0.2338, ""initial_delta"": 0.17, ""dominated_removed_count"": 141, ""dominance_candidate_pool_size"": 146, ""candidates_after_winnow"": 4}"
tusLarge3,nl,t_240c872e361b3c8e____c5_1____3_fair.csv,10,401,151,10,False,0.2889,1.0,0.02493765586034913,0.02493765586034913,44.270956158638,44.270956158638,t_240c872e361b3c8e____c5_1____2__t_240c872e361b3c8e____c5_1____3_fair.csv;t_240c872e361b3c8e____c5_1____0__t_240c872e361b3c8e____c5_1____3_fair.csv;t_240c872e361b3c8e____c5_1____4__t_240c872e361b3c8e____c18_1____4_fair.csv;t_240c872e361b3c8e____c5_1____1__t_240c872e361b3c8e____c5_1____3_fair.csv;t_240c872e361b3c8e____c5_1____1__t_240c872e361b3c8e____c1_0____2_fair.csv;t_240c872e361b3c8e____c5_1____4.csv;t_240c872e361b3c8e____c5_1____1.csv;t_240c872e361b3c8e____c8_1____3__t_240c872e361b3c8e____c5_1____3_fair.csv;t_240c872e361b3c8e____c4_1____0__t_240c872e361b3c8e____c5_1____3_fair.csv;t_240c872e361b3c8e____c4_1____4__t_240c872e361b3c8e____c5_1____3_fair.csv,"{""needs_fairification"": true, ""success"": false, ""swaps_made"": 5, ""initial_fairness"": 0.1681, ""initial_delta"": 0.23, ""dominated_removed_count"": 135, ""dominance_candidate_pool_size"": 141, ""candidates_after_winnow"": 1}"
tusLarge3,nl,t_240c872e361b3c8e____c5_1____3_fair.csv,20,401,151,20,False,0.1485,0.9,0.04488778054862843,0.04987531172069826,90.24060773849487,90.24060773849487,t_240c872e361b3c8e____c5_1____2__t_240c872e361b3c8e____c5_1____3_fair.csv;t_240c872e361b3c8e____c5_1____2__t_240c872e361b3c8e____c18_1____4_fair.csv;t_240c872e361b3c8e____c5_1____2.csv;t_240c872e361b3c8e____c5_1____0__t_240c872e361b3c8e____c5_1____3_fair.csv;t_240c872e361b3c8e____c5_1____4__t_240c872e361b3c8e____c5_1____3_fair.csv;t_240c872e361b3c8e____c5_1____4__t_240c872e361b3c8e____c1_0____2_fair.csv;t_240c872e361b3c8e____c5_1____4__t_240c872e361b3c8e____c18_1____4_fair.csv;t_240c872e361b3c8e____c5_1____1__t_240c872e361b3c8e____c5_1____3_fair.csv;t_240c872e361b3c8e____c5_1____1__t_240c872e361b3c8e____c1_0____2_fair.csv;t_240c872e361b3c8e____c5_1____1__t_240c872e361b3c8e____c18_1____4_fair.csv;t_240c872e361b3c8e____c5_1____4.csv;t_240c872e361b3c8e____c5_1____0__t_240c872e361b3c8e____c1_0____2_fair.csv;t_240c872e361b3c8e____c5_1____1.csv;t_240c872e361b3c8e____c5_1____0__t_240c872e361b3c8e____c18_1____4_fair.csv;t_240c872e361b3c8e____c5_1____0.csv;t_240c872e361b3c8e____c8_1____3__t_240c872e361b3c8e____c5_1____3_fair.csv;t_8f2aacee00084d17____c6_1____4__t_8f2aacee00084d17____c16_1____1_fair.csv;t_8f2aacee00084d17____c6_1____4__t_8f2aacee00084d17____c11_0____4_fair.csv;t_240c872e361b3c8e____c4_1____0__t_240c872e361b3c8e____c5_1____3_fair.csv;t_240c872e361b3c8e____c4_1____4__t_240c872e361b3c8e____c5_1____3_fair.csv,"{""needs_fairification"": true, ""success"": false, ""swaps_made"": 5, ""initial_fairness"": 0.0369, ""initial_delta"": 0.36, ""dominated_removed_count"": 123, ""dominance_candidate_pool_size"": 131, ""candidates_after_winnow"": 3}"
tusLarge3,nl,t_014c2259cce4ab13____c27_0____4_fair.csv,5,746,38,5,True,0.3349,1.0,0.006702412868632708,0.006702412868632708,133.25495129823685,133.25495129823685,t_014c2259cce4ab13____c27_1____4__t_014c2259cce4ab13____c27_0____4_fair.csv;t_014c2259cce4ab13____c27_1____4__t_014c2259cce4ab13____c24_1____3_fair.csv;t_014c2259cce4ab13____c27_1____4__t_014c2259cce4ab13____c20_0____0_fair.csv;t_014c2259cce4ab13____c28_0____4__t_014c2259cce4ab13____c27_0____4_fair.csv;t_014c2259cce4ab13____c27_0____1__t_014c2259cce4ab13____c27_0____4_fair.csv,"{""needs_fairification"": true, ""success"": true, ""swaps_made"": 2, ""initial_fairness"": 0.2401, ""initial_delta"": 0.16, ""dominated_removed_count"": 29, ""dominance_candidate_pool_size"": 33, ""candidates_after_winnow"": 2}"
tusLarge3,nl,t_014c2259cce4ab13____c27_0____4_fair.csv,10,746,38,10,False,0.2461,1.0,0.013404825737265416,0.013404825737265416,266.14391273260117,266.14391273260117,t_014c2259cce4ab13____c27_1____4__t_014c2259cce4ab13____c3_1____0_fair.csv;t_014c2259cce4ab13____c27_1____4__t_014c2259cce4ab13____c27_0____4_fair.csv;t_014c2259cce4ab13____c27_1____4__t_014c2259cce4ab13____c24_1____3_fair.csv;t_014c2259cce4ab13____c27_1____4__t_014c2259cce4ab13____c20_0____0_fair.csv;t_014c2259cce4ab13____c27_1____4__t_014c2259cce4ab13____c17_1____1_fair.csv;t_014c2259cce4ab13____c28_0____4__t_014c2259cce4ab13____c5_0____0_fair.csv;t_014c2259cce4ab13____c28_0____4__t_014c2259cce4ab13____c3_1____0_fair.csv;t_014c2259cce4ab13____c28_0____4__t_014c2259cce4ab13____c27_0____4_fair.csv;t_014c2259cce4ab13____c28_0____4__t_014c2259cce4ab13____c20_0____0_fair.csv;t_014c2259cce4ab13____c27_0____1__t_014c2259cce4ab13____c27_0____4_fair.csv,"{""needs_fairification"": true, ""success"": false, ""swaps_made"": 2, ""initial_fairness"": 0.2133, ""initial_delta"": 0.19, ""dominated_removed_count"": 24, ""dominance_candidate_pool_size"": 28, ""candidates_after_winnow"": 2}"
tusLarge3,nl,t_014c2259cce4ab13____c27_0____4_fair.csv,20,746,38,20,False,0.1935,0.95,0.02546916890080429,0.02680965147453083,529.3638081550598,529.3638081550598,t_014c2259cce4ab13____c27_1____4__t_014c2259cce4ab13____c3_1____0_fair.csv;t_014c2259cce4ab13____c27_1____4__t_014c2259cce4ab13____c27_0____4_fair.csv;t_014c2259cce4ab13____c27_1____4__t_014c2259cce4ab13____c24_1____3_fair.csv;t_014c2259cce4ab13____c27_1____4__t_014c2259cce4ab13____c20_0____0_fair.csv;t_014c2259cce4ab13____c27_1____4__t_014c2259cce4ab13____c17_1____1_fair.csv;t_014c2259cce4ab13____c27_1____4.csv;t_014c2259cce4ab13____c28_0____4__t_014c2259cce4ab13____c5_0____0_fair.csv;t_014c2259cce4ab13____c28_0____4__t_014c2259cce4ab13____c3_1____0_fair.csv;t_014c2259cce4ab13____c28_0____4__t_014c2259cce4ab13____c27_0____4_fair.csv;t_014c2259cce4ab13____c28_0____4__t_014c2259cce4ab13____c24_1____3_fair.csv;t_014c2259cce4ab13____c28_0____4__t_014c2259cce4ab13____c20_0____0_fair.csv;t_014c2259cce4ab13____c28_0____4__t_014c2259cce4ab13____c17_1____1_fair.csv;t_014c2259cce4ab13____c27_0____1__t_014c2259cce4ab13____c5_0____0_fair.csv;t_014c2259cce4ab13____c27_0____1__t_014c2259cce4ab13____c3_1____0_fair.csv;t_014c2259cce4ab13____c27_0____1__t_014c2259cce4ab13____c27_0____4_fair.csv;t_014c2259cce4ab13____c27_0____1__t_014c2259cce4ab13____c24_1____3_fair.csv;t_014c2259cce4ab13____c27_0____1__t_014c2259cce4ab13____c20_0____0_fair.csv;t_014c2259cce4ab13____c27_0____1__t_014c2259cce4ab13____c17_1____1_fair.csv;t_014c2259cce4ab13____c26_0____4__t_014c2259cce4ab13____c5_0____0_fair.csv;t_014c2259cce4ab13____c26_1____4__t_014c2259cce4ab13____c27_0____4_fair.csv,"{""needs_fairification"": true, ""success"": false, ""swaps_made"": 1, ""initial_fairness"": 0.1788, ""initial_delta"": 0.22, ""dominated_removed_count"": 16, ""dominance_candidate_pool_size"": 18, ""candidates_after_winnow"": 1}"
tusLarge3,nl,t_285b3bcd52ec0c86____c6_0____0_fair.csv,5,652,196,5,True,0.336,0.4,0.003067484662576687,0.007668711656441718,25.202581107616425,25.202581107616425,t_285b3bcd52ec0c86____c6_0____1__t_285b3bcd52ec0c86____c6_0____0_fair.csv;t_285b3bcd52ec0c86____c8_0____3__t_285b3bcd52ec0c86____c20_1____2_fair.csv;t_285b3bcd52ec0c86____c8_0____3__t_285b3bcd52ec0c86____c12_0____1_fair.csv;t_285b3bcd52ec0c86____c5_1____3__t_285b3bcd52ec0c86____c6_0____0_fair.csv;t_ece0594e0480a1ed____c5_1____4__t_ece0594e0480a1ed____c5_1____3_fair.csv,"{""needs_fairification"": true, ""success"": true, ""swaps_made"": 2, ""initial_fairness"": 0.009, ""initial_delta"": 0.39, ""dominated_removed_count"": 172, ""dominance_candidate_pool_size"": 191, ""candidates_after_winnow"": 17}"
tusLarge3,nl,t_285b3bcd52ec0c86____c6_0____0_fair.csv,10,652,196,10,True,0.3058,0.6,0.009202453987730062,0.015337423312883436,52.39030385017395,52.39030385017395,t_285b3bcd52ec0c86____c6_0____1__t_285b3bcd52ec0c86____c6_0____0_fair.csv;t_285b3bcd52ec0c86____c8_0____3__t_285b3bcd52ec0c86____c20_1____2_fair.csv;t_285b3bcd52ec0c86____c8_0____3__t_285b3bcd52ec0c86____c12_0____1_fair.csv;t_285b3bcd52ec0c86____c8_0____3.csv;t_285b3bcd52ec0c86____c9_1____0__t_285b3bcd52ec0c86____c9_1____4_fair.csv;t_285b3bcd52ec0c86____c9_1____0__t_285b3bcd52ec0c86____c9_0____2_fair.csv;t_285b3bcd52ec0c86____c9_1____0__t_285b3bcd52ec0c86____c6_0____0_fair.csv;t_285b3bcd52ec0c86____c9_1____0__t_285b3bcd52ec0c86____c20_1____2_fair.csv;t_285b3bcd52ec0c86____c5_1____3__t_285b3bcd52ec0c86____c6_0____0_fair.csv;t_ece0594e0480a1ed____c5_1____4__t_ece0594e0480a1ed____c5_1____3_fair.csv,"{""needs_fairification"": true, ""success"": true, ""swaps_made"": 2, ""initial_fairness"": 0.0142, ""initial_delta"": 0.39, ""dominated_removed_count"": 169, ""dominance_candidate_pool_size"": 186, ""candidates_after_winnow"": 15}"
tusLarge3,nl,t_285b3bcd52ec0c86____c6_0____0_fair.csv,20,652,196,20,True,0.3247,0.6,0.018404907975460124,0.03067484662576687,95.8100922703743,95.8100922703743,t_285b3bcd52ec0c86____c6_0____1__t_285b3bcd52ec0c86____c6_0____0_fair.csv;t_285b3bcd52ec0c86____c9_1____0__t_285b3bcd52ec0c86____c9_1____4_fair.csv;t_285b3bcd52ec0c86____c9_1____0__t_285b3bcd52ec0c86____c9_0____2_fair.csv;t_285b3bcd52ec0c86____c9_1____0__t_285b3bcd52ec0c86____c6_0____0_fair.csv;t_285b3bcd52ec0c86____c9_1____0__t_285b3bcd52ec0c86____c20_1____2_fair.csv;t_285b3bcd52ec0c86____c9_1____0__t_285b3bcd52ec0c86____c17_1____0_fair.csv;t_285b3bcd52ec0c86____c9_1____0__t_285b3bcd52ec0c86____c12_0____1_fair.csv;t_285b3bcd52ec0c86____c6_0____2.csv;t_285b3bcd52ec0c86____c6_0____2__t_285b3bcd52ec0c86____c6_0____0_fair.csv;t_285b3bcd52ec0c86____c7_0____4__t_285b3bcd52ec0c86____c9_1____4_fair.csv;t_285b3bcd52ec0c86____c7_0____4__t_285b3bcd52ec0c86____c17_1____0_fair.csv;t_285b3bcd52ec0c86____c6_0____3__t_285b3bcd52ec0c86____c6_0____0_fair.csv;t_285b3bcd52ec0c86____c6_0____4__t_285b3bcd52ec0c86____c6_0____0_fair.csv;t_285b3bcd52ec0c86____c5_1____3__t_285b3bcd52ec0c86____c6_0____0_fair.csv;PED_SK_DTL_SNF____c5_1____1__PED_SK_DTL_SNF____c18_0____2_fair.csv;PED_SK_DTL_SNF____c5_1____1.csv;t_ece0594e0480a1ed____c5_1____4__t_ece0594e0480a1ed____c5_1____3_fair.csv;t_6c551d740feb0608____c3_1____4__t_6c551d740feb0608____c10_0____2_fair.csv;t_6c551d740feb0608____c3_1____3__t_6c551d740feb0608____c10_0____2_fair.csv;t_6c551d740feb0608____c3_1____0__t_6c551d740feb0608____c10_0____2_fair.csv,"{""needs_fairification"": true, ""success"": true, ""swaps_made"": 9, ""initial_fairness"": 0.0093, ""initial_delta"": 0.39, ""dominated_removed_count"": 155, ""dominance_candidate_pool_size"": 176, ""candidates_after_winnow"": 12}"
tusLarge3,nl,t_1934eacab8c57857____c18_0____3_fair.csv,5,440,68,5,False,0.1639,1.0,0.011363636363636364,0.011363636363636364,85.59370535612106,85.59370535612106,t_1934eacab8c57857____c19_0____3__t_1934eacab8c57857____c8_1____3_fair.csv;t_1934eacab8c57857____c19_0____3__t_1934eacab8c57857____c11_0____3_fair.csv;t_1934eacab8c57857____c19_0____3__t_1934eacab8c57857____c10_0____1_fair.csv;t_1934eacab8c57857____c17_1____3__t_1934eacab8c57857____c18_0____3_fair.csv;t_1934eacab8c57857____c17_1____3__t_1934eacab8c57857____c10_0____1_fair.csv,"{""needs_fairification"": true, ""success"": false, ""swaps_made"": 3, ""initial_fairness"": 0.074, ""initial_delta"": 0.33, ""dominated_removed_count"": 60, ""dominance_candidate_pool_size"": 63, ""candidates_after_winnow"": 0}"
tusLarge3,nl,t_1934eacab8c57857____c18_0____3_fair.csv,10,440,68,10,False,0.0861,1.0,0.022727272727272728,0.022727272727272728,170.65520226955414,170.65520226955414,t_1934eacab8c57857____c19_0____3.csv;t_1934eacab8c57857____c19_0____3__t_1934eacab8c57857____c8_1____3_fair.csv;t_1934eacab8c57857____c19_0____3__t_1934eacab8c57857____c18_0____0_fair.csv;t_1934eacab8c57857____c19_0____3__t_1934eacab8c57857____c11_0____3_fair.csv;t_1934eacab8c57857____c19_0____3__t_1934eacab8c57857____c10_0____1_fair.csv;t_1934eacab8c57857____c17_1____3__t_1934eacab8c57857____c8_1____3_fair.csv;t_1934eacab8c57857____c17_1____3__t_1934eacab8c57857____c18_0____3_fair.csv;t_1934eacab8c57857____c17_1____3__t_1934eacab8c57857____c18_0____0_fair.csv;t_1934eacab8c57857____c17_1____3__t_1934eacab8c57857____c11_0____3_fair.csv;t_1934eacab8c57857____c17_1____3__t_1934eacab8c57857____c10_0____1_fair.csv,"{""needs_fairification"": true, ""success"": false, ""swaps_made"": 1, ""initial_fairness"": 0.0822, ""initial_delta"": 0.32, ""dominated_removed_count"": 57, ""dominance_candidate_pool_size"": 58, ""candidates_after_winnow"": 0}"
tusLarge3,nl,t_1934eacab8c57857____c18_0____3_fair.csv,20,440,68,20,False,0.0458,1.0,0.045454545454545456,0.045454545454545456,334.498131275177,334.498131275177,t_1934eacab8c57857____c19_0____3.csv;t_1934eacab8c57857____c19_0____3__t_1934eacab8c57857____c8_1____3_fair.csv;t_1934eacab8c57857____c19_0____3__t_1934eacab8c57857____c18_0____3_fair.csv;t_1934eacab8c57857____c19_0____3__t_1934eacab8c57857____c18_0____0_fair.csv;t_1934eacab8c57857____c19_0____3__t_1934eacab8c57857____c11_0____3_fair.csv;t_1934eacab8c57857____c19_0____3__t_1934eacab8c57857____c10_0____1_fair.csv;t_1934eacab8c57857____c17_1____3__t_1934eacab8c57857____c8_1____3_fair.csv;t_1934eacab8c57857____c17_1____3__t_1934eacab8c57857____c18_0____3_fair.csv;t_1934eacab8c57857____c17_1____3__t_1934eacab8c57857____c18_0____0_fair.csv;t_1934eacab8c57857____c17_1____3__t_1934eacab8c57857____c11_0____3_fair.csv;t_1934eacab8c57857____c17_1____3__t_1934eacab8c57857____c10_0____1_fair.csv;t_1934eacab8c57857____c17_1____3.csv;t_1934eacab8c57857____c18_1____3__t_1934eacab8c57857____c8_1____3_fair.csv;t_1934eacab8c57857____c18_1____3__t_1934eacab8c57857____c18_0____3_fair.csv;t_1934eacab8c57857____c18_1____3__t_1934eacab8c57857____c18_0____0_fair.csv;t_1934eacab8c57857____c18_1____3__t_1934eacab8c57857____c11_0____3_fair.csv;t_1934eacab8c57857____c18_1____3__t_1934eacab8c57857____c10_0____1_fair.csv;t_1934eacab8c57857____c18_1____3.csv;t_1934eacab8c57857____c17_0____3__t_1934eacab8c57857____c8_1____3_fair.csv;t_1934eacab8c57857____c17_0____3__t_1934eacab8c57857____c18_0____3_fair.csv,"{""needs_fairification"": true, ""success"": false, ""swaps_made"": 0, ""initial_fairness"": 0.0458, ""initial_delta"": 0.35, ""dominated_removed_count"": 47, ""dominance_candidate_pool_size"": 48, ""candidates_after_winnow"": 1}"
tusLarge3,nl,t_285b3bcd52ec0c86____c7_1____2_fair.csv,5,720,149,5,True,0.3467,1.0,0.006944444444444444,0.006944444444444444,34.0227814912796,34.0227814912796,t_285b3bcd52ec0c86____c7_1____3__t_285b3bcd52ec0c86____c9_1____4_fair.csv;t_285b3bcd52ec0c86____c7_1____3__t_285b3bcd52ec0c86____c9_0____2_fair.csv;t_285b3bcd52ec0c86____c7_1____3__t_285b3bcd52ec0c86____c7_1____2_fair.csv;t_285b3bcd52ec0c86____c7_1____3__t_285b3bcd52ec0c86____c20_1____2_fair.csv;t_285b3bcd52ec0c86____c8_0____4__t_285b3bcd52ec0c86____c16_0____3_fair.csv,"{""needs_fairification"": true, ""success"": true, ""swaps_made"": 1, ""initial_fairness"": 0.0757, ""initial_delta"": 0.32, ""dominated_removed_count"": 138, ""dominance_candidate_pool_size"": 144, ""candidates_after_winnow"": 5}"
tusLarge3,nl,t_285b3bcd52ec0c86____c7_1____2_fair.csv,10,720,149,10,True,0.3428,1.0,0.013888888888888888,0.013888888888888888,68.0141133069992,68.0141133069992,t_285b3bcd52ec0c86____c7_1____3__t_285b3bcd52ec0c86____c9_0____2_fair.csv;t_285b3bcd52ec0c86____c7_1____3__t_285b3bcd52ec0c86____c7_1____2_fair.csv;t_285b3bcd52ec0c86____c7_1____3__t_285b3bcd52ec0c86____c20_1____2_fair.csv;t_285b3bcd52ec0c86____c7_1____3__t_285b3bcd52ec0c86____c17_1____0_fair.csv;t_285b3bcd52ec0c86____c7_1____1__t_285b3bcd52ec0c86____c9_0____2_fair.csv;t_285b3bcd52ec0c86____c7_1____1__t_285b3bcd52ec0c86____c20_1____2_fair.csv;t_285b3bcd52ec0c86____c7_1____1__t_285b3bcd52ec0c86____c17_1____0_fair.csv;t_285b3bcd52ec0c86____c7_1____1.csv;t_285b3bcd52ec0c86____c8_0____4__t_285b3bcd52ec0c86____c16_0____3_fair.csv;t_285b3bcd52ec0c86____c8_0____0__t_285b3bcd52ec0c86____c7_1____2_fair.csv,"{""needs_fairification"": true, ""success"": true, ""swaps_made"": 2, ""initial_fairness"": 0.0572, ""initial_delta"": 0.34, ""dominated_removed_count"": 129, ""dominance_candidate_pool_size"": 139, ""candidates_after_winnow"": 8}"
tusLarge3,nl,t_285b3bcd52ec0c86____c7_1____2_fair.csv,20,720,149,20,False,0.2756,0.95,0.02638888888888889,0.027777777777777776,134.74694967269897,134.74694967269897,t_285b3bcd52ec0c86____c7_1____3__t_285b3bcd52ec0c86____c7_1____2_fair.csv;t_285b3bcd52ec0c86____c7_1____3__t_285b3bcd52ec0c86____c20_1____2_fair.csv;t_285b3bcd52ec0c86____c7_1____3__t_285b3bcd52ec0c86____c17_1____0_fair.csv;t_285b3bcd52ec0c86____c7_1____1__t_285b3bcd52ec0c86____c9_0____2_fair.csv;t_285b3bcd52ec0c86____c7_1____1__t_285b3bcd52ec0c86____c20_1____2_fair.csv;t_285b3bcd52ec0c86____c7_1____1__t_285b3bcd52ec0c86____c17_1____0_fair.csv;t_285b3bcd52ec0c86____c7_1____1.csv;t_285b3bcd52ec0c86____c7_1____1__t_285b3bcd52ec0c86____c7_1____2_fair.csv;t_285b3bcd52ec0c86____c7_1____0__t_285b3bcd52ec0c86____c7_1____2_fair.csv;t_285b3bcd52ec0c86____c7_1____0__t_285b3bcd52ec0c86____c9_1____4_fair.csv;t_285b3bcd52ec0c86____c7_1____0__t_285b3bcd52ec0c86____c9_0____2_fair.csv;t_285b3bcd52ec0c86____c7_1____0__t_285b3bcd52ec0c86____c20_1____2_fair.csv;t_285b3bcd52ec0c86____c7_1____0__t_285b3bcd52ec0c86____c17_1____0_fair.csv;t_285b3bcd52ec0c86____c7_1____4__t_285b3bcd52ec0c86____c7_1____2_fair.csv;t_285b3bcd52ec0c86____c7_1____0.csv;t_285b3bcd52ec0c86____c7_1____4__t_285b3bcd52ec0c86____c9_1____4_fair.csv;t_285b3bcd52ec0c86____c7_1____4__t_285b3bcd52ec0c86____c9_0____2_fair.csv;t_285b3bcd52ec0c86____c8_0____4__t_285b3bcd52ec0c86____c16_0____3_fair.csv;t_285b3bcd52ec0c86____c8_0____0__t_285b3bcd52ec0c86____c7_1____2_fair.csv;t_285b3bcd52ec0c86____c6_0____4__t_285b3bcd52ec0c86____c6_0____0_fair.csv,"{""needs_fairification"": true, ""success"": false, ""swaps_made"": 3, ""initial_fairness"": 0.0328, ""initial_delta"": 0.37, ""dominated_removed_count"": 123, ""dominance_candidate_pool_size"": 129, ""candidates_after_winnow"": 3}"
tusLarge3,nl,t_285b3bcd52ec0c86____c12_0____1_fair.csv,5,725,96,5,True,0.3307,1.0,0.006896551724137931,0.006896551724137931,57.57180458307266,57.57180458307266,t_285b3bcd52ec0c86____c12_0____0__t_285b3bcd52ec0c86____c12_0____1_fair.csv;t_285b3bcd52ec0c86____c12_0____0__t_285b3bcd52ec0c86____c9_1____4_fair.csv;t_285b3bcd52ec0c86____c12_0____0__t_285b3bcd52ec0c86____c9_0____2_fair.csv;t_285b3bcd52ec0c86____c12_0____4__t_285b3bcd52ec0c86____c12_0____1_fair.csv;t_285b3bcd52ec0c86____c11_1____0__t_285b3bcd52ec0c86____c12_0____1_fair.csv,"{""needs_fairification"": true, ""success"": true, ""swaps_made"": 2, ""initial_fairness"": 0.1667, ""initial_delta"": 0.23, ""dominated_removed_count"": 81, ""dominance_candidate_pool_size"": 91, ""candidates_after_winnow"": 8}"
tusLarge3,nl,t_285b3bcd52ec0c86____c12_0____1_fair.csv,10,725,96,10,False,0.2399,0.8,0.011034482758620689,0.013793103448275862,115.96788424253464,115.96788424253464,t_285b3bcd52ec0c86____c12_0____0__t_285b3bcd52ec0c86____c12_0____1_fair.csv;t_285b3bcd52ec0c86____c12_0____0__t_285b3bcd52ec0c86____c9_0____2_fair.csv;t_285b3bcd52ec0c86____c12_0____0__t_285b3bcd52ec0c86____c6_0____0_fair.csv;t_285b3bcd52ec0c86____c12_0____0__t_285b3bcd52ec0c86____c17_1____0_fair.csv;PED_SK_DTL_SNF____c13_0____1.csv;t_285b3bcd52ec0c86____c12_0____0__t_285b3bcd52ec0c86____c16_0____3_fair.csv;t_285b3bcd52ec0c86____c12_0____4.csv;t_285b3bcd52ec0c86____c12_0____4__t_285b3bcd52ec0c86____c12_0____1_fair.csv;PED_YT_DTL_SNF____c12_0____2__PED_YT_DTL_SNF____c18_1____1_fair.csv;t_285b3bcd52ec0c86____c11_1____0__t_285b3bcd52ec0c86____c12_0____1_fair.csv,"{""needs_fairification"": true, ""success"": false, ""swaps_made"": 6, ""initial_fairness"": 0.0811, ""initial_delta"": 0.32, ""dominated_removed_count"": 77, ""dominance_candidate_pool_size"": 86, ""candidates_after_winnow"": 3}"
tusLarge3,nl,t_285b3bcd52ec0c86____c12_0____1_fair.csv,20,725,96,20,False,0.0855,0.45,0.012413793103448275,0.027586206896551724,233.1393204331398,233.1393204331398,t_285b3bcd52ec0c86____c12_0____0__t_285b3bcd52ec0c86____c12_0____1_fair.csv;t_285b3bcd52ec0c86____c12_0____0__t_285b3bcd52ec0c86____c9_1____4_fair.csv;t_285b3bcd52ec0c86____c12_0____0__t_285b3bcd52ec0c86____c9_0____2_fair.csv;t_285b3bcd52ec0c86____c12_0____0__t_285b3bcd52ec0c86____c6_0____0_fair.csv;t_285b3bcd52ec0c86____c12_0____0__t_285b3bcd52ec0c86____c20_1____2_fair.csv;t_285b3bcd52ec0c86____c12_0____0__t_285b3bcd52ec0c86____c17_1____0_fair.csv;PED_SK_DTL_SNF____c13_0____3__PED_SK_DTL_SNF____c9_0____3_fair.csv;PED_SK_DTL_SNF____c13_0____3__PED_SK_DTL_SNF____c19_0____0_fair.csv;PED_SK_DTL_SNF____c13_0____3__PED_SK_DTL_SNF____c18_0____2_fair.csv;PED_SK_DTL_SNF____c13_0____3__PED_SK_DTL_SNF____c14_1____4_fair.csv;PED_SK_DTL_SNF____c13_0____3__PED_SK_DTL_SNF____c12_0____3_fair.csv;PED_SK_DTL_SNF____c13_0____1.csv;PED_SK_DTL_SNF____c13_0____1__PED_SK_DTL_SNF____c9_0____3_fair.csv;PED_SK_DTL_SNF____c13_0____1__PED_SK_DTL_SNF____c23_0____0_fair.csv;PED_SK_DTL_SNF____c13_0____1__PED_SK_DTL_SNF____c19_0____0_fair.csv;PED_SK_DTL_SNF____c13_0____1__PED_SK_DTL_SNF____c18_0____2_fair.csv;PED_SK_DTL_SNF____c13_0____1__PED_SK_DTL_SNF____c14_1____4_fair.csv;t_285b3bcd52ec0c86____c12_0____0__t_285b3bcd52ec0c86____c16_0____3_fair.csv;t_285b3bcd52ec0c86____c12_0____4__t_285b3bcd52ec0c86____c12_0____1_fair.csv;t_285b3bcd52ec0c86____c11_1____0__t_285b3bcd52ec0c86____c12_0____1_fair.csv,"{""needs_fairification"": true, ""success"": false, ""swaps_made"": 3, ""initial_fairness"": 0.0405, ""initial_delta"": 0.36, ""dominated_removed_count"": 70, ""dominance_candidate_pool_size"": 76, ""candidates_after_winnow"": 3}"
tusLarge3,nl,t_28dc8f7610402ea7____c3_0____3_fair.csv,5,130,220,5,True,0.3254,1.0,0.038461538461538464,0.038461538461538464,14.132056474685669,14.132056474685669,t_28dc8f7610402ea7____c3_0____1__t_28dc8f7610402ea7____c3_0____3_fair.csv;t_28dc8f7610402ea7____c3_0____2__t_28dc8f7610402ea7____c3_0____3_fair.csv;t_28dc8f7610402ea7____c3_0____0__t_28dc8f7610402ea7____c3_0____3_fair.csv;t_28dc8f7610402ea7____c3_0____2.csv;t_28dc8f7610402ea7____c3_0____0.csv,"{""needs_fairification"": false, ""success"": true, ""swaps_made"": 0, ""initial_fairness"": 0.3254, ""initial_delta"": 0.07}"
tusLarge3,nl,t_28dc8f7610402ea7____c3_0____3_fair.csv,10,130,220,10,True,0.3044,0.9,0.06923076923076923,0.07692307692307693,25.491701066493988,25.491701066493988,t_28dc8f7610402ea7____c3_0____1__t_28dc8f7610402ea7____c3_0____3_fair.csv;t_28dc8f7610402ea7____c3_0____2__t_28dc8f7610402ea7____c3_0____3_fair.csv;t_28dc8f7610402ea7____c3_0____0__t_28dc8f7610402ea7____c3_0____3_fair.csv;t_28dc8f7610402ea7____c3_0____4.csv;t_28dc8f7610402ea7____c3_0____4__t_28dc8f7610402ea7____c3_0____3_fair.csv;t_28dc8f7610402ea7____c4_1____3__t_28dc8f7610402ea7____c3_0____3_fair.csv;t_28dc8f7610402ea7____c4_1____2__t_28dc8f7610402ea7____c3_0____3_fair.csv;t_28dc8f7610402ea7____c6_0____2__t_28dc8f7610402ea7____c3_0____3_fair.csv;t_28dc8f7610402ea7____c6_0____3__t_28dc8f7610402ea7____c3_0____3_fair.csv;t_014c2259cce4ab13____c2_0____2.csv,"{""needs_fairification"": true, ""success"": true, ""swaps_made"": 3, ""initial_fairness"": 0.2272, ""initial_delta"": 0.17, ""dominated_removed_count"": 201, ""dominance_candidate_pool_size"": 210, ""candidates_after_winnow"": 6}"
tusLarge3,nl,t_28dc8f7610402ea7____c3_0____3_fair.csv,20,130,220,20,False,0.2451,0.55,0.08461538461538462,0.15384615384615385,50.48042714595795,50.48042714595795,t_28dc8f7610402ea7____c3_0____1__t_28dc8f7610402ea7____c3_0____3_fair.csv;t_28dc8f7610402ea7____c3_0____2__t_28dc8f7610402ea7____c3_0____3_fair.csv;t_28dc8f7610402ea7____c3_0____0__t_28dc8f7610402ea7____c3_0____3_fair.csv;t_28dc8f7610402ea7____c3_0____4.csv;t_28dc8f7610402ea7____c3_0____4__t_28dc8f7610402ea7____c3_0____3_fair.csv;t_28dc8f7610402ea7____c6_1____3__t_28dc8f7610402ea7____c3_0____3_fair.csv;t_28dc8f7610402ea7____c5_0____2__t_28dc8f7610402ea7____c3_0____3_fair.csv;t_28dc8f7610402ea7____c4_1____4.csv;t_28dc8f7610402ea7____c5_0____2.csv;t_6c551d740feb0608____c4_1____1__t_6c551d740feb0608____c5_1____1_fair.csv;t_28dc8f7610402ea7____c3_1____3.csv;CTA_Ridership_Avg_Weekday_Bus_Stop_Boardings_in_October_2012____c3_0____3.csv;t_6c551d740feb0608____c4_1____4__t_6c551d740feb0608____c5_1____1_fair.csv;t_6c551d740feb0608____c4_1____4.csv;t_6c551d740feb0608____c5_1____2.csv;t_e9efd5cda78af711____c3_1____3__t_e9efd5cda78af711____c6_0____3_fair.csv;PED_YT_DTL_SNF____c4_0____0.csv;t_28dc8f7610402ea7____c6_0____2__t_28dc8f7610402ea7____c3_0____3_fair.csv;t_28dc8f7610402ea7____c6_0____3__t_28dc8f7610402ea7____c3_0____3_fair.csv;t_014c2259cce4ab13____c2_0____2.csv,"{""needs_fairification"": true, ""success"": false, ""swaps_made"": 10, ""initial_fairness"": 0.1298, ""initial_delta"": 0.27, ""dominated_removed_count"": 189, ""dominance_candidate_pool_size"": 200, ""candidates_after_winnow"": 1}"
tusLarge3,nl,t_285b3bcd52ec0c86____c9_0____2_fair.csv,5,729,113,5,True,0.3564,0.4,0.0027434842249657062,0.006858710562414266,43.70240372419357,43.70240372419357,t_285b3bcd52ec0c86____c11_1____2__t_285b3bcd52ec0c86____c9_0____2_fair.csv;t_285b3bcd52ec0c86____c10_1____2__t_285b3bcd52ec0c86____c9_1____4_fair.csv;PED_SK_DTL_SNF____c10_1____3__PED_SK_DTL_SNF____c23_0____0_fair.csv;t_285b3bcd52ec0c86____c9_0____0__t_285b3bcd52ec0c86____c9_0____2_fair.csv;PED_SK_DTL_SNF____c10_1____0__PED_SK_DTL_SNF____c23_0____0_fair.csv,"{""needs_fairification"": true, ""success"": true, ""swaps_made"": 3, ""initial_fairness"": 0.1644, ""initial_delta"": 0.24, ""dominated_removed_count"": 93, ""dominance_candidate_pool_size"": 108, ""candidates_after_winnow"": 12}"
tusLarge3,nl,t_285b3bcd52ec0c86____c9_0____2_fair.csv,10,729,113,10,True,0.3163,0.5,0.006858710562414266,0.013717421124828532,87.55070251226425,87.55070251226425,t_285b3bcd52ec0c86____c11_1____2__t_285b3bcd52ec0c86____c9_0____2_fair.csv;t_285b3bcd52ec0c86____c10_1____2__t_285b3bcd52ec0c86____c17_1____0_fair.csv;t_285b3bcd52ec0c86____c10_1____2__t_285b3bcd52ec0c86____c12_0____1_fair.csv;t_285b3bcd52ec0c86____c11_1____2__t_285b3bcd52ec0c86____c17_1____0_fair.csv;t_285b3bcd52ec0c86____c9_0____3__t_285b3bcd52ec0c86____c9_0____2_fair.csv;PED_SK_DTL_SNF____c10_1____3__PED_SK_DTL_SNF____c23_0____0_fair.csv;PED_SK_DTL_SNF____c10_1____4__PED_SK_DTL_SNF____c23_0____0_fair.csv;t_285b3bcd52ec0c86____c11_1____4__t_285b3bcd52ec0c86____c9_0____2_fair.csv;t_285b3bcd52ec0c86____c9_0____0__t_285b3bcd52ec0c86____c9_0____2_fair.csv;PED_SK_DTL_SNF____c10_1____0__PED_SK_DTL_SNF____c23_0____0_fair.csv,"{""needs_fairification"": true, ""success"": true, ""swaps_made"": 5, ""initial_fairness"": 0.1346, ""initial_delta"": 0.27, ""dominated_removed_count"": 87, ""dominance_candidate_pool_size"": 103, ""candidates_after_winnow"": 11}"
tusLarge3,nl,t_285b3bcd52ec0c86____c9_0____2_fair.csv,20,729,113,20,False,0.2476,0.5,0.013717421124828532,0.027434842249657063,169.25783950090408,169.25783950090408,t_285b3bcd52ec0c86____c11_1____2__t_285b3bcd52ec0c86____c9_0____2_fair.csv;t_285b3bcd52ec0c86____c9_0____3__t_285b3bcd52ec0c86____c9_0____2_fair.csv;t_285b3bcd52ec0c86____c9_0____3__t_285b3bcd52ec0c86____c17_1____0_fair.csv;t_285b3bcd52ec0c86____c11_1____2__t_285b3bcd52ec0c86____c16_0____3_fair.csv;t_285b3bcd52ec0c86____c10_1____3__t_285b3bcd52ec0c86____c9_1____4_fair.csv;t_285b3bcd52ec0c86____c10_1____3__t_285b3bcd52ec0c86____c6_0____0_fair.csv;t_285b3bcd52ec0c86____c10_1____3__t_285b3bcd52ec0c86____c17_1____0_fair.csv;t_285b3bcd52ec0c86____c10_1____3__t_285b3bcd52ec0c86____c12_0____1_fair.csv;PED_SK_DTL_SNF____c10_1____3__PED_SK_DTL_SNF____c23_0____0_fair.csv;PED_SK_DTL_SNF____c10_1____4__PED_SK_DTL_SNF____c23_0____0_fair.csv;t_285b3bcd52ec0c86____c11_1____4__t_285b3bcd52ec0c86____c9_0____2_fair.csv;t_285b3bcd52ec0c86____c9_0____0__t_285b3bcd52ec0c86____c9_0____2_fair.csv;PED_SK_DTL_SNF____c10_1____2.csv;PED_SK_DTL_SNF____c10_1____2__PED_SK_DTL_SNF____c23_0____0_fair.csv;PED_SK_DTL_SNF____c10_1____0__PED_SK_DTL_SNF____c23_0____0_fair.csv;t_6c551d740feb0608____c10_1____0.csv;t_285b3bcd52ec0c86____c8_1____2__t_285b3bcd52ec0c86____c9_0____2_fair.csv;t_285b3bcd52ec0c86____c8_1____3__t_285b3bcd52ec0c86____c9_0____2_fair.csv;t_285b3bcd52ec0c86____c8_1____1__t_285b3bcd52ec0c86____c9_0____2_fair.csv;t_285b3bcd52ec0c86____c7_1____3__t_285b3bcd52ec0c86____c9_0____2_fair.csv,"{""needs_fairification"": true, ""success"": false, ""swaps_made"": 11, ""initial_fairness"": 0.0994, ""initial_delta"": 0.3, ""dominated_removed_count"": 82, ""dominance_candidate_pool_size"": 93, ""candidates_after_winnow"": 0}"
tusLarge3,nl,t_240c872e361b3c8e____c18_0____2_fair.csv,5,302,60,5,True,0.3927,1.0,0.016556291390728478,0.016556291390728478,88.32658439874649,88.32658439874649,t_240c872e361b3c8e____c18_1____2__t_240c872e361b3c8e____c5_1____3_fair.csv;t_240c872e361b3c8e____c18_1____2__t_240c872e361b3c8e____c1_0____2_fair.csv;t_240c872e361b3c8e____c18_1____2__t_240c872e361b3c8e____c18_1____4_fair.csv;t_240c872e361b3c8e____c18_1____2__t_240c872e361b3c8e____c18_0____2_fair.csv;t_240c872e361b3c8e____c18_1____2.csv,"{""needs_fairification"": false, ""success"": true, ""swaps_made"": 0, ""initial_fairness"": 0.3927, ""initial_delta"": 0.01}"
tusLarge3,nl,t_240c872e361b3c8e____c18_0____2_fair.csv,10,302,60,10,True,0.3179,1.0,0.033112582781456956,0.033112582781456956,173.6410859823227,173.6410859823227,t_240c872e361b3c8e____c18_1____2__t_240c872e361b3c8e____c5_1____3_fair.csv;t_240c872e361b3c8e____c18_1____2__t_240c872e361b3c8e____c18_1____4_fair.csv;t_240c872e361b3c8e____c18_1____2__t_240c872e361b3c8e____c18_0____2_fair.csv;t_240c872e361b3c8e____c20_0____3__t_240c872e361b3c8e____c1_0____2_fair.csv;t_240c872e361b3c8e____c20_0____3__t_240c872e361b3c8e____c18_1____4_fair.csv;t_240c872e361b3c8e____c20_0____3__t_240c872e361b3c8e____c18_0____2_fair.csv;t_240c872e361b3c8e____c20_0____3.csv;t_240c872e361b3c8e____c18_0____1.csv;t_240c872e361b3c8e____c18_0____1__t_240c872e361b3c8e____c1_0____2_fair.csv;t_240c872e361b3c8e____c18_1____1__t_240c872e361b3c8e____c18_1____4_fair.csv,"{""needs_fairification"": true, ""success"": true, ""swaps_made"": 3, ""initial_fairness"": 0.2136, ""initial_delta"": 0.19, ""dominated_removed_count"": 45, ""dominance_candidate_pool_size"": 50, ""candidates_after_winnow"": 2}"
tusLarge3,nl,t_240c872e361b3c8e____c18_0____2_fair.csv,20,302,60,20,False,0.1865,0.7,0.046357615894039736,0.06622516556291391,345.49524730443954,345.49524730443954,t_240c872e361b3c8e____c18_1____2__t_240c872e361b3c8e____c5_1____3_fair.csv;t_240c872e361b3c8e____c18_1____2__t_240c872e361b3c8e____c18_1____4_fair.csv;t_240c872e361b3c8e____c18_1____2__t_240c872e361b3c8e____c18_0____2_fair.csv;t_240c872e361b3c8e____c20_0____3__t_240c872e361b3c8e____c18_0____2_fair.csv;t_240c872e361b3c8e____c20_0____3.csv;t_240c872e361b3c8e____c19_1____3__t_240c872e361b3c8e____c5_1____3_fair.csv;t_240c872e361b3c8e____c19_1____3__t_240c872e361b3c8e____c1_0____2_fair.csv;t_240c872e361b3c8e____c19_1____3__t_240c872e361b3c8e____c18_1____4_fair.csv;t_240c872e361b3c8e____c19_1____3.csv;t_240c872e361b3c8e____c20_0____0__t_240c872e361b3c8e____c5_1____3_fair.csv;t_240c872e361b3c8e____c20_0____0__t_240c872e361b3c8e____c1_0____2_fair.csv;t_240c872e361b3c8e____c20_0____0__t_240c872e361b3c8e____c18_1____4_fair.csv;t_240c872e361b3c8e____c20_0____0__t_240c872e361b3c8e____c18_0____2_fair.csv;t_240c872e361b3c8e____c20_0____0.csv;t_240c872e361b3c8e____c19_1____0__t_240c872e361b3c8e____c5_1____3_fair.csv;t_240c872e361b3c8e____c19_1____0.csv;t_240c872e361b3c8e____c18_0____1.csv;t_240c872e361b3c8e____c18_0____1__t_240c872e361b3c8e____c1_0____2_fair.csv;t_240c872e361b3c8e____c18_1____1.csv;t_240c872e361b3c8e____c18_1____1__t_240c872e361b3c8e____c18_1____4_fair.csv,"{""needs_fairification"": true, ""success"": false, ""swaps_made"": 5, ""initial_fairness"": 0.1096, ""initial_delta"": 0.29, ""dominated_removed_count"": 35, ""dominance_candidate_pool_size"": 40, ""candidates_after_winnow"": 0}"
tusLarge3,nl,t_285b3bcd52ec0c86____c9_1____4_fair.csv,5,773,123,5,True,0.3993,1.0,0.00646830530401035,0.00646830530401035,44.18992406129837,44.18992406129837,t_285b3bcd52ec0c86____c9_1____1__t_285b3bcd52ec0c86____c9_1____4_fair.csv;t_285b3bcd52ec0c86____c9_1____1__t_285b3bcd52ec0c86____c6_0____0_fair.csv;t_285b3bcd52ec0c86____c9_1____1__t_285b3bcd52ec0c86____c20_1____2_fair.csv;t_285b3bcd52ec0c86____c9_1____1__t_285b3bcd52ec0c86____c17_1____0_fair.csv;t_285b3bcd52ec0c86____c9_0____0__t_285b3bcd52ec0c86____c17_1____0_fair.csv,"{""needs_fairification"": true, ""success"": true, ""swaps_made"": 1, ""initial_fairness"": 0.2532, ""initial_delta"": 0.15, ""dominated_removed_count"": 103, ""dominance_candidate_pool_size"": 118, ""candidates_after_winnow"": 14}"
tusLarge3,nl,t_285b3bcd52ec0c86____c9_1____4_fair.csv,10,773,123,10,True,0.3497,1.0,0.0129366106080207,0.0129366106080207,88.7405663728714,88.7405663728714,t_285b3bcd52ec0c86____c9_1____1__t_285b3bcd52ec0c86____c9_1____4_fair.csv;t_285b3bcd52ec0c86____c9_1____1__t_285b3bcd52ec0c86____c6_0____0_fair.csv;t_285b3bcd52ec0c86____c9_1____1__t_285b3bcd52ec0c86____c20_1____2_fair.csv;t_285b3bcd52ec0c86____c9_1____1__t_285b3bcd52ec0c86____c17_1____0_fair.csv;t_285b3bcd52ec0c86____c9_1____1__t_285b3bcd52ec0c86____c12_0____1_fair.csv;t_285b3bcd52ec0c86____c9_1____2__t_285b3bcd52ec0c86____c16_0____3_fair.csv;t_285b3bcd52ec0c86____c9_1____2__t_285b3bcd52ec0c86____c9_1____4_fair.csv;t_285b3bcd52ec0c86____c9_1____2__t_285b3bcd52ec0c86____c9_0____2_fair.csv;t_285b3bcd52ec0c86____c9_1____2__t_285b3bcd52ec0c86____c6_0____0_fair.csv;t_285b3bcd52ec0c86____c9_0____0__t_285b3bcd52ec0c86____c17_1____0_fair.csv,"{""needs_fairification"": true, ""success"": true, ""swaps_made"": 1, ""initial_fairness"": 0.2217, ""initial_delta"": 0.18, ""dominated_removed_count"": 100, ""dominance_candidate_pool_size"": 113, ""candidates_after_winnow"": 12}"
tusLarge3,nl,t_285b3bcd52ec0c86____c9_1____4_fair.csv,20,773,123,20,True,0.3203,1.0,0.0258732212160414,0.0258732212160414,177.10273772478104,177.10273772478104,t_285b3bcd52ec0c86____c9_1____1__t_285b3bcd52ec0c86____c9_1____4_fair.csv;t_285b3bcd52ec0c86____c9_1____1__t_285b3bcd52ec0c86____c20_1____2_fair.csv;t_285b3bcd52ec0c86____c9_1____1__t_285b3bcd52ec0c86____c17_1____0_fair.csv;t_285b3bcd52ec0c86____c9_1____1__t_285b3bcd52ec0c86____c12_0____1_fair.csv;t_285b3bcd52ec0c86____c9_1____2__t_285b3bcd52ec0c86____c16_0____3_fair.csv;t_285b3bcd52ec0c86____c9_1____2__t_285b3bcd52ec0c86____c9_1____4_fair.csv;t_285b3bcd52ec0c86____c9_1____2__t_285b3bcd52ec0c86____c9_0____2_fair.csv;t_285b3bcd52ec0c86____c9_1____2__t_285b3bcd52ec0c86____c6_0____0_fair.csv;t_285b3bcd52ec0c86____c9_1____2__t_285b3bcd52ec0c86____c20_1____2_fair.csv;t_285b3bcd52ec0c86____c9_1____2__t_285b3bcd52ec0c86____c17_1____0_fair.csv;t_285b3bcd52ec0c86____c9_1____2__t_285b3bcd52ec0c86____c12_0____1_fair.csv;t_285b3bcd52ec0c86____c9_1____1__t_285b3bcd52ec0c86____c16_0____3_fair.csv;t_285b3bcd52ec0c86____c9_1____0__t_285b3bcd52ec0c86____c16_0____3_fair.csv;t_285b3bcd52ec0c86____c9_1____3__t_285b3bcd52ec0c86____c9_1____4_fair.csv;t_285b3bcd52ec0c86____c9_1____3__t_285b3bcd52ec0c86____c9_0____2_fair.csv;t_285b3bcd52ec0c86____c9_1____3__t_285b3bcd52ec0c86____c6_0____0_fair.csv;t_285b3bcd52ec0c86____c9_1____3__t_285b3bcd52ec0c86____c20_1____2_fair.csv;t_285b3bcd52ec0c86____c9_1____3__t_285b3bcd52ec0c86____c17_1____0_fair.csv;t_285b3bcd52ec0c86____c9_0____0__t_285b3bcd52ec0c86____c9_1____4_fair.csv;t_285b3bcd52ec0c86____c9_0____0__t_285b3bcd52ec0c86____c17_1____0_fair.csv,"{""needs_fairification"": true, ""success"": true, ""swaps_made"": 2, ""initial_fairness"": 0.1586, ""initial_delta"": 0.24, ""dominated_removed_count"": 89, ""dominance_candidate_pool_size"": 103, ""candidates_after_winnow"": 12}"
tusLarge3,nl,t_28dc8f7610402ea7____c9_0____0_fair.csv,5,92,137,5,True,0.2968,1.0,0.05434782608695652,0.05434782608695652,42.130475997924805,42.130475997924805,t_28dc8f7610402ea7____c9_0____4__t_28dc8f7610402ea7____c9_0____0_fair.csv;t_28dc8f7610402ea7____c9_0____4__t_28dc8f7610402ea7____c3_0____3_fair.csv;t_28dc8f7610402ea7____c9_0____2.csv;t_28dc8f7610402ea7____c9_0____2__t_28dc8f7610402ea7____c9_0____0_fair.csv;t_28dc8f7610402ea7____c9_0____2__t_28dc8f7610402ea7____c3_0____3_fair.csv,"{""needs_fairification"": false, ""success"": true, ""swaps_made"": 0, ""initial_fairness"": 0.2968, ""initial_delta"": 0.1}"
tusLarge3,nl,t_28dc8f7610402ea7____c9_0____0_fair.csv,10,92,137,10,True,0.3118,1.0,0.10869565217391304,0.10869565217391304,81.58308434486389,81.58308434486389,t_28dc8f7610402ea7____c9_0____4__t_28dc8f7610402ea7____c9_0____0_fair.csv;t_28dc8f7610402ea7____c9_0____2.csv;t_28dc8f7610402ea7____c9_0____2__t_28dc8f7610402ea7____c9_0____0_fair.csv;t_28dc8f7610402ea7____c9_0____2__t_28dc8f7610402ea7____c3_0____3_fair.csv;t_28dc8f7610402ea7____c9_0____3__t_28dc8f7610402ea7____c9_0____0_fair.csv;t_28dc8f7610402ea7____c9_0____3__t_28dc8f7610402ea7____c3_0____3_fair.csv;t_28dc8f7610402ea7____c9_0____4.csv;t_28dc8f7610402ea7____c9_0____3.csv;t_28dc8f7610402ea7____c9_0____1__t_28dc8f7610402ea7____c9_0____0_fair.csv;t_28dc8f7610402ea7____c7_1____1__t_28dc8f7610402ea7____c9_0____0_fair.csv,"{""needs_fairification"": true, ""success"": true, ""swaps_made"": 1, ""initial_fairness"": 0.2811, ""initial_delta"": 0.12, ""dominated_removed_count"": 111, ""dominance_candidate_pool_size"": 127, ""candidates_after_winnow"": 15}"
tusLarge3,nl,t_28dc8f7610402ea7____c9_0____0_fair.csv,20,92,137,20,True,0.2997,0.65,0.14130434782608695,0.21739130434782608,143.378242790699,143.378242790699,t_28dc8f7610402ea7____c9_0____4__t_28dc8f7610402ea7____c9_0____0_fair.csv;t_28dc8f7610402ea7____c9_0____2__t_28dc8f7610402ea7____c9_0____0_fair.csv;t_28dc8f7610402ea7____c9_0____3__t_28dc8f7610402ea7____c9_0____0_fair.csv;t_28dc8f7610402ea7____c9_0____1__t_28dc8f7610402ea7____c9_0____0_fair.csv;t_28dc8f7610402ea7____c8_0____0.csv;t_014c2259cce4ab13____c9_1____4__t_014c2259cce4ab13____c3_1____0_fair.csv;t_014c2259cce4ab13____c9_1____4.csv;t_014c2259cce4ab13____c9_1____2.csv;t_014c2259cce4ab13____c12_0____0.csv;t_93f3d6f7fc6aa6ff____c10_0____3__t_93f3d6f7fc6aa6ff____c18_0____4_fair.csv;t_014c2259cce4ab13____c9_0____4.csv;t_6047be0d6255e98d____c12_1____0.csv;t_28dc8f7610402ea7____c7_0____4__t_28dc8f7610402ea7____c9_0____0_fair.csv;t_28dc8f7610402ea7____c7_1____0__t_28dc8f7610402ea7____c9_0____0_fair.csv;t_28dc8f7610402ea7____c7_0____1__t_28dc8f7610402ea7____c9_0____0_fair.csv;t_28dc8f7610402ea7____c7_1____2__t_28dc8f7610402ea7____c9_0____0_fair.csv;t_28dc8f7610402ea7____c7_1____4__t_28dc8f7610402ea7____c9_0____0_fair.csv;t_28dc8f7610402ea7____c7_0____3__t_28dc8f7610402ea7____c9_0____0_fair.csv;t_28dc8f7610402ea7____c7_0____0__t_28dc8f7610402ea7____c9_0____0_fair.csv;t_28dc8f7610402ea7____c7_1____1__t_28dc8f7610402ea7____c9_0____0_fair.csv,"{""needs_fairification"": true, ""success"": true, ""swaps_made"": 10, ""initial_fairness"": 0.165, ""initial_delta"": 0.24, ""dominated_removed_count"": 103, ""dominance_candidate_pool_size"": 117, ""candidates_after_winnow"": 4}"
tusLarge3,nl,t_356fc1eaad97f93b____c1_0____1_fair.csv,5,655,382,5,True,0.4377,0.2,0.0015267175572519084,0.007633587786259542,4.773317039012909,4.773317039012909,t_356fc1eaad97f93b____c1_0____3__t_356fc1eaad97f93b____c1_0____1_fair.csv;t_014c2259cce4ab13____c1_0____3__t_014c2259cce4ab13____c27_0____4_fair.csv;t_1d580f266b2a923b____c1_1____2__t_1d580f266b2a923b____c7_0____3_fair.csv;t_bd6030667b3d0d9a____c1_1____2__t_bd6030667b3d0d9a____c5_0____4_fair.csv;t_6047be0d6255e98d____c1_1____4__t_6047be0d6255e98d____c6_0____0_fair.csv,"{""needs_fairification"": false, ""success"": true, ""swaps_made"": 0, ""initial_fairness"": 0.4377, ""initial_delta"": -0.04}"
tusLarge3,nl,t_356fc1eaad97f93b____c1_0____1_fair.csv,10,655,382,10,True,0.4373,0.1,0.0015267175572519084,0.015267175572519083,9.39768898487091,9.39768898487091,t_356fc1eaad97f93b____c1_0____3__t_356fc1eaad97f93b____c1_0____1_fair.csv;t_014c2259cce4ab13____c1_0____3__t_014c2259cce4ab13____c27_0____4_fair.csv;t_1d580f266b2a923b____c1_1____2__t_1d580f266b2a923b____c7_0____3_fair.csv;t_bd6030667b3d0d9a____c1_1____2__t_bd6030667b3d0d9a____c5_0____4_fair.csv;t_6047be0d6255e98d____c1_1____4__t_6047be0d6255e98d____c6_0____0_fair.csv;t_6047be0d6255e98d____c1_1____4__t_6047be0d6255e98d____c10_0____0_fair.csv;t_bd6030667b3d0d9a____c1_1____0__t_bd6030667b3d0d9a____c5_0____4_fair.csv;t_bd6030667b3d0d9a____c1_1____1__t_bd6030667b3d0d9a____c5_0____4_fair.csv;t_014c2259cce4ab13____c1_0____4__t_014c2259cce4ab13____c27_0____4_fair.csv;t_1d580f266b2a923b____c1_1____2__t_1d580f266b2a923b____c11_1____2_fair.csv,"{""needs_fairification"": false, ""success"": true, ""swaps_made"": 0, ""initial_fairness"": 0.4373, ""initial_delta"": -0.04}"
tusLarge3,nl,t_356fc1eaad97f93b____c1_0____1_fair.csv,20,655,382,20,True,0.297,0.05,0.0015267175572519084,0.030534351145038167,18.333105206489563,18.333105206489563,t_356fc1eaad97f93b____c1_0____3__t_356fc1eaad97f93b____c1_0____1_fair.csv;t_014c2259cce4ab13____c1_0____3__t_014c2259cce4ab13____c27_0____4_fair.csv;t_1d580f266b2a923b____c1_1____2__t_1d580f266b2a923b____c7_0____3_fair.csv;t_bd6030667b3d0d9a____c1_1____2__t_bd6030667b3d0d9a____c5_0____4_fair.csv;t_6047be0d6255e98d____c1_1____4__t_6047be0d6255e98d____c6_0____0_fair.csv;t_6047be0d6255e98d____c1_1____4__t_6047be0d6255e98d____c10_0____0_fair.csv;t_bd6030667b3d0d9a____c1_1____0__t_bd6030667b3d0d9a____c5_0____4_fair.csv;t_bd6030667b3d0d9a____c1_1____1__t_bd6030667b3d0d9a____c5_0____4_fair.csv;t_014c2259cce4ab13____c1_0____4__t_014c2259cce4ab13____c27_0____4_fair.csv;t_1d580f266b2a923b____c1_1____2__t_1d580f266b2a923b____c11_1____2_fair.csv;t_6047be0d6255e98d____c1_1____0__t_6047be0d6255e98d____c6_0____0_fair.csv;t_014c2259cce4ab13____c1_0____0__t_014c2259cce4ab13____c27_0____4_fair.csv;t_1d580f266b2a923b____c1_1____4__t_1d580f266b2a923b____c11_1____2_fair.csv;t_1d580f266b2a923b____c1_1____3__t_1d580f266b2a923b____c11_1____2_fair.csv;t_6047be0d6255e98d____c1_1____3__t_6047be0d6255e98d____c6_0____0_fair.csv;t_6047be0d6255e98d____c1_1____2__t_6047be0d6255e98d____c10_0____0_fair.csv;t_ece0594e0480a1ed____c2_0____4__t_ece0594e0480a1ed____c5_1____3_fair.csv;t_1d580f266b2a923b____c1_1____0__t_1d580f266b2a923b____c7_0____3_fair.csv;t_6047be0d6255e98d____c1_1____1__t_6047be0d6255e98d____c6_0____0_fair.csv;t_1d580f266b2a923b____c1_1____2.csv,"{""needs_fairification"": true, ""success"": true, ""swaps_made"": 2, ""initial_fairness"": 0.1934, ""initial_delta"": 0.21, ""dominated_removed_count"": 357, ""dominance_candidate_pool_size"": 362, ""candidates_after_winnow"": 3}"
tusLarge3,nl,t_285b3bcd52ec0c86____c16_0____3_fair.csv,5,741,66,5,False,0.2572,1.0,0.006747638326585695,0.006747638326585695,76.81808018684387,76.81808018684387,t_285b3bcd52ec0c86____c16_0____0__t_285b3bcd52ec0c86____c16_0____3_fair.csv;t_285b3bcd52ec0c86____c16_0____1__t_285b3bcd52ec0c86____c9_0____2_fair.csv;t_285b3bcd52ec0c86____c16_0____1__t_285b3bcd52ec0c86____c7_1____2_fair.csv;t_285b3bcd52ec0c86____c16_0____1.csv;t_285b3bcd52ec0c86____c15_0____1__t_285b3bcd52ec0c86____c16_0____3_fair.csv,"{""needs_fairification"": true, ""success"": false, ""swaps_made"": 2, ""initial_fairness"": 0.0964, ""initial_delta"": 0.3, ""dominated_removed_count"": 57, ""dominance_candidate_pool_size"": 61, ""candidates_after_winnow"": 2}"
tusLarge3,nl,t_285b3bcd52ec0c86____c16_0____3_fair.csv,10,741,66,10,False,0.1445,1.0,0.01349527665317139,0.01349527665317139,154.66362529993057,154.66362529993057,t_285b3bcd52ec0c86____c16_0____0__t_285b3bcd52ec0c86____c16_0____3_fair.csv;t_285b3bcd52ec0c86____c16_0____1__t_285b3bcd52ec0c86____c9_1____4_fair.csv;t_285b3bcd52ec0c86____c16_0____1__t_285b3bcd52ec0c86____c9_0____2_fair.csv;t_285b3bcd52ec0c86____c16_0____1__t_285b3bcd52ec0c86____c7_1____2_fair.csv;t_285b3bcd52ec0c86____c16_0____1__t_285b3bcd52ec0c86____c6_0____0_fair.csv;t_285b3bcd52ec0c86____c16_0____1__t_285b3bcd52ec0c86____c20_1____2_fair.csv;t_285b3bcd52ec0c86____c16_0____1__t_285b3bcd52ec0c86____c17_1____0_fair.csv;t_285b3bcd52ec0c86____c16_0____1__t_285b3bcd52ec0c86____c12_0____1_fair.csv;t_285b3bcd52ec0c86____c16_0____1.csv;t_285b3bcd52ec0c86____c15_0____1__t_285b3bcd52ec0c86____c16_0____3_fair.csv,"{""needs_fairification"": true, ""success"": false, ""swaps_made"": 2, ""initial_fairness"": 0.0521, ""initial_delta"": 0.35, ""dominated_removed_count"": 53, ""dominance_candidate_pool_size"": 56, ""candidates_after_winnow"": 1}"
tusLarge3,nl,t_285b3bcd52ec0c86____c16_0____3_fair.csv,20,741,66,20,False,0.0318,0.95,0.02564102564102564,0.02699055330634278,310.13631588220596,310.13631588220596,t_285b3bcd52ec0c86____c16_0____0__t_285b3bcd52ec0c86____c16_0____3_fair.csv;t_285b3bcd52ec0c86____c16_0____1__t_285b3bcd52ec0c86____c9_1____4_fair.csv;t_285b3bcd52ec0c86____c16_0____1__t_285b3bcd52ec0c86____c9_0____2_fair.csv;t_285b3bcd52ec0c86____c16_0____1__t_285b3bcd52ec0c86____c7_1____2_fair.csv;t_285b3bcd52ec0c86____c16_0____1__t_285b3bcd52ec0c86____c6_0____0_fair.csv;t_285b3bcd52ec0c86____c16_0____1__t_285b3bcd52ec0c86____c20_1____2_fair.csv;t_285b3bcd52ec0c86____c16_0____1__t_285b3bcd52ec0c86____c17_1____0_fair.csv;t_285b3bcd52ec0c86____c16_0____1__t_285b3bcd52ec0c86____c12_0____1_fair.csv;t_285b3bcd52ec0c86____c18_1____1__t_285b3bcd52ec0c86____c9_1____4_fair.csv;t_285b3bcd52ec0c86____c18_1____1__t_285b3bcd52ec0c86____c9_0____2_fair.csv;t_285b3bcd52ec0c86____c18_1____1__t_285b3bcd52ec0c86____c7_1____2_fair.csv;t_285b3bcd52ec0c86____c18_1____1__t_285b3bcd52ec0c86____c6_0____0_fair.csv;t_285b3bcd52ec0c86____c18_1____1__t_285b3bcd52ec0c86____c20_1____2_fair.csv;t_285b3bcd52ec0c86____c18_1____1__t_285b3bcd52ec0c86____c17_1____0_fair.csv;t_285b3bcd52ec0c86____c18_1____1__t_285b3bcd52ec0c86____c16_0____3_fair.csv;t_285b3bcd52ec0c86____c18_1____1__t_285b3bcd52ec0c86____c12_0____1_fair.csv;t_285b3bcd52ec0c86____c16_0____1.csv;t_285b3bcd52ec0c86____c18_1____2__t_285b3bcd52ec0c86____c16_0____3_fair.csv;PED_SK_DTL_SNF____c17_0____1__PED_SK_DTL_SNF____c9_0____3_fair.csv;t_285b3bcd52ec0c86____c15_0____1__t_285b3bcd52ec0c86____c16_0____3_fair.csv,"{""needs_fairification"": true, ""success"": false, ""swaps_made"": 1, ""initial_fairness"": 0.0166, ""initial_delta"": 0.38, ""dominated_removed_count"": 43, ""dominance_candidate_pool_size"": 46, ""candidates_after_winnow"": 2}"
tusLarge3,nl,t_356fc1eaad97f93b____c3_0____2_fair.csv,5,585,277,5,True,0.397,1.0,0.008547008547008548,0.008547008547008548,14.202941238880157,14.202941238880157,t_356fc1eaad97f93b____c3_0____4__t_356fc1eaad97f93b____c3_0____2_fair.csv;t_356fc1eaad97f93b____c3_0____1__t_356fc1eaad97f93b____c3_0____2_fair.csv;t_356fc1eaad97f93b____c3_0____3__t_356fc1eaad97f93b____c3_0____2_fair.csv;t_356fc1eaad97f93b____c3_0____0__t_356fc1eaad97f93b____c3_0____2_fair.csv;t_356fc1eaad97f93b____c3_0____0.csv,"{""needs_fairification"": false, ""success"": true, ""swaps_made"": 0, ""initial_fairness"": 0.397, ""initial_delta"": 0.0}"
tusLarge3,nl,t_356fc1eaad97f93b____c3_0____2_fair.csv,10,585,277,10,True,0.3161,0.8,0.013675213675213675,0.017094017094017096,26.896656572818756,26.896656572818756,t_356fc1eaad97f93b____c3_0____4__t_356fc1eaad97f93b____c3_0____2_fair.csv;t_356fc1eaad97f93b____c3_0____1__t_356fc1eaad97f93b____c3_0____2_fair.csv;t_356fc1eaad97f93b____c3_0____3__t_356fc1eaad97f93b____c3_0____2_fair.csv;t_356fc1eaad97f93b____c3_0____0__t_356fc1eaad97f93b____c3_0____2_fair.csv;t_356fc1eaad97f93b____c3_0____0.csv;t_356fc1eaad97f93b____c3_0____4.csv;t_356fc1eaad97f93b____c3_0____1.csv;t_356fc1eaad97f93b____c3_0____3.csv;t_8f2aacee00084d17____c3_0____0.csv;CTA_Ridership_Avg_Weekday_Bus_Stop_Boardings_in_October_2012____c3_1____3.csv,"{""needs_fairification"": false, ""success"": true, ""swaps_made"": 0, ""initial_fairness"": 0.3161, ""initial_delta"": 0.08}"
tusLarge3,nl,t_356fc1eaad97f93b____c3_0____2_fair.csv,20,585,277,20,True,0.309,0.4,0.013675213675213675,0.03418803418803419,42.90542721748352,42.90542721748352,t_356fc1eaad97f93b____c3_0____4__t_356fc1eaad97f93b____c3_0____2_fair.csv;t_356fc1eaad97f93b____c3_0____1__t_356fc1eaad97f93b____c3_0____2_fair.csv;t_356fc1eaad97f93b____c3_0____3__t_356fc1eaad97f93b____c3_0____2_fair.csv;t_356fc1eaad97f93b____c3_0____0__t_356fc1eaad97f93b____c3_0____2_fair.csv;t_356fc1eaad97f93b____c3_0____3.csv;t_8f2aacee00084d17____c3_0____0.csv;t_8b91ff826fe3eeb8____c3_1____4__t_8b91ff826fe3eeb8____c3_1____2_fair.csv;t_8b91ff826fe3eeb8____c3_1____0__t_8b91ff826fe3eeb8____c3_1____2_fair.csv;t_356fc1eaad97f93b____c4_0____2__t_356fc1eaad97f93b____c3_0____2_fair.csv;t_356fc1eaad97f93b____c5_1____0__t_356fc1eaad97f93b____c3_0____2_fair.csv;t_1934eacab8c57857____c3_0____0.csv;t_8b91ff826fe3eeb8____c3_1____0.csv;t_356fc1eaad97f93b____c5_1____3__t_356fc1eaad97f93b____c3_0____2_fair.csv;t_b28ed28824886b47____c4_1____2.csv;t_285b3bcd52ec0c86____c3_1____2__t_285b3bcd52ec0c86____c7_1____2_fair.csv;t_b28ed28824886b47____c3_1____0.csv;t_285b3bcd52ec0c86____c2_1____4__t_285b3bcd52ec0c86____c7_1____2_fair.csv;t_1d580f266b2a923b____c2_0____4__t_1d580f266b2a923b____c11_1____2_fair.csv;t_240c872e361b3c8e____c1_0____4__t_240c872e361b3c8e____c1_0____2_fair.csv;t_240c872e361b3c8e____c1_0____4.csv,"{""needs_fairification"": true, ""success"": true, ""swaps_made"": 9, ""initial_fairness"": 0.1787, ""initial_delta"": 0.22, ""dominated_removed_count"": 237, ""dominance_candidate_pool_size"": 257, ""candidates_after_winnow"": 11}"
tusLarge3,nl,t_240c872e361b3c8e____c18_1____4_fair.csv,5,401,66,5,False,0.2698,0.8,0.00997506234413965,0.012468827930174564,81.59094655513763,81.59094655513763,t_240c872e361b3c8e____c18_0____4.csv;t_240c872e361b3c8e____c18_1____3__t_240c872e361b3c8e____c18_1____4_fair.csv;t_240c872e361b3c8e____c18_1____3.csv;t_240c872e361b3c8e____c20_0____3__t_240c872e361b3c8e____c18_1____4_fair.csv;t_240c872e361b3c8e____c15_0____4.csv,"{""needs_fairification"": true, ""success"": false, ""swaps_made"": 4, ""initial_fairness"": 0.0817, ""initial_delta"": 0.32, ""dominated_removed_count"": 57, ""dominance_candidate_pool_size"": 61, ""candidates_after_winnow"": 0}"
tusLarge3,nl,t_240c872e361b3c8e____c18_1____4_fair.csv,10,401,66,10,False,0.2059,0.7,0.017456359102244388,0.02493765586034913,164.65017956495285,164.65017956495285,t_240c872e361b3c8e____c18_0____4.csv;t_240c872e361b3c8e____c18_1____3__t_240c872e361b3c8e____c18_1____4_fair.csv;t_240c872e361b3c8e____c18_1____3__t_240c872e361b3c8e____c18_0____2_fair.csv;t_240c872e361b3c8e____c18_1____3.csv;t_240c872e361b3c8e____c18_0____0__t_240c872e361b3c8e____c18_0____2_fair.csv;t_240c872e361b3c8e____c18_0____0.csv;t_240c872e361b3c8e____c18_1____0__t_240c872e361b3c8e____c18_0____2_fair.csv;t_240c872e361b3c8e____c20_0____3__t_240c872e361b3c8e____c18_1____4_fair.csv;t_240c872e361b3c8e____c17_1____4__t_240c872e361b3c8e____c18_1____4_fair.csv;t_240c872e361b3c8e____c17_1____4.csv,"{""needs_fairification"": true, ""success"": false, ""swaps_made"": 5, ""initial_fairness"": 0.0932, ""initial_delta"": 0.31, ""dominated_removed_count"": 49, ""dominance_candidate_pool_size"": 56, ""candidates_after_winnow"": 2}"
tusLarge3,nl,t_240c872e361b3c8e____c18_1____4_fair.csv,20,401,66,20,False,0.0955,0.65,0.032418952618453865,0.04987531172069826,328.80655777454376,328.80655777454376,t_240c872e361b3c8e____c18_0____4.csv;t_240c872e361b3c8e____c18_1____3__t_240c872e361b3c8e____c5_1____3_fair.csv;t_240c872e361b3c8e____c18_1____3__t_240c872e361b3c8e____c1_0____2_fair.csv;t_240c872e361b3c8e____c18_1____3__t_240c872e361b3c8e____c18_1____4_fair.csv;t_240c872e361b3c8e____c18_1____3__t_240c872e361b3c8e____c18_0____2_fair.csv;t_240c872e361b3c8e____c18_1____3.csv;t_240c872e361b3c8e____c18_0____0__t_240c872e361b3c8e____c1_0____2_fair.csv;t_240c872e361b3c8e____c18_0____0__t_240c872e361b3c8e____c18_0____2_fair.csv;t_240c872e361b3c8e____c18_0____0.csv;t_240c872e361b3c8e____c18_0____3__t_240c872e361b3c8e____c1_0____2_fair.csv;t_240c872e361b3c8e____c18_0____3__t_240c872e361b3c8e____c18_0____2_fair.csv;t_240c872e361b3c8e____c18_0____3.csv;t_240c872e361b3c8e____c20_0____0__t_240c872e361b3c8e____c5_1____3_fair.csv;t_240c872e361b3c8e____c20_0____0__t_240c872e361b3c8e____c1_0____2_fair.csv;t_240c872e361b3c8e____c20_0____0__t_240c872e361b3c8e____c18_1____4_fair.csv;t_240c872e361b3c8e____c20_0____0__t_240c872e361b3c8e____c18_0____2_fair.csv;t_240c872e361b3c8e____c20_0____0.csv;t_240c872e361b3c8e____c18_1____0__t_240c872e361b3c8e____c5_1____3_fair.csv;t_240c872e361b3c8e____c20_0____3__t_240c872e361b3c8e____c18_1____4_fair.csv;t_240c872e361b3c8e____c17_1____4__t_240c872e361b3c8e____c18_1____4_fair.csv,"{""needs_fairification"": true, ""success"": false, ""swaps_made"": 2, ""initial_fairness"": 0.0494, ""initial_delta"": 0.35, ""dominated_removed_count"": 40, ""dominance_candidate_pool_size"": 46, ""candidates_after_winnow"": 4}"
tusLarge3,nl,t_356fc1eaad97f93b____c13_1____2_fair.csv,5,505,92,5,False,0.1468,1.0,0.009900990099009901,0.009900990099009901,63.60729789733887,63.60729789733887,t_356fc1eaad97f93b____c13_0____2__t_356fc1eaad97f93b____c1_0____1_fair.csv;t_356fc1eaad97f93b____c13_0____2__t_356fc1eaad97f93b____c18_1____2_fair.csv;t_356fc1eaad97f93b____c13_0____2__t_356fc1eaad97f93b____c14_1____2_fair.csv;t_356fc1eaad97f93b____c13_0____2__t_356fc1eaad97f93b____c13_1____2_fair.csv;t_356fc1eaad97f93b____c13_1____3__t_356fc1eaad97f93b____c13_1____2_fair.csv,"{""needs_fairification"": true, ""success"": false, ""swaps_made"": 1, ""initial_fairness"": 0.068, ""initial_delta"": 0.33, ""dominated_removed_count"": 86, ""dominance_candidate_pool_size"": 87, ""candidates_after_winnow"": 0}"
tusLarge3,nl,t_356fc1eaad97f93b____c13_1____2_fair.csv,10,505,92,10,False,0.0962,1.0,0.019801980198019802,0.019801980198019802,122.92153823375702,122.92153823375702,t_356fc1eaad97f93b____c13_0____2__t_356fc1eaad97f93b____c1_0____1_fair.csv;t_356fc1eaad97f93b____c13_0____2__t_356fc1eaad97f93b____c18_1____2_fair.csv;t_356fc1eaad97f93b____c13_0____2__t_356fc1eaad97f93b____c14_1____2_fair.csv;t_356fc1eaad97f93b____c13_0____2__t_356fc1eaad97f93b____c13_1____2_fair.csv;t_356fc1eaad97f93b____c13_1____3__t_356fc1eaad97f93b____c13_1____2_fair.csv;t_356fc1eaad97f93b____c13_0____2.csv;t_356fc1eaad97f93b____c13_1____3__t_356fc1eaad97f93b____c14_1____2_fair.csv;t_356fc1eaad97f93b____c13_1____3.csv;t_356fc1eaad97f93b____c13_0____3__t_356fc1eaad97f93b____c20_0____1_fair.csv;t_356fc1eaad97f93b____c11_0____1__t_356fc1eaad97f93b____c1_0____1_fair.csv,"{""needs_fairification"": true, ""success"": false, ""swaps_made"": 1, ""initial_fairness"": 0.09, ""initial_delta"": 0.31, ""dominated_removed_count"": 69, ""dominance_candidate_pool_size"": 82, ""candidates_after_winnow"": 12}"
tusLarge3,nl,t_356fc1eaad97f93b____c13_1____2_fair.csv,20,505,92,20,False,0.0475,0.85,0.033663366336633666,0.039603960396039604,242.6013219356537,242.6013219356537,t_356fc1eaad97f93b____c13_0____2__t_356fc1eaad97f93b____c20_0____1_fair.csv;t_356fc1eaad97f93b____c13_0____2__t_356fc1eaad97f93b____c1_0____1_fair.csv;t_356fc1eaad97f93b____c13_0____2__t_356fc1eaad97f93b____c18_1____2_fair.csv;t_356fc1eaad97f93b____c13_0____2__t_356fc1eaad97f93b____c14_1____2_fair.csv;t_356fc1eaad97f93b____c13_0____2__t_356fc1eaad97f93b____c13_1____2_fair.csv;t_356fc1eaad97f93b____c13_1____3__t_356fc1eaad97f93b____c13_1____2_fair.csv;t_356fc1eaad97f93b____c13_0____2.csv;t_356fc1eaad97f93b____c13_1____3__t_356fc1eaad97f93b____c14_1____2_fair.csv;t_356fc1eaad97f93b____c13_1____3.csv;t_356fc1eaad97f93b____c13_0____3__t_356fc1eaad97f93b____c20_0____1_fair.csv;t_356fc1eaad97f93b____c13_0____3__t_356fc1eaad97f93b____c1_0____1_fair.csv;t_356fc1eaad97f93b____c13_0____3__t_356fc1eaad97f93b____c18_1____2_fair.csv;t_356fc1eaad97f93b____c13_0____3__t_356fc1eaad97f93b____c14_1____2_fair.csv;t_356fc1eaad97f93b____c13_0____3__t_356fc1eaad97f93b____c13_1____2_fair.csv;t_356fc1eaad97f93b____c16_1____2__t_356fc1eaad97f93b____c1_0____1_fair.csv;t_356fc1eaad97f93b____c16_1____2__t_356fc1eaad97f93b____c14_1____2_fair.csv;t_356fc1eaad97f93b____c15_1____4__t_356fc1eaad97f93b____c1_0____1_fair.csv;t_356fc1eaad97f93b____c15_1____4__t_356fc1eaad97f93b____c14_1____2_fair.csv;t_356fc1eaad97f93b____c15_1____4__t_356fc1eaad97f93b____c13_1____2_fair.csv;t_356fc1eaad97f93b____c16_1____2.csv,"{""needs_fairification"": true, ""success"": false, ""swaps_made"": 0, ""initial_fairness"": 0.0475, ""initial_delta"": 0.35, ""dominated_removed_count"": 61, ""dominance_candidate_pool_size"": 72, ""candidates_after_winnow"": 11}"
tusLarge3,nl,t_6047be0d6255e98d____c2_0____2_fair.csv,5,372,319,5,True,0.4361,1.0,0.013440860215053764,0.013440860215053764,9.465745627880096,9.465745627880096,t_6047be0d6255e98d____c2_0____0__t_6047be0d6255e98d____c2_0____2_fair.csv;t_6047be0d6255e98d____c2_0____1__t_6047be0d6255e98d____c2_0____2_fair.csv;t_6047be0d6255e98d____c2_0____0__t_6047be0d6255e98d____c6_1____1_fair.csv;t_6047be0d6255e98d____c2_0____3__t_6047be0d6255e98d____c2_0____2_fair.csv;t_6047be0d6255e98d____c2_0____1__t_6047be0d6255e98d____c6_1____1_fair.csv,"{""needs_fairification"": false, ""success"": true, ""swaps_made"": 0, ""initial_fairness"": 0.4361, ""initial_delta"": -0.04}"
tusLarge3,nl,t_6047be0d6255e98d____c2_0____2_fair.csv,10,372,319,10,True,0.37,0.6,0.016129032258064516,0.026881720430107527,18.602036714553833,18.602036714553833,t_6047be0d6255e98d____c2_0____0__t_6047be0d6255e98d____c2_0____2_fair.csv;t_6047be0d6255e98d____c2_0____1__t_6047be0d6255e98d____c2_0____2_fair.csv;t_6047be0d6255e98d____c2_0____0__t_6047be0d6255e98d____c6_1____1_fair.csv;t_6047be0d6255e98d____c2_0____3__t_6047be0d6255e98d____c2_0____2_fair.csv;t_6047be0d6255e98d____c2_0____1__t_6047be0d6255e98d____c6_1____1_fair.csv;t_6047be0d6255e98d____c2_0____3__t_6047be0d6255e98d____c6_1____1_fair.csv;t_6c551d740feb0608____c3_1____2__t_6c551d740feb0608____c10_0____2_fair.csv;t_6c551d740feb0608____c3_1____1__t_6c551d740feb0608____c10_0____2_fair.csv;t_6c551d740feb0608____c3_1____4__t_6c551d740feb0608____c10_0____2_fair.csv;t_285b3bcd52ec0c86____c2_1____3__t_285b3bcd52ec0c86____c7_1____2_fair.csv,"{""needs_fairification"": false, ""success"": true, ""swaps_made"": 0, ""initial_fairness"": 0.37, ""initial_delta"": 0.03}"
tusLarge3,nl,t_6047be0d6255e98d____c2_0____2_fair.csv,20,372,319,20,True,0.3316,0.4,0.021505376344086023,0.053763440860215055,35.2546129822731,35.2546129822731,t_6047be0d6255e98d____c2_0____0__t_6047be0d6255e98d____c2_0____2_fair.csv;t_6047be0d6255e98d____c2_0____1__t_6047be0d6255e98d____c2_0____2_fair.csv;t_6047be0d6255e98d____c2_0____0__t_6047be0d6255e98d____c6_1____1_fair.csv;t_6047be0d6255e98d____c2_0____3__t_6047be0d6255e98d____c2_0____2_fair.csv;t_6047be0d6255e98d____c2_0____1__t_6047be0d6255e98d____c6_1____1_fair.csv;t_6047be0d6255e98d____c2_0____3__t_6047be0d6255e98d____c6_1____1_fair.csv;t_6c551d740feb0608____c3_1____2__t_6c551d740feb0608____c10_0____2_fair.csv;t_6c551d740feb0608____c3_1____1__t_6c551d740feb0608____c10_0____2_fair.csv;t_6c551d740feb0608____c3_1____4__t_6c551d740feb0608____c10_0____2_fair.csv;t_285b3bcd52ec0c86____c2_1____3__t_285b3bcd52ec0c86____c7_1____2_fair.csv;t_6047be0d6255e98d____c2_0____4__t_6047be0d6255e98d____c6_1____1_fair.csv;t_6047be0d6255e98d____c2_0____4__t_6047be0d6255e98d____c2_0____2_fair.csv;t_6c551d740feb0608____c3_1____0__t_6c551d740feb0608____c10_0____2_fair.csv;PED_SK_DTL_SNF____c2_0____0__PED_SK_DTL_SNF____c14_1____4_fair.csv;t_285b3bcd52ec0c86____c2_1____4__t_285b3bcd52ec0c86____c7_1____2_fair.csv;t_285b3bcd52ec0c86____c2_1____0__t_285b3bcd52ec0c86____c7_1____2_fair.csv;PED_SK_DTL_SNF____c2_1____0__PED_SK_DTL_SNF____c3_1____2_fair.csv;t_014c2259cce4ab13____c2_0____4.csv;t_1d580f266b2a923b____c2_0____1.csv;t_f2bc7fb748586bfa____c1_1____4.csv,"{""needs_fairification"": true, ""success"": true, ""swaps_made"": 3, ""initial_fairness"": 0.0346, ""initial_delta"": 0.37, ""dominated_removed_count"": 292, ""dominance_candidate_pool_size"": 299, ""candidates_after_winnow"": 4}"
tusLarge3,nl,t_285b3bcd52ec0c86____c17_1____0_fair.csv,5,773,86,5,False,0.1352,0.2,0.00129366106080207,0.00646830530401035,82.59219527244568,82.59219527244568,PED_SK_DTL_SNF____c17_1____0__PED_SK_DTL_SNF____c3_1____2_fair.csv;PED_SK_DTL_SNF____c17_1____0__PED_SK_DTL_SNF____c18_0____2_fair.csv;PED_SK_DTL_SNF____c17_1____0__PED_SK_DTL_SNF____c16_0____0_fair.csv;t_285b3bcd52ec0c86____c17_1____2.csv;PED_SK_DTL_SNF____c17_1____0.csv,"{""needs_fairification"": true, ""success"": false, ""swaps_made"": 2, ""initial_fairness"": 0.1243, ""initial_delta"": 0.28, ""dominated_removed_count"": 77, ""dominance_candidate_pool_size"": 81, ""candidates_after_winnow"": 2}"
tusLarge3,nl,t_285b3bcd52ec0c86____c17_1____0_fair.csv,10,773,86,10,False,0.0759,0.3,0.0038809831824062097,0.0129366106080207,165.52298384904861,165.52298384904861,PED_SK_DTL_SNF____c17_1____0__PED_SK_DTL_SNF____c9_0____3_fair.csv;PED_SK_DTL_SNF____c17_1____0__PED_SK_DTL_SNF____c3_1____2_fair.csv;PED_SK_DTL_SNF____c17_1____0__PED_SK_DTL_SNF____c19_0____0_fair.csv;PED_SK_DTL_SNF____c17_1____0__PED_SK_DTL_SNF____c18_0____2_fair.csv;PED_SK_DTL_SNF____c17_1____0__PED_SK_DTL_SNF____c16_0____0_fair.csv;PED_SK_DTL_SNF____c17_1____0__PED_SK_DTL_SNF____c12_0____3_fair.csv;t_285b3bcd52ec0c86____c17_1____2__t_285b3bcd52ec0c86____c6_0____0_fair.csv;t_285b3bcd52ec0c86____c17_1____2__t_285b3bcd52ec0c86____c12_0____1_fair.csv;t_285b3bcd52ec0c86____c17_1____2__t_285b3bcd52ec0c86____c17_1____0_fair.csv;PED_SK_DTL_SNF____c17_1____0.csv,"{""needs_fairification"": true, ""success"": false, ""swaps_made"": 1, ""initial_fairness"": 0.0699, ""initial_delta"": 0.33, ""dominated_removed_count"": 73, ""dominance_candidate_pool_size"": 76, ""candidates_after_winnow"": 2}"
tusLarge3,nl,t_285b3bcd52ec0c86____c17_1____0_fair.csv,20,773,86,20,False,0.0372,0.4,0.01034928848641656,0.0258732212160414,330.678285241127,330.678285241127,PED_SK_DTL_SNF____c17_1____0__PED_SK_DTL_SNF____c9_0____3_fair.csv;PED_SK_DTL_SNF____c17_1____0__PED_SK_DTL_SNF____c3_1____2_fair.csv;PED_SK_DTL_SNF____c17_1____0__PED_SK_DTL_SNF____c19_0____0_fair.csv;PED_SK_DTL_SNF____c17_1____0__PED_SK_DTL_SNF____c18_0____2_fair.csv;PED_SK_DTL_SNF____c17_1____0__PED_SK_DTL_SNF____c16_0____0_fair.csv;PED_SK_DTL_SNF____c17_1____0__PED_SK_DTL_SNF____c12_0____3_fair.csv;t_285b3bcd52ec0c86____c17_1____2__t_285b3bcd52ec0c86____c9_1____4_fair.csv;t_285b3bcd52ec0c86____c17_1____2__t_285b3bcd52ec0c86____c6_0____0_fair.csv;t_285b3bcd52ec0c86____c17_1____2__t_285b3bcd52ec0c86____c12_0____1_fair.csv;t_285b3bcd52ec0c86____c17_1____2__t_285b3bcd52ec0c86____c17_1____0_fair.csv;PED_SK_DTL_SNF____c17_1____2__PED_SK_DTL_SNF____c9_0____3_fair.csv;PED_SK_DTL_SNF____c17_1____2__PED_SK_DTL_SNF____c3_1____2_fair.csv;PED_SK_DTL_SNF____c17_1____2__PED_SK_DTL_SNF____c19_0____0_fair.csv;PED_SK_DTL_SNF____c17_1____2__PED_SK_DTL_SNF____c18_0____2_fair.csv;PED_SK_DTL_SNF____c17_1____2__PED_SK_DTL_SNF____c16_0____0_fair.csv;PED_SK_DTL_SNF____c17_1____2__PED_SK_DTL_SNF____c12_0____3_fair.csv;t_285b3bcd52ec0c86____c17_1____2__t_285b3bcd52ec0c86____c7_1____2_fair.csv;t_285b3bcd52ec0c86____c17_1____2.csv;t_285b3bcd52ec0c86____c17_1____3__t_285b3bcd52ec0c86____c9_1____4_fair.csv;t_285b3bcd52ec0c86____c17_1____3__t_285b3bcd52ec0c86____c6_0____0_fair.csv,"{""needs_fairification"": true, ""success"": false, ""swaps_made"": 0, ""initial_fairness"": 0.0372, ""initial_delta"": 0.36, ""dominated_removed_count"": 64, ""dominance_candidate_pool_size"": 66, ""candidates_after_winnow"": 2}"
tusLarge3,nl,t_356fc1eaad97f93b____c14_1____2_fair.csv,5,571,78,5,False,0.0766,1.0,0.008756567425569177,0.008756567425569177,68.31845647096634,68.31845647096634,t_356fc1eaad97f93b____c15_1____2__t_356fc1eaad97f93b____c1_0____1_fair.csv;t_356fc1eaad97f93b____c15_1____2__t_356fc1eaad97f93b____c14_1____2_fair.csv;t_356fc1eaad97f93b____c15_1____2__t_356fc1eaad97f93b____c13_1____2_fair.csv;t_356fc1eaad97f93b____c15_1____2.csv;t_356fc1eaad97f93b____c16_0____2__t_356fc1eaad97f93b____c20_0____1_fair.csv,"{""needs_fairification"": true, ""success"": false, ""swaps_made"": 0, ""initial_fairness"": 0.0766, ""initial_delta"": 0.32, ""dominated_removed_count"": 71, ""dominance_candidate_pool_size"": 73, ""candidates_after_winnow"": 2}"
tusLarge3,nl,t_356fc1eaad97f93b____c14_1____2_fair.csv,10,571,78,10,False,0.0417,1.0,0.017513134851138354,0.017513134851138354,135.52907019853592,135.52907019853592,t_356fc1eaad97f93b____c15_1____2__t_356fc1eaad97f93b____c1_0____1_fair.csv;t_356fc1eaad97f93b____c15_1____2__t_356fc1eaad97f93b____c14_1____2_fair.csv;t_356fc1eaad97f93b____c15_1____2__t_356fc1eaad97f93b____c13_1____2_fair.csv;t_356fc1eaad97f93b____c15_1____2.csv;t_356fc1eaad97f93b____c16_0____2__t_356fc1eaad97f93b____c20_0____1_fair.csv;t_356fc1eaad97f93b____c16_0____2__t_356fc1eaad97f93b____c18_1____2_fair.csv;t_356fc1eaad97f93b____c16_0____2__t_356fc1eaad97f93b____c14_1____2_fair.csv;t_356fc1eaad97f93b____c15_1____2__t_356fc1eaad97f93b____c3_0____2_fair.csv;t_356fc1eaad97f93b____c16_0____2.csv;t_356fc1eaad97f93b____c16_0____2__t_356fc1eaad97f93b____c3_0____2_fair.csv,"{""needs_fairification"": true, ""success"": false, ""swaps_made"": 0, ""initial_fairness"": 0.0417, ""initial_delta"": 0.36, ""dominated_removed_count"": 66, ""dominance_candidate_pool_size"": 68, ""candidates_after_winnow"": 2}"
tusLarge3,nl,t_356fc1eaad97f93b____c14_1____2_fair.csv,20,571,78,20,False,0.0218,0.75,0.02626970227670753,0.03502626970227671,263.9935681819916,263.9935681819916,t_356fc1eaad97f93b____c15_1____2__t_356fc1eaad97f93b____c1_0____1_fair.csv;t_356fc1eaad97f93b____c15_1____2__t_356fc1eaad97f93b____c14_1____2_fair.csv;t_356fc1eaad97f93b____c15_1____2__t_356fc1eaad97f93b____c13_1____2_fair.csv;t_356fc1eaad97f93b____c15_1____2.csv;t_356fc1eaad97f93b____c16_0____2__t_356fc1eaad97f93b____c20_0____1_fair.csv;t_356fc1eaad97f93b____c16_0____2__t_356fc1eaad97f93b____c18_1____2_fair.csv;t_356fc1eaad97f93b____c16_0____2__t_356fc1eaad97f93b____c14_1____2_fair.csv;t_356fc1eaad97f93b____c15_1____2__t_356fc1eaad97f93b____c3_0____2_fair.csv;t_356fc1eaad97f93b____c16_0____2.csv;t_356fc1eaad97f93b____c16_0____2__t_356fc1eaad97f93b____c3_0____2_fair.csv;t_356fc1eaad97f93b____c14_0____3__t_356fc1eaad97f93b____c20_0____1_fair.csv;t_356fc1eaad97f93b____c14_0____3__t_356fc1eaad97f93b____c18_1____2_fair.csv;t_356fc1eaad97f93b____c14_0____3__t_356fc1eaad97f93b____c14_1____2_fair.csv;t_356fc1eaad97f93b____c15_0____2.csv;t_356fc1eaad97f93b____c15_0____2__t_356fc1eaad97f93b____c20_0____1_fair.csv;t_356fc1eaad97f93b____c15_0____2__t_356fc1eaad97f93b____c1_0____1_fair.csv;t_356fc1eaad97f93b____c15_0____2__t_356fc1eaad97f93b____c18_1____2_fair.csv;t_356fc1eaad97f93b____c15_0____2__t_356fc1eaad97f93b____c13_1____2_fair.csv;t_356fc1eaad97f93b____c14_0____3.csv;t_356fc1eaad97f93b____c16_1____3__t_356fc1eaad97f93b____c3_0____2_fair.csv,"{""needs_fairification"": true, ""success"": false, ""swaps_made"": 0, ""initial_fairness"": 0.0218, ""initial_delta"": 0.38, ""dominated_removed_count"": 57, ""dominance_candidate_pool_size"": 58, ""candidates_after_winnow"": 1}"
tusLarge3,nl,t_6047be0d6255e98d____c6_0____0_fair.csv,5,383,132,5,True,0.3358,1.0,0.013054830287206266,0.013054830287206266,28.402318596839905,28.402318596839905,t_6047be0d6255e98d____c6_0____1__t_6047be0d6255e98d____c6_0____0_fair.csv;t_6047be0d6255e98d____c6_0____1__t_6047be0d6255e98d____c2_0____2_fair.csv;t_6047be0d6255e98d____c6_0____1__t_6047be0d6255e98d____c10_0____0_fair.csv;t_6047be0d6255e98d____c6_0____1.csv;t_6047be0d6255e98d____c8_1____4__t_6047be0d6255e98d____c6_0____0_fair.csv,"{""needs_fairification"": true, ""success"": true, ""swaps_made"": 1, ""initial_fairness"": 0.243, ""initial_delta"": 0.16, ""dominated_removed_count"": 114, ""dominance_candidate_pool_size"": 127, ""candidates_after_winnow"": 12}"
tusLarge3,nl,t_6047be0d6255e98d____c6_0____0_fair.csv,10,383,132,10,True,0.2953,1.0,0.02610966057441253,0.02610966057441253,56.404884815216064,56.404884815216064,t_6047be0d6255e98d____c6_0____1__t_6047be0d6255e98d____c6_0____0_fair.csv;t_6047be0d6255e98d____c6_0____1__t_6047be0d6255e98d____c10_0____0_fair.csv;t_6047be0d6255e98d____c6_0____1.csv;t_6047be0d6255e98d____c6_0____2.csv;t_6047be0d6255e98d____c6_0____2__t_6047be0d6255e98d____c6_1____1_fair.csv;t_6047be0d6255e98d____c6_0____2__t_6047be0d6255e98d____c6_0____0_fair.csv;t_6047be0d6255e98d____c6_0____2__t_6047be0d6255e98d____c2_0____2_fair.csv;t_6047be0d6255e98d____c8_1____0.csv;t_6047be0d6255e98d____c8_1____0__t_6047be0d6255e98d____c6_0____0_fair.csv;t_6047be0d6255e98d____c8_1____4__t_6047be0d6255e98d____c6_0____0_fair.csv,"{""needs_fairification"": true, ""success"": true, ""swaps_made"": 2, ""initial_fairness"": 0.1961, ""initial_delta"": 0.2, ""dominated_removed_count"": 110, ""dominance_candidate_pool_size"": 122, ""candidates_after_winnow"": 10}"
tusLarge3,nl,t_6047be0d6255e98d____c6_0____0_fair.csv,20,383,132,20,True,0.3167,1.0,0.05221932114882506,0.05221932114882506,104.1089990735054,104.1089990735054,t_6047be0d6255e98d____c6_0____1__t_6047be0d6255e98d____c6_0____0_fair.csv;t_6047be0d6255e98d____c6_0____2.csv;t_6047be0d6255e98d____c6_0____2__t_6047be0d6255e98d____c6_1____1_fair.csv;t_6047be0d6255e98d____c6_0____2__t_6047be0d6255e98d____c6_0____0_fair.csv;t_6047be0d6255e98d____c6_0____2__t_6047be0d6255e98d____c2_0____2_fair.csv;t_6047be0d6255e98d____c8_1____0__t_6047be0d6255e98d____c6_0____0_fair.csv;t_6047be0d6255e98d____c6_0____2__t_6047be0d6255e98d____c10_0____0_fair.csv;t_6047be0d6255e98d____c8_1____2__t_6047be0d6255e98d____c6_0____0_fair.csv;t_6047be0d6255e98d____c8_1____2__t_6047be0d6255e98d____c6_1____1_fair.csv;t_6047be0d6255e98d____c8_1____2__t_6047be0d6255e98d____c2_0____2_fair.csv;t_6047be0d6255e98d____c8_1____2.csv;t_6047be0d6255e98d____c8_1____2__t_6047be0d6255e98d____c10_0____0_fair.csv;t_6047be0d6255e98d____c6_0____3__t_6047be0d6255e98d____c6_0____0_fair.csv;t_6047be0d6255e98d____c8_1____1__t_6047be0d6255e98d____c6_0____0_fair.csv;t_6047be0d6255e98d____c8_0____2__t_6047be0d6255e98d____c6_0____0_fair.csv;t_6047be0d6255e98d____c8_0____0__t_6047be0d6255e98d____c6_0____0_fair.csv;t_6047be0d6255e98d____c8_1____4__t_6047be0d6255e98d____c6_0____0_fair.csv;t_6047be0d6255e98d____c11_1____3__t_6047be0d6255e98d____c6_0____0_fair.csv;t_6047be0d6255e98d____c3_1____2__t_6047be0d6255e98d____c6_0____0_fair.csv;t_6047be0d6255e98d____c3_1____3__t_6047be0d6255e98d____c6_0____0_fair.csv,"{""needs_fairification"": true, ""success"": true, ""swaps_made"": 8, ""initial_fairness"": 0.1769, ""initial_delta"": 0.22, ""dominated_removed_count"": 103, ""dominance_candidate_pool_size"": 112, ""candidates_after_winnow"": 1}"
tusLarge3,nl,t_6047be0d6255e98d____c10_0____0_fair.csv,5,383,89,5,True,0.3239,1.0,0.013054830287206266,0.013054830287206266,48.4745689034462,48.4745689034462,t_6047be0d6255e98d____c11_1____0__t_6047be0d6255e98d____c2_0____2_fair.csv;t_6047be0d6255e98d____c11_1____0__t_6047be0d6255e98d____c10_0____0_fair.csv;t_6047be0d6255e98d____c11_0____0__t_6047be0d6255e98d____c6_0____0_fair.csv;t_6047be0d6255e98d____c11_0____1__t_6047be0d6255e98d____c10_0____0_fair.csv;t_6047be0d6255e98d____c10_0____2__t_6047be0d6255e98d____c10_0____0_fair.csv,"{""needs_fairification"": true, ""success"": true, ""swaps_made"": 2, ""initial_fairness"": 0.2104, ""initial_delta"": 0.19, ""dominated_removed_count"": 79, ""dominance_candidate_pool_size"": 84, ""candidates_after_winnow"": 3}"
tusLarge3,nl,t_6047be0d6255e98d____c10_0____0_fair.csv,10,383,89,10,True,0.3009,1.0,0.02610966057441253,0.02610966057441253,95.88093918561935,95.88093918561935,t_6047be0d6255e98d____c11_1____0__t_6047be0d6255e98d____c10_0____0_fair.csv;t_6047be0d6255e98d____c11_0____0__t_6047be0d6255e98d____c2_0____2_fair.csv;t_6047be0d6255e98d____c11_0____0__t_6047be0d6255e98d____c10_0____0_fair.csv;t_6047be0d6255e98d____c11_1____0.csv;t_6047be0d6255e98d____c11_0____2__t_6047be0d6255e98d____c6_0____0_fair.csv;t_6047be0d6255e98d____c11_0____2__t_6047be0d6255e98d____c2_0____2_fair.csv;t_6047be0d6255e98d____c11_0____1__t_6047be0d6255e98d____c10_0____0_fair.csv;t_6047be0d6255e98d____c10_0____4__t_6047be0d6255e98d____c10_0____0_fair.csv;t_6047be0d6255e98d____c10_0____2__t_6047be0d6255e98d____c10_0____0_fair.csv;t_6047be0d6255e98d____c9_1____0__t_6047be0d6255e98d____c10_0____0_fair.csv,"{""needs_fairification"": true, ""success"": true, ""swaps_made"": 4, ""initial_fairness"": 0.172, ""initial_delta"": 0.23, ""dominated_removed_count"": 70, ""dominance_candidate_pool_size"": 79, ""candidates_after_winnow"": 5}"
tusLarge3,nl,t_6047be0d6255e98d____c10_0____0_fair.csv,20,383,89,20,False,0.2215,1.0,0.05221932114882506,0.05221932114882506,192.44041109085083,192.44041109085083,t_6047be0d6255e98d____c11_1____0__t_6047be0d6255e98d____c10_0____0_fair.csv;t_6047be0d6255e98d____c11_0____0__t_6047be0d6255e98d____c10_0____0_fair.csv;t_6047be0d6255e98d____c11_0____2__t_6047be0d6255e98d____c2_0____2_fair.csv;t_6047be0d6255e98d____c13_1____0.csv;t_6047be0d6255e98d____c11_0____2.csv;t_6047be0d6255e98d____c13_1____0__t_6047be0d6255e98d____c6_0____0_fair.csv;t_6047be0d6255e98d____c13_1____0__t_6047be0d6255e98d____c2_0____2_fair.csv;t_6047be0d6255e98d____c13_1____0__t_6047be0d6255e98d____c10_0____0_fair.csv;t_6047be0d6255e98d____c10_0____1__t_6047be0d6255e98d____c6_1____1_fair.csv;t_6047be0d6255e98d____c10_0____1__t_6047be0d6255e98d____c6_0____0_fair.csv;t_6047be0d6255e98d____c10_0____1__t_6047be0d6255e98d____c2_0____2_fair.csv;t_6047be0d6255e98d____c10_0____1__t_6047be0d6255e98d____c10_0____0_fair.csv;t_6047be0d6255e98d____c10_0____1.csv;t_6047be0d6255e98d____c11_0____1__t_6047be0d6255e98d____c10_0____0_fair.csv;t_6047be0d6255e98d____c14_0____0.csv;t_6047be0d6255e98d____c13_0____0__t_6047be0d6255e98d____c10_0____0_fair.csv;t_6047be0d6255e98d____c14_0____0__t_6047be0d6255e98d____c10_0____0_fair.csv;t_6047be0d6255e98d____c10_0____4__t_6047be0d6255e98d____c10_0____0_fair.csv;t_6047be0d6255e98d____c10_0____2__t_6047be0d6255e98d____c10_0____0_fair.csv;t_6047be0d6255e98d____c9_1____0__t_6047be0d6255e98d____c10_0____0_fair.csv,"{""needs_fairification"": true, ""success"": false, ""swaps_made"": 7, ""initial_fairness"": 0.1136, ""initial_delta"": 0.29, ""dominated_removed_count"": 62, ""dominance_candidate_pool_size"": 69, ""candidates_after_winnow"": 0}"
tusLarge3,nl,t_6047be0d6255e98d____c6_1____1_fair.csv,5,372,142,5,True,0.3341,1.0,0.013440860215053764,0.013440860215053764,28.002844870090485,28.002844870090485,t_6047be0d6255e98d____c6_1____2__t_6047be0d6255e98d____c2_0____2_fair.csv;t_6047be0d6255e98d____c6_1____2__t_6047be0d6255e98d____c6_1____1_fair.csv;t_6047be0d6255e98d____c6_1____2.csv;t_6047be0d6255e98d____c6_1____3.csv;t_6047be0d6255e98d____c6_1____4__t_6047be0d6255e98d____c2_0____2_fair.csv,"{""needs_fairification"": true, ""success"": true, ""swaps_made"": 1, ""initial_fairness"": 0.267, ""initial_delta"": 0.13, ""dominated_removed_count"": 131, ""dominance_candidate_pool_size"": 137, ""candidates_after_winnow"": 5}"
tusLarge3,nl,t_6047be0d6255e98d____c6_1____1_fair.csv,10,372,142,10,True,0.3558,1.0,0.026881720430107527,0.026881720430107527,55.675162732601166,55.675162732601166,t_6047be0d6255e98d____c6_1____2__t_6047be0d6255e98d____c2_0____2_fair.csv;t_6047be0d6255e98d____c6_1____4.csv;t_6047be0d6255e98d____c6_1____2__t_6047be0d6255e98d____c6_1____1_fair.csv;t_6047be0d6255e98d____c6_1____2.csv;t_6047be0d6255e98d____c6_1____3.csv;t_6047be0d6255e98d____c6_1____0__t_6047be0d6255e98d____c6_1____1_fair.csv;t_6047be0d6255e98d____c6_1____3__t_6047be0d6255e98d____c6_1____1_fair.csv;t_6047be0d6255e98d____c6_1____3__t_6047be0d6255e98d____c2_0____2_fair.csv;t_6047be0d6255e98d____c6_1____4__t_6047be0d6255e98d____c6_1____1_fair.csv;t_6047be0d6255e98d____c6_1____4__t_6047be0d6255e98d____c2_0____2_fair.csv,"{""needs_fairification"": false, ""success"": true, ""swaps_made"": 0, ""initial_fairness"": 0.3558, ""initial_delta"": 0.04}"
tusLarge3,nl,t_6047be0d6255e98d____c6_1____1_fair.csv,20,372,142,20,True,0.3093,1.0,0.053763440860215055,0.053763440860215055,108.14197444915771,108.14197444915771,t_6047be0d6255e98d____c6_1____2__t_6047be0d6255e98d____c2_0____2_fair.csv;t_6047be0d6255e98d____c6_1____2__t_6047be0d6255e98d____c6_1____1_fair.csv;t_6047be0d6255e98d____c6_1____0__t_6047be0d6255e98d____c6_1____1_fair.csv;t_6047be0d6255e98d____c6_1____3__t_6047be0d6255e98d____c6_1____1_fair.csv;t_6047be0d6255e98d____c6_1____3__t_6047be0d6255e98d____c2_0____2_fair.csv;t_6047be0d6255e98d____c6_1____4__t_6047be0d6255e98d____c6_1____1_fair.csv;t_6047be0d6255e98d____c6_1____4__t_6047be0d6255e98d____c2_0____2_fair.csv;t_6047be0d6255e98d____c9_0____2.csv;t_6047be0d6255e98d____c7_1____4__t_6047be0d6255e98d____c2_0____2_fair.csv;t_6047be0d6255e98d____c9_0____0__t_6047be0d6255e98d____c2_0____2_fair.csv;t_6047be0d6255e98d____c9_0____1.csv;t_6047be0d6255e98d____c6_1____0.csv;t_6047be0d6255e98d____c6_1____0__t_6047be0d6255e98d____c2_0____2_fair.csv;t_6047be0d6255e98d____c7_1____4.csv;t_6047be0d6255e98d____c9_0____1__t_6047be0d6255e98d____c6_1____1_fair.csv;t_6047be0d6255e98d____c9_0____1__t_6047be0d6255e98d____c2_0____2_fair.csv;t_6047be0d6255e98d____c9_1____2__t_6047be0d6255e98d____c2_0____2_fair.csv;t_6047be0d6255e98d____c9_1____1__t_6047be0d6255e98d____c6_1____1_fair.csv;t_6047be0d6255e98d____c7_1____1__t_6047be0d6255e98d____c6_1____1_fair.csv;t_6047be0d6255e98d____c7_1____1__t_6047be0d6255e98d____c2_0____2_fair.csv,"{""needs_fairification"": true, ""success"": true, ""swaps_made"": 4, ""initial_fairness"": 0.2376, ""initial_delta"": 0.16, ""dominated_removed_count"": 114, ""dominance_candidate_pool_size"": 122, ""candidates_after_winnow"": 4}"
tusLarge3,nl,t_67c3f7ce5eab8804____c2_0____0_fair.csv,5,329,212,5,True,0.3153,1.0,0.015197568389057751,0.015197568389057751,9.802866458892822,9.802866458892822,t_67c3f7ce5eab8804____c2_0____3__t_67c3f7ce5eab8804____c2_0____0_fair.csv;t_67c3f7ce5eab8804____c2_0____1__t_67c3f7ce5eab8804____c3_1____4_fair.csv;t_67c3f7ce5eab8804____c2_0____1__t_67c3f7ce5eab8804____c2_0____0_fair.csv;t_67c3f7ce5eab8804____c2_0____4__t_67c3f7ce5eab8804____c3_1____4_fair.csv;t_67c3f7ce5eab8804____c2_0____2__t_67c3f7ce5eab8804____c2_0____0_fair.csv,"{""needs_fairification"": true, ""success"": true, ""swaps_made"": 1, ""initial_fairness"": 0.2523, ""initial_delta"": 0.15, ""dominated_removed_count"": 193, ""dominance_candidate_pool_size"": 207, ""candidates_after_winnow"": 13}"
tusLarge3,nl,t_67c3f7ce5eab8804____c2_0____0_fair.csv,10,329,212,10,True,0.3042,0.9,0.02735562310030395,0.030395136778115502,18.625887274742126,18.625887274742126,t_67c3f7ce5eab8804____c2_0____3__t_67c3f7ce5eab8804____c2_0____0_fair.csv;t_67c3f7ce5eab8804____c2_0____1__t_67c3f7ce5eab8804____c2_0____0_fair.csv;t_67c3f7ce5eab8804____c2_0____4__t_67c3f7ce5eab8804____c3_1____4_fair.csv;t_67c3f7ce5eab8804____c2_0____4__t_67c3f7ce5eab8804____c2_0____0_fair.csv;t_67c3f7ce5eab8804____c2_0____3.csv;t_67c3f7ce5eab8804____c2_0____1.csv;t_67c3f7ce5eab8804____c2_0____2__t_67c3f7ce5eab8804____c3_1____4_fair.csv;t_67c3f7ce5eab8804____c2_0____2__t_67c3f7ce5eab8804____c2_0____0_fair.csv;t_b28ed28824886b47____c5_1____3__t_b28ed28824886b47____c11_1____3_fair.csv;t_67c3f7ce5eab8804____c3_1____3__t_67c3f7ce5eab8804____c2_0____0_fair.csv,"{""needs_fairification"": true, ""success"": true, ""swaps_made"": 2, ""initial_fairness"": 0.2454, ""initial_delta"": 0.15, ""dominated_removed_count"": 189, ""dominance_candidate_pool_size"": 202, ""candidates_after_winnow"": 11}"
tusLarge3,nl,t_67c3f7ce5eab8804____c2_0____0_fair.csv,20,329,212,20,True,0.2974,0.4,0.0243161094224924,0.060790273556231005,34.90772897005081,34.90772897005081,t_67c3f7ce5eab8804____c2_0____3__t_67c3f7ce5eab8804____c2_0____0_fair.csv;t_67c3f7ce5eab8804____c2_0____1__t_67c3f7ce5eab8804____c2_0____0_fair.csv;t_67c3f7ce5eab8804____c2_0____4__t_67c3f7ce5eab8804____c2_0____0_fair.csv;t_67c3f7ce5eab8804____c2_0____2__t_67c3f7ce5eab8804____c3_1____4_fair.csv;t_67c3f7ce5eab8804____c2_0____2__t_67c3f7ce5eab8804____c2_0____0_fair.csv;t_67c3f7ce5eab8804____c2_0____2.csv;t_67c3f7ce5eab8804____c2_0____4.csv;t_b28ed28824886b47____c3_0____1__t_b28ed28824886b47____c8_0____3_fair.csv;t_b28ed28824886b47____c4_1____3__t_b28ed28824886b47____c8_0____3_fair.csv;t_b28ed28824886b47____c4_1____3__t_b28ed28824886b47____c11_1____3_fair.csv;t_6c551d740feb0608____c3_1____3__t_6c551d740feb0608____c10_0____2_fair.csv;t_b28ed28824886b47____c3_0____1__t_b28ed28824886b47____c11_1____3_fair.csv;t_b28ed28824886b47____c4_1____1.csv;t_b28ed28824886b47____c4_1____3.csv;t_b28ed28824886b47____c4_1____2.csv;t_6c551d740feb0608____c3_1____4__t_6c551d740feb0608____c10_0____2_fair.csv;PED_SK_DTL_SNF____c5_1____1.csv;t_285b3bcd52ec0c86____c2_1____2__t_285b3bcd52ec0c86____c7_1____2_fair.csv;t_b28ed28824886b47____c5_1____3__t_b28ed28824886b47____c11_1____3_fair.csv;t_67c3f7ce5eab8804____c3_1____3__t_67c3f7ce5eab8804____c2_0____0_fair.csv,"{""needs_fairification"": true, ""success"": true, ""swaps_made"": 5, ""initial_fairness"": 0.2105, ""initial_delta"": 0.19, ""dominated_removed_count"": 178, ""dominance_candidate_pool_size"": 192, ""candidates_after_winnow"": 9}"
tusLarge3,nl,t_67c3f7ce5eab8804____c3_1____4_fair.csv,5,329,157,5,True,0.3081,1.0,0.015197568389057751,0.015197568389057751,14.725264072418213,14.725264072418213,t_67c3f7ce5eab8804____c3_1____0__t_67c3f7ce5eab8804____c3_1____4_fair.csv;t_67c3f7ce5eab8804____c3_1____0__t_67c3f7ce5eab8804____c2_0____0_fair.csv;t_67c3f7ce5eab8804____c3_1____2__t_67c3f7ce5eab8804____c3_1____4_fair.csv;t_67c3f7ce5eab8804____c3_1____2__t_67c3f7ce5eab8804____c2_0____0_fair.csv;t_67c3f7ce5eab8804____c3_1____3__t_67c3f7ce5eab8804____c3_1____4_fair.csv,"{""needs_fairification"": false, ""success"": true, ""swaps_made"": 0, ""initial_fairness"": 0.3081, ""initial_delta"": 0.09}"
tusLarge3,nl,t_67c3f7ce5eab8804____c3_1____4_fair.csv,10,329,157,10,True,0.3083,0.9,0.02735562310030395,0.030395136778115502,25.531153082847595,25.531153082847595,t_67c3f7ce5eab8804____c3_1____0__t_67c3f7ce5eab8804____c3_1____4_fair.csv;t_67c3f7ce5eab8804____c3_1____2__t_67c3f7ce5eab8804____c3_1____4_fair.csv;t_67c3f7ce5eab8804____c3_1____3__t_67c3f7ce5eab8804____c3_1____4_fair.csv;t_67c3f7ce5eab8804____c3_1____3__t_67c3f7ce5eab8804____c2_0____0_fair.csv;t_67c3f7ce5eab8804____c3_1____1__t_67c3f7ce5eab8804____c3_1____4_fair.csv;t_67c3f7ce5eab8804____c3_1____1__t_67c3f7ce5eab8804____c2_0____0_fair.csv;t_67c3f7ce5eab8804____c3_1____0.csv;t_67c3f7ce5eab8804____c3_1____2.csv;t_67c3f7ce5eab8804____c2_0____3__t_67c3f7ce5eab8804____c3_1____4_fair.csv;CTA_Ridership_Avg_Weekday_Bus_Stop_Boardings_in_October_2012____c1_0____1.csv,"{""needs_fairification"": true, ""success"": true, ""swaps_made"": 2, ""initial_fairness"": 0.2515, ""initial_delta"": 0.15, ""dominated_removed_count"": 135, ""dominance_candidate_pool_size"": 147, ""candidates_after_winnow"": 10}"
tusLarge3,nl,t_67c3f7ce5eab8804____c3_1____4_fair.csv,20,329,157,20,False,0.2866,0.55,0.03343465045592705,0.060790273556231005,47.2355974316597,47.2355974316597,t_67c3f7ce5eab8804____c3_1____0__t_67c3f7ce5eab8804____c3_1____4_fair.csv;t_67c3f7ce5eab8804____c3_1____2__t_67c3f7ce5eab8804____c3_1____4_fair.csv;t_67c3f7ce5eab8804____c3_1____3__t_67c3f7ce5eab8804____c3_1____4_fair.csv;t_67c3f7ce5eab8804____c3_1____1__t_67c3f7ce5eab8804____c3_1____4_fair.csv;t_67c3f7ce5eab8804____c3_1____0.csv;t_67c3f7ce5eab8804____c3_1____2.csv;t_67c3f7ce5eab8804____c3_1____1.csv;t_67c3f7ce5eab8804____c3_1____3.csv;t_8b2f04db4903263f____c5_0____1.csv;t_8b2f04db4903263f____c5_1____4.csv;t_b28ed28824886b47____c8_0____1.csv;t_b28ed28824886b47____c6_0____3.csv;t_b28ed28824886b47____c11_1____2.csv;t_b28ed28824886b47____c7_1____4__t_b28ed28824886b47____c11_1____3_fair.csv;t_b28ed28824886b47____c7_1____4__t_b28ed28824886b47____c8_0____3_fair.csv;t_b28ed28824886b47____c7_1____4.csv;t_67c3f7ce5eab8804____c2_0____4.csv;t_67c3f7ce5eab8804____c2_0____1.csv;t_67c3f7ce5eab8804____c2_0____3__t_67c3f7ce5eab8804____c3_1____4_fair.csv;CTA_Ridership_Avg_Weekday_Bus_Stop_Boardings_in_October_2012____c1_0____1.csv,"{""needs_fairification"": true, ""success"": false, ""swaps_made"": 12, ""initial_fairness"": 0.1484, ""initial_delta"": 0.25, ""dominated_removed_count"": 124, ""dominance_candidate_pool_size"": 137, ""candidates_after_winnow"": 1}"
tusLarge3,nl,t_285b3bcd52ec0c86____c20_1____2_fair.csv,5,729,55,5,True,0.3157,0.8,0.0054869684499314125,0.006858710562414266,93.37618064880371,93.37618064880371,t_285b3bcd52ec0c86____c20_0____2__t_285b3bcd52ec0c86____c9_1____4_fair.csv;t_285b3bcd52ec0c86____c20_0____2__t_285b3bcd52ec0c86____c9_0____2_fair.csv;t_285b3bcd52ec0c86____c20_0____2__t_285b3bcd52ec0c86____c20_1____2_fair.csv;t_285b3bcd52ec0c86____c19_0____2__t_285b3bcd52ec0c86____c20_1____2_fair.csv;PED_YT_DTL_SNF____c19_0____1.csv,"{""needs_fairification"": true, ""success"": true, ""swaps_made"": 3, ""initial_fairness"": 0.1098, ""initial_delta"": 0.29, ""dominated_removed_count"": 45, ""dominance_candidate_pool_size"": 50, ""candidates_after_winnow"": 2}"
tusLarge3,nl,t_285b3bcd52ec0c86____c20_1____2_fair.csv,10,729,55,10,False,0.2276,0.6,0.00823045267489712,0.013717421124828532,185.52687013149261,185.52687013149261,t_285b3bcd52ec0c86____c20_0____2__t_285b3bcd52ec0c86____c9_1____4_fair.csv;t_285b3bcd52ec0c86____c20_0____2__t_285b3bcd52ec0c86____c6_0____0_fair.csv;t_285b3bcd52ec0c86____c20_0____2__t_285b3bcd52ec0c86____c20_1____2_fair.csv;t_285b3bcd52ec0c86____c20_0____2__t_285b3bcd52ec0c86____c12_0____1_fair.csv;t_285b3bcd52ec0c86____c20_0____2.csv;t_285b3bcd52ec0c86____c19_1____2.csv;t_285b3bcd52ec0c86____c19_0____2__t_285b3bcd52ec0c86____c20_1____2_fair.csv;PED_YT_DTL_SNF____c19_0____1__PED_YT_DTL_SNF____c22_0____2_fair.csv;PED_YT_DTL_SNF____c19_0____1__PED_YT_DTL_SNF____c19_1____0_fair.csv;PED_YT_DTL_SNF____c19_0____1.csv,"{""needs_fairification"": true, ""success"": false, ""swaps_made"": 5, ""initial_fairness"": 0.1165, ""initial_delta"": 0.28, ""dominated_removed_count"": 39, ""dominance_candidate_pool_size"": 45, ""candidates_after_winnow"": 1}"
tusLarge3,nl,t_285b3bcd52ec0c86____c20_1____2_fair.csv,20,729,55,20,False,0.1452,0.6,0.01646090534979424,0.027434842249657063,372.6981592178345,372.6981592178345,t_285b3bcd52ec0c86____c20_0____2__t_285b3bcd52ec0c86____c9_1____4_fair.csv;t_285b3bcd52ec0c86____c20_0____2__t_285b3bcd52ec0c86____c9_0____2_fair.csv;t_285b3bcd52ec0c86____c20_0____2__t_285b3bcd52ec0c86____c6_0____0_fair.csv;t_285b3bcd52ec0c86____c20_0____2__t_285b3bcd52ec0c86____c20_1____2_fair.csv;t_285b3bcd52ec0c86____c20_0____2__t_285b3bcd52ec0c86____c12_0____1_fair.csv;t_285b3bcd52ec0c86____c20_0____2.csv;t_285b3bcd52ec0c86____c19_1____2__t_285b3bcd52ec0c86____c9_1____4_fair.csv;t_285b3bcd52ec0c86____c19_1____2__t_285b3bcd52ec0c86____c6_0____0_fair.csv;t_285b3bcd52ec0c86____c19_1____2__t_285b3bcd52ec0c86____c12_0____1_fair.csv;t_285b3bcd52ec0c86____c19_1____2.csv;t_285b3bcd52ec0c86____c19_0____2__t_285b3bcd52ec0c86____c9_1____4_fair.csv;t_285b3bcd52ec0c86____c19_0____2__t_285b3bcd52ec0c86____c9_0____2_fair.csv;t_285b3bcd52ec0c86____c19_0____2__t_285b3bcd52ec0c86____c6_0____0_fair.csv;t_285b3bcd52ec0c86____c19_0____2__t_285b3bcd52ec0c86____c20_1____2_fair.csv;t_285b3bcd52ec0c86____c19_0____2__t_285b3bcd52ec0c86____c12_0____1_fair.csv;t_285b3bcd52ec0c86____c19_1____2__t_285b3bcd52ec0c86____c17_1____0_fair.csv;t_285b3bcd52ec0c86____c19_0____3__t_285b3bcd52ec0c86____c20_1____2_fair.csv;PED_YT_DTL_SNF____c19_0____1__PED_YT_DTL_SNF____c22_0____2_fair.csv;PED_YT_DTL_SNF____c19_0____1__PED_YT_DTL_SNF____c19_1____0_fair.csv;PED_YT_DTL_SNF____c19_0____1.csv,"{""needs_fairification"": true, ""success"": false, ""swaps_made"": 4, ""initial_fairness"": 0.1044, ""initial_delta"": 0.3, ""dominated_removed_count"": 29, ""dominance_candidate_pool_size"": 35, ""candidates_after_winnow"": 2}"
tusLarge3,nl,t_6047be0d6255e98d____c11_0____3_fair.csv,5,298,97,5,True,0.3162,1.0,0.016778523489932886,0.016778523489932886,52.07719349861145,52.07719349861145,t_6047be0d6255e98d____c11_1____3__t_6047be0d6255e98d____c11_0____3_fair.csv;t_6047be0d6255e98d____c11_0____2__t_6047be0d6255e98d____c11_0____3_fair.csv;t_6047be0d6255e98d____c14_0____2__t_6047be0d6255e98d____c11_0____3_fair.csv;t_6047be0d6255e98d____c11_0____1__t_6047be0d6255e98d____c11_0____3_fair.csv;t_6047be0d6255e98d____c11_0____4.csv,"{""needs_fairification"": true, ""success"": true, ""swaps_made"": 4, ""initial_fairness"": 0.0808, ""initial_delta"": 0.32, ""dominated_removed_count"": 85, ""dominance_candidate_pool_size"": 92, ""candidates_after_winnow"": 3}"
tusLarge3,nl,t_6047be0d6255e98d____c11_0____3_fair.csv,10,298,97,10,False,0.2069,1.0,0.03355704697986577,0.03355704697986577,104.22492355108261,104.22492355108261,t_6047be0d6255e98d____c11_1____3.csv;t_6047be0d6255e98d____c11_0____2__t_6047be0d6255e98d____c6_1____1_fair.csv;t_6047be0d6255e98d____c11_0____2__t_6047be0d6255e98d____c11_0____3_fair.csv;t_6047be0d6255e98d____c11_0____2__t_6047be0d6255e98d____c10_0____0_fair.csv;t_6047be0d6255e98d____c13_1____2__t_6047be0d6255e98d____c6_1____1_fair.csv;t_6047be0d6255e98d____c14_0____2__t_6047be0d6255e98d____c11_0____3_fair.csv;t_6047be0d6255e98d____c13_1____2.csv;t_6047be0d6255e98d____c11_0____1__t_6047be0d6255e98d____c11_0____3_fair.csv;t_6047be0d6255e98d____c11_1____0.csv;t_6047be0d6255e98d____c11_0____4.csv,"{""needs_fairification"": true, ""success"": false, ""swaps_made"": 5, ""initial_fairness"": 0.0973, ""initial_delta"": 0.3, ""dominated_removed_count"": 80, ""dominance_candidate_pool_size"": 87, ""candidates_after_winnow"": 2}"
tusLarge3,nl,t_6047be0d6255e98d____c11_0____3_fair.csv,20,298,97,20,False,0.0987,1.0,0.06711409395973154,0.06711409395973154,210.65616381168365,210.65616381168365,t_6047be0d6255e98d____c11_1____3__t_6047be0d6255e98d____c6_1____1_fair.csv;t_6047be0d6255e98d____c11_1____3__t_6047be0d6255e98d____c6_0____0_fair.csv;t_6047be0d6255e98d____c11_1____3__t_6047be0d6255e98d____c2_0____2_fair.csv;t_6047be0d6255e98d____c11_1____3__t_6047be0d6255e98d____c11_0____3_fair.csv;t_6047be0d6255e98d____c11_1____3.csv;t_6047be0d6255e98d____c11_0____2__t_6047be0d6255e98d____c6_1____1_fair.csv;t_6047be0d6255e98d____c11_0____2__t_6047be0d6255e98d____c11_0____3_fair.csv;t_6047be0d6255e98d____c11_0____2__t_6047be0d6255e98d____c10_0____0_fair.csv;t_6047be0d6255e98d____c13_1____2__t_6047be0d6255e98d____c6_1____1_fair.csv;t_6047be0d6255e98d____c13_1____2__t_6047be0d6255e98d____c11_0____3_fair.csv;t_6047be0d6255e98d____c13_1____2__t_6047be0d6255e98d____c10_0____0_fair.csv;t_6047be0d6255e98d____c11_1____2__t_6047be0d6255e98d____c10_0____0_fair.csv;t_6047be0d6255e98d____c14_0____2__t_6047be0d6255e98d____c6_1____1_fair.csv;t_6047be0d6255e98d____c14_0____2__t_6047be0d6255e98d____c11_0____3_fair.csv;t_6047be0d6255e98d____c11_0____2__t_6047be0d6255e98d____c6_0____0_fair.csv;t_6047be0d6255e98d____c11_0____2__t_6047be0d6255e98d____c2_0____2_fair.csv;t_6047be0d6255e98d____c11_1____2__t_6047be0d6255e98d____c6_1____1_fair.csv;t_6047be0d6255e98d____c11_1____2__t_6047be0d6255e98d____c11_0____3_fair.csv;t_6047be0d6255e98d____c13_0____2__t_6047be0d6255e98d____c6_1____1_fair.csv;t_6047be0d6255e98d____c11_0____1__t_6047be0d6255e98d____c11_0____3_fair.csv,"{""needs_fairification"": true, ""success"": false, ""swaps_made"": 1, ""initial_fairness"": 0.0766, ""initial_delta"": 0.32, ""dominated_removed_count"": 69, ""dominance_candidate_pool_size"": 77, ""candidates_after_winnow"": 7}"
tusLarge3,nl,t_6c551d740feb0608____c5_1____1_fair.csv,5,263,170,5,True,0.3347,1.0,0.019011406844106463,0.019011406844106463,23.529406309127808,23.529406309127808,t_6c551d740feb0608____c5_1____2__t_6c551d740feb0608____c5_1____1_fair.csv;t_6c551d740feb0608____c5_1____0.csv;t_6c551d740feb0608____c5_1____3__t_6c551d740feb0608____c9_0____3_fair.csv;t_6c551d740feb0608____c5_1____3__t_6c551d740feb0608____c5_1____1_fair.csv;t_6c551d740feb0608____c7_0____1__t_6c551d740feb0608____c5_1____1_fair.csv,"{""needs_fairification"": true, ""success"": true, ""swaps_made"": 1, ""initial_fairness"": 0.2319, ""initial_delta"": 0.17, ""dominated_removed_count"": 151, ""dominance_candidate_pool_size"": 165, ""candidates_after_winnow"": 13}"
tusLarge3,nl,t_6c551d740feb0608____c5_1____1_fair.csv,10,263,170,10,True,0.3877,0.7,0.026615969581749048,0.03802281368821293,45.83460593223572,45.83460593223572,t_6c551d740feb0608____c5_1____2__t_6c551d740feb0608____c5_1____1_fair.csv;t_6c551d740feb0608____c5_1____3__t_6c551d740feb0608____c5_1____1_fair.csv;t_6c551d740feb0608____c5_1____4__t_6c551d740feb0608____c9_0____3_fair.csv;t_6c551d740feb0608____c5_1____4__t_6c551d740feb0608____c5_1____1_fair.csv;t_6c551d740feb0608____c5_1____0__t_6c551d740feb0608____c5_1____1_fair.csv;t_6c551d740feb0608____c7_0____3__t_6c551d740feb0608____c5_1____1_fair.csv;t_6c551d740feb0608____c7_0____1__t_6c551d740feb0608____c5_1____1_fair.csv;PED_YT_DTL_SNF____c7_1____1.csv;t_285b3bcd52ec0c86____c6_0____1__t_285b3bcd52ec0c86____c6_0____0_fair.csv;t_285b3bcd52ec0c86____c6_0____1.csv,"{""needs_fairification"": true, ""success"": true, ""swaps_made"": 6, ""initial_fairness"": 0.13, ""initial_delta"": 0.27, ""dominated_removed_count"": 149, ""dominance_candidate_pool_size"": 160, ""candidates_after_winnow"": 5}"
tusLarge3,nl,t_6c551d740feb0608____c5_1____1_fair.csv,20,263,170,20,True,0.2989,0.6,0.045627376425855515,0.07604562737642585,90.16763216257095,90.16763216257095,t_6c551d740feb0608____c5_1____2__t_6c551d740feb0608____c5_1____1_fair.csv;t_6c551d740feb0608____c5_1____3__t_6c551d740feb0608____c5_1____1_fair.csv;t_6c551d740feb0608____c5_1____0__t_6c551d740feb0608____c9_0____3_fair.csv;t_6c551d740feb0608____c5_1____4.csv;t_6c551d740feb0608____c5_1____4__t_6c551d740feb0608____c5_1____1_fair.csv;t_6c551d740feb0608____c5_1____0__t_6c551d740feb0608____c5_1____1_fair.csv;t_6c551d740feb0608____c5_1____2.csv;t_6c551d740feb0608____c7_0____3__t_6c551d740feb0608____c5_1____1_fair.csv;t_6c551d740feb0608____c5_1____3.csv;t_6c551d740feb0608____c7_0____0.csv;t_6c551d740feb0608____c7_0____0__t_6c551d740feb0608____c5_1____1_fair.csv;t_285b3bcd52ec0c86____c6_1____2.csv;t_6c551d740feb0608____c7_0____1__t_6c551d740feb0608____c5_1____1_fair.csv;PED_YT_DTL_SNF____c7_0____0__PED_YT_DTL_SNF____c22_0____2_fair.csv;PED_YT_DTL_SNF____c7_1____1.csv;PED_SK_DTL_SNF____c5_1____0__PED_SK_DTL_SNF____c9_0____3_fair.csv;PED_SK_DTL_SNF____c5_1____0__PED_SK_DTL_SNF____c18_0____2_fair.csv;t_285b3bcd52ec0c86____c6_0____1__t_285b3bcd52ec0c86____c6_0____0_fair.csv;t_285b3bcd52ec0c86____c6_0____1.csv;PED_SK_DTL_SNF____c4_0____1.csv,"{""needs_fairification"": true, ""success"": true, ""swaps_made"": 10, ""initial_fairness"": 0.1007, ""initial_delta"": 0.3, ""dominated_removed_count"": 139, ""dominance_candidate_pool_size"": 150, ""candidates_after_winnow"": 1}"
tusLarge3,nl,t_67c3f7ce5eab8804____c10_1____0_fair.csv,5,218,112,5,True,0.322,1.0,0.022935779816513763,0.022935779816513763,46.9359632730484,46.9359632730484,t_67c3f7ce5eab8804____c10_1____1__t_67c3f7ce5eab8804____c10_1____0_fair.csv;t_67c3f7ce5eab8804____c10_1____1.csv;t_67c3f7ce5eab8804____c10_1____3__t_67c3f7ce5eab8804____c10_1____0_fair.csv;t_67c3f7ce5eab8804____c10_1____3.csv;t_67c3f7ce5eab8804____c10_1____4__t_67c3f7ce5eab8804____c10_1____0_fair.csv,"{""needs_fairification"": true, ""success"": true, ""swaps_made"": 1, ""initial_fairness"": 0.2648, ""initial_delta"": 0.14, ""dominated_removed_count"": 97, ""dominance_candidate_pool_size"": 107, ""candidates_after_winnow"": 9}"
tusLarge3,nl,t_67c3f7ce5eab8804____c10_1____0_fair.csv,10,218,112,10,True,0.2971,0.7,0.03211009174311927,0.045871559633027525,93.49484920501709,93.49484920501709,t_67c3f7ce5eab8804____c10_1____1__t_67c3f7ce5eab8804____c10_1____0_fair.csv;t_67c3f7ce5eab8804____c10_1____1.csv;t_67c3f7ce5eab8804____c10_1____3__t_67c3f7ce5eab8804____c10_1____0_fair.csv;t_67c3f7ce5eab8804____c10_1____3.csv;t_6047be0d6255e98d____c11_1____2__t_6047be0d6255e98d____c10_0____0_fair.csv;t_67c3f7ce5eab8804____c10_1____2__t_67c3f7ce5eab8804____c10_1____0_fair.csv;t_6047be0d6255e98d____c11_1____3.csv;t_67c3f7ce5eab8804____c10_1____2.csv;t_6047be0d6255e98d____c11_1____2__t_6047be0d6255e98d____c6_1____1_fair.csv;t_67c3f7ce5eab8804____c10_1____4__t_67c3f7ce5eab8804____c10_1____0_fair.csv,"{""needs_fairification"": true, ""success"": true, ""swaps_made"": 1, ""initial_fairness"": 0.2547, ""initial_delta"": 0.15, ""dominated_removed_count"": 91, ""dominance_candidate_pool_size"": 102, ""candidates_after_winnow"": 10}"
tusLarge3,nl,t_67c3f7ce5eab8804____c10_1____0_fair.csv,20,218,112,20,True,0.3291,0.2,0.01834862385321101,0.09174311926605505,167.05831629037857,167.05831629037857,t_67c3f7ce5eab8804____c10_1____1__t_67c3f7ce5eab8804____c10_1____0_fair.csv;t_67c3f7ce5eab8804____c10_1____3__t_67c3f7ce5eab8804____c10_1____0_fair.csv;t_6047be0d6255e98d____c11_1____2__t_6047be0d6255e98d____c10_0____0_fair.csv;t_67c3f7ce5eab8804____c10_1____2__t_67c3f7ce5eab8804____c10_1____0_fair.csv;t_6047be0d6255e98d____c11_1____3.csv;t_6047be0d6255e98d____c11_1____2__t_6047be0d6255e98d____c6_1____1_fair.csv;t_6047be0d6255e98d____c11_1____2__t_6047be0d6255e98d____c11_0____3_fair.csv;t_6047be0d6255e98d____c11_1____3__t_6047be0d6255e98d____c10_0____0_fair.csv;t_6047be0d6255e98d____c11_1____3__t_6047be0d6255e98d____c6_1____1_fair.csv;t_6047be0d6255e98d____c11_1____3__t_6047be0d6255e98d____c6_0____0_fair.csv;t_6047be0d6255e98d____c11_1____3__t_6047be0d6255e98d____c2_0____2_fair.csv;t_6047be0d6255e98d____c11_1____3__t_6047be0d6255e98d____c11_0____3_fair.csv;t_6047be0d6255e98d____c11_0____2__t_6047be0d6255e98d____c6_1____1_fair.csv;t_6047be0d6255e98d____c11_0____2__t_6047be0d6255e98d____c11_0____3_fair.csv;t_67c3f7ce5eab8804____c10_1____4__t_67c3f7ce5eab8804____c10_1____0_fair.csv;t_6047be0d6255e98d____c6_0____2__t_6047be0d6255e98d____c10_0____0_fair.csv;t_6047be0d6255e98d____c6_0____2__t_6047be0d6255e98d____c6_1____1_fair.csv;t_6047be0d6255e98d____c6_0____2__t_6047be0d6255e98d____c6_0____0_fair.csv;t_6047be0d6255e98d____c6_0____2__t_6047be0d6255e98d____c2_0____2_fair.csv;t_6047be0d6255e98d____c6_0____2.csv,"{""needs_fairification"": true, ""success"": true, ""swaps_made"": 6, ""initial_fairness"": 0.1879, ""initial_delta"": 0.21, ""dominated_removed_count"": 82, ""dominance_candidate_pool_size"": 92, ""candidates_after_winnow"": 4}"
tusLarge3,nl,t_6c551d740feb0608____c10_0____2_fair.csv,5,342,100,5,True,0.3565,1.0,0.014619883040935672,0.014619883040935672,47.664781510829926,47.664781510829926,t_6c551d740feb0608____c10_0____0__t_6c551d740feb0608____c10_0____2_fair.csv;t_6c551d740feb0608____c10_1____0__t_6c551d740feb0608____c9_0____3_fair.csv;t_6c551d740feb0608____c10_1____2__t_6c551d740feb0608____c10_0____2_fair.csv;t_6c551d740feb0608____c10_0____3__t_6c551d740feb0608____c10_0____2_fair.csv;t_6c551d740feb0608____c13_0____4__t_6c551d740feb0608____c10_0____2_fair.csv,"{""needs_fairification"": true, ""success"": true, ""swaps_made"": 3, ""initial_fairness"": 0.1805, ""initial_delta"": 0.22, ""dominated_removed_count"": 83, ""dominance_candidate_pool_size"": 95, ""candidates_after_winnow"": 9}"
tusLarge3,nl,t_6c551d740feb0608____c10_0____2_fair.csv,10,342,100,10,True,0.3097,0.8,0.023391812865497075,0.029239766081871343,89.68291449546814,89.68291449546814,t_6c551d740feb0608____c10_0____0__t_6c551d740feb0608____c10_0____2_fair.csv;t_6c551d740feb0608____c13_0____0__t_6c551d740feb0608____c5_1____1_fair.csv;t_6c551d740feb0608____c13_0____0__t_6c551d740feb0608____c16_0____1_fair.csv;t_6c551d740feb0608____c13_0____0__t_6c551d740feb0608____c10_0____2_fair.csv;t_6c551d740feb0608____c10_1____2__t_6c551d740feb0608____c9_0____3_fair.csv;t_6c551d740feb0608____c10_1____2__t_6c551d740feb0608____c10_0____2_fair.csv;t_6c551d740feb0608____c10_0____3__t_6c551d740feb0608____c10_0____2_fair.csv;t_6c551d740feb0608____c13_0____4__t_6c551d740feb0608____c10_0____2_fair.csv;PED_YT_DTL_SNF____c7_1____1__PED_YT_DTL_SNF____c22_0____2_fair.csv;PED_YT_DTL_SNF____c7_1____1.csv,"{""needs_fairification"": true, ""success"": true, ""swaps_made"": 5, ""initial_fairness"": 0.1589, ""initial_delta"": 0.24, ""dominated_removed_count"": 81, ""dominance_candidate_pool_size"": 90, ""candidates_after_winnow"": 4}"
tusLarge3,nl,t_6c551d740feb0608____c10_0____2_fair.csv,20,342,100,20,False,0.2252,0.75,0.043859649122807015,0.05847953216374269,179.71601331233978,179.71601331233978,t_6c551d740feb0608____c10_0____0__t_6c551d740feb0608____c10_0____2_fair.csv;t_6c551d740feb0608____c13_0____0__t_6c551d740feb0608____c5_1____1_fair.csv;t_6c551d740feb0608____c13_0____0__t_6c551d740feb0608____c16_0____1_fair.csv;t_6c551d740feb0608____c13_0____0__t_6c551d740feb0608____c10_0____2_fair.csv;t_6c551d740feb0608____c10_1____2__t_6c551d740feb0608____c10_0____2_fair.csv;t_6c551d740feb0608____c10_1____0.csv;t_6c551d740feb0608____c10_0____1__t_6c551d740feb0608____c16_0____1_fair.csv;t_6c551d740feb0608____c10_0____1__t_6c551d740feb0608____c10_0____2_fair.csv;t_6c551d740feb0608____c10_0____3__t_6c551d740feb0608____c5_1____1_fair.csv;t_6c551d740feb0608____c10_0____3__t_6c551d740feb0608____c16_0____1_fair.csv;t_6c551d740feb0608____c10_0____3__t_6c551d740feb0608____c10_0____2_fair.csv;t_6c551d740feb0608____c13_0____2__t_6c551d740feb0608____c5_1____1_fair.csv;t_6c551d740feb0608____c13_0____0.csv;t_6c551d740feb0608____c13_0____2__t_6c551d740feb0608____c10_0____2_fair.csv;t_6c551d740feb0608____c13_0____4__t_6c551d740feb0608____c10_0____2_fair.csv;PED_SK_DTL_SNF____c9_1____0__PED_SK_DTL_SNF____c14_1____4_fair.csv;PED_SK_DTL_SNF____c9_1____0__PED_SK_DTL_SNF____c9_0____3_fair.csv;PED_YT_DTL_SNF____c7_0____1__PED_YT_DTL_SNF____c22_0____2_fair.csv;PED_YT_DTL_SNF____c7_1____1__PED_YT_DTL_SNF____c22_0____2_fair.csv;PED_YT_DTL_SNF____c7_1____1.csv,"{""needs_fairification"": true, ""success"": false, ""swaps_made"": 7, ""initial_fairness"": 0.1561, ""initial_delta"": 0.24, ""dominated_removed_count"": 70, ""dominance_candidate_pool_size"": 80, ""candidates_after_winnow"": 3}"
tusLarge3,nl,t_6c551d740feb0608____c9_0____3_fair.csv,5,308,102,5,True,0.3213,0.2,0.003246753246753247,0.016233766233766232,43.485729694366455,43.485729694366455,t_6c551d740feb0608____c9_0____4__t_6c551d740feb0608____c9_0____3_fair.csv;PED_SK_DTL_SNF____c10_0____4__PED_SK_DTL_SNF____c14_1____4_fair.csv;PED_SK_DTL_SNF____c10_0____2.csv;t_285b3bcd52ec0c86____c10_0____2.csv;t_e9efd5cda78af711____c9_1____4__t_e9efd5cda78af711____c18_0____0_fair.csv,"{""needs_fairification"": true, ""success"": true, ""swaps_made"": 5, ""initial_fairness"": 0.0628, ""initial_delta"": 0.34, ""dominated_removed_count"": 89, ""dominance_candidate_pool_size"": 97, ""candidates_after_winnow"": 3}"
tusLarge3,nl,t_6c551d740feb0608____c9_0____3_fair.csv,10,308,102,10,False,0.1273,0.3,0.00974025974025974,0.032467532467532464,87.39386254549026,87.39386254549026,t_6c551d740feb0608____c9_0____2__t_6c551d740feb0608____c10_0____2_fair.csv;t_6c551d740feb0608____c9_0____2.csv;t_285b3bcd52ec0c86____c9_0____0__t_285b3bcd52ec0c86____c17_1____0_fair.csv;PED_SK_DTL_SNF____c10_1____1.csv;PED_SK_DTL_SNF____c10_0____2__PED_SK_DTL_SNF____c9_0____3_fair.csv;t_6c551d740feb0608____c9_0____4__t_6c551d740feb0608____c9_0____3_fair.csv;PED_SK_DTL_SNF____c10_0____4__PED_SK_DTL_SNF____c14_1____4_fair.csv;PED_SK_DTL_SNF____c10_0____2.csv;t_285b3bcd52ec0c86____c10_0____2.csv;t_e9efd5cda78af711____c9_1____4__t_e9efd5cda78af711____c18_0____0_fair.csv,"{""needs_fairification"": true, ""success"": false, ""swaps_made"": 6, ""initial_fairness"": 0.0236, ""initial_delta"": 0.38, ""dominated_removed_count"": 86, ""dominance_candidate_pool_size"": 92, ""candidates_after_winnow"": 0}"
tusLarge3,nl,t_6c551d740feb0608____c9_0____3_fair.csv,20,308,102,20,False,0.0469,0.3,0.01948051948051948,0.06493506493506493,175.1186107993126,175.1186107993126,t_6c551d740feb0608____c9_0____2__t_6c551d740feb0608____c10_0____2_fair.csv;t_6c551d740feb0608____c9_0____2.csv;t_285b3bcd52ec0c86____c9_0____0__t_285b3bcd52ec0c86____c9_0____2_fair.csv;t_285b3bcd52ec0c86____c9_0____0__t_285b3bcd52ec0c86____c6_0____0_fair.csv;t_285b3bcd52ec0c86____c9_0____0__t_285b3bcd52ec0c86____c20_1____2_fair.csv;t_285b3bcd52ec0c86____c9_0____0__t_285b3bcd52ec0c86____c17_1____0_fair.csv;PED_SK_DTL_SNF____c10_1____1.csv;PED_SK_DTL_SNF____c10_0____2__PED_SK_DTL_SNF____c9_0____3_fair.csv;PED_SK_DTL_SNF____c10_0____2__PED_SK_DTL_SNF____c18_0____2_fair.csv;PED_SK_DTL_SNF____c10_0____2__PED_SK_DTL_SNF____c14_1____4_fair.csv;t_285b3bcd52ec0c86____c12_0____2__t_285b3bcd52ec0c86____c16_0____3_fair.csv;t_6c551d740feb0608____c9_0____1__t_6c551d740feb0608____c16_0____1_fair.csv;t_6c551d740feb0608____c9_0____1__t_6c551d740feb0608____c10_0____2_fair.csv;PED_SK_DTL_SNF____c10_1____1__PED_SK_DTL_SNF____c23_0____0_fair.csv;PED_SK_DTL_SNF____c10_1____0.csv;t_285b3bcd52ec0c86____c12_0____4__t_285b3bcd52ec0c86____c12_0____1_fair.csv;t_6c551d740feb0608____c9_0____1__t_6c551d740feb0608____c9_0____3_fair.csv;t_6c551d740feb0608____c9_0____4__t_6c551d740feb0608____c9_0____3_fair.csv;t_285b3bcd52ec0c86____c10_0____2.csv;t_e9efd5cda78af711____c9_1____4__t_e9efd5cda78af711____c18_0____0_fair.csv,"{""needs_fairification"": true, ""success"": false, ""swaps_made"": 3, ""initial_fairness"": 0.0152, ""initial_delta"": 0.38, ""dominated_removed_count"": 73, ""dominance_candidate_pool_size"": 82, ""candidates_after_winnow"": 6}"
tusLarge3,nl,t_70edc453a411f33b____c10_1____3_fair.csv,5,249,127,5,True,0.4473,0.2,0.004016064257028112,0.020080321285140562,48.59877461194992,48.59877461194992,t_013a2f8c584d44d7____c10_0____0__t_013a2f8c584d44d7____c6_1____4_fair.csv;t_013a2f8c584d44d7____c10_0____0__t_013a2f8c584d44d7____c4_1____2_fair.csv;t_013a2f8c584d44d7____c10_0____0__t_013a2f8c584d44d7____c12_0____3_fair.csv;t_013a2f8c584d44d7____c10_0____0__t_013a2f8c584d44d7____c10_1____0_fair.csv;t_70edc453a411f33b____c9_0____3__t_70edc453a411f33b____c7_1____4_fair.csv,"{""needs_fairification"": false, ""success"": true, ""swaps_made"": 0, ""initial_fairness"": 0.4473, ""initial_delta"": -0.05}"
tusLarge3,nl,t_70edc453a411f33b____c10_1____3_fair.csv,10,249,127,10,True,0.4289,0.2,0.008032128514056224,0.040160642570281124,93.54184138774872,93.54184138774872,t_013a2f8c584d44d7____c10_0____0__t_013a2f8c584d44d7____c6_1____4_fair.csv;t_013a2f8c584d44d7____c10_0____0__t_013a2f8c584d44d7____c4_1____2_fair.csv;t_013a2f8c584d44d7____c10_0____0__t_013a2f8c584d44d7____c12_0____3_fair.csv;t_013a2f8c584d44d7____c10_0____0__t_013a2f8c584d44d7____c10_1____0_fair.csv;t_70edc453a411f33b____c9_0____3__t_70edc453a411f33b____c7_1____4_fair.csv;t_70edc453a411f33b____c9_0____3__t_70edc453a411f33b____c10_1____3_fair.csv;t_70edc453a411f33b____c9_1____3__t_70edc453a411f33b____c7_1____4_fair.csv;t_70edc453a411f33b____c9_1____3__t_70edc453a411f33b____c12_1____3_fair.csv;t_dc9442ed0b52d69c____c9_0____4__t_dc9442ed0b52d69c____c9_0____2_fair.csv;t_dc9442ed0b52d69c____c9_0____4__t_dc9442ed0b52d69c____c8_0____3_fair.csv,"{""needs_fairification"": false, ""success"": true, ""swaps_made"": 0, ""initial_fairness"": 0.4289, ""initial_delta"": -0.03}"
tusLarge3,nl,t_70edc453a411f33b____c10_1____3_fair.csv,20,249,127,20,True,0.3784,0.15,0.012048192771084338,0.08032128514056225,183.412626683712,183.412626683712,t_013a2f8c584d44d7____c10_0____0__t_013a2f8c584d44d7____c6_1____4_fair.csv;t_013a2f8c584d44d7____c10_0____0__t_013a2f8c584d44d7____c4_1____2_fair.csv;t_013a2f8c584d44d7____c10_0____0__t_013a2f8c584d44d7____c12_0____3_fair.csv;t_013a2f8c584d44d7____c10_0____0__t_013a2f8c584d44d7____c10_1____0_fair.csv;t_70edc453a411f33b____c9_0____3__t_70edc453a411f33b____c7_1____4_fair.csv;t_70edc453a411f33b____c9_0____3__t_70edc453a411f33b____c10_1____3_fair.csv;t_70edc453a411f33b____c9_1____3__t_70edc453a411f33b____c7_1____4_fair.csv;t_70edc453a411f33b____c9_1____3__t_70edc453a411f33b____c12_1____3_fair.csv;t_dc9442ed0b52d69c____c9_0____4__t_dc9442ed0b52d69c____c9_0____2_fair.csv;t_dc9442ed0b52d69c____c9_0____4__t_dc9442ed0b52d69c____c8_0____3_fair.csv;t_dc9442ed0b52d69c____c9_0____4__t_dc9442ed0b52d69c____c2_1____2_fair.csv;t_dc9442ed0b52d69c____c9_0____3__t_dc9442ed0b52d69c____c9_0____2_fair.csv;t_dc9442ed0b52d69c____c9_0____3__t_dc9442ed0b52d69c____c8_0____3_fair.csv;t_dc9442ed0b52d69c____c9_0____3__t_dc9442ed0b52d69c____c2_1____2_fair.csv;t_70edc453a411f33b____c9_0____1__t_70edc453a411f33b____c7_1____4_fair.csv;t_dc9442ed0b52d69c____c9_1____0__t_dc9442ed0b52d69c____c9_0____2_fair.csv;t_dc9442ed0b52d69c____c9_1____0__t_dc9442ed0b52d69c____c8_0____3_fair.csv;t_dc9442ed0b52d69c____c9_1____0__t_dc9442ed0b52d69c____c2_1____2_fair.csv;t_dc9442ed0b52d69c____c9_1____3__t_dc9442ed0b52d69c____c9_0____2_fair.csv;t_dc9442ed0b52d69c____c9_1____3__t_dc9442ed0b52d69c____c8_0____3_fair.csv,"{""needs_fairification"": false, ""success"": true, ""swaps_made"": 0, ""initial_fairness"": 0.3784, ""initial_delta"": 0.02}"
tusLarge3,nl,t_356fc1eaad97f93b____c18_1____2_fair.csv,5,557,55,5,True,0.3244,1.0,0.008976660682226212,0.008976660682226212,81.47007286548615,81.47007286548615,t_356fc1eaad97f93b____c20_0____3__t_356fc1eaad97f93b____c13_1____2_fair.csv;t_356fc1eaad97f93b____c20_1____3__t_356fc1eaad97f93b____c13_1____2_fair.csv;t_356fc1eaad97f93b____c20_1____3.csv;t_356fc1eaad97f93b____c18_1____3__t_356fc1eaad97f93b____c20_0____1_fair.csv;t_356fc1eaad97f93b____c18_1____3__t_356fc1eaad97f93b____c18_1____2_fair.csv,"{""needs_fairification"": true, ""success"": true, ""swaps_made"": 4, ""initial_fairness"": 0.0784, ""initial_delta"": 0.32, ""dominated_removed_count"": 33, ""dominance_candidate_pool_size"": 50, ""candidates_after_winnow"": 13}"
tusLarge3,nl,t_356fc1eaad97f93b____c18_1____2_fair.csv,10,557,55,10,True,0.299,1.0,0.017953321364452424,0.017953321364452424,162.8438110947609,162.8438110947609,t_356fc1eaad97f93b____c20_0____2__t_356fc1eaad97f93b____c18_1____2_fair.csv;t_356fc1eaad97f93b____c20_0____2__t_356fc1eaad97f93b____c13_1____2_fair.csv;t_356fc1eaad97f93b____c20_1____3__t_356fc1eaad97f93b____c20_0____1_fair.csv;t_356fc1eaad97f93b____c20_1____3__t_356fc1eaad97f93b____c1_0____1_fair.csv;t_356fc1eaad97f93b____c20_1____3__t_356fc1eaad97f93b____c18_1____2_fair.csv;t_356fc1eaad97f93b____c20_1____3__t_356fc1eaad97f93b____c14_1____2_fair.csv;t_356fc1eaad97f93b____c20_1____3__t_356fc1eaad97f93b____c13_1____2_fair.csv;t_356fc1eaad97f93b____c20_1____3.csv;t_356fc1eaad97f93b____c18_1____3__t_356fc1eaad97f93b____c20_0____1_fair.csv;t_356fc1eaad97f93b____c18_1____3__t_356fc1eaad97f93b____c18_1____2_fair.csv,"{""needs_fairification"": true, ""success"": true, ""swaps_made"": 8, ""initial_fairness"": 0.0657, ""initial_delta"": 0.33, ""dominated_removed_count"": 33, ""dominance_candidate_pool_size"": 45, ""candidates_after_winnow"": 4}"
tusLarge3,nl,t_356fc1eaad97f93b____c18_1____2_fair.csv,20,557,55,20,False,0.2158,0.9,0.03231597845601436,0.03590664272890485,327.79507994651794,327.79507994651794,t_356fc1eaad97f93b____c20_0____2__t_356fc1eaad97f93b____c18_1____2_fair.csv;t_356fc1eaad97f93b____c20_0____2__t_356fc1eaad97f93b____c13_1____2_fair.csv;t_356fc1eaad97f93b____c20_0____3__t_356fc1eaad97f93b____c3_0____2_fair.csv;t_356fc1eaad97f93b____c20_1____2__t_356fc1eaad97f93b____c20_0____1_fair.csv;t_356fc1eaad97f93b____c20_1____2__t_356fc1eaad97f93b____c1_0____1_fair.csv;t_356fc1eaad97f93b____c20_1____2__t_356fc1eaad97f93b____c18_1____2_fair.csv;t_356fc1eaad97f93b____c20_1____2__t_356fc1eaad97f93b____c14_1____2_fair.csv;t_356fc1eaad97f93b____c20_1____2__t_356fc1eaad97f93b____c13_1____2_fair.csv;t_356fc1eaad97f93b____c18_0____2__t_356fc1eaad97f93b____c14_1____2_fair.csv;t_356fc1eaad97f93b____c18_0____2__t_356fc1eaad97f93b____c13_1____2_fair.csv;t_356fc1eaad97f93b____c18_1____3__t_356fc1eaad97f93b____c3_0____2_fair.csv;t_356fc1eaad97f93b____c20_0____2.csv;t_356fc1eaad97f93b____c20_1____3__t_356fc1eaad97f93b____c20_0____1_fair.csv;t_356fc1eaad97f93b____c20_1____3__t_356fc1eaad97f93b____c1_0____1_fair.csv;t_356fc1eaad97f93b____c20_1____3__t_356fc1eaad97f93b____c18_1____2_fair.csv;t_356fc1eaad97f93b____c20_1____3__t_356fc1eaad97f93b____c14_1____2_fair.csv;t_356fc1eaad97f93b____c20_1____3__t_356fc1eaad97f93b____c13_1____2_fair.csv;t_356fc1eaad97f93b____c20_1____3.csv;t_356fc1eaad97f93b____c18_1____3__t_356fc1eaad97f93b____c20_0____1_fair.csv;t_356fc1eaad97f93b____c18_1____3__t_356fc1eaad97f93b____c18_1____2_fair.csv,"{""needs_fairification"": true, ""success"": false, ""swaps_made"": 9, ""initial_fairness"": 0.0922, ""initial_delta"": 0.31, ""dominated_removed_count"": 25, ""dominance_candidate_pool_size"": 35, ""candidates_after_winnow"": 1}"
tusLarge3,nl,t_70edc453a411f33b____c7_1____4_fair.csv,5,259,225,5,True,0.7204,0.0,0.0,0.019305019305019305,29.36127483844757,29.36127483844757,t_dc9442ed0b52d69c____c7_1____1__t_dc9442ed0b52d69c____c8_0____3_fair.csv;t_dc9442ed0b52d69c____c7_1____1__t_dc9442ed0b52d69c____c2_1____2_fair.csv;t_dc9442ed0b52d69c____c7_1____1__t_dc9442ed0b52d69c____c10_0____0_fair.csv;t_dc9442ed0b52d69c____c7_1____3__t_dc9442ed0b52d69c____c9_0____2_fair.csv;t_013a2f8c584d44d7____c3_1____4__t_013a2f8c584d44d7____c7_1____4_fair.csv,"{""needs_fairification"": true, ""success"": true, ""swaps_made"": 1, ""initial_fairness"": 0.1651, ""initial_delta"": 0.23, ""dominated_removed_count"": 182, ""dominance_candidate_pool_size"": 220, ""candidates_after_winnow"": 37}"
tusLarge3,nl,t_70edc453a411f33b____c7_1____4_fair.csv,10,259,225,10,True,0.6303,0.0,0.0,0.03861003861003861,62.44347369670868,62.44347369670868,t_dc9442ed0b52d69c____c7_1____1__t_dc9442ed0b52d69c____c8_0____3_fair.csv;t_dc9442ed0b52d69c____c7_1____1__t_dc9442ed0b52d69c____c2_1____2_fair.csv;t_dc9442ed0b52d69c____c7_1____1__t_dc9442ed0b52d69c____c10_0____0_fair.csv;t_dc9442ed0b52d69c____c7_1____3__t_dc9442ed0b52d69c____c9_0____2_fair.csv;t_dc9442ed0b52d69c____c7_1____3__t_dc9442ed0b52d69c____c8_0____3_fair.csv;t_dc9442ed0b52d69c____c7_1____3__t_dc9442ed0b52d69c____c2_1____2_fair.csv;t_dc9442ed0b52d69c____c7_1____3__t_dc9442ed0b52d69c____c10_0____0_fair.csv;t_dc9442ed0b52d69c____c7_0____4__t_dc9442ed0b52d69c____c10_0____0_fair.csv;t_dc9442ed0b52d69c____c7_1____0__t_dc9442ed0b52d69c____c9_0____2_fair.csv;t_013a2f8c584d44d7____c3_1____4__t_013a2f8c584d44d7____c7_1____4_fair.csv,"{""needs_fairification"": true, ""success"": true, ""swaps_made"": 1, ""initial_fairness"": 0.18, ""initial_delta"": 0.22, ""dominated_removed_count"": 179, ""dominance_candidate_pool_size"": 215, ""candidates_after_winnow"": 35}"
tusLarge3,nl,t_70edc453a411f33b____c7_1____4_fair.csv,20,259,225,20,True,0.5226,0.0,0.0,0.07722007722007722,128.0117283463478,128.0117283463478,t_dc9442ed0b52d69c____c7_1____1__t_dc9442ed0b52d69c____c8_0____3_fair.csv;t_dc9442ed0b52d69c____c7_1____1__t_dc9442ed0b52d69c____c2_1____2_fair.csv;t_dc9442ed0b52d69c____c7_1____1__t_dc9442ed0b52d69c____c10_0____0_fair.csv;t_dc9442ed0b52d69c____c7_1____3__t_dc9442ed0b52d69c____c9_0____2_fair.csv;t_dc9442ed0b52d69c____c7_1____3__t_dc9442ed0b52d69c____c8_0____3_fair.csv;t_dc9442ed0b52d69c____c7_1____3__t_dc9442ed0b52d69c____c2_1____2_fair.csv;t_dc9442ed0b52d69c____c7_1____3__t_dc9442ed0b52d69c____c10_0____0_fair.csv;t_dc9442ed0b52d69c____c7_0____4__t_dc9442ed0b52d69c____c10_0____0_fair.csv;t_dc9442ed0b52d69c____c7_1____0__t_dc9442ed0b52d69c____c9_0____2_fair.csv;t_dc9442ed0b52d69c____c7_1____0__t_dc9442ed0b52d69c____c8_0____3_fair.csv;t_dc9442ed0b52d69c____c7_1____0__t_dc9442ed0b52d69c____c2_1____2_fair.csv;t_dc9442ed0b52d69c____c7_1____0__t_dc9442ed0b52d69c____c10_0____0_fair.csv;t_dc9442ed0b52d69c____c7_1____3.csv;t_dc9442ed0b52d69c____c7_0____4.csv;t_dc9442ed0b52d69c____c7_1____4__t_dc9442ed0b52d69c____c9_0____2_fair.csv;t_dc9442ed0b52d69c____c7_1____4__t_dc9442ed0b52d69c____c8_0____3_fair.csv;t_dc9442ed0b52d69c____c7_1____4__t_dc9442ed0b52d69c____c2_1____2_fair.csv;t_dc9442ed0b52d69c____c7_1____4__t_dc9442ed0b52d69c____c10_0____0_fair.csv;t_dc9442ed0b52d69c____c7_1____1.csv;t_013a2f8c584d44d7____c3_1____4__t_013a2f8c584d44d7____c7_1____4_fair.csv,"{""needs_fairification"": true, ""success"": true, ""swaps_made"": 1, ""initial_fairness"": 0.1743, ""initial_delta"": 0.23, ""dominated_removed_count"": 169, ""dominance_candidate_pool_size"": 205, ""candidates_after_winnow"": 35}"
tusLarge3,nl,t_70edc453a411f33b____c12_1____3_fair.csv,5,232,113,5,True,0.4299,0.8,0.017241379310344827,0.021551724137931036,53.656174302101135,53.656174302101135,t_70edc453a411f33b____c11_0____0__t_70edc453a411f33b____c12_1____3_fair.csv;t_70edc453a411f33b____c11_0____0__t_70edc453a411f33b____c10_1____3_fair.csv;t_70edc453a411f33b____c11_0____1__t_70edc453a411f33b____c7_1____4_fair.csv;t_70edc453a411f33b____c11_0____1__t_70edc453a411f33b____c12_1____3_fair.csv;t_013a2f8c584d44d7____c10_0____0__t_013a2f8c584d44d7____c10_1____0_fair.csv,"{""needs_fairification"": true, ""success"": true, ""swaps_made"": 1, ""initial_fairness"": 0.1715, ""initial_delta"": 0.23, ""dominated_removed_count"": 82, ""dominance_candidate_pool_size"": 108, ""candidates_after_winnow"": 25}"
tusLarge3,nl,t_70edc453a411f33b____c12_1____3_fair.csv,10,232,113,10,True,0.3582,0.9,0.03879310344827586,0.04310344827586207,108.30550676584244,108.30550676584244,t_70edc453a411f33b____c11_0____0__t_70edc453a411f33b____c12_1____3_fair.csv;t_70edc453a411f33b____c11_0____0__t_70edc453a411f33b____c10_1____3_fair.csv;t_70edc453a411f33b____c11_0____1__t_70edc453a411f33b____c7_1____4_fair.csv;t_70edc453a411f33b____c11_0____1__t_70edc453a411f33b____c12_1____3_fair.csv;t_70edc453a411f33b____c11_0____1__t_70edc453a411f33b____c10_1____3_fair.csv;t_70edc453a411f33b____c11_1____0__t_70edc453a411f33b____c7_1____4_fair.csv;t_70edc453a411f33b____c11_1____0__t_70edc453a411f33b____c12_1____3_fair.csv;t_70edc453a411f33b____c11_1____0__t_70edc453a411f33b____c10_1____3_fair.csv;t_70edc453a411f33b____c11_1____2__t_70edc453a411f33b____c7_1____4_fair.csv;t_013a2f8c584d44d7____c10_0____0__t_013a2f8c584d44d7____c10_1____0_fair.csv,"{""needs_fairification"": true, ""success"": true, ""swaps_made"": 1, ""initial_fairness"": 0.1452, ""initial_delta"": 0.25, ""dominated_removed_count"": 75, ""dominance_candidate_pool_size"": 103, ""candidates_after_winnow"": 27}"
tusLarge3,nl,t_70edc453a411f33b____c12_1____3_fair.csv,20,232,113,20,True,0.359,0.9,0.07758620689655173,0.08620689655172414,216.53505820035934,216.53505820035934,t_70edc453a411f33b____c11_0____0__t_70edc453a411f33b____c10_1____3_fair.csv;t_70edc453a411f33b____c11_0____1__t_70edc453a411f33b____c7_1____4_fair.csv;t_70edc453a411f33b____c11_0____1__t_70edc453a411f33b____c12_1____3_fair.csv;t_70edc453a411f33b____c11_0____1__t_70edc453a411f33b____c10_1____3_fair.csv;t_70edc453a411f33b____c11_1____0__t_70edc453a411f33b____c7_1____4_fair.csv;t_70edc453a411f33b____c11_1____0__t_70edc453a411f33b____c12_1____3_fair.csv;t_70edc453a411f33b____c11_1____0__t_70edc453a411f33b____c10_1____3_fair.csv;t_70edc453a411f33b____c11_1____2__t_70edc453a411f33b____c7_1____4_fair.csv;t_70edc453a411f33b____c11_1____2__t_70edc453a411f33b____c12_1____3_fair.csv;t_70edc453a411f33b____c11_1____2__t_70edc453a411f33b____c10_1____3_fair.csv;t_70edc453a411f33b____c11_0____2__t_70edc453a411f33b____c7_1____4_fair.csv;t_70edc453a411f33b____c11_0____2__t_70edc453a411f33b____c12_1____3_fair.csv;t_70edc453a411f33b____c11_0____2__t_70edc453a411f33b____c10_1____3_fair.csv;t_70edc453a411f33b____c11_1____1__t_70edc453a411f33b____c7_1____4_fair.csv;t_70edc453a411f33b____c11_1____1__t_70edc453a411f33b____c12_1____3_fair.csv;t_70edc453a411f33b____c11_1____1__t_70edc453a411f33b____c10_1____3_fair.csv;t_70edc453a411f33b____c11_0____4__t_70edc453a411f33b____c7_1____4_fair.csv;t_70edc453a411f33b____c11_0____4__t_70edc453a411f33b____c12_1____3_fair.csv;t_013a2f8c584d44d7____c10_0____0__t_013a2f8c584d44d7____c4_1____2_fair.csv;t_013a2f8c584d44d7____c10_0____0__t_013a2f8c584d44d7____c10_1____0_fair.csv,"{""needs_fairification"": true, ""success"": true, ""swaps_made"": 2, ""initial_fairness"": 0.1328, ""initial_delta"": 0.27, ""dominated_removed_count"": 71, ""dominance_candidate_pool_size"": 93, ""candidates_after_winnow"": 20}"
tusLarge3,nl,t_8b2f04db4903263f____c10_0____0_fair.csv,5,539,82,5,False,0.1885,0.8,0.0074211502782931356,0.00927643784786642,39.58935898542404,39.58935898542404,t_8b2f04db4903263f____c15_1____1.csv;t_8b2f04db4903263f____c11_0____0__t_8b2f04db4903263f____c18_1____2_fair.csv;t_8b2f04db4903263f____c11_0____4.csv;t_8b2f04db4903263f____c11_1____0__t_8b2f04db4903263f____c13_0____2_fair.csv;t_8b2f04db4903263f____c3_0____3.csv,"{""needs_fairification"": true, ""success"": false, ""swaps_made"": 5, ""initial_fairness"": 0.055, ""initial_delta"": 0.35, ""dominated_removed_count"": 72, ""dominance_candidate_pool_size"": 77, ""candidates_after_winnow"": 0}"
tusLarge3,nl,t_8b2f04db4903263f____c10_0____0_fair.csv,10,539,82,10,False,0.0885,0.9,0.016697588126159554,0.01855287569573284,86.28491443395615,86.28491443395615,t_8b2f04db4903263f____c14_1____0__t_8b2f04db4903263f____c9_1____1_fair.csv;t_8b2f04db4903263f____c15_1____1.csv;t_8b2f04db4903263f____c16_0____1__t_8b2f04db4903263f____c9_1____1_fair.csv;t_8b2f04db4903263f____c16_0____1__t_8b2f04db4903263f____c8_0____0_fair.csv;t_8b2f04db4903263f____c16_0____1__t_8b2f04db4903263f____c13_0____2_fair.csv;t_8b2f04db4903263f____c15_0____0__t_8b2f04db4903263f____c10_0____0_fair.csv;t_8b2f04db4903263f____c11_0____0__t_8b2f04db4903263f____c18_1____2_fair.csv;t_8b2f04db4903263f____c11_0____4.csv;t_8b2f04db4903263f____c11_1____0__t_8b2f04db4903263f____c13_0____2_fair.csv;t_8b2f04db4903263f____c3_0____3.csv,"{""needs_fairification"": true, ""success"": false, ""swaps_made"": 4, ""initial_fairness"": 0.0302, ""initial_delta"": 0.37, ""dominated_removed_count"": 67, ""dominance_candidate_pool_size"": 72, ""candidates_after_winnow"": 1}"
tusLarge3,nl,t_8b2f04db4903263f____c10_0____0_fair.csv,20,539,82,20,False,0.0365,1.0,0.03710575139146568,0.03710575139146568,186.22639787197113,186.22639787197113,t_8b2f04db4903263f____c12_1____0__t_8b2f04db4903263f____c8_0____0_fair.csv;t_8b2f04db4903263f____c12_1____0__t_8b2f04db4903263f____c10_0____0_fair.csv;t_8b2f04db4903263f____c12_1____0__t_8b2f04db4903263f____c9_1____1_fair.csv;t_8b2f04db4903263f____c14_1____0__t_8b2f04db4903263f____c9_1____1_fair.csv;t_8b2f04db4903263f____c15_1____1.csv;t_8b2f04db4903263f____c16_0____1__t_8b2f04db4903263f____c9_1____1_fair.csv;t_8b2f04db4903263f____c16_0____1__t_8b2f04db4903263f____c8_0____0_fair.csv;t_8b2f04db4903263f____c16_0____1__t_8b2f04db4903263f____c13_0____2_fair.csv;t_8b2f04db4903263f____c15_0____0__t_8b2f04db4903263f____c10_0____0_fair.csv;t_8b2f04db4903263f____c14_1____0.csv;t_8b2f04db4903263f____c15_1____1__t_8b2f04db4903263f____c10_0____0_fair.csv;t_8b2f04db4903263f____c15_1____2__t_8b2f04db4903263f____c9_1____1_fair.csv;t_8b2f04db4903263f____c15_1____2__t_8b2f04db4903263f____c18_1____2_fair.csv;t_8b2f04db4903263f____c15_0____2.csv;t_8b2f04db4903263f____c15_1____1__t_8b2f04db4903263f____c9_1____1_fair.csv;t_8b2f04db4903263f____c15_1____1__t_8b2f04db4903263f____c13_0____2_fair.csv;t_8b2f04db4903263f____c14_1____0__t_8b2f04db4903263f____c8_0____0_fair.csv;t_8b2f04db4903263f____c14_1____0__t_8b2f04db4903263f____c10_0____0_fair.csv;t_8b2f04db4903263f____c11_0____0__t_8b2f04db4903263f____c18_1____2_fair.csv;t_8b2f04db4903263f____c11_1____0__t_8b2f04db4903263f____c13_0____2_fair.csv,"{""needs_fairification"": true, ""success"": false, ""swaps_made"": 1, ""initial_fairness"": 0.0219, ""initial_delta"": 0.38, ""dominated_removed_count"": 55, ""dominance_candidate_pool_size"": 62, ""candidates_after_winnow"": 6}"
tusLarge3,nl,t_8b2f04db4903263f____c8_0____0_fair.csv,5,539,88,5,False,0.239,0.4,0.0037105751391465678,0.00927643784786642,28.89414656162262,28.89414656162262,t_8b2f04db4903263f____c15_0____1__t_8b2f04db4903263f____c10_0____0_fair.csv;t_8b2f04db4903263f____c15_1____0__t_8b2f04db4903263f____c8_0____0_fair.csv;t_8b2f04db4903263f____c10_1____0.csv;t_8b2f04db4903263f____c6_1____2.csv;t_014c2259cce4ab13____c3_1____1.csv,"{""needs_fairification"": true, ""success"": false, ""swaps_made"": 5, ""initial_fairness"": 0.0769, ""initial_delta"": 0.32, ""dominated_removed_count"": 75, ""dominance_candidate_pool_size"": 83, ""candidates_after_winnow"": 3}"
tusLarge3,nl,t_8b2f04db4903263f____c8_0____0_fair.csv,10,539,88,10,False,0.1451,0.4,0.0074211502782931356,0.01855287569573284,65.36550056934357,65.36550056934357,t_8b2f04db4903263f____c9_0____1.csv;t_8b2f04db4903263f____c9_0____3.csv;t_8b2f04db4903263f____c9_0____4.csv;t_8b2f04db4903263f____c15_0____1__t_8b2f04db4903263f____c10_0____0_fair.csv;t_8b2f04db4903263f____c18_0____0__t_8b2f04db4903263f____c13_0____2_fair.csv;t_8b2f04db4903263f____c11_0____0.csv;t_8b2f04db4903263f____c15_1____0__t_8b2f04db4903263f____c8_0____0_fair.csv;t_8b2f04db4903263f____c10_1____0.csv;t_8b2f04db4903263f____c6_1____2.csv;t_014c2259cce4ab13____c3_1____1.csv,"{""needs_fairification"": true, ""success"": false, ""swaps_made"": 7, ""initial_fairness"": 0.045, ""initial_delta"": 0.36, ""dominated_removed_count"": 70, ""dominance_candidate_pool_size"": 78, ""candidates_after_winnow"": 1}"
tusLarge3,nl,t_8b2f04db4903263f____c8_0____0_fair.csv,20,539,88,20,False,0.0852,0.45,0.016697588126159554,0.03710575139146568,145.5323144197464,145.5323144197464,t_8b2f04db4903263f____c9_0____0__t_8b2f04db4903263f____c13_0____2_fair.csv;t_8b2f04db4903263f____c9_0____0__t_8b2f04db4903263f____c18_1____2_fair.csv;t_8b2f04db4903263f____c9_0____0.csv;t_8b2f04db4903263f____c9_0____4__t_8b2f04db4903263f____c13_0____2_fair.csv;t_8b2f04db4903263f____c9_0____3__t_8b2f04db4903263f____c18_1____2_fair.csv;t_8b2f04db4903263f____c9_0____3__t_8b2f04db4903263f____c13_0____2_fair.csv;t_8b2f04db4903263f____c9_0____1.csv;t_8b2f04db4903263f____c9_0____3.csv;t_8b2f04db4903263f____c9_0____4.csv;t_8b2f04db4903263f____c9_0____4__t_8b2f04db4903263f____c18_1____2_fair.csv;t_8b2f04db4903263f____c15_0____1__t_8b2f04db4903263f____c10_0____0_fair.csv;t_8b2f04db4903263f____c15_0____1__t_8b2f04db4903263f____c9_1____1_fair.csv;t_8b2f04db4903263f____c15_0____1__t_8b2f04db4903263f____c18_1____2_fair.csv;t_8b2f04db4903263f____c18_0____0__t_8b2f04db4903263f____c13_0____2_fair.csv;t_8b2f04db4903263f____c11_0____0.csv;t_8b2f04db4903263f____c12_1____1.csv;t_8b2f04db4903263f____c10_1____0__t_8b2f04db4903263f____c13_0____2_fair.csv;t_8b2f04db4903263f____c15_1____0__t_8b2f04db4903263f____c8_0____0_fair.csv;t_8b2f04db4903263f____c15_1____0__t_8b2f04db4903263f____c10_0____0_fair.csv;t_8b2f04db4903263f____c15_1____0__t_8b2f04db4903263f____c13_0____2_fair.csv,"{""needs_fairification"": true, ""success"": false, ""swaps_made"": 1, ""initial_fairness"": 0.0775, ""initial_delta"": 0.32, ""dominated_removed_count"": 51, ""dominance_candidate_pool_size"": 68, ""candidates_after_winnow"": 16}"
tusLarge3,nl,t_8b91ff826fe3eeb8____c3_1____2_fair.csv,5,118,362,5,True,0.3457,1.0,0.0423728813559322,0.0423728813559322,13.411161184310913,13.411161184310913,t_8b91ff826fe3eeb8____c3_1____1.csv;t_8b91ff826fe3eeb8____c3_1____1__t_8b91ff826fe3eeb8____c3_1____2_fair.csv;t_8b91ff826fe3eeb8____c3_1____3__t_8b91ff826fe3eeb8____c3_1____2_fair.csv;t_8b91ff826fe3eeb8____c3_1____0__t_8b91ff826fe3eeb8____c3_1____2_fair.csv;t_8b91ff826fe3eeb8____c3_1____3.csv,"{""needs_fairification"": false, ""success"": true, ""swaps_made"": 0, ""initial_fairness"": 0.3457, ""initial_delta"": 0.05}"
tusLarge3,nl,t_8b91ff826fe3eeb8____c3_1____2_fair.csv,10,118,362,10,False,0.0085,0.6,0.05084745762711865,0.0847457627118644,25.46731299161911,25.46731299161911,t_8b91ff826fe3eeb8____c3_1____1.csv;t_8b91ff826fe3eeb8____c3_1____1__t_8b91ff826fe3eeb8____c3_1____2_fair.csv;t_8b91ff826fe3eeb8____c3_1____3__t_8b91ff826fe3eeb8____c3_1____2_fair.csv;t_8b91ff826fe3eeb8____c3_1____0__t_8b91ff826fe3eeb8____c3_1____2_fair.csv;t_8b91ff826fe3eeb8____c3_1____3.csv;t_8b91ff826fe3eeb8____c3_1____0.csv;t_8f2aacee00084d17____c3_0____0.csv;t_1934eacab8c57857____c3_0____4__t_1934eacab8c57857____c11_0____3_fair.csv;t_356fc1eaad97f93b____c3_0____3.csv;t_1934eacab8c57857____c3_0____4.csv,"{""needs_fairification"": true, ""success"": false, ""swaps_made"": 0, ""initial_fairness"": 0.0085, ""initial_delta"": 0.39, ""dominated_removed_count"": 344, ""dominance_candidate_pool_size"": 352, ""candidates_after_winnow"": 8}"
tusLarge3,nl,t_8b91ff826fe3eeb8____c3_1____2_fair.csv,20,118,362,20,False,0.0028,0.3,0.05084745762711865,0.1694915254237288,48.69210433959961,48.69210433959961,t_8b91ff826fe3eeb8____c3_1____1.csv;t_8b91ff826fe3eeb8____c3_1____1__t_8b91ff826fe3eeb8____c3_1____2_fair.csv;t_8b91ff826fe3eeb8____c3_1____3__t_8b91ff826fe3eeb8____c3_1____2_fair.csv;t_8b91ff826fe3eeb8____c3_1____0__t_8b91ff826fe3eeb8____c3_1____2_fair.csv;t_8b91ff826fe3eeb8____c3_1____3.csv;t_8b91ff826fe3eeb8____c3_1____0.csv;t_8f2aacee00084d17____c3_0____0.csv;t_1934eacab8c57857____c3_0____4__t_1934eacab8c57857____c11_0____3_fair.csv;t_356fc1eaad97f93b____c3_0____3.csv;t_1934eacab8c57857____c3_0____4.csv;t_8f2aacee00084d17____c3_0____0__t_8f2aacee00084d17____c13_1____4_fair.csv;t_1934eacab8c57857____c3_0____3__t_1934eacab8c57857____c11_0____3_fair.csv;t_1934eacab8c57857____c3_0____3.csv;t_285b3bcd52ec0c86____c3_1____0__t_285b3bcd52ec0c86____c7_1____2_fair.csv;t_b28ed28824886b47____c3_1____3__t_b28ed28824886b47____c8_0____3_fair.csv;t_356fc1eaad97f93b____c3_0____3__t_356fc1eaad97f93b____c3_0____2_fair.csv;t_356fc1eaad97f93b____c3_0____4__t_356fc1eaad97f93b____c3_0____2_fair.csv;t_b28ed28824886b47____c3_1____4__t_b28ed28824886b47____c11_1____3_fair.csv;t_ece0594e0480a1ed____c4_1____1__t_ece0594e0480a1ed____c5_1____3_fair.csv;t_b28ed28824886b47____c3_1____1__t_b28ed28824886b47____c8_0____3_fair.csv,"{""needs_fairification"": true, ""success"": false, ""swaps_made"": 0, ""initial_fairness"": 0.0028, ""initial_delta"": 0.4, ""dominated_removed_count"": 335, ""dominance_candidate_pool_size"": 342, ""candidates_after_winnow"": 7}"
tusLarge3,nl,t_356fc1eaad97f93b____c20_0____1_fair.csv,5,557,58,5,True,0.3086,1.0,0.008976660682226212,0.008976660682226212,94.80000501871109,94.80000501871109,t_356fc1eaad97f93b____c20_1____1__t_356fc1eaad97f93b____c14_1____2_fair.csv;t_356fc1eaad97f93b____c20_1____1__t_356fc1eaad97f93b____c13_1____2_fair.csv;t_356fc1eaad97f93b____c21_0____1__t_356fc1eaad97f93b____c20_0____1_fair.csv;t_356fc1eaad97f93b____c21_0____1__t_356fc1eaad97f93b____c18_1____2_fair.csv;t_356fc1eaad97f93b____c19_0____4.csv,"{""needs_fairification"": true, ""success"": true, ""swaps_made"": 3, ""initial_fairness"": 0.1656, ""initial_delta"": 0.23, ""dominated_removed_count"": 46, ""dominance_candidate_pool_size"": 53, ""candidates_after_winnow"": 4}"
tusLarge3,nl,t_356fc1eaad97f93b____c20_0____1_fair.csv,10,557,58,10,False,0.2351,1.0,0.017953321364452424,0.017953321364452424,189.50969129800797,189.50969129800797,t_356fc1eaad97f93b____c20_1____1__t_356fc1eaad97f93b____c13_1____2_fair.csv;t_356fc1eaad97f93b____c20_1____1.csv;t_356fc1eaad97f93b____c21_1____1.csv;t_356fc1eaad97f93b____c21_1____1__t_356fc1eaad97f93b____c20_0____1_fair.csv;t_356fc1eaad97f93b____c21_1____1__t_356fc1eaad97f93b____c1_0____1_fair.csv;t_356fc1eaad97f93b____c21_1____1__t_356fc1eaad97f93b____c14_1____2_fair.csv;t_356fc1eaad97f93b____c21_0____1__t_356fc1eaad97f93b____c20_0____1_fair.csv;t_356fc1eaad97f93b____c21_0____1__t_356fc1eaad97f93b____c18_1____2_fair.csv;t_356fc1eaad97f93b____c19_1____1.csv;t_356fc1eaad97f93b____c19_0____4.csv,"{""needs_fairification"": true, ""success"": false, ""swaps_made"": 5, ""initial_fairness"": 0.1351, ""initial_delta"": 0.26, ""dominated_removed_count"": 42, ""dominance_candidate_pool_size"": 48, ""candidates_after_winnow"": 1}"
tusLarge3,nl,t_356fc1eaad97f93b____c20_0____1_fair.csv,20,557,58,20,False,0.1751,1.0,0.03590664272890485,0.03590664272890485,379.96365255117416,379.96365255117416,t_356fc1eaad97f93b____c20_1____1__t_356fc1eaad97f93b____c18_1____2_fair.csv;t_356fc1eaad97f93b____c20_1____1__t_356fc1eaad97f93b____c14_1____2_fair.csv;t_356fc1eaad97f93b____c20_1____1__t_356fc1eaad97f93b____c13_1____2_fair.csv;t_356fc1eaad97f93b____c20_1____1.csv;t_356fc1eaad97f93b____c20_1____1__t_356fc1eaad97f93b____c3_0____2_fair.csv;t_356fc1eaad97f93b____c21_1____1.csv;t_356fc1eaad97f93b____c21_1____1__t_356fc1eaad97f93b____c20_0____1_fair.csv;t_356fc1eaad97f93b____c21_1____1__t_356fc1eaad97f93b____c1_0____1_fair.csv;t_356fc1eaad97f93b____c21_1____1__t_356fc1eaad97f93b____c18_1____2_fair.csv;t_356fc1eaad97f93b____c21_1____1__t_356fc1eaad97f93b____c14_1____2_fair.csv;t_356fc1eaad97f93b____c21_0____1.csv;t_356fc1eaad97f93b____c21_0____1__t_356fc1eaad97f93b____c20_0____1_fair.csv;t_356fc1eaad97f93b____c21_0____1__t_356fc1eaad97f93b____c18_1____2_fair.csv;t_356fc1eaad97f93b____c21_0____1__t_356fc1eaad97f93b____c14_1____2_fair.csv;t_356fc1eaad97f93b____c21_0____1__t_356fc1eaad97f93b____c13_1____2_fair.csv;t_356fc1eaad97f93b____c21_1____1__t_356fc1eaad97f93b____c3_0____2_fair.csv;t_356fc1eaad97f93b____c20_1____4__t_356fc1eaad97f93b____c20_0____1_fair.csv;t_356fc1eaad97f93b____c22_0____1__t_356fc1eaad97f93b____c20_0____1_fair.csv;t_356fc1eaad97f93b____c19_1____1.csv;t_356fc1eaad97f93b____c19_0____4.csv,"{""needs_fairification"": true, ""success"": false, ""swaps_made"": 3, ""initial_fairness"": 0.1445, ""initial_delta"": 0.26, ""dominated_removed_count"": 31, ""dominance_candidate_pool_size"": 38, ""candidates_after_winnow"": 4}"
tusLarge3,nl,t_6c551d740feb0608____c16_0____1_fair.csv,5,297,75,5,True,0.358,1.0,0.016835016835016835,0.016835016835016835,77.33903020620346,77.33903020620346,t_6c551d740feb0608____c16_1____1__t_6c551d740feb0608____c16_0____1_fair.csv;t_6c551d740feb0608____c16_1____1__t_6c551d740feb0608____c10_0____2_fair.csv;t_6c551d740feb0608____c16_1____4__t_6c551d740feb0608____c16_0____1_fair.csv;t_6c551d740feb0608____c16_1____3__t_6c551d740feb0608____c16_0____1_fair.csv;t_6c551d740feb0608____c16_0____0__t_6c551d740feb0608____c16_0____1_fair.csv,"{""needs_fairification"": true, ""success"": true, ""swaps_made"": 2, ""initial_fairness"": 0.221, ""initial_delta"": 0.18, ""dominated_removed_count"": 67, ""dominance_candidate_pool_size"": 70, ""candidates_after_winnow"": 1}"
tusLarge3,nl,t_6c551d740feb0608____c16_0____1_fair.csv,10,297,75,10,False,0.208,1.0,0.03367003367003367,0.03367003367003367,154.53126269578934,154.53126269578934,t_6c551d740feb0608____c16_1____1__t_6c551d740feb0608____c5_1____1_fair.csv;t_6c551d740feb0608____c16_1____1__t_6c551d740feb0608____c16_0____1_fair.csv;t_6c551d740feb0608____c16_1____1__t_6c551d740feb0608____c10_0____2_fair.csv;t_6c551d740feb0608____c16_1____4__t_6c551d740feb0608____c16_0____1_fair.csv;t_6c551d740feb0608____c16_1____1.csv;t_6c551d740feb0608____c16_1____3__t_6c551d740feb0608____c9_0____3_fair.csv;t_6c551d740feb0608____c16_1____3__t_6c551d740feb0608____c5_1____1_fair.csv;t_6c551d740feb0608____c16_1____3__t_6c551d740feb0608____c16_0____1_fair.csv;t_6c551d740feb0608____c16_1____3__t_6c551d740feb0608____c10_0____2_fair.csv;t_6c551d740feb0608____c16_0____0__t_6c551d740feb0608____c16_0____1_fair.csv,"{""needs_fairification"": true, ""success"": false, ""swaps_made"": 1, ""initial_fairness"": 0.1683, ""initial_delta"": 0.23, ""dominated_removed_count"": 64, ""dominance_candidate_pool_size"": 65, ""candidates_after_winnow"": 0}"
tusLarge3,nl,t_6c551d740feb0608____c16_0____1_fair.csv,20,297,75,20,False,0.1975,1.0,0.06734006734006734,0.06734006734006734,305.12784737348557,305.12784737348557,t_6c551d740feb0608____c16_1____1__t_6c551d740feb0608____c16_0____1_fair.csv;t_6c551d740feb0608____c16_1____4__t_6c551d740feb0608____c16_0____1_fair.csv;t_6c551d740feb0608____c16_1____1.csv;t_6c551d740feb0608____c16_1____3__t_6c551d740feb0608____c9_0____3_fair.csv;t_6c551d740feb0608____c16_1____3__t_6c551d740feb0608____c5_1____1_fair.csv;t_6c551d740feb0608____c16_1____3__t_6c551d740feb0608____c16_0____1_fair.csv;t_6c551d740feb0608____c16_1____3__t_6c551d740feb0608____c10_0____2_fair.csv;t_6c551d740feb0608____c16_0____0__t_6c551d740feb0608____c9_0____3_fair.csv;t_6c551d740feb0608____c16_0____0__t_6c551d740feb0608____c5_1____1_fair.csv;t_6c551d740feb0608____c16_0____0__t_6c551d740feb0608____c16_0____1_fair.csv;t_6c551d740feb0608____c16_0____0__t_6c551d740feb0608____c10_0____2_fair.csv;t_6c551d740feb0608____c16_0____4__t_6c551d740feb0608____c16_0____1_fair.csv;t_6c551d740feb0608____c16_0____3__t_6c551d740feb0608____c9_0____3_fair.csv;t_6c551d740feb0608____c16_0____3__t_6c551d740feb0608____c5_1____1_fair.csv;t_6c551d740feb0608____c16_0____3__t_6c551d740feb0608____c16_0____1_fair.csv;t_6c551d740feb0608____c16_0____3__t_6c551d740feb0608____c10_0____2_fair.csv;t_6c551d740feb0608____c16_1____4__t_6c551d740feb0608____c9_0____3_fair.csv;t_6c551d740feb0608____c16_0____3.csv;t_6c551d740feb0608____c16_1____0__t_6c551d740feb0608____c16_0____1_fair.csv;t_6c551d740feb0608____c14_0____4__t_6c551d740feb0608____c16_0____1_fair.csv,"{""needs_fairification"": true, ""success"": false, ""swaps_made"": 3, ""initial_fairness"": 0.154, ""initial_delta"": 0.25, ""dominated_removed_count"": 50, ""dominance_candidate_pool_size"": 55, ""candidates_after_winnow"": 2}"
tusLarge3,nl,t_8b2f04db4903263f____c9_1____1_fair.csv,5,539,99,5,True,0.3014,1.0,0.00927643784786642,0.00927643784786642,39.85491019487381,39.85491019487381,t_8b2f04db4903263f____c9_1____0__t_8b2f04db4903263f____c13_0____2_fair.csv;t_8b2f04db4903263f____c9_1____0.csv;t_8b2f04db4903263f____c12_0____3__t_8b2f04db4903263f____c9_1____1_fair.csv;t_8b2f04db4903263f____c12_0____2__t_8b2f04db4903263f____c9_1____1_fair.csv;t_8b2f04db4903263f____c9_1____2__t_8b2f04db4903263f____c9_1____1_fair.csv,"{""needs_fairification"": true, ""success"": true, ""swaps_made"": 3, ""initial_fairness"": 0.0801, ""initial_delta"": 0.32, ""dominated_removed_count"": 81, ""dominance_candidate_pool_size"": 94, ""candidates_after_winnow"": 10}"
tusLarge3,nl,t_8b2f04db4903263f____c9_1____1_fair.csv,10,539,99,10,False,0.2761,0.8,0.014842300556586271,0.01855287569573284,70.3455598950386,70.3455598950386,t_8b2f04db4903263f____c12_0____0.csv;t_8b2f04db4903263f____c12_0____3.csv;t_8b2f04db4903263f____c12_0____1.csv;t_8b2f04db4903263f____c12_0____3__t_8b2f04db4903263f____c9_1____1_fair.csv;t_8b2f04db4903263f____c12_0____4__t_8b2f04db4903263f____c9_1____1_fair.csv;t_8b2f04db4903263f____c12_0____2__t_8b2f04db4903263f____c9_1____1_fair.csv;t_8b2f04db4903263f____c9_1____2__t_8b2f04db4903263f____c9_1____1_fair.csv;t_8b2f04db4903263f____c8_1____4.csv;t_8b2f04db4903263f____c6_0____3.csv;t_8b2f04db4903263f____c3_0____2.csv,"{""needs_fairification"": true, ""success"": false, ""swaps_made"": 9, ""initial_fairness"": 0.0544, ""initial_delta"": 0.35, ""dominated_removed_count"": 76, ""dominance_candidate_pool_size"": 89, ""candidates_after_winnow"": 4}"
tusLarge3,nl,t_8b2f04db4903263f____c9_1____1_fair.csv,20,539,99,20,False,0.148,1.0,0.03710575139146568,0.03710575139146568,160.69299632310867,160.69299632310867,t_8b2f04db4903263f____c9_1____0.csv;t_8b2f04db4903263f____c12_0____0__t_8b2f04db4903263f____c8_0____0_fair.csv;t_8b2f04db4903263f____c12_0____0__t_8b2f04db4903263f____c13_0____2_fair.csv;t_8b2f04db4903263f____c12_0____0__t_8b2f04db4903263f____c10_0____0_fair.csv;t_8b2f04db4903263f____c12_0____0.csv;t_8b2f04db4903263f____c12_0____1__t_8b2f04db4903263f____c8_0____0_fair.csv;t_8b2f04db4903263f____c12_0____1__t_8b2f04db4903263f____c13_0____2_fair.csv;t_8b2f04db4903263f____c12_0____1__t_8b2f04db4903263f____c18_1____2_fair.csv;t_8b2f04db4903263f____c12_0____0__t_8b2f04db4903263f____c9_1____1_fair.csv;t_8b2f04db4903263f____c10_0____3.csv;t_8b2f04db4903263f____c12_0____3.csv;t_8b2f04db4903263f____c12_0____1.csv;t_8b2f04db4903263f____c12_0____2.csv;t_8b2f04db4903263f____c12_0____4__t_8b2f04db4903263f____c8_0____0_fair.csv;t_8b2f04db4903263f____c12_0____4__t_8b2f04db4903263f____c13_0____2_fair.csv;t_8b2f04db4903263f____c12_0____3__t_8b2f04db4903263f____c9_1____1_fair.csv;t_8b2f04db4903263f____c12_0____4__t_8b2f04db4903263f____c9_1____1_fair.csv;t_8b2f04db4903263f____c9_1____3.csv;t_8b2f04db4903263f____c12_0____2__t_8b2f04db4903263f____c9_1____1_fair.csv;t_8b2f04db4903263f____c9_1____2__t_8b2f04db4903263f____c9_1____1_fair.csv,"{""needs_fairification"": true, ""success"": false, ""swaps_made"": 4, ""initial_fairness"": 0.0731, ""initial_delta"": 0.33, ""dominated_removed_count"": 70, ""dominance_candidate_pool_size"": 79, ""candidates_after_winnow"": 5}"
tusLarge3,nl,t_8b2f04db4903263f____c13_0____2_fair.csv,5,502,75,5,True,0.3209,0.8,0.00796812749003984,0.0099601593625498,55.89467251300812,55.89467251300812,t_8b2f04db4903263f____c15_1____4__t_8b2f04db4903263f____c9_1____1_fair.csv;t_8b2f04db4903263f____c13_1____4.csv;t_8b2f04db4903263f____c13_0____1__t_8b2f04db4903263f____c13_0____2_fair.csv;t_8b2f04db4903263f____c14_0____4__t_8b2f04db4903263f____c13_0____2_fair.csv;t_8b2f04db4903263f____c16_1____3__t_8b2f04db4903263f____c13_0____2_fair.csv,"{""needs_fairification"": true, ""success"": true, ""swaps_made"": 3, ""initial_fairness"": 0.0909, ""initial_delta"": 0.31, ""dominated_removed_count"": 62, ""dominance_candidate_pool_size"": 70, ""candidates_after_winnow"": 5}"
tusLarge3,nl,t_8b2f04db4903263f____c13_0____2_fair.csv,10,502,75,10,True,0.2954,0.8,0.01593625498007968,0.0199203187250996,108.98247575759888,108.98247575759888,t_8b2f04db4903263f____c13_1____4.csv;t_8b2f04db4903263f____c14_1____3__t_8b2f04db4903263f____c13_0____2_fair.csv;t_8b2f04db4903263f____c13_0____1__t_8b2f04db4903263f____c13_0____2_fair.csv;t_8b2f04db4903263f____c13_1____2.csv;t_8b2f04db4903263f____c15_1____4.csv;t_8b2f04db4903263f____c13_0____3__t_8b2f04db4903263f____c13_0____2_fair.csv;t_8b2f04db4903263f____c13_0____1.csv;t_8b2f04db4903263f____c14_0____4__t_8b2f04db4903263f____c13_0____2_fair.csv;t_8b2f04db4903263f____c16_1____3__t_8b2f04db4903263f____c13_0____2_fair.csv;t_8b2f04db4903263f____c10_0____3.csv,"{""needs_fairification"": true, ""success"": true, ""swaps_made"": 6, ""initial_fairness"": 0.1422, ""initial_delta"": 0.26, ""dominated_removed_count"": 58, ""dominance_candidate_pool_size"": 65, ""candidates_after_winnow"": 1}"
tusLarge3,nl,t_8b2f04db4903263f____c13_0____2_fair.csv,20,502,75,20,False,0.14,0.85,0.03386454183266932,0.0398406374501992,225.64733189344406,225.64733189344406,t_8b2f04db4903263f____c14_1____2__t_8b2f04db4903263f____c9_1____1_fair.csv;t_8b2f04db4903263f____c15_1____4__t_8b2f04db4903263f____c9_1____1_fair.csv;t_8b2f04db4903263f____c13_1____4.csv;t_8b2f04db4903263f____c16_0____4__t_8b2f04db4903263f____c13_0____2_fair.csv;t_8b2f04db4903263f____c14_1____3__t_8b2f04db4903263f____c13_0____2_fair.csv;t_8b2f04db4903263f____c13_0____1__t_8b2f04db4903263f____c13_0____2_fair.csv;t_8b2f04db4903263f____c16_0____4__t_8b2f04db4903263f____c8_0____0_fair.csv;t_8b2f04db4903263f____c13_1____2.csv;t_8b2f04db4903263f____c16_0____4__t_8b2f04db4903263f____c10_0____0_fair.csv;t_8b2f04db4903263f____c14_1____2__t_8b2f04db4903263f____c8_0____0_fair.csv;t_8b2f04db4903263f____c14_1____2__t_8b2f04db4903263f____c13_0____2_fair.csv;t_8b2f04db4903263f____c14_0____2__t_8b2f04db4903263f____c8_0____0_fair.csv;t_8b2f04db4903263f____c14_1____2__t_8b2f04db4903263f____c18_1____2_fair.csv;t_8b2f04db4903263f____c13_1____4__t_8b2f04db4903263f____c9_1____1_fair.csv;t_8b2f04db4903263f____c16_0____0__t_8b2f04db4903263f____c13_0____2_fair.csv;t_8b2f04db4903263f____c15_1____4.csv;t_8b2f04db4903263f____c16_0____3__t_8b2f04db4903263f____c10_0____0_fair.csv;t_8b2f04db4903263f____c13_0____3__t_8b2f04db4903263f____c13_0____2_fair.csv;t_8b2f04db4903263f____c14_0____4__t_8b2f04db4903263f____c13_0____2_fair.csv;t_8b2f04db4903263f____c16_1____3__t_8b2f04db4903263f____c13_0____2_fair.csv,"{""needs_fairification"": true, ""success"": false, ""swaps_made"": 2, ""initial_fairness"": 0.096, ""initial_delta"": 0.3, ""dominated_removed_count"": 50, ""dominance_candidate_pool_size"": 55, ""candidates_after_winnow"": 3}"
tusLarge3,nl,t_8f2aacee00084d17____c10_1____2_fair.csv,5,349,83,5,True,0.2999,0.8,0.011461318051575931,0.014326647564469915,46.11959898471832,46.11959898471832,t_8f2aacee00084d17____c10_1____4__t_8f2aacee00084d17____c13_1____4_fair.csv;t_8f2aacee00084d17____c10_1____4__t_8f2aacee00084d17____c10_1____2_fair.csv;t_8f2aacee00084d17____c11_1____2__t_8f2aacee00084d17____c13_1____4_fair.csv;t_8f2aacee00084d17____c15_1____2__t_8f2aacee00084d17____c10_1____2_fair.csv;t_8f2aacee00084d17____c8_0____2__t_8f2aacee00084d17____c10_1____2_fair.csv,"{""needs_fairification"": true, ""success"": true, ""swaps_made"": 2, ""initial_fairness"": 0.1751, ""initial_delta"": 0.22, ""dominated_removed_count"": 72, ""dominance_candidate_pool_size"": 78, ""candidates_after_winnow"": 4}"
tusLarge3,nl,t_8f2aacee00084d17____c10_1____2_fair.csv,10,349,83,10,True,0.2999,1.0,0.02865329512893983,0.02865329512893983,92.55371344089508,92.55371344089508,t_8f2aacee00084d17____c10_1____4__t_8f2aacee00084d17____c10_1____2_fair.csv;t_8f2aacee00084d17____c10_1____3.csv;t_8f2aacee00084d17____c13_1____2.csv;t_8f2aacee00084d17____c10_1____3__t_8f2aacee00084d17____c13_1____4_fair.csv;t_8f2aacee00084d17____c10_1____3__t_8f2aacee00084d17____c10_1____2_fair.csv;t_8f2aacee00084d17____c13_1____2__t_8f2aacee00084d17____c13_1____4_fair.csv;t_8f2aacee00084d17____c18_1____4__t_8f2aacee00084d17____c10_1____2_fair.csv;t_8f2aacee00084d17____c15_1____2__t_8f2aacee00084d17____c10_1____2_fair.csv;t_8f2aacee00084d17____c9_0____4__t_8f2aacee00084d17____c10_1____2_fair.csv;t_8f2aacee00084d17____c8_0____2__t_8f2aacee00084d17____c10_1____2_fair.csv,"{""needs_fairification"": true, ""success"": true, ""swaps_made"": 4, ""initial_fairness"": 0.1426, ""initial_delta"": 0.26, ""dominated_removed_count"": 63, ""dominance_candidate_pool_size"": 73, ""candidates_after_winnow"": 6}"
tusLarge3,nl,t_8f2aacee00084d17____c10_1____2_fair.csv,20,349,83,20,False,0.1514,1.0,0.05730659025787966,0.05730659025787966,187.66214853525162,187.66214853525162,t_8f2aacee00084d17____c10_1____4__t_8f2aacee00084d17____c10_1____2_fair.csv;t_8f2aacee00084d17____c10_1____3.csv;t_8f2aacee00084d17____c13_1____2.csv;t_8f2aacee00084d17____c10_1____3__t_8f2aacee00084d17____c13_1____4_fair.csv;t_8f2aacee00084d17____c10_1____3__t_8f2aacee00084d17____c10_1____2_fair.csv;t_8f2aacee00084d17____c13_1____2__t_8f2aacee00084d17____c13_1____4_fair.csv;t_8f2aacee00084d17____c13_1____2__t_8f2aacee00084d17____c10_1____2_fair.csv;t_8f2aacee00084d17____c15_0____4__t_8f2aacee00084d17____c13_1____4_fair.csv;t_8f2aacee00084d17____c15_0____4__t_8f2aacee00084d17____c11_0____4_fair.csv;t_8f2aacee00084d17____c15_0____4__t_8f2aacee00084d17____c10_1____2_fair.csv;t_8f2aacee00084d17____c15_0____4__t_8f2aacee00084d17____c16_1____1_fair.csv;t_8f2aacee00084d17____c10_1____0__t_8f2aacee00084d17____c13_1____4_fair.csv;t_8f2aacee00084d17____c16_1____4__t_8f2aacee00084d17____c16_1____1_fair.csv;t_8f2aacee00084d17____c16_1____4__t_8f2aacee00084d17____c13_1____4_fair.csv;t_8f2aacee00084d17____c16_1____4__t_8f2aacee00084d17____c11_0____4_fair.csv;t_8f2aacee00084d17____c16_1____4__t_8f2aacee00084d17____c10_1____2_fair.csv;t_8f2aacee00084d17____c18_1____4__t_8f2aacee00084d17____c10_1____2_fair.csv;t_8f2aacee00084d17____c15_1____2__t_8f2aacee00084d17____c10_1____2_fair.csv;t_8f2aacee00084d17____c9_0____4__t_8f2aacee00084d17____c10_1____2_fair.csv;t_8f2aacee00084d17____c8_0____2__t_8f2aacee00084d17____c10_1____2_fair.csv,"{""needs_fairification"": true, ""success"": false, ""swaps_made"": 4, ""initial_fairness"": 0.0686, ""initial_delta"": 0.33, ""dominated_removed_count"": 55, ""dominance_candidate_pool_size"": 63, ""candidates_after_winnow"": 4}"
tusLarge3,nl,t_8f2aacee00084d17____c11_0____4_fair.csv,5,371,79,5,True,0.2982,1.0,0.013477088948787063,0.013477088948787063,52.62060183286667,52.62060183286667,t_8f2aacee00084d17____c15_0____4__t_8f2aacee00084d17____c16_1____1_fair.csv;t_8f2aacee00084d17____c11_0____0__t_8f2aacee00084d17____c11_0____4_fair.csv;t_8f2aacee00084d17____c15_0____4__t_8f2aacee00084d17____c13_1____4_fair.csv;t_8f2aacee00084d17____c14_1____0__t_8f2aacee00084d17____c11_0____4_fair.csv;t_8f2aacee00084d17____c14_1____2__t_8f2aacee00084d17____c11_0____4_fair.csv,"{""needs_fairification"": true, ""success"": true, ""swaps_made"": 2, ""initial_fairness"": 0.1603, ""initial_delta"": 0.24, ""dominated_removed_count"": 67, ""dominance_candidate_pool_size"": 74, ""candidates_after_winnow"": 5}"
tusLarge3,nl,t_8f2aacee00084d17____c11_0____4_fair.csv,10,371,79,10,True,0.2957,1.0,0.026954177897574125,0.026954177897574125,102.90531766414642,102.90531766414642,t_8f2aacee00084d17____c11_0____0__t_8f2aacee00084d17____c11_0____4_fair.csv;t_8f2aacee00084d17____c11_0____2__t_8f2aacee00084d17____c16_1____1_fair.csv;t_8f2aacee00084d17____c11_0____2__t_8f2aacee00084d17____c13_1____4_fair.csv;t_8f2aacee00084d17____c11_0____2__t_8f2aacee00084d17____c11_0____4_fair.csv;t_8f2aacee00084d17____c15_0____2.csv;t_8f2aacee00084d17____c11_0____3__t_8f2aacee00084d17____c11_0____4_fair.csv;t_8f2aacee00084d17____c17_0____0__t_8f2aacee00084d17____c11_0____4_fair.csv;t_8f2aacee00084d17____c14_1____0__t_8f2aacee00084d17____c11_0____4_fair.csv;t_8f2aacee00084d17____c14_1____2__t_8f2aacee00084d17____c11_0____4_fair.csv;t_8f2aacee00084d17____c9_0____1.csv,"{""needs_fairification"": true, ""success"": true, ""swaps_made"": 6, ""initial_fairness"": 0.1224, ""initial_delta"": 0.28, ""dominated_removed_count"": 58, ""dominance_candidate_pool_size"": 69, ""candidates_after_winnow"": 5}"
tusLarge3,nl,t_8f2aacee00084d17____c11_0____4_fair.csv,20,371,79,20,False,0.1463,0.9,0.04851752021563342,0.05390835579514825,208.89544117450714,208.89544117450714,t_8f2aacee00084d17____c11_0____0__t_8f2aacee00084d17____c11_0____4_fair.csv;t_8f2aacee00084d17____c15_0____4__t_8f2aacee00084d17____c10_1____2_fair.csv;t_8f2aacee00084d17____c11_0____2__t_8f2aacee00084d17____c16_1____1_fair.csv;t_8f2aacee00084d17____c11_0____2__t_8f2aacee00084d17____c13_1____4_fair.csv;t_8f2aacee00084d17____c11_0____2__t_8f2aacee00084d17____c11_0____4_fair.csv;t_8f2aacee00084d17____c13_1____2__t_8f2aacee00084d17____c13_1____4_fair.csv;t_8f2aacee00084d17____c13_1____2__t_8f2aacee00084d17____c10_1____2_fair.csv;t_8f2aacee00084d17____c17_0____4__t_8f2aacee00084d17____c16_1____1_fair.csv;t_8f2aacee00084d17____c15_0____0__t_8f2aacee00084d17____c13_1____4_fair.csv;t_8f2aacee00084d17____c17_0____4__t_8f2aacee00084d17____c13_1____4_fair.csv;t_8f2aacee00084d17____c17_0____4__t_8f2aacee00084d17____c11_0____4_fair.csv;t_8f2aacee00084d17____c17_0____4__t_8f2aacee00084d17____c10_1____2_fair.csv;t_8f2aacee00084d17____c12_1____4__t_8f2aacee00084d17____c11_0____4_fair.csv;t_8f2aacee00084d17____c12_1____4__t_8f2aacee00084d17____c16_1____1_fair.csv;t_8f2aacee00084d17____c11_0____0__t_8f2aacee00084d17____c16_1____1_fair.csv;t_8f2aacee00084d17____c11_0____3__t_8f2aacee00084d17____c11_0____4_fair.csv;t_8f2aacee00084d17____c17_0____0__t_8f2aacee00084d17____c11_0____4_fair.csv;t_8f2aacee00084d17____c14_1____0__t_8f2aacee00084d17____c11_0____4_fair.csv;t_8f2aacee00084d17____c14_1____2__t_8f2aacee00084d17____c11_0____4_fair.csv;t_8f2aacee00084d17____c9_0____1.csv,"{""needs_fairification"": true, ""success"": false, ""swaps_made"": 5, ""initial_fairness"": 0.0628, ""initial_delta"": 0.34, ""dominated_removed_count"": 49, ""dominance_candidate_pool_size"": 59, ""candidates_after_winnow"": 5}"
tusLarge3,nl,t_8e2f57ee5e3e4821____c14_1____3_fair.csv,5,174,86,5,True,0.3584,1.0,0.028735632183908046,0.028735632183908046,59.576377391815186,59.576377391815186,t_8e2f57ee5e3e4821____c14_0____3__t_8e2f57ee5e3e4821____c15_0____0_fair.csv;t_8e2f57ee5e3e4821____c14_0____3__t_8e2f57ee5e3e4821____c14_1____3_fair.csv;t_8e2f57ee5e3e4821____c14_0____4__t_8e2f57ee5e3e4821____c14_1____3_fair.csv;t_8e2f57ee5e3e4821____c14_0____1__t_8e2f57ee5e3e4821____c14_1____3_fair.csv;t_8e2f57ee5e3e4821____c9_0____4__t_8e2f57ee5e3e4821____c14_1____3_fair.csv,"{""needs_fairification"": true, ""success"": true, ""swaps_made"": 3, ""initial_fairness"": 0.1491, ""initial_delta"": 0.25, ""dominated_removed_count"": 75, ""dominance_candidate_pool_size"": 81, ""candidates_after_winnow"": 3}"
tusLarge3,nl,t_8e2f57ee5e3e4821____c14_1____3_fair.csv,10,174,86,10,False,0.2644,1.0,0.05747126436781609,0.05747126436781609,123.85517311096191,123.85517311096191,t_8e2f57ee5e3e4821____c14_0____3__t_8e2f57ee5e3e4821____c14_1____3_fair.csv;t_8e2f57ee5e3e4821____c14_0____3.csv;t_8e2f57ee5e3e4821____c13_1____3.csv;t_8e2f57ee5e3e4821____c14_0____2__t_8e2f57ee5e3e4821____c14_1____3_fair.csv;t_8e2f57ee5e3e4821____c13_1____3__t_8e2f57ee5e3e4821____c15_0____0_fair.csv;t_8e2f57ee5e3e4821____c13_1____3__t_8e2f57ee5e3e4821____c14_1____3_fair.csv;t_8e2f57ee5e3e4821____c14_0____2.csv;t_8e2f57ee5e3e4821____c14_0____4__t_8e2f57ee5e3e4821____c14_1____3_fair.csv;t_8e2f57ee5e3e4821____c14_0____1__t_8e2f57ee5e3e4821____c14_1____3_fair.csv;t_8e2f57ee5e3e4821____c9_0____4__t_8e2f57ee5e3e4821____c14_1____3_fair.csv,"{""needs_fairification"": true, ""success"": false, ""swaps_made"": 5, ""initial_fairness"": 0.0871, ""initial_delta"": 0.31, ""dominated_removed_count"": 71, ""dominance_candidate_pool_size"": 76, ""candidates_after_winnow"": 0}"
tusLarge3,nl,t_8e2f57ee5e3e4821____c14_1____3_fair.csv,20,174,86,20,False,0.1589,1.0,0.11494252873563218,0.11494252873563218,252.0090849995613,252.0090849995613,t_8e2f57ee5e3e4821____c14_0____3__t_8e2f57ee5e3e4821____c15_0____0_fair.csv;t_8e2f57ee5e3e4821____c14_0____3__t_8e2f57ee5e3e4821____c14_1____3_fair.csv;t_8e2f57ee5e3e4821____c14_0____3.csv;t_8e2f57ee5e3e4821____c13_1____3.csv;t_8e2f57ee5e3e4821____c14_0____2__t_8e2f57ee5e3e4821____c15_0____0_fair.csv;t_8e2f57ee5e3e4821____c14_0____2__t_8e2f57ee5e3e4821____c14_1____3_fair.csv;t_8e2f57ee5e3e4821____c13_1____3__t_8e2f57ee5e3e4821____c15_0____0_fair.csv;t_8e2f57ee5e3e4821____c13_1____3__t_8e2f57ee5e3e4821____c14_1____3_fair.csv;t_8e2f57ee5e3e4821____c14_0____2.csv;t_8e2f57ee5e3e4821____c14_1____4__t_8e2f57ee5e3e4821____c15_0____0_fair.csv;t_8e2f57ee5e3e4821____c14_1____4__t_8e2f57ee5e3e4821____c14_1____3_fair.csv;t_8e2f57ee5e3e4821____c14_0____0.csv;t_8e2f57ee5e3e4821____c14_1____4.csv;t_8e2f57ee5e3e4821____c14_0____0__t_8e2f57ee5e3e4821____c15_0____0_fair.csv;t_8e2f57ee5e3e4821____c14_0____0__t_8e2f57ee5e3e4821____c14_1____3_fair.csv;t_8e2f57ee5e3e4821____c15_0____4__t_8e2f57ee5e3e4821____c15_0____0_fair.csv;t_8e2f57ee5e3e4821____c15_0____4__t_8e2f57ee5e3e4821____c14_1____3_fair.csv;t_8e2f57ee5e3e4821____c14_0____4__t_8e2f57ee5e3e4821____c14_1____3_fair.csv;t_8e2f57ee5e3e4821____c14_0____1__t_8e2f57ee5e3e4821____c14_1____3_fair.csv;t_8e2f57ee5e3e4821____c9_0____4__t_8e2f57ee5e3e4821____c14_1____3_fair.csv,"{""needs_fairification"": true, ""success"": false, ""swaps_made"": 3, ""initial_fairness"": 0.0916, ""initial_delta"": 0.31, ""dominated_removed_count"": 62, ""dominance_candidate_pool_size"": 66, ""candidates_after_winnow"": 1}"
tusLarge3,nl,t_93f3d6f7fc6aa6ff____c12_1____0_fair.csv,5,428,79,5,False,0.2814,1.0,0.011682242990654205,0.011682242990654205,54.988757967948914,54.988757967948914,t_93f3d6f7fc6aa6ff____c12_1____3__t_93f3d6f7fc6aa6ff____c12_1____0_fair.csv;t_93f3d6f7fc6aa6ff____c12_1____3.csv;t_93f3d6f7fc6aa6ff____c12_1____1.csv;t_93f3d6f7fc6aa6ff____c12_1____2__t_93f3d6f7fc6aa6ff____c12_1____0_fair.csv;t_93f3d6f7fc6aa6ff____c15_1____0.csv,"{""needs_fairification"": true, ""success"": false, ""swaps_made"": 2, ""initial_fairness"": 0.1691, ""initial_delta"": 0.23, ""dominated_removed_count"": 70, ""dominance_candidate_pool_size"": 74, ""candidates_after_winnow"": 2}"
tusLarge3,nl,t_93f3d6f7fc6aa6ff____c12_1____0_fair.csv,10,428,79,10,False,0.138,1.0,0.02336448598130841,0.02336448598130841,110.25259578227997,110.25259578227997,t_93f3d6f7fc6aa6ff____c12_1____3__t_93f3d6f7fc6aa6ff____c12_1____0_fair.csv;t_93f3d6f7fc6aa6ff____c12_1____3.csv;t_93f3d6f7fc6aa6ff____c12_1____1.csv;t_93f3d6f7fc6aa6ff____c14_0____0__t_93f3d6f7fc6aa6ff____c6_1____1_fair.csv;t_93f3d6f7fc6aa6ff____c14_0____0__t_93f3d6f7fc6aa6ff____c18_0____4_fair.csv;t_93f3d6f7fc6aa6ff____c14_0____0__t_93f3d6f7fc6aa6ff____c12_1____0_fair.csv;t_93f3d6f7fc6aa6ff____c15_1____0__t_93f3d6f7fc6aa6ff____c6_1____1_fair.csv;t_93f3d6f7fc6aa6ff____c15_1____0__t_93f3d6f7fc6aa6ff____c18_0____4_fair.csv;t_93f3d6f7fc6aa6ff____c14_0____0.csv;t_93f3d6f7fc6aa6ff____c12_1____2__t_93f3d6f7fc6aa6ff____c12_1____0_fair.csv,"{""needs_fairification"": true, ""success"": false, ""swaps_made"": 2, ""initial_fairness"": 0.0863, ""initial_delta"": 0.31, ""dominated_removed_count"": 65, ""dominance_candidate_pool_size"": 69, ""candidates_after_winnow"": 2}"
tusLarge3,nl,t_93f3d6f7fc6aa6ff____c12_1____0_fair.csv,20,428,79,20,False,0.0968,1.0,0.04672897196261682,0.04672897196261682,218.4596655368805,218.4596655368805,t_93f3d6f7fc6aa6ff____c12_1____3__t_93f3d6f7fc6aa6ff____c12_1____0_fair.csv;t_93f3d6f7fc6aa6ff____c12_1____3.csv;t_93f3d6f7fc6aa6ff____c12_1____1.csv;t_93f3d6f7fc6aa6ff____c14_0____0__t_93f3d6f7fc6aa6ff____c6_1____1_fair.csv;t_93f3d6f7fc6aa6ff____c14_0____0__t_93f3d6f7fc6aa6ff____c18_0____4_fair.csv;t_93f3d6f7fc6aa6ff____c14_0____0__t_93f3d6f7fc6aa6ff____c12_1____0_fair.csv;t_93f3d6f7fc6aa6ff____c15_1____0__t_93f3d6f7fc6aa6ff____c6_1____1_fair.csv;t_93f3d6f7fc6aa6ff____c15_1____0__t_93f3d6f7fc6aa6ff____c18_0____4_fair.csv;t_93f3d6f7fc6aa6ff____c15_1____0__t_93f3d6f7fc6aa6ff____c12_1____0_fair.csv;t_93f3d6f7fc6aa6ff____c14_0____0.csv;t_93f3d6f7fc6aa6ff____c12_1____1__t_93f3d6f7fc6aa6ff____c6_1____1_fair.csv;t_93f3d6f7fc6aa6ff____c12_1____1__t_93f3d6f7fc6aa6ff____c18_0____4_fair.csv;t_93f3d6f7fc6aa6ff____c12_1____1__t_93f3d6f7fc6aa6ff____c12_1____0_fair.csv;t_93f3d6f7fc6aa6ff____c13_1____3.csv;t_93f3d6f7fc6aa6ff____c12_1____2__t_93f3d6f7fc6aa6ff____c6_1____1_fair.csv;t_93f3d6f7fc6aa6ff____c12_1____2__t_93f3d6f7fc6aa6ff____c18_0____4_fair.csv;t_93f3d6f7fc6aa6ff____c12_1____2__t_93f3d6f7fc6aa6ff____c12_1____0_fair.csv;t_93f3d6f7fc6aa6ff____c13_1____3__t_93f3d6f7fc6aa6ff____c6_1____1_fair.csv;t_93f3d6f7fc6aa6ff____c12_1____2.csv;t_93f3d6f7fc6aa6ff____c15_1____3__t_93f3d6f7fc6aa6ff____c12_1____0_fair.csv,"{""needs_fairification"": true, ""success"": false, ""swaps_made"": 2, ""initial_fairness"": 0.0705, ""initial_delta"": 0.33, ""dominated_removed_count"": 55, ""dominance_candidate_pool_size"": 59, ""candidates_after_winnow"": 2}"
tusLarge3,nl,t_8f2aacee00084d17____c13_1____4_fair.csv,5,335,90,5,True,0.296,0.6,0.008955223880597015,0.014925373134328358,57.59873938560486,57.59873938560486,t_8f2aacee00084d17____c13_1____1__t_8f2aacee00084d17____c13_1____4_fair.csv;t_8f2aacee00084d17____c15_1____4__t_8f2aacee00084d17____c16_1____1_fair.csv;t_8f2aacee00084d17____c15_1____4__t_8f2aacee00084d17____c11_0____4_fair.csv;t_8f2aacee00084d17____c11_0____1__t_8f2aacee00084d17____c13_1____4_fair.csv;t_8f2aacee00084d17____c10_1____1__t_8f2aacee00084d17____c13_1____4_fair.csv,"{""needs_fairification"": true, ""success"": true, ""swaps_made"": 2, ""initial_fairness"": 0.1624, ""initial_delta"": 0.24, ""dominated_removed_count"": 78, ""dominance_candidate_pool_size"": 85, ""candidates_after_winnow"": 5}"
tusLarge3,nl,t_8f2aacee00084d17____c13_1____4_fair.csv,10,335,90,10,True,0.3033,0.9,0.026865671641791045,0.029850746268656716,116.96934932470322,116.96934932470322,t_8f2aacee00084d17____c13_1____1__t_8f2aacee00084d17____c13_1____4_fair.csv;t_8f2aacee00084d17____c15_1____4.csv;t_8f2aacee00084d17____c15_0____3__t_8f2aacee00084d17____c10_1____2_fair.csv;t_8f2aacee00084d17____c14_0____1__t_8f2aacee00084d17____c16_1____1_fair.csv;t_8f2aacee00084d17____c14_0____1__t_8f2aacee00084d17____c13_1____4_fair.csv;t_8f2aacee00084d17____c17_1____4__t_8f2aacee00084d17____c13_1____4_fair.csv;t_8f2aacee00084d17____c15_0____4__t_8f2aacee00084d17____c13_1____4_fair.csv;t_8f2aacee00084d17____c11_0____1.csv;t_8f2aacee00084d17____c11_0____1__t_8f2aacee00084d17____c13_1____4_fair.csv;t_8f2aacee00084d17____c10_1____1__t_8f2aacee00084d17____c13_1____4_fair.csv,"{""needs_fairification"": true, ""success"": true, ""swaps_made"": 5, ""initial_fairness"": 0.1328, ""initial_delta"": 0.27, ""dominated_removed_count"": 71, ""dominance_candidate_pool_size"": 80, ""candidates_after_winnow"": 4}"
tusLarge3,nl,t_8f2aacee00084d17____c13_1____4_fair.csv,20,335,90,20,False,0.1596,0.8,0.04776119402985075,0.05970149253731343,242.5081883072853,242.5081883072853,t_8f2aacee00084d17____c13_1____1__t_8f2aacee00084d17____c13_1____4_fair.csv;t_8f2aacee00084d17____c15_1____4__t_8f2aacee00084d17____c10_1____2_fair.csv;t_8f2aacee00084d17____c15_1____4.csv;t_8f2aacee00084d17____c15_0____3__t_8f2aacee00084d17____c10_1____2_fair.csv;t_8f2aacee00084d17____c14_0____1__t_8f2aacee00084d17____c16_1____1_fair.csv;t_8f2aacee00084d17____c14_0____1__t_8f2aacee00084d17____c13_1____4_fair.csv;t_8f2aacee00084d17____c14_0____1__t_8f2aacee00084d17____c11_0____4_fair.csv;t_8f2aacee00084d17____c13_0____1__t_8f2aacee00084d17____c16_1____1_fair.csv;t_8f2aacee00084d17____c13_0____1__t_8f2aacee00084d17____c13_1____4_fair.csv;t_8f2aacee00084d17____c13_0____1__t_8f2aacee00084d17____c11_0____4_fair.csv;t_8f2aacee00084d17____c13_0____1.csv;t_8f2aacee00084d17____c14_0____1.csv;t_8f2aacee00084d17____c14_1____4__t_8f2aacee00084d17____c11_0____4_fair.csv;t_8f2aacee00084d17____c15_0____3__t_8f2aacee00084d17____c16_1____1_fair.csv;t_8f2aacee00084d17____c16_0____1.csv;t_8f2aacee00084d17____c17_1____1__t_8f2aacee00084d17____c16_1____1_fair.csv;t_8f2aacee00084d17____c17_1____4__t_8f2aacee00084d17____c13_1____4_fair.csv;t_8f2aacee00084d17____c15_0____4__t_8f2aacee00084d17____c13_1____4_fair.csv;t_8f2aacee00084d17____c11_0____1__t_8f2aacee00084d17____c13_1____4_fair.csv;t_8f2aacee00084d17____c10_1____1__t_8f2aacee00084d17____c13_1____4_fair.csv,"{""needs_fairification"": true, ""success"": false, ""swaps_made"": 4, ""initial_fairness"": 0.0723, ""initial_delta"": 0.33, ""dominated_removed_count"": 62, ""dominance_candidate_pool_size"": 70, ""candidates_after_winnow"": 4}"
tusLarge3,nl,t_93f3d6f7fc6aa6ff____c6_1____1_fair.csv,5,344,169,5,True,0.3301,1.0,0.014534883720930232,0.014534883720930232,27.00405377149582,27.00405377149582,t_93f3d6f7fc6aa6ff____c6_1____3__t_93f3d6f7fc6aa6ff____c6_1____1_fair.csv;t_93f3d6f7fc6aa6ff____c6_1____0.csv;t_93f3d6f7fc6aa6ff____c6_1____0__t_93f3d6f7fc6aa6ff____c6_1____1_fair.csv;t_93f3d6f7fc6aa6ff____c6_1____4.csv;t_93f3d6f7fc6aa6ff____c6_1____2__t_93f3d6f7fc6aa6ff____c6_1____1_fair.csv,"{""needs_fairification"": true, ""success"": true, ""swaps_made"": 1, ""initial_fairness"": 0.2615, ""initial_delta"": 0.14, ""dominated_removed_count"": 155, ""dominance_candidate_pool_size"": 164, ""candidates_after_winnow"": 8}"
tusLarge3,nl,t_93f3d6f7fc6aa6ff____c6_1____1_fair.csv,10,344,169,10,True,0.2959,0.4,0.011627906976744186,0.029069767441860465,47.280229926109314,47.280229926109314,t_93f3d6f7fc6aa6ff____c6_1____3__t_93f3d6f7fc6aa6ff____c6_1____1_fair.csv;t_93f3d6f7fc6aa6ff____c6_1____0__t_93f3d6f7fc6aa6ff____c6_1____1_fair.csv;t_93f3d6f7fc6aa6ff____c6_1____4__t_93f3d6f7fc6aa6ff____c6_1____1_fair.csv;t_93f3d6f7fc6aa6ff____c6_0____3__t_93f3d6f7fc6aa6ff____c18_0____4_fair.csv;t_93f3d6f7fc6aa6ff____c6_0____3__t_93f3d6f7fc6aa6ff____c12_1____0_fair.csv;t_93f3d6f7fc6aa6ff____c6_1____2__t_93f3d6f7fc6aa6ff____c6_1____1_fair.csv;t_6c551d740feb0608____c6_1____3.csv;t_6047be0d6255e98d____c6_0____2__t_6047be0d6255e98d____c6_0____0_fair.csv;t_6047be0d6255e98d____c6_0____2.csv;CTA_Ridership_Avg_Weekday_Bus_Stop_Boardings_in_October_2012____c1_0____3.csv,"{""needs_fairification"": true, ""success"": true, ""swaps_made"": 5, ""initial_fairness"": 0.1851, ""initial_delta"": 0.21, ""dominated_removed_count"": 150, ""dominance_candidate_pool_size"": 159, ""candidates_after_winnow"": 4}"
tusLarge3,nl,t_93f3d6f7fc6aa6ff____c6_1____1_fair.csv,20,344,169,20,False,0.199,0.35,0.020348837209302327,0.05813953488372093,98.47124075889587,98.47124075889587,t_93f3d6f7fc6aa6ff____c6_1____3__t_93f3d6f7fc6aa6ff____c6_1____1_fair.csv;t_93f3d6f7fc6aa6ff____c6_1____0.csv;t_93f3d6f7fc6aa6ff____c6_1____0__t_93f3d6f7fc6aa6ff____c6_1____1_fair.csv;t_93f3d6f7fc6aa6ff____c6_1____4.csv;t_93f3d6f7fc6aa6ff____c6_1____2.csv;t_93f3d6f7fc6aa6ff____c6_1____4__t_93f3d6f7fc6aa6ff____c6_1____1_fair.csv;t_28dc8f7610402ea7____c6_0____1.csv;t_28dc8f7610402ea7____c6_0____2__t_28dc8f7610402ea7____c9_0____0_fair.csv;t_28dc8f7610402ea7____c6_0____2__t_28dc8f7610402ea7____c3_0____3_fair.csv;t_28dc8f7610402ea7____c6_0____2.csv;t_93f3d6f7fc6aa6ff____c6_1____2__t_93f3d6f7fc6aa6ff____c6_1____1_fair.csv;t_6047be0d6255e98d____c9_0____0.csv;t_93f3d6f7fc6aa6ff____c6_0____1.csv;t_28dc8f7610402ea7____c6_0____0.csv;t_6047be0d6255e98d____c7_1____0__t_6047be0d6255e98d____c6_1____1_fair.csv;t_6047be0d6255e98d____c9_0____0__t_6047be0d6255e98d____c2_0____2_fair.csv;t_6c551d740feb0608____c6_1____3.csv;t_6047be0d6255e98d____c6_0____2__t_6047be0d6255e98d____c6_0____0_fair.csv;t_6047be0d6255e98d____c6_0____2.csv;CTA_Ridership_Avg_Weekday_Bus_Stop_Boardings_in_October_2012____c1_0____3.csv,"{""needs_fairification"": true, ""success"": false, ""swaps_made"": 6, ""initial_fairness"": 0.1403, ""initial_delta"": 0.26, ""dominated_removed_count"": 143, ""dominance_candidate_pool_size"": 149, ""candidates_after_winnow"": 0}"
tusLarge3,nl,t_8e2f57ee5e3e4821____c15_0____0_fair.csv,5,174,87,5,True,0.308,1.0,0.028735632183908046,0.028735632183908046,59.02723157405853,59.02723157405853,t_8e2f57ee5e3e4821____c15_0____2__t_8e2f57ee5e3e4821____c15_0____0_fair.csv;t_8e2f57ee5e3e4821____c15_0____1.csv;t_8e2f57ee5e3e4821____c15_0____1__t_8e2f57ee5e3e4821____c15_0____0_fair.csv;t_8e2f57ee5e3e4821____c12_1____0__t_8e2f57ee5e3e4821____c15_0____0_fair.csv;t_8e2f57ee5e3e4821____c10_0____2__t_8e2f57ee5e3e4821____c15_0____0_fair.csv,"{""needs_fairification"": true, ""success"": true, ""swaps_made"": 2, ""initial_fairness"": 0.1585, ""initial_delta"": 0.24, ""dominated_removed_count"": 74, ""dominance_candidate_pool_size"": 82, ""candidates_after_winnow"": 6}"
tusLarge3,nl,t_8e2f57ee5e3e4821____c15_0____0_fair.csv,10,174,87,10,False,0.2439,1.0,0.05747126436781609,0.05747126436781609,118.85329759120941,118.85329759120941,t_8e2f57ee5e3e4821____c15_0____2__t_8e2f57ee5e3e4821____c15_0____0_fair.csv;t_8e2f57ee5e3e4821____c15_0____1.csv;t_8e2f57ee5e3e4821____c14_1____0__t_8e2f57ee5e3e4821____c14_1____3_fair.csv;t_8e2f57ee5e3e4821____c14_1____0.csv;t_8e2f57ee5e3e4821____c15_0____3__t_8e2f57ee5e3e4821____c15_0____0_fair.csv;t_8e2f57ee5e3e4821____c15_0____3.csv;t_8e2f57ee5e3e4821____c14_0____0.csv;t_8e2f57ee5e3e4821____c12_1____0__t_8e2f57ee5e3e4821____c15_0____0_fair.csv;t_8e2f57ee5e3e4821____c10_0____4.csv;t_8e2f57ee5e3e4821____c10_0____2__t_8e2f57ee5e3e4821____c15_0____0_fair.csv,"{""needs_fairification"": true, ""success"": false, ""swaps_made"": 5, ""initial_fairness"": 0.1293, ""initial_delta"": 0.27, ""dominated_removed_count"": 71, ""dominance_candidate_pool_size"": 77, ""candidates_after_winnow"": 1}"
tusLarge3,nl,t_8e2f57ee5e3e4821____c15_0____0_fair.csv,20,174,87,20,False,0.1156,1.0,0.11494252873563218,0.11494252873563218,248.71623796224594,248.71623796224594,t_8e2f57ee5e3e4821____c15_0____2__t_8e2f57ee5e3e4821____c15_0____0_fair.csv;t_8e2f57ee5e3e4821____c15_0____1.csv;t_8e2f57ee5e3e4821____c15_0____1__t_8e2f57ee5e3e4821____c14_1____3_fair.csv;t_8e2f57ee5e3e4821____c14_1____0__t_8e2f57ee5e3e4821____c15_0____0_fair.csv;t_8e2f57ee5e3e4821____c14_1____0__t_8e2f57ee5e3e4821____c14_1____3_fair.csv;t_8e2f57ee5e3e4821____c14_1____0.csv;t_8e2f57ee5e3e4821____c15_0____3__t_8e2f57ee5e3e4821____c15_0____0_fair.csv;t_8e2f57ee5e3e4821____c15_0____3__t_8e2f57ee5e3e4821____c14_1____3_fair.csv;t_8e2f57ee5e3e4821____c15_0____3.csv;t_8e2f57ee5e3e4821____c14_1____2.csv;t_8e2f57ee5e3e4821____c13_0____0.csv;t_8e2f57ee5e3e4821____c14_1____2__t_8e2f57ee5e3e4821____c15_0____0_fair.csv;t_8e2f57ee5e3e4821____c14_1____2__t_8e2f57ee5e3e4821____c14_1____3_fair.csv;t_8e2f57ee5e3e4821____c13_0____0__t_8e2f57ee5e3e4821____c15_0____0_fair.csv;t_8e2f57ee5e3e4821____c13_0____0__t_8e2f57ee5e3e4821____c14_1____3_fair.csv;t_8e2f57ee5e3e4821____c14_1____1__t_8e2f57ee5e3e4821____c15_0____0_fair.csv;t_8e2f57ee5e3e4821____c14_1____1__t_8e2f57ee5e3e4821____c14_1____3_fair.csv;t_8e2f57ee5e3e4821____c14_0____0.csv;t_8e2f57ee5e3e4821____c12_1____0__t_8e2f57ee5e3e4821____c15_0____0_fair.csv;t_8e2f57ee5e3e4821____c10_0____2__t_8e2f57ee5e3e4821____c15_0____0_fair.csv,"{""needs_fairification"": true, ""success"": false, ""swaps_made"": 3, ""initial_fairness"": 0.0675, ""initial_delta"": 0.33, ""dominated_removed_count"": 62, ""dominance_candidate_pool_size"": 67, ""candidates_after_winnow"": 2}"
tusLarge3,nl,t_bd6030667b3d0d9a____c1_0____0_fair.csv,5,114,332,5,True,0.3376,0.8,0.03508771929824561,0.043859649122807015,4.306143403053284,4.306143403053284,t_f2bc7fb748586bfa____c1_1____4__t_f2bc7fb748586bfa____c19_1____0_fair.csv;t_bd6030667b3d0d9a____c2_0____2__t_bd6030667b3d0d9a____c5_0____4_fair.csv;t_bd6030667b3d0d9a____c2_0____2__t_bd6030667b3d0d9a____c1_0____1_fair.csv;t_bd6030667b3d0d9a____c2_0____2__t_bd6030667b3d0d9a____c1_0____0_fair.csv;t_bd6030667b3d0d9a____c5_0____3__t_bd6030667b3d0d9a____c1_0____0_fair.csv,"{""needs_fairification"": true, ""success"": true, ""swaps_made"": 1, ""initial_fairness"": 0.1905, ""initial_delta"": 0.21, ""dominated_removed_count"": 313, ""dominance_candidate_pool_size"": 327, ""candidates_after_winnow"": 13}"
tusLarge3,nl,t_bd6030667b3d0d9a____c1_0____0_fair.csv,10,114,332,10,True,0.3055,1.0,0.08771929824561403,0.08771929824561403,8.634094536304474,8.634094536304474,t_bd6030667b3d0d9a____c2_0____2__t_bd6030667b3d0d9a____c5_0____4_fair.csv;t_bd6030667b3d0d9a____c2_0____2__t_bd6030667b3d0d9a____c1_0____1_fair.csv;t_bd6030667b3d0d9a____c2_0____2__t_bd6030667b3d0d9a____c1_0____0_fair.csv;t_bd6030667b3d0d9a____c2_0____3__t_bd6030667b3d0d9a____c5_0____4_fair.csv;t_bd6030667b3d0d9a____c2_0____3__t_bd6030667b3d0d9a____c1_0____1_fair.csv;t_bd6030667b3d0d9a____c2_0____3__t_bd6030667b3d0d9a____c1_0____0_fair.csv;t_bd6030667b3d0d9a____c2_0____4__t_bd6030667b3d0d9a____c5_0____4_fair.csv;t_bd6030667b3d0d9a____c2_0____4__t_bd6030667b3d0d9a____c1_0____1_fair.csv;t_bd6030667b3d0d9a____c4_1____1__t_bd6030667b3d0d9a____c1_0____0_fair.csv;t_bd6030667b3d0d9a____c5_0____3__t_bd6030667b3d0d9a____c1_0____0_fair.csv,"{""needs_fairification"": true, ""success"": true, ""swaps_made"": 2, ""initial_fairness"": 0.1507, ""initial_delta"": 0.25, ""dominated_removed_count"": 307, ""dominance_candidate_pool_size"": 322, ""candidates_after_winnow"": 13}"
tusLarge3,nl,t_bd6030667b3d0d9a____c1_0____0_fair.csv,20,114,332,20,True,0.3021,0.8,0.14035087719298245,0.17543859649122806,17.227039337158203,17.227039337158203,t_bd6030667b3d0d9a____c2_0____2__t_bd6030667b3d0d9a____c1_0____0_fair.csv;t_bd6030667b3d0d9a____c2_0____3__t_bd6030667b3d0d9a____c5_0____4_fair.csv;t_bd6030667b3d0d9a____c2_0____3__t_bd6030667b3d0d9a____c1_0____1_fair.csv;t_bd6030667b3d0d9a____c2_0____3__t_bd6030667b3d0d9a____c1_0____0_fair.csv;t_bd6030667b3d0d9a____c2_0____4__t_bd6030667b3d0d9a____c5_0____4_fair.csv;t_bd6030667b3d0d9a____c2_0____4__t_bd6030667b3d0d9a____c1_0____1_fair.csv;t_bd6030667b3d0d9a____c2_0____4__t_bd6030667b3d0d9a____c1_0____0_fair.csv;t_014c2259cce4ab13____c2_0____0__t_014c2259cce4ab13____c27_0____4_fair.csv;t_bd6030667b3d0d9a____c1_0____2__t_bd6030667b3d0d9a____c1_0____1_fair.csv;t_bd6030667b3d0d9a____c2_0____0__t_bd6030667b3d0d9a____c5_0____4_fair.csv;t_bd6030667b3d0d9a____c2_0____0__t_bd6030667b3d0d9a____c1_0____1_fair.csv;t_bd6030667b3d0d9a____c2_0____0__t_bd6030667b3d0d9a____c1_0____0_fair.csv;t_6047be0d6255e98d____c2_0____0__t_6047be0d6255e98d____c2_0____2_fair.csv;t_bd6030667b3d0d9a____c1_0____2__t_bd6030667b3d0d9a____c1_0____0_fair.csv;t_6047be0d6255e98d____c2_0____0__t_6047be0d6255e98d____c6_1____1_fair.csv;t_6047be0d6255e98d____c2_0____3__t_6047be0d6255e98d____c2_0____2_fair.csv;t_bd6030667b3d0d9a____c4_0____3__t_bd6030667b3d0d9a____c1_0____0_fair.csv;t_bd6030667b3d0d9a____c4_0____1__t_bd6030667b3d0d9a____c1_0____0_fair.csv;t_bd6030667b3d0d9a____c4_1____1__t_bd6030667b3d0d9a____c1_0____0_fair.csv;t_bd6030667b3d0d9a____c5_0____3__t_bd6030667b3d0d9a____c1_0____0_fair.csv,"{""needs_fairification"": true, ""success"": true, ""swaps_made"": 4, ""initial_fairness"": 0.1418, ""initial_delta"": 0.26, ""dominated_removed_count"": 299, ""dominance_candidate_pool_size"": 312, ""candidates_after_winnow"": 9}"
tusLarge3,nl,t_bd6030667b3d0d9a____c1_0____1_fair.csv,5,114,274,5,True,0.3567,1.0,0.043859649122807015,0.043859649122807015,4.4942527413368225,4.4942527413368225,t_bd6030667b3d0d9a____c1_0____2__t_bd6030667b3d0d9a____c1_0____1_fair.csv;t_bd6030667b3d0d9a____c2_0____4__t_bd6030667b3d0d9a____c5_0____4_fair.csv;t_bd6030667b3d0d9a____c2_0____4__t_bd6030667b3d0d9a____c1_0____1_fair.csv;t_bd6030667b3d0d9a____c2_0____4__t_bd6030667b3d0d9a____c1_0____0_fair.csv;t_bd6030667b3d0d9a____c5_0____3__t_bd6030667b3d0d9a____c1_0____1_fair.csv,"{""needs_fairification"": true, ""success"": true, ""swaps_made"": 1, ""initial_fairness"": 0.2273, ""initial_delta"": 0.17, ""dominated_removed_count"": 257, ""dominance_candidate_pool_size"": 269, ""candidates_after_winnow"": 11}"
tusLarge3,nl,t_bd6030667b3d0d9a____c1_0____1_fair.csv,10,114,274,10,True,0.3014,1.0,0.08771929824561403,0.08771929824561403,9.082153379917145,9.082153379917145,t_bd6030667b3d0d9a____c1_0____2__t_bd6030667b3d0d9a____c1_0____1_fair.csv;t_bd6030667b3d0d9a____c2_0____4__t_bd6030667b3d0d9a____c5_0____4_fair.csv;t_bd6030667b3d0d9a____c2_0____4__t_bd6030667b3d0d9a____c1_0____1_fair.csv;t_bd6030667b3d0d9a____c2_0____4__t_bd6030667b3d0d9a____c1_0____0_fair.csv;t_bd6030667b3d0d9a____c2_0____3__t_bd6030667b3d0d9a____c5_0____4_fair.csv;t_bd6030667b3d0d9a____c2_0____3__t_bd6030667b3d0d9a____c1_0____1_fair.csv;t_bd6030667b3d0d9a____c2_0____3__t_bd6030667b3d0d9a____c1_0____0_fair.csv;t_bd6030667b3d0d9a____c2_0____2__t_bd6030667b3d0d9a____c5_0____4_fair.csv;t_bd6030667b3d0d9a____c2_0____2__t_bd6030667b3d0d9a____c1_0____1_fair.csv;t_bd6030667b3d0d9a____c5_0____3__t_bd6030667b3d0d9a____c1_0____1_fair.csv,"{""needs_fairification"": true, ""success"": true, ""swaps_made"": 1, ""initial_fairness"": 0.2138, ""initial_delta"": 0.19, ""dominated_removed_count"": 252, ""dominance_candidate_pool_size"": 264, ""candidates_after_winnow"": 11}"
tusLarge3,nl,t_bd6030667b3d0d9a____c1_0____1_fair.csv,20,114,274,20,True,0.3216,1.0,0.17543859649122806,0.17543859649122806,17.984330356121063,17.984330356121063,t_bd6030667b3d0d9a____c1_0____2__t_bd6030667b3d0d9a____c1_0____1_fair.csv;t_bd6030667b3d0d9a____c2_0____4__t_bd6030667b3d0d9a____c1_0____1_fair.csv;t_bd6030667b3d0d9a____c2_0____3__t_bd6030667b3d0d9a____c5_0____4_fair.csv;t_bd6030667b3d0d9a____c2_0____3__t_bd6030667b3d0d9a____c1_0____1_fair.csv;t_bd6030667b3d0d9a____c2_0____3__t_bd6030667b3d0d9a____c1_0____0_fair.csv;t_bd6030667b3d0d9a____c2_0____2__t_bd6030667b3d0d9a____c5_0____4_fair.csv;t_bd6030667b3d0d9a____c2_0____2__t_bd6030667b3d0d9a____c1_0____1_fair.csv;t_bd6030667b3d0d9a____c2_0____2__t_bd6030667b3d0d9a____c1_0____0_fair.csv;t_bd6030667b3d0d9a____c1_0____4__t_bd6030667b3d0d9a____c1_0____1_fair.csv;t_bd6030667b3d0d9a____c2_0____0__t_bd6030667b3d0d9a____c5_0____4_fair.csv;t_bd6030667b3d0d9a____c2_0____0__t_bd6030667b3d0d9a____c1_0____1_fair.csv;t_bd6030667b3d0d9a____c2_0____0__t_bd6030667b3d0d9a____c1_0____0_fair.csv;t_bd6030667b3d0d9a____c2_0____1__t_bd6030667b3d0d9a____c5_0____4_fair.csv;t_bd6030667b3d0d9a____c2_0____1__t_bd6030667b3d0d9a____c1_0____1_fair.csv;t_bd6030667b3d0d9a____c2_0____1__t_bd6030667b3d0d9a____c1_0____0_fair.csv;t_bd6030667b3d0d9a____c1_0____3__t_bd6030667b3d0d9a____c1_0____1_fair.csv;t_bd6030667b3d0d9a____c1_0____4__t_bd6030667b3d0d9a____c1_0____0_fair.csv;t_bd6030667b3d0d9a____c4_1____3__t_bd6030667b3d0d9a____c1_0____1_fair.csv;t_bd6030667b3d0d9a____c4_1____0__t_bd6030667b3d0d9a____c1_0____1_fair.csv;t_bd6030667b3d0d9a____c5_0____3__t_bd6030667b3d0d9a____c1_0____1_fair.csv,"{""needs_fairification"": true, ""success"": true, ""swaps_made"": 3, ""initial_fairness"": 0.1975, ""initial_delta"": 0.2, ""dominated_removed_count"": 243, ""dominance_candidate_pool_size"": 254, ""candidates_after_winnow"": 8}"
tusLarge3,nl,t_8b2f04db4903263f____c18_1____2_fair.csv,5,409,77,5,True,0.3145,1.0,0.012224938875305624,0.012224938875305624,78.47647935152054,78.47647935152054,t_8b2f04db4903263f____c19_0____2__t_8b2f04db4903263f____c18_1____2_fair.csv;t_8b2f04db4903263f____c19_0____2__t_8b2f04db4903263f____c13_0____2_fair.csv;t_8b2f04db4903263f____c17_0____2__t_8b2f04db4903263f____c9_1____1_fair.csv;t_8b2f04db4903263f____c17_1____2__t_8b2f04db4903263f____c18_1____2_fair.csv;t_8b2f04db4903263f____c15_0____2__t_8b2f04db4903263f____c18_1____2_fair.csv,"{""needs_fairification"": true, ""success"": true, ""swaps_made"": 2, ""initial_fairness"": 0.193, ""initial_delta"": 0.21, ""dominated_removed_count"": 65, ""dominance_candidate_pool_size"": 72, ""candidates_after_winnow"": 5}"
tusLarge3,nl,t_8b2f04db4903263f____c18_1____2_fair.csv,10,409,77,10,False,0.2156,1.0,0.02444987775061125,0.02444987775061125,153.65339720249176,153.65339720249176,t_8b2f04db4903263f____c19_0____2__t_8b2f04db4903263f____c18_1____2_fair.csv;t_8b2f04db4903263f____c17_0____2__t_8b2f04db4903263f____c8_0____0_fair.csv;t_8b2f04db4903263f____c17_0____2__t_8b2f04db4903263f____c18_1____2_fair.csv;t_8b2f04db4903263f____c18_0____2__t_8b2f04db4903263f____c8_0____0_fair.csv;t_8b2f04db4903263f____c18_0____2__t_8b2f04db4903263f____c13_0____2_fair.csv;t_8b2f04db4903263f____c19_0____2__t_8b2f04db4903263f____c9_1____1_fair.csv;t_8b2f04db4903263f____c18_0____2.csv;t_8b2f04db4903263f____c17_1____2__t_8b2f04db4903263f____c18_1____2_fair.csv;t_8b2f04db4903263f____c15_0____2__t_8b2f04db4903263f____c18_1____2_fair.csv;t_8b2f04db4903263f____c11_0____0__t_8b2f04db4903263f____c18_1____2_fair.csv,"{""needs_fairification"": true, ""success"": false, ""swaps_made"": 5, ""initial_fairness"": 0.1056, ""initial_delta"": 0.29, ""dominated_removed_count"": 62, ""dominance_candidate_pool_size"": 67, ""candidates_after_winnow"": 0}"
tusLarge3,nl,t_8b2f04db4903263f____c18_1____2_fair.csv,20,409,77,20,False,0.1217,1.0,0.0488997555012225,0.0488997555012225,311.8942775130272,311.8942775130272,t_8b2f04db4903263f____c19_0____2__t_8b2f04db4903263f____c18_1____2_fair.csv;t_8b2f04db4903263f____c17_0____2__t_8b2f04db4903263f____c9_1____1_fair.csv;t_8b2f04db4903263f____c17_0____2__t_8b2f04db4903263f____c8_0____0_fair.csv;t_8b2f04db4903263f____c17_0____2__t_8b2f04db4903263f____c18_1____2_fair.csv;t_8b2f04db4903263f____c17_0____2__t_8b2f04db4903263f____c13_0____2_fair.csv;t_8b2f04db4903263f____c18_0____2__t_8b2f04db4903263f____c8_0____0_fair.csv;t_8b2f04db4903263f____c18_0____2__t_8b2f04db4903263f____c13_0____2_fair.csv;t_8b2f04db4903263f____c19_0____2__t_8b2f04db4903263f____c9_1____1_fair.csv;t_8b2f04db4903263f____c18_0____2.csv;t_8b2f04db4903263f____c17_0____2.csv;t_8b2f04db4903263f____c18_0____0__t_8b2f04db4903263f____c18_1____2_fair.csv;t_8b2f04db4903263f____c19_0____2.csv;t_8b2f04db4903263f____c18_0____2__t_8b2f04db4903263f____c18_1____2_fair.csv;t_8b2f04db4903263f____c17_1____2__t_8b2f04db4903263f____c10_0____0_fair.csv;t_8b2f04db4903263f____c17_1____2__t_8b2f04db4903263f____c8_0____0_fair.csv;t_8b2f04db4903263f____c17_0____2__t_8b2f04db4903263f____c10_0____0_fair.csv;t_8b2f04db4903263f____c17_1____2__t_8b2f04db4903263f____c9_1____1_fair.csv;t_8b2f04db4903263f____c17_1____2__t_8b2f04db4903263f____c18_1____2_fair.csv;t_8b2f04db4903263f____c15_0____2__t_8b2f04db4903263f____c18_1____2_fair.csv;t_8b2f04db4903263f____c11_0____0__t_8b2f04db4903263f____c18_1____2_fair.csv,"{""needs_fairification"": true, ""success"": false, ""swaps_made"": 3, ""initial_fairness"": 0.0697, ""initial_delta"": 0.33, ""dominated_removed_count"": 54, ""dominance_candidate_pool_size"": 57, ""candidates_after_winnow"": 0}"
tusLarge3,nl,t_bd6030667b3d0d9a____c3_0____3_fair.csv,5,98,260,5,True,0.3341,0.8,0.04081632653061224,0.05102040816326531,13.654461562633514,13.654461562633514,t_bd6030667b3d0d9a____c3_0____4__t_bd6030667b3d0d9a____c3_0____3_fair.csv;t_bd6030667b3d0d9a____c3_1____2__t_bd6030667b3d0d9a____c5_0____4_fair.csv;t_bd6030667b3d0d9a____c4_1____3__t_bd6030667b3d0d9a____c3_0____3_fair.csv;t_bd6030667b3d0d9a____c5_1____4__t_bd6030667b3d0d9a____c3_0____3_fair.csv;t_bd6030667b3d0d9a____c6_0____1__t_bd6030667b3d0d9a____c3_0____3_fair.csv,"{""needs_fairification"": true, ""success"": true, ""swaps_made"": 2, ""initial_fairness"": 0.1931, ""initial_delta"": 0.21, ""dominated_removed_count"": 241, ""dominance_candidate_pool_size"": 255, ""candidates_after_winnow"": 12}"
tusLarge3,nl,t_bd6030667b3d0d9a____c3_0____3_fair.csv,10,98,260,10,True,0.3022,0.8,0.08163265306122448,0.10204081632653061,27.346119940280914,27.346119940280914,t_bd6030667b3d0d9a____c3_0____4__t_bd6030667b3d0d9a____c3_0____3_fair.csv;t_bd6030667b3d0d9a____c4_1____3__t_bd6030667b3d0d9a____c1_0____1_fair.csv;t_bd6030667b3d0d9a____c4_1____3__t_bd6030667b3d0d9a____c1_0____0_fair.csv;t_bd6030667b3d0d9a____c3_0____2__t_bd6030667b3d0d9a____c3_0____3_fair.csv;t_bd6030667b3d0d9a____c3_1____1__t_bd6030667b3d0d9a____c5_0____4_fair.csv;t_bd6030667b3d0d9a____c4_0____3__t_bd6030667b3d0d9a____c1_0____1_fair.csv;t_bd6030667b3d0d9a____c5_0____3__t_bd6030667b3d0d9a____c3_0____3_fair.csv;t_bd6030667b3d0d9a____c5_1____4__t_bd6030667b3d0d9a____c3_0____3_fair.csv;t_bd6030667b3d0d9a____c5_1____1__t_bd6030667b3d0d9a____c3_0____3_fair.csv;t_bd6030667b3d0d9a____c6_0____1__t_bd6030667b3d0d9a____c3_0____3_fair.csv,"{""needs_fairification"": true, ""success"": true, ""swaps_made"": 4, ""initial_fairness"": 0.1382, ""initial_delta"": 0.26, ""dominated_removed_count"": 236, ""dominance_candidate_pool_size"": 250, ""candidates_after_winnow"": 10}"
tusLarge3,nl,t_bd6030667b3d0d9a____c3_0____3_fair.csv,20,98,260,20,True,0.3092,0.8,0.16326530612244897,0.20408163265306123,53.55621945858002,53.55621945858002,t_bd6030667b3d0d9a____c3_0____4__t_bd6030667b3d0d9a____c3_0____3_fair.csv;t_bd6030667b3d0d9a____c3_0____2__t_bd6030667b3d0d9a____c3_0____3_fair.csv;t_bd6030667b3d0d9a____c4_0____3__t_bd6030667b3d0d9a____c1_0____0_fair.csv;t_bd6030667b3d0d9a____c4_1____3.csv;t_bd6030667b3d0d9a____c3_0____2.csv;t_bd6030667b3d0d9a____c3_1____1.csv;t_bd6030667b3d0d9a____c3_0____1__t_bd6030667b3d0d9a____c3_0____3_fair.csv;t_bd6030667b3d0d9a____c3_0____1.csv;t_bd6030667b3d0d9a____c4_0____3__t_bd6030667b3d0d9a____c5_0____4_fair.csv;t_bd6030667b3d0d9a____c4_0____3.csv;t_bd6030667b3d0d9a____c4_1____1__t_bd6030667b3d0d9a____c3_0____3_fair.csv;t_bd6030667b3d0d9a____c4_1____1__t_bd6030667b3d0d9a____c1_0____1_fair.csv;t_bd6030667b3d0d9a____c3_0____0__t_bd6030667b3d0d9a____c3_0____3_fair.csv;t_bd6030667b3d0d9a____c5_0____1__t_bd6030667b3d0d9a____c3_0____3_fair.csv;t_bd6030667b3d0d9a____c5_0____3__t_bd6030667b3d0d9a____c3_0____3_fair.csv;t_bd6030667b3d0d9a____c5_1____4__t_bd6030667b3d0d9a____c3_0____3_fair.csv;t_bd6030667b3d0d9a____c5_1____1__t_bd6030667b3d0d9a____c3_0____3_fair.csv;t_bd6030667b3d0d9a____c4_1____4__t_bd6030667b3d0d9a____c3_0____3_fair.csv;t_bd6030667b3d0d9a____c6_0____1__t_bd6030667b3d0d9a____c3_0____3_fair.csv;t_bd6030667b3d0d9a____c2_1____3__t_bd6030667b3d0d9a____c3_0____3_fair.csv,"{""needs_fairification"": true, ""success"": true, ""swaps_made"": 8, ""initial_fairness"": 0.1313, ""initial_delta"": 0.27, ""dominated_removed_count"": 225, ""dominance_candidate_pool_size"": 240, ""candidates_after_winnow"": 7}"
tusLarge3,nl,t_b28ed28824886b47____c8_0____3_fair.csv,5,219,115,5,False,0.207,0.8,0.0182648401826484,0.0228310502283105,37.358422458171844,37.358422458171844,t_b28ed28824886b47____c8_0____2__t_b28ed28824886b47____c8_0____3_fair.csv;t_b28ed28824886b47____c11_0____2__t_b28ed28824886b47____c11_1____3_fair.csv;t_b28ed28824886b47____c8_0____2.csv;t_b28ed28824886b47____c8_0____4__t_b28ed28824886b47____c8_0____3_fair.csv;t_6047be0d6255e98d____c10_0____2.csv,"{""needs_fairification"": true, ""success"": false, ""swaps_made"": 4, ""initial_fairness"": 0.1168, ""initial_delta"": 0.28, ""dominated_removed_count"": 106, ""dominance_candidate_pool_size"": 110, ""candidates_after_winnow"": 0}"
tusLarge3,nl,t_b28ed28824886b47____c8_0____3_fair.csv,10,219,115,10,False,0.1224,0.9,0.0410958904109589,0.045662100456621,74.96309059858322,74.96309059858322,t_b28ed28824886b47____c8_0____2__t_b28ed28824886b47____c8_0____3_fair.csv;t_b28ed28824886b47____c8_0____0__t_b28ed28824886b47____c11_1____3_fair.csv;t_b28ed28824886b47____c8_0____0__t_b28ed28824886b47____c8_0____3_fair.csv;t_b28ed28824886b47____c8_0____2.csv;t_b28ed28824886b47____c10_0____2__t_b28ed28824886b47____c11_1____3_fair.csv;t_b28ed28824886b47____c8_0____0.csv;t_b28ed28824886b47____c11_0____2.csv;t_b28ed28824886b47____c8_0____4.csv;t_b28ed28824886b47____c8_0____4__t_b28ed28824886b47____c8_0____3_fair.csv;t_6047be0d6255e98d____c10_0____2.csv,"{""needs_fairification"": true, ""success"": false, ""swaps_made"": 4, ""initial_fairness"": 0.0582, ""initial_delta"": 0.34, ""dominated_removed_count"": 101, ""dominance_candidate_pool_size"": 105, ""candidates_after_winnow"": 0}"
tusLarge3,nl,t_b28ed28824886b47____c8_0____3_fair.csv,20,219,115,20,False,0.0406,1.0,0.091324200913242,0.091324200913242,150.04703563451767,150.04703563451767,t_b28ed28824886b47____c8_0____2__t_b28ed28824886b47____c8_0____3_fair.csv;t_b28ed28824886b47____c8_0____0__t_b28ed28824886b47____c11_1____3_fair.csv;t_b28ed28824886b47____c8_0____0__t_b28ed28824886b47____c8_0____3_fair.csv;t_b28ed28824886b47____c11_0____2__t_b28ed28824886b47____c8_0____3_fair.csv;t_b28ed28824886b47____c11_0____2__t_b28ed28824886b47____c11_1____3_fair.csv;t_b28ed28824886b47____c8_0____2.csv;t_b28ed28824886b47____c10_0____2__t_b28ed28824886b47____c8_0____3_fair.csv;t_b28ed28824886b47____c10_0____2__t_b28ed28824886b47____c11_1____3_fair.csv;t_b28ed28824886b47____c8_0____0.csv;t_b28ed28824886b47____c11_0____2.csv;t_b28ed28824886b47____c12_0____2__t_b28ed28824886b47____c8_0____3_fair.csv;t_b28ed28824886b47____c12_0____2__t_b28ed28824886b47____c11_1____3_fair.csv;t_b28ed28824886b47____c8_0____4.csv;t_b28ed28824886b47____c10_0____3__t_b28ed28824886b47____c8_0____3_fair.csv;t_b28ed28824886b47____c10_0____3__t_b28ed28824886b47____c11_1____3_fair.csv;t_b28ed28824886b47____c10_0____3.csv;t_b28ed28824886b47____c12_0____2.csv;t_b28ed28824886b47____c12_0____3__t_b28ed28824886b47____c8_0____3_fair.csv;t_b28ed28824886b47____c12_0____3__t_b28ed28824886b47____c11_1____3_fair.csv;t_b28ed28824886b47____c8_0____4__t_b28ed28824886b47____c8_0____3_fair.csv,"{""needs_fairification"": true, ""success"": false, ""swaps_made"": 1, ""initial_fairness"": 0.0272, ""initial_delta"": 0.37, ""dominated_removed_count"": 93, ""dominance_candidate_pool_size"": 95, ""candidates_after_winnow"": 1}"
tusLarge3,nl,t_bd6030667b3d0d9a____c5_0____4_fair.csv,5,120,228,5,True,0.311,1.0,0.041666666666666664,0.041666666666666664,22.60699850320816,22.60699850320816,t_bd6030667b3d0d9a____c5_1____3__t_bd6030667b3d0d9a____c5_0____4_fair.csv;t_bd6030667b3d0d9a____c5_1____3__t_bd6030667b3d0d9a____c3_0____3_fair.csv;t_bd6030667b3d0d9a____c6_0____3.csv;t_bd6030667b3d0d9a____c5_1____4.csv;t_bd6030667b3d0d9a____c5_1____0__t_bd6030667b3d0d9a____c5_0____4_fair.csv,"{""needs_fairification"": true, ""success"": true, ""swaps_made"": 1, ""initial_fairness"": 0.2802, ""initial_delta"": 0.12, ""dominated_removed_count"": 199, ""dominance_candidate_pool_size"": 223, ""candidates_after_winnow"": 23}"
tusLarge3,nl,t_bd6030667b3d0d9a____c5_0____4_fair.csv,10,120,228,10,True,0.3329,1.0,0.08333333333333333,0.08333333333333333,42.21978455781937,42.21978455781937,t_bd6030667b3d0d9a____c5_1____3__t_bd6030667b3d0d9a____c5_0____4_fair.csv;t_bd6030667b3d0d9a____c6_0____3__t_bd6030667b3d0d9a____c1_0____0_fair.csv;t_bd6030667b3d0d9a____c6_0____3__t_bd6030667b3d0d9a____c5_0____4_fair.csv;t_bd6030667b3d0d9a____c5_1____4__t_bd6030667b3d0d9a____c5_0____4_fair.csv;t_bd6030667b3d0d9a____c5_1____2__t_bd6030667b3d0d9a____c5_0____4_fair.csv;t_bd6030667b3d0d9a____c5_0____0__t_bd6030667b3d0d9a____c5_0____4_fair.csv;t_bd6030667b3d0d9a____c5_1____0__t_bd6030667b3d0d9a____c5_0____4_fair.csv;t_bd6030667b3d0d9a____c4_0____3__t_bd6030667b3d0d9a____c5_0____4_fair.csv;t_bd6030667b3d0d9a____c4_0____1__t_bd6030667b3d0d9a____c5_0____4_fair.csv;t_bd6030667b3d0d9a____c4_0____0__t_bd6030667b3d0d9a____c5_0____4_fair.csv,"{""needs_fairification"": true, ""success"": true, ""swaps_made"": 6, ""initial_fairness"": 0.1705, ""initial_delta"": 0.23, ""dominated_removed_count"": 196, ""dominance_candidate_pool_size"": 218, ""candidates_after_winnow"": 16}"
tusLarge3,nl,t_bd6030667b3d0d9a____c5_0____4_fair.csv,20,120,228,20,True,0.3078,1.0,0.16666666666666666,0.16666666666666666,84.6986848115921,84.6986848115921,t_bd6030667b3d0d9a____c5_1____3__t_bd6030667b3d0d9a____c5_0____4_fair.csv;t_bd6030667b3d0d9a____c5_1____3__t_bd6030667b3d0d9a____c3_0____3_fair.csv;t_bd6030667b3d0d9a____c6_0____3__t_bd6030667b3d0d9a____c5_0____4_fair.csv;t_bd6030667b3d0d9a____c5_1____4__t_bd6030667b3d0d9a____c5_0____4_fair.csv;t_bd6030667b3d0d9a____c5_1____2__t_bd6030667b3d0d9a____c5_0____4_fair.csv;t_bd6030667b3d0d9a____c5_1____1.csv;t_bd6030667b3d0d9a____c5_0____1.csv;t_bd6030667b3d0d9a____c5_1____4__t_bd6030667b3d0d9a____c3_0____3_fair.csv;t_bd6030667b3d0d9a____c6_0____4__t_bd6030667b3d0d9a____c5_0____4_fair.csv;t_bd6030667b3d0d9a____c5_1____1__t_bd6030667b3d0d9a____c5_0____4_fair.csv;t_bd6030667b3d0d9a____c5_1____1__t_bd6030667b3d0d9a____c3_0____3_fair.csv;t_bd6030667b3d0d9a____c6_0____1.csv;t_bd6030667b3d0d9a____c5_0____1__t_bd6030667b3d0d9a____c5_0____4_fair.csv;t_bd6030667b3d0d9a____c5_0____1__t_bd6030667b3d0d9a____c3_0____3_fair.csv;t_bd6030667b3d0d9a____c5_0____0__t_bd6030667b3d0d9a____c5_0____4_fair.csv;t_bd6030667b3d0d9a____c5_1____0__t_bd6030667b3d0d9a____c5_0____4_fair.csv;t_bd6030667b3d0d9a____c4_0____3__t_bd6030667b3d0d9a____c5_0____4_fair.csv;t_bd6030667b3d0d9a____c4_0____1__t_bd6030667b3d0d9a____c5_0____4_fair.csv;t_bd6030667b3d0d9a____c4_0____0__t_bd6030667b3d0d9a____c5_0____4_fair.csv;t_bd6030667b3d0d9a____c2_0____4__t_bd6030667b3d0d9a____c1_0____1_fair.csv,"{""needs_fairification"": true, ""success"": true, ""swaps_made"": 6, ""initial_fairness"": 0.2065, ""initial_delta"": 0.19, ""dominated_removed_count"": 186, ""dominance_candidate_pool_size"": 208, ""candidates_after_winnow"": 16}"
tusLarge3,nl,t_8f2aacee00084d17____c16_1____1_fair.csv,5,371,80,5,True,0.2994,1.0,0.013477088948787063,0.013477088948787063,68.21329534053802,68.21329534053802,t_8f2aacee00084d17____c17_1____1__t_8f2aacee00084d17____c10_1____2_fair.csv;t_8f2aacee00084d17____c17_1____3__t_8f2aacee00084d17____c13_1____4_fair.csv;t_8f2aacee00084d17____c16_1____4__t_8f2aacee00084d17____c16_1____1_fair.csv;t_8f2aacee00084d17____c13_0____1__t_8f2aacee00084d17____c16_1____1_fair.csv;t_8f2aacee00084d17____c10_0____1__t_8f2aacee00084d17____c16_1____1_fair.csv,"{""needs_fairification"": true, ""success"": true, ""swaps_made"": 3, ""initial_fairness"": 0.0725, ""initial_delta"": 0.33, ""dominated_removed_count"": 67, ""dominance_candidate_pool_size"": 75, ""candidates_after_winnow"": 5}"
tusLarge3,nl,t_8f2aacee00084d17____c16_1____1_fair.csv,10,371,80,10,False,0.2855,0.9,0.02425876010781671,0.026954177897574125,138.79201275110245,138.79201275110245,t_8f2aacee00084d17____c17_1____1.csv;t_8f2aacee00084d17____c17_1____3__t_8f2aacee00084d17____c16_1____1_fair.csv;t_8f2aacee00084d17____c17_1____3.csv;t_8f2aacee00084d17____c16_0____1.csv;t_8f2aacee00084d17____c16_1____4__t_8f2aacee00084d17____c16_1____1_fair.csv;t_8f2aacee00084d17____c14_0____1.csv;t_8f2aacee00084d17____c14_0____1__t_8f2aacee00084d17____c16_1____1_fair.csv;t_8f2aacee00084d17____c14_0____3__t_8f2aacee00084d17____c16_1____1_fair.csv;t_8f2aacee00084d17____c13_0____1__t_8f2aacee00084d17____c16_1____1_fair.csv;t_8f2aacee00084d17____c10_0____1__t_8f2aacee00084d17____c16_1____1_fair.csv,"{""needs_fairification"": true, ""success"": false, ""swaps_made"": 7, ""initial_fairness"": 0.0429, ""initial_delta"": 0.36, ""dominated_removed_count"": 63, ""dominance_candidate_pool_size"": 70, ""candidates_after_winnow"": 0}"
tusLarge3,nl,t_8f2aacee00084d17____c16_1____1_fair.csv,20,371,80,20,False,0.1887,0.75,0.04043126684636118,0.05390835579514825,289.6173830628395,289.6173830628395,t_8f2aacee00084d17____c17_1____1.csv;t_8f2aacee00084d17____c17_1____3__t_8f2aacee00084d17____c10_1____2_fair.csv;t_8f2aacee00084d17____c17_1____3__t_8f2aacee00084d17____c16_1____1_fair.csv;t_8f2aacee00084d17____c17_1____3.csv;t_8f2aacee00084d17____c16_0____1.csv;t_8f2aacee00084d17____c18_0____1.csv;t_8f2aacee00084d17____c16_0____1__t_8f2aacee00084d17____c10_1____2_fair.csv;t_8f2aacee00084d17____c18_0____1__t_8f2aacee00084d17____c13_1____4_fair.csv;t_8f2aacee00084d17____c18_0____1__t_8f2aacee00084d17____c10_1____2_fair.csv;t_8f2aacee00084d17____c16_1____4__t_8f2aacee00084d17____c16_1____1_fair.csv;t_8f2aacee00084d17____c16_1____4__t_8f2aacee00084d17____c13_1____4_fair.csv;t_8f2aacee00084d17____c16_1____4__t_8f2aacee00084d17____c11_0____4_fair.csv;t_8f2aacee00084d17____c16_1____4__t_8f2aacee00084d17____c10_1____2_fair.csv;t_8f2aacee00084d17____c18_1____1__t_8f2aacee00084d17____c16_1____1_fair.csv;t_8f2aacee00084d17____c15_0____1__t_8f2aacee00084d17____c16_1____1_fair.csv;t_8f2aacee00084d17____c14_0____1.csv;t_8f2aacee00084d17____c14_0____1__t_8f2aacee00084d17____c16_1____1_fair.csv;t_8f2aacee00084d17____c14_0____3__t_8f2aacee00084d17____c16_1____1_fair.csv;t_8f2aacee00084d17____c13_0____1__t_8f2aacee00084d17____c16_1____1_fair.csv;t_8f2aacee00084d17____c10_0____1__t_8f2aacee00084d17____c16_1____1_fair.csv,"{""needs_fairification"": true, ""success"": false, ""swaps_made"": 6, ""initial_fairness"": 0.0711, ""initial_delta"": 0.33, ""dominated_removed_count"": 50, ""dominance_candidate_pool_size"": 60, ""candidates_after_winnow"": 4}"
tusLarge3,nl,t_b28ed28824886b47____c11_1____3_fair.csv,5,219,108,5,True,0.3142,1.0,0.0228310502283105,0.0228310502283105,49.17947161197662,49.17947161197662,t_b28ed28824886b47____c11_1____1.csv;t_b28ed28824886b47____c11_1____1__t_b28ed28824886b47____c8_0____3_fair.csv;t_b28ed28824886b47____c11_1____1__t_b28ed28824886b47____c11_1____3_fair.csv;t_b28ed28824886b47____c11_0____0__t_b28ed28824886b47____c11_1____3_fair.csv;t_b28ed28824886b47____c9_0____1__t_b28ed28824886b47____c11_1____3_fair.csv,"{""needs_fairification"": true, ""success"": true, ""swaps_made"": 3, ""initial_fairness"": 0.0953, ""initial_delta"": 0.3, ""dominated_removed_count"": 92, ""dominance_candidate_pool_size"": 103, ""candidates_after_winnow"": 8}"
tusLarge3,nl,t_b28ed28824886b47____c11_1____3_fair.csv,10,219,108,10,True,0.3158,1.0,0.045662100456621,0.045662100456621,84.0843716263771,84.0843716263771,t_b28ed28824886b47____c11_1____1__t_b28ed28824886b47____c11_1____3_fair.csv;t_b28ed28824886b47____c11_0____3.csv;t_b28ed28824886b47____c12_1____1.csv;t_b28ed28824886b47____c11_1____2__t_b28ed28824886b47____c11_1____3_fair.csv;t_b28ed28824886b47____c11_0____0__t_b28ed28824886b47____c11_1____3_fair.csv;t_b28ed28824886b47____c9_0____1__t_b28ed28824886b47____c11_1____3_fair.csv;t_b28ed28824886b47____c8_0____1.csv;t_b28ed28824886b47____c8_0____0.csv;t_b28ed28824886b47____c6_0____1.csv;t_b28ed28824886b47____c6_0____1__t_b28ed28824886b47____c11_1____3_fair.csv,"{""needs_fairification"": true, ""success"": true, ""swaps_made"": 7, ""initial_fairness"": 0.0967, ""initial_delta"": 0.3, ""dominated_removed_count"": 86, ""dominance_candidate_pool_size"": 98, ""candidates_after_winnow"": 5}"
tusLarge3,nl,t_b28ed28824886b47____c11_1____3_fair.csv,20,219,108,20,False,0.146,1.0,0.091324200913242,0.091324200913242,190.07655358314514,190.07655358314514,t_b28ed28824886b47____c11_1____1__t_b28ed28824886b47____c11_1____3_fair.csv;t_b28ed28824886b47____c11_0____3__t_b28ed28824886b47____c11_1____3_fair.csv;t_b28ed28824886b47____c11_0____3.csv;t_b28ed28824886b47____c12_1____1.csv;t_b28ed28824886b47____c12_1____1__t_b28ed28824886b47____c11_1____3_fair.csv;t_b28ed28824886b47____c12_0____3.csv;t_b28ed28824886b47____c11_0____1.csv;t_b28ed28824886b47____c13_0____3.csv;t_b28ed28824886b47____c12_0____3__t_b28ed28824886b47____c8_0____3_fair.csv;t_b28ed28824886b47____c12_0____3__t_b28ed28824886b47____c11_1____3_fair.csv;t_b28ed28824886b47____c11_0____1__t_b28ed28824886b47____c8_0____3_fair.csv;t_b28ed28824886b47____c11_0____1__t_b28ed28824886b47____c11_1____3_fair.csv;t_b28ed28824886b47____c13_0____3__t_b28ed28824886b47____c8_0____3_fair.csv;t_b28ed28824886b47____c11_1____2__t_b28ed28824886b47____c11_1____3_fair.csv;t_b28ed28824886b47____c11_0____0__t_b28ed28824886b47____c11_1____3_fair.csv;t_b28ed28824886b47____c11_0____2.csv;t_b28ed28824886b47____c9_0____1__t_b28ed28824886b47____c11_1____3_fair.csv;t_b28ed28824886b47____c8_0____0.csv;t_b28ed28824886b47____c6_0____1.csv;t_b28ed28824886b47____c6_0____1__t_b28ed28824886b47____c11_1____3_fair.csv,"{""needs_fairification"": true, ""success"": false, ""swaps_made"": 7, ""initial_fairness"": 0.0507, ""initial_delta"": 0.35, ""dominated_removed_count"": 78, ""dominance_candidate_pool_size"": 88, ""candidates_after_winnow"": 3}"
tusLarge3,nl,t_c701386b7c10b107____c3_0____0_fair.csv,5,785,153,5,True,0.3134,0.6,0.003821656050955414,0.006369426751592357,14.023742437362671,14.023742437362671,t_c701386b7c10b107____c3_0____3__t_c701386b7c10b107____c3_0____0_fair.csv;t_c701386b7c10b107____c3_0____1__t_c701386b7c10b107____c3_0____0_fair.csv;t_c701386b7c10b107____c3_0____1__t_c701386b7c10b107____c11_1____2_fair.csv;t_8b2f04db4903263f____c3_0____2__t_8b2f04db4903263f____c18_1____2_fair.csv;t_8e2f57ee5e3e4821____c5_0____2__t_8e2f57ee5e3e4821____c14_1____3_fair.csv,"{""needs_fairification"": true, ""success"": true, ""swaps_made"": 2, ""initial_fairness"": 0.2365, ""initial_delta"": 0.16, ""dominated_removed_count"": 145, ""dominance_candidate_pool_size"": 148, ""candidates_after_winnow"": 1}"
tusLarge3,nl,t_c701386b7c10b107____c3_0____0_fair.csv,10,785,153,10,False,0.1753,0.7,0.008917197452229299,0.012738853503184714,28.24126774072647,28.24126774072647,t_c701386b7c10b107____c3_0____3__t_c701386b7c10b107____c3_0____0_fair.csv;t_c701386b7c10b107____c3_0____1__t_c701386b7c10b107____c3_0____0_fair.csv;t_c701386b7c10b107____c3_0____1__t_c701386b7c10b107____c11_1____2_fair.csv;t_c701386b7c10b107____c3_0____1.csv;t_c701386b7c10b107____c3_0____2.csv;t_c701386b7c10b107____c3_0____4.csv;t_c701386b7c10b107____c3_0____2__t_c701386b7c10b107____c3_0____0_fair.csv;t_c701386b7c10b107____c4_0____1.csv;t_8b2f04db4903263f____c3_0____2__t_8b2f04db4903263f____c18_1____2_fair.csv;t_8e2f57ee5e3e4821____c5_0____2__t_8e2f57ee5e3e4821____c14_1____3_fair.csv,"{""needs_fairification"": true, ""success"": false, ""swaps_made"": 3, ""initial_fairness"": 0.141, ""initial_delta"": 0.26, ""dominated_removed_count"": 139, ""dominance_candidate_pool_size"": 143, ""candidates_after_winnow"": 1}"
tusLarge3,nl,t_c701386b7c10b107____c3_0____0_fair.csv,20,785,153,20,False,0.07,0.6,0.015286624203821656,0.025477707006369428,56.6649609208107,56.6649609208107,t_c701386b7c10b107____c3_0____3.csv;t_c701386b7c10b107____c3_0____3__t_c701386b7c10b107____c3_0____0_fair.csv;t_c701386b7c10b107____c3_0____3__t_c701386b7c10b107____c11_1____2_fair.csv;t_c701386b7c10b107____c3_0____1__t_c701386b7c10b107____c3_0____0_fair.csv;t_c701386b7c10b107____c3_0____1__t_c701386b7c10b107____c11_1____2_fair.csv;t_c701386b7c10b107____c3_0____1.csv;t_c701386b7c10b107____c3_0____2.csv;t_c701386b7c10b107____c3_0____4.csv;t_c701386b7c10b107____c3_0____2__t_c701386b7c10b107____c3_0____0_fair.csv;t_c701386b7c10b107____c3_0____2__t_c701386b7c10b107____c11_1____2_fair.csv;t_c701386b7c10b107____c3_0____4__t_c701386b7c10b107____c3_0____0_fair.csv;t_c701386b7c10b107____c3_0____4__t_c701386b7c10b107____c11_1____2_fair.csv;t_c701386b7c10b107____c4_0____1__t_c701386b7c10b107____c7_0____1_fair.csv;t_c701386b7c10b107____c4_0____1__t_c701386b7c10b107____c14_1____3_fair.csv;t_c701386b7c10b107____c4_0____1.csv;t_c701386b7c10b107____c4_0____2__t_c701386b7c10b107____c7_0____1_fair.csv;t_c701386b7c10b107____c4_0____2__t_c701386b7c10b107____c14_1____3_fair.csv;t_c701386b7c10b107____c4_0____4__t_c701386b7c10b107____c7_0____1_fair.csv;t_c701386b7c10b107____c4_0____4__t_c701386b7c10b107____c14_1____3_fair.csv;t_c701386b7c10b107____c5_1____2__t_c701386b7c10b107____c9_0____1_fair.csv,"{""needs_fairification"": true, ""success"": false, ""swaps_made"": 0, ""initial_fairness"": 0.07, ""initial_delta"": 0.33, ""dominated_removed_count"": 129, ""dominance_candidate_pool_size"": 133, ""candidates_after_winnow"": 4}"
tusLarge3,nl,t_c701386b7c10b107____c11_1____2_fair.csv,5,785,101,5,True,0.3156,1.0,0.006369426751592357,0.006369426751592357,46.996569991111755,46.996569991111755,t_c701386b7c10b107____c11_1____4__t_c701386b7c10b107____c11_1____2_fair.csv;t_c701386b7c10b107____c12_1____2__t_c701386b7c10b107____c3_0____0_fair.csv;t_c701386b7c10b107____c12_1____2.csv;t_c701386b7c10b107____c11_1____0__t_c701386b7c10b107____c11_1____2_fair.csv;t_c701386b7c10b107____c7_0____4__t_c701386b7c10b107____c11_1____2_fair.csv,"{""needs_fairification"": true, ""success"": true, ""swaps_made"": 3, ""initial_fairness"": 0.143, ""initial_delta"": 0.26, ""dominated_removed_count"": 92, ""dominance_candidate_pool_size"": 96, ""candidates_after_winnow"": 1}"
tusLarge3,nl,t_c701386b7c10b107____c11_1____2_fair.csv,10,785,101,10,False,0.1818,0.9,0.011464968152866241,0.012738853503184714,97.63419550657272,97.63419550657272,t_c701386b7c10b107____c11_1____4__t_c701386b7c10b107____c11_1____2_fair.csv;t_c701386b7c10b107____c12_1____2__t_c701386b7c10b107____c3_0____0_fair.csv;t_c701386b7c10b107____c12_1____2__t_c701386b7c10b107____c20_0____0_fair.csv;t_c701386b7c10b107____c12_1____2__t_c701386b7c10b107____c16_0____0_fair.csv;t_c701386b7c10b107____c12_1____2__t_c701386b7c10b107____c11_1____2_fair.csv;t_c701386b7c10b107____c12_1____2.csv;t_c701386b7c10b107____c11_1____1.csv;t_c701386b7c10b107____c13_0____1.csv;t_c701386b7c10b107____c11_1____0__t_c701386b7c10b107____c11_1____2_fair.csv;t_c701386b7c10b107____c7_0____4__t_c701386b7c10b107____c11_1____2_fair.csv,"{""needs_fairification"": true, ""success"": false, ""swaps_made"": 3, ""initial_fairness"": 0.0844, ""initial_delta"": 0.32, ""dominated_removed_count"": 88, ""dominance_candidate_pool_size"": 91, ""candidates_after_winnow"": 0}"
tusLarge3,nl,t_c701386b7c10b107____c11_1____2_fair.csv,20,785,101,20,False,0.0972,0.55,0.014012738853503185,0.025477707006369428,197.8165344595909,197.8165344595909,t_c701386b7c10b107____c11_1____4__t_c701386b7c10b107____c14_1____3_fair.csv;t_c701386b7c10b107____c11_1____4__t_c701386b7c10b107____c11_1____2_fair.csv;t_c701386b7c10b107____c12_1____2__t_c701386b7c10b107____c3_0____0_fair.csv;t_c701386b7c10b107____c12_1____2__t_c701386b7c10b107____c20_0____0_fair.csv;t_c701386b7c10b107____c12_1____2__t_c701386b7c10b107____c16_0____0_fair.csv;t_c701386b7c10b107____c12_1____2__t_c701386b7c10b107____c11_1____2_fair.csv;t_c701386b7c10b107____c12_1____2.csv;t_c701386b7c10b107____c11_1____1.csv;t_c701386b7c10b107____c13_0____1.csv;t_c701386b7c10b107____c13_0____1__t_c701386b7c10b107____c8_0____2_fair.csv;t_c701386b7c10b107____c13_0____1__t_c701386b7c10b107____c19_1____4_fair.csv;t_c701386b7c10b107____c13_0____1__t_c701386b7c10b107____c18_1____3_fair.csv;t_c701386b7c10b107____c11_1____0.csv;t_c701386b7c10b107____c11_0____2.csv;t_c701386b7c10b107____c13_0____3.csv;t_c701386b7c10b107____c13_0____3__t_c701386b7c10b107____c8_0____2_fair.csv;t_c701386b7c10b107____c13_0____3__t_c701386b7c10b107____c19_1____4_fair.csv;t_c701386b7c10b107____c13_0____3__t_c701386b7c10b107____c18_1____3_fair.csv;t_c701386b7c10b107____c11_1____0__t_c701386b7c10b107____c11_1____2_fair.csv;t_c701386b7c10b107____c7_0____4__t_c701386b7c10b107____c11_1____2_fair.csv,"{""needs_fairification"": true, ""success"": false, ""swaps_made"": 2, ""initial_fairness"": 0.0468, ""initial_delta"": 0.35, ""dominated_removed_count"": 78, ""dominance_candidate_pool_size"": 81, ""candidates_after_winnow"": 1}"
tusLarge3,nl,t_c701386b7c10b107____c5_0____1_fair.csv,5,1053,146,5,True,0.3142,1.0,0.004748338081671415,0.004748338081671415,23.293583154678345,23.293583154678345,t_c701386b7c10b107____c5_0____0__t_c701386b7c10b107____c5_0____1_fair.csv;t_c701386b7c10b107____c5_0____3__t_c701386b7c10b107____c9_0____1_fair.csv;t_c701386b7c10b107____c5_0____3__t_c701386b7c10b107____c5_0____1_fair.csv;t_c701386b7c10b107____c5_0____0.csv;t_c701386b7c10b107____c5_0____2__t_c701386b7c10b107____c5_0____1_fair.csv,"{""needs_fairification"": true, ""success"": true, ""swaps_made"": 2, ""initial_fairness"": 0.231, ""initial_delta"": 0.17, ""dominated_removed_count"": 139, ""dominance_candidate_pool_size"": 141, ""candidates_after_winnow"": 0}"
tusLarge3,nl,t_c701386b7c10b107____c5_0____1_fair.csv,10,1053,146,10,False,0.2317,1.0,0.00949667616334283,0.00949667616334283,46.410799860954285,46.410799860954285,t_c701386b7c10b107____c5_0____3.csv;t_c701386b7c10b107____c5_0____0__t_c701386b7c10b107____c5_0____1_fair.csv;t_c701386b7c10b107____c5_0____3__t_c701386b7c10b107____c5_0____1_fair.csv;t_c701386b7c10b107____c5_0____0.csv;t_c701386b7c10b107____c5_0____2__t_c701386b7c10b107____c9_0____1_fair.csv;t_c701386b7c10b107____c5_0____2__t_c701386b7c10b107____c5_0____1_fair.csv;t_c701386b7c10b107____c5_0____4__t_c701386b7c10b107____c9_0____1_fair.csv;t_c701386b7c10b107____c5_0____4__t_c701386b7c10b107____c5_0____1_fair.csv;t_c701386b7c10b107____c6_1____1.csv;t_c701386b7c10b107____c5_0____2.csv,"{""needs_fairification"": true, ""success"": false, ""swaps_made"": 2, ""initial_fairness"": 0.2129, ""initial_delta"": 0.19, ""dominated_removed_count"": 134, ""dominance_candidate_pool_size"": 136, ""candidates_after_winnow"": 0}"
tusLarge3,nl,t_c701386b7c10b107____c5_0____1_fair.csv,20,1053,146,20,False,0.1159,1.0,0.01899335232668566,0.01899335232668566,92.30638164281845,92.30638164281845,t_c701386b7c10b107____c5_0____3.csv;t_c701386b7c10b107____c5_0____0__t_c701386b7c10b107____c9_0____1_fair.csv;t_c701386b7c10b107____c5_0____0__t_c701386b7c10b107____c5_0____1_fair.csv;t_c701386b7c10b107____c5_0____3__t_c701386b7c10b107____c9_0____1_fair.csv;t_c701386b7c10b107____c5_0____3__t_c701386b7c10b107____c5_0____1_fair.csv;t_c701386b7c10b107____c5_0____0.csv;t_c701386b7c10b107____c5_0____2__t_c701386b7c10b107____c9_0____1_fair.csv;t_c701386b7c10b107____c5_0____2__t_c701386b7c10b107____c5_0____1_fair.csv;t_c701386b7c10b107____c5_0____4__t_c701386b7c10b107____c9_0____1_fair.csv;t_c701386b7c10b107____c5_0____4__t_c701386b7c10b107____c5_0____1_fair.csv;t_c701386b7c10b107____c6_1____1.csv;t_c701386b7c10b107____c5_0____2.csv;t_c701386b7c10b107____c5_0____4.csv;t_c701386b7c10b107____c6_1____1__t_c701386b7c10b107____c9_0____1_fair.csv;t_c701386b7c10b107____c6_1____1__t_c701386b7c10b107____c8_0____2_fair.csv;t_c701386b7c10b107____c6_1____1__t_c701386b7c10b107____c5_0____1_fair.csv;t_c701386b7c10b107____c6_1____1__t_c701386b7c10b107____c19_1____4_fair.csv;t_c701386b7c10b107____c6_1____1__t_c701386b7c10b107____c18_1____3_fair.csv;t_c701386b7c10b107____c6_1____1__t_c701386b7c10b107____c16_0____0_fair.csv;t_c701386b7c10b107____c6_1____4__t_c701386b7c10b107____c9_0____1_fair.csv,"{""needs_fairification"": true, ""success"": false, ""swaps_made"": 0, ""initial_fairness"": 0.1159, ""initial_delta"": 0.28, ""dominated_removed_count"": 124, ""dominance_candidate_pool_size"": 126, ""candidates_after_winnow"": 2}"
tusLarge3,nl,t_c701386b7c10b107____c7_0____1_fair.csv,5,956,104,5,False,0.1616,1.0,0.005230125523012552,0.005230125523012552,33.89507246017456,33.89507246017456,t_c701386b7c10b107____c7_0____2__t_c701386b7c10b107____c7_0____1_fair.csv;t_c701386b7c10b107____c7_0____2__t_c701386b7c10b107____c20_0____0_fair.csv;t_c701386b7c10b107____c7_0____2__t_c701386b7c10b107____c14_1____3_fair.csv;t_c701386b7c10b107____c7_0____2__t_c701386b7c10b107____c11_1____2_fair.csv;t_c701386b7c10b107____c7_0____2.csv,"{""needs_fairification"": true, ""success"": false, ""swaps_made"": 1, ""initial_fairness"": 0.1526, ""initial_delta"": 0.25, ""dominated_removed_count"": 98, ""dominance_candidate_pool_size"": 99, ""candidates_after_winnow"": 0}"
tusLarge3,nl,t_c701386b7c10b107____c7_0____1_fair.csv,10,956,104,10,False,0.0872,1.0,0.010460251046025104,0.010460251046025104,67.7273108959198,67.7273108959198,t_c701386b7c10b107____c7_0____2__t_c701386b7c10b107____c7_0____1_fair.csv;t_c701386b7c10b107____c7_0____2__t_c701386b7c10b107____c3_0____0_fair.csv;t_c701386b7c10b107____c7_0____2__t_c701386b7c10b107____c20_0____0_fair.csv;t_c701386b7c10b107____c7_0____2__t_c701386b7c10b107____c14_1____3_fair.csv;t_c701386b7c10b107____c7_0____2__t_c701386b7c10b107____c11_1____2_fair.csv;t_c701386b7c10b107____c7_0____2.csv;t_c701386b7c10b107____c7_0____4__t_c701386b7c10b107____c7_0____1_fair.csv;t_c701386b7c10b107____c7_0____4__t_c701386b7c10b107____c3_0____0_fair.csv;t_c701386b7c10b107____c7_0____4__t_c701386b7c10b107____c20_0____0_fair.csv;t_c701386b7c10b107____c7_0____4__t_c701386b7c10b107____c14_1____3_fair.csv,"{""needs_fairification"": true, ""success"": false, ""swaps_made"": 0, ""initial_fairness"": 0.0872, ""initial_delta"": 0.31, ""dominated_removed_count"": 91, ""dominance_candidate_pool_size"": 94, ""candidates_after_winnow"": 3}"
tusLarge3,nl,t_c701386b7c10b107____c7_0____1_fair.csv,20,956,104,20,False,0.0478,1.0,0.02092050209205021,0.02092050209205021,134.74748647212982,134.74748647212982,t_c701386b7c10b107____c7_0____2__t_c701386b7c10b107____c7_0____1_fair.csv;t_c701386b7c10b107____c7_0____2__t_c701386b7c10b107____c3_0____0_fair.csv;t_c701386b7c10b107____c7_0____2__t_c701386b7c10b107____c20_0____0_fair.csv;t_c701386b7c10b107____c7_0____2__t_c701386b7c10b107____c14_1____3_fair.csv;t_c701386b7c10b107____c7_0____2__t_c701386b7c10b107____c11_1____2_fair.csv;t_c701386b7c10b107____c7_0____2.csv;t_c701386b7c10b107____c7_0____4__t_c701386b7c10b107____c7_0____1_fair.csv;t_c701386b7c10b107____c7_0____4__t_c701386b7c10b107____c3_0____0_fair.csv;t_c701386b7c10b107____c7_0____4__t_c701386b7c10b107____c20_0____0_fair.csv;t_c701386b7c10b107____c7_0____4__t_c701386b7c10b107____c14_1____3_fair.csv;t_c701386b7c10b107____c7_0____4__t_c701386b7c10b107____c11_1____2_fair.csv;t_c701386b7c10b107____c7_0____4.csv;t_c701386b7c10b107____c7_0____0.csv;t_c701386b7c10b107____c7_0____0__t_c701386b7c10b107____c7_0____1_fair.csv;t_c701386b7c10b107____c7_0____0__t_c701386b7c10b107____c3_0____0_fair.csv;t_c701386b7c10b107____c7_0____0__t_c701386b7c10b107____c20_0____0_fair.csv;t_c701386b7c10b107____c7_0____0__t_c701386b7c10b107____c14_1____3_fair.csv;t_c701386b7c10b107____c7_0____0__t_c701386b7c10b107____c11_1____2_fair.csv;t_c701386b7c10b107____c7_0____3.csv;t_c701386b7c10b107____c7_0____3__t_c701386b7c10b107____c7_0____1_fair.csv,"{""needs_fairification"": true, ""success"": false, ""swaps_made"": 0, ""initial_fairness"": 0.0478, ""initial_delta"": 0.35, ""dominated_removed_count"": 80, ""dominance_candidate_pool_size"": 84, ""candidates_after_winnow"": 4}"
tusLarge3,nl,t_93f3d6f7fc6aa6ff____c18_0____4_fair.csv,5,428,60,5,False,0.1543,1.0,0.011682242990654205,0.011682242990654205,87.30703407526016,87.30703407526016,t_93f3d6f7fc6aa6ff____c18_1____4__t_93f3d6f7fc6aa6ff____c12_1____0_fair.csv;t_93f3d6f7fc6aa6ff____c19_1____4__t_93f3d6f7fc6aa6ff____c6_1____1_fair.csv;t_93f3d6f7fc6aa6ff____c19_1____4__t_93f3d6f7fc6aa6ff____c18_0____4_fair.csv;t_93f3d6f7fc6aa6ff____c19_1____4.csv;t_93f3d6f7fc6aa6ff____c17_1____4__t_93f3d6f7fc6aa6ff____c18_0____4_fair.csv,"{""needs_fairification"": true, ""success"": false, ""swaps_made"": 2, ""initial_fairness"": 0.0668, ""initial_delta"": 0.33, ""dominated_removed_count"": 52, ""dominance_candidate_pool_size"": 55, ""candidates_after_winnow"": 1}"
tusLarge3,nl,t_93f3d6f7fc6aa6ff____c18_0____4_fair.csv,10,428,60,10,False,0.0882,1.0,0.02336448598130841,0.02336448598130841,174.4448959827423,174.4448959827423,t_93f3d6f7fc6aa6ff____c18_1____4__t_93f3d6f7fc6aa6ff____c12_1____0_fair.csv;t_93f3d6f7fc6aa6ff____c19_1____4__t_93f3d6f7fc6aa6ff____c6_1____1_fair.csv;t_93f3d6f7fc6aa6ff____c19_1____4__t_93f3d6f7fc6aa6ff____c18_0____4_fair.csv;t_93f3d6f7fc6aa6ff____c19_1____4__t_93f3d6f7fc6aa6ff____c12_1____0_fair.csv;t_93f3d6f7fc6aa6ff____c19_1____4.csv;t_93f3d6f7fc6aa6ff____c18_1____4.csv;t_93f3d6f7fc6aa6ff____c19_0____4__t_93f3d6f7fc6aa6ff____c6_1____1_fair.csv;t_93f3d6f7fc6aa6ff____c19_0____4__t_93f3d6f7fc6aa6ff____c18_0____4_fair.csv;t_93f3d6f7fc6aa6ff____c19_0____4.csv;t_93f3d6f7fc6aa6ff____c17_1____4__t_93f3d6f7fc6aa6ff____c18_0____4_fair.csv,"{""needs_fairification"": true, ""success"": false, ""swaps_made"": 2, ""initial_fairness"": 0.0392, ""initial_delta"": 0.36, ""dominated_removed_count"": 47, ""dominance_candidate_pool_size"": 50, ""candidates_after_winnow"": 1}"
tusLarge3,nl,t_93f3d6f7fc6aa6ff____c18_0____4_fair.csv,20,428,60,20,False,0.0457,1.0,0.04672897196261682,0.04672897196261682,346.58684837818146,346.58684837818146,t_93f3d6f7fc6aa6ff____c18_1____4__t_93f3d6f7fc6aa6ff____c12_1____0_fair.csv;t_93f3d6f7fc6aa6ff____c19_1____4__t_93f3d6f7fc6aa6ff____c6_1____1_fair.csv;t_93f3d6f7fc6aa6ff____c19_1____4__t_93f3d6f7fc6aa6ff____c18_0____4_fair.csv;t_93f3d6f7fc6aa6ff____c19_1____4__t_93f3d6f7fc6aa6ff____c12_1____0_fair.csv;t_93f3d6f7fc6aa6ff____c19_1____4.csv;t_93f3d6f7fc6aa6ff____c18_1____4.csv;t_93f3d6f7fc6aa6ff____c19_0____4__t_93f3d6f7fc6aa6ff____c6_1____1_fair.csv;t_93f3d6f7fc6aa6ff____c19_0____4__t_93f3d6f7fc6aa6ff____c18_0____4_fair.csv;t_93f3d6f7fc6aa6ff____c19_0____4__t_93f3d6f7fc6aa6ff____c12_1____0_fair.csv;t_93f3d6f7fc6aa6ff____c19_0____4.csv;t_93f3d6f7fc6aa6ff____c20_1____4__t_93f3d6f7fc6aa6ff____c6_1____1_fair.csv;t_93f3d6f7fc6aa6ff____c20_1____4__t_93f3d6f7fc6aa6ff____c18_0____4_fair.csv;t_93f3d6f7fc6aa6ff____c20_1____4__t_93f3d6f7fc6aa6ff____c12_1____0_fair.csv;t_93f3d6f7fc6aa6ff____c21_0____4__t_93f3d6f7fc6aa6ff____c6_1____1_fair.csv;t_93f3d6f7fc6aa6ff____c21_0____4__t_93f3d6f7fc6aa6ff____c18_0____4_fair.csv;t_93f3d6f7fc6aa6ff____c21_0____4__t_93f3d6f7fc6aa6ff____c12_1____0_fair.csv;t_93f3d6f7fc6aa6ff____c20_1____4.csv;t_93f3d6f7fc6aa6ff____c20_0____4__t_93f3d6f7fc6aa6ff____c18_0____4_fair.csv;t_93f3d6f7fc6aa6ff____c21_0____4.csv;t_93f3d6f7fc6aa6ff____c17_1____4__t_93f3d6f7fc6aa6ff____c18_0____4_fair.csv,"{""needs_fairification"": true, ""success"": false, ""swaps_made"": 2, ""initial_fairness"": 0.0207, ""initial_delta"": 0.38, ""dominated_removed_count"": 37, ""dominance_candidate_pool_size"": 40, ""candidates_after_winnow"": 1}"
tusLarge3,nl,t_c701386b7c10b107____c8_0____2_fair.csv,5,1023,99,5,True,0.3218,1.0,0.004887585532746823,0.004887585532746823,37.87320774793625,37.87320774793625,t_c701386b7c10b107____c8_0____4__t_c701386b7c10b107____c8_0____2_fair.csv;t_c701386b7c10b107____c8_0____4__t_c701386b7c10b107____c19_1____4_fair.csv;t_c701386b7c10b107____c8_0____4.csv;t_c701386b7c10b107____c8_0____3__t_c701386b7c10b107____c8_0____2_fair.csv;t_c701386b7c10b107____c8_0____0__t_c701386b7c10b107____c8_0____2_fair.csv,"{""needs_fairification"": true, ""success"": true, ""swaps_made"": 1, ""initial_fairness"": 0.2621, ""initial_delta"": 0.14, ""dominated_removed_count"": 90, ""dominance_candidate_pool_size"": 94, ""candidates_after_winnow"": 3}"
tusLarge3,nl,t_c701386b7c10b107____c8_0____2_fair.csv,10,1023,99,10,False,0.2365,1.0,0.009775171065493646,0.009775171065493646,74.56008213758469,74.56008213758469,t_c701386b7c10b107____c8_0____4__t_c701386b7c10b107____c8_0____2_fair.csv;t_c701386b7c10b107____c8_0____4__t_c701386b7c10b107____c19_1____4_fair.csv;t_c701386b7c10b107____c8_0____4.csv;t_c701386b7c10b107____c8_0____3__t_c701386b7c10b107____c8_0____2_fair.csv;t_c701386b7c10b107____c8_0____3__t_c701386b7c10b107____c19_1____4_fair.csv;t_c701386b7c10b107____c8_0____1__t_c701386b7c10b107____c19_1____4_fair.csv;t_c701386b7c10b107____c8_0____0.csv;t_c701386b7c10b107____c8_0____0__t_c701386b7c10b107____c8_0____2_fair.csv;t_c701386b7c10b107____c8_0____1.csv;t_c701386b7c10b107____c9_0____2__t_c701386b7c10b107____c8_0____2_fair.csv,"{""needs_fairification"": true, ""success"": false, ""swaps_made"": 2, ""initial_fairness"": 0.1982, ""initial_delta"": 0.2, ""dominated_removed_count"": 86, ""dominance_candidate_pool_size"": 89, ""candidates_after_winnow"": 1}"
tusLarge3,nl,t_c701386b7c10b107____c8_0____2_fair.csv,20,1023,99,20,False,0.1259,0.55,0.010752688172043012,0.019550342130987292,146.63027095794678,146.63027095794678,t_c701386b7c10b107____c8_0____4__t_c701386b7c10b107____c8_0____2_fair.csv;t_c701386b7c10b107____c8_0____4__t_c701386b7c10b107____c19_1____4_fair.csv;t_c701386b7c10b107____c8_0____4.csv;t_c701386b7c10b107____c8_0____3__t_c701386b7c10b107____c8_0____2_fair.csv;t_c701386b7c10b107____c8_0____3__t_c701386b7c10b107____c19_1____4_fair.csv;t_c701386b7c10b107____c8_0____1__t_c701386b7c10b107____c8_0____2_fair.csv;t_c701386b7c10b107____c8_0____0.csv;t_c701386b7c10b107____c8_0____0__t_c701386b7c10b107____c8_0____2_fair.csv;t_c701386b7c10b107____c8_0____0__t_c701386b7c10b107____c19_1____4_fair.csv;t_c701386b7c10b107____c8_0____1.csv;t_c701386b7c10b107____c10_1____2__t_c701386b7c10b107____c20_0____0_fair.csv;t_c701386b7c10b107____c10_1____2__t_c701386b7c10b107____c16_0____0_fair.csv;t_c701386b7c10b107____c10_1____2.csv;t_c701386b7c10b107____c10_1____4.csv;t_c701386b7c10b107____c10_1____4__t_c701386b7c10b107____c20_0____0_fair.csv;t_c701386b7c10b107____c10_1____4__t_c701386b7c10b107____c16_0____0_fair.csv;t_c701386b7c10b107____c16_1____2__t_c701386b7c10b107____c9_0____1_fair.csv;t_c701386b7c10b107____c16_1____2__t_c701386b7c10b107____c7_0____1_fair.csv;t_c701386b7c10b107____c16_1____2.csv;t_c701386b7c10b107____c9_0____2__t_c701386b7c10b107____c8_0____2_fair.csv,"{""needs_fairification"": true, ""success"": false, ""swaps_made"": 2, ""initial_fairness"": 0.1055, ""initial_delta"": 0.29, ""dominated_removed_count"": 76, ""dominance_candidate_pool_size"": 79, ""candidates_after_winnow"": 1}"
tusLarge3,nl,t_c701386b7c10b107____c14_1____3_fair.csv,5,956,81,5,False,0.2851,1.0,0.005230125523012552,0.005230125523012552,66.67615205049515,66.67615205049515,t_c701386b7c10b107____c14_1____0__t_c701386b7c10b107____c7_0____1_fair.csv;t_c701386b7c10b107____c14_1____0__t_c701386b7c10b107____c5_0____1_fair.csv;t_c701386b7c10b107____c14_1____0__t_c701386b7c10b107____c14_1____3_fair.csv;t_c701386b7c10b107____c14_1____4__t_c701386b7c10b107____c14_1____3_fair.csv;t_c701386b7c10b107____c17_0____3__t_c701386b7c10b107____c14_1____3_fair.csv,"{""needs_fairification"": true, ""success"": false, ""swaps_made"": 3, ""initial_fairness"": 0.0852, ""initial_delta"": 0.31, ""dominated_removed_count"": 73, ""dominance_candidate_pool_size"": 76, ""candidates_after_winnow"": 0}"
tusLarge3,nl,t_c701386b7c10b107____c14_1____3_fair.csv,10,956,81,10,False,0.1651,1.0,0.010460251046025104,0.010460251046025104,133.98939436674118,133.98939436674118,t_c701386b7c10b107____c14_1____0__t_c701386b7c10b107____c8_0____2_fair.csv;t_c701386b7c10b107____c14_1____0__t_c701386b7c10b107____c5_0____1_fair.csv;t_c701386b7c10b107____c14_1____0__t_c701386b7c10b107____c3_0____0_fair.csv;t_c701386b7c10b107____c14_1____0__t_c701386b7c10b107____c19_1____4_fair.csv;t_c701386b7c10b107____c14_1____0__t_c701386b7c10b107____c18_1____3_fair.csv;t_c701386b7c10b107____c14_1____0__t_c701386b7c10b107____c14_1____3_fair.csv;t_c701386b7c10b107____c14_1____0__t_c701386b7c10b107____c11_1____2_fair.csv;t_c701386b7c10b107____c14_1____0.csv;t_c701386b7c10b107____c14_1____4__t_c701386b7c10b107____c14_1____3_fair.csv;t_c701386b7c10b107____c17_0____3__t_c701386b7c10b107____c14_1____3_fair.csv,"{""needs_fairification"": true, ""success"": false, ""swaps_made"": 3, ""initial_fairness"": 0.0856, ""initial_delta"": 0.31, ""dominated_removed_count"": 67, ""dominance_candidate_pool_size"": 71, ""candidates_after_winnow"": 1}"
tusLarge3,nl,t_c701386b7c10b107____c14_1____3_fair.csv,20,956,81,20,False,0.0865,1.0,0.02092050209205021,0.02092050209205021,267.84626203775406,267.84626203775406,t_c701386b7c10b107____c14_1____0__t_c701386b7c10b107____c8_0____2_fair.csv;t_c701386b7c10b107____c14_1____0__t_c701386b7c10b107____c7_0____1_fair.csv;t_c701386b7c10b107____c14_1____0__t_c701386b7c10b107____c5_0____1_fair.csv;t_c701386b7c10b107____c14_1____0__t_c701386b7c10b107____c3_0____0_fair.csv;t_c701386b7c10b107____c14_1____0__t_c701386b7c10b107____c19_1____4_fair.csv;t_c701386b7c10b107____c14_1____0__t_c701386b7c10b107____c18_1____3_fair.csv;t_c701386b7c10b107____c14_1____0__t_c701386b7c10b107____c14_1____3_fair.csv;t_c701386b7c10b107____c14_1____0__t_c701386b7c10b107____c11_1____2_fair.csv;t_c701386b7c10b107____c16_1____3__t_c701386b7c10b107____c9_0____1_fair.csv;t_c701386b7c10b107____c16_1____3__t_c701386b7c10b107____c7_0____1_fair.csv;t_c701386b7c10b107____c16_1____3__t_c701386b7c10b107____c5_0____1_fair.csv;t_c701386b7c10b107____c16_1____3__t_c701386b7c10b107____c20_0____0_fair.csv;t_c701386b7c10b107____c16_1____3__t_c701386b7c10b107____c18_1____3_fair.csv;t_c701386b7c10b107____c16_1____3__t_c701386b7c10b107____c14_1____3_fair.csv;t_c701386b7c10b107____c14_1____0.csv;t_c701386b7c10b107____c16_1____0.csv;t_c701386b7c10b107____c16_1____0__t_c701386b7c10b107____c9_0____1_fair.csv;t_c701386b7c10b107____c16_1____0__t_c701386b7c10b107____c7_0____1_fair.csv;t_c701386b7c10b107____c14_1____4__t_c701386b7c10b107____c14_1____3_fair.csv;t_c701386b7c10b107____c17_0____3__t_c701386b7c10b107____c14_1____3_fair.csv,"{""needs_fairification"": true, ""success"": false, ""swaps_made"": 2, ""initial_fairness"": 0.0459, ""initial_delta"": 0.35, ""dominated_removed_count"": 56, ""dominance_candidate_pool_size"": 61, ""candidates_after_winnow"": 3}"
tusLarge3,nl,t_c701386b7c10b107____c9_0____1_fair.csv,5,1053,113,5,True,0.3157,1.0,0.004748338081671415,0.004748338081671415,42.58149844408035,42.58149844408035,t_c701386b7c10b107____c9_0____3__t_c701386b7c10b107____c9_0____1_fair.csv;t_c701386b7c10b107____c9_0____3__t_c701386b7c10b107____c19_1____4_fair.csv;t_c701386b7c10b107____c10_0____1__t_c701386b7c10b107____c9_0____1_fair.csv;t_c701386b7c10b107____c12_0____4.csv;t_c701386b7c10b107____c10_0____0__t_c701386b7c10b107____c9_0____1_fair.csv,"{""needs_fairification"": true, ""success"": true, ""swaps_made"": 3, ""initial_fairness"": 0.1652, ""initial_delta"": 0.23, ""dominated_removed_count"": 103, ""dominance_candidate_pool_size"": 108, ""candidates_after_winnow"": 2}"
tusLarge3,nl,t_c701386b7c10b107____c9_0____1_fair.csv,10,1053,113,10,False,0.2253,1.0,0.00949667616334283,0.00949667616334283,85.53999042510986,85.53999042510986,t_c701386b7c10b107____c9_0____3__t_c701386b7c10b107____c9_0____1_fair.csv;t_c701386b7c10b107____c9_0____3__t_c701386b7c10b107____c5_0____1_fair.csv;t_c701386b7c10b107____c9_0____3__t_c701386b7c10b107____c19_1____4_fair.csv;t_c701386b7c10b107____c9_0____3.csv;t_c701386b7c10b107____c10_0____1__t_c701386b7c10b107____c9_0____1_fair.csv;t_c701386b7c10b107____c10_0____1__t_c701386b7c10b107____c7_0____1_fair.csv;t_c701386b7c10b107____c9_0____0__t_c701386b7c10b107____c9_0____1_fair.csv;t_c701386b7c10b107____c9_0____2.csv;t_c701386b7c10b107____c12_0____4.csv;t_c701386b7c10b107____c10_0____0__t_c701386b7c10b107____c9_0____1_fair.csv,"{""needs_fairification"": true, ""success"": false, ""swaps_made"": 4, ""initial_fairness"": 0.1324, ""initial_delta"": 0.27, ""dominated_removed_count"": 99, ""dominance_candidate_pool_size"": 103, ""candidates_after_winnow"": 0}"
tusLarge3,nl,t_c701386b7c10b107____c9_0____1_fair.csv,20,1053,113,20,False,0.1152,1.0,0.01899335232668566,0.01899335232668566,171.09121364355087,171.09121364355087,t_c701386b7c10b107____c9_0____3__t_c701386b7c10b107____c9_0____1_fair.csv;t_c701386b7c10b107____c9_0____3__t_c701386b7c10b107____c8_0____2_fair.csv;t_c701386b7c10b107____c9_0____3__t_c701386b7c10b107____c19_1____4_fair.csv;t_c701386b7c10b107____c9_0____3.csv;t_c701386b7c10b107____c10_0____1__t_c701386b7c10b107____c9_0____1_fair.csv;t_c701386b7c10b107____c10_0____1__t_c701386b7c10b107____c7_0____1_fair.csv;t_c701386b7c10b107____c10_0____1__t_c701386b7c10b107____c5_0____1_fair.csv;t_c701386b7c10b107____c10_0____1__t_c701386b7c10b107____c14_1____3_fair.csv;t_c701386b7c10b107____c9_0____0__t_c701386b7c10b107____c9_0____1_fair.csv;t_c701386b7c10b107____c9_0____0__t_c701386b7c10b107____c8_0____2_fair.csv;t_c701386b7c10b107____c9_0____0__t_c701386b7c10b107____c5_0____1_fair.csv;t_c701386b7c10b107____c9_0____0__t_c701386b7c10b107____c19_1____4_fair.csv;t_c701386b7c10b107____c11_0____0__t_c701386b7c10b107____c9_0____1_fair.csv;t_c701386b7c10b107____c11_0____0__t_c701386b7c10b107____c5_0____1_fair.csv;t_c701386b7c10b107____c11_0____0__t_c701386b7c10b107____c20_0____0_fair.csv;t_c701386b7c10b107____c11_0____0__t_c701386b7c10b107____c16_0____0_fair.csv;t_c701386b7c10b107____c9_0____4.csv;t_c701386b7c10b107____c11_0____0.csv;t_c701386b7c10b107____c10_0____1.csv;t_c701386b7c10b107____c10_0____0__t_c701386b7c10b107____c9_0____1_fair.csv,"{""needs_fairification"": true, ""success"": false, ""swaps_made"": 2, ""initial_fairness"": 0.0911, ""initial_delta"": 0.31, ""dominated_removed_count"": 89, ""dominance_candidate_pool_size"": 93, ""candidates_after_winnow"": 2}"
tusLarge3,nl,t_c701386b7c10b107____c16_0____0_fair.csv,5,909,67,5,False,0.077,0.0,0.0,0.005500550055005501,75.58851087093353,75.58851087093353,t_c701386b7c10b107____c19_1____1.csv;t_c701386b7c10b107____c19_1____1__t_c701386b7c10b107____c9_0____1_fair.csv;t_c701386b7c10b107____c19_1____1__t_c701386b7c10b107____c8_0____2_fair.csv;t_c701386b7c10b107____c19_1____1__t_c701386b7c10b107____c7_0____1_fair.csv;t_c701386b7c10b107____c19_1____1__t_c701386b7c10b107____c5_0____1_fair.csv,"{""needs_fairification"": true, ""success"": false, ""swaps_made"": 0, ""initial_fairness"": 0.077, ""initial_delta"": 0.32, ""dominated_removed_count"": 58, ""dominance_candidate_pool_size"": 62, ""candidates_after_winnow"": 4}"
tusLarge3,nl,t_c701386b7c10b107____c16_0____0_fair.csv,10,909,67,10,False,0.0399,0.1,0.0011001100110011,0.011001100110011002,151.1020851135254,151.1020851135254,t_c701386b7c10b107____c19_1____1.csv;t_c701386b7c10b107____c19_1____1__t_c701386b7c10b107____c9_0____1_fair.csv;t_c701386b7c10b107____c19_1____1__t_c701386b7c10b107____c8_0____2_fair.csv;t_c701386b7c10b107____c19_1____1__t_c701386b7c10b107____c7_0____1_fair.csv;t_c701386b7c10b107____c19_1____1__t_c701386b7c10b107____c5_0____1_fair.csv;t_c701386b7c10b107____c19_1____1__t_c701386b7c10b107____c20_0____0_fair.csv;t_c701386b7c10b107____c19_1____1__t_c701386b7c10b107____c19_1____4_fair.csv;t_c701386b7c10b107____c19_1____1__t_c701386b7c10b107____c18_1____3_fair.csv;t_c701386b7c10b107____c19_1____1__t_c701386b7c10b107____c14_1____3_fair.csv;t_c701386b7c10b107____c17_0____0__t_c701386b7c10b107____c9_0____1_fair.csv,"{""needs_fairification"": true, ""success"": false, ""swaps_made"": 0, ""initial_fairness"": 0.0399, ""initial_delta"": 0.36, ""dominated_removed_count"": 54, ""dominance_candidate_pool_size"": 57, ""candidates_after_winnow"": 3}"
tusLarge3,nl,t_c701386b7c10b107____c16_0____0_fair.csv,20,909,67,20,False,0.0207,0.55,0.0121012101210121,0.022002200220022004,301.6109142303467,301.6109142303467,t_c701386b7c10b107____c19_1____1.csv;t_c701386b7c10b107____c19_1____1__t_c701386b7c10b107____c9_0____1_fair.csv;t_c701386b7c10b107____c19_1____1__t_c701386b7c10b107____c8_0____2_fair.csv;t_c701386b7c10b107____c19_1____1__t_c701386b7c10b107____c7_0____1_fair.csv;t_c701386b7c10b107____c19_1____1__t_c701386b7c10b107____c5_0____1_fair.csv;t_c701386b7c10b107____c19_1____1__t_c701386b7c10b107____c20_0____0_fair.csv;t_c701386b7c10b107____c19_1____1__t_c701386b7c10b107____c19_1____4_fair.csv;t_c701386b7c10b107____c19_1____1__t_c701386b7c10b107____c18_1____3_fair.csv;t_c701386b7c10b107____c19_1____1__t_c701386b7c10b107____c14_1____3_fair.csv;t_c701386b7c10b107____c17_0____0__t_c701386b7c10b107____c9_0____1_fair.csv;t_c701386b7c10b107____c17_0____0__t_c701386b7c10b107____c8_0____2_fair.csv;t_c701386b7c10b107____c17_0____0__t_c701386b7c10b107____c7_0____1_fair.csv;t_c701386b7c10b107____c17_0____0__t_c701386b7c10b107____c5_0____1_fair.csv;t_c701386b7c10b107____c17_0____0__t_c701386b7c10b107____c20_0____0_fair.csv;t_c701386b7c10b107____c17_0____0__t_c701386b7c10b107____c19_1____4_fair.csv;t_c701386b7c10b107____c17_0____0__t_c701386b7c10b107____c18_1____3_fair.csv;t_c701386b7c10b107____c17_0____0__t_c701386b7c10b107____c16_0____0_fair.csv;t_c701386b7c10b107____c17_0____0__t_c701386b7c10b107____c14_1____3_fair.csv;t_c701386b7c10b107____c17_0____4__t_c701386b7c10b107____c9_0____1_fair.csv;t_c701386b7c10b107____c17_0____4__t_c701386b7c10b107____c8_0____2_fair.csv,"{""needs_fairification"": true, ""success"": false, ""swaps_made"": 0, ""initial_fairness"": 0.0207, ""initial_delta"": 0.38, ""dominated_removed_count"": 45, ""dominance_candidate_pool_size"": 47, ""candidates_after_winnow"": 2}"
tusLarge3,nl,t_ca85e8f9eef5b9d5____c10_0____0_fair.csv,5,886,92,5,False,0.2743,0.8,0.004514672686230248,0.0056433408577878106,46.10046774148941,46.10046774148941,t_ca85e8f9eef5b9d5____c13_1____0.csv;t_ca85e8f9eef5b9d5____c10_0____4.csv;t_ca85e8f9eef5b9d5____c10_0____4__t_ca85e8f9eef5b9d5____c10_0____0_fair.csv;t_ca85e8f9eef5b9d5____c15_1____0__t_ca85e8f9eef5b9d5____c10_0____0_fair.csv;t_ca85e8f9eef5b9d5____c15_1____0.csv,"{""needs_fairification"": true, ""success"": false, ""swaps_made"": 5, ""initial_fairness"": 0.0752, ""initial_delta"": 0.32, ""dominated_removed_count"": 82, ""dominance_candidate_pool_size"": 87, ""candidates_after_winnow"": 0}"
tusLarge3,nl,t_ca85e8f9eef5b9d5____c10_0____0_fair.csv,10,886,92,10,False,0.1452,0.5,0.0056433408577878106,0.011286681715575621,92.23927348852158,92.23927348852158,t_ca85e8f9eef5b9d5____c13_1____0__t_ca85e8f9eef5b9d5____c1_0____2_fair.csv;t_ca85e8f9eef5b9d5____c13_1____0__t_ca85e8f9eef5b9d5____c19_0____4_fair.csv;t_ca85e8f9eef5b9d5____c13_1____0__t_ca85e8f9eef5b9d5____c17_0____3_fair.csv;t_ca85e8f9eef5b9d5____c13_1____0__t_ca85e8f9eef5b9d5____c15_1____1_fair.csv;t_ca85e8f9eef5b9d5____c13_1____0.csv;t_ca85e8f9eef5b9d5____c10_0____4.csv;t_ca85e8f9eef5b9d5____c10_0____4__t_ca85e8f9eef5b9d5____c9_1____4_fair.csv;t_ca85e8f9eef5b9d5____c10_0____4__t_ca85e8f9eef5b9d5____c10_0____0_fair.csv;t_ca85e8f9eef5b9d5____c15_1____0__t_ca85e8f9eef5b9d5____c10_0____0_fair.csv;t_ca85e8f9eef5b9d5____c15_1____0.csv,"{""needs_fairification"": true, ""success"": false, ""swaps_made"": 3, ""initial_fairness"": 0.0505, ""initial_delta"": 0.35, ""dominated_removed_count"": 79, ""dominance_candidate_pool_size"": 82, ""candidates_after_winnow"": 0}"
tusLarge3,nl,t_ca85e8f9eef5b9d5____c10_0____0_fair.csv,20,886,92,20,False,0.0958,0.7,0.01580135440180587,0.022573363431151242,184.4432314634323,184.4432314634323,t_ca85e8f9eef5b9d5____c13_1____0__t_ca85e8f9eef5b9d5____c1_0____2_fair.csv;t_ca85e8f9eef5b9d5____c13_1____0__t_ca85e8f9eef5b9d5____c19_0____4_fair.csv;t_ca85e8f9eef5b9d5____c13_1____0__t_ca85e8f9eef5b9d5____c17_0____3_fair.csv;t_ca85e8f9eef5b9d5____c13_1____0__t_ca85e8f9eef5b9d5____c15_1____1_fair.csv;t_ca85e8f9eef5b9d5____c13_1____0__t_ca85e8f9eef5b9d5____c14_1____2_fair.csv;t_ca85e8f9eef5b9d5____c13_1____0.csv;t_ca85e8f9eef5b9d5____c10_0____4.csv;t_ca85e8f9eef5b9d5____c10_0____4__t_ca85e8f9eef5b9d5____c9_1____4_fair.csv;t_ca85e8f9eef5b9d5____c10_0____4__t_ca85e8f9eef5b9d5____c1_0____2_fair.csv;t_ca85e8f9eef5b9d5____c10_0____4__t_ca85e8f9eef5b9d5____c19_0____4_fair.csv;t_ca85e8f9eef5b9d5____c10_0____4__t_ca85e8f9eef5b9d5____c17_0____3_fair.csv;t_ca85e8f9eef5b9d5____c10_0____4__t_ca85e8f9eef5b9d5____c15_1____1_fair.csv;t_ca85e8f9eef5b9d5____c10_0____4__t_ca85e8f9eef5b9d5____c14_1____2_fair.csv;t_ca85e8f9eef5b9d5____c10_0____4__t_ca85e8f9eef5b9d5____c10_1____1_fair.csv;t_ca85e8f9eef5b9d5____c10_0____4__t_ca85e8f9eef5b9d5____c10_1____0_fair.csv;t_ca85e8f9eef5b9d5____c10_0____4__t_ca85e8f9eef5b9d5____c10_0____0_fair.csv;t_ca85e8f9eef5b9d5____c15_1____0__t_ca85e8f9eef5b9d5____c8_0____4_fair.csv;t_ca85e8f9eef5b9d5____c15_1____0__t_ca85e8f9eef5b9d5____c22_0____1_fair.csv;t_ca85e8f9eef5b9d5____c15_1____0__t_ca85e8f9eef5b9d5____c10_0____0_fair.csv;t_ca85e8f9eef5b9d5____c15_1____0.csv,"{""needs_fairification"": true, ""success"": false, ""swaps_made"": 2, ""initial_fairness"": 0.0704, ""initial_delta"": 0.33, ""dominated_removed_count"": 70, ""dominance_candidate_pool_size"": 72, ""candidates_after_winnow"": 0}"
tusLarge3,nl,t_ca85e8f9eef5b9d5____c10_1____1_fair.csv,5,886,116,5,True,0.3151,1.0,0.0056433408577878106,0.0056433408577878106,49.18656378984451,49.18656378984451,t_ca85e8f9eef5b9d5____c10_1____4__t_ca85e8f9eef5b9d5____c15_1____1_fair.csv;t_ca85e8f9eef5b9d5____c10_1____4__t_ca85e8f9eef5b9d5____c10_1____1_fair.csv;t_ca85e8f9eef5b9d5____c10_1____4__t_ca85e8f9eef5b9d5____c10_1____0_fair.csv;t_ca85e8f9eef5b9d5____c10_1____2__t_ca85e8f9eef5b9d5____c10_1____1_fair.csv;t_ca85e8f9eef5b9d5____c10_1____3__t_ca85e8f9eef5b9d5____c10_1____1_fair.csv,"{""needs_fairification"": true, ""success"": true, ""swaps_made"": 2, ""initial_fairness"": 0.2078, ""initial_delta"": 0.19, ""dominated_removed_count"": 105, ""dominance_candidate_pool_size"": 111, ""candidates_after_winnow"": 4}"
tusLarge3,nl,t_ca85e8f9eef5b9d5____c10_1____1_fair.csv,10,886,116,10,False,0.2728,1.0,0.011286681715575621,0.011286681715575621,97.6824654340744,97.6824654340744,t_ca85e8f9eef5b9d5____c10_1____4__t_ca85e8f9eef5b9d5____c10_1____1_fair.csv;t_ca85e8f9eef5b9d5____c10_1____4.csv;t_ca85e8f9eef5b9d5____c10_1____2__t_ca85e8f9eef5b9d5____c8_0____4_fair.csv;t_ca85e8f9eef5b9d5____c10_1____2__t_ca85e8f9eef5b9d5____c22_0____1_fair.csv;t_ca85e8f9eef5b9d5____c10_1____2__t_ca85e8f9eef5b9d5____c15_1____1_fair.csv;t_ca85e8f9eef5b9d5____c10_1____2__t_ca85e8f9eef5b9d5____c10_1____1_fair.csv;t_ca85e8f9eef5b9d5____c10_1____3__t_ca85e8f9eef5b9d5____c10_1____1_fair.csv;t_ca85e8f9eef5b9d5____c10_1____3.csv;t_ca85e8f9eef5b9d5____c14_1____0__t_ca85e8f9eef5b9d5____c10_1____1_fair.csv;t_ca85e8f9eef5b9d5____c14_1____0.csv,"{""needs_fairification"": true, ""success"": false, ""swaps_made"": 5, ""initial_fairness"": 0.1546, ""initial_delta"": 0.25, ""dominated_removed_count"": 101, ""dominance_candidate_pool_size"": 106, ""candidates_after_winnow"": 0}"
tusLarge3,nl,t_ca85e8f9eef5b9d5____c10_1____1_fair.csv,20,886,116,20,False,0.1779,1.0,0.022573363431151242,0.022573363431151242,195.94681477546692,195.94681477546692,t_ca85e8f9eef5b9d5____c10_1____4__t_ca85e8f9eef5b9d5____c22_0____1_fair.csv;t_ca85e8f9eef5b9d5____c10_1____4__t_ca85e8f9eef5b9d5____c15_1____1_fair.csv;t_ca85e8f9eef5b9d5____c10_1____4__t_ca85e8f9eef5b9d5____c10_1____1_fair.csv;t_ca85e8f9eef5b9d5____c10_1____4__t_ca85e8f9eef5b9d5____c10_0____0_fair.csv;t_ca85e8f9eef5b9d5____c10_1____4.csv;t_ca85e8f9eef5b9d5____c10_1____2__t_ca85e8f9eef5b9d5____c8_0____4_fair.csv;t_ca85e8f9eef5b9d5____c10_1____2__t_ca85e8f9eef5b9d5____c22_0____1_fair.csv;t_ca85e8f9eef5b9d5____c10_1____2__t_ca85e8f9eef5b9d5____c15_1____1_fair.csv;t_ca85e8f9eef5b9d5____c10_1____2__t_ca85e8f9eef5b9d5____c10_1____1_fair.csv;t_ca85e8f9eef5b9d5____c10_1____2__t_ca85e8f9eef5b9d5____c10_1____0_fair.csv;t_ca85e8f9eef5b9d5____c10_1____2__t_ca85e8f9eef5b9d5____c10_0____0_fair.csv;t_ca85e8f9eef5b9d5____c10_1____3__t_ca85e8f9eef5b9d5____c8_0____4_fair.csv;t_ca85e8f9eef5b9d5____c10_1____3__t_ca85e8f9eef5b9d5____c22_0____1_fair.csv;t_ca85e8f9eef5b9d5____c10_1____3__t_ca85e8f9eef5b9d5____c15_1____1_fair.csv;t_ca85e8f9eef5b9d5____c10_1____3__t_ca85e8f9eef5b9d5____c10_1____1_fair.csv;t_ca85e8f9eef5b9d5____c10_1____3__t_ca85e8f9eef5b9d5____c10_1____0_fair.csv;t_ca85e8f9eef5b9d5____c10_1____3__t_ca85e8f9eef5b9d5____c10_0____0_fair.csv;t_ca85e8f9eef5b9d5____c10_1____3.csv;t_ca85e8f9eef5b9d5____c14_1____0__t_ca85e8f9eef5b9d5____c10_1____1_fair.csv;t_ca85e8f9eef5b9d5____c14_1____0.csv,"{""needs_fairification"": true, ""success"": false, ""swaps_made"": 2, ""initial_fairness"": 0.1577, ""initial_delta"": 0.24, ""dominated_removed_count"": 92, ""dominance_candidate_pool_size"": 96, ""candidates_after_winnow"": 2}"
tusLarge3,nl,t_ca85e8f9eef5b9d5____c10_1____0_fair.csv,5,893,125,5,True,0.3045,1.0,0.005599104143337066,0.005599104143337066,48.91219890117645,48.91219890117645,t_ca85e8f9eef5b9d5____c10_1____4__t_ca85e8f9eef5b9d5____c22_0____1_fair.csv;t_ca85e8f9eef5b9d5____c10_1____4__t_ca85e8f9eef5b9d5____c15_1____1_fair.csv;t_ca85e8f9eef5b9d5____c10_1____4__t_ca85e8f9eef5b9d5____c10_1____1_fair.csv;t_ca85e8f9eef5b9d5____c10_1____4__t_ca85e8f9eef5b9d5____c10_1____0_fair.csv;t_ca85e8f9eef5b9d5____c10_1____3__t_ca85e8f9eef5b9d5____c10_1____0_fair.csv,"{""needs_fairification"": true, ""success"": true, ""swaps_made"": 1, ""initial_fairness"": 0.2649, ""initial_delta"": 0.14, ""dominated_removed_count"": 116, ""dominance_candidate_pool_size"": 120, ""candidates_after_winnow"": 3}"
tusLarge3,nl,t_ca85e8f9eef5b9d5____c10_1____0_fair.csv,10,893,125,10,False,0.2774,1.0,0.011198208286674132,0.011198208286674132,97.44726079702377,97.44726079702377,t_ca85e8f9eef5b9d5____c10_1____4__t_ca85e8f9eef5b9d5____c15_1____1_fair.csv;t_ca85e8f9eef5b9d5____c10_1____4__t_ca85e8f9eef5b9d5____c10_1____1_fair.csv;t_ca85e8f9eef5b9d5____c10_1____4__t_ca85e8f9eef5b9d5____c10_1____0_fair.csv;t_ca85e8f9eef5b9d5____c10_1____4__t_ca85e8f9eef5b9d5____c10_0____0_fair.csv;t_ca85e8f9eef5b9d5____c10_1____4.csv;t_ca85e8f9eef5b9d5____c10_1____2__t_ca85e8f9eef5b9d5____c8_0____4_fair.csv;t_ca85e8f9eef5b9d5____c10_1____2__t_ca85e8f9eef5b9d5____c22_0____1_fair.csv;t_ca85e8f9eef5b9d5____c10_1____2__t_ca85e8f9eef5b9d5____c15_1____1_fair.csv;t_ca85e8f9eef5b9d5____c10_1____2__t_ca85e8f9eef5b9d5____c10_1____0_fair.csv;t_ca85e8f9eef5b9d5____c10_1____3__t_ca85e8f9eef5b9d5____c10_1____0_fair.csv,"{""needs_fairification"": true, ""success"": false, ""swaps_made"": 2, ""initial_fairness"": 0.2336, ""initial_delta"": 0.17, ""dominated_removed_count"": 113, ""dominance_candidate_pool_size"": 115, ""candidates_after_winnow"": 0}"
tusLarge3,nl,t_ca85e8f9eef5b9d5____c10_1____0_fair.csv,20,893,125,20,False,0.2389,1.0,0.022396416573348264,0.022396416573348264,194.24615532159805,194.24615532159805,t_ca85e8f9eef5b9d5____c10_1____4__t_ca85e8f9eef5b9d5____c8_0____4_fair.csv;t_ca85e8f9eef5b9d5____c10_1____4__t_ca85e8f9eef5b9d5____c22_0____1_fair.csv;t_ca85e8f9eef5b9d5____c10_1____4__t_ca85e8f9eef5b9d5____c15_1____1_fair.csv;t_ca85e8f9eef5b9d5____c10_1____4__t_ca85e8f9eef5b9d5____c10_1____1_fair.csv;t_ca85e8f9eef5b9d5____c10_1____4__t_ca85e8f9eef5b9d5____c10_1____0_fair.csv;t_ca85e8f9eef5b9d5____c10_1____4__t_ca85e8f9eef5b9d5____c10_0____0_fair.csv;t_ca85e8f9eef5b9d5____c10_1____4.csv;t_ca85e8f9eef5b9d5____c10_1____2__t_ca85e8f9eef5b9d5____c8_0____4_fair.csv;t_ca85e8f9eef5b9d5____c10_1____2__t_ca85e8f9eef5b9d5____c22_0____1_fair.csv;t_ca85e8f9eef5b9d5____c10_1____2__t_ca85e8f9eef5b9d5____c15_1____1_fair.csv;t_ca85e8f9eef5b9d5____c10_1____2__t_ca85e8f9eef5b9d5____c10_1____1_fair.csv;t_ca85e8f9eef5b9d5____c10_1____2__t_ca85e8f9eef5b9d5____c10_1____0_fair.csv;t_ca85e8f9eef5b9d5____c10_1____2__t_ca85e8f9eef5b9d5____c10_0____0_fair.csv;t_ca85e8f9eef5b9d5____c10_1____3__t_ca85e8f9eef5b9d5____c8_0____4_fair.csv;t_ca85e8f9eef5b9d5____c10_1____3__t_ca85e8f9eef5b9d5____c22_0____1_fair.csv;t_ca85e8f9eef5b9d5____c10_1____3__t_ca85e8f9eef5b9d5____c15_1____1_fair.csv;t_ca85e8f9eef5b9d5____c10_1____3__t_ca85e8f9eef5b9d5____c10_1____1_fair.csv;t_ca85e8f9eef5b9d5____c10_1____3__t_ca85e8f9eef5b9d5____c10_1____0_fair.csv;t_ca85e8f9eef5b9d5____c10_1____3__t_ca85e8f9eef5b9d5____c10_0____0_fair.csv;t_ca85e8f9eef5b9d5____c10_1____3.csv,"{""needs_fairification"": true, ""success"": false, ""swaps_made"": 0, ""initial_fairness"": 0.2389, ""initial_delta"": 0.16, ""dominated_removed_count"": 98, ""dominance_candidate_pool_size"": 105, ""candidates_after_winnow"": 7}"
tusLarge3,nl,t_ca85e8f9eef5b9d5____c1_0____2_fair.csv,5,1029,403,5,True,0.3692,1.0,0.004859086491739553,0.004859086491739553,4.941031396389008,4.941031396389008,t_ca85e8f9eef5b9d5____c1_0____3__t_ca85e8f9eef5b9d5____c1_0____2_fair.csv;t_ca85e8f9eef5b9d5____c1_0____3__t_ca85e8f9eef5b9d5____c17_0____3_fair.csv;t_ca85e8f9eef5b9d5____c1_0____0__t_ca85e8f9eef5b9d5____c9_1____4_fair.csv;t_ca85e8f9eef5b9d5____c1_0____0__t_ca85e8f9eef5b9d5____c1_0____2_fair.csv;t_ca85e8f9eef5b9d5____c1_0____4__t_ca85e8f9eef5b9d5____c17_0____3_fair.csv,"{""needs_fairification"": true, ""success"": true, ""swaps_made"": 1, ""initial_fairness"": 0.2939, ""initial_delta"": 0.11, ""dominated_removed_count"": 391, ""dominance_candidate_pool_size"": 398, ""candidates_after_winnow"": 6}"
tusLarge3,nl,t_ca85e8f9eef5b9d5____c1_0____2_fair.csv,10,1029,403,10,True,0.3303,1.0,0.009718172983479106,0.009718172983479106,9.869530439376831,9.869530439376831,t_ca85e8f9eef5b9d5____c1_0____3__t_ca85e8f9eef5b9d5____c1_0____2_fair.csv;t_ca85e8f9eef5b9d5____c1_0____3__t_ca85e8f9eef5b9d5____c17_0____3_fair.csv;t_ca85e8f9eef5b9d5____c1_0____0__t_ca85e8f9eef5b9d5____c9_1____4_fair.csv;t_ca85e8f9eef5b9d5____c1_0____0__t_ca85e8f9eef5b9d5____c1_0____2_fair.csv;t_ca85e8f9eef5b9d5____c1_0____0__t_ca85e8f9eef5b9d5____c19_0____4_fair.csv;t_ca85e8f9eef5b9d5____c1_0____0__t_ca85e8f9eef5b9d5____c17_0____3_fair.csv;t_ca85e8f9eef5b9d5____c1_0____4__t_ca85e8f9eef5b9d5____c17_0____3_fair.csv;t_ca85e8f9eef5b9d5____c1_0____1__t_ca85e8f9eef5b9d5____c9_1____4_fair.csv;t_ca85e8f9eef5b9d5____c1_0____1__t_ca85e8f9eef5b9d5____c1_0____2_fair.csv;t_ca85e8f9eef5b9d5____c1_0____1__t_ca85e8f9eef5b9d5____c17_0____3_fair.csv,"{""needs_fairification"": true, ""success"": true, ""swaps_made"": 1, ""initial_fairness"": 0.2931, ""initial_delta"": 0.11, ""dominated_removed_count"": 388, ""dominance_candidate_pool_size"": 393, ""candidates_after_winnow"": 4}"
tusLarge3,nl,t_ca85e8f9eef5b9d5____c1_0____2_fair.csv,20,1029,403,20,True,0.3098,0.55,0.010689990281827016,0.019436345966958212,19.237558484077454,19.237558484077454,t_ca85e8f9eef5b9d5____c1_0____3__t_ca85e8f9eef5b9d5____c1_0____2_fair.csv;t_ca85e8f9eef5b9d5____c1_0____3__t_ca85e8f9eef5b9d5____c17_0____3_fair.csv;t_ca85e8f9eef5b9d5____c1_0____0__t_ca85e8f9eef5b9d5____c9_1____4_fair.csv;t_ca85e8f9eef5b9d5____c1_0____0__t_ca85e8f9eef5b9d5____c1_0____2_fair.csv;t_ca85e8f9eef5b9d5____c1_0____0__t_ca85e8f9eef5b9d5____c19_0____4_fair.csv;t_ca85e8f9eef5b9d5____c1_0____0__t_ca85e8f9eef5b9d5____c17_0____3_fair.csv;t_ca85e8f9eef5b9d5____c1_0____4__t_ca85e8f9eef5b9d5____c17_0____3_fair.csv;t_ca85e8f9eef5b9d5____c1_0____1__t_ca85e8f9eef5b9d5____c9_1____4_fair.csv;t_ca85e8f9eef5b9d5____c1_0____1__t_ca85e8f9eef5b9d5____c1_0____2_fair.csv;t_ca85e8f9eef5b9d5____c1_0____1__t_ca85e8f9eef5b9d5____c19_0____4_fair.csv;t_ca85e8f9eef5b9d5____c1_0____1__t_ca85e8f9eef5b9d5____c17_0____3_fair.csv;t_1d580f266b2a923b____c1_1____2__t_1d580f266b2a923b____c7_0____3_fair.csv;t_bd6030667b3d0d9a____c1_1____1__t_bd6030667b3d0d9a____c5_0____4_fair.csv;t_6047be0d6255e98d____c1_1____4__t_6047be0d6255e98d____c10_0____0_fair.csv;t_014c2259cce4ab13____c1_0____1__t_014c2259cce4ab13____c27_0____4_fair.csv;t_1d580f266b2a923b____c1_1____1__t_1d580f266b2a923b____c7_0____3_fair.csv;t_1d580f266b2a923b____c1_1____0__t_1d580f266b2a923b____c7_0____3_fair.csv;t_1d580f266b2a923b____c1_1____4__t_1d580f266b2a923b____c11_1____2_fair.csv;t_bd6030667b3d0d9a____c1_1____0__t_bd6030667b3d0d9a____c5_0____4_fair.csv;t_ca85e8f9eef5b9d5____c3_0____0__t_ca85e8f9eef5b9d5____c22_0____1_fair.csv,"{""needs_fairification"": true, ""success"": true, ""swaps_made"": 1, ""initial_fairness"": 0.2839, ""initial_delta"": 0.12, ""dominated_removed_count"": 375, ""dominance_candidate_pool_size"": 383, ""candidates_after_winnow"": 7}"
tusLarge3,nl,t_ca85e8f9eef5b9d5____c14_1____2_fair.csv,5,1129,84,5,True,0.3225,1.0,0.0044286979627989375,0.0044286979627989375,65.45497363805771,65.45497363805771,t_ca85e8f9eef5b9d5____c14_1____4__t_ca85e8f9eef5b9d5____c14_1____2_fair.csv;t_ca85e8f9eef5b9d5____c14_1____4__t_ca85e8f9eef5b9d5____c10_1____0_fair.csv;t_ca85e8f9eef5b9d5____c14_1____4__t_ca85e8f9eef5b9d5____c10_0____0_fair.csv;t_ca85e8f9eef5b9d5____c14_1____1__t_ca85e8f9eef5b9d5____c14_1____2_fair.csv;t_ca85e8f9eef5b9d5____c11_1____4__t_ca85e8f9eef5b9d5____c14_1____2_fair.csv,"{""needs_fairification"": true, ""success"": true, ""swaps_made"": 2, ""initial_fairness"": 0.2199, ""initial_delta"": 0.18, ""dominated_removed_count"": 75, ""dominance_candidate_pool_size"": 79, ""candidates_after_winnow"": 2}"
tusLarge3,nl,t_ca85e8f9eef5b9d5____c14_1____2_fair.csv,10,1129,84,10,False,0.2095,1.0,0.008857395925597875,0.008857395925597875,133.81561332941055,133.81561332941055,t_ca85e8f9eef5b9d5____c14_1____4__t_ca85e8f9eef5b9d5____c14_1____2_fair.csv;t_ca85e8f9eef5b9d5____c14_1____4__t_ca85e8f9eef5b9d5____c10_1____1_fair.csv;t_ca85e8f9eef5b9d5____c14_1____4__t_ca85e8f9eef5b9d5____c10_1____0_fair.csv;t_ca85e8f9eef5b9d5____c14_1____4__t_ca85e8f9eef5b9d5____c10_0____0_fair.csv;t_ca85e8f9eef5b9d5____c14_1____4.csv;t_ca85e8f9eef5b9d5____c14_1____1__t_ca85e8f9eef5b9d5____c20_0____2_fair.csv;t_ca85e8f9eef5b9d5____c14_1____1__t_ca85e8f9eef5b9d5____c14_1____2_fair.csv;t_ca85e8f9eef5b9d5____c14_1____1__t_ca85e8f9eef5b9d5____c10_1____1_fair.csv;t_ca85e8f9eef5b9d5____c14_1____1__t_ca85e8f9eef5b9d5____c10_1____0_fair.csv;t_ca85e8f9eef5b9d5____c11_1____4__t_ca85e8f9eef5b9d5____c14_1____2_fair.csv,"{""needs_fairification"": true, ""success"": false, ""swaps_made"": 1, ""initial_fairness"": 0.1788, ""initial_delta"": 0.22, ""dominated_removed_count"": 71, ""dominance_candidate_pool_size"": 74, ""candidates_after_winnow"": 2}"
tusLarge3,nl,t_ca85e8f9eef5b9d5____c14_1____2_fair.csv,20,1129,84,20,False,0.1169,1.0,0.01771479185119575,0.01771479185119575,269.73172265291214,269.73172265291214,t_ca85e8f9eef5b9d5____c14_1____4__t_ca85e8f9eef5b9d5____c14_1____2_fair.csv;t_ca85e8f9eef5b9d5____c14_1____4__t_ca85e8f9eef5b9d5____c10_1____1_fair.csv;t_ca85e8f9eef5b9d5____c14_1____4__t_ca85e8f9eef5b9d5____c10_1____0_fair.csv;t_ca85e8f9eef5b9d5____c14_1____4__t_ca85e8f9eef5b9d5____c10_0____0_fair.csv;t_ca85e8f9eef5b9d5____c14_1____4.csv;t_ca85e8f9eef5b9d5____c14_1____1__t_ca85e8f9eef5b9d5____c20_0____2_fair.csv;t_ca85e8f9eef5b9d5____c14_1____1__t_ca85e8f9eef5b9d5____c14_1____2_fair.csv;t_ca85e8f9eef5b9d5____c14_1____1__t_ca85e8f9eef5b9d5____c10_1____1_fair.csv;t_ca85e8f9eef5b9d5____c14_1____1__t_ca85e8f9eef5b9d5____c10_1____0_fair.csv;t_ca85e8f9eef5b9d5____c14_1____1__t_ca85e8f9eef5b9d5____c10_0____0_fair.csv;t_ca85e8f9eef5b9d5____c14_1____1.csv;t_ca85e8f9eef5b9d5____c14_1____0__t_ca85e8f9eef5b9d5____c14_1____2_fair.csv;t_ca85e8f9eef5b9d5____c14_1____0__t_ca85e8f9eef5b9d5____c10_1____1_fair.csv;t_ca85e8f9eef5b9d5____c14_1____0__t_ca85e8f9eef5b9d5____c10_1____0_fair.csv;t_ca85e8f9eef5b9d5____c14_1____0__t_ca85e8f9eef5b9d5____c10_0____0_fair.csv;t_ca85e8f9eef5b9d5____c14_1____0.csv;t_ca85e8f9eef5b9d5____c14_1____3__t_ca85e8f9eef5b9d5____c20_0____2_fair.csv;t_ca85e8f9eef5b9d5____c14_1____3__t_ca85e8f9eef5b9d5____c14_1____2_fair.csv;t_ca85e8f9eef5b9d5____c14_1____3.csv;t_ca85e8f9eef5b9d5____c11_1____4__t_ca85e8f9eef5b9d5____c14_1____2_fair.csv,"{""needs_fairification"": true, ""success"": false, ""swaps_made"": 2, ""initial_fairness"": 0.0979, ""initial_delta"": 0.3, ""dominated_removed_count"": 61, ""dominance_candidate_pool_size"": 64, ""candidates_after_winnow"": 1}"
tusLarge3,nl,t_c701386b7c10b107____c20_0____0_fair.csv,5,850,51,5,False,0.0674,1.0,0.0058823529411764705,0.0058823529411764705,93.43562602996826,93.43562602996826,t_c701386b7c10b107____c21_0____0__t_c701386b7c10b107____c9_0____1_fair.csv;t_c701386b7c10b107____c21_0____0__t_c701386b7c10b107____c8_0____2_fair.csv;t_c701386b7c10b107____c21_0____0__t_c701386b7c10b107____c5_0____1_fair.csv;t_c701386b7c10b107____c21_0____0__t_c701386b7c10b107____c3_0____0_fair.csv;t_c701386b7c10b107____c21_0____0__t_c701386b7c10b107____c20_0____0_fair.csv,"{""needs_fairification"": true, ""success"": false, ""swaps_made"": 0, ""initial_fairness"": 0.0674, ""initial_delta"": 0.33, ""dominated_removed_count"": 44, ""dominance_candidate_pool_size"": 46, ""candidates_after_winnow"": 2}"
tusLarge3,nl,t_c701386b7c10b107____c20_0____0_fair.csv,10,850,51,10,False,0.0395,0.9,0.010588235294117647,0.011764705882352941,186.5788101553917,186.5788101553917,t_c701386b7c10b107____c21_0____0__t_c701386b7c10b107____c9_0____1_fair.csv;t_c701386b7c10b107____c21_0____0__t_c701386b7c10b107____c8_0____2_fair.csv;t_c701386b7c10b107____c21_0____0__t_c701386b7c10b107____c5_0____1_fair.csv;t_c701386b7c10b107____c21_0____0__t_c701386b7c10b107____c3_0____0_fair.csv;t_c701386b7c10b107____c21_0____0__t_c701386b7c10b107____c20_0____0_fair.csv;t_c701386b7c10b107____c21_0____0__t_c701386b7c10b107____c19_1____4_fair.csv;t_c701386b7c10b107____c21_0____0__t_c701386b7c10b107____c16_0____0_fair.csv;t_c701386b7c10b107____c21_0____0__t_c701386b7c10b107____c11_1____2_fair.csv;t_c701386b7c10b107____c21_0____0.csv;t_c701386b7c10b107____c21_1____0.csv,"{""needs_fairification"": true, ""success"": false, ""swaps_made"": 0, ""initial_fairness"": 0.0395, ""initial_delta"": 0.36, ""dominated_removed_count"": 39, ""dominance_candidate_pool_size"": 41, ""candidates_after_winnow"": 2}"
tusLarge3,nl,t_c701386b7c10b107____c20_0____0_fair.csv,20,850,51,20,False,0.02,0.45,0.010588235294117647,0.023529411764705882,368.72095638513565,368.72095638513565,t_c701386b7c10b107____c21_0____0__t_c701386b7c10b107____c9_0____1_fair.csv;t_c701386b7c10b107____c21_0____0__t_c701386b7c10b107____c8_0____2_fair.csv;t_c701386b7c10b107____c21_0____0__t_c701386b7c10b107____c5_0____1_fair.csv;t_c701386b7c10b107____c21_0____0__t_c701386b7c10b107____c3_0____0_fair.csv;t_c701386b7c10b107____c21_0____0__t_c701386b7c10b107____c20_0____0_fair.csv;t_c701386b7c10b107____c21_0____0__t_c701386b7c10b107____c19_1____4_fair.csv;t_c701386b7c10b107____c21_0____0__t_c701386b7c10b107____c16_0____0_fair.csv;t_c701386b7c10b107____c21_0____0__t_c701386b7c10b107____c11_1____2_fair.csv;t_c701386b7c10b107____c21_0____0.csv;t_c701386b7c10b107____c21_1____0.csv;t_c701386b7c10b107____c21_1____0__t_c701386b7c10b107____c9_0____1_fair.csv;t_c701386b7c10b107____c21_1____0__t_c701386b7c10b107____c8_0____2_fair.csv;t_c701386b7c10b107____c21_1____0__t_c701386b7c10b107____c7_0____1_fair.csv;t_c701386b7c10b107____c21_1____0__t_c701386b7c10b107____c5_0____1_fair.csv;t_c701386b7c10b107____c21_1____0__t_c701386b7c10b107____c3_0____0_fair.csv;t_c701386b7c10b107____c21_1____0__t_c701386b7c10b107____c19_1____4_fair.csv;t_c701386b7c10b107____c21_1____0__t_c701386b7c10b107____c18_1____3_fair.csv;t_c701386b7c10b107____c21_1____0__t_c701386b7c10b107____c16_0____0_fair.csv;t_c701386b7c10b107____c21_1____0__t_c701386b7c10b107____c14_1____3_fair.csv;t_c701386b7c10b107____c21_1____0__t_c701386b7c10b107____c11_1____2_fair.csv,"{""needs_fairification"": true, ""success"": false, ""swaps_made"": 0, ""initial_fairness"": 0.02, ""initial_delta"": 0.38, ""dominated_removed_count"": 30, ""dominance_candidate_pool_size"": 31, ""candidates_after_winnow"": 1}"
tusLarge3,nl,t_c701386b7c10b107____c18_1____3_fair.csv,5,845,62,5,False,0.1581,1.0,0.005917159763313609,0.005917159763313609,84.32496029138565,84.32496029138565,t_c701386b7c10b107____c21_1____3__t_c701386b7c10b107____c5_0____1_fair.csv;t_c701386b7c10b107____c21_1____3__t_c701386b7c10b107____c3_0____0_fair.csv;t_c701386b7c10b107____c20_1____4.csv;t_c701386b7c10b107____c18_1____0.csv;t_c701386b7c10b107____c18_1____0__t_c701386b7c10b107____c18_1____3_fair.csv,"{""needs_fairification"": true, ""success"": false, ""swaps_made"": 3, ""initial_fairness"": 0.071, ""initial_delta"": 0.33, ""dominated_removed_count"": 53, ""dominance_candidate_pool_size"": 57, ""candidates_after_winnow"": 1}"
tusLarge3,nl,t_c701386b7c10b107____c18_1____3_fair.csv,10,845,62,10,False,0.0759,1.0,0.011834319526627219,0.011834319526627219,170.7040622830391,170.7040622830391,t_c701386b7c10b107____c21_1____3__t_c701386b7c10b107____c8_0____2_fair.csv;t_c701386b7c10b107____c21_1____3__t_c701386b7c10b107____c7_0____1_fair.csv;t_c701386b7c10b107____c21_1____3__t_c701386b7c10b107____c5_0____1_fair.csv;t_c701386b7c10b107____c21_1____3__t_c701386b7c10b107____c3_0____0_fair.csv;t_c701386b7c10b107____c21_1____3__t_c701386b7c10b107____c19_1____4_fair.csv;t_c701386b7c10b107____c21_1____3__t_c701386b7c10b107____c18_1____3_fair.csv;t_c701386b7c10b107____c21_1____3__t_c701386b7c10b107____c16_0____0_fair.csv;t_c701386b7c10b107____c21_1____3__t_c701386b7c10b107____c14_1____3_fair.csv;t_c701386b7c10b107____c21_1____3__t_c701386b7c10b107____c11_1____2_fair.csv;t_c701386b7c10b107____c18_1____0__t_c701386b7c10b107____c18_1____3_fair.csv,"{""needs_fairification"": true, ""success"": false, ""swaps_made"": 1, ""initial_fairness"": 0.0387, ""initial_delta"": 0.36, ""dominated_removed_count"": 49, ""dominance_candidate_pool_size"": 52, ""candidates_after_winnow"": 2}"
tusLarge3,nl,t_c701386b7c10b107____c18_1____3_fair.csv,20,845,62,20,False,0.0409,1.0,0.023668639053254437,0.023668639053254437,339.40963155031204,339.40963155031204,t_c701386b7c10b107____c21_1____3__t_c701386b7c10b107____c8_0____2_fair.csv;t_c701386b7c10b107____c21_1____3__t_c701386b7c10b107____c7_0____1_fair.csv;t_c701386b7c10b107____c21_1____3__t_c701386b7c10b107____c5_0____1_fair.csv;t_c701386b7c10b107____c21_1____3__t_c701386b7c10b107____c3_0____0_fair.csv;t_c701386b7c10b107____c21_1____3__t_c701386b7c10b107____c19_1____4_fair.csv;t_c701386b7c10b107____c21_1____3__t_c701386b7c10b107____c18_1____3_fair.csv;t_c701386b7c10b107____c21_1____3__t_c701386b7c10b107____c16_0____0_fair.csv;t_c701386b7c10b107____c21_1____3__t_c701386b7c10b107____c14_1____3_fair.csv;t_c701386b7c10b107____c21_1____3__t_c701386b7c10b107____c11_1____2_fair.csv;t_c701386b7c10b107____c20_1____4.csv;t_c701386b7c10b107____c20_1____4__t_c701386b7c10b107____c9_0____1_fair.csv;t_c701386b7c10b107____c20_1____4__t_c701386b7c10b107____c8_0____2_fair.csv;t_c701386b7c10b107____c20_1____4__t_c701386b7c10b107____c7_0____1_fair.csv;t_c701386b7c10b107____c20_1____4__t_c701386b7c10b107____c5_0____1_fair.csv;t_c701386b7c10b107____c20_1____4__t_c701386b7c10b107____c3_0____0_fair.csv;t_c701386b7c10b107____c20_1____4__t_c701386b7c10b107____c20_0____0_fair.csv;t_c701386b7c10b107____c20_1____4__t_c701386b7c10b107____c19_1____4_fair.csv;t_c701386b7c10b107____c20_1____4__t_c701386b7c10b107____c18_1____3_fair.csv;t_c701386b7c10b107____c20_1____4__t_c701386b7c10b107____c16_0____0_fair.csv;t_c701386b7c10b107____c18_1____0__t_c701386b7c10b107____c18_1____3_fair.csv,"{""needs_fairification"": true, ""success"": false, ""swaps_made"": 1, ""initial_fairness"": 0.0208, ""initial_delta"": 0.38, ""dominated_removed_count"": 38, ""dominance_candidate_pool_size"": 42, ""candidates_after_winnow"": 3}"
tusLarge3,nl,t_c701386b7c10b107____c19_1____4_fair.csv,5,1023,59,5,False,0.2177,1.0,0.004887585532746823,0.004887585532746823,90.58984673023224,90.58984673023224,t_c701386b7c10b107____c20_1____1__t_c701386b7c10b107____c8_0____2_fair.csv;t_c701386b7c10b107____c20_1____1__t_c701386b7c10b107____c7_0____1_fair.csv;t_c701386b7c10b107____c20_1____1__t_c701386b7c10b107____c5_0____1_fair.csv;t_c701386b7c10b107____c20_1____1__t_c701386b7c10b107____c19_1____4_fair.csv;t_c701386b7c10b107____c19_1____1__t_c701386b7c10b107____c19_1____4_fair.csv,"{""needs_fairification"": true, ""success"": false, ""swaps_made"": 2, ""initial_fairness"": 0.0796, ""initial_delta"": 0.32, ""dominated_removed_count"": 52, ""dominance_candidate_pool_size"": 54, ""candidates_after_winnow"": 0}"
tusLarge3,nl,t_c701386b7c10b107____c19_1____4_fair.csv,10,1023,59,10,False,0.1578,1.0,0.009775171065493646,0.009775171065493646,181.35796117782593,181.35796117782593,t_c701386b7c10b107____c20_1____1__t_c701386b7c10b107____c7_0____1_fair.csv;t_c701386b7c10b107____c20_1____1__t_c701386b7c10b107____c5_0____1_fair.csv;t_c701386b7c10b107____c20_1____1__t_c701386b7c10b107____c3_0____0_fair.csv;t_c701386b7c10b107____c20_1____1__t_c701386b7c10b107____c20_0____0_fair.csv;t_c701386b7c10b107____c20_1____1__t_c701386b7c10b107____c19_1____4_fair.csv;t_c701386b7c10b107____c20_1____1__t_c701386b7c10b107____c18_1____3_fair.csv;t_c701386b7c10b107____c20_1____1__t_c701386b7c10b107____c16_0____0_fair.csv;t_c701386b7c10b107____c20_1____4.csv;t_c701386b7c10b107____c20_1____4__t_c701386b7c10b107____c19_1____4_fair.csv;t_c701386b7c10b107____c19_1____1__t_c701386b7c10b107____c19_1____4_fair.csv,"{""needs_fairification"": true, ""success"": false, ""swaps_made"": 3, ""initial_fairness"": 0.0808, ""initial_delta"": 0.32, ""dominated_removed_count"": 45, ""dominance_candidate_pool_size"": 49, ""candidates_after_winnow"": 1}"
tusLarge3,nl,t_c701386b7c10b107____c19_1____4_fair.csv,20,1023,59,20,False,0.0832,1.0,0.019550342130987292,0.019550342130987292,362.60820508003235,362.60820508003235,t_c701386b7c10b107____c20_1____1__t_c701386b7c10b107____c9_0____1_fair.csv;t_c701386b7c10b107____c20_1____1__t_c701386b7c10b107____c8_0____2_fair.csv;t_c701386b7c10b107____c20_1____1__t_c701386b7c10b107____c7_0____1_fair.csv;t_c701386b7c10b107____c20_1____1__t_c701386b7c10b107____c5_0____1_fair.csv;t_c701386b7c10b107____c20_1____1__t_c701386b7c10b107____c3_0____0_fair.csv;t_c701386b7c10b107____c20_1____1__t_c701386b7c10b107____c20_0____0_fair.csv;t_c701386b7c10b107____c20_1____1__t_c701386b7c10b107____c19_1____4_fair.csv;t_c701386b7c10b107____c20_1____1__t_c701386b7c10b107____c18_1____3_fair.csv;t_c701386b7c10b107____c20_1____1__t_c701386b7c10b107____c16_0____0_fair.csv;t_c701386b7c10b107____c20_1____1__t_c701386b7c10b107____c14_1____3_fair.csv;t_c701386b7c10b107____c20_1____1__t_c701386b7c10b107____c11_1____2_fair.csv;t_c701386b7c10b107____c20_1____4.csv;t_c701386b7c10b107____c20_1____4__t_c701386b7c10b107____c9_0____1_fair.csv;t_c701386b7c10b107____c20_1____4__t_c701386b7c10b107____c8_0____2_fair.csv;t_c701386b7c10b107____c20_1____4__t_c701386b7c10b107____c7_0____1_fair.csv;t_c701386b7c10b107____c20_1____4__t_c701386b7c10b107____c5_0____1_fair.csv;t_c701386b7c10b107____c20_1____4__t_c701386b7c10b107____c3_0____0_fair.csv;t_c701386b7c10b107____c20_1____4__t_c701386b7c10b107____c20_0____0_fair.csv;t_c701386b7c10b107____c20_1____4__t_c701386b7c10b107____c19_1____4_fair.csv;t_c701386b7c10b107____c19_1____1__t_c701386b7c10b107____c19_1____4_fair.csv,"{""needs_fairification"": true, ""success"": false, ""swaps_made"": 1, ""initial_fairness"": 0.0628, ""initial_delta"": 0.34, ""dominated_removed_count"": 36, ""dominance_candidate_pool_size"": 39, ""candidates_after_winnow"": 2}"
tusLarge3,nl,t_ca85e8f9eef5b9d5____c8_0____4_fair.csv,5,930,110,5,True,0.3189,1.0,0.005376344086021506,0.005376344086021506,37.72057032585144,37.72057032585144,t_ca85e8f9eef5b9d5____c8_0____3.csv;t_ca85e8f9eef5b9d5____c8_0____3__t_ca85e8f9eef5b9d5____c8_0____4_fair.csv;t_ca85e8f9eef5b9d5____c8_0____1__t_ca85e8f9eef5b9d5____c8_0____4_fair.csv;t_ca85e8f9eef5b9d5____c8_1____4__t_ca85e8f9eef5b9d5____c8_0____4_fair.csv;t_ca85e8f9eef5b9d5____c7_0____0__t_ca85e8f9eef5b9d5____c8_0____4_fair.csv,"{""needs_fairification"": true, ""success"": true, ""swaps_made"": 2, ""initial_fairness"": 0.1684, ""initial_delta"": 0.23, ""dominated_removed_count"": 100, ""dominance_candidate_pool_size"": 105, ""candidates_after_winnow"": 3}"
tusLarge3,nl,t_ca85e8f9eef5b9d5____c8_0____4_fair.csv,10,930,110,10,False,0.2383,1.0,0.010752688172043012,0.010752688172043012,75.63898062705994,75.63898062705994,t_ca85e8f9eef5b9d5____c8_0____3__t_ca85e8f9eef5b9d5____c8_0____4_fair.csv;t_ca85e8f9eef5b9d5____c8_0____1.csv;t_ca85e8f9eef5b9d5____c10_1____4__t_ca85e8f9eef5b9d5____c22_0____1_fair.csv;t_ca85e8f9eef5b9d5____c10_1____4__t_ca85e8f9eef5b9d5____c15_1____1_fair.csv;t_ca85e8f9eef5b9d5____c10_1____4__t_ca85e8f9eef5b9d5____c10_1____1_fair.csv;t_ca85e8f9eef5b9d5____c10_1____4.csv;t_ca85e8f9eef5b9d5____c8_1____4__t_ca85e8f9eef5b9d5____c8_0____4_fair.csv;t_ca85e8f9eef5b9d5____c9_0____2__t_ca85e8f9eef5b9d5____c8_0____4_fair.csv;t_ca85e8f9eef5b9d5____c9_0____3__t_ca85e8f9eef5b9d5____c8_0____4_fair.csv;t_ca85e8f9eef5b9d5____c7_0____0__t_ca85e8f9eef5b9d5____c8_0____4_fair.csv,"{""needs_fairification"": true, ""success"": false, ""swaps_made"": 5, ""initial_fairness"": 0.0868, ""initial_delta"": 0.31, ""dominated_removed_count"": 95, ""dominance_candidate_pool_size"": 100, ""candidates_after_winnow"": 0}"
tusLarge3,nl,t_ca85e8f9eef5b9d5____c8_0____4_fair.csv,20,930,110,20,False,0.1294,1.0,0.021505376344086023,0.021505376344086023,152.5922994017601,152.5922994017601,t_ca85e8f9eef5b9d5____c8_0____3__t_ca85e8f9eef5b9d5____c8_0____4_fair.csv;t_ca85e8f9eef5b9d5____c8_0____1__t_ca85e8f9eef5b9d5____c8_0____4_fair.csv;t_ca85e8f9eef5b9d5____c8_0____1.csv;t_ca85e8f9eef5b9d5____c10_1____4__t_ca85e8f9eef5b9d5____c8_0____4_fair.csv;t_ca85e8f9eef5b9d5____c10_1____4__t_ca85e8f9eef5b9d5____c22_0____1_fair.csv;t_ca85e8f9eef5b9d5____c10_1____4__t_ca85e8f9eef5b9d5____c15_1____1_fair.csv;t_ca85e8f9eef5b9d5____c10_1____4__t_ca85e8f9eef5b9d5____c10_1____1_fair.csv;t_ca85e8f9eef5b9d5____c10_1____4__t_ca85e8f9eef5b9d5____c10_1____0_fair.csv;t_ca85e8f9eef5b9d5____c10_1____4__t_ca85e8f9eef5b9d5____c10_0____0_fair.csv;t_ca85e8f9eef5b9d5____c10_1____4.csv;t_ca85e8f9eef5b9d5____c8_0____2__t_ca85e8f9eef5b9d5____c8_0____4_fair.csv;t_ca85e8f9eef5b9d5____c8_1____0__t_ca85e8f9eef5b9d5____c8_0____4_fair.csv;t_ca85e8f9eef5b9d5____c8_1____0__t_ca85e8f9eef5b9d5____c20_0____2_fair.csv;t_ca85e8f9eef5b9d5____c8_1____4__t_ca85e8f9eef5b9d5____c8_0____4_fair.csv;t_ca85e8f9eef5b9d5____c8_1____4__t_ca85e8f9eef5b9d5____c20_0____2_fair.csv;t_ca85e8f9eef5b9d5____c8_1____2__t_ca85e8f9eef5b9d5____c8_0____4_fair.csv;t_ca85e8f9eef5b9d5____c8_1____2__t_ca85e8f9eef5b9d5____c20_0____2_fair.csv;t_ca85e8f9eef5b9d5____c9_0____2__t_ca85e8f9eef5b9d5____c8_0____4_fair.csv;t_ca85e8f9eef5b9d5____c9_0____3__t_ca85e8f9eef5b9d5____c8_0____4_fair.csv;t_ca85e8f9eef5b9d5____c7_0____0__t_ca85e8f9eef5b9d5____c8_0____4_fair.csv,"{""needs_fairification"": true, ""success"": false, ""swaps_made"": 3, ""initial_fairness"": 0.0758, ""initial_delta"": 0.32, ""dominated_removed_count"": 86, ""dominance_candidate_pool_size"": 90, ""candidates_after_winnow"": 1}"
tusLarge3,nl,t_ca85e8f9eef5b9d5____c9_1____4_fair.csv,5,1029,120,5,False,0.2555,1.0,0.004859086491739553,0.004859086491739553,42.378885984420776,42.378885984420776,t_ca85e8f9eef5b9d5____c9_1____0__t_ca85e8f9eef5b9d5____c9_1____4_fair.csv;t_ca85e8f9eef5b9d5____c9_1____0__t_ca85e8f9eef5b9d5____c17_0____3_fair.csv;t_ca85e8f9eef5b9d5____c9_1____1.csv;t_ca85e8f9eef5b9d5____c9_1____3.csv;t_ca85e8f9eef5b9d5____c9_1____3__t_ca85e8f9eef5b9d5____c9_1____4_fair.csv,"{""needs_fairification"": true, ""success"": false, ""swaps_made"": 4, ""initial_fairness"": 0.1728, ""initial_delta"": 0.23, ""dominated_removed_count"": 110, ""dominance_candidate_pool_size"": 115, ""candidates_after_winnow"": 1}"
tusLarge3,nl,t_ca85e8f9eef5b9d5____c9_1____4_fair.csv,10,1029,120,10,False,0.138,1.0,0.009718172983479106,0.009718172983479106,85.04980736970901,85.04980736970901,t_ca85e8f9eef5b9d5____c9_1____0__t_ca85e8f9eef5b9d5____c9_1____4_fair.csv;t_ca85e8f9eef5b9d5____c9_1____0__t_ca85e8f9eef5b9d5____c22_0____1_fair.csv;t_ca85e8f9eef5b9d5____c9_1____0__t_ca85e8f9eef5b9d5____c20_0____2_fair.csv;t_ca85e8f9eef5b9d5____c9_1____0__t_ca85e8f9eef5b9d5____c1_0____2_fair.csv;t_ca85e8f9eef5b9d5____c9_1____0__t_ca85e8f9eef5b9d5____c19_0____4_fair.csv;t_ca85e8f9eef5b9d5____c9_1____0__t_ca85e8f9eef5b9d5____c17_0____3_fair.csv;t_ca85e8f9eef5b9d5____c9_1____0__t_ca85e8f9eef5b9d5____c15_1____1_fair.csv;t_ca85e8f9eef5b9d5____c9_1____1.csv;t_ca85e8f9eef5b9d5____c9_1____3.csv;t_ca85e8f9eef5b9d5____c9_1____3__t_ca85e8f9eef5b9d5____c9_1____4_fair.csv,"{""needs_fairification"": true, ""success"": false, ""swaps_made"": 2, ""initial_fairness"": 0.0993, ""initial_delta"": 0.3, ""dominated_removed_count"": 107, ""dominance_candidate_pool_size"": 110, ""candidates_after_winnow"": 1}"
tusLarge3,nl,t_ca85e8f9eef5b9d5____c9_1____4_fair.csv,20,1029,120,20,False,0.0724,1.0,0.019436345966958212,0.019436345966958212,169.9335543513298,169.9335543513298,t_ca85e8f9eef5b9d5____c9_1____0__t_ca85e8f9eef5b9d5____c9_1____4_fair.csv;t_ca85e8f9eef5b9d5____c9_1____0__t_ca85e8f9eef5b9d5____c8_0____4_fair.csv;t_ca85e8f9eef5b9d5____c9_1____0__t_ca85e8f9eef5b9d5____c22_0____1_fair.csv;t_ca85e8f9eef5b9d5____c9_1____0__t_ca85e8f9eef5b9d5____c20_0____2_fair.csv;t_ca85e8f9eef5b9d5____c9_1____0__t_ca85e8f9eef5b9d5____c1_0____2_fair.csv;t_ca85e8f9eef5b9d5____c9_1____0__t_ca85e8f9eef5b9d5____c19_0____4_fair.csv;t_ca85e8f9eef5b9d5____c9_1____0__t_ca85e8f9eef5b9d5____c17_0____3_fair.csv;t_ca85e8f9eef5b9d5____c9_1____0__t_ca85e8f9eef5b9d5____c15_1____1_fair.csv;t_ca85e8f9eef5b9d5____c9_1____1.csv;t_ca85e8f9eef5b9d5____c9_1____2.csv;t_ca85e8f9eef5b9d5____c9_1____2__t_ca85e8f9eef5b9d5____c9_1____4_fair.csv;t_ca85e8f9eef5b9d5____c9_1____2__t_ca85e8f9eef5b9d5____c8_0____4_fair.csv;t_ca85e8f9eef5b9d5____c9_1____2__t_ca85e8f9eef5b9d5____c22_0____1_fair.csv;t_ca85e8f9eef5b9d5____c9_1____2__t_ca85e8f9eef5b9d5____c20_0____2_fair.csv;t_ca85e8f9eef5b9d5____c9_1____2__t_ca85e8f9eef5b9d5____c1_0____2_fair.csv;t_ca85e8f9eef5b9d5____c9_1____2__t_ca85e8f9eef5b9d5____c19_0____4_fair.csv;t_ca85e8f9eef5b9d5____c9_1____2__t_ca85e8f9eef5b9d5____c17_0____3_fair.csv;t_ca85e8f9eef5b9d5____c9_1____2__t_ca85e8f9eef5b9d5____c15_1____1_fair.csv;t_ca85e8f9eef5b9d5____c9_1____3.csv;t_ca85e8f9eef5b9d5____c9_1____3__t_ca85e8f9eef5b9d5____c9_1____4_fair.csv,"{""needs_fairification"": true, ""success"": false, ""swaps_made"": 1, ""initial_fairness"": 0.0524, ""initial_delta"": 0.35, ""dominated_removed_count"": 98, ""dominance_candidate_pool_size"": 100, ""candidates_after_winnow"": 1}"
tusLarge3,nl,t_dc9442ed0b52d69c____c2_1____2_fair.csv,5,259,433,5,True,0.5,0.2,0.003861003861003861,0.019305019305019305,8.769360721111298,8.769360721111298,t_70edc453a411f33b____c2_0____4__t_70edc453a411f33b____c12_1____3_fair.csv;t_70edc453a411f33b____c2_0____3__t_70edc453a411f33b____c12_1____3_fair.csv;t_dc9442ed0b52d69c____c2_1____0__t_dc9442ed0b52d69c____c2_1____2_fair.csv;t_70edc453a411f33b____c2_1____1__t_70edc453a411f33b____c7_1____4_fair.csv;t_70edc453a411f33b____c2_0____0__t_70edc453a411f33b____c12_1____3_fair.csv,"{""needs_fairification"": true, ""success"": true, ""swaps_made"": 1, ""initial_fairness"": 0.0016, ""initial_delta"": 0.4, ""dominated_removed_count"": 408, ""dominance_candidate_pool_size"": 428, ""candidates_after_winnow"": 19}"
tusLarge3,nl,t_dc9442ed0b52d69c____c2_1____2_fair.csv,10,259,433,10,True,0.4062,0.1,0.003861003861003861,0.03861003861003861,17.0552077293396,17.0552077293396,t_70edc453a411f33b____c2_0____4__t_70edc453a411f33b____c12_1____3_fair.csv;t_70edc453a411f33b____c2_0____3__t_70edc453a411f33b____c12_1____3_fair.csv;t_dc9442ed0b52d69c____c2_1____0__t_dc9442ed0b52d69c____c2_1____2_fair.csv;t_70edc453a411f33b____c2_1____1__t_70edc453a411f33b____c7_1____4_fair.csv;t_013a2f8c584d44d7____c2_0____2__t_013a2f8c584d44d7____c7_1____4_fair.csv;t_70edc453a411f33b____c2_1____0__t_70edc453a411f33b____c7_1____4_fair.csv;t_70edc453a411f33b____c2_1____2__t_70edc453a411f33b____c7_1____4_fair.csv;t_70edc453a411f33b____c2_0____0__t_70edc453a411f33b____c12_1____3_fair.csv;t_70edc453a411f33b____c2_1____4__t_70edc453a411f33b____c7_1____4_fair.csv;t_70edc453a411f33b____c3_0____2__t_70edc453a411f33b____c10_1____3_fair.csv,"{""needs_fairification"": true, ""success"": true, ""swaps_made"": 1, ""initial_fairness"": 0.0026, ""initial_delta"": 0.4, ""dominated_removed_count"": 405, ""dominance_candidate_pool_size"": 423, ""candidates_after_winnow"": 17}"
tusLarge3,nl,t_dc9442ed0b52d69c____c2_1____2_fair.csv,20,259,433,20,False,0.1488,0.15,0.011583011583011582,0.07722007722007722,32.245680034160614,32.245680034160614,t_70edc453a411f33b____c2_0____4__t_70edc453a411f33b____c12_1____3_fair.csv;t_70edc453a411f33b____c2_0____3__t_70edc453a411f33b____c12_1____3_fair.csv;t_dc9442ed0b52d69c____c2_1____0__t_dc9442ed0b52d69c____c2_1____2_fair.csv;t_013a2f8c584d44d7____c2_0____2__t_013a2f8c584d44d7____c7_1____4_fair.csv;t_70edc453a411f33b____c2_1____2__t_70edc453a411f33b____c7_1____4_fair.csv;t_70edc453a411f33b____c2_0____0__t_70edc453a411f33b____c12_1____3_fair.csv;t_70edc453a411f33b____c2_1____4__t_70edc453a411f33b____c7_1____4_fair.csv;t_dc9442ed0b52d69c____c2_1____4__t_dc9442ed0b52d69c____c2_1____2_fair.csv;t_013a2f8c584d44d7____c2_0____0__t_013a2f8c584d44d7____c7_1____4_fair.csv;t_b28ed28824886b47____c3_1____3__t_b28ed28824886b47____c11_1____3_fair.csv;t_70edc453a411f33b____c2_0____2__t_70edc453a411f33b____c12_1____3_fair.csv;t_dc9442ed0b52d69c____c2_1____3__t_dc9442ed0b52d69c____c2_1____2_fair.csv;t_ece0594e0480a1ed____c2_1____4.csv;t_ece0594e0480a1ed____c2_1____1.csv;t_ece0594e0480a1ed____c2_1____1__t_ece0594e0480a1ed____c5_1____3_fair.csv;t_ece0594e0480a1ed____c2_1____0.csv;t_ece0594e0480a1ed____c2_1____0__t_ece0594e0480a1ed____c5_1____3_fair.csv;t_70941cace7dd1c45____c4_0____4.csv;t_dc9442ed0b52d69c____c3_0____1__t_dc9442ed0b52d69c____c8_0____3_fair.csv;t_dc9442ed0b52d69c____c4_0____2__t_dc9442ed0b52d69c____c9_0____2_fair.csv,"{""needs_fairification"": true, ""success"": false, ""swaps_made"": 8, ""initial_fairness"": 0.0228, ""initial_delta"": 0.38, ""dominated_removed_count"": 393, ""dominance_candidate_pool_size"": 413, ""candidates_after_winnow"": 12}"
tusLarge3,nl,t_dc9442ed0b52d69c____c10_0____0_fair.csv,5,185,127,5,True,0.3308,0.0,0.0,0.02702702702702703,46.73323452472687,46.73323452472687,t_013a2f8c584d44d7____c10_0____0__t_013a2f8c584d44d7____c12_0____3_fair.csv;t_013a2f8c584d44d7____c10_0____0__t_013a2f8c584d44d7____c10_1____0_fair.csv;t_dc9442ed0b52d69c____c9_0____0__t_dc9442ed0b52d69c____c9_0____2_fair.csv;t_dc9442ed0b52d69c____c9_0____0__t_dc9442ed0b52d69c____c8_0____3_fair.csv;t_dc9442ed0b52d69c____c9_0____0__t_dc9442ed0b52d69c____c2_1____2_fair.csv,"{""needs_fairification"": true, ""success"": true, ""swaps_made"": 2, ""initial_fairness"": 0.2484, ""initial_delta"": 0.15, ""dominated_removed_count"": 95, ""dominance_candidate_pool_size"": 122, ""candidates_after_winnow"": 25}"
tusLarge3,nl,t_dc9442ed0b52d69c____c10_0____0_fair.csv,10,185,127,10,True,0.3089,0.0,0.0,0.05405405405405406,91.63180148601532,91.63180148601532,t_013a2f8c584d44d7____c10_0____0__t_013a2f8c584d44d7____c12_0____3_fair.csv;t_013a2f8c584d44d7____c10_0____0__t_013a2f8c584d44d7____c10_1____0_fair.csv;t_dc9442ed0b52d69c____c9_0____0__t_dc9442ed0b52d69c____c9_0____2_fair.csv;t_dc9442ed0b52d69c____c9_0____0__t_dc9442ed0b52d69c____c8_0____3_fair.csv;t_dc9442ed0b52d69c____c9_0____0__t_dc9442ed0b52d69c____c2_1____2_fair.csv;t_dc9442ed0b52d69c____c9_1____0__t_dc9442ed0b52d69c____c9_0____2_fair.csv;t_dc9442ed0b52d69c____c9_1____0__t_dc9442ed0b52d69c____c8_0____3_fair.csv;t_dc9442ed0b52d69c____c9_1____0__t_dc9442ed0b52d69c____c2_1____2_fair.csv;t_dc9442ed0b52d69c____c9_0____3__t_dc9442ed0b52d69c____c8_0____3_fair.csv;t_70edc453a411f33b____c9_1____3__t_70edc453a411f33b____c7_1____4_fair.csv,"{""needs_fairification"": true, ""success"": true, ""swaps_made"": 2, ""initial_fairness"": 0.2445, ""initial_delta"": 0.16, ""dominated_removed_count"": 87, ""dominance_candidate_pool_size"": 117, ""candidates_after_winnow"": 28}"
tusLarge3,nl,t_dc9442ed0b52d69c____c10_0____0_fair.csv,20,185,127,20,True,0.2973,0.0,0.0,0.10810810810810811,182.30315881967545,182.30315881967545,t_013a2f8c584d44d7____c10_0____0__t_013a2f8c584d44d7____c4_1____2_fair.csv;t_013a2f8c584d44d7____c10_0____0__t_013a2f8c584d44d7____c12_0____3_fair.csv;t_013a2f8c584d44d7____c10_0____0__t_013a2f8c584d44d7____c10_1____0_fair.csv;t_dc9442ed0b52d69c____c9_0____0__t_dc9442ed0b52d69c____c9_0____2_fair.csv;t_dc9442ed0b52d69c____c9_0____0__t_dc9442ed0b52d69c____c8_0____3_fair.csv;t_dc9442ed0b52d69c____c9_0____0__t_dc9442ed0b52d69c____c2_1____2_fair.csv;t_dc9442ed0b52d69c____c9_1____0__t_dc9442ed0b52d69c____c9_0____2_fair.csv;t_dc9442ed0b52d69c____c9_1____0__t_dc9442ed0b52d69c____c8_0____3_fair.csv;t_dc9442ed0b52d69c____c9_1____0__t_dc9442ed0b52d69c____c2_1____2_fair.csv;t_70edc453a411f33b____c9_1____4__t_70edc453a411f33b____c7_1____4_fair.csv;t_70edc453a411f33b____c9_1____4__t_70edc453a411f33b____c12_1____3_fair.csv;t_70edc453a411f33b____c9_1____0__t_70edc453a411f33b____c7_1____4_fair.csv;t_70edc453a411f33b____c9_1____0__t_70edc453a411f33b____c12_1____3_fair.csv;t_dc9442ed0b52d69c____c9_1____3__t_dc9442ed0b52d69c____c8_0____3_fair.csv;t_70edc453a411f33b____c9_1____1__t_70edc453a411f33b____c7_1____4_fair.csv;t_70edc453a411f33b____c9_1____1__t_70edc453a411f33b____c12_1____3_fair.csv;t_dc9442ed0b52d69c____c9_0____3__t_dc9442ed0b52d69c____c8_0____3_fair.csv;t_70edc453a411f33b____c9_1____3__t_70edc453a411f33b____c7_1____4_fair.csv;t_70edc453a411f33b____c9_1____3__t_70edc453a411f33b____c12_1____3_fair.csv;t_dc9442ed0b52d69c____c9_0____1__t_dc9442ed0b52d69c____c8_0____3_fair.csv,"{""needs_fairification"": true, ""success"": true, ""swaps_made"": 6, ""initial_fairness"": 0.2067, ""initial_delta"": 0.19, ""dominated_removed_count"": 79, ""dominance_candidate_pool_size"": 107, ""candidates_after_winnow"": 22}"
tusLarge3,nl,t_ca85e8f9eef5b9d5____c15_1____1_fair.csv,5,1117,93,5,False,0.2125,1.0,0.004476275738585497,0.004476275738585497,72.44079142808914,72.44079142808914,t_ca85e8f9eef5b9d5____c15_1____3.csv;t_ca85e8f9eef5b9d5____c17_1____1__t_ca85e8f9eef5b9d5____c15_1____1_fair.csv;t_ca85e8f9eef5b9d5____c17_1____1.csv;t_ca85e8f9eef5b9d5____c15_0____4.csv;t_ca85e8f9eef5b9d5____c16_0____3.csv,"{""needs_fairification"": true, ""success"": false, ""swaps_made"": 5, ""initial_fairness"": 0.0776, ""initial_delta"": 0.32, ""dominated_removed_count"": 83, ""dominance_candidate_pool_size"": 88, ""candidates_after_winnow"": 0}"
tusLarge3,nl,t_ca85e8f9eef5b9d5____c15_1____1_fair.csv,10,1117,93,10,False,0.1058,1.0,0.008952551477170993,0.008952551477170993,145.23650097846985,145.23650097846985,t_ca85e8f9eef5b9d5____c15_1____3__t_ca85e8f9eef5b9d5____c15_1____1_fair.csv;t_ca85e8f9eef5b9d5____c15_1____3__t_ca85e8f9eef5b9d5____c14_1____2_fair.csv;t_ca85e8f9eef5b9d5____c15_1____3__t_ca85e8f9eef5b9d5____c10_1____1_fair.csv;t_ca85e8f9eef5b9d5____c15_1____3__t_ca85e8f9eef5b9d5____c10_0____0_fair.csv;t_ca85e8f9eef5b9d5____c15_1____3.csv;t_ca85e8f9eef5b9d5____c17_1____1__t_ca85e8f9eef5b9d5____c9_1____4_fair.csv;t_ca85e8f9eef5b9d5____c17_1____1__t_ca85e8f9eef5b9d5____c8_0____4_fair.csv;t_ca85e8f9eef5b9d5____c17_1____1__t_ca85e8f9eef5b9d5____c15_1____1_fair.csv;t_ca85e8f9eef5b9d5____c15_0____4.csv;t_ca85e8f9eef5b9d5____c16_0____3.csv,"{""needs_fairification"": true, ""success"": false, ""swaps_made"": 3, ""initial_fairness"": 0.0524, ""initial_delta"": 0.35, ""dominated_removed_count"": 79, ""dominance_candidate_pool_size"": 83, ""candidates_after_winnow"": 1}"
tusLarge3,nl,t_ca85e8f9eef5b9d5____c15_1____1_fair.csv,20,1117,93,20,False,0.116,1.0,0.017905102954341987,0.017905102954341987,288.72531831264496,288.72531831264496,t_ca85e8f9eef5b9d5____c15_1____3__t_ca85e8f9eef5b9d5____c15_1____1_fair.csv;t_ca85e8f9eef5b9d5____c15_1____3__t_ca85e8f9eef5b9d5____c14_1____2_fair.csv;t_ca85e8f9eef5b9d5____c15_1____3__t_ca85e8f9eef5b9d5____c10_1____1_fair.csv;t_ca85e8f9eef5b9d5____c15_1____3__t_ca85e8f9eef5b9d5____c10_0____0_fair.csv;t_ca85e8f9eef5b9d5____c15_1____3.csv;t_ca85e8f9eef5b9d5____c17_1____1__t_ca85e8f9eef5b9d5____c9_1____4_fair.csv;t_ca85e8f9eef5b9d5____c17_1____1__t_ca85e8f9eef5b9d5____c8_0____4_fair.csv;t_ca85e8f9eef5b9d5____c17_1____1__t_ca85e8f9eef5b9d5____c1_0____2_fair.csv;t_ca85e8f9eef5b9d5____c17_1____1__t_ca85e8f9eef5b9d5____c19_0____4_fair.csv;t_ca85e8f9eef5b9d5____c17_1____1__t_ca85e8f9eef5b9d5____c17_0____3_fair.csv;t_ca85e8f9eef5b9d5____c17_1____1__t_ca85e8f9eef5b9d5____c15_1____1_fair.csv;t_ca85e8f9eef5b9d5____c17_1____1__t_ca85e8f9eef5b9d5____c14_1____2_fair.csv;t_ca85e8f9eef5b9d5____c17_1____1__t_ca85e8f9eef5b9d5____c10_1____0_fair.csv;t_ca85e8f9eef5b9d5____c17_1____1.csv;t_ca85e8f9eef5b9d5____c15_0____4__t_ca85e8f9eef5b9d5____c8_0____4_fair.csv;t_ca85e8f9eef5b9d5____c15_0____4__t_ca85e8f9eef5b9d5____c15_1____1_fair.csv;t_ca85e8f9eef5b9d5____c15_0____4__t_ca85e8f9eef5b9d5____c14_1____2_fair.csv;t_ca85e8f9eef5b9d5____c15_0____4__t_ca85e8f9eef5b9d5____c10_1____1_fair.csv;t_ca85e8f9eef5b9d5____c17_0____1__t_ca85e8f9eef5b9d5____c15_1____1_fair.csv;t_ca85e8f9eef5b9d5____c13_1____1__t_ca85e8f9eef5b9d5____c15_1____1_fair.csv,"{""needs_fairification"": true, ""success"": false, ""swaps_made"": 3, ""initial_fairness"": 0.067, ""initial_delta"": 0.33, ""dominated_removed_count"": 68, ""dominance_candidate_pool_size"": 73, ""candidates_after_winnow"": 2}"
tusLarge3,nl,t_ca85e8f9eef5b9d5____c17_0____3_fair.csv,5,1029,70,5,True,0.3443,1.0,0.004859086491739553,0.004859086491739553,81.12588453292847,81.12588453292847,t_ca85e8f9eef5b9d5____c17_1____3__t_ca85e8f9eef5b9d5____c17_0____3_fair.csv;t_ca85e8f9eef5b9d5____c17_0____1__t_ca85e8f9eef5b9d5____c1_0____2_fair.csv;t_ca85e8f9eef5b9d5____c17_0____1__t_ca85e8f9eef5b9d5____c17_0____3_fair.csv;t_ca85e8f9eef5b9d5____c17_0____0__t_ca85e8f9eef5b9d5____c1_0____2_fair.csv;t_ca85e8f9eef5b9d5____c17_0____0__t_ca85e8f9eef5b9d5____c17_0____3_fair.csv,"{""needs_fairification"": true, ""success"": true, ""swaps_made"": 4, ""initial_fairness"": 0.0757, ""initial_delta"": 0.32, ""dominated_removed_count"": 58, ""dominance_candidate_pool_size"": 65, ""candidates_after_winnow"": 3}"
tusLarge3,nl,t_ca85e8f9eef5b9d5____c17_0____3_fair.csv,10,1029,70,10,False,0.2281,1.0,0.009718172983479106,0.009718172983479106,162.46665233373642,162.46665233373642,t_ca85e8f9eef5b9d5____c17_1____3__t_ca85e8f9eef5b9d5____c14_1____2_fair.csv;t_ca85e8f9eef5b9d5____c17_1____3__t_ca85e8f9eef5b9d5____c10_1____0_fair.csv;t_ca85e8f9eef5b9d5____c17_1____3.csv;t_ca85e8f9eef5b9d5____c17_0____1__t_ca85e8f9eef5b9d5____c9_1____4_fair.csv;t_ca85e8f9eef5b9d5____c17_0____1__t_ca85e8f9eef5b9d5____c1_0____2_fair.csv;t_ca85e8f9eef5b9d5____c17_0____1__t_ca85e8f9eef5b9d5____c17_0____3_fair.csv;t_ca85e8f9eef5b9d5____c17_0____1.csv;t_ca85e8f9eef5b9d5____c17_0____0__t_ca85e8f9eef5b9d5____c1_0____2_fair.csv;t_ca85e8f9eef5b9d5____c17_0____0__t_ca85e8f9eef5b9d5____c17_0____3_fair.csv;t_ca85e8f9eef5b9d5____c17_0____0.csv,"{""needs_fairification"": true, ""success"": false, ""swaps_made"": 6, ""initial_fairness"": 0.048, ""initial_delta"": 0.35, ""dominated_removed_count"": 54, ""dominance_candidate_pool_size"": 60, ""candidates_after_winnow"": 0}"
tusLarge3,nl,t_ca85e8f9eef5b9d5____c17_0____3_fair.csv,20,1029,70,20,False,0.1473,1.0,0.019436345966958212,0.019436345966958212,325.2427685856819,325.2427685856819,t_ca85e8f9eef5b9d5____c17_1____3__t_ca85e8f9eef5b9d5____c1_0____2_fair.csv;t_ca85e8f9eef5b9d5____c17_1____3__t_ca85e8f9eef5b9d5____c19_0____4_fair.csv;t_ca85e8f9eef5b9d5____c17_1____3__t_ca85e8f9eef5b9d5____c17_0____3_fair.csv;t_ca85e8f9eef5b9d5____c17_1____3__t_ca85e8f9eef5b9d5____c15_1____1_fair.csv;t_ca85e8f9eef5b9d5____c17_1____3__t_ca85e8f9eef5b9d5____c14_1____2_fair.csv;t_ca85e8f9eef5b9d5____c17_1____3__t_ca85e8f9eef5b9d5____c10_1____0_fair.csv;t_ca85e8f9eef5b9d5____c17_1____3.csv;t_ca85e8f9eef5b9d5____c17_0____1__t_ca85e8f9eef5b9d5____c9_1____4_fair.csv;t_ca85e8f9eef5b9d5____c17_0____1__t_ca85e8f9eef5b9d5____c8_0____4_fair.csv;t_ca85e8f9eef5b9d5____c17_0____1__t_ca85e8f9eef5b9d5____c20_0____2_fair.csv;t_ca85e8f9eef5b9d5____c17_0____1__t_ca85e8f9eef5b9d5____c1_0____2_fair.csv;t_ca85e8f9eef5b9d5____c17_0____1__t_ca85e8f9eef5b9d5____c19_0____4_fair.csv;t_ca85e8f9eef5b9d5____c17_0____1__t_ca85e8f9eef5b9d5____c17_0____3_fair.csv;t_ca85e8f9eef5b9d5____c17_0____1__t_ca85e8f9eef5b9d5____c15_1____1_fair.csv;t_ca85e8f9eef5b9d5____c17_0____1__t_ca85e8f9eef5b9d5____c14_1____2_fair.csv;t_ca85e8f9eef5b9d5____c17_0____1__t_ca85e8f9eef5b9d5____c10_1____0_fair.csv;t_ca85e8f9eef5b9d5____c17_0____1.csv;t_ca85e8f9eef5b9d5____c17_0____0__t_ca85e8f9eef5b9d5____c9_1____4_fair.csv;t_ca85e8f9eef5b9d5____c17_0____0__t_ca85e8f9eef5b9d5____c1_0____2_fair.csv;t_ca85e8f9eef5b9d5____c17_0____0__t_ca85e8f9eef5b9d5____c17_0____3_fair.csv,"{""needs_fairification"": true, ""success"": false, ""swaps_made"": 2, ""initial_fairness"": 0.1094, ""initial_delta"": 0.29, ""dominated_removed_count"": 47, ""dominance_candidate_pool_size"": 50, ""candidates_after_winnow"": 1}"
tusLarge3,nl,t_ca85e8f9eef5b9d5____c19_0____4_fair.csv,5,1029,57,5,False,0.0672,0.0,0.0,0.004859086491739553,92.33249813318253,92.33249813318253,t_ca85e8f9eef5b9d5____c19_1____4__t_ca85e8f9eef5b9d5____c8_0____4_fair.csv;t_ca85e8f9eef5b9d5____c19_1____4__t_ca85e8f9eef5b9d5____c22_0____1_fair.csv;t_ca85e8f9eef5b9d5____c19_1____4__t_ca85e8f9eef5b9d5____c20_0____2_fair.csv;t_ca85e8f9eef5b9d5____c19_1____4__t_ca85e8f9eef5b9d5____c15_1____1_fair.csv;t_ca85e8f9eef5b9d5____c19_1____4__t_ca85e8f9eef5b9d5____c14_1____2_fair.csv,"{""needs_fairification"": true, ""success"": false, ""swaps_made"": 0, ""initial_fairness"": 0.0672, ""initial_delta"": 0.33, ""dominated_removed_count"": 51, ""dominance_candidate_pool_size"": 52, ""candidates_after_winnow"": 1}"
tusLarge3,nl,t_ca85e8f9eef5b9d5____c19_0____4_fair.csv,10,1029,57,10,False,0.0376,0.1,0.0009718172983479105,0.009718172983479106,184.59795135259628,184.59795135259628,t_ca85e8f9eef5b9d5____c19_1____4__t_ca85e8f9eef5b9d5____c8_0____4_fair.csv;t_ca85e8f9eef5b9d5____c19_1____4__t_ca85e8f9eef5b9d5____c22_0____1_fair.csv;t_ca85e8f9eef5b9d5____c19_1____4__t_ca85e8f9eef5b9d5____c20_0____2_fair.csv;t_ca85e8f9eef5b9d5____c19_1____4__t_ca85e8f9eef5b9d5____c15_1____1_fair.csv;t_ca85e8f9eef5b9d5____c19_1____4__t_ca85e8f9eef5b9d5____c14_1____2_fair.csv;t_ca85e8f9eef5b9d5____c19_1____4__t_ca85e8f9eef5b9d5____c10_1____1_fair.csv;t_ca85e8f9eef5b9d5____c19_1____4__t_ca85e8f9eef5b9d5____c10_1____0_fair.csv;t_ca85e8f9eef5b9d5____c19_1____4__t_ca85e8f9eef5b9d5____c10_0____0_fair.csv;t_ca85e8f9eef5b9d5____c19_1____4.csv;t_ca85e8f9eef5b9d5____c20_0____4__t_ca85e8f9eef5b9d5____c9_1____4_fair.csv,"{""needs_fairification"": true, ""success"": false, ""swaps_made"": 0, ""initial_fairness"": 0.0376, ""initial_delta"": 0.36, ""dominated_removed_count"": 46, ""dominance_candidate_pool_size"": 47, ""candidates_after_winnow"": 1}"
tusLarge3,nl,t_ca85e8f9eef5b9d5____c19_0____4_fair.csv,20,1029,57,20,False,0.0193,0.55,0.010689990281827016,0.019436345966958212,368.59249848127365,368.59249848127365,t_ca85e8f9eef5b9d5____c19_1____4__t_ca85e8f9eef5b9d5____c8_0____4_fair.csv;t_ca85e8f9eef5b9d5____c19_1____4__t_ca85e8f9eef5b9d5____c22_0____1_fair.csv;t_ca85e8f9eef5b9d5____c19_1____4__t_ca85e8f9eef5b9d5____c20_0____2_fair.csv;t_ca85e8f9eef5b9d5____c19_1____4__t_ca85e8f9eef5b9d5____c15_1____1_fair.csv;t_ca85e8f9eef5b9d5____c19_1____4__t_ca85e8f9eef5b9d5____c14_1____2_fair.csv;t_ca85e8f9eef5b9d5____c19_1____4__t_ca85e8f9eef5b9d5____c10_1____1_fair.csv;t_ca85e8f9eef5b9d5____c19_1____4__t_ca85e8f9eef5b9d5____c10_1____0_fair.csv;t_ca85e8f9eef5b9d5____c19_1____4__t_ca85e8f9eef5b9d5____c10_0____0_fair.csv;t_ca85e8f9eef5b9d5____c19_1____4.csv;t_ca85e8f9eef5b9d5____c20_0____4__t_ca85e8f9eef5b9d5____c9_1____4_fair.csv;t_ca85e8f9eef5b9d5____c20_0____4__t_ca85e8f9eef5b9d5____c8_0____4_fair.csv;t_ca85e8f9eef5b9d5____c20_0____4__t_ca85e8f9eef5b9d5____c22_0____1_fair.csv;t_ca85e8f9eef5b9d5____c20_0____4__t_ca85e8f9eef5b9d5____c20_0____2_fair.csv;t_ca85e8f9eef5b9d5____c20_0____4__t_ca85e8f9eef5b9d5____c1_0____2_fair.csv;t_ca85e8f9eef5b9d5____c20_0____4__t_ca85e8f9eef5b9d5____c19_0____4_fair.csv;t_ca85e8f9eef5b9d5____c20_0____4__t_ca85e8f9eef5b9d5____c17_0____3_fair.csv;t_ca85e8f9eef5b9d5____c20_0____4__t_ca85e8f9eef5b9d5____c15_1____1_fair.csv;t_ca85e8f9eef5b9d5____c20_0____4__t_ca85e8f9eef5b9d5____c14_1____2_fair.csv;t_ca85e8f9eef5b9d5____c20_0____4__t_ca85e8f9eef5b9d5____c10_1____1_fair.csv;t_ca85e8f9eef5b9d5____c20_0____4__t_ca85e8f9eef5b9d5____c10_1____0_fair.csv,"{""needs_fairification"": true, ""success"": false, ""swaps_made"": 0, ""initial_fairness"": 0.0193, ""initial_delta"": 0.38, ""dominated_removed_count"": 36, ""dominance_candidate_pool_size"": 37, ""candidates_after_winnow"": 1}"
tusLarge3,nl,t_dc9442ed0b52d69c____c8_0____3_fair.csv,5,258,171,5,True,0.3389,1.0,0.01937984496124031,0.01937984496124031,38.783322930336,38.783322930336,t_dc9442ed0b52d69c____c8_1____1__t_dc9442ed0b52d69c____c8_0____3_fair.csv;t_dc9442ed0b52d69c____c8_1____0__t_dc9442ed0b52d69c____c8_0____3_fair.csv;t_dc9442ed0b52d69c____c8_1____0__t_dc9442ed0b52d69c____c2_1____2_fair.csv;t_dc9442ed0b52d69c____c8_0____2__t_dc9442ed0b52d69c____c9_0____2_fair.csv;t_dc9442ed0b52d69c____c8_1____4__t_dc9442ed0b52d69c____c8_0____3_fair.csv,"{""needs_fairification"": true, ""success"": true, ""swaps_made"": 1, ""initial_fairness"": 0.2847, ""initial_delta"": 0.12, ""dominated_removed_count"": 134, ""dominance_candidate_pool_size"": 166, ""candidates_after_winnow"": 31}"
tusLarge3,nl,t_dc9442ed0b52d69c____c8_0____3_fair.csv,10,258,171,10,True,0.3233,1.0,0.03875968992248062,0.03875968992248062,77.54956525564194,77.54956525564194,t_dc9442ed0b52d69c____c8_1____1__t_dc9442ed0b52d69c____c8_0____3_fair.csv;t_dc9442ed0b52d69c____c8_1____0__t_dc9442ed0b52d69c____c8_0____3_fair.csv;t_dc9442ed0b52d69c____c8_1____0__t_dc9442ed0b52d69c____c2_1____2_fair.csv;t_dc9442ed0b52d69c____c8_0____2__t_dc9442ed0b52d69c____c9_0____2_fair.csv;t_dc9442ed0b52d69c____c8_0____2__t_dc9442ed0b52d69c____c8_0____3_fair.csv;t_dc9442ed0b52d69c____c8_1____2__t_dc9442ed0b52d69c____c8_0____3_fair.csv;t_dc9442ed0b52d69c____c8_1____2__t_dc9442ed0b52d69c____c2_1____2_fair.csv;t_dc9442ed0b52d69c____c8_0____1__t_dc9442ed0b52d69c____c9_0____2_fair.csv;t_dc9442ed0b52d69c____c8_0____1__t_dc9442ed0b52d69c____c8_0____3_fair.csv;t_dc9442ed0b52d69c____c8_1____4__t_dc9442ed0b52d69c____c8_0____3_fair.csv,"{""needs_fairification"": true, ""success"": true, ""swaps_made"": 1, ""initial_fairness"": 0.2936, ""initial_delta"": 0.11, ""dominated_removed_count"": 131, ""dominance_candidate_pool_size"": 161, ""candidates_after_winnow"": 29}"
tusLarge3,nl,t_dc9442ed0b52d69c____c8_0____3_fair.csv,20,258,171,20,True,0.2998,1.0,0.07751937984496124,0.07751937984496124,153.04886519908905,153.04886519908905,t_dc9442ed0b52d69c____c8_1____1__t_dc9442ed0b52d69c____c8_0____3_fair.csv;t_dc9442ed0b52d69c____c8_1____0__t_dc9442ed0b52d69c____c8_0____3_fair.csv;t_dc9442ed0b52d69c____c8_0____2__t_dc9442ed0b52d69c____c9_0____2_fair.csv;t_dc9442ed0b52d69c____c8_0____2__t_dc9442ed0b52d69c____c8_0____3_fair.csv;t_dc9442ed0b52d69c____c8_1____2__t_dc9442ed0b52d69c____c8_0____3_fair.csv;t_dc9442ed0b52d69c____c8_1____2__t_dc9442ed0b52d69c____c2_1____2_fair.csv;t_dc9442ed0b52d69c____c8_0____1__t_dc9442ed0b52d69c____c9_0____2_fair.csv;t_dc9442ed0b52d69c____c8_0____1__t_dc9442ed0b52d69c____c8_0____3_fair.csv;t_dc9442ed0b52d69c____c8_0____4__t_dc9442ed0b52d69c____c9_0____2_fair.csv;t_dc9442ed0b52d69c____c8_0____4__t_dc9442ed0b52d69c____c8_0____3_fair.csv;t_dc9442ed0b52d69c____c8_1____3__t_dc9442ed0b52d69c____c8_0____3_fair.csv;t_dc9442ed0b52d69c____c8_1____3__t_dc9442ed0b52d69c____c2_1____2_fair.csv;t_dc9442ed0b52d69c____c8_0____0__t_dc9442ed0b52d69c____c9_0____2_fair.csv;t_dc9442ed0b52d69c____c8_0____0__t_dc9442ed0b52d69c____c8_0____3_fair.csv;t_dc9442ed0b52d69c____c8_1____4__t_dc9442ed0b52d69c____c8_0____3_fair.csv;t_dc9442ed0b52d69c____c8_1____4__t_dc9442ed0b52d69c____c2_1____2_fair.csv;t_dc9442ed0b52d69c____c8_1____1.csv;t_dc9442ed0b52d69c____c8_0____2.csv;t_dc9442ed0b52d69c____c7_1____0__t_dc9442ed0b52d69c____c9_0____2_fair.csv;t_dc9442ed0b52d69c____c7_1____0__t_dc9442ed0b52d69c____c2_1____2_fair.csv,"{""needs_fairification"": true, ""success"": true, ""swaps_made"": 2, ""initial_fairness"": 0.2752, ""initial_delta"": 0.12, ""dominated_removed_count"": 122, ""dominance_candidate_pool_size"": 151, ""candidates_after_winnow"": 27}"
tusLarge3,nl,t_e9efd5cda78af711____c5_0____3_fair.csv,5,534,170,5,True,0.4233,0.8,0.00749063670411985,0.009363295880149813,23.1078919172287,23.1078919172287,t_e9efd5cda78af711____c5_0____1__t_e9efd5cda78af711____c5_0____3_fair.csv;t_e9efd5cda78af711____c5_0____2__t_e9efd5cda78af711____c5_0____3_fair.csv;t_e9efd5cda78af711____c5_0____4__t_e9efd5cda78af711____c5_0____3_fair.csv;t_e9efd5cda78af711____c5_0____0__t_e9efd5cda78af711____c5_0____3_fair.csv;PED_SK_DTL_SNF____c5_1____1__PED_SK_DTL_SNF____c18_0____2_fair.csv,"{""needs_fairification"": true, ""success"": true, ""swaps_made"": 1, ""initial_fairness"": 0.2891, ""initial_delta"": 0.11, ""dominated_removed_count"": 150, ""dominance_candidate_pool_size"": 165, ""candidates_after_winnow"": 14}"
tusLarge3,nl,t_e9efd5cda78af711____c5_0____3_fair.csv,10,534,170,10,False,0.2647,0.5,0.009363295880149813,0.018726591760299626,43.68819910287857,43.68819910287857,t_e9efd5cda78af711____c5_0____1__t_e9efd5cda78af711____c5_0____3_fair.csv;t_e9efd5cda78af711____c5_0____2__t_e9efd5cda78af711____c5_0____3_fair.csv;t_e9efd5cda78af711____c5_0____4__t_e9efd5cda78af711____c5_0____3_fair.csv;t_e9efd5cda78af711____c5_0____0__t_e9efd5cda78af711____c5_0____3_fair.csv;t_285b3bcd52ec0c86____c6_0____1__t_285b3bcd52ec0c86____c6_0____0_fair.csv;t_285b3bcd52ec0c86____c6_0____1.csv;PED_SK_DTL_SNF____c5_1____1__PED_SK_DTL_SNF____c18_0____2_fair.csv;t_e9efd5cda78af711____c5_0____1.csv;t_b28ed28824886b47____c4_1____1__t_b28ed28824886b47____c8_0____3_fair.csv;t_b28ed28824886b47____c4_1____3.csv,"{""needs_fairification"": true, ""success"": false, ""swaps_made"": 6, ""initial_fairness"": 0.0543, ""initial_delta"": 0.35, ""dominated_removed_count"": 147, ""dominance_candidate_pool_size"": 160, ""candidates_after_winnow"": 7}"
tusLarge3,nl,t_e9efd5cda78af711____c5_0____3_fair.csv,20,534,170,20,False,0.0757,0.25,0.009363295880149813,0.03745318352059925,88.26272410154343,88.26272410154343,t_e9efd5cda78af711____c5_0____1__t_e9efd5cda78af711____c5_0____3_fair.csv;t_e9efd5cda78af711____c5_0____2__t_e9efd5cda78af711____c5_0____3_fair.csv;t_e9efd5cda78af711____c5_0____4__t_e9efd5cda78af711____c5_0____3_fair.csv;t_e9efd5cda78af711____c5_0____0__t_e9efd5cda78af711____c5_0____3_fair.csv;t_285b3bcd52ec0c86____c8_0____4__t_285b3bcd52ec0c86____c16_0____3_fair.csv;t_285b3bcd52ec0c86____c7_0____4__t_285b3bcd52ec0c86____c9_1____4_fair.csv;t_285b3bcd52ec0c86____c7_0____4__t_285b3bcd52ec0c86____c17_1____0_fair.csv;t_285b3bcd52ec0c86____c7_0____4__t_285b3bcd52ec0c86____c12_0____1_fair.csv;t_285b3bcd52ec0c86____c6_0____1__t_285b3bcd52ec0c86____c6_0____0_fair.csv;t_285b3bcd52ec0c86____c8_0____4__t_285b3bcd52ec0c86____c9_0____2_fair.csv;t_285b3bcd52ec0c86____c8_0____4__t_285b3bcd52ec0c86____c20_1____2_fair.csv;t_285b3bcd52ec0c86____c8_0____4__t_285b3bcd52ec0c86____c12_0____1_fair.csv;t_285b3bcd52ec0c86____c8_0____3__t_285b3bcd52ec0c86____c16_0____3_fair.csv;t_6c551d740feb0608____c6_0____2.csv;t_285b3bcd52ec0c86____c6_0____1.csv;PED_SK_DTL_SNF____c5_1____1__PED_SK_DTL_SNF____c18_0____2_fair.csv;t_e9efd5cda78af711____c5_0____1.csv;t_b28ed28824886b47____c4_1____1__t_b28ed28824886b47____c8_0____3_fair.csv;t_b28ed28824886b47____c4_1____1__t_b28ed28824886b47____c11_1____3_fair.csv;t_b28ed28824886b47____c4_1____3.csv,"{""needs_fairification"": true, ""success"": false, ""swaps_made"": 5, ""initial_fairness"": 0.0289, ""initial_delta"": 0.37, ""dominated_removed_count"": 137, ""dominance_candidate_pool_size"": 150, ""candidates_after_winnow"": 8}"
tusLarge3,nl,t_dc9442ed0b52d69c____c9_0____2_fair.csv,5,278,130,5,True,0.3515,0.4,0.007194244604316547,0.017985611510791366,44.188006579875946,44.188006579875946,t_dc9442ed0b52d69c____c9_0____1__t_dc9442ed0b52d69c____c9_0____2_fair.csv;t_dc9442ed0b52d69c____c9_0____1__t_dc9442ed0b52d69c____c2_1____2_fair.csv;t_70edc453a411f33b____c9_1____2__t_70edc453a411f33b____c7_1____4_fair.csv;t_70edc453a411f33b____c9_1____2__t_70edc453a411f33b____c12_1____3_fair.csv;t_013a2f8c584d44d7____c9_1____2__t_013a2f8c584d44d7____c10_1____0_fair.csv,"{""needs_fairification"": true, ""success"": true, ""swaps_made"": 1, ""initial_fairness"": 0.2816, ""initial_delta"": 0.12, ""dominated_removed_count"": 89, ""dominance_candidate_pool_size"": 125, ""candidates_after_winnow"": 35}"
tusLarge3,nl,t_dc9442ed0b52d69c____c9_0____2_fair.csv,10,278,130,10,True,0.333,0.7,0.025179856115107913,0.03597122302158273,88.4025771021843,88.4025771021843,t_dc9442ed0b52d69c____c9_0____1__t_dc9442ed0b52d69c____c9_0____2_fair.csv;t_dc9442ed0b52d69c____c9_0____1__t_dc9442ed0b52d69c____c2_1____2_fair.csv;t_70edc453a411f33b____c9_1____2__t_70edc453a411f33b____c7_1____4_fair.csv;t_70edc453a411f33b____c9_1____2__t_70edc453a411f33b____c12_1____3_fair.csv;t_dc9442ed0b52d69c____c9_1____3__t_dc9442ed0b52d69c____c9_0____2_fair.csv;t_dc9442ed0b52d69c____c9_1____3__t_dc9442ed0b52d69c____c8_0____3_fair.csv;t_dc9442ed0b52d69c____c9_1____3__t_dc9442ed0b52d69c____c2_1____2_fair.csv;t_dc9442ed0b52d69c____c9_0____3__t_dc9442ed0b52d69c____c9_0____2_fair.csv;t_dc9442ed0b52d69c____c9_0____3__t_dc9442ed0b52d69c____c8_0____3_fair.csv;t_013a2f8c584d44d7____c9_1____2__t_013a2f8c584d44d7____c10_1____0_fair.csv,"{""needs_fairification"": true, ""success"": true, ""swaps_made"": 1, ""initial_fairness"": 0.2779, ""initial_delta"": 0.12, ""dominated_removed_count"": 85, ""dominance_candidate_pool_size"": 120, ""candidates_after_winnow"": 34}"
tusLarge3,nl,t_dc9442ed0b52d69c____c9_0____2_fair.csv,20,278,130,20,True,0.3141,0.5,0.03597122302158273,0.07194244604316546,176.7257969379425,176.7257969379425,t_dc9442ed0b52d69c____c9_0____1__t_dc9442ed0b52d69c____c9_0____2_fair.csv;t_70edc453a411f33b____c9_1____2__t_70edc453a411f33b____c7_1____4_fair.csv;t_70edc453a411f33b____c9_1____2__t_70edc453a411f33b____c12_1____3_fair.csv;t_dc9442ed0b52d69c____c9_1____3__t_dc9442ed0b52d69c____c9_0____2_fair.csv;t_dc9442ed0b52d69c____c9_1____3__t_dc9442ed0b52d69c____c8_0____3_fair.csv;t_dc9442ed0b52d69c____c9_1____3__t_dc9442ed0b52d69c____c2_1____2_fair.csv;t_dc9442ed0b52d69c____c9_0____3__t_dc9442ed0b52d69c____c9_0____2_fair.csv;t_dc9442ed0b52d69c____c9_0____3__t_dc9442ed0b52d69c____c8_0____3_fair.csv;t_dc9442ed0b52d69c____c9_0____3__t_dc9442ed0b52d69c____c2_1____2_fair.csv;t_70edc453a411f33b____c9_0____3__t_70edc453a411f33b____c7_1____4_fair.csv;t_70edc453a411f33b____c9_0____3__t_70edc453a411f33b____c10_1____3_fair.csv;t_dc9442ed0b52d69c____c9_1____4__t_dc9442ed0b52d69c____c9_0____2_fair.csv;t_dc9442ed0b52d69c____c9_1____4__t_dc9442ed0b52d69c____c8_0____3_fair.csv;t_dc9442ed0b52d69c____c9_1____4__t_dc9442ed0b52d69c____c2_1____2_fair.csv;t_70edc453a411f33b____c9_0____1__t_70edc453a411f33b____c7_1____4_fair.csv;t_70edc453a411f33b____c9_1____0__t_70edc453a411f33b____c7_1____4_fair.csv;t_70edc453a411f33b____c9_1____0__t_70edc453a411f33b____c12_1____3_fair.csv;t_70edc453a411f33b____c9_1____4__t_70edc453a411f33b____c7_1____4_fair.csv;t_013a2f8c584d44d7____c9_1____4__t_013a2f8c584d44d7____c10_1____0_fair.csv;t_013a2f8c584d44d7____c9_1____2__t_013a2f8c584d44d7____c10_1____0_fair.csv,"{""needs_fairification"": true, ""success"": true, ""swaps_made"": 2, ""initial_fairness"": 0.235, ""initial_delta"": 0.17, ""dominated_removed_count"": 77, ""dominance_candidate_pool_size"": 110, ""candidates_after_winnow"": 31}"
tusLarge3,nl,t_ece0594e0480a1ed____c5_1____3_fair.csv,5,88,159,5,True,0.3968,1.0,0.056818181818181816,0.056818181818181816,24.01617830991745,24.01617830991745,t_ece0594e0480a1ed____c5_1____1__t_ece0594e0480a1ed____c5_1____3_fair.csv;t_ece0594e0480a1ed____c5_1____1.csv;t_ece0594e0480a1ed____c5_1____2__t_ece0594e0480a1ed____c5_1____3_fair.csv;t_ece0594e0480a1ed____c6_0____3__t_ece0594e0480a1ed____c5_1____3_fair.csv;t_ece0594e0480a1ed____c5_0____3__t_ece0594e0480a1ed____c5_1____3_fair.csv,"{""needs_fairification"": false, ""success"": true, ""swaps_made"": 0, ""initial_fairness"": 0.3968, ""initial_delta"": 0.0}"
tusLarge3,nl,t_ece0594e0480a1ed____c5_1____3_fair.csv,10,88,159,10,True,0.3612,1.0,0.11363636363636363,0.11363636363636363,47.78767943382263,47.78767943382263,t_ece0594e0480a1ed____c5_1____1__t_ece0594e0480a1ed____c5_1____3_fair.csv;t_ece0594e0480a1ed____c5_1____1.csv;t_ece0594e0480a1ed____c5_1____2__t_ece0594e0480a1ed____c5_1____3_fair.csv;t_ece0594e0480a1ed____c6_0____3__t_ece0594e0480a1ed____c5_1____3_fair.csv;t_ece0594e0480a1ed____c5_0____3__t_ece0594e0480a1ed____c5_1____3_fair.csv;t_ece0594e0480a1ed____c5_1____0__t_ece0594e0480a1ed____c5_1____3_fair.csv;t_ece0594e0480a1ed____c6_0____1__t_ece0594e0480a1ed____c5_1____3_fair.csv;t_ece0594e0480a1ed____c5_0____1.csv;t_ece0594e0480a1ed____c5_0____1__t_ece0594e0480a1ed____c5_1____3_fair.csv;t_ece0594e0480a1ed____c6_0____3.csv,"{""needs_fairification"": false, ""success"": true, ""swaps_made"": 0, ""initial_fairness"": 0.3612, ""initial_delta"": 0.04}"
tusLarge3,nl,t_ece0594e0480a1ed____c5_1____3_fair.csv,20,88,159,20,True,0.3071,0.95,0.2159090909090909,0.22727272727272727,94.30393463373184,94.30393463373184,t_ece0594e0480a1ed____c5_1____1__t_ece0594e0480a1ed____c5_1____3_fair.csv;t_ece0594e0480a1ed____c5_1____2__t_ece0594e0480a1ed____c5_1____3_fair.csv;t_ece0594e0480a1ed____c6_0____3__t_ece0594e0480a1ed____c5_1____3_fair.csv;t_ece0594e0480a1ed____c5_0____3__t_ece0594e0480a1ed____c5_1____3_fair.csv;t_ece0594e0480a1ed____c5_1____0__t_ece0594e0480a1ed____c5_1____3_fair.csv;t_ece0594e0480a1ed____c6_0____1__t_ece0594e0480a1ed____c5_1____3_fair.csv;t_ece0594e0480a1ed____c5_0____1__t_ece0594e0480a1ed____c5_1____3_fair.csv;t_ece0594e0480a1ed____c6_0____3.csv;t_ece0594e0480a1ed____c5_1____2.csv;t_ece0594e0480a1ed____c5_0____3.csv;t_ece0594e0480a1ed____c5_1____0.csv;t_ece0594e0480a1ed____c5_1____4__t_ece0594e0480a1ed____c5_1____3_fair.csv;t_ece0594e0480a1ed____c6_0____1.csv;t_ece0594e0480a1ed____c5_1____4.csv;t_ece0594e0480a1ed____c7_0____3__t_ece0594e0480a1ed____c5_1____3_fair.csv;t_ece0594e0480a1ed____c6_0____2__t_ece0594e0480a1ed____c5_1____3_fair.csv;t_285b3bcd52ec0c86____c7_1____0.csv;t_ece0594e0480a1ed____c6_0____4__t_ece0594e0480a1ed____c5_1____3_fair.csv;t_ece0594e0480a1ed____c6_0____0__t_ece0594e0480a1ed____c5_1____3_fair.csv;t_ece0594e0480a1ed____c7_0____4__t_ece0594e0480a1ed____c5_1____3_fair.csv,"{""needs_fairification"": true, ""success"": true, ""swaps_made"": 2, ""initial_fairness"": 0.269, ""initial_delta"": 0.13, ""dominated_removed_count"": 115, ""dominance_candidate_pool_size"": 139, ""candidates_after_winnow"": 22}"
tusLarge3,nl,t_e9efd5cda78af711____c6_0____3_fair.csv,5,530,116,5,True,0.2961,0.6,0.005660377358490566,0.009433962264150943,29.183805346488953,29.183805346488953,t_e9efd5cda78af711____c6_0____2__t_e9efd5cda78af711____c6_0____3_fair.csv;PED_SK_DTL_SNF____c10_0____1__PED_SK_DTL_SNF____c18_0____2_fair.csv;PED_SK_DTL_SNF____c10_0____1__PED_SK_DTL_SNF____c14_1____4_fair.csv;t_e9efd5cda78af711____c6_0____4__t_e9efd5cda78af711____c6_0____3_fair.csv;t_e9efd5cda78af711____c6_0____0__t_e9efd5cda78af711____c6_0____3_fair.csv,"{""needs_fairification"": true, ""success"": true, ""swaps_made"": 2, ""initial_fairness"": 0.1764, ""initial_delta"": 0.22, ""dominated_removed_count"": 107, ""dominance_candidate_pool_size"": 111, ""candidates_after_winnow"": 2}"
tusLarge3,nl,t_e9efd5cda78af711____c6_0____3_fair.csv,10,530,116,10,True,0.3061,0.4,0.007547169811320755,0.018867924528301886,57.86067312955856,57.86067312955856,t_e9efd5cda78af711____c6_0____2__t_e9efd5cda78af711____c6_0____3_fair.csv;t_285b3bcd52ec0c86____c6_0____3.csv;t_e9efd5cda78af711____c6_0____1__t_e9efd5cda78af711____c6_0____3_fair.csv;t_285b3bcd52ec0c86____c10_0____1__t_285b3bcd52ec0c86____c6_0____0_fair.csv;t_e9efd5cda78af711____c6_0____4__t_e9efd5cda78af711____c6_0____3_fair.csv;t_e9efd5cda78af711____c6_0____0__t_e9efd5cda78af711____c6_0____3_fair.csv;t_285b3bcd52ec0c86____c9_1____1__t_285b3bcd52ec0c86____c9_0____2_fair.csv;t_285b3bcd52ec0c86____c9_1____1.csv;t_285b3bcd52ec0c86____c6_0____4__t_285b3bcd52ec0c86____c6_0____0_fair.csv;t_285b3bcd52ec0c86____c6_0____4.csv,"{""needs_fairification"": true, ""success"": true, ""swaps_made"": 6, ""initial_fairness"": 0.146, ""initial_delta"": 0.25, ""dominated_removed_count"": 97, ""dominance_candidate_pool_size"": 106, ""candidates_after_winnow"": 3}"
tusLarge3,nl,t_e9efd5cda78af711____c6_0____3_fair.csv,20,530,116,20,False,0.1251,0.25,0.009433962264150943,0.03773584905660377,116.22313976287842,116.22313976287842,t_e9efd5cda78af711____c6_0____2__t_e9efd5cda78af711____c6_0____3_fair.csv;t_285b3bcd52ec0c86____c6_0____3__t_285b3bcd52ec0c86____c6_0____0_fair.csv;PED_SK_DTL_SNF____c10_0____1__PED_SK_DTL_SNF____c9_0____3_fair.csv;PED_SK_DTL_SNF____c10_0____1__PED_SK_DTL_SNF____c14_1____4_fair.csv;t_285b3bcd52ec0c86____c6_0____3.csv;t_e9efd5cda78af711____c6_0____1__t_e9efd5cda78af711____c6_0____3_fair.csv;PED_SK_DTL_SNF____c10_0____1.csv;t_285b3bcd52ec0c86____c10_0____1__t_285b3bcd52ec0c86____c9_1____4_fair.csv;t_285b3bcd52ec0c86____c10_0____1__t_285b3bcd52ec0c86____c6_0____0_fair.csv;t_285b3bcd52ec0c86____c10_0____1__t_285b3bcd52ec0c86____c17_1____0_fair.csv;PED_SK_DTL_SNF____c10_0____0__PED_SK_DTL_SNF____c9_0____3_fair.csv;PED_SK_DTL_SNF____c10_0____0__PED_SK_DTL_SNF____c18_0____2_fair.csv;PED_SK_DTL_SNF____c10_0____0__PED_SK_DTL_SNF____c14_1____4_fair.csv;t_e9efd5cda78af711____c6_0____4__t_e9efd5cda78af711____c6_0____3_fair.csv;t_e9efd5cda78af711____c6_0____0__t_e9efd5cda78af711____c6_0____3_fair.csv;t_285b3bcd52ec0c86____c10_0____4__t_285b3bcd52ec0c86____c9_1____4_fair.csv;t_285b3bcd52ec0c86____c10_0____4__t_285b3bcd52ec0c86____c6_0____0_fair.csv;t_285b3bcd52ec0c86____c10_0____4__t_285b3bcd52ec0c86____c17_1____0_fair.csv;t_e9efd5cda78af711____c6_0____4.csv;t_285b3bcd52ec0c86____c6_0____4.csv,"{""needs_fairification"": true, ""success"": false, ""swaps_made"": 1, ""initial_fairness"": 0.1191, ""initial_delta"": 0.28, ""dominated_removed_count"": 89, ""dominance_candidate_pool_size"": 96, ""candidates_after_winnow"": 6}"
tusLarge3,nl,t_e9efd5cda78af711____c13_0____3_fair.csv,5,487,93,5,True,0.2959,0.4,0.004106776180698152,0.01026694045174538,61.80132704973221,61.80132704973221,t_e9efd5cda78af711____c13_0____1__t_e9efd5cda78af711____c5_0____3_fair.csv;t_e9efd5cda78af711____c13_0____1__t_e9efd5cda78af711____c13_0____3_fair.csv;t_6c551d740feb0608____c13_1____1__t_6c551d740feb0608____c9_0____3_fair.csv;t_6c551d740feb0608____c13_1____1__t_6c551d740feb0608____c5_1____1_fair.csv;t_6c551d740feb0608____c14_1____4__t_6c551d740feb0608____c9_0____3_fair.csv,"{""needs_fairification"": true, ""success"": true, ""swaps_made"": 1, ""initial_fairness"": 0.2658, ""initial_delta"": 0.13, ""dominated_removed_count"": 82, ""dominance_candidate_pool_size"": 88, ""candidates_after_winnow"": 5}"
tusLarge3,nl,t_e9efd5cda78af711____c13_0____3_fair.csv,10,487,93,10,False,0.2496,0.4,0.008213552361396304,0.02053388090349076,119.56780177354813,119.56780177354813,t_e9efd5cda78af711____c13_0____1__t_e9efd5cda78af711____c6_0____3_fair.csv;t_e9efd5cda78af711____c13_0____1__t_e9efd5cda78af711____c5_0____3_fair.csv;t_e9efd5cda78af711____c13_0____1__t_e9efd5cda78af711____c13_0____3_fair.csv;t_6c551d740feb0608____c13_1____1__t_6c551d740feb0608____c10_0____2_fair.csv;t_6c551d740feb0608____c13_1____1.csv;t_6c551d740feb0608____c14_1____3__t_6c551d740feb0608____c10_0____2_fair.csv;t_e9efd5cda78af711____c13_0____1.csv;t_6c551d740feb0608____c14_1____4__t_6c551d740feb0608____c9_0____3_fair.csv;t_6c551d740feb0608____c11_1____4.csv;PED_YT_DTL_SNF____c11_1____0.csv,"{""needs_fairification"": true, ""success"": false, ""swaps_made"": 5, ""initial_fairness"": 0.1515, ""initial_delta"": 0.25, ""dominated_removed_count"": 77, ""dominance_candidate_pool_size"": 83, ""candidates_after_winnow"": 1}"
tusLarge3,nl,t_e9efd5cda78af711____c13_0____3_fair.csv,20,487,93,20,False,0.1351,0.35,0.014373716632443531,0.04106776180698152,242.71869832277298,242.71869832277298,t_e9efd5cda78af711____c13_0____1__t_e9efd5cda78af711____c6_0____3_fair.csv;t_e9efd5cda78af711____c13_0____1__t_e9efd5cda78af711____c5_0____3_fair.csv;t_e9efd5cda78af711____c13_0____1__t_e9efd5cda78af711____c13_0____3_fair.csv;t_6c551d740feb0608____c13_1____1__t_6c551d740feb0608____c10_0____2_fair.csv;t_6c551d740feb0608____c13_1____1.csv;t_6c551d740feb0608____c14_1____3__t_6c551d740feb0608____c9_0____3_fair.csv;t_6c551d740feb0608____c14_1____3__t_6c551d740feb0608____c5_1____1_fair.csv;t_6c551d740feb0608____c14_1____3__t_6c551d740feb0608____c16_0____1_fair.csv;t_6c551d740feb0608____c14_1____3__t_6c551d740feb0608____c10_0____2_fair.csv;t_6c551d740feb0608____c15_1____3__t_6c551d740feb0608____c9_0____3_fair.csv;t_6c551d740feb0608____c15_1____3__t_6c551d740feb0608____c16_0____1_fair.csv;t_6c551d740feb0608____c15_1____3__t_6c551d740feb0608____c10_0____2_fair.csv;t_e9efd5cda78af711____c15_1____1__t_e9efd5cda78af711____c6_0____3_fair.csv;t_e9efd5cda78af711____c15_1____1__t_e9efd5cda78af711____c5_0____3_fair.csv;t_e9efd5cda78af711____c15_1____1__t_e9efd5cda78af711____c13_0____3_fair.csv;t_e9efd5cda78af711____c13_0____1.csv;t_6c551d740feb0608____c15_0____3__t_6c551d740feb0608____c10_0____2_fair.csv;t_6c551d740feb0608____c14_1____4__t_6c551d740feb0608____c9_0____3_fair.csv;t_6c551d740feb0608____c11_1____4.csv;PED_YT_DTL_SNF____c11_1____0.csv,"{""needs_fairification"": true, ""success"": false, ""swaps_made"": 5, ""initial_fairness"": 0.0944, ""initial_delta"": 0.31, ""dominated_removed_count"": 68, ""dominance_candidate_pool_size"": 73, ""candidates_after_winnow"": 0}"
tusLarge3,nl,t_ca85e8f9eef5b9d5____c20_0____2_fair.csv,5,975,58,5,False,0.0708,1.0,0.005128205128205128,0.005128205128205128,96.80701702833176,96.80701702833176,t_ca85e8f9eef5b9d5____c20_0____0__t_ca85e8f9eef5b9d5____c8_0____4_fair.csv;t_ca85e8f9eef5b9d5____c20_0____0__t_ca85e8f9eef5b9d5____c22_0____1_fair.csv;t_ca85e8f9eef5b9d5____c20_0____0__t_ca85e8f9eef5b9d5____c20_0____2_fair.csv;t_ca85e8f9eef5b9d5____c20_0____0__t_ca85e8f9eef5b9d5____c1_0____2_fair.csv;t_ca85e8f9eef5b9d5____c20_0____0.csv,"{""needs_fairification"": true, ""success"": false, ""swaps_made"": 1, ""initial_fairness"": 0.065, ""initial_delta"": 0.34, ""dominated_removed_count"": 52, ""dominance_candidate_pool_size"": 53, ""candidates_after_winnow"": 0}"
tusLarge3,nl,t_ca85e8f9eef5b9d5____c20_0____2_fair.csv,10,975,58,10,False,0.0359,1.0,0.010256410256410256,0.010256410256410256,193.6140340566635,193.6140340566635,t_ca85e8f9eef5b9d5____c20_0____0__t_ca85e8f9eef5b9d5____c9_1____4_fair.csv;t_ca85e8f9eef5b9d5____c20_0____0__t_ca85e8f9eef5b9d5____c8_0____4_fair.csv;t_ca85e8f9eef5b9d5____c20_0____0__t_ca85e8f9eef5b9d5____c22_0____1_fair.csv;t_ca85e8f9eef5b9d5____c20_0____0__t_ca85e8f9eef5b9d5____c20_0____2_fair.csv;t_ca85e8f9eef5b9d5____c20_0____0__t_ca85e8f9eef5b9d5____c1_0____2_fair.csv;t_ca85e8f9eef5b9d5____c20_0____0__t_ca85e8f9eef5b9d5____c19_0____4_fair.csv;t_ca85e8f9eef5b9d5____c20_0____0__t_ca85e8f9eef5b9d5____c17_0____3_fair.csv;t_ca85e8f9eef5b9d5____c20_0____0__t_ca85e8f9eef5b9d5____c15_1____1_fair.csv;t_ca85e8f9eef5b9d5____c20_0____0__t_ca85e8f9eef5b9d5____c14_1____2_fair.csv;t_ca85e8f9eef5b9d5____c20_0____0__t_ca85e8f9eef5b9d5____c10_1____1_fair.csv,"{""needs_fairification"": true, ""success"": false, ""swaps_made"": 0, ""initial_fairness"": 0.0359, ""initial_delta"": 0.36, ""dominated_removed_count"": 47, ""dominance_candidate_pool_size"": 48, ""candidates_after_winnow"": 1}"
tusLarge3,nl,t_ca85e8f9eef5b9d5____c20_0____2_fair.csv,20,975,58,20,False,0.0187,1.0,0.020512820512820513,0.020512820512820513,379.5493138432503,379.5493138432503,t_ca85e8f9eef5b9d5____c20_0____0__t_ca85e8f9eef5b9d5____c9_1____4_fair.csv;t_ca85e8f9eef5b9d5____c20_0____0__t_ca85e8f9eef5b9d5____c8_0____4_fair.csv;t_ca85e8f9eef5b9d5____c20_0____0__t_ca85e8f9eef5b9d5____c22_0____1_fair.csv;t_ca85e8f9eef5b9d5____c20_0____0__t_ca85e8f9eef5b9d5____c20_0____2_fair.csv;t_ca85e8f9eef5b9d5____c20_0____0__t_ca85e8f9eef5b9d5____c1_0____2_fair.csv;t_ca85e8f9eef5b9d5____c20_0____0__t_ca85e8f9eef5b9d5____c19_0____4_fair.csv;t_ca85e8f9eef5b9d5____c20_0____0__t_ca85e8f9eef5b9d5____c17_0____3_fair.csv;t_ca85e8f9eef5b9d5____c20_0____0__t_ca85e8f9eef5b9d5____c15_1____1_fair.csv;t_ca85e8f9eef5b9d5____c20_0____0__t_ca85e8f9eef5b9d5____c14_1____2_fair.csv;t_ca85e8f9eef5b9d5____c20_0____0__t_ca85e8f9eef5b9d5____c10_1____1_fair.csv;t_ca85e8f9eef5b9d5____c20_0____0__t_ca85e8f9eef5b9d5____c10_1____0_fair.csv;t_ca85e8f9eef5b9d5____c20_0____0__t_ca85e8f9eef5b9d5____c10_0____0_fair.csv;t_ca85e8f9eef5b9d5____c20_0____0.csv;t_ca85e8f9eef5b9d5____c19_1____0__t_ca85e8f9eef5b9d5____c8_0____4_fair.csv;t_ca85e8f9eef5b9d5____c19_1____0__t_ca85e8f9eef5b9d5____c22_0____1_fair.csv;t_ca85e8f9eef5b9d5____c19_1____0__t_ca85e8f9eef5b9d5____c20_0____2_fair.csv;t_ca85e8f9eef5b9d5____c19_1____0__t_ca85e8f9eef5b9d5____c15_1____1_fair.csv;t_ca85e8f9eef5b9d5____c19_1____0__t_ca85e8f9eef5b9d5____c14_1____2_fair.csv;t_ca85e8f9eef5b9d5____c19_1____0__t_ca85e8f9eef5b9d5____c10_1____1_fair.csv;t_ca85e8f9eef5b9d5____c19_1____0__t_ca85e8f9eef5b9d5____c10_1____0_fair.csv,"{""needs_fairification"": true, ""success"": false, ""swaps_made"": 0, ""initial_fairness"": 0.0187, ""initial_delta"": 0.38, ""dominated_removed_count"": 37, ""dominance_candidate_pool_size"": 38, ""candidates_after_winnow"": 1}"
tusLarge3,nl,t_ca85e8f9eef5b9d5____c22_0____1_fair.csv,5,832,51,5,True,0.3005,1.0,0.006009615384615385,0.006009615384615385,102.7818472981453,102.7818472981453,t_ca85e8f9eef5b9d5____c22_0____0__t_ca85e8f9eef5b9d5____c22_0____1_fair.csv;t_ca85e8f9eef5b9d5____c22_0____0__t_ca85e8f9eef5b9d5____c20_0____2_fair.csv;t_ca85e8f9eef5b9d5____c22_0____0__t_ca85e8f9eef5b9d5____c1_0____2_fair.csv;t_ca85e8f9eef5b9d5____c22_0____0__t_ca85e8f9eef5b9d5____c15_1____1_fair.csv;t_ca85e8f9eef5b9d5____c22_0____3__t_ca85e8f9eef5b9d5____c22_0____1_fair.csv,"{""needs_fairification"": true, ""success"": true, ""swaps_made"": 2, ""initial_fairness"": 0.2586, ""initial_delta"": 0.14, ""dominated_removed_count"": 41, ""dominance_candidate_pool_size"": 46, ""candidates_after_winnow"": 3}"
tusLarge3,nl,t_ca85e8f9eef5b9d5____c22_0____1_fair.csv,10,832,51,10,False,0.2476,1.0,0.01201923076923077,0.01201923076923077,205.88666248321533,205.88666248321533,t_ca85e8f9eef5b9d5____c22_0____0__t_ca85e8f9eef5b9d5____c8_0____4_fair.csv;t_ca85e8f9eef5b9d5____c22_0____0__t_ca85e8f9eef5b9d5____c22_0____1_fair.csv;t_ca85e8f9eef5b9d5____c22_0____0__t_ca85e8f9eef5b9d5____c20_0____2_fair.csv;t_ca85e8f9eef5b9d5____c22_0____0__t_ca85e8f9eef5b9d5____c1_0____2_fair.csv;t_ca85e8f9eef5b9d5____c22_0____0__t_ca85e8f9eef5b9d5____c19_0____4_fair.csv;t_ca85e8f9eef5b9d5____c22_0____0__t_ca85e8f9eef5b9d5____c17_0____3_fair.csv;t_ca85e8f9eef5b9d5____c22_0____0__t_ca85e8f9eef5b9d5____c15_1____1_fair.csv;t_ca85e8f9eef5b9d5____c22_0____0__t_ca85e8f9eef5b9d5____c14_1____2_fair.csv;t_ca85e8f9eef5b9d5____c22_0____0__t_ca85e8f9eef5b9d5____c10_1____1_fair.csv;t_ca85e8f9eef5b9d5____c22_0____3__t_ca85e8f9eef5b9d5____c22_0____1_fair.csv,"{""needs_fairification"": true, ""success"": false, ""swaps_made"": 1, ""initial_fairness"": 0.229, ""initial_delta"": 0.17, ""dominated_removed_count"": 36, ""dominance_candidate_pool_size"": 41, ""candidates_after_winnow"": 4}"
tusLarge3,nl,t_ca85e8f9eef5b9d5____c22_0____1_fair.csv,20,832,51,20,False,0.2253,1.0,0.02403846153846154,0.02403846153846154,409.8355176448822,409.8355176448822,t_ca85e8f9eef5b9d5____c22_0____0__t_ca85e8f9eef5b9d5____c9_1____4_fair.csv;t_ca85e8f9eef5b9d5____c22_0____0__t_ca85e8f9eef5b9d5____c8_0____4_fair.csv;t_ca85e8f9eef5b9d5____c22_0____0__t_ca85e8f9eef5b9d5____c22_0____1_fair.csv;t_ca85e8f9eef5b9d5____c22_0____0__t_ca85e8f9eef5b9d5____c20_0____2_fair.csv;t_ca85e8f9eef5b9d5____c22_0____0__t_ca85e8f9eef5b9d5____c1_0____2_fair.csv;t_ca85e8f9eef5b9d5____c22_0____0__t_ca85e8f9eef5b9d5____c19_0____4_fair.csv;t_ca85e8f9eef5b9d5____c22_0____0__t_ca85e8f9eef5b9d5____c17_0____3_fair.csv;t_ca85e8f9eef5b9d5____c22_0____0__t_ca85e8f9eef5b9d5____c15_1____1_fair.csv;t_ca85e8f9eef5b9d5____c22_0____0__t_ca85e8f9eef5b9d5____c14_1____2_fair.csv;t_ca85e8f9eef5b9d5____c22_0____0__t_ca85e8f9eef5b9d5____c10_1____1_fair.csv;t_ca85e8f9eef5b9d5____c22_0____0__t_ca85e8f9eef5b9d5____c10_1____0_fair.csv;t_ca85e8f9eef5b9d5____c22_0____0__t_ca85e8f9eef5b9d5____c10_0____0_fair.csv;t_ca85e8f9eef5b9d5____c22_0____3__t_ca85e8f9eef5b9d5____c9_1____4_fair.csv;t_ca85e8f9eef5b9d5____c22_0____3__t_ca85e8f9eef5b9d5____c8_0____4_fair.csv;t_ca85e8f9eef5b9d5____c22_0____3__t_ca85e8f9eef5b9d5____c22_0____1_fair.csv;t_ca85e8f9eef5b9d5____c22_0____3__t_ca85e8f9eef5b9d5____c20_0____2_fair.csv;t_ca85e8f9eef5b9d5____c22_0____3__t_ca85e8f9eef5b9d5____c1_0____2_fair.csv;t_ca85e8f9eef5b9d5____c22_0____3__t_ca85e8f9eef5b9d5____c19_0____4_fair.csv;t_ca85e8f9eef5b9d5____c22_0____3__t_ca85e8f9eef5b9d5____c17_0____3_fair.csv;t_ca85e8f9eef5b9d5____c22_0____3__t_ca85e8f9eef5b9d5____c15_1____1_fair.csv,"{""needs_fairification"": true, ""success"": false, ""swaps_made"": 1, ""initial_fairness"": 0.2208, ""initial_delta"": 0.18, ""dominated_removed_count"": 29, ""dominance_candidate_pool_size"": 31, ""candidates_after_winnow"": 1}"
tusLarge3,nl,t_e9efd5cda78af711____c18_0____0_fair.csv,5,451,64,5,False,0.1251,0.4,0.004434589800443459,0.011086474501108648,81.21534895896912,81.21534895896912,t_e9efd5cda78af711____c18_0____4__t_e9efd5cda78af711____c18_0____0_fair.csv;t_e9efd5cda78af711____c18_1____0.csv;t_285b3bcd52ec0c86____c19_1____2__t_285b3bcd52ec0c86____c6_0____0_fair.csv;t_285b3bcd52ec0c86____c19_1____2.csv;t_285b3bcd52ec0c86____c17_1____2.csv,"{""needs_fairification"": true, ""success"": false, ""swaps_made"": 4, ""initial_fairness"": 0.066, ""initial_delta"": 0.33, ""dominated_removed_count"": 54, ""dominance_candidate_pool_size"": 59, ""candidates_after_winnow"": 1}"
tusLarge3,nl,t_e9efd5cda78af711____c18_0____0_fair.csv,10,451,64,10,False,0.0453,0.8,0.017738359201773836,0.022172949002217297,166.45663684606552,166.45663684606552,t_e9efd5cda78af711____c18_1____0__t_e9efd5cda78af711____c5_0____3_fair.csv;t_e9efd5cda78af711____c18_1____0__t_e9efd5cda78af711____c18_0____0_fair.csv;t_e9efd5cda78af711____c18_1____0__t_e9efd5cda78af711____c13_0____3_fair.csv;t_e9efd5cda78af711____c18_0____4__t_e9efd5cda78af711____c6_0____3_fair.csv;t_e9efd5cda78af711____c18_0____4__t_e9efd5cda78af711____c18_0____0_fair.csv;t_e9efd5cda78af711____c18_0____4__t_e9efd5cda78af711____c13_0____3_fair.csv;t_e9efd5cda78af711____c18_1____0.csv;t_e9efd5cda78af711____c18_0____4.csv;t_285b3bcd52ec0c86____c19_1____2__t_285b3bcd52ec0c86____c9_1____4_fair.csv;t_285b3bcd52ec0c86____c19_1____2__t_285b3bcd52ec0c86____c6_0____0_fair.csv,"{""needs_fairification"": true, ""success"": false, ""swaps_made"": 0, ""initial_fairness"": 0.0453, ""initial_delta"": 0.35, ""dominated_removed_count"": 50, ""dominance_candidate_pool_size"": 54, ""candidates_after_winnow"": 4}"
tusLarge3,nl,t_e9efd5cda78af711____c18_0____0_fair.csv,20,451,64,20,False,0.0353,0.4,0.017738359201773836,0.04434589800443459,329.5879726409912,329.5879726409912,t_e9efd5cda78af711____c18_1____0__t_e9efd5cda78af711____c5_0____3_fair.csv;t_e9efd5cda78af711____c18_1____0__t_e9efd5cda78af711____c18_0____0_fair.csv;t_e9efd5cda78af711____c18_1____0__t_e9efd5cda78af711____c13_0____3_fair.csv;t_e9efd5cda78af711____c18_0____4__t_e9efd5cda78af711____c6_0____3_fair.csv;t_e9efd5cda78af711____c18_0____4__t_e9efd5cda78af711____c18_0____0_fair.csv;t_e9efd5cda78af711____c18_0____4__t_e9efd5cda78af711____c13_0____3_fair.csv;t_e9efd5cda78af711____c18_1____0.csv;t_e9efd5cda78af711____c18_0____4.csv;t_285b3bcd52ec0c86____c19_1____2__t_285b3bcd52ec0c86____c9_1____4_fair.csv;t_285b3bcd52ec0c86____c19_1____2__t_285b3bcd52ec0c86____c6_0____0_fair.csv;t_285b3bcd52ec0c86____c19_1____2__t_285b3bcd52ec0c86____c12_0____1_fair.csv;t_285b3bcd52ec0c86____c19_1____2__t_285b3bcd52ec0c86____c16_0____3_fair.csv;t_285b3bcd52ec0c86____c19_1____3__t_285b3bcd52ec0c86____c9_1____4_fair.csv;t_285b3bcd52ec0c86____c19_1____3__t_285b3bcd52ec0c86____c6_0____0_fair.csv;t_285b3bcd52ec0c86____c19_1____3__t_285b3bcd52ec0c86____c12_0____1_fair.csv;t_285b3bcd52ec0c86____c19_1____2__t_285b3bcd52ec0c86____c17_1____0_fair.csv;t_285b3bcd52ec0c86____c19_1____3__t_285b3bcd52ec0c86____c16_0____3_fair.csv;t_285b3bcd52ec0c86____c19_1____2.csv;t_285b3bcd52ec0c86____c19_1____2__t_285b3bcd52ec0c86____c7_1____2_fair.csv;t_285b3bcd52ec0c86____c19_1____3.csv,"{""needs_fairification"": true, ""success"": false, ""swaps_made"": 0, ""initial_fairness"": 0.0353, ""initial_delta"": 0.36, ""dominated_removed_count"": 39, ""dominance_candidate_pool_size"": 44, ""candidates_after_winnow"": 5}"
tusLarge3,nl,t_f2bc7fb748586bfa____c17_1____1_fair.csv,5,1605,59,5,False,0.284,0.8,0.0024922118380062306,0.003115264797507788,76.97480124235153,76.97480124235153,t_f2bc7fb748586bfa____c17_1____2__t_f2bc7fb748586bfa____c42_1____2_fair.csv;t_f2bc7fb748586bfa____c17_1____2__t_f2bc7fb748586bfa____c17_1____1_fair.csv;t_f2bc7fb748586bfa____c21_1____4.csv;t_f2bc7fb748586bfa____c19_0____4.csv;t_f2bc7fb748586bfa____c17_0____0.csv,"{""needs_fairification"": true, ""success"": false, ""swaps_made"": 4, ""initial_fairness"": 0.1684, ""initial_delta"": 0.23, ""dominated_removed_count"": 50, ""dominance_candidate_pool_size"": 54, ""candidates_after_winnow"": 0}"
tusLarge3,nl,t_f2bc7fb748586bfa____c17_1____1_fair.csv,10,1605,59,10,False,0.1559,0.9,0.005607476635514018,0.006230529595015576,155.8368838429451,155.8368838429451,t_f2bc7fb748586bfa____c20_0____1.csv;t_f2bc7fb748586bfa____c17_1____2__t_f2bc7fb748586bfa____c42_1____2_fair.csv;t_f2bc7fb748586bfa____c17_1____2__t_f2bc7fb748586bfa____c40_0____0_fair.csv;t_f2bc7fb748586bfa____c17_1____2__t_f2bc7fb748586bfa____c27_1____4_fair.csv;t_f2bc7fb748586bfa____c17_1____2__t_f2bc7fb748586bfa____c19_1____0_fair.csv;t_f2bc7fb748586bfa____c17_1____2__t_f2bc7fb748586bfa____c17_1____1_fair.csv;t_f2bc7fb748586bfa____c17_1____2.csv;t_f2bc7fb748586bfa____c21_1____4.csv;t_f2bc7fb748586bfa____c19_0____4.csv;t_f2bc7fb748586bfa____c17_0____0.csv,"{""needs_fairification"": true, ""success"": false, ""swaps_made"": 3, ""initial_fairness"": 0.131, ""initial_delta"": 0.27, ""dominated_removed_count"": 44, ""dominance_candidate_pool_size"": 49, ""candidates_after_winnow"": 2}"
tusLarge3,nl,t_f2bc7fb748586bfa____c17_1____1_fair.csv,20,1605,59,20,False,0.0689,1.0,0.012461059190031152,0.012461059190031152,312.6326072216034,312.6326072216034,t_f2bc7fb748586bfa____c20_0____1.csv;t_f2bc7fb748586bfa____c17_1____2__t_f2bc7fb748586bfa____c42_1____2_fair.csv;t_f2bc7fb748586bfa____c17_1____2__t_f2bc7fb748586bfa____c40_0____0_fair.csv;t_f2bc7fb748586bfa____c17_1____2__t_f2bc7fb748586bfa____c31_1____2_fair.csv;t_f2bc7fb748586bfa____c17_1____2__t_f2bc7fb748586bfa____c27_1____4_fair.csv;t_f2bc7fb748586bfa____c17_1____2__t_f2bc7fb748586bfa____c19_1____0_fair.csv;t_f2bc7fb748586bfa____c17_1____2__t_f2bc7fb748586bfa____c17_1____1_fair.csv;t_f2bc7fb748586bfa____c17_1____2.csv;t_f2bc7fb748586bfa____c20_0____1__t_f2bc7fb748586bfa____c8_0____0_fair.csv;t_f2bc7fb748586bfa____c20_0____1__t_f2bc7fb748586bfa____c42_1____2_fair.csv;t_f2bc7fb748586bfa____c20_0____1__t_f2bc7fb748586bfa____c31_1____2_fair.csv;t_f2bc7fb748586bfa____c20_0____1__t_f2bc7fb748586bfa____c19_1____0_fair.csv;t_f2bc7fb748586bfa____c20_0____1__t_f2bc7fb748586bfa____c17_1____1_fair.csv;t_f2bc7fb748586bfa____c22_0____3.csv;t_f2bc7fb748586bfa____c19_1____3__t_f2bc7fb748586bfa____c17_1____1_fair.csv;t_f2bc7fb748586bfa____c20_0____2.csv;t_f2bc7fb748586bfa____c20_0____2__t_f2bc7fb748586bfa____c8_0____0_fair.csv;t_f2bc7fb748586bfa____c21_1____4__t_f2bc7fb748586bfa____c8_0____4_fair.csv;t_f2bc7fb748586bfa____c21_1____4__t_f2bc7fb748586bfa____c27_1____4_fair.csv;t_f2bc7fb748586bfa____c21_1____4__t_f2bc7fb748586bfa____c18_1____4_fair.csv,"{""needs_fairification"": true, ""success"": false, ""swaps_made"": 0, ""initial_fairness"": 0.0689, ""initial_delta"": 0.33, ""dominated_removed_count"": 35, ""dominance_candidate_pool_size"": 39, ""candidates_after_winnow"": 4}"
tusLarge3,nl,t_f2bc7fb748586bfa____c18_1____4_fair.csv,5,1601,63,5,True,0.3067,1.0,0.003123048094940662,0.003123048094940662,83.94820481538773,83.94820481538773,t_f2bc7fb748586bfa____c18_1____2__t_f2bc7fb748586bfa____c18_1____4_fair.csv;t_f2bc7fb748586bfa____c18_1____2__t_f2bc7fb748586bfa____c17_1____1_fair.csv;t_f2bc7fb748586bfa____c18_1____1__t_f2bc7fb748586bfa____c8_0____4_fair.csv;t_f2bc7fb748586bfa____c18_1____1__t_f2bc7fb748586bfa____c18_1____4_fair.csv;t_f2bc7fb748586bfa____c18_1____0__t_f2bc7fb748586bfa____c18_1____4_fair.csv,"{""needs_fairification"": true, ""success"": true, ""swaps_made"": 2, ""initial_fairness"": 0.1819, ""initial_delta"": 0.22, ""dominated_removed_count"": 52, ""dominance_candidate_pool_size"": 58, ""candidates_after_winnow"": 4}"
tusLarge3,nl,t_f2bc7fb748586bfa____c18_1____4_fair.csv,10,1601,63,10,False,0.2564,0.8,0.004996876951905059,0.006246096189881324,158.07067263126373,158.07067263126373,t_f2bc7fb748586bfa____c18_1____2__t_f2bc7fb748586bfa____c18_1____4_fair.csv;t_f2bc7fb748586bfa____c18_1____1__t_f2bc7fb748586bfa____c40_0____0_fair.csv;t_f2bc7fb748586bfa____c18_1____1__t_f2bc7fb748586bfa____c18_1____4_fair.csv;t_f2bc7fb748586bfa____c18_1____1.csv;t_f2bc7fb748586bfa____c18_1____2.csv;t_f2bc7fb748586bfa____c18_0____4.csv;t_f2bc7fb748586bfa____c18_1____0__t_f2bc7fb748586bfa____c18_1____4_fair.csv;t_f2bc7fb748586bfa____c17_0____3.csv;t_f2bc7fb748586bfa____c15_1____3__t_f2bc7fb748586bfa____c18_1____4_fair.csv;t_f2bc7fb748586bfa____c15_1____3.csv,"{""needs_fairification"": true, ""success"": false, ""swaps_made"": 5, ""initial_fairness"": 0.1583, ""initial_delta"": 0.24, ""dominated_removed_count"": 47, ""dominance_candidate_pool_size"": 53, ""candidates_after_winnow"": 1}"
tusLarge3,nl,t_f2bc7fb748586bfa____c18_1____4_fair.csv,20,1601,63,20,False,0.1301,0.65,0.008119925046845722,0.012492192379762648,329.03865963220596,329.03865963220596,t_f2bc7fb748586bfa____c18_1____2__t_f2bc7fb748586bfa____c40_0____0_fair.csv;t_f2bc7fb748586bfa____c18_1____2__t_f2bc7fb748586bfa____c18_1____4_fair.csv;t_f2bc7fb748586bfa____c18_1____2__t_f2bc7fb748586bfa____c17_1____1_fair.csv;t_f2bc7fb748586bfa____c18_1____1__t_f2bc7fb748586bfa____c8_0____4_fair.csv;t_f2bc7fb748586bfa____c18_1____1__t_f2bc7fb748586bfa____c40_0____0_fair.csv;t_f2bc7fb748586bfa____c18_1____1__t_f2bc7fb748586bfa____c18_1____4_fair.csv;t_f2bc7fb748586bfa____c18_1____1__t_f2bc7fb748586bfa____c17_1____1_fair.csv;t_f2bc7fb748586bfa____c18_1____1.csv;t_f2bc7fb748586bfa____c18_1____2.csv;t_f2bc7fb748586bfa____c18_0____4__t_f2bc7fb748586bfa____c8_0____4_fair.csv;t_f2bc7fb748586bfa____c18_0____4.csv;t_f2bc7fb748586bfa____c18_0____0__t_f2bc7fb748586bfa____c8_0____4_fair.csv;t_f2bc7fb748586bfa____c18_0____0__t_f2bc7fb748586bfa____c27_1____4_fair.csv;t_f2bc7fb748586bfa____c18_0____0.csv;t_f2bc7fb748586bfa____c18_0____4__t_f2bc7fb748586bfa____c27_1____4_fair.csv;t_f2bc7fb748586bfa____c18_0____2__t_f2bc7fb748586bfa____c27_1____4_fair.csv;t_f2bc7fb748586bfa____c18_1____0__t_f2bc7fb748586bfa____c8_0____4_fair.csv;t_f2bc7fb748586bfa____c18_1____0__t_f2bc7fb748586bfa____c40_0____0_fair.csv;t_f2bc7fb748586bfa____c18_1____0__t_f2bc7fb748586bfa____c18_1____4_fair.csv;t_f2bc7fb748586bfa____c15_1____3__t_f2bc7fb748586bfa____c18_1____4_fair.csv,"{""needs_fairification"": true, ""success"": false, ""swaps_made"": 1, ""initial_fairness"": 0.1134, ""initial_delta"": 0.29, ""dominated_removed_count"": 35, ""dominance_candidate_pool_size"": 43, ""candidates_after_winnow"": 7}"
tusLarge3,nl,t_f2bc7fb748586bfa____c19_1____0_fair.csv,5,1544,54,5,False,0.2759,1.0,0.003238341968911917,0.003238341968911917,86.96917563676834,86.96917563676834,t_f2bc7fb748586bfa____c19_1____3__t_f2bc7fb748586bfa____c19_1____0_fair.csv;t_f2bc7fb748586bfa____c19_1____3__t_f2bc7fb748586bfa____c27_1____4_fair.csv;t_f2bc7fb748586bfa____c19_1____3.csv;t_f2bc7fb748586bfa____c19_1____1__t_f2bc7fb748586bfa____c19_1____0_fair.csv;t_f2bc7fb748586bfa____c17_0____3.csv,"{""needs_fairification"": true, ""success"": false, ""swaps_made"": 3, ""initial_fairness"": 0.1491, ""initial_delta"": 0.25, ""dominated_removed_count"": 45, ""dominance_candidate_pool_size"": 49, ""candidates_after_winnow"": 1}"
tusLarge3,nl,t_f2bc7fb748586bfa____c19_1____0_fair.csv,10,1544,54,10,False,0.136,1.0,0.006476683937823834,0.006476683937823834,176.34325218200684,176.34325218200684,t_f2bc7fb748586bfa____c19_1____3__t_f2bc7fb748586bfa____c19_1____0_fair.csv;t_f2bc7fb748586bfa____c19_1____3__t_f2bc7fb748586bfa____c42_1____2_fair.csv;t_f2bc7fb748586bfa____c19_1____3__t_f2bc7fb748586bfa____c27_1____4_fair.csv;t_f2bc7fb748586bfa____c19_1____3__t_f2bc7fb748586bfa____c18_1____4_fair.csv;t_f2bc7fb748586bfa____c19_1____3__t_f2bc7fb748586bfa____c17_1____1_fair.csv;t_f2bc7fb748586bfa____c19_1____3.csv;t_f2bc7fb748586bfa____c19_1____4__t_f2bc7fb748586bfa____c8_0____0_fair.csv;t_f2bc7fb748586bfa____c19_1____4__t_f2bc7fb748586bfa____c19_1____0_fair.csv;t_f2bc7fb748586bfa____c19_1____1__t_f2bc7fb748586bfa____c19_1____0_fair.csv;t_f2bc7fb748586bfa____c17_0____3.csv,"{""needs_fairification"": true, ""success"": false, ""swaps_made"": 2, ""initial_fairness"": 0.084, ""initial_delta"": 0.32, ""dominated_removed_count"": 40, ""dominance_candidate_pool_size"": 44, ""candidates_after_winnow"": 2}"
tusLarge3,nl,t_f2bc7fb748586bfa____c19_1____0_fair.csv,20,1544,54,20,False,0.0674,1.0,0.012953367875647668,0.012953367875647668,351.44597375392914,351.44597375392914,t_f2bc7fb748586bfa____c19_1____3__t_f2bc7fb748586bfa____c19_1____0_fair.csv;t_f2bc7fb748586bfa____c19_1____3__t_f2bc7fb748586bfa____c8_0____0_fair.csv;t_f2bc7fb748586bfa____c19_1____3__t_f2bc7fb748586bfa____c42_1____2_fair.csv;t_f2bc7fb748586bfa____c19_1____3__t_f2bc7fb748586bfa____c27_1____4_fair.csv;t_f2bc7fb748586bfa____c19_1____3__t_f2bc7fb748586bfa____c18_1____4_fair.csv;t_f2bc7fb748586bfa____c19_1____3__t_f2bc7fb748586bfa____c17_1____1_fair.csv;t_f2bc7fb748586bfa____c19_1____3.csv;t_f2bc7fb748586bfa____c19_1____4__t_f2bc7fb748586bfa____c8_0____0_fair.csv;t_f2bc7fb748586bfa____c19_1____4__t_f2bc7fb748586bfa____c19_1____0_fair.csv;t_f2bc7fb748586bfa____c19_1____1__t_f2bc7fb748586bfa____c8_0____4_fair.csv;t_f2bc7fb748586bfa____c19_1____4__t_f2bc7fb748586bfa____c8_0____4_fair.csv;t_f2bc7fb748586bfa____c19_1____4__t_f2bc7fb748586bfa____c27_1____4_fair.csv;t_f2bc7fb748586bfa____c19_1____4__t_f2bc7fb748586bfa____c18_1____4_fair.csv;t_f2bc7fb748586bfa____c19_1____4__t_f2bc7fb748586bfa____c17_1____1_fair.csv;t_f2bc7fb748586bfa____c19_1____4.csv;t_f2bc7fb748586bfa____c20_0____1__t_f2bc7fb748586bfa____c8_0____0_fair.csv;t_f2bc7fb748586bfa____c20_0____1__t_f2bc7fb748586bfa____c42_1____2_fair.csv;t_f2bc7fb748586bfa____c20_0____1__t_f2bc7fb748586bfa____c31_1____2_fair.csv;t_f2bc7fb748586bfa____c20_0____1__t_f2bc7fb748586bfa____c19_1____0_fair.csv;t_f2bc7fb748586bfa____c19_1____1__t_f2bc7fb748586bfa____c19_1____0_fair.csv,"{""needs_fairification"": true, ""success"": false, ""swaps_made"": 1, ""initial_fairness"": 0.044, ""initial_delta"": 0.36, ""dominated_removed_count"": 30, ""dominance_candidate_pool_size"": 34, ""candidates_after_winnow"": 3}"
tusLarge3,nl,t_f2bc7fb748586bfa____c8_0____0_fair.csv,5,1569,96,5,False,0.2893,0.8,0.0025493945188017845,0.0031867431485022306,34.20061182975769,34.20061182975769,t_f2bc7fb748586bfa____c8_0____2__t_f2bc7fb748586bfa____c8_0____0_fair.csv;t_f2bc7fb748586bfa____c8_0____2.csv;t_f2bc7fb748586bfa____c8_0____1__t_f2bc7fb748586bfa____c8_0____0_fair.csv;t_f2bc7fb748586bfa____c8_0____1.csv;t_f2bc7fb748586bfa____c11_1____1.csv,"{""needs_fairification"": true, ""success"": false, ""swaps_made"": 2, ""initial_fairness"": 0.2373, ""initial_delta"": 0.16, ""dominated_removed_count"": 89, ""dominance_candidate_pool_size"": 91, ""candidates_after_winnow"": 0}"
tusLarge3,nl,t_f2bc7fb748586bfa____c8_0____0_fair.csv,10,1569,96,10,False,0.1478,0.9,0.0057361376673040155,0.006373486297004461,67.5016377568245,67.5016377568245,t_f2bc7fb748586bfa____c8_0____2__t_f2bc7fb748586bfa____c8_0____0_fair.csv;t_f2bc7fb748586bfa____c8_0____2.csv;t_f2bc7fb748586bfa____c8_0____1__t_f2bc7fb748586bfa____c8_0____0_fair.csv;t_f2bc7fb748586bfa____c8_0____1.csv;t_f2bc7fb748586bfa____c8_0____1__t_f2bc7fb748586bfa____c8_0____4_fair.csv;t_f2bc7fb748586bfa____c8_0____1__t_f2bc7fb748586bfa____c27_1____4_fair.csv;t_f2bc7fb748586bfa____c8_0____3__t_f2bc7fb748586bfa____c8_0____4_fair.csv;t_f2bc7fb748586bfa____c8_0____3__t_f2bc7fb748586bfa____c27_1____4_fair.csv;t_f2bc7fb748586bfa____c8_0____3.csv;t_f2bc7fb748586bfa____c11_1____1.csv,"{""needs_fairification"": true, ""success"": false, ""swaps_made"": 2, ""initial_fairness"": 0.1329, ""initial_delta"": 0.27, ""dominated_removed_count"": 84, ""dominance_candidate_pool_size"": 86, ""candidates_after_winnow"": 0}"
tusLarge3,nl,t_f2bc7fb748586bfa____c8_0____0_fair.csv,20,1569,96,20,False,0.0075,0.6,0.0076481835564053535,0.012746972594008922,132.60185712575912,132.60185712575912,t_f2bc7fb748586bfa____c8_0____2__t_f2bc7fb748586bfa____c8_0____4_fair.csv;t_f2bc7fb748586bfa____c8_0____2__t_f2bc7fb748586bfa____c8_0____0_fair.csv;t_f2bc7fb748586bfa____c8_0____2__t_f2bc7fb748586bfa____c27_1____4_fair.csv;t_f2bc7fb748586bfa____c8_0____2.csv;t_f2bc7fb748586bfa____c8_0____1__t_f2bc7fb748586bfa____c8_0____0_fair.csv;t_f2bc7fb748586bfa____c8_0____1.csv;t_f2bc7fb748586bfa____c8_0____1__t_f2bc7fb748586bfa____c8_0____4_fair.csv;t_f2bc7fb748586bfa____c8_0____1__t_f2bc7fb748586bfa____c27_1____4_fair.csv;t_f2bc7fb748586bfa____c8_0____3__t_f2bc7fb748586bfa____c8_0____4_fair.csv;t_f2bc7fb748586bfa____c8_0____3__t_f2bc7fb748586bfa____c27_1____4_fair.csv;t_f2bc7fb748586bfa____c8_0____3.csv;t_f2bc7fb748586bfa____c8_0____3__t_f2bc7fb748586bfa____c8_0____0_fair.csv;t_c701386b7c10b107____c20_1____0.csv;t_c701386b7c10b107____c20_1____0__t_c701386b7c10b107____c9_0____1_fair.csv;t_c701386b7c10b107____c20_1____0__t_c701386b7c10b107____c8_0____2_fair.csv;t_c701386b7c10b107____c20_1____0__t_c701386b7c10b107____c7_0____1_fair.csv;t_c701386b7c10b107____c20_1____0__t_c701386b7c10b107____c5_0____1_fair.csv;t_c701386b7c10b107____c20_1____0__t_c701386b7c10b107____c3_0____0_fair.csv;t_c701386b7c10b107____c20_1____0__t_c701386b7c10b107____c20_0____0_fair.csv;t_c701386b7c10b107____c20_1____0__t_c701386b7c10b107____c19_1____4_fair.csv,"{""needs_fairification"": true, ""success"": false, ""swaps_made"": 0, ""initial_fairness"": 0.0075, ""initial_delta"": 0.39, ""dominated_removed_count"": 71, ""dominance_candidate_pool_size"": 76, ""candidates_after_winnow"": 5}"
tusLarge3,nl,t_f2bc7fb748586bfa____c8_0____4_fair.csv,5,1478,104,5,True,0.3364,1.0,0.0033829499323410014,0.0033829499323410014,36.617207765579224,36.617207765579224,t_f2bc7fb748586bfa____c8_0____2__t_f2bc7fb748586bfa____c8_0____4_fair.csv;t_f2bc7fb748586bfa____c8_0____2.csv;t_f2bc7fb748586bfa____c8_0____1__t_f2bc7fb748586bfa____c8_0____0_fair.csv;t_f2bc7fb748586bfa____c8_0____1__t_f2bc7fb748586bfa____c8_0____4_fair.csv;t_f2bc7fb748586bfa____c8_0____3__t_f2bc7fb748586bfa____c8_0____4_fair.csv,"{""needs_fairification"": true, ""success"": true, ""swaps_made"": 2, ""initial_fairness"": 0.2361, ""initial_delta"": 0.16, ""dominated_removed_count"": 95, ""dominance_candidate_pool_size"": 99, ""candidates_after_winnow"": 2}"
tusLarge3,nl,t_f2bc7fb748586bfa____c8_0____4_fair.csv,10,1478,104,10,False,0.2456,0.9,0.006089309878213802,0.006765899864682003,70.38432878255844,70.38432878255844,t_f2bc7fb748586bfa____c8_0____2__t_f2bc7fb748586bfa____c8_0____4_fair.csv;t_f2bc7fb748586bfa____c8_0____2__t_f2bc7fb748586bfa____c27_1____4_fair.csv;t_f2bc7fb748586bfa____c8_0____2.csv;t_f2bc7fb748586bfa____c8_0____1__t_f2bc7fb748586bfa____c8_0____0_fair.csv;t_f2bc7fb748586bfa____c8_0____1.csv;t_f2bc7fb748586bfa____c8_0____1__t_f2bc7fb748586bfa____c8_0____4_fair.csv;t_f2bc7fb748586bfa____c8_0____1__t_f2bc7fb748586bfa____c27_1____4_fair.csv;t_f2bc7fb748586bfa____c8_0____3__t_f2bc7fb748586bfa____c27_1____4_fair.csv;t_f2bc7fb748586bfa____c8_0____3__t_f2bc7fb748586bfa____c8_0____4_fair.csv;t_f2bc7fb748586bfa____c6_0____2.csv,"{""needs_fairification"": true, ""success"": false, ""swaps_made"": 1, ""initial_fairness"": 0.2413, ""initial_delta"": 0.16, ""dominated_removed_count"": 92, ""dominance_candidate_pool_size"": 94, ""candidates_after_winnow"": 1}"
tusLarge3,nl,t_f2bc7fb748586bfa____c8_0____4_fair.csv,20,1478,104,20,False,0.0253,0.55,0.007442489851150203,0.013531799729364006,135.59215587377548,135.59215587377548,t_f2bc7fb748586bfa____c8_0____2__t_f2bc7fb748586bfa____c8_0____4_fair.csv;t_f2bc7fb748586bfa____c8_0____2__t_f2bc7fb748586bfa____c8_0____0_fair.csv;t_f2bc7fb748586bfa____c8_0____2__t_f2bc7fb748586bfa____c27_1____4_fair.csv;t_f2bc7fb748586bfa____c8_0____2.csv;t_f2bc7fb748586bfa____c8_0____1__t_f2bc7fb748586bfa____c8_0____0_fair.csv;t_f2bc7fb748586bfa____c8_0____1.csv;t_f2bc7fb748586bfa____c8_0____1__t_f2bc7fb748586bfa____c8_0____4_fair.csv;t_f2bc7fb748586bfa____c8_0____1__t_f2bc7fb748586bfa____c27_1____4_fair.csv;t_f2bc7fb748586bfa____c8_0____3__t_f2bc7fb748586bfa____c27_1____4_fair.csv;t_f2bc7fb748586bfa____c8_0____3__t_f2bc7fb748586bfa____c8_0____4_fair.csv;t_f2bc7fb748586bfa____c8_0____3__t_f2bc7fb748586bfa____c8_0____0_fair.csv;t_8b2f04db4903263f____c10_1____0.csv;t_8b2f04db4903263f____c9_1____3__t_8b2f04db4903263f____c8_0____0_fair.csv;t_8b2f04db4903263f____c9_1____3__t_8b2f04db4903263f____c13_0____2_fair.csv;t_8b2f04db4903263f____c9_1____3__t_8b2f04db4903263f____c10_0____0_fair.csv;t_c701386b7c10b107____c20_1____0.csv;t_c701386b7c10b107____c15_0____4__t_c701386b7c10b107____c8_0____2_fair.csv;t_c701386b7c10b107____c15_0____4__t_c701386b7c10b107____c20_0____0_fair.csv;t_c701386b7c10b107____c15_0____4__t_c701386b7c10b107____c19_1____4_fair.csv;t_f2bc7fb748586bfa____c6_0____2.csv,"{""needs_fairification"": true, ""success"": false, ""swaps_made"": 1, ""initial_fairness"": 0.0207, ""initial_delta"": 0.38, ""dominated_removed_count"": 78, ""dominance_candidate_pool_size"": 84, ""candidates_after_winnow"": 5}"
tusLarge3,nl,t_f2bc7fb748586bfa____c27_1____4_fair.csv,5,1702,41,5,True,0.3305,1.0,0.002937720329024677,0.002937720329024677,124.11284464597702,124.11284464597702,t_f2bc7fb748586bfa____c26_0____0.csv;t_f2bc7fb748586bfa____c26_0____3__t_f2bc7fb748586bfa____c27_1____4_fair.csv;t_f2bc7fb748586bfa____c26_0____0__t_f2bc7fb748586bfa____c8_0____4_fair.csv;t_f2bc7fb748586bfa____c26_0____0__t_f2bc7fb748586bfa____c27_1____4_fair.csv;t_f2bc7fb748586bfa____c26_0____1__t_f2bc7fb748586bfa____c27_1____4_fair.csv,"{""needs_fairification"": true, ""success"": true, ""swaps_made"": 1, ""initial_fairness"": 0.2822, ""initial_delta"": 0.12, ""dominated_removed_count"": 28, ""dominance_candidate_pool_size"": 36, ""candidates_after_winnow"": 7}"
tusLarge3,nl,t_f2bc7fb748586bfa____c27_1____4_fair.csv,10,1702,41,10,False,0.2805,1.0,0.005875440658049354,0.005875440658049354,247.75370007753372,247.75370007753372,t_f2bc7fb748586bfa____c26_0____3__t_f2bc7fb748586bfa____c27_1____4_fair.csv;t_f2bc7fb748586bfa____c26_0____0__t_f2bc7fb748586bfa____c27_1____4_fair.csv;t_f2bc7fb748586bfa____c26_0____4__t_f2bc7fb748586bfa____c8_0____4_fair.csv;t_f2bc7fb748586bfa____c26_0____4__t_f2bc7fb748586bfa____c19_1____0_fair.csv;t_f2bc7fb748586bfa____c26_0____3__t_f2bc7fb748586bfa____c8_0____4_fair.csv;t_f2bc7fb748586bfa____c26_0____2.csv;t_f2bc7fb748586bfa____c26_0____4.csv;t_f2bc7fb748586bfa____c26_0____2__t_f2bc7fb748586bfa____c27_1____4_fair.csv;t_f2bc7fb748586bfa____c26_0____1__t_f2bc7fb748586bfa____c27_1____4_fair.csv;t_f2bc7fb748586bfa____c26_0____4__t_f2bc7fb748586bfa____c27_1____4_fair.csv,"{""needs_fairification"": true, ""success"": false, ""swaps_made"": 4, ""initial_fairness"": 0.1873, ""initial_delta"": 0.21, ""dominated_removed_count"": 26, ""dominance_candidate_pool_size"": 31, ""candidates_after_winnow"": 1}"
tusLarge3,nl,t_f2bc7fb748586bfa____c27_1____4_fair.csv,20,1702,41,20,False,0.1855,0.95,0.011163337250293772,0.011750881316098707,495.2020671367645,495.2020671367645,t_f2bc7fb748586bfa____c26_0____3.csv;t_f2bc7fb748586bfa____c26_0____0.csv;t_f2bc7fb748586bfa____c26_0____3__t_f2bc7fb748586bfa____c27_1____4_fair.csv;t_f2bc7fb748586bfa____c26_0____0__t_f2bc7fb748586bfa____c8_0____4_fair.csv;t_f2bc7fb748586bfa____c26_0____0__t_f2bc7fb748586bfa____c27_1____4_fair.csv;t_f2bc7fb748586bfa____c26_0____0__t_f2bc7fb748586bfa____c19_1____0_fair.csv;t_f2bc7fb748586bfa____c26_0____4__t_f2bc7fb748586bfa____c8_0____4_fair.csv;t_f2bc7fb748586bfa____c26_0____4__t_f2bc7fb748586bfa____c19_1____0_fair.csv;t_f2bc7fb748586bfa____c26_0____3__t_f2bc7fb748586bfa____c8_0____4_fair.csv;t_f2bc7fb748586bfa____c26_0____2.csv;t_f2bc7fb748586bfa____c26_0____4.csv;t_f2bc7fb748586bfa____c26_0____3__t_f2bc7fb748586bfa____c19_1____0_fair.csv;t_f2bc7fb748586bfa____c26_1____1__t_f2bc7fb748586bfa____c8_0____0_fair.csv;t_f2bc7fb748586bfa____c26_0____1.csv;t_f2bc7fb748586bfa____c26_0____2__t_f2bc7fb748586bfa____c27_1____4_fair.csv;t_f2bc7fb748586bfa____c26_0____1__t_f2bc7fb748586bfa____c8_0____4_fair.csv;t_f2bc7fb748586bfa____c26_0____1__t_f2bc7fb748586bfa____c27_1____4_fair.csv;t_f2bc7fb748586bfa____c26_0____1__t_f2bc7fb748586bfa____c19_1____0_fair.csv;t_f2bc7fb748586bfa____c26_0____4__t_f2bc7fb748586bfa____c27_1____4_fair.csv;t_f2bc7fb748586bfa____c26_0____2__t_f2bc7fb748586bfa____c8_0____4_fair.csv,"{""needs_fairification"": true, ""success"": false, ""swaps_made"": 1, ""initial_fairness"": 0.1803, ""initial_delta"": 0.22, ""dominated_removed_count"": 17, ""dominance_candidate_pool_size"": 21, ""candidates_after_winnow"": 3}"
tusLarge3,nl,t_f2bc7fb748586bfa____c31_1____2_fair.csv,5,1532,41,5,False,0.2298,0.8,0.0026109660574412533,0.0032637075718015664,127.69738101959229,127.69738101959229,t_f2bc7fb748586bfa____c26_1____1__t_f2bc7fb748586bfa____c19_1____0_fair.csv;t_f2bc7fb748586bfa____c26_1____1__t_f2bc7fb748586bfa____c8_0____0_fair.csv;t_f2bc7fb748586bfa____c26_0____2.csv;t_f2bc7fb748586bfa____c26_1____1__t_f2bc7fb748586bfa____c40_0____0_fair.csv;t_f2bc7fb748586bfa____c26_1____1__t_f2bc7fb748586bfa____c31_1____2_fair.csv,"{""needs_fairification"": true, ""success"": false, ""swaps_made"": 3, ""initial_fairness"": 0.1292, ""initial_delta"": 0.27, ""dominated_removed_count"": 32, ""dominance_candidate_pool_size"": 36, ""candidates_after_winnow"": 1}"
tusLarge3,nl,t_f2bc7fb748586bfa____c31_1____2_fair.csv,10,1532,41,10,False,0.2152,0.7,0.0045691906005221935,0.006527415143603133,253.99781554937363,253.99781554937363,t_f2bc7fb748586bfa____c26_1____1__t_f2bc7fb748586bfa____c19_1____0_fair.csv;t_f2bc7fb748586bfa____c26_0____2.csv;t_f2bc7fb748586bfa____c26_0____0.csv;t_f2bc7fb748586bfa____c26_0____2__t_f2bc7fb748586bfa____c27_1____4_fair.csv;t_f2bc7fb748586bfa____c26_1____1__t_f2bc7fb748586bfa____c40_0____0_fair.csv;t_f2bc7fb748586bfa____c26_1____1__t_f2bc7fb748586bfa____c31_1____2_fair.csv;t_f2bc7fb748586bfa____c26_1____3__t_f2bc7fb748586bfa____c31_1____2_fair.csv;t_f2bc7fb748586bfa____c26_1____2__t_f2bc7fb748586bfa____c31_1____2_fair.csv;t_f2bc7fb748586bfa____c26_1____1.csv;t_f2bc7fb748586bfa____c26_1____0__t_f2bc7fb748586bfa____c31_1____2_fair.csv,"{""needs_fairification"": true, ""success"": false, ""swaps_made"": 4, ""initial_fairness"": 0.1442, ""initial_delta"": 0.26, ""dominated_removed_count"": 21, ""dominance_candidate_pool_size"": 31, ""candidates_after_winnow"": 6}"
tusLarge3,nl,t_f2bc7fb748586bfa____c31_1____2_fair.csv,20,1532,41,20,False,0.1266,0.4,0.005221932114882507,0.013054830287206266,508.02062302827835,508.02062302827835,t_f2bc7fb748586bfa____c26_1____1__t_f2bc7fb748586bfa____c19_1____0_fair.csv;t_f2bc7fb748586bfa____c26_0____2.csv;t_f2bc7fb748586bfa____c26_0____0.csv;t_f2bc7fb748586bfa____c26_0____2__t_f2bc7fb748586bfa____c27_1____4_fair.csv;t_f2bc7fb748586bfa____c26_1____1__t_f2bc7fb748586bfa____c40_0____0_fair.csv;t_f2bc7fb748586bfa____c26_1____1__t_f2bc7fb748586bfa____c31_1____2_fair.csv;t_f2bc7fb748586bfa____c26_0____3__t_f2bc7fb748586bfa____c27_1____4_fair.csv;t_f2bc7fb748586bfa____c26_1____1__t_f2bc7fb748586bfa____c8_0____4_fair.csv;t_f2bc7fb748586bfa____c26_0____4__t_f2bc7fb748586bfa____c8_0____4_fair.csv;t_f2bc7fb748586bfa____c26_0____4__t_f2bc7fb748586bfa____c19_1____0_fair.csv;t_f2bc7fb748586bfa____c26_0____4.csv;t_f2bc7fb748586bfa____c26_0____3__t_f2bc7fb748586bfa____c8_0____4_fair.csv;t_f2bc7fb748586bfa____c26_0____3__t_f2bc7fb748586bfa____c19_1____0_fair.csv;t_f2bc7fb748586bfa____c26_0____1__t_f2bc7fb748586bfa____c8_0____4_fair.csv;t_f2bc7fb748586bfa____c26_0____1__t_f2bc7fb748586bfa____c27_1____4_fair.csv;t_f2bc7fb748586bfa____c26_0____1__t_f2bc7fb748586bfa____c19_1____0_fair.csv;t_f2bc7fb748586bfa____c26_1____3__t_f2bc7fb748586bfa____c31_1____2_fair.csv;t_f2bc7fb748586bfa____c26_1____2__t_f2bc7fb748586bfa____c31_1____2_fair.csv;t_f2bc7fb748586bfa____c26_1____1.csv;t_f2bc7fb748586bfa____c26_1____0__t_f2bc7fb748586bfa____c31_1____2_fair.csv,"{""needs_fairification"": true, ""success"": false, ""swaps_made"": 4, ""initial_fairness"": 0.0912, ""initial_delta"": 0.31, ""dominated_removed_count"": 14, ""dominance_candidate_pool_size"": 21, ""candidates_after_winnow"": 3}"
tusLarge3,nl,t_f2bc7fb748586bfa____c42_1____2_fair.csv,5,1600,29,5,False,0.1607,1.0,0.003125,0.003125,209.59738302230835,209.59738302230835,t_f2bc7fb748586bfa____c42_1____0__t_f2bc7fb748586bfa____c8_0____4_fair.csv;t_f2bc7fb748586bfa____c42_1____0__t_f2bc7fb748586bfa____c8_0____0_fair.csv;t_f2bc7fb748586bfa____c42_1____0__t_f2bc7fb748586bfa____c40_0____0_fair.csv;t_f2bc7fb748586bfa____c42_1____0__t_f2bc7fb748586bfa____c31_1____2_fair.csv;t_f2bc7fb748586bfa____c42_1____0__t_f2bc7fb748586bfa____c42_1____2_fair.csv,"{""needs_fairification"": true, ""success"": false, ""swaps_made"": 1, ""initial_fairness"": 0.0811, ""initial_delta"": 0.32, ""dominated_removed_count"": 22, ""dominance_candidate_pool_size"": 24, ""candidates_after_winnow"": 1}"
tusLarge3,nl,t_f2bc7fb748586bfa____c42_1____2_fair.csv,10,1600,29,10,False,0.1299,1.0,0.00625,0.00625,419.19071316719055,419.19071316719055,t_f2bc7fb748586bfa____c42_1____0__t_f2bc7fb748586bfa____c8_0____4_fair.csv;t_f2bc7fb748586bfa____c42_1____0__t_f2bc7fb748586bfa____c8_0____0_fair.csv;t_f2bc7fb748586bfa____c42_1____0__t_f2bc7fb748586bfa____c40_0____0_fair.csv;t_f2bc7fb748586bfa____c42_1____0__t_f2bc7fb748586bfa____c31_1____2_fair.csv;t_f2bc7fb748586bfa____c42_1____0__t_f2bc7fb748586bfa____c27_1____4_fair.csv;t_f2bc7fb748586bfa____c42_1____0__t_f2bc7fb748586bfa____c19_1____0_fair.csv;t_f2bc7fb748586bfa____c42_1____0__t_f2bc7fb748586bfa____c18_1____4_fair.csv;t_f2bc7fb748586bfa____c42_1____0__t_f2bc7fb748586bfa____c17_1____1_fair.csv;t_f2bc7fb748586bfa____c42_1____0__t_f2bc7fb748586bfa____c42_1____2_fair.csv;t_f2bc7fb748586bfa____c42_1____1__t_f2bc7fb748586bfa____c42_1____2_fair.csv,"{""needs_fairification"": true, ""success"": false, ""swaps_made"": 1, ""initial_fairness"": 0.089, ""initial_delta"": 0.31, ""dominated_removed_count"": 18, ""dominance_candidate_pool_size"": 19, ""candidates_after_winnow"": 0}"
tusLarge3,nl,t_f2bc7fb748586bfa____c42_1____2_fair.csv,20,1600,29,20,False,0.0918,1.0,0.0125,0.0125,838.1437470912933,838.1437470912933,t_f2bc7fb748586bfa____c42_1____0__t_f2bc7fb748586bfa____c8_0____4_fair.csv;t_f2bc7fb748586bfa____c42_1____0__t_f2bc7fb748586bfa____c8_0____0_fair.csv;t_f2bc7fb748586bfa____c42_1____0__t_f2bc7fb748586bfa____c40_0____0_fair.csv;t_f2bc7fb748586bfa____c42_1____0__t_f2bc7fb748586bfa____c31_1____2_fair.csv;t_f2bc7fb748586bfa____c42_1____0__t_f2bc7fb748586bfa____c27_1____4_fair.csv;t_f2bc7fb748586bfa____c42_1____0__t_f2bc7fb748586bfa____c19_1____0_fair.csv;t_f2bc7fb748586bfa____c42_1____0__t_f2bc7fb748586bfa____c18_1____4_fair.csv;t_f2bc7fb748586bfa____c42_1____0__t_f2bc7fb748586bfa____c17_1____1_fair.csv;t_f2bc7fb748586bfa____c42_1____0__t_f2bc7fb748586bfa____c42_1____2_fair.csv;t_f2bc7fb748586bfa____c42_1____1__t_f2bc7fb748586bfa____c8_0____0_fair.csv;t_f2bc7fb748586bfa____c42_1____1__t_f2bc7fb748586bfa____c42_1____2_fair.csv;t_f2bc7fb748586bfa____c42_1____1__t_f2bc7fb748586bfa____c31_1____2_fair.csv;t_f2bc7fb748586bfa____c42_1____1__t_f2bc7fb748586bfa____c27_1____4_fair.csv;t_f2bc7fb748586bfa____c42_1____1__t_f2bc7fb748586bfa____c19_1____0_fair.csv;t_f2bc7fb748586bfa____c42_1____1__t_f2bc7fb748586bfa____c18_1____4_fair.csv;t_f2bc7fb748586bfa____c42_1____1__t_f2bc7fb748586bfa____c17_1____1_fair.csv;t_f2bc7fb748586bfa____c42_1____0.csv;t_f2bc7fb748586bfa____c42_1____1.csv;t_f2bc7fb748586bfa____c42_1____3__t_f2bc7fb748586bfa____c19_1____0_fair.csv;t_f2bc7fb748586bfa____c42_1____3__t_f2bc7fb748586bfa____c42_1____2_fair.csv,"{""needs_fairification"": true, ""success"": false, ""swaps_made"": 1, ""initial_fairness"": 0.0706, ""initial_delta"": 0.33, ""dominated_removed_count"": 8, ""dominance_candidate_pool_size"": 9, ""candidates_after_winnow"": 0}"
tusLarge3,nl,t_f2bc7fb748586bfa____c40_0____0_fair.csv,5,1687,41,5,False,0.1652,1.0,0.002963841138114997,0.002963841138114997,198.390498816967,198.390498816967,t_f2bc7fb748586bfa____c42_1____0__t_f2bc7fb748586bfa____c8_0____0_fair.csv;t_f2bc7fb748586bfa____c42_1____0__t_f2bc7fb748586bfa____c40_0____0_fair.csv;t_f2bc7fb748586bfa____c42_1____0__t_f2bc7fb748586bfa____c31_1____2_fair.csv;t_f2bc7fb748586bfa____c42_1____0__t_f2bc7fb748586bfa____c27_1____4_fair.csv;t_f2bc7fb748586bfa____c42_1____0.csv,"{""needs_fairification"": true, ""success"": false, ""swaps_made"": 1, ""initial_fairness"": 0.157, ""initial_delta"": 0.24, ""dominated_removed_count"": 34, ""dominance_candidate_pool_size"": 36, ""candidates_after_winnow"": 1}"
tusLarge3,nl,t_f2bc7fb748586bfa____c40_0____0_fair.csv,10,1687,41,10,False,0.1092,1.0,0.005927682276229994,0.005927682276229994,389.9277930855751,389.9277930855751,t_f2bc7fb748586bfa____c42_1____0__t_f2bc7fb748586bfa____c8_0____4_fair.csv;t_f2bc7fb748586bfa____c42_1____0__t_f2bc7fb748586bfa____c8_0____0_fair.csv;t_f2bc7fb748586bfa____c42_1____0__t_f2bc7fb748586bfa____c40_0____0_fair.csv;t_f2bc7fb748586bfa____c42_1____0__t_f2bc7fb748586bfa____c31_1____2_fair.csv;t_f2bc7fb748586bfa____c42_1____0__t_f2bc7fb748586bfa____c27_1____4_fair.csv;t_f2bc7fb748586bfa____c42_1____0__t_f2bc7fb748586bfa____c19_1____0_fair.csv;t_f2bc7fb748586bfa____c42_1____0__t_f2bc7fb748586bfa____c18_1____4_fair.csv;t_f2bc7fb748586bfa____c42_1____0__t_f2bc7fb748586bfa____c17_1____1_fair.csv;t_f2bc7fb748586bfa____c42_1____0.csv;t_f2bc7fb748586bfa____c33_0____1__t_f2bc7fb748586bfa____c40_0____0_fair.csv,"{""needs_fairification"": true, ""success"": false, ""swaps_made"": 0, ""initial_fairness"": 0.1092, ""initial_delta"": 0.29, ""dominated_removed_count"": 29, ""dominance_candidate_pool_size"": 31, ""candidates_after_winnow"": 2}"
tusLarge3,nl,t_f2bc7fb748586bfa____c40_0____0_fair.csv,20,1687,41,20,False,0.0596,1.0,0.011855364552459988,0.011855364552459988,717.9765739440918,717.9765739440918,t_f2bc7fb748586bfa____c42_1____0__t_f2bc7fb748586bfa____c8_0____4_fair.csv;t_f2bc7fb748586bfa____c42_1____0__t_f2bc7fb748586bfa____c8_0____0_fair.csv;t_f2bc7fb748586bfa____c42_1____0__t_f2bc7fb748586bfa____c40_0____0_fair.csv;t_f2bc7fb748586bfa____c42_1____0__t_f2bc7fb748586bfa____c31_1____2_fair.csv;t_f2bc7fb748586bfa____c42_1____0__t_f2bc7fb748586bfa____c27_1____4_fair.csv;t_f2bc7fb748586bfa____c42_1____0__t_f2bc7fb748586bfa____c19_1____0_fair.csv;t_f2bc7fb748586bfa____c42_1____0__t_f2bc7fb748586bfa____c18_1____4_fair.csv;t_f2bc7fb748586bfa____c42_1____0__t_f2bc7fb748586bfa____c17_1____1_fair.csv;t_f2bc7fb748586bfa____c42_1____0.csv;t_f2bc7fb748586bfa____c33_0____1__t_f2bc7fb748586bfa____c40_0____0_fair.csv;t_f2bc7fb748586bfa____c33_0____1.csv;t_f2bc7fb748586bfa____c33_0____4.csv;t_f2bc7fb748586bfa____c33_0____4__t_f2bc7fb748586bfa____c8_0____4_fair.csv;t_f2bc7fb748586bfa____c33_0____4__t_f2bc7fb748586bfa____c42_1____2_fair.csv;t_f2bc7fb748586bfa____c33_0____4__t_f2bc7fb748586bfa____c40_0____0_fair.csv;t_f2bc7fb748586bfa____c33_0____4__t_f2bc7fb748586bfa____c18_1____4_fair.csv;t_f2bc7fb748586bfa____c33_0____4__t_f2bc7fb748586bfa____c17_1____1_fair.csv;t_f2bc7fb748586bfa____c33_0____0__t_f2bc7fb748586bfa____c42_1____2_fair.csv;t_f2bc7fb748586bfa____c33_0____1__t_f2bc7fb748586bfa____c8_0____4_fair.csv;t_f2bc7fb748586bfa____c33_0____1__t_f2bc7fb748586bfa____c42_1____2_fair.csv,"{""needs_fairification"": true, ""success"": false, ""swaps_made"": 0, ""initial_fairness"": 0.0596, ""initial_delta"": 0.34, ""dominated_removed_count"": 18, ""dominance_candidate_pool_size"": 21, ""candidates_after_winnow"": 3}"
