bench,approach,q_table,k,gt_size,n_candidates,n_returned,feasible,F,prec,rec,ideal_recall,starmie_sum_score,duts_sum_U,tables,extras
santos3,exhaustive,biodiversity_a_fair.csv,5,2,164,5,True,0.3434,0.4,1.0,1.0,13.940578639507294,13.940578639507294,biodiversity_a__biodiversity_a_fair.csv;biodiversity_a.csv;psyckes_antipsychotic_polypharmacy_quality_indicators_beginning_2012_a.csv;psyckes_antipsychotic_polypharmacy_quality_indicators_beginning_2012_7__psyckes_antipsychotic_polypharmacy_quality_indicators_beginning_2012_a_fair.csv;psyckes_antipsychotic_polypharmacy_quality_indicators_beginning_2012_7.csv,"{""needs_fairification"": false, ""success"": true, ""swaps_made"": 0, ""initial_fairness"": 0.3434, ""initial_delta"": 0.06}"
santos3,exhaustive,biodiversity_a_fair.csv,10,2,164,10,True,0.3434,0.2,1.0,1.0,13.940578639507294,13.940578639507294,biodiversity_a__biodiversity_a_fair.csv;biodiversity_a.csv;psyckes_antipsychotic_polypharmacy_quality_indicators_beginning_2012_a.csv;psyckes_antipsychotic_polypharmacy_quality_indicators_beginning_2012_7__psyckes_antipsychotic_polypharmacy_quality_indicators_beginning_2012_a_fair.csv;psyckes_antipsychotic_polypharmacy_quality_indicators_beginning_2012_7.csv;practice_reference_b__practice_reference_b_fair.csv;practice_reference_b__practice_reference_a_fair.csv;practice_reference_b.csv;practice_reference_8__practice_reference_b_fair.csv;practice_reference_8__practice_reference_a_fair.csv,"{""needs_fairification"": false, ""success"": true, ""swaps_made"": 0, ""initial_fairness"": 0.3434, ""initial_delta"": 0.06}"
santos3,exhaustive,biodiversity_a_fair.csv,20,2,164,20,True,0.3434,0.1,1.0,1.0,13.940578639507294,13.940578639507294,biodiversity_a__biodiversity_a_fair.csv;biodiversity_a.csv;psyckes_antipsychotic_polypharmacy_quality_indicators_beginning_2012_a.csv;psyckes_antipsychotic_polypharmacy_quality_indicators_beginning_2012_7__psyckes_antipsychotic_polypharmacy_quality_indicators_beginning_2012_a_fair.csv;psyckes_antipsychotic_polypharmacy_quality_indicators_beginning_2012_7.csv;practice_reference_b__practice_reference_b_fair.csv;practice_reference_b__practice_reference_a_fair.csv;practice_reference_b.csv;practice_reference_8__practice_reference_b_fair.csv;practice_reference_8__practice_reference_a_fair.csv;practice_reference_3__practice_reference_b_fair.csv;practice_reference_3__practice_reference_a_fair.csv;practice_reference_11__practice_reference_b_fair.csv;practice_reference_11.csv;oil_and_gas_summary_production_data_1967_1999_8__oil_and_gas_summary_production_data_1967_1999_a_fair.csv;oil_and_gas_summary_production_data_1967_1999_8.csv;oil_and_gas_summary_production_data_1967_1999_4__oil_and_gas_summary_production_data_1967_1999_a_fair.csv;oil_and_gas_summary_production_data_1967_1999_4.csv;oil_and_gas_summary_production_data_1967_1999_3__oil_and_gas_summary_production_data_1967_1999_a_fair.csv;oil_and_gas_summary_production_data_1967_1999_3.csv,"{""needs_fairification"": false, ""success"": true, ""swaps_made"": 0, ""initial_fairness"": 0.3434, ""initial_delta"": 0.06}"
santos3,exhaustive,albums_a_fair.csv,5,12,174,5,True,0.3555,0.8,0.3333333333333333,0.4166666666666667,21.53411900997162,21.53411900997162,albums_a__albums_a_fair.csv;albums_a.csv;film_locations_in_san_francisco_3.csv;albums_11__albums_a_fair.csv;albums_10__albums_a_fair.csv,"{""needs_fairification"": true, ""success"": true, ""swaps_made"": 2, ""initial_fairness"": 0.2134, ""initial_delta"": 0.19}"
santos3,exhaustive,albums_a_fair.csv,10,12,174,10,True,0.2992,0.6,0.5,0.8333333333333334,38.08545678853989,38.08545678853989,albums_a__albums_a_fair.csv;albums_a.csv;film_locations_in_san_francisco_2.csv;film_locations_in_san_francisco_0.csv;film_locations_in_san_francisco_3.csv;film_locations_in_san_francisco_a.csv;albums_11__albums_a_fair.csv;albums_10__albums_a_fair.csv;albums_13__albums_a_fair.csv;albums_0__albums_a_fair.csv,"{""needs_fairification"": true, ""success"": true, ""swaps_made"": 4, ""initial_fairness"": 0.0467, ""initial_delta"": 0.35}"
santos3,exhaustive,albums_a_fair.csv,20,12,174,20,True,0.306,0.3,0.5,1.0,52.92741560935974,52.92741560935974,albums_a__albums_a_fair.csv;albums_a.csv;film_locations_in_san_francisco_2.csv;film_locations_in_san_francisco_0.csv;film_locations_in_san_francisco_3.csv;minister_meetings_8.csv;minister_meetings_8__minister_meetings_a_fair.csv;albums_11__albums_a_fair.csv;albums_10__albums_a_fair.csv;albums_13__albums_a_fair.csv;analytics-inmedia-complet-principaux-evenements-20190401-20190430.csv;analytics-inmedia-complet-principaux-evenements-20180901-20180930.csv;figure-1.csv;albums_0__albums_a_fair.csv;field-operations-staff-hours-march-2018-to-february-2019.csv;field-operations-staff-hours-march-2017-to-february-2018.csv;field-operations-staff-hours-march-2020-to-february-2021.csv;field-operations-staff-hours-june-2019-to-may-2020.csv;field-operations-staff-hours-march-2016-to-february-2017.csv;figure-5.csv,"{""needs_fairification"": true, ""success"": true, ""swaps_made"": 15, ""initial_fairness"": 0.0097, ""initial_delta"": 0.39}"
santos3,exhaustive,311_calls_historic_data_a_fair.csv,5,22,105,5,True,0.3648,1.0,0.22727272727272727,0.22727272727272727,35.68178129196167,35.68178129196167,311_calls_historic_data_a__311_calls_historic_data_a_fair.csv;311_calls_historic_data_a.csv;311_calls_historic_data_5.csv;311_calls_historic_data_2__311_calls_historic_data_a_fair.csv;311_calls_historic_data_1__311_calls_historic_data_a_fair.csv,"{""needs_fairification"": false, ""success"": true, ""swaps_made"": 0, ""initial_fairness"": 0.3648, ""initial_delta"": 0.04}"
santos3,exhaustive,311_calls_historic_data_a_fair.csv,10,22,105,10,True,0.3524,1.0,0.45454545454545453,0.45454545454545453,68.59034430980682,68.59034430980682,311_calls_historic_data_a__311_calls_historic_data_a_fair.csv;311_calls_historic_data_a.csv;311_calls_historic_data_5.csv;311_calls_historic_data_2__311_calls_historic_data_a_fair.csv;311_calls_historic_data_1__311_calls_historic_data_a_fair.csv;311_calls_historic_data_1.csv;311_calls_historic_data_5__311_calls_historic_data_a_fair.csv;311_calls_historic_data_6__311_calls_historic_data_a_fair.csv;311_calls_historic_data_6.csv;311_calls_historic_data_7.csv,"{""needs_fairification"": false, ""success"": true, ""swaps_made"": 0, ""initial_fairness"": 0.3524, ""initial_delta"": 0.05}"
santos3,exhaustive,311_calls_historic_data_a_fair.csv,20,22,105,20,True,0.3346,1.0,0.9090909090909091,0.9090909090909091,131.43487679958344,131.43487679958344,311_calls_historic_data_a__311_calls_historic_data_a_fair.csv;311_calls_historic_data_a.csv;311_calls_historic_data_5.csv;311_calls_historic_data_2__311_calls_historic_data_a_fair.csv;311_calls_historic_data_1__311_calls_historic_data_a_fair.csv;311_calls_historic_data_1.csv;311_calls_historic_data_5__311_calls_historic_data_a_fair.csv;311_calls_historic_data_6__311_calls_historic_data_a_fair.csv;311_calls_historic_data_6.csv;311_calls_historic_data_7.csv;311_calls_historic_data_3__311_calls_historic_data_a_fair.csv;311_calls_historic_data_4__311_calls_historic_data_a_fair.csv;311_calls_historic_data_4.csv;311_calls_historic_data_3.csv;311_calls_historic_data_0.csv;311_calls_historic_data_0__311_calls_historic_data_a_fair.csv;311_calls_historic_data_7__311_calls_historic_data_a_fair.csv;311_calls_historic_data_2.csv;311_calls_historic_data_8.csv;311_calls_historic_data_8__311_calls_historic_data_a_fair.csv,"{""needs_fairification"": false, ""success"": true, ""swaps_made"": 0, ""initial_fairness"": 0.3346, ""initial_delta"": 0.07}"
santos3,exhaustive,abandoned_wells_a_fair.csv,5,22,131,5,True,0.316,1.0,0.22727272727272727,0.22727272727272727,31.5166277885437,31.5166277885437,abandoned_wells_a__abandoned_wells_a_fair.csv;abandoned_wells_a.csv;abandoned_wells_7.csv;abandoned_wells_9__abandoned_wells_a_fair.csv;abandoned_wells_4__abandoned_wells_a_fair.csv,"{""needs_fairification"": true, ""success"": true, ""swaps_made"": 2, ""initial_fairness"": 0.1703, ""initial_delta"": 0.23}"
santos3,exhaustive,abandoned_wells_a_fair.csv,10,22,131,10,True,0.3108,0.6,0.2727272727272727,0.45454545454545453,52.02787536382675,52.02787536382675,abandoned_wells_a__abandoned_wells_a_fair.csv;abandoned_wells_a.csv;abandoned_wells_5.csv;abandoned_wells_9.csv;abandoned_wells_9__abandoned_wells_a_fair.csv;abandoned_wells_4__abandoned_wells_a_fair.csv;minister_meetings_8__minister_meetings_a_fair.csv;minister_meetings_8.csv;minister_meetings_9.csv;minister_meetings_a.csv,"{""needs_fairification"": true, ""success"": true, ""swaps_made"": 6, ""initial_fairness"": 0.1194, ""initial_delta"": 0.28}"
santos3,exhaustive,abandoned_wells_a_fair.csv,20,22,131,0,False,0.407,,0.0,0.9090909090909091,0,0.0,,"{""needs_fairification"": true, ""success"": false, ""swaps_made"": 16, ""initial_fairness"": 0.0678, ""initial_delta"": 0.33}"
santos3,exhaustive,cdc_nutrition_physical_activity_and_obesity_legislation_a_fair.csv,5,22,119,5,True,0.3124,1.0,0.22727272727272727,0.22727272727272727,37.75982999801636,37.75982999801636,cdc_nutrition_physical_activity_and_obesity_legislation_a.csv;cdc_nutrition_physical_activity_and_obesity_legislation_a__cdc_nutrition_physical_activity_and_obesity_legislation_a_fair.csv;cdc_nutrition_physical_activity_and_obesity_legislation_2.csv;cdc_nutrition_physical_activity_and_obesity_legislation_2__cdc_nutrition_physical_activity_and_obesity_legislation_a_fair.csv;cdc_nutrition_physical_activity_and_obesity_legislation_0__cdc_nutrition_physical_activity_and_obesity_legislation_a_fair.csv,"{""needs_fairification"": false, ""success"": true, ""swaps_made"": 0, ""initial_fairness"": 0.3124, ""initial_delta"": 0.09}"
santos3,exhaustive,cdc_nutrition_physical_activity_and_obesity_legislation_a_fair.csv,10,22,119,10,True,0.3087,1.0,0.45454545454545453,0.45454545454545453,68.8434870839119,68.8434870839119,cdc_nutrition_physical_activity_and_obesity_legislation_a.csv;cdc_nutrition_physical_activity_and_obesity_legislation_a__cdc_nutrition_physical_activity_and_obesity_legislation_a_fair.csv;cdc_nutrition_physical_activity_and_obesity_legislation_2.csv;cdc_nutrition_physical_activity_and_obesity_legislation_2__cdc_nutrition_physical_activity_and_obesity_legislation_a_fair.csv;cdc_nutrition_physical_activity_and_obesity_legislation_0__cdc_nutrition_physical_activity_and_obesity_legislation_a_fair.csv;cdc_nutrition_physical_activity_and_obesity_legislation_0.csv;cdc_nutrition_physical_activity_and_obesity_legislation_9.csv;cdc_nutrition_physical_activity_and_obesity_legislation_7.csv;cdc_nutrition_physical_activity_and_obesity_legislation_7__cdc_nutrition_physical_activity_and_obesity_legislation_a_fair.csv;cdc_nutrition_physical_activity_and_obesity_legislation_3__cdc_nutrition_physical_activity_and_obesity_legislation_a_fair.csv,"{""needs_fairification"": true, ""success"": true, ""swaps_made"": 3, ""initial_fairness"": 0.192, ""initial_delta"": 0.21}"
santos3,exhaustive,cdc_nutrition_physical_activity_and_obesity_legislation_a_fair.csv,20,22,119,20,True,0.2984,0.65,0.5909090909090909,0.9090909090909091,125.38417965173721,125.38417965173721,cdc_nutrition_physical_activity_and_obesity_legislation_a.csv;cdc_nutrition_physical_activity_and_obesity_legislation_a__cdc_nutrition_physical_activity_and_obesity_legislation_a_fair.csv;cdc_nutrition_physical_activity_and_obesity_legislation_2.csv;cdc_nutrition_physical_activity_and_obesity_legislation_2__cdc_nutrition_physical_activity_and_obesity_legislation_a_fair.csv;cdc_nutrition_physical_activity_and_obesity_legislation_0__cdc_nutrition_physical_activity_and_obesity_legislation_a_fair.csv;cdc_nutrition_physical_activity_and_obesity_legislation_0.csv;cdc_nutrition_physical_activity_and_obesity_legislation_9.csv;cdc_nutrition_physical_activity_and_obesity_legislation_5.csv;cdc_nutrition_physical_activity_and_obesity_legislation_5__cdc_nutrition_physical_activity_and_obesity_legislation_a_fair.csv;mines_11.csv;mines_11__mines_b_fair.csv;cdc_nutrition_physical_activity_and_obesity_legislation_7.csv;cdc_nutrition_physical_activity_and_obesity_legislation_7__cdc_nutrition_physical_activity_and_obesity_legislation_a_fair.csv;cdc_nutrition_physical_activity_and_obesity_legislation_3__cdc_nutrition_physical_activity_and_obesity_legislation_a_fair.csv;cdc_nutrition_physical_activity_and_obesity_legislation_3.csv;mines_10__mines_b_fair.csv;mines_b.csv;mines_10.csv;ydn_spending_data_a__ydn_spending_data_b_fair.csv;ydn_spending_data_a__ydn_spending_data_a_fair.csv,"{""needs_fairification"": true, ""success"": true, ""swaps_made"": 9, ""initial_fairness"": 0.142, ""initial_delta"": 0.26}"
santos3,exhaustive,animal_tag_data_b_fair.csv,5,36,107,5,True,0.3871,1.0,0.1388888888888889,0.1388888888888889,52.363322257995605,52.363322257995605,animal_tag_data_b.csv;animal_tag_data_b__animal_tag_data_b_fair.csv;animal_tag_data_3.csv;animal_tag_data_1.csv;animal_tag_data_a__animal_tag_data_b_fair.csv,"{""needs_fairification"": true, ""success"": true, ""swaps_made"": 1, ""initial_fairness"": 0.2787, ""initial_delta"": 0.12}"
santos3,exhaustive,animal_tag_data_b_fair.csv,10,36,107,10,True,0.3326,1.0,0.2777777777777778,0.2777777777777778,105.18512862920761,105.18512862920761,animal_tag_data_b.csv;animal_tag_data_b__animal_tag_data_b_fair.csv;animal_tag_data_b__animal_tag_data_a_fair.csv;animal_tag_data_3.csv;animal_tag_data_1.csv;animal_tag_data_3__animal_tag_data_b_fair.csv;animal_tag_data_3__animal_tag_data_a_fair.csv;animal_tag_data_1__animal_tag_data_b_fair.csv;animal_tag_data_1__animal_tag_data_a_fair.csv;animal_tag_data_a__animal_tag_data_b_fair.csv,"{""needs_fairification"": true, ""success"": true, ""swaps_made"": 1, ""initial_fairness"": 0.2504, ""initial_delta"": 0.15}"
santos3,exhaustive,animal_tag_data_b_fair.csv,20,36,107,20,True,0.3021,1.0,0.5555555555555556,0.5555555555555556,205.1470622420311,205.1470622420311,animal_tag_data_b.csv;animal_tag_data_b__animal_tag_data_b_fair.csv;animal_tag_data_b__animal_tag_data_a_fair.csv;animal_tag_data_3.csv;animal_tag_data_1.csv;animal_tag_data_3__animal_tag_data_b_fair.csv;animal_tag_data_3__animal_tag_data_a_fair.csv;animal_tag_data_1__animal_tag_data_b_fair.csv;animal_tag_data_1__animal_tag_data_a_fair.csv;animal_tag_data_0.csv;animal_tag_data_6__animal_tag_data_b_fair.csv;animal_tag_data_6__animal_tag_data_a_fair.csv;animal_tag_data_6.csv;animal_tag_data_9.csv;animal_tag_data_4__animal_tag_data_b_fair.csv;animal_tag_data_4__animal_tag_data_a_fair.csv;animal_tag_data_7__animal_tag_data_b_fair.csv;animal_tag_data_8__animal_tag_data_b_fair.csv;animal_tag_data_5__animal_tag_data_b_fair.csv;animal_tag_data_a__animal_tag_data_b_fair.csv,"{""needs_fairification"": true, ""success"": true, ""swaps_made"": 4, ""initial_fairness"": 0.1817, ""initial_delta"": 0.22}"
santos3,exhaustive,cihr_co-applicant_b_fair.csv,5,36,138,5,True,0.3431,0.4,0.05555555555555555,0.1388888888888889,24.09254515171051,24.09254515171051,cihr_co-applicant_b__cihr_co-applicant_b_fair.csv;cihr_co-applicant_b.csv;analytics-numerique-complet-principaux-evenements-20210201-20210228.csv;analytics-inmedia-complet-principaux-evenements-20201101-20201130.csv;analytics-numerique-complet-principaux-evenements-20210601-20210630.csv,"{""needs_fairification"": true, ""success"": true, ""swaps_made"": 3, ""initial_fairness"": 0.1654, ""initial_delta"": 0.23}"
santos3,exhaustive,cihr_co-applicant_b_fair.csv,10,36,138,10,True,0.2984,0.3,0.08333333333333333,0.2777777777777778,37.459824204444885,37.459824204444885,cihr_co-applicant_b__cihr_co-applicant_b_fair.csv;cihr_co-applicant_8.csv;cihr_co-applicant_0__cihr_co-applicant_b_fair.csv;analytics-numerique-complet-principaux-evenements-20210201-20210228.csv;analytics-inmedia-complet-principaux-evenements-20191201-20191231.csv;analytics-inmedia-complet-principaux-evenements-20200901-20200930.csv;analytics-inmedia-complet-principaux-evenements-20201201-20201231.csv;analytics-inmedia-complet-principaux-evenements-20201101-20201130.csv;analytics-numerique-complet-principaux-evenements-20210601-20210630.csv;analytics-inmedia-complet-principaux-evenements-20200201-20200229.csv,"{""needs_fairification"": true, ""success"": true, ""swaps_made"": 7, ""initial_fairness"": 0.1023, ""initial_delta"": 0.3}"
santos3,exhaustive,cihr_co-applicant_b_fair.csv,20,36,138,0,False,0.449,,0.0,0.5555555555555556,0,0.0,,"{""needs_fairification"": true, ""success"": false, ""swaps_made"": 0, ""initial_fairness"": 0.059, ""initial_delta"": 0.34}"
santos3,exhaustive,cihr_co-applicant_a_fair.csv,5,36,134,5,True,0.3276,1.0,0.1388888888888889,0.1388888888888889,59.304138362407684,59.304138362407684,cihr_co-applicant_a__cihr_co-applicant_b_fair.csv;cihr_co-applicant_a__cihr_co-applicant_a_fair.csv;cihr_co-applicant_a.csv;cihr_co-applicant_4__cihr_co-applicant_a_fair.csv;cihr_co-applicant_6__cihr_co-applicant_a_fair.csv,"{""needs_fairification"": true, ""success"": true, ""swaps_made"": 1, ""initial_fairness"": 0.2418, ""initial_delta"": 0.16}"
santos3,exhaustive,cihr_co-applicant_a_fair.csv,10,36,134,10,True,0.332,1.0,0.2777777777777778,0.2777777777777778,117.82867527008057,117.82867527008057,cihr_co-applicant_a__cihr_co-applicant_a_fair.csv;cihr_co-applicant_a.csv;cihr_co-applicant_4__cihr_co-applicant_a_fair.csv;cihr_co-applicant_4.csv;cihr_co-applicant_2__cihr_co-applicant_b_fair.csv;cihr_co-applicant_2__cihr_co-applicant_a_fair.csv;cihr_co-applicant_2.csv;cihr_co-applicant_7__cihr_co-applicant_a_fair.csv;cihr_co-applicant_8__cihr_co-applicant_a_fair.csv;cihr_co-applicant_6__cihr_co-applicant_a_fair.csv,"{""needs_fairification"": true, ""success"": true, ""swaps_made"": 3, ""initial_fairness"": 0.1901, ""initial_delta"": 0.21}"
santos3,exhaustive,cihr_co-applicant_a_fair.csv,20,36,134,20,True,0.3036,0.95,0.5277777777777778,0.5555555555555556,222.64127832651138,222.64127832651138,cihr_co-applicant_a__cihr_co-applicant_a_fair.csv;cihr_co-applicant_a.csv;cihr_co-applicant_4__cihr_co-applicant_a_fair.csv;cihr_co-applicant_4.csv;cihr_co-applicant_2__cihr_co-applicant_b_fair.csv;cihr_co-applicant_2__cihr_co-applicant_a_fair.csv;cihr_co-applicant_2.csv;cihr_co-applicant_5__cihr_co-applicant_a_fair.csv;cihr_co-applicant_5.csv;cihr_co-applicant_3__cihr_co-applicant_a_fair.csv;cihr_co-applicant_3.csv;cihr_co-applicant_7__cihr_co-applicant_a_fair.csv;cihr_co-applicant_7.csv;cihr_co-applicant_0__cihr_co-applicant_b_fair.csv;cihr_co-applicant_0__cihr_co-applicant_a_fair.csv;cihr_co-applicant_8__cihr_co-applicant_a_fair.csv;cihr_co-applicant_9__cihr_co-applicant_a_fair.csv;cihr_co-applicant_6__cihr_co-applicant_a_fair.csv;cihr_co-applicant_b__cihr_co-applicant_a_fair.csv;analytics-numerique-complet-principaux-evenements-20210201-20210228.csv,"{""needs_fairification"": true, ""success"": true, ""swaps_made"": 5, ""initial_fairness"": 0.1869, ""initial_delta"": 0.21}"
santos3,exhaustive,complaint_by_practice_a_fair.csv,5,12,122,5,True,0.6418,1.0,0.4166666666666667,0.4166666666666667,40.30226266384125,40.30226266384125,complaint_by_practice_a__complaint_by_practice_b_fair.csv;complaint_by_practice_a__complaint_by_practice_a_fair.csv;complaint_by_practice_a.csv;complaint_by_practice_b__complaint_by_practice_b_fair.csv;complaint_by_practice_b__complaint_by_practice_a_fair.csv,"{""needs_fairification"": false, ""success"": true, ""swaps_made"": 0, ""initial_fairness"": 0.6418, ""initial_delta"": -0.24}"
santos3,exhaustive,complaint_by_practice_a_fair.csv,10,12,122,10,True,0.6117,0.8,0.6666666666666666,0.8333333333333334,72.78456914424896,72.78456914424896,complaint_by_practice_a__complaint_by_practice_b_fair.csv;complaint_by_practice_a__complaint_by_practice_a_fair.csv;complaint_by_practice_a.csv;complaint_by_practice_b__complaint_by_practice_b_fair.csv;complaint_by_practice_b__complaint_by_practice_a_fair.csv;complaint_by_practice_b.csv;complaint_by_practice_10__complaint_by_practice_b_fair.csv;complaint_by_practice_10.csv;ipopayments_b__ipopayments_b_fair.csv;ipopayments_b__ipopayments_a_fair.csv,"{""needs_fairification"": false, ""success"": true, ""swaps_made"": 0, ""initial_fairness"": 0.6117, ""initial_delta"": -0.21}"
santos3,exhaustive,complaint_by_practice_a_fair.csv,20,12,122,20,True,0.5787,0.55,0.9166666666666666,1.0,133.81236624717712,133.81236624717712,complaint_by_practice_a__complaint_by_practice_b_fair.csv;complaint_by_practice_a__complaint_by_practice_a_fair.csv;complaint_by_practice_a.csv;complaint_by_practice_b__complaint_by_practice_b_fair.csv;complaint_by_practice_b__complaint_by_practice_a_fair.csv;complaint_by_practice_b.csv;complaint_by_practice_10__complaint_by_practice_b_fair.csv;complaint_by_practice_10.csv;ipopayments_b__ipopayments_b_fair.csv;ipopayments_b__ipopayments_a_fair.csv;ipopayments_b.csv;complaint_by_practice_1__complaint_by_practice_b_fair.csv;complaint_by_practice_1__complaint_by_practice_a_fair.csv;complaint_by_practice_1.csv;ydn_spending_data_a.csv;ipopayments_1__ipopayments_b_fair.csv;mines_11.csv;ipopayments_4__ipopayments_b_fair.csv;ipopayments_4__ipopayments_a_fair.csv;ipopayments_4.csv,"{""needs_fairification"": false, ""success"": true, ""swaps_made"": 0, ""initial_fairness"": 0.5787, ""initial_delta"": -0.18}"
santos3,exhaustive,animal_tag_data_a_fair.csv,5,36,106,5,True,0.2987,1.0,0.1388888888888889,0.1388888888888889,55.82601082324982,55.82601082324982,animal_tag_data_a__animal_tag_data_a_fair.csv;animal_tag_data_a.csv;animal_tag_data_7.csv;animal_tag_data_7__animal_tag_data_b_fair.csv;animal_tag_data_3__animal_tag_data_a_fair.csv,"{""needs_fairification"": true, ""success"": true, ""swaps_made"": 1, ""initial_fairness"": 0.2271, ""initial_delta"": 0.17}"
santos3,exhaustive,animal_tag_data_a_fair.csv,10,36,106,10,True,0.3069,1.0,0.2777777777777778,0.2777777777777778,110.95215779542923,110.95215779542923,animal_tag_data_a__animal_tag_data_a_fair.csv;animal_tag_data_7.csv;animal_tag_data_7__animal_tag_data_b_fair.csv;animal_tag_data_7__animal_tag_data_a_fair.csv;animal_tag_data_6.csv;animal_tag_data_8.csv;animal_tag_data_8__animal_tag_data_b_fair.csv;animal_tag_data_8__animal_tag_data_a_fair.csv;animal_tag_data_6__animal_tag_data_a_fair.csv;animal_tag_data_3__animal_tag_data_a_fair.csv,"{""needs_fairification"": true, ""success"": true, ""swaps_made"": 2, ""initial_fairness"": 0.1962, ""initial_delta"": 0.2}"
santos3,exhaustive,animal_tag_data_a_fair.csv,20,36,106,20,True,0.2975,0.6,0.3333333333333333,0.5555555555555556,191.55375868082047,191.55375868082047,animal_tag_data_a__animal_tag_data_a_fair.csv;animal_tag_data_7.csv;animal_tag_data_6.csv;animal_tag_data_8.csv;animal_tag_data_8__animal_tag_data_b_fair.csv;animal_tag_data_5.csv;animal_tag_data_6__animal_tag_data_b_fair.csv;animal_tag_data_6__animal_tag_data_a_fair.csv;animal_tag_data_9__animal_tag_data_b_fair.csv;animal_tag_data_9.csv;animal_tag_data_3.csv;animal_tag_data_3__animal_tag_data_a_fair.csv;civic_building_locations_3__civic_building_locations_a_fair.csv;civic_building_locations_3.csv;civic_building_locations_10.csv;civic_building_locations_8.csv;civic_building_locations_a__civic_building_locations_a_fair.csv;civic_building_locations_a.csv;practice_reference_a.csv;practice_reference_9.csv,"{""needs_fairification"": true, ""success"": true, ""swaps_made"": 9, ""initial_fairness"": 0.1653, ""initial_delta"": 0.23}"
santos3,exhaustive,contributors_parties_b_fair.csv,5,63,141,5,True,1.0,1.0,0.07936507936507936,0.07936507936507936,24.471802532672882,24.471802532672882,contributors_parties_b__contributors_parties_b_fair.csv;contributors_parties_b__contributors_parties_a_fair.csv;contributors_parties_b.csv;contributors_parties_16.csv;contributors_parties_16__contributors_parties_b_fair.csv,"{""needs_fairification"": false, ""success"": true, ""swaps_made"": 0, ""initial_fairness"": 1.0, ""initial_delta"": -0.6}"
santos3,exhaustive,contributors_parties_b_fair.csv,10,63,141,10,True,1.0,1.0,0.15873015873015872,0.15873015873015872,47.60942488908768,47.60942488908768,contributors_parties_b__contributors_parties_b_fair.csv;contributors_parties_b__contributors_parties_a_fair.csv;contributors_parties_b.csv;contributors_parties_16.csv;contributors_parties_16__contributors_parties_b_fair.csv;contributors_parties_16__contributors_parties_a_fair.csv;contributors_parties_18.csv;contributors_parties_17.csv;contributors_parties_18__contributors_parties_b_fair.csv;contributors_parties_18__contributors_parties_a_fair.csv,"{""needs_fairification"": false, ""success"": true, ""swaps_made"": 0, ""initial_fairness"": 1.0, ""initial_delta"": -0.6}"
santos3,exhaustive,contributors_parties_b_fair.csv,20,63,141,20,True,0.6068,1.0,0.31746031746031744,0.31746031746031744,92.17878985404968,92.17878985404968,contributors_parties_b__contributors_parties_b_fair.csv;contributors_parties_b__contributors_parties_a_fair.csv;contributors_parties_b.csv;contributors_parties_16.csv;contributors_parties_16__contributors_parties_b_fair.csv;contributors_parties_16__contributors_parties_a_fair.csv;contributors_parties_18.csv;contributors_parties_17.csv;contributors_parties_18__contributors_parties_b_fair.csv;contributors_parties_18__contributors_parties_a_fair.csv;contributors_parties_17__contributors_parties_b_fair.csv;contributors_parties_17__contributors_parties_a_fair.csv;contributors_parties_12__contributors_parties_b_fair.csv;contributors_parties_12__contributors_parties_a_fair.csv;contributors_parties_15__contributors_parties_b_fair.csv;contributors_parties_15__contributors_parties_a_fair.csv;contributors_parties_15.csv;contributors_parties_6__contributors_parties_b_fair.csv;contributors_parties_6__contributors_parties_a_fair.csv;contributors_parties_6.csv,"{""needs_fairification"": false, ""success"": true, ""swaps_made"": 0, ""initial_fairness"": 0.6068, ""initial_delta"": -0.21}"
santos3,exhaustive,complaint_by_practice_b_fair.csv,5,12,116,5,True,0.3354,1.0,0.4166666666666667,0.4166666666666667,49.87725639343262,49.87725639343262,complaint_by_practice_b__complaint_by_practice_b_fair.csv;complaint_by_practice_b.csv;complaint_by_practice_1__complaint_by_practice_b_fair.csv;complaint_by_practice_1__complaint_by_practice_a_fair.csv;complaint_by_practice_10__complaint_by_practice_b_fair.csv,"{""needs_fairification"": true, ""success"": true, ""swaps_made"": 1, ""initial_fairness"": 0.2722, ""initial_delta"": 0.13}"
santos3,exhaustive,complaint_by_practice_b_fair.csv,10,12,116,10,True,0.3074,0.4,0.3333333333333333,0.8333333333333334,75.39208418130875,75.39208418130875,complaint_by_practice_b__complaint_by_practice_b_fair.csv;complaint_by_practice_b__complaint_by_practice_a_fair.csv;complaint_by_practice_1__complaint_by_practice_b_fair.csv;complaint_by_practice_10__complaint_by_practice_b_fair.csv;ydn_spending_data_a.csv;abandoned_wells_5.csv;abandoned_wells_9.csv;abandoned_wells_1.csv;abandoned_wells_8__abandoned_wells_a_fair.csv;abandoned_wells_8.csv,"{""needs_fairification"": true, ""success"": true, ""swaps_made"": 6, ""initial_fairness"": 0.2198, ""initial_delta"": 0.18}"
santos3,exhaustive,complaint_by_practice_b_fair.csv,20,12,116,0,False,0.4302,,0.0,1.0,0,0.0,,"{""needs_fairification"": true, ""success"": false, ""swaps_made"": 6, ""initial_fairness"": 0.0685, ""initial_delta"": 0.33}"
santos3,exhaustive,deaths_2012_2018_a_fair.csv,5,22,110,5,True,0.3195,0.8,0.18181818181818182,0.22727272727272727,34.453412652015686,34.453412652015686,deaths_2012_2018_a__deaths_2012_2018_a_fair.csv;deaths_2012_2018_a.csv;deaths_2012_2018_8__deaths_2012_2018_a_fair.csv;deaths_2012_2018_5__deaths_2012_2018_a_fair.csv;greener-homes-program-eligible-oil-boilers-english.csv,"{""needs_fairification"": true, ""success"": true, ""swaps_made"": 1, ""initial_fairness"": 0.2639, ""initial_delta"": 0.14}"
santos3,exhaustive,deaths_2012_2018_a_fair.csv,10,22,110,0,False,0.5299,,0.0,0.45454545454545453,0,0.0,,"{""needs_fairification"": true, ""success"": false, ""swaps_made"": 1, ""initial_fairness"": 0.1407, ""initial_delta"": 0.26}"
santos3,exhaustive,deaths_2012_2018_a_fair.csv,20,22,110,0,False,0.5299,,0.0,0.9090909090909091,0,0.0,,"{""needs_fairification"": true, ""success"": false, ""swaps_made"": 0, ""initial_fairness"": 0.0702, ""initial_delta"": 0.33}"
santos3,exhaustive,contributors_parties_a_fair.csv,5,63,128,5,True,0.3271,1.0,0.07936507936507936,0.07936507936507936,38.15377485752106,38.15377485752106,contributors_parties_a__contributors_parties_b_fair.csv;contributors_parties_a__contributors_parties_a_fair.csv;contributors_parties_a.csv;contributors_parties_8__contributors_parties_a_fair.csv;contributors_parties_15__contributors_parties_a_fair.csv,"{""needs_fairification"": true, ""success"": true, ""swaps_made"": 2, ""initial_fairness"": 0.2055, ""initial_delta"": 0.19}"
santos3,exhaustive,contributors_parties_a_fair.csv,10,63,128,10,True,0.3029,0.9,0.14285714285714285,0.15873015873015872,64.86749619245529,64.86749619245529,contributors_parties_a__contributors_parties_b_fair.csv;contributors_parties_a__contributors_parties_a_fair.csv;contributors_parties_a.csv;cihr_co-applicant_3.csv;contributors_parties_8__contributors_parties_a_fair.csv;contributors_parties_7__contributors_parties_a_fair.csv;contributors_parties_11__contributors_parties_a_fair.csv;contributors_parties_15__contributors_parties_a_fair.csv;contributors_parties_14__contributors_parties_a_fair.csv;contributors_parties_b__contributors_parties_a_fair.csv,"{""needs_fairification"": true, ""success"": true, ""swaps_made"": 6, ""initial_fairness"": 0.1087, ""initial_delta"": 0.29}"
santos3,exhaustive,contributors_parties_a_fair.csv,20,63,128,20,True,0.3198,0.7,0.2222222222222222,0.31746031746031744,97.59003275632858,97.59003275632858,contributors_parties_a__contributors_parties_b_fair.csv;contributors_parties_a__contributors_parties_a_fair.csv;contributors_parties_a.csv;cihr_co-applicant_2.csv;contributors_parties_8__contributors_parties_a_fair.csv;contributors_parties_7__contributors_parties_a_fair.csv;mines_9.csv;contributors_parties_10__contributors_parties_a_fair.csv;contributors_parties_11__contributors_parties_a_fair.csv;contributors_parties_15__contributors_parties_a_fair.csv;contributors_parties_14__contributors_parties_a_fair.csv;contributors_parties_9__contributors_parties_a_fair.csv;contributors_parties_b__contributors_parties_a_fair.csv;contributors_parties_18__contributors_parties_a_fair.csv;contributors_parties_16__contributors_parties_a_fair.csv;contributors_parties_17__contributors_parties_a_fair.csv;greener-homes-program-eligible-oil-boilers-english.csv;analytics-numerique-complet-principaux-evenements-20210601-20210630.csv;analytics-inmedia-complet-principaux-evenements-20201001-20201031.csv;analytics-inmedia-complet-principaux-evenements-20201201-20201231.csv,"{""needs_fairification"": true, ""success"": true, ""swaps_made"": 16, ""initial_fairness"": 0.0596, ""initial_delta"": 0.34}"
santos3,exhaustive,immigration_records_a_fair.csv,5,32,176,5,True,0.3089,1.0,0.15625,0.15625,30.83676314353943,30.83676314353943,immigration_records_a__immigration_records_a_fair.csv;immigration_records_14.csv;immigration_records_13.csv;immigration_records_14__immigration_records_a_fair.csv;immigration_records_2__immigration_records_a_fair.csv,"{""needs_fairification"": true, ""success"": true, ""swaps_made"": 1, ""initial_fairness"": 0.2427, ""initial_delta"": 0.16}"
santos3,exhaustive,immigration_records_a_fair.csv,10,32,176,10,True,0.3059,0.9,0.28125,0.3125,55.00973308086395,55.00973308086395,immigration_records_a__immigration_records_a_fair.csv;immigration_records_14.csv;immigration_records_13.csv;immigration_records_12.csv;immigration_records_13__immigration_records_a_fair.csv;oil_and_gas_summary_production_data_1967_1999_5__oil_and_gas_summary_production_data_1967_1999_a_fair.csv;immigration_records_5__immigration_records_a_fair.csv;immigration_records_0__immigration_records_a_fair.csv;immigration_records_3__immigration_records_a_fair.csv;immigration_records_2__immigration_records_a_fair.csv,"{""needs_fairification"": true, ""success"": true, ""swaps_made"": 3, ""initial_fairness"": 0.1873, ""initial_delta"": 0.21}"
santos3,exhaustive,immigration_records_a_fair.csv,20,32,176,20,True,0.3015,0.55,0.34375,0.625,80.29408305883408,80.29408305883408,immigration_records_a__immigration_records_a_fair.csv;immigration_records_14.csv;immigration_records_13.csv;immigration_records_12.csv;immigration_records_5__immigration_records_a_fair.csv;immigration_records_5.csv;immigration_records_11.csv;oil_and_gas_summary_production_data_1967_1999_4.csv;oil_and_gas_summary_production_data_1967_1999_1.csv;immigration_records_0__immigration_records_a_fair.csv;immigration_records_3__immigration_records_a_fair.csv;immigration_records_1__immigration_records_a_fair.csv;immigration_records_2__immigration_records_a_fair.csv;figure-5.csv;figure-1.csv;field-operations-staff-hours-march-2016-to-february-2017.csv;field-operations-staff-hours-march-2017-to-february-2018.csv;field-operations-staff-hours-march-2018-to-february-2019.csv;field-operations-staff-hours-june-2019-to-may-2020.csv;field-operations-staff-hours-march-2020-to-february-2021.csv,"{""needs_fairification"": true, ""success"": true, ""swaps_made"": 11, ""initial_fairness"": 0.1149, ""initial_delta"": 0.29}"
santos3,exhaustive,civic_building_locations_a_fair.csv,5,20,90,5,True,0.3885,1.0,0.25,0.25,72.93567675352097,72.93567675352097,civic_building_locations_a__civic_building_locations_a_fair.csv;civic_building_locations_a.csv;civic_building_locations_10__civic_building_locations_a_fair.csv;civic_building_locations_7.csv;civic_building_locations_7__civic_building_locations_a_fair.csv,"{""needs_fairification"": true, ""success"": true, ""swaps_made"": 3, ""initial_fairness"": 0.0192, ""initial_delta"": 0.38}"
santos3,exhaustive,civic_building_locations_a_fair.csv,10,20,90,0,False,0.4565,,0.0,0.5,0,0.0,,"{""needs_fairification"": true, ""success"": false, ""swaps_made"": 4, ""initial_fairness"": 0.0121, ""initial_delta"": 0.39}"
santos3,exhaustive,civic_building_locations_a_fair.csv,20,20,90,0,False,0.4565,,0.0,1.0,0,0.0,,"{""needs_fairification"": true, ""success"": false, ""swaps_made"": 3, ""initial_fairness"": 0.0039, ""initial_delta"": 0.4}"
santos3,exhaustive,ipopayments_a_fair.csv,5,45,105,5,True,1.0,1.0,0.1111111111111111,0.1111111111111111,43.53132230043411,43.53132230043411,ipopayments_a.csv;ipopayments_a__ipopayments_b_fair.csv;ipopayments_a__ipopayments_a_fair.csv;ipopayments_5__ipopayments_b_fair.csv;ipopayments_12__ipopayments_b_fair.csv,"{""needs_fairification"": false, ""success"": true, ""swaps_made"": 0, ""initial_fairness"": 1.0, ""initial_delta"": -0.6}"
santos3,exhaustive,ipopayments_a_fair.csv,10,45,105,10,True,1.0,1.0,0.2222222222222222,0.2222222222222222,84.89081406593323,84.89081406593323,ipopayments_a.csv;ipopayments_a__ipopayments_b_fair.csv;ipopayments_a__ipopayments_a_fair.csv;ipopayments_5__ipopayments_b_fair.csv;ipopayments_12__ipopayments_b_fair.csv;ipopayments_12__ipopayments_a_fair.csv;ipopayments_12.csv;ipopayments_5__ipopayments_a_fair.csv;ipopayments_5.csv;ipopayments_4__ipopayments_b_fair.csv,"{""needs_fairification"": false, ""success"": true, ""swaps_made"": 0, ""initial_fairness"": 1.0, ""initial_delta"": -0.6}"
santos3,exhaustive,ipopayments_a_fair.csv,20,45,105,20,True,0.956,1.0,0.4444444444444444,0.4444444444444444,166.49661934375763,166.49661934375763,ipopayments_a.csv;ipopayments_a__ipopayments_b_fair.csv;ipopayments_a__ipopayments_a_fair.csv;ipopayments_5__ipopayments_b_fair.csv;ipopayments_12__ipopayments_b_fair.csv;ipopayments_12__ipopayments_a_fair.csv;ipopayments_12.csv;ipopayments_5__ipopayments_a_fair.csv;ipopayments_5.csv;ipopayments_4__ipopayments_b_fair.csv;ipopayments_4__ipopayments_a_fair.csv;ipopayments_4.csv;ipopayments_3__ipopayments_b_fair.csv;ipopayments_3__ipopayments_a_fair.csv;ipopayments_3.csv;ipopayments_1__ipopayments_b_fair.csv;ipopayments_1__ipopayments_a_fair.csv;ipopayments_1.csv;ipopayments_7__ipopayments_b_fair.csv;ipopayments_2__ipopayments_a_fair.csv,"{""needs_fairification"": false, ""success"": true, ""swaps_made"": 0, ""initial_fairness"": 0.956, ""initial_delta"": -0.56}"
santos3,exhaustive,job_pay_scales_a_fair.csv,5,20,127,5,True,0.296,1.0,0.25,0.25,49.87653177976608,49.87653177976608,job_pay_scales_a__job_pay_scales_a_fair.csv;job_pay_scales_1__job_pay_scales_a_fair.csv;job_pay_scales_a.csv;job_pay_scales_1.csv;job_pay_scales_0.csv,"{""needs_fairification"": false, ""success"": true, ""swaps_made"": 0, ""initial_fairness"": 0.296, ""initial_delta"": 0.1}"
santos3,exhaustive,job_pay_scales_a_fair.csv,10,20,127,10,True,0.309,0.4,0.2,0.5,61.93556159734726,61.93556159734726,job_pay_scales_a__job_pay_scales_a_fair.csv;job_pay_scales_1__job_pay_scales_a_fair.csv;job_pay_scales_a.csv;job_pay_scales_1.csv;advertising-july-sept2015.csv;minister_meetings_a.csv;minister_meetings_8.csv;minister_meetings_8__minister_meetings_a_fair.csv;HMRC_Officials_meetings_with_tobacco_stakeholders_Apr_2015_to_Jun_2015.csv;HMRC_Officials_meetings_with_tobacco_stakeholders_Jul_2014_to_Sept_2014.csv,"{""needs_fairification"": true, ""success"": true, ""swaps_made"": 6, ""initial_fairness"": 0.1657, ""initial_delta"": 0.23}"
santos3,exhaustive,job_pay_scales_a_fair.csv,20,20,127,0,False,0.4481,,0.0,1.0,0,0.0,,"{""needs_fairification"": true, ""success"": false, ""swaps_made"": 0, ""initial_fairness"": 0.0091, ""initial_delta"": 0.39}"
santos3,exhaustive,ipopayments_b_fair.csv,5,45,106,5,True,0.3422,1.0,0.1111111111111111,0.1111111111111111,43.56085282564163,43.56085282564163,ipopayments_b__ipopayments_b_fair.csv;ipopayments_b__ipopayments_a_fair.csv;ipopayments_b.csv;ipopayments_7__ipopayments_b_fair.csv;ipopayments_4__ipopayments_b_fair.csv,"{""needs_fairification"": true, ""success"": true, ""swaps_made"": 1, ""initial_fairness"": 0.2586, ""initial_delta"": 0.14}"
santos3,exhaustive,ipopayments_b_fair.csv,10,45,106,10,True,0.3094,1.0,0.2222222222222222,0.2222222222222222,83.35787415504456,83.35787415504456,ipopayments_b__ipopayments_b_fair.csv;ipopayments_b.csv;ipopayments_7__ipopayments_b_fair.csv;ipopayments_10__ipopayments_b_fair.csv;ipopayments_10__ipopayments_a_fair.csv;ipopayments_10.csv;ipopayments_1__ipopayments_a_fair.csv;ipopayments_1.csv;ipopayments_4__ipopayments_b_fair.csv;ipopayments_12__ipopayments_b_fair.csv,"{""needs_fairification"": true, ""success"": true, ""swaps_made"": 2, ""initial_fairness"": 0.215, ""initial_delta"": 0.19}"
santos3,exhaustive,ipopayments_b_fair.csv,20,45,106,20,True,0.3037,0.8,0.35555555555555557,0.4444444444444444,151.07620429992676,151.07620429992676,ipopayments_b__ipopayments_b_fair.csv;ipopayments_7__ipopayments_b_fair.csv;ipopayments_10__ipopayments_b_fair.csv;ipopayments_10__ipopayments_a_fair.csv;ipopayments_10.csv;ipopayments_1__ipopayments_a_fair.csv;ipopayments_1.csv;ipopayments_4__ipopayments_b_fair.csv;ipopayments_7__ipopayments_a_fair.csv;ipopayments_7.csv;ipopayments_6__ipopayments_a_fair.csv;ipopayments_6.csv;ipopayments_12__ipopayments_b_fair.csv;ipopayments_3__ipopayments_b_fair.csv;ipopayments_8__ipopayments_b_fair.csv;ipopayments_5__ipopayments_b_fair.csv;HMRC_exceptions_to_spending_controls_October_to_December_2017_ICT.csv;HMRC_exceptions_to_spending_controls_October_to_December_2017_property.csv;HMRC_exceptions_to_spending_controls_April_to_June_2019_commercial.csv;HMRC_Officials_meetings_with_tobacco_stakeholders_Apr_2018_to_June_2018.csv,"{""needs_fairification"": true, ""success"": true, ""swaps_made"": 8, ""initial_fairness"": 0.1543, ""initial_delta"": 0.25}"
santos3,exhaustive,mines_a_fair.csv,5,29,127,5,True,0.3404,1.0,0.1724137931034483,0.1724137931034483,39.38324308395386,39.38324308395386,mines_a__mines_a_fair.csv;mines_a.csv;mines_2__mines_a_fair.csv;mines_2.csv;mines_1__mines_a_fair.csv,"{""needs_fairification"": true, ""success"": true, ""swaps_made"": 1, ""initial_fairness"": 0.2633, ""initial_delta"": 0.14}"
santos3,exhaustive,mines_a_fair.csv,10,29,127,10,True,0.3211,1.0,0.3448275862068966,0.3448275862068966,77.46424150466919,77.46424150466919,mines_a__mines_a_fair.csv;mines_a.csv;mines_2__mines_a_fair.csv;mines_2.csv;mines_1__mines_b_fair.csv;mines_1__mines_a_fair.csv;mines_1.csv;mines_4__mines_a_fair.csv;mines_5__mines_a_fair.csv;mines_7__mines_a_fair.csv,"{""needs_fairification"": true, ""success"": true, ""swaps_made"": 2, ""initial_fairness"": 0.2447, ""initial_delta"": 0.16}"
santos3,exhaustive,mines_a_fair.csv,20,29,127,20,True,0.302,0.8,0.5517241379310345,0.6896551724137931,142.19290435314178,142.19290435314178,mines_a__mines_a_fair.csv;mines_a.csv;mines_2__mines_a_fair.csv;mines_2.csv;mines_1__mines_a_fair.csv;mines_1.csv;mines_4__mines_a_fair.csv;mines_4.csv;mines_3__mines_a_fair.csv;mines_3.csv;mines_0__mines_a_fair.csv;mines_0.csv;mines_8__mines_b_fair.csv;mines_8.csv;mines_5__mines_a_fair.csv;mines_7__mines_a_fair.csv;mines_10.csv;mines_11.csv;HMRC_Officials_meetings_with_tobacco_stakeholders_Apr_2015_to_Jun_2015.csv;figure-5.csv,"{""needs_fairification"": true, ""success"": true, ""swaps_made"": 6, ""initial_fairness"": 0.1986, ""initial_delta"": 0.2}"
santos3,exhaustive,minister_meetings_a_fair.csv,5,8,155,5,True,0.3377,1.0,0.625,0.625,23.80629140138626,23.80629140138626,minister_meetings_a__minister_meetings_a_fair.csv;minister_meetings_a.csv;minister_meetings_9__minister_meetings_a_fair.csv;minister_meetings_9.csv;minister_meetings_8__minister_meetings_a_fair.csv,"{""needs_fairification"": false, ""success"": true, ""swaps_made"": 0, ""initial_fairness"": 0.3377, ""initial_delta"": 0.06}"
santos3,exhaustive,minister_meetings_a_fair.csv,10,8,155,10,True,0.2972,0.8,1.0,1.0,44.38558930158615,44.38558930158615,minister_meetings_a__minister_meetings_a_fair.csv;minister_meetings_a.csv;minister_meetings_9__minister_meetings_a_fair.csv;minister_meetings_9.csv;minister_meetings_8__minister_meetings_a_fair.csv;minister_meetings_8.csv;minister_meetings_0__minister_meetings_a_fair.csv;minister_meetings_0.csv;advertising-July-Sept-2018.csv;HMRC_exceptions_to_spending_controls_October_to_December_2017_property.csv,"{""needs_fairification"": false, ""success"": true, ""swaps_made"": 0, ""initial_fairness"": 0.2972, ""initial_delta"": 0.1}"
santos3,exhaustive,minister_meetings_a_fair.csv,20,8,155,0,False,0.44,,0.0,1.0,0,0.0,,"{""needs_fairification"": true, ""success"": false, ""swaps_made"": 1, ""initial_fairness"": 0.0033, ""initial_delta"": 0.4}"
santos3,exhaustive,mines_b_fair.csv,5,35,132,5,True,0.3152,1.0,0.14285714285714285,0.14285714285714285,37.091349720954895,37.091349720954895,mines_b__mines_b_fair.csv;mines_b.csv;mines_9.csv;mines_9__mines_b_fair.csv;mines_10__mines_b_fair.csv,"{""needs_fairification"": false, ""success"": true, ""swaps_made"": 0, ""initial_fairness"": 0.3152, ""initial_delta"": 0.08}"
santos3,exhaustive,mines_b_fair.csv,10,35,132,10,True,0.3088,0.7,0.2,0.2857142857142857,59.75748324394226,59.75748324394226,mines_b__mines_b_fair.csv;mines_b.csv;mines_9.csv;mines_9__mines_b_fair.csv;mines_10__mines_b_fair.csv;mines_10.csv;mines_11.csv;minister_meetings_8.csv;minister_meetings_8__minister_meetings_a_fair.csv;figure-5.csv,"{""needs_fairification"": true, ""success"": true, ""swaps_made"": 3, ""initial_fairness"": 0.0659, ""initial_delta"": 0.33}"
santos3,exhaustive,mines_b_fair.csv,20,35,132,0,False,0.4176,,0.0,0.5714285714285714,0,0.0,,"{""needs_fairification"": true, ""success"": false, ""swaps_made"": 0, ""initial_fairness"": 0.0198, ""initial_delta"": 0.38}"
santos3,exhaustive,lane_description_a_fair.csv,5,48,65,5,True,0.425,1.0,0.10416666666666667,0.10416666666666667,69.12334096431732,69.12334096431732,lane_description_a__lane_description_b_fair.csv;lane_description_a__lane_description_a_fair.csv;lane_description_a.csv;lane_description_1__lane_description_a_fair.csv;lane_description_3__lane_description_a_fair.csv,"{""needs_fairification"": true, ""success"": true, ""swaps_made"": 1, ""initial_fairness"": 0.2678, ""initial_delta"": 0.13}"
santos3,exhaustive,lane_description_a_fair.csv,10,48,65,10,True,0.3558,1.0,0.20833333333333334,0.20833333333333334,136.76038992404938,136.76038992404938,lane_description_a__lane_description_b_fair.csv;lane_description_a__lane_description_a_fair.csv;lane_description_a.csv;lane_description_1__lane_description_a_fair.csv;lane_description_7__lane_description_b_fair.csv;lane_description_7__lane_description_a_fair.csv;lane_description_7.csv;lane_description_3__lane_description_b_fair.csv;lane_description_3__lane_description_a_fair.csv;lane_description_0__lane_description_a_fair.csv,"{""needs_fairification"": true, ""success"": true, ""swaps_made"": 2, ""initial_fairness"": 0.1648, ""initial_delta"": 0.24}"
santos3,exhaustive,lane_description_a_fair.csv,20,48,65,20,True,0.2955,1.0,0.4166666666666667,0.4166666666666667,271.40304654836655,271.40304654836655,lane_description_a__lane_description_b_fair.csv;lane_description_a__lane_description_a_fair.csv;lane_description_a.csv;lane_description_1__lane_description_a_fair.csv;lane_description_7__lane_description_b_fair.csv;lane_description_7__lane_description_a_fair.csv;lane_description_7.csv;lane_description_3__lane_description_b_fair.csv;lane_description_3__lane_description_a_fair.csv;lane_description_3.csv;lane_description_8__lane_description_b_fair.csv;lane_description_8__lane_description_a_fair.csv;lane_description_8.csv;lane_description_2__lane_description_a_fair.csv;lane_description_2.csv;lane_description_13__lane_description_b_fair.csv;lane_description_13__lane_description_a_fair.csv;lane_description_4__lane_description_b_fair.csv;lane_description_4__lane_description_a_fair.csv;lane_description_0__lane_description_a_fair.csv,"{""needs_fairification"": true, ""success"": true, ""swaps_made"": 2, ""initial_fairness"": 0.2109, ""initial_delta"": 0.19}"
santos3,exhaustive,new_york_city_restaurant_inspection_results_a_fair.csv,5,62,113,5,True,0.3259,1.0,0.08064516129032258,0.08064516129032258,38.20899015665054,38.20899015665054,new_york_city_restaurant_inspection_results_a__new_york_city_restaurant_inspection_results_a_fair.csv;new_york_city_restaurant_inspection_results_a.csv;new_york_city_restaurant_inspection_results_9__new_york_city_restaurant_inspection_results_a_fair.csv;new_york_city_restaurant_inspection_results_9.csv;new_york_city_restaurant_inspection_results_2__new_york_city_restaurant_inspection_results_a_fair.csv,"{""needs_fairification"": false, ""success"": true, ""swaps_made"": 0, ""initial_fairness"": 0.3259, ""initial_delta"": 0.07}"
santos3,exhaustive,new_york_city_restaurant_inspection_results_a_fair.csv,10,62,113,10,True,0.3096,1.0,0.16129032258064516,0.16129032258064516,74.08720445632935,74.08720445632935,new_york_city_restaurant_inspection_results_a__new_york_city_restaurant_inspection_results_a_fair.csv;new_york_city_restaurant_inspection_results_a.csv;new_york_city_restaurant_inspection_results_9__new_york_city_restaurant_inspection_results_a_fair.csv;new_york_city_restaurant_inspection_results_9.csv;new_york_city_restaurant_inspection_results_2__new_york_city_restaurant_inspection_results_a_fair.csv;new_york_city_restaurant_inspection_results_2.csv;new_york_city_restaurant_inspection_results_7__new_york_city_restaurant_inspection_results_a_fair.csv;new_york_city_restaurant_inspection_results_7.csv;new_york_city_restaurant_inspection_results_5__new_york_city_restaurant_inspection_results_a_fair.csv;new_york_city_restaurant_inspection_results_8.csv,"{""needs_fairification"": false, ""success"": true, ""swaps_made"": 0, ""initial_fairness"": 0.3096, ""initial_delta"": 0.09}"
santos3,exhaustive,new_york_city_restaurant_inspection_results_a_fair.csv,20,62,113,20,True,0.3247,0.95,0.3064516129032258,0.3225806451612903,137.72880440950394,137.72880440950394,new_york_city_restaurant_inspection_results_a__new_york_city_restaurant_inspection_results_a_fair.csv;new_york_city_restaurant_inspection_results_9__new_york_city_restaurant_inspection_results_a_fair.csv;new_york_city_restaurant_inspection_results_9.csv;new_york_city_restaurant_inspection_results_2__new_york_city_restaurant_inspection_results_a_fair.csv;new_york_city_restaurant_inspection_results_2.csv;new_york_city_restaurant_inspection_results_7__new_york_city_restaurant_inspection_results_a_fair.csv;new_york_city_restaurant_inspection_results_7.csv;new_york_city_restaurant_inspection_results_5__new_york_city_restaurant_inspection_results_a_fair.csv;new_york_city_restaurant_inspection_results_8.csv;new_york_city_restaurant_inspection_results_8__new_york_city_restaurant_inspection_results_a_fair.csv;new_york_city_restaurant_inspection_results_6__new_york_city_restaurant_inspection_results_a_fair.csv;new_york_city_restaurant_inspection_results_5.csv;new_york_city_restaurant_inspection_results_6.csv;new_york_city_restaurant_inspection_results_4__new_york_city_restaurant_inspection_results_a_fair.csv;new_york_city_restaurant_inspection_results_4.csv;wholesale_markets_a.csv;new_york_city_restaurant_inspection_results_3.csv;new_york_city_restaurant_inspection_results_3__new_york_city_restaurant_inspection_results_a_fair.csv;new_york_city_restaurant_inspection_results_22__new_york_city_restaurant_inspection_results_a_fair.csv;new_york_city_restaurant_inspection_results_27__new_york_city_restaurant_inspection_results_a_fair.csv,"{""needs_fairification"": true, ""success"": true, ""swaps_made"": 2, ""initial_fairness"": 0.2332, ""initial_delta"": 0.17}"
santos3,exhaustive,oil_and_gas_summary_production_data_1967_1999_a_fair.csv,5,22,137,5,True,0.3004,1.0,0.22727272727272727,0.22727272727272727,40.68866968154907,40.68866968154907,oil_and_gas_summary_production_data_1967_1999_a__oil_and_gas_summary_production_data_1967_1999_a_fair.csv;oil_and_gas_summary_production_data_1967_1999_a.csv;oil_and_gas_summary_production_data_1967_1999_8.csv;oil_and_gas_summary_production_data_1967_1999_8__oil_and_gas_summary_production_data_1967_1999_a_fair.csv;oil_and_gas_summary_production_data_1967_1999_5__oil_and_gas_summary_production_data_1967_1999_a_fair.csv,"{""needs_fairification"": false, ""success"": true, ""swaps_made"": 0, ""initial_fairness"": 0.3004, ""initial_delta"": 0.1}"
santos3,exhaustive,oil_and_gas_summary_production_data_1967_1999_a_fair.csv,10,22,137,10,True,0.3155,1.0,0.45454545454545453,0.45454545454545453,75.99137508869171,75.99137508869171,oil_and_gas_summary_production_data_1967_1999_a__oil_and_gas_summary_production_data_1967_1999_a_fair.csv;oil_and_gas_summary_production_data_1967_1999_a.csv;oil_and_gas_summary_production_data_1967_1999_8.csv;oil_and_gas_summary_production_data_1967_1999_8__oil_and_gas_summary_production_data_1967_1999_a_fair.csv;oil_and_gas_summary_production_data_1967_1999_5.csv;oil_and_gas_summary_production_data_1967_1999_7__oil_and_gas_summary_production_data_1967_1999_a_fair.csv;oil_and_gas_summary_production_data_1967_1999_7.csv;oil_and_gas_summary_production_data_1967_1999_9.csv;oil_and_gas_summary_production_data_1967_1999_9__oil_and_gas_summary_production_data_1967_1999_a_fair.csv;oil_and_gas_summary_production_data_1967_1999_6__oil_and_gas_summary_production_data_1967_1999_a_fair.csv,"{""needs_fairification"": true, ""success"": true, ""swaps_made"": 2, ""initial_fairness"": 0.2392, ""initial_delta"": 0.16}"
santos3,exhaustive,oil_and_gas_summary_production_data_1967_1999_a_fair.csv,20,22,137,20,True,0.3016,0.45,0.4090909090909091,0.9090909090909091,111.32844811677933,111.32844811677933,oil_and_gas_summary_production_data_1967_1999_a__oil_and_gas_summary_production_data_1967_1999_a_fair.csv;oil_and_gas_summary_production_data_1967_1999_a.csv;oil_and_gas_summary_production_data_1967_1999_8.csv;oil_and_gas_summary_production_data_1967_1999_8__oil_and_gas_summary_production_data_1967_1999_a_fair.csv;oil_and_gas_summary_production_data_1967_1999_5.csv;oil_and_gas_summary_production_data_1967_1999_7__oil_and_gas_summary_production_data_1967_1999_a_fair.csv;oil_and_gas_summary_production_data_1967_1999_7.csv;oil_and_gas_summary_production_data_1967_1999_9__oil_and_gas_summary_production_data_1967_1999_a_fair.csv;abandoned_wells_8.csv;abandoned_wells_8__abandoned_wells_a_fair.csv;abandoned_wells_9.csv;abandoned_wells_9__abandoned_wells_a_fair.csv;oil_and_gas_summary_production_data_1967_1999_6__oil_and_gas_summary_production_data_1967_1999_a_fair.csv;abandoned_wells_a__abandoned_wells_a_fair.csv;analytics-inmedia-complet-principaux-evenements-20190401-20190430.csv;analytics-inmedia-complet-principaux-evenements-20180901-20180930.csv;analytics-inmedia-complet-principaux-evenements-20180801-20180831.csv;analytics-inmedia-complet-principaux-evenements-20181001-20181031.csv;analytics-numerique-complet-principaux-evenements-20210601-20210630.csv;analytics-numerique-complet-principaux-evenements-20210201-20210228.csv,"{""needs_fairification"": true, ""success"": true, ""swaps_made"": 8, ""initial_fairness"": 0.1801, ""initial_delta"": 0.22}"
santos3,exhaustive,data_mill_a_fair.csv,5,10,73,5,True,0.3335,1.0,0.5,0.5,92.53600895404816,92.53600895404816,data_mill_a__data_mill_a_fair.csv;data_mill_a.csv;data_mill_9__data_mill_a_fair.csv;data_mill_9.csv;data_mill_0__data_mill_a_fair.csv,"{""needs_fairification"": true, ""success"": true, ""swaps_made"": 1, ""initial_fairness"": 0.2455, ""initial_delta"": 0.15}"
santos3,exhaustive,data_mill_a_fair.csv,10,10,73,10,True,0.2999,0.6,0.6,1.0,153.51426756381989,153.51426756381989,data_mill_a__data_mill_a_fair.csv;data_mill_a.csv;data_mill_9__data_mill_a_fair.csv;data_mill_9.csv;data_mill_5.csv;data_mill_0__data_mill_a_fair.csv;civic_building_locations_7__civic_building_locations_a_fair.csv;civic_building_locations_7.csv;civic_building_locations_a__civic_building_locations_a_fair.csv;civic_building_locations_a.csv,"{""needs_fairification"": true, ""success"": true, ""swaps_made"": 5, ""initial_fairness"": 0.143, ""initial_delta"": 0.26}"
santos3,exhaustive,data_mill_a_fair.csv,20,10,73,20,True,0.3263,0.25,0.5,1.0,243.67611503601074,243.67611503601074,data_mill_a__data_mill_a_fair.csv;data_mill_a.csv;data_mill_9__data_mill_a_fair.csv;data_mill_9.csv;data_mill_0__data_mill_a_fair.csv;stockport_contracts_0.csv;civic_building_locations_7__civic_building_locations_a_fair.csv;stockport_contracts_9__stockport_contracts_b_fair.csv;stockport_contracts_9.csv;civic_building_locations_7.csv;stockport_contracts_1.csv;stockport_contracts_0__stockport_contracts_b_fair.csv;civic_building_locations_3__civic_building_locations_a_fair.csv;civic_building_locations_6.csv;civic_building_locations_a__civic_building_locations_a_fair.csv;civic_building_locations_a.csv;HMRC_exceptions_to_spending_controls_October_to_December_2017_property.csv;HMRC_exceptions_to_spending_controls_October_to_December_2017_ICT.csv;HMRC_exceptions_to_spending_controls_April_to_June_2019_ICT.csv;advertising-jan-march2016.csv,"{""needs_fairification"": true, ""success"": true, ""swaps_made"": 7, ""initial_fairness"": 0.1608, ""initial_delta"": 0.24}"
santos3,exhaustive,practice_reference_a_fair.csv,5,45,112,5,True,0.3058,1.0,0.1111111111111111,0.1111111111111111,39.967798352241516,39.967798352241516,practice_reference_a__practice_reference_b_fair.csv;practice_reference_a__practice_reference_a_fair.csv;practice_reference_a.csv;practice_reference_9__practice_reference_b_fair.csv;practice_reference_9__practice_reference_a_fair.csv,"{""needs_fairification"": false, ""success"": true, ""swaps_made"": 0, ""initial_fairness"": 0.3058, ""initial_delta"": 0.09}"
santos3,exhaustive,practice_reference_a_fair.csv,10,45,112,10,True,0.3135,1.0,0.2222222222222222,0.2222222222222222,78.94413590431213,78.94413590431213,practice_reference_a__practice_reference_b_fair.csv;practice_reference_a__practice_reference_a_fair.csv;practice_reference_a.csv;practice_reference_9__practice_reference_b_fair.csv;practice_reference_9__practice_reference_a_fair.csv;practice_reference_9.csv;practice_reference_10__practice_reference_a_fair.csv;practice_reference_10.csv;practice_reference_3.csv;practice_reference_1__practice_reference_a_fair.csv,"{""needs_fairification"": true, ""success"": true, ""swaps_made"": 1, ""initial_fairness"": 0.2869, ""initial_delta"": 0.11}"
santos3,exhaustive,practice_reference_a_fair.csv,20,45,112,20,True,0.3054,1.0,0.4444444444444444,0.4444444444444444,157.13542884588242,157.13542884588242,practice_reference_a__practice_reference_b_fair.csv;practice_reference_a__practice_reference_a_fair.csv;practice_reference_a.csv;practice_reference_9__practice_reference_b_fair.csv;practice_reference_9__practice_reference_a_fair.csv;practice_reference_9.csv;practice_reference_10__practice_reference_b_fair.csv;practice_reference_10__practice_reference_a_fair.csv;practice_reference_10.csv;practice_reference_3.csv;practice_reference_8.csv;practice_reference_3__practice_reference_b_fair.csv;practice_reference_4.csv;practice_reference_8__practice_reference_b_fair.csv;practice_reference_3__practice_reference_a_fair.csv;practice_reference_4__practice_reference_a_fair.csv;practice_reference_8__practice_reference_a_fair.csv;practice_reference_7.csv;practice_reference_12__practice_reference_a_fair.csv;practice_reference_1__practice_reference_a_fair.csv,"{""needs_fairification"": true, ""success"": true, ""swaps_made"": 2, ""initial_fairness"": 0.2781, ""initial_delta"": 0.12}"
santos3,exhaustive,data_mill_b_fair.csv,5,2,70,5,True,0.3577,0.2,0.5,1.0,72.2975452542305,72.2975452542305,data_mill_b__data_mill_b_fair.csv;data_mill_a.csv;civic_building_locations_7__civic_building_locations_a_fair.csv;civic_building_locations_7.csv;HMRC_exceptions_to_spending_controls_October_to_December_2017_property.csv,"{""needs_fairification"": true, ""success"": true, ""swaps_made"": 3, ""initial_fairness"": 0.1833, ""initial_delta"": 0.22}"
santos3,exhaustive,data_mill_b_fair.csv,10,2,70,10,True,0.2959,0.1,0.5,1.0,127.70753955841064,127.70753955841064,data_mill_b__data_mill_b_fair.csv;data_mill_9.csv;data_mill_5.csv;civic_building_locations_7__civic_building_locations_a_fair.csv;civic_building_locations_7.csv;civic_building_locations_6.csv;civic_building_locations_a__civic_building_locations_a_fair.csv;civic_building_locations_a.csv;HMRC_exceptions_to_spending_controls_October_to_December_2017_property.csv;HMRC_exceptions_to_spending_controls_October_to_December_2017_ICT.csv,"{""needs_fairification"": true, ""success"": true, ""swaps_made"": 7, ""initial_fairness"": 0.1085, ""initial_delta"": 0.29}"
santos3,exhaustive,data_mill_b_fair.csv,20,2,70,20,True,0.3418,0.05,0.5,1.0,227.30405217409134,227.30405217409134,data_mill_b__data_mill_b_fair.csv;data_mill_5.csv;civic_building_locations_7__civic_building_locations_a_fair.csv;stockport_contracts_0.csv;civic_building_locations_7.csv;stockport_contracts_9__stockport_contracts_b_fair.csv;stockport_contracts_9.csv;stockport_contracts_1.csv;stockport_contracts_0__stockport_contracts_b_fair.csv;civic_building_locations_3__civic_building_locations_a_fair.csv;civic_building_locations_3.csv;civic_building_locations_6__civic_building_locations_a_fair.csv;civic_building_locations_6.csv;civic_building_locations_a__civic_building_locations_a_fair.csv;civic_building_locations_a.csv;civic_building_locations_4__civic_building_locations_a_fair.csv;civic_building_locations_4.csv;HMRC_exceptions_to_spending_controls_October_to_December_2017_property.csv;HMRC_exceptions_to_spending_controls_October_to_December_2017_ICT.csv;HMRC_exceptions_to_spending_controls_April_to_June_2019_ICT.csv,"{""needs_fairification"": true, ""success"": true, ""swaps_made"": 10, ""initial_fairness"": 0.0918, ""initial_delta"": 0.31}"
santos3,exhaustive,monthly_data_feed_b_fair.csv,5,6,68,5,True,0.3072,0.6,0.5,0.8333333333333334,48.607198774814606,48.607198774814606,monthly_data_feed_b__monthly_data_feed_b_fair.csv;monthly_data_feed_b__monthly_data_feed_a_fair.csv;monthly_data_feed_b.csv;practice_reference_11.csv;field-operations-staff-hours-march-2020-to-february-2021.csv,"{""needs_fairification"": true, ""success"": true, ""swaps_made"": 2, ""initial_fairness"": 0.2365, ""initial_delta"": 0.16}"
santos3,exhaustive,monthly_data_feed_b_fair.csv,10,6,68,0,False,0.4227,,0.0,1.0,0,0.0,,"{""needs_fairification"": true, ""success"": false, ""swaps_made"": 8, ""initial_fairness"": 0.1306, ""initial_delta"": 0.27}"
santos3,exhaustive,monthly_data_feed_b_fair.csv,20,6,68,0,False,0.4227,,0.0,1.0,0,0.0,,"{""needs_fairification"": true, ""success"": false, ""swaps_made"": 1, ""initial_fairness"": 0.0584, ""initial_delta"": 0.34}"
santos3,exhaustive,practice_reference_b_fair.csv,5,45,112,5,True,0.3136,1.0,0.1111111111111111,0.1111111111111111,34.53716838359833,34.53716838359833,practice_reference_b__practice_reference_b_fair.csv;practice_reference_b__practice_reference_a_fair.csv;practice_reference_b.csv;practice_reference_a__practice_reference_b_fair.csv;practice_reference_a__practice_reference_a_fair.csv,"{""needs_fairification"": false, ""success"": true, ""swaps_made"": 0, ""initial_fairness"": 0.3136, ""initial_delta"": 0.09}"
santos3,exhaustive,practice_reference_b_fair.csv,10,45,112,10,True,0.3246,1.0,0.2222222222222222,0.2222222222222222,68.07425487041473,68.07425487041473,practice_reference_b__practice_reference_b_fair.csv;practice_reference_b__practice_reference_a_fair.csv;practice_reference_b.csv;practice_reference_a__practice_reference_b_fair.csv;practice_reference_a__practice_reference_a_fair.csv;practice_reference_a.csv;practice_reference_3__practice_reference_b_fair.csv;practice_reference_3__practice_reference_a_fair.csv;practice_reference_9__practice_reference_b_fair.csv;practice_reference_2__practice_reference_b_fair.csv,"{""needs_fairification"": true, ""success"": true, ""swaps_made"": 1, ""initial_fairness"": 0.2891, ""initial_delta"": 0.11}"
santos3,exhaustive,practice_reference_b_fair.csv,20,45,112,20,True,0.3125,1.0,0.4444444444444444,0.4444444444444444,134.99537897109985,134.99537897109985,practice_reference_b__practice_reference_b_fair.csv;practice_reference_b__practice_reference_a_fair.csv;practice_reference_b.csv;practice_reference_a__practice_reference_b_fair.csv;practice_reference_a__practice_reference_a_fair.csv;practice_reference_a.csv;practice_reference_3__practice_reference_b_fair.csv;practice_reference_3__practice_reference_a_fair.csv;practice_reference_9__practice_reference_b_fair.csv;practice_reference_9__practice_reference_a_fair.csv;practice_reference_9.csv;practice_reference_8.csv;practice_reference_10__practice_reference_b_fair.csv;practice_reference_10__practice_reference_a_fair.csv;practice_reference_10.csv;practice_reference_8__practice_reference_a_fair.csv;practice_reference_8__practice_reference_b_fair.csv;practice_reference_7__practice_reference_b_fair.csv;practice_reference_11__practice_reference_b_fair.csv;practice_reference_2__practice_reference_b_fair.csv,"{""needs_fairification"": true, ""success"": true, ""swaps_made"": 3, ""initial_fairness"": 0.2521, ""initial_delta"": 0.15}"
santos3,exhaustive,psyckes_antipsychotic_polypharmacy_quality_indicators_beginning_2012_a_fair.csv,5,22,128,5,True,0.527,0.6,0.13636363636363635,0.22727272727272727,32.59665638208389,32.59665638208389,psyckes_antipsychotic_polypharmacy_quality_indicators_beginning_2012_a__psyckes_antipsychotic_polypharmacy_quality_indicators_beginning_2012_a_fair.csv;psyckes_antipsychotic_polypharmacy_quality_indicators_beginning_2012_a.csv;oil_and_gas_summary_production_data_1967_1999_6.csv;psyckes_antipsychotic_polypharmacy_quality_indicators_beginning_2012_5.csv;report_card_discipline_for_2015_16_a.csv,"{""needs_fairification"": false, ""success"": true, ""swaps_made"": 0, ""initial_fairness"": 0.527, ""initial_delta"": -0.13}"
santos3,exhaustive,psyckes_antipsychotic_polypharmacy_quality_indicators_beginning_2012_a_fair.csv,10,22,128,10,True,0.3632,0.5,0.22727272727272727,0.45454545454545453,59.91940349340439,59.91940349340439,psyckes_antipsychotic_polypharmacy_quality_indicators_beginning_2012_a__psyckes_antipsychotic_polypharmacy_quality_indicators_beginning_2012_a_fair.csv;psyckes_antipsychotic_polypharmacy_quality_indicators_beginning_2012_a.csv;oil_and_gas_summary_production_data_1967_1999_6.csv;psyckes_antipsychotic_polypharmacy_quality_indicators_beginning_2012_5.csv;report_card_discipline_for_2015_16_a.csv;psyckes_antipsychotic_polypharmacy_quality_indicators_beginning_2012_5__psyckes_antipsychotic_polypharmacy_quality_indicators_beginning_2012_a_fair.csv;oil_and_gas_summary_production_data_1967_1999_6__oil_and_gas_summary_production_data_1967_1999_a_fair.csv;report_card_discipline_for_2015_16_a__report_card_discipline_for_2015_16_a_fair.csv;psyckes_antipsychotic_polypharmacy_quality_indicators_beginning_2012_3.csv;report_card_discipline_for_2015_16_6.csv,"{""needs_fairification"": false, ""success"": true, ""swaps_made"": 0, ""initial_fairness"": 0.3632, ""initial_delta"": 0.04}"
santos3,exhaustive,psyckes_antipsychotic_polypharmacy_quality_indicators_beginning_2012_a_fair.csv,20,22,128,20,True,0.3409,0.5,0.45454545454545453,0.9090909090909091,113.48193550109863,113.48193550109863,psyckes_antipsychotic_polypharmacy_quality_indicators_beginning_2012_a__psyckes_antipsychotic_polypharmacy_quality_indicators_beginning_2012_a_fair.csv;psyckes_antipsychotic_polypharmacy_quality_indicators_beginning_2012_a.csv;oil_and_gas_summary_production_data_1967_1999_6.csv;psyckes_antipsychotic_polypharmacy_quality_indicators_beginning_2012_5.csv;report_card_discipline_for_2015_16_a.csv;psyckes_antipsychotic_polypharmacy_quality_indicators_beginning_2012_5__psyckes_antipsychotic_polypharmacy_quality_indicators_beginning_2012_a_fair.csv;oil_and_gas_summary_production_data_1967_1999_6__oil_and_gas_summary_production_data_1967_1999_a_fair.csv;report_card_discipline_for_2015_16_a__report_card_discipline_for_2015_16_a_fair.csv;psyckes_antipsychotic_polypharmacy_quality_indicators_beginning_2012_3.csv;report_card_discipline_for_2015_16_6.csv;psyckes_antipsychotic_polypharmacy_quality_indicators_beginning_2012_6.csv;report_card_discipline_for_2015_16_7.csv;psyckes_antipsychotic_polypharmacy_quality_indicators_beginning_2012_3__psyckes_antipsychotic_polypharmacy_quality_indicators_beginning_2012_a_fair.csv;psyckes_antipsychotic_polypharmacy_quality_indicators_beginning_2012_2.csv;report_card_discipline_for_2015_16_4.csv;report_card_discipline_for_2015_16_7__report_card_discipline_for_2015_16_a_fair.csv;psyckes_antipsychotic_polypharmacy_quality_indicators_beginning_2012_2__psyckes_antipsychotic_polypharmacy_quality_indicators_beginning_2012_a_fair.csv;report_card_discipline_for_2015_16_6__report_card_discipline_for_2015_16_a_fair.csv;report_card_discipline_for_2015_16_4__report_card_discipline_for_2015_16_a_fair.csv;psyckes_antipsychotic_polypharmacy_quality_indicators_beginning_2012_6__psyckes_antipsychotic_polypharmacy_quality_indicators_beginning_2012_a_fair.csv,"{""needs_fairification"": false, ""success"": true, ""swaps_made"": 0, ""initial_fairness"": 0.3409, ""initial_delta"": 0.06}"
santos3,exhaustive,senior_officials_expenses_a_fair.csv,5,2,135,5,True,0.3065,0.4,1.0,1.0,20.369924545288086,20.369924545288086,senior_officials_expenses_a__senior_officials_expenses_a_fair.csv;senior_officials_expenses_a.csv;minister_meetings_9.csv;minister_meetings_0__minister_meetings_a_fair.csv;minister_meetings_0.csv,"{""needs_fairification"": true, ""success"": true, ""swaps_made"": 1, ""initial_fairness"": 0.2734, ""initial_delta"": 0.13}"
santos3,exhaustive,senior_officials_expenses_a_fair.csv,10,2,135,0,False,0.4091,,0.0,1.0,0,0.0,,"{""needs_fairification"": true, ""success"": false, ""swaps_made"": 2, ""initial_fairness"": 0.0832, ""initial_delta"": 0.32}"
santos3,exhaustive,senior_officials_expenses_a_fair.csv,20,2,135,0,False,0.4091,,0.0,1.0,0,0.0,,"{""needs_fairification"": true, ""success"": false, ""swaps_made"": 0, ""initial_fairness"": 0.08, ""initial_delta"": 0.32}"
santos3,exhaustive,report_card_discipline_for_2015_16_a_fair.csv,5,22,117,5,True,0.3311,1.0,0.22727272727272727,0.22727272727272727,42.61347085237503,42.61347085237503,report_card_discipline_for_2015_16_a__report_card_discipline_for_2015_16_a_fair.csv;report_card_discipline_for_2015_16_a.csv;report_card_discipline_for_2015_16_4.csv;report_card_discipline_for_2015_16_4__report_card_discipline_for_2015_16_a_fair.csv;report_card_discipline_for_2015_16_7.csv,"{""needs_fairification"": false, ""success"": true, ""swaps_made"": 0, ""initial_fairness"": 0.3311, ""initial_delta"": 0.07}"
santos3,exhaustive,report_card_discipline_for_2015_16_a_fair.csv,10,22,117,10,True,0.3169,1.0,0.45454545454545453,0.45454545454545453,82.86592024564743,82.86592024564743,report_card_discipline_for_2015_16_a__report_card_discipline_for_2015_16_a_fair.csv;report_card_discipline_for_2015_16_a.csv;report_card_discipline_for_2015_16_4.csv;report_card_discipline_for_2015_16_4__report_card_discipline_for_2015_16_a_fair.csv;report_card_discipline_for_2015_16_7.csv;report_card_discipline_for_2015_16_7__report_card_discipline_for_2015_16_a_fair.csv;report_card_discipline_for_2015_16_6.csv;report_card_discipline_for_2015_16_6__report_card_discipline_for_2015_16_a_fair.csv;report_card_discipline_for_2015_16_1.csv;report_card_discipline_for_2015_16_5.csv,"{""needs_fairification"": false, ""success"": true, ""swaps_made"": 0, ""initial_fairness"": 0.3169, ""initial_delta"": 0.08}"
santos3,exhaustive,report_card_discipline_for_2015_16_a_fair.csv,20,22,117,20,True,0.3484,0.95,0.8636363636363636,0.9090909090909091,156.05747604370117,156.05747604370117,report_card_discipline_for_2015_16_a__report_card_discipline_for_2015_16_a_fair.csv;report_card_discipline_for_2015_16_4.csv;report_card_discipline_for_2015_16_4__report_card_discipline_for_2015_16_a_fair.csv;report_card_discipline_for_2015_16_7.csv;report_card_discipline_for_2015_16_7__report_card_discipline_for_2015_16_a_fair.csv;report_card_discipline_for_2015_16_6.csv;report_card_discipline_for_2015_16_6__report_card_discipline_for_2015_16_a_fair.csv;report_card_discipline_for_2015_16_1.csv;report_card_discipline_for_2015_16_5.csv;report_card_discipline_for_2015_16_1__report_card_discipline_for_2015_16_a_fair.csv;report_card_discipline_for_2015_16_5__report_card_discipline_for_2015_16_a_fair.csv;report_card_discipline_for_2015_16_3.csv;report_card_discipline_for_2015_16_3__report_card_discipline_for_2015_16_a_fair.csv;report_card_discipline_for_2015_16_8.csv;report_card_discipline_for_2015_16_0.csv;report_card_discipline_for_2015_16_8__report_card_discipline_for_2015_16_a_fair.csv;report_card_discipline_for_2015_16_9.csv;report_card_discipline_for_2015_16_0__report_card_discipline_for_2015_16_a_fair.csv;report_card_discipline_for_2015_16_9__report_card_discipline_for_2015_16_a_fair.csv;mines_b.csv,"{""needs_fairification"": true, ""success"": true, ""swaps_made"": 1, ""initial_fairness"": 0.2891, ""initial_delta"": 0.11}"
santos3,exhaustive,business_rates_a_fair.csv,5,24,40,5,True,0.3687,1.0,0.20833333333333334,0.20833333333333334,128.56725680828094,128.56725680828094,business_rates_a__business_rates_a_fair.csv;business_rates_a.csv;business_rates_7__business_rates_a_fair.csv;business_rates_7.csv;business_rates_6__business_rates_a_fair.csv,"{""needs_fairification"": false, ""success"": true, ""swaps_made"": 0, ""initial_fairness"": 0.3687, ""initial_delta"": 0.03}"
santos3,exhaustive,business_rates_a_fair.csv,10,24,40,10,True,0.3212,1.0,0.4166666666666667,0.4166666666666667,254.8276910185814,254.8276910185814,business_rates_a__business_rates_a_fair.csv;business_rates_a.csv;business_rates_7__business_rates_a_fair.csv;business_rates_7.csv;business_rates_6__business_rates_a_fair.csv;business_rates_10__business_rates_a_fair.csv;business_rates_10.csv;business_rates_1.csv;business_rates_0.csv;business_rates_3__business_rates_a_fair.csv,"{""needs_fairification"": true, ""success"": true, ""swaps_made"": 1, ""initial_fairness"": 0.2849, ""initial_delta"": 0.12}"
santos3,exhaustive,business_rates_a_fair.csv,20,24,40,0,False,0.4189,,0.0,0.8333333333333334,0,0.0,,"{""needs_fairification"": true, ""success"": false, ""swaps_made"": 5, ""initial_fairness"": 0.2098, ""initial_delta"": 0.19}"
santos3,exhaustive,purchasing_card_a_fair.csv,5,26,100,5,True,0.3541,1.0,0.19230769230769232,0.19230769230769232,48.52641046047211,48.52641046047211,purchasing_card_a__purchasing_card_a_fair.csv;purchasing_card_2.csv;purchasing_card_7.csv;purchasing_card_2__purchasing_card_a_fair.csv;purchasing_card_9__purchasing_card_a_fair.csv,"{""needs_fairification"": true, ""success"": true, ""swaps_made"": 1, ""initial_fairness"": 0.2873, ""initial_delta"": 0.11}"
santos3,exhaustive,purchasing_card_a_fair.csv,10,26,100,10,True,0.3322,1.0,0.38461538461538464,0.38461538461538464,97.30747610330582,97.30747610330582,purchasing_card_a__purchasing_card_a_fair.csv;purchasing_card_a.csv;purchasing_card_2.csv;purchasing_card_7.csv;purchasing_card_2__purchasing_card_a_fair.csv;purchasing_card_7__purchasing_card_a_fair.csv;purchasing_card_11.csv;purchasing_card_11__purchasing_card_a_fair.csv;purchasing_card_0__purchasing_card_a_fair.csv;purchasing_card_9__purchasing_card_a_fair.csv,"{""needs_fairification"": true, ""success"": true, ""swaps_made"": 1, ""initial_fairness"": 0.291, ""initial_delta"": 0.11}"
santos3,exhaustive,purchasing_card_a_fair.csv,20,26,100,20,True,0.3062,1.0,0.7692307692307693,0.7692307692307693,190.38670194149017,190.38670194149017,purchasing_card_a__purchasing_card_a_fair.csv;purchasing_card_a.csv;purchasing_card_2.csv;purchasing_card_7.csv;purchasing_card_2__purchasing_card_a_fair.csv;purchasing_card_7__purchasing_card_a_fair.csv;purchasing_card_11.csv;purchasing_card_11__purchasing_card_a_fair.csv;purchasing_card_4.csv;purchasing_card_0__purchasing_card_a_fair.csv;purchasing_card_0.csv;purchasing_card_6.csv;purchasing_card_5.csv;purchasing_card_6__purchasing_card_a_fair.csv;purchasing_card_4__purchasing_card_a_fair.csv;purchasing_card_5__purchasing_card_a_fair.csv;purchasing_card_9.csv;purchasing_card_9__purchasing_card_a_fair.csv;purchasing_card_8__purchasing_card_a_fair.csv;purchasing_card_1__purchasing_card_a_fair.csv,"{""needs_fairification"": true, ""success"": true, ""swaps_made"": 3, ""initial_fairness"": 0.2321, ""initial_delta"": 0.17}"
santos3,exhaustive,time_spent_watching_vcr_movies_a_fair.csv,5,14,178,5,True,0.3282,0.6,0.21428571428571427,0.35714285714285715,20.940655291080475,20.940655291080475,time_spent_watching_vcr_movies_a__time_spent_watching_vcr_movies_a_fair.csv;time_spent_watching_vcr_movies_a.csv;contributors_parties_0__contributors_parties_b_fair.csv;contributors_parties_2__contributors_parties_b_fair.csv;time_spent_watching_vcr_movies_4__time_spent_watching_vcr_movies_a_fair.csv,"{""needs_fairification"": true, ""success"": true, ""swaps_made"": 1, ""initial_fairness"": 0.1748, ""initial_delta"": 0.23}"
santos3,exhaustive,time_spent_watching_vcr_movies_a_fair.csv,10,14,178,10,True,0.3201,0.5,0.35714285714285715,0.7142857142857143,37.98909538984299,37.98909538984299,time_spent_watching_vcr_movies_a__time_spent_watching_vcr_movies_a_fair.csv;time_spent_watching_vcr_movies_a.csv;contributors_parties_0__contributors_parties_b_fair.csv;contributors_parties_2__contributors_parties_b_fair.csv;contributors_parties_1__contributors_parties_b_fair.csv;time_spent_watching_vcr_movies_4__time_spent_watching_vcr_movies_a_fair.csv;time_spent_watching_vcr_movies_3__time_spent_watching_vcr_movies_a_fair.csv;time_spent_watching_vcr_movies_4.csv;advertising-july-sept2015.csv;minister_meetings_8.csv,"{""needs_fairification"": true, ""success"": true, ""swaps_made"": 5, ""initial_fairness"": 0.0685, ""initial_delta"": 0.33}"
santos3,exhaustive,time_spent_watching_vcr_movies_a_fair.csv,20,14,178,20,True,0.3265,0.3,0.42857142857142855,1.0,48.928461611270905,48.928461611270905,time_spent_watching_vcr_movies_a__time_spent_watching_vcr_movies_a_fair.csv;time_spent_watching_vcr_movies_a.csv;contributors_parties_0__contributors_parties_b_fair.csv;contributors_parties_2__contributors_parties_b_fair.csv;time_spent_watching_vcr_movies_4__time_spent_watching_vcr_movies_a_fair.csv;time_spent_watching_vcr_movies_3__time_spent_watching_vcr_movies_a_fair.csv;time_spent_watching_vcr_movies_9__time_spent_watching_vcr_movies_a_fair.csv;time_spent_watching_vcr_movies_4.csv;advertising-july-sept2015.csv;minister_meetings_8.csv;minister_meetings_8__minister_meetings_a_fair.csv;greener-homes-program-eligible-oil-boilers-english.csv;analytics-inmedia-complet-principaux-evenements-20191101-20191130.csv;analytics-inmedia-complet-principaux-evenements-20200801-20200831.csv;analytics-numerique-complet-principaux-evenements-20210601-20210630.csv;analytics-inmedia-complet-principaux-evenements-20210301-20210331-.csv;analytics-numerique-complet-principaux-evenements-20210201-20210228.csv;analytics-inmedia-complet-principaux-evenements-20201001-20201031.csv;analytics-inmedia-complet-principaux-evenements-20191201-20191231.csv;analytics-inmedia-complet-principaux-evenements-20201101-20201130.csv,"{""needs_fairification"": true, ""success"": true, ""swaps_made"": 13, ""initial_fairness"": 0.0611, ""initial_delta"": 0.34}"
santos3,exhaustive,monthly_data_feed_a_fair.csv,5,28,68,5,True,1.0,1.0,0.17857142857142858,0.17857142857142858,93.5649271607399,93.5649271607399,monthly_data_feed_a__monthly_data_feed_a_fair.csv;monthly_data_feed_a.csv;monthly_data_feed_4__monthly_data_feed_a_fair.csv;monthly_data_feed_4.csv;monthly_data_feed_1__monthly_data_feed_a_fair.csv,"{""needs_fairification"": false, ""success"": true, ""swaps_made"": 0, ""initial_fairness"": 1.0, ""initial_delta"": -0.6}"
santos3,exhaustive,monthly_data_feed_a_fair.csv,10,28,68,10,True,0.8323,1.0,0.35714285714285715,0.35714285714285715,180.1181160211563,180.1181160211563,monthly_data_feed_a__monthly_data_feed_a_fair.csv;monthly_data_feed_a.csv;monthly_data_feed_4__monthly_data_feed_a_fair.csv;monthly_data_feed_4.csv;monthly_data_feed_1__monthly_data_feed_a_fair.csv;monthly_data_feed_1.csv;monthly_data_feed_6__monthly_data_feed_a_fair.csv;monthly_data_feed_6.csv;monthly_data_feed_10__monthly_data_feed_a_fair.csv;monthly_data_feed_10.csv,"{""needs_fairification"": false, ""success"": true, ""swaps_made"": 0, ""initial_fairness"": 0.8323, ""initial_delta"": -0.43}"
santos3,exhaustive,monthly_data_feed_a_fair.csv,20,28,68,20,True,0.7336,1.0,0.7142857142857143,0.7142857142857143,346.96841752529144,346.96841752529144,monthly_data_feed_a__monthly_data_feed_a_fair.csv;monthly_data_feed_a.csv;monthly_data_feed_4__monthly_data_feed_a_fair.csv;monthly_data_feed_4.csv;monthly_data_feed_1__monthly_data_feed_a_fair.csv;monthly_data_feed_1.csv;monthly_data_feed_6__monthly_data_feed_a_fair.csv;monthly_data_feed_6.csv;monthly_data_feed_10__monthly_data_feed_a_fair.csv;monthly_data_feed_10.csv;monthly_data_feed_2__monthly_data_feed_a_fair.csv;monthly_data_feed_2.csv;monthly_data_feed_7__monthly_data_feed_a_fair.csv;monthly_data_feed_7.csv;monthly_data_feed_9__monthly_data_feed_a_fair.csv;monthly_data_feed_9.csv;monthly_data_feed_5__monthly_data_feed_a_fair.csv;monthly_data_feed_5.csv;monthly_data_feed_8__monthly_data_feed_a_fair.csv;monthly_data_feed_8.csv,"{""needs_fairification"": false, ""success"": true, ""swaps_made"": 0, ""initial_fairness"": 0.7336, ""initial_delta"": -0.33}"
santos3,exhaustive,tuition_assistance_program_tap_recipients_a_fair.csv,5,22,137,5,True,0.5623,1.0,0.22727272727272727,0.22727272727272727,35.071765780448914,35.071765780448914,tuition_assistance_program_tap_recipients_a__tuition_assistance_program_tap_recipients_a_fair.csv;tuition_assistance_program_tap_recipients_a.csv;tuition_assistance_program_tap_recipients_4__tuition_assistance_program_tap_recipients_a_fair.csv;tuition_assistance_program_tap_recipients_4.csv;tuition_assistance_program_tap_recipients_8__tuition_assistance_program_tap_recipients_a_fair.csv,"{""needs_fairification"": false, ""success"": true, ""swaps_made"": 0, ""initial_fairness"": 0.5623, ""initial_delta"": -0.16}"
santos3,exhaustive,tuition_assistance_program_tap_recipients_a_fair.csv,10,22,137,10,True,0.4841,1.0,0.45454545454545453,0.45454545454545453,66.4986891746521,66.4986891746521,tuition_assistance_program_tap_recipients_a__tuition_assistance_program_tap_recipients_a_fair.csv;tuition_assistance_program_tap_recipients_a.csv;tuition_assistance_program_tap_recipients_4__tuition_assistance_program_tap_recipients_a_fair.csv;tuition_assistance_program_tap_recipients_4.csv;tuition_assistance_program_tap_recipients_8__tuition_assistance_program_tap_recipients_a_fair.csv;tuition_assistance_program_tap_recipients_8.csv;tuition_assistance_program_tap_recipients_3__tuition_assistance_program_tap_recipients_a_fair.csv;tuition_assistance_program_tap_recipients_3.csv;tuition_assistance_program_tap_recipients_6__tuition_assistance_program_tap_recipients_a_fair.csv;tuition_assistance_program_tap_recipients_6.csv,"{""needs_fairification"": false, ""success"": true, ""swaps_made"": 0, ""initial_fairness"": 0.4841, ""initial_delta"": -0.08}"
santos3,exhaustive,tuition_assistance_program_tap_recipients_a_fair.csv,20,22,137,20,True,0.3787,1.0,0.9090909090909091,0.9090909090909091,127.83242881298065,127.83242881298065,tuition_assistance_program_tap_recipients_a__tuition_assistance_program_tap_recipients_a_fair.csv;tuition_assistance_program_tap_recipients_a.csv;tuition_assistance_program_tap_recipients_4__tuition_assistance_program_tap_recipients_a_fair.csv;tuition_assistance_program_tap_recipients_4.csv;tuition_assistance_program_tap_recipients_8__tuition_assistance_program_tap_recipients_a_fair.csv;tuition_assistance_program_tap_recipients_8.csv;tuition_assistance_program_tap_recipients_3__tuition_assistance_program_tap_recipients_a_fair.csv;tuition_assistance_program_tap_recipients_3.csv;tuition_assistance_program_tap_recipients_6__tuition_assistance_program_tap_recipients_a_fair.csv;tuition_assistance_program_tap_recipients_6.csv;tuition_assistance_program_tap_recipients_7__tuition_assistance_program_tap_recipients_a_fair.csv;tuition_assistance_program_tap_recipients_7.csv;tuition_assistance_program_tap_recipients_5__tuition_assistance_program_tap_recipients_a_fair.csv;tuition_assistance_program_tap_recipients_5.csv;tuition_assistance_program_tap_recipients_9__tuition_assistance_program_tap_recipients_a_fair.csv;tuition_assistance_program_tap_recipients_9.csv;tuition_assistance_program_tap_recipients_2__tuition_assistance_program_tap_recipients_a_fair.csv;tuition_assistance_program_tap_recipients_2.csv;tuition_assistance_program_tap_recipients_1__tuition_assistance_program_tap_recipients_a_fair.csv;tuition_assistance_program_tap_recipients_1.csv,"{""needs_fairification"": false, ""success"": true, ""swaps_made"": 0, ""initial_fairness"": 0.3787, ""initial_delta"": 0.02}"
santos3,exhaustive,wholesale_markets_a_fair.csv,5,2,115,5,True,0.3377,0.4,1.0,1.0,32.78336602449417,32.78336602449417,wholesale_markets_a__wholesale_markets_a_fair.csv;wholesale_markets_a.csv;new_york_city_restaurant_inspection_results_2__new_york_city_restaurant_inspection_results_a_fair.csv;practice_reference_9__practice_reference_b_fair.csv;practice_reference_9.csv,"{""needs_fairification"": true, ""success"": true, ""swaps_made"": 2, ""initial_fairness"": 0.1516, ""initial_delta"": 0.25}"
santos3,exhaustive,wholesale_markets_a_fair.csv,10,2,115,10,True,0.3046,0.2,1.0,1.0,64.77488476037979,64.77488476037979,wholesale_markets_a__wholesale_markets_a_fair.csv;wholesale_markets_a.csv;new_york_city_restaurant_inspection_results_2__new_york_city_restaurant_inspection_results_a_fair.csv;new_york_city_restaurant_inspection_results_8.csv;new_york_city_restaurant_inspection_results_8__new_york_city_restaurant_inspection_results_a_fair.csv;new_york_city_restaurant_inspection_results_2.csv;new_york_city_restaurant_inspection_results_9__new_york_city_restaurant_inspection_results_a_fair.csv;new_york_city_restaurant_inspection_results_9.csv;practice_reference_9.csv;practice_reference_a.csv,"{""needs_fairification"": true, ""success"": true, ""swaps_made"": 2, ""initial_fairness"": 0.1446, ""initial_delta"": 0.26}"
santos3,exhaustive,wholesale_markets_a_fair.csv,20,2,115,20,True,0.301,0.05,0.5,1.0,122.68975639343262,122.68975639343262,wholesale_markets_a__wholesale_markets_a_fair.csv;new_york_city_restaurant_inspection_results_2__new_york_city_restaurant_inspection_results_a_fair.csv;new_york_city_restaurant_inspection_results_8.csv;new_york_city_restaurant_inspection_results_8__new_york_city_restaurant_inspection_results_a_fair.csv;new_york_city_restaurant_inspection_results_2.csv;new_york_city_restaurant_inspection_results_9__new_york_city_restaurant_inspection_results_a_fair.csv;new_york_city_restaurant_inspection_results_9.csv;new_york_city_restaurant_inspection_results_6__new_york_city_restaurant_inspection_results_a_fair.csv;new_york_city_restaurant_inspection_results_7__new_york_city_restaurant_inspection_results_a_fair.csv;new_york_city_restaurant_inspection_results_7.csv;new_york_city_restaurant_inspection_results_6.csv;new_york_city_restaurant_inspection_results_5__new_york_city_restaurant_inspection_results_a_fair.csv;complaint_by_practice_1__complaint_by_practice_b_fair.csv;complaint_by_practice_1__complaint_by_practice_a_fair.csv;complaint_by_practice_1.csv;new_york_city_restaurant_inspection_results_5.csv;311_calls_historic_data_3.csv;practice_reference_9__practice_reference_b_fair.csv;practice_reference_9.csv;practice_reference_a.csv,"{""needs_fairification"": true, ""success"": true, ""swaps_made"": 3, ""initial_fairness"": 0.1321, ""initial_delta"": 0.27}"
santos3,exhaustive,prescribing_b_fair.csv,5,45,54,5,True,0.3176,1.0,0.1111111111111111,0.1111111111111111,93.44900351762772,93.44900351762772,prescribing_b__prescribing_b_fair.csv;prescribing_b__prescribing_a_fair.csv;prescribing_b.csv;prescribing_0__prescribing_b_fair.csv;prescribing_12__prescribing_b_fair.csv,"{""needs_fairification"": true, ""success"": true, ""swaps_made"": 1, ""initial_fairness"": 0.2395, ""initial_delta"": 0.16}"
santos3,exhaustive,prescribing_b_fair.csv,10,45,54,10,True,0.3037,0.9,0.2,0.2222222222222222,178.06590861082077,178.06590861082077,prescribing_b__prescribing_b_fair.csv;prescribing_b.csv;prescribing_0__prescribing_b_fair.csv;prescribing_0.csv;prescribing_12__prescribing_b_fair.csv;prescribing_12__prescribing_a_fair.csv;prescribing_12.csv;prescribing_3__prescribing_b_fair.csv;prescribing_a__prescribing_b_fair.csv;admissionssummaryallocatedsecondary2015.csv,"{""needs_fairification"": true, ""success"": true, ""swaps_made"": 2, ""initial_fairness"": 0.2337, ""initial_delta"": 0.17}"
santos3,exhaustive,prescribing_b_fair.csv,20,45,54,0,False,0.4417,,0.0,0.4444444444444444,0,0.0,,"{""needs_fairification"": true, ""success"": false, ""swaps_made"": 0, ""initial_fairness"": 0.1552, ""initial_delta"": 0.24}"
santos3,exhaustive,lane_description_b_fair.csv,5,48,41,5,True,0.9747,1.0,0.10416666666666667,0.10416666666666667,128.34063911437988,128.34063911437988,lane_description_b__lane_description_b_fair.csv;lane_description_b__lane_description_a_fair.csv;lane_description_b.csv;lane_description_10__lane_description_b_fair.csv;lane_description_10__lane_description_a_fair.csv,"{""needs_fairification"": false, ""success"": true, ""swaps_made"": 0, ""initial_fairness"": 0.9747, ""initial_delta"": -0.57}"
santos3,exhaustive,lane_description_b_fair.csv,10,48,41,10,True,0.8614,0.9,0.1875,0.20833333333333334,236.49732100963593,236.49732100963593,lane_description_b__lane_description_b_fair.csv;lane_description_b__lane_description_a_fair.csv;lane_description_b.csv;lane_description_10__lane_description_b_fair.csv;lane_description_10__lane_description_a_fair.csv;lane_description_10.csv;lane_description_5__lane_description_b_fair.csv;lane_description_5__lane_description_a_fair.csv;lane_description_5.csv;business_rates_6.csv,"{""needs_fairification"": false, ""success"": true, ""swaps_made"": 0, ""initial_fairness"": 0.8614, ""initial_delta"": -0.46}"
santos3,exhaustive,lane_description_b_fair.csv,20,48,41,20,True,0.5205,0.45,0.1875,0.4166666666666667,408.77632623910904,408.77632623910904,lane_description_b__lane_description_b_fair.csv;lane_description_b__lane_description_a_fair.csv;lane_description_b.csv;lane_description_10__lane_description_b_fair.csv;lane_description_10__lane_description_a_fair.csv;lane_description_10.csv;lane_description_5__lane_description_b_fair.csv;lane_description_5__lane_description_a_fair.csv;lane_description_5.csv;business_rates_6.csv;business_rates_3__business_rates_a_fair.csv;business_rates_3.csv;business_rates_6__business_rates_a_fair.csv;business_rates_2__business_rates_a_fair.csv;business_rates_2.csv;business_rates_4__business_rates_a_fair.csv;business_rates_4.csv;business_rates_7__business_rates_a_fair.csv;business_rates_7.csv;business_rates_0.csv,"{""needs_fairification"": false, ""success"": true, ""swaps_made"": 0, ""initial_fairness"": 0.5205, ""initial_delta"": -0.12}"
santos3,exhaustive,prescribing_a_fair.csv,5,45,54,5,True,0.3063,1.0,0.1111111111111111,0.1111111111111111,91.54386454820633,91.54386454820633,prescribing_a__prescribing_b_fair.csv;prescribing_a__prescribing_a_fair.csv;prescribing_a.csv;prescribing_12__prescribing_a_fair.csv;prescribing_0__prescribing_a_fair.csv,"{""needs_fairification"": true, ""success"": true, ""swaps_made"": 1, ""initial_fairness"": 0.2292, ""initial_delta"": 0.17}"
santos3,exhaustive,prescribing_a_fair.csv,10,45,54,10,True,0.3253,0.8,0.17777777777777778,0.2222222222222222,171.84231060743332,171.84231060743332,prescribing_a__prescribing_a_fair.csv;prescribing_a.csv;prescribing_12__prescribing_a_fair.csv;prescribing_12.csv;prescribing_3.csv;prescribing_3__prescribing_a_fair.csv;prescribing_b__prescribing_a_fair.csv;prescribing_0__prescribing_a_fair.csv;admissionssummaryallocatedsecondary2014.csv;admissionssummaryallocatedsecondary2012.csv,"{""needs_fairification"": true, ""success"": true, ""swaps_made"": 4, ""initial_fairness"": 0.1751, ""initial_delta"": 0.22}"
santos3,exhaustive,prescribing_a_fair.csv,20,45,54,20,True,0.2986,0.45,0.2,0.4444444444444444,313.8033428788185,313.8033428788185,prescribing_a__prescribing_a_fair.csv;prescribing_a.csv;prescribing_12__prescribing_a_fair.csv;prescribing_12.csv;prescribing_3.csv;prescribing_3__prescribing_a_fair.csv;prescribing_b__prescribing_a_fair.csv;prescribing_0__prescribing_a_fair.csv;prescribing_2.csv;admissionssummaryallocatedsecondary2014.csv;admissionssummaryallocatedsecondary2012.csv;monthly_data_feed_6__monthly_data_feed_a_fair.csv;admissionssummaryallocatedsecondary2015.csv;admissionssummaryallocatedsecondary2013.csv;admissionssummaryallocatedsecondary2019.csv;admissionssummaryallocatedsecondary2017.csv;admissionssummaryallocatedsecondary2016.csv;admissionssummaryallocatedsecondary2018.csv;admissionssummaryallocatedsecondary2020.csv;admissionssummaryallocatedsecondary2021.csv,"{""needs_fairification"": true, ""success"": true, ""swaps_made"": 9, ""initial_fairness"": 0.1536, ""initial_delta"": 0.25}"
santos3,exhaustive,ydn_spending_data_a_fair.csv,5,36,102,5,True,0.336,1.0,0.1388888888888889,0.1388888888888889,55.367956042289734,55.367956042289734,ydn_spending_data_a__ydn_spending_data_a_fair.csv;ydn_spending_data_a.csv;ydn_spending_data_7__ydn_spending_data_a_fair.csv;ydn_spending_data_7.csv;ydn_spending_data_b__ydn_spending_data_a_fair.csv,"{""needs_fairification"": true, ""success"": true, ""swaps_made"": 1, ""initial_fairness"": 0.2522, ""initial_delta"": 0.15}"
santos3,exhaustive,ydn_spending_data_a_fair.csv,10,36,102,10,True,0.3103,1.0,0.2777777777777778,0.2777777777777778,106.0207325220108,106.0207325220108,ydn_spending_data_a__ydn_spending_data_a_fair.csv;ydn_spending_data_a.csv;ydn_spending_data_7__ydn_spending_data_a_fair.csv;ydn_spending_data_7.csv;ydn_spending_data_9__ydn_spending_data_a_fair.csv;ydn_spending_data_9.csv;ydn_spending_data_6__ydn_spending_data_b_fair.csv;ydn_spending_data_b__ydn_spending_data_a_fair.csv;ydn_spending_data_6__ydn_spending_data_a_fair.csv;ydn_spending_data_3__ydn_spending_data_a_fair.csv,"{""needs_fairification"": true, ""success"": true, ""swaps_made"": 3, ""initial_fairness"": 0.1848, ""initial_delta"": 0.22}"
santos3,exhaustive,ydn_spending_data_a_fair.csv,20,36,102,20,True,0.3044,0.75,0.4166666666666667,0.5555555555555556,186.04084235429764,186.04084235429764,ydn_spending_data_a__ydn_spending_data_a_fair.csv;ydn_spending_data_7__ydn_spending_data_a_fair.csv;ydn_spending_data_7.csv;ydn_spending_data_9__ydn_spending_data_a_fair.csv;ydn_spending_data_9.csv;ydn_spending_data_4__ydn_spending_data_a_fair.csv;ydn_spending_data_4.csv;ydn_spending_data_6.csv;ydn_spending_data_b__ydn_spending_data_a_fair.csv;ydn_spending_data_b.csv;ydn_spending_data_6__ydn_spending_data_a_fair.csv;ydn_spending_data_3__ydn_spending_data_b_fair.csv;ydn_spending_data_3__ydn_spending_data_a_fair.csv;ydn_spending_data_0__ydn_spending_data_a_fair.csv;HMRC_exceptions_to_spending_controls_October_to_December_2017_property.csv;ydn_spending_data_2__ydn_spending_data_a_fair.csv;HMRC_exceptions_to_spending_controls_October_to_December_2017_ICT.csv;purchasing_card_1.csv;mines_11__mines_b_fair.csv;mines_11.csv,"{""needs_fairification"": true, ""success"": true, ""swaps_made"": 8, ""initial_fairness"": 0.1684, ""initial_delta"": 0.23}"
santos3,exhaustive,stockport_contracts_a_fair.csv,5,3,67,0,False,0.4242,,0.0,1.0,0,0.0,,"{""needs_fairification"": true, ""success"": false, ""swaps_made"": 4, ""initial_fairness"": 0.1864, ""initial_delta"": 0.21}"
santos3,exhaustive,stockport_contracts_a_fair.csv,10,3,67,0,False,0.4242,,0.0,1.0,0,0.0,,"{""needs_fairification"": true, ""success"": false, ""swaps_made"": 6, ""initial_fairness"": 0.089, ""initial_delta"": 0.31}"
santos3,exhaustive,stockport_contracts_a_fair.csv,20,3,67,0,False,0.4242,,0.0,1.0,0,0.0,,"{""needs_fairification"": true, ""success"": false, ""swaps_made"": 1, ""initial_fairness"": 0.0511, ""initial_delta"": 0.35}"
santos3,exhaustive,stockport_contracts_b_fair.csv,5,27,52,5,True,0.3116,0.8,0.14814814814814814,0.18518518518518517,84.35983973741531,84.35983973741531,stockport_contracts_b__stockport_contracts_b_fair.csv;stockport_contracts_b.csv;stockport_contracts_11.csv;stockport_contracts_3__stockport_contracts_b_fair.csv;HMRC_exceptions_to_spending_controls_October_to_December_2017_recruitment.csv,"{""needs_fairification"": true, ""success"": true, ""swaps_made"": 2, ""initial_fairness"": 0.1964, ""initial_delta"": 0.2}"
santos3,exhaustive,stockport_contracts_b_fair.csv,10,27,52,0,False,0.4438,,0.0,0.37037037037037035,0,0.0,,"{""needs_fairification"": true, ""success"": false, ""swaps_made"": 3, ""initial_fairness"": 0.1257, ""initial_delta"": 0.27}"
santos3,exhaustive,stockport_contracts_b_fair.csv,20,27,52,0,False,0.4438,,0.0,0.7407407407407407,0,0.0,,"{""needs_fairification"": true, ""success"": false, ""swaps_made"": 0, ""initial_fairness"": 0.0862, ""initial_delta"": 0.31}"
santos3,exhaustive,ydn_spending_data_b_fair.csv,5,36,95,5,True,0.3247,1.0,0.1388888888888889,0.1388888888888889,57.73376113176346,57.73376113176346,ydn_spending_data_b__ydn_spending_data_b_fair.csv;ydn_spending_data_b__ydn_spending_data_a_fair.csv;ydn_spending_data_b.csv;ydn_spending_data_7__ydn_spending_data_b_fair.csv;ydn_spending_data_6__ydn_spending_data_b_fair.csv,"{""needs_fairification"": false, ""success"": true, ""swaps_made"": 0, ""initial_fairness"": 0.3247, ""initial_delta"": 0.08}"
santos3,exhaustive,ydn_spending_data_b_fair.csv,10,36,95,10,True,0.3181,0.7,0.19444444444444445,0.2777777777777778,97.91969412565231,97.91969412565231,ydn_spending_data_b__ydn_spending_data_b_fair.csv;ydn_spending_data_b__ydn_spending_data_a_fair.csv;ydn_spending_data_b.csv;ydn_spending_data_7__ydn_spending_data_b_fair.csv;ydn_spending_data_6__ydn_spending_data_b_fair.csv;ydn_spending_data_8__ydn_spending_data_b_fair.csv;ydn_spending_data_6.csv;HMRC_exceptions_to_spending_controls_October_to_December_2017_ICT.csv;HMRC_exceptions_to_spending_controls_April_to_June_2019_commercial.csv;HMRC_exceptions_to_spending_controls_April_to_June_2019_ICT.csv,"{""needs_fairification"": true, ""success"": true, ""swaps_made"": 3, ""initial_fairness"": 0.2229, ""initial_delta"": 0.18}"
santos3,exhaustive,ydn_spending_data_b_fair.csv,20,36,95,0,False,0.4261,,0.0,0.5555555555555556,0,0.0,,"{""needs_fairification"": true, ""success"": false, ""swaps_made"": 12, ""initial_fairness"": 0.1221, ""initial_delta"": 0.28}"
santos3,exhaustive,workforce_management_information_a_fair.csv,5,39,27,5,True,0.3399,1.0,0.1282051282051282,0.1282051282051282,204.7760510444641,204.7760510444641,workforce_management_information_a__workforce_management_information_a_fair.csv;workforce_management_information_a.csv;workforce_management_information_10__workforce_management_information_a_fair.csv;workforce_management_information_10.csv;workforce_management_information_2__workforce_management_information_a_fair.csv,"{""needs_fairification"": true, ""success"": true, ""swaps_made"": 1, ""initial_fairness"": 0.2533, ""initial_delta"": 0.15}"
santos3,exhaustive,workforce_management_information_a_fair.csv,10,39,27,10,True,0.3185,1.0,0.2564102564102564,0.2564102564102564,409.44813746213913,409.44813746213913,workforce_management_information_a__workforce_management_information_b_fair.csv;workforce_management_information_a__workforce_management_information_a_fair.csv;workforce_management_information_a.csv;workforce_management_information_10__workforce_management_information_a_fair.csv;workforce_management_information_10.csv;workforce_management_information_b__workforce_management_information_a_fair.csv;workforce_management_information_b.csv;workforce_management_information_3__workforce_management_information_a_fair.csv;workforce_management_information_2__workforce_management_information_a_fair.csv;workforce_management_information_1__workforce_management_information_a_fair.csv,"{""needs_fairification"": true, ""success"": true, ""swaps_made"": 2, ""initial_fairness"": 0.2195, ""initial_delta"": 0.18}"
santos3,exhaustive,workforce_management_information_a_fair.csv,20,39,27,0,False,0.4483,,0.0,0.5128205128205128,0,0.0,,"{""needs_fairification"": true, ""success"": false, ""swaps_made"": 3, ""initial_fairness"": 0.1859, ""initial_delta"": 0.21}"
santos3,exhaustive,workforce_management_information_b_fair.csv,5,39,27,5,True,0.354,1.0,0.1282051282051282,0.1282051282051282,204.7568557858467,204.7568557858467,workforce_management_information_b__workforce_management_information_b_fair.csv;workforce_management_information_b.csv;workforce_management_information_10.csv;workforce_management_information_10__workforce_management_information_b_fair.csv;workforce_management_information_0__workforce_management_information_b_fair.csv,"{""needs_fairification"": true, ""success"": true, ""swaps_made"": 2, ""initial_fairness"": 0.1783, ""initial_delta"": 0.22}"
santos3,exhaustive,workforce_management_information_b_fair.csv,10,39,27,10,True,0.3244,1.0,0.2564102564102564,0.2564102564102564,409.45096999406815,409.45096999406815,workforce_management_information_b__workforce_management_information_b_fair.csv;workforce_management_information_b__workforce_management_information_a_fair.csv;workforce_management_information_b.csv;workforce_management_information_10.csv;workforce_management_information_a__workforce_management_information_b_fair.csv;workforce_management_information_a.csv;workforce_management_information_6__workforce_management_information_b_fair.csv;workforce_management_information_10__workforce_management_information_b_fair.csv;workforce_management_information_0__workforce_management_information_b_fair.csv;workforce_management_information_7__workforce_management_information_b_fair.csv,"{""needs_fairification"": true, ""success"": true, ""swaps_made"": 3, ""initial_fairness"": 0.1821, ""initial_delta"": 0.22}"
santos3,exhaustive,workforce_management_information_b_fair.csv,20,39,27,0,False,0.4333,,0.0,0.5128205128205128,0,0.0,,"{""needs_fairification"": true, ""success"": false, ""swaps_made"": 3, ""initial_fairness"": 0.1964, ""initial_delta"": 0.2}"
