q_table,k,alpha,pool_size,metric,value_ms
01.Apr_2018.csv,10,2.0,20,index_probe_total,41.41091392375529
01.Apr_2018.csv,10,2.0,20,stage1_total,0.2425890415906906
01.Apr_2018.csv,10,2.0,20,stage2_total,8.419571910053492
01.Apr_2018.csv,10,2.0,20,unionability_total,6.899029947817326
01.Apr_2018.csv,10,2.0,20,end_to_end_total,56.973417988047004
01.Apr_2018.csv,10,3.0,30,index_probe_total,41.41091392375529
01.Apr_2018.csv,10,3.0,30,stage1_total,0.22256909869611263
01.Apr_2018.csv,10,3.0,30,stage2_total,2.0545138977468014
01.Apr_2018.csv,10,3.0,30,unionability_total,8.611025987192988
01.Apr_2018.csv,10,3.0,30,end_to_end_total,52.30032396502793
01.Apr_2018.csv,10,4.0,40,index_probe_total,41.41091392375529
01.Apr_2018.csv,10,4.0,40,stage1_total,0.20849797874689102
01.Apr_2018.csv,10,4.0,40,stage2_total,2.268641022965312
01.Apr_2018.csv,10,4.0,40,unionability_total,14.563194010406733
01.Apr_2018.csv,10,4.0,40,end_to_end_total,58.4526879247278
01.Apr_2018.csv,15,2.0,30,index_probe_total,41.41091392375529
01.Apr_2018.csv,15,2.0,30,stage1_total,0.3009350039064884
01.Apr_2018.csv,15,2.0,30,stage2_total,2.1051689982414246
01.Apr_2018.csv,15,2.0,30,unionability_total,11.492554098367691
01.Apr_2018.csv,15,2.0,30,end_to_end_total,55.31111592426896
01.Apr_2018.csv,15,3.0,45,index_probe_total,41.41091392375529
01.Apr_2018.csv,15,3.0,45,stage1_total,0.20669703371822834
01.Apr_2018.csv,15,3.0,45,stage2_total,2.4043309967964888
01.Apr_2018.csv,15,3.0,45,unionability_total,15.909828944131732
01.Apr_2018.csv,15,3.0,45,end_to_end_total,59.93301095440984
01.Apr_2018.csv,15,4.0,60,index_probe_total,41.41091392375529
01.Apr_2018.csv,15,4.0,60,stage1_total,0.2869048621505499
01.Apr_2018.csv,15,4.0,60,stage2_total,2.2677599918097258
01.Apr_2018.csv,15,4.0,60,unionability_total,21.841314854100347
01.Apr_2018.csv,15,4.0,60,end_to_end_total,65.80822495743632
010119992520to252031121999.csv,10,2.0,20,index_probe_total,100.92046693898737
010119992520to252031121999.csv,10,2.0,20,stage1_total,0.16508391126990318
010119992520to252031121999.csv,10,2.0,20,stage2_total,2.1108759101480246
010119992520to252031121999.csv,10,2.0,20,unionability_total,19.997312920168042
010119992520to252031121999.csv,10,2.0,20,end_to_end_total,123.19492199458182
010119992520to252031121999.csv,10,3.0,30,index_probe_total,100.92046693898737
010119992520to252031121999.csv,10,3.0,30,stage1_total,0.23248395882546902
010119992520to252031121999.csv,10,3.0,30,stage2_total,2.039632061496377
010119992520to252031121999.csv,10,3.0,30,unionability_total,25.011930847540498
010119992520to252031121999.csv,10,3.0,30,end_to_end_total,128.20586608722806
010119992520to252031121999.csv,10,4.0,40,index_probe_total,100.92046693898737
010119992520to252031121999.csv,10,4.0,40,stage1_total,0.213986961171031
010119992520to252031121999.csv,10,4.0,40,stage2_total,2.5239898823201656
010119992520to252031121999.csv,10,4.0,40,unionability_total,36.61240614019334
010119992520to252031121999.csv,10,4.0,40,end_to_end_total,140.27202082797885
010119992520to252031121999.csv,15,2.0,30,index_probe_total,100.92046693898737
010119992520to252031121999.csv,15,2.0,30,stage1_total,0.272231874987483
010119992520to252031121999.csv,15,2.0,30,stage2_total,1.9722820725291967
010119992520to252031121999.csv,15,2.0,30,unionability_total,23.293046047911048
010119992520to252031121999.csv,15,2.0,30,end_to_end_total,126.4596099499613
010119992520to252031121999.csv,15,3.0,45,index_probe_total,100.92046693898737
010119992520to252031121999.csv,15,3.0,45,stage1_total,0.20905002020299435
010119992520to252031121999.csv,15,3.0,45,stage2_total,2.3702119942754507
010119992520to252031121999.csv,15,3.0,45,unionability_total,41.07691906392574
010119992520to252031121999.csv,15,3.0,45,end_to_end_total,144.5779288187623
010119992520to252031121999.csv,15,4.0,60,index_probe_total,100.92046693898737
010119992520to252031121999.csv,15,4.0,60,stage1_total,0.25628996081650257
010119992520to252031121999.csv,15,4.0,60,stage2_total,2.3502621334046125
010119992520to252031121999.csv,15,4.0,60,unionability_total,50.63308496028185
010119992520to252031121999.csv,15,4.0,60,end_to_end_total,154.16153497062624
1004ipopayments.csv,10,2.0,20,index_probe_total,27.191919973120093
1004ipopayments.csv,10,2.0,20,stage1_total,0.16573513858020306
1004ipopayments.csv,10,2.0,20,stage2_total,2.0369768608361483
1004ipopayments.csv,10,2.0,20,unionability_total,10.526324156671762
1004ipopayments.csv,10,2.0,20,end_to_end_total,39.92208791896701
1004ipopayments.csv,10,3.0,30,index_probe_total,27.191919973120093
1004ipopayments.csv,10,3.0,30,stage1_total,0.12563681229948997
1004ipopayments.csv,10,3.0,30,stage2_total,2.1678509656339884
1004ipopayments.csv,10,3.0,30,unionability_total,13.651482993736863
1004ipopayments.csv,10,3.0,30,end_to_end_total,43.1381028611213
1004ipopayments.csv,10,4.0,40,index_probe_total,27.191919973120093
1004ipopayments.csv,10,4.0,40,stage1_total,0.16010692343115807
1004ipopayments.csv,10,4.0,40,stage2_total,2.0901260431855917
1004ipopayments.csv,10,4.0,40,unionability_total,17.59440405294299
1004ipopayments.csv,10,4.0,40,end_to_end_total,47.03775001689792
1004ipopayments.csv,15,2.0,30,index_probe_total,27.191919973120093
1004ipopayments.csv,15,2.0,30,stage1_total,0.19397702999413013
1004ipopayments.csv,15,2.0,30,stage2_total,2.3903711698949337
1004ipopayments.csv,15,2.0,30,unionability_total,13.735686894506216
1004ipopayments.csv,15,2.0,30,end_to_end_total,43.51317696273327
1004ipopayments.csv,15,3.0,45,index_probe_total,27.191919973120093
1004ipopayments.csv,15,3.0,45,stage1_total,0.1749889925122261
1004ipopayments.csv,15,3.0,45,stage2_total,2.3952480405569077
1004ipopayments.csv,15,3.0,45,unionability_total,19.984954968094826
1004ipopayments.csv,15,3.0,45,end_to_end_total,49.74836390465498
1004ipopayments.csv,15,4.0,60,index_probe_total,27.191919973120093
1004ipopayments.csv,15,4.0,60,stage1_total,0.28781616128981113
1004ipopayments.csv,15,4.0,60,stage2_total,2.3530370090156794
1004ipopayments.csv,15,4.0,60,unionability_total,24.840808007866144
1004ipopayments.csv,15,4.0,60,end_to_end_total,54.67491201125085
2015_05_expenditure.csv,10,2.0,20,index_probe_total,48.251386964693666
2015_05_expenditure.csv,10,2.0,20,stage1_total,0.33515598624944687
2015_05_expenditure.csv,10,2.0,20,stage2_total,2.1956930868327618
2015_05_expenditure.csv,10,2.0,20,unionability_total,7.1689290925860405
2015_05_expenditure.csv,10,2.0,20,end_to_end_total,57.95241706073284
2015_05_expenditure.csv,10,3.0,30,index_probe_total,48.251386964693666
2015_05_expenditure.csv,10,3.0,30,stage1_total,0.3025690093636513
2015_05_expenditure.csv,10,3.0,30,stage2_total,2.4534540716558695
2015_05_expenditure.csv,10,3.0,30,unionability_total,10.97052195109427
2015_05_expenditure.csv,10,3.0,30,end_to_end_total,61.97910290211439
2015_05_expenditure.csv,10,4.0,40,index_probe_total,48.251386964693666
2015_05_expenditure.csv,10,4.0,40,stage1_total,0.28044614009559155
2015_05_expenditure.csv,10,4.0,40,stage2_total,2.3817180190235376
2015_05_expenditure.csv,10,4.0,40,unionability_total,13.718551024794579
2015_05_expenditure.csv,10,4.0,40,end_to_end_total,64.63329493999481
2015_05_expenditure.csv,15,2.0,30,index_probe_total,48.251386964693666
2015_05_expenditure.csv,15,2.0,30,stage1_total,0.3712910693138838
2015_05_expenditure.csv,15,2.0,30,stage2_total,2.219878137111664
2015_05_expenditure.csv,15,2.0,30,unionability_total,10.767841013148427
2015_05_expenditure.csv,15,2.0,30,end_to_end_total,61.611857963725924
2015_05_expenditure.csv,15,3.0,45,index_probe_total,48.251386964693666
2015_05_expenditure.csv,15,3.0,45,stage1_total,0.2733140718191862
2015_05_expenditure.csv,15,3.0,45,stage2_total,2.6256090495735407
2015_05_expenditure.csv,15,3.0,45,unionability_total,17.342620994895697
2015_05_expenditure.csv,15,3.0,45,end_to_end_total,68.4942128136754
2015_05_expenditure.csv,15,4.0,60,index_probe_total,48.251386964693666
2015_05_expenditure.csv,15,4.0,60,stage1_total,0.28545293025672436
2015_05_expenditure.csv,15,4.0,60,stage2_total,2.2732780780643225
2015_05_expenditure.csv,15,4.0,60,unionability_total,21.25981287099421
2015_05_expenditure.csv,15,4.0,60,end_to_end_total,72.07108195871115
2018-may-spend-over-500.csv,10,2.0,20,index_probe_total,19.1043708473444
2018-may-spend-over-500.csv,10,2.0,20,stage1_total,0.13445783406496048
2018-may-spend-over-500.csv,10,2.0,20,stage2_total,2.2233938798308372
2018-may-spend-over-500.csv,10,2.0,20,unionability_total,6.562019931152463
2018-may-spend-over-500.csv,10,2.0,20,end_to_end_total,28.02557498216629
2018-may-spend-over-500.csv,10,3.0,30,index_probe_total,19.1043708473444
2018-may-spend-over-500.csv,10,3.0,30,stage1_total,0.05517108365893364
2018-may-spend-over-500.csv,10,3.0,30,stage2_total,2.417250070720911
2018-may-spend-over-500.csv,10,3.0,30,unionability_total,9.642224991694093
2018-may-spend-over-500.csv,10,3.0,30,end_to_end_total,31.220207922160625
2018-may-spend-over-500.csv,10,4.0,40,index_probe_total,19.1043708473444
2018-may-spend-over-500.csv,10,4.0,40,stage1_total,0.07767416536808014
2018-may-spend-over-500.csv,10,4.0,40,stage2_total,1.8443220760673285
2018-may-spend-over-500.csv,10,4.0,40,unionability_total,12.755745090544224
2018-may-spend-over-500.csv,10,4.0,40,end_to_end_total,33.78373570740223
2018-may-spend-over-500.csv,15,2.0,30,index_probe_total,19.1043708473444
2018-may-spend-over-500.csv,15,2.0,30,stage1_total,0.08322414942085743
2018-may-spend-over-500.csv,15,2.0,30,stage2_total,3.501957980915904
2018-may-spend-over-500.csv,15,2.0,30,unionability_total,9.087231010198593
2018-may-spend-over-500.csv,15,2.0,30,end_to_end_total,31.78056888282299
2018-may-spend-over-500.csv,15,3.0,45,index_probe_total,19.1043708473444
2018-may-spend-over-500.csv,15,3.0,45,stage1_total,0.1813778653740883
2018-may-spend-over-500.csv,15,3.0,45,stage2_total,3.702654968947172
2018-may-spend-over-500.csv,15,3.0,45,unionability_total,14.109200797975063
2018-may-spend-over-500.csv,15,3.0,45,end_to_end_total,37.09906688891351
2018-may-spend-over-500.csv,15,4.0,60,index_probe_total,19.1043708473444
2018-may-spend-over-500.csv,15,4.0,60,stage1_total,0.09755510836839676
2018-may-spend-over-500.csv,15,4.0,60,stage2_total,3.5495480988174677
2018-may-spend-over-500.csv,15,4.0,60,unionability_total,18.90538609586656
2018-may-spend-over-500.csv,15,4.0,60,end_to_end_total,41.67802073061466
20182520EVCP2520use2520Q12520and2520Q2.csv,10,2.0,20,index_probe_total,36.0999871045351
20182520EVCP2520use2520Q12520and2520Q2.csv,10,2.0,20,stage1_total,0.10600709356367588
20182520EVCP2520use2520Q12520and2520Q2.csv,10,2.0,20,stage2_total,1.5646780375391245
20182520EVCP2520use2520Q12520and2520Q2.csv,10,2.0,20,unionability_total,12.894198996946216
20182520EVCP2520use2520Q12520and2520Q2.csv,10,2.0,20,end_to_end_total,50.666084280237556
20182520EVCP2520use2520Q12520and2520Q2.csv,10,3.0,30,index_probe_total,36.0999871045351
20182520EVCP2520use2520Q12520and2520Q2.csv,10,3.0,30,stage1_total,0.12077786959707737
20182520EVCP2520use2520Q12520and2520Q2.csv,10,3.0,30,stage2_total,1.9249010365456343
20182520EVCP2520use2520Q12520and2520Q2.csv,10,3.0,30,unionability_total,21.56970207579434
20182520EVCP2520use2520Q12520and2520Q2.csv,10,3.0,30,end_to_end_total,59.71681093797088
20182520EVCP2520use2520Q12520and2520Q2.csv,10,4.0,40,index_probe_total,36.0999871045351
20182520EVCP2520use2520Q12520and2520Q2.csv,10,4.0,40,stage1_total,0.10076002217829227
20182520EVCP2520use2520Q12520and2520Q2.csv,10,4.0,40,stage2_total,2.1368851885199547
20182520EVCP2520use2520Q12520and2520Q2.csv,10,4.0,40,unionability_total,26.508317096158862
20182520EVCP2520use2520Q12520and2520Q2.csv,10,4.0,40,end_to_end_total,64.84728120267391
20182520EVCP2520use2520Q12520and2520Q2.csv,15,2.0,30,index_probe_total,36.0999871045351
20182520EVCP2520use2520Q12520and2520Q2.csv,15,2.0,30,stage1_total,0.14390284195542336
20182520EVCP2520use2520Q12520and2520Q2.csv,15,2.0,30,stage2_total,1.9522919319570065
20182520EVCP2520use2520Q12520and2520Q2.csv,15,2.0,30,unionability_total,21.098233992233872
20182520EVCP2520use2520Q12520and2520Q2.csv,15,2.0,30,end_to_end_total,59.29574812762439
20182520EVCP2520use2520Q12520and2520Q2.csv,15,3.0,45,index_probe_total,36.0999871045351
20182520EVCP2520use2520Q12520and2520Q2.csv,15,3.0,45,stage1_total,0.12948107905685902
20182520EVCP2520use2520Q12520and2520Q2.csv,15,3.0,45,stage2_total,2.4703689850866795
20182520EVCP2520use2520Q12520and2520Q2.csv,15,3.0,45,unionability_total,30.909768771380186
20182520EVCP2520use2520Q12520and2520Q2.csv,15,3.0,45,end_to_end_total,69.61075705476105
20182520EVCP2520use2520Q12520and2520Q2.csv,15,4.0,60,index_probe_total,36.0999871045351
20182520EVCP2520use2520Q12520and2520Q2.csv,15,4.0,60,stage1_total,0.16404292546212673
20182520EVCP2520use2520Q12520and2520Q2.csv,15,4.0,60,stage2_total,1.96313695050776
20182520EVCP2520use2520Q12520and2520Q2.csv,15,4.0,60,unionability_total,42.52043808810413
20182520EVCP2520use2520Q12520and2520Q2.csv,15,4.0,60,end_to_end_total,80.74904815293849
AllBusinessRatesexcludingvoidaccounts-July2018.csv,10,2.0,20,index_probe_total,25.7542310282588
AllBusinessRatesexcludingvoidaccounts-July2018.csv,10,2.0,20,stage1_total,0.1484300009906292
AllBusinessRatesexcludingvoidaccounts-July2018.csv,10,2.0,20,stage2_total,2.278404077515006
AllBusinessRatesexcludingvoidaccounts-July2018.csv,10,2.0,20,unionability_total,85.37474903278053
AllBusinessRatesexcludingvoidaccounts-July2018.csv,10,2.0,20,end_to_end_total,113.5569759644568
AllBusinessRatesexcludingvoidaccounts-July2018.csv,10,3.0,30,index_probe_total,25.7542310282588
AllBusinessRatesexcludingvoidaccounts-July2018.csv,10,3.0,30,stage1_total,0.2167811617255211
AllBusinessRatesexcludingvoidaccounts-July2018.csv,10,3.0,30,stage2_total,2.7453869115561247
AllBusinessRatesexcludingvoidaccounts-July2018.csv,10,3.0,30,unionability_total,127.42373812943697
AllBusinessRatesexcludingvoidaccounts-July2018.csv,10,3.0,30,end_to_end_total,156.1417100019753
AllBusinessRatesexcludingvoidaccounts-July2018.csv,10,4.0,40,index_probe_total,25.7542310282588
AllBusinessRatesexcludingvoidaccounts-July2018.csv,10,4.0,40,stage1_total,0.14165998436510563
AllBusinessRatesexcludingvoidaccounts-July2018.csv,10,4.0,40,stage2_total,2.8318348340690136
AllBusinessRatesexcludingvoidaccounts-July2018.csv,10,4.0,40,unionability_total,156.13221493549645
AllBusinessRatesexcludingvoidaccounts-July2018.csv,10,4.0,40,end_to_end_total,184.86139294691384
AllBusinessRatesexcludingvoidaccounts-July2018.csv,15,2.0,30,index_probe_total,25.7542310282588
AllBusinessRatesexcludingvoidaccounts-July2018.csv,15,2.0,30,stage1_total,0.2387829590588808
AllBusinessRatesexcludingvoidaccounts-July2018.csv,15,2.0,30,stage2_total,2.5697050150483847
AllBusinessRatesexcludingvoidaccounts-July2018.csv,15,2.0,30,unionability_total,124.38003881834447
AllBusinessRatesexcludingvoidaccounts-July2018.csv,15,2.0,30,end_to_end_total,152.94409217312932
AllBusinessRatesexcludingvoidaccounts-July2018.csv,15,3.0,45,index_probe_total,25.7542310282588
AllBusinessRatesexcludingvoidaccounts-July2018.csv,15,3.0,45,stage1_total,0.12377300299704075
AllBusinessRatesexcludingvoidaccounts-July2018.csv,15,3.0,45,stage2_total,2.718545962125063
AllBusinessRatesexcludingvoidaccounts-July2018.csv,15,3.0,45,unionability_total,178.73782198876143
AllBusinessRatesexcludingvoidaccounts-July2018.csv,15,3.0,45,end_to_end_total,207.3358939960599
AllBusinessRatesexcludingvoidaccounts-July2018.csv,15,4.0,60,index_probe_total,25.7542310282588
AllBusinessRatesexcludingvoidaccounts-July2018.csv,15,4.0,60,stage1_total,0.14795898459851742
AllBusinessRatesexcludingvoidaccounts-July2018.csv,15,4.0,60,stage2_total,2.8056867886334658
AllBusinessRatesexcludingvoidaccounts-July2018.csv,15,4.0,60,unionability_total,226.89426597207785
AllBusinessRatesexcludingvoidaccounts-July2018.csv,15,4.0,60,end_to_end_total,255.60371484607458
Apr17.csv,10,2.0,20,index_probe_total,31.411792151629925
Apr17.csv,10,2.0,20,stage1_total,0.17928611487150192
Apr17.csv,10,2.0,20,stage2_total,2.3252139799296856
Apr17.csv,10,2.0,20,unionability_total,6.2865628860890865
Apr17.csv,10,2.0,20,end_to_end_total,40.20420601591468
Apr17.csv,10,3.0,30,index_probe_total,31.411792151629925
Apr17.csv,10,3.0,30,stage1_total,0.253485981374979
Apr17.csv,10,3.0,30,stage2_total,1.9667739979922771
Apr17.csv,10,3.0,30,unionability_total,11.280901031568646
Apr17.csv,10,3.0,30,end_to_end_total,44.91449426859617
Apr17.csv,10,4.0,40,index_probe_total,31.411792151629925
Apr17.csv,10,4.0,40,stage1_total,0.211633974686265
Apr17.csv,10,4.0,40,stage2_total,1.8069669604301453
Apr17.csv,10,4.0,40,unionability_total,12.0231700129807
Apr17.csv,10,4.0,40,end_to_end_total,45.45499524101615
Apr17.csv,15,2.0,30,index_probe_total,31.411792151629925
Apr17.csv,15,2.0,30,stage1_total,0.14085904695093632
Apr17.csv,15,2.0,30,stage2_total,2.183504868298769
Apr17.csv,15,2.0,30,unionability_total,10.077317943796515
Apr17.csv,15,2.0,30,end_to_end_total,43.814645148813725
Apr17.csv,15,3.0,45,index_probe_total,31.411792151629925
Apr17.csv,15,3.0,45,stage1_total,0.1561108510941267
Apr17.csv,15,3.0,45,stage2_total,2.5903668720275164
Apr17.csv,15,3.0,45,unionability_total,13.454640982672572
Apr17.csv,15,3.0,45,end_to_end_total,47.61415300890803
Apr17.csv,15,4.0,60,index_probe_total,31.411792151629925
Apr17.csv,15,4.0,60,stage1_total,0.1809180248528719
Apr17.csv,15,4.0,60,stage2_total,2.4311519227921963
Apr17.csv,15,4.0,60,unionability_total,18.821009900420904
Apr17.csv,15,4.0,60,end_to_end_total,52.84635326825082
Contracts-2019-2020-q1.csv,10,2.0,20,index_probe_total,19.076749915257096
Contracts-2019-2020-q1.csv,10,2.0,20,stage1_total,0.16265083104372025
Contracts-2019-2020-q1.csv,10,2.0,20,stage2_total,1.958281034603715
Contracts-2019-2020-q1.csv,10,2.0,20,unionability_total,167.13327099569142
Contracts-2019-2020-q1.csv,10,2.0,20,end_to_end_total,188.3347788825631
Contracts-2019-2020-q1.csv,10,3.0,30,index_probe_total,19.076749915257096
Contracts-2019-2020-q1.csv,10,3.0,30,stage1_total,0.1653640065342188
Contracts-2019-2020-q1.csv,10,3.0,30,stage2_total,2.0204628817737103
Contracts-2019-2020-q1.csv,10,3.0,30,unionability_total,241.2339891307056
Contracts-2019-2020-q1.csv,10,3.0,30,end_to_end_total,262.4979577958584
Contracts-2019-2020-q1.csv,10,4.0,40,index_probe_total,19.076749915257096
Contracts-2019-2020-q1.csv,10,4.0,40,stage1_total,0.1200670376420021
Contracts-2019-2020-q1.csv,10,4.0,40,stage2_total,2.434636000543833
Contracts-2019-2020-q1.csv,10,4.0,40,unionability_total,324.604248162359
Contracts-2019-2020-q1.csv,10,4.0,40,end_to_end_total,346.2373248767108
Contracts-2019-2020-q1.csv,15,2.0,30,index_probe_total,19.076749915257096
Contracts-2019-2020-q1.csv,15,2.0,30,stage1_total,0.16628694720566273
Contracts-2019-2020-q1.csv,15,2.0,30,stage2_total,2.3077991791069508
Contracts-2019-2020-q1.csv,15,2.0,30,unionability_total,244.77390199899673
Contracts-2019-2020-q1.csv,15,2.0,30,end_to_end_total,266.32623886689544
Contracts-2019-2020-q1.csv,15,3.0,45,index_probe_total,19.076749915257096
Contracts-2019-2020-q1.csv,15,3.0,45,stage1_total,0.11950707994401455
Contracts-2019-2020-q1.csv,15,3.0,45,stage2_total,2.209251979365945
Contracts-2019-2020-q1.csv,15,3.0,45,unionability_total,364.4796749576926
Contracts-2019-2020-q1.csv,15,3.0,45,end_to_end_total,385.8864577487111
Contracts-2019-2020-q1.csv,15,4.0,60,index_probe_total,19.076749915257096
Contracts-2019-2020-q1.csv,15,4.0,60,stage1_total,0.1223499421030283
Contracts-2019-2020-q1.csv,15,4.0,60,stage2_total,2.7464989107102156
Contracts-2019-2020-q1.csv,15,4.0,60,unionability_total,491.58711289055645
Contracts-2019-2020-q1.csv,15,4.0,60,end_to_end_total,513.5342360008508
Copy2520of2520Monthly2520Data2520Feed-June25202016.csv,10,2.0,20,index_probe_total,218.8470179680735
Copy2520of2520Monthly2520Data2520Feed-June25202016.csv,10,2.0,20,stage1_total,0.6095920689404011
Copy2520of2520Monthly2520Data2520Feed-June25202016.csv,10,2.0,20,stage2_total,2.503839088603854
Copy2520of2520Monthly2520Data2520Feed-June25202016.csv,10,2.0,20,unionability_total,30.74137889780104
Copy2520of2520Monthly2520Data2520Feed-June25202016.csv,10,2.0,20,end_to_end_total,252.70337075926363
Copy2520of2520Monthly2520Data2520Feed-June25202016.csv,10,3.0,30,index_probe_total,218.8470179680735
Copy2520of2520Monthly2520Data2520Feed-June25202016.csv,10,3.0,30,stage1_total,0.663702143356204
Copy2520of2520Monthly2520Data2520Feed-June25202016.csv,10,3.0,30,stage2_total,2.9795740265399218
Copy2520of2520Monthly2520Data2520Feed-June25202016.csv,10,3.0,30,unionability_total,49.01527892798185
Copy2520of2520Monthly2520Data2520Feed-June25202016.csv,10,3.0,30,end_to_end_total,271.50957798585296
Copy2520of2520Monthly2520Data2520Feed-June25202016.csv,10,4.0,40,index_probe_total,218.8470179680735
Copy2520of2520Monthly2520Data2520Feed-June25202016.csv,10,4.0,40,stage1_total,0.4613830242305994
Copy2520of2520Monthly2520Data2520Feed-June25202016.csv,10,4.0,40,stage2_total,2.4075270630419254
Copy2520of2520Monthly2520Data2520Feed-June25202016.csv,10,4.0,40,unionability_total,57.76275601238012
Copy2520of2520Monthly2520Data2520Feed-June25202016.csv,10,4.0,40,end_to_end_total,279.48013693094254
Copy2520of2520Monthly2520Data2520Feed-June25202016.csv,15,2.0,30,index_probe_total,218.8470179680735
Copy2520of2520Monthly2520Data2520Feed-June25202016.csv,15,2.0,30,stage1_total,0.4295860417187214
Copy2520of2520Monthly2520Data2520Feed-June25202016.csv,15,2.0,30,stage2_total,2.5237989611923695
Copy2520of2520Monthly2520Data2520Feed-June25202016.csv,15,2.0,30,unionability_total,43.52502478286624
Copy2520of2520Monthly2520Data2520Feed-June25202016.csv,15,2.0,30,end_to_end_total,265.32688993029296
Copy2520of2520Monthly2520Data2520Feed-June25202016.csv,15,3.0,45,index_probe_total,218.8470179680735
Copy2520of2520Monthly2520Data2520Feed-June25202016.csv,15,3.0,45,stage1_total,0.4512290470302105
Copy2520of2520Monthly2520Data2520Feed-June25202016.csv,15,3.0,45,stage2_total,3.965293988585472
Copy2520of2520Monthly2520Data2520Feed-June25202016.csv,15,3.0,45,unionability_total,65.63743180595338
Copy2520of2520Monthly2520Data2520Feed-June25202016.csv,15,3.0,45,end_to_end_total,288.90499798581004
Copy2520of2520Monthly2520Data2520Feed-June25202016.csv,15,4.0,60,index_probe_total,218.8470179680735
Copy2520of2520Monthly2520Data2520Feed-June25202016.csv,15,4.0,60,stage1_total,0.7210189942270517
Copy2520of2520Monthly2520Data2520Feed-June25202016.csv,15,4.0,60,stage2_total,4.496881039813161
Copy2520of2520Monthly2520Data2520Feed-June25202016.csv,15,4.0,60,unionability_total,90.52366483956575
Copy2520of2520Monthly2520Data2520Feed-June25202016.csv,15,4.0,60,end_to_end_total,314.59145713597536
Data2520Mill252015-07-2016.csv,10,2.0,20,index_probe_total,28.910516062751412
Data2520Mill252015-07-2016.csv,10,2.0,20,stage1_total,0.16182009130716324
Data2520Mill252015-07-2016.csv,10,2.0,20,stage2_total,3.54431988671422
Data2520Mill252015-07-2016.csv,10,2.0,20,unionability_total,41.29538289271295
Data2520Mill252015-07-2016.csv,10,2.0,20,end_to_end_total,73.9163439720869
Data2520Mill252015-07-2016.csv,10,3.0,30,index_probe_total,28.910516062751412
Data2520Mill252015-07-2016.csv,10,3.0,30,stage1_total,0.17976691015064716
Data2520Mill252015-07-2016.csv,10,3.0,30,stage2_total,3.806549124419689
Data2520Mill252015-07-2016.csv,10,3.0,30,unionability_total,60.144703136757016
Data2520Mill252015-07-2016.csv,10,3.0,30,end_to_end_total,93.04356900975108
Data2520Mill252015-07-2016.csv,10,4.0,40,index_probe_total,28.910516062751412
Data2520Mill252015-07-2016.csv,10,4.0,40,stage1_total,0.23210514336824417
Data2520Mill252015-07-2016.csv,10,4.0,40,stage2_total,4.028648138046265
Data2520Mill252015-07-2016.csv,10,4.0,40,unionability_total,77.5807520840317
Data2520Mill252015-07-2016.csv,10,4.0,40,end_to_end_total,110.7549041043967
Data2520Mill252015-07-2016.csv,15,2.0,30,index_probe_total,28.910516062751412
Data2520Mill252015-07-2016.csv,15,2.0,30,stage1_total,0.1945279072970152
Data2520Mill252015-07-2016.csv,15,2.0,30,stage2_total,4.1221261490136385
Data2520Mill252015-07-2016.csv,15,2.0,30,unionability_total,61.41087901778519
Data2520Mill252015-07-2016.csv,15,2.0,30,end_to_end_total,94.64157512411475
Data2520Mill252015-07-2016.csv,15,3.0,45,index_probe_total,28.910516062751412
Data2520Mill252015-07-2016.csv,15,3.0,45,stage1_total,0.15835417434573174
Data2520Mill252015-07-2016.csv,15,3.0,45,stage2_total,4.307120107114315
Data2520Mill252015-07-2016.csv,15,3.0,45,unionability_total,91.15673298947513
Data2520Mill252015-07-2016.csv,15,3.0,45,end_to_end_total,124.53574896790087
Data2520Mill252015-07-2016.csv,15,4.0,60,index_probe_total,28.910516062751412
Data2520Mill252015-07-2016.csv,15,4.0,60,stage1_total,0.19676098600029945
Data2520Mill252015-07-2016.csv,15,4.0,60,stage2_total,4.336243029683828
Data2520Mill252015-07-2016.csv,15,4.0,60,unionability_total,126.32519914768636
Data2520Mill252015-07-2016.csv,15,4.0,60,end_to_end_total,159.7733860835433
Dec_19.csv,10,2.0,20,index_probe_total,34.60583393462002
Dec_19.csv,10,2.0,20,stage1_total,0.1815888099372387
Dec_19.csv,10,2.0,20,stage2_total,3.950422164052725
Dec_19.csv,10,2.0,20,unionability_total,7.0647248066961765
Dec_19.csv,10,2.0,20,end_to_end_total,45.80409312620759
Dec_19.csv,10,3.0,30,index_probe_total,34.60583393462002
Dec_19.csv,10,3.0,30,stage1_total,0.16448390670120716
Dec_19.csv,10,3.0,30,stage2_total,2.5939829647541046
Dec_19.csv,10,3.0,30,unionability_total,11.96260005235672
Dec_19.csv,10,3.0,30,end_to_end_total,49.32860401459038
Dec_19.csv,10,4.0,40,index_probe_total,34.60583393462002
Dec_19.csv,10,4.0,40,stage1_total,0.24747708812355995
Dec_19.csv,10,4.0,40,stage2_total,3.007554914802313
Dec_19.csv,10,4.0,40,unionability_total,13.188936980441213
Dec_19.csv,10,4.0,40,end_to_end_total,51.05429980903864
Dec_19.csv,15,2.0,30,index_probe_total,34.60583393462002
Dec_19.csv,15,2.0,30,stage1_total,0.2321039792150259
Dec_19.csv,15,2.0,30,stage2_total,8.814075961709023
Dec_19.csv,15,2.0,30,unionability_total,11.573333060368896
Dec_19.csv,15,2.0,30,end_to_end_total,55.22760096937418
Dec_19.csv,15,3.0,45,index_probe_total,34.60583393462002
Dec_19.csv,15,3.0,45,stage1_total,0.24362094700336456
Dec_19.csv,15,3.0,45,stage2_total,7.8898880165070295
Dec_19.csv,15,3.0,45,unionability_total,16.745915869250894
Dec_19.csv,15,3.0,45,end_to_end_total,59.49026579037309
Dec_19.csv,15,4.0,60,index_probe_total,34.60583393462002
Dec_19.csv,15,4.0,60,stage1_total,0.2461948897689581
Dec_19.csv,15,4.0,60,stage2_total,8.584386901929975
Dec_19.csv,15,4.0,60,unionability_total,19.25924001261592
Dec_19.csv,15,4.0,60,end_to_end_total,62.698207795619965
Defra_25k_Apr19_rev.csv,10,2.0,20,index_probe_total,27.71083894185722
Defra_25k_Apr19_rev.csv,10,2.0,20,stage1_total,0.2521530259400606
Defra_25k_Apr19_rev.csv,10,2.0,20,stage2_total,3.4018391743302345
Defra_25k_Apr19_rev.csv,10,2.0,20,unionability_total,22.12329115718603
Defra_25k_Apr19_rev.csv,10,2.0,20,end_to_end_total,53.490306017920375
Defra_25k_Apr19_rev.csv,10,3.0,30,index_probe_total,27.71083894185722
Defra_25k_Apr19_rev.csv,10,3.0,30,stage1_total,0.23707118816673756
Defra_25k_Apr19_rev.csv,10,3.0,30,stage2_total,3.62475891597569
Defra_25k_Apr19_rev.csv,10,3.0,30,unionability_total,35.529041197150946
Defra_25k_Apr19_rev.csv,10,3.0,30,end_to_end_total,67.10393307730556
Defra_25k_Apr19_rev.csv,10,4.0,40,index_probe_total,27.71083894185722
Defra_25k_Apr19_rev.csv,10,4.0,40,stage1_total,0.2474258653819561
Defra_25k_Apr19_rev.csv,10,4.0,40,stage2_total,3.8421109784394503
Defra_25k_Apr19_rev.csv,10,4.0,40,unionability_total,47.7700037881732
Defra_25k_Apr19_rev.csv,10,4.0,40,end_to_end_total,79.57257307134569
Defra_25k_Apr19_rev.csv,15,2.0,30,index_probe_total,27.71083894185722
Defra_25k_Apr19_rev.csv,15,2.0,30,stage1_total,0.21502911113202572
Defra_25k_Apr19_rev.csv,15,2.0,30,stage2_total,3.6124319303780794
Defra_25k_Apr19_rev.csv,15,2.0,30,unionability_total,36.90778184682131
Defra_25k_Apr19_rev.csv,15,2.0,30,end_to_end_total,68.44790396280587
Defra_25k_Apr19_rev.csv,15,3.0,45,index_probe_total,27.71083894185722
Defra_25k_Apr19_rev.csv,15,3.0,45,stage1_total,0.25600893422961235
Defra_25k_Apr19_rev.csv,15,3.0,45,stage2_total,3.606421872973442
Defra_25k_Apr19_rev.csv,15,3.0,45,unionability_total,51.33015685714781
Defra_25k_Apr19_rev.csv,15,3.0,45,end_to_end_total,82.90602103807032
Defra_25k_Apr19_rev.csv,15,4.0,60,index_probe_total,27.71083894185722
Defra_25k_Apr19_rev.csv,15,4.0,60,stage1_total,0.22339005954563618
Defra_25k_Apr19_rev.csv,15,4.0,60,stage2_total,2.8758898843079805
Defra_25k_Apr19_rev.csv,15,4.0,60,unionability_total,65.4951089527458
Defra_25k_Apr19_rev.csv,15,4.0,60,end_to_end_total,96.3067407719791
Defra_WMI_112016.csv,10,2.0,20,index_probe_total,26.4724250882864
Defra_WMI_112016.csv,10,2.0,20,stage1_total,0.15983683988451958
Defra_WMI_112016.csv,10,2.0,20,stage2_total,2.527073957026005
Defra_WMI_112016.csv,10,2.0,20,unionability_total,169.06402888707817
Defra_WMI_112016.csv,10,2.0,20,end_to_end_total,198.22558807209134
Defra_WMI_112016.csv,10,3.0,30,index_probe_total,26.4724250882864
Defra_WMI_112016.csv,10,3.0,30,stage1_total,0.16979221254587173
Defra_WMI_112016.csv,10,3.0,30,stage2_total,2.1247570402920246
Defra_WMI_112016.csv,10,3.0,30,unionability_total,255.6182029657066
Defra_WMI_112016.csv,10,3.0,30,end_to_end_total,284.3865090981126
Defra_WMI_112016.csv,10,4.0,40,index_probe_total,26.4724250882864
Defra_WMI_112016.csv,10,4.0,40,stage1_total,0.21023093722760677
Defra_WMI_112016.csv,10,4.0,40,stage2_total,2.5167190469801426
Defra_WMI_112016.csv,10,4.0,40,unionability_total,338.77546712756157
Defra_WMI_112016.csv,10,4.0,40,end_to_end_total,367.97680403105915
Defra_WMI_112016.csv,15,2.0,30,index_probe_total,26.4724250882864
Defra_WMI_112016.csv,15,2.0,30,stage1_total,0.17537898384034634
Defra_WMI_112016.csv,15,2.0,30,stage2_total,2.605319023132324
Defra_WMI_112016.csv,15,2.0,30,unionability_total,252.20343400724232
Defra_WMI_112016.csv,15,2.0,30,end_to_end_total,281.45808004774153
Defra_WMI_112016.csv,15,3.0,45,index_probe_total,26.4724250882864
Defra_WMI_112016.csv,15,3.0,45,stage1_total,0.2254729624837637
Defra_WMI_112016.csv,15,3.0,45,stage2_total,2.677135867998004
Defra_WMI_112016.csv,15,3.0,45,unionability_total,386.1931369174272
Defra_WMI_112016.csv,15,3.0,45,end_to_end_total,415.56985303759575
Defra_WMI_112016.csv,15,4.0,60,index_probe_total,26.4724250882864
Defra_WMI_112016.csv,15,4.0,60,stage1_total,0.1638729590922594
Defra_WMI_112016.csv,15,4.0,60,stage2_total,2.5917389430105686
Defra_WMI_112016.csv,15,4.0,60,unionability_total,505.85121591575444
Defra_WMI_112016.csv,15,4.0,60,end_to_end_total,535.0806361529976
Departmental_Spend_Over_25000_July_2014.csv,10,2.0,20,index_probe_total,26.50531311519444
Departmental_Spend_Over_25000_July_2014.csv,10,2.0,20,stage1_total,0.12204097583889961
Departmental_Spend_Over_25000_July_2014.csv,10,2.0,20,stage2_total,2.3839809000492096
Departmental_Spend_Over_25000_July_2014.csv,10,2.0,20,unionability_total,21.31271199323237
Departmental_Spend_Over_25000_July_2014.csv,10,2.0,20,end_to_end_total,50.32518692314625
Departmental_Spend_Over_25000_July_2014.csv,10,3.0,30,index_probe_total,26.50531311519444
Departmental_Spend_Over_25000_July_2014.csv,10,3.0,30,stage1_total,0.1047360710799694
Departmental_Spend_Over_25000_July_2014.csv,10,3.0,30,stage2_total,2.4190538097172976
Departmental_Spend_Over_25000_July_2014.csv,10,3.0,30,unionability_total,29.972818214446306
Departmental_Spend_Over_25000_July_2014.csv,10,3.0,30,end_to_end_total,59.00327325798571
Departmental_Spend_Over_25000_July_2014.csv,10,4.0,40,index_probe_total,26.50531311519444
Departmental_Spend_Over_25000_July_2014.csv,10,4.0,40,stage1_total,0.11121504940092564
Departmental_Spend_Over_25000_July_2014.csv,10,4.0,40,stage2_total,1.8022889271378517
Departmental_Spend_Over_25000_July_2014.csv,10,4.0,40,unionability_total,40.572141064330935
Departmental_Spend_Over_25000_July_2014.csv,10,4.0,40,end_to_end_total,68.99202917702496
Departmental_Spend_Over_25000_July_2014.csv,15,2.0,30,index_probe_total,26.50531311519444
Departmental_Spend_Over_25000_July_2014.csv,15,2.0,30,stage1_total,0.10025897063314915
Departmental_Spend_Over_25000_July_2014.csv,15,2.0,30,stage2_total,1.7959501128643751
Departmental_Spend_Over_25000_July_2014.csv,15,2.0,30,unionability_total,31.22618584893644
Departmental_Spend_Over_25000_July_2014.csv,15,2.0,30,end_to_end_total,59.62898023426533
Departmental_Spend_Over_25000_July_2014.csv,15,3.0,45,index_probe_total,26.50531311519444
Departmental_Spend_Over_25000_July_2014.csv,15,3.0,45,stage1_total,0.10858103632926941
Departmental_Spend_Over_25000_July_2014.csv,15,3.0,45,stage2_total,2.119010081514716
Departmental_Spend_Over_25000_July_2014.csv,15,3.0,45,unionability_total,46.942055923864245
Departmental_Spend_Over_25000_July_2014.csv,15,3.0,45,end_to_end_total,75.67634107545018
Departmental_Spend_Over_25000_July_2014.csv,15,4.0,60,index_probe_total,26.50531311519444
Departmental_Spend_Over_25000_July_2014.csv,15,4.0,60,stage1_total,0.09729410521686077
Departmental_Spend_Over_25000_July_2014.csv,15,4.0,60,stage2_total,2.5353061500936747
Departmental_Spend_Over_25000_July_2014.csv,15,4.0,60,unionability_total,60.78706495463848
Departmental_Spend_Over_25000_July_2014.csv,15,4.0,60,end_to_end_total,89.92619905620813
Housing2520Land2520Availability2520-2520current2520and2520completed2520sites2520between252001_01_20202520to252031_03_20.csv,10,2.0,20,index_probe_total,33.98048714734614
Housing2520Land2520Availability2520-2520current2520and2520completed2520sites2520between252001_01_20202520to252031_03_20.csv,10,2.0,20,stage1_total,0.14824001118540764
Housing2520Land2520Availability2520-2520current2520and2520completed2520sites2520between252001_01_20202520to252031_03_20.csv,10,2.0,20,stage2_total,2.095133066177368
Housing2520Land2520Availability2520-2520current2520and2520completed2520sites2520between252001_01_20202520to252031_03_20.csv,10,2.0,20,unionability_total,182.39853996783495
Housing2520Land2520Availability2520-2520current2520and2520completed2520sites2520between252001_01_20202520to252031_03_20.csv,10,2.0,20,end_to_end_total,218.6236830893904
Housing2520Land2520Availability2520-2520current2520and2520completed2520sites2520between252001_01_20202520to252031_03_20.csv,10,3.0,30,index_probe_total,33.98048714734614
Housing2520Land2520Availability2520-2520current2520and2520completed2520sites2520between252001_01_20202520to252031_03_20.csv,10,3.0,30,stage1_total,0.16795797273516655
Housing2520Land2520Availability2520-2520current2520and2520completed2520sites2520between252001_01_20202520to252031_03_20.csv,10,3.0,30,stage2_total,2.128313994035125
Housing2520Land2520Availability2520-2520current2520and2520completed2520sites2520between252001_01_20202520to252031_03_20.csv,10,3.0,30,unionability_total,275.25038295425475
Housing2520Land2520Availability2520-2520current2520and2520completed2520sites2520between252001_01_20202520to252031_03_20.csv,10,3.0,30,end_to_end_total,311.5367339923978
Housing2520Land2520Availability2520-2520current2520and2520completed2520sites2520between252001_01_20202520to252031_03_20.csv,10,4.0,40,index_probe_total,33.98048714734614
Housing2520Land2520Availability2520-2520current2520and2520completed2520sites2520between252001_01_20202520to252031_03_20.csv,10,4.0,40,stage1_total,0.1470879651606083
Housing2520Land2520Availability2520-2520current2520and2520completed2520sites2520between252001_01_20202520to252031_03_20.csv,10,4.0,40,stage2_total,2.5912788696587086
Housing2520Land2520Availability2520-2520current2520and2520completed2520sites2520between252001_01_20202520to252031_03_20.csv,10,4.0,40,unionability_total,362.3494340572506
Housing2520Land2520Availability2520-2520current2520and2520completed2520sites2520between252001_01_20202520to252031_03_20.csv,10,4.0,40,end_to_end_total,399.06987897120416
Housing2520Land2520Availability2520-2520current2520and2520completed2520sites2520between252001_01_20202520to252031_03_20.csv,15,2.0,30,index_probe_total,33.98048714734614
Housing2520Land2520Availability2520-2520current2520and2520completed2520sites2520between252001_01_20202520to252031_03_20.csv,15,2.0,30,stage1_total,0.10189088061451912
Housing2520Land2520Availability2520-2520current2520and2520completed2520sites2520between252001_01_20202520to252031_03_20.csv,15,2.0,30,stage2_total,2.482207026332617
Housing2520Land2520Availability2520-2520current2520and2520completed2520sites2520between252001_01_20202520to252031_03_20.csv,15,2.0,30,unionability_total,272.6880160626024
Housing2520Land2520Availability2520-2520current2520and2520completed2520sites2520between252001_01_20202520to252031_03_20.csv,15,2.0,30,end_to_end_total,309.25403302535415
Housing2520Land2520Availability2520-2520current2520and2520completed2520sites2520between252001_01_20202520to252031_03_20.csv,15,3.0,45,index_probe_total,33.98048714734614
Housing2520Land2520Availability2520-2520current2520and2520completed2520sites2520between252001_01_20202520to252031_03_20.csv,15,3.0,45,stage1_total,0.16020797193050385
Housing2520Land2520Availability2520-2520current2520and2520completed2520sites2520between252001_01_20202520to252031_03_20.csv,15,3.0,45,stage2_total,2.6546120643615723
Housing2520Land2520Availability2520-2520current2520and2520completed2520sites2520between252001_01_20202520to252031_03_20.csv,15,3.0,45,unionability_total,315.21227792836726
Housing2520Land2520Availability2520-2520current2520and2520completed2520sites2520between252001_01_20202520to252031_03_20.csv,15,3.0,45,end_to_end_total,352.00968803837895
Housing2520Land2520Availability2520-2520current2520and2520completed2520sites2520between252001_01_20202520to252031_03_20.csv,15,4.0,60,index_probe_total,33.98048714734614
Housing2520Land2520Availability2520-2520current2520and2520completed2520sites2520between252001_01_20202520to252031_03_20.csv,15,4.0,60,stage1_total,0.14903093688189983
Housing2520Land2520Availability2520-2520current2520and2520completed2520sites2520between252001_01_20202520to252031_03_20.csv,15,4.0,60,stage2_total,4.302191780880094
Housing2520Land2520Availability2520-2520current2520and2520completed2520sites2520between252001_01_20202520to252031_03_20.csv,15,4.0,60,unionability_total,425.59512914158404
Housing2520Land2520Availability2520-2520current2520and2520completed2520sites2520between252001_01_20202520to252031_03_20.csv,15,4.0,60,end_to_end_total,464.0288329683244
LAS-Transparency-Report---February-2012.csv_1_0.csv,10,2.0,20,index_probe_total,17.749913968145847
LAS-Transparency-Report---February-2012.csv_1_0.csv,10,2.0,20,stage1_total,0.10704784654080868
LAS-Transparency-Report---February-2012.csv_1_0.csv,10,2.0,20,stage2_total,2.2493719588965178
LAS-Transparency-Report---February-2012.csv_1_0.csv,10,2.0,20,unionability_total,6.720695877447724
LAS-Transparency-Report---February-2012.csv_1_0.csv,10,2.0,20,end_to_end_total,26.829032925888896
LAS-Transparency-Report---February-2012.csv_1_0.csv,10,3.0,30,index_probe_total,17.749913968145847
LAS-Transparency-Report---February-2012.csv_1_0.csv,10,3.0,30,stage1_total,0.10602688416838646
LAS-Transparency-Report---February-2012.csv_1_0.csv,10,3.0,30,stage2_total,1.880275085568428
LAS-Transparency-Report---February-2012.csv_1_0.csv,10,3.0,30,unionability_total,8.983616949990392
LAS-Transparency-Report---February-2012.csv_1_0.csv,10,3.0,30,end_to_end_total,28.72127597220242
LAS-Transparency-Report---February-2012.csv_1_0.csv,10,4.0,40,index_probe_total,17.749913968145847
LAS-Transparency-Report---February-2012.csv_1_0.csv,10,4.0,40,stage1_total,0.10591791942715645
LAS-Transparency-Report---February-2012.csv_1_0.csv,10,4.0,40,stage2_total,1.7311437986791134
LAS-Transparency-Report---February-2012.csv_1_0.csv,10,4.0,40,unionability_total,12.392356991767883
LAS-Transparency-Report---February-2012.csv_1_0.csv,10,4.0,40,end_to_end_total,31.980754109099507
LAS-Transparency-Report---February-2012.csv_1_0.csv,15,2.0,30,index_probe_total,17.749913968145847
LAS-Transparency-Report---February-2012.csv_1_0.csv,15,2.0,30,stage1_total,0.09260699152946472
LAS-Transparency-Report---February-2012.csv_1_0.csv,15,2.0,30,stage2_total,1.8862350843846798
LAS-Transparency-Report---February-2012.csv_1_0.csv,15,2.0,30,unionability_total,8.727157954126596
LAS-Transparency-Report---February-2012.csv_1_0.csv,15,2.0,30,end_to_end_total,28.457334963604808
LAS-Transparency-Report---February-2012.csv_1_0.csv,15,3.0,45,index_probe_total,17.749913968145847
LAS-Transparency-Report---February-2012.csv_1_0.csv,15,3.0,45,stage1_total,0.089963898062706
LAS-Transparency-Report---February-2012.csv_1_0.csv,15,3.0,45,stage2_total,1.4649501536041498
LAS-Transparency-Report---February-2012.csv_1_0.csv,15,3.0,45,unionability_total,13.20017478428781
LAS-Transparency-Report---February-2012.csv_1_0.csv,15,3.0,45,end_to_end_total,32.506091985851526
LAS-Transparency-Report---February-2012.csv_1_0.csv,15,4.0,60,index_probe_total,17.749913968145847
LAS-Transparency-Report---February-2012.csv_1_0.csv,15,4.0,60,stage1_total,0.05395011976361275
LAS-Transparency-Report---February-2012.csv_1_0.csv,15,4.0,60,stage2_total,1.6027938108891249
LAS-Transparency-Report---February-2012.csv_1_0.csv,15,4.0,60,unionability_total,17.881838139146566
LAS-Transparency-Report---February-2012.csv_1_0.csv,15,4.0,60,end_to_end_total,37.289638072252274
PUSS-Oct-Dec-2015.csv,10,2.0,20,index_probe_total,25.43869405053556
PUSS-Oct-Dec-2015.csv,10,2.0,20,stage1_total,0.12223189696669579
PUSS-Oct-Dec-2015.csv,10,2.0,20,stage2_total,1.526711042970419
PUSS-Oct-Dec-2015.csv,10,2.0,20,unionability_total,15.349556924775243
PUSS-Oct-Dec-2015.csv,10,2.0,20,end_to_end_total,42.43824607692659
PUSS-Oct-Dec-2015.csv,10,3.0,30,index_probe_total,25.43869405053556
PUSS-Oct-Dec-2015.csv,10,3.0,30,stage1_total,0.15928689390420914
PUSS-Oct-Dec-2015.csv,10,3.0,30,stage2_total,2.371193142607808
PUSS-Oct-Dec-2015.csv,10,3.0,30,unionability_total,20.333982072770596
PUSS-Oct-Dec-2015.csv,10,3.0,30,end_to_end_total,48.30492613837123
PUSS-Oct-Dec-2015.csv,10,4.0,40,index_probe_total,25.43869405053556
PUSS-Oct-Dec-2015.csv,10,4.0,40,stage1_total,0.150623032823205
PUSS-Oct-Dec-2015.csv,10,4.0,40,stage2_total,1.7249549273401499
PUSS-Oct-Dec-2015.csv,10,4.0,40,unionability_total,27.19178982079029
PUSS-Oct-Dec-2015.csv,10,4.0,40,end_to_end_total,54.50757290236652
PUSS-Oct-Dec-2015.csv,15,2.0,30,index_probe_total,25.43869405053556
PUSS-Oct-Dec-2015.csv,15,2.0,30,stage1_total,0.12011686339974403
PUSS-Oct-Dec-2015.csv,15,2.0,30,stage2_total,1.5185000374913216
PUSS-Oct-Dec-2015.csv,15,2.0,30,unionability_total,20.67253296263516
PUSS-Oct-Dec-2015.csv,15,2.0,30,end_to_end_total,47.75110608898103
PUSS-Oct-Dec-2015.csv,15,3.0,45,index_probe_total,25.43869405053556
PUSS-Oct-Dec-2015.csv,15,3.0,45,stage1_total,0.15418813563883305
PUSS-Oct-Dec-2015.csv,15,3.0,45,stage2_total,1.480122096836567
PUSS-Oct-Dec-2015.csv,15,3.0,45,unionability_total,30.07863601669669
PUSS-Oct-Dec-2015.csv,15,3.0,45,end_to_end_total,57.152942987158895
PUSS-Oct-Dec-2015.csv,15,4.0,60,index_probe_total,25.43869405053556
PUSS-Oct-Dec-2015.csv,15,4.0,60,stage1_total,0.1026419922709465
PUSS-Oct-Dec-2015.csv,15,4.0,60,stage2_total,1.527342014014721
PUSS-Oct-Dec-2015.csv,15,4.0,60,unionability_total,40.99322413094342
PUSS-Oct-Dec-2015.csv,15,4.0,60,end_to_end_total,68.06301395408809
Primary2520Pupils2520with2520Special2520Educational2520Needs25202528SEN25292520-2520Oct25202020.csv,10,2.0,20,index_probe_total,128.68366413749754
Primary2520Pupils2520with2520Special2520Educational2520Needs25202528SEN25292520-2520Oct25202020.csv,10,2.0,20,stage1_total,0.42906589806079865
Primary2520Pupils2520with2520Special2520Educational2520Needs25202528SEN25292520-2520Oct25202020.csv,10,2.0,20,stage2_total,1.4530930202454329
Primary2520Pupils2520with2520Special2520Educational2520Needs25202528SEN25292520-2520Oct25202020.csv,10,2.0,20,unionability_total,9.057666873559356
Primary2520Pupils2520with2520Special2520Educational2520Needs25202528SEN25292520-2520Oct25202020.csv,10,2.0,20,end_to_end_total,139.62539215572178
Primary2520Pupils2520with2520Special2520Educational2520Needs25202528SEN25292520-2520Oct25202020.csv,10,3.0,30,index_probe_total,128.68366413749754
Primary2520Pupils2520with2520Special2520Educational2520Needs25202528SEN25292520-2520Oct25202020.csv,10,3.0,30,stage1_total,0.7103430107235909
Primary2520Pupils2520with2520Special2520Educational2520Needs25202528SEN25292520-2520Oct25202020.csv,10,3.0,30,stage2_total,1.4895959757268429
Primary2520Pupils2520with2520Special2520Educational2520Needs25202528SEN25292520-2520Oct25202020.csv,10,3.0,30,unionability_total,14.229047112166882
Primary2520Pupils2520with2520Special2520Educational2520Needs25202528SEN25292520-2520Oct25202020.csv,10,3.0,30,end_to_end_total,145.11382207274437
Primary2520Pupils2520with2520Special2520Educational2520Needs25202528SEN25292520-2520Oct25202020.csv,10,4.0,40,index_probe_total,128.68366413749754
Primary2520Pupils2520with2520Special2520Educational2520Needs25202528SEN25292520-2520Oct25202020.csv,10,4.0,40,stage1_total,0.6961710751056671
Primary2520Pupils2520with2520Special2520Educational2520Needs25202528SEN25292520-2520Oct25202020.csv,10,4.0,40,stage2_total,2.106088912114501
Primary2520Pupils2520with2520Special2520Educational2520Needs25202528SEN25292520-2520Oct25202020.csv,10,4.0,40,unionability_total,17.68530812114477
Primary2520Pupils2520with2520Special2520Educational2520Needs25202528SEN25292520-2520Oct25202020.csv,10,4.0,40,end_to_end_total,149.17232329025865
Primary2520Pupils2520with2520Special2520Educational2520Needs25202528SEN25292520-2520Oct25202020.csv,15,2.0,30,index_probe_total,128.68366413749754
Primary2520Pupils2520with2520Special2520Educational2520Needs25202528SEN25292520-2520Oct25202020.csv,15,2.0,30,stage1_total,0.7981720846146345
Primary2520Pupils2520with2520Special2520Educational2520Needs25202528SEN25292520-2520Oct25202020.csv,15,2.0,30,stage2_total,1.437478931620717
Primary2520Pupils2520with2520Special2520Educational2520Needs25202528SEN25292520-2520Oct25202020.csv,15,2.0,30,unionability_total,13.91282002441585
Primary2520Pupils2520with2520Special2520Educational2520Needs25202528SEN25292520-2520Oct25202020.csv,15,2.0,30,end_to_end_total,144.83338710851967
Primary2520Pupils2520with2520Special2520Educational2520Needs25202528SEN25292520-2520Oct25202020.csv,15,3.0,45,index_probe_total,128.68366413749754
Primary2520Pupils2520with2520Special2520Educational2520Needs25202528SEN25292520-2520Oct25202020.csv,15,3.0,45,stage1_total,0.7405958604067564
Primary2520Pupils2520with2520Special2520Educational2520Needs25202528SEN25292520-2520Oct25202020.csv,15,3.0,45,stage2_total,1.8035699613392353
Primary2520Pupils2520with2520Special2520Educational2520Needs25202528SEN25292520-2520Oct25202020.csv,15,3.0,45,unionability_total,19.043469103053212
Primary2520Pupils2520with2520Special2520Educational2520Needs25202528SEN25292520-2520Oct25202020.csv,15,3.0,45,end_to_end_total,150.2725831232965
Primary2520Pupils2520with2520Special2520Educational2520Needs25202528SEN25292520-2520Oct25202020.csv,15,4.0,60,index_probe_total,128.68366413749754
Primary2520Pupils2520with2520Special2520Educational2520Needs25202528SEN25292520-2520Oct25202020.csv,15,4.0,60,stage1_total,0.7411481346935034
Primary2520Pupils2520with2520Special2520Educational2520Needs25202528SEN25292520-2520Oct25202020.csv,15,4.0,60,stage2_total,1.729642041027546
Primary2520Pupils2520with2520Special2520Educational2520Needs25202528SEN25292520-2520Oct25202020.csv,15,4.0,60,unionability_total,26.515037054196
Primary2520Pupils2520with2520Special2520Educational2520Needs25202528SEN25292520-2520Oct25202020.csv,15,4.0,60,end_to_end_total,157.67066297121346
PurchasingCard-April18.csv,10,2.0,20,index_probe_total,27.773082023486495
PurchasingCard-April18.csv,10,2.0,20,stage1_total,0.13827485963702202
PurchasingCard-April18.csv,10,2.0,20,stage2_total,1.4178198762238026
PurchasingCard-April18.csv,10,2.0,20,unionability_total,7.9872808419167995
PurchasingCard-April18.csv,10,2.0,20,end_to_end_total,37.31770999729633
PurchasingCard-April18.csv,10,3.0,30,index_probe_total,27.773082023486495
PurchasingCard-April18.csv,10,3.0,30,stage1_total,0.09902613237500191
PurchasingCard-April18.csv,10,3.0,30,stage2_total,1.4132331125438213
PurchasingCard-April18.csv,10,3.0,30,unionability_total,12.3695929069072
PurchasingCard-April18.csv,10,3.0,30,end_to_end_total,41.65603709407151
PurchasingCard-April18.csv,10,4.0,40,index_probe_total,27.773082023486495
PurchasingCard-April18.csv,10,4.0,40,stage1_total,0.10064011439681053
PurchasingCard-April18.csv,10,4.0,40,stage2_total,1.6899129841476679
PurchasingCard-April18.csv,10,4.0,40,unionability_total,15.968504128977656
PurchasingCard-April18.csv,10,4.0,40,end_to_end_total,45.53319001570344
PurchasingCard-April18.csv,15,2.0,30,index_probe_total,27.773082023486495
PurchasingCard-April18.csv,15,2.0,30,stage1_total,0.10633794590830803
PurchasingCard-April18.csv,15,2.0,30,stage2_total,1.5597310848534107
PurchasingCard-April18.csv,15,2.0,30,unionability_total,11.617999989539385
PurchasingCard-April18.csv,15,2.0,30,end_to_end_total,41.05825116857886
PurchasingCard-April18.csv,15,3.0,45,index_probe_total,27.773082023486495
PurchasingCard-April18.csv,15,3.0,45,stage1_total,0.11510984040796757
PurchasingCard-April18.csv,15,3.0,45,stage2_total,1.675131032243371
PurchasingCard-April18.csv,15,3.0,45,unionability_total,17.649554880335927
PurchasingCard-April18.csv,15,3.0,45,end_to_end_total,47.21394018270075
PurchasingCard-April18.csv,15,4.0,60,index_probe_total,27.773082023486495
PurchasingCard-April18.csv,15,4.0,60,stage1_total,0.10334188118577003
PurchasingCard-April18.csv,15,4.0,60,stage2_total,1.877720933407545
PurchasingCard-April18.csv,15,4.0,60,unionability_total,23.90629192814231
PurchasingCard-April18.csv,15,4.0,60,end_to_end_total,53.6615198943764
RCDTS_spending_over_25000_for_July_2019.csv,10,2.0,20,index_probe_total,19.55254515632987
RCDTS_spending_over_25000_for_July_2019.csv,10,2.0,20,stage1_total,0.09741401299834251
RCDTS_spending_over_25000_for_July_2019.csv,10,2.0,20,stage2_total,1.6356529667973518
RCDTS_spending_over_25000_for_July_2019.csv,10,2.0,20,unionability_total,16.802159836515784
RCDTS_spending_over_25000_for_July_2019.csv,10,2.0,20,end_to_end_total,38.08896313421428
RCDTS_spending_over_25000_for_July_2019.csv,10,3.0,30,index_probe_total,19.55254515632987
RCDTS_spending_over_25000_for_July_2019.csv,10,3.0,30,stage1_total,0.08915085345506668
RCDTS_spending_over_25000_for_July_2019.csv,10,3.0,30,stage2_total,1.4504380524158478
RCDTS_spending_over_25000_for_July_2019.csv,10,3.0,30,unionability_total,26.65069792419672
RCDTS_spending_over_25000_for_July_2019.csv,10,3.0,30,end_to_end_total,47.74392512626946
RCDTS_spending_over_25000_for_July_2019.csv,10,4.0,40,index_probe_total,19.55254515632987
RCDTS_spending_over_25000_for_July_2019.csv,10,4.0,40,stage1_total,0.10021892376244068
RCDTS_spending_over_25000_for_July_2019.csv,10,4.0,40,stage2_total,1.575202913954854
RCDTS_spending_over_25000_for_July_2019.csv,10,4.0,40,unionability_total,38.72395190410316
RCDTS_spending_over_25000_for_July_2019.csv,10,4.0,40,end_to_end_total,59.95302926748991
RCDTS_spending_over_25000_for_July_2019.csv,15,2.0,30,index_probe_total,19.55254515632987
RCDTS_spending_over_25000_for_July_2019.csv,15,2.0,30,stage1_total,0.09412900544703007
RCDTS_spending_over_25000_for_July_2019.csv,15,2.0,30,stage2_total,1.4053708873689175
RCDTS_spending_over_25000_for_July_2019.csv,15,2.0,30,unionability_total,27.014136081561446
RCDTS_spending_over_25000_for_July_2019.csv,15,2.0,30,end_to_end_total,48.06743422523141
RCDTS_spending_over_25000_for_July_2019.csv,15,3.0,45,index_probe_total,19.55254515632987
RCDTS_spending_over_25000_for_July_2019.csv,15,3.0,45,stage1_total,0.05516200326383114
RCDTS_spending_over_25000_for_July_2019.csv,15,3.0,45,stage2_total,1.8200769554823637
RCDTS_spending_over_25000_for_July_2019.csv,15,3.0,45,unionability_total,42.31682396493852
RCDTS_spending_over_25000_for_July_2019.csv,15,3.0,45,end_to_end_total,63.745639054104686
RCDTS_spending_over_25000_for_July_2019.csv,15,4.0,60,index_probe_total,19.55254515632987
RCDTS_spending_over_25000_for_July_2019.csv,15,4.0,60,stage1_total,0.060238875448703766
RCDTS_spending_over_25000_for_July_2019.csv,15,4.0,60,stage2_total,1.9247611053287983
RCDTS_spending_over_25000_for_July_2019.csv,15,4.0,60,unionability_total,53.93388192169368
RCDTS_spending_over_25000_for_July_2019.csv,15,4.0,60,end_to_end_total,75.47258911654353
Sept_2013_-_HMRC_workforce_management_information.csv,10,2.0,20,index_probe_total,24.97272309847176
Sept_2013_-_HMRC_workforce_management_information.csv,10,2.0,20,stage1_total,0.11727400124073029
Sept_2013_-_HMRC_workforce_management_information.csv,10,2.0,20,stage2_total,1.5719980001449585
Sept_2013_-_HMRC_workforce_management_information.csv,10,2.0,20,unionability_total,131.01800810545683
Sept_2013_-_HMRC_workforce_management_information.csv,10,2.0,20,end_to_end_total,157.6812150888145
Sept_2013_-_HMRC_workforce_management_information.csv,10,3.0,30,index_probe_total,24.97272309847176
Sept_2013_-_HMRC_workforce_management_information.csv,10,3.0,30,stage1_total,0.10705809108912945
Sept_2013_-_HMRC_workforce_management_information.csv,10,3.0,30,stage2_total,1.990078017115593
Sept_2013_-_HMRC_workforce_management_information.csv,10,3.0,30,unionability_total,194.91143408231437
Sept_2013_-_HMRC_workforce_management_information.csv,10,3.0,30,end_to_end_total,221.98262508027256
Sept_2013_-_HMRC_workforce_management_information.csv,10,4.0,40,index_probe_total,24.97272309847176
Sept_2013_-_HMRC_workforce_management_information.csv,10,4.0,40,stage1_total,0.10624690912663937
Sept_2013_-_HMRC_workforce_management_information.csv,10,4.0,40,stage2_total,1.6188190784305334
Sept_2013_-_HMRC_workforce_management_information.csv,10,4.0,40,unionability_total,261.6518069989979
Sept_2013_-_HMRC_workforce_management_information.csv,10,4.0,40,end_to_end_total,288.35074696689844
Sept_2013_-_HMRC_workforce_management_information.csv,15,2.0,30,index_probe_total,24.97272309847176
Sept_2013_-_HMRC_workforce_management_information.csv,15,2.0,30,stage1_total,0.09877607226371765
Sept_2013_-_HMRC_workforce_management_information.csv,15,2.0,30,stage2_total,1.5872211661189795
Sept_2013_-_HMRC_workforce_management_information.csv,15,2.0,30,unionability_total,195.90601790696383
Sept_2013_-_HMRC_workforce_management_information.csv,15,2.0,30,end_to_end_total,222.56594919599593
Sept_2013_-_HMRC_workforce_management_information.csv,15,3.0,45,index_probe_total,24.97272309847176
Sept_2013_-_HMRC_workforce_management_information.csv,15,3.0,45,stage1_total,0.14406279660761356
Sept_2013_-_HMRC_workforce_management_information.csv,15,3.0,45,stage2_total,3.5393929574638605
Sept_2013_-_HMRC_workforce_management_information.csv,15,3.0,45,unionability_total,293.7128769699484
Sept_2013_-_HMRC_workforce_management_information.csv,15,3.0,45,end_to_end_total,322.37155991606414
Sept_2013_-_HMRC_workforce_management_information.csv,15,4.0,60,index_probe_total,24.97272309847176
Sept_2013_-_HMRC_workforce_management_information.csv,15,4.0,60,stage1_total,0.16065803356468678
Sept_2013_-_HMRC_workforce_management_information.csv,15,4.0,60,stage2_total,2.291644923388958
Sept_2013_-_HMRC_workforce_management_information.csv,15,4.0,60,unionability_total,395.1802409719676
Sept_2013_-_HMRC_workforce_management_information.csv,15,4.0,60,end_to_end_total,422.60703002102673
Spend2520over252025C225A35002520Q225202018-19.csv,10,2.0,20,index_probe_total,18.88675708323717
Spend2520over252025C225A35002520Q225202018-19.csv,10,2.0,20,stage1_total,0.1311441883444786
Spend2520over252025C225A35002520Q225202018-19.csv,10,2.0,20,stage2_total,1.8657129257917404
Spend2520over252025C225A35002520Q225202018-19.csv,10,2.0,20,unionability_total,46.3188630528748
Spend2520over252025C225A35002520Q225202018-19.csv,10,2.0,20,end_to_end_total,67.20382906496525
Spend2520over252025C225A35002520Q225202018-19.csv,10,3.0,30,index_probe_total,18.88675708323717
Spend2520over252025C225A35002520Q225202018-19.csv,10,3.0,30,stage1_total,0.10007689706981182
Spend2520over252025C225A35002520Q225202018-19.csv,10,3.0,30,stage2_total,1.7837928608059883
Spend2520over252025C225A35002520Q225202018-19.csv,10,3.0,30,unionability_total,68.66831798106432
Spend2520over252025C225A35002520Q225202018-19.csv,10,3.0,30,end_to_end_total,89.44041817449033
Spend2520over252025C225A35002520Q225202018-19.csv,10,4.0,40,index_probe_total,18.88675708323717
Spend2520over252025C225A35002520Q225202018-19.csv,10,4.0,40,stage1_total,0.1175939105451107
Spend2520over252025C225A35002520Q225202018-19.csv,10,4.0,40,stage2_total,1.8303608521819115
Spend2520over252025C225A35002520Q225202018-19.csv,10,4.0,40,unionability_total,91.49948903359473
Spend2520over252025C225A35002520Q225202018-19.csv,10,4.0,40,end_to_end_total,112.33545211143792
Spend2520over252025C225A35002520Q225202018-19.csv,15,2.0,30,index_probe_total,18.88675708323717
Spend2520over252025C225A35002520Q225202018-19.csv,15,2.0,30,stage1_total,0.0963930506259203
Spend2520over252025C225A35002520Q225202018-19.csv,15,2.0,30,stage2_total,1.565918792039156
Spend2520over252025C225A35002520Q225202018-19.csv,15,2.0,30,unionability_total,67.38502811640501
Spend2520over252025C225A35002520Q225202018-19.csv,15,2.0,30,end_to_end_total,87.93531823903322
Spend2520over252025C225A35002520Q225202018-19.csv,15,3.0,45,index_probe_total,18.88675708323717
Spend2520over252025C225A35002520Q225202018-19.csv,15,3.0,45,stage1_total,0.11470005847513676
Spend2520over252025C225A35002520Q225202018-19.csv,15,3.0,45,stage2_total,1.7731280531734228
Spend2520over252025C225A35002520Q225202018-19.csv,15,3.0,45,unionability_total,101.59032605588436
Spend2520over252025C225A35002520Q225202018-19.csv,15,3.0,45,end_to_end_total,122.36627307720482
Spend2520over252025C225A35002520Q225202018-19.csv,15,4.0,60,index_probe_total,18.88675708323717
Spend2520over252025C225A35002520Q225202018-19.csv,15,4.0,60,stage1_total,0.08536712266504765
Spend2520over252025C225A35002520Q225202018-19.csv,15,4.0,60,stage2_total,3.0407339800149202
Spend2520over252025C225A35002520Q225202018-19.csv,15,4.0,60,unionability_total,138.46193300560117
Spend2520over252025C225A35002520Q225202018-19.csv,15,4.0,60,end_to_end_total,160.47625406645238
UKAEA_Transactions_P08_Nov_2020.csv,10,2.0,20,index_probe_total,25.76692891307175
UKAEA_Transactions_P08_Nov_2020.csv,10,2.0,20,stage1_total,0.203300965949893
UKAEA_Transactions_P08_Nov_2020.csv,10,2.0,20,stage2_total,1.724184025079012
UKAEA_Transactions_P08_Nov_2020.csv,10,2.0,20,unionability_total,5.7471739128232
UKAEA_Transactions_P08_Nov_2020.csv,10,2.0,20,end_to_end_total,33.44291006214917
UKAEA_Transactions_P08_Nov_2020.csv,10,3.0,30,index_probe_total,25.76692891307175
UKAEA_Transactions_P08_Nov_2020.csv,10,3.0,30,stage1_total,0.15904614701867104
UKAEA_Transactions_P08_Nov_2020.csv,10,3.0,30,stage2_total,1.6731990035623312
UKAEA_Transactions_P08_Nov_2020.csv,10,3.0,30,unionability_total,8.327614981681108
UKAEA_Transactions_P08_Nov_2020.csv,10,3.0,30,end_to_end_total,35.92796972952783
UKAEA_Transactions_P08_Nov_2020.csv,10,4.0,40,index_probe_total,25.76692891307175
UKAEA_Transactions_P08_Nov_2020.csv,10,4.0,40,stage1_total,0.15291688032448292
UKAEA_Transactions_P08_Nov_2020.csv,10,4.0,40,stage2_total,1.4861722011119127
UKAEA_Transactions_P08_Nov_2020.csv,10,4.0,40,unionability_total,10.655454825609922
UKAEA_Transactions_P08_Nov_2020.csv,10,4.0,40,end_to_end_total,38.06280391290784
UKAEA_Transactions_P08_Nov_2020.csv,15,2.0,30,index_probe_total,25.76692891307175
UKAEA_Transactions_P08_Nov_2020.csv,15,2.0,30,stage1_total,0.13916706666350365
UKAEA_Transactions_P08_Nov_2020.csv,15,2.0,30,stage2_total,1.6462390776723623
UKAEA_Transactions_P08_Nov_2020.csv,15,2.0,30,unionability_total,7.570312824100256
UKAEA_Transactions_P08_Nov_2020.csv,15,2.0,30,end_to_end_total,35.12387000955641
UKAEA_Transactions_P08_Nov_2020.csv,15,3.0,45,index_probe_total,25.76692891307175
UKAEA_Transactions_P08_Nov_2020.csv,15,3.0,45,stage1_total,0.14155986718833447
UKAEA_Transactions_P08_Nov_2020.csv,15,3.0,45,stage2_total,1.861507073044777
UKAEA_Transactions_P08_Nov_2020.csv,15,3.0,45,unionability_total,12.739971978589892
UKAEA_Transactions_P08_Nov_2020.csv,15,3.0,45,end_to_end_total,40.511149913072586
UKAEA_Transactions_P08_Nov_2020.csv,15,4.0,60,index_probe_total,25.76692891307175
UKAEA_Transactions_P08_Nov_2020.csv,15,4.0,60,stage1_total,0.1646219752728939
UKAEA_Transactions_P08_Nov_2020.csv,15,4.0,60,stage2_total,1.8052239902317524
UKAEA_Transactions_P08_Nov_2020.csv,15,4.0,60,unionability_total,15.931380214169621
UKAEA_Transactions_P08_Nov_2020.csv,15,4.0,60,end_to_end_total,43.66927780210972
V3.1_-_Final__csv__May_2013__25k_Transprncy_rpt.csv,10,2.0,20,index_probe_total,24.265256011858582
V3.1_-_Final__csv__May_2013__25k_Transprncy_rpt.csv,10,2.0,20,stage1_total,0.09464006870985031
V3.1_-_Final__csv__May_2013__25k_Transprncy_rpt.csv,10,2.0,20,stage2_total,1.44738401286304
V3.1_-_Final__csv__May_2013__25k_Transprncy_rpt.csv,10,2.0,20,unionability_total,15.506278024986386
V3.1_-_Final__csv__May_2013__25k_Transprncy_rpt.csv,10,2.0,20,end_to_end_total,41.314831003546715
V3.1_-_Final__csv__May_2013__25k_Transprncy_rpt.csv,10,3.0,30,index_probe_total,24.265256011858582
V3.1_-_Final__csv__May_2013__25k_Transprncy_rpt.csv,10,3.0,30,stage1_total,0.09596184827387333
V3.1_-_Final__csv__May_2013__25k_Transprncy_rpt.csv,10,3.0,30,stage2_total,1.641622046008706
V3.1_-_Final__csv__May_2013__25k_Transprncy_rpt.csv,10,3.0,30,unionability_total,22.94322499074042
V3.1_-_Final__csv__May_2013__25k_Transprncy_rpt.csv,10,3.0,30,end_to_end_total,48.94718807190657
V3.1_-_Final__csv__May_2013__25k_Transprncy_rpt.csv,10,4.0,40,index_probe_total,24.265256011858582
V3.1_-_Final__csv__May_2013__25k_Transprncy_rpt.csv,10,4.0,40,stage1_total,0.10956288315355778
V3.1_-_Final__csv__May_2013__25k_Transprncy_rpt.csv,10,4.0,40,stage2_total,1.6041570343077183
V3.1_-_Final__csv__May_2013__25k_Transprncy_rpt.csv,10,4.0,40,unionability_total,36.73682804219425
V3.1_-_Final__csv__May_2013__25k_Transprncy_rpt.csv,10,4.0,40,end_to_end_total,62.71721492521465
V3.1_-_Final__csv__May_2013__25k_Transprncy_rpt.csv,15,2.0,30,index_probe_total,24.265256011858582
V3.1_-_Final__csv__May_2013__25k_Transprncy_rpt.csv,15,2.0,30,stage1_total,0.1559609081596136
V3.1_-_Final__csv__May_2013__25k_Transprncy_rpt.csv,15,2.0,30,stage2_total,3.3866669982671738
V3.1_-_Final__csv__May_2013__25k_Transprncy_rpt.csv,15,2.0,30,unionability_total,22.959750145673752
V3.1_-_Final__csv__May_2013__25k_Transprncy_rpt.csv,15,2.0,30,end_to_end_total,50.76927598565817
V3.1_-_Final__csv__May_2013__25k_Transprncy_rpt.csv,15,3.0,45,index_probe_total,24.265256011858582
V3.1_-_Final__csv__May_2013__25k_Transprncy_rpt.csv,15,3.0,45,stage1_total,0.14017801731824875
V3.1_-_Final__csv__May_2013__25k_Transprncy_rpt.csv,15,3.0,45,stage2_total,3.36286099627614
V3.1_-_Final__csv__May_2013__25k_Transprncy_rpt.csv,15,3.0,45,unionability_total,34.62186502292752
V3.1_-_Final__csv__May_2013__25k_Transprncy_rpt.csv,15,3.0,45,end_to_end_total,62.39209300838411
V3.1_-_Final__csv__May_2013__25k_Transprncy_rpt.csv,15,4.0,60,index_probe_total,24.265256011858582
V3.1_-_Final__csv__May_2013__25k_Transprncy_rpt.csv,15,4.0,60,stage1_total,0.1402378547936678
V3.1_-_Final__csv__May_2013__25k_Transprncy_rpt.csv,15,4.0,60,stage2_total,3.1230158638209105
V3.1_-_Final__csv__May_2013__25k_Transprncy_rpt.csv,15,4.0,60,unionability_total,45.358721166849136
V3.1_-_Final__csv__May_2013__25k_Transprncy_rpt.csv,15,4.0,60,end_to_end_total,72.88962393067777
Weekly2520Data252007.12.202520-252013.12.20.csv,10,2.0,20,index_probe_total,53.98901691660285
Weekly2520Data252007.12.202520-252013.12.20.csv,10,2.0,20,stage1_total,0.19371602684259415
Weekly2520Data252007.12.202520-252013.12.20.csv,10,2.0,20,stage2_total,1.9885748624801636
Weekly2520Data252007.12.202520-252013.12.20.csv,10,2.0,20,unionability_total,18.38313019834459
Weekly2520Data252007.12.202520-252013.12.20.csv,10,2.0,20,end_to_end_total,74.55577305518091
Weekly2520Data252007.12.202520-252013.12.20.csv,10,3.0,30,index_probe_total,53.98901691660285
Weekly2520Data252007.12.202520-252013.12.20.csv,10,3.0,30,stage1_total,0.15662191435694695
Weekly2520Data252007.12.202520-252013.12.20.csv,10,3.0,30,stage2_total,1.8097411375492811
Weekly2520Data252007.12.202520-252013.12.20.csv,10,3.0,30,unionability_total,28.153053019195795
Weekly2520Data252007.12.202520-252013.12.20.csv,10,3.0,30,end_to_end_total,84.11031495779753
Weekly2520Data252007.12.202520-252013.12.20.csv,10,4.0,40,index_probe_total,53.98901691660285
Weekly2520Data252007.12.202520-252013.12.20.csv,10,4.0,40,stage1_total,0.1282910816371441
Weekly2520Data252007.12.202520-252013.12.20.csv,10,4.0,40,stage2_total,1.8094009719789028
Weekly2520Data252007.12.202520-252013.12.20.csv,10,4.0,40,unionability_total,39.30504200980067
Weekly2520Data252007.12.202520-252013.12.20.csv,10,4.0,40,end_to_end_total,95.23292211815715
Weekly2520Data252007.12.202520-252013.12.20.csv,15,2.0,30,index_probe_total,53.98901691660285
Weekly2520Data252007.12.202520-252013.12.20.csv,15,2.0,30,stage1_total,0.12649712152779102
Weekly2520Data252007.12.202520-252013.12.20.csv,15,2.0,30,stage2_total,1.4645110350102186
Weekly2520Data252007.12.202520-252013.12.20.csv,15,2.0,30,unionability_total,28.422432020306587
Weekly2520Data252007.12.202520-252013.12.20.csv,15,2.0,30,end_to_end_total,84.00354790501297
Weekly2520Data252007.12.202520-252013.12.20.csv,15,3.0,45,index_probe_total,53.98901691660285
Weekly2520Data252007.12.202520-252013.12.20.csv,15,3.0,45,stage1_total,0.12419302947819233
Weekly2520Data252007.12.202520-252013.12.20.csv,15,3.0,45,stage2_total,1.6285618767142296
Weekly2520Data252007.12.202520-252013.12.20.csv,15,3.0,45,unionability_total,43.17471501417458
Weekly2520Data252007.12.202520-252013.12.20.csv,15,3.0,45,end_to_end_total,98.91756903380156
Weekly2520Data252007.12.202520-252013.12.20.csv,15,4.0,60,index_probe_total,53.98901691660285
Weekly2520Data252007.12.202520-252013.12.20.csv,15,4.0,60,stage1_total,0.14537503011524677
Weekly2520Data252007.12.202520-252013.12.20.csv,15,4.0,60,stage2_total,1.9736839458346367
Weekly2520Data252007.12.202520-252013.12.20.csv,15,4.0,60,unionability_total,56.30002706311643
Weekly2520Data252007.12.202520-252013.12.20.csv,15,4.0,60,end_to_end_total,112.40935395471752
amo-ame-2007-eng.csv,10,2.0,20,index_probe_total,38.07470202445984
amo-ame-2007-eng.csv,10,2.0,20,stage1_total,0.14545489102602005
amo-ame-2007-eng.csv,10,2.0,20,stage2_total,1.523998100310564
amo-ame-2007-eng.csv,10,2.0,20,unionability_total,6.083981832489371
amo-ame-2007-eng.csv,10,2.0,20,end_to_end_total,45.82917923107743
amo-ame-2007-eng.csv,10,3.0,30,index_probe_total,38.07470202445984
amo-ame-2007-eng.csv,10,3.0,30,stage1_total,0.18099811859428883
amo-ame-2007-eng.csv,10,3.0,30,stage2_total,1.6127279959619045
amo-ame-2007-eng.csv,10,3.0,30,unionability_total,7.6781040988862514
amo-ame-2007-eng.csv,10,3.0,30,end_to_end_total,47.54768405109644
amo-ame-2007-eng.csv,10,4.0,40,index_probe_total,38.07470202445984
amo-ame-2007-eng.csv,10,4.0,40,stage1_total,0.16683596186339855
amo-ame-2007-eng.csv,10,4.0,40,stage2_total,1.8412780482321978
amo-ame-2007-eng.csv,10,4.0,40,unionability_total,10.553763946518302
amo-ame-2007-eng.csv,10,4.0,40,end_to_end_total,50.637751119211316
amo-ame-2007-eng.csv,15,2.0,30,index_probe_total,38.07470202445984
amo-ame-2007-eng.csv,15,2.0,30,stage1_total,0.16324198804795742
amo-ame-2007-eng.csv,15,2.0,30,stage2_total,1.5084841288626194
amo-ame-2007-eng.csv,15,2.0,30,unionability_total,8.116743993014097
amo-ame-2007-eng.csv,15,2.0,30,end_to_end_total,47.864423133432865
amo-ame-2007-eng.csv,15,3.0,45,index_probe_total,38.07470202445984
amo-ame-2007-eng.csv,15,3.0,45,stage1_total,0.19981618970632553
amo-ame-2007-eng.csv,15,3.0,45,stage2_total,1.629483187571168
amo-ame-2007-eng.csv,15,3.0,45,unionability_total,12.756225187331438
amo-ame-2007-eng.csv,15,3.0,45,end_to_end_total,52.661689929664135
amo-ame-2007-eng.csv,15,4.0,60,index_probe_total,38.07470202445984
amo-ame-2007-eng.csv,15,4.0,60,stage1_total,0.26746606454253197
amo-ame-2007-eng.csv,15,4.0,60,stage2_total,1.6906841192394495
amo-ame-2007-eng.csv,15,4.0,60,unionability_total,18.038179026916623
amo-ame-2007-eng.csv,15,4.0,60,end_to_end_total,58.07222402654588
atbt-albw-2005-eng.csv,10,2.0,20,index_probe_total,19.497964065521955
atbt-albw-2005-eng.csv,10,2.0,20,stage1_total,0.09656301699578762
atbt-albw-2005-eng.csv,10,2.0,20,stage2_total,1.510698115453124
atbt-albw-2005-eng.csv,10,2.0,20,unionability_total,4.898214945569634
atbt-albw-2005-eng.csv,10,2.0,20,end_to_end_total,26.004561921581626
atbt-albw-2005-eng.csv,10,3.0,30,index_probe_total,19.497964065521955
atbt-albw-2005-eng.csv,10,3.0,30,stage1_total,0.1151510514318943
atbt-albw-2005-eng.csv,10,3.0,30,stage2_total,1.4398228377103806
atbt-albw-2005-eng.csv,10,3.0,30,unionability_total,7.780206156894565
atbt-albw-2005-eng.csv,10,3.0,30,end_to_end_total,28.834264958277345
atbt-albw-2005-eng.csv,10,4.0,40,index_probe_total,19.497964065521955
atbt-albw-2005-eng.csv,10,4.0,40,stage1_total,0.12095877900719643
atbt-albw-2005-eng.csv,10,4.0,40,stage2_total,1.4747839886695147
atbt-albw-2005-eng.csv,10,4.0,40,unionability_total,11.127232108265162
atbt-albw-2005-eng.csv,10,4.0,40,end_to_end_total,32.22207189537585
atbt-albw-2005-eng.csv,15,2.0,30,index_probe_total,19.497964065521955
atbt-albw-2005-eng.csv,15,2.0,30,stage1_total,0.09675300680100918
atbt-albw-2005-eng.csv,15,2.0,30,stage2_total,1.8007380422204733
atbt-albw-2005-eng.csv,15,2.0,30,unionability_total,7.547619985416532
atbt-albw-2005-eng.csv,15,2.0,30,end_to_end_total,28.944216901436448
atbt-albw-2005-eng.csv,15,3.0,45,index_probe_total,19.497964065521955
atbt-albw-2005-eng.csv,15,3.0,45,stage1_total,0.10443502105772495
atbt-albw-2005-eng.csv,15,3.0,45,stage2_total,1.8381429836153984
atbt-albw-2005-eng.csv,15,3.0,45,unionability_total,11.620402801781893
atbt-albw-2005-eng.csv,15,3.0,45,end_to_end_total,33.06206618435681
atbt-albw-2005-eng.csv,15,4.0,60,index_probe_total,19.497964065521955
atbt-albw-2005-eng.csv,15,4.0,60,stage1_total,0.10465411469340324
atbt-albw-2005-eng.csv,15,4.0,60,stage2_total,3.458024002611637
atbt-albw-2005-eng.csv,15,4.0,60,unionability_total,17.222972121089697
atbt-albw-2005-eng.csv,15,4.0,60,end_to_end_total,40.28482502326369
british-transport-police-authority__31-03-2015__dft_310315-BTPA-Organogram-ver-1-senior.csv,10,2.0,20,index_probe_total,31.956618884578347
british-transport-police-authority__31-03-2015__dft_310315-BTPA-Organogram-ver-1-senior.csv,10,2.0,20,stage1_total,0.163662014529109
british-transport-police-authority__31-03-2015__dft_310315-BTPA-Organogram-ver-1-senior.csv,10,2.0,20,stage2_total,1.7520459368824959
british-transport-police-authority__31-03-2015__dft_310315-BTPA-Organogram-ver-1-senior.csv,10,2.0,20,unionability_total,27.76850387454033
british-transport-police-authority__31-03-2015__dft_310315-BTPA-Organogram-ver-1-senior.csv,10,2.0,20,end_to_end_total,61.642091954126954
british-transport-police-authority__31-03-2015__dft_310315-BTPA-Organogram-ver-1-senior.csv,10,3.0,30,index_probe_total,31.956618884578347
british-transport-police-authority__31-03-2015__dft_310315-BTPA-Organogram-ver-1-senior.csv,10,3.0,30,stage1_total,0.17685187049210072
british-transport-police-authority__31-03-2015__dft_310315-BTPA-Organogram-ver-1-senior.csv,10,3.0,30,stage2_total,1.7846939153969288
british-transport-police-authority__31-03-2015__dft_310315-BTPA-Organogram-ver-1-senior.csv,10,3.0,30,unionability_total,41.74953396432102
british-transport-police-authority__31-03-2015__dft_310315-BTPA-Organogram-ver-1-senior.csv,10,3.0,30,end_to_end_total,75.66911983303726
british-transport-police-authority__31-03-2015__dft_310315-BTPA-Organogram-ver-1-senior.csv,10,4.0,40,index_probe_total,31.956618884578347
british-transport-police-authority__31-03-2015__dft_310315-BTPA-Organogram-ver-1-senior.csv,10,4.0,40,stage1_total,0.15648198314011097
british-transport-police-authority__31-03-2015__dft_310315-BTPA-Organogram-ver-1-senior.csv,10,4.0,40,stage2_total,2.0207830239087343
british-transport-police-authority__31-03-2015__dft_310315-BTPA-Organogram-ver-1-senior.csv,10,4.0,40,unionability_total,55.1898330450058
british-transport-police-authority__31-03-2015__dft_310315-BTPA-Organogram-ver-1-senior.csv,10,4.0,40,end_to_end_total,89.32492882013321
british-transport-police-authority__31-03-2015__dft_310315-BTPA-Organogram-ver-1-senior.csv,15,2.0,30,index_probe_total,31.956618884578347
british-transport-police-authority__31-03-2015__dft_310315-BTPA-Organogram-ver-1-senior.csv,15,2.0,30,stage1_total,0.14664721675217152
british-transport-police-authority__31-03-2015__dft_310315-BTPA-Organogram-ver-1-senior.csv,15,2.0,30,stage2_total,1.696903957054019
british-transport-police-authority__31-03-2015__dft_310315-BTPA-Organogram-ver-1-senior.csv,15,2.0,30,unionability_total,41.38840804807842
british-transport-police-authority__31-03-2015__dft_310315-BTPA-Organogram-ver-1-senior.csv,15,2.0,30,end_to_end_total,75.1897287555039
british-transport-police-authority__31-03-2015__dft_310315-BTPA-Organogram-ver-1-senior.csv,15,3.0,45,index_probe_total,31.956618884578347
british-transport-police-authority__31-03-2015__dft_310315-BTPA-Organogram-ver-1-senior.csv,15,3.0,45,stage1_total,0.16312208026647568
british-transport-police-authority__31-03-2015__dft_310315-BTPA-Organogram-ver-1-senior.csv,15,3.0,45,stage2_total,2.040441846475005
british-transport-police-authority__31-03-2015__dft_310315-BTPA-Organogram-ver-1-senior.csv,15,3.0,45,unionability_total,61.659075086936355
british-transport-police-authority__31-03-2015__dft_310315-BTPA-Organogram-ver-1-senior.csv,15,3.0,45,end_to_end_total,95.82043997943401
british-transport-police-authority__31-03-2015__dft_310315-BTPA-Organogram-ver-1-senior.csv,15,4.0,60,index_probe_total,31.956618884578347
british-transport-police-authority__31-03-2015__dft_310315-BTPA-Organogram-ver-1-senior.csv,15,4.0,60,stage1_total,0.1660559792071581
british-transport-police-authority__31-03-2015__dft_310315-BTPA-Organogram-ver-1-senior.csv,15,4.0,60,stage2_total,2.148211933672428
british-transport-police-authority__31-03-2015__dft_310315-BTPA-Organogram-ver-1-senior.csv,15,4.0,60,unionability_total,83.3238079212606
british-transport-police-authority__31-03-2015__dft_310315-BTPA-Organogram-ver-1-senior.csv,15,4.0,60,end_to_end_total,117.59576597250998
cabinet-office__30-09-2015__cabinetoffice_CO-Template-FINAL-senior.csv,10,2.0,20,index_probe_total,40.50722508691251
cabinet-office__30-09-2015__cabinetoffice_CO-Template-FINAL-senior.csv,10,2.0,20,stage1_total,0.18849805928766727
cabinet-office__30-09-2015__cabinetoffice_CO-Template-FINAL-senior.csv,10,2.0,20,stage2_total,1.7689911182969809
cabinet-office__30-09-2015__cabinetoffice_CO-Template-FINAL-senior.csv,10,2.0,20,unionability_total,28.342823963612318
cabinet-office__30-09-2015__cabinetoffice_CO-Template-FINAL-senior.csv,10,2.0,20,end_to_end_total,70.80869120545685
cabinet-office__30-09-2015__cabinetoffice_CO-Template-FINAL-senior.csv,10,3.0,30,index_probe_total,40.50722508691251
cabinet-office__30-09-2015__cabinetoffice_CO-Template-FINAL-senior.csv,10,3.0,30,stage1_total,0.20228908397257328
cabinet-office__30-09-2015__cabinetoffice_CO-Template-FINAL-senior.csv,10,3.0,30,stage2_total,1.7031340394169092
cabinet-office__30-09-2015__cabinetoffice_CO-Template-FINAL-senior.csv,10,3.0,30,unionability_total,39.95608608238399
cabinet-office__30-09-2015__cabinetoffice_CO-Template-FINAL-senior.csv,10,3.0,30,end_to_end_total,82.37020717933774
cabinet-office__30-09-2015__cabinetoffice_CO-Template-FINAL-senior.csv,10,4.0,40,index_probe_total,40.50722508691251
cabinet-office__30-09-2015__cabinetoffice_CO-Template-FINAL-senior.csv,10,4.0,40,stage1_total,0.1592149492353201
cabinet-office__30-09-2015__cabinetoffice_CO-Template-FINAL-senior.csv,10,4.0,40,stage2_total,1.9630470778793097
cabinet-office__30-09-2015__cabinetoffice_CO-Template-FINAL-senior.csv,10,4.0,40,unionability_total,55.74693693779409
cabinet-office__30-09-2015__cabinetoffice_CO-Template-FINAL-senior.csv,10,4.0,40,end_to_end_total,98.37768808938563
cabinet-office__30-09-2015__cabinetoffice_CO-Template-FINAL-senior.csv,15,2.0,30,index_probe_total,40.50722508691251
cabinet-office__30-09-2015__cabinetoffice_CO-Template-FINAL-senior.csv,15,2.0,30,stage1_total,0.1585748977959156
cabinet-office__30-09-2015__cabinetoffice_CO-Template-FINAL-senior.csv,15,2.0,30,stage2_total,1.874406123533845
cabinet-office__30-09-2015__cabinetoffice_CO-Template-FINAL-senior.csv,15,2.0,30,unionability_total,42.31279785744846
cabinet-office__30-09-2015__cabinetoffice_CO-Template-FINAL-senior.csv,15,2.0,30,end_to_end_total,84.85449687577784
cabinet-office__30-09-2015__cabinetoffice_CO-Template-FINAL-senior.csv,15,3.0,45,index_probe_total,40.50722508691251
cabinet-office__30-09-2015__cabinetoffice_CO-Template-FINAL-senior.csv,15,3.0,45,stage1_total,0.17082411795854568
cabinet-office__30-09-2015__cabinetoffice_CO-Template-FINAL-senior.csv,15,3.0,45,stage2_total,1.8778208177536726
cabinet-office__30-09-2015__cabinetoffice_CO-Template-FINAL-senior.csv,15,3.0,45,unionability_total,62.66599614173174
cabinet-office__30-09-2015__cabinetoffice_CO-Template-FINAL-senior.csv,15,3.0,45,end_to_end_total,105.22309713996947
cabinet-office__30-09-2015__cabinetoffice_CO-Template-FINAL-senior.csv,15,4.0,60,index_probe_total,40.50722508691251
cabinet-office__30-09-2015__cabinetoffice_CO-Template-FINAL-senior.csv,15,4.0,60,stage1_total,0.17189513891935349
cabinet-office__30-09-2015__cabinetoffice_CO-Template-FINAL-senior.csv,15,4.0,60,stage2_total,1.905864104628563
cabinet-office__30-09-2015__cabinetoffice_CO-Template-FINAL-senior.csv,15,4.0,60,unionability_total,85.40641097351909
cabinet-office__30-09-2015__cabinetoffice_CO-Template-FINAL-senior.csv,15,4.0,60,end_to_end_total,127.99264816567302
council-budget-14-15.csv,10,2.0,20,index_probe_total,26.946246856823564
council-budget-14-15.csv,10,2.0,20,stage1_total,0.1743091270327568
council-budget-14-15.csv,10,2.0,20,stage2_total,1.4283161144703627
council-budget-14-15.csv,10,2.0,20,unionability_total,2.7277509216219187
council-budget-14-15.csv,10,2.0,20,end_to_end_total,31.27782396040857
council-budget-14-15.csv,10,3.0,30,index_probe_total,26.946246856823564
council-budget-14-15.csv,10,3.0,30,stage1_total,0.17296499572694302
council-budget-14-15.csv,10,3.0,30,stage2_total,1.9090680871158838
council-budget-14-15.csv,10,3.0,30,unionability_total,4.672270966693759
council-budget-14-15.csv,10,3.0,30,end_to_end_total,33.701693871989846
council-budget-14-15.csv,10,4.0,40,index_probe_total,26.946246856823564
council-budget-14-15.csv,10,4.0,40,stage1_total,0.16598589718341827
council-budget-14-15.csv,10,4.0,40,stage2_total,1.586258877068758
council-budget-14-15.csv,10,4.0,40,unionability_total,5.877956980839372
council-budget-14-15.csv,10,4.0,40,end_to_end_total,34.57766096107662
council-budget-14-15.csv,15,2.0,30,index_probe_total,26.946246856823564
council-budget-14-15.csv,15,2.0,30,stage1_total,0.17106300219893456
council-budget-14-15.csv,15,2.0,30,stage2_total,1.4491970650851727
council-budget-14-15.csv,15,2.0,30,unionability_total,4.095947137102485
council-budget-14-15.csv,15,2.0,30,end_to_end_total,32.663645688444376
council-budget-14-15.csv,15,3.0,45,index_probe_total,26.946246856823564
council-budget-14-15.csv,15,3.0,45,stage1_total,0.14664791524410248
council-budget-14-15.csv,15,3.0,45,stage2_total,1.981605077162385
council-budget-14-15.csv,15,3.0,45,unionability_total,6.8058110773563385
council-budget-14-15.csv,15,3.0,45,end_to_end_total,35.881481831893325
council-budget-14-15.csv,15,4.0,60,index_probe_total,26.946246856823564
council-budget-14-15.csv,15,4.0,60,stage1_total,0.20260014571249485
council-budget-14-15.csv,15,4.0,60,stage2_total,1.59143703058362
council-budget-14-15.csv,15,4.0,60,unionability_total,8.79067205823958
council-budget-14-15.csv,15,4.0,60,end_to_end_total,37.532248767092824
department-for-transport__31-03-2012__dft_DfT-Transparency-Final-Return-31-03-12-junior.csv,10,2.0,20,index_probe_total,45.57822807691991
department-for-transport__31-03-2012__dft_DfT-Transparency-Final-Return-31-03-12-junior.csv,10,2.0,20,stage1_total,0.18946104682981968
department-for-transport__31-03-2012__dft_DfT-Transparency-Final-Return-31-03-12-junior.csv,10,2.0,20,stage2_total,1.4617240522056818
department-for-transport__31-03-2012__dft_DfT-Transparency-Final-Return-31-03-12-junior.csv,10,2.0,20,unionability_total,8.025768911466002
department-for-transport__31-03-2012__dft_DfT-Transparency-Final-Return-31-03-12-junior.csv,10,2.0,20,end_to_end_total,55.25631527416408
department-for-transport__31-03-2012__dft_DfT-Transparency-Final-Return-31-03-12-junior.csv,10,3.0,30,index_probe_total,45.57822807691991
department-for-transport__31-03-2012__dft_DfT-Transparency-Final-Return-31-03-12-junior.csv,10,3.0,30,stage1_total,0.1521059311926365
department-for-transport__31-03-2012__dft_DfT-Transparency-Final-Return-31-03-12-junior.csv,10,3.0,30,stage2_total,1.5333211049437523
department-for-transport__31-03-2012__dft_DfT-Transparency-Final-Return-31-03-12-junior.csv,10,3.0,30,unionability_total,14.90637008100748
department-for-transport__31-03-2012__dft_DfT-Transparency-Final-Return-31-03-12-junior.csv,10,3.0,30,end_to_end_total,62.171227065846324
department-for-transport__31-03-2012__dft_DfT-Transparency-Final-Return-31-03-12-junior.csv,10,4.0,40,index_probe_total,45.57822807691991
department-for-transport__31-03-2012__dft_DfT-Transparency-Final-Return-31-03-12-junior.csv,10,4.0,40,stage1_total,0.2574319951236248
department-for-transport__31-03-2012__dft_DfT-Transparency-Final-Return-31-03-12-junior.csv,10,4.0,40,stage2_total,1.505739986896515
department-for-transport__31-03-2012__dft_DfT-Transparency-Final-Return-31-03-12-junior.csv,10,4.0,40,unionability_total,22.27969211526215
department-for-transport__31-03-2012__dft_DfT-Transparency-Final-Return-31-03-12-junior.csv,10,4.0,40,end_to_end_total,69.62224398739636
department-for-transport__31-03-2012__dft_DfT-Transparency-Final-Return-31-03-12-junior.csv,15,2.0,30,index_probe_total,45.57822807691991
department-for-transport__31-03-2012__dft_DfT-Transparency-Final-Return-31-03-12-junior.csv,15,2.0,30,stage1_total,0.14382298104465008
department-for-transport__31-03-2012__dft_DfT-Transparency-Final-Return-31-03-12-junior.csv,15,2.0,30,stage2_total,1.7690900713205338
department-for-transport__31-03-2012__dft_DfT-Transparency-Final-Return-31-03-12-junior.csv,15,2.0,30,unionability_total,14.527668943628669
department-for-transport__31-03-2012__dft_DfT-Transparency-Final-Return-31-03-12-junior.csv,15,2.0,30,end_to_end_total,62.019983073696494
department-for-transport__31-03-2012__dft_DfT-Transparency-Final-Return-31-03-12-junior.csv,15,3.0,45,index_probe_total,45.57822807691991
department-for-transport__31-03-2012__dft_DfT-Transparency-Final-Return-31-03-12-junior.csv,15,3.0,45,stage1_total,0.21358695812523365
department-for-transport__31-03-2012__dft_DfT-Transparency-Final-Return-31-03-12-junior.csv,15,3.0,45,stage2_total,1.6228128224611282
department-for-transport__31-03-2012__dft_DfT-Transparency-Final-Return-31-03-12-junior.csv,15,3.0,45,unionability_total,25.439854944124818
department-for-transport__31-03-2012__dft_DfT-Transparency-Final-Return-31-03-12-junior.csv,15,3.0,45,end_to_end_total,72.85561505705118
department-for-transport__31-03-2012__dft_DfT-Transparency-Final-Return-31-03-12-junior.csv,15,4.0,60,index_probe_total,45.57822807691991
department-for-transport__31-03-2012__dft_DfT-Transparency-Final-Return-31-03-12-junior.csv,15,4.0,60,stage1_total,0.21571898832917213
department-for-transport__31-03-2012__dft_DfT-Transparency-Final-Return-31-03-12-junior.csv,15,4.0,60,stage2_total,1.6208509914577007
department-for-transport__31-03-2012__dft_DfT-Transparency-Final-Return-31-03-12-junior.csv,15,4.0,60,unionability_total,31.292673898860812
department-for-transport__31-03-2012__dft_DfT-Transparency-Final-Return-31-03-12-junior.csv,15,4.0,60,end_to_end_total,78.70862307026982
department_for_communities_and_local_government-2011-03-31-organogram-senior.csv,10,2.0,20,index_probe_total,33.21282984688878
department_for_communities_and_local_government-2011-03-31-organogram-senior.csv,10,2.0,20,stage1_total,0.27184304781258106
department_for_communities_and_local_government-2011-03-31-organogram-senior.csv,10,2.0,20,stage2_total,1.413983991369605
department_for_communities_and_local_government-2011-03-31-organogram-senior.csv,10,2.0,20,unionability_total,27.969782007858157
department_for_communities_and_local_government-2011-03-31-organogram-senior.csv,10,2.0,20,end_to_end_total,62.86957999691367
department_for_communities_and_local_government-2011-03-31-organogram-senior.csv,10,3.0,30,index_probe_total,33.21282984688878
department_for_communities_and_local_government-2011-03-31-organogram-senior.csv,10,3.0,30,stage1_total,0.23117288947105408
department_for_communities_and_local_government-2011-03-31-organogram-senior.csv,10,3.0,30,stage2_total,1.5656889881938696
department_for_communities_and_local_government-2011-03-31-organogram-senior.csv,10,3.0,30,unionability_total,42.38806897774339
department_for_communities_and_local_government-2011-03-31-organogram-senior.csv,10,3.0,30,end_to_end_total,77.39886292256415
department_for_communities_and_local_government-2011-03-31-organogram-senior.csv,10,4.0,40,index_probe_total,33.21282984688878
department_for_communities_and_local_government-2011-03-31-organogram-senior.csv,10,4.0,40,stage1_total,0.2683768980205059
department_for_communities_and_local_government-2011-03-31-organogram-senior.csv,10,4.0,40,stage2_total,1.7021619714796543
department_for_communities_and_local_government-2011-03-31-organogram-senior.csv,10,4.0,40,unionability_total,55.30016589909792
department_for_communities_and_local_government-2011-03-31-organogram-senior.csv,10,4.0,40,end_to_end_total,90.48473788425326
department_for_communities_and_local_government-2011-03-31-organogram-senior.csv,15,2.0,30,index_probe_total,33.21282984688878
department_for_communities_and_local_government-2011-03-31-organogram-senior.csv,15,2.0,30,stage1_total,0.23882300592958927
department_for_communities_and_local_government-2011-03-31-organogram-senior.csv,15,2.0,30,stage2_total,1.6958508640527725
department_for_communities_and_local_government-2011-03-31-organogram-senior.csv,15,2.0,30,unionability_total,42.57246293127537
department_for_communities_and_local_government-2011-03-31-organogram-senior.csv,15,2.0,30,end_to_end_total,77.72101904265583
department_for_communities_and_local_government-2011-03-31-organogram-senior.csv,15,3.0,45,index_probe_total,33.21282984688878
department_for_communities_and_local_government-2011-03-31-organogram-senior.csv,15,3.0,45,stage1_total,0.29557920061051846
department_for_communities_and_local_government-2011-03-31-organogram-senior.csv,15,3.0,45,stage2_total,2.003768924623728
department_for_communities_and_local_government-2011-03-31-organogram-senior.csv,15,3.0,45,unionability_total,62.54989397712052
department_for_communities_and_local_government-2011-03-31-organogram-senior.csv,15,3.0,45,end_to_end_total,98.06331270374358
department_for_communities_and_local_government-2011-03-31-organogram-senior.csv,15,4.0,60,index_probe_total,33.21282984688878
department_for_communities_and_local_government-2011-03-31-organogram-senior.csv,15,4.0,60,stage1_total,0.23463601246476173
department_for_communities_and_local_government-2011-03-31-organogram-senior.csv,15,4.0,60,stage2_total,1.8275869078934193
department_for_communities_and_local_government-2011-03-31-organogram-senior.csv,15,4.0,60,unionability_total,82.44736795313656
department_for_communities_and_local_government-2011-03-31-organogram-senior.csv,15,4.0,60,end_to_end_total,117.72384494543076
depleg-expstat-2013-2014.csv,10,2.0,20,index_probe_total,21.053808042779565
depleg-expstat-2013-2014.csv,10,2.0,20,stage1_total,0.17153401859104633
depleg-expstat-2013-2014.csv,10,2.0,20,stage2_total,1.8474161624908447
depleg-expstat-2013-2014.csv,10,2.0,20,unionability_total,5.743428831920028
depleg-expstat-2013-2014.csv,10,2.0,20,end_to_end_total,28.81799917668104
depleg-expstat-2013-2014.csv,10,3.0,30,index_probe_total,21.053808042779565
depleg-expstat-2013-2014.csv,10,3.0,30,stage1_total,0.1127258874475956
depleg-expstat-2013-2014.csv,10,3.0,30,stage2_total,1.4436691999435425
depleg-expstat-2013-2014.csv,10,3.0,30,unionability_total,8.56816302984953
depleg-expstat-2013-2014.csv,10,3.0,30,end_to_end_total,31.179487006738782
depleg-expstat-2013-2014.csv,10,4.0,40,index_probe_total,21.053808042779565
depleg-expstat-2013-2014.csv,10,4.0,40,stage1_total,0.12324308045208454
depleg-expstat-2013-2014.csv,10,4.0,40,stage2_total,6.049181101843715
depleg-expstat-2013-2014.csv,10,4.0,40,unionability_total,12.280130060389638
depleg-expstat-2013-2014.csv,10,4.0,40,end_to_end_total,39.50763423927128
depleg-expstat-2013-2014.csv,15,2.0,30,index_probe_total,21.053808042779565
depleg-expstat-2013-2014.csv,15,2.0,30,stage1_total,0.13155420310795307
depleg-expstat-2013-2014.csv,15,2.0,30,stage2_total,1.4274651184678078
depleg-expstat-2013-2014.csv,15,2.0,30,unionability_total,8.86694504879415
depleg-expstat-2013-2014.csv,15,2.0,30,end_to_end_total,31.4809528645128
depleg-expstat-2013-2014.csv,15,3.0,45,index_probe_total,21.053808042779565
depleg-expstat-2013-2014.csv,15,3.0,45,stage1_total,0.12503494508564472
depleg-expstat-2013-2014.csv,15,3.0,45,stage2_total,1.561393029987812
depleg-expstat-2013-2014.csv,15,3.0,45,unionability_total,13.921662932261825
depleg-expstat-2013-2014.csv,15,3.0,45,end_to_end_total,36.66309011168778
depleg-expstat-2013-2014.csv,15,4.0,60,index_probe_total,21.053808042779565
depleg-expstat-2013-2014.csv,15,4.0,60,stage1_total,0.13081403449177742
depleg-expstat-2013-2014.csv,15,4.0,60,stage2_total,1.855446957051754
depleg-expstat-2013-2014.csv,15,4.0,60,unionability_total,18.216283060610294
depleg-expstat-2013-2014.csv,15,4.0,60,end_to_end_total,41.25746595673263
dft-monthly-spend-201005.csv,10,2.0,20,index_probe_total,19.420528085902333
dft-monthly-spend-201005.csv,10,2.0,20,stage1_total,0.07436005398631096
dft-monthly-spend-201005.csv,10,2.0,20,stage2_total,1.7045340500772
dft-monthly-spend-201005.csv,10,2.0,20,unionability_total,8.348567178472877
dft-monthly-spend-201005.csv,10,2.0,20,end_to_end_total,29.549201019108295
dft-monthly-spend-201005.csv,10,3.0,30,index_probe_total,19.420528085902333
dft-monthly-spend-201005.csv,10,3.0,30,stage1_total,0.054530100896954536
dft-monthly-spend-201005.csv,10,3.0,30,stage2_total,1.8852520734071732
dft-monthly-spend-201005.csv,10,3.0,30,unionability_total,11.248331982642412
dft-monthly-spend-201005.csv,10,3.0,30,end_to_end_total,32.60975610464811
dft-monthly-spend-201005.csv,10,4.0,40,index_probe_total,19.420528085902333
dft-monthly-spend-201005.csv,10,4.0,40,stage1_total,0.09550107643008232
dft-monthly-spend-201005.csv,10,4.0,40,stage2_total,1.7000781372189522
dft-monthly-spend-201005.csv,10,4.0,40,unionability_total,14.109200099483132
dft-monthly-spend-201005.csv,10,4.0,40,end_to_end_total,35.32645013183355
dft-monthly-spend-201005.csv,15,2.0,30,index_probe_total,19.420528085902333
dft-monthly-spend-201005.csv,15,2.0,30,stage1_total,0.054581090807914734
dft-monthly-spend-201005.csv,15,2.0,30,stage2_total,1.6819708980619907
dft-monthly-spend-201005.csv,15,2.0,30,unionability_total,10.398423066362739
dft-monthly-spend-201005.csv,15,2.0,30,end_to_end_total,31.556625152006745
dft-monthly-spend-201005.csv,15,3.0,45,index_probe_total,19.420528085902333
dft-monthly-spend-201005.csv,15,3.0,45,stage1_total,0.05434988997876644
dft-monthly-spend-201005.csv,15,3.0,45,stage2_total,1.7664260230958462
dft-monthly-spend-201005.csv,15,3.0,45,unionability_total,15.386922983452678
dft-monthly-spend-201005.csv,15,3.0,45,end_to_end_total,36.62934806197882
dft-monthly-spend-201005.csv,15,4.0,60,index_probe_total,19.420528085902333
dft-monthly-spend-201005.csv,15,4.0,60,stage1_total,0.08083111606538296
dft-monthly-spend-201005.csv,15,4.0,60,stage2_total,1.8574409186840057
dft-monthly-spend-201005.csv,15,4.0,60,unionability_total,20.90189210139215
dft-monthly-spend-201005.csv,15,4.0,60,end_to_end_total,42.261873139068484
driver-vehicle-standards-agency__31-03-2015__dft_310315-DVSA-Organogram-ver-1-junior.csv,10,2.0,20,index_probe_total,37.061772076413035
driver-vehicle-standards-agency__31-03-2015__dft_310315-DVSA-Organogram-ver-1-junior.csv,10,2.0,20,stage1_total,0.23231306113302708
driver-vehicle-standards-agency__31-03-2015__dft_310315-DVSA-Organogram-ver-1-junior.csv,10,2.0,20,stage2_total,1.6077719628810883
driver-vehicle-standards-agency__31-03-2015__dft_310315-DVSA-Organogram-ver-1-junior.csv,10,2.0,20,unionability_total,8.678345009684563
driver-vehicle-standards-agency__31-03-2015__dft_310315-DVSA-Organogram-ver-1-junior.csv,10,2.0,20,end_to_end_total,47.58128407411277
driver-vehicle-standards-agency__31-03-2015__dft_310315-DVSA-Organogram-ver-1-junior.csv,10,3.0,30,index_probe_total,37.061772076413035
driver-vehicle-standards-agency__31-03-2015__dft_310315-DVSA-Organogram-ver-1-junior.csv,10,3.0,30,stage1_total,0.26704510673880577
driver-vehicle-standards-agency__31-03-2015__dft_310315-DVSA-Organogram-ver-1-junior.csv,10,3.0,30,stage2_total,1.4870520681142807
driver-vehicle-standards-agency__31-03-2015__dft_310315-DVSA-Organogram-ver-1-junior.csv,10,3.0,30,unionability_total,15.736951027065516
driver-vehicle-standards-agency__31-03-2015__dft_310315-DVSA-Organogram-ver-1-junior.csv,10,3.0,30,end_to_end_total,54.554013069719076
driver-vehicle-standards-agency__31-03-2015__dft_310315-DVSA-Organogram-ver-1-junior.csv,10,4.0,40,index_probe_total,37.061772076413035
driver-vehicle-standards-agency__31-03-2015__dft_310315-DVSA-Organogram-ver-1-junior.csv,10,4.0,40,stage1_total,0.3727118019014597
driver-vehicle-standards-agency__31-03-2015__dft_310315-DVSA-Organogram-ver-1-junior.csv,10,4.0,40,stage2_total,1.6660878900438547
driver-vehicle-standards-agency__31-03-2015__dft_310315-DVSA-Organogram-ver-1-junior.csv,10,4.0,40,unionability_total,20.885257050395012
driver-vehicle-standards-agency__31-03-2015__dft_310315-DVSA-Organogram-ver-1-junior.csv,10,4.0,40,end_to_end_total,59.98699110932648
driver-vehicle-standards-agency__31-03-2015__dft_310315-DVSA-Organogram-ver-1-junior.csv,15,2.0,30,index_probe_total,37.061772076413035
driver-vehicle-standards-agency__31-03-2015__dft_310315-DVSA-Organogram-ver-1-junior.csv,15,2.0,30,stage1_total,0.2999650314450264
driver-vehicle-standards-agency__31-03-2015__dft_310315-DVSA-Organogram-ver-1-junior.csv,15,2.0,30,stage2_total,1.7128270119428635
driver-vehicle-standards-agency__31-03-2015__dft_310315-DVSA-Organogram-ver-1-junior.csv,15,2.0,30,unionability_total,15.165195101872087
driver-vehicle-standards-agency__31-03-2015__dft_310315-DVSA-Organogram-ver-1-junior.csv,15,2.0,30,end_to_end_total,54.2408989276737
driver-vehicle-standards-agency__31-03-2015__dft_310315-DVSA-Organogram-ver-1-junior.csv,15,3.0,45,index_probe_total,37.061772076413035
driver-vehicle-standards-agency__31-03-2015__dft_310315-DVSA-Organogram-ver-1-junior.csv,15,3.0,45,stage1_total,0.35084993578493595
driver-vehicle-standards-agency__31-03-2015__dft_310315-DVSA-Organogram-ver-1-junior.csv,15,3.0,45,stage2_total,1.5347138978540897
driver-vehicle-standards-agency__31-03-2015__dft_310315-DVSA-Organogram-ver-1-junior.csv,15,3.0,45,unionability_total,24.54113308340311
driver-vehicle-standards-agency__31-03-2015__dft_310315-DVSA-Organogram-ver-1-junior.csv,15,3.0,45,end_to_end_total,63.48957889713347
driver-vehicle-standards-agency__31-03-2015__dft_310315-DVSA-Organogram-ver-1-junior.csv,15,4.0,60,index_probe_total,37.061772076413035
driver-vehicle-standards-agency__31-03-2015__dft_310315-DVSA-Organogram-ver-1-junior.csv,15,4.0,60,stage1_total,0.34425919875502586
driver-vehicle-standards-agency__31-03-2015__dft_310315-DVSA-Organogram-ver-1-junior.csv,15,4.0,60,stage2_total,2.054954878985882
driver-vehicle-standards-agency__31-03-2015__dft_310315-DVSA-Organogram-ver-1-junior.csv,15,4.0,60,unionability_total,32.662922982126474
driver-vehicle-standards-agency__31-03-2015__dft_310315-DVSA-Organogram-ver-1-junior.csv,15,4.0,60,end_to_end_total,72.12509121745825
home_office_senior_officials_travel_data_return.csv,10,2.0,20,index_probe_total,17.558219144120812
home_office_senior_officials_travel_data_return.csv,10,2.0,20,stage1_total,0.08401391096413136
home_office_senior_officials_travel_data_return.csv,10,2.0,20,stage2_total,1.6958829946815968
home_office_senior_officials_travel_data_return.csv,10,2.0,20,unionability_total,4.894250072538853
home_office_senior_officials_travel_data_return.csv,10,2.0,20,end_to_end_total,24.23347719013691
home_office_senior_officials_travel_data_return.csv,10,3.0,30,index_probe_total,17.558219144120812
home_office_senior_officials_travel_data_return.csv,10,3.0,30,stage1_total,0.06828107871115208
home_office_senior_officials_travel_data_return.csv,10,3.0,30,stage2_total,1.4529419131577015
home_office_senior_officials_travel_data_return.csv,10,3.0,30,unionability_total,6.8658399395644665
home_office_senior_officials_travel_data_return.csv,10,3.0,30,end_to_end_total,25.94646532088518
home_office_senior_officials_travel_data_return.csv,10,4.0,40,index_probe_total,17.558219144120812
home_office_senior_officials_travel_data_return.csv,10,4.0,40,stage1_total,0.12087891809642315
home_office_senior_officials_travel_data_return.csv,10,4.0,40,stage2_total,1.423447858542204
home_office_senior_officials_travel_data_return.csv,10,4.0,40,unionability_total,8.779954863712192
home_office_senior_officials_travel_data_return.csv,10,4.0,40,end_to_end_total,27.88366423919797
home_office_senior_officials_travel_data_return.csv,15,2.0,30,index_probe_total,17.558219144120812
home_office_senior_officials_travel_data_return.csv,15,2.0,30,stage1_total,0.06831204518675804
home_office_senior_officials_travel_data_return.csv,15,2.0,30,stage2_total,1.4208138454705477
home_office_senior_officials_travel_data_return.csv,15,2.0,30,unionability_total,6.152744172140956
home_office_senior_officials_travel_data_return.csv,15,2.0,30,end_to_end_total,25.201141135767102
home_office_senior_officials_travel_data_return.csv,15,3.0,45,index_probe_total,17.558219144120812
home_office_senior_officials_travel_data_return.csv,15,3.0,45,stage1_total,0.07127504795789719
home_office_senior_officials_travel_data_return.csv,15,3.0,45,stage2_total,1.8187949899584055
home_office_senior_officials_travel_data_return.csv,15,3.0,45,unionability_total,9.594440925866365
home_office_senior_officials_travel_data_return.csv,15,3.0,45,end_to_end_total,29.04380322434008
home_office_senior_officials_travel_data_return.csv,15,4.0,60,index_probe_total,17.558219144120812
home_office_senior_officials_travel_data_return.csv,15,4.0,60,stage1_total,0.07612188346683979
home_office_senior_officials_travel_data_return.csv,15,4.0,60,stage2_total,1.765635097399354
home_office_senior_officials_travel_data_return.csv,15,4.0,60,unionability_total,12.886518845334649
home_office_senior_officials_travel_data_return.csv,15,4.0,60,end_to_end_total,32.28759812191129
kpi-foi02-01.csv,10,2.0,20,index_probe_total,31.625758158043027
kpi-foi02-01.csv,10,2.0,20,stage1_total,0.19044196233153343
kpi-foi02-01.csv,10,2.0,20,stage2_total,1.3440100010484457
kpi-foi02-01.csv,10,2.0,20,unionability_total,5.250447895377874
kpi-foi02-01.csv,10,2.0,20,end_to_end_total,38.41177118010819
kpi-foi02-01.csv,10,3.0,30,index_probe_total,31.625758158043027
kpi-foi02-01.csv,10,3.0,30,stage1_total,0.1754190307110548
kpi-foi02-01.csv,10,3.0,30,stage2_total,1.7431729938834906
kpi-foi02-01.csv,10,3.0,30,unionability_total,7.697672815993428
kpi-foi02-01.csv,10,3.0,30,end_to_end_total,41.24332428909838
kpi-foi02-01.csv,10,4.0,40,index_probe_total,31.625758158043027
kpi-foi02-01.csv,10,4.0,40,stage1_total,0.1636131200939417
kpi-foi02-01.csv,10,4.0,40,stage2_total,1.7410488799214363
kpi-foi02-01.csv,10,4.0,40,unionability_total,10.187289910390973
kpi-foi02-01.csv,10,4.0,40,end_to_end_total,43.71886211447418
kpi-foi02-01.csv,15,2.0,30,index_probe_total,31.625758158043027
kpi-foi02-01.csv,15,2.0,30,stage1_total,0.14276104047894478
kpi-foi02-01.csv,15,2.0,30,stage2_total,1.8157388549298048
kpi-foi02-01.csv,15,2.0,30,unionability_total,8.051165845245123
kpi-foi02-01.csv,15,2.0,30,end_to_end_total,41.63651610724628
kpi-foi02-01.csv,15,3.0,45,index_probe_total,31.625758158043027
kpi-foi02-01.csv,15,3.0,45,stage1_total,0.178174814209342
kpi-foi02-01.csv,15,3.0,45,stage2_total,1.5966258943080902
kpi-foi02-01.csv,15,3.0,45,unionability_total,12.087163981050253
kpi-foi02-01.csv,15,3.0,45,end_to_end_total,45.488924253731966
kpi-foi02-01.csv,15,4.0,60,index_probe_total,31.625758158043027
kpi-foi02-01.csv,15,4.0,60,stage1_total,0.15487009659409523
kpi-foi02-01.csv,15,4.0,60,stage2_total,2.020003041252494
kpi-foi02-01.csv,15,4.0,60,unionability_total,15.710351057350636
kpi-foi02-01.csv,15,4.0,60,end_to_end_total,49.512163270264864
maritime_and_coastguard_agency-2011-09-30-organogram-junior.csv,10,2.0,20,index_probe_total,48.76418597996235
maritime_and_coastguard_agency-2011-09-30-organogram-junior.csv,10,2.0,20,stage1_total,0.18298206850886345
maritime_and_coastguard_agency-2011-09-30-organogram-junior.csv,10,2.0,20,stage2_total,1.780427061021328
maritime_and_coastguard_agency-2011-09-30-organogram-junior.csv,10,2.0,20,unionability_total,10.248079895973206
maritime_and_coastguard_agency-2011-09-30-organogram-junior.csv,10,2.0,20,end_to_end_total,60.97683613188565
maritime_and_coastguard_agency-2011-09-30-organogram-junior.csv,10,3.0,30,index_probe_total,48.76418597996235
maritime_and_coastguard_agency-2011-09-30-organogram-junior.csv,10,3.0,30,stage1_total,0.22956891916692257
maritime_and_coastguard_agency-2011-09-30-organogram-junior.csv,10,3.0,30,stage2_total,1.9737228285521269
maritime_and_coastguard_agency-2011-09-30-organogram-junior.csv,10,3.0,30,unionability_total,17.613620962947607
maritime_and_coastguard_agency-2011-09-30-organogram-junior.csv,10,3.0,30,end_to_end_total,68.58241208828986
maritime_and_coastguard_agency-2011-09-30-organogram-junior.csv,10,4.0,40,index_probe_total,48.76418597996235
maritime_and_coastguard_agency-2011-09-30-organogram-junior.csv,10,4.0,40,stage1_total,0.2682579215615988
maritime_and_coastguard_agency-2011-09-30-organogram-junior.csv,10,4.0,40,stage2_total,1.6246060840785503
maritime_and_coastguard_agency-2011-09-30-organogram-junior.csv,10,4.0,40,unionability_total,24.900013115257025
maritime_and_coastguard_agency-2011-09-30-organogram-junior.csv,10,4.0,40,end_to_end_total,75.56664803996682
maritime_and_coastguard_agency-2011-09-30-organogram-junior.csv,15,2.0,30,index_probe_total,48.76418597996235
maritime_and_coastguard_agency-2011-09-30-organogram-junior.csv,15,2.0,30,stage1_total,0.23721205070614815
maritime_and_coastguard_agency-2011-09-30-organogram-junior.csv,15,2.0,30,stage2_total,1.5251489821821451
maritime_and_coastguard_agency-2011-09-30-organogram-junior.csv,15,2.0,30,unionability_total,17.568344017490745
maritime_and_coastguard_agency-2011-09-30-organogram-junior.csv,15,2.0,30,end_to_end_total,68.09598114341497
maritime_and_coastguard_agency-2011-09-30-organogram-junior.csv,15,3.0,45,index_probe_total,48.76418597996235
maritime_and_coastguard_agency-2011-09-30-organogram-junior.csv,15,3.0,45,stage1_total,0.2401750534772873
maritime_and_coastguard_agency-2011-09-30-organogram-junior.csv,15,3.0,45,stage2_total,1.883150078356266
maritime_and_coastguard_agency-2011-09-30-organogram-junior.csv,15,3.0,45,unionability_total,28.66734517738223
maritime_and_coastguard_agency-2011-09-30-organogram-junior.csv,15,3.0,45,end_to_end_total,79.55603790469468
maritime_and_coastguard_agency-2011-09-30-organogram-junior.csv,15,4.0,60,index_probe_total,48.76418597996235
maritime_and_coastguard_agency-2011-09-30-organogram-junior.csv,15,4.0,60,stage1_total,0.19850395619869232
maritime_and_coastguard_agency-2011-09-30-organogram-junior.csv,15,4.0,60,stage2_total,2.0042189862579107
maritime_and_coastguard_agency-2011-09-30-organogram-junior.csv,15,4.0,60,unionability_total,37.3971660155803
maritime_and_coastguard_agency-2011-09-30-organogram-junior.csv,15,4.0,60,end_to_end_total,88.36533594876528
office-of-rail-regulation__31-03-2014__orr_310314-ORR-Organogram-ver1_-senior.csv,10,2.0,20,index_probe_total,35.92518693767488
office-of-rail-regulation__31-03-2014__orr_310314-ORR-Organogram-ver1_-senior.csv,10,2.0,20,stage1_total,0.35871099680662155
office-of-rail-regulation__31-03-2014__orr_310314-ORR-Organogram-ver1_-senior.csv,10,2.0,20,stage2_total,1.4766270760446787
office-of-rail-regulation__31-03-2014__orr_310314-ORR-Organogram-ver1_-senior.csv,10,2.0,20,unionability_total,28.770398814231157
office-of-rail-regulation__31-03-2014__orr_310314-ORR-Organogram-ver1_-senior.csv,10,2.0,20,end_to_end_total,66.53225375339389
office-of-rail-regulation__31-03-2014__orr_310314-ORR-Organogram-ver1_-senior.csv,10,3.0,30,index_probe_total,35.92518693767488
office-of-rail-regulation__31-03-2014__orr_310314-ORR-Organogram-ver1_-senior.csv,10,3.0,30,stage1_total,0.26511214673519135
office-of-rail-regulation__31-03-2014__orr_310314-ORR-Organogram-ver1_-senior.csv,10,3.0,30,stage2_total,1.5236979816108942
office-of-rail-regulation__31-03-2014__orr_310314-ORR-Organogram-ver1_-senior.csv,10,3.0,30,unionability_total,42.43455803953111
office-of-rail-regulation__31-03-2014__orr_310314-ORR-Organogram-ver1_-senior.csv,10,3.0,30,end_to_end_total,80.14963590539992
office-of-rail-regulation__31-03-2014__orr_310314-ORR-Organogram-ver1_-senior.csv,10,4.0,40,index_probe_total,35.92518693767488
office-of-rail-regulation__31-03-2014__orr_310314-ORR-Organogram-ver1_-senior.csv,10,4.0,40,stage1_total,0.2116141840815544
office-of-rail-regulation__31-03-2014__orr_310314-ORR-Organogram-ver1_-senior.csv,10,4.0,40,stage2_total,1.663935137912631
office-of-rail-regulation__31-03-2014__orr_310314-ORR-Organogram-ver1_-senior.csv,10,4.0,40,unionability_total,56.23857490718365
office-of-rail-regulation__31-03-2014__orr_310314-ORR-Organogram-ver1_-senior.csv,10,4.0,40,end_to_end_total,94.0404029097408
office-of-rail-regulation__31-03-2014__orr_310314-ORR-Organogram-ver1_-senior.csv,15,2.0,30,index_probe_total,35.92518693767488
office-of-rail-regulation__31-03-2014__orr_310314-ORR-Organogram-ver1_-senior.csv,15,2.0,30,stage1_total,0.2766391262412071
office-of-rail-regulation__31-03-2014__orr_310314-ORR-Organogram-ver1_-senior.csv,15,2.0,30,stage2_total,1.5459400601685047
office-of-rail-regulation__31-03-2014__orr_310314-ORR-Organogram-ver1_-senior.csv,15,2.0,30,unionability_total,42.695574928075075
office-of-rail-regulation__31-03-2014__orr_310314-ORR-Organogram-ver1_-senior.csv,15,2.0,30,end_to_end_total,80.44460299424827
office-of-rail-regulation__31-03-2014__orr_310314-ORR-Organogram-ver1_-senior.csv,15,3.0,45,index_probe_total,35.92518693767488
office-of-rail-regulation__31-03-2014__orr_310314-ORR-Organogram-ver1_-senior.csv,15,3.0,45,stage1_total,0.2628390211611986
office-of-rail-regulation__31-03-2014__orr_310314-ORR-Organogram-ver1_-senior.csv,15,3.0,45,stage2_total,2.1495139226317406
office-of-rail-regulation__31-03-2014__orr_310314-ORR-Organogram-ver1_-senior.csv,15,3.0,45,unionability_total,64.51667798683047
office-of-rail-regulation__31-03-2014__orr_310314-ORR-Organogram-ver1_-senior.csv,15,3.0,45,end_to_end_total,102.85602090880275
office-of-rail-regulation__31-03-2014__orr_310314-ORR-Organogram-ver1_-senior.csv,15,4.0,60,index_probe_total,35.92518693767488
office-of-rail-regulation__31-03-2014__orr_310314-ORR-Organogram-ver1_-senior.csv,15,4.0,60,stage1_total,0.2672651316970587
office-of-rail-regulation__31-03-2014__orr_310314-ORR-Organogram-ver1_-senior.csv,15,4.0,60,stage2_total,1.9575098995119333
office-of-rail-regulation__31-03-2014__orr_310314-ORR-Organogram-ver1_-senior.csv,15,4.0,60,unionability_total,84.13119218312204
office-of-rail-regulation__31-03-2014__orr_310314-ORR-Organogram-ver1_-senior.csv,15,4.0,60,end_to_end_total,122.28240678086877
pocatc-pdrclsl-2016-eng.csv,10,2.0,20,index_probe_total,30.35928215831518
pocatc-pdrclsl-2016-eng.csv,10,2.0,20,stage1_total,0.2326040994375944
pocatc-pdrclsl-2016-eng.csv,10,2.0,20,stage2_total,1.6323479358106852
pocatc-pdrclsl-2016-eng.csv,10,2.0,20,unionability_total,5.802314030006528
pocatc-pdrclsl-2016-eng.csv,10,2.0,20,end_to_end_total,38.02779130637646
pocatc-pdrclsl-2016-eng.csv,10,3.0,30,index_probe_total,30.35928215831518
pocatc-pdrclsl-2016-eng.csv,10,3.0,30,stage1_total,0.13424805365502834
pocatc-pdrclsl-2016-eng.csv,10,3.0,30,stage2_total,1.417660852894187
pocatc-pdrclsl-2016-eng.csv,10,3.0,30,unionability_total,8.58275406062603
pocatc-pdrclsl-2016-eng.csv,10,3.0,30,end_to_end_total,40.49506620503962
pocatc-pdrclsl-2016-eng.csv,10,4.0,40,index_probe_total,30.35928215831518
pocatc-pdrclsl-2016-eng.csv,10,4.0,40,stage1_total,0.1720651052892208
pocatc-pdrclsl-2016-eng.csv,10,4.0,40,stage2_total,1.8625580705702305
pocatc-pdrclsl-2016-eng.csv,10,4.0,40,unionability_total,12.160643003880978
pocatc-pdrclsl-2016-eng.csv,10,4.0,40,end_to_end_total,44.55578117631376
pocatc-pdrclsl-2016-eng.csv,15,2.0,30,index_probe_total,30.35928215831518
pocatc-pdrclsl-2016-eng.csv,15,2.0,30,stage1_total,0.13304688036441803
pocatc-pdrclsl-2016-eng.csv,15,2.0,30,stage2_total,1.5893729869276285
pocatc-pdrclsl-2016-eng.csv,15,2.0,30,unionability_total,8.249439066275954
pocatc-pdrclsl-2016-eng.csv,15,2.0,30,end_to_end_total,40.33223423175514
pocatc-pdrclsl-2016-eng.csv,15,3.0,45,index_probe_total,30.35928215831518
pocatc-pdrclsl-2016-eng.csv,15,3.0,45,stage1_total,0.15580002218484879
pocatc-pdrclsl-2016-eng.csv,15,3.0,45,stage2_total,1.71765498816967
pocatc-pdrclsl-2016-eng.csv,15,3.0,45,unionability_total,12.879977934062481
pocatc-pdrclsl-2016-eng.csv,15,3.0,45,end_to_end_total,45.11378821916878
pocatc-pdrclsl-2016-eng.csv,15,4.0,60,index_probe_total,30.35928215831518
pocatc-pdrclsl-2016-eng.csv,15,4.0,60,stage1_total,0.15092408284544945
pocatc-pdrclsl-2016-eng.csv,15,4.0,60,stage2_total,1.920286100357771
pocatc-pdrclsl-2016-eng.csv,15,4.0,60,unionability_total,17.20663788728416
pocatc-pdrclsl-2016-eng.csv,15,4.0,60,end_to_end_total,49.638490192592144
purchasing-card-spend-jul2015.csv,10,2.0,20,index_probe_total,32.06335613504052
purchasing-card-spend-jul2015.csv,10,2.0,20,stage1_total,0.16155000776052475
purchasing-card-spend-jul2015.csv,10,2.0,20,stage2_total,1.586100086569786
purchasing-card-spend-jul2015.csv,10,2.0,20,unionability_total,7.48429587110877
purchasing-card-spend-jul2015.csv,10,2.0,20,end_to_end_total,41.29647300578654
purchasing-card-spend-jul2015.csv,10,3.0,30,index_probe_total,32.06335613504052
purchasing-card-spend-jul2015.csv,10,3.0,30,stage1_total,0.17437804490327835
purchasing-card-spend-jul2015.csv,10,3.0,30,stage2_total,1.6377358697354794
purchasing-card-spend-jul2015.csv,10,3.0,30,unionability_total,11.193669866770506
purchasing-card-spend-jul2015.csv,10,3.0,30,end_to_end_total,45.07031198590994
purchasing-card-spend-jul2015.csv,10,4.0,40,index_probe_total,32.06335613504052
purchasing-card-spend-jul2015.csv,10,4.0,40,stage1_total,0.19887485541403294
purchasing-card-spend-jul2015.csv,10,4.0,40,stage2_total,2.0042979158461094
purchasing-card-spend-jul2015.csv,10,4.0,40,unionability_total,14.494209783151746
purchasing-card-spend-jul2015.csv,10,4.0,40,end_to_end_total,48.76181110739708
purchasing-card-spend-jul2015.csv,15,2.0,30,index_probe_total,32.06335613504052
purchasing-card-spend-jul2015.csv,15,2.0,30,stage1_total,0.15177507884800434
purchasing-card-spend-jul2015.csv,15,2.0,30,stage2_total,1.9255930092185736
purchasing-card-spend-jul2015.csv,15,2.0,30,unionability_total,10.570618091151118
purchasing-card-spend-jul2015.csv,15,2.0,30,end_to_end_total,44.71246316097677
purchasing-card-spend-jul2015.csv,15,3.0,45,index_probe_total,32.06335613504052
purchasing-card-spend-jul2015.csv,15,3.0,45,stage1_total,0.21385704167187214
purchasing-card-spend-jul2015.csv,15,3.0,45,stage2_total,2.1675010211765766
purchasing-card-spend-jul2015.csv,15,3.0,45,unionability_total,16.997638158500195
purchasing-card-spend-jul2015.csv,15,3.0,45,end_to_end_total,51.44352512434125
purchasing-card-spend-jul2015.csv,15,4.0,60,index_probe_total,32.06335613504052
purchasing-card-spend-jul2015.csv,15,4.0,60,stage1_total,0.22094696760177612
purchasing-card-spend-jul2015.csv,15,4.0,60,stage2_total,2.0466609857976437
purchasing-card-spend-jul2015.csv,15,4.0,60,unionability_total,22.286511957645416
purchasing-card-spend-jul2015.csv,15,4.0,60,end_to_end_total,56.618670001626015
rm-mr-2009-eng.csv,10,2.0,20,index_probe_total,65.77380490489304
rm-mr-2009-eng.csv,10,2.0,20,stage1_total,0.4281348083168268
rm-mr-2009-eng.csv,10,2.0,20,stage2_total,1.903509022668004
rm-mr-2009-eng.csv,10,2.0,20,unionability_total,8.059266954660416
rm-mr-2009-eng.csv,10,2.0,20,end_to_end_total,76.16580906324089
rm-mr-2009-eng.csv,10,3.0,30,index_probe_total,65.77380490489304
rm-mr-2009-eng.csv,10,3.0,30,stage1_total,0.590896001085639
rm-mr-2009-eng.csv,10,3.0,30,stage2_total,1.6811010427772999
rm-mr-2009-eng.csv,10,3.0,30,unionability_total,13.83645599707961
rm-mr-2009-eng.csv,10,3.0,30,end_to_end_total,81.88375970348716
rm-mr-2009-eng.csv,10,4.0,40,index_probe_total,65.77380490489304
rm-mr-2009-eng.csv,10,4.0,40,stage1_total,0.6307349540293217
rm-mr-2009-eng.csv,10,4.0,40,stage2_total,2.0411021541804075
rm-mr-2009-eng.csv,10,4.0,40,unionability_total,16.873464919626713
rm-mr-2009-eng.csv,10,4.0,40,end_to_end_total,85.32042894512415
rm-mr-2009-eng.csv,15,2.0,30,index_probe_total,65.77380490489304
rm-mr-2009-eng.csv,15,2.0,30,stage1_total,0.6001291330903769
rm-mr-2009-eng.csv,15,2.0,30,stage2_total,1.5247778501361609
rm-mr-2009-eng.csv,15,2.0,30,unionability_total,14.040807960554957
rm-mr-2009-eng.csv,15,2.0,30,end_to_end_total,81.94061205722392
rm-mr-2009-eng.csv,15,3.0,45,index_probe_total,65.77380490489304
rm-mr-2009-eng.csv,15,3.0,45,stage1_total,0.556224025785923
rm-mr-2009-eng.csv,15,3.0,45,stage2_total,1.8166310619562864
rm-mr-2009-eng.csv,15,3.0,45,unionability_total,18.942819209769368
rm-mr-2009-eng.csv,15,3.0,45,end_to_end_total,87.09077094681561
rm-mr-2009-eng.csv,15,4.0,60,index_probe_total,65.77380490489304
rm-mr-2009-eng.csv,15,4.0,60,stage1_total,0.49311108887195587
rm-mr-2009-eng.csv,15,4.0,60,stage2_total,2.0120800472795963
rm-mr-2009-eng.csv,15,4.0,60,unionability_total,26.617396855726838
rm-mr-2009-eng.csv,15,4.0,60,end_to_end_total,94.89752491936088
travel-exp-April-June-2018.csv,10,2.0,20,index_probe_total,17.318084137514234
travel-exp-April-June-2018.csv,10,2.0,20,stage1_total,0.09070383384823799
travel-exp-April-June-2018.csv,10,2.0,20,stage2_total,1.6588778235018253
travel-exp-April-June-2018.csv,10,2.0,20,unionability_total,11.003890074789524
travel-exp-April-June-2018.csv,10,2.0,20,end_to_end_total,30.0727270077914
travel-exp-April-June-2018.csv,10,3.0,30,index_probe_total,17.318084137514234
travel-exp-April-June-2018.csv,10,3.0,30,stage1_total,0.08370401337742805
travel-exp-April-June-2018.csv,10,3.0,30,stage2_total,1.4989010524004698
travel-exp-April-June-2018.csv,10,3.0,30,unionability_total,15.434463042765856
travel-exp-April-June-2018.csv,10,3.0,30,end_to_end_total,34.33629311621189
travel-exp-April-June-2018.csv,10,4.0,40,index_probe_total,17.318084137514234
travel-exp-April-June-2018.csv,10,4.0,40,stage1_total,0.08778995834290981
travel-exp-April-June-2018.csv,10,4.0,40,stage2_total,1.402796944603324
travel-exp-April-June-2018.csv,10,4.0,40,unionability_total,20.38692799396813
travel-exp-April-June-2018.csv,10,4.0,40,end_to_end_total,39.196712197735906
travel-exp-April-June-2018.csv,15,2.0,30,index_probe_total,17.318084137514234
travel-exp-April-June-2018.csv,15,2.0,30,stage1_total,0.09093503467738628
travel-exp-April-June-2018.csv,15,2.0,30,stage2_total,1.620340859517455
travel-exp-April-June-2018.csv,15,2.0,30,unionability_total,14.353071106597781
travel-exp-April-June-2018.csv,15,2.0,30,end_to_end_total,33.383572241291404
travel-exp-April-June-2018.csv,15,3.0,45,index_probe_total,17.318084137514234
travel-exp-April-June-2018.csv,15,3.0,45,stage1_total,0.08290284313261509
travel-exp-April-June-2018.csv,15,3.0,45,stage2_total,1.5718590002506971
travel-exp-April-June-2018.csv,15,3.0,45,unionability_total,22.42631884291768
travel-exp-April-June-2018.csv,15,3.0,45,end_to_end_total,41.40051710419357
travel-exp-April-June-2018.csv,15,4.0,60,index_probe_total,17.318084137514234
travel-exp-April-June-2018.csv,15,4.0,60,stage1_total,0.08396408520638943
travel-exp-April-June-2018.csv,15,4.0,60,stage2_total,1.8922428134828806
travel-exp-April-June-2018.csv,15,4.0,60,unionability_total,30.059436103329062
travel-exp-April-June-2018.csv,15,4.0,60,end_to_end_total,49.35483913868666
travel-jan-march-2020.csv,10,2.0,20,index_probe_total,15.327545814216137
travel-jan-march-2020.csv,10,2.0,20,stage1_total,0.08801021613180637
travel-jan-march-2020.csv,10,2.0,20,stage2_total,1.6076399479061365
travel-jan-march-2020.csv,10,2.0,20,unionability_total,7.57477106526494
travel-jan-march-2020.csv,10,2.0,20,end_to_end_total,24.59913888014853
travel-jan-march-2020.csv,10,3.0,30,index_probe_total,15.327545814216137
travel-jan-march-2020.csv,10,3.0,30,stage1_total,0.06037997081875801
travel-jan-march-2020.csv,10,3.0,30,stage2_total,1.8062139861285686
travel-jan-march-2020.csv,10,3.0,30,unionability_total,12.074516154825687
travel-jan-march-2020.csv,10,3.0,30,end_to_end_total,29.26980867050588
travel-jan-march-2020.csv,10,4.0,40,index_probe_total,15.327545814216137
travel-jan-march-2020.csv,10,4.0,40,stage1_total,0.07206597365438938
travel-jan-march-2020.csv,10,4.0,40,stage2_total,7.8639991115778685
travel-jan-march-2020.csv,10,4.0,40,unionability_total,15.453962842002511
travel-jan-march-2020.csv,10,4.0,40,end_to_end_total,38.72133884578943
travel-jan-march-2020.csv,15,2.0,30,index_probe_total,15.327545814216137
travel-jan-march-2020.csv,15,2.0,30,stage1_total,0.06733997724950314
travel-jan-march-2020.csv,15,2.0,30,stage2_total,3.6239379551261663
travel-jan-march-2020.csv,15,2.0,30,unionability_total,11.221862863749266
travel-jan-march-2020.csv,15,2.0,30,end_to_end_total,30.241898959502578
travel-jan-march-2020.csv,15,3.0,45,index_probe_total,15.327545814216137
travel-jan-march-2020.csv,15,3.0,45,stage1_total,0.06715906783938408
travel-jan-march-2020.csv,15,3.0,45,stage2_total,2.1114270202815533
travel-jan-march-2020.csv,15,3.0,45,unionability_total,17.800708068534732
travel-jan-march-2020.csv,15,3.0,45,end_to_end_total,35.30803183093667
travel-jan-march-2020.csv,15,4.0,60,index_probe_total,15.327545814216137
travel-jan-march-2020.csv,15,4.0,60,stage1_total,0.07559102959930897
travel-jan-march-2020.csv,15,4.0,60,stage2_total,5.1169609650969505
travel-jan-march-2020.csv,15,4.0,60,unionability_total,25.760919088497758
travel-jan-march-2020.csv,15,4.0,60,end_to_end_total,46.28229886293411
trinity-house__30-09-2012__dft_Trinity-House-Final-Return-junior.csv,10,2.0,20,index_probe_total,43.71753102168441
trinity-house__30-09-2012__dft_Trinity-House-Final-Return-junior.csv,10,2.0,20,stage1_total,0.2807658165693283
trinity-house__30-09-2012__dft_Trinity-House-Final-Return-junior.csv,10,2.0,20,stage2_total,1.4075851067900658
trinity-house__30-09-2012__dft_Trinity-House-Final-Return-junior.csv,10,2.0,20,unionability_total,8.994763949885964
trinity-house__30-09-2012__dft_Trinity-House-Final-Return-junior.csv,10,2.0,20,end_to_end_total,54.40189805813134
trinity-house__30-09-2012__dft_Trinity-House-Final-Return-junior.csv,10,3.0,30,index_probe_total,43.71753102168441
trinity-house__30-09-2012__dft_Trinity-House-Final-Return-junior.csv,10,3.0,30,stage1_total,0.31035998836159706
trinity-house__30-09-2012__dft_Trinity-House-Final-Return-junior.csv,10,3.0,30,stage2_total,1.457219012081623
trinity-house__30-09-2012__dft_Trinity-House-Final-Return-junior.csv,10,3.0,30,unionability_total,16.860695090144873
trinity-house__30-09-2012__dft_Trinity-House-Final-Return-junior.csv,10,3.0,30,end_to_end_total,62.34709685668349
trinity-house__30-09-2012__dft_Trinity-House-Final-Return-junior.csv,10,4.0,40,index_probe_total,43.71753102168441
trinity-house__30-09-2012__dft_Trinity-House-Final-Return-junior.csv,10,4.0,40,stage1_total,0.382137019187212
trinity-house__30-09-2012__dft_Trinity-House-Final-Return-junior.csv,10,4.0,40,stage2_total,1.486482098698616
trinity-house__30-09-2012__dft_Trinity-House-Final-Return-junior.csv,10,4.0,40,unionability_total,22.83050795085728
trinity-house__30-09-2012__dft_Trinity-House-Final-Return-junior.csv,10,4.0,40,end_to_end_total,68.41790908947587
trinity-house__30-09-2012__dft_Trinity-House-Final-Return-junior.csv,15,2.0,30,index_probe_total,43.71753102168441
trinity-house__30-09-2012__dft_Trinity-House-Final-Return-junior.csv,15,2.0,30,stage1_total,0.3227679990231991
trinity-house__30-09-2012__dft_Trinity-House-Final-Return-junior.csv,15,2.0,30,stage2_total,1.5258800704032183
trinity-house__30-09-2012__dft_Trinity-House-Final-Return-junior.csv,15,2.0,30,unionability_total,16.9917200691998
trinity-house__30-09-2012__dft_Trinity-House-Final-Return-junior.csv,15,2.0,30,end_to_end_total,62.559181125834584
trinity-house__30-09-2012__dft_Trinity-House-Final-Return-junior.csv,15,3.0,45,index_probe_total,43.71753102168441
trinity-house__30-09-2012__dft_Trinity-House-Final-Return-junior.csv,15,3.0,45,stage1_total,0.38848607800900936
trinity-house__30-09-2012__dft_Trinity-House-Final-Return-junior.csv,15,3.0,45,stage2_total,1.7008478753268719
trinity-house__30-09-2012__dft_Trinity-House-Final-Return-junior.csv,15,3.0,45,unionability_total,26.004911167547107
trinity-house__30-09-2012__dft_Trinity-House-Final-Return-junior.csv,15,3.0,45,end_to_end_total,71.81296800263226
trinity-house__30-09-2012__dft_Trinity-House-Final-Return-junior.csv,15,4.0,60,index_probe_total,43.71753102168441
trinity-house__30-09-2012__dft_Trinity-House-Final-Return-junior.csv,15,4.0,60,stage1_total,0.39896112866699696
trinity-house__30-09-2012__dft_Trinity-House-Final-Return-junior.csv,15,4.0,60,stage2_total,1.7137979157269
trinity-house__30-09-2012__dft_Trinity-House-Final-Return-junior.csv,15,4.0,60,unionability_total,37.03306708484888
trinity-house__30-09-2012__dft_Trinity-House-Final-Return-junior.csv,15,4.0,60,end_to_end_total,82.86458882503211
