experiment,config_id,seed,q_table,attr,M_size,k,alpha,F_star,delta,include_query,top_n,adapter_synopsis,adapter_semantic,adapter_overlap,adapter_unionability,lp_precheck,n_sem,n_ovl,n_pair,feasible,infeasibility_cause,error,n_D,n_P,n_R,F_P,F_R,delta_R,sum_U,n_unionability_computations,dinkelbach_iterations_stage1,effective_alpha,ilp_time_s,lp_precheck_ran,lp_feasible,lp_time_s,wall_time_s,gt_size,d_hits,p_hits,r_hits,precision_d,recall_d,precision_p,recall_p,precision_r,recall_r,scoring_time_s
alpha_sweep,k=5_alpha=1,42,311_calls_historic_data_a_fair.csv,1,1,5,1,0.3,0.15,True,100,csv,hnsw,inverted_index,pinned_match,True,100,22,11,True,,,11,5,5,0.43739843095191255,0.43739843095191255,-0.13739843095191256,34.63057768344879,5,1,1.0,0.0033921569120138884,True,True,0.0018937811255455017,0.016004650853574276,,,,,,,,,,,0.002133317058905959
alpha_sweep,k=5_alpha=1,42,abandoned_wells_a_fair.csv,6,1,5,1,0.3,0.15,True,100,csv,hnsw,inverted_index,pinned_match,True,100,22,11,True,,,11,5,5,0.423495973472288,0.423495973472288,-0.12349597347228802,32.10196667909622,5,1,1.0,0.00139836804009974,True,True,0.0005009418819099665,0.006060705054551363,,,,,,,,,,,0.0017700230237096548
alpha_sweep,k=5_alpha=1,42,albums_a_fair.csv,4,1,5,1,0.3,0.15,True,100,csv,hnsw,inverted_index,pinned_match,True,100,40,10,True,,,10,5,5,0.4398751211109915,0.4398751211109915,-0.13987512111099148,17.62921440601349,5,1,1.0,0.0012957400176674128,True,True,0.0004736918490380049,0.004839574918150902,,,,,,,,,,,0.0009120870381593704
alpha_sweep,k=5_alpha=1,42,animal_tag_data_a_fair.csv,3,1,5,1,0.3,0.15,True,100,csv,hnsw,inverted_index,pinned_match,True,100,21,8,True,,,8,5,5,0.25461550593695786,0.25461550593695786,0.045384494063042125,57.116489589214325,5,1,1.0,0.0014029580634087324,True,True,0.0005063628777861595,0.010253401007503271,,,,,,,,,,,0.003919878974556923
alpha_sweep,k=5_alpha=1,42,animal_tag_data_b_fair.csv,1,1,5,1,0.3,0.15,True,100,csv,hnsw,inverted_index,pinned_match,True,100,24,9,True,,,9,5,5,0.4161522633744856,0.4161522633744856,-0.11615226337448559,52.54092746973038,5,1,1.0,0.0013442488852888346,True,True,0.0004894521553069353,0.007096349960193038,,,,,,,,,,,0.003371297847479582
alpha_sweep,k=5_alpha=1,42,biodiversity_a_fair.csv,6,1,5,1,0.3,0.15,True,100,csv,hnsw,inverted_index,pinned_match,True,59,2,2,False,insufficient_candidates,,2,0,0,,,,,0,0,1.0,,False,,,0.0012711009476333857,,,,,,,,,,,
alpha_sweep,k=5_alpha=1,42,business_rates_a_fair.csv,9,1,5,1,0.3,0.15,True,100,csv,hnsw,inverted_index,pinned_match,True,100,24,4,False,insufficient_candidates,,4,0,0,,,,,0,0,1.0,,False,,,0.0019131000153720379,,,,,,,,,,,
alpha_sweep,k=5_alpha=1,42,cdc_nutrition_physical_activity_and_obesity_legislation_a_fair.csv,1,1,5,1,0.3,0.15,True,100,csv,hnsw,inverted_index,pinned_match,True,100,22,12,True,,,12,5,5,0.5022249079822008,0.5022249079822008,-0.20222490798220077,35.935461580753326,5,1,1.0,0.0013958979398012161,True,True,0.0005187611095607281,0.00637705996632576,,,,,,,,,,,0.0020455389749258757
alpha_sweep,k=5_alpha=1,42,cihr_co-applicant_a_fair.csv,3,1,5,1,0.3,0.15,True,100,csv,hnsw,inverted_index,pinned_match,True,100,24,8,True,,,8,5,5,0.22665279554186893,0.22665279554186893,0.07334720445813106,59.17235028743744,5,2,1.0,0.00141878891736269,True,True,0.0005219229497015476,0.011916055111214519,,,,,,,,,,,0.0038722900208085775
alpha_sweep,k=5_alpha=1,42,cihr_co-applicant_b_fair.csv,2,1,5,1,0.3,0.15,True,100,csv,hnsw,inverted_index,pinned_match,True,100,13,5,True,,,5,5,5,0.3970064989512665,0.3970064989512665,-0.0970064989512665,54.323054790496826,5,0,1.0,0.0014481169637292624,True,True,0.00052465102635324,0.010769743006676435,,,,,,,,,,,0.0034760860726237297
alpha_sweep,k=5_alpha=1,42,civic_building_locations_a_fair.csv,3,1,5,1,0.3,0.15,True,100,csv,hnsw,inverted_index,pinned_match,True,100,18,6,True,,,6,5,5,0.3611748508490133,0.3611748508490133,-0.06117485084901331,74.34771376848221,5,1,1.0,0.0014028290752321482,True,True,0.000511630903929472,0.009251225972548127,,,,,,,,,,,0.006036896025761962
alpha_sweep,k=5_alpha=1,42,complaint_by_practice_a_fair.csv,0,1,5,1,0.3,0.15,True,100,csv,hnsw,inverted_index,pinned_match,True,100,30,2,False,insufficient_candidates,,2,0,0,,,,,0,0,1.0,,False,,,0.006477510090917349,,,,,,,,,,,
alpha_sweep,k=5_alpha=1,42,complaint_by_practice_b_fair.csv,1,1,5,1,0.3,0.15,True,100,csv,hnsw,inverted_index,pinned_match,True,100,30,5,False,stage2_infeasible,,5,5,0,0.10546712692172468,,,,5,0,1.0,0.0005227320361882448,True,False,0.0005123931914567947,0.006061354884877801,,,,,,,,,,,0.003243589075282216
alpha_sweep,k=5_alpha=1,42,contributors_parties_a_fair.csv,2,1,5,1,0.3,0.15,True,100,csv,hnsw,inverted_index,pinned_match,True,100,50,17,True,,,17,5,5,0.4122277001396251,0.4122277001396251,-0.11222770013962513,26.615732312202454,5,1,1.0,0.001459208084270358,True,True,0.0005003230180591345,0.007647272199392319,,,,,,,,,,,0.0015844660811126232
alpha_sweep,k=5_alpha=1,42,contributors_parties_b_fair.csv,0,1,5,1,0.3,0.15,True,100,csv,hnsw,inverted_index,pinned_match,True,100,42,17,True,,,17,5,5,1.0,1.0,-0.7,22.51284295320511,5,1,1.0,0.0013274690136313438,True,True,0.0004806220531463623,0.006374421063810587,,,,,,,,,,,0.0010811728425323963
alpha_sweep,k=5_alpha=1,42,data_mill_a_fair.csv,4,1,5,1,0.3,0.15,True,100,csv,hnsw,inverted_index,pinned_match,True,100,7,5,True,,,5,5,5,0.280016992646088,0.280016992646088,0.019983007353912008,94.36094391345978,5,0,1.0,0.0016262151766568422,True,True,0.0005453210324048996,0.01442237594164908,,,,,,,,,,,0.009410643018782139
alpha_sweep,k=5_alpha=1,42,data_mill_b_fair.csv,3,1,5,1,0.3,0.15,True,100,csv,hnsw,inverted_index,pinned_match,True,100,22,6,False,insufficient_candidates,,3,0,0,,,,,0,0,1.0,,False,,,0.0020934969652444124,,,,,,,,,,,
alpha_sweep,k=5_alpha=1,42,deaths_2012_2018_a_fair.csv,5,1,5,1,0.3,0.15,True,100,csv,hnsw,inverted_index,pinned_match,True,100,40,18,True,,,9,5,5,0.6892803082427411,0.6892803082427411,-0.3892803082427411,36.383642971515656,5,1,1.0,0.0013593491166830063,True,True,0.0005177408456802368,0.006152174202725291,,,,,,,,,,,0.002654419047757983
alpha_sweep,k=5_alpha=1,42,immigration_records_a_fair.csv,2,1,5,1,0.3,0.15,True,100,csv,hnsw,inverted_index,pinned_match,True,100,45,12,True,,,12,5,5,0.42009171486259883,0.42009171486259883,-0.12009171486259884,24.916005074977875,5,1,1.0,0.0013057889882475138,True,True,0.00047455192543566227,0.006344211054965854,,,,,,,,,,,0.0017960530240088701
alpha_sweep,k=5_alpha=1,42,ipopayments_a_fair.csv,0,1,5,1,0.3,0.15,True,100,csv,hnsw,inverted_index,pinned_match,True,100,30,11,True,,,11,5,5,1.0,1.0,-0.7,41.92264550924301,5,1,1.0,0.0013335789553821087,True,True,0.0004847920499742031,0.005903598852455616,,,,,,,,,,,0.002287475159391761
alpha_sweep,k=5_alpha=1,42,ipopayments_b_fair.csv,2,1,5,1,0.3,0.15,True,100,csv,hnsw,inverted_index,pinned_match,True,100,16,7,True,,,7,5,5,0.4334301119867275,0.4334301119867275,-0.1334301119867275,41.94270086288452,5,1,1.0,0.0013170489110052586,True,True,0.0004748620558530092,0.005127430194988847,,,,,,,,,,,0.0022320051211863756
alpha_sweep,k=5_alpha=1,42,job_pay_scales_a_fair.csv,4,1,5,1,0.3,0.15,True,100,csv,hnsw,inverted_index,pinned_match,True,100,80,10,True,,,10,5,5,0.4301628106255356,0.4301628106255356,-0.13016281062553559,49.51029461622238,5,1,1.0,0.001318798866122961,True,True,0.00048687192611396313,0.006290673045441508,,,,,,,,,,,0.002763747936114669
alpha_sweep,k=5_alpha=1,42,lane_description_a_fair.csv,1,1,5,1,0.3,0.15,True,100,csv,hnsw,inverted_index,pinned_match,True,100,31,8,True,,,8,5,5,0.4232802571108529,0.4232802571108529,-0.12328025711085289,68.57601064443588,5,2,1.0,0.0014740058686584234,True,True,0.0005366820842027664,0.015860063955187798,,,,,,,,,,,0.005195458885282278
alpha_sweep,k=5_alpha=1,42,lane_description_b_fair.csv,9,1,5,1,0.3,0.15,True,100,csv,hnsw,inverted_index,pinned_match,True,100,1165,8,False,insufficient_candidates,,4,0,0,,,,,0,0,1.0,,False,,,0.0020334578584879637,,,,,,,,,,,
alpha_sweep,k=5_alpha=1,42,mines_a_fair.csv,5,1,5,1,0.3,0.15,True,100,csv,hnsw,inverted_index,pinned_match,True,100,16,12,True,,,12,5,5,0.425161602071424,0.425161602071424,-0.12516160207142402,38.63752728700638,5,1,1.0,0.0013476379681378603,True,True,0.0005014520138502121,0.006722824880853295,,,,,,,,,,,0.001834711991250515
alpha_sweep,k=5_alpha=1,42,mines_b_fair.csv,2,1,5,1,0.3,0.15,True,100,csv,hnsw,inverted_index,pinned_match,True,100,25,4,False,insufficient_candidates,,4,0,0,,,,,0,0,1.0,,False,,,0.0012196721509099007,,,,,,,,,,,
alpha_sweep,k=5_alpha=1,42,minister_meetings_a_fair.csv,4,1,5,1,0.3,0.15,True,100,csv,hnsw,inverted_index,pinned_match,True,100,55,26,True,,,8,5,5,0.4527027027027027,0.4527027027027027,-0.1527027027027027,22.814058780670166,5,1,1.0,0.001311509171500802,True,True,0.0004668720066547394,0.003869089065119624,,,,,,,,,,,0.0008269778918474913
alpha_sweep,k=5_alpha=1,42,monthly_data_feed_a_fair.csv,11,1,5,1,0.3,0.15,True,100,csv,hnsw,inverted_index,pinned_match,True,100,1165,28,True,,,6,5,5,1.0,1.0,-0.7,93.06950443983078,5,1,1.0,0.001563254976645112,True,True,0.0005406620912253857,0.013222655048593879,,,,,,,,,,,0.009377215057611465
alpha_sweep,k=5_alpha=1,42,monthly_data_feed_b_fair.csv,1,1,5,1,0.3,0.15,True,100,csv,hnsw,inverted_index,pinned_match,True,100,24,4,False,insufficient_candidates,,4,0,0,,,,,0,0,1.0,,False,,,0.0014039177913218737,,,,,,,,,,,
alpha_sweep,k=5_alpha=1,42,new_york_city_restaurant_inspection_results_a_fair.csv,6,1,5,1,0.3,0.15,True,100,csv,hnsw,inverted_index,pinned_match,True,100,62,9,True,,,9,5,5,0.41566466023642035,0.41566466023642035,-0.11566466023642036,37.131314158439636,5,1,1.0,0.0014907179865986109,True,True,0.0005388017743825912,0.014724272070452571,,,,,,,,,,,0.0025381401646882296
alpha_sweep,k=5_alpha=1,42,oil_and_gas_summary_production_data_1967_1999_a_fair.csv,2,1,5,1,0.3,0.15,True,100,csv,hnsw,inverted_index,pinned_match,True,100,44,12,True,,,12,5,5,0.4304167634983345,0.4304167634983345,-0.13041676349833453,38.49697196483612,5,1,1.0,0.001428927993401885,True,True,0.0004902419168502092,0.0065350590739399195,,,,,,,,,,,0.002108357148244977
alpha_sweep,k=5_alpha=1,42,practice_reference_a_fair.csv,6,1,5,1,0.3,0.15,True,100,csv,hnsw,inverted_index,pinned_match,True,100,31,13,True,,,13,5,5,0.29367927132210875,0.29367927132210875,0.006320728677891241,39.12202858924866,5,1,1.0,0.0013456691522151232,True,True,0.0004897520411759615,0.006024976959452033,,,,,,,,,,,0.0018576609436422586
alpha_sweep,k=5_alpha=1,42,practice_reference_b_fair.csv,5,1,5,1,0.3,0.15,True,100,csv,hnsw,inverted_index,pinned_match,True,100,30,13,True,,,13,5,5,0.42993979200875754,0.42993979200875754,-0.12993979200875755,33.81052279472351,5,1,1.0,0.0013194091152399778,True,True,0.0004826919175684452,0.004928202135488391,,,,,,,,,,,0.0015704450197517872
alpha_sweep,k=5_alpha=1,42,prescribing_a_fair.csv,14,1,5,1,0.3,0.15,True,100,csv,hnsw,inverted_index,pinned_match,True,100,70,5,True,,,5,5,5,0.21702562154204166,0.21702562154204166,0.08297437845795833,90.56474554538727,5,0,1.0,0.001462757121771574,True,True,0.0005533301737159491,0.01647787308320403,,,,,,,,,,,0.009384374832734466
alpha_sweep,k=5_alpha=1,42,prescribing_b_fair.csv,13,1,5,1,0.3,0.15,True,100,csv,hnsw,inverted_index,pinned_match,True,100,180,12,True,,,6,5,5,0.3729627959887783,0.3729627959887783,-0.0729627959887783,91.57195609807968,5,1,1.0,0.0015848660841584206,True,True,0.0005985400639474392,0.018117438070476055,,,,,,,,,,,0.009371425025165081
alpha_sweep,k=5_alpha=1,42,psyckes_antipsychotic_polypharmacy_quality_indicators_beginning_2012_a_fair.csv,3,1,5,1,0.3,0.15,True,100,csv,hnsw,inverted_index,pinned_match,True,100,22,13,True,,,13,5,5,0.7219421718005029,0.7219421718005029,-0.4219421718005029,26.958653151988983,5,2,1.0,0.0014744570944458246,True,True,0.0005326010286808014,0.011622349033132195,,,,,,,,,,,0.0016848139930516481
alpha_sweep,k=5_alpha=1,42,purchasing_card_a_fair.csv,1,1,5,1,0.3,0.15,True,100,csv,hnsw,inverted_index,pinned_match,True,100,26,10,True,,,10,5,5,0.4219532554257095,0.4219532554257095,-0.1219532554257095,49.082762360572815,5,1,1.0,0.0013605491258203983,True,True,0.0005162418819963932,0.006284502102062106,,,,,,,,,,,0.002819777000695467
alpha_sweep,k=5_alpha=1,42,report_card_discipline_for_2015_16_a_fair.csv,2,1,5,1,0.3,0.15,True,100,csv,hnsw,inverted_index,pinned_match,True,100,22,11,True,,,11,5,5,0.4467909948270584,0.4467909948270584,-0.14679099482705843,40.961408615112305,5,1,1.0,0.0014922069385647774,True,True,0.0005533720832318068,0.01696920720860362,,,,,,,,,,,0.0025088510010391474
alpha_sweep,k=5_alpha=1,42,senior_officials_expenses_a_fair.csv,1,1,5,1,0.3,0.15,True,100,csv,hnsw,inverted_index,pinned_match,True,100,7,4,False,insufficient_candidates,,4,0,0,,,,,0,0,1.0,,False,,,0.0012081509921699762,,,,,,,,,,,
alpha_sweep,k=5_alpha=1,42,stockport_contracts_a_fair.csv,4,1,5,1,0.3,0.15,True,100,csv,hnsw,inverted_index,pinned_match,True,100,1,1,False,insufficient_candidates,,1,0,0,,,,,0,0,1.0,,False,,,0.0009648050181567669,,,,,,,,,,,
alpha_sweep,k=5_alpha=1,42,stockport_contracts_b_fair.csv,15,1,5,1,0.3,0.15,True,100,csv,hnsw,inverted_index,pinned_match,True,100,24,4,False,insufficient_candidates,,4,0,0,,,,,0,0,1.0,,False,,,0.0011356121394783258,,,,,,,,,,,
alpha_sweep,k=5_alpha=1,42,time_spent_watching_vcr_movies_a_fair.csv,4,1,5,1,0.3,0.15,True,100,csv,hnsw,inverted_index,pinned_match,True,100,14,5,True,,,5,5,5,1.0,1.0,-0.7,20.509933412075043,5,0,1.0,0.001445696922019124,True,True,0.0005284610670059919,0.003529505105689168,,,,,,,,,,,0.0008856260683387518
alpha_sweep,k=5_alpha=1,42,tuition_assistance_program_tap_recipients_a_fair.csv,5,1,5,1,0.3,0.15,True,100,csv,hnsw,inverted_index,pinned_match,True,100,22,14,True,,,14,5,5,0.6239539529750345,0.6239539529750345,-0.32395395297503454,31.72944164276123,5,1,1.0,0.0014224781189113855,True,True,0.00047930306755006313,0.006849924800917506,,,,,,,,,,,0.0016511939465999603
alpha_sweep,k=5_alpha=1,42,wholesale_markets_a_fair.csv,2,1,5,1,0.3,0.15,True,100,csv,hnsw,inverted_index,pinned_match,True,100,2,2,False,insufficient_candidates,,2,0,0,,,,,0,0,1.0,,False,,,0.003286929102614522,,,,,,,,,,,
alpha_sweep,k=5_alpha=1,42,workforce_management_information_a_fair.csv,20,1,5,1,0.3,0.15,True,100,csv,hnsw,inverted_index,pinned_match,True,100,14,1,False,insufficient_candidates,,1,0,0,,,,,0,0,1.0,,False,,,0.0009543159976601601,,,,,,,,,,,
alpha_sweep,k=5_alpha=1,42,workforce_management_information_b_fair.csv,17,1,5,1,0.3,0.15,True,100,csv,hnsw,inverted_index,pinned_match,True,100,74,1,False,insufficient_candidates,,1,0,0,,,,,0,0,1.0,,False,,,0.0005071021150797606,,,,,,,,,,,
alpha_sweep,k=5_alpha=1,42,ydn_spending_data_a_fair.csv,1,1,5,1,0.3,0.15,True,100,csv,hnsw,inverted_index,pinned_match,True,100,13,6,True,,,6,5,5,0.24682992933888298,0.24682992933888298,0.05317007066111701,53.29436922073364,5,1,1.0,0.001456547062844038,True,True,0.0005222409963607788,0.007058440009132028,,,,,,,,,,,0.003977388143539429
alpha_sweep,k=5_alpha=1,42,ydn_spending_data_b_fair.csv,11,1,5,1,0.3,0.15,True,100,csv,hnsw,inverted_index,pinned_match,True,100,13,6,True,,,6,5,5,0.42212165859818984,0.42212165859818984,-0.12212165859818985,54.20709639787674,5,1,1.0,0.0013488780241459608,True,True,0.0004999530501663685,0.006568846991285682,,,,,,,,,,,0.0038173720240592957
alpha_sweep,k=5_alpha=2,42,311_calls_historic_data_a_fair.csv,1,1,5,2,0.3,0.15,True,100,csv,hnsw,inverted_index,pinned_match,True,100,22,11,True,,,11,10,5,0.42197479825290657,0.4299567818150546,-0.1299567818150546,34.85546672344208,10,2,2.0,0.0015723551623523235,True,True,0.0005643118638545275,0.013846603920683265,,,,,,,,,,,0.003909830003976822
alpha_sweep,k=5_alpha=2,42,abandoned_wells_a_fair.csv,6,1,5,2,0.3,0.15,True,100,csv,hnsw,inverted_index,pinned_match,True,100,22,11,True,,,11,10,5,0.3360920557645497,0.36236436322101656,-0.06236436322101657,32.901400208473206,10,2,2.0,0.001530935987830162,True,True,0.0005185629706829786,0.007051850901916623,,,,,,,,,,,0.0033636470325291157
alpha_sweep,k=5_alpha=2,42,albums_a_fair.csv,4,1,5,2,0.3,0.15,True,100,csv,hnsw,inverted_index,pinned_match,True,100,40,10,True,,,10,10,5,0.2997805413313826,0.28229082047116166,0.017709179528838326,20.978315472602844,10,0,2.0,0.0013566999696195126,True,True,0.00048500183038413525,0.004993843147531152,,,,,,,,,,,0.0016322738956660032
alpha_sweep,k=5_alpha=2,42,animal_tag_data_a_fair.csv,3,1,5,2,0.3,0.15,True,100,csv,hnsw,inverted_index,pinned_match,True,100,21,8,True,,,8,8,5,0.21112036542505314,0.21486283429265848,0.0851371657073415,57.90510606765747,8,0,1.6,0.001466117100790143,True,True,0.0005294817965477705,0.011525440961122513,,,,,,,,,,,0.006026247050613165
alpha_sweep,k=5_alpha=2,42,animal_tag_data_b_fair.csv,1,1,5,2,0.3,0.15,True,100,csv,hnsw,inverted_index,pinned_match,True,100,24,9,True,,,9,9,5,0.3771559388335704,0.37294481825427717,-0.07294481825427718,53.381404638290405,9,0,1.8,0.0014807870611548424,True,True,0.0005408318247646093,0.00951595208607614,,,,,,,,,,,0.005845749983564019
alpha_sweep,k=5_alpha=2,42,biodiversity_a_fair.csv,6,1,5,2,0.3,0.15,True,100,csv,hnsw,inverted_index,pinned_match,True,59,2,2,False,insufficient_candidates,,2,0,0,,,,,0,0,2.0,,False,,,0.0009279949590563774,,,,,,,,,,,
alpha_sweep,k=5_alpha=2,42,business_rates_a_fair.csv,9,1,5,2,0.3,0.15,True,100,csv,hnsw,inverted_index,pinned_match,True,100,24,4,False,insufficient_candidates,,4,0,0,,,,,0,0,2.0,,False,,,0.0012397908139973879,,,,,,,,,,,
alpha_sweep,k=5_alpha=2,42,cdc_nutrition_physical_activity_and_obesity_legislation_a_fair.csv,1,1,5,2,0.3,0.15,True,100,csv,hnsw,inverted_index,pinned_match,True,100,22,12,True,,,12,10,5,0.4995743627048863,0.4999116362442879,-0.19991163624428793,37.7597399353981,10,1,2.0,0.0015531568787992,True,True,0.0005189019721001387,0.00794738787226379,,,,,,,,,,,0.003874639980494976
alpha_sweep,k=5_alpha=2,42,cihr_co-applicant_a_fair.csv,3,1,5,2,0.3,0.15,True,100,csv,hnsw,inverted_index,pinned_match,True,100,24,8,True,,,8,8,5,0.19735273889214022,0.19295394758749293,0.10704605241250706,59.383088529109955,8,0,1.6,0.00147827691398561,True,True,0.000547782052308321,0.012709483038634062,,,,,,,,,,,0.006046985974535346
alpha_sweep,k=5_alpha=2,42,cihr_co-applicant_b_fair.csv,2,1,5,2,0.3,0.15,True,100,csv,hnsw,inverted_index,pinned_match,True,100,13,5,True,,,5,5,5,0.3970064989512665,0.3970064989512665,-0.0970064989512665,54.323054790496826,5,0,1.0,0.0014353678561747074,True,True,0.0005174120888113976,0.009717198088765144,,,,,,,,,,,0.0033282379154115915
alpha_sweep,k=5_alpha=2,42,civic_building_locations_a_fair.csv,3,1,5,2,0.3,0.15,True,100,csv,hnsw,inverted_index,pinned_match,True,100,18,6,True,,,6,6,5,0.2657930107526882,0.3611748508490133,-0.06117485084901331,74.34771376848221,6,0,1.2,0.001458117039874196,True,True,0.0005374120082706213,0.00977976806461811,,,,,,,,,,,0.0069789409171789885
alpha_sweep,k=5_alpha=2,42,complaint_by_practice_a_fair.csv,0,1,5,2,0.3,0.15,True,100,csv,hnsw,inverted_index,pinned_match,True,100,30,2,False,insufficient_candidates,,2,0,0,,,,,0,0,2.0,,False,,,0.0053926261607557535,,,,,,,,,,,
alpha_sweep,k=5_alpha=2,42,complaint_by_practice_b_fair.csv,1,1,5,2,0.3,0.15,True,100,csv,hnsw,inverted_index,pinned_match,True,100,30,5,False,stage2_infeasible,,5,5,0,0.10546712692172468,,,,5,0,1.0,0.000513831852003932,True,False,0.0005045931320637465,0.0056962508242577314,,,,,,,,,,,0.003084511961787939
alpha_sweep,k=5_alpha=2,42,contributors_parties_a_fair.csv,2,1,5,2,0.3,0.15,True,100,csv,hnsw,inverted_index,pinned_match,True,100,50,17,True,,,17,10,5,0.39312994923180583,0.3974191328286304,-0.0974191328286304,31.91427308320999,10,1,2.0,0.001504786079749465,True,True,0.0005068320315331221,0.008747223997488618,,,,,,,,,,,0.0031002420000731945
alpha_sweep,k=5_alpha=2,42,contributors_parties_b_fair.csv,0,1,5,2,0.3,0.15,True,100,csv,hnsw,inverted_index,pinned_match,True,100,42,17,True,,,17,10,5,1.0,1.0,-0.7,23.276744186878204,10,1,2.0,0.0014836678747087717,True,True,0.0005016629584133625,0.0069833609741181135,,,,,,,,,,,0.0018446720205247402
alpha_sweep,k=5_alpha=2,42,data_mill_a_fair.csv,4,1,5,2,0.3,0.15,True,100,csv,hnsw,inverted_index,pinned_match,True,100,7,5,True,,,5,5,5,0.280016992646088,0.280016992646088,0.019983007353912008,94.36094391345978,5,0,1.0,0.0015749761369079351,True,True,0.000544481910765171,0.013247844064608216,,,,,,,,,,,0.009184936992824078
alpha_sweep,k=5_alpha=2,42,data_mill_b_fair.csv,3,1,5,2,0.3,0.15,True,100,csv,hnsw,inverted_index,pinned_match,True,100,22,6,False,insufficient_candidates,,3,0,0,,,,,0,0,2.0,,False,,,0.001732492819428444,,,,,,,,,,,
alpha_sweep,k=5_alpha=2,42,deaths_2012_2018_a_fair.csv,5,1,5,2,0.3,0.15,True,100,csv,hnsw,inverted_index,pinned_match,True,100,40,18,True,,,9,9,5,0.6405944798301486,0.6512035010940919,-0.3512035010940919,38.48299306631088,9,0,1.8,0.0014581871218979359,True,True,0.0005190921947360039,0.007940215989947319,,,,,,,,,,,0.0046146579552441835
alpha_sweep,k=5_alpha=2,42,immigration_records_a_fair.csv,2,1,5,2,0.3,0.15,True,100,csv,hnsw,inverted_index,pinned_match,True,100,45,12,True,,,12,10,5,0.35178722613418134,0.30005001759878475,-5.001759878475731e-05,31.710428655147552,10,2,2.0,0.0014725958462804556,True,True,0.0005256419535726309,0.00830494100227952,,,,,,,,,,,0.003745022928342223
alpha_sweep,k=5_alpha=2,42,ipopayments_a_fair.csv,0,1,5,2,0.3,0.15,True,100,csv,hnsw,inverted_index,pinned_match,True,100,30,11,True,,,11,10,5,1.0,1.0,-0.7,42.75763553380966,10,1,2.0,0.001508326968178153,True,True,0.0005107810720801353,0.00785287912003696,,,,,,,,,,,0.0044218620751053095
alpha_sweep,k=5_alpha=2,42,ipopayments_b_fair.csv,2,1,5,2,0.3,0.15,True,100,csv,hnsw,inverted_index,pinned_match,True,100,16,7,True,,,7,7,5,0.3984900024890069,0.37865853658536586,-0.07865853658536587,42.801045536994934,7,0,1.4,0.0014281771145761013,True,True,0.0005002119578421116,0.00601355591788888,,,,,,,,,,,0.003064603079110384
alpha_sweep,k=5_alpha=2,42,job_pay_scales_a_fair.csv,4,1,5,2,0.3,0.15,True,100,csv,hnsw,inverted_index,pinned_match,True,100,80,10,True,,,10,10,5,0.3305739514348786,0.3215339233038348,-0.0215339233038348,49.827314019203186,10,0,2.0,0.0014902069233357906,True,True,0.0005187729839235544,0.008740094024688005,,,,,,,,,,,0.005331375868991017
alpha_sweep,k=5_alpha=2,42,lane_description_a_fair.csv,1,1,5,2,0.3,0.15,True,100,csv,hnsw,inverted_index,pinned_match,True,100,31,8,True,,,8,8,5,0.27099046717929987,0.2638321113520134,0.03616788864798659,68.61264032125473,8,0,1.6,0.0015815149527043104,True,True,0.000594510929659009,0.01861991104669869,,,,,,,,,,,0.008167914114892483
alpha_sweep,k=5_alpha=2,42,lane_description_b_fair.csv,9,1,5,2,0.3,0.15,True,100,csv,hnsw,inverted_index,pinned_match,True,100,1165,8,False,insufficient_candidates,,4,0,0,,,,,0,0,2.0,,False,,,0.0018258211202919483,,,,,,,,,,,
alpha_sweep,k=5_alpha=2,42,mines_a_fair.csv,5,1,5,2,0.3,0.15,True,100,csv,hnsw,inverted_index,pinned_match,True,100,16,12,True,,,12,10,5,0.3592217045765963,0.2998336218341932,0.00016637816580677978,39.248196840286255,10,2,2.0,0.0014600979629904032,True,True,0.0005211110692471266,0.008273681858554482,,,,,,,,,,,0.0035398751497268677
alpha_sweep,k=5_alpha=2,42,mines_b_fair.csv,2,1,5,2,0.3,0.15,True,100,csv,hnsw,inverted_index,pinned_match,True,100,25,4,False,insufficient_candidates,,4,0,0,,,,,0,0,2.0,,False,,,0.00110539305023849,,,,,,,,,,,
alpha_sweep,k=5_alpha=2,42,minister_meetings_a_fair.csv,4,1,5,2,0.3,0.15,True,100,csv,hnsw,inverted_index,pinned_match,True,100,55,26,True,,,8,8,5,0.36097560975609755,0.3625,-0.0625,23.825201153755188,8,0,1.6,0.0014247170183807611,True,True,0.0004796020220965147,0.004188865190371871,,,,,,,,,,,0.0012441808357834816
alpha_sweep,k=5_alpha=2,42,monthly_data_feed_a_fair.csv,11,1,5,2,0.3,0.15,True,100,csv,hnsw,inverted_index,pinned_match,True,100,1165,28,True,,,6,6,5,1.0,1.0,-0.7,93.06950443983078,6,0,1.2,0.0015771358739584684,True,True,0.0005696921143680811,0.01440017600543797,,,,,,,,,,,0.010966398986056447
alpha_sweep,k=5_alpha=2,42,monthly_data_feed_b_fair.csv,1,1,5,2,0.3,0.15,True,100,csv,hnsw,inverted_index,pinned_match,True,100,24,4,False,insufficient_candidates,,4,0,0,,,,,0,0,2.0,,False,,,0.0012377109378576279,,,,,,,,,,,
alpha_sweep,k=5_alpha=2,42,new_york_city_restaurant_inspection_results_a_fair.csv,6,1,5,2,0.3,0.15,True,100,csv,hnsw,inverted_index,pinned_match,True,100,62,9,True,,,9,9,5,0.32042263585290953,0.3227357206863363,-0.022735720686336336,38.18224024772644,9,0,1.8,0.001567656872794032,True,True,0.0005916010122746229,0.016290845815092325,,,,,,,,,,,0.004339240957051516
alpha_sweep,k=5_alpha=2,42,oil_and_gas_summary_production_data_1967_1999_a_fair.csv,2,1,5,2,0.3,0.15,True,100,csv,hnsw,inverted_index,pinned_match,True,100,44,12,True,,,12,10,5,0.35973815081701005,0.37524457677584006,-0.07524457677584007,39.287487745285034,10,2,2.0,0.0014915559440851212,True,True,0.000537811079993844,0.008334290003404021,,,,,,,,,,,0.004014068050310016
alpha_sweep,k=5_alpha=2,42,practice_reference_a_fair.csv,6,1,5,2,0.3,0.15,True,100,csv,hnsw,inverted_index,pinned_match,True,100,31,13,True,,,13,10,5,0.28250733897427044,0.2758053911900066,0.024194608809993412,39.674411833286285,10,2,2.0,0.0015121570322662592,True,True,0.0005127619951963425,0.007202418055385351,,,,,,,,,,,0.003520064987242222
alpha_sweep,k=5_alpha=2,42,practice_reference_b_fair.csv,5,1,5,2,0.3,0.15,True,100,csv,hnsw,inverted_index,pinned_match,True,100,30,13,True,,,13,10,5,0.38033261026753434,0.3818301514154049,-0.0818301514154049,34.133653819561005,10,1,2.0,0.001462216954678297,True,True,0.0005011910106986761,0.006482379045337439,,,,,,,,,,,0.003030783962458372
alpha_sweep,k=5_alpha=2,42,prescribing_a_fair.csv,14,1,5,2,0.3,0.15,True,100,csv,hnsw,inverted_index,pinned_match,True,100,70,5,True,,,5,5,5,0.21702562154204166,0.21702562154204166,0.08297437845795833,90.56474554538727,5,0,1.0,0.001630313927307725,True,True,0.0006010399665683508,0.021532513899728656,,,,,,,,,,,0.01459552301093936
alpha_sweep,k=5_alpha=2,42,prescribing_b_fair.csv,13,1,5,2,0.3,0.15,True,100,csv,hnsw,inverted_index,pinned_match,True,100,180,12,True,,,6,6,5,0.35045481435235615,0.3726147456546266,-0.07261474565462661,92.55432134866714,6,0,1.2,0.0015872560907155275,True,True,0.0006113611161708832,0.019843932008370757,,,,,,,,,,,0.01104874792508781
alpha_sweep,k=5_alpha=2,42,psyckes_antipsychotic_polypharmacy_quality_indicators_beginning_2012_a_fair.csv,3,1,5,2,0.3,0.15,True,100,csv,hnsw,inverted_index,pinned_match,True,100,22,13,True,,,13,10,5,0.7216516415254547,0.7215602436195392,-0.4215602436195392,32.38114655017853,10,1,2.0,0.0015173761639744043,True,True,0.0005610319785773754,0.013191503938287497,,,,,,,,,,,0.003291259054094553
alpha_sweep,k=5_alpha=2,42,purchasing_card_a_fair.csv,1,1,5,2,0.3,0.15,True,100,csv,hnsw,inverted_index,pinned_match,True,100,26,10,True,,,10,10,5,0.29122521054061395,0.3309248554913295,-0.030924855491329506,49.32323867082596,10,0,2.0,0.001523367129266262,True,True,0.0005276219453662634,0.008672185009345412,,,,,,,,,,,0.005327997030690312
alpha_sweep,k=5_alpha=2,42,report_card_discipline_for_2015_16_a_fair.csv,2,1,5,2,0.3,0.15,True,100,csv,hnsw,inverted_index,pinned_match,True,100,22,11,True,,,11,10,5,0.4328471451356714,0.43956638806796383,-0.13956638806796384,41.66633087396622,10,2,2.0,0.0016503350343555212,True,True,0.0006237798370420933,0.019646665081381798,,,,,,,,,,,0.00491093285381794
alpha_sweep,k=5_alpha=2,42,senior_officials_expenses_a_fair.csv,1,1,5,2,0.3,0.15,True,100,csv,hnsw,inverted_index,pinned_match,True,100,7,4,False,insufficient_candidates,,4,0,0,,,,,0,0,2.0,,False,,,0.0011054729111492634,,,,,,,,,,,
alpha_sweep,k=5_alpha=2,42,stockport_contracts_a_fair.csv,4,1,5,2,0.3,0.15,True,100,csv,hnsw,inverted_index,pinned_match,True,100,1,1,False,insufficient_candidates,,1,0,0,,,,,0,0,2.0,,False,,,0.0006148999091237783,,,,,,,,,,,
alpha_sweep,k=5_alpha=2,42,stockport_contracts_b_fair.csv,15,1,5,2,0.3,0.15,True,100,csv,hnsw,inverted_index,pinned_match,True,100,24,4,False,insufficient_candidates,,4,0,0,,,,,0,0,2.0,,False,,,0.000903524924069643,,,,,,,,,,,
alpha_sweep,k=5_alpha=2,42,time_spent_watching_vcr_movies_a_fair.csv,4,1,5,2,0.3,0.15,True,100,csv,hnsw,inverted_index,pinned_match,True,100,14,5,True,,,5,5,5,1.0,1.0,-0.7,20.509933412075043,5,0,1.0,0.0013978679198771715,True,True,0.0005049821920692921,0.0033350379671901464,,,,,,,,,,,0.0008204069454222918
alpha_sweep,k=5_alpha=2,42,tuition_assistance_program_tap_recipients_a_fair.csv,5,1,5,2,0.3,0.15,True,100,csv,hnsw,inverted_index,pinned_match,True,100,22,14,True,,,14,10,5,0.6231478892927034,0.6233532181226338,-0.3233532181226338,31.840124189853668,10,2,2.0,0.0014928360469639301,True,True,0.0005203618202358484,0.00828816113062203,,,,,,,,,,,0.0031439210288226604
alpha_sweep,k=5_alpha=2,42,wholesale_markets_a_fair.csv,2,1,5,2,0.3,0.15,True,100,csv,hnsw,inverted_index,pinned_match,True,100,2,2,False,insufficient_candidates,,2,0,0,,,,,0,0,2.0,,False,,,0.003337637986987829,,,,,,,,,,,
alpha_sweep,k=5_alpha=2,42,workforce_management_information_a_fair.csv,20,1,5,2,0.3,0.15,True,100,csv,hnsw,inverted_index,pinned_match,True,100,14,1,False,insufficient_candidates,,1,0,0,,,,,0,0,2.0,,False,,,0.0005760921631008387,,,,,,,,,,,
alpha_sweep,k=5_alpha=2,42,workforce_management_information_b_fair.csv,17,1,5,2,0.3,0.15,True,100,csv,hnsw,inverted_index,pinned_match,True,100,74,1,False,insufficient_candidates,,1,0,0,,,,,0,0,2.0,,False,,,0.0004993630573153496,,,,,,,,,,,
alpha_sweep,k=5_alpha=2,42,ydn_spending_data_a_fair.csv,1,1,5,2,0.3,0.15,True,100,csv,hnsw,inverted_index,pinned_match,True,100,13,6,True,,,6,6,5,0.230978015018547,0.2292915946742555,0.07070840532574449,54.91674071550369,6,0,1.2,0.0014728978276252747,True,True,0.0005536819808185101,0.007446654140949249,,,,,,,,,,,0.004622738109901547
alpha_sweep,k=5_alpha=2,42,ydn_spending_data_b_fair.csv,11,1,5,2,0.3,0.15,True,100,csv,hnsw,inverted_index,pinned_match,True,100,13,6,True,,,6,6,5,0.3984111221449851,0.3930880159124813,-0.09308801591248134,55.82540774345398,6,0,1.2,0.0013631379697471857,True,True,0.000506601994857192,0.007170288823544979,,,,,,,,,,,0.004504841053858399
alpha_sweep,k=5_alpha=3,42,311_calls_historic_data_a_fair.csv,1,1,5,3,0.3,0.15,True,100,csv,hnsw,inverted_index,pinned_match,True,100,22,11,True,,,11,11,5,0.3615706121297823,0.3660240821427365,-0.06602408214273653,35.68177855014801,11,0,2.2,0.0016070650890469551,True,True,0.0005547809414565563,0.014099250081926584,,,,,,,,,,,0.004182275850325823
alpha_sweep,k=5_alpha=3,42,abandoned_wells_a_fair.csv,6,1,5,3,0.3,0.15,True,100,csv,hnsw,inverted_index,pinned_match,True,100,22,11,True,,,11,11,5,0.32270382256164437,0.35753765372391877,-0.05753765372391878,32.9736590385437,11,0,2.2,0.001529695000499487,True,True,0.0005301430355757475,0.007283657090738416,,,,,,,,,,,0.0036120042204856873
alpha_sweep,k=5_alpha=3,42,albums_a_fair.csv,4,1,5,3,0.3,0.15,True,100,csv,hnsw,inverted_index,pinned_match,True,100,40,10,True,,,10,10,5,0.2997805413313826,0.28229082047116166,0.017709179528838326,20.978315472602844,10,0,2.0,0.0013774889521300793,True,True,0.0005130919162184,0.004955523181706667,,,,,,,,,,,0.0015693861059844494
alpha_sweep,k=5_alpha=3,42,animal_tag_data_a_fair.csv,3,1,5,3,0.3,0.15,True,100,csv,hnsw,inverted_index,pinned_match,True,100,21,8,True,,,8,8,5,0.21112036542505314,0.21486283429265848,0.0851371657073415,57.90510606765747,8,0,1.6,0.001465706853196025,True,True,0.0005350620485842228,0.011452232021838427,,,,,,,,,,,0.005973448045551777
alpha_sweep,k=5_alpha=3,42,animal_tag_data_b_fair.csv,1,1,5,3,0.3,0.15,True,100,csv,hnsw,inverted_index,pinned_match,True,100,24,9,True,,,9,9,5,0.3771559388335704,0.37294481825427717,-0.07294481825427718,53.381404638290405,9,0,1.8,0.0014790170826017857,True,True,0.0005321919452399015,0.009539620950818062,,,,,,,,,,,0.005849078996106982
alpha_sweep,k=5_alpha=3,42,biodiversity_a_fair.csv,6,1,5,3,0.3,0.15,True,100,csv,hnsw,inverted_index,pinned_match,True,59,2,2,False,insufficient_candidates,,2,0,0,,,,,0,0,3.0,,False,,,0.0009349659085273743,,,,,,,,,,,
alpha_sweep,k=5_alpha=3,42,business_rates_a_fair.csv,9,1,5,3,0.3,0.15,True,100,csv,hnsw,inverted_index,pinned_match,True,100,24,4,False,insufficient_candidates,,4,0,0,,,,,0,0,3.0,,False,,,0.0012650310527533293,,,,,,,,,,,
alpha_sweep,k=5_alpha=3,42,cdc_nutrition_physical_activity_and_obesity_legislation_a_fair.csv,1,1,5,3,0.3,0.15,True,100,csv,hnsw,inverted_index,pinned_match,True,100,22,12,True,,,12,12,5,0.49818386521733304,0.4999116362442879,-0.19991163624428793,37.7597399353981,12,0,2.4,0.001493276096880436,True,True,0.0005298329051584005,0.008550238097086549,,,,,,,,,,,0.00459179887548089
alpha_sweep,k=5_alpha=3,42,cihr_co-applicant_a_fair.csv,3,1,5,3,0.3,0.15,True,100,csv,hnsw,inverted_index,pinned_match,True,100,24,8,True,,,8,8,5,0.19735273889214022,0.19295394758749293,0.10704605241250706,59.383088529109955,8,0,1.6,0.0014727681409567595,True,True,0.0005509320180863142,0.012733352137729526,,,,,,,,,,,0.005966366967186332
alpha_sweep,k=5_alpha=3,42,cihr_co-applicant_b_fair.csv,2,1,5,3,0.3,0.15,True,100,csv,hnsw,inverted_index,pinned_match,True,100,13,5,True,,,5,5,5,0.3970064989512665,0.3970064989512665,-0.0970064989512665,54.323054790496826,5,0,1.0,0.0013725990429520607,True,True,0.0005119629204273224,0.009485890856012702,,,,,,,,,,,0.0033414980862289667
alpha_sweep,k=5_alpha=3,42,civic_building_locations_a_fair.csv,3,1,5,3,0.3,0.15,True,100,csv,hnsw,inverted_index,pinned_match,True,100,18,6,True,,,6,6,5,0.2657930107526882,0.3611748508490133,-0.06117485084901331,74.34771376848221,6,0,1.2,0.0014262970071285963,True,True,0.0005284410435706377,0.009725759038701653,,,,,,,,,,,0.006968621164560318
alpha_sweep,k=5_alpha=3,42,complaint_by_practice_a_fair.csv,0,1,5,3,0.3,0.15,True,100,csv,hnsw,inverted_index,pinned_match,True,100,30,2,False,insufficient_candidates,,2,0,0,,,,,0,0,3.0,,False,,,0.005421384004876018,,,,,,,,,,,
alpha_sweep,k=5_alpha=3,42,complaint_by_practice_b_fair.csv,1,1,5,3,0.3,0.15,True,100,csv,hnsw,inverted_index,pinned_match,True,100,30,5,False,stage2_infeasible,,5,5,0,0.10546712692172468,,,,5,0,1.0,0.0005214828997850418,True,False,0.0005119331181049347,0.005732641788199544,,,,,,,,,,,0.0030810609459877014
alpha_sweep,k=5_alpha=3,42,contributors_parties_a_fair.csv,2,1,5,3,0.3,0.15,True,100,csv,hnsw,inverted_index,pinned_match,True,100,50,17,True,,,17,15,5,0.3602062928466469,0.3851405305323751,-0.08514053053237514,31.92754966020584,15,2,3.0,0.001556656090542674,True,True,0.000538842985406518,0.010268140118569136,,,,,,,,,,,0.0045547401532530785
alpha_sweep,k=5_alpha=3,42,contributors_parties_b_fair.csv,0,1,5,3,0.3,0.15,True,100,csv,hnsw,inverted_index,pinned_match,True,100,42,17,True,,,17,15,5,1.0,1.0,-0.7,23.67671573162079,15,1,3.0,0.0015496970154345036,True,True,0.0005189620424062014,0.007843827828764915,,,,,,,,,,,0.002617859048768878
alpha_sweep,k=5_alpha=3,42,data_mill_a_fair.csv,4,1,5,3,0.3,0.15,True,100,csv,hnsw,inverted_index,pinned_match,True,100,7,5,True,,,5,5,5,0.280016992646088,0.280016992646088,0.019983007353912008,94.36094391345978,5,0,1.0,0.0015445759054273367,True,True,0.0005254917778074741,0.01329444395378232,,,,,,,,,,,0.009258306818082929
alpha_sweep,k=5_alpha=3,42,data_mill_b_fair.csv,3,1,5,3,0.3,0.15,True,100,csv,hnsw,inverted_index,pinned_match,True,100,22,6,False,insufficient_candidates,,3,0,0,,,,,0,0,3.0,,False,,,0.0017256629653275013,,,,,,,,,,,
alpha_sweep,k=5_alpha=3,42,deaths_2012_2018_a_fair.csv,5,1,5,3,0.3,0.15,True,100,csv,hnsw,inverted_index,pinned_match,True,100,40,18,True,,,9,9,5,0.6405944798301486,0.6512035010940919,-0.3512035010940919,38.48299306631088,9,0,1.8,0.0014807360712438822,True,True,0.0005268410313874483,0.007720019901171327,,,,,,,,,,,0.00450480985455215
alpha_sweep,k=5_alpha=3,42,immigration_records_a_fair.csv,2,1,5,3,0.3,0.15,True,100,csv,hnsw,inverted_index,pinned_match,True,100,45,12,True,,,12,12,5,0.30768119475219186,0.279881820380801,0.020118179619198984,36.65781831741333,12,0,2.4,0.0013964080717414618,True,True,0.0005310222040861845,0.008911849930882454,,,,,,,,,,,0.004499860107898712
alpha_sweep,k=5_alpha=3,42,ipopayments_a_fair.csv,0,1,5,3,0.3,0.15,True,100,csv,hnsw,inverted_index,pinned_match,True,100,30,11,True,,,11,11,5,0.9809985096870343,1.0,-0.7,42.75763553380966,11,0,2.2,0.0015112769324332476,True,True,0.000521862180903554,0.008130002999678254,,,,,,,,,,,0.0047227570321410894
alpha_sweep,k=5_alpha=3,42,ipopayments_b_fair.csv,2,1,5,3,0.3,0.15,True,100,csv,hnsw,inverted_index,pinned_match,True,100,16,7,True,,,7,7,5,0.3984900024890069,0.37865853658536586,-0.07865853658536587,42.801045536994934,7,0,1.4,0.0015657749027013779,True,True,0.000490961130708456,0.006090635899454355,,,,,,,,,,,0.0030358731746673584
alpha_sweep,k=5_alpha=3,42,job_pay_scales_a_fair.csv,4,1,5,3,0.3,0.15,True,100,csv,hnsw,inverted_index,pinned_match,True,100,80,10,True,,,10,10,5,0.3305739514348786,0.3215339233038348,-0.0215339233038348,49.827314019203186,10,0,2.0,0.0015187258832156658,True,True,0.0005248829256743193,0.008679984835907817,,,,,,,,,,,0.0052435880061239
alpha_sweep,k=5_alpha=3,42,lane_description_a_fair.csv,1,1,5,3,0.3,0.15,True,100,csv,hnsw,inverted_index,pinned_match,True,100,31,8,True,,,8,8,5,0.27099046717929987,0.2638321113520134,0.03616788864798659,68.61264032125473,8,0,1.6,0.0015621460042893887,True,True,0.0006063200999051332,0.020854656118899584,,,,,,,,,,,0.008090703980997205
alpha_sweep,k=5_alpha=3,42,lane_description_b_fair.csv,9,1,5,3,0.3,0.15,True,100,csv,hnsw,inverted_index,pinned_match,True,100,1165,8,False,insufficient_candidates,,4,0,0,,,,,0,0,3.0,,False,,,0.0019969181157648563,,,,,,,,,,,
alpha_sweep,k=5_alpha=3,42,mines_a_fair.csv,5,1,5,3,0.3,0.15,True,100,csv,hnsw,inverted_index,pinned_match,True,100,16,12,True,,,12,12,5,0.33131944057157375,0.353350874477635,-0.053350874477635035,39.248196840286255,12,0,2.4,0.0015080268494784832,True,True,0.0005689910613000393,0.00921695795841515,,,,,,,,,,,0.004206584999337792
alpha_sweep,k=5_alpha=3,42,mines_b_fair.csv,2,1,5,3,0.3,0.15,True,100,csv,hnsw,inverted_index,pinned_match,True,100,25,4,False,insufficient_candidates,,4,0,0,,,,,0,0,3.0,,False,,,0.0012510998640209436,,,,,,,,,,,
alpha_sweep,k=5_alpha=3,42,minister_meetings_a_fair.csv,4,1,5,3,0.3,0.15,True,100,csv,hnsw,inverted_index,pinned_match,True,100,55,26,True,,,8,8,5,0.36097560975609755,0.3625,-0.0625,23.825201153755188,8,0,1.6,0.0014441569801419973,True,True,0.0004866120871156454,0.004322392866015434,,,,,,,,,,,0.0012217310722917318
alpha_sweep,k=5_alpha=3,42,monthly_data_feed_a_fair.csv,11,1,5,3,0.3,0.15,True,100,csv,hnsw,inverted_index,pinned_match,True,100,1165,28,True,,,6,6,5,1.0,1.0,-0.7,93.06950443983078,6,0,1.2,0.0015738450456410646,True,True,0.0005692809354513884,0.014645762974396348,,,,,,,,,,,0.011043299222365022
alpha_sweep,k=5_alpha=3,42,monthly_data_feed_b_fair.csv,1,1,5,3,0.3,0.15,True,100,csv,hnsw,inverted_index,pinned_match,True,100,24,4,False,insufficient_candidates,,4,0,0,,,,,0,0,3.0,,False,,,0.0012718799989670515,,,,,,,,,,,
alpha_sweep,k=5_alpha=3,42,new_york_city_restaurant_inspection_results_a_fair.csv,6,1,5,3,0.3,0.15,True,100,csv,hnsw,inverted_index,pinned_match,True,100,62,9,True,,,9,9,5,0.32042263585290953,0.3227357206863363,-0.022735720686336336,38.18224024772644,9,0,1.8,0.0015638249460607767,True,True,0.0005802300292998552,0.016255107009783387,,,,,,,,,,,0.0042344939429312944
alpha_sweep,k=5_alpha=3,42,oil_and_gas_summary_production_data_1967_1999_a_fair.csv,2,1,5,3,0.3,0.15,True,100,csv,hnsw,inverted_index,pinned_match,True,100,44,12,True,,,12,12,5,0.3317860857189775,0.36458690781373004,-0.06458690781373005,40.74062728881836,12,0,2.4,0.0014976360835134983,True,True,0.0005398110952228308,0.009304026141762733,,,,,,,,,,,0.004922793945297599
alpha_sweep,k=5_alpha=3,42,practice_reference_a_fair.csv,6,1,5,3,0.3,0.15,True,100,csv,hnsw,inverted_index,pinned_match,True,100,31,13,True,,,13,13,5,0.27624963028689736,0.2663261583363736,0.033673841663626414,39.72701597213745,13,0,2.6,0.0015527268406003714,True,True,0.0005129419732838869,0.008193851914256811,,,,,,,,,,,0.004486999940127134
alpha_sweep,k=5_alpha=3,42,practice_reference_b_fair.csv,5,1,5,3,0.3,0.15,True,100,csv,hnsw,inverted_index,pinned_match,True,100,30,13,True,,,13,13,5,0.35622514530437444,0.35734767025089603,-0.05734767025089604,34.15468192100525,13,0,2.6,0.0015179759357124567,True,True,0.0005328608676791191,0.007406344870105386,,,,,,,,,,,0.0038964301347732544
alpha_sweep,k=5_alpha=3,42,prescribing_a_fair.csv,14,1,5,3,0.3,0.15,True,100,csv,hnsw,inverted_index,pinned_match,True,100,70,5,True,,,5,5,5,0.21702562154204166,0.21702562154204166,0.08297437845795833,90.56474554538727,5,0,1.0,0.0015036158729344606,True,True,0.0005540919955819845,0.016013011103495955,,,,,,,,,,,0.009188266936689615
alpha_sweep,k=5_alpha=3,42,prescribing_b_fair.csv,13,1,5,3,0.3,0.15,True,100,csv,hnsw,inverted_index,pinned_match,True,100,180,12,True,,,6,6,5,0.35045481435235615,0.3726147456546266,-0.07261474565462661,92.55432134866714,6,0,1.2,0.0015650650020688772,True,True,0.000604960136115551,0.0195545160677284,,,,,,,,,,,0.010990719078108668
alpha_sweep,k=5_alpha=3,42,psyckes_antipsychotic_polypharmacy_quality_indicators_beginning_2012_a_fair.csv,3,1,5,3,0.3,0.15,True,100,csv,hnsw,inverted_index,pinned_match,True,100,22,13,True,,,13,13,5,0.7213524520684584,0.7213847622227073,-0.4213847622227073,32.533622562885284,13,0,2.6,0.0015167270321398973,True,True,0.0005563418380916119,0.013901363126933575,,,,,,,,,,,0.004147895844653249
alpha_sweep,k=5_alpha=3,42,purchasing_card_a_fair.csv,1,1,5,3,0.3,0.15,True,100,csv,hnsw,inverted_index,pinned_match,True,100,26,10,True,,,10,10,5,0.29122521054061395,0.3309248554913295,-0.030924855491329506,49.32323867082596,10,0,2.0,0.001430798089131713,True,True,0.0005340029019862413,0.008516917005181313,,,,,,,,,,,0.005289088003337383
alpha_sweep,k=5_alpha=3,42,report_card_discipline_for_2015_16_a_fair.csv,2,1,5,3,0.3,0.15,True,100,csv,hnsw,inverted_index,pinned_match,True,100,22,11,True,,,11,11,5,0.3525705100408604,0.35611018657237753,-0.05611018657237754,42.43440526723862,11,0,2.2,0.0016585849225521088,True,True,0.0006269500590860844,0.01982594095170498,,,,,,,,,,,0.005339237162843347
alpha_sweep,k=5_alpha=3,42,senior_officials_expenses_a_fair.csv,1,1,5,3,0.3,0.15,True,100,csv,hnsw,inverted_index,pinned_match,True,100,7,4,False,insufficient_candidates,,4,0,0,,,,,0,0,3.0,,False,,,0.0010979429353028536,,,,,,,,,,,
alpha_sweep,k=5_alpha=3,42,stockport_contracts_a_fair.csv,4,1,5,3,0.3,0.15,True,100,csv,hnsw,inverted_index,pinned_match,True,100,1,1,False,insufficient_candidates,,1,0,0,,,,,0,0,3.0,,False,,,0.0005866698920726776,,,,,,,,,,,
alpha_sweep,k=5_alpha=3,42,stockport_contracts_b_fair.csv,15,1,5,3,0.3,0.15,True,100,csv,hnsw,inverted_index,pinned_match,True,100,24,4,False,insufficient_candidates,,4,0,0,,,,,0,0,3.0,,False,,,0.0009099759627133608,,,,,,,,,,,
alpha_sweep,k=5_alpha=3,42,time_spent_watching_vcr_movies_a_fair.csv,4,1,5,3,0.3,0.15,True,100,csv,hnsw,inverted_index,pinned_match,True,100,14,5,True,,,5,5,5,1.0,1.0,-0.7,20.509933412075043,5,0,1.0,0.0014258380979299545,True,True,0.0005148530472069979,0.0033632090780884027,,,,,,,,,,,0.0008462269324809313
alpha_sweep,k=5_alpha=3,42,tuition_assistance_program_tap_recipients_a_fair.csv,5,1,5,3,0.3,0.15,True,100,csv,hnsw,inverted_index,pinned_match,True,100,22,14,True,,,14,14,5,0.6221631445350636,0.6225595688167666,-0.32255956881676656,35.17638337612152,14,0,2.8,0.0015540558379143476,True,True,0.0005349328275769949,0.00967712001875043,,,,,,,,,,,0.004487549886107445
alpha_sweep,k=5_alpha=3,42,wholesale_markets_a_fair.csv,2,1,5,3,0.3,0.15,True,100,csv,hnsw,inverted_index,pinned_match,True,100,2,2,False,insufficient_candidates,,2,0,0,,,,,0,0,3.0,,False,,,0.0033626980148255825,,,,,,,,,,,
alpha_sweep,k=5_alpha=3,42,workforce_management_information_a_fair.csv,20,1,5,3,0.3,0.15,True,100,csv,hnsw,inverted_index,pinned_match,True,100,14,1,False,insufficient_candidates,,1,0,0,,,,,0,0,3.0,,False,,,0.0005746008828282356,,,,,,,,,,,
alpha_sweep,k=5_alpha=3,42,workforce_management_information_b_fair.csv,17,1,5,3,0.3,0.15,True,100,csv,hnsw,inverted_index,pinned_match,True,100,74,1,False,insufficient_candidates,,1,0,0,,,,,0,0,3.0,,False,,,0.0004913320299237967,,,,,,,,,,,
alpha_sweep,k=5_alpha=3,42,ydn_spending_data_a_fair.csv,1,1,5,3,0.3,0.15,True,100,csv,hnsw,inverted_index,pinned_match,True,100,13,6,True,,,6,6,5,0.230978015018547,0.2292915946742555,0.07070840532574449,54.91674071550369,6,0,1.2,0.0014684367924928665,True,True,0.0005481611005961895,0.00744013418443501,,,,,,,,,,,0.004647477995604277
alpha_sweep,k=5_alpha=3,42,ydn_spending_data_b_fair.csv,11,1,5,3,0.3,0.15,True,100,csv,hnsw,inverted_index,pinned_match,True,100,13,6,True,,,6,6,5,0.3984111221449851,0.3930880159124813,-0.09308801591248134,55.82540774345398,6,0,1.2,0.001402697991579771,True,True,0.0005156011320650578,0.0072145890444517136,,,,,,,,,,,0.004510131198912859
alpha_sweep,k=5_alpha=5,42,311_calls_historic_data_a_fair.csv,1,1,5,5,0.3,0.15,True,100,csv,hnsw,inverted_index,pinned_match,True,100,22,11,True,,,11,11,5,0.3615706121297823,0.3660240821427365,-0.06602408214273653,35.68177855014801,11,0,2.2,0.0015089060179889202,True,True,0.0005583108868449926,0.014258830109611154,,,,,,,,,,,0.0041647059842944145
alpha_sweep,k=5_alpha=5,42,abandoned_wells_a_fair.csv,6,1,5,5,0.3,0.15,True,100,csv,hnsw,inverted_index,pinned_match,True,100,22,11,True,,,11,11,5,0.32270382256164437,0.35753765372391877,-0.05753765372391878,32.9736590385437,11,0,2.2,0.0015154059510678053,True,True,0.0005146418698132038,0.0072381768841296434,,,,,,,,,,,0.0036122140008956194
alpha_sweep,k=5_alpha=5,42,albums_a_fair.csv,4,1,5,5,0.3,0.15,True,100,csv,hnsw,inverted_index,pinned_match,True,100,40,10,True,,,10,10,5,0.2997805413313826,0.28229082047116166,0.017709179528838326,20.978315472602844,10,0,2.0,0.001365408068522811,True,True,0.0004910719580948353,0.004936682991683483,,,,,,,,,,,0.0015516860876232386
alpha_sweep,k=5_alpha=5,42,animal_tag_data_a_fair.csv,3,1,5,5,0.3,0.15,True,100,csv,hnsw,inverted_index,pinned_match,True,100,21,8,True,,,8,8,5,0.21112036542505314,0.21486283429265848,0.0851371657073415,57.90510606765747,8,0,1.6,0.0014700971078127623,True,True,0.0005247311200946569,0.011494860984385014,,,,,,,,,,,0.006026046816259623
alpha_sweep,k=5_alpha=5,42,animal_tag_data_b_fair.csv,1,1,5,5,0.3,0.15,True,100,csv,hnsw,inverted_index,pinned_match,True,100,24,9,True,,,9,9,5,0.3771559388335704,0.37294481825427717,-0.07294481825427718,53.381404638290405,9,0,1.8,0.0015050261281430721,True,True,0.0005253709387034178,0.009513281984254718,,,,,,,,,,,0.005823970073834062
alpha_sweep,k=5_alpha=5,42,biodiversity_a_fair.csv,6,1,5,5,0.3,0.15,True,100,csv,hnsw,inverted_index,pinned_match,True,59,2,2,False,insufficient_candidates,,2,0,0,,,,,0,0,5.0,,False,,,0.0009555751457810402,,,,,,,,,,,
alpha_sweep,k=5_alpha=5,42,business_rates_a_fair.csv,9,1,5,5,0.3,0.15,True,100,csv,hnsw,inverted_index,pinned_match,True,100,24,4,False,insufficient_candidates,,4,0,0,,,,,0,0,5.0,,False,,,0.0012718811631202698,,,,,,,,,,,
alpha_sweep,k=5_alpha=5,42,cdc_nutrition_physical_activity_and_obesity_legislation_a_fair.csv,1,1,5,5,0.3,0.15,True,100,csv,hnsw,inverted_index,pinned_match,True,100,22,12,True,,,12,12,5,0.49818386521733304,0.4999116362442879,-0.19991163624428793,37.7597399353981,12,0,2.4,0.0014932970516383648,True,True,0.0005433110054582357,0.008512336993589997,,,,,,,,,,,0.004572698846459389
alpha_sweep,k=5_alpha=5,42,cihr_co-applicant_a_fair.csv,3,1,5,5,0.3,0.15,True,100,csv,hnsw,inverted_index,pinned_match,True,100,24,8,True,,,8,8,5,0.19735273889214022,0.19295394758749293,0.10704605241250706,59.383088529109955,8,0,1.6,0.0014369271229952574,True,True,0.0005361710209399462,0.012580244103446603,,,,,,,,,,,0.005971458042040467
alpha_sweep,k=5_alpha=5,42,cihr_co-applicant_b_fair.csv,2,1,5,5,0.3,0.15,True,100,csv,hnsw,inverted_index,pinned_match,True,100,13,5,True,,,5,5,5,0.3970064989512665,0.3970064989512665,-0.0970064989512665,54.323054790496826,5,0,1.0,0.0014178489800542593,True,True,0.0005221220199018717,0.009498650906607509,,,,,,,,,,,0.0033270390704274178
alpha_sweep,k=5_alpha=5,42,civic_building_locations_a_fair.csv,3,1,5,5,0.3,0.15,True,100,csv,hnsw,inverted_index,pinned_match,True,100,18,6,True,,,6,6,5,0.2657930107526882,0.3611748508490133,-0.06117485084901331,74.34771376848221,6,0,1.2,0.0014041790273040533,True,True,0.0005230819806456566,0.009678639937192202,,,,,,,,,,,0.006944812135770917
alpha_sweep,k=5_alpha=5,42,complaint_by_practice_a_fair.csv,0,1,5,5,0.3,0.15,True,100,csv,hnsw,inverted_index,pinned_match,True,100,30,2,False,insufficient_candidates,,2,0,0,,,,,0,0,5.0,,False,,,0.005443294998258352,,,,,,,,,,,
alpha_sweep,k=5_alpha=5,42,complaint_by_practice_b_fair.csv,1,1,5,5,0.3,0.15,True,100,csv,hnsw,inverted_index,pinned_match,True,100,30,5,False,stage2_infeasible,,5,5,0,0.10546712692172468,,,,5,0,1.0,0.0005059919785708189,True,False,0.000495552085340023,0.005709971068426967,,,,,,,,,,,0.0030710119754076004
alpha_sweep,k=5_alpha=5,42,contributors_parties_a_fair.csv,2,1,5,5,0.3,0.15,True,100,csv,hnsw,inverted_index,pinned_match,True,100,50,17,True,,,17,17,5,0.32556569205197944,0.33138010014233793,-0.03138010014233794,35.42607003450394,17,0,3.4,0.0016042040660977364,True,True,0.0005696609150618315,0.011784536065533757,,,,,,,,,,,0.005090432008728385
alpha_sweep,k=5_alpha=5,42,contributors_parties_b_fair.csv,0,1,5,5,0.3,0.15,True,100,csv,hnsw,inverted_index,pinned_match,True,100,42,17,True,,,17,17,5,1.0,1.0,-0.7,24.053523004055023,17,0,3.4,0.0015798949170857668,True,True,0.0005293618887662888,0.008089754031971097,,,,,,,,,,,0.0028686560690402985
alpha_sweep,k=5_alpha=5,42,data_mill_a_fair.csv,4,1,5,5,0.3,0.15,True,100,csv,hnsw,inverted_index,pinned_match,True,100,7,5,True,,,5,5,5,0.280016992646088,0.280016992646088,0.019983007353912008,94.36094391345978,5,0,1.0,0.0015658049378544092,True,True,0.0005433307960629463,0.013330662855878472,,,,,,,,,,,0.00928575498983264
alpha_sweep,k=5_alpha=5,42,data_mill_b_fair.csv,3,1,5,5,0.3,0.15,True,100,csv,hnsw,inverted_index,pinned_match,True,100,22,6,False,insufficient_candidates,,3,0,0,,,,,0,0,5.0,,False,,,0.0017188428901135921,,,,,,,,,,,
alpha_sweep,k=5_alpha=5,42,deaths_2012_2018_a_fair.csv,5,1,5,5,0.3,0.15,True,100,csv,hnsw,inverted_index,pinned_match,True,100,40,18,True,,,9,9,5,0.6405944798301486,0.6512035010940919,-0.3512035010940919,38.48299306631088,9,0,1.8,0.0014430969022214413,True,True,0.0005114420782774687,0.0077366388868540525,,,,,,,,,,,0.004539889050647616
alpha_sweep,k=5_alpha=5,42,immigration_records_a_fair.csv,2,1,5,5,0.3,0.15,True,100,csv,hnsw,inverted_index,pinned_match,True,100,45,12,True,,,12,12,5,0.30768119475219186,0.279881820380801,0.020118179619198984,36.65781831741333,12,0,2.4,0.0014128678012639284,True,True,0.000527071999385953,0.008901610970497131,,,,,,,,,,,0.004474500892683864
alpha_sweep,k=5_alpha=5,42,ipopayments_a_fair.csv,0,1,5,5,0.3,0.15,True,100,csv,hnsw,inverted_index,pinned_match,True,100,30,11,True,,,11,11,5,0.9809985096870343,1.0,-0.7,42.75763553380966,11,0,2.2,0.001535387011244893,True,True,0.0005297728348523378,0.008131823036819696,,,,,,,,,,,0.004723065998405218
alpha_sweep,k=5_alpha=5,42,ipopayments_b_fair.csv,2,1,5,5,0.3,0.15,True,100,csv,hnsw,inverted_index,pinned_match,True,100,16,7,True,,,7,7,5,0.3984900024890069,0.37865853658536586,-0.07865853658536587,42.801045536994934,7,0,1.4,0.0014109681360423565,True,True,0.0004897520411759615,0.005899808136746287,,,,,,,,,,,0.003009432926774025
alpha_sweep,k=5_alpha=5,42,job_pay_scales_a_fair.csv,4,1,5,5,0.3,0.15,True,100,csv,hnsw,inverted_index,pinned_match,True,100,80,10,True,,,10,10,5,0.3305739514348786,0.3215339233038348,-0.0215339233038348,49.827314019203186,10,0,2.0,0.0015076359268277884,True,True,0.0005190318915992975,0.008671403862535954,,,,,,,,,,,0.005288358079269528
alpha_sweep,k=5_alpha=5,42,lane_description_a_fair.csv,1,1,5,5,0.3,0.15,True,100,csv,hnsw,inverted_index,pinned_match,True,100,31,8,True,,,8,8,5,0.27099046717929987,0.2638321113520134,0.03616788864798659,68.61264032125473,8,0,1.6,0.0015331658069044352,True,True,0.0005752509459853172,0.018292336957529187,,,,,,,,,,,0.008030775003135204
alpha_sweep,k=5_alpha=5,42,lane_description_b_fair.csv,9,1,5,5,0.3,0.15,True,100,csv,hnsw,inverted_index,pinned_match,True,100,1165,8,False,insufficient_candidates,,4,0,0,,,,,0,0,5.0,,False,,,0.0017839421052485704,,,,,,,,,,,
alpha_sweep,k=5_alpha=5,42,mines_a_fair.csv,5,1,5,5,0.3,0.15,True,100,csv,hnsw,inverted_index,pinned_match,True,100,16,12,True,,,12,12,5,0.33131944057157375,0.353350874477635,-0.053350874477635035,39.248196840286255,12,0,2.4,0.0014686977956444025,True,True,0.0005423820111900568,0.008921812055632472,,,,,,,,,,,0.004197194008156657
alpha_sweep,k=5_alpha=5,42,mines_b_fair.csv,2,1,5,5,0.3,0.15,True,100,csv,hnsw,inverted_index,pinned_match,True,100,25,4,False,insufficient_candidates,,4,0,0,,,,,0,0,5.0,,False,,,0.0011119230184704065,,,,,,,,,,,
alpha_sweep,k=5_alpha=5,42,minister_meetings_a_fair.csv,4,1,5,5,0.3,0.15,True,100,csv,hnsw,inverted_index,pinned_match,True,100,55,26,True,,,8,8,5,0.36097560975609755,0.3625,-0.0625,23.825201153755188,8,0,1.6,0.0014465090353041887,True,True,0.0004974929615855217,0.004137786105275154,,,,,,,,,,,0.00121208094060421
alpha_sweep,k=5_alpha=5,42,monthly_data_feed_a_fair.csv,11,1,5,5,0.3,0.15,True,100,csv,hnsw,inverted_index,pinned_match,True,100,1165,28,True,,,6,6,5,1.0,1.0,-0.7,93.06950443983078,6,0,1.2,0.0015583059284836054,True,True,0.0005587218329310417,0.014471685979515314,,,,,,,,,,,0.01101539796218276
alpha_sweep,k=5_alpha=5,42,monthly_data_feed_b_fair.csv,1,1,5,5,0.3,0.15,True,100,csv,hnsw,inverted_index,pinned_match,True,100,24,4,False,insufficient_candidates,,4,0,0,,,,,0,0,5.0,,False,,,0.001219860976561904,,,,,,,,,,,
alpha_sweep,k=5_alpha=5,42,new_york_city_restaurant_inspection_results_a_fair.csv,6,1,5,5,0.3,0.15,True,100,csv,hnsw,inverted_index,pinned_match,True,100,62,9,True,,,9,9,5,0.32042263585290953,0.3227357206863363,-0.022735720686336336,38.18224024772644,9,0,1.8,0.001582715893164277,True,True,0.000591691117733717,0.016250887885689735,,,,,,,,,,,0.004245795076712966
alpha_sweep,k=5_alpha=5,42,oil_and_gas_summary_production_data_1967_1999_a_fair.csv,2,1,5,5,0.3,0.15,True,100,csv,hnsw,inverted_index,pinned_match,True,100,44,12,True,,,12,12,5,0.3317860857189775,0.36458690781373004,-0.06458690781373005,40.74062728881836,12,0,2.4,0.0014829370193183422,True,True,0.0005523120053112507,0.009004579856991768,,,,,,,,,,,0.004731406923383474
alpha_sweep,k=5_alpha=5,42,practice_reference_a_fair.csv,6,1,5,5,0.3,0.15,True,100,csv,hnsw,inverted_index,pinned_match,True,100,31,13,True,,,13,13,5,0.27624963028689736,0.2663261583363736,0.033673841663626414,39.72701597213745,13,0,2.6,0.0015210260171443224,True,True,0.000518792076036334,0.008204382844269276,,,,,,,,,,,0.004543988965451717
alpha_sweep,k=5_alpha=5,42,practice_reference_b_fair.csv,5,1,5,5,0.3,0.15,True,100,csv,hnsw,inverted_index,pinned_match,True,100,30,13,True,,,13,13,5,0.35622514530437444,0.35734767025089603,-0.05734767025089604,34.15468192100525,13,0,2.6,0.0014659080188721418,True,True,0.0005077819805592299,0.007318146992474794,,,,,,,,,,,0.003853630041703582
alpha_sweep,k=5_alpha=5,42,prescribing_a_fair.csv,14,1,5,5,0.3,0.15,True,100,csv,hnsw,inverted_index,pinned_match,True,100,70,5,True,,,5,5,5,0.21702562154204166,0.21702562154204166,0.08297437845795833,90.56474554538727,5,0,1.0,0.0015071260277181864,True,True,0.0005646510981023312,0.016152518102899194,,,,,,,,,,,0.009285205975174904
alpha_sweep,k=5_alpha=5,42,prescribing_b_fair.csv,13,1,5,5,0.3,0.15,True,100,csv,hnsw,inverted_index,pinned_match,True,100,180,12,True,,,6,6,5,0.35045481435235615,0.3726147456546266,-0.07261474565462661,92.55432134866714,6,0,1.2,0.0015561950858682394,True,True,0.0005909409373998642,0.019657054916024208,,,,,,,,,,,0.010984369087964296
alpha_sweep,k=5_alpha=5,42,psyckes_antipsychotic_polypharmacy_quality_indicators_beginning_2012_a_fair.csv,3,1,5,5,0.3,0.15,True,100,csv,hnsw,inverted_index,pinned_match,True,100,22,13,True,,,13,13,5,0.7213524520684584,0.7213847622227073,-0.4213847622227073,32.533622562885284,13,0,2.6,0.001557955052703619,True,True,0.0005824398249387741,0.013745266944169998,,,,,,,,,,,0.004024226916953921
alpha_sweep,k=5_alpha=5,42,purchasing_card_a_fair.csv,1,1,5,5,0.3,0.15,True,100,csv,hnsw,inverted_index,pinned_match,True,100,26,10,True,,,10,10,5,0.29122521054061395,0.3309248554913295,-0.030924855491329506,49.32323867082596,10,0,2.0,0.0014084880240261555,True,True,0.0005252528935670853,0.008447688072919846,,,,,,,,,,,0.005292427027598023
alpha_sweep,k=5_alpha=5,42,report_card_discipline_for_2015_16_a_fair.csv,2,1,5,5,0.3,0.15,True,100,csv,hnsw,inverted_index,pinned_match,True,100,22,11,True,,,11,11,5,0.3525705100408604,0.35611018657237753,-0.05611018657237754,42.43440526723862,11,0,2.2,0.00157258496619761,True,True,0.0005828321445733309,0.019663143903017044,,,,,,,,,,,0.005177770042791963
alpha_sweep,k=5_alpha=5,42,senior_officials_expenses_a_fair.csv,1,1,5,5,0.3,0.15,True,100,csv,hnsw,inverted_index,pinned_match,True,100,7,4,False,insufficient_candidates,,4,0,0,,,,,0,0,5.0,,False,,,0.0011091921478509903,,,,,,,,,,,
alpha_sweep,k=5_alpha=5,42,stockport_contracts_a_fair.csv,4,1,5,5,0.3,0.15,True,100,csv,hnsw,inverted_index,pinned_match,True,100,1,1,False,insufficient_candidates,,1,0,0,,,,,0,0,5.0,,False,,,0.0005833320319652557,,,,,,,,,,,
alpha_sweep,k=5_alpha=5,42,stockport_contracts_b_fair.csv,15,1,5,5,0.3,0.15,True,100,csv,hnsw,inverted_index,pinned_match,True,100,24,4,False,insufficient_candidates,,4,0,0,,,,,0,0,5.0,,False,,,0.0009189860429614782,,,,,,,,,,,
alpha_sweep,k=5_alpha=5,42,time_spent_watching_vcr_movies_a_fair.csv,4,1,5,5,0.3,0.15,True,100,csv,hnsw,inverted_index,pinned_match,True,100,14,5,True,,,5,5,5,1.0,1.0,-0.7,20.509933412075043,5,0,1.0,0.001522565959021449,True,True,0.0005697719752788544,0.0034400259610265493,,,,,,,,,,,0.0008308780379593372
alpha_sweep,k=5_alpha=5,42,tuition_assistance_program_tap_recipients_a_fair.csv,5,1,5,5,0.3,0.15,True,100,csv,hnsw,inverted_index,pinned_match,True,100,22,14,True,,,14,14,5,0.6221631445350636,0.6225595688167666,-0.32255956881676656,35.17638337612152,14,0,2.8,0.0015347369480878115,True,True,0.0005348431877791882,0.00963093084283173,,,,,,,,,,,0.004355961922556162
alpha_sweep,k=5_alpha=5,42,wholesale_markets_a_fair.csv,2,1,5,5,0.3,0.15,True,100,csv,hnsw,inverted_index,pinned_match,True,100,2,2,False,insufficient_candidates,,2,0,0,,,,,0,0,5.0,,False,,,0.0033684868831187487,,,,,,,,,,,
alpha_sweep,k=5_alpha=5,42,workforce_management_information_a_fair.csv,20,1,5,5,0.3,0.15,True,100,csv,hnsw,inverted_index,pinned_match,True,100,14,1,False,insufficient_candidates,,1,0,0,,,,,0,0,5.0,,False,,,0.0005763119552284479,,,,,,,,,,,
alpha_sweep,k=5_alpha=5,42,workforce_management_information_b_fair.csv,17,1,5,5,0.3,0.15,True,100,csv,hnsw,inverted_index,pinned_match,True,100,74,1,False,insufficient_candidates,,1,0,0,,,,,0,0,5.0,,False,,,0.0005128020420670509,,,,,,,,,,,
alpha_sweep,k=5_alpha=5,42,ydn_spending_data_a_fair.csv,1,1,5,5,0.3,0.15,True,100,csv,hnsw,inverted_index,pinned_match,True,100,13,6,True,,,6,6,5,0.230978015018547,0.2292915946742555,0.07070840532574449,54.91674071550369,6,0,1.2,0.0015050559304654598,True,True,0.0005580219440162182,0.007645880803465843,,,,,,,,,,,0.004712895955890417
alpha_sweep,k=5_alpha=5,42,ydn_spending_data_b_fair.csv,11,1,5,5,0.3,0.15,True,100,csv,hnsw,inverted_index,pinned_match,True,100,13,6,True,,,6,6,5,0.3984111221449851,0.3930880159124813,-0.09308801591248134,55.82540774345398,6,0,1.2,0.0013559390790760517,True,True,0.0005019018426537514,0.007161897839978337,,,,,,,,,,,0.004476049914956093
alpha_sweep,k=5_alpha=10,42,311_calls_historic_data_a_fair.csv,1,1,5,10,0.3,0.15,True,100,csv,hnsw,inverted_index,pinned_match,True,100,22,11,True,,,11,11,5,0.3615706121297823,0.3660240821427365,-0.06602408214273653,35.68177855014801,11,0,2.2,0.0015490869991481304,True,True,0.0005725608207285404,0.014015753986313939,,,,,,,,,,,0.004156735027208924
alpha_sweep,k=5_alpha=10,42,abandoned_wells_a_fair.csv,6,1,5,10,0.3,0.15,True,100,csv,hnsw,inverted_index,pinned_match,True,100,22,11,True,,,11,11,5,0.32270382256164437,0.35753765372391877,-0.05753765372391878,32.9736590385437,11,0,2.2,0.0015055059920996428,True,True,0.0005268219392746687,0.007191077107563615,,,,,,,,,,,0.003571383887901902
alpha_sweep,k=5_alpha=10,42,albums_a_fair.csv,4,1,5,10,0.3,0.15,True,100,csv,hnsw,inverted_index,pinned_match,True,100,40,10,True,,,10,10,5,0.2997805413313826,0.28229082047116166,0.017709179528838326,20.978315472602844,10,0,2.0,0.0013764980249106884,True,True,0.0004968629218637943,0.004921664018183947,,,,,,,,,,,0.0015628761611878872
alpha_sweep,k=5_alpha=10,42,animal_tag_data_a_fair.csv,3,1,5,10,0.3,0.15,True,100,csv,hnsw,inverted_index,pinned_match,True,100,21,8,True,,,8,8,5,0.21112036542505314,0.21486283429265848,0.0851371657073415,57.90510606765747,8,0,1.6,0.0014711969997733831,True,True,0.0005360711365938187,0.011484640883281827,,,,,,,,,,,0.005986056989058852
alpha_sweep,k=5_alpha=10,42,animal_tag_data_b_fair.csv,1,1,5,10,0.3,0.15,True,100,csv,hnsw,inverted_index,pinned_match,True,100,24,9,True,,,9,9,5,0.3771559388335704,0.37294481825427717,-0.07294481825427718,53.381404638290405,9,0,1.8,0.0014683560002595186,True,True,0.0005409030709415674,0.009480132954195142,,,,,,,,,,,0.005802971078082919
alpha_sweep,k=5_alpha=10,42,biodiversity_a_fair.csv,6,1,5,10,0.3,0.15,True,100,csv,hnsw,inverted_index,pinned_match,True,59,2,2,False,insufficient_candidates,,2,0,0,,,,,0,0,10.0,,False,,,0.000935025978833437,,,,,,,,,,,
alpha_sweep,k=5_alpha=10,42,business_rates_a_fair.csv,9,1,5,10,0.3,0.15,True,100,csv,hnsw,inverted_index,pinned_match,True,100,24,4,False,insufficient_candidates,,4,0,0,,,,,0,0,10.0,,False,,,0.0012728399597108364,,,,,,,,,,,
alpha_sweep,k=5_alpha=10,42,cdc_nutrition_physical_activity_and_obesity_legislation_a_fair.csv,1,1,5,10,0.3,0.15,True,100,csv,hnsw,inverted_index,pinned_match,True,100,22,12,True,,,12,12,5,0.49818386521733304,0.4999116362442879,-0.19991163624428793,37.7597399353981,12,0,2.4,0.0015994349960237741,True,True,0.0005429219454526901,0.008610377088189125,,,,,,,,,,,0.00455061998218298
alpha_sweep,k=5_alpha=10,42,cihr_co-applicant_a_fair.csv,3,1,5,10,0.3,0.15,True,100,csv,hnsw,inverted_index,pinned_match,True,100,24,8,True,,,8,8,5,0.19735273889214022,0.19295394758749293,0.10704605241250706,59.383088529109955,8,0,1.6,0.0014700470492243767,True,True,0.0005479610990732908,0.012649892829358578,,,,,,,,,,,0.005977807799354196
alpha_sweep,k=5_alpha=10,42,cihr_co-applicant_b_fair.csv,2,1,5,10,0.3,0.15,True,100,csv,hnsw,inverted_index,pinned_match,True,100,13,5,True,,,5,5,5,0.3970064989512665,0.3970064989512665,-0.0970064989512665,54.323054790496826,5,0,1.0,0.0013862489722669125,True,True,0.0005086320452392101,0.009441382950171828,,,,,,,,,,,0.003322147997096181
alpha_sweep,k=5_alpha=10,42,civic_building_locations_a_fair.csv,3,1,5,10,0.3,0.15,True,100,csv,hnsw,inverted_index,pinned_match,True,100,18,6,True,,,6,6,5,0.2657930107526882,0.3611748508490133,-0.06117485084901331,74.34771376848221,6,0,1.2,0.0014198771677911282,True,True,0.0005330820567905903,0.00960717094130814,,,,,,,,,,,0.006864212919026613
alpha_sweep,k=5_alpha=10,42,complaint_by_practice_a_fair.csv,0,1,5,10,0.3,0.15,True,100,csv,hnsw,inverted_index,pinned_match,True,100,30,2,False,insufficient_candidates,,2,0,0,,,,,0,0,10.0,,False,,,0.005497704027220607,,,,,,,,,,,
alpha_sweep,k=5_alpha=10,42,complaint_by_practice_b_fair.csv,1,1,5,10,0.3,0.15,True,100,csv,hnsw,inverted_index,pinned_match,True,100,30,5,False,stage2_infeasible,,5,5,0,0.10546712692172468,,,,5,0,1.0,0.0005047519225627184,True,False,0.000494383042678237,0.005706361029297113,,,,,,,,,,,0.003066522069275379
alpha_sweep,k=5_alpha=10,42,contributors_parties_a_fair.csv,2,1,5,10,0.3,0.15,True,100,csv,hnsw,inverted_index,pinned_match,True,100,50,17,True,,,17,17,5,0.32556569205197944,0.33138010014233793,-0.03138010014233794,35.42607003450394,17,0,3.4,0.001864369958639145,True,True,0.0006133010610938072,0.011062459088861942,,,,,,,,,,,0.005108691053465009
alpha_sweep,k=5_alpha=10,42,contributors_parties_b_fair.csv,0,1,5,10,0.3,0.15,True,100,csv,hnsw,inverted_index,pinned_match,True,100,42,17,True,,,17,17,5,1.0,1.0,-0.7,24.053523004055023,17,0,3.4,0.001970710000023246,True,True,0.0005892510525882244,0.008516887202858925,,,,,,,,,,,0.002877586055546999
alpha_sweep,k=5_alpha=10,42,data_mill_a_fair.csv,4,1,5,10,0.3,0.15,True,100,csv,hnsw,inverted_index,pinned_match,True,100,7,5,True,,,5,5,5,0.280016992646088,0.280016992646088,0.019983007353912008,94.36094391345978,5,0,1.0,0.0016565341502428055,True,True,0.0006012499798089266,0.013864084146916866,,,,,,,,,,,0.009373183827847242
alpha_sweep,k=5_alpha=10,42,data_mill_b_fair.csv,3,1,5,10,0.3,0.15,True,100,csv,hnsw,inverted_index,pinned_match,True,100,22,6,False,insufficient_candidates,,3,0,0,,,,,0,0,10.0,,False,,,0.0021571971010416746,,,,,,,,,,,
alpha_sweep,k=5_alpha=10,42,deaths_2012_2018_a_fair.csv,5,1,5,10,0.3,0.15,True,100,csv,hnsw,inverted_index,pinned_match,True,100,40,18,True,,,9,9,5,0.6405944798301486,0.6512035010940919,-0.3512035010940919,38.48299306631088,9,0,1.8,0.0014850860461592674,True,True,0.0005363021045923233,0.007790160132572055,,,,,,,,,,,0.004529651021584868
alpha_sweep,k=5_alpha=10,42,immigration_records_a_fair.csv,2,1,5,10,0.3,0.15,True,100,csv,hnsw,inverted_index,pinned_match,True,100,45,12,True,,,12,12,5,0.30768119475219186,0.279881820380801,0.020118179619198984,36.65781831741333,12,0,2.4,0.001405967865139246,True,True,0.0005138020496815443,0.008891511941328645,,,,,,,,,,,0.00448014005087316
alpha_sweep,k=5_alpha=10,42,ipopayments_a_fair.csv,0,1,5,10,0.3,0.15,True,100,csv,hnsw,inverted_index,pinned_match,True,100,30,11,True,,,11,11,5,0.9809985096870343,1.0,-0.7,42.75763553380966,11,0,2.2,0.0014915361534804106,True,True,0.0005153720267117023,0.008068104973062873,,,,,,,,,,,0.004717316944152117
alpha_sweep,k=5_alpha=10,42,ipopayments_b_fair.csv,2,1,5,10,0.3,0.15,True,100,csv,hnsw,inverted_index,pinned_match,True,100,16,7,True,,,7,7,5,0.3984900024890069,0.37865853658536586,-0.07865853658536587,42.801045536994934,7,0,1.4,0.0014497078955173492,True,True,0.00050881109200418,0.0059229591861367226,,,,,,,,,,,0.0029931729659438133
alpha_sweep,k=5_alpha=10,42,job_pay_scales_a_fair.csv,4,1,5,10,0.3,0.15,True,100,csv,hnsw,inverted_index,pinned_match,True,100,80,10,True,,,10,10,5,0.3305739514348786,0.3215339233038348,-0.0215339233038348,49.827314019203186,10,0,2.0,0.0015200369525700808,True,True,0.0005305120721459389,0.0086265760473907,,,,,,,,,,,0.0052312088664621115
alpha_sweep,k=5_alpha=10,42,lane_description_a_fair.csv,1,1,5,10,0.3,0.15,True,100,csv,hnsw,inverted_index,pinned_match,True,100,31,8,True,,,8,8,5,0.27099046717929987,0.2638321113520134,0.03616788864798659,68.61264032125473,8,0,1.6,0.0015564349014312029,True,True,0.0005874100606888533,0.018357374938204885,,,,,,,,,,,0.008082454791292548
alpha_sweep,k=5_alpha=10,42,lane_description_b_fair.csv,9,1,5,10,0.3,0.15,True,100,csv,hnsw,inverted_index,pinned_match,True,100,1165,8,False,insufficient_candidates,,4,0,0,,,,,0,0,10.0,,False,,,0.0018061830196529627,,,,,,,,,,,
alpha_sweep,k=5_alpha=10,42,mines_a_fair.csv,5,1,5,10,0.3,0.15,True,100,csv,hnsw,inverted_index,pinned_match,True,100,16,12,True,,,12,12,5,0.33131944057157375,0.353350874477635,-0.053350874477635035,39.248196840286255,12,0,2.4,0.0014546469319611788,True,True,0.0005380711518228054,0.008825592929497361,,,,,,,,,,,0.004135526018217206
alpha_sweep,k=5_alpha=10,42,mines_b_fair.csv,2,1,5,10,0.3,0.15,True,100,csv,hnsw,inverted_index,pinned_match,True,100,25,4,False,insufficient_candidates,,4,0,0,,,,,0,0,10.0,,False,,,0.0011222618632018566,,,,,,,,,,,
alpha_sweep,k=5_alpha=10,42,minister_meetings_a_fair.csv,4,1,5,10,0.3,0.15,True,100,csv,hnsw,inverted_index,pinned_match,True,100,55,26,True,,,8,8,5,0.36097560975609755,0.3625,-0.0625,23.825201153755188,8,0,1.6,0.0014733760617673397,True,True,0.0004996908828616142,0.004182344069704413,,,,,,,,,,,0.001207910943776369
alpha_sweep,k=5_alpha=10,42,monthly_data_feed_a_fair.csv,11,1,5,10,0.3,0.15,True,100,csv,hnsw,inverted_index,pinned_match,True,100,1165,28,True,,,6,6,5,1.0,1.0,-0.7,93.06950443983078,6,0,1.2,0.0016038250178098679,True,True,0.000586342066526413,0.014496134128421545,,,,,,,,,,,0.01094837998971343
alpha_sweep,k=5_alpha=10,42,monthly_data_feed_b_fair.csv,1,1,5,10,0.3,0.15,True,100,csv,hnsw,inverted_index,pinned_match,True,100,24,4,False,insufficient_candidates,,4,0,0,,,,,0,0,10.0,,False,,,0.0012094820849597454,,,,,,,,,,,
alpha_sweep,k=5_alpha=10,42,new_york_city_restaurant_inspection_results_a_fair.csv,6,1,5,10,0.3,0.15,True,100,csv,hnsw,inverted_index,pinned_match,True,100,62,9,True,,,9,9,5,0.32042263585290953,0.3227357206863363,-0.022735720686336336,38.18224024772644,9,0,1.8,0.0015316070057451725,True,True,0.0005660408642143011,0.016025620978325605,,,,,,,,,,,0.004245243966579437
alpha_sweep,k=5_alpha=10,42,oil_and_gas_summary_production_data_1967_1999_a_fair.csv,2,1,5,10,0.3,0.15,True,100,csv,hnsw,inverted_index,pinned_match,True,100,44,12,True,,,12,12,5,0.3317860857189775,0.36458690781373004,-0.06458690781373005,40.74062728881836,12,0,2.4,0.0015232970472425222,True,True,0.0005648608785122633,0.008993298979476094,,,,,,,,,,,0.0047076670452952385
alpha_sweep,k=5_alpha=10,42,practice_reference_a_fair.csv,6,1,5,10,0.3,0.15,True,100,csv,hnsw,inverted_index,pinned_match,True,100,31,13,True,,,13,13,5,0.27624963028689736,0.2663261583363736,0.033673841663626414,39.72701597213745,13,0,2.6,0.0015084678307175636,True,True,0.0005085428711026907,0.008179232943803072,,,,,,,,,,,0.004480059957131743
alpha_sweep,k=5_alpha=10,42,practice_reference_b_fair.csv,5,1,5,10,0.3,0.15,True,100,csv,hnsw,inverted_index,pinned_match,True,100,30,13,True,,,13,13,5,0.35622514530437444,0.35734767025089603,-0.05734767025089604,34.15468192100525,13,0,2.6,0.0014694570563733578,True,True,0.0005179631989449263,0.0073190671391785145,,,,,,,,,,,0.0038459599018096924
alpha_sweep,k=5_alpha=10,42,prescribing_a_fair.csv,14,1,5,10,0.3,0.15,True,100,csv,hnsw,inverted_index,pinned_match,True,100,70,5,True,,,5,5,5,0.21702562154204166,0.21702562154204166,0.08297437845795833,90.56474554538727,5,0,1.0,0.0015263061504811049,True,True,0.0005702420603483915,0.016015911009162664,,,,,,,,,,,0.00921234698034823
alpha_sweep,k=5_alpha=10,42,prescribing_b_fair.csv,13,1,5,10,0.3,0.15,True,100,csv,hnsw,inverted_index,pinned_match,True,100,180,12,True,,,6,6,5,0.35045481435235615,0.3726147456546266,-0.07261474565462661,92.55432134866714,6,0,1.2,0.0015862148720771074,True,True,0.0006200799252837896,0.019747792975977063,,,,,,,,,,,0.011069009080529213
alpha_sweep,k=5_alpha=10,42,psyckes_antipsychotic_polypharmacy_quality_indicators_beginning_2012_a_fair.csv,3,1,5,10,0.3,0.15,True,100,csv,hnsw,inverted_index,pinned_match,True,100,22,13,True,,,13,13,5,0.7213524520684584,0.7213847622227073,-0.4213847622227073,32.533622562885284,13,0,2.6,0.0015076261479407549,True,True,0.0005464409478008747,0.01389749487861991,,,,,,,,,,,0.004113446921110153
alpha_sweep,k=5_alpha=10,42,purchasing_card_a_fair.csv,1,1,5,10,0.3,0.15,True,100,csv,hnsw,inverted_index,pinned_match,True,100,26,10,True,,,10,10,5,0.29122521054061395,0.3309248554913295,-0.030924855491329506,49.32323867082596,10,0,2.0,0.0014538969844579697,True,True,0.0005432118196040392,0.00853049592114985,,,,,,,,,,,0.005298517877236009
alpha_sweep,k=5_alpha=10,42,report_card_discipline_for_2015_16_a_fair.csv,2,1,5,10,0.3,0.15,True,100,csv,hnsw,inverted_index,pinned_match,True,100,22,11,True,,,11,11,5,0.3525705100408604,0.35611018657237753,-0.05611018657237754,42.43440526723862,11,0,2.2,0.0015564849600195885,True,True,0.0005879809614270926,0.019511357881128788,,,,,,,,,,,0.005166210001334548
alpha_sweep,k=5_alpha=10,42,senior_officials_expenses_a_fair.csv,1,1,5,10,0.3,0.15,True,100,csv,hnsw,inverted_index,pinned_match,True,100,7,4,False,insufficient_candidates,,4,0,0,,,,,0,0,10.0,,False,,,0.0010938721243292093,,,,,,,,,,,
alpha_sweep,k=5_alpha=10,42,stockport_contracts_a_fair.csv,4,1,5,10,0.3,0.15,True,100,csv,hnsw,inverted_index,pinned_match,True,100,1,1,False,insufficient_candidates,,1,0,0,,,,,0,0,10.0,,False,,,0.000610030023381114,,,,,,,,,,,
alpha_sweep,k=5_alpha=10,42,stockport_contracts_b_fair.csv,15,1,5,10,0.3,0.15,True,100,csv,hnsw,inverted_index,pinned_match,True,100,24,4,False,insufficient_candidates,,4,0,0,,,,,0,0,10.0,,False,,,0.0009329060558229685,,,,,,,,,,,
alpha_sweep,k=5_alpha=10,42,time_spent_watching_vcr_movies_a_fair.csv,4,1,5,10,0.3,0.15,True,100,csv,hnsw,inverted_index,pinned_match,True,100,14,5,True,,,5,5,5,1.0,1.0,-0.7,20.509933412075043,5,0,1.0,0.0013891281560063362,True,True,0.0005079822149127722,0.003336738096550107,,,,,,,,,,,0.0008327679242938757
alpha_sweep,k=5_alpha=10,42,tuition_assistance_program_tap_recipients_a_fair.csv,5,1,5,10,0.3,0.15,True,100,csv,hnsw,inverted_index,pinned_match,True,100,22,14,True,,,14,14,5,0.6221631445350636,0.6225595688167666,-0.32255956881676656,35.17638337612152,14,0,2.8,0.001522266073152423,True,True,0.0005281111225485802,0.00956120085902512,,,,,,,,,,,0.0043552229180932045
alpha_sweep,k=5_alpha=10,42,wholesale_markets_a_fair.csv,2,1,5,10,0.3,0.15,True,100,csv,hnsw,inverted_index,pinned_match,True,100,2,2,False,insufficient_candidates,,2,0,0,,,,,0,0,10.0,,False,,,0.0034710660111159086,,,,,,,,,,,
alpha_sweep,k=5_alpha=10,42,workforce_management_information_a_fair.csv,20,1,5,10,0.3,0.15,True,100,csv,hnsw,inverted_index,pinned_match,True,100,14,1,False,insufficient_candidates,,1,0,0,,,,,0,0,10.0,,False,,,0.0005925009027123451,,,,,,,,,,,
alpha_sweep,k=5_alpha=10,42,workforce_management_information_b_fair.csv,17,1,5,10,0.3,0.15,True,100,csv,hnsw,inverted_index,pinned_match,True,100,74,1,False,insufficient_candidates,,1,0,0,,,,,0,0,10.0,,False,,,0.0005090420600026846,,,,,,,,,,,
alpha_sweep,k=5_alpha=10,42,ydn_spending_data_a_fair.csv,1,1,5,10,0.3,0.15,True,100,csv,hnsw,inverted_index,pinned_match,True,100,13,6,True,,,6,6,5,0.230978015018547,0.2292915946742555,0.07070840532574449,54.91674071550369,6,0,1.2,0.0014787779655307531,True,True,0.0005527411121875048,0.007467194925993681,,,,,,,,,,,0.00459232903085649
alpha_sweep,k=5_alpha=10,42,ydn_spending_data_b_fair.csv,11,1,5,10,0.3,0.15,True,100,csv,hnsw,inverted_index,pinned_match,True,100,13,6,True,,,6,6,5,0.3984111221449851,0.3930880159124813,-0.09308801591248134,55.82540774345398,6,0,1.2,0.001402358990162611,True,True,0.0005157219711691141,0.007293566828593612,,,,,,,,,,,0.004623877815902233
alpha_sweep,k=10_alpha=1,42,311_calls_historic_data_a_fair.csv,1,1,10,1,0.3,0.15,True,100,csv,hnsw,inverted_index,pinned_match,True,100,22,11,True,,,11,10,10,0.42197479825290657,0.42197479825290657,-0.12197479825290658,67.64193856716156,10,2,1.0,0.0014848969876766205,True,True,0.0005558200646191835,0.013864974956959486,,,,,,,,,,,0.0038586000446230173
alpha_sweep,k=10_alpha=1,42,abandoned_wells_a_fair.csv,6,1,10,1,0.3,0.15,True,100,csv,hnsw,inverted_index,pinned_match,True,100,22,11,True,,,11,10,10,0.3360920557645497,0.3360920557645497,-0.03609205576454971,63.99672490358353,10,2,1.0,0.0014142789877951145,True,True,0.0005215532146394253,0.006848514080047607,,,,,,,,,,,0.0032751590479165316
alpha_sweep,k=10_alpha=1,42,albums_a_fair.csv,4,1,10,1,0.3,0.15,True,100,csv,hnsw,inverted_index,pinned_match,True,100,40,10,True,,,10,10,10,0.2997805413313826,0.2997805413313826,0.00021945866861738939,35.5307657122612,10,0,1.0,0.0013129699509590864,True,True,0.00046796398237347603,0.004980111960321665,,,,,,,,,,,0.0015605250373482704
alpha_sweep,k=10_alpha=1,42,animal_tag_data_a_fair.csv,3,1,10,1,0.3,0.15,True,100,csv,hnsw,inverted_index,pinned_match,True,100,21,8,False,insufficient_candidates,,8,0,0,,,,,0,0,1.0,,False,,,0.003990018041804433,,,,,,,,,,,
alpha_sweep,k=10_alpha=1,42,animal_tag_data_b_fair.csv,1,1,10,1,0.3,0.15,True,100,csv,hnsw,inverted_index,pinned_match,True,100,24,9,False,insufficient_candidates,,9,0,0,,,,,0,0,1.0,,False,,,0.0021277579944580793,,,,,,,,,,,
alpha_sweep,k=10_alpha=1,42,biodiversity_a_fair.csv,6,1,10,1,0.3,0.15,True,100,csv,hnsw,inverted_index,pinned_match,True,59,2,2,False,insufficient_candidates,,2,0,0,,,,,0,0,1.0,,False,,,0.0008980950806289911,,,,,,,,,,,
alpha_sweep,k=10_alpha=1,42,business_rates_a_fair.csv,9,1,10,1,0.3,0.15,True,100,csv,hnsw,inverted_index,pinned_match,True,100,24,4,False,insufficient_candidates,,4,0,0,,,,,0,0,1.0,,False,,,0.0012355719227343798,,,,,,,,,,,
alpha_sweep,k=10_alpha=1,42,cdc_nutrition_physical_activity_and_obesity_legislation_a_fair.csv,1,1,10,1,0.3,0.15,True,100,csv,hnsw,inverted_index,pinned_match,True,100,22,12,True,,,12,10,10,0.4995743627048863,0.4995743627048863,-0.19957436270488632,72.50861942768097,10,1,1.0,0.0014857370406389236,True,True,0.0005505210720002651,0.007732229074463248,,,,,,,,,,,0.003793469863012433
alpha_sweep,k=10_alpha=1,42,cihr_co-applicant_a_fair.csv,3,1,10,1,0.3,0.15,True,100,csv,hnsw,inverted_index,pinned_match,True,100,24,8,False,insufficient_candidates,,8,0,0,,,,,0,0,1.0,,False,,,0.0052125779911875725,,,,,,,,,,,
alpha_sweep,k=10_alpha=1,42,cihr_co-applicant_b_fair.csv,2,1,10,1,0.3,0.15,True,100,csv,hnsw,inverted_index,pinned_match,True,100,13,5,False,insufficient_candidates,,5,0,0,,,,,0,0,1.0,,False,,,0.004727066028863192,,,,,,,,,,,
alpha_sweep,k=10_alpha=1,42,civic_building_locations_a_fair.csv,3,1,10,1,0.3,0.15,True,100,csv,hnsw,inverted_index,pinned_match,True,100,18,6,False,insufficient_candidates,,6,0,0,,,,,0,0,1.0,,False,,,0.001265950035303831,,,,,,,,,,,
alpha_sweep,k=10_alpha=1,42,complaint_by_practice_a_fair.csv,0,1,10,1,0.3,0.15,True,100,csv,hnsw,inverted_index,pinned_match,True,100,30,2,False,insufficient_candidates,,2,0,0,,,,,0,0,1.0,,False,,,0.005323346937075257,,,,,,,,,,,
alpha_sweep,k=10_alpha=1,42,complaint_by_practice_b_fair.csv,1,1,10,1,0.3,0.15,True,100,csv,hnsw,inverted_index,pinned_match,True,100,30,5,False,insufficient_candidates,,5,0,0,,,,,0,0,1.0,,False,,,0.00210550706833601,,,,,,,,,,,
alpha_sweep,k=10_alpha=1,42,contributors_parties_a_fair.csv,2,1,10,1,0.3,0.15,True,100,csv,hnsw,inverted_index,pinned_match,True,100,50,17,True,,,17,10,10,0.39312994923180583,0.39312994923180583,-0.09312994923180584,55.58772885799408,10,1,1.0,0.0016455738805234432,True,True,0.0006164500955492258,0.008678785059601068,,,,,,,,,,,0.0030780320521444082
alpha_sweep,k=10_alpha=1,42,contributors_parties_b_fair.csv,0,1,10,1,0.3,0.15,True,100,csv,hnsw,inverted_index,pinned_match,True,100,42,17,True,,,17,10,10,1.0,1.0,-0.7,45.182749569416046,10,1,1.0,0.0013460991904139519,True,True,0.0004926130641251802,0.006791264051571488,,,,,,,,,,,0.001795492833480239
alpha_sweep,k=10_alpha=1,42,data_mill_a_fair.csv,4,1,10,1,0.3,0.15,True,100,csv,hnsw,inverted_index,pinned_match,True,100,7,5,False,insufficient_candidates,,5,0,0,,,,,0,0,1.0,,False,,,0.0024596319999545813,,,,,,,,,,,
alpha_sweep,k=10_alpha=1,42,data_mill_b_fair.csv,3,1,10,1,0.3,0.15,True,100,csv,hnsw,inverted_index,pinned_match,True,100,22,6,False,insufficient_candidates,,3,0,0,,,,,0,0,1.0,,False,,,0.0016686238814145327,,,,,,,,,,,
alpha_sweep,k=10_alpha=1,42,deaths_2012_2018_a_fair.csv,5,1,10,1,0.3,0.15,True,100,csv,hnsw,inverted_index,pinned_match,True,100,40,18,False,insufficient_candidates,,9,0,0,,,,,0,0,1.0,,False,,,0.0017136239912360907,,,,,,,,,,,
alpha_sweep,k=10_alpha=1,42,immigration_records_a_fair.csv,2,1,10,1,0.3,0.15,True,100,csv,hnsw,inverted_index,pinned_match,True,100,45,12,True,,,12,10,10,0.35178722613418134,0.35178722613418134,-0.05178722613418135,55.849139630794525,10,2,1.0,0.0014464668929576874,True,True,0.0005289108958095312,0.007991197053343058,,,,,,,,,,,0.003610804909840226
alpha_sweep,k=10_alpha=1,42,ipopayments_a_fair.csv,0,1,10,1,0.3,0.15,True,100,csv,hnsw,inverted_index,pinned_match,True,100,30,11,True,,,11,10,10,1.0,1.0,-0.7,83.81696665287018,10,1,1.0,0.0013505390379577875,True,True,0.0004958820063620806,0.0075076729990541935,,,,,,,,,,,0.004264593822881579
alpha_sweep,k=10_alpha=1,42,ipopayments_b_fair.csv,2,1,10,1,0.3,0.15,True,100,csv,hnsw,inverted_index,pinned_match,True,100,16,7,False,insufficient_candidates,,7,0,0,,,,,0,0,1.0,,False,,,0.001447517890483141,,,,,,,,,,,
alpha_sweep,k=10_alpha=1,42,job_pay_scales_a_fair.csv,4,1,10,1,0.3,0.15,True,100,csv,hnsw,inverted_index,pinned_match,True,100,80,10,True,,,10,10,10,0.3305739514348786,0.3305739514348786,-0.03057395143487862,98.99793064594269,10,0,1.0,0.0015458757989108562,True,True,0.0005256019067019224,0.008552866987884045,,,,,,,,,,,0.005229287780821323
alpha_sweep,k=10_alpha=1,42,lane_description_a_fair.csv,1,1,10,1,0.3,0.15,True,100,csv,hnsw,inverted_index,pinned_match,True,100,31,8,False,insufficient_candidates,,8,0,0,,,,,0,0,1.0,,False,,,0.008670374983921647,,,,,,,,,,,
alpha_sweep,k=10_alpha=1,42,lane_description_b_fair.csv,9,1,10,1,0.3,0.15,True,100,csv,hnsw,inverted_index,pinned_match,True,100,1165,8,False,insufficient_candidates,,4,0,0,,,,,0,0,1.0,,False,,,0.001760892104357481,,,,,,,,,,,
alpha_sweep,k=10_alpha=1,42,mines_a_fair.csv,5,1,10,1,0.3,0.15,True,100,csv,hnsw,inverted_index,pinned_match,True,100,16,12,True,,,12,10,10,0.3592217045765963,0.3592217045765963,-0.05922170457659631,77.72866481542587,10,2,1.0,0.001512696035206318,True,True,0.0005530519410967827,0.00817030412144959,,,,,,,,,,,0.0034941460471600294
alpha_sweep,k=10_alpha=1,42,mines_b_fair.csv,2,1,10,1,0.3,0.15,True,100,csv,hnsw,inverted_index,pinned_match,True,100,25,4,False,insufficient_candidates,,4,0,0,,,,,0,0,1.0,,False,,,0.0011232520919293165,,,,,,,,,,,
alpha_sweep,k=10_alpha=1,42,minister_meetings_a_fair.csv,4,1,10,1,0.3,0.15,True,100,csv,hnsw,inverted_index,pinned_match,True,100,55,26,False,insufficient_candidates,,8,0,0,,,,,0,0,1.0,,False,,,0.001504307147115469,,,,,,,,,,,
alpha_sweep,k=10_alpha=1,42,monthly_data_feed_a_fair.csv,11,1,10,1,0.3,0.15,True,100,csv,hnsw,inverted_index,pinned_match,True,100,1165,28,False,insufficient_candidates,,6,0,0,,,,,0,0,1.0,,False,,,0.0017333319410681725,,,,,,,,,,,
alpha_sweep,k=10_alpha=1,42,monthly_data_feed_b_fair.csv,1,1,10,1,0.3,0.15,True,100,csv,hnsw,inverted_index,pinned_match,True,100,24,4,False,insufficient_candidates,,4,0,0,,,,,0,0,1.0,,False,,,0.0011192040983587503,,,,,,,,,,,
alpha_sweep,k=10_alpha=1,42,new_york_city_restaurant_inspection_results_a_fair.csv,6,1,10,1,0.3,0.15,True,100,csv,hnsw,inverted_index,pinned_match,True,100,62,9,False,insufficient_candidates,,9,0,0,,,,,0,0,1.0,,False,,,0.010416967095807195,,,,,,,,,,,
alpha_sweep,k=10_alpha=1,42,oil_and_gas_summary_production_data_1967_1999_a_fair.csv,2,1,10,1,0.3,0.15,True,100,csv,hnsw,inverted_index,pinned_match,True,100,44,12,True,,,12,10,10,0.35973815081701005,0.35973815081701005,-0.05973815081701006,75.37094455957413,10,2,1.0,0.0015700748190283775,True,True,0.0005979819688946009,0.008169603999704123,,,,,,,,,,,0.003939968999475241
alpha_sweep,k=10_alpha=1,42,practice_reference_a_fair.csv,6,1,10,1,0.3,0.15,True,100,csv,hnsw,inverted_index,pinned_match,True,100,31,13,True,,,13,10,10,0.28250733897427044,0.28250733897427044,0.01749266102572955,78.77557462453842,10,2,1.0,0.0013539500068873167,True,True,0.0005023230332881212,0.007015410112217069,,,,,,,,,,,0.0034773661755025387
alpha_sweep,k=10_alpha=1,42,practice_reference_b_fair.csv,5,1,10,1,0.3,0.15,True,100,csv,hnsw,inverted_index,pinned_match,True,100,30,13,True,,,13,10,10,0.38033261026753434,0.38033261026753434,-0.08033261026753435,67.62600272893906,10,1,1.0,0.0013232601340860128,True,True,0.00048823305405676365,0.006341380998492241,,,,,,,,,,,0.0029981720726937056
alpha_sweep,k=10_alpha=1,42,prescribing_a_fair.csv,14,1,10,1,0.3,0.15,True,100,csv,hnsw,inverted_index,pinned_match,True,100,70,5,False,insufficient_candidates,,5,0,0,,,,,0,0,1.0,,False,,,0.005269927904009819,,,,,,,,,,,
alpha_sweep,k=10_alpha=1,42,prescribing_b_fair.csv,13,1,10,1,0.3,0.15,True,100,csv,hnsw,inverted_index,pinned_match,True,100,180,12,False,insufficient_candidates,,6,0,0,,,,,0,0,1.0,,False,,,0.006775004090741277,,,,,,,,,,,
alpha_sweep,k=10_alpha=1,42,psyckes_antipsychotic_polypharmacy_quality_indicators_beginning_2012_a_fair.csv,3,1,10,1,0.3,0.15,True,100,csv,hnsw,inverted_index,pinned_match,True,100,22,13,True,,,13,10,10,0.7216516415254547,0.7216516415254547,-0.4216516415254547,58.77566772699356,10,1,1.0,0.0015857149846851826,True,True,0.0006011619698256254,0.012795350980013609,,,,,,,,,,,0.003147662151604891
alpha_sweep,k=10_alpha=1,42,purchasing_card_a_fair.csv,1,1,10,1,0.3,0.15,True,100,csv,hnsw,inverted_index,pinned_match,True,100,26,10,True,,,10,10,10,0.29122521054061395,0.29122521054061395,0.008774789459386034,98.16518497467041,10,0,1.0,0.0014076379593461752,True,True,0.0005244719795882702,0.008453947957605124,,,,,,,,,,,0.005270487861707807
alpha_sweep,k=10_alpha=1,42,report_card_discipline_for_2015_16_a_fair.csv,2,1,10,1,0.3,0.15,True,100,csv,hnsw,inverted_index,pinned_match,True,100,22,11,True,,,11,10,10,0.4328471451356714,0.4328471451356714,-0.13284714513567142,81.40593385696411,10,2,1.0,0.0015346859581768513,True,True,0.0005773620214313269,0.019269340205937624,,,,,,,,,,,0.004713496193289757
alpha_sweep,k=10_alpha=1,42,senior_officials_expenses_a_fair.csv,1,1,10,1,0.3,0.15,True,100,csv,hnsw,inverted_index,pinned_match,True,100,7,4,False,insufficient_candidates,,4,0,0,,,,,0,0,1.0,,False,,,0.0010987031273543835,,,,,,,,,,,
alpha_sweep,k=10_alpha=1,42,stockport_contracts_a_fair.csv,4,1,10,1,0.3,0.15,True,100,csv,hnsw,inverted_index,pinned_match,True,100,1,1,False,insufficient_candidates,,1,0,0,,,,,0,0,1.0,,False,,,0.0005905400030314922,,,,,,,,,,,
alpha_sweep,k=10_alpha=1,42,stockport_contracts_b_fair.csv,15,1,10,1,0.3,0.15,True,100,csv,hnsw,inverted_index,pinned_match,True,100,24,4,False,insufficient_candidates,,4,0,0,,,,,0,0,1.0,,False,,,0.0009190659038722515,,,,,,,,,,,
alpha_sweep,k=10_alpha=1,42,time_spent_watching_vcr_movies_a_fair.csv,4,1,10,1,0.3,0.15,True,100,csv,hnsw,inverted_index,pinned_match,True,100,14,5,False,insufficient_candidates,,5,0,0,,,,,0,0,1.0,,False,,,0.0010687431786209345,,,,,,,,,,,
alpha_sweep,k=10_alpha=1,42,tuition_assistance_program_tap_recipients_a_fair.csv,5,1,10,1,0.3,0.15,True,100,csv,hnsw,inverted_index,pinned_match,True,100,22,14,True,,,14,10,10,0.6231478892927034,0.6231478892927034,-0.3231478892927034,63.20569050312042,10,2,1.0,0.0016008641105145216,True,True,0.0005670809186995029,0.00819165213033557,,,,,,,,,,,0.003078192938119173
alpha_sweep,k=10_alpha=1,42,wholesale_markets_a_fair.csv,2,1,10,1,0.3,0.15,True,100,csv,hnsw,inverted_index,pinned_match,True,100,2,2,False,insufficient_candidates,,2,0,0,,,,,0,0,1.0,,False,,,0.0033027080353349447,,,,,,,,,,,
alpha_sweep,k=10_alpha=1,42,workforce_management_information_a_fair.csv,20,1,10,1,0.3,0.15,True,100,csv,hnsw,inverted_index,pinned_match,True,100,14,1,False,insufficient_candidates,,1,0,0,,,,,0,0,1.0,,False,,,0.0005774020683020353,,,,,,,,,,,
alpha_sweep,k=10_alpha=1,42,workforce_management_information_b_fair.csv,17,1,10,1,0.3,0.15,True,100,csv,hnsw,inverted_index,pinned_match,True,100,74,1,False,insufficient_candidates,,1,0,0,,,,,0,0,1.0,,False,,,0.0004930328577756882,,,,,,,,,,,
alpha_sweep,k=10_alpha=1,42,ydn_spending_data_a_fair.csv,1,1,10,1,0.3,0.15,True,100,csv,hnsw,inverted_index,pinned_match,True,100,13,6,False,insufficient_candidates,,6,0,0,,,,,0,0,1.0,,False,,,0.0013288389891386032,,,,,,,,,,,
alpha_sweep,k=10_alpha=1,42,ydn_spending_data_b_fair.csv,11,1,10,1,0.3,0.15,True,100,csv,hnsw,inverted_index,pinned_match,True,100,13,6,False,insufficient_candidates,,6,0,0,,,,,0,0,1.0,,False,,,0.0011568318586796522,,,,,,,,,,,
alpha_sweep,k=10_alpha=2,42,311_calls_historic_data_a_fair.csv,1,1,10,2,0.3,0.15,True,100,csv,hnsw,inverted_index,pinned_match,True,100,22,11,True,,,11,11,10,0.3615706121297823,0.36098465889680703,-0.06098465889680704,68.59029054641724,11,0,1.1,0.0015896258410066366,True,True,0.0006209500133991241,0.01395243196748197,,,,,,,,,,,0.004147854866459966
alpha_sweep,k=10_alpha=2,42,abandoned_wells_a_fair.csv,6,1,10,2,0.3,0.15,True,100,csv,hnsw,inverted_index,pinned_match,True,100,22,11,True,,,11,11,10,0.32270382256164437,0.31583359068248995,-0.015833590682489962,64.23800450563431,11,0,1.1,0.001401497982442379,True,True,0.0005235429853200912,0.007092059822753072,,,,,,,,,,,0.003580705029889941
alpha_sweep,k=10_alpha=2,42,albums_a_fair.csv,4,1,10,2,0.3,0.15,True,100,csv,hnsw,inverted_index,pinned_match,True,100,40,10,True,,,10,10,10,0.2997805413313826,0.2997805413313826,0.00021945866861738939,35.5307657122612,10,0,1.0,0.0013200589455664158,True,True,0.00048058200627565384,0.0048331639263778925,,,,,,,,,,,0.0015486860647797585
alpha_sweep,k=10_alpha=2,42,animal_tag_data_a_fair.csv,3,1,10,2,0.3,0.15,True,100,csv,hnsw,inverted_index,pinned_match,True,100,21,8,False,insufficient_candidates,,8,0,0,,,,,0,0,2.0,,False,,,0.003958929097279906,,,,,,,,,,,
alpha_sweep,k=10_alpha=2,42,animal_tag_data_b_fair.csv,1,1,10,2,0.3,0.15,True,100,csv,hnsw,inverted_index,pinned_match,True,100,24,9,False,insufficient_candidates,,9,0,0,,,,,0,0,2.0,,False,,,0.002107376931235194,,,,,,,,,,,
alpha_sweep,k=10_alpha=2,42,biodiversity_a_fair.csv,6,1,10,2,0.3,0.15,True,100,csv,hnsw,inverted_index,pinned_match,True,59,2,2,False,insufficient_candidates,,2,0,0,,,,,0,0,2.0,,False,,,0.000879516126587987,,,,,,,,,,,
alpha_sweep,k=10_alpha=2,42,business_rates_a_fair.csv,9,1,10,2,0.3,0.15,True,100,csv,hnsw,inverted_index,pinned_match,True,100,24,4,False,insufficient_candidates,,4,0,0,,,,,0,0,2.0,,False,,,0.0012127719819545746,,,,,,,,,,,
alpha_sweep,k=10_alpha=2,42,cdc_nutrition_physical_activity_and_obesity_legislation_a_fair.csv,1,1,10,2,0.3,0.15,True,100,csv,hnsw,inverted_index,pinned_match,True,100,22,12,True,,,12,12,10,0.49818386521733304,0.4995743627048863,-0.19957436270488632,72.50861942768097,12,0,1.2,0.0015503768809139729,True,True,0.0005761019419878721,0.00848893797956407,,,,,,,,,,,0.004522088915109634
alpha_sweep,k=10_alpha=2,42,cihr_co-applicant_a_fair.csv,3,1,10,2,0.3,0.15,True,100,csv,hnsw,inverted_index,pinned_match,True,100,24,8,False,insufficient_candidates,,8,0,0,,,,,0,0,2.0,,False,,,0.005168949952349067,,,,,,,,,,,
alpha_sweep,k=10_alpha=2,42,cihr_co-applicant_b_fair.csv,2,1,10,2,0.3,0.15,True,100,csv,hnsw,inverted_index,pinned_match,True,100,13,5,False,insufficient_candidates,,5,0,0,,,,,0,0,2.0,,False,,,0.004691086942330003,,,,,,,,,,,
alpha_sweep,k=10_alpha=2,42,civic_building_locations_a_fair.csv,3,1,10,2,0.3,0.15,True,100,csv,hnsw,inverted_index,pinned_match,True,100,18,6,False,insufficient_candidates,,6,0,0,,,,,0,0,2.0,,False,,,0.0012261408846825361,,,,,,,,,,,
alpha_sweep,k=10_alpha=2,42,complaint_by_practice_a_fair.csv,0,1,10,2,0.3,0.15,True,100,csv,hnsw,inverted_index,pinned_match,True,100,30,2,False,insufficient_candidates,,2,0,0,,,,,0,0,2.0,,False,,,0.0052537089213728905,,,,,,,,,,,
alpha_sweep,k=10_alpha=2,42,complaint_by_practice_b_fair.csv,1,1,10,2,0.3,0.15,True,100,csv,hnsw,inverted_index,pinned_match,True,100,30,5,False,insufficient_candidates,,5,0,0,,,,,0,0,2.0,,False,,,0.0020636480767279863,,,,,,,,,,,
alpha_sweep,k=10_alpha=2,42,contributors_parties_a_fair.csv,2,1,10,2,0.3,0.15,True,100,csv,hnsw,inverted_index,pinned_match,True,100,50,17,True,,,17,17,10,0.32556569205197944,0.333186446453857,-0.03318644645385699,62.68885391950607,17,0,1.7,0.001756062963977456,True,True,0.0006592799909412861,0.010870211059227586,,,,,,,,,,,0.005152230150997639
alpha_sweep,k=10_alpha=2,42,contributors_parties_b_fair.csv,0,1,10,2,0.3,0.15,True,100,csv,hnsw,inverted_index,pinned_match,True,100,42,17,True,,,17,17,10,1.0,1.0,-0.7,46.62786227464676,17,0,1.7,0.0015688859857618809,True,True,0.0005293120630085468,0.008062075125053525,,,,,,,,,,,0.0028484549839049578
alpha_sweep,k=10_alpha=2,42,data_mill_a_fair.csv,4,1,10,2,0.3,0.15,True,100,csv,hnsw,inverted_index,pinned_match,True,100,7,5,False,insufficient_candidates,,5,0,0,,,,,0,0,2.0,,False,,,0.0024872110225260258,,,,,,,,,,,
alpha_sweep,k=10_alpha=2,42,data_mill_b_fair.csv,3,1,10,2,0.3,0.15,True,100,csv,hnsw,inverted_index,pinned_match,True,100,22,6,False,insufficient_candidates,,3,0,0,,,,,0,0,2.0,,False,,,0.0016748639754951,,,,,,,,,,,
alpha_sweep,k=10_alpha=2,42,deaths_2012_2018_a_fair.csv,5,1,10,2,0.3,0.15,True,100,csv,hnsw,inverted_index,pinned_match,True,100,40,18,False,insufficient_candidates,,9,0,0,,,,,0,0,2.0,,False,,,0.0017061938997358084,,,,,,,,,,,
alpha_sweep,k=10_alpha=2,42,immigration_records_a_fair.csv,2,1,10,2,0.3,0.15,True,100,csv,hnsw,inverted_index,pinned_match,True,100,45,12,True,,,12,12,10,0.30768119475219186,0.28887585324232085,0.011124146757679143,61.092910408973694,12,0,1.2,0.0015002379659563303,True,True,0.0005727920215576887,0.008811783976852894,,,,,,,,,,,0.0044337110593914986
alpha_sweep,k=10_alpha=2,42,ipopayments_a_fair.csv,0,1,10,2,0.3,0.15,True,100,csv,hnsw,inverted_index,pinned_match,True,100,30,11,True,,,11,11,10,0.9809985096870343,1.0,-0.7,83.81696665287018,11,0,1.1,0.0013980080839246511,True,True,0.000516911968588829,0.00799216702580452,,,,,,,,,,,0.004684807034209371
alpha_sweep,k=10_alpha=2,42,ipopayments_b_fair.csv,2,1,10,2,0.3,0.15,True,100,csv,hnsw,inverted_index,pinned_match,True,100,16,7,False,insufficient_candidates,,7,0,0,,,,,0,0,2.0,,False,,,0.0014269370585680008,,,,,,,,,,,
alpha_sweep,k=10_alpha=2,42,job_pay_scales_a_fair.csv,4,1,10,2,0.3,0.15,True,100,csv,hnsw,inverted_index,pinned_match,True,100,80,10,True,,,10,10,10,0.3305739514348786,0.3305739514348786,-0.03057395143487862,98.99793064594269,10,0,1.0,0.0015220160130411386,True,True,0.0005297421012073755,0.00857312697917223,,,,,,,,,,,0.005250188056379557
alpha_sweep,k=10_alpha=2,42,lane_description_a_fair.csv,1,1,10,2,0.3,0.15,True,100,csv,hnsw,inverted_index,pinned_match,True,100,31,8,False,insufficient_candidates,,8,0,0,,,,,0,0,2.0,,False,,,0.008653925033286214,,,,,,,,,,,
alpha_sweep,k=10_alpha=2,42,lane_description_b_fair.csv,9,1,10,2,0.3,0.15,True,100,csv,hnsw,inverted_index,pinned_match,True,100,1165,8,False,insufficient_candidates,,4,0,0,,,,,0,0,2.0,,False,,,0.001725704176351428,,,,,,,,,,,
alpha_sweep,k=10_alpha=2,42,mines_a_fair.csv,5,1,10,2,0.3,0.15,True,100,csv,hnsw,inverted_index,pinned_match,True,100,16,12,True,,,12,12,10,0.33131944057157375,0.33195727864372915,-0.03195727864372916,77.79971766471863,12,0,1.2,0.0015779559034854174,True,True,0.0005964511074125767,0.008917291881516576,,,,,,,,,,,0.004167695064097643
alpha_sweep,k=10_alpha=2,42,mines_b_fair.csv,2,1,10,2,0.3,0.15,True,100,csv,hnsw,inverted_index,pinned_match,True,100,25,4,False,insufficient_candidates,,4,0,0,,,,,0,0,2.0,,False,,,0.0011313920840620995,,,,,,,,,,,
alpha_sweep,k=10_alpha=2,42,minister_meetings_a_fair.csv,4,1,10,2,0.3,0.15,True,100,csv,hnsw,inverted_index,pinned_match,True,100,55,26,False,insufficient_candidates,,8,0,0,,,,,0,0,2.0,,False,,,0.001505556982010603,,,,,,,,,,,
alpha_sweep,k=10_alpha=2,42,monthly_data_feed_a_fair.csv,11,1,10,2,0.3,0.15,True,100,csv,hnsw,inverted_index,pinned_match,True,100,1165,28,False,insufficient_candidates,,6,0,0,,,,,0,0,2.0,,False,,,0.0018000418785959482,,,,,,,,,,,
alpha_sweep,k=10_alpha=2,42,monthly_data_feed_b_fair.csv,1,1,10,2,0.3,0.15,True,100,csv,hnsw,inverted_index,pinned_match,True,100,24,4,False,insufficient_candidates,,4,0,0,,,,,0,0,2.0,,False,,,0.0011323420330882072,,,,,,,,,,,
alpha_sweep,k=10_alpha=2,42,new_york_city_restaurant_inspection_results_a_fair.csv,6,1,10,2,0.3,0.15,True,100,csv,hnsw,inverted_index,pinned_match,True,100,62,9,False,insufficient_candidates,,9,0,0,,,,,0,0,2.0,,False,,,0.010707073844969273,,,,,,,,,,,
alpha_sweep,k=10_alpha=2,42,oil_and_gas_summary_production_data_1967_1999_a_fair.csv,2,1,10,2,0.3,0.15,True,100,csv,hnsw,inverted_index,pinned_match,True,100,44,12,True,,,12,12,10,0.3317860857189775,0.3344712486724321,-0.03447124867243212,77.28633844852448,12,0,1.2,0.0016778148710727692,True,True,0.0006539400201290846,0.009134867927059531,,,,,,,,,,,0.00476196501404047
alpha_sweep,k=10_alpha=2,42,practice_reference_a_fair.csv,6,1,10,2,0.3,0.15,True,100,csv,hnsw,inverted_index,pinned_match,True,100,31,13,True,,,13,13,10,0.27624963028689736,0.2678102926337033,0.03218970736629667,79.10476684570312,13,0,1.3,0.0016445750370621681,True,True,0.000567540992051363,0.008392228977754712,,,,,,,,,,,0.004597768886014819
alpha_sweep,k=10_alpha=2,42,practice_reference_b_fair.csv,5,1,10,2,0.3,0.15,True,100,csv,hnsw,inverted_index,pinned_match,True,100,30,13,True,,,13,13,10,0.35622514530437444,0.3650763358778626,-0.0650763358778626,67.75350695848465,13,0,1.3,0.0014794559683650732,True,True,0.000510453013703227,0.00738018611446023,,,,,,,,,,,0.0038767009973526
alpha_sweep,k=10_alpha=2,42,prescribing_a_fair.csv,14,1,10,2,0.3,0.15,True,100,csv,hnsw,inverted_index,pinned_match,True,100,70,5,False,insufficient_candidates,,5,0,0,,,,,0,0,2.0,,False,,,0.0053229969926178455,,,,,,,,,,,
alpha_sweep,k=10_alpha=2,42,prescribing_b_fair.csv,13,1,10,2,0.3,0.15,True,100,csv,hnsw,inverted_index,pinned_match,True,100,180,12,False,insufficient_candidates,,6,0,0,,,,,0,0,2.0,,False,,,0.006830953992903233,,,,,,,,,,,
alpha_sweep,k=10_alpha=2,42,psyckes_antipsychotic_polypharmacy_quality_indicators_beginning_2012_a_fair.csv,3,1,10,2,0.3,0.15,True,100,csv,hnsw,inverted_index,pinned_match,True,100,22,13,True,,,13,13,10,0.7213524520684584,0.7213408465810525,-0.4213408465810525,59.65610682964325,13,0,1.3,0.0016601248644292355,True,True,0.0006442898884415627,0.013820505002513528,,,,,,,,,,,0.004086705157533288
alpha_sweep,k=10_alpha=2,42,purchasing_card_a_fair.csv,1,1,10,2,0.3,0.15,True,100,csv,hnsw,inverted_index,pinned_match,True,100,26,10,True,,,10,10,10,0.29122521054061395,0.29122521054061395,0.008774789459386034,98.16518497467041,10,0,1.0,0.0014445669949054718,True,True,0.0005322720389813185,0.00867664604447782,,,,,,,,,,,0.005227378103882074
alpha_sweep,k=10_alpha=2,42,report_card_discipline_for_2015_16_a_fair.csv,2,1,10,2,0.3,0.15,True,100,csv,hnsw,inverted_index,pinned_match,True,100,22,11,True,,,11,11,10,0.3525705100408604,0.3514433601721643,-0.05144336017216433,82.45878320932388,11,0,1.1,0.0015390061307698488,True,True,0.0005872498732060194,0.01960800588130951,,,,,,,,,,,0.005127810873091221
alpha_sweep,k=10_alpha=2,42,senior_officials_expenses_a_fair.csv,1,1,10,2,0.3,0.15,True,100,csv,hnsw,inverted_index,pinned_match,True,100,7,4,False,insufficient_candidates,,4,0,0,,,,,0,0,2.0,,False,,,0.0011205619666725397,,,,,,,,,,,
alpha_sweep,k=10_alpha=2,42,stockport_contracts_a_fair.csv,4,1,10,2,0.3,0.15,True,100,csv,hnsw,inverted_index,pinned_match,True,100,1,1,False,insufficient_candidates,,1,0,0,,,,,0,0,2.0,,False,,,0.0005893511697649956,,,,,,,,,,,
alpha_sweep,k=10_alpha=2,42,stockport_contracts_b_fair.csv,15,1,10,2,0.3,0.15,True,100,csv,hnsw,inverted_index,pinned_match,True,100,24,4,False,insufficient_candidates,,4,0,0,,,,,0,0,2.0,,False,,,0.0009346059523522854,,,,,,,,,,,
alpha_sweep,k=10_alpha=2,42,time_spent_watching_vcr_movies_a_fair.csv,4,1,10,2,0.3,0.15,True,100,csv,hnsw,inverted_index,pinned_match,True,100,14,5,False,insufficient_candidates,,5,0,0,,,,,0,0,2.0,,False,,,0.0010850338730961084,,,,,,,,,,,
alpha_sweep,k=10_alpha=2,42,tuition_assistance_program_tap_recipients_a_fair.csv,5,1,10,2,0.3,0.15,True,100,csv,hnsw,inverted_index,pinned_match,True,100,22,14,True,,,14,14,10,0.6221631445350636,0.622036642427547,-0.322036642427547,66.8981808423996,14,0,1.4,0.0016615241765975952,True,True,0.0006004199385643005,0.009478101972490549,,,,,,,,,,,0.004389832029119134
alpha_sweep,k=10_alpha=2,42,wholesale_markets_a_fair.csv,2,1,10,2,0.3,0.15,True,100,csv,hnsw,inverted_index,pinned_match,True,100,2,2,False,insufficient_candidates,,2,0,0,,,,,0,0,2.0,,False,,,0.0033042989671230316,,,,,,,,,,,
alpha_sweep,k=10_alpha=2,42,workforce_management_information_a_fair.csv,20,1,10,2,0.3,0.15,True,100,csv,hnsw,inverted_index,pinned_match,True,100,14,1,False,insufficient_candidates,,1,0,0,,,,,0,0,2.0,,False,,,0.0005573420785367489,,,,,,,,,,,
alpha_sweep,k=10_alpha=2,42,workforce_management_information_b_fair.csv,17,1,10,2,0.3,0.15,True,100,csv,hnsw,inverted_index,pinned_match,True,100,74,1,False,insufficient_candidates,,1,0,0,,,,,0,0,2.0,,False,,,0.0005097121465951204,,,,,,,,,,,
alpha_sweep,k=10_alpha=2,42,ydn_spending_data_a_fair.csv,1,1,10,2,0.3,0.15,True,100,csv,hnsw,inverted_index,pinned_match,True,100,13,6,False,insufficient_candidates,,6,0,0,,,,,0,0,2.0,,False,,,0.0013340688310563564,,,,,,,,,,,
alpha_sweep,k=10_alpha=2,42,ydn_spending_data_b_fair.csv,11,1,10,2,0.3,0.15,True,100,csv,hnsw,inverted_index,pinned_match,True,100,13,6,False,insufficient_candidates,,6,0,0,,,,,0,0,2.0,,False,,,0.0011807719711214304,,,,,,,,,,,
alpha_sweep,k=10_alpha=3,42,311_calls_historic_data_a_fair.csv,1,1,10,3,0.3,0.15,True,100,csv,hnsw,inverted_index,pinned_match,True,100,22,11,True,,,11,11,10,0.3615706121297823,0.36098465889680703,-0.06098465889680704,68.59029054641724,11,0,1.1,0.0016208058223128319,True,True,0.00059653096832335,0.014251257991418242,,,,,,,,,,,0.004192344145849347
alpha_sweep,k=10_alpha=3,42,abandoned_wells_a_fair.csv,6,1,10,3,0.3,0.15,True,100,csv,hnsw,inverted_index,pinned_match,True,100,22,11,True,,,11,11,10,0.32270382256164437,0.31583359068248995,-0.015833590682489962,64.23800450563431,11,0,1.1,0.0014158969279378653,True,True,0.0005298519972711802,0.0071123389061540365,,,,,,,,,,,0.0035917048808187246
alpha_sweep,k=10_alpha=3,42,albums_a_fair.csv,4,1,10,3,0.3,0.15,True,100,csv,hnsw,inverted_index,pinned_match,True,100,40,10,True,,,10,10,10,0.2997805413313826,0.2997805413313826,0.00021945866861738939,35.5307657122612,10,0,1.0,0.0012899390421807766,True,True,0.0004711039364337921,0.004838953958824277,,,,,,,,,,,0.0015568961389362812
alpha_sweep,k=10_alpha=3,42,animal_tag_data_a_fair.csv,3,1,10,3,0.3,0.15,True,100,csv,hnsw,inverted_index,pinned_match,True,100,21,8,False,insufficient_candidates,,8,0,0,,,,,0,0,3.0,,False,,,0.0039908369071781635,,,,,,,,,,,
alpha_sweep,k=10_alpha=3,42,animal_tag_data_b_fair.csv,1,1,10,3,0.3,0.15,True,100,csv,hnsw,inverted_index,pinned_match,True,100,24,9,False,insufficient_candidates,,9,0,0,,,,,0,0,3.0,,False,,,0.0021085271146148443,,,,,,,,,,,
alpha_sweep,k=10_alpha=3,42,biodiversity_a_fair.csv,6,1,10,3,0.3,0.15,True,100,csv,hnsw,inverted_index,pinned_match,True,59,2,2,False,insufficient_candidates,,2,0,0,,,,,0,0,3.0,,False,,,0.0008742769714444876,,,,,,,,,,,
alpha_sweep,k=10_alpha=3,42,business_rates_a_fair.csv,9,1,10,3,0.3,0.15,True,100,csv,hnsw,inverted_index,pinned_match,True,100,24,4,False,insufficient_candidates,,4,0,0,,,,,0,0,3.0,,False,,,0.0011972920037806034,,,,,,,,,,,
alpha_sweep,k=10_alpha=3,42,cdc_nutrition_physical_activity_and_obesity_legislation_a_fair.csv,1,1,10,3,0.3,0.15,True,100,csv,hnsw,inverted_index,pinned_match,True,100,22,12,True,,,12,12,10,0.49818386521733304,0.4995743627048863,-0.19957436270488632,72.50861942768097,12,0,1.2,0.001958490116521716,True,True,0.0005715021397918463,0.008919812040403485,,,,,,,,,,,0.004538849927484989
alpha_sweep,k=10_alpha=3,42,cihr_co-applicant_a_fair.csv,3,1,10,3,0.3,0.15,True,100,csv,hnsw,inverted_index,pinned_match,True,100,24,8,False,insufficient_candidates,,8,0,0,,,,,0,0,3.0,,False,,,0.005210828967392445,,,,,,,,,,,
alpha_sweep,k=10_alpha=3,42,cihr_co-applicant_b_fair.csv,2,1,10,3,0.3,0.15,True,100,csv,hnsw,inverted_index,pinned_match,True,100,13,5,False,insufficient_candidates,,5,0,0,,,,,0,0,3.0,,False,,,0.0051965799648314714,,,,,,,,,,,
alpha_sweep,k=10_alpha=3,42,civic_building_locations_a_fair.csv,3,1,10,3,0.3,0.15,True,100,csv,hnsw,inverted_index,pinned_match,True,100,18,6,False,insufficient_candidates,,6,0,0,,,,,0,0,3.0,,False,,,0.0016461149789392948,,,,,,,,,,,
alpha_sweep,k=10_alpha=3,42,complaint_by_practice_a_fair.csv,0,1,10,3,0.3,0.15,True,100,csv,hnsw,inverted_index,pinned_match,True,100,30,2,False,insufficient_candidates,,2,0,0,,,,,0,0,3.0,,False,,,0.005518625024706125,,,,,,,,,,,
alpha_sweep,k=10_alpha=3,42,complaint_by_practice_b_fair.csv,1,1,10,3,0.3,0.15,True,100,csv,hnsw,inverted_index,pinned_match,True,100,30,5,False,insufficient_candidates,,5,0,0,,,,,0,0,3.0,,False,,,0.0023811529390513897,,,,,,,,,,,
alpha_sweep,k=10_alpha=3,42,contributors_parties_a_fair.csv,2,1,10,3,0.3,0.15,True,100,csv,hnsw,inverted_index,pinned_match,True,100,50,17,True,,,17,17,10,0.32556569205197944,0.333186446453857,-0.03318644645385699,62.68885391950607,17,0,1.7,0.001750393072143197,True,True,0.0006637889891862869,0.010875881183892488,,,,,,,,,,,0.005131020909175277
alpha_sweep,k=10_alpha=3,42,contributors_parties_b_fair.csv,0,1,10,3,0.3,0.15,True,100,csv,hnsw,inverted_index,pinned_match,True,100,42,17,True,,,17,17,10,1.0,1.0,-0.7,46.62786227464676,17,0,1.7,0.0015869748312979937,True,True,0.000532051082700491,0.008068595081567764,,,,,,,,,,,0.0028844261541962624
alpha_sweep,k=10_alpha=3,42,data_mill_a_fair.csv,4,1,10,3,0.3,0.15,True,100,csv,hnsw,inverted_index,pinned_match,True,100,7,5,False,insufficient_candidates,,5,0,0,,,,,0,0,3.0,,False,,,0.0024687331169843674,,,,,,,,,,,
alpha_sweep,k=10_alpha=3,42,data_mill_b_fair.csv,3,1,10,3,0.3,0.15,True,100,csv,hnsw,inverted_index,pinned_match,True,100,22,6,False,insufficient_candidates,,3,0,0,,,,,0,0,3.0,,False,,,0.0016681640408933163,,,,,,,,,,,
alpha_sweep,k=10_alpha=3,42,deaths_2012_2018_a_fair.csv,5,1,10,3,0.3,0.15,True,100,csv,hnsw,inverted_index,pinned_match,True,100,40,18,False,insufficient_candidates,,9,0,0,,,,,0,0,3.0,,False,,,0.0016651242040097713,,,,,,,,,,,
alpha_sweep,k=10_alpha=3,42,immigration_records_a_fair.csv,2,1,10,3,0.3,0.15,True,100,csv,hnsw,inverted_index,pinned_match,True,100,45,12,True,,,12,12,10,0.30768119475219186,0.28887585324232085,0.011124146757679143,61.092910408973694,12,0,1.2,0.0015406562015414238,True,True,0.0005746220704168081,0.00884385290555656,,,,,,,,,,,0.0044378910679370165
alpha_sweep,k=10_alpha=3,42,ipopayments_a_fair.csv,0,1,10,3,0.3,0.15,True,100,csv,hnsw,inverted_index,pinned_match,True,100,30,11,True,,,11,11,10,0.9809985096870343,1.0,-0.7,83.81696665287018,11,0,1.1,0.001381589099764824,True,True,0.0005207408685237169,0.007970795966684818,,,,,,,,,,,0.004733056062832475
alpha_sweep,k=10_alpha=3,42,ipopayments_b_fair.csv,2,1,10,3,0.3,0.15,True,100,csv,hnsw,inverted_index,pinned_match,True,100,16,7,False,insufficient_candidates,,7,0,0,,,,,0,0,3.0,,False,,,0.0014677259605377913,,,,,,,,,,,
alpha_sweep,k=10_alpha=3,42,job_pay_scales_a_fair.csv,4,1,10,3,0.3,0.15,True,100,csv,hnsw,inverted_index,pinned_match,True,100,80,10,True,,,10,10,10,0.3305739514348786,0.3305739514348786,-0.03057395143487862,98.99793064594269,10,0,1.0,0.001519855810329318,True,True,0.0005111820064485073,0.008581707021221519,,,,,,,,,,,0.005277677904814482
alpha_sweep,k=10_alpha=3,42,lane_description_a_fair.csv,1,1,10,3,0.3,0.15,True,100,csv,hnsw,inverted_index,pinned_match,True,100,31,8,False,insufficient_candidates,,8,0,0,,,,,0,0,3.0,,False,,,0.00872114417143166,,,,,,,,,,,
alpha_sweep,k=10_alpha=3,42,lane_description_b_fair.csv,9,1,10,3,0.3,0.15,True,100,csv,hnsw,inverted_index,pinned_match,True,100,1165,8,False,insufficient_candidates,,4,0,0,,,,,0,0,3.0,,False,,,0.0017511919140815735,,,,,,,,,,,
alpha_sweep,k=10_alpha=3,42,mines_a_fair.csv,5,1,10,3,0.3,0.15,True,100,csv,hnsw,inverted_index,pinned_match,True,100,16,12,True,,,12,12,10,0.33131944057157375,0.33195727864372915,-0.03195727864372916,77.79971766471863,12,0,1.2,0.0015640270430594683,True,True,0.0005866698920726776,0.008897000923752785,,,,,,,,,,,0.004153755027800798
alpha_sweep,k=10_alpha=3,42,mines_b_fair.csv,2,1,10,3,0.3,0.15,True,100,csv,hnsw,inverted_index,pinned_match,True,100,25,4,False,insufficient_candidates,,4,0,0,,,,,0,0,3.0,,False,,,0.0011414019390940666,,,,,,,,,,,
alpha_sweep,k=10_alpha=3,42,minister_meetings_a_fair.csv,4,1,10,3,0.3,0.15,True,100,csv,hnsw,inverted_index,pinned_match,True,100,55,26,False,insufficient_candidates,,8,0,0,,,,,0,0,3.0,,False,,,0.0015235261525958776,,,,,,,,,,,
alpha_sweep,k=10_alpha=3,42,monthly_data_feed_a_fair.csv,11,1,10,3,0.3,0.15,True,100,csv,hnsw,inverted_index,pinned_match,True,100,1165,28,False,insufficient_candidates,,6,0,0,,,,,0,0,3.0,,False,,,0.0018498320132493973,,,,,,,,,,,
alpha_sweep,k=10_alpha=3,42,monthly_data_feed_b_fair.csv,1,1,10,3,0.3,0.15,True,100,csv,hnsw,inverted_index,pinned_match,True,100,24,4,False,insufficient_candidates,,4,0,0,,,,,0,0,3.0,,False,,,0.0011483419220894575,,,,,,,,,,,
alpha_sweep,k=10_alpha=3,42,new_york_city_restaurant_inspection_results_a_fair.csv,6,1,10,3,0.3,0.15,True,100,csv,hnsw,inverted_index,pinned_match,True,100,62,9,False,insufficient_candidates,,9,0,0,,,,,0,0,3.0,,False,,,0.010693483985960484,,,,,,,,,,,
alpha_sweep,k=10_alpha=3,42,oil_and_gas_summary_production_data_1967_1999_a_fair.csv,2,1,10,3,0.3,0.15,True,100,csv,hnsw,inverted_index,pinned_match,True,100,44,12,True,,,12,12,10,0.3317860857189775,0.3344712486724321,-0.03447124867243212,77.28633844852448,12,0,1.2,0.001683562994003296,True,True,0.0006559691391885281,0.009137057000771165,,,,,,,,,,,0.004767976002767682
alpha_sweep,k=10_alpha=3,42,practice_reference_a_fair.csv,6,1,10,3,0.3,0.15,True,100,csv,hnsw,inverted_index,pinned_match,True,100,31,13,True,,,13,13,10,0.27624963028689736,0.2678102926337033,0.03218970736629667,79.10476684570312,13,0,1.3,0.0015192569699138403,True,True,0.0005111119244247675,0.008189192041754723,,,,,,,,,,,0.004509259946644306
alpha_sweep,k=10_alpha=3,42,practice_reference_b_fair.csv,5,1,10,3,0.3,0.15,True,100,csv,hnsw,inverted_index,pinned_match,True,100,30,13,True,,,13,13,10,0.35622514530437444,0.3650763358778626,-0.0650763358778626,67.75350695848465,13,0,1.3,0.0014850660227239132,True,True,0.0005153710953891277,0.0073088048957288265,,,,,,,,,,,0.00384103087708354
alpha_sweep,k=10_alpha=3,42,prescribing_a_fair.csv,14,1,10,3,0.3,0.15,True,100,csv,hnsw,inverted_index,pinned_match,True,100,70,5,False,insufficient_candidates,,5,0,0,,,,,0,0,3.0,,False,,,0.005204030079767108,,,,,,,,,,,
alpha_sweep,k=10_alpha=3,42,prescribing_b_fair.csv,13,1,10,3,0.3,0.15,True,100,csv,hnsw,inverted_index,pinned_match,True,100,180,12,False,insufficient_candidates,,6,0,0,,,,,0,0,3.0,,False,,,0.006728315027430654,,,,,,,,,,,
alpha_sweep,k=10_alpha=3,42,psyckes_antipsychotic_polypharmacy_quality_indicators_beginning_2012_a_fair.csv,3,1,10,3,0.3,0.15,True,100,csv,hnsw,inverted_index,pinned_match,True,100,22,13,True,,,13,13,10,0.7213524520684584,0.7213408465810525,-0.4213408465810525,59.65610682964325,13,0,1.3,0.0016162958927452564,True,True,0.0006163399666547775,0.013722316827625036,,,,,,,,,,,0.0040875449776649475
alpha_sweep,k=10_alpha=3,42,purchasing_card_a_fair.csv,1,1,10,3,0.3,0.15,True,100,csv,hnsw,inverted_index,pinned_match,True,100,26,10,True,,,10,10,10,0.29122521054061395,0.29122521054061395,0.008774789459386034,98.16518497467041,10,0,1.0,0.0014239868614822626,True,True,0.0005320820491760969,0.008459788979962468,,,,,,,,,,,0.005263447994366288
alpha_sweep,k=10_alpha=3,42,report_card_discipline_for_2015_16_a_fair.csv,2,1,10,3,0.3,0.15,True,100,csv,hnsw,inverted_index,pinned_match,True,100,22,11,True,,,11,11,10,0.3525705100408604,0.3514433601721643,-0.05144336017216433,82.45878320932388,11,0,1.1,0.0015676550101488829,True,True,0.0006042411550879478,0.01967193395830691,,,,,,,,,,,0.0051547999028116465
alpha_sweep,k=10_alpha=3,42,senior_officials_expenses_a_fair.csv,1,1,10,3,0.3,0.15,True,100,csv,hnsw,inverted_index,pinned_match,True,100,7,4,False,insufficient_candidates,,4,0,0,,,,,0,0,3.0,,False,,,0.0010828229133039713,,,,,,,,,,,
alpha_sweep,k=10_alpha=3,42,stockport_contracts_a_fair.csv,4,1,10,3,0.3,0.15,True,100,csv,hnsw,inverted_index,pinned_match,True,100,1,1,False,insufficient_candidates,,1,0,0,,,,,0,0,3.0,,False,,,0.0005773119628429413,,,,,,,,,,,
alpha_sweep,k=10_alpha=3,42,stockport_contracts_b_fair.csv,15,1,10,3,0.3,0.15,True,100,csv,hnsw,inverted_index,pinned_match,True,100,24,4,False,insufficient_candidates,,4,0,0,,,,,0,0,3.0,,False,,,0.0009155559819191694,,,,,,,,,,,
alpha_sweep,k=10_alpha=3,42,time_spent_watching_vcr_movies_a_fair.csv,4,1,10,3,0.3,0.15,True,100,csv,hnsw,inverted_index,pinned_match,True,100,14,5,False,insufficient_candidates,,5,0,0,,,,,0,0,3.0,,False,,,0.0010937228798866272,,,,,,,,,,,
alpha_sweep,k=10_alpha=3,42,tuition_assistance_program_tap_recipients_a_fair.csv,5,1,10,3,0.3,0.15,True,100,csv,hnsw,inverted_index,pinned_match,True,100,22,14,True,,,14,14,10,0.6221631445350636,0.622036642427547,-0.322036642427547,66.8981808423996,14,0,1.4,0.0016170160379260778,True,True,0.0005820610094815493,0.009456183994188905,,,,,,,,,,,0.00439622113481164
alpha_sweep,k=10_alpha=3,42,wholesale_markets_a_fair.csv,2,1,10,3,0.3,0.15,True,100,csv,hnsw,inverted_index,pinned_match,True,100,2,2,False,insufficient_candidates,,2,0,0,,,,,0,0,3.0,,False,,,0.0032441101502627134,,,,,,,,,,,
alpha_sweep,k=10_alpha=3,42,workforce_management_information_a_fair.csv,20,1,10,3,0.3,0.15,True,100,csv,hnsw,inverted_index,pinned_match,True,100,14,1,False,insufficient_candidates,,1,0,0,,,,,0,0,3.0,,False,,,0.0005587700288742781,,,,,,,,,,,
alpha_sweep,k=10_alpha=3,42,workforce_management_information_b_fair.csv,17,1,10,3,0.3,0.15,True,100,csv,hnsw,inverted_index,pinned_match,True,100,74,1,False,insufficient_candidates,,1,0,0,,,,,0,0,3.0,,False,,,0.0004923830274492502,,,,,,,,,,,
alpha_sweep,k=10_alpha=3,42,ydn_spending_data_a_fair.csv,1,1,10,3,0.3,0.15,True,100,csv,hnsw,inverted_index,pinned_match,True,100,13,6,False,insufficient_candidates,,6,0,0,,,,,0,0,3.0,,False,,,0.0013399790041148663,,,,,,,,,,,
alpha_sweep,k=10_alpha=3,42,ydn_spending_data_b_fair.csv,11,1,10,3,0.3,0.15,True,100,csv,hnsw,inverted_index,pinned_match,True,100,13,6,False,insufficient_candidates,,6,0,0,,,,,0,0,3.0,,False,,,0.0011814110912382603,,,,,,,,,,,
alpha_sweep,k=10_alpha=5,42,311_calls_historic_data_a_fair.csv,1,1,10,5,0.3,0.15,True,100,csv,hnsw,inverted_index,pinned_match,True,100,22,11,True,,,11,11,10,0.3615706121297823,0.36098465889680703,-0.06098465889680704,68.59029054641724,11,0,1.1,0.0015927148051559925,True,True,0.0006066199857741594,0.013924494152888656,,,,,,,,,,,0.004183085169643164
alpha_sweep,k=10_alpha=5,42,abandoned_wells_a_fair.csv,6,1,10,5,0.3,0.15,True,100,csv,hnsw,inverted_index,pinned_match,True,100,22,11,True,,,11,11,10,0.32270382256164437,0.31583359068248995,-0.015833590682489962,64.23800450563431,11,0,1.1,0.0013839679304510355,True,True,0.0005302720237523317,0.007059670053422451,,,,,,,,,,,0.0035757438745349646
alpha_sweep,k=10_alpha=5,42,albums_a_fair.csv,4,1,10,5,0.3,0.15,True,100,csv,hnsw,inverted_index,pinned_match,True,100,40,10,True,,,10,10,10,0.2997805413313826,0.2997805413313826,0.00021945866861738939,35.5307657122612,10,0,1.0,0.001316821202635765,True,True,0.00048498203977942467,0.004913304001092911,,,,,,,,,,,0.001577405957505107
alpha_sweep,k=10_alpha=5,42,animal_tag_data_a_fair.csv,3,1,10,5,0.3,0.15,True,100,csv,hnsw,inverted_index,pinned_match,True,100,21,8,False,insufficient_candidates,,8,0,0,,,,,0,0,5.0,,False,,,0.004005077062174678,,,,,,,,,,,
alpha_sweep,k=10_alpha=5,42,animal_tag_data_b_fair.csv,1,1,10,5,0.3,0.15,True,100,csv,hnsw,inverted_index,pinned_match,True,100,24,9,False,insufficient_candidates,,9,0,0,,,,,0,0,5.0,,False,,,0.0021028369665145874,,,,,,,,,,,
alpha_sweep,k=10_alpha=5,42,biodiversity_a_fair.csv,6,1,10,5,0.3,0.15,True,100,csv,hnsw,inverted_index,pinned_match,True,59,2,2,False,insufficient_candidates,,2,0,0,,,,,0,0,5.0,,False,,,0.0008810260333120823,,,,,,,,,,,
alpha_sweep,k=10_alpha=5,42,business_rates_a_fair.csv,9,1,10,5,0.3,0.15,True,100,csv,hnsw,inverted_index,pinned_match,True,100,24,4,False,insufficient_candidates,,4,0,0,,,,,0,0,5.0,,False,,,0.001216239994391799,,,,,,,,,,,
alpha_sweep,k=10_alpha=5,42,cdc_nutrition_physical_activity_and_obesity_legislation_a_fair.csv,1,1,10,5,0.3,0.15,True,100,csv,hnsw,inverted_index,pinned_match,True,100,22,12,True,,,12,12,10,0.49818386521733304,0.4995743627048863,-0.19957436270488632,72.50861942768097,12,0,1.2,0.0016684629954397678,True,True,0.0005832510069012642,0.00862012687139213,,,,,,,,,,,0.004539570072665811
alpha_sweep,k=10_alpha=5,42,cihr_co-applicant_a_fair.csv,3,1,10,5,0.3,0.15,True,100,csv,hnsw,inverted_index,pinned_match,True,100,24,8,False,insufficient_candidates,,8,0,0,,,,,0,0,5.0,,False,,,0.005354687105864286,,,,,,,,,,,
alpha_sweep,k=10_alpha=5,42,cihr_co-applicant_b_fair.csv,2,1,10,5,0.3,0.15,True,100,csv,hnsw,inverted_index,pinned_match,True,100,13,5,False,insufficient_candidates,,5,0,0,,,,,0,0,5.0,,False,,,0.004687626846134663,,,,,,,,,,,
alpha_sweep,k=10_alpha=5,42,civic_building_locations_a_fair.csv,3,1,10,5,0.3,0.15,True,100,csv,hnsw,inverted_index,pinned_match,True,100,18,6,False,insufficient_candidates,,6,0,0,,,,,0,0,5.0,,False,,,0.0012320310343056917,,,,,,,,,,,
alpha_sweep,k=10_alpha=5,42,complaint_by_practice_a_fair.csv,0,1,10,5,0.3,0.15,True,100,csv,hnsw,inverted_index,pinned_match,True,100,30,2,False,insufficient_candidates,,2,0,0,,,,,0,0,5.0,,False,,,0.005409275880083442,,,,,,,,,,,
alpha_sweep,k=10_alpha=5,42,complaint_by_practice_b_fair.csv,1,1,10,5,0.3,0.15,True,100,csv,hnsw,inverted_index,pinned_match,True,100,30,5,False,insufficient_candidates,,5,0,0,,,,,0,0,5.0,,False,,,0.00215055700391531,,,,,,,,,,,
alpha_sweep,k=10_alpha=5,42,contributors_parties_a_fair.csv,2,1,10,5,0.3,0.15,True,100,csv,hnsw,inverted_index,pinned_match,True,100,50,17,True,,,17,17,10,0.32556569205197944,0.333186446453857,-0.03318644645385699,62.68885391950607,17,0,1.7,0.0017490130849182606,True,True,0.0007014188449829817,0.010875690029934049,,,,,,,,,,,0.0051494690123945475
alpha_sweep,k=10_alpha=5,42,contributors_parties_b_fair.csv,0,1,10,5,0.3,0.15,True,100,csv,hnsw,inverted_index,pinned_match,True,100,42,17,True,,,17,17,10,1.0,1.0,-0.7,46.62786227464676,17,0,1.7,0.001603265991434455,True,True,0.0005558619741350412,0.008285319898277521,,,,,,,,,,,0.002869686111807823
alpha_sweep,k=10_alpha=5,42,data_mill_a_fair.csv,4,1,10,5,0.3,0.15,True,100,csv,hnsw,inverted_index,pinned_match,True,100,7,5,False,insufficient_candidates,,5,0,0,,,,,0,0,5.0,,False,,,0.002482322044670582,,,,,,,,,,,
alpha_sweep,k=10_alpha=5,42,data_mill_b_fair.csv,3,1,10,5,0.3,0.15,True,100,csv,hnsw,inverted_index,pinned_match,True,100,22,6,False,insufficient_candidates,,3,0,0,,,,,0,0,5.0,,False,,,0.0016582140233367682,,,,,,,,,,,
alpha_sweep,k=10_alpha=5,42,deaths_2012_2018_a_fair.csv,5,1,10,5,0.3,0.15,True,100,csv,hnsw,inverted_index,pinned_match,True,100,40,18,False,insufficient_candidates,,9,0,0,,,,,0,0,5.0,,False,,,0.0017264238558709621,,,,,,,,,,,
alpha_sweep,k=10_alpha=5,42,immigration_records_a_fair.csv,2,1,10,5,0.3,0.15,True,100,csv,hnsw,inverted_index,pinned_match,True,100,45,12,True,,,12,12,10,0.30768119475219186,0.28887585324232085,0.011124146757679143,61.092910408973694,12,0,1.2,0.0015557748265564442,True,True,0.0005781420040875673,0.008922370849177241,,,,,,,,,,,0.004485650919377804
alpha_sweep,k=10_alpha=5,42,ipopayments_a_fair.csv,0,1,10,5,0.3,0.15,True,100,csv,hnsw,inverted_index,pinned_match,True,100,30,11,True,,,11,11,10,0.9809985096870343,1.0,-0.7,83.81696665287018,11,0,1.1,0.0013759778812527657,True,True,0.0005242321640253067,0.007965745171532035,,,,,,,,,,,0.004704967141151428
alpha_sweep,k=10_alpha=5,42,ipopayments_b_fair.csv,2,1,10,5,0.3,0.15,True,100,csv,hnsw,inverted_index,pinned_match,True,100,16,7,False,insufficient_candidates,,7,0,0,,,,,0,0,5.0,,False,,,0.0014450671151280403,,,,,,,,,,,
alpha_sweep,k=10_alpha=5,42,job_pay_scales_a_fair.csv,4,1,10,5,0.3,0.15,True,100,csv,hnsw,inverted_index,pinned_match,True,100,80,10,True,,,10,10,10,0.3305739514348786,0.3305739514348786,-0.03057395143487862,98.99793064594269,10,0,1.0,0.0016621549148112535,True,True,0.0005250419490039349,0.008753055008128285,,,,,,,,,,,0.005255207885056734
alpha_sweep,k=10_alpha=5,42,lane_description_a_fair.csv,1,1,10,5,0.3,0.15,True,100,csv,hnsw,inverted_index,pinned_match,True,100,31,8,False,insufficient_candidates,,8,0,0,,,,,0,0,5.0,,False,,,0.008747244020923972,,,,,,,,,,,
alpha_sweep,k=10_alpha=5,42,lane_description_b_fair.csv,9,1,10,5,0.3,0.15,True,100,csv,hnsw,inverted_index,pinned_match,True,100,1165,8,False,insufficient_candidates,,4,0,0,,,,,0,0,5.0,,False,,,0.0017434631008654833,,,,,,,,,,,
alpha_sweep,k=10_alpha=5,42,mines_a_fair.csv,5,1,10,5,0.3,0.15,True,100,csv,hnsw,inverted_index,pinned_match,True,100,16,12,True,,,12,12,10,0.33131944057157375,0.33195727864372915,-0.03195727864372916,77.79971766471863,12,0,1.2,0.0016175848431885242,True,True,0.0006187809631228447,0.00896962103433907,,,,,,,,,,,0.004148404113948345
alpha_sweep,k=10_alpha=5,42,mines_b_fair.csv,2,1,10,5,0.3,0.15,True,100,csv,hnsw,inverted_index,pinned_match,True,100,25,4,False,insufficient_candidates,,4,0,0,,,,,0,0,5.0,,False,,,0.0011109530460089445,,,,,,,,,,,
alpha_sweep,k=10_alpha=5,42,minister_meetings_a_fair.csv,4,1,10,5,0.3,0.15,True,100,csv,hnsw,inverted_index,pinned_match,True,100,55,26,False,insufficient_candidates,,8,0,0,,,,,0,0,5.0,,False,,,0.0014850259758532047,,,,,,,,,,,
alpha_sweep,k=10_alpha=5,42,monthly_data_feed_a_fair.csv,11,1,10,5,0.3,0.15,True,100,csv,hnsw,inverted_index,pinned_match,True,100,1165,28,False,insufficient_candidates,,6,0,0,,,,,0,0,5.0,,False,,,0.001802610931918025,,,,,,,,,,,
alpha_sweep,k=10_alpha=5,42,monthly_data_feed_b_fair.csv,1,1,10,5,0.3,0.15,True,100,csv,hnsw,inverted_index,pinned_match,True,100,24,4,False,insufficient_candidates,,4,0,0,,,,,0,0,5.0,,False,,,0.0011115327943116426,,,,,,,,,,,
alpha_sweep,k=10_alpha=5,42,new_york_city_restaurant_inspection_results_a_fair.csv,6,1,10,5,0.3,0.15,True,100,csv,hnsw,inverted_index,pinned_match,True,100,62,9,False,insufficient_candidates,,9,0,0,,,,,0,0,5.0,,False,,,0.010341620072722435,,,,,,,,,,,
alpha_sweep,k=10_alpha=5,42,oil_and_gas_summary_production_data_1967_1999_a_fair.csv,2,1,10,5,0.3,0.15,True,100,csv,hnsw,inverted_index,pinned_match,True,100,44,12,True,,,12,12,10,0.3317860857189775,0.3344712486724321,-0.03447124867243212,77.28633844852448,12,0,1.2,0.0016302550211548805,True,True,0.0006227202247828245,0.009049809072166681,,,,,,,,,,,0.004739416064694524
alpha_sweep,k=10_alpha=5,42,practice_reference_a_fair.csv,6,1,10,5,0.3,0.15,True,100,csv,hnsw,inverted_index,pinned_match,True,100,31,13,True,,,13,13,10,0.27624963028689736,0.2678102926337033,0.03218970736629667,79.10476684570312,13,0,1.3,0.0015575469005852938,True,True,0.0005159520078450441,0.008173292968422174,,,,,,,,,,,0.004481540061533451
alpha_sweep,k=10_alpha=5,42,practice_reference_b_fair.csv,5,1,10,5,0.3,0.15,True,100,csv,hnsw,inverted_index,pinned_match,True,100,30,13,True,,,13,13,10,0.35622514530437444,0.3650763358778626,-0.0650763358778626,67.75350695848465,13,0,1.3,0.0014918670058250427,True,True,0.0005083319265395403,0.007342236116528511,,,,,,,,,,,0.0038629600312560797
alpha_sweep,k=10_alpha=5,42,prescribing_a_fair.csv,14,1,10,5,0.3,0.15,True,100,csv,hnsw,inverted_index,pinned_match,True,100,70,5,False,insufficient_candidates,,5,0,0,,,,,0,0,5.0,,False,,,0.005285678198561072,,,,,,,,,,,
alpha_sweep,k=10_alpha=5,42,prescribing_b_fair.csv,13,1,10,5,0.3,0.15,True,100,csv,hnsw,inverted_index,pinned_match,True,100,180,12,False,insufficient_candidates,,6,0,0,,,,,0,0,5.0,,False,,,0.006767475977540016,,,,,,,,,,,
alpha_sweep,k=10_alpha=5,42,psyckes_antipsychotic_polypharmacy_quality_indicators_beginning_2012_a_fair.csv,3,1,10,5,0.3,0.15,True,100,csv,hnsw,inverted_index,pinned_match,True,100,22,13,True,,,13,13,10,0.7213524520684584,0.7213408465810525,-0.4213408465810525,59.65610682964325,13,0,1.3,0.0016203641425818205,True,True,0.0006118509918451309,0.013768924865871668,,,,,,,,,,,0.004080027109012008
alpha_sweep,k=10_alpha=5,42,purchasing_card_a_fair.csv,1,1,10,5,0.3,0.15,True,100,csv,hnsw,inverted_index,pinned_match,True,100,26,10,True,,,10,10,10,0.29122521054061395,0.29122521054061395,0.008774789459386034,98.16518497467041,10,0,1.0,0.001440257066860795,True,True,0.0005337710026651621,0.008591627003625035,,,,,,,,,,,0.0052561089396476746
alpha_sweep,k=10_alpha=5,42,report_card_discipline_for_2015_16_a_fair.csv,2,1,10,5,0.3,0.15,True,100,csv,hnsw,inverted_index,pinned_match,True,100,22,11,True,,,11,11,10,0.3525705100408604,0.3514433601721643,-0.05144336017216433,82.45878320932388,11,0,1.1,0.0015432459767907858,True,True,0.0005975100211799145,0.01938166911713779,,,,,,,,,,,0.005150540033355355
alpha_sweep,k=10_alpha=5,42,senior_officials_expenses_a_fair.csv,1,1,10,5,0.3,0.15,True,100,csv,hnsw,inverted_index,pinned_match,True,100,7,4,False,insufficient_candidates,,4,0,0,,,,,0,0,5.0,,False,,,0.001082652946934104,,,,,,,,,,,
alpha_sweep,k=10_alpha=5,42,stockport_contracts_a_fair.csv,4,1,10,5,0.3,0.15,True,100,csv,hnsw,inverted_index,pinned_match,True,100,1,1,False,insufficient_candidates,,1,0,0,,,,,0,0,5.0,,False,,,0.0005914010107517242,,,,,,,,,,,
alpha_sweep,k=10_alpha=5,42,stockport_contracts_b_fair.csv,15,1,10,5,0.3,0.15,True,100,csv,hnsw,inverted_index,pinned_match,True,100,24,4,False,insufficient_candidates,,4,0,0,,,,,0,0,5.0,,False,,,0.000915435841307044,,,,,,,,,,,
alpha_sweep,k=10_alpha=5,42,time_spent_watching_vcr_movies_a_fair.csv,4,1,10,5,0.3,0.15,True,100,csv,hnsw,inverted_index,pinned_match,True,100,14,5,False,insufficient_candidates,,5,0,0,,,,,0,0,5.0,,False,,,0.0010889519471675158,,,,,,,,,,,
alpha_sweep,k=10_alpha=5,42,tuition_assistance_program_tap_recipients_a_fair.csv,5,1,10,5,0.3,0.15,True,100,csv,hnsw,inverted_index,pinned_match,True,100,22,14,True,,,14,14,10,0.6221631445350636,0.622036642427547,-0.322036642427547,66.8981808423996,14,0,1.4,0.0017565831076353788,True,True,0.0005911909975111485,0.009567442117258906,,,,,,,,,,,0.004340822109952569
alpha_sweep,k=10_alpha=5,42,wholesale_markets_a_fair.csv,2,1,10,5,0.3,0.15,True,100,csv,hnsw,inverted_index,pinned_match,True,100,2,2,False,insufficient_candidates,,2,0,0,,,,,0,0,5.0,,False,,,0.003342697862535715,,,,,,,,,,,
alpha_sweep,k=10_alpha=5,42,workforce_management_information_a_fair.csv,20,1,10,5,0.3,0.15,True,100,csv,hnsw,inverted_index,pinned_match,True,100,14,1,False,insufficient_candidates,,1,0,0,,,,,0,0,5.0,,False,,,0.0005743210203945637,,,,,,,,,,,
alpha_sweep,k=10_alpha=5,42,workforce_management_information_b_fair.csv,17,1,10,5,0.3,0.15,True,100,csv,hnsw,inverted_index,pinned_match,True,100,74,1,False,insufficient_candidates,,1,0,0,,,,,0,0,5.0,,False,,,0.00048736296594142914,,,,,,,,,,,
alpha_sweep,k=10_alpha=5,42,ydn_spending_data_a_fair.csv,1,1,10,5,0.3,0.15,True,100,csv,hnsw,inverted_index,pinned_match,True,100,13,6,False,insufficient_candidates,,6,0,0,,,,,0,0,5.0,,False,,,0.0013969279825687408,,,,,,,,,,,
alpha_sweep,k=10_alpha=5,42,ydn_spending_data_b_fair.csv,11,1,10,5,0.3,0.15,True,100,csv,hnsw,inverted_index,pinned_match,True,100,13,6,False,insufficient_candidates,,6,0,0,,,,,0,0,5.0,,False,,,0.0011660209856927395,,,,,,,,,,,
alpha_sweep,k=10_alpha=10,42,311_calls_historic_data_a_fair.csv,1,1,10,10,0.3,0.15,True,100,csv,hnsw,inverted_index,pinned_match,True,100,22,11,True,,,11,11,10,0.3615706121297823,0.36098465889680703,-0.06098465889680704,68.59029054641724,11,0,1.1,0.0016040049958974123,True,True,0.0006102509796619415,0.014077730011194944,,,,,,,,,,,0.004159206058830023
alpha_sweep,k=10_alpha=10,42,abandoned_wells_a_fair.csv,6,1,10,10,0.3,0.15,True,100,csv,hnsw,inverted_index,pinned_match,True,100,22,11,True,,,11,11,10,0.32270382256164437,0.31583359068248995,-0.015833590682489962,64.23800450563431,11,0,1.1,0.0014542171265929937,True,True,0.0005525720771402121,0.0071900878101587296,,,,,,,,,,,0.0035963039845228195
alpha_sweep,k=10_alpha=10,42,albums_a_fair.csv,4,1,10,10,0.3,0.15,True,100,csv,hnsw,inverted_index,pinned_match,True,100,40,10,True,,,10,10,10,0.2997805413313826,0.2997805413313826,0.00021945866861738939,35.5307657122612,10,0,1.0,0.0013436598237603903,True,True,0.0004922421649098396,0.00487811304628849,,,,,,,,,,,0.0015588561072945595
alpha_sweep,k=10_alpha=10,42,animal_tag_data_a_fair.csv,3,1,10,10,0.3,0.15,True,100,csv,hnsw,inverted_index,pinned_match,True,100,21,8,False,insufficient_candidates,,8,0,0,,,,,0,0,10.0,,False,,,0.003977688029408455,,,,,,,,,,,
alpha_sweep,k=10_alpha=10,42,animal_tag_data_b_fair.csv,1,1,10,10,0.3,0.15,True,100,csv,hnsw,inverted_index,pinned_match,True,100,24,9,False,insufficient_candidates,,9,0,0,,,,,0,0,10.0,,False,,,0.002121856901794672,,,,,,,,,,,
alpha_sweep,k=10_alpha=10,42,biodiversity_a_fair.csv,6,1,10,10,0.3,0.15,True,100,csv,hnsw,inverted_index,pinned_match,True,59,2,2,False,insufficient_candidates,,2,0,0,,,,,0,0,10.0,,False,,,0.000882826978340745,,,,,,,,,,,
alpha_sweep,k=10_alpha=10,42,business_rates_a_fair.csv,9,1,10,10,0.3,0.15,True,100,csv,hnsw,inverted_index,pinned_match,True,100,24,4,False,insufficient_candidates,,4,0,0,,,,,0,0,10.0,,False,,,0.0012067218776792288,,,,,,,,,,,
alpha_sweep,k=10_alpha=10,42,cdc_nutrition_physical_activity_and_obesity_legislation_a_fair.csv,1,1,10,10,0.3,0.15,True,100,csv,hnsw,inverted_index,pinned_match,True,100,22,12,True,,,12,12,10,0.49818386521733304,0.4995743627048863,-0.19957436270488632,72.50861942768097,12,0,1.2,0.0017113538924604654,True,True,0.0006018499843776226,0.0087260149884969,,,,,,,,,,,0.0046130879782140255
alpha_sweep,k=10_alpha=10,42,cihr_co-applicant_a_fair.csv,3,1,10,10,0.3,0.15,True,100,csv,hnsw,inverted_index,pinned_match,True,100,24,8,False,insufficient_candidates,,8,0,0,,,,,0,0,10.0,,False,,,0.005220608087256551,,,,,,,,,,,
alpha_sweep,k=10_alpha=10,42,cihr_co-applicant_b_fair.csv,2,1,10,10,0.3,0.15,True,100,csv,hnsw,inverted_index,pinned_match,True,100,13,5,False,insufficient_candidates,,5,0,0,,,,,0,0,10.0,,False,,,0.0047328658401966095,,,,,,,,,,,
alpha_sweep,k=10_alpha=10,42,civic_building_locations_a_fair.csv,3,1,10,10,0.3,0.15,True,100,csv,hnsw,inverted_index,pinned_match,True,100,18,6,False,insufficient_candidates,,6,0,0,,,,,0,0,10.0,,False,,,0.0012373700737953186,,,,,,,,,,,
alpha_sweep,k=10_alpha=10,42,complaint_by_practice_a_fair.csv,0,1,10,10,0.3,0.15,True,100,csv,hnsw,inverted_index,pinned_match,True,100,30,2,False,insufficient_candidates,,2,0,0,,,,,0,0,10.0,,False,,,0.005414776038378477,,,,,,,,,,,
alpha_sweep,k=10_alpha=10,42,complaint_by_practice_b_fair.csv,1,1,10,10,0.3,0.15,True,100,csv,hnsw,inverted_index,pinned_match,True,100,30,5,False,insufficient_candidates,,5,0,0,,,,,0,0,10.0,,False,,,0.0021355869248509407,,,,,,,,,,,
alpha_sweep,k=10_alpha=10,42,contributors_parties_a_fair.csv,2,1,10,10,0.3,0.15,True,100,csv,hnsw,inverted_index,pinned_match,True,100,50,17,True,,,17,17,10,0.32556569205197944,0.333186446453857,-0.03318644645385699,62.68885391950607,17,0,1.7,0.0017467630095779896,True,True,0.0006549500394612551,0.010868060868233442,,,,,,,,,,,0.005177810089662671
alpha_sweep,k=10_alpha=10,42,contributors_parties_b_fair.csv,0,1,10,10,0.3,0.15,True,100,csv,hnsw,inverted_index,pinned_match,True,100,42,17,True,,,17,17,10,1.0,1.0,-0.7,46.62786227464676,17,0,1.7,0.0015511659439653158,True,True,0.0005379507783800364,0.008161912905052304,,,,,,,,,,,0.002906915033236146
alpha_sweep,k=10_alpha=10,42,data_mill_a_fair.csv,4,1,10,10,0.3,0.15,True,100,csv,hnsw,inverted_index,pinned_match,True,100,7,5,False,insufficient_candidates,,5,0,0,,,,,0,0,10.0,,False,,,0.0024880911223590374,,,,,,,,,,,
alpha_sweep,k=10_alpha=10,42,data_mill_b_fair.csv,3,1,10,10,0.3,0.15,True,100,csv,hnsw,inverted_index,pinned_match,True,100,22,6,False,insufficient_candidates,,3,0,0,,,,,0,0,10.0,,False,,,0.001678332919254899,,,,,,,,,,,
alpha_sweep,k=10_alpha=10,42,deaths_2012_2018_a_fair.csv,5,1,10,10,0.3,0.15,True,100,csv,hnsw,inverted_index,pinned_match,True,100,40,18,False,insufficient_candidates,,9,0,0,,,,,0,0,10.0,,False,,,0.0017483830451965332,,,,,,,,,,,
alpha_sweep,k=10_alpha=10,42,immigration_records_a_fair.csv,2,1,10,10,0.3,0.15,True,100,csv,hnsw,inverted_index,pinned_match,True,100,45,12,True,,,12,12,10,0.30768119475219186,0.28887585324232085,0.011124146757679143,61.092910408973694,12,0,1.2,0.0014920469839125872,True,True,0.0005538819823414087,0.008859341964125633,,,,,,,,,,,0.004496800014749169
alpha_sweep,k=10_alpha=10,42,ipopayments_a_fair.csv,0,1,10,10,0.3,0.15,True,100,csv,hnsw,inverted_index,pinned_match,True,100,30,11,True,,,11,11,10,0.9809985096870343,1.0,-0.7,83.81696665287018,11,0,1.1,0.0013816282153129578,True,True,0.0005152609664946795,0.007976616965606809,,,,,,,,,,,0.0047400458715856075
alpha_sweep,k=10_alpha=10,42,ipopayments_b_fair.csv,2,1,10,10,0.3,0.15,True,100,csv,hnsw,inverted_index,pinned_match,True,100,16,7,False,insufficient_candidates,,7,0,0,,,,,0,0,10.0,,False,,,0.001433148980140686,,,,,,,,,,,
alpha_sweep,k=10_alpha=10,42,job_pay_scales_a_fair.csv,4,1,10,10,0.3,0.15,True,100,csv,hnsw,inverted_index,pinned_match,True,100,80,10,True,,,10,10,10,0.3305739514348786,0.3305739514348786,-0.03057395143487862,98.99793064594269,10,0,1.0,0.0016351239755749702,True,True,0.0005080120172351599,0.008657596074044704,,,,,,,,,,,0.0052415779791772366
alpha_sweep,k=10_alpha=10,42,lane_description_a_fair.csv,1,1,10,10,0.3,0.15,True,100,csv,hnsw,inverted_index,pinned_match,True,100,31,8,False,insufficient_candidates,,8,0,0,,,,,0,0,10.0,,False,,,0.008689137175679207,,,,,,,,,,,
alpha_sweep,k=10_alpha=10,42,lane_description_b_fair.csv,9,1,10,10,0.3,0.15,True,100,csv,hnsw,inverted_index,pinned_match,True,100,1165,8,False,insufficient_candidates,,4,0,0,,,,,0,0,10.0,,False,,,0.001762042986229062,,,,,,,,,,,
alpha_sweep,k=10_alpha=10,42,mines_a_fair.csv,5,1,10,10,0.3,0.15,True,100,csv,hnsw,inverted_index,pinned_match,True,100,16,12,True,,,12,12,10,0.33131944057157375,0.33195727864372915,-0.03195727864372916,77.79971766471863,12,0,1.2,0.0015925851184874773,True,True,0.0006113911513239145,0.008907411014661193,,,,,,,,,,,0.00415568589232862
alpha_sweep,k=10_alpha=10,42,mines_b_fair.csv,2,1,10,10,0.3,0.15,True,100,csv,hnsw,inverted_index,pinned_match,True,100,25,4,False,insufficient_candidates,,4,0,0,,,,,0,0,10.0,,False,,,0.001092232996597886,,,,,,,,,,,
alpha_sweep,k=10_alpha=10,42,minister_meetings_a_fair.csv,4,1,10,10,0.3,0.15,True,100,csv,hnsw,inverted_index,pinned_match,True,100,55,26,False,insufficient_candidates,,8,0,0,,,,,0,0,10.0,,False,,,0.0014912581536918879,,,,,,,,,,,
alpha_sweep,k=10_alpha=10,42,monthly_data_feed_a_fair.csv,11,1,10,10,0.3,0.15,True,100,csv,hnsw,inverted_index,pinned_match,True,100,1165,28,False,insufficient_candidates,,6,0,0,,,,,0,0,10.0,,False,,,0.0017603740561753511,,,,,,,,,,,
alpha_sweep,k=10_alpha=10,42,monthly_data_feed_b_fair.csv,1,1,10,10,0.3,0.15,True,100,csv,hnsw,inverted_index,pinned_match,True,100,24,4,False,insufficient_candidates,,4,0,0,,,,,0,0,10.0,,False,,,0.0011000731028616428,,,,,,,,,,,
alpha_sweep,k=10_alpha=10,42,new_york_city_restaurant_inspection_results_a_fair.csv,6,1,10,10,0.3,0.15,True,100,csv,hnsw,inverted_index,pinned_match,True,100,62,9,False,insufficient_candidates,,9,0,0,,,,,0,0,10.0,,False,,,0.010341788874939084,,,,,,,,,,,
alpha_sweep,k=10_alpha=10,42,oil_and_gas_summary_production_data_1967_1999_a_fair.csv,2,1,10,10,0.3,0.15,True,100,csv,hnsw,inverted_index,pinned_match,True,100,44,12,True,,,12,12,10,0.3317860857189775,0.3344712486724321,-0.03447124867243212,77.28633844852448,12,0,1.2,0.001635874854400754,True,True,0.0006095599383115768,0.009063188917934895,,,,,,,,,,,0.004759056959301233
alpha_sweep,k=10_alpha=10,42,practice_reference_a_fair.csv,6,1,10,10,0.3,0.15,True,100,csv,hnsw,inverted_index,pinned_match,True,100,31,13,True,,,13,13,10,0.27624963028689736,0.2678102926337033,0.03218970736629667,79.10476684570312,13,0,1.3,0.0015425560995936394,True,True,0.0005280920304358006,0.008145472966134548,,,,,,,,,,,0.004477769834920764
alpha_sweep,k=10_alpha=10,42,practice_reference_b_fair.csv,5,1,10,10,0.3,0.15,True,100,csv,hnsw,inverted_index,pinned_match,True,100,30,13,True,,,13,13,10,0.35622514530437444,0.3650763358778626,-0.0650763358778626,67.75350695848465,13,0,1.3,0.0014655061531811953,True,True,0.0004999530501663685,0.007310196990147233,,,,,,,,,,,0.003863910911604762
alpha_sweep,k=10_alpha=10,42,prescribing_a_fair.csv,14,1,10,10,0.3,0.15,True,100,csv,hnsw,inverted_index,pinned_match,True,100,70,5,False,insufficient_candidates,,5,0,0,,,,,0,0,10.0,,False,,,0.005189539166167378,,,,,,,,,,,
alpha_sweep,k=10_alpha=10,42,prescribing_b_fair.csv,13,1,10,10,0.3,0.15,True,100,csv,hnsw,inverted_index,pinned_match,True,100,180,12,False,insufficient_candidates,,6,0,0,,,,,0,0,10.0,,False,,,0.006835424108430743,,,,,,,,,,,
alpha_sweep,k=10_alpha=10,42,psyckes_antipsychotic_polypharmacy_quality_indicators_beginning_2012_a_fair.csv,3,1,10,10,0.3,0.15,True,100,csv,hnsw,inverted_index,pinned_match,True,100,22,13,True,,,13,13,10,0.7213524520684584,0.7213408465810525,-0.4213408465810525,59.65610682964325,13,0,1.3,0.0017352730501443148,True,True,0.0006554590072482824,0.014141259947791696,,,,,,,,,,,0.004305162932723761
alpha_sweep,k=10_alpha=10,42,purchasing_card_a_fair.csv,1,1,10,10,0.3,0.15,True,100,csv,hnsw,inverted_index,pinned_match,True,100,26,10,True,,,10,10,10,0.29122521054061395,0.29122521054061395,0.008774789459386034,98.16518497467041,10,0,1.0,0.001472017029300332,True,True,0.0005491420160979033,0.008494538022205234,,,,,,,,,,,0.005263768136501312
alpha_sweep,k=10_alpha=10,42,report_card_discipline_for_2015_16_a_fair.csv,2,1,10,10,0.3,0.15,True,100,csv,hnsw,inverted_index,pinned_match,True,100,22,11,True,,,11,11,10,0.3525705100408604,0.3514433601721643,-0.05144336017216433,82.45878320932388,11,0,1.1,0.0016023849602788687,True,True,0.0006285300478339195,0.02089578495360911,,,,,,,,,,,0.005195569014176726
alpha_sweep,k=10_alpha=10,42,senior_officials_expenses_a_fair.csv,1,1,10,10,0.3,0.15,True,100,csv,hnsw,inverted_index,pinned_match,True,100,7,4,False,insufficient_candidates,,4,0,0,,,,,0,0,10.0,,False,,,0.0011065627913922071,,,,,,,,,,,
alpha_sweep,k=10_alpha=10,42,stockport_contracts_a_fair.csv,4,1,10,10,0.3,0.15,True,100,csv,hnsw,inverted_index,pinned_match,True,100,1,1,False,insufficient_candidates,,1,0,0,,,,,0,0,10.0,,False,,,0.0005982511211186647,,,,,,,,,,,
alpha_sweep,k=10_alpha=10,42,stockport_contracts_b_fair.csv,15,1,10,10,0.3,0.15,True,100,csv,hnsw,inverted_index,pinned_match,True,100,24,4,False,insufficient_candidates,,4,0,0,,,,,0,0,10.0,,False,,,0.0009013449307531118,,,,,,,,,,,
alpha_sweep,k=10_alpha=10,42,time_spent_watching_vcr_movies_a_fair.csv,4,1,10,10,0.3,0.15,True,100,csv,hnsw,inverted_index,pinned_match,True,100,14,5,False,insufficient_candidates,,5,0,0,,,,,0,0,10.0,,False,,,0.0010872939601540565,,,,,,,,,,,
alpha_sweep,k=10_alpha=10,42,tuition_assistance_program_tap_recipients_a_fair.csv,5,1,10,10,0.3,0.15,True,100,csv,hnsw,inverted_index,pinned_match,True,100,22,14,True,,,14,14,10,0.6221631445350636,0.622036642427547,-0.322036642427547,66.8981808423996,14,0,1.4,0.0017610129434615374,True,True,0.0005978499539196491,0.009693758096545935,,,,,,,,,,,0.004420770797878504
alpha_sweep,k=10_alpha=10,42,wholesale_markets_a_fair.csv,2,1,10,10,0.3,0.15,True,100,csv,hnsw,inverted_index,pinned_match,True,100,2,2,False,insufficient_candidates,,2,0,0,,,,,0,0,10.0,,False,,,0.0032893388997763395,,,,,,,,,,,
alpha_sweep,k=10_alpha=10,42,workforce_management_information_a_fair.csv,20,1,10,10,0.3,0.15,True,100,csv,hnsw,inverted_index,pinned_match,True,100,14,1,False,insufficient_candidates,,1,0,0,,,,,0,0,10.0,,False,,,0.0005829320289194584,,,,,,,,,,,
alpha_sweep,k=10_alpha=10,42,workforce_management_information_b_fair.csv,17,1,10,10,0.3,0.15,True,100,csv,hnsw,inverted_index,pinned_match,True,100,74,1,False,insufficient_candidates,,1,0,0,,,,,0,0,10.0,,False,,,0.0004923311062157154,,,,,,,,,,,
alpha_sweep,k=10_alpha=10,42,ydn_spending_data_a_fair.csv,1,1,10,10,0.3,0.15,True,100,csv,hnsw,inverted_index,pinned_match,True,100,13,6,False,insufficient_candidates,,6,0,0,,,,,0,0,10.0,,False,,,0.0013389189261943102,,,,,,,,,,,
alpha_sweep,k=10_alpha=10,42,ydn_spending_data_b_fair.csv,11,1,10,10,0.3,0.15,True,100,csv,hnsw,inverted_index,pinned_match,True,100,13,6,False,insufficient_candidates,,6,0,0,,,,,0,0,10.0,,False,,,0.0011815419420599937,,,,,,,,,,,
alpha_sweep,k=20_alpha=1,42,311_calls_historic_data_a_fair.csv,1,1,20,1,0.3,0.15,True,100,csv,hnsw,inverted_index,pinned_match,True,100,22,11,False,insufficient_candidates,,11,0,0,,,,,0,0,1.0,,False,,,0.008222623029723763,,,,,,,,,,,
alpha_sweep,k=20_alpha=1,42,abandoned_wells_a_fair.csv,6,1,20,1,0.3,0.15,True,100,csv,hnsw,inverted_index,pinned_match,True,100,22,11,False,insufficient_candidates,,11,0,0,,,,,0,0,1.0,,False,,,0.001991088967770338,,,,,,,,,,,
alpha_sweep,k=20_alpha=1,42,albums_a_fair.csv,4,1,20,1,0.3,0.15,True,100,csv,hnsw,inverted_index,pinned_match,True,100,40,10,False,insufficient_candidates,,10,0,0,,,,,0,0,1.0,,False,,,0.0018405711743980646,,,,,,,,,,,
alpha_sweep,k=20_alpha=1,42,animal_tag_data_a_fair.csv,3,1,20,1,0.3,0.15,True,100,csv,hnsw,inverted_index,pinned_match,True,100,21,8,False,insufficient_candidates,,8,0,0,,,,,0,0,1.0,,False,,,0.003940239083021879,,,,,,,,,,,
alpha_sweep,k=20_alpha=1,42,animal_tag_data_b_fair.csv,1,1,20,1,0.3,0.15,True,100,csv,hnsw,inverted_index,pinned_match,True,100,24,9,False,insufficient_candidates,,9,0,0,,,,,0,0,1.0,,False,,,0.0021092379465699196,,,,,,,,,,,
alpha_sweep,k=20_alpha=1,42,biodiversity_a_fair.csv,6,1,20,1,0.3,0.15,True,100,csv,hnsw,inverted_index,pinned_match,True,59,2,2,False,insufficient_candidates,,2,0,0,,,,,0,0,1.0,,False,,,0.000884396955370903,,,,,,,,,,,
alpha_sweep,k=20_alpha=1,42,business_rates_a_fair.csv,9,1,20,1,0.3,0.15,True,100,csv,hnsw,inverted_index,pinned_match,True,100,24,4,False,insufficient_candidates,,4,0,0,,,,,0,0,1.0,,False,,,0.001245460007339716,,,,,,,,,,,
alpha_sweep,k=20_alpha=1,42,cdc_nutrition_physical_activity_and_obesity_legislation_a_fair.csv,1,1,20,1,0.3,0.15,True,100,csv,hnsw,inverted_index,pinned_match,True,100,22,12,False,insufficient_candidates,,12,0,0,,,,,0,0,1.0,,False,,,0.002374382922425866,,,,,,,,,,,
alpha_sweep,k=20_alpha=1,42,cihr_co-applicant_a_fair.csv,3,1,20,1,0.3,0.15,True,100,csv,hnsw,inverted_index,pinned_match,True,100,24,8,False,insufficient_candidates,,8,0,0,,,,,0,0,1.0,,False,,,0.005465035093948245,,,,,,,,,,,
alpha_sweep,k=20_alpha=1,42,cihr_co-applicant_b_fair.csv,2,1,20,1,0.3,0.15,True,100,csv,hnsw,inverted_index,pinned_match,True,100,13,5,False,insufficient_candidates,,5,0,0,,,,,0,0,1.0,,False,,,0.004685845924541354,,,,,,,,,,,
alpha_sweep,k=20_alpha=1,42,civic_building_locations_a_fair.csv,3,1,20,1,0.3,0.15,True,100,csv,hnsw,inverted_index,pinned_match,True,100,18,6,False,insufficient_candidates,,6,0,0,,,,,0,0,1.0,,False,,,0.001248620916157961,,,,,,,,,,,
alpha_sweep,k=20_alpha=1,42,complaint_by_practice_a_fair.csv,0,1,20,1,0.3,0.15,True,100,csv,hnsw,inverted_index,pinned_match,True,100,30,2,False,insufficient_candidates,,2,0,0,,,,,0,0,1.0,,False,,,0.005285097984597087,,,,,,,,,,,
alpha_sweep,k=20_alpha=1,42,complaint_by_practice_b_fair.csv,1,1,20,1,0.3,0.15,True,100,csv,hnsw,inverted_index,pinned_match,True,100,30,5,False,insufficient_candidates,,5,0,0,,,,,0,0,1.0,,False,,,0.0021331568714231253,,,,,,,,,,,
alpha_sweep,k=20_alpha=1,42,contributors_parties_a_fair.csv,2,1,20,1,0.3,0.15,True,100,csv,hnsw,inverted_index,pinned_match,True,100,50,17,False,insufficient_candidates,,17,0,0,,,,,0,0,1.0,,False,,,0.003986528143286705,,,,,,,,,,,
alpha_sweep,k=20_alpha=1,42,contributors_parties_b_fair.csv,0,1,20,1,0.3,0.15,True,100,csv,hnsw,inverted_index,pinned_match,True,100,42,17,False,insufficient_candidates,,17,0,0,,,,,0,0,1.0,,False,,,0.003467767033725977,,,,,,,,,,,
alpha_sweep,k=20_alpha=1,42,data_mill_a_fair.csv,4,1,20,1,0.3,0.15,True,100,csv,hnsw,inverted_index,pinned_match,True,100,7,5,False,insufficient_candidates,,5,0,0,,,,,0,0,1.0,,False,,,0.002563789952546358,,,,,,,,,,,
alpha_sweep,k=20_alpha=1,42,data_mill_b_fair.csv,3,1,20,1,0.3,0.15,True,100,csv,hnsw,inverted_index,pinned_match,True,100,22,6,False,insufficient_candidates,,3,0,0,,,,,0,0,1.0,,False,,,0.0016401049215346575,,,,,,,,,,,
alpha_sweep,k=20_alpha=1,42,deaths_2012_2018_a_fair.csv,5,1,20,1,0.3,0.15,True,100,csv,hnsw,inverted_index,pinned_match,True,100,40,18,False,insufficient_candidates,,9,0,0,,,,,0,0,1.0,,False,,,0.0016638939268887043,,,,,,,,,,,
alpha_sweep,k=20_alpha=1,42,immigration_records_a_fair.csv,2,1,20,1,0.3,0.15,True,100,csv,hnsw,inverted_index,pinned_match,True,100,45,12,False,insufficient_candidates,,12,0,0,,,,,0,0,1.0,,False,,,0.00284224608913064,,,,,,,,,,,
alpha_sweep,k=20_alpha=1,42,ipopayments_a_fair.csv,0,1,20,1,0.3,0.15,True,100,csv,hnsw,inverted_index,pinned_match,True,100,30,11,False,insufficient_candidates,,11,0,0,,,,,0,0,1.0,,False,,,0.0017347920220345259,,,,,,,,,,,
alpha_sweep,k=20_alpha=1,42,ipopayments_b_fair.csv,2,1,20,1,0.3,0.15,True,100,csv,hnsw,inverted_index,pinned_match,True,100,16,7,False,insufficient_candidates,,7,0,0,,,,,0,0,1.0,,False,,,0.0013052888680249453,,,,,,,,,,,
alpha_sweep,k=20_alpha=1,42,job_pay_scales_a_fair.csv,4,1,20,1,0.3,0.15,True,100,csv,hnsw,inverted_index,pinned_match,True,100,80,10,False,insufficient_candidates,,10,0,0,,,,,0,0,1.0,,False,,,0.0017206249758601189,,,,,,,,,,,
alpha_sweep,k=20_alpha=1,42,lane_description_a_fair.csv,1,1,20,1,0.3,0.15,True,100,csv,hnsw,inverted_index,pinned_match,True,100,31,8,False,insufficient_candidates,,8,0,0,,,,,0,0,1.0,,False,,,0.008601786103099585,,,,,,,,,,,
alpha_sweep,k=20_alpha=1,42,lane_description_b_fair.csv,9,1,20,1,0.3,0.15,True,100,csv,hnsw,inverted_index,pinned_match,True,100,1165,8,False,insufficient_candidates,,4,0,0,,,,,0,0,1.0,,False,,,0.0017132139764726162,,,,,,,,,,,
alpha_sweep,k=20_alpha=1,42,mines_a_fair.csv,5,1,20,1,0.3,0.15,True,100,csv,hnsw,inverted_index,pinned_match,True,100,16,12,False,insufficient_candidates,,12,0,0,,,,,0,0,1.0,,False,,,0.0032640490680933,,,,,,,,,,,
alpha_sweep,k=20_alpha=1,42,mines_b_fair.csv,2,1,20,1,0.3,0.15,True,100,csv,hnsw,inverted_index,pinned_match,True,100,25,4,False,insufficient_candidates,,4,0,0,,,,,0,0,1.0,,False,,,0.0010106440167874098,,,,,,,,,,,
alpha_sweep,k=20_alpha=1,42,minister_meetings_a_fair.csv,4,1,20,1,0.3,0.15,True,100,csv,hnsw,inverted_index,pinned_match,True,100,55,26,False,insufficient_candidates,,8,0,0,,,,,0,0,1.0,,False,,,0.0014085578732192516,,,,,,,,,,,
alpha_sweep,k=20_alpha=1,42,monthly_data_feed_a_fair.csv,11,1,20,1,0.3,0.15,True,100,csv,hnsw,inverted_index,pinned_match,True,100,1165,28,False,insufficient_candidates,,6,0,0,,,,,0,0,1.0,,False,,,0.0017969729378819466,,,,,,,,,,,
alpha_sweep,k=20_alpha=1,42,monthly_data_feed_b_fair.csv,1,1,20,1,0.3,0.15,True,100,csv,hnsw,inverted_index,pinned_match,True,100,24,4,False,insufficient_candidates,,4,0,0,,,,,0,0,1.0,,False,,,0.0011338519398123026,,,,,,,,,,,
alpha_sweep,k=20_alpha=1,42,new_york_city_restaurant_inspection_results_a_fair.csv,6,1,20,1,0.3,0.15,True,100,csv,hnsw,inverted_index,pinned_match,True,100,62,9,False,insufficient_candidates,,9,0,0,,,,,0,0,1.0,,False,,,0.010411606868728995,,,,,,,,,,,
alpha_sweep,k=20_alpha=1,42,oil_and_gas_summary_production_data_1967_1999_a_fair.csv,2,1,20,1,0.3,0.15,True,100,csv,hnsw,inverted_index,pinned_match,True,100,44,12,False,insufficient_candidates,,12,0,0,,,,,0,0,1.0,,False,,,0.002730177016928792,,,,,,,,,,,
alpha_sweep,k=20_alpha=1,42,practice_reference_a_fair.csv,6,1,20,1,0.3,0.15,True,100,csv,hnsw,inverted_index,pinned_match,True,100,31,13,False,insufficient_candidates,,13,0,0,,,,,0,0,1.0,,False,,,0.0019880388863384724,,,,,,,,,,,
alpha_sweep,k=20_alpha=1,42,practice_reference_b_fair.csv,5,1,20,1,0.3,0.15,True,100,csv,hnsw,inverted_index,pinned_match,True,100,30,13,False,insufficient_candidates,,13,0,0,,,,,0,0,1.0,,False,,,0.0017714831046760082,,,,,,,,,,,
alpha_sweep,k=20_alpha=1,42,prescribing_a_fair.csv,14,1,20,1,0.3,0.15,True,100,csv,hnsw,inverted_index,pinned_match,True,100,70,5,False,insufficient_candidates,,5,0,0,,,,,0,0,1.0,,False,,,0.005115131149068475,,,,,,,,,,,
alpha_sweep,k=20_alpha=1,42,prescribing_b_fair.csv,13,1,20,1,0.3,0.15,True,100,csv,hnsw,inverted_index,pinned_match,True,100,180,12,False,insufficient_candidates,,6,0,0,,,,,0,0,1.0,,False,,,0.006857095053419471,,,,,,,,,,,
alpha_sweep,k=20_alpha=1,42,psyckes_antipsychotic_polypharmacy_quality_indicators_beginning_2012_a_fair.csv,3,1,20,1,0.3,0.15,True,100,csv,hnsw,inverted_index,pinned_match,True,100,22,13,False,insufficient_candidates,,13,0,0,,,,,0,0,1.0,,False,,,0.007994676940143108,,,,,,,,,,,
alpha_sweep,k=20_alpha=1,42,purchasing_card_a_fair.csv,1,1,20,1,0.3,0.15,True,100,csv,hnsw,inverted_index,pinned_match,True,100,26,10,False,insufficient_candidates,,10,0,0,,,,,0,0,1.0,,False,,,0.0016183541156351566,,,,,,,,,,,
alpha_sweep,k=20_alpha=1,42,report_card_discipline_for_2015_16_a_fair.csv,2,1,20,1,0.3,0.15,True,100,csv,hnsw,inverted_index,pinned_match,True,100,22,11,False,insufficient_candidates,,11,0,0,,,,,0,0,1.0,,False,,,0.012422295985743403,,,,,,,,,,,
alpha_sweep,k=20_alpha=1,42,senior_officials_expenses_a_fair.csv,1,1,20,1,0.3,0.15,True,100,csv,hnsw,inverted_index,pinned_match,True,100,7,4,False,insufficient_candidates,,4,0,0,,,,,0,0,1.0,,False,,,0.0009947351645678282,,,,,,,,,,,
alpha_sweep,k=20_alpha=1,42,stockport_contracts_a_fair.csv,4,1,20,1,0.3,0.15,True,100,csv,hnsw,inverted_index,pinned_match,True,100,1,1,False,insufficient_candidates,,1,0,0,,,,,0,0,1.0,,False,,,0.0005635111592710018,,,,,,,,,,,
alpha_sweep,k=20_alpha=1,42,stockport_contracts_b_fair.csv,15,1,20,1,0.3,0.15,True,100,csv,hnsw,inverted_index,pinned_match,True,100,24,4,False,insufficient_candidates,,4,0,0,,,,,0,0,1.0,,False,,,0.0008940158877521753,,,,,,,,,,,
alpha_sweep,k=20_alpha=1,42,time_spent_watching_vcr_movies_a_fair.csv,4,1,20,1,0.3,0.15,True,100,csv,hnsw,inverted_index,pinned_match,True,100,14,5,False,insufficient_candidates,,5,0,0,,,,,0,0,1.0,,False,,,0.0010489840060472488,,,,,,,,,,,
alpha_sweep,k=20_alpha=1,42,tuition_assistance_program_tap_recipients_a_fair.csv,5,1,20,1,0.3,0.15,True,100,csv,hnsw,inverted_index,pinned_match,True,100,22,14,False,insufficient_candidates,,14,0,0,,,,,0,0,1.0,,False,,,0.004380352096632123,,,,,,,,,,,
alpha_sweep,k=20_alpha=1,42,wholesale_markets_a_fair.csv,2,1,20,1,0.3,0.15,True,100,csv,hnsw,inverted_index,pinned_match,True,100,2,2,False,insufficient_candidates,,2,0,0,,,,,0,0,1.0,,False,,,0.003615365130826831,,,,,,,,,,,
alpha_sweep,k=20_alpha=1,42,workforce_management_information_a_fair.csv,20,1,20,1,0.3,0.15,True,100,csv,hnsw,inverted_index,pinned_match,True,100,14,1,False,insufficient_candidates,,1,0,0,,,,,0,0,1.0,,False,,,0.0005982310976833105,,,,,,,,,,,
alpha_sweep,k=20_alpha=1,42,workforce_management_information_b_fair.csv,17,1,20,1,0.3,0.15,True,100,csv,hnsw,inverted_index,pinned_match,True,100,74,1,False,insufficient_candidates,,1,0,0,,,,,0,0,1.0,,False,,,0.0005423019174486399,,,,,,,,,,,
alpha_sweep,k=20_alpha=1,42,ydn_spending_data_a_fair.csv,1,1,20,1,0.3,0.15,True,100,csv,hnsw,inverted_index,pinned_match,True,100,13,6,False,insufficient_candidates,,6,0,0,,,,,0,0,1.0,,False,,,0.0017133639194071293,,,,,,,,,,,
alpha_sweep,k=20_alpha=1,42,ydn_spending_data_b_fair.csv,11,1,20,1,0.3,0.15,True,100,csv,hnsw,inverted_index,pinned_match,True,100,13,6,False,insufficient_candidates,,6,0,0,,,,,0,0,1.0,,False,,,0.0014815670438110828,,,,,,,,,,,
alpha_sweep,k=20_alpha=2,42,311_calls_historic_data_a_fair.csv,1,1,20,2,0.3,0.15,True,100,csv,hnsw,inverted_index,pinned_match,True,100,22,11,False,insufficient_candidates,,11,0,0,,,,,0,0,2.0,,False,,,0.008787223836407065,,,,,,,,,,,
alpha_sweep,k=20_alpha=2,42,abandoned_wells_a_fair.csv,6,1,20,2,0.3,0.15,True,100,csv,hnsw,inverted_index,pinned_match,True,100,22,11,False,insufficient_candidates,,11,0,0,,,,,0,0,2.0,,False,,,0.0026474990881979465,,,,,,,,,,,
alpha_sweep,k=20_alpha=2,42,albums_a_fair.csv,4,1,20,2,0.3,0.15,True,100,csv,hnsw,inverted_index,pinned_match,True,100,40,10,False,insufficient_candidates,,10,0,0,,,,,0,0,2.0,,False,,,0.0019159209914505482,,,,,,,,,,,
alpha_sweep,k=20_alpha=2,42,animal_tag_data_a_fair.csv,3,1,20,2,0.3,0.15,True,100,csv,hnsw,inverted_index,pinned_match,True,100,21,8,False,insufficient_candidates,,8,0,0,,,,,0,0,2.0,,False,,,0.0048030049074441195,,,,,,,,,,,
alpha_sweep,k=20_alpha=2,42,animal_tag_data_b_fair.csv,1,1,20,2,0.3,0.15,True,100,csv,hnsw,inverted_index,pinned_match,True,100,24,9,False,insufficient_candidates,,9,0,0,,,,,0,0,2.0,,False,,,0.0027269369456917048,,,,,,,,,,,
alpha_sweep,k=20_alpha=2,42,biodiversity_a_fair.csv,6,1,20,2,0.3,0.15,True,100,csv,hnsw,inverted_index,pinned_match,True,59,2,2,False,insufficient_candidates,,2,0,0,,,,,0,0,2.0,,False,,,0.0010528541170060635,,,,,,,,,,,
alpha_sweep,k=20_alpha=2,42,business_rates_a_fair.csv,9,1,20,2,0.3,0.15,True,100,csv,hnsw,inverted_index,pinned_match,True,100,24,4,False,insufficient_candidates,,4,0,0,,,,,0,0,2.0,,False,,,0.0012552400585263968,,,,,,,,,,,
alpha_sweep,k=20_alpha=2,42,cdc_nutrition_physical_activity_and_obesity_legislation_a_fair.csv,1,1,20,2,0.3,0.15,True,100,csv,hnsw,inverted_index,pinned_match,True,100,22,12,False,insufficient_candidates,,12,0,0,,,,,0,0,2.0,,False,,,0.0023835620377212763,,,,,,,,,,,
alpha_sweep,k=20_alpha=2,42,cihr_co-applicant_a_fair.csv,3,1,20,2,0.3,0.15,True,100,csv,hnsw,inverted_index,pinned_match,True,100,24,8,False,insufficient_candidates,,8,0,0,,,,,0,0,2.0,,False,,,0.005109030986204743,,,,,,,,,,,
alpha_sweep,k=20_alpha=2,42,cihr_co-applicant_b_fair.csv,2,1,20,2,0.3,0.15,True,100,csv,hnsw,inverted_index,pinned_match,True,100,13,5,False,insufficient_candidates,,5,0,0,,,,,0,0,2.0,,False,,,0.005148069933056831,,,,,,,,,,,
alpha_sweep,k=20_alpha=2,42,civic_building_locations_a_fair.csv,3,1,20,2,0.3,0.15,True,100,csv,hnsw,inverted_index,pinned_match,True,100,18,6,False,insufficient_candidates,,6,0,0,,,,,0,0,2.0,,False,,,0.0012355109211057425,,,,,,,,,,,
alpha_sweep,k=20_alpha=2,42,complaint_by_practice_a_fair.csv,0,1,20,2,0.3,0.15,True,100,csv,hnsw,inverted_index,pinned_match,True,100,30,2,False,insufficient_candidates,,2,0,0,,,,,0,0,2.0,,False,,,0.0054566150065511465,,,,,,,,,,,
alpha_sweep,k=20_alpha=2,42,complaint_by_practice_b_fair.csv,1,1,20,2,0.3,0.15,True,100,csv,hnsw,inverted_index,pinned_match,True,100,30,5,False,insufficient_candidates,,5,0,0,,,,,0,0,2.0,,False,,,0.002083997940644622,,,,,,,,,,,
alpha_sweep,k=20_alpha=2,42,contributors_parties_a_fair.csv,2,1,20,2,0.3,0.15,True,100,csv,hnsw,inverted_index,pinned_match,True,100,50,17,False,insufficient_candidates,,17,0,0,,,,,0,0,2.0,,False,,,0.0039407380390912294,,,,,,,,,,,
alpha_sweep,k=20_alpha=2,42,contributors_parties_b_fair.csv,0,1,20,2,0.3,0.15,True,100,csv,hnsw,inverted_index,pinned_match,True,100,42,17,False,insufficient_candidates,,17,0,0,,,,,0,0,2.0,,False,,,0.00349531602114439,,,,,,,,,,,
alpha_sweep,k=20_alpha=2,42,data_mill_a_fair.csv,4,1,20,2,0.3,0.15,True,100,csv,hnsw,inverted_index,pinned_match,True,100,7,5,False,insufficient_candidates,,5,0,0,,,,,0,0,2.0,,False,,,0.0024060430005192757,,,,,,,,,,,
alpha_sweep,k=20_alpha=2,42,data_mill_b_fair.csv,3,1,20,2,0.3,0.15,True,100,csv,hnsw,inverted_index,pinned_match,True,100,22,6,False,insufficient_candidates,,3,0,0,,,,,0,0,2.0,,False,,,0.0016129359137266874,,,,,,,,,,,
alpha_sweep,k=20_alpha=2,42,deaths_2012_2018_a_fair.csv,5,1,20,2,0.3,0.15,True,100,csv,hnsw,inverted_index,pinned_match,True,100,40,18,False,insufficient_candidates,,9,0,0,,,,,0,0,2.0,,False,,,0.0016719440463930368,,,,,,,,,,,
alpha_sweep,k=20_alpha=2,42,immigration_records_a_fair.csv,2,1,20,2,0.3,0.15,True,100,csv,hnsw,inverted_index,pinned_match,True,100,45,12,False,insufficient_candidates,,12,0,0,,,,,0,0,2.0,,False,,,0.002858516061678529,,,,,,,,,,,
alpha_sweep,k=20_alpha=2,42,ipopayments_a_fair.csv,0,1,20,2,0.3,0.15,True,100,csv,hnsw,inverted_index,pinned_match,True,100,30,11,False,insufficient_candidates,,11,0,0,,,,,0,0,2.0,,False,,,0.0017266629729419947,,,,,,,,,,,
alpha_sweep,k=20_alpha=2,42,ipopayments_b_fair.csv,2,1,20,2,0.3,0.15,True,100,csv,hnsw,inverted_index,pinned_match,True,100,16,7,False,insufficient_candidates,,7,0,0,,,,,0,0,2.0,,False,,,0.0012988299131393433,,,,,,,,,,,
alpha_sweep,k=20_alpha=2,42,job_pay_scales_a_fair.csv,4,1,20,2,0.3,0.15,True,100,csv,hnsw,inverted_index,pinned_match,True,100,80,10,False,insufficient_candidates,,10,0,0,,,,,0,0,2.0,,False,,,0.001706104027107358,,,,,,,,,,,
alpha_sweep,k=20_alpha=2,42,lane_description_a_fair.csv,1,1,20,2,0.3,0.15,True,100,csv,hnsw,inverted_index,pinned_match,True,100,31,8,False,insufficient_candidates,,8,0,0,,,,,0,0,2.0,,False,,,0.008705874904990196,,,,,,,,,,,
alpha_sweep,k=20_alpha=2,42,lane_description_b_fair.csv,9,1,20,2,0.3,0.15,True,100,csv,hnsw,inverted_index,pinned_match,True,100,1165,8,False,insufficient_candidates,,4,0,0,,,,,0,0,2.0,,False,,,0.001716093858703971,,,,,,,,,,,
alpha_sweep,k=20_alpha=2,42,mines_a_fair.csv,5,1,20,2,0.3,0.15,True,100,csv,hnsw,inverted_index,pinned_match,True,100,16,12,False,insufficient_candidates,,12,0,0,,,,,0,0,2.0,,False,,,0.0031053521670401096,,,,,,,,,,,
alpha_sweep,k=20_alpha=2,42,mines_b_fair.csv,2,1,20,2,0.3,0.15,True,100,csv,hnsw,inverted_index,pinned_match,True,100,25,4,False,insufficient_candidates,,4,0,0,,,,,0,0,2.0,,False,,,0.0009974848944693804,,,,,,,,,,,
alpha_sweep,k=20_alpha=2,42,minister_meetings_a_fair.csv,4,1,20,2,0.3,0.15,True,100,csv,hnsw,inverted_index,pinned_match,True,100,55,26,False,insufficient_candidates,,8,0,0,,,,,0,0,2.0,,False,,,0.0014001179952174425,,,,,,,,,,,
alpha_sweep,k=20_alpha=2,42,monthly_data_feed_a_fair.csv,11,1,20,2,0.3,0.15,True,100,csv,hnsw,inverted_index,pinned_match,True,100,1165,28,False,insufficient_candidates,,6,0,0,,,,,0,0,2.0,,False,,,0.0017564729787409306,,,,,,,,,,,
alpha_sweep,k=20_alpha=2,42,monthly_data_feed_b_fair.csv,1,1,20,2,0.3,0.15,True,100,csv,hnsw,inverted_index,pinned_match,True,100,24,4,False,insufficient_candidates,,4,0,0,,,,,0,0,2.0,,False,,,0.001074373023584485,,,,,,,,,,,
alpha_sweep,k=20_alpha=2,42,new_york_city_restaurant_inspection_results_a_fair.csv,6,1,20,2,0.3,0.15,True,100,csv,hnsw,inverted_index,pinned_match,True,100,62,9,False,insufficient_candidates,,9,0,0,,,,,0,0,2.0,,False,,,0.01020173099823296,,,,,,,,,,,
alpha_sweep,k=20_alpha=2,42,oil_and_gas_summary_production_data_1967_1999_a_fair.csv,2,1,20,2,0.3,0.15,True,100,csv,hnsw,inverted_index,pinned_match,True,100,44,12,False,insufficient_candidates,,12,0,0,,,,,0,0,2.0,,False,,,0.0026447579730302095,,,,,,,,,,,
alpha_sweep,k=20_alpha=2,42,practice_reference_a_fair.csv,6,1,20,2,0.3,0.15,True,100,csv,hnsw,inverted_index,pinned_match,True,100,31,13,False,insufficient_candidates,,13,0,0,,,,,0,0,2.0,,False,,,0.001943530049175024,,,,,,,,,,,
alpha_sweep,k=20_alpha=2,42,practice_reference_b_fair.csv,5,1,20,2,0.3,0.15,True,100,csv,hnsw,inverted_index,pinned_match,True,100,30,13,False,insufficient_candidates,,13,0,0,,,,,0,0,2.0,,False,,,0.0017913130577653646,,,,,,,,,,,
alpha_sweep,k=20_alpha=2,42,prescribing_a_fair.csv,14,1,20,2,0.3,0.15,True,100,csv,hnsw,inverted_index,pinned_match,True,100,70,5,False,insufficient_candidates,,5,0,0,,,,,0,0,2.0,,False,,,0.005471794866025448,,,,,,,,,,,
alpha_sweep,k=20_alpha=2,42,prescribing_b_fair.csv,13,1,20,2,0.3,0.15,True,100,csv,hnsw,inverted_index,pinned_match,True,100,180,12,False,insufficient_candidates,,6,0,0,,,,,0,0,2.0,,False,,,0.006847423035651445,,,,,,,,,,,
alpha_sweep,k=20_alpha=2,42,psyckes_antipsychotic_polypharmacy_quality_indicators_beginning_2012_a_fair.csv,3,1,20,2,0.3,0.15,True,100,csv,hnsw,inverted_index,pinned_match,True,100,22,13,False,insufficient_candidates,,13,0,0,,,,,0,0,2.0,,False,,,0.00808411417528987,,,,,,,,,,,
alpha_sweep,k=20_alpha=2,42,purchasing_card_a_fair.csv,1,1,20,2,0.3,0.15,True,100,csv,hnsw,inverted_index,pinned_match,True,100,26,10,False,insufficient_candidates,,10,0,0,,,,,0,0,2.0,,False,,,0.001613884000107646,,,,,,,,,,,
alpha_sweep,k=20_alpha=2,42,report_card_discipline_for_2015_16_a_fair.csv,2,1,20,2,0.3,0.15,True,100,csv,hnsw,inverted_index,pinned_match,True,100,22,11,False,insufficient_candidates,,11,0,0,,,,,0,0,2.0,,False,,,0.012523136101663113,,,,,,,,,,,
alpha_sweep,k=20_alpha=2,42,senior_officials_expenses_a_fair.csv,1,1,20,2,0.3,0.15,True,100,csv,hnsw,inverted_index,pinned_match,True,100,7,4,False,insufficient_candidates,,4,0,0,,,,,0,0,2.0,,False,,,0.0009763150010257959,,,,,,,,,,,
alpha_sweep,k=20_alpha=2,42,stockport_contracts_a_fair.csv,4,1,20,2,0.3,0.15,True,100,csv,hnsw,inverted_index,pinned_match,True,100,1,1,False,insufficient_candidates,,1,0,0,,,,,0,0,2.0,,False,,,0.0005711119156330824,,,,,,,,,,,
alpha_sweep,k=20_alpha=2,42,stockport_contracts_b_fair.csv,15,1,20,2,0.3,0.15,True,100,csv,hnsw,inverted_index,pinned_match,True,100,24,4,False,insufficient_candidates,,4,0,0,,,,,0,0,2.0,,False,,,0.0008850358426570892,,,,,,,,,,,
alpha_sweep,k=20_alpha=2,42,time_spent_watching_vcr_movies_a_fair.csv,4,1,20,2,0.3,0.15,True,100,csv,hnsw,inverted_index,pinned_match,True,100,14,5,False,insufficient_candidates,,5,0,0,,,,,0,0,2.0,,False,,,0.0010355040431022644,,,,,,,,,,,
alpha_sweep,k=20_alpha=2,42,tuition_assistance_program_tap_recipients_a_fair.csv,5,1,20,2,0.3,0.15,True,100,csv,hnsw,inverted_index,pinned_match,True,100,22,14,False,insufficient_candidates,,14,0,0,,,,,0,0,2.0,,False,,,0.0033670389093458652,,,,,,,,,,,
alpha_sweep,k=20_alpha=2,42,wholesale_markets_a_fair.csv,2,1,20,2,0.3,0.15,True,100,csv,hnsw,inverted_index,pinned_match,True,100,2,2,False,insufficient_candidates,,2,0,0,,,,,0,0,2.0,,False,,,0.003672593040391803,,,,,,,,,,,
alpha_sweep,k=20_alpha=2,42,workforce_management_information_a_fair.csv,20,1,20,2,0.3,0.15,True,100,csv,hnsw,inverted_index,pinned_match,True,100,14,1,False,insufficient_candidates,,1,0,0,,,,,0,0,2.0,,False,,,0.0005369510035961866,,,,,,,,,,,
alpha_sweep,k=20_alpha=2,42,workforce_management_information_b_fair.csv,17,1,20,2,0.3,0.15,True,100,csv,hnsw,inverted_index,pinned_match,True,100,74,1,False,insufficient_candidates,,1,0,0,,,,,0,0,2.0,,False,,,0.0004659229889512062,,,,,,,,,,,
alpha_sweep,k=20_alpha=2,42,ydn_spending_data_a_fair.csv,1,1,20,2,0.3,0.15,True,100,csv,hnsw,inverted_index,pinned_match,True,100,13,6,False,insufficient_candidates,,6,0,0,,,,,0,0,2.0,,False,,,0.0013009500689804554,,,,,,,,,,,
alpha_sweep,k=20_alpha=2,42,ydn_spending_data_b_fair.csv,11,1,20,2,0.3,0.15,True,100,csv,hnsw,inverted_index,pinned_match,True,100,13,6,False,insufficient_candidates,,6,0,0,,,,,0,0,2.0,,False,,,0.0011153130326420069,,,,,,,,,,,
alpha_sweep,k=20_alpha=3,42,311_calls_historic_data_a_fair.csv,1,1,20,3,0.3,0.15,True,100,csv,hnsw,inverted_index,pinned_match,True,100,22,11,False,insufficient_candidates,,11,0,0,,,,,0,0,3.0,,False,,,0.00820788205601275,,,,,,,,,,,
alpha_sweep,k=20_alpha=3,42,abandoned_wells_a_fair.csv,6,1,20,3,0.3,0.15,True,100,csv,hnsw,inverted_index,pinned_match,True,100,22,11,False,insufficient_candidates,,11,0,0,,,,,0,0,3.0,,False,,,0.0019008999224752188,,,,,,,,,,,
alpha_sweep,k=20_alpha=3,42,albums_a_fair.csv,4,1,20,3,0.3,0.15,True,100,csv,hnsw,inverted_index,pinned_match,True,100,40,10,False,insufficient_candidates,,10,0,0,,,,,0,0,3.0,,False,,,0.0018063019961118698,,,,,,,,,,,
alpha_sweep,k=20_alpha=3,42,animal_tag_data_a_fair.csv,3,1,20,3,0.3,0.15,True,100,csv,hnsw,inverted_index,pinned_match,True,100,21,8,False,insufficient_candidates,,8,0,0,,,,,0,0,3.0,,False,,,0.0039154288824647665,,,,,,,,,,,
alpha_sweep,k=20_alpha=3,42,animal_tag_data_b_fair.csv,1,1,20,3,0.3,0.15,True,100,csv,hnsw,inverted_index,pinned_match,True,100,24,9,False,insufficient_candidates,,9,0,0,,,,,0,0,3.0,,False,,,0.0020171990618109703,,,,,,,,,,,
alpha_sweep,k=20_alpha=3,42,biodiversity_a_fair.csv,6,1,20,3,0.3,0.15,True,100,csv,hnsw,inverted_index,pinned_match,True,59,2,2,False,insufficient_candidates,,2,0,0,,,,,0,0,3.0,,False,,,0.0008322258945554495,,,,,,,,,,,
alpha_sweep,k=20_alpha=3,42,business_rates_a_fair.csv,9,1,20,3,0.3,0.15,True,100,csv,hnsw,inverted_index,pinned_match,True,100,24,4,False,insufficient_candidates,,4,0,0,,,,,0,0,3.0,,False,,,0.0011671418324112892,,,,,,,,,,,
alpha_sweep,k=20_alpha=3,42,cdc_nutrition_physical_activity_and_obesity_legislation_a_fair.csv,1,1,20,3,0.3,0.15,True,100,csv,hnsw,inverted_index,pinned_match,True,100,22,12,False,insufficient_candidates,,12,0,0,,,,,0,0,3.0,,False,,,0.002372883027419448,,,,,,,,,,,
alpha_sweep,k=20_alpha=3,42,cihr_co-applicant_a_fair.csv,3,1,20,3,0.3,0.15,True,100,csv,hnsw,inverted_index,pinned_match,True,100,24,8,False,insufficient_candidates,,8,0,0,,,,,0,0,3.0,,False,,,0.005085112061351538,,,,,,,,,,,
alpha_sweep,k=20_alpha=3,42,cihr_co-applicant_b_fair.csv,2,1,20,3,0.3,0.15,True,100,csv,hnsw,inverted_index,pinned_match,True,100,13,5,False,insufficient_candidates,,5,0,0,,,,,0,0,3.0,,False,,,0.005103941075503826,,,,,,,,,,,
alpha_sweep,k=20_alpha=3,42,civic_building_locations_a_fair.csv,3,1,20,3,0.3,0.15,True,100,csv,hnsw,inverted_index,pinned_match,True,100,18,6,False,insufficient_candidates,,6,0,0,,,,,0,0,3.0,,False,,,0.001241161022335291,,,,,,,,,,,
alpha_sweep,k=20_alpha=3,42,complaint_by_practice_a_fair.csv,0,1,20,3,0.3,0.15,True,100,csv,hnsw,inverted_index,pinned_match,True,100,30,2,False,insufficient_candidates,,2,0,0,,,,,0,0,3.0,,False,,,0.005456675076857209,,,,,,,,,,,
alpha_sweep,k=20_alpha=3,42,complaint_by_practice_b_fair.csv,1,1,20,3,0.3,0.15,True,100,csv,hnsw,inverted_index,pinned_match,True,100,30,5,False,insufficient_candidates,,5,0,0,,,,,0,0,3.0,,False,,,0.002123607089743018,,,,,,,,,,,
alpha_sweep,k=20_alpha=3,42,contributors_parties_a_fair.csv,2,1,20,3,0.3,0.15,True,100,csv,hnsw,inverted_index,pinned_match,True,100,50,17,False,insufficient_candidates,,17,0,0,,,,,0,0,3.0,,False,,,0.004046538146212697,,,,,,,,,,,
alpha_sweep,k=20_alpha=3,42,contributors_parties_b_fair.csv,0,1,20,3,0.3,0.15,True,100,csv,hnsw,inverted_index,pinned_match,True,100,42,17,False,insufficient_candidates,,17,0,0,,,,,0,0,3.0,,False,,,0.003501184983178973,,,,,,,,,,,
alpha_sweep,k=20_alpha=3,42,data_mill_a_fair.csv,4,1,20,3,0.3,0.15,True,100,csv,hnsw,inverted_index,pinned_match,True,100,7,5,False,insufficient_candidates,,5,0,0,,,,,0,0,3.0,,False,,,0.0024763820692896843,,,,,,,,,,,
alpha_sweep,k=20_alpha=3,42,data_mill_b_fair.csv,3,1,20,3,0.3,0.15,True,100,csv,hnsw,inverted_index,pinned_match,True,100,22,6,False,insufficient_candidates,,3,0,0,,,,,0,0,3.0,,False,,,0.0016390839591622353,,,,,,,,,,,
alpha_sweep,k=20_alpha=3,42,deaths_2012_2018_a_fair.csv,5,1,20,3,0.3,0.15,True,100,csv,hnsw,inverted_index,pinned_match,True,100,40,18,False,insufficient_candidates,,9,0,0,,,,,0,0,3.0,,False,,,0.0016778639983385801,,,,,,,,,,,
alpha_sweep,k=20_alpha=3,42,immigration_records_a_fair.csv,2,1,20,3,0.3,0.15,True,100,csv,hnsw,inverted_index,pinned_match,True,100,45,12,False,insufficient_candidates,,12,0,0,,,,,0,0,3.0,,False,,,0.0028806559275835752,,,,,,,,,,,
alpha_sweep,k=20_alpha=3,42,ipopayments_a_fair.csv,0,1,20,3,0.3,0.15,True,100,csv,hnsw,inverted_index,pinned_match,True,100,30,11,False,insufficient_candidates,,11,0,0,,,,,0,0,3.0,,False,,,0.0017108439933508635,,,,,,,,,,,
alpha_sweep,k=20_alpha=3,42,ipopayments_b_fair.csv,2,1,20,3,0.3,0.15,True,100,csv,hnsw,inverted_index,pinned_match,True,100,16,7,False,insufficient_candidates,,7,0,0,,,,,0,0,3.0,,False,,,0.0014466270804405212,,,,,,,,,,,
alpha_sweep,k=20_alpha=3,42,job_pay_scales_a_fair.csv,4,1,20,3,0.3,0.15,True,100,csv,hnsw,inverted_index,pinned_match,True,100,80,10,False,insufficient_candidates,,10,0,0,,,,,0,0,3.0,,False,,,0.001806782092899084,,,,,,,,,,,
alpha_sweep,k=20_alpha=3,42,lane_description_a_fair.csv,1,1,20,3,0.3,0.15,True,100,csv,hnsw,inverted_index,pinned_match,True,100,31,8,False,insufficient_candidates,,8,0,0,,,,,0,0,3.0,,False,,,0.008732414105907083,,,,,,,,,,,
alpha_sweep,k=20_alpha=3,42,lane_description_b_fair.csv,9,1,20,3,0.3,0.15,True,100,csv,hnsw,inverted_index,pinned_match,True,100,1165,8,False,insufficient_candidates,,4,0,0,,,,,0,0,3.0,,False,,,0.0016808928921818733,,,,,,,,,,,
alpha_sweep,k=20_alpha=3,42,mines_a_fair.csv,5,1,20,3,0.3,0.15,True,100,csv,hnsw,inverted_index,pinned_match,True,100,16,12,False,insufficient_candidates,,12,0,0,,,,,0,0,3.0,,False,,,0.003204630920663476,,,,,,,,,,,
alpha_sweep,k=20_alpha=3,42,mines_b_fair.csv,2,1,20,3,0.3,0.15,True,100,csv,hnsw,inverted_index,pinned_match,True,100,25,4,False,insufficient_candidates,,4,0,0,,,,,0,0,3.0,,False,,,0.0010281139984726906,,,,,,,,,,,
alpha_sweep,k=20_alpha=3,42,minister_meetings_a_fair.csv,4,1,20,3,0.3,0.15,True,100,csv,hnsw,inverted_index,pinned_match,True,100,55,26,False,insufficient_candidates,,8,0,0,,,,,0,0,3.0,,False,,,0.0014685678761452436,,,,,,,,,,,
alpha_sweep,k=20_alpha=3,42,monthly_data_feed_a_fair.csv,11,1,20,3,0.3,0.15,True,100,csv,hnsw,inverted_index,pinned_match,True,100,1165,28,False,insufficient_candidates,,6,0,0,,,,,0,0,3.0,,False,,,0.0017771120183169842,,,,,,,,,,,
alpha_sweep,k=20_alpha=3,42,monthly_data_feed_b_fair.csv,1,1,20,3,0.3,0.15,True,100,csv,hnsw,inverted_index,pinned_match,True,100,24,4,False,insufficient_candidates,,4,0,0,,,,,0,0,3.0,,False,,,0.0010844040662050247,,,,,,,,,,,
alpha_sweep,k=20_alpha=3,42,new_york_city_restaurant_inspection_results_a_fair.csv,6,1,20,3,0.3,0.15,True,100,csv,hnsw,inverted_index,pinned_match,True,100,62,9,False,insufficient_candidates,,9,0,0,,,,,0,0,3.0,,False,,,0.011442583054304123,,,,,,,,,,,
alpha_sweep,k=20_alpha=3,42,oil_and_gas_summary_production_data_1967_1999_a_fair.csv,2,1,20,3,0.3,0.15,True,100,csv,hnsw,inverted_index,pinned_match,True,100,44,12,False,insufficient_candidates,,12,0,0,,,,,0,0,3.0,,False,,,0.00264519895426929,,,,,,,,,,,
alpha_sweep,k=20_alpha=3,42,practice_reference_a_fair.csv,6,1,20,3,0.3,0.15,True,100,csv,hnsw,inverted_index,pinned_match,True,100,31,13,False,insufficient_candidates,,13,0,0,,,,,0,0,3.0,,False,,,0.0019672689959406853,,,,,,,,,,,
alpha_sweep,k=20_alpha=3,42,practice_reference_b_fair.csv,5,1,20,3,0.3,0.15,True,100,csv,hnsw,inverted_index,pinned_match,True,100,30,13,False,insufficient_candidates,,13,0,0,,,,,0,0,3.0,,False,,,0.0018016621470451355,,,,,,,,,,,
alpha_sweep,k=20_alpha=3,42,prescribing_a_fair.csv,14,1,20,3,0.3,0.15,True,100,csv,hnsw,inverted_index,pinned_match,True,100,70,5,False,insufficient_candidates,,5,0,0,,,,,0,0,3.0,,False,,,0.005154069978743792,,,,,,,,,,,
alpha_sweep,k=20_alpha=3,42,prescribing_b_fair.csv,13,1,20,3,0.3,0.15,True,100,csv,hnsw,inverted_index,pinned_match,True,100,180,12,False,insufficient_candidates,,6,0,0,,,,,0,0,3.0,,False,,,0.006844802992418408,,,,,,,,,,,
alpha_sweep,k=20_alpha=3,42,psyckes_antipsychotic_polypharmacy_quality_indicators_beginning_2012_a_fair.csv,3,1,20,3,0.3,0.15,True,100,csv,hnsw,inverted_index,pinned_match,True,100,22,13,False,insufficient_candidates,,13,0,0,,,,,0,0,3.0,,False,,,0.008105352986603975,,,,,,,,,,,
alpha_sweep,k=20_alpha=3,42,purchasing_card_a_fair.csv,1,1,20,3,0.3,0.15,True,100,csv,hnsw,inverted_index,pinned_match,True,100,26,10,False,insufficient_candidates,,10,0,0,,,,,0,0,3.0,,False,,,0.0016023959033191204,,,,,,,,,,,
alpha_sweep,k=20_alpha=3,42,report_card_discipline_for_2015_16_a_fair.csv,2,1,20,3,0.3,0.15,True,100,csv,hnsw,inverted_index,pinned_match,True,100,22,11,False,insufficient_candidates,,11,0,0,,,,,0,0,3.0,,False,,,0.012517975177615881,,,,,,,,,,,
alpha_sweep,k=20_alpha=3,42,senior_officials_expenses_a_fair.csv,1,1,20,3,0.3,0.15,True,100,csv,hnsw,inverted_index,pinned_match,True,100,7,4,False,insufficient_candidates,,4,0,0,,,,,0,0,3.0,,False,,,0.001001944998279214,,,,,,,,,,,
alpha_sweep,k=20_alpha=3,42,stockport_contracts_a_fair.csv,4,1,20,3,0.3,0.15,True,100,csv,hnsw,inverted_index,pinned_match,True,100,1,1,False,insufficient_candidates,,1,0,0,,,,,0,0,3.0,,False,,,0.0005577511619776487,,,,,,,,,,,
alpha_sweep,k=20_alpha=3,42,stockport_contracts_b_fair.csv,15,1,20,3,0.3,0.15,True,100,csv,hnsw,inverted_index,pinned_match,True,100,24,4,False,insufficient_candidates,,4,0,0,,,,,0,0,3.0,,False,,,0.0008830069564282894,,,,,,,,,,,
alpha_sweep,k=20_alpha=3,42,time_spent_watching_vcr_movies_a_fair.csv,4,1,20,3,0.3,0.15,True,100,csv,hnsw,inverted_index,pinned_match,True,100,14,5,False,insufficient_candidates,,5,0,0,,,,,0,0,3.0,,False,,,0.0010616229847073555,,,,,,,,,,,
alpha_sweep,k=20_alpha=3,42,tuition_assistance_program_tap_recipients_a_fair.csv,5,1,20,3,0.3,0.15,True,100,csv,hnsw,inverted_index,pinned_match,True,100,22,14,False,insufficient_candidates,,14,0,0,,,,,0,0,3.0,,False,,,0.0035899539943784475,,,,,,,,,,,
alpha_sweep,k=20_alpha=3,42,wholesale_markets_a_fair.csv,2,1,20,3,0.3,0.15,True,100,csv,hnsw,inverted_index,pinned_match,True,100,2,2,False,insufficient_candidates,,2,0,0,,,,,0,0,3.0,,False,,,0.003302148077636957,,,,,,,,,,,
alpha_sweep,k=20_alpha=3,42,workforce_management_information_a_fair.csv,20,1,20,3,0.3,0.15,True,100,csv,hnsw,inverted_index,pinned_match,True,100,14,1,False,insufficient_candidates,,1,0,0,,,,,0,0,3.0,,False,,,0.0005406311247497797,,,,,,,,,,,
alpha_sweep,k=20_alpha=3,42,workforce_management_information_b_fair.csv,17,1,20,3,0.3,0.15,True,100,csv,hnsw,inverted_index,pinned_match,True,100,74,1,False,insufficient_candidates,,1,0,0,,,,,0,0,3.0,,False,,,0.00046283192932605743,,,,,,,,,,,
alpha_sweep,k=20_alpha=3,42,ydn_spending_data_a_fair.csv,1,1,20,3,0.3,0.15,True,100,csv,hnsw,inverted_index,pinned_match,True,100,13,6,False,insufficient_candidates,,6,0,0,,,,,0,0,3.0,,False,,,0.001291070133447647,,,,,,,,,,,
alpha_sweep,k=20_alpha=3,42,ydn_spending_data_b_fair.csv,11,1,20,3,0.3,0.15,True,100,csv,hnsw,inverted_index,pinned_match,True,100,13,6,False,insufficient_candidates,,6,0,0,,,,,0,0,3.0,,False,,,0.0011167528573423624,,,,,,,,,,,
alpha_sweep,k=20_alpha=5,42,311_calls_historic_data_a_fair.csv,1,1,20,5,0.3,0.15,True,100,csv,hnsw,inverted_index,pinned_match,True,100,22,11,False,insufficient_candidates,,11,0,0,,,,,0,0,5.0,,False,,,0.008321290137246251,,,,,,,,,,,
alpha_sweep,k=20_alpha=5,42,abandoned_wells_a_fair.csv,6,1,20,5,0.3,0.15,True,100,csv,hnsw,inverted_index,pinned_match,True,100,22,11,False,insufficient_candidates,,11,0,0,,,,,0,0,5.0,,False,,,0.0018930910155177116,,,,,,,,,,,
alpha_sweep,k=20_alpha=5,42,albums_a_fair.csv,4,1,20,5,0.3,0.15,True,100,csv,hnsw,inverted_index,pinned_match,True,100,40,10,False,insufficient_candidates,,10,0,0,,,,,0,0,5.0,,False,,,0.0017843018285930157,,,,,,,,,,,
alpha_sweep,k=20_alpha=5,42,animal_tag_data_a_fair.csv,3,1,20,5,0.3,0.15,True,100,csv,hnsw,inverted_index,pinned_match,True,100,21,8,False,insufficient_candidates,,8,0,0,,,,,0,0,5.0,,False,,,0.0038622210267931223,,,,,,,,,,,
alpha_sweep,k=20_alpha=5,42,animal_tag_data_b_fair.csv,1,1,20,5,0.3,0.15,True,100,csv,hnsw,inverted_index,pinned_match,True,100,24,9,False,insufficient_candidates,,9,0,0,,,,,0,0,5.0,,False,,,0.002055548829957843,,,,,,,,,,,
alpha_sweep,k=20_alpha=5,42,biodiversity_a_fair.csv,6,1,20,5,0.3,0.15,True,100,csv,hnsw,inverted_index,pinned_match,True,59,2,2,False,insufficient_candidates,,2,0,0,,,,,0,0,5.0,,False,,,0.0008488472085446119,,,,,,,,,,,
alpha_sweep,k=20_alpha=5,42,business_rates_a_fair.csv,9,1,20,5,0.3,0.15,True,100,csv,hnsw,inverted_index,pinned_match,True,100,24,4,False,insufficient_candidates,,4,0,0,,,,,0,0,5.0,,False,,,0.0011851319577544928,,,,,,,,,,,
alpha_sweep,k=20_alpha=5,42,cdc_nutrition_physical_activity_and_obesity_legislation_a_fair.csv,1,1,20,5,0.3,0.15,True,100,csv,hnsw,inverted_index,pinned_match,True,100,22,12,False,insufficient_candidates,,12,0,0,,,,,0,0,5.0,,False,,,0.0023605129681527615,,,,,,,,,,,
alpha_sweep,k=20_alpha=5,42,cihr_co-applicant_a_fair.csv,3,1,20,5,0.3,0.15,True,100,csv,hnsw,inverted_index,pinned_match,True,100,24,8,False,insufficient_candidates,,8,0,0,,,,,0,0,5.0,,False,,,0.005081302020698786,,,,,,,,,,,
alpha_sweep,k=20_alpha=5,42,cihr_co-applicant_b_fair.csv,2,1,20,5,0.3,0.15,True,100,csv,hnsw,inverted_index,pinned_match,True,100,13,5,False,insufficient_candidates,,5,0,0,,,,,0,0,5.0,,False,,,0.004682956961914897,,,,,,,,,,,
alpha_sweep,k=20_alpha=5,42,civic_building_locations_a_fair.csv,3,1,20,5,0.3,0.15,True,100,csv,hnsw,inverted_index,pinned_match,True,100,18,6,False,insufficient_candidates,,6,0,0,,,,,0,0,5.0,,False,,,0.0012404511217027903,,,,,,,,,,,
alpha_sweep,k=20_alpha=5,42,complaint_by_practice_a_fair.csv,0,1,20,5,0.3,0.15,True,100,csv,hnsw,inverted_index,pinned_match,True,100,30,2,False,insufficient_candidates,,2,0,0,,,,,0,0,5.0,,False,,,0.005402215989306569,,,,,,,,,,,
alpha_sweep,k=20_alpha=5,42,complaint_by_practice_b_fair.csv,1,1,20,5,0.3,0.15,True,100,csv,hnsw,inverted_index,pinned_match,True,100,30,5,False,insufficient_candidates,,5,0,0,,,,,0,0,5.0,,False,,,0.0020834971219301224,,,,,,,,,,,
alpha_sweep,k=20_alpha=5,42,contributors_parties_a_fair.csv,2,1,20,5,0.3,0.15,True,100,csv,hnsw,inverted_index,pinned_match,True,100,50,17,False,insufficient_candidates,,17,0,0,,,,,0,0,5.0,,False,,,0.003924410091713071,,,,,,,,,,,
alpha_sweep,k=20_alpha=5,42,contributors_parties_b_fair.csv,0,1,20,5,0.3,0.15,True,100,csv,hnsw,inverted_index,pinned_match,True,100,42,17,False,insufficient_candidates,,17,0,0,,,,,0,0,5.0,,False,,,0.003448937088251114,,,,,,,,,,,
alpha_sweep,k=20_alpha=5,42,data_mill_a_fair.csv,4,1,20,5,0.3,0.15,True,100,csv,hnsw,inverted_index,pinned_match,True,100,7,5,False,insufficient_candidates,,5,0,0,,,,,0,0,5.0,,False,,,0.0023871830198913813,,,,,,,,,,,
alpha_sweep,k=20_alpha=5,42,data_mill_b_fair.csv,3,1,20,5,0.3,0.15,True,100,csv,hnsw,inverted_index,pinned_match,True,100,22,6,False,insufficient_candidates,,3,0,0,,,,,0,0,5.0,,False,,,0.0017416831105947495,,,,,,,,,,,
alpha_sweep,k=20_alpha=5,42,deaths_2012_2018_a_fair.csv,5,1,20,5,0.3,0.15,True,100,csv,hnsw,inverted_index,pinned_match,True,100,40,18,False,insufficient_candidates,,9,0,0,,,,,0,0,5.0,,False,,,0.0016363041941076517,,,,,,,,,,,
alpha_sweep,k=20_alpha=5,42,immigration_records_a_fair.csv,2,1,20,5,0.3,0.15,True,100,csv,hnsw,inverted_index,pinned_match,True,100,45,12,False,insufficient_candidates,,12,0,0,,,,,0,0,5.0,,False,,,0.002833856036886573,,,,,,,,,,,
alpha_sweep,k=20_alpha=5,42,ipopayments_a_fair.csv,0,1,20,5,0.3,0.15,True,100,csv,hnsw,inverted_index,pinned_match,True,100,30,11,False,insufficient_candidates,,11,0,0,,,,,0,0,5.0,,False,,,0.001678723143413663,,,,,,,,,,,
alpha_sweep,k=20_alpha=5,42,ipopayments_b_fair.csv,2,1,20,5,0.3,0.15,True,100,csv,hnsw,inverted_index,pinned_match,True,100,16,7,False,insufficient_candidates,,7,0,0,,,,,0,0,5.0,,False,,,0.0013235299848020077,,,,,,,,,,,
alpha_sweep,k=20_alpha=5,42,job_pay_scales_a_fair.csv,4,1,20,5,0.3,0.15,True,100,csv,hnsw,inverted_index,pinned_match,True,100,80,10,False,insufficient_candidates,,10,0,0,,,,,0,0,5.0,,False,,,0.0017131329514086246,,,,,,,,,,,
alpha_sweep,k=20_alpha=5,42,lane_description_a_fair.csv,1,1,20,5,0.3,0.15,True,100,csv,hnsw,inverted_index,pinned_match,True,100,31,8,False,insufficient_candidates,,8,0,0,,,,,0,0,5.0,,False,,,0.008715304778888822,,,,,,,,,,,
alpha_sweep,k=20_alpha=5,42,lane_description_b_fair.csv,9,1,20,5,0.3,0.15,True,100,csv,hnsw,inverted_index,pinned_match,True,100,1165,8,False,insufficient_candidates,,4,0,0,,,,,0,0,5.0,,False,,,0.001683575101196766,,,,,,,,,,,
alpha_sweep,k=20_alpha=5,42,mines_a_fair.csv,5,1,20,5,0.3,0.15,True,100,csv,hnsw,inverted_index,pinned_match,True,100,16,12,False,insufficient_candidates,,12,0,0,,,,,0,0,5.0,,False,,,0.0032120910473167896,,,,,,,,,,,
alpha_sweep,k=20_alpha=5,42,mines_b_fair.csv,2,1,20,5,0.3,0.15,True,100,csv,hnsw,inverted_index,pinned_match,True,100,25,4,False,insufficient_candidates,,4,0,0,,,,,0,0,5.0,,False,,,0.0009972150437533855,,,,,,,,,,,
alpha_sweep,k=20_alpha=5,42,minister_meetings_a_fair.csv,4,1,20,5,0.3,0.15,True,100,csv,hnsw,inverted_index,pinned_match,True,100,55,26,False,insufficient_candidates,,8,0,0,,,,,0,0,5.0,,False,,,0.0014280769973993301,,,,,,,,,,,
alpha_sweep,k=20_alpha=5,42,monthly_data_feed_a_fair.csv,11,1,20,5,0.3,0.15,True,100,csv,hnsw,inverted_index,pinned_match,True,100,1165,28,False,insufficient_candidates,,6,0,0,,,,,0,0,5.0,,False,,,0.0017261039465665817,,,,,,,,,,,
alpha_sweep,k=20_alpha=5,42,monthly_data_feed_b_fair.csv,1,1,20,5,0.3,0.15,True,100,csv,hnsw,inverted_index,pinned_match,True,100,24,4,False,insufficient_candidates,,4,0,0,,,,,0,0,5.0,,False,,,0.0010679929982870817,,,,,,,,,,,
alpha_sweep,k=20_alpha=5,42,new_york_city_restaurant_inspection_results_a_fair.csv,6,1,20,5,0.3,0.15,True,100,csv,hnsw,inverted_index,pinned_match,True,100,62,9,False,insufficient_candidates,,9,0,0,,,,,0,0,5.0,,False,,,0.01045677694492042,,,,,,,,,,,
alpha_sweep,k=20_alpha=5,42,oil_and_gas_summary_production_data_1967_1999_a_fair.csv,2,1,20,5,0.3,0.15,True,100,csv,hnsw,inverted_index,pinned_match,True,100,44,12,False,insufficient_candidates,,12,0,0,,,,,0,0,5.0,,False,,,0.0026610789354890585,,,,,,,,,,,
alpha_sweep,k=20_alpha=5,42,practice_reference_a_fair.csv,6,1,20,5,0.3,0.15,True,100,csv,hnsw,inverted_index,pinned_match,True,100,31,13,False,insufficient_candidates,,13,0,0,,,,,0,0,5.0,,False,,,0.001958309905603528,,,,,,,,,,,
alpha_sweep,k=20_alpha=5,42,practice_reference_b_fair.csv,5,1,20,5,0.3,0.15,True,100,csv,hnsw,inverted_index,pinned_match,True,100,30,13,False,insufficient_candidates,,13,0,0,,,,,0,0,5.0,,False,,,0.0018099811859428883,,,,,,,,,,,
alpha_sweep,k=20_alpha=5,42,prescribing_a_fair.csv,14,1,20,5,0.3,0.15,True,100,csv,hnsw,inverted_index,pinned_match,True,100,70,5,False,insufficient_candidates,,5,0,0,,,,,0,0,5.0,,False,,,0.005550852976739407,,,,,,,,,,,
alpha_sweep,k=20_alpha=5,42,prescribing_b_fair.csv,13,1,20,5,0.3,0.15,True,100,csv,hnsw,inverted_index,pinned_match,True,100,180,12,False,insufficient_candidates,,6,0,0,,,,,0,0,5.0,,False,,,0.006887613097205758,,,,,,,,,,,
alpha_sweep,k=20_alpha=5,42,psyckes_antipsychotic_polypharmacy_quality_indicators_beginning_2012_a_fair.csv,3,1,20,5,0.3,0.15,True,100,csv,hnsw,inverted_index,pinned_match,True,100,22,13,False,insufficient_candidates,,13,0,0,,,,,0,0,5.0,,False,,,0.008105143904685974,,,,,,,,,,,
alpha_sweep,k=20_alpha=5,42,purchasing_card_a_fair.csv,1,1,20,5,0.3,0.15,True,100,csv,hnsw,inverted_index,pinned_match,True,100,26,10,False,insufficient_candidates,,10,0,0,,,,,0,0,5.0,,False,,,0.0016473641153424978,,,,,,,,,,,
alpha_sweep,k=20_alpha=5,42,report_card_discipline_for_2015_16_a_fair.csv,2,1,20,5,0.3,0.15,True,100,csv,hnsw,inverted_index,pinned_match,True,100,22,11,False,insufficient_candidates,,11,0,0,,,,,0,0,5.0,,False,,,0.012372527038678527,,,,,,,,,,,
alpha_sweep,k=20_alpha=5,42,senior_officials_expenses_a_fair.csv,1,1,20,5,0.3,0.15,True,100,csv,hnsw,inverted_index,pinned_match,True,100,7,4,False,insufficient_candidates,,4,0,0,,,,,0,0,5.0,,False,,,0.0009827138856053352,,,,,,,,,,,
alpha_sweep,k=20_alpha=5,42,stockport_contracts_a_fair.csv,4,1,20,5,0.3,0.15,True,100,csv,hnsw,inverted_index,pinned_match,True,100,1,1,False,insufficient_candidates,,1,0,0,,,,,0,0,5.0,,False,,,0.0005800900980830193,,,,,,,,,,,
alpha_sweep,k=20_alpha=5,42,stockport_contracts_b_fair.csv,15,1,20,5,0.3,0.15,True,100,csv,hnsw,inverted_index,pinned_match,True,100,24,4,False,insufficient_candidates,,4,0,0,,,,,0,0,5.0,,False,,,0.0008650769013911486,,,,,,,,,,,
alpha_sweep,k=20_alpha=5,42,time_spent_watching_vcr_movies_a_fair.csv,4,1,20,5,0.3,0.15,True,100,csv,hnsw,inverted_index,pinned_match,True,100,14,5,False,insufficient_candidates,,5,0,0,,,,,0,0,5.0,,False,,,0.0010560720693320036,,,,,,,,,,,
alpha_sweep,k=20_alpha=5,42,tuition_assistance_program_tap_recipients_a_fair.csv,5,1,20,5,0.3,0.15,True,100,csv,hnsw,inverted_index,pinned_match,True,100,22,14,False,insufficient_candidates,,14,0,0,,,,,0,0,5.0,,False,,,0.0033592991530895233,,,,,,,,,,,
alpha_sweep,k=20_alpha=5,42,wholesale_markets_a_fair.csv,2,1,20,5,0.3,0.15,True,100,csv,hnsw,inverted_index,pinned_match,True,100,2,2,False,insufficient_candidates,,2,0,0,,,,,0,0,5.0,,False,,,0.003236729186028242,,,,,,,,,,,
alpha_sweep,k=20_alpha=5,42,workforce_management_information_a_fair.csv,20,1,20,5,0.3,0.15,True,100,csv,hnsw,inverted_index,pinned_match,True,100,14,1,False,insufficient_candidates,,1,0,0,,,,,0,0,5.0,,False,,,0.0005430220626294613,,,,,,,,,,,
alpha_sweep,k=20_alpha=5,42,workforce_management_information_b_fair.csv,17,1,20,5,0.3,0.15,True,100,csv,hnsw,inverted_index,pinned_match,True,100,74,1,False,insufficient_candidates,,1,0,0,,,,,0,0,5.0,,False,,,0.000468013109639287,,,,,,,,,,,
alpha_sweep,k=20_alpha=5,42,ydn_spending_data_a_fair.csv,1,1,20,5,0.3,0.15,True,100,csv,hnsw,inverted_index,pinned_match,True,100,13,6,False,insufficient_candidates,,6,0,0,,,,,0,0,5.0,,False,,,0.001283660065382719,,,,,,,,,,,
alpha_sweep,k=20_alpha=5,42,ydn_spending_data_b_fair.csv,11,1,20,5,0.3,0.15,True,100,csv,hnsw,inverted_index,pinned_match,True,100,13,6,False,insufficient_candidates,,6,0,0,,,,,0,0,5.0,,False,,,0.0011328221298754215,,,,,,,,,,,
alpha_sweep,k=20_alpha=10,42,311_calls_historic_data_a_fair.csv,1,1,20,10,0.3,0.15,True,100,csv,hnsw,inverted_index,pinned_match,True,100,22,11,False,insufficient_candidates,,11,0,0,,,,,0,0,10.0,,False,,,0.008154534036293626,,,,,,,,,,,
alpha_sweep,k=20_alpha=10,42,abandoned_wells_a_fair.csv,6,1,20,10,0.3,0.15,True,100,csv,hnsw,inverted_index,pinned_match,True,100,22,11,False,insufficient_candidates,,11,0,0,,,,,0,0,10.0,,False,,,0.0019592398311942816,,,,,,,,,,,
alpha_sweep,k=20_alpha=10,42,albums_a_fair.csv,4,1,20,10,0.3,0.15,True,100,csv,hnsw,inverted_index,pinned_match,True,100,40,10,False,insufficient_candidates,,10,0,0,,,,,0,0,10.0,,False,,,0.001794380834326148,,,,,,,,,,,
alpha_sweep,k=20_alpha=10,42,animal_tag_data_a_fair.csv,3,1,20,10,0.3,0.15,True,100,csv,hnsw,inverted_index,pinned_match,True,100,21,8,False,insufficient_candidates,,8,0,0,,,,,0,0,10.0,,False,,,0.004266053903847933,,,,,,,,,,,
alpha_sweep,k=20_alpha=10,42,animal_tag_data_b_fair.csv,1,1,20,10,0.3,0.15,True,100,csv,hnsw,inverted_index,pinned_match,True,100,24,9,False,insufficient_candidates,,9,0,0,,,,,0,0,10.0,,False,,,0.0020345880184322596,,,,,,,,,,,
alpha_sweep,k=20_alpha=10,42,biodiversity_a_fair.csv,6,1,20,10,0.3,0.15,True,100,csv,hnsw,inverted_index,pinned_match,True,59,2,2,False,insufficient_candidates,,2,0,0,,,,,0,0,10.0,,False,,,0.0008413470350205898,,,,,,,,,,,
alpha_sweep,k=20_alpha=10,42,business_rates_a_fair.csv,9,1,20,10,0.3,0.15,True,100,csv,hnsw,inverted_index,pinned_match,True,100,24,4,False,insufficient_candidates,,4,0,0,,,,,0,0,10.0,,False,,,0.0012073209509253502,,,,,,,,,,,
alpha_sweep,k=20_alpha=10,42,cdc_nutrition_physical_activity_and_obesity_legislation_a_fair.csv,1,1,20,10,0.3,0.15,True,100,csv,hnsw,inverted_index,pinned_match,True,100,22,12,False,insufficient_candidates,,12,0,0,,,,,0,0,10.0,,False,,,0.0023662629537284374,,,,,,,,,,,
alpha_sweep,k=20_alpha=10,42,cihr_co-applicant_a_fair.csv,3,1,20,10,0.3,0.15,True,100,csv,hnsw,inverted_index,pinned_match,True,100,24,8,False,insufficient_candidates,,8,0,0,,,,,0,0,10.0,,False,,,0.005380745977163315,,,,,,,,,,,
alpha_sweep,k=20_alpha=10,42,cihr_co-applicant_b_fair.csv,2,1,20,10,0.3,0.15,True,100,csv,hnsw,inverted_index,pinned_match,True,100,13,5,False,insufficient_candidates,,5,0,0,,,,,0,0,10.0,,False,,,0.0046332478523254395,,,,,,,,,,,
alpha_sweep,k=20_alpha=10,42,civic_building_locations_a_fair.csv,3,1,20,10,0.3,0.15,True,100,csv,hnsw,inverted_index,pinned_match,True,100,18,6,False,insufficient_candidates,,6,0,0,,,,,0,0,10.0,,False,,,0.0012280908413231373,,,,,,,,,,,
alpha_sweep,k=20_alpha=10,42,complaint_by_practice_a_fair.csv,0,1,20,10,0.3,0.15,True,100,csv,hnsw,inverted_index,pinned_match,True,100,30,2,False,insufficient_candidates,,2,0,0,,,,,0,0,10.0,,False,,,0.006026606075465679,,,,,,,,,,,
alpha_sweep,k=20_alpha=10,42,complaint_by_practice_b_fair.csv,1,1,20,10,0.3,0.15,True,100,csv,hnsw,inverted_index,pinned_match,True,100,30,5,False,insufficient_candidates,,5,0,0,,,,,0,0,10.0,,False,,,0.002070788061246276,,,,,,,,,,,
alpha_sweep,k=20_alpha=10,42,contributors_parties_a_fair.csv,2,1,20,10,0.3,0.15,True,100,csv,hnsw,inverted_index,pinned_match,True,100,50,17,False,insufficient_candidates,,17,0,0,,,,,0,0,10.0,,False,,,0.0040575070306658745,,,,,,,,,,,
alpha_sweep,k=20_alpha=10,42,contributors_parties_b_fair.csv,0,1,20,10,0.3,0.15,True,100,csv,hnsw,inverted_index,pinned_match,True,100,42,17,False,insufficient_candidates,,17,0,0,,,,,0,0,10.0,,False,,,0.0035502039827406406,,,,,,,,,,,
alpha_sweep,k=20_alpha=10,42,data_mill_a_fair.csv,4,1,20,10,0.3,0.15,True,100,csv,hnsw,inverted_index,pinned_match,True,100,7,5,False,insufficient_candidates,,5,0,0,,,,,0,0,10.0,,False,,,0.0024030329659581184,,,,,,,,,,,
alpha_sweep,k=20_alpha=10,42,data_mill_b_fair.csv,3,1,20,10,0.3,0.15,True,100,csv,hnsw,inverted_index,pinned_match,True,100,22,6,False,insufficient_candidates,,3,0,0,,,,,0,0,10.0,,False,,,0.001629984937608242,,,,,,,,,,,
alpha_sweep,k=20_alpha=10,42,deaths_2012_2018_a_fair.csv,5,1,20,10,0.3,0.15,True,100,csv,hnsw,inverted_index,pinned_match,True,100,40,18,False,insufficient_candidates,,9,0,0,,,,,0,0,10.0,,False,,,0.0016764439642429352,,,,,,,,,,,
alpha_sweep,k=20_alpha=10,42,immigration_records_a_fair.csv,2,1,20,10,0.3,0.15,True,100,csv,hnsw,inverted_index,pinned_match,True,100,45,12,False,insufficient_candidates,,12,0,0,,,,,0,0,10.0,,False,,,0.002780347131192684,,,,,,,,,,,
alpha_sweep,k=20_alpha=10,42,ipopayments_a_fair.csv,0,1,20,10,0.3,0.15,True,100,csv,hnsw,inverted_index,pinned_match,True,100,30,11,False,insufficient_candidates,,11,0,0,,,,,0,0,10.0,,False,,,0.0017180119175463915,,,,,,,,,,,
alpha_sweep,k=20_alpha=10,42,ipopayments_b_fair.csv,2,1,20,10,0.3,0.15,True,100,csv,hnsw,inverted_index,pinned_match,True,100,16,7,False,insufficient_candidates,,7,0,0,,,,,0,0,10.0,,False,,,0.0012902310118079185,,,,,,,,,,,
alpha_sweep,k=20_alpha=10,42,job_pay_scales_a_fair.csv,4,1,20,10,0.3,0.15,True,100,csv,hnsw,inverted_index,pinned_match,True,100,80,10,False,insufficient_candidates,,10,0,0,,,,,0,0,10.0,,False,,,0.0017336918972432613,,,,,,,,,,,
alpha_sweep,k=20_alpha=10,42,lane_description_a_fair.csv,1,1,20,10,0.3,0.15,True,100,csv,hnsw,inverted_index,pinned_match,True,100,31,8,False,insufficient_candidates,,8,0,0,,,,,0,0,10.0,,False,,,0.008666704874485731,,,,,,,,,,,
alpha_sweep,k=20_alpha=10,42,lane_description_b_fair.csv,9,1,20,10,0.3,0.15,True,100,csv,hnsw,inverted_index,pinned_match,True,100,1165,8,False,insufficient_candidates,,4,0,0,,,,,0,0,10.0,,False,,,0.001770172966644168,,,,,,,,,,,
alpha_sweep,k=20_alpha=10,42,mines_a_fair.csv,5,1,20,10,0.3,0.15,True,100,csv,hnsw,inverted_index,pinned_match,True,100,16,12,False,insufficient_candidates,,12,0,0,,,,,0,0,10.0,,False,,,0.0031032320111989975,,,,,,,,,,,
alpha_sweep,k=20_alpha=10,42,mines_b_fair.csv,2,1,20,10,0.3,0.15,True,100,csv,hnsw,inverted_index,pinned_match,True,100,25,4,False,insufficient_candidates,,4,0,0,,,,,0,0,10.0,,False,,,0.0009942050091922283,,,,,,,,,,,
alpha_sweep,k=20_alpha=10,42,minister_meetings_a_fair.csv,4,1,20,10,0.3,0.15,True,100,csv,hnsw,inverted_index,pinned_match,True,100,55,26,False,insufficient_candidates,,8,0,0,,,,,0,0,10.0,,False,,,0.001405918039381504,,,,,,,,,,,
alpha_sweep,k=20_alpha=10,42,monthly_data_feed_a_fair.csv,11,1,20,10,0.3,0.15,True,100,csv,hnsw,inverted_index,pinned_match,True,100,1165,28,False,insufficient_candidates,,6,0,0,,,,,0,0,10.0,,False,,,0.0017034739721566439,,,,,,,,,,,
alpha_sweep,k=20_alpha=10,42,monthly_data_feed_b_fair.csv,1,1,20,10,0.3,0.15,True,100,csv,hnsw,inverted_index,pinned_match,True,100,24,4,False,insufficient_candidates,,4,0,0,,,,,0,0,10.0,,False,,,0.0026553189381957054,,,,,,,,,,,
alpha_sweep,k=20_alpha=10,42,new_york_city_restaurant_inspection_results_a_fair.csv,6,1,20,10,0.3,0.15,True,100,csv,hnsw,inverted_index,pinned_match,True,100,62,9,False,insufficient_candidates,,9,0,0,,,,,0,0,10.0,,False,,,0.010571885854005814,,,,,,,,,,,
alpha_sweep,k=20_alpha=10,42,oil_and_gas_summary_production_data_1967_1999_a_fair.csv,2,1,20,10,0.3,0.15,True,100,csv,hnsw,inverted_index,pinned_match,True,100,44,12,False,insufficient_candidates,,12,0,0,,,,,0,0,10.0,,False,,,0.002676327945664525,,,,,,,,,,,
alpha_sweep,k=20_alpha=10,42,practice_reference_a_fair.csv,6,1,20,10,0.3,0.15,True,100,csv,hnsw,inverted_index,pinned_match,True,100,31,13,False,insufficient_candidates,,13,0,0,,,,,0,0,10.0,,False,,,0.0020048688165843487,,,,,,,,,,,
alpha_sweep,k=20_alpha=10,42,practice_reference_b_fair.csv,5,1,20,10,0.3,0.15,True,100,csv,hnsw,inverted_index,pinned_match,True,100,30,13,False,insufficient_candidates,,13,0,0,,,,,0,0,10.0,,False,,,0.0018052821978926659,,,,,,,,,,,
alpha_sweep,k=20_alpha=10,42,prescribing_a_fair.csv,14,1,20,10,0.3,0.15,True,100,csv,hnsw,inverted_index,pinned_match,True,100,70,5,False,insufficient_candidates,,5,0,0,,,,,0,0,10.0,,False,,,0.0051206499338150024,,,,,,,,,,,
alpha_sweep,k=20_alpha=10,42,prescribing_b_fair.csv,13,1,20,10,0.3,0.15,True,100,csv,hnsw,inverted_index,pinned_match,True,100,180,12,False,insufficient_candidates,,6,0,0,,,,,0,0,10.0,,False,,,0.0072279570158571005,,,,,,,,,,,
alpha_sweep,k=20_alpha=10,42,psyckes_antipsychotic_polypharmacy_quality_indicators_beginning_2012_a_fair.csv,3,1,20,10,0.3,0.15,True,100,csv,hnsw,inverted_index,pinned_match,True,100,22,13,False,insufficient_candidates,,13,0,0,,,,,0,0,10.0,,False,,,0.008079934865236282,,,,,,,,,,,
alpha_sweep,k=20_alpha=10,42,purchasing_card_a_fair.csv,1,1,20,10,0.3,0.15,True,100,csv,hnsw,inverted_index,pinned_match,True,100,26,10,False,insufficient_candidates,,10,0,0,,,,,0,0,10.0,,False,,,0.0016137249767780304,,,,,,,,,,,
alpha_sweep,k=20_alpha=10,42,report_card_discipline_for_2015_16_a_fair.csv,2,1,20,10,0.3,0.15,True,100,csv,hnsw,inverted_index,pinned_match,True,100,22,11,False,insufficient_candidates,,11,0,0,,,,,0,0,10.0,,False,,,0.012530206004157662,,,,,,,,,,,
alpha_sweep,k=20_alpha=10,42,senior_officials_expenses_a_fair.csv,1,1,20,10,0.3,0.15,True,100,csv,hnsw,inverted_index,pinned_match,True,100,7,4,False,insufficient_candidates,,4,0,0,,,,,0,0,10.0,,False,,,0.0009846340399235487,,,,,,,,,,,
alpha_sweep,k=20_alpha=10,42,stockport_contracts_a_fair.csv,4,1,20,10,0.3,0.15,True,100,csv,hnsw,inverted_index,pinned_match,True,100,1,1,False,insufficient_candidates,,1,0,0,,,,,0,0,10.0,,False,,,0.0005739100743085146,,,,,,,,,,,
alpha_sweep,k=20_alpha=10,42,stockport_contracts_b_fair.csv,15,1,20,10,0.3,0.15,True,100,csv,hnsw,inverted_index,pinned_match,True,100,24,4,False,insufficient_candidates,,4,0,0,,,,,0,0,10.0,,False,,,0.0008704771753400564,,,,,,,,,,,
alpha_sweep,k=20_alpha=10,42,time_spent_watching_vcr_movies_a_fair.csv,4,1,20,10,0.3,0.15,True,100,csv,hnsw,inverted_index,pinned_match,True,100,14,5,False,insufficient_candidates,,5,0,0,,,,,0,0,10.0,,False,,,0.001024775207042694,,,,,,,,,,,
alpha_sweep,k=20_alpha=10,42,tuition_assistance_program_tap_recipients_a_fair.csv,5,1,20,10,0.3,0.15,True,100,csv,hnsw,inverted_index,pinned_match,True,100,22,14,False,insufficient_candidates,,14,0,0,,,,,0,0,10.0,,False,,,0.003389208111912012,,,,,,,,,,,
alpha_sweep,k=20_alpha=10,42,wholesale_markets_a_fair.csv,2,1,20,10,0.3,0.15,True,100,csv,hnsw,inverted_index,pinned_match,True,100,2,2,False,insufficient_candidates,,2,0,0,,,,,0,0,10.0,,False,,,0.0032240499276667833,,,,,,,,,,,
alpha_sweep,k=20_alpha=10,42,workforce_management_information_a_fair.csv,20,1,20,10,0.3,0.15,True,100,csv,hnsw,inverted_index,pinned_match,True,100,14,1,False,insufficient_candidates,,1,0,0,,,,,0,0,10.0,,False,,,0.0005664320196956396,,,,,,,,,,,
alpha_sweep,k=20_alpha=10,42,workforce_management_information_b_fair.csv,17,1,20,10,0.3,0.15,True,100,csv,hnsw,inverted_index,pinned_match,True,100,74,1,False,insufficient_candidates,,1,0,0,,,,,0,0,10.0,,False,,,0.0004534018225967884,,,,,,,,,,,
alpha_sweep,k=20_alpha=10,42,ydn_spending_data_a_fair.csv,1,1,20,10,0.3,0.15,True,100,csv,hnsw,inverted_index,pinned_match,True,100,13,6,False,insufficient_candidates,,6,0,0,,,,,0,0,10.0,,False,,,0.0013130700681358576,,,,,,,,,,,
alpha_sweep,k=20_alpha=10,42,ydn_spending_data_b_fair.csv,11,1,20,10,0.3,0.15,True,100,csv,hnsw,inverted_index,pinned_match,True,100,13,6,False,insufficient_candidates,,6,0,0,,,,,0,0,10.0,,False,,,0.0011205729097127914,,,,,,,,,,,
