experiment,config_id,seed,q_table,attr,M_size,k,alpha,F_star,delta,include_query,top_n,adapter_synopsis,adapter_semantic,adapter_overlap,adapter_unionability,lp_precheck,n_sem,n_ovl,n_pair,feasible,infeasibility_cause,error,n_D,n_P,n_R,F_P,F_R,delta_R,sum_U,n_unionability_computations,dinkelbach_iterations_stage1,effective_alpha,ilp_time_s,lp_precheck_ran,lp_feasible,lp_time_s,wall_time_s,gt_size,d_hits,p_hits,r_hits,precision_d,recall_d,precision_p,recall_p,precision_r,recall_r,scoring_time_s
lp_precheck,k=5_alpha=1,42,311_calls_historic_data_a_fair.csv,1,1,5,1,0.3,0.15,True,100,csv,hnsw,inverted_index,pinned_match,True,,,,True,,,0,5,5,,,,34.63057768344879,0,0,1,0.003258609911426902,True,True,0.0015806960873305798,0.003258609911426902,,,,,,,,,,,
lp_precheck,k=5_alpha=1,42,311_calls_historic_data_a_fair.csv,1,1,5,1,0.3,0.15,True,100,csv,hnsw,inverted_index,pinned_match,False,,,,True,,,0,5,5,,,,34.63057768344879,0,0,1,0.0010338439606130123,False,,,0.0010338439606130123,,,,,,,,,,,
lp_precheck,k=5_alpha=1,42,abandoned_wells_a_fair.csv,6,1,5,1,0.3,0.15,True,100,csv,hnsw,inverted_index,pinned_match,True,,,,True,,,0,5,5,,,,32.10196667909622,0,0,1,0.0014586069155484438,True,True,0.0005296319723129272,0.0014586069155484438,,,,,,,,,,,
lp_precheck,k=5_alpha=1,42,abandoned_wells_a_fair.csv,6,1,5,1,0.3,0.15,True,100,csv,hnsw,inverted_index,pinned_match,False,,,,True,,,0,5,5,,,,32.10196667909622,0,0,1,0.000868986127898097,False,,,0.000868986127898097,,,,,,,,,,,
lp_precheck,k=5_alpha=1,42,albums_a_fair.csv,4,1,5,1,0.3,0.15,True,100,csv,hnsw,inverted_index,pinned_match,True,,,,True,,,0,5,5,,,,17.62921440601349,0,0,1,0.0014124480076134205,True,True,0.000509731937199831,0.0014124480076134205,,,,,,,,,,,
lp_precheck,k=5_alpha=1,42,albums_a_fair.csv,4,1,5,1,0.3,0.15,True,100,csv,hnsw,inverted_index,pinned_match,False,,,,True,,,0,5,5,,,,17.62921440601349,0,0,1,0.0008253869600594044,False,,,0.0008253869600594044,,,,,,,,,,,
lp_precheck,k=5_alpha=1,42,animal_tag_data_a_fair.csv,3,1,5,1,0.3,0.15,True,100,csv,hnsw,inverted_index,pinned_match,True,,,,True,,,0,5,5,,,,57.116489589214325,0,0,1,0.0012803399004042149,True,True,0.0004364128690212965,0.0012803399004042149,,,,,,,,,,,
lp_precheck,k=5_alpha=1,42,animal_tag_data_a_fair.csv,3,1,5,1,0.3,0.15,True,100,csv,hnsw,inverted_index,pinned_match,False,,,,True,,,0,5,5,,,,57.116489589214325,0,0,1,0.0008353069424629211,False,,,0.0008353069424629211,,,,,,,,,,,
lp_precheck,k=5_alpha=1,42,animal_tag_data_b_fair.csv,1,1,5,1,0.3,0.15,True,100,csv,hnsw,inverted_index,pinned_match,True,,,,True,,,0,5,5,,,,52.54092746973038,0,0,1,0.001347928075119853,True,True,0.0004862130153924227,0.001347928075119853,,,,,,,,,,,
lp_precheck,k=5_alpha=1,42,animal_tag_data_b_fair.csv,1,1,5,1,0.3,0.15,True,100,csv,hnsw,inverted_index,pinned_match,False,,,,True,,,0,5,5,,,,52.54092746973038,0,0,1,0.0008360578212887049,False,,,0.0008360578212887049,,,,,,,,,,,
lp_precheck,k=5_alpha=1,42,cdc_nutrition_physical_activity_and_obesity_legislation_a_fair.csv,1,1,5,1,0.3,0.15,True,100,csv,hnsw,inverted_index,pinned_match,True,,,,True,,,0,5,5,,,,35.935461580753326,0,0,1,0.0013199399691075087,True,True,0.0004614531062543392,0.0013199399691075087,,,,,,,,,,,
lp_precheck,k=5_alpha=1,42,cdc_nutrition_physical_activity_and_obesity_legislation_a_fair.csv,1,1,5,1,0.3,0.15,True,100,csv,hnsw,inverted_index,pinned_match,False,,,,True,,,0,5,5,,,,35.935461580753326,0,0,1,0.0008026070427149534,False,,,0.0008026070427149534,,,,,,,,,,,
lp_precheck,k=5_alpha=1,42,cihr_co-applicant_a_fair.csv,3,1,5,1,0.3,0.15,True,100,csv,hnsw,inverted_index,pinned_match,True,,,,True,,,0,5,5,,,,59.17235028743744,0,0,1,0.0016263050492852926,True,True,0.00046723312698304653,0.0016263050492852926,,,,,,,,,,,
lp_precheck,k=5_alpha=1,42,cihr_co-applicant_a_fair.csv,3,1,5,1,0.3,0.15,True,100,csv,hnsw,inverted_index,pinned_match,False,,,,True,,,0,5,5,,,,59.17235028743744,0,0,1,0.0008208178915083408,False,,,0.0008208178915083408,,,,,,,,,,,
lp_precheck,k=5_alpha=1,42,cihr_co-applicant_b_fair.csv,2,1,5,1,0.3,0.15,True,100,csv,hnsw,inverted_index,pinned_match,True,,,,True,,,0,5,5,,,,54.323054790496826,0,0,1,0.001345538068562746,True,True,0.0004759931471198797,0.001345538068562746,,,,,,,,,,,
lp_precheck,k=5_alpha=1,42,cihr_co-applicant_b_fair.csv,2,1,5,1,0.3,0.15,True,100,csv,hnsw,inverted_index,pinned_match,False,,,,True,,,0,5,5,,,,54.323054790496826,0,0,1,0.0009785450529307127,False,,,0.0009785450529307127,,,,,,,,,,,
lp_precheck,k=5_alpha=1,42,civic_building_locations_a_fair.csv,3,1,5,1,0.3,0.15,True,100,csv,hnsw,inverted_index,pinned_match,True,,,,True,,,0,5,5,,,,74.34771376848221,0,0,1,0.0015456571709364653,True,True,0.00046205311082303524,0.0015456571709364653,,,,,,,,,,,
lp_precheck,k=5_alpha=1,42,civic_building_locations_a_fair.csv,3,1,5,1,0.3,0.15,True,100,csv,hnsw,inverted_index,pinned_match,False,,,,True,,,0,5,5,,,,74.34771376848221,0,0,1,0.0008570258505642414,False,,,0.0008570258505642414,,,,,,,,,,,
lp_precheck,k=5_alpha=1,42,complaint_by_practice_b_fair.csv,1,1,5,1,0.3,0.15,True,100,csv,hnsw,inverted_index,pinned_match,True,,,,False,stage2_infeasible,,0,5,0,,,,,0,0,1,0.00046300399117171764,True,False,0.00045210286043584347,0.00046300399117171764,,,,,,,,,,,
lp_precheck,k=5_alpha=1,42,complaint_by_practice_b_fair.csv,1,1,5,1,0.3,0.15,True,100,csv,hnsw,inverted_index,pinned_match,False,,,,False,stage2_infeasible,,0,5,0,,,,,0,0,1,0.0006402209401130676,False,,,0.0006402209401130676,,,,,,,,,,,
lp_precheck,k=5_alpha=1,42,contributors_parties_a_fair.csv,2,1,5,1,0.3,0.15,True,100,csv,hnsw,inverted_index,pinned_match,True,,,,True,,,0,5,5,,,,26.615732312202454,0,0,1,0.0013345589395612478,True,True,0.0004691521171480417,0.0013345589395612478,,,,,,,,,,,
lp_precheck,k=5_alpha=1,42,contributors_parties_a_fair.csv,2,1,5,1,0.3,0.15,True,100,csv,hnsw,inverted_index,pinned_match,False,,,,True,,,0,5,5,,,,26.615732312202454,0,0,1,0.0008546158205717802,False,,,0.0008546158205717802,,,,,,,,,,,
lp_precheck,k=5_alpha=1,42,contributors_parties_b_fair.csv,0,1,5,1,0.3,0.15,True,100,csv,hnsw,inverted_index,pinned_match,True,,,,True,,,0,5,5,,,,22.51284295320511,0,0,1,0.0013719180133193731,True,True,0.0004458639305084944,0.0013719180133193731,,,,,,,,,,,
lp_precheck,k=5_alpha=1,42,contributors_parties_b_fair.csv,0,1,5,1,0.3,0.15,True,100,csv,hnsw,inverted_index,pinned_match,False,,,,True,,,0,5,5,,,,22.51284295320511,0,0,1,0.0008454569615423679,False,,,0.0008454569615423679,,,,,,,,,,,
lp_precheck,k=5_alpha=1,42,data_mill_a_fair.csv,4,1,5,1,0.3,0.15,True,100,csv,hnsw,inverted_index,pinned_match,True,,,,True,,,0,5,5,,,,94.36094391345978,0,0,1,0.001732132863253355,True,True,0.0005569111090153456,0.001732132863253355,,,,,,,,,,,
lp_precheck,k=5_alpha=1,42,data_mill_a_fair.csv,4,1,5,1,0.3,0.15,True,100,csv,hnsw,inverted_index,pinned_match,False,,,,True,,,0,5,5,,,,94.36094391345978,0,0,1,0.0008384869433939457,False,,,0.0008384869433939457,,,,,,,,,,,
lp_precheck,k=5_alpha=1,42,deaths_2012_2018_a_fair.csv,5,1,5,1,0.3,0.15,True,100,csv,hnsw,inverted_index,pinned_match,True,,,,True,,,0,5,5,,,,36.383642971515656,0,0,1,0.0013226589653640985,True,True,0.0004551229067146778,0.0013226589653640985,,,,,,,,,,,
lp_precheck,k=5_alpha=1,42,deaths_2012_2018_a_fair.csv,5,1,5,1,0.3,0.15,True,100,csv,hnsw,inverted_index,pinned_match,False,,,,True,,,0,5,5,,,,36.383642971515656,0,0,1,0.0013100090436637402,False,,,0.0013100090436637402,,,,,,,,,,,
lp_precheck,k=5_alpha=1,42,immigration_records_a_fair.csv,2,1,5,1,0.3,0.15,True,100,csv,hnsw,inverted_index,pinned_match,True,,,,True,,,0,5,5,,,,24.916005074977875,0,0,1,0.0017298120073974133,True,True,0.0007321781013160944,0.0017298120073974133,,,,,,,,,,,
lp_precheck,k=5_alpha=1,42,immigration_records_a_fair.csv,2,1,5,1,0.3,0.15,True,100,csv,hnsw,inverted_index,pinned_match,False,,,,True,,,0,5,5,,,,24.916005074977875,0,0,1,0.0008428569417446852,False,,,0.0008428569417446852,,,,,,,,,,,
lp_precheck,k=5_alpha=1,42,ipopayments_a_fair.csv,0,1,5,1,0.3,0.15,True,100,csv,hnsw,inverted_index,pinned_match,True,,,,True,,,0,5,5,,,,41.92264550924301,0,0,1,0.0016058350447565317,True,True,0.00047333305701613426,0.0016058350447565317,,,,,,,,,,,
lp_precheck,k=5_alpha=1,42,ipopayments_a_fair.csv,0,1,5,1,0.3,0.15,True,100,csv,hnsw,inverted_index,pinned_match,False,,,,True,,,0,5,5,,,,41.92264550924301,0,0,1,0.0008617769926786423,False,,,0.0008617769926786423,,,,,,,,,,,
lp_precheck,k=5_alpha=1,42,ipopayments_b_fair.csv,2,1,5,1,0.3,0.15,True,100,csv,hnsw,inverted_index,pinned_match,True,,,,True,,,0,5,5,,,,41.94270086288452,0,0,1,0.0013408800587058067,True,True,0.00046252296306192875,0.0013408800587058067,,,,,,,,,,,
lp_precheck,k=5_alpha=1,42,ipopayments_b_fair.csv,2,1,5,1,0.3,0.15,True,100,csv,hnsw,inverted_index,pinned_match,False,,,,True,,,0,5,5,,,,41.94270086288452,0,0,1,0.0008610759396106005,False,,,0.0008610759396106005,,,,,,,,,,,
lp_precheck,k=5_alpha=1,42,job_pay_scales_a_fair.csv,4,1,5,1,0.3,0.15,True,100,csv,hnsw,inverted_index,pinned_match,True,,,,True,,,0,5,5,,,,49.51029461622238,0,0,1,0.0014214178081601858,True,True,0.0005507019814103842,0.0014214178081601858,,,,,,,,,,,
lp_precheck,k=5_alpha=1,42,job_pay_scales_a_fair.csv,4,1,5,1,0.3,0.15,True,100,csv,hnsw,inverted_index,pinned_match,False,,,,True,,,0,5,5,,,,49.51029461622238,0,0,1,0.0008525170851498842,False,,,0.0008525170851498842,,,,,,,,,,,
lp_precheck,k=5_alpha=1,42,lane_description_a_fair.csv,1,1,5,1,0.3,0.15,True,100,csv,hnsw,inverted_index,pinned_match,True,,,,True,,,0,5,5,,,,68.57601064443588,0,0,1,0.001321160001680255,True,True,0.0004767719656229019,0.001321160001680255,,,,,,,,,,,
lp_precheck,k=5_alpha=1,42,lane_description_a_fair.csv,1,1,5,1,0.3,0.15,True,100,csv,hnsw,inverted_index,pinned_match,False,,,,True,,,0,5,5,,,,68.57601064443588,0,0,1,0.0007761381566524506,False,,,0.0007761381566524506,,,,,,,,,,,
lp_precheck,k=5_alpha=1,42,mines_a_fair.csv,5,1,5,1,0.3,0.15,True,100,csv,hnsw,inverted_index,pinned_match,True,,,,True,,,0,5,5,,,,38.63752728700638,0,0,1,0.0012380320113152266,True,True,0.00046563311479985714,0.0012380320113152266,,,,,,,,,,,
lp_precheck,k=5_alpha=1,42,mines_a_fair.csv,5,1,5,1,0.3,0.15,True,100,csv,hnsw,inverted_index,pinned_match,False,,,,True,,,0,5,5,,,,38.63752728700638,0,0,1,0.0007684980519115925,False,,,0.0007684980519115925,,,,,,,,,,,
lp_precheck,k=5_alpha=1,42,minister_meetings_a_fair.csv,4,1,5,1,0.3,0.15,True,100,csv,hnsw,inverted_index,pinned_match,True,,,,True,,,0,5,5,,,,22.814058780670166,0,0,1,0.0012019220739603043,True,True,0.00042535411193966866,0.0012019220739603043,,,,,,,,,,,
lp_precheck,k=5_alpha=1,42,minister_meetings_a_fair.csv,4,1,5,1,0.3,0.15,True,100,csv,hnsw,inverted_index,pinned_match,False,,,,True,,,0,5,5,,,,22.814058780670166,0,0,1,0.0007721381261944771,False,,,0.0007721381261944771,,,,,,,,,,,
lp_precheck,k=5_alpha=1,42,monthly_data_feed_a_fair.csv,11,1,5,1,0.3,0.15,True,100,csv,hnsw,inverted_index,pinned_match,True,,,,True,,,0,5,5,,,,93.06950443983078,0,0,1,0.0012976399157196283,True,True,0.0004211738705635071,0.0012976399157196283,,,,,,,,,,,
lp_precheck,k=5_alpha=1,42,monthly_data_feed_a_fair.csv,11,1,5,1,0.3,0.15,True,100,csv,hnsw,inverted_index,pinned_match,False,,,,True,,,0,5,5,,,,93.06950443983078,0,0,1,0.0007798180449754,False,,,0.0007798180449754,,,,,,,,,,,
lp_precheck,k=5_alpha=1,42,new_york_city_restaurant_inspection_results_a_fair.csv,6,1,5,1,0.3,0.15,True,100,csv,hnsw,inverted_index,pinned_match,True,,,,True,,,0,5,5,,,,37.131314158439636,0,0,1,0.001189950853586197,True,True,0.0004226840101182461,0.001189950853586197,,,,,,,,,,,
lp_precheck,k=5_alpha=1,42,new_york_city_restaurant_inspection_results_a_fair.csv,6,1,5,1,0.3,0.15,True,100,csv,hnsw,inverted_index,pinned_match,False,,,,True,,,0,5,5,,,,37.131314158439636,0,0,1,0.0007669678889214993,False,,,0.0007669678889214993,,,,,,,,,,,
lp_precheck,k=5_alpha=1,42,oil_and_gas_summary_production_data_1967_1999_a_fair.csv,2,1,5,1,0.3,0.15,True,100,csv,hnsw,inverted_index,pinned_match,True,,,,True,,,0,5,5,,,,38.49697196483612,0,0,1,0.001209840876981616,True,True,0.0004259028937667608,0.001209840876981616,,,,,,,,,,,
lp_precheck,k=5_alpha=1,42,oil_and_gas_summary_production_data_1967_1999_a_fair.csv,2,1,5,1,0.3,0.15,True,100,csv,hnsw,inverted_index,pinned_match,False,,,,True,,,0,5,5,,,,38.49697196483612,0,0,1,0.0007817479781806469,False,,,0.0007817479781806469,,,,,,,,,,,
lp_precheck,k=5_alpha=1,42,practice_reference_a_fair.csv,6,1,5,1,0.3,0.15,True,100,csv,hnsw,inverted_index,pinned_match,True,,,,True,,,0,5,5,,,,39.12202858924866,0,0,1,0.0012109510134905577,True,True,0.0004313630051910877,0.0012109510134905577,,,,,,,,,,,
lp_precheck,k=5_alpha=1,42,practice_reference_a_fair.csv,6,1,5,1,0.3,0.15,True,100,csv,hnsw,inverted_index,pinned_match,False,,,,True,,,0,5,5,,,,39.12202858924866,0,0,1,0.0007681979332119226,False,,,0.0007681979332119226,,,,,,,,,,,
lp_precheck,k=5_alpha=1,42,practice_reference_b_fair.csv,5,1,5,1,0.3,0.15,True,100,csv,hnsw,inverted_index,pinned_match,True,,,,True,,,0,5,5,,,,33.81052279472351,0,0,1,0.0012026799377053976,True,True,0.00042569288052618504,0.0012026799377053976,,,,,,,,,,,
lp_precheck,k=5_alpha=1,42,practice_reference_b_fair.csv,5,1,5,1,0.3,0.15,True,100,csv,hnsw,inverted_index,pinned_match,False,,,,True,,,0,5,5,,,,33.81052279472351,0,0,1,0.0007782878819853067,False,,,0.0007782878819853067,,,,,,,,,,,
lp_precheck,k=5_alpha=1,42,prescribing_a_fair.csv,14,1,5,1,0.3,0.15,True,100,csv,hnsw,inverted_index,pinned_match,True,,,,True,,,0,5,5,,,,90.56474554538727,0,0,1,0.0012015118263661861,True,True,0.00042776414193212986,0.0012015118263661861,,,,,,,,,,,
lp_precheck,k=5_alpha=1,42,prescribing_a_fair.csv,14,1,5,1,0.3,0.15,True,100,csv,hnsw,inverted_index,pinned_match,False,,,,True,,,0,5,5,,,,90.56474554538727,0,0,1,0.0007755379192531109,False,,,0.0007755379192531109,,,,,,,,,,,
lp_precheck,k=5_alpha=1,42,prescribing_b_fair.csv,13,1,5,1,0.3,0.15,True,100,csv,hnsw,inverted_index,pinned_match,True,,,,True,,,0,5,5,,,,91.57195609807968,0,0,1,0.0011972221545875072,True,True,0.0004262130241841078,0.0011972221545875072,,,,,,,,,,,
lp_precheck,k=5_alpha=1,42,prescribing_b_fair.csv,13,1,5,1,0.3,0.15,True,100,csv,hnsw,inverted_index,pinned_match,False,,,,True,,,0,5,5,,,,91.57195609807968,0,0,1,0.0007702079601585865,False,,,0.0007702079601585865,,,,,,,,,,,
lp_precheck,k=5_alpha=1,42,psyckes_antipsychotic_polypharmacy_quality_indicators_beginning_2012_a_fair.csv,3,1,5,1,0.3,0.15,True,100,csv,hnsw,inverted_index,pinned_match,True,,,,True,,,0,5,5,,,,26.958653151988983,0,0,1,0.001186690991744399,True,True,0.00042172311805188656,0.001186690991744399,,,,,,,,,,,
lp_precheck,k=5_alpha=1,42,psyckes_antipsychotic_polypharmacy_quality_indicators_beginning_2012_a_fair.csv,3,1,5,1,0.3,0.15,True,100,csv,hnsw,inverted_index,pinned_match,False,,,,True,,,0,5,5,,,,26.958653151988983,0,0,1,0.000772818922996521,False,,,0.000772818922996521,,,,,,,,,,,
lp_precheck,k=5_alpha=1,42,purchasing_card_a_fair.csv,1,1,5,1,0.3,0.15,True,100,csv,hnsw,inverted_index,pinned_match,True,,,,True,,,0,5,5,,,,49.082762360572815,0,0,1,0.0011973320506513119,True,True,0.0004270528443157673,0.0011973320506513119,,,,,,,,,,,
lp_precheck,k=5_alpha=1,42,purchasing_card_a_fair.csv,1,1,5,1,0.3,0.15,True,100,csv,hnsw,inverted_index,pinned_match,False,,,,True,,,0,5,5,,,,49.082762360572815,0,0,1,0.0007787980139255524,False,,,0.0007787980139255524,,,,,,,,,,,
lp_precheck,k=5_alpha=1,42,report_card_discipline_for_2015_16_a_fair.csv,2,1,5,1,0.3,0.15,True,100,csv,hnsw,inverted_index,pinned_match,True,,,,True,,,0,5,5,,,,40.961408615112305,0,0,1,0.0011994608212262392,True,True,0.00042497296817600727,0.0011994608212262392,,,,,,,,,,,
lp_precheck,k=5_alpha=1,42,report_card_discipline_for_2015_16_a_fair.csv,2,1,5,1,0.3,0.15,True,100,csv,hnsw,inverted_index,pinned_match,False,,,,True,,,0,5,5,,,,40.961408615112305,0,0,1,0.0007776478305459023,False,,,0.0007776478305459023,,,,,,,,,,,
lp_precheck,k=5_alpha=1,42,time_spent_watching_vcr_movies_a_fair.csv,4,1,5,1,0.3,0.15,True,100,csv,hnsw,inverted_index,pinned_match,True,,,,True,,,0,5,5,,,,20.509933412075043,0,0,1,0.0011948018800467253,True,True,0.0004270430654287338,0.0011948018800467253,,,,,,,,,,,
lp_precheck,k=5_alpha=1,42,time_spent_watching_vcr_movies_a_fair.csv,4,1,5,1,0.3,0.15,True,100,csv,hnsw,inverted_index,pinned_match,False,,,,True,,,0,5,5,,,,20.509933412075043,0,0,1,0.000762928044423461,False,,,0.000762928044423461,,,,,,,,,,,
lp_precheck,k=5_alpha=1,42,tuition_assistance_program_tap_recipients_a_fair.csv,5,1,5,1,0.3,0.15,True,100,csv,hnsw,inverted_index,pinned_match,True,,,,True,,,0,5,5,,,,31.72944164276123,0,0,1,0.0015611769631505013,True,True,0.0004238039255142212,0.0015611769631505013,,,,,,,,,,,
lp_precheck,k=5_alpha=1,42,tuition_assistance_program_tap_recipients_a_fair.csv,5,1,5,1,0.3,0.15,True,100,csv,hnsw,inverted_index,pinned_match,False,,,,True,,,0,5,5,,,,31.72944164276123,0,0,1,0.0009017367847263813,False,,,0.0009017367847263813,,,,,,,,,,,
lp_precheck,k=5_alpha=1,42,ydn_spending_data_a_fair.csv,1,1,5,1,0.3,0.15,True,100,csv,hnsw,inverted_index,pinned_match,True,,,,True,,,0,5,5,,,,53.29436922073364,0,0,1,0.0013044700026512146,True,True,0.0004259529523551464,0.0013044700026512146,,,,,,,,,,,
lp_precheck,k=5_alpha=1,42,ydn_spending_data_a_fair.csv,1,1,5,1,0.3,0.15,True,100,csv,hnsw,inverted_index,pinned_match,False,,,,True,,,0,5,5,,,,53.29436922073364,0,0,1,0.0007624179124832153,False,,,0.0007624179124832153,,,,,,,,,,,
lp_precheck,k=5_alpha=1,42,ydn_spending_data_b_fair.csv,11,1,5,1,0.3,0.15,True,100,csv,hnsw,inverted_index,pinned_match,True,,,,True,,,0,5,5,,,,54.20709639787674,0,0,1,0.0012189222034066916,True,True,0.00042635295540094376,0.0012189222034066916,,,,,,,,,,,
lp_precheck,k=5_alpha=1,42,ydn_spending_data_b_fair.csv,11,1,5,1,0.3,0.15,True,100,csv,hnsw,inverted_index,pinned_match,False,,,,True,,,0,5,5,,,,54.20709639787674,0,0,1,0.0007575489580631256,False,,,0.0007575489580631256,,,,,,,,,,,
lp_precheck,k=5_alpha=2,42,311_calls_historic_data_a_fair.csv,1,1,5,2,0.3,0.15,True,100,csv,hnsw,inverted_index,pinned_match,True,,,,True,,,0,10,5,,,,34.85546672344208,0,0,2,0.001418238040059805,True,True,0.0004467838443815708,0.001418238040059805,,,,,,,,,,,
lp_precheck,k=5_alpha=2,42,311_calls_historic_data_a_fair.csv,1,1,5,2,0.3,0.15,True,100,csv,hnsw,inverted_index,pinned_match,False,,,,True,,,0,10,5,,,,34.85546672344208,0,0,2,0.0009050760418176651,False,,,0.0009050760418176651,,,,,,,,,,,
lp_precheck,k=5_alpha=2,42,abandoned_wells_a_fair.csv,6,1,5,2,0.3,0.15,True,100,csv,hnsw,inverted_index,pinned_match,True,,,,True,,,0,10,5,,,,32.901400208473206,0,0,2,0.0013291388750076294,True,True,0.0004434720613062382,0.0013291388750076294,,,,,,,,,,,
lp_precheck,k=5_alpha=2,42,abandoned_wells_a_fair.csv,6,1,5,2,0.3,0.15,True,100,csv,hnsw,inverted_index,pinned_match,False,,,,True,,,0,10,5,,,,32.901400208473206,0,0,2,0.0008908358868211508,False,,,0.0008908358868211508,,,,,,,,,,,
lp_precheck,k=5_alpha=2,42,albums_a_fair.csv,4,1,5,2,0.3,0.15,True,100,csv,hnsw,inverted_index,pinned_match,True,,,,True,,,0,10,5,,,,20.978315472602844,0,0,2,0.0012807000894099474,True,True,0.0004480138886719942,0.0012807000894099474,,,,,,,,,,,
lp_precheck,k=5_alpha=2,42,albums_a_fair.csv,4,1,5,2,0.3,0.15,True,100,csv,hnsw,inverted_index,pinned_match,False,,,,True,,,0,10,5,,,,20.978315472602844,0,0,2,0.000786538003012538,False,,,0.000786538003012538,,,,,,,,,,,
lp_precheck,k=5_alpha=2,42,animal_tag_data_a_fair.csv,3,1,5,2,0.3,0.15,True,100,csv,hnsw,inverted_index,pinned_match,True,,,,True,,,0,8,5,,,,57.90510606765747,0,0,2,0.0013312899973243475,True,True,0.00044569186866283417,0.0013312899973243475,,,,,,,,,,,
lp_precheck,k=5_alpha=2,42,animal_tag_data_a_fair.csv,3,1,5,2,0.3,0.15,True,100,csv,hnsw,inverted_index,pinned_match,False,,,,True,,,0,8,5,,,,57.90510606765747,0,0,2,0.0008745649829506874,False,,,0.0008745649829506874,,,,,,,,,,,
lp_precheck,k=5_alpha=2,42,animal_tag_data_b_fair.csv,1,1,5,2,0.3,0.15,True,100,csv,hnsw,inverted_index,pinned_match,True,,,,True,,,0,9,5,,,,53.381404638290405,0,0,2,0.0013288790360093117,True,True,0.000446992926299572,0.0013288790360093117,,,,,,,,,,,
lp_precheck,k=5_alpha=2,42,animal_tag_data_b_fair.csv,1,1,5,2,0.3,0.15,True,100,csv,hnsw,inverted_index,pinned_match,False,,,,True,,,0,9,5,,,,53.381404638290405,0,0,2,0.0008584170136600733,False,,,0.0008584170136600733,,,,,,,,,,,
lp_precheck,k=5_alpha=2,42,cdc_nutrition_physical_activity_and_obesity_legislation_a_fair.csv,1,1,5,2,0.3,0.15,True,100,csv,hnsw,inverted_index,pinned_match,True,,,,True,,,0,10,5,,,,37.7597399353981,0,0,2,0.0013312988448888063,True,True,0.0004389530513435602,0.0013312988448888063,,,,,,,,,,,
lp_precheck,k=5_alpha=2,42,cdc_nutrition_physical_activity_and_obesity_legislation_a_fair.csv,1,1,5,2,0.3,0.15,True,100,csv,hnsw,inverted_index,pinned_match,False,,,,True,,,0,10,5,,,,37.7597399353981,0,0,2,0.0008622060995548964,False,,,0.0008622060995548964,,,,,,,,,,,
lp_precheck,k=5_alpha=2,42,cihr_co-applicant_a_fair.csv,3,1,5,2,0.3,0.15,True,100,csv,hnsw,inverted_index,pinned_match,True,,,,True,,,0,8,5,,,,59.383088529109955,0,0,2,0.001309290062636137,True,True,0.000423613004386425,0.001309290062636137,,,,,,,,,,,
lp_precheck,k=5_alpha=2,42,cihr_co-applicant_a_fair.csv,3,1,5,2,0.3,0.15,True,100,csv,hnsw,inverted_index,pinned_match,False,,,,True,,,0,8,5,,,,59.383088529109955,0,0,2,0.0008645069319754839,False,,,0.0008645069319754839,,,,,,,,,,,
lp_precheck,k=5_alpha=2,42,cihr_co-applicant_b_fair.csv,2,1,5,2,0.3,0.15,True,100,csv,hnsw,inverted_index,pinned_match,True,,,,True,,,0,5,5,,,,54.323054790496826,0,0,2,0.001241820864379406,True,True,0.0004396929871290922,0.001241820864379406,,,,,,,,,,,
lp_precheck,k=5_alpha=2,42,cihr_co-applicant_b_fair.csv,2,1,5,2,0.3,0.15,True,100,csv,hnsw,inverted_index,pinned_match,False,,,,True,,,0,5,5,,,,54.323054790496826,0,0,2,0.0007881280034780502,False,,,0.0007881280034780502,,,,,,,,,,,
lp_precheck,k=5_alpha=2,42,civic_building_locations_a_fair.csv,3,1,5,2,0.3,0.15,True,100,csv,hnsw,inverted_index,pinned_match,True,,,,True,,,0,6,5,,,,74.34771376848221,0,0,2,0.001356879947707057,True,True,0.0004495831672102213,0.001356879947707057,,,,,,,,,,,
lp_precheck,k=5_alpha=2,42,civic_building_locations_a_fair.csv,3,1,5,2,0.3,0.15,True,100,csv,hnsw,inverted_index,pinned_match,False,,,,True,,,0,6,5,,,,74.34771376848221,0,0,2,0.0007904379162937403,False,,,0.0007904379162937403,,,,,,,,,,,
lp_precheck,k=5_alpha=2,42,complaint_by_practice_b_fair.csv,1,1,5,2,0.3,0.15,True,100,csv,hnsw,inverted_index,pinned_match,True,,,,False,stage2_infeasible,,0,5,0,,,,,0,0,2,0.00041668303310871124,True,False,0.00040645315311849117,0.00041668303310871124,,,,,,,,,,,
lp_precheck,k=5_alpha=2,42,complaint_by_practice_b_fair.csv,1,1,5,2,0.3,0.15,True,100,csv,hnsw,inverted_index,pinned_match,False,,,,False,stage2_infeasible,,0,5,0,,,,,0,0,2,0.0005802609957754612,False,,,0.0005802609957754612,,,,,,,,,,,
lp_precheck,k=5_alpha=2,42,contributors_parties_a_fair.csv,2,1,5,2,0.3,0.15,True,100,csv,hnsw,inverted_index,pinned_match,True,,,,True,,,0,10,5,,,,31.91427308320999,0,0,2,0.0013395489659160376,True,True,0.00045910198241472244,0.0013395489659160376,,,,,,,,,,,
lp_precheck,k=5_alpha=2,42,contributors_parties_a_fair.csv,2,1,5,2,0.3,0.15,True,100,csv,hnsw,inverted_index,pinned_match,False,,,,True,,,0,10,5,,,,31.91427308320999,0,0,2,0.0008783361408859491,False,,,0.0008783361408859491,,,,,,,,,,,
lp_precheck,k=5_alpha=2,42,contributors_parties_b_fair.csv,0,1,5,2,0.3,0.15,True,100,csv,hnsw,inverted_index,pinned_match,True,,,,True,,,0,10,5,,,,23.276744186878204,0,0,2,0.0013343289028853178,True,True,0.00044547300785779953,0.0013343289028853178,,,,,,,,,,,
lp_precheck,k=5_alpha=2,42,contributors_parties_b_fair.csv,0,1,5,2,0.3,0.15,True,100,csv,hnsw,inverted_index,pinned_match,False,,,,True,,,0,10,5,,,,23.276744186878204,0,0,2,0.0008750371634960175,False,,,0.0008750371634960175,,,,,,,,,,,
lp_precheck,k=5_alpha=2,42,data_mill_a_fair.csv,4,1,5,2,0.3,0.15,True,100,csv,hnsw,inverted_index,pinned_match,True,,,,True,,,0,5,5,,,,94.36094391345978,0,0,2,0.0013891889248043299,True,True,0.00041089393198490143,0.0013891889248043299,,,,,,,,,,,
lp_precheck,k=5_alpha=2,42,data_mill_a_fair.csv,4,1,5,2,0.3,0.15,True,100,csv,hnsw,inverted_index,pinned_match,False,,,,True,,,0,5,5,,,,94.36094391345978,0,0,2,0.000820977846160531,False,,,0.000820977846160531,,,,,,,,,,,
lp_precheck,k=5_alpha=2,42,deaths_2012_2018_a_fair.csv,5,1,5,2,0.3,0.15,True,100,csv,hnsw,inverted_index,pinned_match,True,,,,True,,,0,9,5,,,,38.48299306631088,0,0,2,0.001353688072413206,True,True,0.0004425018560141325,0.001353688072413206,,,,,,,,,,,
lp_precheck,k=5_alpha=2,42,deaths_2012_2018_a_fair.csv,5,1,5,2,0.3,0.15,True,100,csv,hnsw,inverted_index,pinned_match,False,,,,True,,,0,9,5,,,,38.48299306631088,0,0,2,0.000850927084684372,False,,,0.000850927084684372,,,,,,,,,,,
lp_precheck,k=5_alpha=2,42,immigration_records_a_fair.csv,2,1,5,2,0.3,0.15,True,100,csv,hnsw,inverted_index,pinned_match,True,,,,True,,,0,10,5,,,,31.710428655147552,0,0,2,0.0013504289090633392,True,True,0.00045110308565199375,0.0013504289090633392,,,,,,,,,,,
lp_precheck,k=5_alpha=2,42,immigration_records_a_fair.csv,2,1,5,2,0.3,0.15,True,100,csv,hnsw,inverted_index,pinned_match,False,,,,True,,,0,10,5,,,,31.710428655147552,0,0,2,0.0008877359796315432,False,,,0.0008877359796315432,,,,,,,,,,,
lp_precheck,k=5_alpha=2,42,ipopayments_a_fair.csv,0,1,5,2,0.3,0.15,True,100,csv,hnsw,inverted_index,pinned_match,True,,,,True,,,0,10,5,,,,42.75763553380966,0,0,2,0.0013770279474556446,True,True,0.00045910198241472244,0.0013770279474556446,,,,,,,,,,,
lp_precheck,k=5_alpha=2,42,ipopayments_a_fair.csv,0,1,5,2,0.3,0.15,True,100,csv,hnsw,inverted_index,pinned_match,False,,,,True,,,0,10,5,,,,42.75763553380966,0,0,2,0.0008908570744097233,False,,,0.0008908570744097233,,,,,,,,,,,
lp_precheck,k=5_alpha=2,42,ipopayments_b_fair.csv,2,1,5,2,0.3,0.15,True,100,csv,hnsw,inverted_index,pinned_match,True,,,,True,,,0,7,5,,,,42.801045536994934,0,0,2,0.0013483790680766106,True,True,0.00043342309072613716,0.0013483790680766106,,,,,,,,,,,
lp_precheck,k=5_alpha=2,42,ipopayments_b_fair.csv,2,1,5,2,0.3,0.15,True,100,csv,hnsw,inverted_index,pinned_match,False,,,,True,,,0,7,5,,,,42.801045536994934,0,0,2,0.0008710271213203669,False,,,0.0008710271213203669,,,,,,,,,,,
lp_precheck,k=5_alpha=2,42,job_pay_scales_a_fair.csv,4,1,5,2,0.3,0.15,True,100,csv,hnsw,inverted_index,pinned_match,True,,,,True,,,0,10,5,,,,49.827314019203186,0,0,2,0.0013436090666800737,True,True,0.0004444441292434931,0.0013436090666800737,,,,,,,,,,,
lp_precheck,k=5_alpha=2,42,job_pay_scales_a_fair.csv,4,1,5,2,0.3,0.15,True,100,csv,hnsw,inverted_index,pinned_match,False,,,,True,,,0,10,5,,,,49.827314019203186,0,0,2,0.0008956158999353647,False,,,0.0008956158999353647,,,,,,,,,,,
lp_precheck,k=5_alpha=2,42,lane_description_a_fair.csv,1,1,5,2,0.3,0.15,True,100,csv,hnsw,inverted_index,pinned_match,True,,,,True,,,0,8,5,,,,68.61264032125473,0,0,2,0.0012794099748134613,True,True,0.00044575403444468975,0.0012794099748134613,,,,,,,,,,,
lp_precheck,k=5_alpha=2,42,lane_description_a_fair.csv,1,1,5,2,0.3,0.15,True,100,csv,hnsw,inverted_index,pinned_match,False,,,,True,,,0,8,5,,,,68.61264032125473,0,0,2,0.0007989781443029642,False,,,0.0007989781443029642,,,,,,,,,,,
lp_precheck,k=5_alpha=2,42,mines_a_fair.csv,5,1,5,2,0.3,0.15,True,100,csv,hnsw,inverted_index,pinned_match,True,,,,True,,,0,10,5,,,,39.248196840286255,0,0,2,0.0013137590140104294,True,True,0.000438392860814929,0.0013137590140104294,,,,,,,,,,,
lp_precheck,k=5_alpha=2,42,mines_a_fair.csv,5,1,5,2,0.3,0.15,True,100,csv,hnsw,inverted_index,pinned_match,False,,,,True,,,0,10,5,,,,39.248196840286255,0,0,2,0.0008677570149302483,False,,,0.0008677570149302483,,,,,,,,,,,
lp_precheck,k=5_alpha=2,42,minister_meetings_a_fair.csv,4,1,5,2,0.3,0.15,True,100,csv,hnsw,inverted_index,pinned_match,True,,,,True,,,0,8,5,,,,23.825201153755188,0,0,2,0.0013246189337223768,True,True,0.0004367430228739977,0.0013246189337223768,,,,,,,,,,,
lp_precheck,k=5_alpha=2,42,minister_meetings_a_fair.csv,4,1,5,2,0.3,0.15,True,100,csv,hnsw,inverted_index,pinned_match,False,,,,True,,,0,8,5,,,,23.825201153755188,0,0,2,0.0008554470259696245,False,,,0.0008554470259696245,,,,,,,,,,,
lp_precheck,k=5_alpha=2,42,monthly_data_feed_a_fair.csv,11,1,5,2,0.3,0.15,True,100,csv,hnsw,inverted_index,pinned_match,True,,,,True,,,0,6,5,,,,93.06950443983078,0,0,2,0.0012668899726122618,True,True,0.0004241031128913164,0.0012668899726122618,,,,,,,,,,,
lp_precheck,k=5_alpha=2,42,monthly_data_feed_a_fair.csv,11,1,5,2,0.3,0.15,True,100,csv,hnsw,inverted_index,pinned_match,False,,,,True,,,0,6,5,,,,93.06950443983078,0,0,2,0.0008222269825637341,False,,,0.0008222269825637341,,,,,,,,,,,
lp_precheck,k=5_alpha=2,42,new_york_city_restaurant_inspection_results_a_fair.csv,6,1,5,2,0.3,0.15,True,100,csv,hnsw,inverted_index,pinned_match,True,,,,True,,,0,9,5,,,,38.18224024772644,0,0,2,0.0013780388981103897,True,True,0.00043823407031595707,0.0013780388981103897,,,,,,,,,,,
lp_precheck,k=5_alpha=2,42,new_york_city_restaurant_inspection_results_a_fair.csv,6,1,5,2,0.3,0.15,True,100,csv,hnsw,inverted_index,pinned_match,False,,,,True,,,0,9,5,,,,38.18224024772644,0,0,2,0.000899104867130518,False,,,0.000899104867130518,,,,,,,,,,,
lp_precheck,k=5_alpha=2,42,oil_and_gas_summary_production_data_1967_1999_a_fair.csv,2,1,5,2,0.3,0.15,True,100,csv,hnsw,inverted_index,pinned_match,True,,,,True,,,0,10,5,,,,39.287487745285034,0,0,2,0.0013695699162781239,True,True,0.0004537838976830244,0.0013695699162781239,,,,,,,,,,,
lp_precheck,k=5_alpha=2,42,oil_and_gas_summary_production_data_1967_1999_a_fair.csv,2,1,5,2,0.3,0.15,True,100,csv,hnsw,inverted_index,pinned_match,False,,,,True,,,0,10,5,,,,39.287487745285034,0,0,2,0.0008804961107671261,False,,,0.0008804961107671261,,,,,,,,,,,
lp_precheck,k=5_alpha=2,42,practice_reference_a_fair.csv,6,1,5,2,0.3,0.15,True,100,csv,hnsw,inverted_index,pinned_match,True,,,,True,,,0,10,5,,,,39.674411833286285,0,0,2,0.0013372888788580894,True,True,0.0004414019640535116,0.0013372888788580894,,,,,,,,,,,
lp_precheck,k=5_alpha=2,42,practice_reference_a_fair.csv,6,1,5,2,0.3,0.15,True,100,csv,hnsw,inverted_index,pinned_match,False,,,,True,,,0,10,5,,,,39.674411833286285,0,0,2,0.0008650349918752909,False,,,0.0008650349918752909,,,,,,,,,,,
lp_precheck,k=5_alpha=2,42,practice_reference_b_fair.csv,5,1,5,2,0.3,0.15,True,100,csv,hnsw,inverted_index,pinned_match,True,,,,True,,,0,10,5,,,,34.133653819561005,0,0,2,0.0013326499611139297,True,True,0.00044083409011363983,0.0013326499611139297,,,,,,,,,,,
lp_precheck,k=5_alpha=2,42,practice_reference_b_fair.csv,5,1,5,2,0.3,0.15,True,100,csv,hnsw,inverted_index,pinned_match,False,,,,True,,,0,10,5,,,,34.133653819561005,0,0,2,0.0008764970116317272,False,,,0.0008764970116317272,,,,,,,,,,,
lp_precheck,k=5_alpha=2,42,prescribing_a_fair.csv,14,1,5,2,0.3,0.15,True,100,csv,hnsw,inverted_index,pinned_match,True,,,,True,,,0,5,5,,,,90.56474554538727,0,0,2,0.0012282200623303652,True,True,0.0004116238560527563,0.0012282200623303652,,,,,,,,,,,
lp_precheck,k=5_alpha=2,42,prescribing_a_fair.csv,14,1,5,2,0.3,0.15,True,100,csv,hnsw,inverted_index,pinned_match,False,,,,True,,,0,5,5,,,,90.56474554538727,0,0,2,0.0007792280521243811,False,,,0.0007792280521243811,,,,,,,,,,,
lp_precheck,k=5_alpha=2,42,prescribing_b_fair.csv,13,1,5,2,0.3,0.15,True,100,csv,hnsw,inverted_index,pinned_match,True,,,,True,,,0,6,5,,,,92.55432134866714,0,0,2,0.0012742888648062944,True,True,0.0004177340306341648,0.0012742888648062944,,,,,,,,,,,
lp_precheck,k=5_alpha=2,42,prescribing_b_fair.csv,13,1,5,2,0.3,0.15,True,100,csv,hnsw,inverted_index,pinned_match,False,,,,True,,,0,6,5,,,,92.55432134866714,0,0,2,0.0007910879794508219,False,,,0.0007910879794508219,,,,,,,,,,,
lp_precheck,k=5_alpha=2,42,psyckes_antipsychotic_polypharmacy_quality_indicators_beginning_2012_a_fair.csv,3,1,5,2,0.3,0.15,True,100,csv,hnsw,inverted_index,pinned_match,True,,,,True,,,0,10,5,,,,32.38114655017853,0,0,2,0.0013370499946177006,True,True,0.00045114289969205856,0.0013370499946177006,,,,,,,,,,,
lp_precheck,k=5_alpha=2,42,psyckes_antipsychotic_polypharmacy_quality_indicators_beginning_2012_a_fair.csv,3,1,5,2,0.3,0.15,True,100,csv,hnsw,inverted_index,pinned_match,False,,,,True,,,0,10,5,,,,32.38114655017853,0,0,2,0.0008753461297601461,False,,,0.0008753461297601461,,,,,,,,,,,
lp_precheck,k=5_alpha=2,42,purchasing_card_a_fair.csv,1,1,5,2,0.3,0.15,True,100,csv,hnsw,inverted_index,pinned_match,True,,,,True,,,0,10,5,,,,49.32323867082596,0,0,2,0.001264581922441721,True,True,0.00044560409151017666,0.001264581922441721,,,,,,,,,,,
lp_precheck,k=5_alpha=2,42,purchasing_card_a_fair.csv,1,1,5,2,0.3,0.15,True,100,csv,hnsw,inverted_index,pinned_match,False,,,,True,,,0,10,5,,,,49.32323867082596,0,0,2,0.000789988087490201,False,,,0.000789988087490201,,,,,,,,,,,
lp_precheck,k=5_alpha=2,42,report_card_discipline_for_2015_16_a_fair.csv,2,1,5,2,0.3,0.15,True,100,csv,hnsw,inverted_index,pinned_match,True,,,,True,,,0,10,5,,,,41.66633087396622,0,0,2,0.0013495490420609713,True,True,0.00045989383943378925,0.0013495490420609713,,,,,,,,,,,
lp_precheck,k=5_alpha=2,42,report_card_discipline_for_2015_16_a_fair.csv,2,1,5,2,0.3,0.15,True,100,csv,hnsw,inverted_index,pinned_match,False,,,,True,,,0,10,5,,,,41.66633087396622,0,0,2,0.0008768369443714619,False,,,0.0008768369443714619,,,,,,,,,,,
lp_precheck,k=5_alpha=2,42,time_spent_watching_vcr_movies_a_fair.csv,4,1,5,2,0.3,0.15,True,100,csv,hnsw,inverted_index,pinned_match,True,,,,True,,,0,5,5,,,,20.509933412075043,0,0,2,0.0012226111721247435,True,True,0.00042705400846898556,0.0012226111721247435,,,,,,,,,,,
lp_precheck,k=5_alpha=2,42,time_spent_watching_vcr_movies_a_fair.csv,4,1,5,2,0.3,0.15,True,100,csv,hnsw,inverted_index,pinned_match,False,,,,True,,,0,5,5,,,,20.509933412075043,0,0,2,0.0007645790465176105,False,,,0.0007645790465176105,,,,,,,,,,,
lp_precheck,k=5_alpha=2,42,tuition_assistance_program_tap_recipients_a_fair.csv,5,1,5,2,0.3,0.15,True,100,csv,hnsw,inverted_index,pinned_match,True,,,,True,,,0,10,5,,,,31.840124189853668,0,0,2,0.0013585900887846947,True,True,0.00043947319500148296,0.0013585900887846947,,,,,,,,,,,
lp_precheck,k=5_alpha=2,42,tuition_assistance_program_tap_recipients_a_fair.csv,5,1,5,2,0.3,0.15,True,100,csv,hnsw,inverted_index,pinned_match,False,,,,True,,,0,10,5,,,,31.840124189853668,0,0,2,0.0009339060634374619,False,,,0.0009339060634374619,,,,,,,,,,,
lp_precheck,k=5_alpha=2,42,ydn_spending_data_a_fair.csv,1,1,5,2,0.3,0.15,True,100,csv,hnsw,inverted_index,pinned_match,True,,,,True,,,0,6,5,,,,54.91674071550369,0,0,2,0.0012437510304152966,True,True,0.0004274439997971058,0.0012437510304152966,,,,,,,,,,,
lp_precheck,k=5_alpha=2,42,ydn_spending_data_a_fair.csv,1,1,5,2,0.3,0.15,True,100,csv,hnsw,inverted_index,pinned_match,False,,,,True,,,0,6,5,,,,54.91674071550369,0,0,2,0.0007999569643288851,False,,,0.0007999569643288851,,,,,,,,,,,
lp_precheck,k=5_alpha=2,42,ydn_spending_data_b_fair.csv,11,1,5,2,0.3,0.15,True,100,csv,hnsw,inverted_index,pinned_match,True,,,,True,,,0,6,5,,,,55.82540774345398,0,0,2,0.0012420897837728262,True,True,0.0004236428067088127,0.0012420897837728262,,,,,,,,,,,
lp_precheck,k=5_alpha=2,42,ydn_spending_data_b_fair.csv,11,1,5,2,0.3,0.15,True,100,csv,hnsw,inverted_index,pinned_match,False,,,,True,,,0,6,5,,,,55.82540774345398,0,0,2,0.0007837179582566023,False,,,0.0007837179582566023,,,,,,,,,,,
lp_precheck,k=5_alpha=3,42,311_calls_historic_data_a_fair.csv,1,1,5,3,0.3,0.15,True,100,csv,hnsw,inverted_index,pinned_match,True,,,,True,,,0,11,5,,,,35.68177855014801,0,0,3,0.0013488789554685354,True,True,0.00044568278826773167,0.0013488789554685354,,,,,,,,,,,
lp_precheck,k=5_alpha=3,42,311_calls_historic_data_a_fair.csv,1,1,5,3,0.3,0.15,True,100,csv,hnsw,inverted_index,pinned_match,False,,,,True,,,0,11,5,,,,35.68177855014801,0,0,3,0.0008879771921783686,False,,,0.0008879771921783686,,,,,,,,,,,
lp_precheck,k=5_alpha=3,42,abandoned_wells_a_fair.csv,6,1,5,3,0.3,0.15,True,100,csv,hnsw,inverted_index,pinned_match,True,,,,True,,,0,11,5,,,,32.9736590385437,0,0,3,0.0013458288740366697,True,True,0.0004530239384621382,0.0013458288740366697,,,,,,,,,,,
lp_precheck,k=5_alpha=3,42,abandoned_wells_a_fair.csv,6,1,5,3,0.3,0.15,True,100,csv,hnsw,inverted_index,pinned_match,False,,,,True,,,0,11,5,,,,32.9736590385437,0,0,3,0.0008692170958966017,False,,,0.0008692170958966017,,,,,,,,,,,
lp_precheck,k=5_alpha=3,42,albums_a_fair.csv,4,1,5,3,0.3,0.15,True,100,csv,hnsw,inverted_index,pinned_match,True,,,,True,,,0,10,5,,,,20.978315472602844,0,0,3,0.0012498709838837385,True,True,0.00043906294740736485,0.0012498709838837385,,,,,,,,,,,
lp_precheck,k=5_alpha=3,42,albums_a_fair.csv,4,1,5,3,0.3,0.15,True,100,csv,hnsw,inverted_index,pinned_match,False,,,,True,,,0,10,5,,,,20.978315472602844,0,0,3,0.0008078180253505707,False,,,0.0008078180253505707,,,,,,,,,,,
lp_precheck,k=5_alpha=3,42,animal_tag_data_a_fair.csv,3,1,5,3,0.3,0.15,True,100,csv,hnsw,inverted_index,pinned_match,True,,,,True,,,0,8,5,,,,57.90510606765747,0,0,3,0.001338898902758956,True,True,0.00044094398617744446,0.001338898902758956,,,,,,,,,,,
lp_precheck,k=5_alpha=3,42,animal_tag_data_a_fair.csv,3,1,5,3,0.3,0.15,True,100,csv,hnsw,inverted_index,pinned_match,False,,,,True,,,0,8,5,,,,57.90510606765747,0,0,3,0.0008520660921931267,False,,,0.0008520660921931267,,,,,,,,,,,
lp_precheck,k=5_alpha=3,42,animal_tag_data_b_fair.csv,1,1,5,3,0.3,0.15,True,100,csv,hnsw,inverted_index,pinned_match,True,,,,True,,,0,9,5,,,,53.381404638290405,0,0,3,0.001305839978158474,True,True,0.0004246039316058159,0.001305839978158474,,,,,,,,,,,
lp_precheck,k=5_alpha=3,42,animal_tag_data_b_fair.csv,1,1,5,3,0.3,0.15,True,100,csv,hnsw,inverted_index,pinned_match,False,,,,True,,,0,9,5,,,,53.381404638290405,0,0,3,0.0008669160306453705,False,,,0.0008669160306453705,,,,,,,,,,,
lp_precheck,k=5_alpha=3,42,cdc_nutrition_physical_activity_and_obesity_legislation_a_fair.csv,1,1,5,3,0.3,0.15,True,100,csv,hnsw,inverted_index,pinned_match,True,,,,True,,,0,12,5,,,,37.7597399353981,0,0,3,0.0013372690882533789,True,True,0.0004506330005824566,0.0013372690882533789,,,,,,,,,,,
lp_precheck,k=5_alpha=3,42,cdc_nutrition_physical_activity_and_obesity_legislation_a_fair.csv,1,1,5,3,0.3,0.15,True,100,csv,hnsw,inverted_index,pinned_match,False,,,,True,,,0,12,5,,,,37.7597399353981,0,0,3,0.0008759070187807083,False,,,0.0008759070187807083,,,,,,,,,,,
lp_precheck,k=5_alpha=3,42,cihr_co-applicant_a_fair.csv,3,1,5,3,0.3,0.15,True,100,csv,hnsw,inverted_index,pinned_match,True,,,,True,,,0,8,5,,,,59.383088529109955,0,0,3,0.0012654010206460953,True,True,0.0004403339698910713,0.0012654010206460953,,,,,,,,,,,
lp_precheck,k=5_alpha=3,42,cihr_co-applicant_a_fair.csv,3,1,5,3,0.3,0.15,True,100,csv,hnsw,inverted_index,pinned_match,False,,,,True,,,0,8,5,,,,59.383088529109955,0,0,3,0.0007769190706312656,False,,,0.0007769190706312656,,,,,,,,,,,
lp_precheck,k=5_alpha=3,42,cihr_co-applicant_b_fair.csv,2,1,5,3,0.3,0.15,True,100,csv,hnsw,inverted_index,pinned_match,True,,,,True,,,0,5,5,,,,54.323054790496826,0,0,3,0.001232669921591878,True,True,0.00042913295328617096,0.001232669921591878,,,,,,,,,,,
lp_precheck,k=5_alpha=3,42,cihr_co-applicant_b_fair.csv,2,1,5,3,0.3,0.15,True,100,csv,hnsw,inverted_index,pinned_match,False,,,,True,,,0,5,5,,,,54.323054790496826,0,0,3,0.000764448894187808,False,,,0.000764448894187808,,,,,,,,,,,
lp_precheck,k=5_alpha=3,42,civic_building_locations_a_fair.csv,3,1,5,3,0.3,0.15,True,100,csv,hnsw,inverted_index,pinned_match,True,,,,True,,,0,6,5,,,,74.34771376848221,0,0,3,0.0013144800905138254,True,True,0.0004393928684294224,0.0013144800905138254,,,,,,,,,,,
lp_precheck,k=5_alpha=3,42,civic_building_locations_a_fair.csv,3,1,5,3,0.3,0.15,True,100,csv,hnsw,inverted_index,pinned_match,False,,,,True,,,0,6,5,,,,74.34771376848221,0,0,3,0.0007990568410605192,False,,,0.0007990568410605192,,,,,,,,,,,
lp_precheck,k=5_alpha=3,42,complaint_by_practice_b_fair.csv,1,1,5,3,0.3,0.15,True,100,csv,hnsw,inverted_index,pinned_match,True,,,,False,stage2_infeasible,,0,5,0,,,,,0,0,3,0.00041320291347801685,True,False,0.00040317303501069546,0.00041320291347801685,,,,,,,,,,,
lp_precheck,k=5_alpha=3,42,complaint_by_practice_b_fair.csv,1,1,5,3,0.3,0.15,True,100,csv,hnsw,inverted_index,pinned_match,False,,,,False,stage2_infeasible,,0,5,0,,,,,0,0,3,0.0005713009741157293,False,,,0.0005713009741157293,,,,,,,,,,,
lp_precheck,k=5_alpha=3,42,contributors_parties_a_fair.csv,2,1,5,3,0.3,0.15,True,100,csv,hnsw,inverted_index,pinned_match,True,,,,True,,,0,15,5,,,,31.92754966020584,0,0,3,0.001361579168587923,True,True,0.0004483531229197979,0.001361579168587923,,,,,,,,,,,
lp_precheck,k=5_alpha=3,42,contributors_parties_a_fair.csv,2,1,5,3,0.3,0.15,True,100,csv,hnsw,inverted_index,pinned_match,False,,,,True,,,0,15,5,,,,31.92754966020584,0,0,3,0.0008827270939946175,False,,,0.0008827270939946175,,,,,,,,,,,
lp_precheck,k=5_alpha=3,42,contributors_parties_b_fair.csv,0,1,5,3,0.3,0.15,True,100,csv,hnsw,inverted_index,pinned_match,True,,,,True,,,0,15,5,,,,23.67671573162079,0,0,3,0.0013551979791373014,True,True,0.0004484029486775398,0.0013551979791373014,,,,,,,,,,,
lp_precheck,k=5_alpha=3,42,contributors_parties_b_fair.csv,0,1,5,3,0.3,0.15,True,100,csv,hnsw,inverted_index,pinned_match,False,,,,True,,,0,15,5,,,,23.67671573162079,0,0,3,0.0008778569754213095,False,,,0.0008778569754213095,,,,,,,,,,,
lp_precheck,k=5_alpha=3,42,data_mill_a_fair.csv,4,1,5,3,0.3,0.15,True,100,csv,hnsw,inverted_index,pinned_match,True,,,,True,,,0,5,5,,,,94.36094391345978,0,0,3,0.0013332900125533342,True,True,0.0004306640475988388,0.0013332900125533342,,,,,,,,,,,
lp_precheck,k=5_alpha=3,42,data_mill_a_fair.csv,4,1,5,3,0.3,0.15,True,100,csv,hnsw,inverted_index,pinned_match,False,,,,True,,,0,5,5,,,,94.36094391345978,0,0,3,0.000799757894128561,False,,,0.000799757894128561,,,,,,,,,,,
lp_precheck,k=5_alpha=3,42,deaths_2012_2018_a_fair.csv,5,1,5,3,0.3,0.15,True,100,csv,hnsw,inverted_index,pinned_match,True,,,,True,,,0,9,5,,,,38.48299306631088,0,0,3,0.0013390788808465004,True,True,0.00044064316898584366,0.0013390788808465004,,,,,,,,,,,
lp_precheck,k=5_alpha=3,42,deaths_2012_2018_a_fair.csv,5,1,5,3,0.3,0.15,True,100,csv,hnsw,inverted_index,pinned_match,False,,,,True,,,0,9,5,,,,38.48299306631088,0,0,3,0.0008556060492992401,False,,,0.0008556060492992401,,,,,,,,,,,
lp_precheck,k=5_alpha=3,42,immigration_records_a_fair.csv,2,1,5,3,0.3,0.15,True,100,csv,hnsw,inverted_index,pinned_match,True,,,,True,,,0,12,5,,,,36.65781831741333,0,0,3,0.001277910079807043,True,True,0.00045536202378571033,0.001277910079807043,,,,,,,,,,,
lp_precheck,k=5_alpha=3,42,immigration_records_a_fair.csv,2,1,5,3,0.3,0.15,True,100,csv,hnsw,inverted_index,pinned_match,False,,,,True,,,0,12,5,,,,36.65781831741333,0,0,3,0.0008030380122363567,False,,,0.0008030380122363567,,,,,,,,,,,
lp_precheck,k=5_alpha=3,42,ipopayments_a_fair.csv,0,1,5,3,0.3,0.15,True,100,csv,hnsw,inverted_index,pinned_match,True,,,,True,,,0,11,5,,,,42.75763553380966,0,0,3,0.0013301088474690914,True,True,0.00044532399624586105,0.0013301088474690914,,,,,,,,,,,
lp_precheck,k=5_alpha=3,42,ipopayments_a_fair.csv,0,1,5,3,0.3,0.15,True,100,csv,hnsw,inverted_index,pinned_match,False,,,,True,,,0,11,5,,,,42.75763553380966,0,0,3,0.000870357034727931,False,,,0.000870357034727931,,,,,,,,,,,
lp_precheck,k=5_alpha=3,42,ipopayments_b_fair.csv,2,1,5,3,0.3,0.15,True,100,csv,hnsw,inverted_index,pinned_match,True,,,,True,,,0,7,5,,,,42.801045536994934,0,0,3,0.0013304390013217926,True,True,0.00043713394552469254,0.0013304390013217926,,,,,,,,,,,
lp_precheck,k=5_alpha=3,42,ipopayments_b_fair.csv,2,1,5,3,0.3,0.15,True,100,csv,hnsw,inverted_index,pinned_match,False,,,,True,,,0,7,5,,,,42.801045536994934,0,0,3,0.0008745561353862286,False,,,0.0008745561353862286,,,,,,,,,,,
lp_precheck,k=5_alpha=3,42,job_pay_scales_a_fair.csv,4,1,5,3,0.3,0.15,True,100,csv,hnsw,inverted_index,pinned_match,True,,,,True,,,0,10,5,,,,49.827314019203186,0,0,3,0.0013407589867711067,True,True,0.0004310330841690302,0.0013407589867711067,,,,,,,,,,,
lp_precheck,k=5_alpha=3,42,job_pay_scales_a_fair.csv,4,1,5,3,0.3,0.15,True,100,csv,hnsw,inverted_index,pinned_match,False,,,,True,,,0,10,5,,,,49.827314019203186,0,0,3,0.0009107550140470266,False,,,0.0009107550140470266,,,,,,,,,,,
lp_precheck,k=5_alpha=3,42,lane_description_a_fair.csv,1,1,5,3,0.3,0.15,True,100,csv,hnsw,inverted_index,pinned_match,True,,,,True,,,0,8,5,,,,68.61264032125473,0,0,3,0.0012702799867838621,True,True,0.0004440038464963436,0.0012702799867838621,,,,,,,,,,,
lp_precheck,k=5_alpha=3,42,lane_description_a_fair.csv,1,1,5,3,0.3,0.15,True,100,csv,hnsw,inverted_index,pinned_match,False,,,,True,,,0,8,5,,,,68.61264032125473,0,0,3,0.0007800981402397156,False,,,0.0007800981402397156,,,,,,,,,,,
lp_precheck,k=5_alpha=3,42,mines_a_fair.csv,5,1,5,3,0.3,0.15,True,100,csv,hnsw,inverted_index,pinned_match,True,,,,True,,,0,12,5,,,,39.248196840286255,0,0,3,0.0012775599025189877,True,True,0.00044800317846238613,0.0012775599025189877,,,,,,,,,,,
lp_precheck,k=5_alpha=3,42,mines_a_fair.csv,5,1,5,3,0.3,0.15,True,100,csv,hnsw,inverted_index,pinned_match,False,,,,True,,,0,12,5,,,,39.248196840286255,0,0,3,0.0008552870713174343,False,,,0.0008552870713174343,,,,,,,,,,,
lp_precheck,k=5_alpha=3,42,minister_meetings_a_fair.csv,4,1,5,3,0.3,0.15,True,100,csv,hnsw,inverted_index,pinned_match,True,,,,True,,,0,8,5,,,,23.825201153755188,0,0,3,0.0013166789431124926,True,True,0.0004540928639471531,0.0013166789431124926,,,,,,,,,,,
lp_precheck,k=5_alpha=3,42,minister_meetings_a_fair.csv,4,1,5,3,0.3,0.15,True,100,csv,hnsw,inverted_index,pinned_match,False,,,,True,,,0,8,5,,,,23.825201153755188,0,0,3,0.0008584270253777504,False,,,0.0008584270253777504,,,,,,,,,,,
lp_precheck,k=5_alpha=3,42,monthly_data_feed_a_fair.csv,11,1,5,3,0.3,0.15,True,100,csv,hnsw,inverted_index,pinned_match,True,,,,True,,,0,6,5,,,,93.06950443983078,0,0,3,0.0012601199559867382,True,True,0.0004363839980214834,0.0012601199559867382,,,,,,,,,,,
lp_precheck,k=5_alpha=3,42,monthly_data_feed_a_fair.csv,11,1,5,3,0.3,0.15,True,100,csv,hnsw,inverted_index,pinned_match,False,,,,True,,,0,6,5,,,,93.06950443983078,0,0,3,0.000792667968198657,False,,,0.000792667968198657,,,,,,,,,,,
lp_precheck,k=5_alpha=3,42,new_york_city_restaurant_inspection_results_a_fair.csv,6,1,5,3,0.3,0.15,True,100,csv,hnsw,inverted_index,pinned_match,True,,,,True,,,0,9,5,,,,38.18224024772644,0,0,3,0.001346898963674903,True,True,0.0004438632167875767,0.001346898963674903,,,,,,,,,,,
lp_precheck,k=5_alpha=3,42,new_york_city_restaurant_inspection_results_a_fair.csv,6,1,5,3,0.3,0.15,True,100,csv,hnsw,inverted_index,pinned_match,False,,,,True,,,0,9,5,,,,38.18224024772644,0,0,3,0.0008933651261031628,False,,,0.0008933651261031628,,,,,,,,,,,
lp_precheck,k=5_alpha=3,42,oil_and_gas_summary_production_data_1967_1999_a_fair.csv,2,1,5,3,0.3,0.15,True,100,csv,hnsw,inverted_index,pinned_match,True,,,,True,,,0,12,5,,,,40.74062728881836,0,0,3,0.001334628788754344,True,True,0.0004351329989731312,0.001334628788754344,,,,,,,,,,,
lp_precheck,k=5_alpha=3,42,oil_and_gas_summary_production_data_1967_1999_a_fair.csv,2,1,5,3,0.3,0.15,True,100,csv,hnsw,inverted_index,pinned_match,False,,,,True,,,0,12,5,,,,40.74062728881836,0,0,3,0.0008701670449227095,False,,,0.0008701670449227095,,,,,,,,,,,
lp_precheck,k=5_alpha=3,42,practice_reference_a_fair.csv,6,1,5,3,0.3,0.15,True,100,csv,hnsw,inverted_index,pinned_match,True,,,,True,,,0,13,5,,,,39.72701597213745,0,0,3,0.001375609077513218,True,True,0.0004548528231680393,0.001375609077513218,,,,,,,,,,,
lp_precheck,k=5_alpha=3,42,practice_reference_a_fair.csv,6,1,5,3,0.3,0.15,True,100,csv,hnsw,inverted_index,pinned_match,False,,,,True,,,0,13,5,,,,39.72701597213745,0,0,3,0.0008728858083486557,False,,,0.0008728858083486557,,,,,,,,,,,
lp_precheck,k=5_alpha=3,42,practice_reference_b_fair.csv,5,1,5,3,0.3,0.15,True,100,csv,hnsw,inverted_index,pinned_match,True,,,,True,,,0,13,5,,,,34.15468192100525,0,0,3,0.0013550880830734968,True,True,0.00045958394184708595,0.0013550880830734968,,,,,,,,,,,
lp_precheck,k=5_alpha=3,42,practice_reference_b_fair.csv,5,1,5,3,0.3,0.15,True,100,csv,hnsw,inverted_index,pinned_match,False,,,,True,,,0,13,5,,,,34.15468192100525,0,0,3,0.0008976750541478395,False,,,0.0008976750541478395,,,,,,,,,,,
lp_precheck,k=5_alpha=3,42,prescribing_a_fair.csv,14,1,5,3,0.3,0.15,True,100,csv,hnsw,inverted_index,pinned_match,True,,,,True,,,0,5,5,,,,90.56474554538727,0,0,3,0.001239872071892023,True,True,0.00042735389433801174,0.001239872071892023,,,,,,,,,,,
lp_precheck,k=5_alpha=3,42,prescribing_a_fair.csv,14,1,5,3,0.3,0.15,True,100,csv,hnsw,inverted_index,pinned_match,False,,,,True,,,0,5,5,,,,90.56474554538727,0,0,3,0.0007640579715371132,False,,,0.0007640579715371132,,,,,,,,,,,
lp_precheck,k=5_alpha=3,42,prescribing_b_fair.csv,13,1,5,3,0.3,0.15,True,100,csv,hnsw,inverted_index,pinned_match,True,,,,True,,,0,6,5,,,,92.55432134866714,0,0,3,0.0012593499850481749,True,True,0.0004416641313582659,0.0012593499850481749,,,,,,,,,,,
lp_precheck,k=5_alpha=3,42,prescribing_b_fair.csv,13,1,5,3,0.3,0.15,True,100,csv,hnsw,inverted_index,pinned_match,False,,,,True,,,0,6,5,,,,92.55432134866714,0,0,3,0.0007749469950795174,False,,,0.0007749469950795174,,,,,,,,,,,
lp_precheck,k=5_alpha=3,42,psyckes_antipsychotic_polypharmacy_quality_indicators_beginning_2012_a_fair.csv,3,1,5,3,0.3,0.15,True,100,csv,hnsw,inverted_index,pinned_match,True,,,,True,,,0,13,5,,,,32.533622562885284,0,0,3,0.0013329291250556707,True,True,0.00043949298560619354,0.0013329291250556707,,,,,,,,,,,
lp_precheck,k=5_alpha=3,42,psyckes_antipsychotic_polypharmacy_quality_indicators_beginning_2012_a_fair.csv,3,1,5,3,0.3,0.15,True,100,csv,hnsw,inverted_index,pinned_match,False,,,,True,,,0,13,5,,,,32.533622562885284,0,0,3,0.000888406066223979,False,,,0.000888406066223979,,,,,,,,,,,
lp_precheck,k=5_alpha=3,42,purchasing_card_a_fair.csv,1,1,5,3,0.3,0.15,True,100,csv,hnsw,inverted_index,pinned_match,True,,,,True,,,0,10,5,,,,49.32323867082596,0,0,3,0.001259631011635065,True,True,0.00042896391823887825,0.001259631011635065,,,,,,,,,,,
lp_precheck,k=5_alpha=3,42,purchasing_card_a_fair.csv,1,1,5,3,0.3,0.15,True,100,csv,hnsw,inverted_index,pinned_match,False,,,,True,,,0,10,5,,,,49.32323867082596,0,0,3,0.0007986179552972317,False,,,0.0007986179552972317,,,,,,,,,,,
lp_precheck,k=5_alpha=3,42,report_card_discipline_for_2015_16_a_fair.csv,2,1,5,3,0.3,0.15,True,100,csv,hnsw,inverted_index,pinned_match,True,,,,True,,,0,11,5,,,,42.43440526723862,0,0,3,0.0013309998903423548,True,True,0.00044336309656500816,0.0013309998903423548,,,,,,,,,,,
lp_precheck,k=5_alpha=3,42,report_card_discipline_for_2015_16_a_fair.csv,2,1,5,3,0.3,0.15,True,100,csv,hnsw,inverted_index,pinned_match,False,,,,True,,,0,11,5,,,,42.43440526723862,0,0,3,0.0008854770567268133,False,,,0.0008854770567268133,,,,,,,,,,,
lp_precheck,k=5_alpha=3,42,time_spent_watching_vcr_movies_a_fair.csv,4,1,5,3,0.3,0.15,True,100,csv,hnsw,inverted_index,pinned_match,True,,,,True,,,0,5,5,,,,20.509933412075043,0,0,3,0.0012235709000378847,True,True,0.00043011317029595375,0.0012235709000378847,,,,,,,,,,,
lp_precheck,k=5_alpha=3,42,time_spent_watching_vcr_movies_a_fair.csv,4,1,5,3,0.3,0.15,True,100,csv,hnsw,inverted_index,pinned_match,False,,,,True,,,0,5,5,,,,20.509933412075043,0,0,3,0.0007530080620199442,False,,,0.0007530080620199442,,,,,,,,,,,
lp_precheck,k=5_alpha=3,42,tuition_assistance_program_tap_recipients_a_fair.csv,5,1,5,3,0.3,0.15,True,100,csv,hnsw,inverted_index,pinned_match,True,,,,True,,,0,14,5,,,,35.17638337612152,0,0,3,0.0013832480181008577,True,True,0.00045066396705806255,0.0013832480181008577,,,,,,,,,,,
lp_precheck,k=5_alpha=3,42,tuition_assistance_program_tap_recipients_a_fair.csv,5,1,5,3,0.3,0.15,True,100,csv,hnsw,inverted_index,pinned_match,False,,,,True,,,0,14,5,,,,35.17638337612152,0,0,3,0.0009471059311181307,False,,,0.0009471059311181307,,,,,,,,,,,
lp_precheck,k=5_alpha=3,42,ydn_spending_data_a_fair.csv,1,1,5,3,0.3,0.15,True,100,csv,hnsw,inverted_index,pinned_match,True,,,,True,,,0,6,5,,,,54.91674071550369,0,0,3,0.0012599299661815166,True,True,0.0004433628637343645,0.0012599299661815166,,,,,,,,,,,
lp_precheck,k=5_alpha=3,42,ydn_spending_data_a_fair.csv,1,1,5,3,0.3,0.15,True,100,csv,hnsw,inverted_index,pinned_match,False,,,,True,,,0,6,5,,,,54.91674071550369,0,0,3,0.0007779179140925407,False,,,0.0007779179140925407,,,,,,,,,,,
lp_precheck,k=5_alpha=3,42,ydn_spending_data_b_fair.csv,11,1,5,3,0.3,0.15,True,100,csv,hnsw,inverted_index,pinned_match,True,,,,True,,,0,6,5,,,,55.82540774345398,0,0,3,0.0012478600256145,True,True,0.00044014304876327515,0.0012478600256145,,,,,,,,,,,
lp_precheck,k=5_alpha=3,42,ydn_spending_data_b_fair.csv,11,1,5,3,0.3,0.15,True,100,csv,hnsw,inverted_index,pinned_match,False,,,,True,,,0,6,5,,,,55.82540774345398,0,0,3,0.0007743490859866142,False,,,0.0007743490859866142,,,,,,,,,,,
lp_precheck,k=5_alpha=5,42,311_calls_historic_data_a_fair.csv,1,1,5,5,0.3,0.15,True,100,csv,hnsw,inverted_index,pinned_match,True,,,,True,,,0,11,5,,,,35.68177855014801,0,0,5,0.0013572091702371836,True,True,0.000442293006926775,0.0013572091702371836,,,,,,,,,,,
lp_precheck,k=5_alpha=5,42,311_calls_historic_data_a_fair.csv,1,1,5,5,0.3,0.15,True,100,csv,hnsw,inverted_index,pinned_match,False,,,,True,,,0,11,5,,,,35.68177855014801,0,0,5,0.0008800260256975889,False,,,0.0008800260256975889,,,,,,,,,,,
lp_precheck,k=5_alpha=5,42,abandoned_wells_a_fair.csv,6,1,5,5,0.3,0.15,True,100,csv,hnsw,inverted_index,pinned_match,True,,,,True,,,0,11,5,,,,32.9736590385437,0,0,5,0.001326058991253376,True,True,0.00044668419286608696,0.001326058991253376,,,,,,,,,,,
lp_precheck,k=5_alpha=5,42,abandoned_wells_a_fair.csv,6,1,5,5,0.3,0.15,True,100,csv,hnsw,inverted_index,pinned_match,False,,,,True,,,0,11,5,,,,32.9736590385437,0,0,5,0.0008719861507415771,False,,,0.0008719861507415771,,,,,,,,,,,
lp_precheck,k=5_alpha=5,42,albums_a_fair.csv,4,1,5,5,0.3,0.15,True,100,csv,hnsw,inverted_index,pinned_match,True,,,,True,,,0,10,5,,,,20.978315472602844,0,0,5,0.0012740599922835827,True,True,0.0004509720019996166,0.0012740599922835827,,,,,,,,,,,
lp_precheck,k=5_alpha=5,42,albums_a_fair.csv,4,1,5,5,0.3,0.15,True,100,csv,hnsw,inverted_index,pinned_match,False,,,,True,,,0,10,5,,,,20.978315472602844,0,0,5,0.0007837368175387383,False,,,0.0007837368175387383,,,,,,,,,,,
lp_precheck,k=5_alpha=5,42,animal_tag_data_a_fair.csv,3,1,5,5,0.3,0.15,True,100,csv,hnsw,inverted_index,pinned_match,True,,,,True,,,0,8,5,,,,57.90510606765747,0,0,5,0.0013387189246714115,True,True,0.0004455731250345707,0.0013387189246714115,,,,,,,,,,,
lp_precheck,k=5_alpha=5,42,animal_tag_data_a_fair.csv,3,1,5,5,0.3,0.15,True,100,csv,hnsw,inverted_index,pinned_match,False,,,,True,,,0,8,5,,,,57.90510606765747,0,0,5,0.0008671069517731667,False,,,0.0008671069517731667,,,,,,,,,,,
lp_precheck,k=5_alpha=5,42,animal_tag_data_b_fair.csv,1,1,5,5,0.3,0.15,True,100,csv,hnsw,inverted_index,pinned_match,True,,,,True,,,0,9,5,,,,53.381404638290405,0,0,5,0.0013343191239982843,True,True,0.0004435530863702297,0.0013343191239982843,,,,,,,,,,,
lp_precheck,k=5_alpha=5,42,animal_tag_data_b_fair.csv,1,1,5,5,0.3,0.15,True,100,csv,hnsw,inverted_index,pinned_match,False,,,,True,,,0,9,5,,,,53.381404638290405,0,0,5,0.000855627004057169,False,,,0.000855627004057169,,,,,,,,,,,
lp_precheck,k=5_alpha=5,42,cdc_nutrition_physical_activity_and_obesity_legislation_a_fair.csv,1,1,5,5,0.3,0.15,True,100,csv,hnsw,inverted_index,pinned_match,True,,,,True,,,0,12,5,,,,37.7597399353981,0,0,5,0.001343169016763568,True,True,0.0004426729865372181,0.001343169016763568,,,,,,,,,,,
lp_precheck,k=5_alpha=5,42,cdc_nutrition_physical_activity_and_obesity_legislation_a_fair.csv,1,1,5,5,0.3,0.15,True,100,csv,hnsw,inverted_index,pinned_match,False,,,,True,,,0,12,5,,,,37.7597399353981,0,0,5,0.0008764569647610188,False,,,0.0008764569647610188,,,,,,,,,,,
lp_precheck,k=5_alpha=5,42,cihr_co-applicant_a_fair.csv,3,1,5,5,0.3,0.15,True,100,csv,hnsw,inverted_index,pinned_match,True,,,,True,,,0,8,5,,,,59.383088529109955,0,0,5,0.0012502800673246384,True,True,0.00042591290548443794,0.0012502800673246384,,,,,,,,,,,
lp_precheck,k=5_alpha=5,42,cihr_co-applicant_a_fair.csv,3,1,5,5,0.3,0.15,True,100,csv,hnsw,inverted_index,pinned_match,False,,,,True,,,0,8,5,,,,59.383088529109955,0,0,5,0.0007984570693224669,False,,,0.0007984570693224669,,,,,,,,,,,
lp_precheck,k=5_alpha=5,42,cihr_co-applicant_b_fair.csv,2,1,5,5,0.3,0.15,True,100,csv,hnsw,inverted_index,pinned_match,True,,,,True,,,0,5,5,,,,54.323054790496826,0,0,5,0.0012120911851525307,True,True,0.000428993022069335,0.0012120911851525307,,,,,,,,,,,
lp_precheck,k=5_alpha=5,42,cihr_co-applicant_b_fair.csv,2,1,5,5,0.3,0.15,True,100,csv,hnsw,inverted_index,pinned_match,False,,,,True,,,0,5,5,,,,54.323054790496826,0,0,5,0.0007729378994554281,False,,,0.0007729378994554281,,,,,,,,,,,
lp_precheck,k=5_alpha=5,42,civic_building_locations_a_fair.csv,3,1,5,5,0.3,0.15,True,100,csv,hnsw,inverted_index,pinned_match,True,,,,True,,,0,6,5,,,,74.34771376848221,0,0,5,0.0012348608579486609,True,True,0.00043903407640755177,0.0012348608579486609,,,,,,,,,,,
lp_precheck,k=5_alpha=5,42,civic_building_locations_a_fair.csv,3,1,5,5,0.3,0.15,True,100,csv,hnsw,inverted_index,pinned_match,False,,,,True,,,0,6,5,,,,74.34771376848221,0,0,5,0.0008566458709537983,False,,,0.0008566458709537983,,,,,,,,,,,
lp_precheck,k=5_alpha=5,42,complaint_by_practice_b_fair.csv,1,1,5,5,0.3,0.15,True,100,csv,hnsw,inverted_index,pinned_match,True,,,,False,stage2_infeasible,,0,5,0,,,,,0,0,5,0.00042458297684788704,True,False,0.00041478313505649567,0.00042458297684788704,,,,,,,,,,,
lp_precheck,k=5_alpha=5,42,complaint_by_practice_b_fair.csv,1,1,5,5,0.3,0.15,True,100,csv,hnsw,inverted_index,pinned_match,False,,,,False,stage2_infeasible,,0,5,0,,,,,0,0,5,0.0005726518575102091,False,,,0.0005726518575102091,,,,,,,,,,,
lp_precheck,k=5_alpha=5,42,contributors_parties_a_fair.csv,2,1,5,5,0.3,0.15,True,100,csv,hnsw,inverted_index,pinned_match,True,,,,True,,,0,17,5,,,,35.42607003450394,0,0,5,0.001402687979862094,True,True,0.00046214298345148563,0.001402687979862094,,,,,,,,,,,
lp_precheck,k=5_alpha=5,42,contributors_parties_a_fair.csv,2,1,5,5,0.3,0.15,True,100,csv,hnsw,inverted_index,pinned_match,False,,,,True,,,0,17,5,,,,35.42607003450394,0,0,5,0.0009006459731608629,False,,,0.0009006459731608629,,,,,,,,,,,
lp_precheck,k=5_alpha=5,42,contributors_parties_b_fair.csv,0,1,5,5,0.3,0.15,True,100,csv,hnsw,inverted_index,pinned_match,True,,,,True,,,0,17,5,,,,24.053523004055023,0,0,5,0.0013701978605240583,True,True,0.0004530420992523432,0.0013701978605240583,,,,,,,,,,,
lp_precheck,k=5_alpha=5,42,contributors_parties_b_fair.csv,0,1,5,5,0.3,0.15,True,100,csv,hnsw,inverted_index,pinned_match,False,,,,True,,,0,17,5,,,,24.053523004055023,0,0,5,0.0008779468480497599,False,,,0.0008779468480497599,,,,,,,,,,,
lp_precheck,k=5_alpha=5,42,data_mill_a_fair.csv,4,1,5,5,0.3,0.15,True,100,csv,hnsw,inverted_index,pinned_match,True,,,,True,,,0,5,5,,,,94.36094391345978,0,0,5,0.0013655279763042927,True,True,0.00042437505908310413,0.0013655279763042927,,,,,,,,,,,
lp_precheck,k=5_alpha=5,42,data_mill_a_fair.csv,4,1,5,5,0.3,0.15,True,100,csv,hnsw,inverted_index,pinned_match,False,,,,True,,,0,5,5,,,,94.36094391345978,0,0,5,0.0008101868443191051,False,,,0.0008101868443191051,,,,,,,,,,,
lp_precheck,k=5_alpha=5,42,deaths_2012_2018_a_fair.csv,5,1,5,5,0.3,0.15,True,100,csv,hnsw,inverted_index,pinned_match,True,,,,True,,,0,9,5,,,,38.48299306631088,0,0,5,0.0013281800784170628,True,True,0.0004269739147275686,0.0013281800784170628,,,,,,,,,,,
lp_precheck,k=5_alpha=5,42,deaths_2012_2018_a_fair.csv,5,1,5,5,0.3,0.15,True,100,csv,hnsw,inverted_index,pinned_match,False,,,,True,,,0,9,5,,,,38.48299306631088,0,0,5,0.0008696159347891808,False,,,0.0008696159347891808,,,,,,,,,,,
lp_precheck,k=5_alpha=5,42,immigration_records_a_fair.csv,2,1,5,5,0.3,0.15,True,100,csv,hnsw,inverted_index,pinned_match,True,,,,True,,,0,12,5,,,,36.65781831741333,0,0,5,0.001276850001886487,True,True,0.00044898386113345623,0.001276850001886487,,,,,,,,,,,
lp_precheck,k=5_alpha=5,42,immigration_records_a_fair.csv,2,1,5,5,0.3,0.15,True,100,csv,hnsw,inverted_index,pinned_match,False,,,,True,,,0,12,5,,,,36.65781831741333,0,0,5,0.0007886379025876522,False,,,0.0007886379025876522,,,,,,,,,,,
lp_precheck,k=5_alpha=5,42,ipopayments_a_fair.csv,0,1,5,5,0.3,0.15,True,100,csv,hnsw,inverted_index,pinned_match,True,,,,True,,,0,11,5,,,,42.75763553380966,0,0,5,0.0013739378191530704,True,True,0.0004757919814437628,0.0013739378191530704,,,,,,,,,,,
lp_precheck,k=5_alpha=5,42,ipopayments_a_fair.csv,0,1,5,5,0.3,0.15,True,100,csv,hnsw,inverted_index,pinned_match,False,,,,True,,,0,11,5,,,,42.75763553380966,0,0,5,0.000884766923263669,False,,,0.000884766923263669,,,,,,,,,,,
lp_precheck,k=5_alpha=5,42,ipopayments_b_fair.csv,2,1,5,5,0.3,0.15,True,100,csv,hnsw,inverted_index,pinned_match,True,,,,True,,,0,7,5,,,,42.801045536994934,0,0,5,0.0013226999435573816,True,True,0.00043762405402958393,0.0013226999435573816,,,,,,,,,,,
lp_precheck,k=5_alpha=5,42,ipopayments_b_fair.csv,2,1,5,5,0.3,0.15,True,100,csv,hnsw,inverted_index,pinned_match,False,,,,True,,,0,7,5,,,,42.801045536994934,0,0,5,0.0008513571228832006,False,,,0.0008513571228832006,,,,,,,,,,,
lp_precheck,k=5_alpha=5,42,job_pay_scales_a_fair.csv,4,1,5,5,0.3,0.15,True,100,csv,hnsw,inverted_index,pinned_match,True,,,,True,,,0,10,5,,,,49.827314019203186,0,0,5,0.0014145288150757551,True,True,0.00043684407137334347,0.0014145288150757551,,,,,,,,,,,
lp_precheck,k=5_alpha=5,42,job_pay_scales_a_fair.csv,4,1,5,5,0.3,0.15,True,100,csv,hnsw,inverted_index,pinned_match,False,,,,True,,,0,10,5,,,,49.827314019203186,0,0,5,0.0008966370951384306,False,,,0.0008966370951384306,,,,,,,,,,,
lp_precheck,k=5_alpha=5,42,lane_description_a_fair.csv,1,1,5,5,0.3,0.15,True,100,csv,hnsw,inverted_index,pinned_match,True,,,,True,,,0,8,5,,,,68.61264032125473,0,0,5,0.0012541988398879766,True,True,0.0004449840635061264,0.0012541988398879766,,,,,,,,,,,
lp_precheck,k=5_alpha=5,42,lane_description_a_fair.csv,1,1,5,5,0.3,0.15,True,100,csv,hnsw,inverted_index,pinned_match,False,,,,True,,,0,8,5,,,,68.61264032125473,0,0,5,0.0007968777790665627,False,,,0.0007968777790665627,,,,,,,,,,,
lp_precheck,k=5_alpha=5,42,mines_a_fair.csv,5,1,5,5,0.3,0.15,True,100,csv,hnsw,inverted_index,pinned_match,True,,,,True,,,0,12,5,,,,39.248196840286255,0,0,5,0.0012581897899508476,True,True,0.0004500530194491148,0.0012581897899508476,,,,,,,,,,,
lp_precheck,k=5_alpha=5,42,mines_a_fair.csv,5,1,5,5,0.3,0.15,True,100,csv,hnsw,inverted_index,pinned_match,False,,,,True,,,0,12,5,,,,39.248196840286255,0,0,5,0.0008370669092983007,False,,,0.0008370669092983007,,,,,,,,,,,
lp_precheck,k=5_alpha=5,42,minister_meetings_a_fair.csv,4,1,5,5,0.3,0.15,True,100,csv,hnsw,inverted_index,pinned_match,True,,,,True,,,0,8,5,,,,23.825201153755188,0,0,5,0.001334149157628417,True,True,0.00044333399273455143,0.001334149157628417,,,,,,,,,,,
lp_precheck,k=5_alpha=5,42,minister_meetings_a_fair.csv,4,1,5,5,0.3,0.15,True,100,csv,hnsw,inverted_index,pinned_match,False,,,,True,,,0,8,5,,,,23.825201153755188,0,0,5,0.0008521170821040869,False,,,0.0008521170821040869,,,,,,,,,,,
lp_precheck,k=5_alpha=5,42,monthly_data_feed_a_fair.csv,11,1,5,5,0.3,0.15,True,100,csv,hnsw,inverted_index,pinned_match,True,,,,True,,,0,6,5,,,,93.06950443983078,0,0,5,0.0012886309996247292,True,True,0.0004368030931800604,0.0012886309996247292,,,,,,,,,,,
lp_precheck,k=5_alpha=5,42,monthly_data_feed_a_fair.csv,11,1,5,5,0.3,0.15,True,100,csv,hnsw,inverted_index,pinned_match,False,,,,True,,,0,6,5,,,,93.06950443983078,0,0,5,0.0008123060688376427,False,,,0.0008123060688376427,,,,,,,,,,,
lp_precheck,k=5_alpha=5,42,new_york_city_restaurant_inspection_results_a_fair.csv,6,1,5,5,0.3,0.15,True,100,csv,hnsw,inverted_index,pinned_match,True,,,,True,,,0,9,5,,,,38.18224024772644,0,0,5,0.0013559791259467602,True,True,0.0004419139586389065,0.0013559791259467602,,,,,,,,,,,
lp_precheck,k=5_alpha=5,42,new_york_city_restaurant_inspection_results_a_fair.csv,6,1,5,5,0.3,0.15,True,100,csv,hnsw,inverted_index,pinned_match,False,,,,True,,,0,9,5,,,,38.18224024772644,0,0,5,0.0008742359932512045,False,,,0.0008742359932512045,,,,,,,,,,,
lp_precheck,k=5_alpha=5,42,oil_and_gas_summary_production_data_1967_1999_a_fair.csv,2,1,5,5,0.3,0.15,True,100,csv,hnsw,inverted_index,pinned_match,True,,,,True,,,0,12,5,,,,40.74062728881836,0,0,5,0.0013538498897105455,True,True,0.00044932402670383453,0.0013538498897105455,,,,,,,,,,,
lp_precheck,k=5_alpha=5,42,oil_and_gas_summary_production_data_1967_1999_a_fair.csv,2,1,5,5,0.3,0.15,True,100,csv,hnsw,inverted_index,pinned_match,False,,,,True,,,0,12,5,,,,40.74062728881836,0,0,5,0.0008810658473521471,False,,,0.0008810658473521471,,,,,,,,,,,
lp_precheck,k=5_alpha=5,42,practice_reference_a_fair.csv,6,1,5,5,0.3,0.15,True,100,csv,hnsw,inverted_index,pinned_match,True,,,,True,,,0,13,5,,,,39.72701597213745,0,0,5,0.0013375980779528618,True,True,0.000445233890786767,0.0013375980779528618,,,,,,,,,,,
lp_precheck,k=5_alpha=5,42,practice_reference_a_fair.csv,6,1,5,5,0.3,0.15,True,100,csv,hnsw,inverted_index,pinned_match,False,,,,True,,,0,13,5,,,,39.72701597213745,0,0,5,0.0008991151116788387,False,,,0.0008991151116788387,,,,,,,,,,,
lp_precheck,k=5_alpha=5,42,practice_reference_b_fair.csv,5,1,5,5,0.3,0.15,True,100,csv,hnsw,inverted_index,pinned_match,True,,,,True,,,0,13,5,,,,34.15468192100525,0,0,5,0.001350610051304102,True,True,0.00045248190872371197,0.001350610051304102,,,,,,,,,,,
lp_precheck,k=5_alpha=5,42,practice_reference_b_fair.csv,5,1,5,5,0.3,0.15,True,100,csv,hnsw,inverted_index,pinned_match,False,,,,True,,,0,13,5,,,,34.15468192100525,0,0,5,0.0008828050922602415,False,,,0.0008828050922602415,,,,,,,,,,,
lp_precheck,k=5_alpha=5,42,prescribing_a_fair.csv,14,1,5,5,0.3,0.15,True,100,csv,hnsw,inverted_index,pinned_match,True,,,,True,,,0,5,5,,,,90.56474554538727,0,0,5,0.0012205119710415602,True,True,0.000423613004386425,0.0012205119710415602,,,,,,,,,,,
lp_precheck,k=5_alpha=5,42,prescribing_a_fair.csv,14,1,5,5,0.3,0.15,True,100,csv,hnsw,inverted_index,pinned_match,False,,,,True,,,0,5,5,,,,90.56474554538727,0,0,5,0.0007890870328992605,False,,,0.0007890870328992605,,,,,,,,,,,
lp_precheck,k=5_alpha=5,42,prescribing_b_fair.csv,13,1,5,5,0.3,0.15,True,100,csv,hnsw,inverted_index,pinned_match,True,,,,True,,,0,6,5,,,,92.55432134866714,0,0,5,0.0012343900743871927,True,True,0.0004363830666989088,0.0012343900743871927,,,,,,,,,,,
lp_precheck,k=5_alpha=5,42,prescribing_b_fair.csv,13,1,5,5,0.3,0.15,True,100,csv,hnsw,inverted_index,pinned_match,False,,,,True,,,0,6,5,,,,92.55432134866714,0,0,5,0.0008560169953852892,False,,,0.0008560169953852892,,,,,,,,,,,
lp_precheck,k=5_alpha=5,42,psyckes_antipsychotic_polypharmacy_quality_indicators_beginning_2012_a_fair.csv,3,1,5,5,0.3,0.15,True,100,csv,hnsw,inverted_index,pinned_match,True,,,,True,,,0,13,5,,,,32.533622562885284,0,0,5,0.001350729027763009,True,True,0.00044756196439266205,0.001350729027763009,,,,,,,,,,,
lp_precheck,k=5_alpha=5,42,psyckes_antipsychotic_polypharmacy_quality_indicators_beginning_2012_a_fair.csv,3,1,5,5,0.3,0.15,True,100,csv,hnsw,inverted_index,pinned_match,False,,,,True,,,0,13,5,,,,32.533622562885284,0,0,5,0.0008783170487731695,False,,,0.0008783170487731695,,,,,,,,,,,
lp_precheck,k=5_alpha=5,42,purchasing_card_a_fair.csv,1,1,5,5,0.3,0.15,True,100,csv,hnsw,inverted_index,pinned_match,True,,,,True,,,0,10,5,,,,49.32323867082596,0,0,5,0.0012449200730770826,True,True,0.00042994297109544277,0.0012449200730770826,,,,,,,,,,,
lp_precheck,k=5_alpha=5,42,purchasing_card_a_fair.csv,1,1,5,5,0.3,0.15,True,100,csv,hnsw,inverted_index,pinned_match,False,,,,True,,,0,10,5,,,,49.32323867082596,0,0,5,0.0008013078477233648,False,,,0.0008013078477233648,,,,,,,,,,,
lp_precheck,k=5_alpha=5,42,report_card_discipline_for_2015_16_a_fair.csv,2,1,5,5,0.3,0.15,True,100,csv,hnsw,inverted_index,pinned_match,True,,,,True,,,0,11,5,,,,42.43440526723862,0,0,5,0.001350529957562685,True,True,0.00044735311530530453,0.001350529957562685,,,,,,,,,,,
lp_precheck,k=5_alpha=5,42,report_card_discipline_for_2015_16_a_fair.csv,2,1,5,5,0.3,0.15,True,100,csv,hnsw,inverted_index,pinned_match,False,,,,True,,,0,11,5,,,,42.43440526723862,0,0,5,0.000890625175088644,False,,,0.000890625175088644,,,,,,,,,,,
lp_precheck,k=5_alpha=5,42,time_spent_watching_vcr_movies_a_fair.csv,4,1,5,5,0.3,0.15,True,100,csv,hnsw,inverted_index,pinned_match,True,,,,True,,,0,5,5,,,,20.509933412075043,0,0,5,0.0012313020415604115,True,True,0.0004266439937055111,0.0012313020415604115,,,,,,,,,,,
lp_precheck,k=5_alpha=5,42,time_spent_watching_vcr_movies_a_fair.csv,4,1,5,5,0.3,0.15,True,100,csv,hnsw,inverted_index,pinned_match,False,,,,True,,,0,5,5,,,,20.509933412075043,0,0,5,0.0007572690956294537,False,,,0.0007572690956294537,,,,,,,,,,,
lp_precheck,k=5_alpha=5,42,tuition_assistance_program_tap_recipients_a_fair.csv,5,1,5,5,0.3,0.15,True,100,csv,hnsw,inverted_index,pinned_match,True,,,,True,,,0,14,5,,,,35.17638337612152,0,0,5,0.0013643789570778608,True,True,0.00044982205145061016,0.0013643789570778608,,,,,,,,,,,
lp_precheck,k=5_alpha=5,42,tuition_assistance_program_tap_recipients_a_fair.csv,5,1,5,5,0.3,0.15,True,100,csv,hnsw,inverted_index,pinned_match,False,,,,True,,,0,14,5,,,,35.17638337612152,0,0,5,0.0009245758410543203,False,,,0.0009245758410543203,,,,,,,,,,,
lp_precheck,k=5_alpha=5,42,ydn_spending_data_a_fair.csv,1,1,5,5,0.3,0.15,True,100,csv,hnsw,inverted_index,pinned_match,True,,,,True,,,0,6,5,,,,54.91674071550369,0,0,5,0.0012443289160728455,True,True,0.00043956399895250797,0.0012443289160728455,,,,,,,,,,,
lp_precheck,k=5_alpha=5,42,ydn_spending_data_a_fair.csv,1,1,5,5,0.3,0.15,True,100,csv,hnsw,inverted_index,pinned_match,False,,,,True,,,0,6,5,,,,54.91674071550369,0,0,5,0.0007855768781155348,False,,,0.0007855768781155348,,,,,,,,,,,
lp_precheck,k=5_alpha=5,42,ydn_spending_data_b_fair.csv,11,1,5,5,0.3,0.15,True,100,csv,hnsw,inverted_index,pinned_match,True,,,,True,,,0,6,5,,,,55.82540774345398,0,0,5,0.0012322708498686552,True,True,0.0004295739345252514,0.0012322708498686552,,,,,,,,,,,
lp_precheck,k=5_alpha=5,42,ydn_spending_data_b_fair.csv,11,1,5,5,0.3,0.15,True,100,csv,hnsw,inverted_index,pinned_match,False,,,,True,,,0,6,5,,,,55.82540774345398,0,0,5,0.0007669369224458933,False,,,0.0007669369224458933,,,,,,,,,,,
lp_precheck,k=5_alpha=10,42,311_calls_historic_data_a_fair.csv,1,1,5,10,0.3,0.15,True,100,csv,hnsw,inverted_index,pinned_match,True,,,,True,,,0,11,5,,,,35.68177855014801,0,0,10,0.0013509690761566162,True,True,0.0004370741080492735,0.0013509690761566162,,,,,,,,,,,
lp_precheck,k=5_alpha=10,42,311_calls_historic_data_a_fair.csv,1,1,5,10,0.3,0.15,True,100,csv,hnsw,inverted_index,pinned_match,False,,,,True,,,0,11,5,,,,35.68177855014801,0,0,10,0.0008784260135143995,False,,,0.0008784260135143995,,,,,,,,,,,
lp_precheck,k=5_alpha=10,42,abandoned_wells_a_fair.csv,6,1,5,10,0.3,0.15,True,100,csv,hnsw,inverted_index,pinned_match,True,,,,True,,,0,11,5,,,,32.9736590385437,0,0,10,0.001331389183178544,True,True,0.00043213297612965107,0.001331389183178544,,,,,,,,,,,
lp_precheck,k=5_alpha=10,42,abandoned_wells_a_fair.csv,6,1,5,10,0.3,0.15,True,100,csv,hnsw,inverted_index,pinned_match,False,,,,True,,,0,11,5,,,,32.9736590385437,0,0,10,0.0008790569845587015,False,,,0.0008790569845587015,,,,,,,,,,,
lp_precheck,k=5_alpha=10,42,albums_a_fair.csv,4,1,5,10,0.3,0.15,True,100,csv,hnsw,inverted_index,pinned_match,True,,,,True,,,0,10,5,,,,20.978315472602844,0,0,10,0.0012552321422845125,True,True,0.0004520239308476448,0.0012552321422845125,,,,,,,,,,,
lp_precheck,k=5_alpha=10,42,albums_a_fair.csv,4,1,5,10,0.3,0.15,True,100,csv,hnsw,inverted_index,pinned_match,False,,,,True,,,0,10,5,,,,20.978315472602844,0,0,10,0.0008042368572205305,False,,,0.0008042368572205305,,,,,,,,,,,
lp_precheck,k=5_alpha=10,42,animal_tag_data_a_fair.csv,3,1,5,10,0.3,0.15,True,100,csv,hnsw,inverted_index,pinned_match,True,,,,True,,,0,8,5,,,,57.90510606765747,0,0,10,0.001329649006947875,True,True,0.0004423139616847038,0.001329649006947875,,,,,,,,,,,
lp_precheck,k=5_alpha=10,42,animal_tag_data_a_fair.csv,3,1,5,10,0.3,0.15,True,100,csv,hnsw,inverted_index,pinned_match,False,,,,True,,,0,8,5,,,,57.90510606765747,0,0,10,0.0008477671071887016,False,,,0.0008477671071887016,,,,,,,,,,,
lp_precheck,k=5_alpha=10,42,animal_tag_data_b_fair.csv,1,1,5,10,0.3,0.15,True,100,csv,hnsw,inverted_index,pinned_match,True,,,,True,,,0,9,5,,,,53.381404638290405,0,0,10,0.0013351701200008392,True,True,0.00044284318573772907,0.0013351701200008392,,,,,,,,,,,
lp_precheck,k=5_alpha=10,42,animal_tag_data_b_fair.csv,1,1,5,10,0.3,0.15,True,100,csv,hnsw,inverted_index,pinned_match,False,,,,True,,,0,9,5,,,,53.381404638290405,0,0,10,0.0008717570453882217,False,,,0.0008717570453882217,,,,,,,,,,,
lp_precheck,k=5_alpha=10,42,cdc_nutrition_physical_activity_and_obesity_legislation_a_fair.csv,1,1,5,10,0.3,0.15,True,100,csv,hnsw,inverted_index,pinned_match,True,,,,True,,,0,12,5,,,,37.7597399353981,0,0,10,0.0013456090819090605,True,True,0.00043791416101157665,0.0013456090819090605,,,,,,,,,,,
lp_precheck,k=5_alpha=10,42,cdc_nutrition_physical_activity_and_obesity_legislation_a_fair.csv,1,1,5,10,0.3,0.15,True,100,csv,hnsw,inverted_index,pinned_match,False,,,,True,,,0,12,5,,,,37.7597399353981,0,0,10,0.0008641860913485289,False,,,0.0008641860913485289,,,,,,,,,,,
lp_precheck,k=5_alpha=10,42,cihr_co-applicant_a_fair.csv,3,1,5,10,0.3,0.15,True,100,csv,hnsw,inverted_index,pinned_match,True,,,,True,,,0,8,5,,,,59.383088529109955,0,0,10,0.001265859929844737,True,True,0.00042864191345870495,0.001265859929844737,,,,,,,,,,,
lp_precheck,k=5_alpha=10,42,cihr_co-applicant_a_fair.csv,3,1,5,10,0.3,0.15,True,100,csv,hnsw,inverted_index,pinned_match,False,,,,True,,,0,8,5,,,,59.383088529109955,0,0,10,0.0007920379284769297,False,,,0.0007920379284769297,,,,,,,,,,,
lp_precheck,k=5_alpha=10,42,cihr_co-applicant_b_fair.csv,2,1,5,10,0.3,0.15,True,100,csv,hnsw,inverted_index,pinned_match,True,,,,True,,,0,5,5,,,,54.323054790496826,0,0,10,0.0012165410444140434,True,True,0.00041252397932112217,0.0012165410444140434,,,,,,,,,,,
lp_precheck,k=5_alpha=10,42,cihr_co-applicant_b_fair.csv,2,1,5,10,0.3,0.15,True,100,csv,hnsw,inverted_index,pinned_match,False,,,,True,,,0,5,5,,,,54.323054790496826,0,0,10,0.0007777679711580276,False,,,0.0007777679711580276,,,,,,,,,,,
lp_precheck,k=5_alpha=10,42,civic_building_locations_a_fair.csv,3,1,5,10,0.3,0.15,True,100,csv,hnsw,inverted_index,pinned_match,True,,,,True,,,0,6,5,,,,74.34771376848221,0,0,10,0.0012959290761500597,True,True,0.00041983509436249733,0.0012959290761500597,,,,,,,,,,,
lp_precheck,k=5_alpha=10,42,civic_building_locations_a_fair.csv,3,1,5,10,0.3,0.15,True,100,csv,hnsw,inverted_index,pinned_match,False,,,,True,,,0,6,5,,,,74.34771376848221,0,0,10,0.0007948779966682196,False,,,0.0007948779966682196,,,,,,,,,,,
lp_precheck,k=5_alpha=10,42,complaint_by_practice_b_fair.csv,1,1,5,10,0.3,0.15,True,100,csv,hnsw,inverted_index,pinned_match,True,,,,False,stage2_infeasible,,0,5,0,,,,,0,0,10,0.00040023308247327805,True,False,0.00039087305776774883,0.00040023308247327805,,,,,,,,,,,
lp_precheck,k=5_alpha=10,42,complaint_by_practice_b_fair.csv,1,1,5,10,0.3,0.15,True,100,csv,hnsw,inverted_index,pinned_match,False,,,,False,stage2_infeasible,,0,5,0,,,,,0,0,10,0.0005804810207337141,False,,,0.0005804810207337141,,,,,,,,,,,
lp_precheck,k=5_alpha=10,42,contributors_parties_a_fair.csv,2,1,5,10,0.3,0.15,True,100,csv,hnsw,inverted_index,pinned_match,True,,,,True,,,0,17,5,,,,35.42607003450394,0,0,10,0.0013608289882540703,True,True,0.00046722195111215115,0.0013608289882540703,,,,,,,,,,,
lp_precheck,k=5_alpha=10,42,contributors_parties_a_fair.csv,2,1,5,10,0.3,0.15,True,100,csv,hnsw,inverted_index,pinned_match,False,,,,True,,,0,17,5,,,,35.42607003450394,0,0,10,0.0008818369824439287,False,,,0.0008818369824439287,,,,,,,,,,,
lp_precheck,k=5_alpha=10,42,contributors_parties_b_fair.csv,0,1,5,10,0.3,0.15,True,100,csv,hnsw,inverted_index,pinned_match,True,,,,True,,,0,17,5,,,,24.053523004055023,0,0,10,0.0013678381219506264,True,True,0.000457162968814373,0.0013678381219506264,,,,,,,,,,,
lp_precheck,k=5_alpha=10,42,contributors_parties_b_fair.csv,0,1,5,10,0.3,0.15,True,100,csv,hnsw,inverted_index,pinned_match,False,,,,True,,,0,17,5,,,,24.053523004055023,0,0,10,0.0008916661608964205,False,,,0.0008916661608964205,,,,,,,,,,,
lp_precheck,k=5_alpha=10,42,data_mill_a_fair.csv,4,1,5,10,0.3,0.15,True,100,csv,hnsw,inverted_index,pinned_match,True,,,,True,,,0,5,5,,,,94.36094391345978,0,0,10,0.0013794992119073868,True,True,0.00042523397132754326,0.0013794992119073868,,,,,,,,,,,
lp_precheck,k=5_alpha=10,42,data_mill_a_fair.csv,4,1,5,10,0.3,0.15,True,100,csv,hnsw,inverted_index,pinned_match,False,,,,True,,,0,5,5,,,,94.36094391345978,0,0,10,0.0007868788670748472,False,,,0.0007868788670748472,,,,,,,,,,,
lp_precheck,k=5_alpha=10,42,deaths_2012_2018_a_fair.csv,5,1,5,10,0.3,0.15,True,100,csv,hnsw,inverted_index,pinned_match,True,,,,True,,,0,9,5,,,,38.48299306631088,0,0,10,0.001323929987847805,True,True,0.0004312540404498577,0.001323929987847805,,,,,,,,,,,
lp_precheck,k=5_alpha=10,42,deaths_2012_2018_a_fair.csv,5,1,5,10,0.3,0.15,True,100,csv,hnsw,inverted_index,pinned_match,False,,,,True,,,0,9,5,,,,38.48299306631088,0,0,10,0.0008686771616339684,False,,,0.0008686771616339684,,,,,,,,,,,
lp_precheck,k=5_alpha=10,42,immigration_records_a_fair.csv,2,1,5,10,0.3,0.15,True,100,csv,hnsw,inverted_index,pinned_match,True,,,,True,,,0,12,5,,,,36.65781831741333,0,0,10,0.0012631500139832497,True,True,0.0004292731173336506,0.0012631500139832497,,,,,,,,,,,
lp_precheck,k=5_alpha=10,42,immigration_records_a_fair.csv,2,1,5,10,0.3,0.15,True,100,csv,hnsw,inverted_index,pinned_match,False,,,,True,,,0,12,5,,,,36.65781831741333,0,0,10,0.0008023381233215332,False,,,0.0008023381233215332,,,,,,,,,,,
lp_precheck,k=5_alpha=10,42,ipopayments_a_fair.csv,0,1,5,10,0.3,0.15,True,100,csv,hnsw,inverted_index,pinned_match,True,,,,True,,,0,11,5,,,,42.75763553380966,0,0,10,0.001345217926427722,True,True,0.0004417239688336849,0.001345217926427722,,,,,,,,,,,
lp_precheck,k=5_alpha=10,42,ipopayments_a_fair.csv,0,1,5,10,0.3,0.15,True,100,csv,hnsw,inverted_index,pinned_match,False,,,,True,,,0,11,5,,,,42.75763553380966,0,0,10,0.0008814570028334856,False,,,0.0008814570028334856,,,,,,,,,,,
lp_precheck,k=5_alpha=10,42,ipopayments_b_fair.csv,2,1,5,10,0.3,0.15,True,100,csv,hnsw,inverted_index,pinned_match,True,,,,True,,,0,7,5,,,,42.801045536994934,0,0,10,0.0013399990275502205,True,True,0.0004421418998390436,0.0013399990275502205,,,,,,,,,,,
lp_precheck,k=5_alpha=10,42,ipopayments_b_fair.csv,2,1,5,10,0.3,0.15,True,100,csv,hnsw,inverted_index,pinned_match,False,,,,True,,,0,7,5,,,,42.801045536994934,0,0,10,0.0008704960346221924,False,,,0.0008704960346221924,,,,,,,,,,,
lp_precheck,k=5_alpha=10,42,job_pay_scales_a_fair.csv,4,1,5,10,0.3,0.15,True,100,csv,hnsw,inverted_index,pinned_match,True,,,,True,,,0,10,5,,,,49.827314019203186,0,0,10,0.0013426390942186117,True,True,0.0004428939428180456,0.0013426390942186117,,,,,,,,,,,
lp_precheck,k=5_alpha=10,42,job_pay_scales_a_fair.csv,4,1,5,10,0.3,0.15,True,100,csv,hnsw,inverted_index,pinned_match,False,,,,True,,,0,10,5,,,,49.827314019203186,0,0,10,0.0008924559224396944,False,,,0.0008924559224396944,,,,,,,,,,,
lp_precheck,k=5_alpha=10,42,lane_description_a_fair.csv,1,1,5,10,0.3,0.15,True,100,csv,hnsw,inverted_index,pinned_match,True,,,,True,,,0,8,5,,,,68.61264032125473,0,0,10,0.0012663700617849827,True,True,0.00044237286783754826,0.0012663700617849827,,,,,,,,,,,
lp_precheck,k=5_alpha=10,42,lane_description_a_fair.csv,1,1,5,10,0.3,0.15,True,100,csv,hnsw,inverted_index,pinned_match,False,,,,True,,,0,8,5,,,,68.61264032125473,0,0,10,0.0007929769344627857,False,,,0.0007929769344627857,,,,,,,,,,,
lp_precheck,k=5_alpha=10,42,mines_a_fair.csv,5,1,5,10,0.3,0.15,True,100,csv,hnsw,inverted_index,pinned_match,True,,,,True,,,0,12,5,,,,39.248196840286255,0,0,10,0.0012501298915594816,True,True,0.0004263941664248705,0.0012501298915594816,,,,,,,,,,,
lp_precheck,k=5_alpha=10,42,mines_a_fair.csv,5,1,5,10,0.3,0.15,True,100,csv,hnsw,inverted_index,pinned_match,False,,,,True,,,0,12,5,,,,39.248196840286255,0,0,10,0.0008161480072885752,False,,,0.0008161480072885752,,,,,,,,,,,
lp_precheck,k=5_alpha=10,42,minister_meetings_a_fair.csv,4,1,5,10,0.3,0.15,True,100,csv,hnsw,inverted_index,pinned_match,True,,,,True,,,0,8,5,,,,23.825201153755188,0,0,10,0.001291849883273244,True,True,0.0004214539658278227,0.001291849883273244,,,,,,,,,,,
lp_precheck,k=5_alpha=10,42,minister_meetings_a_fair.csv,4,1,5,10,0.3,0.15,True,100,csv,hnsw,inverted_index,pinned_match,False,,,,True,,,0,8,5,,,,23.825201153755188,0,0,10,0.0008587269112467766,False,,,0.0008587269112467766,,,,,,,,,,,
lp_precheck,k=5_alpha=10,42,monthly_data_feed_a_fair.csv,11,1,5,10,0.3,0.15,True,100,csv,hnsw,inverted_index,pinned_match,True,,,,True,,,0,6,5,,,,93.06950443983078,0,0,10,0.0012533911503851414,True,True,0.0004405239596962929,0.0012533911503851414,,,,,,,,,,,
lp_precheck,k=5_alpha=10,42,monthly_data_feed_a_fair.csv,11,1,5,10,0.3,0.15,True,100,csv,hnsw,inverted_index,pinned_match,False,,,,True,,,0,6,5,,,,93.06950443983078,0,0,10,0.0008042571134865284,False,,,0.0008042571134865284,,,,,,,,,,,
lp_precheck,k=5_alpha=10,42,new_york_city_restaurant_inspection_results_a_fair.csv,6,1,5,10,0.3,0.15,True,100,csv,hnsw,inverted_index,pinned_match,True,,,,True,,,0,9,5,,,,38.18224024772644,0,0,10,0.0013580280356109142,True,True,0.00044301291927695274,0.0013580280356109142,,,,,,,,,,,
lp_precheck,k=5_alpha=10,42,new_york_city_restaurant_inspection_results_a_fair.csv,6,1,5,10,0.3,0.15,True,100,csv,hnsw,inverted_index,pinned_match,False,,,,True,,,0,9,5,,,,38.18224024772644,0,0,10,0.0008666571229696274,False,,,0.0008666571229696274,,,,,,,,,,,
lp_precheck,k=5_alpha=10,42,oil_and_gas_summary_production_data_1967_1999_a_fair.csv,2,1,5,10,0.3,0.15,True,100,csv,hnsw,inverted_index,pinned_match,True,,,,True,,,0,12,5,,,,40.74062728881836,0,0,10,0.0013443080242723227,True,True,0.0004414818249642849,0.0013443080242723227,,,,,,,,,,,
lp_precheck,k=5_alpha=10,42,oil_and_gas_summary_production_data_1967_1999_a_fair.csv,2,1,5,10,0.3,0.15,True,100,csv,hnsw,inverted_index,pinned_match,False,,,,True,,,0,12,5,,,,40.74062728881836,0,0,10,0.0008904570713639259,False,,,0.0008904570713639259,,,,,,,,,,,
lp_precheck,k=5_alpha=10,42,practice_reference_a_fair.csv,6,1,5,10,0.3,0.15,True,100,csv,hnsw,inverted_index,pinned_match,True,,,,True,,,0,13,5,,,,39.72701597213745,0,0,10,0.0013634988572448492,True,True,0.00044778408482670784,0.0013634988572448492,,,,,,,,,,,
lp_precheck,k=5_alpha=10,42,practice_reference_a_fair.csv,6,1,5,10,0.3,0.15,True,100,csv,hnsw,inverted_index,pinned_match,False,,,,True,,,0,13,5,,,,39.72701597213745,0,0,10,0.0008918868843466043,False,,,0.0008918868843466043,,,,,,,,,,,
lp_precheck,k=5_alpha=10,42,practice_reference_b_fair.csv,5,1,5,10,0.3,0.15,True,100,csv,hnsw,inverted_index,pinned_match,True,,,,True,,,0,13,5,,,,34.15468192100525,0,0,10,0.0013382299803197384,True,True,0.00043137301690876484,0.0013382299803197384,,,,,,,,,,,
lp_precheck,k=5_alpha=10,42,practice_reference_b_fair.csv,5,1,5,10,0.3,0.15,True,100,csv,hnsw,inverted_index,pinned_match,False,,,,True,,,0,13,5,,,,34.15468192100525,0,0,10,0.0008861660026013851,False,,,0.0008861660026013851,,,,,,,,,,,
lp_precheck,k=5_alpha=10,42,prescribing_a_fair.csv,14,1,5,10,0.3,0.15,True,100,csv,hnsw,inverted_index,pinned_match,True,,,,True,,,0,5,5,,,,90.56474554538727,0,0,10,0.001252681016921997,True,True,0.00043378397822380066,0.001252681016921997,,,,,,,,,,,
lp_precheck,k=5_alpha=10,42,prescribing_a_fair.csv,14,1,5,10,0.3,0.15,True,100,csv,hnsw,inverted_index,pinned_match,False,,,,True,,,0,5,5,,,,90.56474554538727,0,0,10,0.0007685578893870115,False,,,0.0007685578893870115,,,,,,,,,,,
lp_precheck,k=5_alpha=10,42,prescribing_b_fair.csv,13,1,5,10,0.3,0.15,True,100,csv,hnsw,inverted_index,pinned_match,True,,,,True,,,0,6,5,,,,92.55432134866714,0,0,10,0.0012643709778785706,True,True,0.00044819293543696404,0.0012643709778785706,,,,,,,,,,,
lp_precheck,k=5_alpha=10,42,prescribing_b_fair.csv,13,1,5,10,0.3,0.15,True,100,csv,hnsw,inverted_index,pinned_match,False,,,,True,,,0,6,5,,,,92.55432134866714,0,0,10,0.0007709171622991562,False,,,0.0007709171622991562,,,,,,,,,,,
lp_precheck,k=5_alpha=10,42,psyckes_antipsychotic_polypharmacy_quality_indicators_beginning_2012_a_fair.csv,3,1,5,10,0.3,0.15,True,100,csv,hnsw,inverted_index,pinned_match,True,,,,True,,,0,13,5,,,,32.533622562885284,0,0,10,0.0013541891239583492,True,True,0.00045470288023352623,0.0013541891239583492,,,,,,,,,,,
lp_precheck,k=5_alpha=10,42,psyckes_antipsychotic_polypharmacy_quality_indicators_beginning_2012_a_fair.csv,3,1,5,10,0.3,0.15,True,100,csv,hnsw,inverted_index,pinned_match,False,,,,True,,,0,13,5,,,,32.533622562885284,0,0,10,0.0008755261078476906,False,,,0.0008755261078476906,,,,,,,,,,,
lp_precheck,k=5_alpha=10,42,purchasing_card_a_fair.csv,1,1,5,10,0.3,0.15,True,100,csv,hnsw,inverted_index,pinned_match,True,,,,True,,,0,10,5,,,,49.32323867082596,0,0,10,0.0012556700967252254,True,True,0.0004414040595293045,0.0012556700967252254,,,,,,,,,,,
lp_precheck,k=5_alpha=10,42,purchasing_card_a_fair.csv,1,1,5,10,0.3,0.15,True,100,csv,hnsw,inverted_index,pinned_match,False,,,,True,,,0,10,5,,,,49.32323867082596,0,0,10,0.0008582968730479479,False,,,0.0008582968730479479,,,,,,,,,,,
lp_precheck,k=5_alpha=10,42,report_card_discipline_for_2015_16_a_fair.csv,2,1,5,10,0.3,0.15,True,100,csv,hnsw,inverted_index,pinned_match,True,,,,True,,,0,11,5,,,,42.43440526723862,0,0,10,0.00135043915361166,True,True,0.00044195400550961494,0.00135043915361166,,,,,,,,,,,
lp_precheck,k=5_alpha=10,42,report_card_discipline_for_2015_16_a_fair.csv,2,1,5,10,0.3,0.15,True,100,csv,hnsw,inverted_index,pinned_match,False,,,,True,,,0,11,5,,,,42.43440526723862,0,0,10,0.000877266051247716,False,,,0.000877266051247716,,,,,,,,,,,
lp_precheck,k=5_alpha=10,42,time_spent_watching_vcr_movies_a_fair.csv,4,1,5,10,0.3,0.15,True,100,csv,hnsw,inverted_index,pinned_match,True,,,,True,,,0,5,5,,,,20.509933412075043,0,0,10,0.0012331809848546982,True,True,0.00041573401540517807,0.0012331809848546982,,,,,,,,,,,
lp_precheck,k=5_alpha=10,42,time_spent_watching_vcr_movies_a_fair.csv,4,1,5,10,0.3,0.15,True,100,csv,hnsw,inverted_index,pinned_match,False,,,,True,,,0,5,5,,,,20.509933412075043,0,0,10,0.0007729479111731052,False,,,0.0007729479111731052,,,,,,,,,,,
lp_precheck,k=5_alpha=10,42,tuition_assistance_program_tap_recipients_a_fair.csv,5,1,5,10,0.3,0.15,True,100,csv,hnsw,inverted_index,pinned_match,True,,,,True,,,0,14,5,,,,35.17638337612152,0,0,10,0.0014074379578232765,True,True,0.0004300931468605995,0.0014074379578232765,,,,,,,,,,,
lp_precheck,k=5_alpha=10,42,tuition_assistance_program_tap_recipients_a_fair.csv,5,1,5,10,0.3,0.15,True,100,csv,hnsw,inverted_index,pinned_match,False,,,,True,,,0,14,5,,,,35.17638337612152,0,0,10,0.0009359458927065134,False,,,0.0009359458927065134,,,,,,,,,,,
lp_precheck,k=5_alpha=10,42,ydn_spending_data_a_fair.csv,1,1,5,10,0.3,0.15,True,100,csv,hnsw,inverted_index,pinned_match,True,,,,True,,,0,6,5,,,,54.91674071550369,0,0,10,0.0012626308016479015,True,True,0.00044638291001319885,0.0012626308016479015,,,,,,,,,,,
lp_precheck,k=5_alpha=10,42,ydn_spending_data_a_fair.csv,1,1,5,10,0.3,0.15,True,100,csv,hnsw,inverted_index,pinned_match,False,,,,True,,,0,6,5,,,,54.91674071550369,0,0,10,0.0007671371567994356,False,,,0.0007671371567994356,,,,,,,,,,,
lp_precheck,k=5_alpha=10,42,ydn_spending_data_b_fair.csv,11,1,5,10,0.3,0.15,True,100,csv,hnsw,inverted_index,pinned_match,True,,,,True,,,0,6,5,,,,55.82540774345398,0,0,10,0.0012473620008677244,True,True,0.0004419931210577488,0.0012473620008677244,,,,,,,,,,,
lp_precheck,k=5_alpha=10,42,ydn_spending_data_b_fair.csv,11,1,5,10,0.3,0.15,True,100,csv,hnsw,inverted_index,pinned_match,False,,,,True,,,0,6,5,,,,55.82540774345398,0,0,10,0.0007691478822380304,False,,,0.0007691478822380304,,,,,,,,,,,
lp_precheck,k=10_alpha=1,42,311_calls_historic_data_a_fair.csv,1,1,10,1,0.3,0.15,True,100,csv,hnsw,inverted_index,pinned_match,True,,,,True,,,0,10,10,,,,67.64193856716156,0,0,1,0.0012422599829733372,True,True,0.00044243386946618557,0.0012422599829733372,,,,,,,,,,,
lp_precheck,k=10_alpha=1,42,311_calls_historic_data_a_fair.csv,1,1,10,1,0.3,0.15,True,100,csv,hnsw,inverted_index,pinned_match,False,,,,True,,,0,10,10,,,,67.64193856716156,0,0,1,0.0007755779661238194,False,,,0.0007755779661238194,,,,,,,,,,,
lp_precheck,k=10_alpha=1,42,abandoned_wells_a_fair.csv,6,1,10,1,0.3,0.15,True,100,csv,hnsw,inverted_index,pinned_match,True,,,,True,,,0,10,10,,,,63.99672490358353,0,0,1,0.0012365609873086214,True,True,0.0004486432299017906,0.0012365609873086214,,,,,,,,,,,
lp_precheck,k=10_alpha=1,42,abandoned_wells_a_fair.csv,6,1,10,1,0.3,0.15,True,100,csv,hnsw,inverted_index,pinned_match,False,,,,True,,,0,10,10,,,,63.99672490358353,0,0,1,0.0007607880979776382,False,,,0.0007607880979776382,,,,,,,,,,,
lp_precheck,k=10_alpha=1,42,albums_a_fair.csv,4,1,10,1,0.3,0.15,True,100,csv,hnsw,inverted_index,pinned_match,True,,,,True,,,0,10,10,,,,35.5307657122612,0,0,1,0.0012110809329897165,True,True,0.00042407307773828506,0.0012110809329897165,,,,,,,,,,,
lp_precheck,k=10_alpha=1,42,albums_a_fair.csv,4,1,10,1,0.3,0.15,True,100,csv,hnsw,inverted_index,pinned_match,False,,,,True,,,0,10,10,,,,35.5307657122612,0,0,1,0.0007792278192937374,False,,,0.0007792278192937374,,,,,,,,,,,
lp_precheck,k=10_alpha=1,42,cdc_nutrition_physical_activity_and_obesity_legislation_a_fair.csv,1,1,10,1,0.3,0.15,True,100,csv,hnsw,inverted_index,pinned_match,True,,,,True,,,0,10,10,,,,72.50861942768097,0,0,1,0.0012018808629363775,True,True,0.000420532887801528,0.0012018808629363775,,,,,,,,,,,
lp_precheck,k=10_alpha=1,42,cdc_nutrition_physical_activity_and_obesity_legislation_a_fair.csv,1,1,10,1,0.3,0.15,True,100,csv,hnsw,inverted_index,pinned_match,False,,,,True,,,0,10,10,,,,72.50861942768097,0,0,1,0.0007797970902174711,False,,,0.0007797970902174711,,,,,,,,,,,
lp_precheck,k=10_alpha=1,42,contributors_parties_a_fair.csv,2,1,10,1,0.3,0.15,True,100,csv,hnsw,inverted_index,pinned_match,True,,,,True,,,0,10,10,,,,55.58772885799408,0,0,1,0.00121565000154078,True,True,0.00042818300426006317,0.00121565000154078,,,,,,,,,,,
lp_precheck,k=10_alpha=1,42,contributors_parties_a_fair.csv,2,1,10,1,0.3,0.15,True,100,csv,hnsw,inverted_index,pinned_match,False,,,,True,,,0,10,10,,,,55.58772885799408,0,0,1,0.0007769779767841101,False,,,0.0007769779767841101,,,,,,,,,,,
lp_precheck,k=10_alpha=1,42,contributors_parties_b_fair.csv,0,1,10,1,0.3,0.15,True,100,csv,hnsw,inverted_index,pinned_match,True,,,,True,,,0,10,10,,,,45.182749569416046,0,0,1,0.0012063810136169195,True,True,0.0004201838746666908,0.0012063810136169195,,,,,,,,,,,
lp_precheck,k=10_alpha=1,42,contributors_parties_b_fair.csv,0,1,10,1,0.3,0.15,True,100,csv,hnsw,inverted_index,pinned_match,False,,,,True,,,0,10,10,,,,45.182749569416046,0,0,1,0.0007765870541334152,False,,,0.0007765870541334152,,,,,,,,,,,
lp_precheck,k=10_alpha=1,42,immigration_records_a_fair.csv,2,1,10,1,0.3,0.15,True,100,csv,hnsw,inverted_index,pinned_match,True,,,,True,,,0,10,10,,,,55.849139630794525,0,0,1,0.001230162102729082,True,True,0.00043025403283536434,0.001230162102729082,,,,,,,,,,,
lp_precheck,k=10_alpha=1,42,immigration_records_a_fair.csv,2,1,10,1,0.3,0.15,True,100,csv,hnsw,inverted_index,pinned_match,False,,,,True,,,0,10,10,,,,55.849139630794525,0,0,1,0.0007852979470044374,False,,,0.0007852979470044374,,,,,,,,,,,
lp_precheck,k=10_alpha=1,42,ipopayments_a_fair.csv,0,1,10,1,0.3,0.15,True,100,csv,hnsw,inverted_index,pinned_match,True,,,,True,,,0,10,10,,,,83.81696665287018,0,0,1,0.0012101111933588982,True,True,0.0004234840162098408,0.0012101111933588982,,,,,,,,,,,
lp_precheck,k=10_alpha=1,42,ipopayments_a_fair.csv,0,1,10,1,0.3,0.15,True,100,csv,hnsw,inverted_index,pinned_match,False,,,,True,,,0,10,10,,,,83.81696665287018,0,0,1,0.0007820581085979939,False,,,0.0007820581085979939,,,,,,,,,,,
lp_precheck,k=10_alpha=1,42,job_pay_scales_a_fair.csv,4,1,10,1,0.3,0.15,True,100,csv,hnsw,inverted_index,pinned_match,True,,,,True,,,0,10,10,,,,98.99793064594269,0,0,1,0.0013517988845705986,True,True,0.0004316330887377262,0.0013517988845705986,,,,,,,,,,,
lp_precheck,k=10_alpha=1,42,job_pay_scales_a_fair.csv,4,1,10,1,0.3,0.15,True,100,csv,hnsw,inverted_index,pinned_match,False,,,,True,,,0,10,10,,,,98.99793064594269,0,0,1,0.0008025581482797861,False,,,0.0008025581482797861,,,,,,,,,,,
lp_precheck,k=10_alpha=1,42,mines_a_fair.csv,5,1,10,1,0.3,0.15,True,100,csv,hnsw,inverted_index,pinned_match,True,,,,True,,,0,10,10,,,,77.72866481542587,0,0,1,0.001240229932591319,True,True,0.00042978301644325256,0.001240229932591319,,,,,,,,,,,
lp_precheck,k=10_alpha=1,42,mines_a_fair.csv,5,1,10,1,0.3,0.15,True,100,csv,hnsw,inverted_index,pinned_match,False,,,,True,,,0,10,10,,,,77.72866481542587,0,0,1,0.0007668479811400175,False,,,0.0007668479811400175,,,,,,,,,,,
lp_precheck,k=10_alpha=1,42,oil_and_gas_summary_production_data_1967_1999_a_fair.csv,2,1,10,1,0.3,0.15,True,100,csv,hnsw,inverted_index,pinned_match,True,,,,True,,,0,10,10,,,,75.37094455957413,0,0,1,0.0012233208399266005,True,True,0.0004227329045534134,0.0012233208399266005,,,,,,,,,,,
lp_precheck,k=10_alpha=1,42,oil_and_gas_summary_production_data_1967_1999_a_fair.csv,2,1,10,1,0.3,0.15,True,100,csv,hnsw,inverted_index,pinned_match,False,,,,True,,,0,10,10,,,,75.37094455957413,0,0,1,0.000767917837947607,False,,,0.000767917837947607,,,,,,,,,,,
lp_precheck,k=10_alpha=1,42,practice_reference_a_fair.csv,6,1,10,1,0.3,0.15,True,100,csv,hnsw,inverted_index,pinned_match,True,,,,True,,,0,10,10,,,,78.77557462453842,0,0,1,0.0012171310372650623,True,True,0.00042574387043714523,0.0012171310372650623,,,,,,,,,,,
lp_precheck,k=10_alpha=1,42,practice_reference_a_fair.csv,6,1,10,1,0.3,0.15,True,100,csv,hnsw,inverted_index,pinned_match,False,,,,True,,,0,10,10,,,,78.77557462453842,0,0,1,0.0007645890582352877,False,,,0.0007645890582352877,,,,,,,,,,,
lp_precheck,k=10_alpha=1,42,practice_reference_b_fair.csv,5,1,10,1,0.3,0.15,True,100,csv,hnsw,inverted_index,pinned_match,True,,,,True,,,0,10,10,,,,67.62600272893906,0,0,1,0.0012303509283810854,True,True,0.0004237231332808733,0.0012303509283810854,,,,,,,,,,,
lp_precheck,k=10_alpha=1,42,practice_reference_b_fair.csv,5,1,10,1,0.3,0.15,True,100,csv,hnsw,inverted_index,pinned_match,False,,,,True,,,0,10,10,,,,67.62600272893906,0,0,1,0.0007613489869982004,False,,,0.0007613489869982004,,,,,,,,,,,
lp_precheck,k=10_alpha=1,42,psyckes_antipsychotic_polypharmacy_quality_indicators_beginning_2012_a_fair.csv,3,1,10,1,0.3,0.15,True,100,csv,hnsw,inverted_index,pinned_match,True,,,,True,,,0,10,10,,,,58.77566772699356,0,0,1,0.0012904200702905655,True,True,0.00048310193233191967,0.0012904200702905655,,,,,,,,,,,
lp_precheck,k=10_alpha=1,42,psyckes_antipsychotic_polypharmacy_quality_indicators_beginning_2012_a_fair.csv,3,1,10,1,0.3,0.15,True,100,csv,hnsw,inverted_index,pinned_match,False,,,,True,,,0,10,10,,,,58.77566772699356,0,0,1,0.0007618281524628401,False,,,0.0007618281524628401,,,,,,,,,,,
lp_precheck,k=10_alpha=1,42,purchasing_card_a_fair.csv,1,1,10,1,0.3,0.15,True,100,csv,hnsw,inverted_index,pinned_match,True,,,,True,,,0,10,10,,,,98.16518497467041,0,0,1,0.0012196609750390053,True,True,0.00042169285006821156,0.0012196609750390053,,,,,,,,,,,
lp_precheck,k=10_alpha=1,42,purchasing_card_a_fair.csv,1,1,10,1,0.3,0.15,True,100,csv,hnsw,inverted_index,pinned_match,False,,,,True,,,0,10,10,,,,98.16518497467041,0,0,1,0.0007727979682385921,False,,,0.0007727979682385921,,,,,,,,,,,
lp_precheck,k=10_alpha=1,42,report_card_discipline_for_2015_16_a_fair.csv,2,1,10,1,0.3,0.15,True,100,csv,hnsw,inverted_index,pinned_match,True,,,,True,,,0,10,10,,,,81.40593385696411,0,0,1,0.0012312510516494513,True,True,0.0004246528260409832,0.0012312510516494513,,,,,,,,,,,
lp_precheck,k=10_alpha=1,42,report_card_discipline_for_2015_16_a_fair.csv,2,1,10,1,0.3,0.15,True,100,csv,hnsw,inverted_index,pinned_match,False,,,,True,,,0,10,10,,,,81.40593385696411,0,0,1,0.0007685171440243721,False,,,0.0007685171440243721,,,,,,,,,,,
lp_precheck,k=10_alpha=1,42,tuition_assistance_program_tap_recipients_a_fair.csv,5,1,10,1,0.3,0.15,True,100,csv,hnsw,inverted_index,pinned_match,True,,,,True,,,0,10,10,,,,63.20569050312042,0,0,1,0.0013184389099478722,True,True,0.0004292831290513277,0.0013184389099478722,,,,,,,,,,,
lp_precheck,k=10_alpha=1,42,tuition_assistance_program_tap_recipients_a_fair.csv,5,1,10,1,0.3,0.15,True,100,csv,hnsw,inverted_index,pinned_match,False,,,,True,,,0,10,10,,,,63.20569050312042,0,0,1,0.0008159379940479994,False,,,0.0008159379940479994,,,,,,,,,,,
lp_precheck,k=10_alpha=2,42,311_calls_historic_data_a_fair.csv,1,1,10,2,0.3,0.15,True,100,csv,hnsw,inverted_index,pinned_match,True,,,,True,,,0,11,10,,,,68.59029054641724,0,0,2,0.0012592999264597893,True,True,0.00043645291589200497,0.0012592999264597893,,,,,,,,,,,
lp_precheck,k=10_alpha=2,42,311_calls_historic_data_a_fair.csv,1,1,10,2,0.3,0.15,True,100,csv,hnsw,inverted_index,pinned_match,False,,,,True,,,0,11,10,,,,68.59029054641724,0,0,2,0.0007931580767035484,False,,,0.0007931580767035484,,,,,,,,,,,
lp_precheck,k=10_alpha=2,42,abandoned_wells_a_fair.csv,6,1,10,2,0.3,0.15,True,100,csv,hnsw,inverted_index,pinned_match,True,,,,True,,,0,11,10,,,,64.23800450563431,0,0,2,0.0012406401801854372,True,True,0.0004381530452519655,0.0012406401801854372,,,,,,,,,,,
lp_precheck,k=10_alpha=2,42,abandoned_wells_a_fair.csv,6,1,10,2,0.3,0.15,True,100,csv,hnsw,inverted_index,pinned_match,False,,,,True,,,0,11,10,,,,64.23800450563431,0,0,2,0.0007920479401946068,False,,,0.0007920479401946068,,,,,,,,,,,
lp_precheck,k=10_alpha=2,42,albums_a_fair.csv,4,1,10,2,0.3,0.15,True,100,csv,hnsw,inverted_index,pinned_match,True,,,,True,,,0,10,10,,,,35.5307657122612,0,0,2,0.0012105810455977917,True,True,0.00042517296969890594,0.0012105810455977917,,,,,,,,,,,
lp_precheck,k=10_alpha=2,42,albums_a_fair.csv,4,1,10,2,0.3,0.15,True,100,csv,hnsw,inverted_index,pinned_match,False,,,,True,,,0,10,10,,,,35.5307657122612,0,0,2,0.0007843880448490381,False,,,0.0007843880448490381,,,,,,,,,,,
lp_precheck,k=10_alpha=2,42,cdc_nutrition_physical_activity_and_obesity_legislation_a_fair.csv,1,1,10,2,0.3,0.15,True,100,csv,hnsw,inverted_index,pinned_match,True,,,,True,,,0,12,10,,,,72.50861942768097,0,0,2,0.0013637489173561335,True,True,0.0004445521626621485,0.0013637489173561335,,,,,,,,,,,
lp_precheck,k=10_alpha=2,42,cdc_nutrition_physical_activity_and_obesity_legislation_a_fair.csv,1,1,10,2,0.3,0.15,True,100,csv,hnsw,inverted_index,pinned_match,False,,,,True,,,0,12,10,,,,72.50861942768097,0,0,2,0.0008699370082467794,False,,,0.0008699370082467794,,,,,,,,,,,
lp_precheck,k=10_alpha=2,42,contributors_parties_a_fair.csv,2,1,10,2,0.3,0.15,True,100,csv,hnsw,inverted_index,pinned_match,True,,,,True,,,0,17,10,,,,62.68885391950607,0,0,2,0.0013881479389965534,True,True,0.0004654820077121258,0.0013881479389965534,,,,,,,,,,,
lp_precheck,k=10_alpha=2,42,contributors_parties_a_fair.csv,2,1,10,2,0.3,0.15,True,100,csv,hnsw,inverted_index,pinned_match,False,,,,True,,,0,17,10,,,,62.68885391950607,0,0,2,0.0009032259695231915,False,,,0.0009032259695231915,,,,,,,,,,,
lp_precheck,k=10_alpha=2,42,contributors_parties_b_fair.csv,0,1,10,2,0.3,0.15,True,100,csv,hnsw,inverted_index,pinned_match,True,,,,True,,,0,17,10,,,,46.62786227464676,0,0,2,0.0013623381964862347,True,True,0.0004489021375775337,0.0013623381964862347,,,,,,,,,,,
lp_precheck,k=10_alpha=2,42,contributors_parties_b_fair.csv,0,1,10,2,0.3,0.15,True,100,csv,hnsw,inverted_index,pinned_match,False,,,,True,,,0,17,10,,,,46.62786227464676,0,0,2,0.0008854069747030735,False,,,0.0008854069747030735,,,,,,,,,,,
lp_precheck,k=10_alpha=2,42,immigration_records_a_fair.csv,2,1,10,2,0.3,0.15,True,100,csv,hnsw,inverted_index,pinned_match,True,,,,True,,,0,12,10,,,,61.092910408973694,0,0,2,0.0012648999691009521,True,True,0.0004306531045585871,0.0012648999691009521,,,,,,,,,,,
lp_precheck,k=10_alpha=2,42,immigration_records_a_fair.csv,2,1,10,2,0.3,0.15,True,100,csv,hnsw,inverted_index,pinned_match,False,,,,True,,,0,12,10,,,,61.092910408973694,0,0,2,0.0008748359978199005,False,,,0.0008748359978199005,,,,,,,,,,,
lp_precheck,k=10_alpha=2,42,ipopayments_a_fair.csv,0,1,10,2,0.3,0.15,True,100,csv,hnsw,inverted_index,pinned_match,True,,,,True,,,0,11,10,,,,83.81696665287018,0,0,2,0.0012539001181721687,True,True,0.0004425640217959881,0.0012539001181721687,,,,,,,,,,,
lp_precheck,k=10_alpha=2,42,ipopayments_a_fair.csv,0,1,10,2,0.3,0.15,True,100,csv,hnsw,inverted_index,pinned_match,False,,,,True,,,0,11,10,,,,83.81696665287018,0,0,2,0.0008045281283557415,False,,,0.0008045281283557415,,,,,,,,,,,
lp_precheck,k=10_alpha=2,42,job_pay_scales_a_fair.csv,4,1,10,2,0.3,0.15,True,100,csv,hnsw,inverted_index,pinned_match,True,,,,True,,,0,10,10,,,,98.99793064594269,0,0,2,0.0013549989089369774,True,True,0.00043432298116385937,0.0013549989089369774,,,,,,,,,,,
lp_precheck,k=10_alpha=2,42,job_pay_scales_a_fair.csv,4,1,10,2,0.3,0.15,True,100,csv,hnsw,inverted_index,pinned_match,False,,,,True,,,0,10,10,,,,98.99793064594269,0,0,2,0.0007986580021679401,False,,,0.0007986580021679401,,,,,,,,,,,
lp_precheck,k=10_alpha=2,42,mines_a_fair.csv,5,1,10,2,0.3,0.15,True,100,csv,hnsw,inverted_index,pinned_match,True,,,,True,,,0,12,10,,,,77.79971766471863,0,0,2,0.0012760101817548275,True,True,0.0004451028071343899,0.0012760101817548275,,,,,,,,,,,
lp_precheck,k=10_alpha=2,42,mines_a_fair.csv,5,1,10,2,0.3,0.15,True,100,csv,hnsw,inverted_index,pinned_match,False,,,,True,,,0,12,10,,,,77.79971766471863,0,0,2,0.0007839580066502094,False,,,0.0007839580066502094,,,,,,,,,,,
lp_precheck,k=10_alpha=2,42,oil_and_gas_summary_production_data_1967_1999_a_fair.csv,2,1,10,2,0.3,0.15,True,100,csv,hnsw,inverted_index,pinned_match,True,,,,True,,,0,12,10,,,,77.28633844852448,0,0,2,0.0013425289653241634,True,True,0.000451832078397274,0.0013425289653241634,,,,,,,,,,,
lp_precheck,k=10_alpha=2,42,oil_and_gas_summary_production_data_1967_1999_a_fair.csv,2,1,10,2,0.3,0.15,True,100,csv,hnsw,inverted_index,pinned_match,False,,,,True,,,0,12,10,,,,77.28633844852448,0,0,2,0.0008994059171527624,False,,,0.0008994059171527624,,,,,,,,,,,
lp_precheck,k=10_alpha=2,42,practice_reference_a_fair.csv,6,1,10,2,0.3,0.15,True,100,csv,hnsw,inverted_index,pinned_match,True,,,,True,,,0,13,10,,,,79.10476684570312,0,0,2,0.0014039778616279364,True,True,0.00045515201054513454,0.0014039778616279364,,,,,,,,,,,
lp_precheck,k=10_alpha=2,42,practice_reference_a_fair.csv,6,1,10,2,0.3,0.15,True,100,csv,hnsw,inverted_index,pinned_match,False,,,,True,,,0,13,10,,,,79.10476684570312,0,0,2,0.0008914370555430651,False,,,0.0008914370555430651,,,,,,,,,,,
lp_precheck,k=10_alpha=2,42,practice_reference_b_fair.csv,5,1,10,2,0.3,0.15,True,100,csv,hnsw,inverted_index,pinned_match,True,,,,True,,,0,13,10,,,,67.75350695848465,0,0,2,0.001348748104646802,True,True,0.000435682013630867,0.001348748104646802,,,,,,,,,,,
lp_precheck,k=10_alpha=2,42,practice_reference_b_fair.csv,5,1,10,2,0.3,0.15,True,100,csv,hnsw,inverted_index,pinned_match,False,,,,True,,,0,13,10,,,,67.75350695848465,0,0,2,0.0008886568248271942,False,,,0.0008886568248271942,,,,,,,,,,,
lp_precheck,k=10_alpha=2,42,psyckes_antipsychotic_polypharmacy_quality_indicators_beginning_2012_a_fair.csv,3,1,10,2,0.3,0.15,True,100,csv,hnsw,inverted_index,pinned_match,True,,,,True,,,0,13,10,,,,59.65610682964325,0,0,2,0.0013774179387837648,True,True,0.00045087398029863834,0.0013774179387837648,,,,,,,,,,,
lp_precheck,k=10_alpha=2,42,psyckes_antipsychotic_polypharmacy_quality_indicators_beginning_2012_a_fair.csv,3,1,10,2,0.3,0.15,True,100,csv,hnsw,inverted_index,pinned_match,False,,,,True,,,0,13,10,,,,59.65610682964325,0,0,2,0.0009002361912280321,False,,,0.0009002361912280321,,,,,,,,,,,
lp_precheck,k=10_alpha=2,42,purchasing_card_a_fair.csv,1,1,10,2,0.3,0.15,True,100,csv,hnsw,inverted_index,pinned_match,True,,,,True,,,0,10,10,,,,98.16518497467041,0,0,2,0.0012420499697327614,True,True,0.000434553949162364,0.0012420499697327614,,,,,,,,,,,
lp_precheck,k=10_alpha=2,42,purchasing_card_a_fair.csv,1,1,10,2,0.3,0.15,True,100,csv,hnsw,inverted_index,pinned_match,False,,,,True,,,0,10,10,,,,98.16518497467041,0,0,2,0.0007915981113910675,False,,,0.0007915981113910675,,,,,,,,,,,
lp_precheck,k=10_alpha=2,42,report_card_discipline_for_2015_16_a_fair.csv,2,1,10,2,0.3,0.15,True,100,csv,hnsw,inverted_index,pinned_match,True,,,,True,,,0,11,10,,,,82.45878320932388,0,0,2,0.001244080951437354,True,True,0.0004412229172885418,0.001244080951437354,,,,,,,,,,,
lp_precheck,k=10_alpha=2,42,report_card_discipline_for_2015_16_a_fair.csv,2,1,10,2,0.3,0.15,True,100,csv,hnsw,inverted_index,pinned_match,False,,,,True,,,0,11,10,,,,82.45878320932388,0,0,2,0.0007956279441714287,False,,,0.0007956279441714287,,,,,,,,,,,
lp_precheck,k=10_alpha=2,42,tuition_assistance_program_tap_recipients_a_fair.csv,5,1,10,2,0.3,0.15,True,100,csv,hnsw,inverted_index,pinned_match,True,,,,True,,,0,14,10,,,,66.8981808423996,0,0,2,0.001367528922855854,True,True,0.0004454539157450199,0.001367528922855854,,,,,,,,,,,
lp_precheck,k=10_alpha=2,42,tuition_assistance_program_tap_recipients_a_fair.csv,5,1,10,2,0.3,0.15,True,100,csv,hnsw,inverted_index,pinned_match,False,,,,True,,,0,14,10,,,,66.8981808423996,0,0,2,0.0009616950992494822,False,,,0.0009616950992494822,,,,,,,,,,,
lp_precheck,k=10_alpha=3,42,311_calls_historic_data_a_fair.csv,1,1,10,3,0.3,0.15,True,100,csv,hnsw,inverted_index,pinned_match,True,,,,True,,,0,11,10,,,,68.59029054641724,0,0,3,0.0012706799898296595,True,True,0.0004426829982548952,0.0012706799898296595,,,,,,,,,,,
lp_precheck,k=10_alpha=3,42,311_calls_historic_data_a_fair.csv,1,1,10,3,0.3,0.15,True,100,csv,hnsw,inverted_index,pinned_match,False,,,,True,,,0,11,10,,,,68.59029054641724,0,0,3,0.0008012468460947275,False,,,0.0008012468460947275,,,,,,,,,,,
lp_precheck,k=10_alpha=3,42,abandoned_wells_a_fair.csv,6,1,10,3,0.3,0.15,True,100,csv,hnsw,inverted_index,pinned_match,True,,,,True,,,0,11,10,,,,64.23800450563431,0,0,3,0.0012315509375184774,True,True,0.0004406131338328123,0.0012315509375184774,,,,,,,,,,,
lp_precheck,k=10_alpha=3,42,abandoned_wells_a_fair.csv,6,1,10,3,0.3,0.15,True,100,csv,hnsw,inverted_index,pinned_match,False,,,,True,,,0,11,10,,,,64.23800450563431,0,0,3,0.0007979481015354395,False,,,0.0007979481015354395,,,,,,,,,,,
lp_precheck,k=10_alpha=3,42,albums_a_fair.csv,4,1,10,3,0.3,0.15,True,100,csv,hnsw,inverted_index,pinned_match,True,,,,True,,,0,10,10,,,,35.5307657122612,0,0,3,0.0012240109499543905,True,True,0.00043243379332125187,0.0012240109499543905,,,,,,,,,,,
lp_precheck,k=10_alpha=3,42,albums_a_fair.csv,4,1,10,3,0.3,0.15,True,100,csv,hnsw,inverted_index,pinned_match,False,,,,True,,,0,10,10,,,,35.5307657122612,0,0,3,0.0007748580537736416,False,,,0.0007748580537736416,,,,,,,,,,,
lp_precheck,k=10_alpha=3,42,cdc_nutrition_physical_activity_and_obesity_legislation_a_fair.csv,1,1,10,3,0.3,0.15,True,100,csv,hnsw,inverted_index,pinned_match,True,,,,True,,,0,12,10,,,,72.50861942768097,0,0,3,0.0013555590994656086,True,True,0.00044529279693961143,0.0013555590994656086,,,,,,,,,,,
lp_precheck,k=10_alpha=3,42,cdc_nutrition_physical_activity_and_obesity_legislation_a_fair.csv,1,1,10,3,0.3,0.15,True,100,csv,hnsw,inverted_index,pinned_match,False,,,,True,,,0,12,10,,,,72.50861942768097,0,0,3,0.000870496965944767,False,,,0.000870496965944767,,,,,,,,,,,
lp_precheck,k=10_alpha=3,42,contributors_parties_a_fair.csv,2,1,10,3,0.3,0.15,True,100,csv,hnsw,inverted_index,pinned_match,True,,,,True,,,0,17,10,,,,62.68885391950607,0,0,3,0.0013896988239139318,True,True,0.0004710131324827671,0.0013896988239139318,,,,,,,,,,,
lp_precheck,k=10_alpha=3,42,contributors_parties_a_fair.csv,2,1,10,3,0.3,0.15,True,100,csv,hnsw,inverted_index,pinned_match,False,,,,True,,,0,17,10,,,,62.68885391950607,0,0,3,0.0009082469623535872,False,,,0.0009082469623535872,,,,,,,,,,,
lp_precheck,k=10_alpha=3,42,contributors_parties_b_fair.csv,0,1,10,3,0.3,0.15,True,100,csv,hnsw,inverted_index,pinned_match,True,,,,True,,,0,17,10,,,,46.62786227464676,0,0,3,0.0013712788932025433,True,True,0.0004553040489554405,0.0013712788932025433,,,,,,,,,,,
lp_precheck,k=10_alpha=3,42,contributors_parties_b_fair.csv,0,1,10,3,0.3,0.15,True,100,csv,hnsw,inverted_index,pinned_match,False,,,,True,,,0,17,10,,,,46.62786227464676,0,0,3,0.0008970750495791435,False,,,0.0008970750495791435,,,,,,,,,,,
lp_precheck,k=10_alpha=3,42,immigration_records_a_fair.csv,2,1,10,3,0.3,0.15,True,100,csv,hnsw,inverted_index,pinned_match,True,,,,True,,,0,12,10,,,,61.092910408973694,0,0,3,0.0012712511233985424,True,True,0.00042597297579050064,0.0012712511233985424,,,,,,,,,,,
lp_precheck,k=10_alpha=3,42,immigration_records_a_fair.csv,2,1,10,3,0.3,0.15,True,100,csv,hnsw,inverted_index,pinned_match,False,,,,True,,,0,12,10,,,,61.092910408973694,0,0,3,0.0008146369364112616,False,,,0.0008146369364112616,,,,,,,,,,,
lp_precheck,k=10_alpha=3,42,ipopayments_a_fair.csv,0,1,10,3,0.3,0.15,True,100,csv,hnsw,inverted_index,pinned_match,True,,,,True,,,0,11,10,,,,83.81696665287018,0,0,3,0.001235470874235034,True,True,0.00043982313945889473,0.001235470874235034,,,,,,,,,,,
lp_precheck,k=10_alpha=3,42,ipopayments_a_fair.csv,0,1,10,3,0.3,0.15,True,100,csv,hnsw,inverted_index,pinned_match,False,,,,True,,,0,11,10,,,,83.81696665287018,0,0,3,0.0007864581421017647,False,,,0.0007864581421017647,,,,,,,,,,,
lp_precheck,k=10_alpha=3,42,job_pay_scales_a_fair.csv,4,1,10,3,0.3,0.15,True,100,csv,hnsw,inverted_index,pinned_match,True,,,,True,,,0,10,10,,,,98.99793064594269,0,0,3,0.0013624378480017185,True,True,0.0004371129907667637,0.0013624378480017185,,,,,,,,,,,
lp_precheck,k=10_alpha=3,42,job_pay_scales_a_fair.csv,4,1,10,3,0.3,0.15,True,100,csv,hnsw,inverted_index,pinned_match,False,,,,True,,,0,10,10,,,,98.99793064594269,0,0,3,0.0008286871016025543,False,,,0.0008286871016025543,,,,,,,,,,,
lp_precheck,k=10_alpha=3,42,mines_a_fair.csv,5,1,10,3,0.3,0.15,True,100,csv,hnsw,inverted_index,pinned_match,True,,,,True,,,0,12,10,,,,77.79971766471863,0,0,3,0.001276570139452815,True,True,0.0004492928273975849,0.001276570139452815,,,,,,,,,,,
lp_precheck,k=10_alpha=3,42,mines_a_fair.csv,5,1,10,3,0.3,0.15,True,100,csv,hnsw,inverted_index,pinned_match,False,,,,True,,,0,12,10,,,,77.79971766471863,0,0,3,0.0007817680016160011,False,,,0.0007817680016160011,,,,,,,,,,,
lp_precheck,k=10_alpha=3,42,oil_and_gas_summary_production_data_1967_1999_a_fair.csv,2,1,10,3,0.3,0.15,True,100,csv,hnsw,inverted_index,pinned_match,True,,,,True,,,0,12,10,,,,77.28633844852448,0,0,3,0.001353028928861022,True,True,0.0004535932093858719,0.001353028928861022,,,,,,,,,,,
lp_precheck,k=10_alpha=3,42,oil_and_gas_summary_production_data_1967_1999_a_fair.csv,2,1,10,3,0.3,0.15,True,100,csv,hnsw,inverted_index,pinned_match,False,,,,True,,,0,12,10,,,,77.28633844852448,0,0,3,0.0008900761604309082,False,,,0.0008900761604309082,,,,,,,,,,,
lp_precheck,k=10_alpha=3,42,practice_reference_a_fair.csv,6,1,10,3,0.3,0.15,True,100,csv,hnsw,inverted_index,pinned_match,True,,,,True,,,0,13,10,,,,79.10476684570312,0,0,3,0.0013736579567193985,True,True,0.0004436830058693886,0.0013736579567193985,,,,,,,,,,,
lp_precheck,k=10_alpha=3,42,practice_reference_a_fair.csv,6,1,10,3,0.3,0.15,True,100,csv,hnsw,inverted_index,pinned_match,False,,,,True,,,0,13,10,,,,79.10476684570312,0,0,3,0.0009007160551846027,False,,,0.0009007160551846027,,,,,,,,,,,
lp_precheck,k=10_alpha=3,42,practice_reference_b_fair.csv,5,1,10,3,0.3,0.15,True,100,csv,hnsw,inverted_index,pinned_match,True,,,,True,,,0,13,10,,,,67.75350695848465,0,0,3,0.0013519690837711096,True,True,0.00043654395267367363,0.0013519690837711096,,,,,,,,,,,
lp_precheck,k=10_alpha=3,42,practice_reference_b_fair.csv,5,1,10,3,0.3,0.15,True,100,csv,hnsw,inverted_index,pinned_match,False,,,,True,,,0,13,10,,,,67.75350695848465,0,0,3,0.0008846060372889042,False,,,0.0008846060372889042,,,,,,,,,,,
lp_precheck,k=10_alpha=3,42,psyckes_antipsychotic_polypharmacy_quality_indicators_beginning_2012_a_fair.csv,3,1,10,3,0.3,0.15,True,100,csv,hnsw,inverted_index,pinned_match,True,,,,True,,,0,13,10,,,,59.65610682964325,0,0,3,0.001556646078824997,True,True,0.0004487629048526287,0.001556646078824997,,,,,,,,,,,
lp_precheck,k=10_alpha=3,42,psyckes_antipsychotic_polypharmacy_quality_indicators_beginning_2012_a_fair.csv,3,1,10,3,0.3,0.15,True,100,csv,hnsw,inverted_index,pinned_match,False,,,,True,,,0,13,10,,,,59.65610682964325,0,0,3,0.00089811603538692,False,,,0.00089811603538692,,,,,,,,,,,
lp_precheck,k=10_alpha=3,42,purchasing_card_a_fair.csv,1,1,10,3,0.3,0.15,True,100,csv,hnsw,inverted_index,pinned_match,True,,,,True,,,0,10,10,,,,98.16518497467041,0,0,3,0.0012558309826999903,True,True,0.0004305839538574219,0.0012558309826999903,,,,,,,,,,,
lp_precheck,k=10_alpha=3,42,purchasing_card_a_fair.csv,1,1,10,3,0.3,0.15,True,100,csv,hnsw,inverted_index,pinned_match,False,,,,True,,,0,10,10,,,,98.16518497467041,0,0,3,0.0007766068447381258,False,,,0.0007766068447381258,,,,,,,,,,,
lp_precheck,k=10_alpha=3,42,report_card_discipline_for_2015_16_a_fair.csv,2,1,10,3,0.3,0.15,True,100,csv,hnsw,inverted_index,pinned_match,True,,,,True,,,0,11,10,,,,82.45878320932388,0,0,3,0.0012493899557739496,True,True,0.0004402620252221823,0.0012493899557739496,,,,,,,,,,,
lp_precheck,k=10_alpha=3,42,report_card_discipline_for_2015_16_a_fair.csv,2,1,10,3,0.3,0.15,True,100,csv,hnsw,inverted_index,pinned_match,False,,,,True,,,0,11,10,,,,82.45878320932388,0,0,3,0.0007748380303382874,False,,,0.0007748380303382874,,,,,,,,,,,
lp_precheck,k=10_alpha=3,42,tuition_assistance_program_tap_recipients_a_fair.csv,5,1,10,3,0.3,0.15,True,100,csv,hnsw,inverted_index,pinned_match,True,,,,True,,,0,14,10,,,,66.8981808423996,0,0,3,0.0013665498699992895,True,True,0.0004480630159378052,0.0013665498699992895,,,,,,,,,,,
lp_precheck,k=10_alpha=3,42,tuition_assistance_program_tap_recipients_a_fair.csv,5,1,10,3,0.3,0.15,True,100,csv,hnsw,inverted_index,pinned_match,False,,,,True,,,0,14,10,,,,66.8981808423996,0,0,3,0.0009265940170735121,False,,,0.0009265940170735121,,,,,,,,,,,
lp_precheck,k=10_alpha=5,42,311_calls_historic_data_a_fair.csv,1,1,10,5,0.3,0.15,True,100,csv,hnsw,inverted_index,pinned_match,True,,,,True,,,0,11,10,,,,68.59029054641724,0,0,5,0.0012557310983538628,True,True,0.0004482441581785679,0.0012557310983538628,,,,,,,,,,,
lp_precheck,k=10_alpha=5,42,311_calls_historic_data_a_fair.csv,1,1,10,5,0.3,0.15,True,100,csv,hnsw,inverted_index,pinned_match,False,,,,True,,,0,11,10,,,,68.59029054641724,0,0,5,0.0007907079998403788,False,,,0.0007907079998403788,,,,,,,,,,,
lp_precheck,k=10_alpha=5,42,abandoned_wells_a_fair.csv,6,1,10,5,0.3,0.15,True,100,csv,hnsw,inverted_index,pinned_match,True,,,,True,,,0,11,10,,,,64.23800450563431,0,0,5,0.0012711700983345509,True,True,0.00047160196118056774,0.0012711700983345509,,,,,,,,,,,
lp_precheck,k=10_alpha=5,42,abandoned_wells_a_fair.csv,6,1,10,5,0.3,0.15,True,100,csv,hnsw,inverted_index,pinned_match,False,,,,True,,,0,11,10,,,,64.23800450563431,0,0,5,0.0007852278649806976,False,,,0.0007852278649806976,,,,,,,,,,,
lp_precheck,k=10_alpha=5,42,albums_a_fair.csv,4,1,10,5,0.3,0.15,True,100,csv,hnsw,inverted_index,pinned_match,True,,,,True,,,0,10,10,,,,35.5307657122612,0,0,5,0.0012176609598100185,True,True,0.00043063308112323284,0.0012176609598100185,,,,,,,,,,,
lp_precheck,k=10_alpha=5,42,albums_a_fair.csv,4,1,10,5,0.3,0.15,True,100,csv,hnsw,inverted_index,pinned_match,False,,,,True,,,0,10,10,,,,35.5307657122612,0,0,5,0.0007669581100344658,False,,,0.0007669581100344658,,,,,,,,,,,
lp_precheck,k=10_alpha=5,42,cdc_nutrition_physical_activity_and_obesity_legislation_a_fair.csv,1,1,10,5,0.3,0.15,True,100,csv,hnsw,inverted_index,pinned_match,True,,,,True,,,0,12,10,,,,72.50861942768097,0,0,5,0.0013544701505452394,True,True,0.00045077293179929256,0.0013544701505452394,,,,,,,,,,,
lp_precheck,k=10_alpha=5,42,cdc_nutrition_physical_activity_and_obesity_legislation_a_fair.csv,1,1,10,5,0.3,0.15,True,100,csv,hnsw,inverted_index,pinned_match,False,,,,True,,,0,12,10,,,,72.50861942768097,0,0,5,0.0008920568507164717,False,,,0.0008920568507164717,,,,,,,,,,,
lp_precheck,k=10_alpha=5,42,contributors_parties_a_fair.csv,2,1,10,5,0.3,0.15,True,100,csv,hnsw,inverted_index,pinned_match,True,,,,True,,,0,17,10,,,,62.68885391950607,0,0,5,0.00139571912586689,True,True,0.0004576840437948704,0.00139571912586689,,,,,,,,,,,
lp_precheck,k=10_alpha=5,42,contributors_parties_a_fair.csv,2,1,10,5,0.3,0.15,True,100,csv,hnsw,inverted_index,pinned_match,False,,,,True,,,0,17,10,,,,62.68885391950607,0,0,5,0.000897146062925458,False,,,0.000897146062925458,,,,,,,,,,,
lp_precheck,k=10_alpha=5,42,contributors_parties_b_fair.csv,0,1,10,5,0.3,0.15,True,100,csv,hnsw,inverted_index,pinned_match,True,,,,True,,,0,17,10,,,,46.62786227464676,0,0,5,0.0013653479982167482,True,True,0.00044922390952706337,0.0013653479982167482,,,,,,,,,,,
lp_precheck,k=10_alpha=5,42,contributors_parties_b_fair.csv,0,1,10,5,0.3,0.15,True,100,csv,hnsw,inverted_index,pinned_match,False,,,,True,,,0,17,10,,,,46.62786227464676,0,0,5,0.0008968871552497149,False,,,0.0008968871552497149,,,,,,,,,,,
lp_precheck,k=10_alpha=5,42,immigration_records_a_fair.csv,2,1,10,5,0.3,0.15,True,100,csv,hnsw,inverted_index,pinned_match,True,,,,True,,,0,12,10,,,,61.092910408973694,0,0,5,0.0012734089978039265,True,True,0.00044581410475075245,0.0012734089978039265,,,,,,,,,,,
lp_precheck,k=10_alpha=5,42,immigration_records_a_fair.csv,2,1,10,5,0.3,0.15,True,100,csv,hnsw,inverted_index,pinned_match,False,,,,True,,,0,12,10,,,,61.092910408973694,0,0,5,0.0008196069393306971,False,,,0.0008196069393306971,,,,,,,,,,,
lp_precheck,k=10_alpha=5,42,ipopayments_a_fair.csv,0,1,10,5,0.3,0.15,True,100,csv,hnsw,inverted_index,pinned_match,True,,,,True,,,0,11,10,,,,83.81696665287018,0,0,5,0.001274910056963563,True,True,0.0004470630083233118,0.001274910056963563,,,,,,,,,,,
lp_precheck,k=10_alpha=5,42,ipopayments_a_fair.csv,0,1,10,5,0.3,0.15,True,100,csv,hnsw,inverted_index,pinned_match,False,,,,True,,,0,11,10,,,,83.81696665287018,0,0,5,0.0007896078750491142,False,,,0.0007896078750491142,,,,,,,,,,,
lp_precheck,k=10_alpha=5,42,job_pay_scales_a_fair.csv,4,1,10,5,0.3,0.15,True,100,csv,hnsw,inverted_index,pinned_match,True,,,,True,,,0,10,10,,,,98.99793064594269,0,0,5,0.0013644490391016006,True,True,0.0004349939990788698,0.0013644490391016006,,,,,,,,,,,
lp_precheck,k=10_alpha=5,42,job_pay_scales_a_fair.csv,4,1,10,5,0.3,0.15,True,100,csv,hnsw,inverted_index,pinned_match,False,,,,True,,,0,10,10,,,,98.99793064594269,0,0,5,0.0007876071613281965,False,,,0.0007876071613281965,,,,,,,,,,,
lp_precheck,k=10_alpha=5,42,mines_a_fair.csv,5,1,10,5,0.3,0.15,True,100,csv,hnsw,inverted_index,pinned_match,True,,,,True,,,0,12,10,,,,77.79971766471863,0,0,5,0.0012677009217441082,True,True,0.00044545414857566357,0.0012677009217441082,,,,,,,,,,,
lp_precheck,k=10_alpha=5,42,mines_a_fair.csv,5,1,10,5,0.3,0.15,True,100,csv,hnsw,inverted_index,pinned_match,False,,,,True,,,0,12,10,,,,77.79971766471863,0,0,5,0.000813246937468648,False,,,0.000813246937468648,,,,,,,,,,,
lp_precheck,k=10_alpha=5,42,oil_and_gas_summary_production_data_1967_1999_a_fair.csv,2,1,10,5,0.3,0.15,True,100,csv,hnsw,inverted_index,pinned_match,True,,,,True,,,0,12,10,,,,77.28633844852448,0,0,5,0.0013577488716691732,True,True,0.0004385730717331171,0.0013577488716691732,,,,,,,,,,,
lp_precheck,k=10_alpha=5,42,oil_and_gas_summary_production_data_1967_1999_a_fair.csv,2,1,10,5,0.3,0.15,True,100,csv,hnsw,inverted_index,pinned_match,False,,,,True,,,0,12,10,,,,77.28633844852448,0,0,5,0.0008910559117794037,False,,,0.0008910559117794037,,,,,,,,,,,
lp_precheck,k=10_alpha=5,42,practice_reference_a_fair.csv,6,1,10,5,0.3,0.15,True,100,csv,hnsw,inverted_index,pinned_match,True,,,,True,,,0,13,10,,,,79.10476684570312,0,0,5,0.0013589391019195318,True,True,0.0004312638193368912,0.0013589391019195318,,,,,,,,,,,
lp_precheck,k=10_alpha=5,42,practice_reference_a_fair.csv,6,1,10,5,0.3,0.15,True,100,csv,hnsw,inverted_index,pinned_match,False,,,,True,,,0,13,10,,,,79.10476684570312,0,0,5,0.000904944958165288,False,,,0.000904944958165288,,,,,,,,,,,
lp_precheck,k=10_alpha=5,42,practice_reference_b_fair.csv,5,1,10,5,0.3,0.15,True,100,csv,hnsw,inverted_index,pinned_match,True,,,,True,,,0,13,10,,,,67.75350695848465,0,0,5,0.0013619789388030767,True,True,0.000446961959823966,0.0013619789388030767,,,,,,,,,,,
lp_precheck,k=10_alpha=5,42,practice_reference_b_fair.csv,5,1,10,5,0.3,0.15,True,100,csv,hnsw,inverted_index,pinned_match,False,,,,True,,,0,13,10,,,,67.75350695848465,0,0,5,0.0008662559557706118,False,,,0.0008662559557706118,,,,,,,,,,,
lp_precheck,k=10_alpha=5,42,psyckes_antipsychotic_polypharmacy_quality_indicators_beginning_2012_a_fair.csv,3,1,10,5,0.3,0.15,True,100,csv,hnsw,inverted_index,pinned_match,True,,,,True,,,0,13,10,,,,59.65610682964325,0,0,5,0.0015233960002660751,True,True,0.0004463030491024256,0.0015233960002660751,,,,,,,,,,,
lp_precheck,k=10_alpha=5,42,psyckes_antipsychotic_polypharmacy_quality_indicators_beginning_2012_a_fair.csv,3,1,10,5,0.3,0.15,True,100,csv,hnsw,inverted_index,pinned_match,False,,,,True,,,0,13,10,,,,59.65610682964325,0,0,5,0.0009036858100444078,False,,,0.0009036858100444078,,,,,,,,,,,
lp_precheck,k=10_alpha=5,42,purchasing_card_a_fair.csv,1,1,10,5,0.3,0.15,True,100,csv,hnsw,inverted_index,pinned_match,True,,,,True,,,0,10,10,,,,98.16518497467041,0,0,5,0.0012750099413096905,True,True,0.00044410303235054016,0.0012750099413096905,,,,,,,,,,,
lp_precheck,k=10_alpha=5,42,purchasing_card_a_fair.csv,1,1,10,5,0.3,0.15,True,100,csv,hnsw,inverted_index,pinned_match,False,,,,True,,,0,10,10,,,,98.16518497467041,0,0,5,0.0008025479037314653,False,,,0.0008025479037314653,,,,,,,,,,,
lp_precheck,k=10_alpha=5,42,report_card_discipline_for_2015_16_a_fair.csv,2,1,10,5,0.3,0.15,True,100,csv,hnsw,inverted_index,pinned_match,True,,,,True,,,0,11,10,,,,82.45878320932388,0,0,5,0.0012705510016530752,True,True,0.00043409294448792934,0.0012705510016530752,,,,,,,,,,,
lp_precheck,k=10_alpha=5,42,report_card_discipline_for_2015_16_a_fair.csv,2,1,10,5,0.3,0.15,True,100,csv,hnsw,inverted_index,pinned_match,False,,,,True,,,0,11,10,,,,82.45878320932388,0,0,5,0.0007945769466459751,False,,,0.0007945769466459751,,,,,,,,,,,
lp_precheck,k=10_alpha=5,42,tuition_assistance_program_tap_recipients_a_fair.csv,5,1,10,5,0.3,0.15,True,100,csv,hnsw,inverted_index,pinned_match,True,,,,True,,,0,14,10,,,,66.8981808423996,0,0,5,0.001353429164737463,True,True,0.00043256301432847977,0.001353429164737463,,,,,,,,,,,
lp_precheck,k=10_alpha=5,42,tuition_assistance_program_tap_recipients_a_fair.csv,5,1,10,5,0.3,0.15,True,100,csv,hnsw,inverted_index,pinned_match,False,,,,True,,,0,14,10,,,,66.8981808423996,0,0,5,0.0009363149292767048,False,,,0.0009363149292767048,,,,,,,,,,,
lp_precheck,k=10_alpha=10,42,311_calls_historic_data_a_fair.csv,1,1,10,10,0.3,0.15,True,100,csv,hnsw,inverted_index,pinned_match,True,,,,True,,,0,11,10,,,,68.59029054641724,0,0,10,0.0012784500140696764,True,True,0.00044466182589530945,0.0012784500140696764,,,,,,,,,,,
lp_precheck,k=10_alpha=10,42,311_calls_historic_data_a_fair.csv,1,1,10,10,0.3,0.15,True,100,csv,hnsw,inverted_index,pinned_match,False,,,,True,,,0,11,10,,,,68.59029054641724,0,0,10,0.0007919678464531898,False,,,0.0007919678464531898,,,,,,,,,,,
lp_precheck,k=10_alpha=10,42,abandoned_wells_a_fair.csv,6,1,10,10,0.3,0.15,True,100,csv,hnsw,inverted_index,pinned_match,True,,,,True,,,0,11,10,,,,64.23800450563431,0,0,10,0.0012694201432168484,True,True,0.0004484930541366339,0.0012694201432168484,,,,,,,,,,,
lp_precheck,k=10_alpha=10,42,abandoned_wells_a_fair.csv,6,1,10,10,0.3,0.15,True,100,csv,hnsw,inverted_index,pinned_match,False,,,,True,,,0,11,10,,,,64.23800450563431,0,0,10,0.0007839270401746035,False,,,0.0007839270401746035,,,,,,,,,,,
lp_precheck,k=10_alpha=10,42,albums_a_fair.csv,4,1,10,10,0.3,0.15,True,100,csv,hnsw,inverted_index,pinned_match,True,,,,True,,,0,10,10,,,,35.5307657122612,0,0,10,0.0012463510502129793,True,True,0.00043371296487748623,0.0012463510502129793,,,,,,,,,,,
lp_precheck,k=10_alpha=10,42,albums_a_fair.csv,4,1,10,10,0.3,0.15,True,100,csv,hnsw,inverted_index,pinned_match,False,,,,True,,,0,10,10,,,,35.5307657122612,0,0,10,0.0007909368723630905,False,,,0.0007909368723630905,,,,,,,,,,,
lp_precheck,k=10_alpha=10,42,cdc_nutrition_physical_activity_and_obesity_legislation_a_fair.csv,1,1,10,10,0.3,0.15,True,100,csv,hnsw,inverted_index,pinned_match,True,,,,True,,,0,12,10,,,,72.50861942768097,0,0,10,0.0013495988678187132,True,True,0.0004506530240178108,0.0013495988678187132,,,,,,,,,,,
lp_precheck,k=10_alpha=10,42,cdc_nutrition_physical_activity_and_obesity_legislation_a_fair.csv,1,1,10,10,0.3,0.15,True,100,csv,hnsw,inverted_index,pinned_match,False,,,,True,,,0,12,10,,,,72.50861942768097,0,0,10,0.0008773768786340952,False,,,0.0008773768786340952,,,,,,,,,,,
lp_precheck,k=10_alpha=10,42,contributors_parties_a_fair.csv,2,1,10,10,0.3,0.15,True,100,csv,hnsw,inverted_index,pinned_match,True,,,,True,,,0,17,10,,,,62.68885391950607,0,0,10,0.0014207379426807165,True,True,0.00046498188748955727,0.0014207379426807165,,,,,,,,,,,
lp_precheck,k=10_alpha=10,42,contributors_parties_a_fair.csv,2,1,10,10,0.3,0.15,True,100,csv,hnsw,inverted_index,pinned_match,False,,,,True,,,0,17,10,,,,62.68885391950607,0,0,10,0.0009322850964963436,False,,,0.0009322850964963436,,,,,,,,,,,
lp_precheck,k=10_alpha=10,42,contributors_parties_b_fair.csv,0,1,10,10,0.3,0.15,True,100,csv,hnsw,inverted_index,pinned_match,True,,,,True,,,0,17,10,,,,46.62786227464676,0,0,10,0.0014366467949002981,True,True,0.00046521215699613094,0.0014366467949002981,,,,,,,,,,,
lp_precheck,k=10_alpha=10,42,contributors_parties_b_fair.csv,0,1,10,10,0.3,0.15,True,100,csv,hnsw,inverted_index,pinned_match,False,,,,True,,,0,17,10,,,,46.62786227464676,0,0,10,0.000905435997992754,False,,,0.000905435997992754,,,,,,,,,,,
lp_precheck,k=10_alpha=10,42,immigration_records_a_fair.csv,2,1,10,10,0.3,0.15,True,100,csv,hnsw,inverted_index,pinned_match,True,,,,True,,,0,12,10,,,,61.092910408973694,0,0,10,0.0012922498863190413,True,True,0.0004479018971323967,0.0012922498863190413,,,,,,,,,,,
lp_precheck,k=10_alpha=10,42,immigration_records_a_fair.csv,2,1,10,10,0.3,0.15,True,100,csv,hnsw,inverted_index,pinned_match,False,,,,True,,,0,12,10,,,,61.092910408973694,0,0,10,0.0008802558295428753,False,,,0.0008802558295428753,,,,,,,,,,,
lp_precheck,k=10_alpha=10,42,ipopayments_a_fair.csv,0,1,10,10,0.3,0.15,True,100,csv,hnsw,inverted_index,pinned_match,True,,,,True,,,0,11,10,,,,83.81696665287018,0,0,10,0.0012688799761235714,True,True,0.00043961196206510067,0.0012688799761235714,,,,,,,,,,,
lp_precheck,k=10_alpha=10,42,ipopayments_a_fair.csv,0,1,10,10,0.3,0.15,True,100,csv,hnsw,inverted_index,pinned_match,False,,,,True,,,0,11,10,,,,83.81696665287018,0,0,10,0.0007918078918009996,False,,,0.0007918078918009996,,,,,,,,,,,
lp_precheck,k=10_alpha=10,42,job_pay_scales_a_fair.csv,4,1,10,10,0.3,0.15,True,100,csv,hnsw,inverted_index,pinned_match,True,,,,True,,,0,10,10,,,,98.99793064594269,0,0,10,0.0014288469683378935,True,True,0.00043025286868214607,0.0014288469683378935,,,,,,,,,,,
lp_precheck,k=10_alpha=10,42,job_pay_scales_a_fair.csv,4,1,10,10,0.3,0.15,True,100,csv,hnsw,inverted_index,pinned_match,False,,,,True,,,0,10,10,,,,98.99793064594269,0,0,10,0.0007970579899847507,False,,,0.0007970579899847507,,,,,,,,,,,
lp_precheck,k=10_alpha=10,42,mines_a_fair.csv,5,1,10,10,0.3,0.15,True,100,csv,hnsw,inverted_index,pinned_match,True,,,,True,,,0,12,10,,,,77.79971766471863,0,0,10,0.0012670401483774185,True,True,0.000430102925747633,0.0012670401483774185,,,,,,,,,,,
lp_precheck,k=10_alpha=10,42,mines_a_fair.csv,5,1,10,10,0.3,0.15,True,100,csv,hnsw,inverted_index,pinned_match,False,,,,True,,,0,12,10,,,,77.79971766471863,0,0,10,0.0008105570450425148,False,,,0.0008105570450425148,,,,,,,,,,,
lp_precheck,k=10_alpha=10,42,oil_and_gas_summary_production_data_1967_1999_a_fair.csv,2,1,10,10,0.3,0.15,True,100,csv,hnsw,inverted_index,pinned_match,True,,,,True,,,0,12,10,,,,77.28633844852448,0,0,10,0.0013539991341531277,True,True,0.0004493428859859705,0.0013539991341531277,,,,,,,,,,,
lp_precheck,k=10_alpha=10,42,oil_and_gas_summary_production_data_1967_1999_a_fair.csv,2,1,10,10,0.3,0.15,True,100,csv,hnsw,inverted_index,pinned_match,False,,,,True,,,0,12,10,,,,77.28633844852448,0,0,10,0.0009257460478693247,False,,,0.0009257460478693247,,,,,,,,,,,
lp_precheck,k=10_alpha=10,42,practice_reference_a_fair.csv,6,1,10,10,0.3,0.15,True,100,csv,hnsw,inverted_index,pinned_match,True,,,,True,,,0,13,10,,,,79.10476684570312,0,0,10,0.0013828088995069265,True,True,0.0004707330372184515,0.0013828088995069265,,,,,,,,,,,
lp_precheck,k=10_alpha=10,42,practice_reference_a_fair.csv,6,1,10,10,0.3,0.15,True,100,csv,hnsw,inverted_index,pinned_match,False,,,,True,,,0,13,10,,,,79.10476684570312,0,0,10,0.0008865061681717634,False,,,0.0008865061681717634,,,,,,,,,,,
lp_precheck,k=10_alpha=10,42,practice_reference_b_fair.csv,5,1,10,10,0.3,0.15,True,100,csv,hnsw,inverted_index,pinned_match,True,,,,True,,,0,13,10,,,,67.75350695848465,0,0,10,0.0013429890386760235,True,True,0.00044569303281605244,0.0013429890386760235,,,,,,,,,,,
lp_precheck,k=10_alpha=10,42,practice_reference_b_fair.csv,5,1,10,10,0.3,0.15,True,100,csv,hnsw,inverted_index,pinned_match,False,,,,True,,,0,13,10,,,,67.75350695848465,0,0,10,0.0008827259298413992,False,,,0.0008827259298413992,,,,,,,,,,,
lp_precheck,k=10_alpha=10,42,psyckes_antipsychotic_polypharmacy_quality_indicators_beginning_2012_a_fair.csv,3,1,10,10,0.3,0.15,True,100,csv,hnsw,inverted_index,pinned_match,True,,,,True,,,0,13,10,,,,59.65610682964325,0,0,10,0.0013446598313748837,True,True,0.0004278239794075489,0.0013446598313748837,,,,,,,,,,,
lp_precheck,k=10_alpha=10,42,psyckes_antipsychotic_polypharmacy_quality_indicators_beginning_2012_a_fair.csv,3,1,10,10,0.3,0.15,True,100,csv,hnsw,inverted_index,pinned_match,False,,,,True,,,0,13,10,,,,59.65610682964325,0,0,10,0.0008905059657990932,False,,,0.0008905059657990932,,,,,,,,,,,
lp_precheck,k=10_alpha=10,42,purchasing_card_a_fair.csv,1,1,10,10,0.3,0.15,True,100,csv,hnsw,inverted_index,pinned_match,True,,,,True,,,0,10,10,,,,98.16518497467041,0,0,10,0.0012308410368859768,True,True,0.00042989314533770084,0.0012308410368859768,,,,,,,,,,,
lp_precheck,k=10_alpha=10,42,purchasing_card_a_fair.csv,1,1,10,10,0.3,0.15,True,100,csv,hnsw,inverted_index,pinned_match,False,,,,True,,,0,10,10,,,,98.16518497467041,0,0,10,0.0007802881300449371,False,,,0.0007802881300449371,,,,,,,,,,,
lp_precheck,k=10_alpha=10,42,report_card_discipline_for_2015_16_a_fair.csv,2,1,10,10,0.3,0.15,True,100,csv,hnsw,inverted_index,pinned_match,True,,,,True,,,0,11,10,,,,82.45878320932388,0,0,10,0.0012461200822144747,True,True,0.0004444541409611702,0.0012461200822144747,,,,,,,,,,,
lp_precheck,k=10_alpha=10,42,report_card_discipline_for_2015_16_a_fair.csv,2,1,10,10,0.3,0.15,True,100,csv,hnsw,inverted_index,pinned_match,False,,,,True,,,0,11,10,,,,82.45878320932388,0,0,10,0.0008095479570329189,False,,,0.0008095479570329189,,,,,,,,,,,
lp_precheck,k=10_alpha=10,42,tuition_assistance_program_tap_recipients_a_fair.csv,5,1,10,10,0.3,0.15,True,100,csv,hnsw,inverted_index,pinned_match,True,,,,True,,,0,14,10,,,,66.8981808423996,0,0,10,0.001383818220347166,True,True,0.0004594030324369669,0.001383818220347166,,,,,,,,,,,
lp_precheck,k=10_alpha=10,42,tuition_assistance_program_tap_recipients_a_fair.csv,5,1,10,10,0.3,0.15,True,100,csv,hnsw,inverted_index,pinned_match,False,,,,True,,,0,14,10,,,,66.8981808423996,0,0,10,0.000934684881940484,False,,,0.000934684881940484,,,,,,,,,,,
