q_table,attr,arm,k,alpha,tau,n_D,pool_size_requested,clamped,feasible,tau_reached,n_P,n_R,n_unionability_computations,F_Q,F_P,F_R,abs_gap_R,sum_U,self_in_D,self_in_R,dinkelbach_ran,dinkelbach_iterations,lp_ran,lp_feasible,lp_decisive,lp_time_s,milp_time_s,retrieval_time_s,stage1_time_s,scoring_time_s,stage2_time_s,end_to_end_s,skip_n_scored,skip_scoring_time_s,skip_stage2_time_s,skip_end_to_end_s,skip_feasible,skip_F_R,skip_abs_gap_R,skip_sum_U
01.Apr_2018.csv,0,include_self,10,2.0,0.05199999999999999,288,20,False,True,True,20,10,20,1.0,1.0,1.0,0.878,67.88506132364273,True,False,True,1,True,True,False,0.003196184989064932,0.004859448177739978,0.04141091392375529,0.0002425890415906906,0.006899029947817326,0.008419571910053492,0.056973417988047004,288,0.08946827403269708,0.0033289119601249695,0.13420859794132411,True,1.0,0.878,77.51226431131363
01.Apr_2018.csv,0,include_self,10,3.0,0.05199999999999999,288,30,False,True,True,30,10,30,1.0,1.0,1.0,0.878,70.07395309209824,True,False,True,1,True,True,False,0.0006714051123708487,0.0011921059340238571,0.04141091392375529,0.00022256909869611263,0.008611025987192988,0.0020545138977468014,0.05230032396502793,288,0.09435784607194364,0.0038322468753904104,0.13960201875306666,True,1.0,0.878,77.51226431131363
01.Apr_2018.csv,0,include_self,10,4.0,0.05199999999999999,288,40,False,True,True,40,10,40,1.0,1.0,1.0,0.878,71.21683144569397,True,False,True,1,True,True,False,0.000887725967913866,0.0011830718722194433,0.04141091392375529,0.00020849797874689102,0.014563194010406733,0.002268641022965312,0.0584526879247278,288,0.10886330483481288,0.0037446769420057535,0.15401941584423184,True,1.0,0.878,77.51226431131363
01.Apr_2018.csv,0,include_self,15,2.0,0.05199999999999999,288,30,False,True,True,30,15,30,1.0,1.0,1.0,0.878,103.11180883646011,True,False,True,1,True,True,False,0.0005530188791453838,0.0012388450559228659,0.04141091392375529,0.0003009350039064884,0.011492554098367691,0.0021051689982414246,0.05531111592426896,288,0.11333327600732446,0.0034601660445332527,0.15820491686463356,True,0.9989785495403473,0.8769785495403473,115.61452841758728
01.Apr_2018.csv,0,include_self,15,3.0,0.05199999999999999,288,45,False,True,True,45,15,45,1.0,1.0,1.0,0.878,107.19861143827438,True,True,True,1,True,True,False,0.0009050709195435047,0.0012936759740114212,0.04141091392375529,0.00020669703371822834,0.015909828944131732,0.0024043309967964888,0.05993301095440984,288,0.11138560110703111,0.004077659919857979,0.1568749558646232,True,0.9989785495403473,0.8769785495403473,115.61452841758728
01.Apr_2018.csv,0,include_self,15,4.0,0.05199999999999999,288,60,False,True,True,60,15,60,1.0,1.0,1.0,0.878,113.24516463279724,True,True,True,1,True,True,False,0.0006177357863634825,0.0013118928764015436,0.04141091392375529,0.0002869048621505499,0.021841314854100347,0.0022677599918097258,0.06580822495743632,288,0.10722348582930863,0.0038558209780603647,0.15249101188965142,True,0.9989785495403473,0.8769785495403473,115.61452841758728
010119992520to252031121999.csv,2,include_self,10,2.0,0.05199999999999999,169,20,False,True,True,20,10,20,1.0,0.9999674169734901,1.0,0.878,121.07792955636978,True,False,True,2,True,True,False,0.0005885311402380466,0.0012403079308569431,0.10092046693898737,0.00016508391126990318,0.019997312920168042,0.0021108759101480246,0.12319492199458182,169,0.14709318499080837,0.0028467371594160795,0.2508633139077574,True,0.48501100360117855,0.36301100360117855,136.7820689678192
010119992520to252031121999.csv,2,include_self,10,3.0,0.05199999999999999,169,30,False,True,True,30,10,30,1.0,0.9998003050658781,1.0,0.878,121.07792955636978,True,False,True,3,True,True,False,0.0005832549650222063,0.0011691430117934942,0.10092046693898737,0.00023248395882546902,0.025011930847540498,0.002039632061496377,0.12820586608722806,169,0.14623278100043535,0.0028074688743799925,0.24996149796061218,True,0.48501100360117855,0.36301100360117855,136.7820689678192
010119992520to252031121999.csv,2,include_self,10,4.0,0.05199999999999999,169,40,False,True,True,40,10,40,1.0,0.9990674783425737,1.0,0.878,121.07792955636978,True,False,True,3,True,True,False,0.0007884679362177849,0.001490507973358035,0.10092046693898737,0.000213986961171031,0.03661240614019334,0.0025239898823201656,0.14027202082797885,169,0.1462707370519638,0.002533992985263467,0.24972577881999314,True,0.48501100360117855,0.36301100360117855,136.7820689678192
010119992520to252031121999.csv,2,include_self,15,2.0,0.05199999999999999,169,30,False,True,True,30,15,30,1.0,0.9998003050658781,0.9999800769598579,0.8779800769598579,167.34441900253296,True,False,True,3,True,True,False,0.0007531058508902788,0.0009268128778785467,0.10092046693898737,0.000272231874987483,0.023293046047911048,0.0019722820725291967,0.1264596099499613,169,0.1447924468666315,0.002741900971159339,0.24845544691197574,True,0.5508564419327989,0.4288564419327989,204.00674080848694
010119992520to252031121999.csv,2,include_self,15,3.0,0.05199999999999999,169,45,False,True,True,45,15,45,1.0,0.9983787069233596,0.9998244733475109,0.8778244733475109,168.4733528494835,True,False,True,3,True,True,False,0.0005867888685315847,0.0014659028965979815,0.10092046693898737,0.00020905002020299435,0.04107691906392574,0.0023702119942754507,0.1445779288187623,169,0.14408106380142272,0.0029727539513260126,0.2479749950580299,True,0.5508564419327989,0.4288564419327989,204.00674080848694
010119992520to252031121999.csv,2,include_self,15,4.0,0.05199999999999999,169,60,False,True,True,60,15,60,1.0,0.9829480064013075,0.9975416528872408,0.8755416528872408,178.79249155521393,True,False,True,3,True,True,False,0.0008844600524753332,0.0012537878938019276,0.10092046693898737,0.00025628996081650257,0.05063308496028185,0.0023502621334046125,0.15416153497062624,169,0.14175999513827264,0.003013144014403224,0.2456941558048129,True,0.5508564419327989,0.4288564419327989,204.00674080848694
1004ipopayments.csv,3,include_self,10,2.0,0.05199999999999999,134,20,False,True,True,20,10,20,0.0032679738562091504,0.18213299434532942,0.1143520053032814,0.007647994696718591,72.66656506061554,True,False,True,3,True,True,False,0.0008647101931273937,0.0010031869169324636,0.027191919973120093,0.00016573513858020306,0.010526324156671762,0.0020369768608361483,0.03992208791896701,134,0.06061889813281596,0.005125373136252165,0.09293672093190253,True,0.05669425322917472,0.06530574677082528,82.26167196035385
1004ipopayments.csv,3,include_self,10,3.0,0.05199999999999999,134,30,False,True,True,30,10,30,0.0032679738562091504,0.1720758448205665,0.0771689497716895,0.04483105022831049,73.0139616727829,True,False,True,2,True,True,False,0.000593910925090313,0.0012903220485895872,0.027191919973120093,0.00012563681229948997,0.013651482993736863,0.0021678509656339884,0.0431381028611213,134,0.057002689922228456,0.004913267912343144,0.08910843008197844,True,0.05669425322917472,0.06530574677082528,82.26167196035385
1004ipopayments.csv,3,include_self,10,4.0,0.05199999999999999,134,40,False,True,True,40,10,40,0.0032679738562091504,0.1604369711898897,0.08701610140459061,0.03498389859540939,73.32802480459213,True,False,True,3,True,True,False,0.0005764749366790056,0.0012432311195880175,0.027191919973120093,0.00016010692343115807,0.01759440405294299,0.0020901260431855917,0.04703775001689792,134,0.05863843415863812,0.004575558006763458,0.09040647186338902,True,0.05669425322917472,0.06530574677082528,82.26167196035385
1004ipopayments.csv,3,include_self,15,2.0,0.05199999999999999,134,30,False,True,True,30,15,30,0.0032679738562091504,0.1720758448205665,0.1679169792448112,0.045916979244811196,108.25184935331345,True,False,True,2,True,True,False,0.0009146849624812603,0.0012685880064964294,0.027191919973120093,0.00019397702999413013,0.013735686894506216,0.0023903711698949337,0.04351317696273327,134,0.058541420148685575,0.0033279999624937773,0.08906198991462588,True,0.05235204855842185,0.06964795144157815,123.06089061498642
1004ipopayments.csv,3,include_self,15,3.0,0.05199999999999999,134,45,False,True,True,45,15,45,0.0032679738562091504,0.15573170044516238,0.16117722056948577,0.03917722056948578,108.72471529245377,True,False,True,3,True,True,False,0.0006688910070806742,0.0014409339055418968,0.027191919973120093,0.0001749889925122261,0.019984954968094826,0.0023952480405569077,0.04974836390465498,134,0.05840316601097584,0.003801841987296939,0.08940009190700948,True,0.05235204855842185,0.06964795144157815,123.06089061498642
1004ipopayments.csv,3,include_self,15,4.0,0.05199999999999999,134,60,False,True,True,60,15,60,0.0032679738562091504,0.14284144901266102,0.055623973727422005,0.06637602627257799,113.59985905885696,True,False,True,3,True,True,False,0.0006044348701834679,0.0014533130452036858,0.027191919973120093,0.00028781616128981113,0.024840808007866144,0.0023530370090156794,0.054674912011250854,134,0.06078188889659941,0.003301190910860896,0.0912755811586976,True,0.05235204855842185,0.06964795144157815,123.06089061498642
2015_05_expenditure.csv,0,include_self,10,2.0,0.05199999999999999,375,20,False,True,True,20,10,20,1.0,1.0,1.0,0.878,75.0115475654602,True,False,True,1,True,True,False,0.000555272912606597,0.0013146779965609312,0.048251386964693666,0.00033515598624944687,0.0071689290925860405,0.0021956930868327618,0.05795241706073284,375,0.149726876989007,0.005201786058023572,0.20318067097105086,True,1.0,0.878,77.69004565477371
2015_05_expenditure.csv,0,include_self,10,3.0,0.05199999999999999,375,30,False,True,True,30,10,30,1.0,1.0,1.0,0.878,76.50034379959106,True,False,True,1,True,True,False,0.0006279090885072947,0.0015412739012390375,0.048251386964693666,0.0003025690093636513,0.01097052195109427,0.0024534540716558695,0.06197910290211439,375,0.1493210569024086,0.003936670953407884,0.201509655918926,True,1.0,0.878,77.69004565477371
2015_05_expenditure.csv,0,include_self,10,4.0,0.05199999999999999,375,40,False,True,True,40,10,40,1.0,1.0,1.0,0.878,76.67045623064041,True,False,True,1,True,True,False,0.0006121459882706404,0.001441305037587881,0.048251386964693666,0.00028044614009559155,0.013718551024794579,0.0023817180190235376,0.06463329493999481,375,0.14287543785758317,0.005189177114516497,0.19631663197651505,True,1.0,0.878,77.69004565477371
2015_05_expenditure.csv,0,include_self,15,2.0,0.05199999999999999,375,30,False,True,True,30,15,30,1.0,1.0,1.0,0.878,114.10167109966278,True,False,True,1,True,True,False,0.0005734190344810486,0.001352854073047638,0.048251386964693666,0.0003712910693138838,0.010767841013148427,0.002219878137111664,0.061611857963725924,375,0.14633969007991254,0.005308873951435089,0.19990046182647347,True,1.0,0.878,115.99807512760162
2015_05_expenditure.csv,0,include_self,15,3.0,0.05199999999999999,375,45,False,True,True,45,15,45,1.0,1.0,1.0,0.878,114.64998137950897,True,False,True,1,True,True,False,0.0006413899827748537,0.0016311968211084604,0.048251386964693666,0.0002733140718191862,0.017342620994895697,0.0026256090495735407,0.0684942128136754,375,0.1479374358896166,0.005391996819525957,0.20158147998154163,True,1.0,0.878,115.99807512760162
2015_05_expenditure.csv,0,include_self,15,4.0,0.05199999999999999,375,60,False,True,True,60,15,60,1.0,1.0,1.0,0.878,114.92641884088516,True,False,True,1,True,True,False,0.000642911996692419,0.001371521968394518,0.048251386964693666,0.00028545293025672436,0.02125981287099421,0.0022732780780643225,0.07207108195871115,375,0.1481616289820522,0.004722255049273372,0.20113585097715259,True,1.0,0.878,115.99807512760162
2018-may-spend-over-500.csv,2,include_self,10,2.0,0.05199999999999999,73,20,False,True,True,20,10,20,0.01706288343558282,0.05255541871921182,0.05212167135743667,0.06987832864256333,54.650241911411285,True,False,True,2,True,True,False,0.0006824708543717861,0.0013135350309312344,0.0191043708473444,0.00013445783406496048,0.006562019931152463,0.0022233938798308372,0.02802557498216629,73,0.023345903027802706,0.0022085029631853104,0.04465924692340195,True,0.05212167135743667,0.06987832864256333,54.650241911411285
2018-may-spend-over-500.csv,2,include_self,10,3.0,0.05199999999999999,73,30,False,True,True,30,10,30,0.01706288343558282,0.042846052788725664,0.05212167135743667,0.06987832864256333,54.650241911411285,True,False,True,1,True,True,False,0.0005501050036400557,0.0015868509653955698,0.0191043708473444,5.517108365893364e-05,0.009642224991694093,0.002417250070720911,0.031220207922160625,73,0.02329509798437357,0.0026182581204921007,0.0450181367341429,True,0.05212167135743667,0.06987832864256333,54.650241911411285
2018-may-spend-over-500.csv,2,include_self,10,4.0,0.05199999999999999,73,40,False,True,True,40,10,40,0.01706288343558282,0.03530069776184407,0.05212167135743667,0.06987832864256333,54.650241911411285,True,False,True,2,True,True,False,0.0006122859194874763,0.0010073119774460793,0.0191043708473444,7.767416536808014e-05,0.012755745090544224,0.0018443220760673285,0.03378373570740223,73,0.026689736172556877,0.002123876940459013,0.04791855392977595,True,0.05212167135743667,0.06987832864256333,54.650241911411285
2018-may-spend-over-500.csv,2,include_self,15,2.0,0.05199999999999999,73,30,False,True,True,30,15,30,0.01706288343558282,0.042846052788725664,0.0523231031543052,0.0696768968456948,80.90858191251755,True,False,True,1,True,True,False,0.0008204448968172073,0.002374017145484686,0.0191043708473444,8.322414942085743e-05,0.009087231010198593,0.003501957980915904,0.03178056888282299,73,0.025265007046982646,0.0028080290649086237,0.047177896834909916,True,0.0523231031543052,0.0696768968456948,80.90858191251755
2018-may-spend-over-500.csv,2,include_self,15,3.0,0.05199999999999999,73,45,False,True,True,45,15,45,0.01706288343558282,0.03258779248572647,0.0523231031543052,0.0696768968456948,80.90858191251755,True,False,True,3,True,True,False,0.0005566040053963661,0.002984199905768037,0.0191043708473444,0.0001813778653740883,0.014109200797975063,0.003702654968947172,0.03709906688891351,73,0.02345269196666777,0.002654062118381262,0.045211715856567025,True,0.0523231031543052,0.0696768968456948,80.90858191251755
2018-may-spend-over-500.csv,2,include_self,15,4.0,0.05199999999999999,73,60,False,True,True,60,15,60,0.01706288343558282,0.02653285923144956,0.0523231031543052,0.0696768968456948,80.90858191251755,True,False,True,2,True,True,False,0.000786864897236228,0.002400296041741967,0.0191043708473444,9.755510836839676e-05,0.01890538609586656,0.0035495480988174677,0.04167802073061466,73,0.023080901009961963,0.0023178341798484325,0.04450360592454672,True,0.0523231031543052,0.0696768968456948,80.90858191251755
20182520EVCP2520use2520Q12520and2520Q2.csv,3,include_self,10,2.0,0.05199999999999999,76,20,False,True,True,20,10,20,0.48913592723597776,0.9957853779959646,0.996110106704719,0.874110106704719,77.66353732347488,True,False,True,3,True,True,False,0.0006001691799610853,0.0008150569628924131,0.0360999871045351,0.00010600709356367588,0.012894198996946216,0.0015646780375391245,0.050666084280237556,76,0.05289631802588701,0.0024222680367529392,0.09141908306628466,True,0.48986644798500467,0.3678664479850047,106.45888543128967
20182520EVCP2520use2520Q12520and2520Q2.csv,3,include_self,10,3.0,0.05199999999999999,76,30,False,True,True,30,10,30,0.48913592723597776,0.9921602569710908,0.9534285239913665,0.8314285239913665,87.5154829621315,True,False,True,3,True,True,False,0.0008678350131958723,0.000901336083188653,0.0360999871045351,0.00012077786959707737,0.02156970207579434,0.0019249010365456343,0.05971681093797088,76,0.05258259200491011,0.002367307897657156,0.09105038805864751,True,0.48986644798500467,0.3678664479850047,106.45888543128967
20182520EVCP2520use2520Q12520and2520Q2.csv,3,include_self,10,4.0,0.05199999999999999,76,40,False,True,True,40,10,40,0.48913592723597776,0.9712493232510129,0.5036936401460473,0.38169364014604734,105.56079012155533,True,True,True,3,True,True,False,0.0009325200226157904,0.001026419922709465,0.0360999871045351,0.00010076002217829227,0.026508317096158862,0.0021368851885199547,0.06484728120267391,76,0.05333652882836759,0.00197083898819983,0.09140836796723306,True,0.48986644798500467,0.3678664479850047,106.45888543128967
20182520EVCP2520use2520Q12520and2520Q2.csv,3,include_self,15,2.0,0.05199999999999999,76,30,False,True,True,30,15,30,0.48913592723597776,0.9921602569710908,0.9936949473025427,0.8716949473025427,122.58694076538086,True,False,True,3,True,True,False,0.0005392280872911215,0.0011327180545777082,0.0360999871045351,0.00014390284195542336,0.021098233992233872,0.0019522919319570065,0.05929574812762439,76,0.05110904015600681,0.002447745995596051,0.08965723519213498,True,0.47740585774058575,0.35540585774058575,157.06399750709534
20182520EVCP2520use2520Q12520and2520Q2.csv,3,include_self,15,3.0,0.05199999999999999,76,45,False,True,True,45,15,45,0.48913592723597776,0.9532848404216859,0.4757007882236258,0.35370078822362583,152.28251004219055,True,True,True,4,True,True,False,0.0008358280174434185,0.0014172589872032404,0.0360999871045351,0.00012948107905685902,0.030909768771380186,0.0024703689850866795,0.06961075705476105,76,0.05078866612166166,0.0016851958353072405,0.08857443020679057,True,0.47740585774058575,0.35540585774058575,157.06399750709534
20182520EVCP2520use2520Q12520and2520Q2.csv,3,include_self,15,4.0,0.05199999999999999,76,60,False,True,True,60,15,60,0.48913592723597776,0.7820935372966893,0.47740585774058575,0.35540585774058575,157.06399750709534,True,True,True,4,True,True,False,0.0006288709118962288,0.0010513579472899437,0.0360999871045351,0.00016404292546212673,0.04252043808810413,0.00196313695050776,0.08074904815293849,76,0.05263870605267584,0.001832243986427784,0.0905714170075953,True,0.47740585774058575,0.35540585774058575,157.06399750709534
AllBusinessRatesexcludingvoidaccounts-July2018.csv,22,include_self,10,2.0,0.05199999999999999,81,20,False,True,True,20,10,20,0.9937362451328932,0.991481561354324,0.9936204721571454,0.8716204721571454,215.6337053179741,True,True,True,3,True,True,False,0.000922186067327857,0.0011612600646913052,0.0257542310282588,0.0001484300009906292,0.08537474903278053,0.002278404077515006,0.1135569759644568,81,0.3069022169802338,0.0024177921004593372,0.3350748310331255,True,0.9425098290941186,0.8205098290941186,244.53651350736618
AllBusinessRatesexcludingvoidaccounts-July2018.csv,22,include_self,10,3.0,0.05199999999999999,81,30,False,True,True,30,10,30,0.9937362451328932,0.9858034599607634,0.9913452560511384,0.8693452560511384,225.2407996058464,True,True,True,4,True,True,False,0.0007470769342035055,0.0017290511168539524,0.0257542310282588,0.0002167811617255211,0.12742373812943697,0.0027453869115561247,0.1561417100019753,81,0.30879799416288733,0.0026903459802269936,0.33724322193302214,True,0.9425098290941186,0.8205098290941186,244.53651350736618
AllBusinessRatesexcludingvoidaccounts-July2018.csv,22,include_self,10,4.0,0.05199999999999999,81,40,False,True,True,40,10,40,0.9937362451328932,0.9749940462014766,0.9875961821469117,0.8655961821469117,226.0493580698967,True,True,True,3,True,True,False,0.0007196059450507164,0.0018325638957321644,0.0257542310282588,0.00014165998436510563,0.15613221493549645,0.0028318348340690136,0.18486139294691384,81,0.3115700311027467,0.002877752995118499,0.34020254597999156,True,0.9425098290941186,0.8205098290941186,244.53651350736618
AllBusinessRatesexcludingvoidaccounts-July2018.csv,22,include_self,15,2.0,0.05199999999999999,81,30,False,True,True,30,15,30,0.9937362451328932,0.9858034599607634,0.9895713876146789,0.8675713876146789,323.8474138379097,True,True,True,4,True,True,False,0.0009436681866645813,0.0014080849941819906,0.0257542310282588,0.0002387829590588808,0.12438003881834447,0.0025697050150483847,0.15294409217312932,81,0.3148448618594557,0.0027770940214395523,0.3433767280075699,True,0.9031725937008478,0.7811725937008478,361.4537037014961
AllBusinessRatesexcludingvoidaccounts-July2018.csv,22,include_self,15,3.0,0.05199999999999999,81,45,False,True,True,45,15,45,0.9937362451328932,0.9658194566170026,0.9816742877242349,0.8596742877242349,330.42772805690765,True,True,True,3,True,True,False,0.0006988749373704195,0.0017775630112737417,0.0257542310282588,0.00012377300299704075,0.17873782198876143,0.002718545962125063,0.2073358939960599,81,0.3157518960069865,0.0019389418885111809,0.3434455902315676,True,0.9031725937008478,0.7811725937008478,361.4537037014961
AllBusinessRatesexcludingvoidaccounts-July2018.csv,22,include_self,15,4.0,0.05199999999999999,81,60,False,True,True,60,15,60,0.9937362451328932,0.928494797609114,0.9371396763548169,0.8151396763548169,357.72870421409607,True,True,True,4,True,True,False,0.0008294081781059504,0.001732648117467761,0.0257542310282588,0.00014795898459851742,0.22689426597207785,0.0028056867886334658,0.2556037148460746,81,0.3100659919437021,0.0021202911157160997,0.33794140606187284,True,0.9031725937008478,0.7811725937008478,361.4537037014961
Apr17.csv,0,include_self,10,2.0,0.05199999999999999,211,20,False,True,True,20,10,20,0.896551724137931,0.9986962190352021,0.997626582278481,0.875626582278481,64.33295148611069,True,False,True,1,True,True,False,0.0005992271471768618,0.001462067011743784,0.031411792151629925,0.00017928611487150192,0.0062865628860890865,0.0023252139799296856,0.04020420601591468,211,0.07581968512386084,0.0032202708534896374,0.1104523092508316,True,0.9168704156479217,0.7948704156479217,68.4820122718811
Apr17.csv,0,include_self,10,3.0,0.05199999999999999,211,30,False,True,True,30,10,30,0.896551724137931,0.9990256576810653,0.997411561691113,0.875411561691113,64.83735477924347,True,False,True,1,True,True,False,0.0008249711245298386,0.0009480440057814121,0.031411792151629925,0.000253485981374979,0.011280901031568646,0.001966773997992277,0.04491449426859617,211,0.06934418203309178,0.0030414650682359934,0.10380033403635025,True,0.9168704156479217,0.7948704156479217,68.4820122718811
Apr17.csv,0,include_self,10,4.0,0.05199999999999999,211,40,False,True,True,40,10,40,0.896551724137931,0.9991792065663475,0.9971910112359551,0.8751910112359551,64.85750091075897,True,False,True,1,True,True,False,0.0006137199234217405,0.0009373689536005259,0.031411792151629925,0.000211633974686265,0.0120231700129807,0.0018069669604301453,0.04545499524101615,211,0.06613337504677474,0.003043379168957472,0.10058912611566484,True,0.9168704156479217,0.7948704156479217,68.4820122718811
Apr17.csv,0,include_self,15,2.0,0.05199999999999999,211,30,False,True,True,30,15,30,0.896551724137931,0.9990256576810653,0.9981012658227848,0.8761012658227848,96.66343057155609,True,False,True,1,True,True,False,0.0006185669917613268,0.0012592540588229895,0.031411792151629925,0.00014085904695093632,0.010077317943796515,0.002183504868298769,0.043814645148813725,211,0.07114948518574238,0.0028621400706470013,0.10542432009242475,True,0.9190082644628099,0.7970082644628099,102.40240806341171
Apr17.csv,0,include_self,15,3.0,0.05199999999999999,211,45,False,True,True,45,15,45,0.896551724137931,0.9992331288343558,0.9980119284294234,0.8760119284294234,96.81187069416046,True,False,True,1,True,True,False,0.0009686851408332586,0.0013799050357192755,0.031411792151629925,0.0001561108510941267,0.013454640982672572,0.0025903668720275164,0.04761415300890803,211,0.07173640606924891,0.002999944845214486,0.10614869301207364,True,0.9190082644628099,0.7970082644628099,102.40240806341171
Apr17.csv,0,include_self,15,4.0,0.05199999999999999,211,60,False,True,True,60,15,60,0.896551724137931,0.9993421052631579,0.9980119284294234,0.8760119284294234,96.81187069416046,True,False,True,1,True,True,False,0.0007236720994114876,0.0015242870431393385,0.031411792151629925,0.0001809180248528719,0.018821009900420904,0.0024311519227921963,0.05284635326825082,211,0.07147196517325938,0.003129516029730439,0.10601384309120476,True,0.9190082644628099,0.7970082644628099,102.40240806341171
Contracts-2019-2020-q1.csv,16,include_self,10,2.0,0.05199999999999999,85,20,False,True,True,20,10,20,0.01904761904761905,0.5294117647058824,0.44959128065395093,0.32759128065395093,389.50785183906555,True,False,True,2,True,True,False,0.0005791669245809317,0.0010740510188043118,0.019076749915257096,0.00016265083104372025,0.16713327099569142,0.001958281034603715,0.18833477888256311,85,0.7092599929310381,0.0029518420342355967,0.7312895867507905,True,0.13953488372093023,0.017534883720930233,392.5127577781677
Contracts-2019-2020-q1.csv,16,include_self,10,3.0,0.05199999999999999,85,30,False,True,True,30,10,30,0.01904761904761905,0.5122699386503068,0.21164021164021163,0.08964021164021163,391.3938980102539,True,False,True,2,True,True,False,0.000805392861366272,0.0010416328441351652,0.019076749915257096,0.0001653640065342188,0.2412339891307056,0.0020204628817737103,0.2624979577958584,85,0.693725350080058,0.003261482110247016,0.7160643618553877,True,0.13953488372093023,0.017534883720930233,392.5127577781677
Contracts-2019-2020-q1.csv,16,include_self,10,4.0,0.05199999999999999,85,40,False,True,True,40,10,40,0.01904761904761905,0.4903581267217631,0.21164021164021163,0.08964021164021163,391.5167651772499,True,False,True,2,True,True,False,0.0009342341218143702,0.0011799170169979334,0.019076749915257096,0.0001200670376420021,0.324604248162359,0.0024346360005438328,0.3462373248767108,85,0.7025790838524699,0.0036581188905984163,0.7253148548770696,True,0.13953488372093023,0.017534883720930233,392.5127577781677
Contracts-2019-2020-q1.csv,16,include_self,15,2.0,0.05199999999999999,85,30,False,True,True,30,15,30,0.01904761904761905,0.5122699386503068,0.3550488599348534,0.23304885993485341,586.4828835129738,True,False,True,2,True,True,False,0.0007301010191440582,0.0013382830657064915,0.019076749915257096,0.00016628694720566273,0.24477390199899673,0.0023077991791069508,0.26632623886689544,85,0.6929382020607591,0.0030272849835455418,0.7150431089103222,True,0.11538461538461539,0.006615384615384606,588.0024573802948
Contracts-2019-2020-q1.csv,16,include_self,15,3.0,0.05199999999999999,85,45,False,True,True,45,15,45,0.01904761904761905,0.4720812182741117,0.28125,0.15925,586.8299925923347,True,False,True,2,True,True,False,0.0008683758787810802,0.0011383271776139736,0.019076749915257096,0.00011950707994401455,0.3644796749576926,0.002209251979365945,0.3858864577487111,85,0.6900948120746762,0.003123616799712181,0.7122957289684564,True,0.11538461538461539,0.006615384615384606,588.0024573802948
Contracts-2019-2020-q1.csv,16,include_self,15,4.0,0.05199999999999999,85,60,False,True,True,60,15,60,0.01904761904761905,0.31711145996860285,0.27756653992395436,0.15556653992395436,587.0304864048958,True,False,True,2,True,True,False,0.000871140044182539,0.0015363958664238453,0.019076749915257096,0.0001223499421030283,0.49158711289055645,0.0027464989107102156,0.5135342360008508,85,0.7050475389696658,0.003272977890446782,0.727398038841784,True,0.11538461538461539,0.006615384615384606,588.0024573802948
Copy2520of2520Monthly2520Data2520Feed-June25202016.csv,1,include_self,10,2.0,0.05199999999999999,295,20,False,True,True,20,10,20,0.041666666666666664,0.9867978803936411,0.16756341275941583,0.04556341275941583,117.45181316137314,True,False,True,3,True,True,False,0.0006282699760049582,0.0016566228587180376,0.2188470179680735,0.0006095920689404011,0.03074137889780104,0.002503839088603854,0.25270337075926363,295,0.38203835510648787,0.0037660179659724236,0.6046521018724889,True,0.05891238670694864,0.06308761329305135,177.10011231899261
Copy2520of2520Monthly2520Data2520Feed-June25202016.csv,1,include_self,10,3.0,0.05199999999999999,295,30,False,True,True,30,10,30,0.041666666666666664,0.9865850778921196,0.16668797136648345,0.04468797136648345,122.93926453590393,True,False,True,4,True,True,False,0.0007882968056946993,0.001958410022780299,0.2188470179680735,0.000663702143356204,0.049015278927981853,0.0029795740265399218,0.27150957798585296,295,0.38519005407579243,0.0037101558409631252,0.6077479489613324,True,0.05891238670694864,0.06308761329305135,177.10011231899261
Copy2520of2520Monthly2520Data2520Feed-June25202016.csv,1,include_self,10,4.0,0.05199999999999999,295,40,False,True,True,40,10,40,0.041666666666666664,0.9860724514905805,0.16668797136648345,0.04468797136648345,122.93926453590393,True,False,True,4,True,True,False,0.0005686411168426275,0.0016390581149607897,0.2188470179680735,0.0004613830242305994,0.05776275601238012,0.0024075270630419254,0.27948013693094254,295,0.3815324669703841,0.003400005865842104,0.603780061006546,True,0.05891238670694864,0.06308761329305135,177.10011231899261
Copy2520of2520Monthly2520Data2520Feed-June25202016.csv,1,include_self,15,2.0,0.05199999999999999,295,30,False,True,True,30,15,30,0.041666666666666664,0.9865850778921196,0.16666666666666666,0.04466666666666666,181.225015938282,True,False,True,4,True,True,False,0.0009380399715155363,0.0013657619711011648,0.2188470179680735,0.0004295860417187214,0.04352502478286624,0.0025237989611923695,0.26532688993029296,295,0.3778426491189748,0.0037413721438497305,0.6004317009355873,True,0.053364071038251366,0.06863592896174864,263.21408146619797
Copy2520of2520Monthly2520Data2520Feed-June25202016.csv,1,include_self,15,3.0,0.05199999999999999,295,45,False,True,True,45,15,45,0.041666666666666664,0.9855997193729437,0.16553544494720965,0.04353544494720965,183.95079493522644,True,False,True,4,True,True,False,0.0015202611684799194,0.002057007048279047,0.2188470179680735,0.0004512290470302105,0.06563743180595338,0.003965293988585472,0.28890499798581004,295,0.38253445900045335,0.005176108097657561,0.6065592679660767,True,0.053364071038251366,0.06863592896174864,263.21408146619797
Copy2520of2520Monthly2520Data2520Feed-June25202016.csv,1,include_self,15,4.0,0.05199999999999999,295,60,False,True,True,60,15,60,0.041666666666666664,0.9841480721036263,0.16291161178509533,0.040911611785095336,186.65282529592514,True,False,True,4,True,True,False,0.001937009859830141,0.0021230250131338835,0.2188470179680735,0.0007210189942270517,0.09052366483956575,0.004496881039813161,0.31459145713597536,295,0.37960466905497015,0.005009610904380679,0.60346320993267,True,0.053364071038251366,0.06863592896174864,263.21408146619797
Data2520Mill252015-07-2016.csv,2,include_self,10,2.0,0.05199999999999999,96,20,False,True,True,20,10,20,0.9403552688586145,0.9816520357468959,0.978305665755113,0.856305665755113,154.45064210891724,True,False,True,1,True,True,False,0.0015296561177819967,0.0017017410136759281,0.028910516062751412,0.00016182009130716324,0.04129538289271295,0.00354431988671422,0.0739163439720869,96,0.2211388200521469,0.004298046929761767,0.25434839306399226,True,0.9317855433221637,0.8097855433221637,167.2751470208168
Data2520Mill252015-07-2016.csv,2,include_self,10,3.0,0.05199999999999999,96,30,False,True,True,30,10,30,0.9403552688586145,0.9814756379179277,0.978305665755113,0.856305665755113,154.45064210891724,True,False,True,3,True,True,False,0.0016921570058912039,0.0016973139718174934,0.028910516062751412,0.00017976691015064716,0.060144703136757016,0.003806549124419689,0.09304356900975108,96,0.22119492199271917,0.004479686031118035,0.25458671688102186,True,0.9317855433221637,0.8097855433221637,167.2751470208168
Data2520Mill252015-07-2016.csv,2,include_self,10,4.0,0.05199999999999999,96,40,False,True,True,40,10,40,0.9403552688586145,0.9810345689058295,0.9773401425032874,0.8553401425032874,154.6287118792534,True,False,True,3,True,True,False,0.0018160110339522362,0.001746678026393056,0.028910516062751412,0.00023210514336824417,0.0775807520840317,0.004028648138046265,0.1107549041043967,96,0.21351886098273098,0.004290316021069884,0.24672065512277186,True,0.9317855433221637,0.8097855433221637,167.2751470208168
Data2520Mill252015-07-2016.csv,2,include_self,15,2.0,0.05199999999999999,96,30,False,True,True,30,15,30,0.9403552688586145,0.9814756379179277,0.9781627518389767,0.8561627518389767,220.0992351770401,True,False,True,3,True,True,False,0.0019273750949651003,0.0018347478471696377,0.028910516062751412,0.0001945279072970152,0.06141087901778519,0.0041221261490136385,0.09464157512411475,96,0.215927709126845,0.004859629087150097,0.24969920492731035,True,0.8473889457746019,0.7253889457746019,247.01582610607147
Data2520Mill252015-07-2016.csv,2,include_self,15,3.0,0.05199999999999999,96,45,False,True,True,45,15,45,0.9403552688586145,0.9804789154803613,0.9779568554979032,0.8559568554979032,227.5412340760231,True,False,True,2,True,True,False,0.0018791928887367249,0.001910629915073514,0.028910516062751412,0.00015835417434573174,0.09115673298947513,0.004307120107114315,0.12453574896790087,96,0.21485274704173207,0.00420507020317018,0.2479701661504805,True,0.8473889457746019,0.7253889457746019,247.01582610607147
Data2520Mill252015-07-2016.csv,2,include_self,15,4.0,0.05199999999999999,96,60,False,True,True,60,15,60,0.9403552688586145,0.9744271292497166,0.9731121753849965,0.8511121753849965,235.36420637369156,True,False,True,2,True,True,False,0.001991771161556244,0.0019359779544174671,0.028910516062751412,0.00019676098600029945,0.12632519914768636,0.004336243029683828,0.1597733860835433,96,0.2199051610659808,0.00467882095836103,0.25349592114798725,True,0.8473889457746019,0.7253889457746019,247.01582610607147
Dec_19.csv,1,include_self,10,2.0,0.05199999999999999,171,20,False,True,True,20,10,20,0.03571428571428571,0.05865921787709497,0.05365853658536585,0.06834146341463415,65.82858270406723,True,False,True,1,True,True,False,0.0010277621913701296,0.0025420761667191982,0.03460583393462002,0.0001815888099372387,0.0070647248066961765,0.003950422164052725,0.04580409312620759,171,0.061289901146665215,0.004625783069059253,0.10052270884625614,True,0.052132701421800945,0.06986729857819905,66.25306552648544
Dec_19.csv,1,include_self,10,3.0,0.05199999999999999,171,30,False,True,True,30,10,30,0.03571428571428571,0.0484375,0.052132701421800945,0.06986729857819905,66.25306552648544,True,True,True,1,True,True,False,0.001131196040660143,0.0011849759612232447,0.03460583393462002,0.00016448390670120716,0.01196260005235672,0.0025939829647541046,0.04932860401459038,171,0.07089568907395005,0.005119964014738798,0.11062255990691483,True,0.052132701421800945,0.06986729857819905,66.25306552648544
Dec_19.csv,1,include_self,10,4.0,0.05199999999999999,171,40,False,True,True,40,10,40,0.03571428571428571,0.041666666666666664,0.052132701421800945,0.06986729857819905,66.25306552648544,True,True,True,1,True,True,False,0.0013574908953160048,0.0013248620089143515,0.03460583393462002,0.00024747708812355995,0.013188936980441213,0.003007554914802313,0.05105429980903864,171,0.0675368350930512,0.0050908708944916725,0.10723508102819324,True,0.052132701421800945,0.06986729857819905,66.25306552648544
Dec_19.csv,1,include_self,15,2.0,0.05199999999999999,171,30,False,True,True,30,15,30,0.03571428571428571,0.0484375,0.05211726384364821,0.0698827361563518,98.51821827888489,True,True,True,1,True,True,False,0.0011374361347407103,0.007262416882440448,0.03460583393462002,0.0002321039792150259,0.011573333060368896,0.008814075961709023,0.05522760096937418,171,0.06039419514127076,0.016138996928930283,0.11114197899587452,True,0.05211726384364821,0.0698827361563518,98.51821827888489
Dec_19.csv,1,include_self,15,3.0,0.05199999999999999,171,45,False,True,True,45,15,45,0.03571428571428571,0.03904923599320883,0.05211726384364821,0.0698827361563518,98.51821827888489,True,True,True,1,True,True,False,0.0012921539600938559,0.006057001883164048,0.03460583393462002,0.00024362094700336456,0.016745915869250894,0.00788988801650703,0.05949026579037309,171,0.06342380191199481,0.014953830977901816,0.11298499908298254,True,0.05211726384364821,0.0698827361563518,98.51821827888489
Dec_19.csv,1,include_self,15,4.0,0.05199999999999999,171,60,False,True,True,60,15,60,0.03571428571428571,0.03290183387270766,0.05211726384364821,0.0698827361563518,98.51821827888489,True,True,True,1,True,True,False,0.0014375790487974882,0.006854893872514367,0.03460583393462002,0.0002461948897689581,0.01925924001261592,0.008584386901929975,0.06269820779561996,171,0.06089761899784207,0.015482995891943574,0.11098769004456699,True,0.05211726384364821,0.0698827361563518,98.51821827888489
Defra_25k_Apr19_rev.csv,13,include_self,10,2.0,0.05199999999999999,144,20,False,True,True,20,10,20,0.0011655011655011655,0.47500953834414344,0.32475247524752476,0.20275247524752477,121.14333438873291,True,False,True,4,True,True,False,0.001258254051208496,0.0017111250199377537,0.02771083894185722,0.0002521530259400606,0.02212329115718603,0.0034018391743302345,0.053490306017920375,144,0.17738928110338748,0.004445695783942938,0.20954696810804307,True,0.05405405405405406,0.06794594594594594,138.06026363372803
Defra_25k_Apr19_rev.csv,13,include_self,10,3.0,0.05199999999999999,144,30,False,True,True,30,10,30,0.0011655011655011655,0.5043362241494329,0.28038067349926793,0.15838067349926793,123.76663815975189,True,False,True,3,True,True,False,0.0015912880189716816,0.001574832946062088,0.02771083894185722,0.00023707118816673756,0.035529041197150946,0.00362475891597569,0.06710393307730556,144,0.16999032208696008,0.004534665960818529,0.20223776903003454,True,0.05405405405405406,0.06794594594594594,138.06026363372803
Defra_25k_Apr19_rev.csv,13,include_self,10,4.0,0.05199999999999999,144,40,False,True,True,40,10,40,0.0011655011655011655,0.5189461219656601,0.24670287044220326,0.12470287044220327,124.79525285959244,True,False,True,2,True,True,False,0.0017376940231770277,0.001675172010436654,0.02771083894185722,0.0002474258653819561,0.0477700037881732,0.0038421109784394503,0.07957257307134569,144,0.17153514898382127,0.00420427811332047,0.20345179992727935,True,0.05405405405405406,0.06794594594594594,138.06026363372803
Defra_25k_Apr19_rev.csv,13,include_self,15,2.0,0.05199999999999999,144,30,False,True,True,30,15,30,0.0011655011655011655,0.5043362241494329,0.3635827931644078,0.24158279316440778,182.00767350196838,True,False,True,3,True,True,False,0.0014445900451391935,0.001873875968158245,0.02771083894185722,0.00021502911113202572,0.03690778184682131,0.0036124319303780794,0.06844790396280587,144,0.17369363806210458,0.004562106914818287,0.20596770592965186,True,0.05545659660372877,0.06654340339627123,204.9888733625412
Defra_25k_Apr19_rev.csv,13,include_self,15,3.0,0.05199999999999999,144,45,False,True,True,45,15,45,0.0011655011655011655,0.5236075770426916,0.31483957219251335,0.19283957219251335,184.57802909612656,True,False,True,2,True,True,False,0.00168498489074409,0.0015662009827792645,0.02771083894185722,0.00025600893422961235,0.05133015685714781,0.003606421872973442,0.08290602103807032,144,0.1753328840713948,0.003199119120836258,0.20624374388717115,True,0.05545659660372877,0.06654340339627123,204.9888733625412
Defra_25k_Apr19_rev.csv,13,include_self,15,4.0,0.05199999999999999,144,60,False,True,True,60,15,60,0.0011655011655011655,0.5232883685416136,0.2655571635311143,0.1435571635311143,186.69632959365845,True,False,True,2,True,True,False,0.0010220338590443134,0.0015809722244739532,0.02771083894185722,0.00022339005954563618,0.0654951089527458,0.0028758898843079805,0.0963067407719791,144,0.16159623581916094,0.00278121093288064,0.1920888158492744,True,0.05545659660372877,0.06654340339627123,204.9888733625412
Defra_WMI_112016.csv,3,include_self,10,2.0,0.05199999999999999,101,20,False,True,True,20,10,20,0.0625,0.843298969072165,0.8698630136986302,0.7478630136986302,399.64022302627563,True,False,True,2,True,True,False,0.0006957401055842638,0.0014811428263783455,0.0264724250882864,0.00015983683988451958,0.16906402888707817,0.002527073957026005,0.19822558807209134,101,0.8545454491395503,0.003605221165344119,0.8846238560508937,True,0.21904761904761905,0.09704761904761905,404.1636772155762
Defra_WMI_112016.csv,3,include_self,10,3.0,0.05199999999999999,101,30,False,True,True,30,10,30,0.0625,0.8003679852805887,0.8073770491803278,0.6853770491803278,402.44333785772324,True,False,True,3,True,True,False,0.000631134957075119,0.001230721827596426,0.0264724250882864,0.00016979221254587173,0.2556182029657066,0.0021247570402920246,0.2843865090981126,101,0.841806598007679,0.003864474128931761,0.8721447889693081,True,0.21904761904761905,0.09704761904761905,404.1636772155762
Defra_WMI_112016.csv,3,include_self,10,4.0,0.05199999999999999,101,40,False,True,True,40,10,40,0.0625,0.7608510638297873,0.24175824175824176,0.11975824175824176,402.7774441242218,True,False,True,3,True,True,False,0.0009435869287699461,0.0012677968479692936,0.0264724250882864,0.00021023093722760677,0.33877546712756157,0.0025167190469801426,0.36797680403105915,101,0.8612984800711274,0.003093171864748001,0.8908649790100753,True,0.21904761904761905,0.09704761904761905,404.1636772155762
Defra_WMI_112016.csv,3,include_self,15,2.0,0.05199999999999999,101,30,False,True,True,30,15,30,0.0625,0.8003679852805887,0.8433079434167573,0.7213079434167573,600.9858629703522,True,False,True,3,True,True,False,0.000715749803930521,0.0016908547841012478,0.0264724250882864,0.00017537898384034634,0.2522034340072423,0.0026053190231323242,0.28145808004774153,101,0.8666636769194156,0.0028693610802292824,0.8960062030237168,True,0.21052631578947367,0.08852631578947368,605.1334736347198
Defra_WMI_112016.csv,3,include_self,15,3.0,0.05199999999999999,101,45,False,True,True,45,15,45,0.0625,0.7406199021207178,0.2553191489361702,0.1333191489361702,604.437809586525,True,True,True,3,True,True,False,0.0007812078110873699,0.0016914659645408392,0.0264724250882864,0.0002254729624837637,0.3861931369174272,0.002677135867998004,0.41556985303759575,101,0.8525634589605033,0.0029232909437268972,0.8819599160924554,True,0.21052631578947367,0.08852631578947368,605.1334736347198
Defra_WMI_112016.csv,3,include_self,15,4.0,0.05199999999999999,101,60,False,True,True,60,15,60,0.0625,0.6771269177126917,0.21052631578947367,0.08852631578947368,605.0329955220222,True,True,True,3,True,True,False,0.0006469180807471275,0.0016626841388642788,0.0264724250882864,0.0001638729590922594,0.5058512159157544,0.0025917389430105686,0.5350806361529976,101,0.8557589908596128,0.0027478300034999847,0.884979868074879,True,0.21052631578947367,0.08852631578947368,605.1334736347198
Departmental_Spend_Over_25000_July_2014.csv,0,include_self,10,2.0,0.05199999999999999,136,20,False,True,True,20,10,20,1.0,1.0,1.0,0.878,132.72249031066895,True,True,True,1,True,True,False,0.0005687430966645479,0.0015012449584901333,0.02650531311519444,0.00012204097583889961,0.02131271199323237,0.0023839809000492096,0.05032518692314625,136,0.12401287304237485,0.0026490739546716213,0.15316780121065676,True,0.9170675389647874,0.7950675389647874,134.75991761684418
Departmental_Spend_Over_25000_July_2014.csv,0,include_self,10,3.0,0.05199999999999999,136,30,False,True,True,30,10,30,1.0,1.0,1.0,0.878,133.75566005706787,True,True,True,1,True,True,False,0.0007441018242388964,0.0014648300129920244,0.02650531311519444,0.0001047360710799694,0.029972818214446306,0.0024190538097172976,0.05900327325798571,136,0.1226415908895433,0.0023222099989652634,0.1514702441636473,True,0.9170675389647874,0.7950675389647874,134.75991761684418
Departmental_Spend_Over_25000_July_2014.csv,0,include_self,10,4.0,0.05199999999999999,136,40,False,True,True,40,10,40,1.0,1.0,1.0,0.878,133.91750580072403,True,True,True,1,True,True,False,0.0007014989387243986,0.0009398011025041342,0.02650531311519444,0.00011121504940092564,0.040572141064330935,0.0018022889271378517,0.06899202917702496,136,0.12365028611384332,0.002672589151188731,0.15282872808165848,True,0.9170675389647874,0.7950675389647874,134.75991761684418
Departmental_Spend_Over_25000_July_2014.csv,0,include_self,15,2.0,0.05199999999999999,136,30,False,True,True,30,15,30,1.0,1.0,1.0,0.878,199.07040989398956,True,True,True,1,True,True,False,0.0007603161502629519,0.000878490973263979,0.02650531311519444,0.00010025897063314915,0.03122618584893644,0.0017959501128643751,0.05962898023426533,136,0.1205830208491534,0.0025365669280290604,0.14962547202594578,True,0.8198573127229488,0.6978573127229488,201.05528098344803
Departmental_Spend_Over_25000_July_2014.csv,0,include_self,15,3.0,0.05199999999999999,136,45,False,True,True,45,15,45,1.0,1.0,1.0,0.878,199.746887922287,True,True,True,1,True,True,False,0.0005397398490458727,0.0013223581481724977,0.02650531311519444,0.00010858103632926941,0.046942055923864245,0.002119010081514716,0.07567634107545018,136,0.12326728808693588,0.0018974810373038054,0.15167065314017236,True,0.8198573127229488,0.6978573127229488,201.05528098344803
Departmental_Spend_Over_25000_July_2014.csv,0,include_self,15,4.0,0.05199999999999999,136,60,False,True,True,60,15,60,1.0,1.0,1.0,0.878,200.70314836502075,True,True,True,1,True,True,False,0.000846843933686614,0.0015092450194060802,0.02650531311519444,9.729410521686077e-05,0.06078706495463848,0.0025353061500936747,0.08992619905620813,136,0.12385150394402444,0.002266528084874153,0.15262389509007335,True,0.8198573127229488,0.6978573127229488,201.05528098344803
Housing2520Land2520Availability2520-2520current2520and2520completed2520sites2520between252001_01_20202520to252031_03_20.csv,23,include_self,10,2.0,0.05199999999999999,95,20,False,True,True,20,10,20,1.3526949064273299e-05,0.3918564703675339,0.2735945726299424,0.15159457262994241,353.4963213801384,True,False,True,2,True,True,False,0.0005811098963022232,0.0012078890576958656,0.03398048714734614,0.00014824001118540764,0.18239853996783495,0.002095133066177368,0.2186236830893904,95,0.9024786171503365,0.003661643946543336,0.9401218499988317,True,0.26502519074884623,0.14302519074884623,422.4703449010849
Housing2520Land2520Availability2520-2520current2520and2520completed2520sites2520between252001_01_20202520to252031_03_20.csv,23,include_self,10,3.0,0.05199999999999999,95,30,False,True,True,30,10,30,1.3526949064273299e-05,0.39184254438900507,0.2735933418680061,0.1515933418680061,355.23891657590866,True,False,True,2,True,True,False,0.0006341699045151472,0.0011813798919320107,0.03398048714734614,0.00016795797273516655,0.27525038295425475,0.0021283139940351248,0.3115367339923978,95,0.881903497967869,0.003382499795407057,0.9192670951597393,True,0.26502519074884623,0.14302519074884623,422.4703449010849
Housing2520Land2520Availability2520-2520current2520and2520completed2520sites2520between252001_01_20202520to252031_03_20.csv,23,include_self,10,4.0,0.05199999999999999,95,40,False,True,True,40,10,40,1.3526949064273299e-05,0.39182480488013516,0.273593828992645,0.151593828992645,370.53339594602585,True,False,True,2,True,True,False,0.0008984499145299196,0.0014863519463688135,0.03398048714734614,0.0001470879651606083,0.3623494340572506,0.0025912788696587086,0.39906987897120416,95,0.8813788378611207,0.0032885221298784018,0.9186483973171562,True,0.26502519074884623,0.14302519074884623,422.4703449010849
Housing2520Land2520Availability2520-2520current2520and2520completed2520sites2520between252001_01_20202520to252031_03_20.csv,23,include_self,15,2.0,0.05199999999999999,95,30,False,True,True,30,15,30,1.3526949064273299e-05,0.39184254438900507,0.273584623621722,0.15158462362172198,493.2648667693138,True,False,True,2,True,True,False,0.0010620730463415384,0.0011881599202752113,0.03398048714734614,0.00010189088061451912,0.2726880160626024,0.002482207026332617,0.30925403302535415,95,0.8322908931877464,0.0046523320488631725,0.8709248641971499,True,0.2649662364033441,0.1429662364033441,642.3571932315826
Housing2520Land2520Availability2520-2520current2520and2520completed2520sites2520between252001_01_20202520to252031_03_20.csv,23,include_self,15,3.0,0.05199999999999999,95,45,False,True,True,45,15,45,1.3526949064273299e-05,0.3918144324372232,0.27358511077772707,0.15158511077772707,509.00524777173996,True,False,True,2,True,True,False,0.0009915190748870373,0.0013928329572081566,0.03398048714734614,0.00016020797193050385,0.31521227792836726,0.0026546120643615723,0.35200968803837895,95,0.6730547840707004,0.0032473099417984486,0.7102834430988878,True,0.2649662364033441,0.1429662364033441,642.3571932315826
Housing2520Land2520Availability2520-2520current2520and2520completed2520sites2520between252001_01_20202520to252031_03_20.csv,23,include_self,15,4.0,0.05199999999999999,95,60,False,True,True,60,15,60,1.3526949064273299e-05,0.39175806908631927,0.2735585767975499,0.15155857679754992,588.1617689728737,True,False,True,2,True,True,False,0.0015827540773898363,0.0023606561589986086,0.03398048714734614,0.00014903093688189983,0.42559512914158404,0.004302191780880094,0.4640288329683244,95,0.676487899152562,0.004386887885630131,0.714856477221474,True,0.2649662364033441,0.1429662364033441,642.3571932315826
LAS-Transparency-Report---February-2012.csv_1_0.csv,3,include_self,10,2.0,0.05199999999999999,63,20,False,True,True,20,10,20,0.14957264957264957,0.27190721649484534,0.2787682333873582,0.15676823338735818,74.7954666018486,True,False,True,3,True,True,False,0.0008180409204214811,0.0012070280499756336,0.017749913968145847,0.00010704784654080868,0.006720695877447724,0.0022493719588965178,0.026829032925888896,63,0.01909893099218607,0.002138037933036685,0.03898734296672046,True,0.23986928104575164,0.11786928104575164,76.51298373937607
LAS-Transparency-Report---February-2012.csv_1_0.csv,3,include_self,10,3.0,0.05199999999999999,63,30,False,True,True,30,10,30,0.14957264957264957,0.22847558702944465,0.25255275697753576,0.13055275697753577,75.91787832975388,True,False,True,2,True,True,False,0.0005679910536855459,0.0010309270583093166,0.017749913968145847,0.00010602688416838646,0.008983616949990392,0.001880275085568428,0.02872127597220242,63,0.019338926067575812,0.0017721261829137802,0.038861416978761554,True,0.23986928104575164,0.11786928104575164,76.51298373937607
LAS-Transparency-Report---February-2012.csv_1_0.csv,3,include_self,10,4.0,0.05199999999999999,63,40,False,True,True,40,10,40,0.14957264957264957,0.19349164467897978,0.23986928104575164,0.11786928104575164,76.51298373937607,True,True,True,2,True,True,False,0.0006204301025718451,0.0009487459901720285,0.017749913968145847,0.00010591791942715645,0.012392356991767883,0.0017311437986791134,0.03198075410909951,63,0.019351215101778507,0.0029609668999910355,0.040063146967440844,True,0.23986928104575164,0.11786928104575164,76.51298373937607
LAS-Transparency-Report---February-2012.csv_1_0.csv,3,include_self,15,2.0,0.05199999999999999,63,30,False,True,True,30,15,30,0.14957264957264957,0.22847558702944465,0.2396049896049896,0.11760498960498961,111.68272566795349,True,False,True,2,True,True,False,0.0005781271029263735,0.00114217191003263,0.017749913968145847,9.260699152946472e-05,0.008727157954126596,0.0018862350843846798,0.028457334963604808,63,0.01839653099887073,0.0019132939632982016,0.03806013986468315,True,0.21391138637446402,0.09191138637446403,112.81187570095062
LAS-Transparency-Report---February-2012.csv_1_0.csv,3,include_self,15,3.0,0.05199999999999999,63,45,False,True,True,45,15,45,0.14957264957264957,0.17706397663923545,0.23447279730380358,0.11247279730380358,112.57534694671631,True,True,True,2,True,True,False,0.000546890078112483,0.0007827198132872581,0.017749913968145847,8.9963898062706e-05,0.01320017478428781,0.0014649501536041498,0.032506091985851526,63,0.019027995876967907,0.0014547649770975113,0.038233136059716344,True,0.21391138637446402,0.09191138637446403,112.81187570095062
LAS-Transparency-Report---February-2012.csv_1_0.csv,3,include_self,15,4.0,0.05199999999999999,63,60,False,True,True,60,15,60,0.14957264957264957,0.10665422885572139,0.21391138637446402,0.09191138637446403,112.81187570095062,True,True,True,1,True,True,False,0.0005440560635179281,0.0009157881140708923,0.017749913968145847,5.395011976361275e-05,0.017881838139146566,0.0016027938108891249,0.037289638072252274,63,0.01907160086557269,0.0015345129650086164,0.03835648903623223,True,0.21391138637446402,0.09191138637446403,112.81187570095062
PUSS-Oct-Dec-2015.csv,1,include_self,10,2.0,0.05199999999999999,123,20,False,True,True,20,10,20,0.09090909090909091,0.1101123595505618,0.10810810810810811,0.013891891891891883,98.82630383968353,True,True,True,2,True,True,False,0.0005806300323456526,0.0007903410587459803,0.02543869405053556,0.00012223189696669579,0.015349556924775243,0.001526711042970419,0.04243824607692659,123,0.13498272094875574,0.008878381922841072,0.16930035897530615,True,0.052486187845303865,0.06951381215469613,132.04865217208862
PUSS-Oct-Dec-2015.csv,1,include_self,10,3.0,0.05199999999999999,123,30,False,True,True,30,10,30,0.09090909090909091,0.09788359788359788,0.1059322033898305,0.016067796610169494,107.05960869789124,True,True,True,2,True,True,False,0.0010017140302807093,0.0011521170381456614,0.02543869405053556,0.00015928689390420914,0.020333982072770596,0.002371193142607808,0.04830492613837123,123,0.13389642187394202,0.010821098927408457,0.17015718715265393,True,0.052486187845303865,0.06951381215469613,132.04865217208862
PUSS-Oct-Dec-2015.csv,1,include_self,10,4.0,0.05199999999999999,123,40,False,True,True,40,10,40,0.09090909090909091,0.0860484544695071,0.092,0.03,121.28014320135117,True,True,True,2,True,True,False,0.0005964338779449463,0.0009732020553201437,0.02543869405053556,0.000150623032823205,0.02719178982079029,0.0017249549273401499,0.05450757290236652,123,0.1334320728201419,0.007704482180997729,0.1665757519658655,True,0.052486187845303865,0.06951381215469613,132.04865217208862
PUSS-Oct-Dec-2015.csv,1,include_self,15,2.0,0.05199999999999999,123,30,False,True,True,30,15,30,0.09090909090909091,0.09788359788359788,0.10569105691056911,0.016308943089430886,141.82461881637573,True,True,True,2,True,True,False,0.0005341710057109594,0.0008244519121944904,0.02543869405053556,0.00012011686339974403,0.02067253296263516,0.0015185000374913216,0.04775110608898103,123,0.1358620929531753,0.0023426099214702845,0.16364394826814532,True,0.05366726296958855,0.06833273703041146,182.60443878173828
PUSS-Oct-Dec-2015.csv,1,include_self,15,3.0,0.05199999999999999,123,45,False,True,True,45,15,45,0.09090909090909091,0.07966457023060797,0.08333333333333333,0.03866666666666667,164.32743728160858,True,True,True,2,True,True,False,0.0005252868868410587,0.0007998149376362562,0.02543869405053556,0.00015418813563883305,0.03007863601669669,0.001480122096836567,0.057152942987158895,123,0.1337206808384508,0.00221057515591383,0.16137047111988068,True,0.05366726296958855,0.06833273703041146,182.60443878173828
PUSS-Oct-Dec-2015.csv,1,include_self,15,4.0,0.05199999999999999,123,60,False,True,True,60,15,60,0.09090909090909091,0.05695948656237465,0.06049149338374291,0.061508506616257085,176.5862836241722,True,True,True,1,True,True,False,0.0005399398505687714,0.000844801077619195,0.02543869405053556,0.0001026419922709465,0.04099322413094342,0.001527342014014721,0.06806301395408809,123,0.13382656895555556,0.002109233057126403,0.16137500805780292,True,0.05366726296958855,0.06833273703041146,182.60443878173828
Primary2520Pupils2520with2520Special2520Educational2520Needs25202528SEN25292520-2520Oct25202020.csv,4,include_self,10,2.0,0.05199999999999999,408,20,False,True,True,20,10,20,0.08045977011494253,0.9373531714956931,0.896361631753032,0.774361631753032,58.054262578487396,True,False,True,2,True,True,False,0.0005015030037611723,0.0008222281467169523,0.12868366413749754,0.00042906589806079865,0.009057666873559356,0.0014530930202454329,0.13962539215572178,408,0.16945231100544333,0.0033717539627104998,0.30150830117054284,True,0.1608187134502924,0.03881871345029239,76.14614373445511
Primary2520Pupils2520with2520Special2520Educational2520Needs25202528SEN25292520-2520Oct25202020.csv,4,include_self,10,3.0,0.05199999999999999,408,30,False,True,True,30,10,30,0.08045977011494253,0.9306167400881057,0.7836134453781513,0.6616134453781513,61.75577026605606,True,False,True,5,True,True,False,0.000511527992784977,0.0008429479785263538,0.12868366413749754,0.0007103430107235909,0.014229047112166882,0.0014895959757268429,0.14511382207274437,408,0.16842917609028518,0.002962126862257719,0.30007550795562565,True,0.1608187134502924,0.03881871345029239,76.14614373445511
Primary2520Pupils2520with2520Special2520Educational2520Needs25202528SEN25292520-2520Oct25202020.csv,4,include_self,10,4.0,0.05199999999999999,408,40,False,True,True,40,10,40,0.08045977011494253,0.9146825396825397,0.5278810408921933,0.40588104089219335,65.24337416887283,True,False,True,5,True,True,False,0.0005966739263385534,0.0012468670029193163,0.12868366413749754,0.0006961710751056671,0.01768530812114477,0.002106088912114501,0.14917232329025865,408,0.1675480199046433,0.0030545340850949287,0.2992867100983858,True,0.1608187134502924,0.03881871345029239,76.14614373445511
Primary2520Pupils2520with2520Special2520Educational2520Needs25202528SEN25292520-2520Oct25202020.csv,4,include_self,15,2.0,0.05199999999999999,408,30,False,True,True,30,15,30,0.08045977011494253,0.9306167400881057,0.8490566037735849,0.7270566037735849,90.5740180015564,True,False,True,5,True,True,False,0.0004902661312371492,0.0008096280507743359,0.12868366413749754,0.0007981720846146345,0.01391282002441585,0.001437478931620717,0.14483338710851967,408,0.16851920820772648,0.003378685098141432,0.30058207898400724,True,0.17362924281984335,0.05162924281984335,112.58822751045227
Primary2520Pupils2520with2520Special2520Educational2520Needs25202528SEN25292520-2520Oct25202020.csv,4,include_self,15,3.0,0.05199999999999999,408,45,False,True,True,45,15,45,0.08045977011494253,0.9049318624269954,0.5198776758409785,0.39787767584097855,99.29444825649261,True,False,True,5,True,True,False,0.000622972147539258,0.0010149730369448662,0.12868366413749754,0.0007405958604067564,0.019043469103053212,0.0018035699613392353,0.1502725831232965,408,0.16979854414239526,0.003654894884675741,0.30213761306367815,True,0.17362924281984335,0.05162924281984335,112.58822751045227
Primary2520Pupils2520with2520Special2520Educational2520Needs25202528SEN25292520-2520Oct25202020.csv,4,include_self,15,4.0,0.05199999999999999,408,60,False,True,True,60,15,60,0.08045977011494253,0.8743406763884579,0.4368932038834951,0.3148932038834951,102.46166676282883,True,False,True,5,True,True,False,0.0005823629908263683,0.0009947740472853184,0.12868366413749754,0.0007411481346935034,0.026515037054196,0.001729642041027546,0.15767066297121346,408,0.16852982388809323,0.0036680528428405523,0.30088211223483086,True,0.17362924281984335,0.05162924281984335,112.58822751045227
PurchasingCard-April18.csv,1,include_self,10,2.0,0.05199999999999999,111,20,False,True,True,20,10,20,0.23735408560311283,0.25865580448065173,0.2606362591031046,0.13863625910310462,98.36621141433716,True,True,True,3,True,True,False,0.0005271511618047953,0.000756419962272048,0.027773082023486495,0.00013827485963702202,0.0079872808419168,0.0014178198762238026,0.03731770999729633,111,0.039827977074310184,0.00167892687022686,0.06928059598430991,True,0.23899848254931716,0.11699848254931716,98.72121316194534
PurchasingCard-April18.csv,1,include_self,10,3.0,0.05199999999999999,111,30,False,True,True,30,10,30,0.23735408560311283,0.24791550861589773,0.2525964391691395,0.1305964391691395,98.57515013217926,True,True,True,2,True,True,False,0.0004974461626261473,0.0007825989741832018,0.027773082023486495,9.902613237500191e-05,0.0123695929069072,0.0014132331125438213,0.04165603709407151,111,0.039393384009599686,0.001655922969803214,0.06882289005443454,True,0.23899848254931716,0.11699848254931716,98.72121316194534
PurchasingCard-April18.csv,1,include_self,10,4.0,0.05199999999999999,111,40,False,True,True,40,10,40,0.23735408560311283,0.24371122775922013,0.2525964391691395,0.1305964391691395,98.57515013217926,True,True,True,2,True,True,False,0.0005350119899958372,0.0010092651937156916,0.027773082023486495,0.00010064011439681053,0.015968504128977656,0.0016899129841476679,0.04553319001570344,111,0.03914958308450878,0.0017254350241273642,0.06864873203448951,True,0.23899848254931716,0.11699848254931716,98.72121316194534
PurchasingCard-April18.csv,1,include_self,15,2.0,0.05199999999999999,111,30,False,True,True,30,15,30,0.23735408560311283,0.24791550861589773,0.25069637883008355,0.12869637883008356,147.14609998464584,True,True,True,2,True,True,False,0.0005457180086523294,0.0008696471340954304,0.027773082023486495,0.00010633794590830803,0.011617999989539385,0.0015597310848534107,0.04105825116857886,111,0.03934050491079688,0.0018274257890880108,0.0689414341468364,True,0.23810716074111166,0.11610716074111166,147.70336204767227
PurchasingCard-April18.csv,1,include_self,15,3.0,0.05199999999999999,111,45,False,True,True,45,15,45,0.23735408560311283,0.24192914674873944,0.24226281075596143,0.12026281075596143,147.44717288017273,True,True,True,2,True,True,False,0.000519429100677371,0.0009562559425830841,0.027773082023486495,0.00011510984040796757,0.017649554880335927,0.001675131032243371,0.04721394018270075,111,0.039456226862967014,0.0015983579214662313,0.06882814806886017,True,0.23810716074111166,0.11610716074111166,147.70336204767227
PurchasingCard-April18.csv,1,include_self,15,4.0,0.05199999999999999,111,60,False,True,True,60,15,60,0.23735408560311283,0.2347267806759947,0.23810716074111166,0.11610716074111166,147.70336204767227,True,True,True,2,True,True,False,0.000564927002415061,0.0011250479146838188,0.027773082023486495,0.00010334188118577003,0.02390629192814231,0.001877720933407545,0.0536615198943764,111,0.03906440711580217,0.0019079558551311493,0.06874591601081192,True,0.23810716074111166,0.11610716074111166,147.70336204767227
RCDTS_spending_over_25000_for_July_2019.csv,0,include_self,10,2.0,0.05199999999999999,76,20,False,True,True,20,10,20,0.057180851063829786,0.9172958531769079,0.833841106163581,0.711841106163581,105.3316615819931,True,False,True,2,True,True,False,0.0005171459633857012,0.0008910999167710543,0.01955254515632987,9.741401299834251e-05,0.016802159836515784,0.0016356529667973518,0.03808896313421428,76,0.06793219805695117,0.0019341749139130116,0.08941940916702151,True,0.06488173455978975,0.057118265440210245,125.71796834468842
RCDTS_spending_over_25000_for_July_2019.csv,0,include_self,10,3.0,0.05199999999999999,76,30,False,True,True,30,10,30,0.057180851063829786,0.9195389435989257,0.7228303362001564,0.6008303362001564,114.73305404186249,True,False,True,2,True,True,False,0.000488875200971961,0.0008233389817178249,0.01955254515632987,8.915085345506668e-05,0.02665069792419672,0.0014504380524158478,0.04774392512626946,76,0.06731258099898696,0.0017645840998739004,0.08863019128330052,True,0.06488173455978975,0.057118265440210245,125.71796834468842
RCDTS_spending_over_25000_for_July_2019.csv,0,include_self,10,4.0,0.05199999999999999,76,40,False,True,True,40,10,40,0.057180851063829786,0.9184949539271611,0.6250661025912215,0.5030661025912215,116.24614322185516,True,False,True,2,True,True,False,0.0004993099719285965,0.0008563890587538481,0.01955254515632987,0.00010021892376244068,0.03872395190410316,0.001575202913954854,0.05995302926748991,76,0.066695166984573,0.0018043320160359144,0.08805250516161323,True,0.06488173455978975,0.057118265440210245,125.71796834468842
RCDTS_spending_over_25000_for_July_2019.csv,0,include_self,15,2.0,0.05199999999999999,76,30,False,True,True,30,15,30,0.057180851063829786,0.9195389435989257,0.8380474452554745,0.7160474452554745,162.67319202423096,True,False,True,2,True,True,False,0.0004813331179320812,0.0007895298767834902,0.01955254515632987,9.412900544703007e-05,0.027014136081561446,0.0014053708873689175,0.04806743422523141,76,0.06571144890040159,0.0014384109526872635,0.08670291723683476,True,0.06495547407019382,0.057044525929806175,184.29945278167725
RCDTS_spending_over_25000_for_July_2019.csv,0,include_self,15,3.0,0.05199999999999999,76,45,False,True,True,45,15,45,0.057180851063829786,0.8774464119291705,0.8031787502721532,0.6811787502721532,166.7058978676796,True,False,True,1,True,True,False,0.0005179480649530888,0.001072227954864502,0.01955254515632987,5.516200326383114e-05,0.04231682396493852,0.0018200769554823637,0.06374563905410469,76,0.066838548053056,0.0019202439580112696,0.08831411134451628,True,0.06495547407019382,0.057044525929806175,184.29945278167725
RCDTS_spending_over_25000_for_July_2019.csv,0,include_self,15,4.0,0.05199999999999999,76,60,False,True,True,60,15,60,0.057180851063829786,0.5638764696141745,0.24401272818623346,0.12201272818623346,176.17345041036606,True,True,True,1,True,True,False,0.0006020020227879286,0.0010901950299739838,0.01955254515632987,6.0238875448703766e-05,0.05393388192169368,0.0019247611053287983,0.07547258911654353,76,0.06566786393523216,0.0018521251622587442,0.08707302529364824,True,0.06495547407019382,0.057044525929806175,184.29945278167725
Sept_2013_-_HMRC_workforce_management_information.csv,3,include_self,10,2.0,0.05199999999999999,123,20,False,True,True,20,10,20,0.02040816326530612,0.12883435582822086,0.10185185185185185,0.02014814814814815,408.9434948563576,True,False,True,1,True,True,False,0.0004999611992388964,0.0009374280925840139,0.02497272309847176,0.00011727400124073029,0.13101800810545683,0.0015719980001449585,0.1576812150888145,123,0.8029636049177498,0.002460616175085306,0.8303975251037627,True,0.05392156862745098,0.06807843137254901,409.2159417271614
Sept_2013_-_HMRC_workforce_management_information.csv,3,include_self,10,3.0,0.05199999999999999,123,30,False,True,True,30,10,30,0.02040816326530612,0.13901345291479822,0.10185185185185185,0.02014814814814815,409.03263211250305,True,False,True,1,True,True,False,0.00055343983694911,0.0012329358141869307,0.02497272309847176,0.00010705809108912945,0.19491143408231437,0.001990078017115593,0.22198262508027256,123,0.8007855978794396,0.0021464701276272535,0.8279053021688014,True,0.05392156862745098,0.06807843137254901,409.2159417271614
Sept_2013_-_HMRC_workforce_management_information.csv,3,include_self,10,4.0,0.05199999999999999,123,40,False,True,True,40,10,40,0.02040816326530612,0.14487632508833923,0.10185185185185185,0.02014814814814815,409.04908937215805,True,False,True,1,True,True,False,0.000569402938708663,0.0009078250732272863,0.02497272309847176,0.00010624690912663937,0.2616518069989979,0.0016188190784305334,0.28835074696689844,123,0.8020019379910082,0.002361929975450039,0.8293370720930398,True,0.05392156862745098,0.06807843137254901,409.2159417271614
Sept_2013_-_HMRC_workforce_management_information.csv,3,include_self,15,2.0,0.05199999999999999,123,30,False,True,True,30,15,30,0.02040816326530612,0.13901345291479822,0.11594202898550725,0.0060579710144927496,613.4965959787369,True,False,True,1,True,True,False,0.0005123179871588945,0.0009345549624413252,0.02497272309847176,9.877607226371765e-05,0.19590601790696383,0.0015872211661189795,0.22256594919599593,123,0.7984267030842602,0.003991201054304838,0.8273914770688862,True,0.05776173285198556,0.06423826714801444,613.7490161657333
Sept_2013_-_HMRC_workforce_management_information.csv,3,include_self,15,3.0,0.05199999999999999,123,45,False,True,True,45,15,45,0.02040816326530612,0.14696485623003194,0.11594202898550725,0.0060579710144927496,613.5577653050423,True,False,True,1,True,True,False,0.0017079699318856,0.0015155449509620667,0.02497272309847176,0.00014406279660761356,0.2937128769699484,0.0035393929574638605,0.32237155991606414,123,0.8129660689737648,0.003422910114750266,0.8413629941642284,True,0.05776173285198556,0.06423826714801444,613.7490161657333
Sept_2013_-_HMRC_workforce_management_information.csv,3,include_self,15,4.0,0.05199999999999999,123,60,False,True,True,60,15,60,0.02040816326530612,0.14805825242718446,0.11594202898550725,0.0060579710144927496,613.607880115509,True,False,True,1,True,True,False,0.000868756091222167,0.0011972140055149794,0.02497272309847176,0.00016065803356468678,0.3951802409719676,0.002291644923388958,0.42260703002102673,123,0.8076710850000381,0.0032195199746638536,0.8358642281964421,True,0.05776173285198556,0.06423826714801444,613.7490161657333
Spend2520over252025C225A35002520Q225202018-19.csv,18,include_self,10,2.0,0.05199999999999999,67,20,False,True,True,20,10,20,0.05973563802745297,0.11765976986656583,0.11946071302228686,0.0025392869777131344,204.38940888643265,True,False,True,3,True,True,False,0.0006676691118627787,0.0009846389293670654,0.01888675708323717,0.0001311441883444786,0.046318863052874804,0.0018657129257917404,0.06720382906496525,67,0.1556529391091317,0.0019794029649347067,0.17651959927752614,True,0.09667493867714773,0.02532506132285227,235.31687808036804
Spend2520over252025C225A35002520Q225202018-19.csv,18,include_self,10,3.0,0.05199999999999999,67,30,False,True,True,30,10,30,0.05973563802745297,0.11483070265722077,0.11912041392285982,0.0028795860771401727,206.7808011174202,True,False,True,3,True,True,False,0.0005787769332528114,0.0009644280653446913,0.01888675708323717,0.00010007689706981182,0.06866831798106432,0.0017837928608059883,0.08944041817449033,67,0.1555129811167717,0.0015895338729023933,0.17598976311273873,True,0.09667493867714773,0.02532506132285227,235.31687808036804
Spend2520over252025C225A35002520Q225202018-19.csv,18,include_self,10,4.0,0.05199999999999999,67,40,False,True,True,40,10,40,0.05973563802745297,0.11142318690833945,0.11896522025086519,0.003034779749134811,206.9861661195755,True,False,True,4,True,True,False,0.0006168030668050051,0.0010485830716788769,0.01888675708323717,0.0001175939105451107,0.09149948903359473,0.0018303608521819115,0.11233545211143792,67,0.15525532886385918,0.0016955409664660692,0.17583810910582542,True,0.09667493867714773,0.02532506132285227,235.31687808036804
Spend2520over252025C225A35002520Q225202018-19.csv,18,include_self,15,2.0,0.05199999999999999,67,30,False,True,True,30,15,30,0.05973563802745297,0.11483070265722077,0.11776088672848584,0.004239113271514161,299.0797670483589,True,False,True,3,True,True,False,0.0005367849953472614,0.0008800029754638672,0.01888675708323717,9.63930506259203e-05,0.06738502811640501,0.001565918792039156,0.08793531823903322,67,0.15484195807948709,0.0019417870789766312,0.17567108199000359,True,0.09323798409360814,0.028762015906391852,345.81831020116806
Spend2520over252025C225A35002520Q225202018-19.csv,18,include_self,15,3.0,0.05199999999999999,67,45,False,True,True,45,15,45,0.05973563802745297,0.1094314610104984,0.11718076591552765,0.004819234084472351,300.145803630352,True,False,True,3,True,True,False,0.000655751908197999,0.0009587300010025501,0.01888675708323717,0.00011470005847513676,0.10159032605588436,0.0017731280531734228,0.12236627307720482,67,0.15399516304023564,0.0016189180314540863,0.17450136900879443,True,0.09323798409360814,0.028762015906391852,345.81831020116806
Spend2520over252025C225A35002520Q225202018-19.csv,18,include_self,15,4.0,0.05199999999999999,67,60,False,True,True,60,15,60,0.05973563802745297,0.09616181813748202,0.10279640587332894,0.019203594126671053,329.3586738705635,True,False,True,2,True,True,False,0.0017435930203646421,0.0011329390108585358,0.01888675708323717,8.536712266504765e-05,0.13846193300560117,0.0030407339800149202,0.16047625406645238,67,0.15402299398556352,0.0016010021790862083,0.17451147409155965,True,0.09323798409360814,0.028762015906391852,345.81831020116806
UKAEA_Transactions_P08_Nov_2020.csv,4,include_self,10,2.0,0.05199999999999999,120,20,False,True,True,20,10,20,0.1105092091007584,0.17512232809683234,0.17038826371295587,0.048388263712955876,74.62382858991623,True,False,True,2,True,True,False,0.00062174117192626,0.0009459820576012135,0.02576692891307175,0.000203300965949893,0.0057471739128232,0.001724184025079012,0.03344291006214917,120,0.0345322520006448,0.0020407538395375013,0.062340415082871914,True,0.14255373375244243,0.020553733752442432,76.17683523893356
UKAEA_Transactions_P08_Nov_2020.csv,4,include_self,10,3.0,0.05199999999999999,120,30,False,True,True,30,10,30,0.1105092091007584,0.16204956860091355,0.15148170162180521,0.029481701621805217,75.86809515953064,True,True,True,3,True,True,False,0.0005480418913066387,0.0009767769370228052,0.02576692891307175,0.00015904614701867104,0.008327614981681108,0.0016731990035623312,0.03592796972952783,120,0.03498524404130876,0.0021764137782156467,0.06292908894829452,True,0.14255373375244243,0.020553733752442432,76.17683523893356
UKAEA_Transactions_P08_Nov_2020.csv,4,include_self,10,4.0,0.05199999999999999,120,40,False,True,True,40,10,40,0.1105092091007584,0.15256545351382023,0.15047021943573669,0.028470219435736688,75.96450787782669,True,True,True,2,True,True,False,0.0005091240163892508,0.000837851082906127,0.02576692891307175,0.00015291688032448292,0.010655454825609922,0.0014861722011119127,0.03806280391290784,120,0.03492651600390673,0.0018150790128856897,0.06250900495797396,True,0.14255373375244243,0.020553733752442432,76.17683523893356
UKAEA_Transactions_P08_Nov_2020.csv,4,include_self,15,2.0,0.05199999999999999,120,30,False,True,True,30,15,30,0.1105092091007584,0.16204956860091355,0.15542087542087543,0.033420875420875434,112.73982125520706,True,True,True,3,True,True,False,0.0005461890250444412,0.0009427559562027454,0.02576692891307175,0.00013916706666350365,0.007570312824100256,0.0016462390776723623,0.03512387000955641,120,0.034939796198159456,0.0017226708587259054,0.06242990796454251,True,0.13499169034471667,0.012991690344716672,113.35840076208115
UKAEA_Transactions_P08_Nov_2020.csv,4,include_self,15,3.0,0.05199999999999999,120,45,False,True,True,45,15,45,0.1105092091007584,0.14809283803123638,0.138831083893216,0.016831083893215998,113.32928675413132,True,True,True,3,True,True,False,0.0006144901271909475,0.001052838983014226,0.02576692891307175,0.00014155986718833447,0.012739971978589892,0.001861507073044777,0.040511149913072586,120,0.03413660707883537,0.0018733339384198189,0.061777381924912333,True,0.13499169034471667,0.012991690344716672,113.35840076208115
UKAEA_Transactions_P08_Nov_2020.csv,4,include_self,15,4.0,0.05199999999999999,120,60,False,True,True,60,15,60,0.1105092091007584,0.13629668139675938,0.13499169034471667,0.012991690344716672,113.35840076208115,True,True,True,3,True,True,False,0.0006043850444257259,0.0009652809239923954,0.02576692891307175,0.0001646219752728939,0.01593138021416962,0.0018052239902317524,0.04366927780210972,120,0.034613954136148095,0.0016667789313942194,0.06204812182113528,True,0.13499169034471667,0.012991690344716672,113.35840076208115
V3.1_-_Final__csv__May_2013__25k_Transprncy_rpt.csv,0,include_self,10,2.0,0.05199999999999999,125,20,False,True,True,20,10,20,1.0,1.0,1.0,0.878,133.1061173081398,True,False,True,1,True,True,False,0.0004918379709124565,0.0008208670187741518,0.024265256011858582,9.464006870985031e-05,0.015506278024986386,0.00144738401286304,0.041314831003546715,125,0.08513754419982433,0.0019122031517326832,0.11131543293595314,True,0.8095975232198143,0.6875975232198143,134.5607076883316
V3.1_-_Final__csv__May_2013__25k_Transprncy_rpt.csv,0,include_self,10,3.0,0.05199999999999999,125,30,False,True,True,30,10,30,1.0,1.0,1.0,0.878,133.4197883605957,True,False,True,1,True,True,False,0.0005255378782749176,0.0009547939989715815,0.024265256011858582,9.596184827387333e-05,0.02294322499074042,0.001641622046008706,0.04894718807190657,125,0.08524005697108805,0.0021568038500845432,0.11166262603364885,True,0.8095975232198143,0.6875975232198143,134.5607076883316
V3.1_-_Final__csv__May_2013__25k_Transprncy_rpt.csv,0,include_self,10,4.0,0.05199999999999999,125,40,False,True,True,40,10,40,1.0,1.0,1.0,0.878,133.58679449558258,True,False,True,1,True,True,False,0.0005440548993647099,0.0009114302229136229,0.024265256011858582,0.00010956288315355778,0.03673682804219425,0.0016041570343077183,0.06271721492521465,125,0.08478882699273527,0.003982078982517123,0.11303752404637635,True,0.8095975232198143,0.6875975232198143,134.5607076883316
V3.1_-_Final__csv__May_2013__25k_Transprncy_rpt.csv,0,include_self,15,2.0,0.05199999999999999,125,30,False,True,True,30,15,30,1.0,1.0,1.0,0.878,198.90521961450577,True,False,True,1,True,True,False,0.001501674996688962,0.0015592798590660095,0.024265256011858582,0.0001559609081596136,0.022959750145673752,0.0033866669982671738,0.05076927598565817,125,0.08548237499780953,0.0033581152092665434,0.11310715787112713,True,0.7252386002120891,0.6032386002120891,201.12065494060516
V3.1_-_Final__csv__May_2013__25k_Transprncy_rpt.csv,0,include_self,15,3.0,0.05199999999999999,125,45,False,True,True,45,15,45,1.0,1.0,1.0,0.878,199.59337103366852,True,False,True,1,True,True,False,0.0013894489966332912,0.0016322571318596601,0.024265256011858582,0.00014017801731824875,0.03462186502292752,0.00336286099627614,0.06239209300838411,125,0.08607494295574725,0.003312166780233383,0.11365339695475996,True,0.7252386002120891,0.6032386002120891,201.12065494060516
V3.1_-_Final__csv__May_2013__25k_Transprncy_rpt.csv,0,include_self,15,4.0,0.05199999999999999,125,60,False,True,True,60,15,60,1.0,1.0,1.0,0.878,200.66316521167755,True,True,True,1,True,True,False,0.0012890188954770565,0.001472029834985733,0.024265256011858582,0.0001402378547936678,0.045358721166849136,0.0031230158638209105,0.07288962393067777,125,0.08527760091237724,0.002085820073261857,0.11162915802560747,True,0.7252386002120891,0.6032386002120891,201.12065494060516
Weekly2520Data252007.12.202520-252013.12.20.csv,9,include_self,10,2.0,0.05199999999999999,169,20,False,True,True,20,10,20,1.0,1.0,1.0,0.878,125.38009774684906,True,False,True,1,True,True,False,0.0006800668779760599,0.0010662481654435396,0.05398901691660285,0.00019371602684259415,0.01838313019834459,0.0019885748624801636,0.07455577305518091,169,0.14452883997000754,0.002081063110381365,0.20059942989610136,True,1.0,0.878,145.85720819234848
Weekly2520Data252007.12.202520-252013.12.20.csv,9,include_self,10,3.0,0.05199999999999999,169,30,False,True,True,30,10,30,1.0,1.0,1.0,0.878,128.63073086738586,True,False,True,1,True,True,False,0.0006122770719230175,0.001016765832901001,0.05398901691660285,0.00015662191435694695,0.028153053019195795,0.0018097411375492811,0.08411031495779753,169,0.1438827128149569,0.002174732042476535,0.20004700380377471,True,1.0,0.878,145.85720819234848
Weekly2520Data252007.12.202520-252013.12.20.csv,9,include_self,10,4.0,0.05199999999999999,169,40,False,True,True,40,10,40,1.0,1.0,1.0,0.878,132.32417732477188,True,False,True,1,True,True,False,0.0005913060158491135,0.0010209819301962852,0.05398901691660285,0.0001282910816371441,0.03930504200980067,0.0018094009719789028,0.09523292211815715,169,0.142778828041628,0.002059709979221225,0.19882803596556187,True,1.0,0.878,145.85720819234848
Weekly2520Data252007.12.202520-252013.12.20.csv,9,include_self,15,2.0,0.05199999999999999,169,30,False,True,True,30,15,30,1.0,1.0,1.0,0.878,188.83003896474838,True,False,True,1,True,True,False,0.0004907259717583656,0.0008365698158740997,0.05398901691660285,0.00012649712152779102,0.028422432020306587,0.0014645110350102186,0.08400354790501297,169,0.1442255610600114,0.0019220870453864336,0.2001371649093926,True,1.0,0.878,218.1580211520195
Weekly2520Data252007.12.202520-252013.12.20.csv,9,include_self,15,3.0,0.05199999999999999,169,45,False,True,True,45,15,45,1.0,1.0,1.0,0.878,202.60545825958252,True,False,True,1,True,True,False,0.0005270801484584808,0.0009557658340781927,0.05398901691660285,0.00012419302947819233,0.04317471501417458,0.0016285618767142296,0.09891756903380156,169,0.14410225907340646,0.0018199761398136616,0.19991172198206186,True,1.0,0.878,218.1580211520195
Weekly2520Data252007.12.202520-252013.12.20.csv,9,include_self,15,4.0,0.05199999999999999,169,60,False,True,True,60,15,60,1.0,1.0,1.0,0.878,213.0506602525711,True,False,True,1,True,True,False,0.0006525269709527493,0.00105818803422153,0.05398901691660285,0.00014537503011524677,0.05630002706311643,0.0019736839458346367,0.11240935395471752,169,0.14229490095749497,0.00198943680152297,0.1982738459482789,True,1.0,0.878,218.1580211520195
amo-ame-2007-eng.csv,1,include_self,10,2.0,0.05199999999999999,188,20,False,True,True,20,10,20,0.07435579012728966,0.21127860883654986,0.10574712643678161,0.01625287356321839,52.39580297470093,True,False,True,1,True,True,False,0.0004971770104020834,0.0008816360495984554,0.03807470202445984,0.00014545489102602005,0.006083981832489371,0.001523998100310564,0.04582917923107743,188,0.05948869907297194,0.002128913998603821,0.09969283593818545,True,0.06579007721122239,0.05620992278877761,76.29963958263397
amo-ame-2007-eng.csv,1,include_self,10,3.0,0.05199999999999999,188,30,False,True,True,30,10,30,0.07435579012728966,0.21103905461882116,0.10369318181818182,0.018306818181818174,53.09222596883774,True,False,True,2,True,True,False,0.0005104648880660534,0.0009561260230839252,0.03807470202445984,0.00018099811859428883,0.0076781040988862514,0.0016127279959619045,0.04754768405109644,188,0.05857522808946669,0.00216260296292603,0.09881300386041403,True,0.06579007721122239,0.05620992278877761,76.29963958263397
amo-ame-2007-eng.csv,1,include_self,10,4.0,0.05199999999999999,188,40,False,True,True,40,10,40,0.07435579012728966,0.21019765110283586,0.100484737324774,0.021515262675225993,55.7691410779953,True,False,True,2,True,True,False,0.0006028818897902966,0.00106984400190413,0.03807470202445984,0.00016683596186339855,0.010553763946518302,0.0018412780482321978,0.050637751119211316,188,0.057150556007400155,0.0023174730595201254,0.09754319186322391,True,0.06579007721122239,0.05620992278877761,76.29963958263397
amo-ame-2007-eng.csv,1,include_self,15,2.0,0.05199999999999999,188,30,False,True,True,30,15,30,0.07435579012728966,0.21103905461882116,0.10879340494629028,0.013206595053709719,78.89826256036758,True,False,True,2,True,True,False,0.0004945520777255297,0.0008723409846425056,0.03807470202445984,0.00016324198804795742,0.008116743993014097,0.0015084841288626194,0.047864423133432865,188,0.058842032914981246,0.005953629035502672,0.10287086409516633,True,0.05367662159386923,0.06832337840613076,110.485342502594
amo-ame-2007-eng.csv,1,include_self,15,3.0,0.05199999999999999,188,45,False,True,True,45,15,45,0.07435579012728966,0.20948256211534078,0.1019964166879959,0.020003583312004095,82.42864900827408,True,False,True,2,True,True,False,0.0005773450247943401,0.0008980999700725079,0.03807470202445984,0.00019981618970632553,0.012756225187331438,0.001629483187571168,0.052661689929664135,188,0.05819039698690176,0.006001960951834917,0.10226762108504772,True,0.05367662159386923,0.06832337840613076,110.485342502594
amo-ame-2007-eng.csv,1,include_self,15,4.0,0.05199999999999999,188,60,False,True,True,60,15,60,0.07435579012728966,0.20644151196600313,0.0991428936932327,0.022857106306767294,82.5597293972969,True,False,True,4,True,True,False,0.0005587178748100996,0.0009857101831585169,0.03807470202445984,0.00026746606454253197,0.018038179026916623,0.0016906841192394495,0.05807222402654588,188,0.05807684897445142,0.005774043034762144,0.10192615515552461,True,0.05367662159386923,0.06832337840613076,110.485342502594
atbt-albw-2005-eng.csv,2,include_self,10,2.0,0.05199999999999999,77,20,False,True,True,20,10,20,0.0625,0.28671900556100754,0.08225806451612903,0.03974193548387096,60.04943376779556,True,False,True,3,True,True,False,0.0004870719276368618,0.0008399141952395439,0.019497964065521955,9.656301699578762e-05,0.0048982149455696344,0.001510698115453124,0.026004561921581626,77,0.022865741048008204,0.0040857018902897835,0.046449878020212054,True,0.05392156862745098,0.06807843137254901,63.88709157705307
atbt-albw-2005-eng.csv,2,include_self,10,3.0,0.05199999999999999,77,30,False,True,True,30,10,30,0.0625,0.27672172016204427,0.07384615384615385,0.048153846153846144,60.30472791194916,True,False,True,3,True,True,False,0.0004983779508620501,0.0007961399387568235,0.019497964065521955,0.0001151510514318943,0.007780206156894565,0.0014398228377103806,0.028834264958277345,77,0.02243846794590354,0.003514254931360483,0.04545126995071769,True,0.05392156862745098,0.06807843137254901,63.88709157705307
atbt-albw-2005-eng.csv,2,include_self,10,4.0,0.05199999999999999,77,40,False,True,True,40,10,40,0.0625,0.25631259698123854,0.07401812688821752,0.04798187311178248,60.66601485013962,True,False,True,4,True,True,False,0.000499499961733818,0.0008130748756229877,0.019497964065521955,0.00012095877900719643,0.011127232108265162,0.0014747839886695147,0.03222207189537585,77,0.022172134136781096,0.003584990045055747,0.04525557812303305,True,0.05392156862745098,0.06807843137254901,63.88709157705307
atbt-albw-2005-eng.csv,2,include_self,15,2.0,0.05199999999999999,77,30,False,True,True,30,15,30,0.0625,0.27672172016204427,0.08244680851063829,0.039553191489361705,89.4568202495575,True,False,True,3,True,True,False,0.0006474598776549101,0.0009342730045318604,0.019497964065521955,9.675300680100918e-05,0.0075476199854165316,0.0018007380422204733,0.028944216901436448,77,0.022034910041838884,0.006918197963386774,0.048451551934704185,True,0.05317583344779546,0.06882416655220454,93.98145300149918
atbt-albw-2005-eng.csv,2,include_self,15,3.0,0.05199999999999999,77,45,False,True,True,45,15,45,0.0625,0.21486486486486486,0.05756358768406961,0.06443641231593039,93.05510139465332,True,True,True,3,True,True,False,0.0006768419407308102,0.0009828859474509954,0.019497964065521955,0.00010443502105772495,0.011620402801781893,0.0018381429836153984,0.03306206618435681,77,0.022435482824221253,0.006774283945560455,0.04870822397060692,True,0.05317583344779546,0.06882416655220454,93.98145300149918
atbt-albw-2005-eng.csv,2,include_self,15,4.0,0.05199999999999999,77,60,False,True,True,60,15,60,0.0625,0.0972091020226717,0.05238095238095238,0.06961904761904761,93.90171760320663,True,True,True,2,True,True,False,0.0005479918327182531,0.0026870809961110353,0.019497964065521955,0.00010465411469340324,0.017222972121089697,0.003458024002611637,0.04028482502326369,77,0.02253061393275857,0.006152414018288255,0.04818155220709741,True,0.05317583344779546,0.06882416655220454,93.98145300149918
british-transport-police-authority__31-03-2015__dft_310315-BTPA-Organogram-ver-1-senior.csv,12,include_self,10,2.0,0.05199999999999999,204,20,False,True,True,20,10,20,1.0,1.0,1.0,0.878,183.69675475358963,True,True,True,1,True,True,False,0.0005443459376692772,0.0009998609311878681,0.03195661888457835,0.000163662014529109,0.02776850387454033,0.0017520459368824959,0.061642091954126954,204,0.2716456570196897,0.002731716027483344,0.30633458285592496,True,1.0,0.878,183.69675475358963
british-transport-police-authority__31-03-2015__dft_310315-BTPA-Organogram-ver-1-senior.csv,12,include_self,10,3.0,0.05199999999999999,204,30,False,True,True,30,10,30,1.0,1.0,1.0,0.878,183.69675475358963,True,True,True,1,True,True,False,0.0005481920670717955,0.0010178880766034126,0.03195661888457835,0.00017685187049210072,0.04174953396432102,0.0017846939153969288,0.07566911983303726,204,0.27048980607651174,0.0024529541842639446,0.30489990883506835,True,1.0,0.878,183.69675475358963
british-transport-police-authority__31-03-2015__dft_310315-BTPA-Organogram-ver-1-senior.csv,12,include_self,10,4.0,0.05199999999999999,204,40,False,True,True,40,10,40,1.0,1.0,1.0,0.878,183.69675475358963,True,True,True,1,True,True,False,0.0006265791598707438,0.0012253241147845984,0.03195661888457835,0.00015648198314011097,0.0551898330450058,0.0020207830239087343,0.08932492882013321,204,0.269277669955045,0.0023882980458438396,0.3036231268197298,True,1.0,0.878,183.69675475358963
british-transport-police-authority__31-03-2015__dft_310315-BTPA-Organogram-ver-1-senior.csv,12,include_self,15,2.0,0.05199999999999999,204,30,False,True,True,30,15,30,1.0,1.0,1.0,0.878,270.1654403209686,True,True,True,1,True,True,False,0.0005318969488143921,0.0009783299174159765,0.03195661888457835,0.00014664721675217152,0.04138840804807842,0.001696903957054019,0.07518972875550389,204,0.2691238420084119,0.0024101799353957176,0.3034911719150841,True,1.0,0.878,272.10761004686356
british-transport-police-authority__31-03-2015__dft_310315-BTPA-Organogram-ver-1-senior.csv,12,include_self,15,3.0,0.05199999999999999,204,45,False,True,True,45,15,45,1.0,1.0,1.0,0.878,270.2912186384201,True,True,True,1,True,True,False,0.0007148189470171928,0.0011183868627995253,0.03195661888457835,0.00016312208026647568,0.061659075086936355,0.002040441846475005,0.09582043997943401,204,0.2682754348497838,0.0022710240446031094,0.3025036498438567,True,1.0,0.878,272.10761004686356
british-transport-police-authority__31-03-2015__dft_310315-BTPA-Organogram-ver-1-senior.csv,12,include_self,15,4.0,0.05199999999999999,204,60,False,True,True,60,15,60,1.0,1.0,1.0,0.878,271.4893980026245,True,True,True,1,True,True,False,0.0005672709085047245,0.0013024990912526846,0.03195661888457835,0.0001660559792071581,0.0833238079212606,0.002148211933672428,0.11759576597250998,204,0.27036223583854735,0.002380205085501075,0.304699620930478,True,1.0,0.878,272.10761004686356
cabinet-office__30-09-2015__cabinetoffice_CO-Template-FINAL-senior.csv,18,include_self,10,2.0,0.05199999999999999,213,20,False,True,True,20,10,20,1.0,1.0,1.0,0.878,177.32218539714813,True,True,True,1,True,True,False,0.0006080309394747019,0.0009837369434535503,0.04050722508691251,0.00018849805928766727,0.028342823963612318,0.0017689911182969809,0.07080869120545685,213,0.2938302899710834,0.0034436900168657303,0.33778170705772936,True,0.7765174739423667,0.6545174739423667,178.38803362846375
cabinet-office__30-09-2015__cabinetoffice_CO-Template-FINAL-senior.csv,18,include_self,10,3.0,0.05199999999999999,213,30,False,True,True,30,10,30,1.0,1.0,1.0,0.878,177.32218539714813,True,True,True,1,True,True,False,0.0005064590368419886,0.0010486040264368057,0.04050722508691251,0.00020228908397257328,0.03995608608238399,0.0017031340394169092,0.08237020717933774,213,0.2933757968712598,0.0027076900005340576,0.3365912330336869,True,0.7765174739423667,0.6545174739423667,178.38803362846375
cabinet-office__30-09-2015__cabinetoffice_CO-Template-FINAL-senior.csv,18,include_self,10,4.0,0.05199999999999999,213,40,False,True,True,40,10,40,1.0,1.0,1.0,0.878,177.4122418165207,True,True,True,1,True,True,False,0.0005568540655076504,0.001136312959715724,0.04050722508691251,0.0001592149492353201,0.05574693693779409,0.0019630470778793097,0.09837768808938563,213,0.2902651880867779,0.00284893112257123,0.3336219449993223,True,0.7765174739423667,0.6545174739423667,178.38803362846375
cabinet-office__30-09-2015__cabinetoffice_CO-Template-FINAL-senior.csv,18,include_self,15,2.0,0.05199999999999999,213,30,False,True,True,30,15,30,1.0,1.0,1.0,0.878,259.0666974782944,True,True,True,1,True,True,False,0.0006090528331696987,0.0010661191772669554,0.04050722508691251,0.0001585748977959156,0.04231279785744846,0.001874406123533845,0.08485449687577784,213,0.29148616688326,0.0029022889211773872,0.3348962322343141,True,0.8140780413159908,0.6920780413159908,264.2632595896721
cabinet-office__30-09-2015__cabinetoffice_CO-Template-FINAL-senior.csv,18,include_self,15,3.0,0.05199999999999999,213,45,False,True,True,45,15,45,1.0,1.0,1.0,0.878,260.7685937285423,True,True,True,1,True,True,False,0.0006215020548552275,0.001100559951737523,0.04050722508691251,0.00017082411795854568,0.06266599614173174,0.0018778208177536726,0.10522309713996947,213,0.29608164401724935,0.002986384090036154,0.33957577496767044,True,0.8140780413159908,0.6920780413159908,264.2632595896721
cabinet-office__30-09-2015__cabinetoffice_CO-Template-FINAL-senior.csv,18,include_self,15,4.0,0.05199999999999999,213,60,False,True,True,60,15,60,1.0,1.0,1.0,0.878,261.08486473560333,True,True,True,1,True,True,False,0.0006697720382362604,0.0010728300549089909,0.04050722508691251,0.00017189513891935349,0.08540641097351909,0.001905864104628563,0.12799264816567302,213,0.295928745996207,0.002567203948274255,0.33900369610637426,True,0.8140780413159908,0.6920780413159908,264.2632595896721
council-budget-14-15.csv,0,include_self,10,2.0,0.05199999999999999,127,20,False,True,True,20,10,20,0.05715381664748753,0.2,0.16853035143769968,0.04653035143769968,30.026785790920258,True,False,True,3,True,True,False,0.0005187778733670712,0.0007729050703346729,0.026946246856823564,0.0001743091270327568,0.0027277509216219187,0.0014283161144703627,0.03127782396040857,127,0.01896558399312198,0.0025899370666593313,0.04850231786258519,True,0.05392049198330771,0.0680795080166923,35.962238907814026
council-budget-14-15.csv,0,include_self,10,3.0,0.05199999999999999,127,30,False,True,True,30,10,30,0.05715381664748753,0.19567472667783897,0.16754512058776552,0.045545120587765525,30.27235645055771,True,False,True,4,True,True,False,0.0006436328403651714,0.001097214873880148,0.026946246856823564,0.00017296499572694302,0.004672270966693759,0.0019090680871158838,0.033701693871989846,127,0.01862357696518302,0.002891572890803218,0.04846190684475005,True,0.05392049198330771,0.0680795080166923,35.962238907814026
council-budget-14-15.csv,0,include_self,10,4.0,0.05199999999999999,127,40,False,True,True,40,10,40,0.05715381664748753,0.19091215079097948,0.1667991731594848,0.04479917315948481,30.373570024967194,True,False,True,3,True,True,False,0.0005309660919010639,0.0009138640016317368,0.026946246856823564,0.00016598589718341827,0.005877956980839372,0.001586258877068758,0.03457766096107662,127,0.018679870991036296,0.002325574867427349,0.04795216303318739,True,0.05392049198330771,0.0680795080166923,35.962238907814026
council-budget-14-15.csv,0,include_self,15,2.0,0.05199999999999999,127,30,False,True,True,30,15,30,0.05715381664748753,0.19567472667783897,0.16554980201035638,0.04354980201035638,44.777337431907654,True,False,True,4,True,True,False,0.0004932198207825422,0.0008188129868358374,0.026946246856823564,0.00017106300219893456,0.004095947137102485,0.0014491970650851727,0.032663645688444376,127,0.018830474000424147,0.0018184231594204903,0.047595605021342635,True,0.062386044448824715,0.05961395555117528,51.620583951473236
council-budget-14-15.csv,0,include_self,15,3.0,0.05199999999999999,127,45,False,True,True,45,15,45,0.05715381664748753,0.18831211230819458,0.17050183598531213,0.04850183598531213,45.0451238155365,True,False,True,3,True,True,False,0.0006204498931765556,0.0011362729128450155,0.026946246856823564,0.00014664791524410248,0.0068058110773563385,0.001981605077162385,0.035881481831893325,127,0.018610597122460604,0.002151237800717354,0.04770855302922428,True,0.062386044448824715,0.05961395555117528,51.620583951473236
council-budget-14-15.csv,0,include_self,15,4.0,0.05199999999999999,127,60,False,True,True,60,15,60,0.05715381664748753,0.18089645133764995,0.1678094550703717,0.04580945507037171,45.609291434288025,True,False,True,3,True,True,False,0.0005247569642961025,0.0009242678061127663,0.026946246856823564,0.00020260014571249485,0.00879067205823958,0.00159143703058362,0.037532248767092824,127,0.01836139801889658,0.001770881935954094,0.04707904905080795,True,0.062386044448824715,0.05961395555117528,51.620583951473236
department-for-transport__31-03-2012__dft_DfT-Transparency-Final-Return-31-03-12-junior.csv,9,include_self,10,2.0,0.05199999999999999,231,20,False,True,True,20,10,20,0.06936416184971098,0.2278734481377653,0.19729888432178508,0.07529888432178508,85.50404161214828,True,False,True,1,True,True,False,0.0005100241396576166,0.0008164700120687485,0.04557822807691991,0.00018946104682981968,0.008025768911466002,0.0014617240522056818,0.05525631527416408,231,0.0989550519734621,0.002511578844860196,0.14704532106406987,True,0.06862460017446932,0.053375399825530676,94.78149199485779
department-for-transport__31-03-2012__dft_DfT-Transparency-Final-Return-31-03-12-junior.csv,9,include_self,10,3.0,0.05199999999999999,231,30,False,True,True,30,10,30,0.06936416184971098,0.22668747561451424,0.19305993690851736,0.07105993690851736,86.08319157361984,True,False,True,1,True,True,False,0.0004985779523849487,0.0008893669582903385,0.04557822807691991,0.0001521059311926365,0.01490637008100748,0.0015333211049437523,0.062171227065846324,231,0.09809369617141783,0.002488295082002878,0.14616078091785312,True,0.06862460017446932,0.053375399825530676,94.78149199485779
department-for-transport__31-03-2012__dft_DfT-Transparency-Final-Return-31-03-12-junior.csv,9,include_self,10,4.0,0.05199999999999999,231,40,False,True,True,40,10,40,0.06936416184971098,0.224373576309795,0.19305993690851736,0.07105993690851736,86.08319157361984,True,False,True,3,True,True,False,0.000506057869642973,0.0008599339053034782,0.04557822807691991,0.0002574319951236248,0.02227969211526215,0.001505739986896515,0.06962224398739636,231,0.09836542792618275,0.004413438029587269,0.14835761510767043,True,0.06862460017446932,0.053375399825530676,94.78149199485779
department-for-transport__31-03-2012__dft_DfT-Transparency-Final-Return-31-03-12-junior.csv,9,include_self,15,2.0,0.05199999999999999,231,30,False,True,True,30,15,30,0.06936416184971098,0.22668747561451424,0.21422182468694095,0.09222182468694096,127.55354577302933,True,False,True,1,True,True,False,0.0005428751464933157,0.0010377469006925821,0.04557822807691991,0.00014382298104465008,0.014527668943628669,0.0017690900713205338,0.062019983073696494,231,0.09860503301024437,0.00258785393089056,0.14677163609303534,True,0.060658578856152515,0.06134142114384748,141.4466307759285
department-for-transport__31-03-2012__dft_DfT-Transparency-Final-Return-31-03-12-junior.csv,9,include_self,15,3.0,0.05199999999999999,231,45,False,True,True,45,15,45,0.06936416184971098,0.22259383128948346,0.21152030217186024,0.08952030217186024,128.13072043657303,True,False,True,2,True,True,False,0.0005095850210636854,0.0009458910208195448,0.04557822807691991,0.00021358695812523365,0.025439854944124818,0.0016228128224611282,0.07285561505705118,231,0.09709142986685038,0.0023306519724428654,0.1450008109677583,True,0.060658578856152515,0.06134142114384748,141.4466307759285
department-for-transport__31-03-2012__dft_DfT-Transparency-Final-Return-31-03-12-junior.csv,9,include_self,15,4.0,0.05199999999999999,231,60,False,True,True,60,15,60,0.06936416184971098,0.21089808274470231,0.18771929824561404,0.06571929824561404,129.8490481376648,True,False,True,2,True,True,False,0.0005527380853891373,0.0009245090186595917,0.04557822807691991,0.00021571898832917213,0.03129267389886081,0.0016208509914577007,0.07870862307026982,231,0.09693905478343368,0.002545479917898774,0.14506323402747512,True,0.060658578856152515,0.06134142114384748,141.4466307759285
department_for_communities_and_local_government-2011-03-31-organogram-senior.csv,12,include_self,10,2.0,0.05199999999999999,193,20,False,True,True,20,10,20,0.8888888888888888,0.9842592592592593,0.9706601466992665,0.8486601466992665,171.24801409244537,True,False,True,3,True,True,False,0.0004797899164259434,0.000794566934928298,0.03321282984688878,0.00027184304781258106,0.027969782007858157,0.001413983991369605,0.06286957999691367,193,0.2673358528409153,0.00257070898078382,0.3031199218239635,True,0.8973214285714286,0.7753214285714286,178.12184584140778
department_for_communities_and_local_government-2011-03-31-organogram-senior.csv,12,include_self,10,3.0,0.05199999999999999,193,30,False,True,True,30,10,30,0.8888888888888888,0.9857022708158116,0.97,0.848,172.08306795358658,True,False,True,3,True,True,False,0.0005038860253989697,0.0008870940655469894,0.03321282984688878,0.00023117288947105408,0.04238806897774339,0.0015656889881938696,0.07739886292256415,193,0.2662604390643537,0.0027765431441366673,0.302250332897529,True,0.8973214285714286,0.7753214285714286,178.12184584140778
department_for_communities_and_local_government-2011-03-31-organogram-senior.csv,12,include_self,10,4.0,0.05199999999999999,193,40,False,True,True,40,10,40,0.8888888888888888,0.9865399841646872,0.97,0.848,172.08306795358658,True,False,True,3,True,True,False,0.0005630238447338343,0.0009953249245882034,0.03321282984688878,0.0002683768980205059,0.05530016589909792,0.0017021619714796543,0.09048473788425326,193,0.26587866293266416,0.002365563064813614,0.3014575378037989,True,0.8973214285714286,0.7753214285714286,178.12184584140778
department_for_communities_and_local_government-2011-03-31-organogram-senior.csv,12,include_self,15,2.0,0.05199999999999999,193,30,False,True,True,30,15,30,0.8888888888888888,0.9857022708158116,0.9741379310344828,0.8521379310344828,256.8564843535423,True,False,True,3,True,True,False,0.0005468698218464851,0.0010027759708464146,0.03321282984688878,0.00023882300592958927,0.04257246293127537,0.0016958508640527725,0.07772101904265583,193,0.26370831788517535,0.0027384869754314423,0.2996601059567183,True,0.9042089985486212,0.7822089985486212,265.1576225757599
department_for_communities_and_local_government-2011-03-31-organogram-senior.csv,12,include_self,15,3.0,0.05199999999999999,193,45,False,True,True,45,15,45,0.8888888888888888,0.9868624420401855,0.9741379310344828,0.8521379310344828,256.8564843535423,True,False,True,3,True,True,False,0.0005843848921358585,0.0012166930828243494,0.03321282984688878,0.00029557920061051846,0.06254989397712052,0.002003768924623728,0.09806331270374358,193,0.2649286058731377,0.0025492459535598755,0.3006912327837199,True,0.9042089985486212,0.7822089985486212,265.1576225757599
department_for_communities_and_local_government-2011-03-31-organogram-senior.csv,12,include_self,15,4.0,0.05199999999999999,193,60,False,True,True,60,15,60,0.8888888888888888,0.987582176771366,0.9707317073170731,0.8487317073170731,257.49653750658035,True,False,True,2,True,True,False,0.0005644259508699179,0.001112096942961216,0.03321282984688878,0.00023463601246476173,0.08244736795313656,0.0018275869078934193,0.11772384494543076,193,0.265735070919618,0.0023775510489940643,0.30132606299594045,True,0.9042089985486212,0.7822089985486212,265.1576225757599
depleg-expstat-2013-2014.csv,6,include_self,10,2.0,0.05199999999999999,79,20,False,True,True,20,10,20,0.029411764705882353,0.16136576239476147,0.061567164179104475,0.06043283582089552,67.11712318658829,True,True,True,5,True,True,False,0.0005431650206446648,0.001054772874340415,0.021053808042779565,0.00017153401859104633,0.005743428831920028,0.0018474161624908447,0.02881799917668104,79,0.02342522912658751,0.003532614093273878,0.04801217094063759,True,0.05559563892897226,0.06640436107102773,67.99494963884354
depleg-expstat-2013-2014.csv,6,include_self,10,3.0,0.05199999999999999,79,30,False,True,True,30,10,30,0.029411764705882353,0.09682899207248018,0.05818181818181818,0.06381818181818182,67.33939450979233,True,True,True,3,True,True,False,0.0005261090118438005,0.000780315138399601,0.021053808042779565,0.0001127258874475956,0.00856816302984953,0.0014436691999435425,0.031179487006738782,79,0.02295876806601882,0.0031017749570310116,0.047114802058786154,True,0.05559563892897226,0.06640436107102773,67.99494963884354
depleg-expstat-2013-2014.csv,6,include_self,10,4.0,0.05199999999999999,79,40,False,True,True,40,10,40,0.029411764705882353,0.05884333698122737,0.055944055944055944,0.06605594405594406,67.54734086990356,True,True,True,3,True,True,False,0.0005382460076361895,0.005306399893015623,0.021053808042779565,0.00012324308045208454,0.012280130060389638,0.006049181101843715,0.03950763423927128,79,0.023669612128287554,0.0032388968393206596,0.04796285810880363,True,0.05559563892897226,0.06640436107102773,67.99494963884354
depleg-expstat-2013-2014.csv,6,include_self,15,2.0,0.05199999999999999,79,30,False,True,True,30,15,30,0.029411764705882353,0.09682899207248018,0.07142857142857142,0.05057142857142857,94.85111057758331,True,True,True,3,True,True,False,0.0005165149923413992,0.000764352036640048,0.021053808042779565,0.00013155420310795307,0.00886694504879415,0.0014274651184678078,0.0314809528645128,79,0.023033429170027375,0.0018211468122899532,0.045908784959465265,True,0.052064502133198354,0.06993549786680164,97.97103345394135
depleg-expstat-2013-2014.csv,6,include_self,15,3.0,0.05199999999999999,79,45,False,True,True,45,15,45,0.029411764705882353,0.05449126203698986,0.05311871227364185,0.06888128772635815,97.29346811771393,True,True,True,4,True,True,False,0.0005295241717249155,0.0008797920309007168,0.021053808042779565,0.00012503494508564472,0.013921662932261825,0.001561393029987812,0.03666309011168778,79,0.022879360942170024,0.0018135670106858015,0.04574713693000376,True,0.052064502133198354,0.06993549786680164,97.97103345394135
depleg-expstat-2013-2014.csv,6,include_self,15,4.0,0.05199999999999999,79,60,False,True,True,60,15,60,0.029411764705882353,0.04237598868576816,0.052064502133198354,0.06993549786680164,97.97103345394135,True,True,True,4,True,True,False,0.0005462989211082458,0.0011366428807377815,0.021053808042779565,0.00013081403449177742,0.018216283060610294,0.001855446957051754,0.04125746595673263,79,0.023271472193300724,0.002051939954981208,0.046377670019865036,True,0.052064502133198354,0.06993549786680164,97.97103345394135
dft-monthly-spend-201005.csv,0,include_self,10,2.0,0.05199999999999999,69,20,False,True,True,20,10,20,1.0,1.0,1.0,0.878,57.057644844055176,True,True,True,1,True,True,False,0.00048204301856458187,0.0010349932126700878,0.019420528085902333,7.436005398631096e-05,0.008348567178472877,0.0017045340500772,0.029549201019108295,69,0.023892391938716173,0.0017103941645473242,0.045023775193840265,True,0.5244156992586347,0.40241569925863474,66.06733530759811
dft-monthly-spend-201005.csv,0,include_self,10,3.0,0.05199999999999999,69,30,False,True,True,30,10,30,1.0,1.0,1.0,0.878,59.93291217088699,True,True,True,1,True,True,False,0.000633378978818655,0.0010968148708343506,0.019420528085902333,5.4530100896954536e-05,0.011248331982642412,0.0018852520734071732,0.03260975610464811,69,0.02354254387319088,0.0018542869947850704,0.0448178481310606,True,0.5244156992586347,0.40241569925863474,66.06733530759811
dft-monthly-spend-201005.csv,0,include_self,10,4.0,0.05199999999999999,69,40,False,True,True,40,10,40,1.0,0.9117515970880998,0.8783734277689583,0.7563734277689583,62.16512060165405,True,True,True,3,True,True,False,0.0005553530063480139,0.0009744830895215273,0.019420528085902333,9.550107643008232e-05,0.014109200099483132,0.0017000781372189522,0.03532645013183355,69,0.02400354598648846,0.0017415799666196108,0.04516612412407994,True,0.5244156992586347,0.40241569925863474,66.06733530759811
dft-monthly-spend-201005.csv,0,include_self,15,2.0,0.05199999999999999,69,30,False,True,True,30,15,30,1.0,1.0,1.0,0.878,86.3468770980835,True,True,True,1,True,True,False,0.0004653800278902054,0.0010178270749747753,0.019420528085902333,5.4581090807914734e-05,0.010398423066362739,0.0016819708980619907,0.031556625152006745,69,0.024111015954986215,0.0019122730009257793,0.045444317162036896,True,0.4642117985992682,0.3422117985992682,95.82142573595047
dft-monthly-spend-201005.csv,0,include_self,15,3.0,0.05199999999999999,69,45,False,True,True,45,15,45,1.0,0.7236078644180999,0.7327100640415627,0.6107100640415627,92.60523581504822,True,True,True,1,True,True,False,0.0005586370825767517,0.0010411920957267284,0.019420528085902333,5.434988997876644e-05,0.015386922983452678,0.0017664260230958462,0.03662934806197882,69,0.024085879093036056,0.0022244348656386137,0.04573132214136422,True,0.4642117985992682,0.3422117985992682,95.82142573595047
dft-monthly-spend-201005.csv,0,include_self,15,4.0,0.05199999999999999,69,60,False,True,True,60,15,60,1.0,0.4005855464805202,0.536067268038651,0.414067268038651,95.17904788255692,True,True,True,2,True,True,False,0.0006215409375727177,0.0010652970522642136,0.019420528085902333,8.083111606538296e-05,0.02090189210139215,0.0018574409186840057,0.042261873139068484,69,0.023973350878804922,0.0016973849851638079,0.04509169398806989,True,0.4642117985992682,0.3422117985992682,95.82142573595047
driver-vehicle-standards-agency__31-03-2015__dft_310315-DVSA-Organogram-ver-1-junior.csv,9,include_self,10,2.0,0.05199999999999999,244,20,False,True,True,20,10,20,0.2681564245810056,0.8645308924485126,0.8609865470852018,0.7389865470852018,89.00710386037827,True,False,True,2,True,True,False,0.0005127801559865475,0.0009318098891526461,0.037061772076413035,0.00023231306113302708,0.008678345009684563,0.0016077719628810883,0.04758128407411277,244,0.11846079397946596,0.0022730559576302767,0.15779612422920763,True,0.25633106856084004,0.13433106856084004,96.32471442222595
driver-vehicle-standards-agency__31-03-2015__dft_310315-DVSA-Organogram-ver-1-junior.csv,9,include_self,10,3.0,0.05199999999999999,244,30,False,True,True,30,10,30,0.2681564245810056,0.8623728813559322,0.8588095238095238,0.7368095238095238,89.13374823331833,True,False,True,3,True,True,False,0.000531886937096715,0.0008166299667209387,0.037061772076413035,0.00026704510673880577,0.015736951027065516,0.0014870520681142807,0.054554013069719076,244,0.11735250311903656,0.0024293779861181974,0.15684420499019325,True,0.25633106856084004,0.13433106856084004,96.32471442222595
driver-vehicle-standards-agency__31-03-2015__dft_310315-DVSA-Organogram-ver-1-junior.csv,9,include_self,10,4.0,0.05199999999999999,244,40,False,True,True,40,10,40,0.2681564245810056,0.8577324066029539,0.8562382739212008,0.7342382739212008,89.67245811223984,True,False,True,4,True,True,False,0.000539219006896019,0.0009811630006879568,0.037061772076413035,0.0003727118019014597,0.020885257050395012,0.0016660878900438547,0.05998699110932648,244,0.11679204204119742,0.0026703360490500927,0.1565246710088104,True,0.25633106856084004,0.13433106856084004,96.32471442222595
driver-vehicle-standards-agency__31-03-2015__dft_310315-DVSA-Organogram-ver-1-junior.csv,9,include_self,15,2.0,0.05199999999999999,244,30,False,True,True,30,15,30,0.2681564245810056,0.8623728813559322,0.8619809788912085,0.7399809788912085,132.9078888297081,True,False,True,3,True,True,False,0.0004917779006063938,0.0009930119849741459,0.037061772076413035,0.0002999650314450264,0.015165195101872087,0.0017128270119428635,0.0542408989276737,244,0.11783650005236268,0.002334288088604808,0.157233031000942,True,0.19349373093866487,0.07149373093866487,143.44858849048615
driver-vehicle-standards-agency__31-03-2015__dft_310315-DVSA-Organogram-ver-1-junior.csv,9,include_self,15,3.0,0.05199999999999999,244,45,False,True,True,45,15,45,0.2681564245810056,0.8551038062283737,0.8605550500454959,0.7385550500454959,133.49410539865494,True,False,True,4,True,True,False,0.0005141920410096645,0.000876259058713913,0.037061772076413035,0.00035084993578493595,0.02454113308340311,0.0015347138978540897,0.06348957889713347,244,0.11672008619643748,0.0022605278063565493,0.15604289807379246,True,0.19349373093866487,0.07149373093866487,143.44858849048615
driver-vehicle-standards-agency__31-03-2015__dft_310315-DVSA-Organogram-ver-1-junior.csv,9,include_self,15,4.0,0.05199999999999999,244,60,False,True,True,60,15,60,0.2681564245810056,0.8449186991869919,0.8584505469970976,0.7364505469970976,133.69062572717667,True,False,True,4,True,True,False,0.0006321261171251535,0.0012533969711512327,0.037061772076413035,0.00034425919875502586,0.032662922982126474,0.002054954878985882,0.07212509121745825,244,0.11641662614420056,0.0024121119640767574,0.15589100099168718,True,0.19349373093866487,0.07149373093866487,143.44858849048615
home_office_senior_officials_travel_data_return.csv,1,include_self,10,2.0,0.05199999999999999,67,20,False,True,True,20,10,20,0.3389830508474576,0.6085106382978723,0.5591073582629674,0.4371073582629674,42.33536410331726,True,False,True,2,True,True,False,0.0005317179020494223,0.0009272040333598852,0.017558219144120812,8.401391096413136e-05,0.004894250072538853,0.0016958829946815968,0.02423347719013691,67,0.014533519046381116,0.0019187419675290585,0.0340109602548182,True,0.2984478935698448,0.1764478935698448,43.84327417612076
home_office_senior_officials_travel_data_return.csv,1,include_self,10,3.0,0.05199999999999999,67,30,False,True,True,30,10,30,0.3389830508474576,0.5585149313962873,0.53198127925117,0.40998127925117,43.50681924819946,True,True,True,2,True,True,False,0.00047952006570994854,0.0008288070093840361,0.017558219144120812,6.828107871115208e-05,0.0068658399395644665,0.0014529419131577015,0.02594646532088518,67,0.013653754955157638,0.0016965020913630724,0.0329089171718806,True,0.2984478935698448,0.1764478935698448,43.84327417612076
home_office_senior_officials_travel_data_return.csv,1,include_self,10,4.0,0.05199999999999999,67,40,False,True,True,40,10,40,0.3389830508474576,0.5123300663926652,0.5161290322580645,0.3941290322580645,43.764658987522125,True,True,True,3,True,True,False,0.0005079619586467743,0.0007797658909112215,0.017558219144120812,0.00012087891809642315,0.008779954863712192,0.001423447858542204,0.02788366423919797,67,0.014034479157999158,0.0017067589797079563,0.033299907110631466,True,0.2984478935698448,0.1764478935698448,43.84327417612076
home_office_senior_officials_travel_data_return.csv,1,include_self,15,2.0,0.05199999999999999,67,30,False,True,True,30,15,30,0.3389830508474576,0.5585149313962873,0.5361723961005644,0.41417239610056444,63.1864737868309,True,True,True,2,True,True,False,0.00048138294368982315,0.0008044620044529438,0.017558219144120812,6.831204518675804e-05,0.006152744172140956,0.0014208138454705477,0.025201141135767102,67,0.014102279907092452,0.0014396628830581903,0.0331006923224777,True,0.2867440929114938,0.16474409291149378,64.016332924366
home_office_senior_officials_travel_data_return.csv,1,include_self,15,3.0,0.05199999999999999,67,45,False,True,True,45,15,45,0.3389830508474576,0.4887450345740768,0.463572267920094,0.341572267920094,63.86152106523514,True,True,True,2,True,True,False,0.0005973551888018847,0.0009863111190497875,0.017558219144120812,7.127504795789719e-05,0.009594440925866365,0.0018187949899584055,0.02904380322434008,67,0.01440990506671369,0.0014824459794908762,0.03345102118328214,True,0.2867440929114938,0.16474409291149378,64.016332924366
home_office_senior_officials_travel_data_return.csv,1,include_self,15,4.0,0.05199999999999999,67,60,False,True,True,60,15,60,0.3389830508474576,0.39175614825077937,0.463572267920094,0.341572267920094,63.86152106523514,True,True,True,2,True,True,False,0.0005302249919623137,0.0010939501225948334,0.017558219144120812,7.612188346683979e-05,0.012886518845334649,0.001765635097399354,0.03228759812191129,67,0.013930754968896508,0.0014062030240893364,0.032895658165216446,True,0.2867440929114938,0.16474409291149378,64.016332924366
kpi-foi02-01.csv,3,include_self,10,2.0,0.05199999999999999,204,20,False,True,True,20,10,20,1.0,1.0,1.0,0.878,72.1454547047615,True,False,True,1,True,True,False,0.0004711090587079525,0.0007402659393846989,0.03162575815804303,0.00019044196233153343,0.005250447895377874,0.0013440100010484457,0.03841177118010819,204,0.05474198795855045,0.0024418069515377283,0.08881001523695886,True,1.0,0.878,77.47723078727722
kpi-foi02-01.csv,3,include_self,10,3.0,0.05199999999999999,204,30,False,True,True,30,10,30,1.0,1.0,1.0,0.878,74.3364669084549,True,False,True,1,True,True,False,0.0005203010514378548,0.0010823130141943693,0.03162575815804303,0.0001754190307110548,0.007697672815993428,0.0017431729938834906,0.04124332428909838,204,0.054495243122801185,0.002111316891387105,0.088232790119946,True,1.0,0.878,77.47723078727722
kpi-foi02-01.csv,3,include_self,10,4.0,0.05199999999999999,204,40,False,True,True,40,10,40,1.0,1.0,1.0,0.878,74.866674721241,True,False,True,1,True,True,False,0.0005368459969758987,0.000995835056528449,0.03162575815804303,0.0001636131200939417,0.010187289910390973,0.0017410488799214363,0.04371886211447418,204,0.05424467194825411,0.0020943910349160433,0.08796537318266928,True,1.0,0.878,77.47723078727722
kpi-foi02-01.csv,3,include_self,15,2.0,0.05199999999999999,204,30,False,True,True,30,15,30,1.0,1.0,1.0,0.878,110.11105626821518,True,False,True,1,True,True,False,0.0005446779541671276,0.0010938700288534164,0.03162575815804303,0.00014276104047894478,0.008051165845245123,0.0018157388549298048,0.04163651610724628,204,0.053462113020941615,0.0023643719032406807,0.08745286404155195,True,1.0,0.878,115.54657155275345
kpi-foi02-01.csv,3,include_self,15,3.0,0.05199999999999999,204,45,False,True,True,45,15,45,1.0,1.0,1.0,0.878,111.11566030979156,True,False,True,1,True,True,False,0.0005707149393856525,0.0008792218286544085,0.03162575815804303,0.000178174814209342,0.012087163981050253,0.0015966258943080902,0.045488924253731966,204,0.053407551953569055,0.0021494331303983927,0.0871832543052733,True,1.0,0.878,115.54657155275345
kpi-foi02-01.csv,3,include_self,15,4.0,0.05199999999999999,204,60,False,True,True,60,15,60,1.0,1.0,1.0,0.878,111.81125515699387,True,False,True,1,True,True,False,0.0006352509371936321,0.0012164721265435219,0.03162575815804303,0.00015487009659409523,0.015710351057350636,0.002020003041252494,0.049512163270264864,204,0.05482585309073329,0.002112027956172824,0.08856411906890571,True,1.0,0.878,115.54657155275345
maritime_and_coastguard_agency-2011-09-30-organogram-junior.csv,9,include_self,10,2.0,0.05199999999999999,263,20,False,True,True,20,10,20,0.07317073170731707,0.25133689839572193,0.2490974729241877,0.12709747292418772,90.72772860527039,True,False,True,1,True,True,False,0.0005673500709235668,0.0010593391489237547,0.04876418597996235,0.00018298206850886345,0.010248079895973206,0.001780427061021328,0.06097683613188565,263,0.1258694389835,0.0030185009818524122,0.17765266681089997,True,0.06726880560798058,0.054731194392019414,95.17701613903046
maritime_and_coastguard_agency-2011-09-30-organogram-junior.csv,9,include_self,10,3.0,0.05199999999999999,263,30,False,True,True,30,10,30,0.07317073170731707,0.2513058618688334,0.2490974729241877,0.12709747292418772,90.72772860527039,True,False,True,2,True,True,False,0.0006468580104410648,0.0011581848375499249,0.04876418597996235,0.00022956891916692257,0.017613620962947607,0.001973722828552127,0.06858241208828986,263,0.12341766804456711,0.0028657149523496628,0.17504813987761736,True,0.06726880560798058,0.054731194392019414,95.17701613903046
maritime_and_coastguard_agency-2011-09-30-organogram-junior.csv,9,include_self,10,4.0,0.05199999999999999,263,40,False,True,True,40,10,40,0.07317073170731707,0.25127623369256946,0.2490974729241877,0.12709747292418772,90.72772860527039,True,False,True,2,True,True,False,0.0005376560147851706,0.0009376679081469774,0.04876418597996235,0.0002682579215615988,0.024900013115257025,0.0016246060840785503,0.07556664803996682,263,0.12898213905282319,0.0023480078671127558,0.18009490589611232,True,0.06726880560798058,0.054731194392019414,95.17701613903046
maritime_and_coastguard_agency-2011-09-30-organogram-junior.csv,9,include_self,15,2.0,0.05199999999999999,263,30,False,True,True,30,15,30,0.07317073170731707,0.2513058618688334,0.2504493708807669,0.1284493708807669,132.45653069019318,True,False,True,2,True,True,False,0.0005014729686081409,0.0008821869269013405,0.04876418597996235,0.00023721205070614815,0.017568344017490745,0.0015251489821821451,0.06809598114341497,263,0.12422612495720387,0.002351813018321991,0.17534266505390406,True,0.0670611439842209,0.054938856015779094,141.1948726773262
maritime_and_coastguard_agency-2011-09-30-organogram-junior.csv,9,include_self,15,3.0,0.05199999999999999,263,45,False,True,True,45,15,45,0.07317073170731707,0.25117739403453687,0.2501395868230039,0.12813958682300391,133.92526173591614,True,False,True,2,True,True,False,0.0005563050508499146,0.001112326979637146,0.04876418597996235,0.0002401750534772873,0.02866734517738223,0.001883150078356266,0.07955603790469468,263,0.12339069601148367,0.002736002905294299,0.17489143600687385,True,0.0670611439842209,0.054938856015779094,141.1948726773262
maritime_and_coastguard_agency-2011-09-30-organogram-junior.csv,9,include_self,15,4.0,0.05199999999999999,263,60,False,True,True,60,15,60,0.07317073170731707,0.24813432835820895,0.2501302761855133,0.12813027618551331,135.22159039974213,True,False,True,1,True,True,False,0.0006852750666439533,0.001158085884526372,0.04876418597996235,0.00019850395619869232,0.037397166015580297,0.0020042189862579107,0.08836533594876528,263,0.12318037613295019,0.002864954061806202,0.17481005587615073,True,0.0670611439842209,0.054938856015779094,141.1948726773262
office-of-rail-regulation__31-03-2014__orr_310314-ORR-Organogram-ver1_-senior.csv,12,include_self,10,2.0,0.05199999999999999,224,20,False,True,True,20,10,20,0.7368421052631579,0.9920634920634921,0.9695121951219512,0.8475121951219512,163.35590583086014,True,False,True,3,True,True,False,0.0004947120323777199,0.0008429388981312513,0.03592518693767488,0.00035871099680662155,0.028770398814231157,0.0014766270760446787,0.06653225375339389,224,0.2915778199676424,0.0025898360181599855,0.3300933940336108,True,0.7916666666666666,0.6696666666666666,177.98997086286545
office-of-rail-regulation__31-03-2014__orr_310314-ORR-Organogram-ver1_-senior.csv,12,include_self,10,3.0,0.05199999999999999,224,30,False,True,True,30,10,30,0.7368421052631579,0.9926470588235294,0.9504950495049505,0.8284950495049505,169.5473473072052,True,False,True,3,True,True,False,0.0005100758280605078,0.0008705880027264357,0.03592518693767488,0.00026511214673519135,0.04243455803953111,0.0015236979816108942,0.08014963590539992,224,0.29101746110245585,0.0026212430093437433,0.32956442097201943,True,0.7916666666666666,0.6696666666666666,177.98997086286545
office-of-rail-regulation__31-03-2014__orr_310314-ORR-Organogram-ver1_-senior.csv,12,include_self,10,4.0,0.05199999999999999,224,40,False,True,True,40,10,40,0.7368421052631579,0.9930555555555556,0.9473684210526315,0.8253684210526315,170.89573431015015,True,False,True,2,True,True,False,0.0005355230532586575,0.0009836070239543915,0.03592518693767488,0.0002116141840815544,0.05623857490718365,0.001663935137912631,0.0940404029097408,224,0.2925089478958398,0.00288123800419271,0.3313158249948174,True,0.7916666666666666,0.6696666666666666,177.98997086286545
office-of-rail-regulation__31-03-2014__orr_310314-ORR-Organogram-ver1_-senior.csv,12,include_self,15,2.0,0.05199999999999999,224,30,False,True,True,30,15,30,0.7368421052631579,0.9926470588235294,0.9685534591194969,0.8465534591194969,251.46986210346222,True,False,True,3,True,True,False,0.0005347521509975195,0.0008695570286363363,0.03592518693767488,0.0002766391262412071,0.042695574928075075,0.0015459400601685047,0.08044460299424827,224,0.2966459870804101,0.0033634419087320566,0.33593517797999084,True,0.8122743682310469,0.6902743682310469,264.2469890117645
office-of-rail-regulation__31-03-2014__orr_310314-ORR-Organogram-ver1_-senior.csv,12,include_self,15,3.0,0.05199999999999999,224,45,False,True,True,45,15,45,0.7368421052631579,0.9932260795935648,0.9606299212598425,0.8386299212598425,255.63277351856232,True,False,True,2,True,True,False,0.0006945289205759764,0.0012840728741139174,0.03592518693767488,0.0002628390211611986,0.06451667798683047,0.0021495139226317406,0.10285602090880275,224,0.29167151800356805,0.0031603509560227394,0.3307576479855925,True,0.8122743682310469,0.6902743682310469,264.2469890117645
office-of-rail-regulation__31-03-2014__orr_310314-ORR-Organogram-ver1_-senior.csv,12,include_self,15,4.0,0.05199999999999999,224,60,False,True,True,60,15,60,0.7368421052631579,0.9935535858178888,0.9606299212598425,0.8386299212598425,255.63277351856232,True,False,True,2,True,True,False,0.000658073928207159,0.001118705840781331,0.03592518693767488,0.0002672651316970587,0.08413119218312204,0.0019575098995119333,0.12228240678086877,224,0.28792596119455993,0.003162735141813755,0.3270144429989159,True,0.8122743682310469,0.6902743682310469,264.2469890117645
pocatc-pdrclsl-2016-eng.csv,1,include_self,10,2.0,0.05199999999999999,120,20,False,True,True,20,10,20,0.009370816599732263,0.25285171102661597,0.2728820774797786,0.1508820774797786,74.20467352867126,True,False,True,4,True,True,False,0.0005067309830337763,0.0009909570217132568,0.03035928215831518,0.00023260409943759441,0.005802314030006528,0.0016323479358106852,0.03802779130637646,120,0.03739200788550079,0.0023958890233188868,0.07014767010696232,True,0.056091877496671105,0.06590812250332889,82.6958218216896
pocatc-pdrclsl-2016-eng.csv,1,include_self,10,3.0,0.05199999999999999,120,30,False,True,True,30,10,30,0.009370816599732263,0.2253706754530478,0.23892002037697402,0.11692002037697402,77.82539623975754,True,False,True,3,True,True,False,0.0005126399919390678,0.0007673068903386593,0.03035928215831518,0.00013424805365502834,0.00858275406062603,0.001417660852894187,0.04049506620503962,120,0.03584915213286877,0.0023642119485884905,0.06857314705848694,True,0.056091877496671105,0.06590812250332889,82.6958218216896
pocatc-pdrclsl-2016-eng.csv,1,include_self,10,4.0,0.05199999999999999,120,40,False,True,True,40,10,40,0.009370816599732263,0.2106687441059494,0.2382159148504815,0.1162159148504815,78.63776731491089,True,False,True,3,True,True,False,0.0005455580540001392,0.0011637939605861902,0.03035928215831518,0.0001720651052892208,0.012160643003880978,0.0018625580705702305,0.04455578117631376,120,0.036096700001508,0.0023227811325341463,0.06877933326177299,True,0.056091877496671105,0.06590812250332889,82.6958218216896
pocatc-pdrclsl-2016-eng.csv,1,include_self,15,2.0,0.05199999999999999,120,30,False,True,True,30,15,30,0.009370816599732263,0.2253706754530478,0.2552268244575937,0.1332268244575937,107.06526756286621,True,False,True,3,True,True,False,0.0004815650172531605,0.0008403249084949493,0.03035928215831518,0.00013304688036441803,0.008249439066275954,0.0015893729869276285,0.04033223423175514,120,0.03544967109337449,0.002368287881836295,0.06817772216163576,True,0.06990372540812055,0.052096274591879446,121.49640691280365
pocatc-pdrclsl-2016-eng.csv,1,include_self,15,3.0,0.05199999999999999,120,45,False,True,True,45,15,45,0.009370816599732263,0.20974546047402637,0.2117838088610531,0.08978380886105311,110.44440215826035,True,False,True,3,True,True,False,0.000519059132784605,0.0010480019263923168,0.03035928215831518,0.00015580002218484879,0.012879977934062481,0.00171765498816967,0.04511378821916878,120,0.03585221688263118,0.0029094889760017395,0.06912170932628214,True,0.06990372540812055,0.052096274591879446,121.49640691280365
pocatc-pdrclsl-2016-eng.csv,1,include_self,15,4.0,0.05199999999999999,120,60,False,True,True,60,15,60,0.009370816599732263,0.20639046628809085,0.21158870627897178,0.08958870627897178,110.4574384689331,True,False,True,2,True,True,False,0.0005931591149419546,0.0010889230761677027,0.03035928215831518,0.00015092408284544945,0.01720663788728416,0.001920286100357771,0.049638490192592144,120,0.0352520989254117,0.0026145929004997015,0.06822641426697373,True,0.06990372540812055,0.052096274591879446,121.49640691280365
purchasing-card-spend-jul2015.csv,2,include_self,10,2.0,0.05199999999999999,128,20,False,True,True,20,10,20,0.11068702290076336,0.4584458382055916,0.10299527062532843,0.01900472937467157,93.44680058956146,True,False,True,3,True,True,False,0.0004873319994658232,0.0009639370255172253,0.03206335613504052,0.00016155000776052475,0.00748429587110877,0.001586100086569786,0.04129647300578654,128,0.049561004154384136,0.002397221978753805,0.08402204210869968,True,0.08937276568085797,0.03262723431914202,97.84060573577881
purchasing-card-spend-jul2015.csv,2,include_self,10,3.0,0.05199999999999999,128,30,False,True,True,30,10,30,0.11068702290076336,0.45176891441078354,0.09896729776247848,0.02303270223752152,95.21405810117722,True,False,True,3,True,True,False,0.000491999089717865,0.0010074928868561983,0.03206335613504052,0.00017437804490327835,0.011193669866770506,0.0016377358697354794,0.04507031198590994,128,0.049287779023870826,0.002381437923759222,0.08373306435532868,True,0.08937276568085797,0.03262723431914202,97.84060573577881
purchasing-card-spend-jul2015.csv,2,include_self,10,4.0,0.05199999999999999,128,40,False,True,True,40,10,40,0.11068702290076336,0.446474756729799,0.10339565051507059,0.01860434948492941,96.87476623058319,True,True,True,4,True,True,False,0.0005814018659293652,0.00120013696141541,0.03206335613504052,0.00019887485541403294,0.014494209783151746,0.0020042979158461094,0.04876181110739708,128,0.04893830209039152,0.00210745120421052,0.08310963911935687,True,0.08937276568085797,0.03262723431914202,97.84060573577881
purchasing-card-spend-jul2015.csv,2,include_self,15,2.0,0.05199999999999999,128,30,False,True,True,30,15,30,0.11068702290076336,0.45176891441078354,0.09984152139461172,0.022158478605388277,141.45893281698227,True,False,True,3,True,True,False,0.0005092748906463385,0.0011672999244183302,0.03206335613504052,0.00015177507884800434,0.010570618091151118,0.0019255930092185736,0.04471246316097677,128,0.04906186391599476,0.002037297934293747,0.08316301926970482,True,0.08224130140081337,0.039758698599186626,146.34926444292068
purchasing-card-spend-jul2015.csv,2,include_self,15,3.0,0.05199999999999999,128,45,False,True,True,45,15,45,0.11068702290076336,0.44370551341484454,0.10130468150422103,0.020695318495778964,145.14027440547943,True,True,True,5,True,True,False,0.000658086035400629,0.0013334359973669052,0.03206335613504052,0.00021385704167187214,0.016997638158500195,0.0021675010211765766,0.05144352512434125,128,0.048244164092466235,0.0019874239806085825,0.08229542500339448,True,0.08224130140081337,0.039758698599186626,146.34926444292068
purchasing-card-spend-jul2015.csv,2,include_self,15,4.0,0.05199999999999999,128,60,False,True,True,60,15,60,0.11068702290076336,0.43633041072329926,0.09670220679394992,0.02529779320605008,145.75955724716187,True,True,True,5,True,True,False,0.0006612988654524088,0.0012260971125215292,0.03206335613504052,0.00022094696760177612,0.022286511957645416,0.0020466609857976437,0.056618670001626015,128,0.04917100700549781,0.0022497728932648897,0.08348466525785625,True,0.08224130140081337,0.039758698599186626,146.34926444292068
rm-mr-2009-eng.csv,3,include_self,10,2.0,0.05199999999999999,403,20,False,True,True,20,10,20,0.98,0.9809960681520314,0.9833641404805915,0.8613641404805915,83.23671364784241,True,True,True,2,True,True,False,0.0005589690990746021,0.0011487118899822235,0.06577380490489304,0.0004281348083168268,0.008059266954660416,0.001903509022668004,0.07616580906324089,403,0.18115058611147106,0.0030588910449296236,0.24998377193696797,True,0.8448810754912099,0.72288107549121,88.63417458534241
rm-mr-2009-eng.csv,3,include_self,10,3.0,0.05199999999999999,403,30,False,True,True,30,10,30,0.98,0.9621591541457986,0.9782971619365609,0.8562971619365609,83.97011929750443,True,True,True,4,True,True,False,0.000523025169968605,0.0010182380210608244,0.06577380490489304,0.000590896001085639,0.01383645599707961,0.0016811010427772999,0.08188375970348716,403,0.17706948099657893,0.003186791902408004,0.24603057792410254,True,0.8448810754912099,0.72288107549121,88.63417458534241
rm-mr-2009-eng.csv,3,include_self,10,4.0,0.05199999999999999,403,40,False,True,True,40,10,40,0.98,0.9345211581291759,0.9782971619365609,0.8562971619365609,83.97011929750443,True,True,True,4,True,True,False,0.0005736600141972303,0.0012367831077426672,0.06577380490489304,0.0006307349540293217,0.016873464919626713,0.0020411021541804075,0.08532042894512415,403,0.1785707538947463,0.003170266980305314,0.247515507042408,True,0.8448810754912099,0.72288107549121,88.63417458534241
rm-mr-2009-eng.csv,3,include_self,15,2.0,0.05199999999999999,403,30,False,True,True,30,15,30,0.98,0.9621591541457986,0.9707916986933128,0.8487916986933128,119.68957388401031,True,True,True,4,True,True,False,0.000506760785356164,0.0008612649980932474,0.06577380490489304,0.0006001291330903769,0.014040807960554957,0.0015247778501361609,0.08194061205722392,403,0.17668642196804285,0.0033276891335844994,0.2457884477917105,True,0.806949806949807,0.684949806949807,132.5139435529709
rm-mr-2009-eng.csv,3,include_self,15,3.0,0.05199999999999999,403,45,False,True,True,45,15,45,0.98,0.921911421911422,0.9640546369518332,0.8420546369518332,121.5556925535202,True,True,True,3,True,True,False,0.0005376259796321392,0.0011180250439792871,0.06577380490489304,0.000556224025785923,0.018942819209769368,0.0018166310619562864,0.08709077094681561,403,0.17738625896163285,0.0028021910693496466,0.24596283701248467,True,0.806949806949807,0.684949806949807,132.5139435529709
rm-mr-2009-eng.csv,3,include_self,15,4.0,0.05199999999999999,403,60,False,True,True,60,15,60,0.98,0.8881604319321249,0.9640546369518332,0.8420546369518332,121.5556925535202,True,True,True,3,True,True,False,0.0006484100595116615,0.0011331180576235056,0.06577380490489304,0.0004931110888719559,0.026617396855726838,0.0020120800472795963,0.09489752491936088,403,0.17765467800199986,0.0027148399967700243,0.24614382488653064,True,0.806949806949807,0.684949806949807,132.5139435529709
travel-exp-April-June-2018.csv,5,include_self,10,2.0,0.05199999999999999,66,20,False,True,True,20,10,20,0.05825242718446602,0.603112840466926,0.6059356966199505,0.4839356966199505,99.28873234987259,True,False,True,2,True,True,False,0.0005677519366145134,0.0008124939631670713,0.017318084137514234,9.070383384823799e-05,0.011003890074789524,0.0016588778235018253,0.0300727270077914,66,0.033395848935469985,0.0017166021279990673,0.05243108607828617,True,0.158083645443196,0.036083645443196005,106.26645004749298
travel-exp-April-June-2018.csv,5,include_self,10,3.0,0.05199999999999999,66,30,False,True,True,30,10,30,0.05825242718446602,0.5616996507566938,0.5553869499241275,0.4333869499241275,100.94462144374847,True,False,True,3,True,True,False,0.0005371060688048601,0.0008196539711207151,0.017318084137514234,8.370401337742805e-05,0.015434463042765856,0.0014989010524004698,0.03433629311621189,66,0.03435931587591767,0.0015786988660693169,0.05325664021074772,True,0.158083645443196,0.036083645443196005,106.26645004749298
travel-exp-April-June-2018.csv,5,include_self,10,4.0,0.05199999999999999,66,40,False,True,True,40,10,40,0.05825242718446602,0.5199940976833407,0.5340086830680174,0.4120086830680174,102.64888560771942,True,False,True,3,True,True,False,0.0005152018275111914,0.0007358808070421219,0.017318084137514234,8.778995834290981e-05,0.02038692799396813,0.001402796944603324,0.039196712197735906,66,0.033562196185812354,0.0016704739537090063,0.05255129421129823,True,0.158083645443196,0.036083645443196005,106.26645004749298
travel-exp-April-June-2018.csv,5,include_self,15,2.0,0.05199999999999999,66,30,False,True,True,30,15,30,0.05825242718446602,0.5616996507566938,0.5687847008019741,0.4467847008019741,148.8678223490715,True,False,True,3,True,True,False,0.0005592280067503452,0.0009089659433811903,0.017318084137514234,9.093503467738628e-05,0.014353071106597781,0.001620340859517455,0.033383572241291404,66,0.034340077079832554,0.0016264589503407478,0.05328505113720894,True,0.16702846116739026,0.04502846116739026,156.6923924088478
travel-exp-April-June-2018.csv,5,include_self,15,3.0,0.05199999999999999,66,45,False,True,True,45,15,45,0.05825242718446602,0.49843260188087773,0.5043218085106383,0.38232180851063835,151.78905314207077,True,False,True,2,True,True,False,0.0005557441618293524,0.0008470348548144102,0.017318084137514234,8.290284313261509e-05,0.02242631884291768,0.0015718590002506971,0.04140051710419357,66,0.0342204999178648,0.0016315970569849014,0.053170671220868826,True,0.16702846116739026,0.04502846116739026,156.6923924088478
travel-exp-April-June-2018.csv,5,include_self,15,4.0,0.05199999999999999,66,60,False,True,True,60,15,60,0.05825242718446602,0.37002756990941316,0.33324258099646065,0.21124258099646065,154.53632485866547,True,True,True,2,True,True,False,0.0005999479908496141,0.001090675126761198,0.017318084137514234,8.396408520638943e-05,0.030059436103329062,0.0018922428134828806,0.04935483913868666,66,0.03454664419405162,0.001507531851530075,0.053372750990092754,True,0.16702846116739026,0.04502846116739026,156.6923924088478
travel-jan-march-2020.csv,4,include_self,10,2.0,0.05199999999999999,86,20,False,True,True,20,10,20,0.025,0.08579881656804733,0.054187192118226604,0.0678128078817734,61.944495379924774,True,False,True,2,True,True,False,0.0005254067946225405,0.0009145040530711412,0.015327545814216137,8.801021613180637e-05,0.00757477106526494,0.0016076399479061365,0.02459913888014853,86,0.0335016050375998,0.01967881014570594,0.06850852188654244,True,0.052109181141439205,0.0698908188585608,78.2980934381485
travel-jan-march-2020.csv,4,include_self,10,3.0,0.05199999999999999,86,30,False,True,True,30,10,30,0.025,0.06101190476190476,0.053125,0.06887499999999999,70.2307339310646,True,False,True,1,True,True,False,0.0005866801366209984,0.0009789499454200268,0.015327545814216137,6.037997081875801e-05,0.012074516154825687,0.0018062139861285686,0.02926980867050588,86,0.03280398203060031,0.01838401099666953,0.06651614001020789,True,0.052109181141439205,0.0698908188585608,78.2980934381485
travel-jan-march-2020.csv,4,include_self,10,4.0,0.05199999999999999,86,40,False,True,True,40,10,40,0.025,0.048113207547169815,0.052307692307692305,0.06969230769230769,76.21740961074829,True,True,True,1,True,True,False,0.0005159340798854828,0.007207046030089259,0.015327545814216137,7.206597365438938e-05,0.015453962842002511,0.007863999111577868,0.03872133884578943,86,0.03364757192321122,0.018200760008767247,0.06717642862349749,True,0.052109181141439205,0.0698908188585608,78.2980934381485
travel-jan-march-2020.csv,4,include_self,15,2.0,0.05199999999999999,86,30,False,True,True,30,15,30,0.025,0.06101190476190476,0.053830227743271224,0.06816977225672877,101.5082066655159,True,False,True,1,True,True,False,0.0005441359244287014,0.0029125548899173737,0.015327545814216137,6.733997724950314e-05,0.011221862863749266,0.0036239379551261663,0.030241898959502578,86,0.03326786891557276,0.0071855830028653145,0.05578147992491722,True,0.05220883534136546,0.06979116465863454,111.5446103811264
travel-jan-march-2020.csv,4,include_self,15,3.0,0.05199999999999999,86,45,False,True,True,45,15,45,0.025,0.043209876543209874,0.05220883534136546,0.06979116465863454,111.5446103811264,True,True,True,1,True,True,False,0.0005841951351612806,0.0013182330876588821,0.015327545814216137,6.715906783938408e-05,0.017800708068534732,0.0021114270202815533,0.03530803183093667,86,0.033604949014261365,0.006781073985621333,0.055714049842208624,True,0.05220883534136546,0.06979116465863454,111.5446103811264
travel-jan-march-2020.csv,4,include_self,15,4.0,0.05199999999999999,86,60,False,True,True,60,15,60,0.025,0.03279445727482679,0.05220883534136546,0.06979116465863454,111.5446103811264,True,True,True,1,True,True,False,0.0005989470519125462,0.004318115999922156,0.015327545814216137,7.559102959930897e-05,0.025760919088497758,0.0051169609650969505,0.04628229886293411,86,0.032681450014933944,0.00786670297384262,0.055876191006973386,True,0.05220883534136546,0.06979116465863454,111.5446103811264
trinity-house__30-09-2012__dft_Trinity-House-Final-Return-junior.csv,9,include_self,10,2.0,0.05199999999999999,279,20,False,True,True,20,10,20,0.5193798449612403,0.8814935064935064,0.8368421052631579,0.714842105263158,90.19005006551743,True,False,True,2,True,True,False,0.000485158059746027,0.0007873959839344025,0.04371753102168441,0.0002807658165693283,0.008994763949885964,0.0014075851067900658,0.05440189805813134,279,0.1437362739816308,0.002406544052064419,0.1898609499912709,True,0.5303558967201675,0.4083558967201675,97.82919806241989
trinity-house__30-09-2012__dft_Trinity-House-Final-Return-junior.csv,9,include_self,10,3.0,0.05199999999999999,279,30,False,True,True,30,10,30,0.5193798449612403,0.8791516606642658,0.8368421052631579,0.714842105263158,90.19005006551743,True,False,True,3,True,True,False,0.0004848169628530741,0.000837310217320919,0.04371753102168441,0.00031035998836159706,0.016860695090144873,0.001457219012081623,0.06234709685668349,279,0.14372304501011968,0.0024329419247806072,0.1898740390315652,True,0.5303558967201675,0.4083558967201675,97.82919806241989
trinity-house__30-09-2012__dft_Trinity-House-Final-Return-junior.csv,9,include_self,10,4.0,0.05199999999999999,279,40,False,True,True,40,10,40,0.5193798449612403,0.8760757314974182,0.8368421052631579,0.714842105263158,90.19005006551743,True,False,True,4,True,True,False,0.0004992499016225338,0.0008335739839822054,0.04371753102168441,0.000382137019187212,0.02283050795085728,0.001486482098698616,0.06841790908947587,279,0.14142753509804606,0.0024102400057017803,0.1875557960011065,True,0.5303558967201675,0.4083558967201675,97.82919806241989
trinity-house__30-09-2012__dft_Trinity-House-Final-Return-junior.csv,9,include_self,15,2.0,0.05199999999999999,279,30,False,True,True,30,15,30,0.5193798449612403,0.8791516606642658,0.8812244897959184,0.7592244897959184,132.3457470536232,True,False,True,3,True,True,False,0.0004788690712302923,0.0008979809936136007,0.04371753102168441,0.0003227679990231991,0.0169917200691998,0.0015258800704032183,0.06255918112583458,279,0.14282566495239735,0.0025972279254347086,0.1891409340314567,True,0.5134920634920634,0.39149206349206345,145.2031850218773
trinity-house__30-09-2012__dft_Trinity-House-Final-Return-junior.csv,9,include_self,15,3.0,0.05199999999999999,279,45,False,True,True,45,15,45,0.5193798449612403,0.8744081172491545,0.8792441688810156,0.7572441688810156,133.5629239678383,True,False,True,4,True,True,False,0.0005781569052487612,0.0009629360865801573,0.04371753102168441,0.00038848607800900936,0.026004911167547107,0.0017008478753268719,0.07181296800263226,279,0.14089710800908506,0.002389008877798915,0.18700415920466185,True,0.5134920634920634,0.39149206349206345,145.2031850218773
trinity-house__30-09-2012__dft_Trinity-House-Final-Return-junior.csv,9,include_self,15,4.0,0.05199999999999999,279,60,False,True,True,60,15,60,0.5193798449612403,0.8671235905372541,0.8792441688810156,0.7572441688810156,133.5629239678383,True,False,True,4,True,True,False,0.0005882121622562408,0.000963808037340641,0.04371753102168441,0.00039896112866699696,0.03703306708484888,0.0017137979157269,0.08286458882503211,279,0.14355726796202362,0.0024442209396511316,0.18971954216249287,True,0.5134920634920634,0.39149206349206345,145.2031850218773
