tier,q_table,top_n,n_D,clamped,dinkelbach_ran,iterations,stage1_time_s
tier_10k,1_1438042987127.36_20150728002307-00144-ip-10-236-191-2_676020729_0.csv,5000,226,False,True,2,0.00042076798854395747
tier_10k,0_1438042988061.16_20150728002308-00282-ip-10-236-191-2_894007386_3.csv,5000,369,False,True,1,0.0005249060341157019
tier_10k,0_1438042988458.74_20150728002308-00249-ip-10-236-191-2_328699461_4.csv,5000,561,False,True,3,0.001530937966890633
tier_10k,1_1438042987127.36_20150728002307-00114-ip-10-236-191-2_902351685_191.csv,5000,365,False,True,1,0.0005107350298203528
tier_10k,1_1438042987127.36_20150728002307-00182-ip-10-236-191-2_150862475_5.csv,5000,265,False,True,1,0.00034106598468497396
tier_10k,1_1438042987127.36_20150728002307-00000-ip-10-236-191-2_300770320_2.csv,5000,327,False,True,3,0.0007969129947014153
tier_10k,1_1438042987127.36_20150728002307-00080-ip-10-236-191-2_899463259_102.csv,5000,366,False,True,1,0.0005138550186529756
tier_10k,1_1438042990112.50_20150728002310-00154-ip-10-236-191-2_303864106_21.csv,5000,304,False,True,2,0.0005492749623954296
tier_10k,0_1438042988458.74_20150728002308-00095-ip-10-236-191-2_520943855_0.csv,5000,308,False,True,3,0.0007310970104299486
tier_10k,1_1438042987127.36_20150728002307-00145-ip-10-236-191-2_499439925_0.csv,5000,501,False,True,2,0.0010216289665549994
tier_10k,1_1438042990112.50_20150728002310-00013-ip-10-236-191-2_321346784_4.csv,5000,534,False,True,3,0.0014724780339747667
tier_10k,1_1438042987127.36_20150728002307-00033-ip-10-236-191-2_482136553_0.csv,5000,263,False,True,1,0.003662857983727008
tier_10k,0_1438042988061.16_20150728002308-00109-ip-10-236-191-2_681611335_21.csv,5000,473,False,True,3,0.0012823379947803915
tier_10k,0_1438042988061.16_20150728002308-00244-ip-10-236-191-2_65898746_2.csv,5000,526,False,True,2,0.0011101909913122654
tier_10k,0_1438042988061.16_20150728002308-00215-ip-10-236-191-2_362876303_35.csv,5000,280,False,True,2,0.0005402119713835418
tier_10k,1_1438042990112.50_20150728002310-00312-ip-10-236-191-2_3243890_59.csv,5000,253,False,True,2,0.0004688610206358135
tier_10k,1_1438042990112.50_20150728002310-00085-ip-10-236-191-2_403435483_3.csv,5000,229,False,True,1,0.0003169990377500653
tier_10k,0_1438042988061.16_20150728002308-00194-ip-10-236-191-2_846810834_13.csv,5000,354,False,True,2,0.000739498995244503
tier_10k,1_1438042990112.50_20150728002310-00286-ip-10-236-191-2_318221297_4.csv,5000,547,False,True,3,0.0014925269642844796
tier_10k,1_1438042987127.36_20150728002307-00290-ip-10-236-191-2_407999777_10.csv,5000,231,False,True,2,0.00040887901559472084
tier_10k,0_1438042988458.74_20150728002308-00166-ip-10-236-191-2_302386578_10.csv,5000,491,False,True,3,0.001332707004621625
tier_10k,0_1438042988458.74_20150728002308-00253-ip-10-236-191-2_222600153_3.csv,5000,282,False,True,3,0.0006992850103415549
tier_10k,1_1438042990112.50_20150728002310-00237-ip-10-236-191-2_880298254_15.csv,5000,365,False,True,1,0.0005052359774708748
tier_10k,0_1438042988061.16_20150728002308-00089-ip-10-236-191-2_807127666_2.csv,5000,325,False,True,2,0.0006015069666318595
tier_10k,0_1438042988458.74_20150728002308-00060-ip-10-236-191-2_492355315_1.csv,5000,526,False,True,2,0.0011196869891136885
tier_10k,1_1438042990112.50_20150728002310-00296-ip-10-236-191-2_202658094_3.csv,5000,366,False,True,3,0.0009072970133274794
tier_10k,1_1438042988061.16_20150728002308-00013-ip-10-236-191-2_636339982_0.csv,5000,526,False,True,2,0.0010982200037688017
tier_10k,1_1438042987127.36_20150728002307-00294-ip-10-236-191-2_390417830_16.csv,5000,346,False,True,1,0.00048305600648745894
tier_10k,0_1438042988458.74_20150728002308-00254-ip-10-236-191-2_909417374_257.csv,5000,326,False,True,1,0.00045525399036705494
tier_10k,0_1438042988061.16_20150728002308-00101-ip-10-236-191-2_653250037_0.csv,5000,362,False,True,3,0.0008819110225886106
tier_10k,0_1438042988458.74_20150728002308-00046-ip-10-236-191-2_428007644_11.csv,5000,368,False,True,2,0.0006972190458327532
tier_10k,1_1438042987127.36_20150728002307-00290-ip-10-236-191-2_469307566_0.csv,5000,495,False,True,2,0.0010142229730263352
tier_10k,1_1438042990112.50_20150728002310-00062-ip-10-236-191-2_896744244_9.csv,5000,326,False,True,1,0.00046569498954340816
tier_10k,1_1438042990112.50_20150728002310-00225-ip-10-236-191-2_718036865_0.csv,5000,309,False,True,3,0.0007352179964073002
tier_10k,0_1438042988061.16_20150728002308-00189-ip-10-236-191-2_414087396_10.csv,5000,240,False,True,3,0.0005448170122690499
tier_10k,0_1438042988061.16_20150728002308-00144-ip-10-236-191-2_279381280_30.csv,5000,433,False,True,3,0.0011268410016782582
tier_10k,1_1438042990112.50_20150728002310-00081-ip-10-236-191-2_890934925_129.csv,5000,327,False,True,1,0.0004466460086405277
tier_10k,0_1438042988061.16_20150728002308-00133-ip-10-236-191-2_59742533_2.csv,5000,262,False,True,1,0.0003526069922372699
tier_10k,1_1438042990112.50_20150728002310-00259-ip-10-236-191-2_889779227_121.csv,5000,365,False,True,1,0.0004990950110368431
tier_10k,0_1438042988458.74_20150728002308-00262-ip-10-236-191-2_380524338_2.csv,5000,488,False,True,3,0.0012441360158845782
tier_10k,1_1438042987127.36_20150728002307-00027-ip-10-236-191-2_67802697_2.csv,5000,442,False,True,2,0.0009112519910559058
tier_10k,0_1438042988458.74_20150728002308-00175-ip-10-236-191-2_385639780_18.csv,5000,398,False,True,2,0.0007717270054854453
tier_10k,0_1438042988458.74_20150728002308-00303-ip-10-236-191-2_56708567_9.csv,5000,519,False,True,3,0.0013290420174598694
tier_10k,0_1438042988458.74_20150728002308-00063-ip-10-236-191-2_657101208_1.csv,5000,371,False,True,1,0.0005264789797365665
tier_10k,1_1438042990112.50_20150728002310-00190-ip-10-236-191-2_436521753_9.csv,5000,284,False,True,2,0.0005297840107232332
tier_10k,1_1438042987127.36_20150728002307-00214-ip-10-236-191-2_225430488_0.csv,5000,518,False,True,3,0.0013878170284442604
tier_10k,0_1438042988061.16_20150728002308-00047-ip-10-236-191-2_843664602_0.csv,5000,363,False,True,2,0.0006878250278532505
tier_10k,0_1438042988061.16_20150728002308-00181-ip-10-236-191-2_216538600_0.csv,5000,450,False,True,2,0.0009290410089306533
tier_10k,0_1438042988061.16_20150728002308-00002-ip-10-236-191-2_545269850_0.csv,5000,526,False,True,2,0.0010826429934240878
tier_10k,0_1438042988061.16_20150728002308-00330-ip-10-236-191-2_795231590_4.csv,5000,536,False,True,2,0.0011106969905085862
tier_10k,0_1438042988061.16_20150728002308-00235-ip-10-236-191-2_713850328_17.csv,5000,328,False,True,3,0.0038889579591341317
tier_10k,0_1438042988458.74_20150728002308-00232-ip-10-236-191-2_795586035_3.csv,5000,285,False,True,1,0.00035498494980856776
tier_10k,0_1438042988458.74_20150728002308-00250-ip-10-236-191-2_501951825_0.csv,5000,526,False,True,2,0.0010806850041262805
tier_10k,1_1438042987127.36_20150728002307-00037-ip-10-236-191-2_318965632_0.csv,5000,279,False,True,3,0.0006965430220589042
tier_10k,0_1438042988061.16_20150728002308-00041-ip-10-236-191-2_37534908_6.csv,5000,501,False,True,2,0.000996837974525988
tier_10k,1_1438042987127.36_20150728002307-00269-ip-10-236-191-2_847834464_0.csv,5000,421,False,True,3,0.0010294280364178121
tier_10k,0_1438042988061.16_20150728002308-00199-ip-10-236-191-2_891430247_172.csv,5000,326,False,True,1,0.00047676998656243086
tier_10k,1_1438042987127.36_20150728002307-00153-ip-10-236-191-2_490931395_0.csv,5000,526,False,True,2,0.0011053429916501045
tier_10k,0_1438042988458.74_20150728002308-00081-ip-10-236-191-2_476604823_0.csv,5000,494,False,True,2,0.0010347749921493232
tier_10k,0_1438042988458.74_20150728002308-00210-ip-10-236-191-2_79682215_3.csv,5000,390,False,True,1,0.000569824012927711
tier_10k,1_1438042987127.36_20150728002307-00008-ip-10-236-191-2_633806649_3.csv,5000,357,False,True,2,0.000694955000653863
tier_10k,0_1438042988061.16_20150728002308-00201-ip-10-236-191-2_319577306_4.csv,5000,346,False,True,2,0.0006660249782726169
tier_10k,1_1438042990112.50_20150728002310-00310-ip-10-236-191-2_200224826_0.csv,5000,439,False,True,3,0.001106954994611442
tier_10k,1_1438042987127.36_20150728002307-00102-ip-10-236-191-2_893578330_152.csv,5000,365,False,True,1,0.0005137589760124683
tier_10k,1_1438042990112.50_20150728002310-00044-ip-10-236-191-2_261321661_61.csv,5000,416,False,True,2,0.0008231790270656347
tier_10k,1_1438042987127.36_20150728002307-00074-ip-10-236-191-2_137128786_0.csv,5000,456,False,True,3,0.0011594279785640538
tier_10k,1_1438042987127.36_20150728002307-00082-ip-10-236-191-2_795702564_10.csv,5000,283,False,True,3,0.0006758649833500385
tier_10k,1_1438042987127.36_20150728002307-00144-ip-10-236-191-2_676020729_0.csv,10000,373,False,True,2,0.0007187890005297959
tier_10k,0_1438042988061.16_20150728002308-00282-ip-10-236-191-2_894007386_3.csv,10000,376,False,True,1,0.0005298430332913995
tier_10k,0_1438042988458.74_20150728002308-00249-ip-10-236-191-2_328699461_4.csv,10000,862,False,True,3,0.002358431986067444
tier_10k,1_1438042987127.36_20150728002307-00114-ip-10-236-191-2_902351685_191.csv,10000,375,False,True,1,0.0005274770082905889
tier_10k,1_1438042987127.36_20150728002307-00182-ip-10-236-191-2_150862475_5.csv,10000,488,False,True,1,0.0006437580450437963
tier_10k,1_1438042987127.36_20150728002307-00000-ip-10-236-191-2_300770320_2.csv,10000,328,False,True,3,0.0007837570155970752
tier_10k,1_1438042987127.36_20150728002307-00080-ip-10-236-191-2_899463259_102.csv,10000,374,False,True,1,0.0005280789919197559
tier_10k,1_1438042990112.50_20150728002310-00154-ip-10-236-191-2_303864106_21.csv,10000,694,False,True,3,0.0018472570227459073
tier_10k,0_1438042988458.74_20150728002308-00095-ip-10-236-191-2_520943855_0.csv,10000,547,False,True,2,0.001051280996762216
tier_10k,1_1438042987127.36_20150728002307-00145-ip-10-236-191-2_499439925_0.csv,10000,902,False,True,2,0.0018486229819245636
tier_10k,1_1438042990112.50_20150728002310-00013-ip-10-236-191-2_321346784_4.csv,10000,878,False,True,2,0.0018184460350312293
tier_10k,1_1438042987127.36_20150728002307-00033-ip-10-236-191-2_482136553_0.csv,10000,465,False,True,1,0.0006549910176545382
tier_10k,0_1438042988061.16_20150728002308-00109-ip-10-236-191-2_681611335_21.csv,10000,808,False,True,3,0.0021873550140298903
tier_10k,0_1438042988061.16_20150728002308-00244-ip-10-236-191-2_65898746_2.csv,10000,844,False,True,2,0.0017183320014737546
tier_10k,0_1438042988061.16_20150728002308-00215-ip-10-236-191-2_362876303_35.csv,10000,438,False,True,3,0.0011066709994338453
tier_10k,1_1438042990112.50_20150728002310-00312-ip-10-236-191-2_3243890_59.csv,10000,449,False,True,3,0.001142886991146952
tier_10k,1_1438042990112.50_20150728002310-00085-ip-10-236-191-2_403435483_3.csv,10000,465,False,True,1,0.0006434890092350543
tier_10k,0_1438042988061.16_20150728002308-00194-ip-10-236-191-2_846810834_13.csv,10000,701,False,True,2,0.001442264998331666
tier_10k,1_1438042990112.50_20150728002310-00286-ip-10-236-191-2_318221297_4.csv,10000,871,False,True,3,0.0023708000080659986
tier_10k,1_1438042987127.36_20150728002307-00290-ip-10-236-191-2_407999777_10.csv,10000,441,False,True,2,0.0007927080150693655
tier_10k,0_1438042988458.74_20150728002308-00166-ip-10-236-191-2_302386578_10.csv,10000,805,False,True,2,0.0016255739610642195
tier_10k,0_1438042988458.74_20150728002308-00253-ip-10-236-191-2_222600153_3.csv,10000,697,False,True,3,0.0018424480222165585
tier_10k,1_1438042990112.50_20150728002310-00237-ip-10-236-191-2_880298254_15.csv,10000,373,False,True,1,0.0005516100209206343
tier_10k,0_1438042988061.16_20150728002308-00089-ip-10-236-191-2_807127666_2.csv,10000,498,False,True,3,0.001240223995409906
tier_10k,0_1438042988458.74_20150728002308-00060-ip-10-236-191-2_492355315_1.csv,10000,844,False,True,2,0.001716259983368218
tier_10k,1_1438042990112.50_20150728002310-00296-ip-10-236-191-2_202658094_3.csv,10000,573,False,True,2,0.001110198034439236
tier_10k,1_1438042988061.16_20150728002308-00013-ip-10-236-191-2_636339982_0.csv,10000,844,False,True,2,0.00172434002161026
tier_10k,1_1438042987127.36_20150728002307-00294-ip-10-236-191-2_390417830_16.csv,10000,483,False,True,1,0.0006892209639772773
tier_10k,0_1438042988458.74_20150728002308-00254-ip-10-236-191-2_909417374_257.csv,10000,332,False,True,1,0.0004676189855672419
tier_10k,0_1438042988061.16_20150728002308-00101-ip-10-236-191-2_653250037_0.csv,10000,729,False,True,3,0.0019324520253576338
tier_10k,0_1438042988458.74_20150728002308-00046-ip-10-236-191-2_428007644_11.csv,10000,597,False,True,1,0.0008154759998433292
tier_10k,1_1438042987127.36_20150728002307-00290-ip-10-236-191-2_469307566_0.csv,10000,820,False,True,2,0.0016499540070071816
tier_10k,1_1438042990112.50_20150728002310-00062-ip-10-236-191-2_896744244_9.csv,10000,331,False,True,1,0.00046915601706132293
tier_10k,1_1438042990112.50_20150728002310-00225-ip-10-236-191-2_718036865_0.csv,10000,532,False,True,2,0.0010367879876866937
tier_10k,0_1438042988061.16_20150728002308-00189-ip-10-236-191-2_414087396_10.csv,10000,480,False,True,1,0.0006134400027804077
tier_10k,0_1438042988061.16_20150728002308-00144-ip-10-236-191-2_279381280_30.csv,10000,931,False,True,3,0.002615087025333196
tier_10k,1_1438042990112.50_20150728002310-00081-ip-10-236-191-2_890934925_129.csv,10000,334,False,True,1,0.00046993896830827
tier_10k,0_1438042988061.16_20150728002308-00133-ip-10-236-191-2_59742533_2.csv,10000,496,False,True,1,0.0006939909653738141
tier_10k,1_1438042990112.50_20150728002310-00259-ip-10-236-191-2_889779227_121.csv,10000,373,False,True,1,0.000532762031070888
tier_10k,0_1438042988458.74_20150728002308-00262-ip-10-236-191-2_380524338_2.csv,10000,752,False,True,2,0.0014774849987588823
tier_10k,1_1438042987127.36_20150728002307-00027-ip-10-236-191-2_67802697_2.csv,10000,655,False,True,2,0.0013508960255421698
tier_10k,0_1438042988458.74_20150728002308-00175-ip-10-236-191-2_385639780_18.csv,10000,685,False,True,1,0.0009435730171389878
tier_10k,0_1438042988458.74_20150728002308-00303-ip-10-236-191-2_56708567_9.csv,10000,997,False,True,3,0.0027132670511491597
tier_10k,0_1438042988458.74_20150728002308-00063-ip-10-236-191-2_657101208_1.csv,10000,491,False,True,1,0.0007168989977799356
tier_10k,1_1438042990112.50_20150728002310-00190-ip-10-236-191-2_436521753_9.csv,10000,632,False,True,3,0.0016532839508727193
tier_10k,1_1438042987127.36_20150728002307-00214-ip-10-236-191-2_225430488_0.csv,10000,821,False,True,4,0.002769401005934924
tier_10k,0_1438042988061.16_20150728002308-00047-ip-10-236-191-2_843664602_0.csv,10000,801,False,True,2,0.0016191470203921199
tier_10k,0_1438042988061.16_20150728002308-00181-ip-10-236-191-2_216538600_0.csv,10000,617,False,True,1,0.0008680380415171385
tier_10k,0_1438042988061.16_20150728002308-00002-ip-10-236-191-2_545269850_0.csv,10000,844,False,True,2,0.001727671013213694
tier_10k,0_1438042988061.16_20150728002308-00330-ip-10-236-191-2_795231590_4.csv,10000,932,False,True,2,0.001893531996756792
tier_10k,0_1438042988061.16_20150728002308-00235-ip-10-236-191-2_713850328_17.csv,10000,545,False,True,2,0.001018950017169118
tier_10k,0_1438042988458.74_20150728002308-00232-ip-10-236-191-2_795586035_3.csv,10000,331,False,True,1,0.0004249410121701658
tier_10k,0_1438042988458.74_20150728002308-00250-ip-10-236-191-2_501951825_0.csv,10000,844,False,True,2,0.0017346180393360555
tier_10k,1_1438042987127.36_20150728002307-00037-ip-10-236-191-2_318965632_0.csv,10000,489,False,True,2,0.0009443089948035777
tier_10k,0_1438042988061.16_20150728002308-00041-ip-10-236-191-2_37534908_6.csv,10000,836,False,True,3,0.0021924719912931323
tier_10k,1_1438042987127.36_20150728002307-00269-ip-10-236-191-2_847834464_0.csv,10000,675,False,True,2,0.0012596010346896946
tier_10k,0_1438042988061.16_20150728002308-00199-ip-10-236-191-2_891430247_172.csv,10000,332,False,True,1,0.00047438201727345586
tier_10k,1_1438042987127.36_20150728002307-00153-ip-10-236-191-2_490931395_0.csv,10000,844,False,True,2,0.0017303500208072364
tier_10k,0_1438042988458.74_20150728002308-00081-ip-10-236-191-2_476604823_0.csv,10000,815,False,True,2,0.0016417409642599523
tier_10k,0_1438042988458.74_20150728002308-00210-ip-10-236-191-2_79682215_3.csv,10000,555,False,True,1,0.0007629020255990326
tier_10k,1_1438042987127.36_20150728002307-00008-ip-10-236-191-2_633806649_3.csv,10000,712,False,True,3,0.0018580770120024681
tier_10k,0_1438042988061.16_20150728002308-00201-ip-10-236-191-2_319577306_4.csv,10000,620,False,True,1,0.0008256789878942072
tier_10k,1_1438042990112.50_20150728002310-00310-ip-10-236-191-2_200224826_0.csv,10000,738,False,True,2,0.001448688970413059
tier_10k,1_1438042987127.36_20150728002307-00102-ip-10-236-191-2_893578330_152.csv,10000,373,False,True,1,0.0005232389667071402
tier_10k,1_1438042990112.50_20150728002310-00044-ip-10-236-191-2_261321661_61.csv,10000,418,False,True,2,0.0008508659666404128
tier_10k,1_1438042987127.36_20150728002307-00074-ip-10-236-191-2_137128786_0.csv,10000,889,False,True,3,0.002389635017607361
tier_10k,1_1438042987127.36_20150728002307-00082-ip-10-236-191-2_795702564_10.csv,10000,427,False,True,2,0.0008359479834325612
tier_10k,1_1438042987127.36_20150728002307-00144-ip-10-236-191-2_676020729_0.csv,15000,374,False,True,2,0.0007131819729693234
tier_10k,0_1438042988061.16_20150728002308-00282-ip-10-236-191-2_894007386_3.csv,15000,376,False,True,1,0.0005273100105114281
tier_10k,0_1438042988458.74_20150728002308-00249-ip-10-236-191-2_328699461_4.csv,15000,1104,False,True,2,0.0022825729683972895
tier_10k,1_1438042987127.36_20150728002307-00114-ip-10-236-191-2_902351685_191.csv,15000,377,False,True,1,0.0005389069556258619
tier_10k,1_1438042987127.36_20150728002307-00182-ip-10-236-191-2_150862475_5.csv,15000,488,False,True,1,0.0006448350031860173
tier_10k,1_1438042987127.36_20150728002307-00000-ip-10-236-191-2_300770320_2.csv,15000,328,False,True,3,0.0007936910260468721
tier_10k,1_1438042987127.36_20150728002307-00080-ip-10-236-191-2_899463259_102.csv,15000,375,False,True,1,0.0005379390204325318
tier_10k,1_1438042990112.50_20150728002310-00154-ip-10-236-191-2_303864106_21.csv,15000,1003,False,True,4,0.0033399600069969893
tier_10k,0_1438042988458.74_20150728002308-00095-ip-10-236-191-2_520943855_0.csv,15000,700,False,True,2,0.0013702159631066024
tier_10k,1_1438042987127.36_20150728002307-00145-ip-10-236-191-2_499439925_0.csv,15000,1093,False,True,3,0.0029839390190318227
tier_10k,1_1438042990112.50_20150728002310-00013-ip-10-236-191-2_321346784_4.csv,15000,1125,False,True,1,0.0015999929746612906
tier_10k,1_1438042987127.36_20150728002307-00033-ip-10-236-191-2_482136553_0.csv,15000,465,False,True,1,0.0006586259696632624
tier_10k,0_1438042988061.16_20150728002308-00109-ip-10-236-191-2_681611335_21.csv,15000,1119,False,True,3,0.003071873972658068
tier_10k,0_1438042988061.16_20150728002308-00244-ip-10-236-191-2_65898746_2.csv,15000,1150,False,True,3,0.003196901991032064
tier_10k,0_1438042988061.16_20150728002308-00215-ip-10-236-191-2_362876303_35.csv,15000,617,False,True,2,0.0012409199844114482
tier_10k,1_1438042990112.50_20150728002310-00312-ip-10-236-191-2_3243890_59.csv,15000,638,False,True,2,0.0012283379910513759
tier_10k,1_1438042990112.50_20150728002310-00085-ip-10-236-191-2_403435483_3.csv,15000,469,False,True,1,0.0006573770078830421
tier_10k,0_1438042988061.16_20150728002308-00194-ip-10-236-191-2_846810834_13.csv,15000,873,False,True,3,0.002391721005551517
tier_10k,1_1438042990112.50_20150728002310-00286-ip-10-236-191-2_318221297_4.csv,15000,1126,False,True,1,0.0016018470050767064
tier_10k,1_1438042987127.36_20150728002307-00290-ip-10-236-191-2_407999777_10.csv,15000,641,False,True,3,0.001585780002642423
tier_10k,0_1438042988458.74_20150728002308-00166-ip-10-236-191-2_302386578_10.csv,15000,903,False,True,2,0.0018432019860483706
tier_10k,0_1438042988458.74_20150728002308-00253-ip-10-236-191-2_222600153_3.csv,15000,854,False,True,4,0.0028138539637438953
tier_10k,1_1438042990112.50_20150728002310-00237-ip-10-236-191-2_880298254_15.csv,15000,375,False,True,1,0.0005526759778149426
tier_10k,0_1438042988061.16_20150728002308-00089-ip-10-236-191-2_807127666_2.csv,15000,706,False,True,2,0.001395900035277009
tier_10k,0_1438042988458.74_20150728002308-00060-ip-10-236-191-2_492355315_1.csv,15000,1150,False,True,3,0.003165194997563958
tier_10k,1_1438042990112.50_20150728002310-00296-ip-10-236-191-2_202658094_3.csv,15000,808,False,True,2,0.0015908160130493343
tier_10k,1_1438042988061.16_20150728002308-00013-ip-10-236-191-2_636339982_0.csv,15000,1150,False,True,3,0.0031824639881961048
tier_10k,1_1438042987127.36_20150728002307-00294-ip-10-236-191-2_390417830_16.csv,15000,657,False,True,1,0.0008748570107854903
tier_10k,0_1438042988458.74_20150728002308-00254-ip-10-236-191-2_909417374_257.csv,15000,335,False,True,1,0.0004727190244011581
tier_10k,0_1438042988061.16_20150728002308-00101-ip-10-236-191-2_653250037_0.csv,15000,972,False,True,3,0.002613666991237551
tier_10k,0_1438042988458.74_20150728002308-00046-ip-10-236-191-2_428007644_11.csv,15000,632,False,True,2,0.0012322829570621252
tier_10k,1_1438042987127.36_20150728002307-00290-ip-10-236-191-2_469307566_0.csv,15000,1099,False,True,2,0.0022865590290166438
tier_10k,1_1438042990112.50_20150728002310-00062-ip-10-236-191-2_896744244_9.csv,15000,333,False,True,1,0.000519497029017657
tier_10k,1_1438042990112.50_20150728002310-00225-ip-10-236-191-2_718036865_0.csv,15000,806,False,True,2,0.001573123037815094
tier_10k,0_1438042988061.16_20150728002308-00189-ip-10-236-191-2_414087396_10.csv,15000,657,False,True,2,0.0012495139962993562
tier_10k,0_1438042988061.16_20150728002308-00144-ip-10-236-191-2_279381280_30.csv,15000,944,False,True,3,0.0025707039749249816
tier_10k,1_1438042990112.50_20150728002310-00081-ip-10-236-191-2_890934925_129.csv,15000,334,False,True,1,0.00047166203148663044
tier_10k,0_1438042988061.16_20150728002308-00133-ip-10-236-191-2_59742533_2.csv,15000,646,False,True,1,0.0008850840386003256
tier_10k,1_1438042990112.50_20150728002310-00259-ip-10-236-191-2_889779227_121.csv,15000,375,False,True,1,0.0005333829903975129
tier_10k,0_1438042988458.74_20150728002308-00262-ip-10-236-191-2_380524338_2.csv,15000,957,False,True,3,0.002511071041226387
tier_10k,1_1438042987127.36_20150728002307-00027-ip-10-236-191-2_67802697_2.csv,15000,805,False,True,2,0.0016524689854122698
tier_10k,0_1438042988458.74_20150728002308-00175-ip-10-236-191-2_385639780_18.csv,15000,1087,False,True,1,0.0015224420349113643
tier_10k,0_1438042988458.74_20150728002308-00303-ip-10-236-191-2_56708567_9.csv,15000,1268,False,True,2,0.002608256007079035
tier_10k,0_1438042988458.74_20150728002308-00063-ip-10-236-191-2_657101208_1.csv,15000,491,False,True,1,0.0006952970288693905
tier_10k,1_1438042990112.50_20150728002310-00190-ip-10-236-191-2_436521753_9.csv,15000,794,False,True,4,0.0026195659884251654
tier_10k,1_1438042987127.36_20150728002307-00214-ip-10-236-191-2_225430488_0.csv,15000,1128,False,True,3,0.0030653869616799057
tier_10k,0_1438042988061.16_20150728002308-00047-ip-10-236-191-2_843664602_0.csv,15000,1073,False,True,2,0.002250077959615737
tier_10k,0_1438042988061.16_20150728002308-00181-ip-10-236-191-2_216538600_0.csv,15000,618,False,True,1,0.0008485940052196383
tier_10k,0_1438042988061.16_20150728002308-00002-ip-10-236-191-2_545269850_0.csv,15000,1150,False,True,3,0.0032174760126508772
tier_10k,0_1438042988061.16_20150728002308-00330-ip-10-236-191-2_795231590_4.csv,15000,1224,False,True,1,0.0017180300201289356
tier_10k,0_1438042988061.16_20150728002308-00235-ip-10-236-191-2_713850328_17.csv,15000,802,False,True,2,0.001543531019706279
tier_10k,0_1438042988458.74_20150728002308-00232-ip-10-236-191-2_795586035_3.csv,15000,331,False,True,1,0.00043706304859369993
tier_10k,0_1438042988458.74_20150728002308-00250-ip-10-236-191-2_501951825_0.csv,15000,1150,False,True,3,0.003193732991348952
tier_10k,1_1438042987127.36_20150728002307-00037-ip-10-236-191-2_318965632_0.csv,15000,489,False,True,2,0.0009394139633513987
tier_10k,0_1438042988061.16_20150728002308-00041-ip-10-236-191-2_37534908_6.csv,15000,1145,False,True,3,0.0031396590056829154
tier_10k,1_1438042987127.36_20150728002307-00269-ip-10-236-191-2_847834464_0.csv,15000,766,False,True,2,0.0014495470095425844
tier_10k,0_1438042988061.16_20150728002308-00199-ip-10-236-191-2_891430247_172.csv,15000,335,False,True,1,0.000477264984510839
tier_10k,1_1438042987127.36_20150728002307-00153-ip-10-236-191-2_490931395_0.csv,15000,1150,False,True,3,0.003342802985571325
tier_10k,0_1438042988458.74_20150728002308-00081-ip-10-236-191-2_476604823_0.csv,15000,1075,False,True,2,0.002224533003754914
tier_10k,0_1438042988458.74_20150728002308-00210-ip-10-236-191-2_79682215_3.csv,15000,576,False,True,1,0.0008163130260072649
tier_10k,1_1438042987127.36_20150728002307-00008-ip-10-236-191-2_633806649_3.csv,15000,934,False,True,3,0.0025483659701421857
tier_10k,0_1438042988061.16_20150728002308-00201-ip-10-236-191-2_319577306_4.csv,15000,997,False,True,1,0.001385995012242347
tier_10k,1_1438042990112.50_20150728002310-00310-ip-10-236-191-2_200224826_0.csv,15000,949,False,True,1,0.0012591979466378689
tier_10k,1_1438042987127.36_20150728002307-00102-ip-10-236-191-2_893578330_152.csv,15000,376,False,True,1,0.00052908796351403
tier_10k,1_1438042990112.50_20150728002310-00044-ip-10-236-191-2_261321661_61.csv,15000,418,False,True,2,0.0008778349729254842
tier_10k,1_1438042987127.36_20150728002307-00074-ip-10-236-191-2_137128786_0.csv,15000,1135,False,True,3,0.003149622993078083
tier_10k,1_1438042987127.36_20150728002307-00082-ip-10-236-191-2_795702564_10.csv,15000,569,False,True,3,0.0014629500219598413
tier_10k,1_1438042987127.36_20150728002307-00144-ip-10-236-191-2_676020729_0.csv,20000,374,False,True,2,0.0007098920177668333
tier_10k,0_1438042988061.16_20150728002308-00282-ip-10-236-191-2_894007386_3.csv,20000,376,False,True,1,0.0005291170091368258
tier_10k,0_1438042988458.74_20150728002308-00249-ip-10-236-191-2_328699461_4.csv,20000,1343,False,True,2,0.0028108690166845918
tier_10k,1_1438042987127.36_20150728002307-00114-ip-10-236-191-2_902351685_191.csv,20000,377,False,True,1,0.0005372299929149449
tier_10k,1_1438042987127.36_20150728002307-00182-ip-10-236-191-2_150862475_5.csv,20000,488,False,True,1,0.0006618130137212574
tier_10k,1_1438042987127.36_20150728002307-00000-ip-10-236-191-2_300770320_2.csv,20000,329,False,True,3,0.0007860249606892467
tier_10k,1_1438042987127.36_20150728002307-00080-ip-10-236-191-2_899463259_102.csv,20000,375,False,True,1,0.0005352090229280293
tier_10k,1_1438042990112.50_20150728002310-00154-ip-10-236-191-2_303864106_21.csv,20000,1003,False,True,4,0.0033510960056446493
tier_10k,0_1438042988458.74_20150728002308-00095-ip-10-236-191-2_520943855_0.csv,20000,833,False,True,2,0.0016473070136271417
tier_10k,1_1438042987127.36_20150728002307-00145-ip-10-236-191-2_499439925_0.csv,20000,1093,False,True,3,0.003020482021383941
tier_10k,1_1438042990112.50_20150728002310-00013-ip-10-236-191-2_321346784_4.csv,20000,1169,False,True,1,0.0016360299778170884
tier_10k,1_1438042987127.36_20150728002307-00033-ip-10-236-191-2_482136553_0.csv,20000,465,False,True,1,0.0006626480026170611
tier_10k,0_1438042988061.16_20150728002308-00109-ip-10-236-191-2_681611335_21.csv,20000,1405,False,True,2,0.002908280002884567
tier_10k,0_1438042988061.16_20150728002308-00244-ip-10-236-191-2_65898746_2.csv,20000,1365,False,True,2,0.0028463220223784447
tier_10k,0_1438042988061.16_20150728002308-00215-ip-10-236-191-2_362876303_35.csv,20000,637,False,True,2,0.0013014799915254116
tier_10k,1_1438042990112.50_20150728002310-00312-ip-10-236-191-2_3243890_59.csv,20000,899,False,True,2,0.0017639859579503536
tier_10k,1_1438042990112.50_20150728002310-00085-ip-10-236-191-2_403435483_3.csv,20000,469,False,True,1,0.0006632099975831807
tier_10k,0_1438042988061.16_20150728002308-00194-ip-10-236-191-2_846810834_13.csv,20000,873,False,True,3,0.0024014809750951827
tier_10k,1_1438042990112.50_20150728002310-00286-ip-10-236-191-2_318221297_4.csv,20000,1343,False,True,2,0.0028196829953230917
tier_10k,1_1438042987127.36_20150728002307-00290-ip-10-236-191-2_407999777_10.csv,20000,696,False,True,3,0.0017374739982187748
tier_10k,0_1438042988458.74_20150728002308-00166-ip-10-236-191-2_302386578_10.csv,20000,903,False,True,2,0.0018444790039211512
tier_10k,0_1438042988458.74_20150728002308-00253-ip-10-236-191-2_222600153_3.csv,20000,854,False,True,4,0.002801503986120224
tier_10k,1_1438042990112.50_20150728002310-00237-ip-10-236-191-2_880298254_15.csv,20000,375,False,True,1,0.0005362849915400147
tier_10k,0_1438042988061.16_20150728002308-00089-ip-10-236-191-2_807127666_2.csv,20000,846,False,True,2,0.001665067975409329
tier_10k,0_1438042988458.74_20150728002308-00060-ip-10-236-191-2_492355315_1.csv,20000,1365,False,True,2,0.002851481025572866
tier_10k,1_1438042990112.50_20150728002310-00296-ip-10-236-191-2_202658094_3.csv,20000,1026,False,True,2,0.0020394540042616427
tier_10k,1_1438042988061.16_20150728002308-00013-ip-10-236-191-2_636339982_0.csv,20000,1365,False,True,2,0.0028767120093107224
tier_10k,1_1438042987127.36_20150728002307-00294-ip-10-236-191-2_390417830_16.csv,20000,661,False,True,1,0.0009017959819175303
tier_10k,0_1438042988458.74_20150728002308-00254-ip-10-236-191-2_909417374_257.csv,20000,335,False,True,1,0.00047724100295454264
tier_10k,0_1438042988061.16_20150728002308-00101-ip-10-236-191-2_653250037_0.csv,20000,972,False,True,3,0.002593094017356634
tier_10k,0_1438042988458.74_20150728002308-00046-ip-10-236-191-2_428007644_11.csv,20000,632,False,True,2,0.0012528049992397428
tier_10k,1_1438042987127.36_20150728002307-00290-ip-10-236-191-2_469307566_0.csv,20000,1099,False,True,2,0.002292138000484556
tier_10k,1_1438042990112.50_20150728002310-00062-ip-10-236-191-2_896744244_9.csv,20000,335,False,True,1,0.0004907550173811615
tier_10k,1_1438042990112.50_20150728002310-00225-ip-10-236-191-2_718036865_0.csv,20000,910,False,True,2,0.0018191539566032588
tier_10k,0_1438042988061.16_20150728002308-00189-ip-10-236-191-2_414087396_10.csv,20000,860,False,True,2,0.0016803700127638876
tier_10k,0_1438042988061.16_20150728002308-00144-ip-10-236-191-2_279381280_30.csv,20000,944,False,True,3,0.002576821018010378
tier_10k,1_1438042990112.50_20150728002310-00081-ip-10-236-191-2_890934925_129.csv,20000,337,False,True,1,0.00048380298539996147
tier_10k,0_1438042988061.16_20150728002308-00133-ip-10-236-191-2_59742533_2.csv,20000,646,False,True,1,0.0008848740253597498
tier_10k,1_1438042990112.50_20150728002310-00259-ip-10-236-191-2_889779227_121.csv,20000,376,False,True,1,0.0005324450321495533
tier_10k,0_1438042988458.74_20150728002308-00262-ip-10-236-191-2_380524338_2.csv,20000,1121,False,True,2,0.0022389349760487676
tier_10k,1_1438042987127.36_20150728002307-00027-ip-10-236-191-2_67802697_2.csv,20000,899,False,True,2,0.0018565079662948847
tier_10k,0_1438042988458.74_20150728002308-00175-ip-10-236-191-2_385639780_18.csv,20000,1351,False,True,1,0.0018825900042429566
tier_10k,0_1438042988458.74_20150728002308-00303-ip-10-236-191-2_56708567_9.csv,20000,1512,False,True,2,0.003165484988130629
tier_10k,0_1438042988458.74_20150728002308-00063-ip-10-236-191-2_657101208_1.csv,20000,491,False,True,1,0.0007421990158036351
tier_10k,1_1438042990112.50_20150728002310-00190-ip-10-236-191-2_436521753_9.csv,20000,794,False,True,4,0.0026276970165781677
tier_10k,1_1438042987127.36_20150728002307-00214-ip-10-236-191-2_225430488_0.csv,20000,1395,False,True,3,0.0038134960341267288
tier_10k,0_1438042988061.16_20150728002308-00047-ip-10-236-191-2_843664602_0.csv,20000,1073,False,True,2,0.0022070080158300698
tier_10k,0_1438042988061.16_20150728002308-00181-ip-10-236-191-2_216538600_0.csv,20000,618,False,True,1,0.0008439549710601568
tier_10k,0_1438042988061.16_20150728002308-00002-ip-10-236-191-2_545269850_0.csv,20000,1365,False,True,2,0.0028946350212208927
tier_10k,0_1438042988061.16_20150728002308-00330-ip-10-236-191-2_795231590_4.csv,20000,1270,False,True,1,0.0017797619802877307
tier_10k,0_1438042988061.16_20150728002308-00235-ip-10-236-191-2_713850328_17.csv,20000,1051,False,True,2,0.0020740280160680413
tier_10k,0_1438042988458.74_20150728002308-00232-ip-10-236-191-2_795586035_3.csv,20000,331,False,True,1,0.00042515998939052224
tier_10k,0_1438042988458.74_20150728002308-00250-ip-10-236-191-2_501951825_0.csv,20000,1365,False,True,2,0.002882892033085227
tier_10k,1_1438042987127.36_20150728002307-00037-ip-10-236-191-2_318965632_0.csv,20000,489,False,True,2,0.0009379950352013111
tier_10k,0_1438042988061.16_20150728002308-00041-ip-10-236-191-2_37534908_6.csv,20000,1389,False,True,3,0.0038034780300222337
tier_10k,1_1438042987127.36_20150728002307-00269-ip-10-236-191-2_847834464_0.csv,20000,766,False,True,2,0.001444619963876903
tier_10k,0_1438042988061.16_20150728002308-00199-ip-10-236-191-2_891430247_172.csv,20000,335,False,True,1,0.0004911519936285913
tier_10k,1_1438042987127.36_20150728002307-00153-ip-10-236-191-2_490931395_0.csv,20000,1365,False,True,2,0.0028681590338237584
tier_10k,0_1438042988458.74_20150728002308-00081-ip-10-236-191-2_476604823_0.csv,20000,1075,False,True,2,0.0022199839586392045
tier_10k,0_1438042988458.74_20150728002308-00210-ip-10-236-191-2_79682215_3.csv,20000,576,False,True,1,0.0008167449850589037
tier_10k,1_1438042987127.36_20150728002307-00008-ip-10-236-191-2_633806649_3.csv,20000,934,False,True,3,0.002544302958995104
tier_10k,0_1438042988061.16_20150728002308-00201-ip-10-236-191-2_319577306_4.csv,20000,1218,False,True,2,0.0025246150325983763
tier_10k,1_1438042990112.50_20150728002310-00310-ip-10-236-191-2_200224826_0.csv,20000,1059,False,True,2,0.0021231829887256026
tier_10k,1_1438042987127.36_20150728002307-00102-ip-10-236-191-2_893578330_152.csv,20000,378,False,True,1,0.0005357119953259826
tier_10k,1_1438042990112.50_20150728002310-00044-ip-10-236-191-2_261321661_61.csv,20000,418,False,True,2,0.0008501679985783994
tier_10k,1_1438042987127.36_20150728002307-00074-ip-10-236-191-2_137128786_0.csv,20000,1135,False,True,3,0.003127821022644639
tier_10k,1_1438042987127.36_20150728002307-00082-ip-10-236-191-2_795702564_10.csv,20000,630,False,True,3,0.0016600769595243037
tier_10k,1_1438042987127.36_20150728002307-00144-ip-10-236-191-2_676020729_0.csv,25000,374,False,True,2,0.0007036940078251064
tier_10k,0_1438042988061.16_20150728002308-00282-ip-10-236-191-2_894007386_3.csv,25000,376,False,True,1,0.0005358280031941831
tier_10k,0_1438042988458.74_20150728002308-00249-ip-10-236-191-2_328699461_4.csv,25000,1447,False,True,2,0.0030591929680667818
tier_10k,1_1438042987127.36_20150728002307-00114-ip-10-236-191-2_902351685_191.csv,25000,377,False,True,1,0.0005504299770109355
tier_10k,1_1438042987127.36_20150728002307-00182-ip-10-236-191-2_150862475_5.csv,25000,488,False,True,1,0.0006511989631690085
tier_10k,1_1438042987127.36_20150728002307-00000-ip-10-236-191-2_300770320_2.csv,25000,329,False,True,3,0.0007901290082372725
tier_10k,1_1438042987127.36_20150728002307-00080-ip-10-236-191-2_899463259_102.csv,25000,375,False,True,1,0.000530324992723763
tier_10k,1_1438042990112.50_20150728002310-00154-ip-10-236-191-2_303864106_21.csv,25000,1003,False,True,4,0.003347395977471024
tier_10k,0_1438042988458.74_20150728002308-00095-ip-10-236-191-2_520943855_0.csv,25000,833,False,True,2,0.0016397620202042162
tier_10k,1_1438042987127.36_20150728002307-00145-ip-10-236-191-2_499439925_0.csv,25000,1093,False,True,3,0.002982138015795499
tier_10k,1_1438042990112.50_20150728002310-00013-ip-10-236-191-2_321346784_4.csv,25000,1169,False,True,1,0.001659808971453458
tier_10k,1_1438042987127.36_20150728002307-00033-ip-10-236-191-2_482136553_0.csv,25000,465,False,True,1,0.0006717399810440838
tier_10k,0_1438042988061.16_20150728002308-00109-ip-10-236-191-2_681611335_21.csv,25000,1419,False,True,2,0.0029290810343809426
tier_10k,0_1438042988061.16_20150728002308-00244-ip-10-236-191-2_65898746_2.csv,25000,1365,False,True,2,0.002867158968001604
tier_10k,0_1438042988061.16_20150728002308-00215-ip-10-236-191-2_362876303_35.csv,25000,637,False,True,2,0.0012737200013361871
tier_10k,1_1438042990112.50_20150728002310-00312-ip-10-236-191-2_3243890_59.csv,25000,899,False,True,2,0.0017749079852364957
tier_10k,1_1438042990112.50_20150728002310-00085-ip-10-236-191-2_403435483_3.csv,25000,469,False,True,1,0.0006646650144830346
tier_10k,0_1438042988061.16_20150728002308-00194-ip-10-236-191-2_846810834_13.csv,25000,873,False,True,3,0.0024063579621724784
tier_10k,1_1438042990112.50_20150728002310-00286-ip-10-236-191-2_318221297_4.csv,25000,1442,False,True,2,0.003035419969819486
tier_10k,1_1438042987127.36_20150728002307-00290-ip-10-236-191-2_407999777_10.csv,25000,696,False,True,3,0.0017521959962323308
tier_10k,0_1438042988458.74_20150728002308-00166-ip-10-236-191-2_302386578_10.csv,25000,903,False,True,2,0.0018486519693396986
tier_10k,0_1438042988458.74_20150728002308-00253-ip-10-236-191-2_222600153_3.csv,25000,854,False,True,4,0.0028315919917076826
tier_10k,1_1438042990112.50_20150728002310-00237-ip-10-236-191-2_880298254_15.csv,25000,375,False,True,1,0.0005295669543556869
tier_10k,0_1438042988061.16_20150728002308-00089-ip-10-236-191-2_807127666_2.csv,25000,846,False,True,2,0.0016706149908713996
tier_10k,0_1438042988458.74_20150728002308-00060-ip-10-236-191-2_492355315_1.csv,25000,1365,False,True,2,0.002880526997614652
tier_10k,1_1438042990112.50_20150728002310-00296-ip-10-236-191-2_202658094_3.csv,25000,1247,False,True,2,0.0025175780174322426
tier_10k,1_1438042988061.16_20150728002308-00013-ip-10-236-191-2_636339982_0.csv,25000,1365,False,True,2,0.002873917983379215
tier_10k,1_1438042987127.36_20150728002307-00294-ip-10-236-191-2_390417830_16.csv,25000,661,False,True,1,0.0008843480027280748
tier_10k,0_1438042988458.74_20150728002308-00254-ip-10-236-191-2_909417374_257.csv,25000,335,False,True,1,0.00047364196507260203
tier_10k,0_1438042988061.16_20150728002308-00101-ip-10-236-191-2_653250037_0.csv,25000,972,False,True,3,0.002626885019708425
tier_10k,0_1438042988458.74_20150728002308-00046-ip-10-236-191-2_428007644_11.csv,25000,632,False,True,2,0.0012594150030054152
tier_10k,1_1438042987127.36_20150728002307-00290-ip-10-236-191-2_469307566_0.csv,25000,1099,False,True,2,0.0023041500244289637
tier_10k,1_1438042990112.50_20150728002310-00062-ip-10-236-191-2_896744244_9.csv,25000,335,False,True,1,0.00048114702804014087
tier_10k,1_1438042990112.50_20150728002310-00225-ip-10-236-191-2_718036865_0.csv,25000,910,False,True,2,0.001801531994715333
tier_10k,0_1438042988061.16_20150728002308-00189-ip-10-236-191-2_414087396_10.csv,25000,963,False,True,2,0.0018751370371319354
tier_10k,0_1438042988061.16_20150728002308-00144-ip-10-236-191-2_279381280_30.csv,25000,944,False,True,3,0.002587309980299324
tier_10k,1_1438042990112.50_20150728002310-00081-ip-10-236-191-2_890934925_129.csv,25000,337,False,True,1,0.0004789259983226657
tier_10k,0_1438042988061.16_20150728002308-00133-ip-10-236-191-2_59742533_2.csv,25000,646,False,True,1,0.0008822989766485989
tier_10k,1_1438042990112.50_20150728002310-00259-ip-10-236-191-2_889779227_121.csv,25000,376,False,True,1,0.0005431149620562792
tier_10k,0_1438042988458.74_20150728002308-00262-ip-10-236-191-2_380524338_2.csv,25000,1326,False,True,2,0.002736522990744561
tier_10k,1_1438042987127.36_20150728002307-00027-ip-10-236-191-2_67802697_2.csv,25000,899,False,True,2,0.0018478040001355112
tier_10k,0_1438042988458.74_20150728002308-00175-ip-10-236-191-2_385639780_18.csv,25000,1557,False,True,1,0.0022056230227462947
tier_10k,0_1438042988458.74_20150728002308-00303-ip-10-236-191-2_56708567_9.csv,25000,1674,False,True,2,0.0035385049995966256
tier_10k,0_1438042988458.74_20150728002308-00063-ip-10-236-191-2_657101208_1.csv,25000,491,False,True,1,0.0007035409798845649
tier_10k,1_1438042990112.50_20150728002310-00190-ip-10-236-191-2_436521753_9.csv,25000,794,False,True,4,0.0025914200232364237
tier_10k,1_1438042987127.36_20150728002307-00214-ip-10-236-191-2_225430488_0.csv,25000,1396,False,True,3,0.003841414989437908
tier_10k,0_1438042988061.16_20150728002308-00047-ip-10-236-191-2_843664602_0.csv,25000,1073,False,True,2,0.0022128699929453433
tier_10k,0_1438042988061.16_20150728002308-00181-ip-10-236-191-2_216538600_0.csv,25000,618,False,True,1,0.0008587369811721146
tier_10k,0_1438042988061.16_20150728002308-00002-ip-10-236-191-2_545269850_0.csv,25000,1365,False,True,2,0.002861282031517476
tier_10k,0_1438042988061.16_20150728002308-00330-ip-10-236-191-2_795231590_4.csv,25000,1270,False,True,1,0.0017847190028987825
tier_10k,0_1438042988061.16_20150728002308-00235-ip-10-236-191-2_713850328_17.csv,25000,1262,False,True,2,0.0025550270220264792
tier_10k,0_1438042988458.74_20150728002308-00232-ip-10-236-191-2_795586035_3.csv,25000,331,False,True,1,0.0004511119914241135
tier_10k,0_1438042988458.74_20150728002308-00250-ip-10-236-191-2_501951825_0.csv,25000,1365,False,True,2,0.0028811499942094088
tier_10k,1_1438042987127.36_20150728002307-00037-ip-10-236-191-2_318965632_0.csv,25000,489,False,True,2,0.0009143089991994202
tier_10k,0_1438042988061.16_20150728002308-00041-ip-10-236-191-2_37534908_6.csv,25000,1389,False,True,3,0.003822653030510992
tier_10k,1_1438042987127.36_20150728002307-00269-ip-10-236-191-2_847834464_0.csv,25000,766,False,True,2,0.001444699999410659
tier_10k,0_1438042988061.16_20150728002308-00199-ip-10-236-191-2_891430247_172.csv,25000,335,False,True,1,0.00048311299178749323
tier_10k,1_1438042987127.36_20150728002307-00153-ip-10-236-191-2_490931395_0.csv,25000,1365,False,True,2,0.0028746139723807573
tier_10k,0_1438042988458.74_20150728002308-00081-ip-10-236-191-2_476604823_0.csv,25000,1075,False,True,2,0.002223591029178351
tier_10k,0_1438042988458.74_20150728002308-00210-ip-10-236-191-2_79682215_3.csv,25000,576,False,True,1,0.000821441994048655
tier_10k,1_1438042987127.36_20150728002307-00008-ip-10-236-191-2_633806649_3.csv,25000,934,False,True,3,0.0025352429947815835
tier_10k,0_1438042988061.16_20150728002308-00201-ip-10-236-191-2_319577306_4.csv,25000,1481,False,True,2,0.0031950270058587193
tier_10k,1_1438042990112.50_20150728002310-00310-ip-10-236-191-2_200224826_0.csv,25000,1060,False,True,2,0.002121710975188762
tier_10k,1_1438042987127.36_20150728002307-00102-ip-10-236-191-2_893578330_152.csv,25000,378,False,True,1,0.0005467199953272939
tier_10k,1_1438042990112.50_20150728002310-00044-ip-10-236-191-2_261321661_61.csv,25000,418,False,True,2,0.0008520419942215085
tier_10k,1_1438042987127.36_20150728002307-00074-ip-10-236-191-2_137128786_0.csv,25000,1135,False,True,3,0.003129862016066909
tier_10k,1_1438042987127.36_20150728002307-00082-ip-10-236-191-2_795702564_10.csv,25000,630,False,True,3,0.001625586999580264
tier_10k,1_1438042987127.36_20150728002307-00144-ip-10-236-191-2_676020729_0.csv,30000,374,False,True,2,0.0007021090132184327
tier_10k,0_1438042988061.16_20150728002308-00282-ip-10-236-191-2_894007386_3.csv,30000,376,False,True,1,0.0005272639682516456
tier_10k,0_1438042988458.74_20150728002308-00249-ip-10-236-191-2_328699461_4.csv,30000,1447,False,True,2,0.003036222013179213
tier_10k,1_1438042987127.36_20150728002307-00114-ip-10-236-191-2_902351685_191.csv,30000,377,False,True,1,0.0005267510423436761
tier_10k,1_1438042987127.36_20150728002307-00182-ip-10-236-191-2_150862475_5.csv,30000,488,False,True,1,0.000639472040347755
tier_10k,1_1438042987127.36_20150728002307-00000-ip-10-236-191-2_300770320_2.csv,30000,329,False,True,3,0.0007883749785833061
tier_10k,1_1438042987127.36_20150728002307-00080-ip-10-236-191-2_899463259_102.csv,30000,375,False,True,1,0.0005296710296534002
tier_10k,1_1438042990112.50_20150728002310-00154-ip-10-236-191-2_303864106_21.csv,30000,1003,False,True,4,0.00335621100384742
tier_10k,0_1438042988458.74_20150728002308-00095-ip-10-236-191-2_520943855_0.csv,30000,833,False,True,2,0.0016305719618685544
tier_10k,1_1438042987127.36_20150728002307-00145-ip-10-236-191-2_499439925_0.csv,30000,1093,False,True,3,0.0030227660317905247
tier_10k,1_1438042990112.50_20150728002310-00013-ip-10-236-191-2_321346784_4.csv,30000,1169,False,True,1,0.001635893015190959
tier_10k,1_1438042987127.36_20150728002307-00033-ip-10-236-191-2_482136553_0.csv,30000,465,False,True,1,0.0006643459782935679
tier_10k,0_1438042988061.16_20150728002308-00109-ip-10-236-191-2_681611335_21.csv,30000,1419,False,True,2,0.0029297469882294536
tier_10k,0_1438042988061.16_20150728002308-00244-ip-10-236-191-2_65898746_2.csv,30000,1365,False,True,2,0.0028659929521381855
tier_10k,0_1438042988061.16_20150728002308-00215-ip-10-236-191-2_362876303_35.csv,30000,637,False,True,2,0.0012532660039141774
tier_10k,1_1438042990112.50_20150728002310-00312-ip-10-236-191-2_3243890_59.csv,30000,899,False,True,2,0.0017657650168985128
tier_10k,1_1438042990112.50_20150728002310-00085-ip-10-236-191-2_403435483_3.csv,30000,469,False,True,1,0.0006461379816755652
tier_10k,0_1438042988061.16_20150728002308-00194-ip-10-236-191-2_846810834_13.csv,30000,873,False,True,3,0.002420386008452624
tier_10k,1_1438042990112.50_20150728002310-00286-ip-10-236-191-2_318221297_4.csv,30000,1442,False,True,2,0.0030560920131392777
tier_10k,1_1438042987127.36_20150728002307-00290-ip-10-236-191-2_407999777_10.csv,30000,696,False,True,3,0.0017649970250204206
tier_10k,0_1438042988458.74_20150728002308-00166-ip-10-236-191-2_302386578_10.csv,30000,903,False,True,2,0.0018255040049552917
tier_10k,0_1438042988458.74_20150728002308-00253-ip-10-236-191-2_222600153_3.csv,30000,854,False,True,4,0.0028123080264776945
tier_10k,1_1438042990112.50_20150728002310-00237-ip-10-236-191-2_880298254_15.csv,30000,375,False,True,1,0.0005418460350483656
tier_10k,0_1438042988061.16_20150728002308-00089-ip-10-236-191-2_807127666_2.csv,30000,846,False,True,2,0.001679173030424863
tier_10k,0_1438042988458.74_20150728002308-00060-ip-10-236-191-2_492355315_1.csv,30000,1365,False,True,2,0.0028541400097310543
tier_10k,1_1438042990112.50_20150728002310-00296-ip-10-236-191-2_202658094_3.csv,30000,1247,False,True,2,0.0025036449660547078
tier_10k,1_1438042988061.16_20150728002308-00013-ip-10-236-191-2_636339982_0.csv,30000,1365,False,True,2,0.002861746004782617
tier_10k,1_1438042987127.36_20150728002307-00294-ip-10-236-191-2_390417830_16.csv,30000,661,False,True,1,0.0008930300245992839
tier_10k,0_1438042988458.74_20150728002308-00254-ip-10-236-191-2_909417374_257.csv,30000,335,False,True,1,0.0004735120455734432
tier_10k,0_1438042988061.16_20150728002308-00101-ip-10-236-191-2_653250037_0.csv,30000,972,False,True,3,0.002599898958578706
tier_10k,0_1438042988458.74_20150728002308-00046-ip-10-236-191-2_428007644_11.csv,30000,632,False,True,2,0.0012413059594109654
tier_10k,1_1438042987127.36_20150728002307-00290-ip-10-236-191-2_469307566_0.csv,30000,1099,False,True,2,0.0022867320221848786
tier_10k,1_1438042990112.50_20150728002310-00062-ip-10-236-191-2_896744244_9.csv,30000,335,False,True,1,0.0004917000187560916
tier_10k,1_1438042990112.50_20150728002310-00225-ip-10-236-191-2_718036865_0.csv,30000,910,False,True,2,0.0017913280171342194
tier_10k,0_1438042988061.16_20150728002308-00189-ip-10-236-191-2_414087396_10.csv,30000,963,False,True,2,0.0018925939803011715
tier_10k,0_1438042988061.16_20150728002308-00144-ip-10-236-191-2_279381280_30.csv,30000,944,False,True,3,0.0025777959963306785
tier_10k,1_1438042990112.50_20150728002310-00081-ip-10-236-191-2_890934925_129.csv,30000,337,False,True,1,0.00048550800420343876
tier_10k,0_1438042988061.16_20150728002308-00133-ip-10-236-191-2_59742533_2.csv,30000,646,False,True,1,0.0008656480349600315
tier_10k,1_1438042990112.50_20150728002310-00259-ip-10-236-191-2_889779227_121.csv,30000,376,False,True,1,0.0005461499677039683
tier_10k,0_1438042988458.74_20150728002308-00262-ip-10-236-191-2_380524338_2.csv,30000,1326,False,True,2,0.0027254369924776256
tier_10k,1_1438042987127.36_20150728002307-00027-ip-10-236-191-2_67802697_2.csv,30000,899,False,True,2,0.0018564980127848685
tier_10k,0_1438042988458.74_20150728002308-00175-ip-10-236-191-2_385639780_18.csv,30000,1636,False,True,1,0.002296863996889442
tier_10k,0_1438042988458.74_20150728002308-00303-ip-10-236-191-2_56708567_9.csv,30000,1774,False,True,2,0.0037557550240308046
tier_10k,0_1438042988458.74_20150728002308-00063-ip-10-236-191-2_657101208_1.csv,30000,491,False,True,1,0.0007085229735821486
tier_10k,1_1438042990112.50_20150728002310-00190-ip-10-236-191-2_436521753_9.csv,30000,794,False,True,4,0.0025904549984261394
tier_10k,1_1438042987127.36_20150728002307-00214-ip-10-236-191-2_225430488_0.csv,30000,1396,False,True,3,0.0038388940156437457
tier_10k,0_1438042988061.16_20150728002308-00047-ip-10-236-191-2_843664602_0.csv,30000,1073,False,True,2,0.0022001609904691577
tier_10k,0_1438042988061.16_20150728002308-00181-ip-10-236-191-2_216538600_0.csv,30000,618,False,True,1,0.0008600470027886331
tier_10k,0_1438042988061.16_20150728002308-00002-ip-10-236-191-2_545269850_0.csv,30000,1365,False,True,2,0.002873660996556282
tier_10k,0_1438042988061.16_20150728002308-00330-ip-10-236-191-2_795231590_4.csv,30000,1270,False,True,1,0.0017628290224820375
tier_10k,0_1438042988061.16_20150728002308-00235-ip-10-236-191-2_713850328_17.csv,30000,1291,False,True,2,0.0026254309923388064
tier_10k,0_1438042988458.74_20150728002308-00232-ip-10-236-191-2_795586035_3.csv,30000,331,False,True,1,0.0004288379568606615
tier_10k,0_1438042988458.74_20150728002308-00250-ip-10-236-191-2_501951825_0.csv,30000,1365,False,True,2,0.0028593320166692138
tier_10k,1_1438042987127.36_20150728002307-00037-ip-10-236-191-2_318965632_0.csv,30000,489,False,True,2,0.0009085470228455961
tier_10k,0_1438042988061.16_20150728002308-00041-ip-10-236-191-2_37534908_6.csv,30000,1389,False,True,3,0.0037970420089550316
tier_10k,1_1438042987127.36_20150728002307-00269-ip-10-236-191-2_847834464_0.csv,30000,766,False,True,2,0.0014463330153375864
tier_10k,0_1438042988061.16_20150728002308-00199-ip-10-236-191-2_891430247_172.csv,30000,335,False,True,1,0.0004810849786736071
tier_10k,1_1438042987127.36_20150728002307-00153-ip-10-236-191-2_490931395_0.csv,30000,1365,False,True,2,0.0028747819596901536
tier_10k,0_1438042988458.74_20150728002308-00081-ip-10-236-191-2_476604823_0.csv,30000,1075,False,True,2,0.0022082130308263004
tier_10k,0_1438042988458.74_20150728002308-00210-ip-10-236-191-2_79682215_3.csv,30000,576,False,True,1,0.0008006939897313714
tier_10k,1_1438042987127.36_20150728002307-00008-ip-10-236-191-2_633806649_3.csv,30000,934,False,True,3,0.002539624983910471
tier_10k,0_1438042988061.16_20150728002308-00201-ip-10-236-191-2_319577306_4.csv,30000,1582,False,True,2,0.0033621289767324924
tier_10k,1_1438042990112.50_20150728002310-00310-ip-10-236-191-2_200224826_0.csv,30000,1060,False,True,2,0.0020915509667247534
tier_10k,1_1438042987127.36_20150728002307-00102-ip-10-236-191-2_893578330_152.csv,30000,378,False,True,1,0.0005367120029404759
tier_10k,1_1438042990112.50_20150728002310-00044-ip-10-236-191-2_261321661_61.csv,30000,418,False,True,2,0.0008248279918916523
tier_10k,1_1438042987127.36_20150728002307-00074-ip-10-236-191-2_137128786_0.csv,30000,1135,False,True,3,0.0031372479861602187
tier_10k,1_1438042987127.36_20150728002307-00082-ip-10-236-191-2_795702564_10.csv,30000,630,False,True,3,0.0016461579944007099
tier_100k,1_1438042987127.36_20150728002307-00144-ip-10-236-191-2_676020729_0.csv,5000,366,False,True,3,0.0009285880369134247
tier_100k,0_1438042988061.16_20150728002308-00282-ip-10-236-191-2_894007386_3.csv,5000,2415,False,True,1,0.0040491060353815556
tier_100k,0_1438042988458.74_20150728002308-00249-ip-10-236-191-2_328699461_4.csv,5000,923,False,True,2,0.0019571069860830903
tier_100k,1_1438042987127.36_20150728002307-00114-ip-10-236-191-2_902351685_191.csv,5000,2504,False,True,1,0.004268198972567916
tier_100k,1_1438042987127.36_20150728002307-00182-ip-10-236-191-2_150862475_5.csv,5000,369,False,True,1,0.0005175020196475089
tier_100k,1_1438042987127.36_20150728002307-00000-ip-10-236-191-2_300770320_2.csv,5000,588,False,True,3,0.0015035219839774072
tier_100k,1_1438042987127.36_20150728002307-00080-ip-10-236-191-2_899463259_102.csv,5000,2517,False,True,1,0.004319594998378307
tier_100k,1_1438042990112.50_20150728002310-00154-ip-10-236-191-2_303864106_21.csv,5000,324,False,True,2,0.0005934219807386398
tier_100k,0_1438042988458.74_20150728002308-00095-ip-10-236-191-2_520943855_0.csv,5000,348,False,True,3,0.000837769010104239
tier_100k,1_1438042987127.36_20150728002307-00145-ip-10-236-191-2_499439925_0.csv,5000,655,False,True,2,0.001331367006059736
tier_100k,1_1438042990112.50_20150728002310-00013-ip-10-236-191-2_321346784_4.csv,5000,981,False,True,2,0.002113984024617821
tier_100k,1_1438042987127.36_20150728002307-00033-ip-10-236-191-2_482136553_0.csv,5000,216,False,True,2,0.00043995195301249623
tier_100k,0_1438042988061.16_20150728002308-00109-ip-10-236-191-2_681611335_21.csv,5000,435,False,True,3,0.001079896988812834
tier_100k,0_1438042988061.16_20150728002308-00244-ip-10-236-191-2_65898746_2.csv,5000,419,False,True,1,0.0005799179780296981
tier_100k,0_1438042988061.16_20150728002308-00215-ip-10-236-191-2_362876303_35.csv,5000,640,False,True,2,0.0014589629718102515
tier_100k,1_1438042990112.50_20150728002310-00312-ip-10-236-191-2_3243890_59.csv,5000,280,False,True,2,0.00053140998352319
tier_100k,1_1438042990112.50_20150728002310-00085-ip-10-236-191-2_403435483_3.csv,5000,407,False,True,1,0.0005742430221289396
tier_100k,0_1438042988061.16_20150728002308-00194-ip-10-236-191-2_846810834_13.csv,5000,247,False,True,2,0.00045524101005867124
tier_100k,1_1438042990112.50_20150728002310-00286-ip-10-236-191-2_318221297_4.csv,5000,956,False,True,2,0.002056177007034421
tier_100k,1_1438042987127.36_20150728002307-00290-ip-10-236-191-2_407999777_10.csv,5000,317,False,True,2,0.0005452820332720876
tier_100k,0_1438042988458.74_20150728002308-00166-ip-10-236-191-2_302386578_10.csv,5000,435,False,True,2,0.0007806139765307307
tier_100k,0_1438042988458.74_20150728002308-00253-ip-10-236-191-2_222600153_3.csv,5000,309,False,True,1,0.0003920929739251733
tier_100k,1_1438042990112.50_20150728002310-00237-ip-10-236-191-2_880298254_15.csv,5000,2487,False,True,1,0.004280455003026873
tier_100k,0_1438042988061.16_20150728002308-00089-ip-10-236-191-2_807127666_2.csv,5000,705,False,True,3,0.00610752496868372
tier_100k,0_1438042988458.74_20150728002308-00060-ip-10-236-191-2_492355315_1.csv,5000,419,False,True,1,0.0005821679951623082
tier_100k,1_1438042990112.50_20150728002310-00296-ip-10-236-191-2_202658094_3.csv,5000,483,False,True,2,0.0009328559972345829
tier_100k,1_1438042988061.16_20150728002308-00013-ip-10-236-191-2_636339982_0.csv,5000,419,False,True,1,0.0005843990365974605
tier_100k,1_1438042987127.36_20150728002307-00294-ip-10-236-191-2_390417830_16.csv,5000,667,False,True,1,0.0009829130140133202
tier_100k,0_1438042988458.74_20150728002308-00254-ip-10-236-191-2_909417374_257.csv,5000,2461,False,True,1,0.004270370001904666
tier_100k,0_1438042988061.16_20150728002308-00101-ip-10-236-191-2_653250037_0.csv,5000,279,False,True,3,0.0006514490232802927
tier_100k,0_1438042988458.74_20150728002308-00046-ip-10-236-191-2_428007644_11.csv,5000,727,False,True,1,0.0011400830117054284
tier_100k,1_1438042987127.36_20150728002307-00290-ip-10-236-191-2_469307566_0.csv,5000,582,False,True,1,0.0008848840370774269
tier_100k,1_1438042990112.50_20150728002310-00062-ip-10-236-191-2_896744244_9.csv,5000,2456,False,True,1,0.004191239015199244
tier_100k,1_1438042990112.50_20150728002310-00225-ip-10-236-191-2_718036865_0.csv,5000,554,False,True,3,0.001451087009627372
tier_100k,0_1438042988061.16_20150728002308-00189-ip-10-236-191-2_414087396_10.csv,5000,316,False,True,2,0.0005487569724209607
tier_100k,0_1438042988061.16_20150728002308-00144-ip-10-236-191-2_279381280_30.csv,5000,707,False,True,3,0.002149274048861116
tier_100k,1_1438042990112.50_20150728002310-00081-ip-10-236-191-2_890934925_129.csv,5000,2132,False,True,1,0.0035267480416223407
tier_100k,0_1438042988061.16_20150728002308-00133-ip-10-236-191-2_59742533_2.csv,5000,374,False,True,1,0.0005346119869500399
tier_100k,1_1438042990112.50_20150728002310-00259-ip-10-236-191-2_889779227_121.csv,5000,2423,False,True,1,0.004092612012755126
tier_100k,0_1438042988458.74_20150728002308-00262-ip-10-236-191-2_380524338_2.csv,5000,745,False,True,2,0.0014655079576186836
tier_100k,1_1438042987127.36_20150728002307-00027-ip-10-236-191-2_67802697_2.csv,5000,1123,False,True,1,0.0017050780006684363
tier_100k,0_1438042988458.74_20150728002308-00175-ip-10-236-191-2_385639780_18.csv,5000,585,False,True,2,0.0011853810283355415
tier_100k,0_1438042988458.74_20150728002308-00303-ip-10-236-191-2_56708567_9.csv,5000,745,False,True,2,0.0015441369614563882
tier_100k,0_1438042988458.74_20150728002308-00063-ip-10-236-191-2_657101208_1.csv,5000,718,False,True,1,0.0011204609763808548
tier_100k,1_1438042990112.50_20150728002310-00190-ip-10-236-191-2_436521753_9.csv,5000,304,False,True,3,0.0006886160117574036
tier_100k,1_1438042987127.36_20150728002307-00214-ip-10-236-191-2_225430488_0.csv,5000,442,False,True,3,0.0011425790144130588
tier_100k,0_1438042988061.16_20150728002308-00047-ip-10-236-191-2_843664602_0.csv,5000,288,False,True,2,0.0005205019842833281
tier_100k,0_1438042988061.16_20150728002308-00181-ip-10-236-191-2_216538600_0.csv,5000,927,False,True,1,0.001357533037662506
tier_100k,0_1438042988061.16_20150728002308-00002-ip-10-236-191-2_545269850_0.csv,5000,419,False,True,1,0.0005841999663971364
tier_100k,0_1438042988061.16_20150728002308-00330-ip-10-236-191-2_795231590_4.csv,5000,555,False,True,1,0.0007250469643622637
tier_100k,0_1438042988061.16_20150728002308-00235-ip-10-236-191-2_713850328_17.csv,5000,384,False,True,2,0.0006997919990681112
tier_100k,0_1438042988458.74_20150728002308-00232-ip-10-236-191-2_795586035_3.csv,5000,372,False,True,1,0.00047300703590735793
tier_100k,0_1438042988458.74_20150728002308-00250-ip-10-236-191-2_501951825_0.csv,5000,419,False,True,1,0.0005786629626527429
tier_100k,1_1438042987127.36_20150728002307-00037-ip-10-236-191-2_318965632_0.csv,5000,320,False,True,2,0.0006431419751606882
tier_100k,0_1438042988061.16_20150728002308-00041-ip-10-236-191-2_37534908_6.csv,5000,413,False,True,2,0.000711353961378336
tier_100k,1_1438042987127.36_20150728002307-00269-ip-10-236-191-2_847834464_0.csv,5000,482,False,True,3,0.0011900670360773802
tier_100k,0_1438042988061.16_20150728002308-00199-ip-10-236-191-2_891430247_172.csv,5000,2452,False,True,1,0.004174527013674378
tier_100k,1_1438042987127.36_20150728002307-00153-ip-10-236-191-2_490931395_0.csv,5000,419,False,True,1,0.000610773975495249
tier_100k,0_1438042988458.74_20150728002308-00081-ip-10-236-191-2_476604823_0.csv,5000,582,False,True,1,0.0008785789832472801
tier_100k,0_1438042988458.74_20150728002308-00210-ip-10-236-191-2_79682215_3.csv,5000,467,False,True,1,0.0006696739583276212
tier_100k,1_1438042987127.36_20150728002307-00008-ip-10-236-191-2_633806649_3.csv,5000,366,False,True,3,0.0009308229782618582
tier_100k,0_1438042988061.16_20150728002308-00201-ip-10-236-191-2_319577306_4.csv,5000,930,False,True,2,0.0019665620056912303
tier_100k,1_1438042990112.50_20150728002310-00310-ip-10-236-191-2_200224826_0.csv,5000,518,False,True,3,0.0012920559966005385
tier_100k,1_1438042987127.36_20150728002307-00102-ip-10-236-191-2_893578330_152.csv,5000,2458,False,True,1,0.004172728979028761
tier_100k,1_1438042990112.50_20150728002310-00044-ip-10-236-191-2_261321661_61.csv,5000,709,False,True,2,0.0016513830050826073
tier_100k,1_1438042987127.36_20150728002307-00074-ip-10-236-191-2_137128786_0.csv,5000,520,False,True,2,0.0010198230156674981
tier_100k,1_1438042987127.36_20150728002307-00082-ip-10-236-191-2_795702564_10.csv,5000,660,False,True,2,0.0014963570283725858
tier_100k,1_1438042987127.36_20150728002307-00144-ip-10-236-191-2_676020729_0.csv,10000,616,False,True,2,0.0012092129909433424
tier_100k,0_1438042988061.16_20150728002308-00282-ip-10-236-191-2_894007386_3.csv,10000,3724,False,True,1,0.006938813021406531
tier_100k,0_1438042988458.74_20150728002308-00249-ip-10-236-191-2_328699461_4.csv,10000,1085,False,True,3,0.0030913359951227903
tier_100k,1_1438042987127.36_20150728002307-00114-ip-10-236-191-2_902351685_191.csv,10000,3698,False,True,1,0.006920666026417166
tier_100k,1_1438042987127.36_20150728002307-00182-ip-10-236-191-2_150862475_5.csv,10000,764,False,True,1,0.0010660939733497798
tier_100k,1_1438042987127.36_20150728002307-00000-ip-10-236-191-2_300770320_2.csv,10000,1175,False,True,3,0.003307177044916898
tier_100k,1_1438042987127.36_20150728002307-00080-ip-10-236-191-2_899463259_102.csv,10000,3717,False,True,1,0.007157421961892396
tier_100k,1_1438042990112.50_20150728002310-00154-ip-10-236-191-2_303864106_21.csv,10000,633,False,True,2,0.0011675269925035536
tier_100k,0_1438042988458.74_20150728002308-00095-ip-10-236-191-2_520943855_0.csv,10000,723,False,True,2,0.0014068220043554902
tier_100k,1_1438042987127.36_20150728002307-00145-ip-10-236-191-2_499439925_0.csv,10000,1114,False,True,3,0.003087325021624565
tier_100k,1_1438042990112.50_20150728002310-00013-ip-10-236-191-2_321346784_4.csv,10000,1394,False,True,2,0.0030784999835304916
tier_100k,1_1438042987127.36_20150728002307-00033-ip-10-236-191-2_482136553_0.csv,10000,459,False,True,2,0.0009767509764060378
tier_100k,0_1438042988061.16_20150728002308-00109-ip-10-236-191-2_681611335_21.csv,10000,909,False,True,3,0.002337736019399017
tier_100k,0_1438042988061.16_20150728002308-00244-ip-10-236-191-2_65898746_2.csv,10000,597,False,True,1,0.0008533969521522522
tier_100k,0_1438042988061.16_20150728002308-00215-ip-10-236-191-2_362876303_35.csv,10000,966,False,True,2,0.002156641974579543
tier_100k,1_1438042990112.50_20150728002310-00312-ip-10-236-191-2_3243890_59.csv,10000,563,False,True,2,0.001100438996218145
tier_100k,1_1438042990112.50_20150728002310-00085-ip-10-236-191-2_403435483_3.csv,10000,657,False,True,1,0.0009437690023332834
tier_100k,0_1438042988061.16_20150728002308-00194-ip-10-236-191-2_846810834_13.csv,10000,493,False,True,1,0.0006208649720065296
tier_100k,1_1438042990112.50_20150728002310-00286-ip-10-236-191-2_318221297_4.csv,10000,1320,False,True,2,0.002915996010415256
tier_100k,1_1438042987127.36_20150728002307-00290-ip-10-236-191-2_407999777_10.csv,10000,554,False,True,1,0.0006591220153495669
tier_100k,0_1438042988458.74_20150728002308-00166-ip-10-236-191-2_302386578_10.csv,10000,591,False,True,3,0.0014569880440831184
tier_100k,0_1438042988458.74_20150728002308-00253-ip-10-236-191-2_222600153_3.csv,10000,630,False,True,2,0.0011641940218396485
tier_100k,1_1438042990112.50_20150728002310-00237-ip-10-236-191-2_880298254_15.csv,10000,3708,False,True,1,0.006954582000616938
tier_100k,0_1438042988061.16_20150728002308-00089-ip-10-236-191-2_807127666_2.csv,10000,1110,False,True,4,0.004111256974283606
tier_100k,0_1438042988458.74_20150728002308-00060-ip-10-236-191-2_492355315_1.csv,10000,597,False,True,1,0.0008494189823977649
tier_100k,1_1438042990112.50_20150728002310-00296-ip-10-236-191-2_202658094_3.csv,10000,939,False,True,2,0.00190137600293383
tier_100k,1_1438042988061.16_20150728002308-00013-ip-10-236-191-2_636339982_0.csv,10000,597,False,True,1,0.0008767109829932451
tier_100k,1_1438042987127.36_20150728002307-00294-ip-10-236-191-2_390417830_16.csv,10000,1083,False,True,1,0.0016574070323258638
tier_100k,0_1438042988458.74_20150728002308-00254-ip-10-236-191-2_909417374_257.csv,10000,3348,False,True,1,0.006235618027858436
tier_100k,0_1438042988061.16_20150728002308-00101-ip-10-236-191-2_653250037_0.csv,10000,529,False,True,4,0.001525025989394635
tier_100k,0_1438042988458.74_20150728002308-00046-ip-10-236-191-2_428007644_11.csv,10000,1360,False,True,1,0.002207620011176914
tier_100k,1_1438042987127.36_20150728002307-00290-ip-10-236-191-2_469307566_0.csv,10000,909,False,True,2,0.002028710034210235
tier_100k,1_1438042990112.50_20150728002310-00062-ip-10-236-191-2_896744244_9.csv,10000,3346,False,True,1,0.006332396995276213
tier_100k,1_1438042990112.50_20150728002310-00225-ip-10-236-191-2_718036865_0.csv,10000,944,False,True,2,0.0019511030404828489
tier_100k,0_1438042988061.16_20150728002308-00189-ip-10-236-191-2_414087396_10.csv,10000,595,False,True,1,0.0007295410032384098
tier_100k,0_1438042988061.16_20150728002308-00144-ip-10-236-191-2_279381280_30.csv,10000,1235,False,True,3,0.003602947050239891
tier_100k,1_1438042990112.50_20150728002310-00081-ip-10-236-191-2_890934925_129.csv,10000,3275,False,True,1,0.006001208967063576
tier_100k,0_1438042988061.16_20150728002308-00133-ip-10-236-191-2_59742533_2.csv,10000,731,False,True,1,0.0010895589948631823
tier_100k,1_1438042990112.50_20150728002310-00259-ip-10-236-191-2_889779227_121.csv,10000,3703,False,True,1,0.007055007969029248
tier_100k,0_1438042988458.74_20150728002308-00262-ip-10-236-191-2_380524338_2.csv,10000,1343,False,True,3,0.0036860440159216523
tier_100k,1_1438042987127.36_20150728002307-00027-ip-10-236-191-2_67802697_2.csv,10000,1123,False,True,1,0.0017328149988316
tier_100k,0_1438042988458.74_20150728002308-00175-ip-10-236-191-2_385639780_18.csv,10000,1035,False,True,1,0.0014893320039846003
tier_100k,0_1438042988458.74_20150728002308-00303-ip-10-236-191-2_56708567_9.csv,10000,1290,False,True,2,0.00270593399181962
tier_100k,0_1438042988458.74_20150728002308-00063-ip-10-236-191-2_657101208_1.csv,10000,1358,False,True,1,0.002219549030996859
tier_100k,1_1438042990112.50_20150728002310-00190-ip-10-236-191-2_436521753_9.csv,10000,609,False,True,3,0.0014680370222777128
tier_100k,1_1438042987127.36_20150728002307-00214-ip-10-236-191-2_225430488_0.csv,10000,942,False,True,4,0.0031551020219922066
tier_100k,0_1438042988061.16_20150728002308-00047-ip-10-236-191-2_843664602_0.csv,10000,544,False,True,2,0.0009949529776349664
tier_100k,0_1438042988061.16_20150728002308-00181-ip-10-236-191-2_216538600_0.csv,10000,927,False,True,1,0.001380875997710973
tier_100k,0_1438042988061.16_20150728002308-00002-ip-10-236-191-2_545269850_0.csv,10000,597,False,True,1,0.0008643550099804997
tier_100k,0_1438042988061.16_20150728002308-00330-ip-10-236-191-2_795231590_4.csv,10000,1062,False,True,2,0.002162513032089919
tier_100k,0_1438042988061.16_20150728002308-00235-ip-10-236-191-2_713850328_17.csv,10000,821,False,True,2,0.0015877950354479253
tier_100k,0_1438042988458.74_20150728002308-00232-ip-10-236-191-2_795586035_3.csv,10000,661,False,True,1,0.0008754949667491019
tier_100k,0_1438042988458.74_20150728002308-00250-ip-10-236-191-2_501951825_0.csv,10000,597,False,True,1,0.0008617530111223459
tier_100k,1_1438042987127.36_20150728002307-00037-ip-10-236-191-2_318965632_0.csv,10000,712,False,True,1,0.0009962169569917023
tier_100k,0_1438042988061.16_20150728002308-00041-ip-10-236-191-2_37534908_6.csv,10000,807,False,True,2,0.0014783479855395854
tier_100k,1_1438042987127.36_20150728002307-00269-ip-10-236-191-2_847834464_0.csv,10000,997,False,True,2,0.0020254250266589224
tier_100k,0_1438042988061.16_20150728002308-00199-ip-10-236-191-2_891430247_172.csv,10000,3343,False,True,1,0.006398781028110534
tier_100k,1_1438042987127.36_20150728002307-00153-ip-10-236-191-2_490931395_0.csv,10000,597,False,True,1,0.0008597220294177532
tier_100k,0_1438042988458.74_20150728002308-00081-ip-10-236-191-2_476604823_0.csv,10000,903,False,True,2,0.001990675984416157
tier_100k,0_1438042988458.74_20150728002308-00210-ip-10-236-191-2_79682215_3.csv,10000,941,False,True,1,0.0013936589821241796
tier_100k,1_1438042987127.36_20150728002307-00008-ip-10-236-191-2_633806649_3.csv,10000,678,False,True,3,0.0017696329741738737
tier_100k,0_1438042988061.16_20150728002308-00201-ip-10-236-191-2_319577306_4.csv,10000,1232,False,True,1,0.0018034569802694023
tier_100k,1_1438042990112.50_20150728002310-00310-ip-10-236-191-2_200224826_0.csv,10000,1012,False,True,2,0.002020970976445824
tier_100k,1_1438042987127.36_20150728002307-00102-ip-10-236-191-2_893578330_152.csv,10000,3699,False,True,1,0.006995907984673977
tier_100k,1_1438042990112.50_20150728002310-00044-ip-10-236-191-2_261321661_61.csv,10000,1221,False,True,2,0.0027037860127165914
tier_100k,1_1438042987127.36_20150728002307-00074-ip-10-236-191-2_137128786_0.csv,10000,999,False,True,2,0.0021363850100897253
tier_100k,1_1438042987127.36_20150728002307-00082-ip-10-236-191-2_795702564_10.csv,10000,972,False,True,2,0.00216366199310869
tier_100k,1_1438042987127.36_20150728002307-00144-ip-10-236-191-2_676020729_0.csv,15000,875,False,True,3,0.0023119610268622637
tier_100k,0_1438042988061.16_20150728002308-00282-ip-10-236-191-2_894007386_3.csv,15000,3742,False,True,1,0.007290121982805431
tier_100k,0_1438042988458.74_20150728002308-00249-ip-10-236-191-2_328699461_4.csv,15000,2070,False,True,2,0.004830793011933565
tier_100k,1_1438042987127.36_20150728002307-00114-ip-10-236-191-2_902351685_191.csv,15000,3725,False,True,1,0.0070061879814602435
tier_100k,1_1438042987127.36_20150728002307-00182-ip-10-236-191-2_150862475_5.csv,15000,1151,False,True,1,0.0016623910050839186
tier_100k,1_1438042987127.36_20150728002307-00000-ip-10-236-191-2_300770320_2.csv,15000,1696,False,True,2,0.003642011957708746
tier_100k,1_1438042987127.36_20150728002307-00080-ip-10-236-191-2_899463259_102.csv,15000,3726,False,True,1,0.006983863946516067
tier_100k,1_1438042990112.50_20150728002310-00154-ip-10-236-191-2_303864106_21.csv,15000,945,False,True,2,0.0018263350357301533
tier_100k,0_1438042988458.74_20150728002308-00095-ip-10-236-191-2_520943855_0.csv,15000,1043,False,True,2,0.002069358015432954
tier_100k,1_1438042987127.36_20150728002307-00145-ip-10-236-191-2_499439925_0.csv,15000,1548,False,True,2,0.003269905981142074
tier_100k,1_1438042990112.50_20150728002310-00013-ip-10-236-191-2_321346784_4.csv,15000,1485,False,True,2,0.0033026020391844213
tier_100k,1_1438042987127.36_20150728002307-00033-ip-10-236-191-2_482136553_0.csv,15000,815,False,True,1,0.001224659034051001
tier_100k,0_1438042988061.16_20150728002308-00109-ip-10-236-191-2_681611335_21.csv,15000,1131,False,True,3,0.0030238580075092614
tier_100k,0_1438042988061.16_20150728002308-00244-ip-10-236-191-2_65898746_2.csv,15000,1029,False,True,3,0.003049977996852249
tier_100k,0_1438042988061.16_20150728002308-00215-ip-10-236-191-2_362876303_35.csv,15000,1300,False,True,2,0.0029134199721738696
tier_100k,1_1438042990112.50_20150728002310-00312-ip-10-236-191-2_3243890_59.csv,15000,787,False,True,1,0.0010643420391716063
tier_100k,1_1438042990112.50_20150728002310-00085-ip-10-236-191-2_403435483_3.csv,15000,888,False,True,1,0.0012914440012536943
tier_100k,0_1438042988061.16_20150728002308-00194-ip-10-236-191-2_846810834_13.csv,15000,772,False,True,2,0.001487920992076397
tier_100k,1_1438042990112.50_20150728002310-00286-ip-10-236-191-2_318221297_4.csv,15000,1421,False,True,2,0.003114276973064989
tier_100k,1_1438042987127.36_20150728002307-00290-ip-10-236-191-2_407999777_10.csv,15000,788,False,True,4,0.002320110972505063
tier_100k,0_1438042988458.74_20150728002308-00166-ip-10-236-191-2_302386578_10.csv,15000,1074,False,True,3,0.0029069120064377785
tier_100k,0_1438042988458.74_20150728002308-00253-ip-10-236-191-2_222600153_3.csv,15000,933,False,True,2,0.0017742729978635907
tier_100k,1_1438042990112.50_20150728002310-00237-ip-10-236-191-2_880298254_15.csv,15000,3723,False,True,1,0.007260137994308025
tier_100k,0_1438042988061.16_20150728002308-00089-ip-10-236-191-2_807127666_2.csv,15000,1483,False,True,3,0.00442391901742667
tier_100k,0_1438042988458.74_20150728002308-00060-ip-10-236-191-2_492355315_1.csv,15000,1029,False,True,3,0.0030848479946143925
tier_100k,1_1438042990112.50_20150728002310-00296-ip-10-236-191-2_202658094_3.csv,15000,1332,False,True,1,0.0018892830121330917
tier_100k,1_1438042988061.16_20150728002308-00013-ip-10-236-191-2_636339982_0.csv,15000,1029,False,True,3,0.003031922969967127
tier_100k,1_1438042987127.36_20150728002307-00294-ip-10-236-191-2_390417830_16.csv,15000,1463,False,True,1,0.002257873013149947
tier_100k,0_1438042988458.74_20150728002308-00254-ip-10-236-191-2_909417374_257.csv,15000,3356,False,True,1,0.006207306054420769
tier_100k,0_1438042988061.16_20150728002308-00101-ip-10-236-191-2_653250037_0.csv,15000,872,False,True,3,0.0021140709868632257
tier_100k,0_1438042988458.74_20150728002308-00046-ip-10-236-191-2_428007644_11.csv,15000,1879,False,True,1,0.003010799002368003
tier_100k,1_1438042987127.36_20150728002307-00290-ip-10-236-191-2_469307566_0.csv,15000,1279,False,True,2,0.002792217012029141
tier_100k,1_1438042990112.50_20150728002310-00062-ip-10-236-191-2_896744244_9.csv,15000,3358,False,True,1,0.006230174971278757
tier_100k,1_1438042990112.50_20150728002310-00225-ip-10-236-191-2_718036865_0.csv,15000,1282,False,True,1,0.0017810899880714715
tier_100k,0_1438042988061.16_20150728002308-00189-ip-10-236-191-2_414087396_10.csv,15000,867,False,True,1,0.001101564965210855
tier_100k,0_1438042988061.16_20150728002308-00144-ip-10-236-191-2_279381280_30.csv,15000,1701,False,True,3,0.0050077399937435985
tier_100k,1_1438042990112.50_20150728002310-00081-ip-10-236-191-2_890934925_129.csv,15000,3337,False,True,1,0.006220280018169433
tier_100k,0_1438042988061.16_20150728002308-00133-ip-10-236-191-2_59742533_2.csv,15000,1055,False,True,1,0.001614403969142586
tier_100k,1_1438042990112.50_20150728002310-00259-ip-10-236-191-2_889779227_121.csv,15000,3721,False,True,1,0.00696238101227209
tier_100k,0_1438042988458.74_20150728002308-00262-ip-10-236-191-2_380524338_2.csv,15000,1840,False,True,2,0.003997394989710301
tier_100k,1_1438042987127.36_20150728002307-00027-ip-10-236-191-2_67802697_2.csv,15000,1123,False,True,1,0.0017034569755196571
tier_100k,0_1438042988458.74_20150728002308-00175-ip-10-236-191-2_385639780_18.csv,15000,1422,False,True,1,0.0021099700243212283
tier_100k,0_1438042988458.74_20150728002308-00303-ip-10-236-191-2_56708567_9.csv,15000,1795,False,True,2,0.0039115590043365955
tier_100k,0_1438042988458.74_20150728002308-00063-ip-10-236-191-2_657101208_1.csv,15000,1807,False,True,1,0.00295334798283875
tier_100k,1_1438042990112.50_20150728002310-00190-ip-10-236-191-2_436521753_9.csv,15000,889,False,True,3,0.002292680030222982
tier_100k,1_1438042987127.36_20150728002307-00214-ip-10-236-191-2_225430488_0.csv,15000,1166,False,True,4,0.004072013951372355
tier_100k,0_1438042988061.16_20150728002308-00047-ip-10-236-191-2_843664602_0.csv,15000,1202,False,True,1,0.0017104240250773728
tier_100k,0_1438042988061.16_20150728002308-00181-ip-10-236-191-2_216538600_0.csv,15000,868,False,True,1,0.0012980009778402746
tier_100k,0_1438042988061.16_20150728002308-00002-ip-10-236-191-2_545269850_0.csv,15000,1029,False,True,3,0.003036685986444354
tier_100k,0_1438042988061.16_20150728002308-00330-ip-10-236-191-2_795231590_4.csv,15000,1536,False,True,2,0.0032979880343191326
tier_100k,0_1438042988061.16_20150728002308-00235-ip-10-236-191-2_713850328_17.csv,15000,1216,False,True,1,0.0016703049768693745
tier_100k,0_1438042988458.74_20150728002308-00232-ip-10-236-191-2_795586035_3.csv,15000,890,False,True,1,0.0012290310114622116
tier_100k,0_1438042988458.74_20150728002308-00250-ip-10-236-191-2_501951825_0.csv,15000,1029,False,True,3,0.003102582006249577
tier_100k,1_1438042987127.36_20150728002307-00037-ip-10-236-191-2_318965632_0.csv,15000,1010,False,True,1,0.0014970910269767046
tier_100k,0_1438042988061.16_20150728002308-00041-ip-10-236-191-2_37534908_6.csv,15000,1240,False,True,2,0.0024613969726487994
tier_100k,1_1438042987127.36_20150728002307-00269-ip-10-236-191-2_847834464_0.csv,15000,1470,False,True,1,0.002054148993920535
tier_100k,0_1438042988061.16_20150728002308-00199-ip-10-236-191-2_891430247_172.csv,15000,3355,False,True,1,0.006272661965340376
tier_100k,1_1438042987127.36_20150728002307-00153-ip-10-236-191-2_490931395_0.csv,15000,1029,False,True,3,0.0030998889706097543
tier_100k,0_1438042988458.74_20150728002308-00081-ip-10-236-191-2_476604823_0.csv,15000,1277,False,True,2,0.002833584963809699
tier_100k,0_1438042988458.74_20150728002308-00210-ip-10-236-191-2_79682215_3.csv,15000,1392,False,True,1,0.0021840629633516073
tier_100k,1_1438042987127.36_20150728002307-00008-ip-10-236-191-2_633806649_3.csv,15000,991,False,True,2,0.0019588490249589086
tier_100k,0_1438042988061.16_20150728002308-00201-ip-10-236-191-2_319577306_4.csv,15000,1529,False,True,1,0.0022492590360343456
tier_100k,1_1438042990112.50_20150728002310-00310-ip-10-236-191-2_200224826_0.csv,15000,1480,False,True,2,0.003028843959327787
tier_100k,1_1438042987127.36_20150728002307-00102-ip-10-236-191-2_893578330_152.csv,15000,3722,False,True,1,0.007252826995681971
tier_100k,1_1438042990112.50_20150728002310-00044-ip-10-236-191-2_261321661_61.csv,15000,1714,False,True,2,0.003843143000267446
tier_100k,1_1438042987127.36_20150728002307-00074-ip-10-236-191-2_137128786_0.csv,15000,1397,False,True,3,0.003983212984167039
tier_100k,1_1438042987127.36_20150728002307-00082-ip-10-236-191-2_795702564_10.csv,15000,1293,False,True,2,0.002909992996137589
tier_100k,1_1438042987127.36_20150728002307-00144-ip-10-236-191-2_676020729_0.csv,20000,1067,False,True,2,0.002146293001715094
tier_100k,0_1438042988061.16_20150728002308-00282-ip-10-236-191-2_894007386_3.csv,20000,3756,False,True,1,0.00722565600881353
tier_100k,0_1438042988458.74_20150728002308-00249-ip-10-236-191-2_328699461_4.csv,20000,3047,False,True,2,0.008274855033960193
tier_100k,1_1438042987127.36_20150728002307-00114-ip-10-236-191-2_902351685_191.csv,20000,3732,False,True,1,0.007137707027141005
tier_100k,1_1438042987127.36_20150728002307-00182-ip-10-236-191-2_150862475_5.csv,20000,1465,False,True,1,0.0020959069952368736
tier_100k,1_1438042987127.36_20150728002307-00000-ip-10-236-191-2_300770320_2.csv,20000,2142,False,True,4,0.007771500968374312
tier_100k,1_1438042987127.36_20150728002307-00080-ip-10-236-191-2_899463259_102.csv,20000,3738,False,True,1,0.007178329979069531
tier_100k,1_1438042990112.50_20150728002310-00154-ip-10-236-191-2_303864106_21.csv,20000,1257,False,True,2,0.0024853890063241124
tier_100k,0_1438042988458.74_20150728002308-00095-ip-10-236-191-2_520943855_0.csv,20000,1330,False,True,3,0.0035760269965976477
tier_100k,1_1438042987127.36_20150728002307-00145-ip-10-236-191-2_499439925_0.csv,20000,1674,False,True,3,0.004787348967511207
tier_100k,1_1438042990112.50_20150728002310-00013-ip-10-236-191-2_321346784_4.csv,20000,3243,False,True,2,0.008539895003195852
tier_100k,1_1438042987127.36_20150728002307-00033-ip-10-236-191-2_482136553_0.csv,20000,1029,False,True,2,0.002324745000805706
tier_100k,0_1438042988061.16_20150728002308-00109-ip-10-236-191-2_681611335_21.csv,20000,1378,False,True,3,0.003831055946648121
tier_100k,0_1438042988061.16_20150728002308-00244-ip-10-236-191-2_65898746_2.csv,20000,1350,False,True,2,0.0030482489964924753
tier_100k,0_1438042988061.16_20150728002308-00215-ip-10-236-191-2_362876303_35.csv,20000,1604,False,True,2,0.00362643098924309
tier_100k,1_1438042990112.50_20150728002310-00312-ip-10-236-191-2_3243890_59.csv,20000,1021,False,True,1,0.0014127280446700752
tier_100k,1_1438042990112.50_20150728002310-00085-ip-10-236-191-2_403435483_3.csv,20000,1084,False,True,1,0.0016222000122070312
tier_100k,0_1438042988061.16_20150728002308-00194-ip-10-236-191-2_846810834_13.csv,20000,1066,False,True,2,0.002191744977608323
tier_100k,1_1438042990112.50_20150728002310-00286-ip-10-236-191-2_318221297_4.csv,20000,3237,False,True,2,0.00843350199284032
tier_100k,1_1438042987127.36_20150728002307-00290-ip-10-236-191-2_407999777_10.csv,20000,1013,False,True,2,0.001883140008430928
tier_100k,0_1438042988458.74_20150728002308-00166-ip-10-236-191-2_302386578_10.csv,20000,1504,False,True,2,0.003260814002715051
tier_100k,0_1438042988458.74_20150728002308-00253-ip-10-236-191-2_222600153_3.csv,20000,1202,False,True,2,0.002375011972617358
tier_100k,1_1438042990112.50_20150728002310-00237-ip-10-236-191-2_880298254_15.csv,20000,3733,False,True,1,0.007005963008850813
tier_100k,0_1438042988061.16_20150728002308-00089-ip-10-236-191-2_807127666_2.csv,20000,1789,False,True,3,0.0054503739811480045
tier_100k,0_1438042988458.74_20150728002308-00060-ip-10-236-191-2_492355315_1.csv,20000,1350,False,True,2,0.003018736024387181
tier_100k,1_1438042990112.50_20150728002310-00296-ip-10-236-191-2_202658094_3.csv,20000,1659,False,True,2,0.0035704250331036747
tier_100k,1_1438042988061.16_20150728002308-00013-ip-10-236-191-2_636339982_0.csv,20000,1350,False,True,2,0.003035811008885503
tier_100k,1_1438042987127.36_20150728002307-00294-ip-10-236-191-2_390417830_16.csv,20000,1863,False,True,1,0.0029810299747623503
tier_100k,0_1438042988458.74_20150728002308-00254-ip-10-236-191-2_909417374_257.csv,20000,3361,False,True,1,0.006583939015399665
tier_100k,0_1438042988061.16_20150728002308-00101-ip-10-236-191-2_653250037_0.csv,20000,1211,False,True,4,0.003884132020175457
tier_100k,0_1438042988458.74_20150728002308-00046-ip-10-236-191-2_428007644_11.csv,20000,2164,False,True,2,0.005143914953805506
tier_100k,1_1438042987127.36_20150728002307-00290-ip-10-236-191-2_469307566_0.csv,20000,1656,False,True,2,0.00367750198347494
tier_100k,1_1438042990112.50_20150728002310-00062-ip-10-236-191-2_896744244_9.csv,20000,3364,False,True,1,0.006290830031502992
tier_100k,1_1438042990112.50_20150728002310-00225-ip-10-236-191-2_718036865_0.csv,20000,1568,False,True,2,0.003356487024575472
tier_100k,0_1438042988061.16_20150728002308-00189-ip-10-236-191-2_414087396_10.csv,20000,1143,False,True,1,0.001508103043306619
tier_100k,0_1438042988061.16_20150728002308-00144-ip-10-236-191-2_279381280_30.csv,20000,2179,False,True,3,0.006556103995535523
tier_100k,1_1438042990112.50_20150728002310-00081-ip-10-236-191-2_890934925_129.csv,20000,3351,False,True,1,0.006277653039433062
tier_100k,0_1438042988061.16_20150728002308-00133-ip-10-236-191-2_59742533_2.csv,20000,1400,False,True,1,0.0022050240077078342
tier_100k,1_1438042990112.50_20150728002310-00259-ip-10-236-191-2_889779227_121.csv,20000,3729,False,True,1,0.006982220977079123
tier_100k,0_1438042988458.74_20150728002308-00262-ip-10-236-191-2_380524338_2.csv,20000,2313,False,True,2,0.005176453967578709
tier_100k,1_1438042987127.36_20150728002307-00027-ip-10-236-191-2_67802697_2.csv,20000,1123,False,True,1,0.0017314960132353008
tier_100k,0_1438042988458.74_20150728002308-00175-ip-10-236-191-2_385639780_18.csv,20000,1791,False,True,1,0.0027230640407651663
tier_100k,0_1438042988458.74_20150728002308-00303-ip-10-236-191-2_56708567_9.csv,20000,2262,False,True,2,0.0050244490266777575
tier_100k,0_1438042988458.74_20150728002308-00063-ip-10-236-191-2_657101208_1.csv,20000,2244,False,True,1,0.0037527880049310625
tier_100k,1_1438042990112.50_20150728002310-00190-ip-10-236-191-2_436521753_9.csv,20000,1133,False,True,3,0.002947319997474551
tier_100k,1_1438042987127.36_20150728002307-00214-ip-10-236-191-2_225430488_0.csv,20000,2840,False,True,4,0.01203698298195377
tier_100k,0_1438042988061.16_20150728002308-00047-ip-10-236-191-2_843664602_0.csv,20000,1474,False,True,2,0.0031908139935694635
tier_100k,0_1438042988061.16_20150728002308-00181-ip-10-236-191-2_216538600_0.csv,20000,927,False,True,1,0.0013570219743996859
tier_100k,0_1438042988061.16_20150728002308-00002-ip-10-236-191-2_545269850_0.csv,20000,1350,False,True,2,0.003050292027182877
tier_100k,0_1438042988061.16_20150728002308-00330-ip-10-236-191-2_795231590_4.csv,20000,1688,False,True,1,0.0025525569799356163
tier_100k,0_1438042988061.16_20150728002308-00235-ip-10-236-191-2_713850328_17.csv,20000,1615,False,True,1,0.0022012339904904366
tier_100k,0_1438042988458.74_20150728002308-00232-ip-10-236-191-2_795586035_3.csv,20000,1151,False,True,1,0.0015745889977551997
tier_100k,0_1438042988458.74_20150728002308-00250-ip-10-236-191-2_501951825_0.csv,20000,1350,False,True,2,0.003020595002453774
tier_100k,1_1438042987127.36_20150728002307-00037-ip-10-236-191-2_318965632_0.csv,20000,1309,False,True,1,0.0018647449905984104
tier_100k,0_1438042988061.16_20150728002308-00041-ip-10-236-191-2_37534908_6.csv,20000,1490,False,True,2,0.0029542380361817777
tier_100k,1_1438042987127.36_20150728002307-00269-ip-10-236-191-2_847834464_0.csv,20000,1945,False,True,2,0.004177430004347116
tier_100k,0_1438042988061.16_20150728002308-00199-ip-10-236-191-2_891430247_172.csv,20000,3359,False,True,1,0.009236938029062003
tier_100k,1_1438042987127.36_20150728002307-00153-ip-10-236-191-2_490931395_0.csv,20000,1350,False,True,2,0.0030622719787061214
tier_100k,0_1438042988458.74_20150728002308-00081-ip-10-236-191-2_476604823_0.csv,20000,1702,False,True,3,0.0050266869948245585
tier_100k,0_1438042988458.74_20150728002308-00210-ip-10-236-191-2_79682215_3.csv,20000,1817,False,True,1,0.0029235800029709935
tier_100k,1_1438042987127.36_20150728002307-00008-ip-10-236-191-2_633806649_3.csv,20000,1212,False,True,2,0.0024187470553442836
tier_100k,0_1438042988061.16_20150728002308-00201-ip-10-236-191-2_319577306_4.csv,20000,1805,False,True,1,0.002708990010432899
tier_100k,1_1438042990112.50_20150728002310-00310-ip-10-236-191-2_200224826_0.csv,20000,1950,False,True,1,0.0028009789530187845
tier_100k,1_1438042987127.36_20150728002307-00102-ip-10-236-191-2_893578330_152.csv,20000,3729,False,True,1,0.00701125297928229
tier_100k,1_1438042990112.50_20150728002310-00044-ip-10-236-191-2_261321661_61.csv,20000,2168,False,True,2,0.004995202994905412
tier_100k,1_1438042987127.36_20150728002307-00074-ip-10-236-191-2_137128786_0.csv,20000,1796,False,True,2,0.00393960700603202
tier_100k,1_1438042987127.36_20150728002307-00082-ip-10-236-191-2_795702564_10.csv,20000,1539,False,True,2,0.003460773965343833
tier_100k,1_1438042987127.36_20150728002307-00144-ip-10-236-191-2_676020729_0.csv,25000,1306,False,True,2,0.002697154995985329
tier_100k,0_1438042988061.16_20150728002308-00282-ip-10-236-191-2_894007386_3.csv,25000,3768,False,True,1,0.007307346037123352
tier_100k,0_1438042988458.74_20150728002308-00249-ip-10-236-191-2_328699461_4.csv,25000,3492,False,True,2,0.009080787014681846
tier_100k,1_1438042987127.36_20150728002307-00114-ip-10-236-191-2_902351685_191.csv,25000,3735,False,True,1,0.007289208995644003
tier_100k,1_1438042987127.36_20150728002307-00182-ip-10-236-191-2_150862475_5.csv,25000,1719,False,True,1,0.0025498309987597167
tier_100k,1_1438042987127.36_20150728002307-00000-ip-10-236-191-2_300770320_2.csv,25000,2601,False,True,3,0.00783079897519201
tier_100k,1_1438042987127.36_20150728002307-00080-ip-10-236-191-2_899463259_102.csv,25000,3748,False,True,1,0.007067785016261041
tier_100k,1_1438042990112.50_20150728002310-00154-ip-10-236-191-2_303864106_21.csv,25000,1651,False,True,3,0.004512221028562635
tier_100k,0_1438042988458.74_20150728002308-00095-ip-10-236-191-2_520943855_0.csv,25000,1596,False,True,2,0.003287911997176707
tier_100k,1_1438042987127.36_20150728002307-00145-ip-10-236-191-2_499439925_0.csv,25000,2156,False,True,3,0.006405132997315377
tier_100k,1_1438042990112.50_20150728002310-00013-ip-10-236-191-2_321346784_4.csv,25000,3455,False,True,2,0.009158939006738365
tier_100k,1_1438042987127.36_20150728002307-00033-ip-10-236-191-2_482136553_0.csv,25000,1293,False,True,1,0.001962249050848186
tier_100k,0_1438042988061.16_20150728002308-00109-ip-10-236-191-2_681611335_21.csv,25000,3046,False,True,4,0.012816999980714172
tier_100k,0_1438042988061.16_20150728002308-00244-ip-10-236-191-2_65898746_2.csv,25000,1801,False,True,2,0.004115886986255646
tier_100k,0_1438042988061.16_20150728002308-00215-ip-10-236-191-2_362876303_35.csv,25000,1823,False,True,2,0.004211380030028522
tier_100k,1_1438042990112.50_20150728002310-00312-ip-10-236-191-2_3243890_59.csv,25000,1289,False,True,1,0.0018122789915651083
tier_100k,1_1438042990112.50_20150728002310-00085-ip-10-236-191-2_403435483_3.csv,25000,1302,False,True,1,0.00199069402879104
tier_100k,0_1438042988061.16_20150728002308-00194-ip-10-236-191-2_846810834_13.csv,25000,1368,False,True,3,0.0037583800149150193
tier_100k,1_1438042990112.50_20150728002310-00286-ip-10-236-191-2_318221297_4.csv,25000,3464,False,True,2,0.0090299469884485
tier_100k,1_1438042987127.36_20150728002307-00290-ip-10-236-191-2_407999777_10.csv,25000,1232,False,True,3,0.003098680987022817
tier_100k,0_1438042988458.74_20150728002308-00166-ip-10-236-191-2_302386578_10.csv,25000,2071,False,True,3,0.006163240992464125
tier_100k,0_1438042988458.74_20150728002308-00253-ip-10-236-191-2_222600153_3.csv,25000,1465,False,True,3,0.003917692985851318
tier_100k,1_1438042990112.50_20150728002310-00237-ip-10-236-191-2_880298254_15.csv,25000,3736,False,True,1,0.00706994702341035
tier_100k,0_1438042988061.16_20150728002308-00089-ip-10-236-191-2_807127666_2.csv,25000,2083,False,True,3,0.00631694495677948
tier_100k,0_1438042988458.74_20150728002308-00060-ip-10-236-191-2_492355315_1.csv,25000,1801,False,True,2,0.00412494404008612
tier_100k,1_1438042990112.50_20150728002310-00296-ip-10-236-191-2_202658094_3.csv,25000,2005,False,True,2,0.004480233008507639
tier_100k,1_1438042988061.16_20150728002308-00013-ip-10-236-191-2_636339982_0.csv,25000,1801,False,True,2,0.00410917098633945
tier_100k,1_1438042987127.36_20150728002307-00294-ip-10-236-191-2_390417830_16.csv,25000,2290,False,True,1,0.00375125597929582
tier_100k,0_1438042988458.74_20150728002308-00254-ip-10-236-191-2_909417374_257.csv,25000,3362,False,True,1,0.006253802974242717
tier_100k,0_1438042988061.16_20150728002308-00101-ip-10-236-191-2_653250037_0.csv,25000,1579,False,True,4,0.0051955790258944035
tier_100k,0_1438042988458.74_20150728002308-00046-ip-10-236-191-2_428007644_11.csv,25000,2505,False,True,3,0.008017553016543388
tier_100k,1_1438042987127.36_20150728002307-00290-ip-10-236-191-2_469307566_0.csv,25000,2072,False,True,2,0.0046472480171360075
tier_100k,1_1438042990112.50_20150728002310-00062-ip-10-236-191-2_896744244_9.csv,25000,3367,False,True,1,0.006266755051910877
tier_100k,1_1438042990112.50_20150728002310-00225-ip-10-236-191-2_718036865_0.csv,25000,1845,False,True,2,0.003996814019046724
tier_100k,0_1438042988061.16_20150728002308-00189-ip-10-236-191-2_414087396_10.csv,25000,1384,False,True,1,0.0018332500476390123
tier_100k,0_1438042988061.16_20150728002308-00144-ip-10-236-191-2_279381280_30.csv,25000,2676,False,True,3,0.008240779978223145
tier_100k,1_1438042990112.50_20150728002310-00081-ip-10-236-191-2_890934925_129.csv,25000,3358,False,True,1,0.00644325400935486
tier_100k,0_1438042988061.16_20150728002308-00133-ip-10-236-191-2_59742533_2.csv,25000,1579,False,True,1,0.0024554780102334917
tier_100k,1_1438042990112.50_20150728002310-00259-ip-10-236-191-2_889779227_121.csv,25000,3734,False,True,1,0.007422850001603365
tier_100k,0_1438042988458.74_20150728002308-00262-ip-10-236-191-2_380524338_2.csv,25000,2791,False,True,1,0.004540427005849779
tier_100k,1_1438042987127.36_20150728002307-00027-ip-10-236-191-2_67802697_2.csv,25000,685,False,True,1,0.0010825700010173023
tier_100k,0_1438042988458.74_20150728002308-00175-ip-10-236-191-2_385639780_18.csv,25000,2169,False,True,1,0.003328907012473792
tier_100k,0_1438042988458.74_20150728002308-00303-ip-10-236-191-2_56708567_9.csv,25000,2739,False,True,1,0.004437488969415426
tier_100k,0_1438042988458.74_20150728002308-00063-ip-10-236-191-2_657101208_1.csv,25000,2838,False,True,1,0.005077843030449003
tier_100k,1_1438042990112.50_20150728002310-00190-ip-10-236-191-2_436521753_9.csv,25000,1403,False,True,3,0.0036516980035230517
tier_100k,1_1438042987127.36_20150728002307-00214-ip-10-236-191-2_225430488_0.csv,25000,3249,False,True,3,0.0112120850244537
tier_100k,0_1438042988061.16_20150728002308-00047-ip-10-236-191-2_843664602_0.csv,25000,1793,False,True,2,0.004006933013442904
tier_100k,0_1438042988061.16_20150728002308-00181-ip-10-236-191-2_216538600_0.csv,25000,808,False,True,1,0.0011997680412605405
tier_100k,0_1438042988061.16_20150728002308-00002-ip-10-236-191-2_545269850_0.csv,25000,1801,False,True,2,0.004150039982050657
tier_100k,0_1438042988061.16_20150728002308-00330-ip-10-236-191-2_795231590_4.csv,25000,3390,False,True,1,0.005793228978291154
tier_100k,0_1438042988061.16_20150728002308-00235-ip-10-236-191-2_713850328_17.csv,25000,1998,False,True,1,0.002821418980602175
tier_100k,0_1438042988458.74_20150728002308-00232-ip-10-236-191-2_795586035_3.csv,25000,1474,False,True,1,0.0020649729995056987
tier_100k,0_1438042988458.74_20150728002308-00250-ip-10-236-191-2_501951825_0.csv,25000,1801,False,True,2,0.004111843998543918
tier_100k,1_1438042987127.36_20150728002307-00037-ip-10-236-191-2_318965632_0.csv,25000,1592,False,True,2,0.0034167079720646143
tier_100k,0_1438042988061.16_20150728002308-00041-ip-10-236-191-2_37534908_6.csv,25000,1893,False,True,3,0.00522268598433584
tier_100k,1_1438042987127.36_20150728002307-00269-ip-10-236-191-2_847834464_0.csv,25000,2394,False,True,2,0.005325470992829651
tier_100k,0_1438042988061.16_20150728002308-00199-ip-10-236-191-2_891430247_172.csv,25000,3359,False,True,1,0.006483098026365042
tier_100k,1_1438042987127.36_20150728002307-00153-ip-10-236-191-2_490931395_0.csv,25000,1801,False,True,2,0.00411967298714444
tier_100k,0_1438042988458.74_20150728002308-00081-ip-10-236-191-2_476604823_0.csv,25000,2025,False,True,2,0.004588184994645417
tier_100k,0_1438042988458.74_20150728002308-00210-ip-10-236-191-2_79682215_3.csv,25000,2209,False,True,1,0.0036212039995007217
tier_100k,1_1438042987127.36_20150728002307-00008-ip-10-236-191-2_633806649_3.csv,25000,1894,False,True,2,0.004142238001804799
tier_100k,0_1438042988061.16_20150728002308-00201-ip-10-236-191-2_319577306_4.csv,25000,2170,False,True,1,0.00330480799311772
tier_100k,1_1438042990112.50_20150728002310-00310-ip-10-236-191-2_200224826_0.csv,25000,2419,False,True,1,0.003579711017664522
tier_100k,1_1438042987127.36_20150728002307-00102-ip-10-236-191-2_893578330_152.csv,25000,3736,False,True,1,0.007051650958601385
tier_100k,1_1438042990112.50_20150728002310-00044-ip-10-236-191-2_261321661_61.csv,25000,2627,False,True,2,0.006169264030177146
tier_100k,1_1438042987127.36_20150728002307-00074-ip-10-236-191-2_137128786_0.csv,25000,2328,False,True,2,0.0052451209630817175
tier_100k,1_1438042987127.36_20150728002307-00082-ip-10-236-191-2_795702564_10.csv,25000,1770,False,True,2,0.004026956972666085
tier_100k,1_1438042987127.36_20150728002307-00144-ip-10-236-191-2_676020729_0.csv,30000,1511,False,True,3,0.004180176998488605
tier_100k,0_1438042988061.16_20150728002308-00282-ip-10-236-191-2_894007386_3.csv,30000,3770,False,True,1,0.007097142981365323
tier_100k,0_1438042988458.74_20150728002308-00249-ip-10-236-191-2_328699461_4.csv,30000,3968,False,True,2,0.010519159957766533
tier_100k,1_1438042987127.36_20150728002307-00114-ip-10-236-191-2_902351685_191.csv,30000,3736,False,True,1,0.007183311972767115
tier_100k,1_1438042987127.36_20150728002307-00182-ip-10-236-191-2_150862475_5.csv,30000,1966,False,True,1,0.0029327990487217903
tier_100k,1_1438042987127.36_20150728002307-00000-ip-10-236-191-2_300770320_2.csv,30000,3041,False,True,3,0.009781892003957182
tier_100k,1_1438042987127.36_20150728002307-00080-ip-10-236-191-2_899463259_102.csv,30000,3752,False,True,1,0.007204265973996371
tier_100k,1_1438042990112.50_20150728002310-00154-ip-10-236-191-2_303864106_21.csv,30000,1790,False,True,3,0.004994193033780903
tier_100k,0_1438042988458.74_20150728002308-00095-ip-10-236-191-2_520943855_0.csv,30000,1944,False,True,3,0.005506187037099153
tier_100k,1_1438042987127.36_20150728002307-00145-ip-10-236-191-2_499439925_0.csv,30000,2639,False,True,3,0.008209448016714305
tier_100k,1_1438042990112.50_20150728002310-00013-ip-10-236-191-2_321346784_4.csv,30000,3769,False,True,2,0.010066647024359554
tier_100k,1_1438042987127.36_20150728002307-00033-ip-10-236-191-2_482136553_0.csv,30000,1616,False,True,1,0.0025519930059090257
tier_100k,0_1438042988061.16_20150728002308-00109-ip-10-236-191-2_681611335_21.csv,30000,3403,False,True,3,0.011536607053130865
tier_100k,0_1438042988061.16_20150728002308-00244-ip-10-236-191-2_65898746_2.csv,30000,1974,False,True,2,0.004533104016445577
tier_100k,0_1438042988061.16_20150728002308-00215-ip-10-236-191-2_362876303_35.csv,30000,2023,False,True,3,0.006208202976267785
tier_100k,1_1438042990112.50_20150728002310-00312-ip-10-236-191-2_3243890_59.csv,30000,1517,False,True,1,0.002200292015913874
tier_100k,1_1438042990112.50_20150728002310-00085-ip-10-236-191-2_403435483_3.csv,30000,1563,False,True,1,0.002433059038594365
tier_100k,0_1438042988061.16_20150728002308-00194-ip-10-236-191-2_846810834_13.csv,30000,1912,False,True,3,0.005628023995086551
tier_100k,1_1438042990112.50_20150728002310-00286-ip-10-236-191-2_318221297_4.csv,30000,3788,False,True,1,0.006592702004127204
tier_100k,1_1438042987127.36_20150728002307-00290-ip-10-236-191-2_407999777_10.csv,30000,1452,False,True,3,0.0037851730012334883
tier_100k,0_1438042988458.74_20150728002308-00166-ip-10-236-191-2_302386578_10.csv,30000,2476,False,True,3,0.007529260998126119
tier_100k,0_1438042988458.74_20150728002308-00253-ip-10-236-191-2_222600153_3.csv,30000,1689,False,True,3,0.00457131996518001
tier_100k,1_1438042990112.50_20150728002310-00237-ip-10-236-191-2_880298254_15.csv,30000,3741,False,True,1,0.007228546019177884
tier_100k,0_1438042988061.16_20150728002308-00089-ip-10-236-191-2_807127666_2.csv,30000,2325,False,True,3,0.0071573760360479355
tier_100k,0_1438042988458.74_20150728002308-00060-ip-10-236-191-2_492355315_1.csv,30000,1974,False,True,2,0.0045883560087531805
tier_100k,1_1438042990112.50_20150728002310-00296-ip-10-236-191-2_202658094_3.csv,30000,2314,False,True,2,0.00524733099155128
tier_100k,1_1438042988061.16_20150728002308-00013-ip-10-236-191-2_636339982_0.csv,30000,1974,False,True,2,0.00452716596191749
tier_100k,1_1438042987127.36_20150728002307-00294-ip-10-236-191-2_390417830_16.csv,30000,2679,False,True,1,0.004760697018355131
tier_100k,0_1438042988458.74_20150728002308-00254-ip-10-236-191-2_909417374_257.csv,30000,3363,False,True,1,0.006435290037188679
tier_100k,0_1438042988061.16_20150728002308-00101-ip-10-236-191-2_653250037_0.csv,30000,1855,False,True,3,0.0050360329914838076
tier_100k,0_1438042988458.74_20150728002308-00046-ip-10-236-191-2_428007644_11.csv,30000,2723,False,True,2,0.006891092984005809
tier_100k,1_1438042987127.36_20150728002307-00290-ip-10-236-191-2_469307566_0.csv,30000,2467,False,True,2,0.005753069999627769
tier_100k,1_1438042990112.50_20150728002310-00062-ip-10-236-191-2_896744244_9.csv,30000,3368,False,True,1,0.006297399988397956
tier_100k,1_1438042990112.50_20150728002310-00225-ip-10-236-191-2_718036865_0.csv,30000,2083,False,True,2,0.004587279981933534
tier_100k,0_1438042988061.16_20150728002308-00189-ip-10-236-191-2_414087396_10.csv,30000,1593,False,True,1,0.002142979996278882
tier_100k,0_1438042988061.16_20150728002308-00144-ip-10-236-191-2_279381280_30.csv,30000,2986,False,True,3,0.009769038995727897
tier_100k,1_1438042990112.50_20150728002310-00081-ip-10-236-191-2_890934925_129.csv,30000,3361,False,True,1,0.006292945006862283
tier_100k,0_1438042988061.16_20150728002308-00133-ip-10-236-191-2_59742533_2.csv,30000,1763,False,True,1,0.002823452989105135
tier_100k,1_1438042990112.50_20150728002310-00259-ip-10-236-191-2_889779227_121.csv,30000,3734,False,True,1,0.00733869697432965
tier_100k,0_1438042988458.74_20150728002308-00262-ip-10-236-191-2_380524338_2.csv,30000,3170,False,True,1,0.005232685012742877
tier_100k,1_1438042987127.36_20150728002307-00027-ip-10-236-191-2_67802697_2.csv,30000,1123,False,True,1,0.0017319800099357963
tier_100k,0_1438042988458.74_20150728002308-00175-ip-10-236-191-2_385639780_18.csv,30000,2511,False,True,1,0.0039600920281372964
tier_100k,0_1438042988458.74_20150728002308-00303-ip-10-236-191-2_56708567_9.csv,30000,3201,False,True,1,0.005266095977276564
tier_100k,0_1438042988458.74_20150728002308-00063-ip-10-236-191-2_657101208_1.csv,30000,3107,False,True,1,0.0056037179892882705
tier_100k,1_1438042990112.50_20150728002310-00190-ip-10-236-191-2_436521753_9.csv,30000,1623,False,True,3,0.004404957988299429
tier_100k,1_1438042987127.36_20150728002307-00214-ip-10-236-191-2_225430488_0.csv,30000,3708,False,True,3,0.01291148696327582
tier_100k,0_1438042988061.16_20150728002308-00047-ip-10-236-191-2_843664602_0.csv,30000,2094,False,True,1,0.003204717009793967
tier_100k,0_1438042988061.16_20150728002308-00181-ip-10-236-191-2_216538600_0.csv,30000,868,False,True,1,0.0013252070057205856
tier_100k,0_1438042988061.16_20150728002308-00002-ip-10-236-191-2_545269850_0.csv,30000,1974,False,True,2,0.0045542019652202725
tier_100k,0_1438042988061.16_20150728002308-00330-ip-10-236-191-2_795231590_4.csv,30000,3685,False,True,1,0.006612808036152273
tier_100k,0_1438042988061.16_20150728002308-00235-ip-10-236-191-2_713850328_17.csv,30000,2309,False,True,1,0.0033725799876265228
tier_100k,0_1438042988458.74_20150728002308-00232-ip-10-236-191-2_795586035_3.csv,30000,1762,False,True,1,0.0024918559938669205
tier_100k,0_1438042988458.74_20150728002308-00250-ip-10-236-191-2_501951825_0.csv,30000,1974,False,True,2,0.004576787003315985
tier_100k,1_1438042987127.36_20150728002307-00037-ip-10-236-191-2_318965632_0.csv,30000,1855,False,True,2,0.004025721980724484
tier_100k,0_1438042988061.16_20150728002308-00041-ip-10-236-191-2_37534908_6.csv,30000,2334,False,True,2,0.0049927940126508474
tier_100k,1_1438042987127.36_20150728002307-00269-ip-10-236-191-2_847834464_0.csv,30000,2813,False,True,2,0.006721559970173985
tier_100k,0_1438042988061.16_20150728002308-00199-ip-10-236-191-2_891430247_172.csv,30000,3362,False,True,1,0.006285395997110754
tier_100k,1_1438042987127.36_20150728002307-00153-ip-10-236-191-2_490931395_0.csv,30000,1974,False,True,2,0.004605796013493091
tier_100k,0_1438042988458.74_20150728002308-00081-ip-10-236-191-2_476604823_0.csv,30000,2424,False,True,2,0.005614958005025983
tier_100k,0_1438042988458.74_20150728002308-00210-ip-10-236-191-2_79682215_3.csv,30000,2577,False,True,1,0.004324570996686816
tier_100k,1_1438042987127.36_20150728002307-00008-ip-10-236-191-2_633806649_3.csv,30000,2088,False,True,2,0.004590410040691495
tier_100k,0_1438042988061.16_20150728002308-00201-ip-10-236-191-2_319577306_4.csv,30000,2406,False,True,1,0.003799275029450655
tier_100k,1_1438042990112.50_20150728002310-00310-ip-10-236-191-2_200224826_0.csv,30000,2795,False,True,1,0.004485981015022844
tier_100k,1_1438042987127.36_20150728002307-00102-ip-10-236-191-2_893578330_152.csv,30000,3739,False,True,1,0.007257859979290515
tier_100k,1_1438042990112.50_20150728002310-00044-ip-10-236-191-2_261321661_61.csv,30000,2796,False,True,2,0.0070564429624937475
tier_100k,1_1438042987127.36_20150728002307-00074-ip-10-236-191-2_137128786_0.csv,30000,2840,False,True,2,0.007007733976934105
tier_100k,1_1438042987127.36_20150728002307-00082-ip-10-236-191-2_795702564_10.csv,30000,1986,False,True,2,0.004564278002362698
tier_1m,1_1438042987127.36_20150728002307-00144-ip-10-236-191-2_676020729_0.csv,5000,481,False,True,1,0.0007275660173036158
tier_1m,0_1438042988061.16_20150728002308-00282-ip-10-236-191-2_894007386_3.csv,5000,2625,False,True,1,0.004489767015911639
tier_1m,0_1438042988458.74_20150728002308-00249-ip-10-236-191-2_328699461_4.csv,5000,1692,False,True,1,0.002713702036999166
tier_1m,1_1438042987127.36_20150728002307-00114-ip-10-236-191-2_902351685_191.csv,5000,3139,False,True,1,0.005999011977110058
tier_1m,1_1438042987127.36_20150728002307-00182-ip-10-236-191-2_150862475_5.csv,5000,260,False,True,1,0.0004662359715439379
tier_1m,1_1438042987127.36_20150728002307-00000-ip-10-236-191-2_300770320_2.csv,5000,623,False,True,2,0.0012775379582308233
tier_1m,1_1438042987127.36_20150728002307-00080-ip-10-236-191-2_899463259_102.csv,5000,3011,False,True,1,0.005679210997186601
tier_1m,1_1438042990112.50_20150728002310-00154-ip-10-236-191-2_303864106_21.csv,5000,323,False,True,1,0.000509253004565835
tier_1m,0_1438042988458.74_20150728002308-00095-ip-10-236-191-2_520943855_0.csv,5000,309,False,True,2,0.0005844980478286743
tier_1m,1_1438042987127.36_20150728002307-00145-ip-10-236-191-2_499439925_0.csv,5000,946,False,True,3,0.002502930990885943
tier_1m,1_1438042990112.50_20150728002310-00013-ip-10-236-191-2_321346784_4.csv,5000,1542,False,True,1,0.00236725399736315
tier_1m,1_1438042987127.36_20150728002307-00033-ip-10-236-191-2_482136553_0.csv,5000,378,False,True,1,0.0005529330228455365
tier_1m,0_1438042988061.16_20150728002308-00109-ip-10-236-191-2_681611335_21.csv,5000,388,False,True,3,0.0009782499982975423
tier_1m,0_1438042988061.16_20150728002308-00244-ip-10-236-191-2_65898746_2.csv,5000,2500,False,True,1,0.004129472014028579
tier_1m,0_1438042988061.16_20150728002308-00215-ip-10-236-191-2_362876303_35.csv,5000,638,False,True,2,0.00144582602661103
tier_1m,1_1438042990112.50_20150728002310-00312-ip-10-236-191-2_3243890_59.csv,5000,296,False,True,3,0.0007124280091375113
tier_1m,1_1438042990112.50_20150728002310-00085-ip-10-236-191-2_403435483_3.csv,5000,769,False,True,1,0.0012315530329942703
tier_1m,0_1438042988061.16_20150728002308-00194-ip-10-236-191-2_846810834_13.csv,5000,165,False,True,2,0.000331653980538249
tier_1m,1_1438042990112.50_20150728002310-00286-ip-10-236-191-2_318221297_4.csv,5000,1688,False,True,1,0.0026347990497015417
tier_1m,1_1438042987127.36_20150728002307-00290-ip-10-236-191-2_407999777_10.csv,5000,533,False,True,3,0.001171212992630899
tier_1m,0_1438042988458.74_20150728002308-00166-ip-10-236-191-2_302386578_10.csv,5000,627,False,True,3,0.0016037860186770558
tier_1m,0_1438042988458.74_20150728002308-00253-ip-10-236-191-2_222600153_3.csv,5000,318,False,True,2,0.000623175990767777
tier_1m,1_1438042990112.50_20150728002310-00237-ip-10-236-191-2_880298254_15.csv,5000,2826,False,True,1,0.005577785021159798
tier_1m,0_1438042988061.16_20150728002308-00089-ip-10-236-191-2_807127666_2.csv,5000,831,False,True,1,0.0014602259616367519
tier_1m,0_1438042988458.74_20150728002308-00060-ip-10-236-191-2_492355315_1.csv,5000,2500,False,True,1,0.004095914016943425
tier_1m,1_1438042990112.50_20150728002310-00296-ip-10-236-191-2_202658094_3.csv,5000,528,False,True,3,0.0013633380294777453
tier_1m,1_1438042988061.16_20150728002308-00013-ip-10-236-191-2_636339982_0.csv,5000,625,False,True,1,0.0009134559659287333
tier_1m,1_1438042987127.36_20150728002307-00294-ip-10-236-191-2_390417830_16.csv,5000,812,False,True,1,0.0012857720139436424
tier_1m,0_1438042988458.74_20150728002308-00254-ip-10-236-191-2_909417374_257.csv,5000,2794,False,True,1,0.005531855975277722
tier_1m,0_1438042988061.16_20150728002308-00101-ip-10-236-191-2_653250037_0.csv,5000,176,False,True,2,0.00036597205325961113
tier_1m,0_1438042988458.74_20150728002308-00046-ip-10-236-191-2_428007644_11.csv,5000,2,True,False,0,9.26025677472353e-07
tier_1m,1_1438042987127.36_20150728002307-00290-ip-10-236-191-2_469307566_0.csv,5000,575,False,True,1,0.0009486280032433569
tier_1m,1_1438042990112.50_20150728002310-00062-ip-10-236-191-2_896744244_9.csv,5000,2635,False,True,1,0.004641783016268164
tier_1m,1_1438042990112.50_20150728002310-00225-ip-10-236-191-2_718036865_0.csv,5000,1231,False,True,1,0.002127572020981461
tier_1m,0_1438042988061.16_20150728002308-00189-ip-10-236-191-2_414087396_10.csv,5000,387,False,True,2,0.0007350009982474148
tier_1m,0_1438042988061.16_20150728002308-00144-ip-10-236-191-2_279381280_30.csv,5000,1398,False,True,1,0.0023881419911049306
tier_1m,1_1438042990112.50_20150728002310-00081-ip-10-236-191-2_890934925_129.csv,5000,2295,False,True,1,0.004014303034637123
tier_1m,0_1438042988061.16_20150728002308-00133-ip-10-236-191-2_59742533_2.csv,5000,482,False,True,1,0.0007367900107055902
tier_1m,1_1438042990112.50_20150728002310-00259-ip-10-236-191-2_889779227_121.csv,5000,2785,False,True,1,0.005295006965752691
tier_1m,0_1438042988458.74_20150728002308-00262-ip-10-236-191-2_380524338_2.csv,5000,1148,False,True,1,0.0017361959908157587
tier_1m,1_1438042987127.36_20150728002307-00027-ip-10-236-191-2_67802697_2.csv,5000,678,False,True,1,0.0010414999560452998
tier_1m,0_1438042988458.74_20150728002308-00175-ip-10-236-191-2_385639780_18.csv,5000,756,False,True,2,0.0016567240236327052
tier_1m,0_1438042988458.74_20150728002308-00303-ip-10-236-191-2_56708567_9.csv,5000,806,False,True,1,0.0012165990192443132
tier_1m,0_1438042988458.74_20150728002308-00063-ip-10-236-191-2_657101208_1.csv,5000,813,False,True,1,0.0013313369709067047
tier_1m,1_1438042990112.50_20150728002310-00190-ip-10-236-191-2_436521753_9.csv,5000,302,False,True,2,0.0006239289650693536
tier_1m,1_1438042987127.36_20150728002307-00214-ip-10-236-191-2_225430488_0.csv,5000,290,False,True,2,0.0005272820126265287
tier_1m,0_1438042988061.16_20150728002308-00047-ip-10-236-191-2_843664602_0.csv,5000,309,False,True,2,0.0006289759767241776
tier_1m,0_1438042988061.16_20150728002308-00181-ip-10-236-191-2_216538600_0.csv,5000,874,False,True,1,0.0013353839749470353
tier_1m,0_1438042988061.16_20150728002308-00002-ip-10-236-191-2_545269850_0.csv,5000,2500,False,True,1,0.004139944969210774
tier_1m,0_1438042988061.16_20150728002308-00330-ip-10-236-191-2_795231590_4.csv,5000,533,False,True,2,0.001030982006341219
tier_1m,0_1438042988061.16_20150728002308-00235-ip-10-236-191-2_713850328_17.csv,5000,405,False,True,2,0.0007771879900246859
tier_1m,0_1438042988458.74_20150728002308-00232-ip-10-236-191-2_795586035_3.csv,5000,674,False,True,1,0.0010293190134689212
tier_1m,0_1438042988458.74_20150728002308-00250-ip-10-236-191-2_501951825_0.csv,5000,2500,False,True,1,0.00411536602769047
tier_1m,1_1438042987127.36_20150728002307-00037-ip-10-236-191-2_318965632_0.csv,5000,144,False,True,3,0.00036350602749735117
tier_1m,0_1438042988061.16_20150728002308-00041-ip-10-236-191-2_37534908_6.csv,5000,407,False,True,2,0.0007081770454533398
tier_1m,1_1438042987127.36_20150728002307-00269-ip-10-236-191-2_847834464_0.csv,5000,525,False,True,3,0.001411851029843092
tier_1m,0_1438042988061.16_20150728002308-00199-ip-10-236-191-2_891430247_172.csv,5000,2286,False,True,1,0.0039028790197335184
tier_1m,1_1438042987127.36_20150728002307-00153-ip-10-236-191-2_490931395_0.csv,5000,625,False,True,1,0.0009631949942559004
tier_1m,0_1438042988458.74_20150728002308-00081-ip-10-236-191-2_476604823_0.csv,5000,1252,False,True,1,0.0021344380220398307
tier_1m,0_1438042988458.74_20150728002308-00210-ip-10-236-191-2_79682215_3.csv,5000,486,False,True,1,0.0007493089651688933
tier_1m,1_1438042987127.36_20150728002307-00008-ip-10-236-191-2_633806649_3.csv,5000,453,False,True,1,0.0006655040197074413
tier_1m,0_1438042988061.16_20150728002308-00201-ip-10-236-191-2_319577306_4.csv,5000,1609,False,True,1,0.0024349020095542073
tier_1m,1_1438042990112.50_20150728002310-00310-ip-10-236-191-2_200224826_0.csv,5000,595,False,True,2,0.0011978320544585586
tier_1m,1_1438042987127.36_20150728002307-00102-ip-10-236-191-2_893578330_152.csv,5000,2617,False,True,1,0.004897396021988243
tier_1m,1_1438042990112.50_20150728002310-00044-ip-10-236-191-2_261321661_61.csv,5000,625,False,True,1,0.0010740840225480497
tier_1m,1_1438042987127.36_20150728002307-00074-ip-10-236-191-2_137128786_0.csv,5000,632,False,True,1,0.001062635041307658
tier_1m,1_1438042987127.36_20150728002307-00082-ip-10-236-191-2_795702564_10.csv,5000,805,False,True,1,0.0013920789933763444
tier_1m,1_1438042987127.36_20150728002307-00144-ip-10-236-191-2_676020729_0.csv,10000,776,False,True,2,0.00167908298317343
tier_1m,0_1438042988061.16_20150728002308-00282-ip-10-236-191-2_894007386_3.csv,10000,5082,False,True,1,0.010132531984709203
tier_1m,0_1438042988458.74_20150728002308-00249-ip-10-236-191-2_328699461_4.csv,10000,3296,False,True,1,0.005849824985489249
tier_1m,1_1438042987127.36_20150728002307-00114-ip-10-236-191-2_902351685_191.csv,10000,6275,False,True,1,0.013939516036771238
tier_1m,1_1438042987127.36_20150728002307-00182-ip-10-236-191-2_150862475_5.csv,10000,598,False,True,1,0.0009384849690832198
tier_1m,1_1438042987127.36_20150728002307-00000-ip-10-236-191-2_300770320_2.csv,10000,1149,False,True,3,0.0032454479951411486
tier_1m,1_1438042987127.36_20150728002307-00080-ip-10-236-191-2_899463259_102.csv,10000,5725,False,True,1,0.012116973986849189
tier_1m,1_1438042990112.50_20150728002310-00154-ip-10-236-191-2_303864106_21.csv,10000,656,False,True,1,0.0009435350075364113
tier_1m,0_1438042988458.74_20150728002308-00095-ip-10-236-191-2_520943855_0.csv,10000,708,False,True,2,0.0013862699852325022
tier_1m,1_1438042987127.36_20150728002307-00145-ip-10-236-191-2_499439925_0.csv,10000,1693,False,True,2,0.003591564018279314
tier_1m,1_1438042990112.50_20150728002310-00013-ip-10-236-191-2_321346784_4.csv,10000,3221,False,True,1,0.005658554960973561
tier_1m,1_1438042987127.36_20150728002307-00033-ip-10-236-191-2_482136553_0.csv,10000,810,False,True,2,0.0017952790367417037
tier_1m,0_1438042988061.16_20150728002308-00109-ip-10-236-191-2_681611335_21.csv,10000,948,False,True,4,0.0031389109790325165
tier_1m,0_1438042988061.16_20150728002308-00244-ip-10-236-191-2_65898746_2.csv,10000,2500,False,True,1,0.004087392007932067
tier_1m,0_1438042988061.16_20150728002308-00215-ip-10-236-191-2_362876303_35.csv,10000,1391,False,True,2,0.003530604997649789
tier_1m,1_1438042990112.50_20150728002310-00312-ip-10-236-191-2_3243890_59.csv,10000,591,False,True,2,0.0011928059975616634
tier_1m,1_1438042990112.50_20150728002310-00085-ip-10-236-191-2_403435483_3.csv,10000,1293,False,True,1,0.0019854409620165825
tier_1m,0_1438042988061.16_20150728002308-00194-ip-10-236-191-2_846810834_13.csv,10000,454,False,True,2,0.0009073929977603257
tier_1m,1_1438042990112.50_20150728002310-00286-ip-10-236-191-2_318221297_4.csv,10000,3233,False,True,1,0.00567730498732999
tier_1m,1_1438042987127.36_20150728002307-00290-ip-10-236-191-2_407999777_10.csv,10000,967,False,True,2,0.001667616015765816
tier_1m,0_1438042988458.74_20150728002308-00166-ip-10-236-191-2_302386578_10.csv,10000,1201,False,True,2,0.0024407769669778645
tier_1m,0_1438042988458.74_20150728002308-00253-ip-10-236-191-2_222600153_3.csv,10000,621,False,True,2,0.0012522219913080335
tier_1m,1_1438042990112.50_20150728002310-00237-ip-10-236-191-2_880298254_15.csv,10000,5293,False,True,1,0.011948135972488672
tier_1m,0_1438042988061.16_20150728002308-00089-ip-10-236-191-2_807127666_2.csv,10000,1652,False,True,1,0.0030905280145816505
tier_1m,0_1438042988458.74_20150728002308-00060-ip-10-236-191-2_492355315_1.csv,10000,2500,False,True,1,0.004088765010237694
tier_1m,1_1438042990112.50_20150728002310-00296-ip-10-236-191-2_202658094_3.csv,10000,1069,False,True,2,0.0022224269923754036
tier_1m,1_1438042988061.16_20150728002308-00013-ip-10-236-191-2_636339982_0.csv,10000,625,False,True,1,0.0009389829938299954
tier_1m,1_1438042987127.36_20150728002307-00294-ip-10-236-191-2_390417830_16.csv,10000,1623,False,True,1,0.0027172649861313403
tier_1m,0_1438042988458.74_20150728002308-00254-ip-10-236-191-2_909417374_257.csv,10000,5293,False,True,1,0.011840263032354414
tier_1m,0_1438042988061.16_20150728002308-00101-ip-10-236-191-2_653250037_0.csv,10000,187,False,True,2,0.0004297930281609297
tier_1m,0_1438042988458.74_20150728002308-00046-ip-10-236-191-2_428007644_11.csv,10000,2,True,False,0,8.060014806687832e-07
tier_1m,1_1438042987127.36_20150728002307-00290-ip-10-236-191-2_469307566_0.csv,10000,909,False,True,1,0.0015277130296453834
tier_1m,1_1438042990112.50_20150728002310-00062-ip-10-236-191-2_896744244_9.csv,10000,5183,False,True,1,0.011104431992862374
tier_1m,1_1438042990112.50_20150728002310-00225-ip-10-236-191-2_718036865_0.csv,10000,1806,False,True,2,0.004659654980059713
tier_1m,0_1438042988061.16_20150728002308-00189-ip-10-236-191-2_414087396_10.csv,10000,747,False,True,2,0.001478282967582345
tier_1m,0_1438042988061.16_20150728002308-00144-ip-10-236-191-2_279381280_30.csv,10000,1852,False,True,1,0.003180046973284334
tier_1m,1_1438042990112.50_20150728002310-00081-ip-10-236-191-2_890934925_129.csv,10000,4520,False,True,1,0.011544105014763772
tier_1m,0_1438042988061.16_20150728002308-00133-ip-10-236-191-2_59742533_2.csv,10000,877,False,True,1,0.0013553830212913454
tier_1m,1_1438042990112.50_20150728002310-00259-ip-10-236-191-2_889779227_121.csv,10000,5484,False,True,1,0.011462714988738298
tier_1m,0_1438042988458.74_20150728002308-00262-ip-10-236-191-2_380524338_2.csv,10000,1643,False,True,2,0.0037203130195848644
tier_1m,1_1438042987127.36_20150728002307-00027-ip-10-236-191-2_67802697_2.csv,10000,1516,False,True,1,0.0024273789604194462
tier_1m,0_1438042988458.74_20150728002308-00175-ip-10-236-191-2_385639780_18.csv,10000,1472,False,True,1,0.002297590021044016
tier_1m,0_1438042988458.74_20150728002308-00303-ip-10-236-191-2_56708567_9.csv,10000,1590,False,True,2,0.003771090996451676
tier_1m,0_1438042988458.74_20150728002308-00063-ip-10-236-191-2_657101208_1.csv,10000,1528,False,True,1,0.0026052650064229965
tier_1m,1_1438042990112.50_20150728002310-00190-ip-10-236-191-2_436521753_9.csv,10000,606,False,True,3,0.0016129069845192134
tier_1m,1_1438042987127.36_20150728002307-00214-ip-10-236-191-2_225430488_0.csv,10000,627,False,True,2,0.001236276002600789
tier_1m,0_1438042988061.16_20150728002308-00047-ip-10-236-191-2_843664602_0.csv,10000,467,False,True,3,0.0012362460256554186
tier_1m,0_1438042988061.16_20150728002308-00181-ip-10-236-191-2_216538600_0.csv,10000,3576,False,True,1,0.006547215045429766
tier_1m,0_1438042988061.16_20150728002308-00002-ip-10-236-191-2_545269850_0.csv,10000,2500,False,True,1,0.00417473801644519
tier_1m,0_1438042988061.16_20150728002308-00330-ip-10-236-191-2_795231590_4.csv,10000,1065,False,True,1,0.0015297699719667435
tier_1m,0_1438042988061.16_20150728002308-00235-ip-10-236-191-2_713850328_17.csv,10000,807,False,True,1,0.0010972360032610595
tier_1m,0_1438042988458.74_20150728002308-00232-ip-10-236-191-2_795586035_3.csv,10000,1142,False,True,1,0.0017216179985553026
tier_1m,0_1438042988458.74_20150728002308-00250-ip-10-236-191-2_501951825_0.csv,10000,2500,False,True,1,0.0040684190462343395
tier_1m,1_1438042987127.36_20150728002307-00037-ip-10-236-191-2_318965632_0.csv,10000,318,False,True,2,0.0006161679630167782
tier_1m,0_1438042988061.16_20150728002308-00041-ip-10-236-191-2_37534908_6.csv,10000,798,False,True,2,0.0014082019915804267
tier_1m,1_1438042987127.36_20150728002307-00269-ip-10-236-191-2_847834464_0.csv,10000,1053,False,True,3,0.0029038400389254093
tier_1m,0_1438042988061.16_20150728002308-00199-ip-10-236-191-2_891430247_172.csv,10000,4638,False,True,1,0.009350423002615571
tier_1m,1_1438042987127.36_20150728002307-00153-ip-10-236-191-2_490931395_0.csv,10000,625,False,True,1,0.0009825029992498457
tier_1m,0_1438042988458.74_20150728002308-00081-ip-10-236-191-2_476604823_0.csv,10000,1252,False,True,1,0.0021090609952807426
tier_1m,0_1438042988458.74_20150728002308-00210-ip-10-236-191-2_79682215_3.csv,10000,945,False,True,1,0.0014793510199524462
tier_1m,1_1438042987127.36_20150728002307-00008-ip-10-236-191-2_633806649_3.csv,10000,788,False,True,1,0.0011684559867717326
tier_1m,0_1438042988061.16_20150728002308-00201-ip-10-236-191-2_319577306_4.csv,10000,3399,False,True,1,0.005889544961974025
tier_1m,1_1438042990112.50_20150728002310-00310-ip-10-236-191-2_200224826_0.csv,10000,1098,False,True,3,0.0030173150007613003
tier_1m,1_1438042987127.36_20150728002307-00102-ip-10-236-191-2_893578330_152.csv,10000,5072,False,True,1,0.011126902012620121
tier_1m,1_1438042990112.50_20150728002310-00044-ip-10-236-191-2_261321661_61.csv,10000,625,False,True,1,0.0010566479759290814
tier_1m,1_1438042987127.36_20150728002307-00074-ip-10-236-191-2_137128786_0.csv,10000,1056,False,True,1,0.0017536499653942883
tier_1m,1_1438042987127.36_20150728002307-00082-ip-10-236-191-2_795702564_10.csv,10000,1650,False,True,1,0.0029968199669383466
tier_1m,1_1438042987127.36_20150728002307-00144-ip-10-236-191-2_676020729_0.csv,15000,1101,False,True,3,0.0032251080265268683
tier_1m,0_1438042988061.16_20150728002308-00282-ip-10-236-191-2_894007386_3.csv,15000,7525,False,True,1,0.016292134998366237
tier_1m,0_1438042988458.74_20150728002308-00249-ip-10-236-191-2_328699461_4.csv,15000,5040,False,True,1,0.009356402035336941
tier_1m,1_1438042987127.36_20150728002307-00114-ip-10-236-191-2_902351685_191.csv,15000,9262,False,True,1,0.021599610976409167
tier_1m,1_1438042987127.36_20150728002307-00182-ip-10-236-191-2_150862475_5.csv,15000,930,False,True,1,0.0015665420214645565
tier_1m,1_1438042987127.36_20150728002307-00000-ip-10-236-191-2_300770320_2.csv,15000,1747,False,True,3,0.005114992964081466
tier_1m,1_1438042987127.36_20150728002307-00080-ip-10-236-191-2_899463259_102.csv,15000,8356,False,True,1,0.019175550958607346
tier_1m,1_1438042990112.50_20150728002310-00154-ip-10-236-191-2_303864106_21.csv,15000,978,False,True,2,0.0020754929864779115
tier_1m,0_1438042988458.74_20150728002308-00095-ip-10-236-191-2_520943855_0.csv,15000,1113,False,True,3,0.0029612270300276577
tier_1m,1_1438042987127.36_20150728002307-00145-ip-10-236-191-2_499439925_0.csv,15000,2305,False,True,4,0.008370848023332655
tier_1m,1_1438042990112.50_20150728002310-00013-ip-10-236-191-2_321346784_4.csv,15000,4942,False,True,1,0.009322903002612293
tier_1m,1_1438042987127.36_20150728002307-00033-ip-10-236-191-2_482136553_0.csv,15000,922,False,True,2,0.0020726799848489463
tier_1m,0_1438042988061.16_20150728002308-00109-ip-10-236-191-2_681611335_21.csv,15000,1380,False,True,4,0.004630185023415834
tier_1m,0_1438042988061.16_20150728002308-00244-ip-10-236-191-2_65898746_2.csv,15000,3750,False,True,1,0.00703233404783532
tier_1m,0_1438042988061.16_20150728002308-00215-ip-10-236-191-2_362876303_35.csv,15000,2144,False,True,2,0.0057680950267240405
tier_1m,1_1438042990112.50_20150728002310-00312-ip-10-236-191-2_3243890_59.csv,15000,814,False,True,2,0.0016726049943827093
tier_1m,1_1438042990112.50_20150728002310-00085-ip-10-236-191-2_403435483_3.csv,15000,2862,False,True,1,0.00529333803569898
tier_1m,0_1438042988061.16_20150728002308-00194-ip-10-236-191-2_846810834_13.csv,15000,715,False,True,3,0.0019297079998068511
tier_1m,1_1438042990112.50_20150728002310-00286-ip-10-236-191-2_318221297_4.csv,15000,4921,False,True,1,0.009098817012272775
tier_1m,1_1438042987127.36_20150728002307-00290-ip-10-236-191-2_407999777_10.csv,15000,1308,False,True,1,0.0015988649684004486
tier_1m,0_1438042988458.74_20150728002308-00166-ip-10-236-191-2_302386578_10.csv,15000,1641,False,True,3,0.0045407459838315845
tier_1m,0_1438042988458.74_20150728002308-00253-ip-10-236-191-2_222600153_3.csv,15000,934,False,True,2,0.0019106270046904683
tier_1m,1_1438042990112.50_20150728002310-00237-ip-10-236-191-2_880298254_15.csv,15000,7740,False,True,1,0.017949083005078137
tier_1m,0_1438042988061.16_20150728002308-00089-ip-10-236-191-2_807127666_2.csv,15000,2499,False,True,1,0.004929655988235027
tier_1m,0_1438042988458.74_20150728002308-00060-ip-10-236-191-2_492355315_1.csv,15000,3750,False,True,1,0.007156170031521469
tier_1m,1_1438042990112.50_20150728002310-00296-ip-10-236-191-2_202658094_3.csv,15000,1544,False,True,2,0.003413108002860099
tier_1m,1_1438042988061.16_20150728002308-00013-ip-10-236-191-2_636339982_0.csv,15000,937,False,True,1,0.0014890250167809427
tier_1m,1_1438042987127.36_20150728002307-00294-ip-10-236-191-2_390417830_16.csv,15000,2381,False,True,1,0.004092407994903624
tier_1m,0_1438042988458.74_20150728002308-00254-ip-10-236-191-2_909417374_257.csv,15000,7739,False,True,1,0.018283270008396357
tier_1m,0_1438042988061.16_20150728002308-00101-ip-10-236-191-2_653250037_0.csv,15000,334,False,True,2,0.0006555239669978619
tier_1m,0_1438042988458.74_20150728002308-00046-ip-10-236-191-2_428007644_11.csv,15000,2,True,False,0,7.00994860380888e-07
tier_1m,1_1438042987127.36_20150728002307-00290-ip-10-236-191-2_469307566_0.csv,15000,909,False,True,1,0.0015459569985978305
tier_1m,1_1438042990112.50_20150728002310-00062-ip-10-236-191-2_896744244_9.csv,15000,7702,False,True,1,0.017149247985798866
tier_1m,1_1438042990112.50_20150728002310-00225-ip-10-236-191-2_718036865_0.csv,15000,2255,False,True,3,0.007768091978505254
tier_1m,0_1438042988061.16_20150728002308-00189-ip-10-236-191-2_414087396_10.csv,15000,1063,False,True,1,0.0014553919900208712
tier_1m,0_1438042988061.16_20150728002308-00144-ip-10-236-191-2_279381280_30.csv,15000,3730,False,True,1,0.007318074000068009
tier_1m,1_1438042990112.50_20150728002310-00081-ip-10-236-191-2_890934925_129.csv,15000,6623,False,True,1,0.014358562999404967
tier_1m,0_1438042988061.16_20150728002308-00133-ip-10-236-191-2_59742533_2.csv,15000,1089,False,True,1,0.0017427680431865156
tier_1m,1_1438042990112.50_20150728002310-00259-ip-10-236-191-2_889779227_121.csv,15000,8126,False,True,1,0.01875307399313897
tier_1m,0_1438042988458.74_20150728002308-00262-ip-10-236-191-2_380524338_2.csv,15000,2234,False,True,3,0.006940794992260635
tier_1m,1_1438042987127.36_20150728002307-00027-ip-10-236-191-2_67802697_2.csv,15000,2372,False,True,1,0.00401132000843063
tier_1m,0_1438042988458.74_20150728002308-00175-ip-10-236-191-2_385639780_18.csv,15000,2124,False,True,1,0.0034527319949120283
tier_1m,0_1438042988458.74_20150728002308-00303-ip-10-236-191-2_56708567_9.csv,15000,2401,False,True,1,0.00399497797479853
tier_1m,0_1438042988458.74_20150728002308-00063-ip-10-236-191-2_657101208_1.csv,15000,2208,False,True,1,0.00397562695434317
tier_1m,1_1438042990112.50_20150728002310-00190-ip-10-236-191-2_436521753_9.csv,15000,893,False,True,3,0.002363415027502924
tier_1m,1_1438042987127.36_20150728002307-00214-ip-10-236-191-2_225430488_0.csv,15000,1354,False,True,1,0.002038883976638317
tier_1m,0_1438042988061.16_20150728002308-00047-ip-10-236-191-2_843664602_0.csv,15000,677,False,True,2,0.0013529509888030589
tier_1m,0_1438042988061.16_20150728002308-00181-ip-10-236-191-2_216538600_0.csv,15000,6106,False,True,1,0.012715607008431107
tier_1m,0_1438042988061.16_20150728002308-00002-ip-10-236-191-2_545269850_0.csv,15000,3750,False,True,1,0.007185611000750214
tier_1m,0_1438042988061.16_20150728002308-00330-ip-10-236-191-2_795231590_4.csv,15000,1592,False,True,2,0.0034161770017817616
tier_1m,0_1438042988061.16_20150728002308-00235-ip-10-236-191-2_713850328_17.csv,15000,1284,False,True,1,0.0017933189519681036
tier_1m,0_1438042988458.74_20150728002308-00232-ip-10-236-191-2_795586035_3.csv,15000,1506,False,True,1,0.0022643959964625537
tier_1m,0_1438042988458.74_20150728002308-00250-ip-10-236-191-2_501951825_0.csv,15000,3750,False,True,1,0.006786490965168923
tier_1m,1_1438042987127.36_20150728002307-00037-ip-10-236-191-2_318965632_0.csv,15000,581,False,True,3,0.0015183030045591295
tier_1m,0_1438042988061.16_20150728002308-00041-ip-10-236-191-2_37534908_6.csv,15000,1193,False,True,2,0.0022068420075811446
tier_1m,1_1438042987127.36_20150728002307-00269-ip-10-236-191-2_847834464_0.csv,15000,1537,False,True,2,0.0032973469933494925
tier_1m,0_1438042988061.16_20150728002308-00199-ip-10-236-191-2_891430247_172.csv,15000,7095,False,True,1,0.015549022005870938
tier_1m,1_1438042987127.36_20150728002307-00153-ip-10-236-191-2_490931395_0.csv,15000,937,False,True,1,0.0015370739856734872
tier_1m,0_1438042988458.74_20150728002308-00081-ip-10-236-191-2_476604823_0.csv,15000,1894,False,True,1,0.006294928025454283
tier_1m,0_1438042988458.74_20150728002308-00210-ip-10-236-191-2_79682215_3.csv,15000,1415,False,True,1,0.0022959960042499006
tier_1m,1_1438042987127.36_20150728002307-00008-ip-10-236-191-2_633806649_3.csv,15000,1311,False,True,2,0.0030089920037426054
tier_1m,0_1438042988061.16_20150728002308-00201-ip-10-236-191-2_319577306_4.csv,15000,4851,False,True,1,0.00896422500954941
tier_1m,1_1438042990112.50_20150728002310-00310-ip-10-236-191-2_200224826_0.csv,15000,1620,False,True,3,0.004720340017229319
tier_1m,1_1438042987127.36_20150728002307-00102-ip-10-236-191-2_893578330_152.csv,15000,7532,False,True,1,0.017643780971411616
tier_1m,1_1438042990112.50_20150728002310-00044-ip-10-236-191-2_261321661_61.csv,15000,937,False,True,1,0.0017047799774445593
tier_1m,1_1438042987127.36_20150728002307-00074-ip-10-236-191-2_137128786_0.csv,15000,1581,False,True,3,0.005219201964791864
tier_1m,1_1438042987127.36_20150728002307-00082-ip-10-236-191-2_795702564_10.csv,15000,2469,False,True,1,0.004754567053169012
tier_1m,1_1438042987127.36_20150728002307-00144-ip-10-236-191-2_676020729_0.csv,20000,1445,False,True,3,0.004326010006479919
tier_1m,0_1438042988061.16_20150728002308-00282-ip-10-236-191-2_894007386_3.csv,20000,9961,False,True,1,0.022557132004294544
tier_1m,0_1438042988458.74_20150728002308-00249-ip-10-236-191-2_328699461_4.csv,20000,6601,False,True,1,0.012882202980108559
tier_1m,1_1438042987127.36_20150728002307-00114-ip-10-236-191-2_902351685_191.csv,20000,11962,False,True,1,0.029226016020402312
tier_1m,1_1438042987127.36_20150728002307-00182-ip-10-236-191-2_150862475_5.csv,20000,1290,False,True,1,0.0020752240088768303
tier_1m,1_1438042987127.36_20150728002307-00000-ip-10-236-191-2_300770320_2.csv,20000,2364,False,True,3,0.007312809000723064
tier_1m,1_1438042987127.36_20150728002307-00080-ip-10-236-191-2_899463259_102.csv,20000,10904,False,True,1,0.026253295014612377
tier_1m,1_1438042990112.50_20150728002310-00154-ip-10-236-191-2_303864106_21.csv,20000,1292,False,True,2,0.0027173410053364933
tier_1m,0_1438042988458.74_20150728002308-00095-ip-10-236-191-2_520943855_0.csv,20000,1462,False,True,2,0.002995517977979034
tier_1m,1_1438042987127.36_20150728002307-00145-ip-10-236-191-2_499439925_0.csv,20000,2928,False,True,3,0.009336245013400912
tier_1m,1_1438042990112.50_20150728002310-00013-ip-10-236-191-2_321346784_4.csv,20000,6513,False,True,1,0.013028094021137804
tier_1m,1_1438042987127.36_20150728002307-00033-ip-10-236-191-2_482136553_0.csv,20000,1049,False,True,2,0.002417281037196517
tier_1m,0_1438042988061.16_20150728002308-00109-ip-10-236-191-2_681611335_21.csv,20000,1849,False,True,3,0.005050207022577524
tier_1m,0_1438042988061.16_20150728002308-00244-ip-10-236-191-2_65898746_2.csv,20000,2500,False,True,1,0.004210583050735295
tier_1m,0_1438042988061.16_20150728002308-00215-ip-10-236-191-2_362876303_35.csv,20000,2903,False,True,2,0.008371998032089323
tier_1m,1_1438042990112.50_20150728002310-00312-ip-10-236-191-2_3243890_59.csv,20000,1027,False,True,1,0.0014761670026928186
tier_1m,1_1438042990112.50_20150728002310-00085-ip-10-236-191-2_403435483_3.csv,20000,3089,False,True,1,0.005649058031849563
tier_1m,0_1438042988061.16_20150728002308-00194-ip-10-236-191-2_846810834_13.csv,20000,953,False,True,3,0.002687087981030345
tier_1m,1_1438042990112.50_20150728002310-00286-ip-10-236-191-2_318221297_4.csv,20000,6530,False,True,1,0.012526987004093826
tier_1m,1_1438042987127.36_20150728002307-00290-ip-10-236-191-2_407999777_10.csv,20000,1622,False,True,3,0.0039226560038514435
tier_1m,0_1438042988458.74_20150728002308-00166-ip-10-236-191-2_302386578_10.csv,20000,1975,False,True,4,0.007094005006365478
tier_1m,0_1438042988458.74_20150728002308-00253-ip-10-236-191-2_222600153_3.csv,20000,1251,False,True,2,0.0025601040106266737
tier_1m,1_1438042990112.50_20150728002310-00237-ip-10-236-191-2_880298254_15.csv,20000,10155,False,True,1,0.02450365200638771
tier_1m,0_1438042988061.16_20150728002308-00089-ip-10-236-191-2_807127666_2.csv,20000,3340,False,True,1,0.00680930505041033
tier_1m,0_1438042988458.74_20150728002308-00060-ip-10-236-191-2_492355315_1.csv,20000,2500,False,True,1,0.004236958979163319
tier_1m,1_1438042990112.50_20150728002310-00296-ip-10-236-191-2_202658094_3.csv,20000,2021,False,True,2,0.004540103022009134
tier_1m,1_1438042988061.16_20150728002308-00013-ip-10-236-191-2_636339982_0.csv,20000,625,False,True,1,0.0009443059680052102
tier_1m,1_1438042987127.36_20150728002307-00294-ip-10-236-191-2_390417830_16.csv,20000,3133,False,True,1,0.005861585959792137
tier_1m,0_1438042988458.74_20150728002308-00254-ip-10-236-191-2_909417374_257.csv,20000,10204,False,True,1,0.02456502302084118
tier_1m,0_1438042988061.16_20150728002308-00101-ip-10-236-191-2_653250037_0.csv,20000,684,False,True,3,0.0017200910369865596
tier_1m,0_1438042988458.74_20150728002308-00046-ip-10-236-191-2_428007644_11.csv,20000,2,True,False,0,6.189802661538124e-07
tier_1m,1_1438042987127.36_20150728002307-00290-ip-10-236-191-2_469307566_0.csv,20000,2161,False,True,1,0.0038387500098906457
tier_1m,1_1438042990112.50_20150728002310-00062-ip-10-236-191-2_896744244_9.csv,20000,10178,False,True,1,0.024752049008384347
tier_1m,1_1438042990112.50_20150728002310-00225-ip-10-236-191-2_718036865_0.csv,20000,2754,False,True,3,0.009997888002544641
tier_1m,0_1438042988061.16_20150728002308-00189-ip-10-236-191-2_414087396_10.csv,20000,1440,False,True,1,0.00204744900111109
tier_1m,0_1438042988061.16_20150728002308-00144-ip-10-236-191-2_279381280_30.csv,20000,4472,False,True,1,0.009215170983225107
tier_1m,1_1438042990112.50_20150728002310-00081-ip-10-236-191-2_890934925_129.csv,20000,8703,False,True,1,0.019877873011864722
tier_1m,0_1438042988061.16_20150728002308-00133-ip-10-236-191-2_59742533_2.csv,20000,1352,False,True,1,0.0021701869554817677
tier_1m,1_1438042990112.50_20150728002310-00259-ip-10-236-191-2_889779227_121.csv,20000,10686,False,True,1,0.02528864098712802
tier_1m,0_1438042988458.74_20150728002308-00262-ip-10-236-191-2_380524338_2.csv,20000,3131,False,True,3,0.010713570984080434
tier_1m,1_1438042987127.36_20150728002307-00027-ip-10-236-191-2_67802697_2.csv,20000,3112,False,True,1,0.005719968001358211
tier_1m,0_1438042988458.74_20150728002308-00175-ip-10-236-191-2_385639780_18.csv,20000,2763,False,True,1,0.004881474014837295
tier_1m,0_1438042988458.74_20150728002308-00303-ip-10-236-191-2_56708567_9.csv,20000,3157,False,True,1,0.005938779970165342
tier_1m,0_1438042988458.74_20150728002308-00063-ip-10-236-191-2_657101208_1.csv,20000,2922,False,True,1,0.0057493639760650694
tier_1m,1_1438042990112.50_20150728002310-00190-ip-10-236-191-2_436521753_9.csv,20000,1201,False,True,2,0.002476561989169568
tier_1m,1_1438042987127.36_20150728002307-00214-ip-10-236-191-2_225430488_0.csv,20000,1737,False,True,1,0.002671152993571013
tier_1m,0_1438042988061.16_20150728002308-00047-ip-10-236-191-2_843664602_0.csv,20000,929,False,True,2,0.0018684819806367159
tier_1m,0_1438042988061.16_20150728002308-00181-ip-10-236-191-2_216538600_0.csv,20000,7266,False,True,1,0.015609314024914056
tier_1m,0_1438042988061.16_20150728002308-00002-ip-10-236-191-2_545269850_0.csv,20000,2500,False,True,1,0.004184858000371605
tier_1m,0_1438042988061.16_20150728002308-00330-ip-10-236-191-2_795231590_4.csv,20000,2133,False,True,2,0.004823117982596159
tier_1m,0_1438042988061.16_20150728002308-00235-ip-10-236-191-2_713850328_17.csv,20000,1677,False,True,1,0.002487785997800529
tier_1m,0_1438042988458.74_20150728002308-00232-ip-10-236-191-2_795586035_3.csv,20000,1893,False,True,1,0.002869569987524301
tier_1m,0_1438042988458.74_20150728002308-00250-ip-10-236-191-2_501951825_0.csv,20000,2500,False,True,1,0.00412578898249194
tier_1m,1_1438042987127.36_20150728002307-00037-ip-10-236-191-2_318965632_0.csv,20000,909,False,True,2,0.004501310002524406
tier_1m,0_1438042988061.16_20150728002308-00041-ip-10-236-191-2_37534908_6.csv,20000,1611,False,True,2,0.0031213279580697417
tier_1m,1_1438042987127.36_20150728002307-00269-ip-10-236-191-2_847834464_0.csv,20000,2042,False,True,1,0.0031291680061258376
tier_1m,0_1438042988061.16_20150728002308-00199-ip-10-236-191-2_891430247_172.csv,20000,9608,False,True,1,0.02262182702543214
tier_1m,1_1438042987127.36_20150728002307-00153-ip-10-236-191-2_490931395_0.csv,20000,625,False,True,1,0.0010457230382598937
tier_1m,0_1438042988458.74_20150728002308-00081-ip-10-236-191-2_476604823_0.csv,20000,2125,False,True,1,0.00368967599933967
tier_1m,0_1438042988458.74_20150728002308-00210-ip-10-236-191-2_79682215_3.csv,20000,1844,False,True,1,0.003030079009477049
tier_1m,1_1438042987127.36_20150728002307-00008-ip-10-236-191-2_633806649_3.csv,20000,1956,False,True,2,0.004789858998265117
tier_1m,0_1438042988061.16_20150728002308-00201-ip-10-236-191-2_319577306_4.csv,20000,6286,False,True,1,0.012360162974800915
tier_1m,1_1438042990112.50_20150728002310-00310-ip-10-236-191-2_200224826_0.csv,20000,2130,False,True,1,0.003264732949901372
tier_1m,1_1438042987127.36_20150728002307-00102-ip-10-236-191-2_893578330_152.csv,20000,10019,False,True,1,0.024083994037937373
tier_1m,1_1438042990112.50_20150728002310-00044-ip-10-236-191-2_261321661_61.csv,20000,625,False,True,1,0.001140727021265775
tier_1m,1_1438042987127.36_20150728002307-00074-ip-10-236-191-2_137128786_0.csv,20000,2587,False,True,2,0.006716767966281623
tier_1m,1_1438042987127.36_20150728002307-00082-ip-10-236-191-2_795702564_10.csv,20000,3304,False,True,1,0.006793198990635574
tier_1m,1_1438042987127.36_20150728002307-00144-ip-10-236-191-2_676020729_0.csv,25000,1778,False,True,2,0.004125448991544545
tier_1m,0_1438042988061.16_20150728002308-00282-ip-10-236-191-2_894007386_3.csv,25000,12351,False,True,1,0.029093737015500665
tier_1m,0_1438042988458.74_20150728002308-00249-ip-10-236-191-2_328699461_4.csv,25000,7839,False,True,1,0.01558135700179264
tier_1m,1_1438042987127.36_20150728002307-00114-ip-10-236-191-2_902351685_191.csv,25000,14358,False,True,1,0.036013838020153344
tier_1m,1_1438042987127.36_20150728002307-00182-ip-10-236-191-2_150862475_5.csv,25000,1665,False,True,1,0.0026871439768001437
tier_1m,1_1438042987127.36_20150728002307-00000-ip-10-236-191-2_300770320_2.csv,25000,2984,False,True,2,0.007586663996335119
tier_1m,1_1438042987127.36_20150728002307-00080-ip-10-236-191-2_899463259_102.csv,25000,13357,False,True,1,0.03333285095868632
tier_1m,1_1438042990112.50_20150728002310-00154-ip-10-236-191-2_303864106_21.csv,25000,1621,False,True,2,0.0035607959725894034
tier_1m,0_1438042988458.74_20150728002308-00095-ip-10-236-191-2_520943855_0.csv,25000,1835,False,True,2,0.004069285001605749
tier_1m,1_1438042987127.36_20150728002307-00145-ip-10-236-191-2_499439925_0.csv,25000,3172,False,True,3,0.010456779971718788
tier_1m,1_1438042990112.50_20150728002310-00013-ip-10-236-191-2_321346784_4.csv,25000,7722,False,True,1,0.015220119035802782
tier_1m,1_1438042987127.36_20150728002307-00033-ip-10-236-191-2_482136553_0.csv,25000,1168,False,True,2,0.0027555649867281318
tier_1m,0_1438042988061.16_20150728002308-00109-ip-10-236-191-2_681611335_21.csv,25000,2738,False,True,3,0.008738157979678363
tier_1m,0_1438042988061.16_20150728002308-00244-ip-10-236-191-2_65898746_2.csv,25000,3125,False,True,1,0.005645620985887945
tier_1m,0_1438042988061.16_20150728002308-00215-ip-10-236-191-2_362876303_35.csv,25000,3643,False,True,2,0.01103704096749425
tier_1m,1_1438042990112.50_20150728002310-00312-ip-10-236-191-2_3243890_59.csv,25000,1317,False,True,1,0.0018983369809575379
tier_1m,1_1438042990112.50_20150728002310-00085-ip-10-236-191-2_403435483_3.csv,25000,3336,False,True,1,0.006168557039927691
tier_1m,0_1438042988061.16_20150728002308-00194-ip-10-236-191-2_846810834_13.csv,25000,1209,False,True,2,0.002610549970995635
tier_1m,1_1438042990112.50_20150728002310-00286-ip-10-236-191-2_318221297_4.csv,25000,7841,False,True,1,0.015430269995704293
tier_1m,1_1438042987127.36_20150728002307-00290-ip-10-236-191-2_407999777_10.csv,25000,1932,False,True,4,0.006053909019101411
tier_1m,0_1438042988458.74_20150728002308-00166-ip-10-236-191-2_302386578_10.csv,25000,2335,False,True,3,0.0068898770259693265
tier_1m,0_1438042988458.74_20150728002308-00253-ip-10-236-191-2_222600153_3.csv,25000,1554,False,True,3,0.004342555999755859
tier_1m,1_1438042990112.50_20150728002310-00237-ip-10-236-191-2_880298254_15.csv,25000,12690,False,True,1,0.03142894298071042
tier_1m,0_1438042988061.16_20150728002308-00089-ip-10-236-191-2_807127666_2.csv,25000,4170,False,True,2,0.01364194299094379
tier_1m,0_1438042988458.74_20150728002308-00060-ip-10-236-191-2_492355315_1.csv,25000,3125,False,True,1,0.005659894028212875
tier_1m,1_1438042990112.50_20150728002310-00296-ip-10-236-191-2_202658094_3.csv,25000,2511,False,True,2,0.005888980987947434
tier_1m,1_1438042988061.16_20150728002308-00013-ip-10-236-191-2_636339982_0.csv,25000,781,False,True,1,0.001194302982185036
tier_1m,1_1438042987127.36_20150728002307-00294-ip-10-236-191-2_390417830_16.csv,25000,3811,False,True,1,0.0074163940153084695
tier_1m,0_1438042988458.74_20150728002308-00254-ip-10-236-191-2_909417374_257.csv,25000,12735,False,True,1,0.03171657299390063
tier_1m,0_1438042988061.16_20150728002308-00101-ip-10-236-191-2_653250037_0.csv,25000,1034,False,True,4,0.003239549056161195
tier_1m,0_1438042988458.74_20150728002308-00046-ip-10-236-191-2_428007644_11.csv,25000,2,True,False,0,6.399932317435741e-07
tier_1m,1_1438042987127.36_20150728002307-00290-ip-10-236-191-2_469307566_0.csv,25000,2162,False,True,1,0.0037742049898952246
tier_1m,1_1438042990112.50_20150728002310-00062-ip-10-236-191-2_896744244_9.csv,25000,12710,False,True,1,0.031097644998226315
tier_1m,1_1438042990112.50_20150728002310-00225-ip-10-236-191-2_718036865_0.csv,25000,3086,False,True,2,0.008702730992808938
tier_1m,0_1438042988061.16_20150728002308-00189-ip-10-236-191-2_414087396_10.csv,25000,1760,False,True,1,0.0024954560212790966
tier_1m,0_1438042988061.16_20150728002308-00144-ip-10-236-191-2_279381280_30.csv,25000,5650,False,True,1,0.012202554964460433
tier_1m,1_1438042990112.50_20150728002310-00081-ip-10-236-191-2_890934925_129.csv,25000,10778,False,True,1,0.02653476601699367
tier_1m,0_1438042988061.16_20150728002308-00133-ip-10-236-191-2_59742533_2.csv,25000,1785,False,True,1,0.0030580059974454343
tier_1m,1_1438042990112.50_20150728002310-00259-ip-10-236-191-2_889779227_121.csv,25000,13177,False,True,1,0.033114138001110405
tier_1m,0_1438042988458.74_20150728002308-00262-ip-10-236-191-2_380524338_2.csv,25000,3826,False,True,2,0.010588139004539698
tier_1m,1_1438042987127.36_20150728002307-00027-ip-10-236-191-2_67802697_2.csv,25000,3594,False,True,1,0.00674906000494957
tier_1m,0_1438042988458.74_20150728002308-00175-ip-10-236-191-2_385639780_18.csv,25000,3411,False,True,1,0.006422529986593872
tier_1m,0_1438042988458.74_20150728002308-00303-ip-10-236-191-2_56708567_9.csv,25000,3933,False,True,1,0.007415129977744073
tier_1m,0_1438042988458.74_20150728002308-00063-ip-10-236-191-2_657101208_1.csv,25000,3697,False,True,1,0.007387110032141209
tier_1m,1_1438042990112.50_20150728002310-00190-ip-10-236-191-2_436521753_9.csv,25000,1506,False,True,3,0.004068494017701596
tier_1m,1_1438042987127.36_20150728002307-00214-ip-10-236-191-2_225430488_0.csv,25000,2118,False,True,1,0.003333019034471363
tier_1m,0_1438042988061.16_20150728002308-00047-ip-10-236-191-2_843664602_0.csv,25000,1167,False,True,2,0.0024323819670826197
tier_1m,0_1438042988061.16_20150728002308-00181-ip-10-236-191-2_216538600_0.csv,25000,7338,False,True,1,0.015806893003173172
tier_1m,0_1438042988061.16_20150728002308-00002-ip-10-236-191-2_545269850_0.csv,25000,3125,False,True,1,0.005716980958823115
tier_1m,0_1438042988061.16_20150728002308-00330-ip-10-236-191-2_795231590_4.csv,25000,2672,False,True,2,0.006271424004808068
tier_1m,0_1438042988061.16_20150728002308-00235-ip-10-236-191-2_713850328_17.csv,25000,2018,False,True,1,0.0030080549768172204
tier_1m,0_1438042988458.74_20150728002308-00232-ip-10-236-191-2_795586035_3.csv,25000,2303,False,True,1,0.003697188978549093
tier_1m,0_1438042988458.74_20150728002308-00250-ip-10-236-191-2_501951825_0.csv,25000,3125,False,True,1,0.005750956013798714
tier_1m,1_1438042987127.36_20150728002307-00037-ip-10-236-191-2_318965632_0.csv,25000,1260,False,True,1,0.0018914130050688982
tier_1m,0_1438042988061.16_20150728002308-00041-ip-10-236-191-2_37534908_6.csv,25000,2007,False,True,2,0.004037999955471605
tier_1m,1_1438042987127.36_20150728002307-00269-ip-10-236-191-2_847834464_0.csv,25000,2540,False,True,1,0.004015937971416861
tier_1m,0_1438042988061.16_20150728002308-00199-ip-10-236-191-2_891430247_172.csv,25000,12142,False,True,1,0.031262853008229285
tier_1m,1_1438042987127.36_20150728002307-00153-ip-10-236-191-2_490931395_0.csv,25000,781,False,True,1,0.0012599379988387227
tier_1m,0_1438042988458.74_20150728002308-00081-ip-10-236-191-2_476604823_0.csv,25000,3425,False,True,1,0.006587954994756728
tier_1m,0_1438042988458.74_20150728002308-00210-ip-10-236-191-2_79682215_3.csv,25000,2275,False,True,1,0.0038334589917212725
tier_1m,1_1438042987127.36_20150728002307-00008-ip-10-236-191-2_633806649_3.csv,25000,2196,False,True,2,0.005370384955313057
tier_1m,0_1438042988061.16_20150728002308-00201-ip-10-236-191-2_319577306_4.csv,25000,7372,False,True,2,0.022009498963598162
tier_1m,1_1438042990112.50_20150728002310-00310-ip-10-236-191-2_200224826_0.csv,25000,2629,False,True,1,0.004175028996542096
tier_1m,1_1438042987127.36_20150728002307-00102-ip-10-236-191-2_893578330_152.csv,25000,12555,False,True,1,0.0321086390176788
tier_1m,1_1438042990112.50_20150728002310-00044-ip-10-236-191-2_261321661_61.csv,25000,781,False,True,1,0.001389511045999825
tier_1m,1_1438042987127.36_20150728002307-00074-ip-10-236-191-2_137128786_0.csv,25000,3061,False,True,3,0.011256255966145545
tier_1m,1_1438042987127.36_20150728002307-00082-ip-10-236-191-2_795702564_10.csv,25000,4111,False,True,1,0.008618373016361147
tier_1m,1_1438042987127.36_20150728002307-00144-ip-10-236-191-2_676020729_0.csv,30000,2140,False,True,2,0.005036756978370249
tier_1m,0_1438042988061.16_20150728002308-00282-ip-10-236-191-2_894007386_3.csv,30000,14748,False,True,1,0.03586300299502909
tier_1m,0_1438042988458.74_20150728002308-00249-ip-10-236-191-2_328699461_4.csv,30000,7944,False,True,2,0.0238400450325571
tier_1m,1_1438042987127.36_20150728002307-00114-ip-10-236-191-2_902351685_191.csv,30000,16715,False,True,1,0.04231735895154998
tier_1m,1_1438042987127.36_20150728002307-00182-ip-10-236-191-2_150862475_5.csv,30000,2033,False,True,1,0.003377015993464738
tier_1m,1_1438042987127.36_20150728002307-00000-ip-10-236-191-2_300770320_2.csv,30000,3552,False,True,2,0.009450219047721475
tier_1m,1_1438042987127.36_20150728002307-00080-ip-10-236-191-2_899463259_102.csv,30000,15819,False,True,1,0.04114917397964746
tier_1m,1_1438042990112.50_20150728002310-00154-ip-10-236-191-2_303864106_21.csv,30000,1936,False,True,2,0.004299791005905718
tier_1m,0_1438042988458.74_20150728002308-00095-ip-10-236-191-2_520943855_0.csv,30000,2156,False,True,2,0.0047634129878133535
tier_1m,1_1438042987127.36_20150728002307-00145-ip-10-236-191-2_499439925_0.csv,30000,4834,False,True,3,0.018340262002311647
tier_1m,1_1438042990112.50_20150728002310-00013-ip-10-236-191-2_321346784_4.csv,30000,8037,False,True,2,0.024093860003631562
tier_1m,1_1438042987127.36_20150728002307-00033-ip-10-236-191-2_482136553_0.csv,30000,1295,False,True,2,0.0030255960300564766
tier_1m,0_1438042988061.16_20150728002308-00109-ip-10-236-191-2_681611335_21.csv,30000,3116,False,True,3,0.01196936797350645
tier_1m,0_1438042988061.16_20150728002308-00244-ip-10-236-191-2_65898746_2.csv,30000,3750,False,True,1,0.006989503977820277
tier_1m,0_1438042988061.16_20150728002308-00215-ip-10-236-191-2_362876303_35.csv,30000,4363,False,True,2,0.013622324971947819
tier_1m,1_1438042990112.50_20150728002310-00312-ip-10-236-191-2_3243890_59.csv,30000,1551,False,True,1,0.0022809520014561713
tier_1m,1_1438042990112.50_20150728002310-00085-ip-10-236-191-2_403435483_3.csv,30000,3557,False,True,1,0.006666074972599745
tier_1m,0_1438042988061.16_20150728002308-00194-ip-10-236-191-2_846810834_13.csv,30000,1409,False,True,3,0.004060293023940176
tier_1m,1_1438042990112.50_20150728002310-00286-ip-10-236-191-2_318221297_4.csv,30000,7953,False,True,2,0.023407300002872944
tier_1m,1_1438042987127.36_20150728002307-00290-ip-10-236-191-2_407999777_10.csv,30000,2256,False,True,4,0.007421816990245134
tier_1m,0_1438042988458.74_20150728002308-00166-ip-10-236-191-2_302386578_10.csv,30000,2740,False,True,3,0.00870292796753347
tier_1m,0_1438042988458.74_20150728002308-00253-ip-10-236-191-2_222600153_3.csv,30000,1877,False,True,3,0.0053648449829779565
tier_1m,1_1438042990112.50_20150728002310-00237-ip-10-236-191-2_880298254_15.csv,30000,15216,False,True,1,0.03891365899471566
tier_1m,0_1438042988061.16_20150728002308-00089-ip-10-236-191-2_807127666_2.csv,30000,4953,False,True,2,0.016193376039154828
tier_1m,0_1438042988458.74_20150728002308-00060-ip-10-236-191-2_492355315_1.csv,30000,3750,False,True,1,0.006893966987263411
tier_1m,1_1438042990112.50_20150728002310-00296-ip-10-236-191-2_202658094_3.csv,30000,2994,False,True,2,0.007640520052518696
tier_1m,1_1438042988061.16_20150728002308-00013-ip-10-236-191-2_636339982_0.csv,30000,937,False,True,1,0.0014950400218367577
tier_1m,1_1438042987127.36_20150728002307-00294-ip-10-236-191-2_390417830_16.csv,30000,4488,False,True,1,0.008956878038588911
tier_1m,0_1438042988458.74_20150728002308-00254-ip-10-236-191-2_909417374_257.csv,30000,15152,False,True,1,0.03783836803631857
tier_1m,0_1438042988061.16_20150728002308-00101-ip-10-236-191-2_653250037_0.csv,30000,1384,False,True,3,0.0036767820129171014
tier_1m,0_1438042988458.74_20150728002308-00046-ip-10-236-191-2_428007644_11.csv,30000,2,True,False,0,8.00995621830225e-07
tier_1m,1_1438042987127.36_20150728002307-00290-ip-10-236-191-2_469307566_0.csv,30000,4297,False,True,1,0.008905757043976337
tier_1m,1_1438042990112.50_20150728002310-00062-ip-10-236-191-2_896744244_9.csv,30000,15186,False,True,1,0.03731172002153471
tier_1m,1_1438042990112.50_20150728002310-00225-ip-10-236-191-2_718036865_0.csv,30000,3624,False,True,1,0.006848529970739037
tier_1m,0_1438042988061.16_20150728002308-00189-ip-10-236-191-2_414087396_10.csv,30000,2050,False,True,1,0.0029610839555971324
tier_1m,0_1438042988061.16_20150728002308-00144-ip-10-236-191-2_279381280_30.csv,30000,6087,False,True,1,0.013184637995436788
tier_1m,1_1438042990112.50_20150728002310-00081-ip-10-236-191-2_890934925_129.csv,30000,12841,False,True,1,0.03168472403194755
tier_1m,0_1438042988061.16_20150728002308-00133-ip-10-236-191-2_59742533_2.csv,30000,2418,False,True,1,0.004284686001483351
tier_1m,1_1438042990112.50_20150728002310-00259-ip-10-236-191-2_889779227_121.csv,30000,15594,False,True,1,0.039621562988031656
tier_1m,0_1438042988458.74_20150728002308-00262-ip-10-236-191-2_380524338_2.csv,30000,4400,False,True,2,0.012223836034536362
tier_1m,1_1438042987127.36_20150728002307-00027-ip-10-236-191-2_67802697_2.csv,30000,3815,False,True,1,0.007213812961708754
tier_1m,0_1438042988458.74_20150728002308-00175-ip-10-236-191-2_385639780_18.csv,30000,3980,False,True,1,0.007875756011344492
tier_1m,0_1438042988458.74_20150728002308-00303-ip-10-236-191-2_56708567_9.csv,30000,4709,False,True,2,0.013880993006750941
tier_1m,0_1438042988458.74_20150728002308-00063-ip-10-236-191-2_657101208_1.csv,30000,4445,False,True,1,0.009051215020008385
tier_1m,1_1438042990112.50_20150728002310-00190-ip-10-236-191-2_436521753_9.csv,30000,1799,False,True,2,0.0037800929858349264
tier_1m,1_1438042987127.36_20150728002307-00214-ip-10-236-191-2_225430488_0.csv,30000,2610,False,True,1,0.0041826850501820445
tier_1m,0_1438042988061.16_20150728002308-00047-ip-10-236-191-2_843664602_0.csv,30000,1480,False,True,3,0.004160109965596348
tier_1m,0_1438042988061.16_20150728002308-00181-ip-10-236-191-2_216538600_0.csv,30000,8329,False,True,2,0.027200145996175706
tier_1m,0_1438042988061.16_20150728002308-00002-ip-10-236-191-2_545269850_0.csv,30000,3750,False,True,1,0.007288395019713789
tier_1m,0_1438042988061.16_20150728002308-00330-ip-10-236-191-2_795231590_4.csv,30000,3223,False,True,2,0.008275611966382712
tier_1m,0_1438042988061.16_20150728002308-00235-ip-10-236-191-2_713850328_17.csv,30000,2367,False,True,1,0.0036137899733148515
tier_1m,0_1438042988458.74_20150728002308-00232-ip-10-236-191-2_795586035_3.csv,30000,2646,False,True,1,0.004220289003569633
tier_1m,0_1438042988458.74_20150728002308-00250-ip-10-236-191-2_501951825_0.csv,30000,3750,False,True,1,0.006951943971216679
tier_1m,1_1438042987127.36_20150728002307-00037-ip-10-236-191-2_318965632_0.csv,30000,1605,False,True,1,0.0025454999995417893
tier_1m,0_1438042988061.16_20150728002308-00041-ip-10-236-191-2_37534908_6.csv,30000,2406,False,True,1,0.003404565970413387
tier_1m,1_1438042987127.36_20150728002307-00269-ip-10-236-191-2_847834464_0.csv,30000,3066,False,True,1,0.005283199017867446
tier_1m,0_1438042988061.16_20150728002308-00199-ip-10-236-191-2_891430247_172.csv,30000,14641,False,True,1,0.03896858199732378
tier_1m,1_1438042987127.36_20150728002307-00153-ip-10-236-191-2_490931395_0.csv,30000,937,False,True,1,0.0016237759846262634
tier_1m,0_1438042988458.74_20150728002308-00081-ip-10-236-191-2_476604823_0.csv,30000,4684,False,True,1,0.009658402996137738
tier_1m,0_1438042988458.74_20150728002308-00210-ip-10-236-191-2_79682215_3.csv,30000,2717,False,True,1,0.004967391025274992
tier_1m,1_1438042987127.36_20150728002307-00008-ip-10-236-191-2_633806649_3.csv,30000,2382,False,True,3,0.007807820977177471
tier_1m,0_1438042988061.16_20150728002308-00201-ip-10-236-191-2_319577306_4.csv,30000,7990,False,True,3,0.03203523001866415
tier_1m,1_1438042990112.50_20150728002310-00310-ip-10-236-191-2_200224826_0.csv,30000,3145,False,True,1,0.005563190032262355
tier_1m,1_1438042987127.36_20150728002307-00102-ip-10-236-191-2_893578330_152.csv,30000,15048,False,True,1,0.03842075797729194
tier_1m,1_1438042990112.50_20150728002310-00044-ip-10-236-191-2_261321661_61.csv,30000,937,False,True,1,0.0017146330210380256
tier_1m,1_1438042987127.36_20150728002307-00074-ip-10-236-191-2_137128786_0.csv,30000,3485,False,True,3,0.012954210047610104
tier_1m,1_1438042987127.36_20150728002307-00082-ip-10-236-191-2_795702564_10.csv,30000,4840,False,True,2,0.015522581990808249
