tier,q_table,k,alpha,pool,n_D,clamped,feasible,cause,n_scored,retrieval_s,stage1_s,scoring_s,lp_s,milp_s,stage2_s,end2end_s
tier_1m,1_1438042987127.36_20150728002307-00144-ip-10-236-191-2_676020729_0.csv,5,10.0,50,481,False,True,,50,0.41653968999162316,0.0011135840322822332,0.014727353991474956,0.026572121016215533,0.06431337801041082,0.09339086402906105,0.5257714920444414
tier_1m,1_1438042987127.36_20150728002307-00144-ip-10-236-191-2_676020729_0.csv,10,10.0,100,481,False,True,,100,0.41653968999162316,0.0013605600106529891,0.03353710600640625,0.00166944699594751,0.003272058966103941,0.005262127029709518,0.4566994830383919
tier_1m,1_1438042987127.36_20150728002307-00144-ip-10-236-191-2_676020729_0.csv,20,10.0,200,481,False,True,,200,0.41653968999162316,0.0011995660024695098,0.056553500005975366,0.002083634026348591,0.002981077996082604,0.005391628015786409,0.47968438401585445
tier_1m,1_1438042987127.36_20150728002307-00144-ip-10-236-191-2_676020729_0.csv,5,5.0,25,481,False,True,,25,0.41653968999162316,0.0010544019751250744,0.008262031013146043,0.0012893949751742184,0.001884148980025202,0.0035129530006088316,0.4293690759805031
tier_1m,1_1438042987127.36_20150728002307-00144-ip-10-236-191-2_676020729_0.csv,10,5.0,50,481,False,True,,50,0.41653968999162316,0.0010281610302627087,0.015476482978556305,0.0016472369898110628,0.0027911390061490238,0.004823105002287775,0.43786743900272995
tier_1m,1_1438042987127.36_20150728002307-00144-ip-10-236-191-2_676020729_0.csv,20,5.0,100,481,False,True,,100,0.41653968999162316,0.0011091529740951955,0.02897535898955539,0.0016536299954168499,0.002664254978299141,0.004605736001394689,0.45122993795666844
tier_1m,0_1438042988061.16_20150728002308-00282-ip-10-236-191-2_894007386_3.csv,5,10.0,50,2625,False,True,,50,0.15887847397243604,0.003852112975437194,0.0036224090144969523,0.0021103580365888774,0.003289801999926567,0.005988129007164389,0.17234112496953458
tier_1m,0_1438042988061.16_20150728002308-00282-ip-10-236-191-2_894007386_3.csv,10,10.0,100,2625,False,True,,100,0.15887847397243604,0.00540862197522074,0.006024483009241521,0.0013549579889513552,0.003282214980572462,0.004926202003844082,0.17523778096074238
tier_1m,0_1438042988061.16_20150728002308-00282-ip-10-236-191-2_894007386_3.csv,20,10.0,200,2625,False,True,,200,0.15887847397243604,0.0063823770033195615,0.016034879023209214,0.0016372189857065678,0.0046623770031146705,0.006624978967010975,0.1879207089659758
tier_1m,0_1438042988061.16_20150728002308-00282-ip-10-236-191-2_894007386_3.csv,5,5.0,25,2625,False,True,,25,0.15887847397243604,0.006461131968535483,0.001889941981062293,0.0011345669627189636,0.0022491070558317006,0.0037453470285981894,0.170974894950632
tier_1m,0_1438042988061.16_20150728002308-00282-ip-10-236-191-2_894007386_3.csv,10,5.0,50,2625,False,True,,50,0.15887847397243604,0.006289085024036467,0.00371330400230363,0.0012383420253172517,0.001956851046998054,0.003562660946045071,0.1724435239448212
tier_1m,0_1438042988061.16_20150728002308-00282-ip-10-236-191-2_894007386_3.csv,20,5.0,100,2625,False,True,,100,0.15887847397243604,0.005774597986601293,0.005254157993476838,0.0012510539963841438,0.002861509972717613,0.004390030982904136,0.1742972609354183
tier_1m,0_1438042988458.74_20150728002308-00249-ip-10-236-191-2_328699461_4.csv,5,10.0,50,1692,False,True,,50,0.42508575395913795,0.002319680992513895,0.004337169986683875,0.0017344809602946043,0.002251477970276028,0.0043860540026798844,0.4361286589410156
tier_1m,0_1438042988458.74_20150728002308-00249-ip-10-236-191-2_328699461_4.csv,10,10.0,100,1692,False,True,,100,0.42508575395913795,0.003923056006897241,0.00803493894636631,0.0013117400230839849,0.0025554230087436736,0.004154319001827389,0.4411980679142289
tier_1m,0_1438042988458.74_20150728002308-00249-ip-10-236-191-2_328699461_4.csv,20,10.0,200,1692,False,True,,200,0.42508575395913795,0.003907717007678002,0.014810170978307724,0.0016010699910111725,0.0023739079479128122,0.0042951490031555295,0.4480987909482792
tier_1m,0_1438042988458.74_20150728002308-00249-ip-10-236-191-2_328699461_4.csv,5,5.0,25,1692,False,True,,25,0.42508575395913795,0.003848223015666008,0.002267269999720156,0.001042076968587935,0.001947373035363853,0.003232276998460293,0.4344335239729844
tier_1m,0_1438042988458.74_20150728002308-00249-ip-10-236-191-2_328699461_4.csv,10,5.0,50,1692,False,True,,50,0.42508575395913795,0.0038405010127462447,0.003866209997795522,0.0009359139949083328,0.0018177779857069254,0.0030182460322976112,0.4358107110019773
tier_1m,0_1438042988458.74_20150728002308-00249-ip-10-236-191-2_328699461_4.csv,20,5.0,100,1692,False,True,,100,0.42508575395913795,0.0037895889836363494,0.00838199199642986,0.0015066660125739872,0.002294858975801617,0.00409463100368157,0.4413519659428857
tier_1m,1_1438042987127.36_20150728002307-00114-ip-10-236-191-2_902351685_191.csv,5,10.0,50,3139,False,True,,50,0.15964954299852252,0.005089815997052938,0.0024077310226857662,0.0015419310075230896,0.002354946976993233,0.004152038018219173,0.1712991280364804
tier_1m,1_1438042987127.36_20150728002307-00114-ip-10-236-191-2_902351685_191.csv,10,10.0,100,3139,False,True,,100,0.15964954299852252,0.005157831008546054,0.004430548986420035,0.0010825660428963602,0.002088527020532638,0.0033945050090551376,0.17263242800254375
tier_1m,1_1438042987127.36_20150728002307-00114-ip-10-236-191-2_902351685_191.csv,20,10.0,200,3139,False,True,,200,0.15964954299852252,0.005121650989167392,0.0087413489818573,0.0015463580493815243,0.0029287190409377217,0.0047358780284412205,0.17824842099798843
tier_1m,1_1438042987127.36_20150728002307-00114-ip-10-236-191-2_902351685_191.csv,5,5.0,25,3139,False,True,,25,0.15964954299852252,0.005100095004308969,0.0011549980263225734,0.0008869649609550834,0.0022071460261940956,0.0032993259956128895,0.16920396202476695
tier_1m,1_1438042987127.36_20150728002307-00114-ip-10-236-191-2_902351685_191.csv,10,5.0,50,3139,False,True,,50,0.15964954299852252,0.005071965977549553,0.00217280798824504,0.000883135013282299,0.0021850739722140133,0.003272256988566369,0.17016657395288348
tier_1m,1_1438042987127.36_20150728002307-00114-ip-10-236-191-2_902351685_191.csv,20,5.0,100,3139,False,True,,100,0.15964954299852252,0.005163510970305651,0.004275981045793742,0.0011327409883961082,0.0024067590129561722,0.00376893300563097,0.17285796802025288
tier_1m,1_1438042987127.36_20150728002307-00182-ip-10-236-191-2_150862475_5.csv,5,10.0,50,260,False,True,,50,0.3924874409567565,0.0003541880287230015,0.04454087500926107,0.0018687210395000875,0.00255848397500813,0.004689689027145505,0.44207219302188605
tier_1m,1_1438042987127.36_20150728002307-00182-ip-10-236-191-2_150862475_5.csv,10,10.0,100,260,False,True,,100,0.3924874409567565,0.0003773070056922734,0.08561667596222833,0.0014397139893844724,0.002756049041636288,0.00444787199376151,0.4829292959184386
tier_1m,1_1438042987127.36_20150728002307-00182-ip-10-236-191-2_150862475_5.csv,20,10.0,200,260,False,True,,200,0.3924874409567565,0.0005684620118699968,0.16564077098155394,0.001857127994298935,0.00341000099433586,0.005552446993533522,0.5642491209437139
tier_1m,1_1438042987127.36_20150728002307-00182-ip-10-236-191-2_150862475_5.csv,5,5.0,25,260,False,True,,25,0.3924874409567565,0.00034884799970313907,0.021017811028286815,0.001301617012359202,0.0025645470013841987,0.0040878900326788425,0.41794199001742527
tier_1m,1_1438042987127.36_20150728002307-00182-ip-10-236-191-2_150862475_5.csv,10,5.0,50,260,False,True,,50,0.3924874409567565,0.0003403559676371515,0.04226954601472244,0.00165323301916942,0.0032188590266741812,0.00510842096991837,0.44020576390903443
tier_1m,1_1438042987127.36_20150728002307-00182-ip-10-236-191-2_150862475_5.csv,20,5.0,100,260,False,True,,100,0.3924874409567565,0.0003495279815979302,0.08522883401019499,0.0014809129643253982,0.002678125980310142,0.0044384460197761655,0.48250424896832556
tier_1m,1_1438042987127.36_20150728002307-00000-ip-10-236-191-2_300770320_2.csv,5,10.0,50,623,False,True,,50,0.42255982104688883,0.0014585089520551264,0.011322834005113691,0.002012833021581173,0.005714391998481005,0.008100236009340733,0.4434414000133984
tier_1m,1_1438042987127.36_20150728002307-00000-ip-10-236-191-2_300770320_2.csv,10,10.0,100,623,False,True,,100,0.42255982104688883,0.0019718679832294583,0.024406864948105067,0.0011530600022524595,0.0025937369791790843,0.004016168997623026,0.4529547229758464
tier_1m,1_1438042987127.36_20150728002307-00000-ip-10-236-191-2_300770320_2.csv,20,10.0,200,623,False,True,,200,0.42255982104688883,0.0012316840002313256,0.04485547501826659,0.0013908370165154338,0.0684502290096134,0.07014257000992075,0.5387895500753075
tier_1m,1_1438042987127.36_20150728002307-00000-ip-10-236-191-2_300770320_2.csv,5,5.0,25,623,False,True,,25,0.42255982104688883,0.0012764669954776764,0.00571684300666675,0.0009333309717476368,0.0015468770288862288,0.002739331976044923,0.4322924630250782
tier_1m,1_1438042987127.36_20150728002307-00000-ip-10-236-191-2_300770320_2.csv,10,5.0,50,623,False,True,,50,0.42255982104688883,0.0024678579648025334,0.012110763986129314,0.001350836013443768,0.0018773970077745616,0.0034888749942183495,0.440627317992039
tier_1m,1_1438042987127.36_20150728002307-00000-ip-10-236-191-2_300770320_2.csv,20,5.0,100,623,False,True,,100,0.42255982104688883,0.001861286989878863,0.02437214500969276,0.001416670042090118,0.01925698504783213,0.020957672968506813,0.46975092601496726
tier_1m,1_1438042987127.36_20150728002307-00080-ip-10-236-191-2_899463259_102.csv,5,10.0,50,3011,False,True,,50,0.09921117901103571,0.004943485022522509,0.0023915490019135177,0.0016785269835963845,0.0025856010033749044,0.0045697439927607775,0.11111595702823251
tier_1m,1_1438042987127.36_20150728002307-00080-ip-10-236-191-2_899463259_102.csv,10,10.0,100,3011,False,True,,100,0.09921117901103571,0.006793025997467339,0.004438729025423527,0.0014150390052236617,0.0024107929784804583,0.004091415030416101,0.11453434906434268
tier_1m,1_1438042987127.36_20150728002307-00080-ip-10-236-191-2_899463259_102.csv,20,10.0,200,3011,False,True,,200,0.09921117901103571,0.006812095001805574,0.00873006199253723,0.0017850890289992094,0.0037121259956620634,0.0057959650293923914,0.1205493010347709
tier_1m,1_1438042987127.36_20150728002307-00080-ip-10-236-191-2_899463259_102.csv,5,5.0,25,3011,False,True,,25,0.09921117901103571,0.007793135999236256,0.0011439209920354187,0.0013533249730244279,0.0020555920200422406,0.003615199006162584,0.11176343500846997
tier_1m,1_1438042987127.36_20150728002307-00080-ip-10-236-191-2_899463259_102.csv,10,5.0,50,3011,False,True,,50,0.09921117901103571,0.0048331330181099474,0.002168089966289699,0.0010800940217450261,0.001887891034130007,0.003173957986291498,0.10938635998172686
tier_1m,1_1438042987127.36_20150728002307-00080-ip-10-236-191-2_899463259_102.csv,20,5.0,100,3011,False,True,,100,0.09921117901103571,0.004837276006583124,0.0042807250283658504,0.000958089018240571,0.0023825130192562938,0.003563151985872537,0.11189233203185722
tier_1m,1_1438042990112.50_20150728002310-00154-ip-10-236-191-2_303864106_21.csv,5,10.0,50,323,False,True,,50,0.3639027939643711,0.00036051799543201923,0.036487321951426566,0.0019229340250603855,0.002240275964140892,0.004404054954648018,0.4051546888658777
tier_1m,1_1438042990112.50_20150728002310-00154-ip-10-236-191-2_303864106_21.csv,10,10.0,100,323,False,True,,100,0.3639027939643711,0.0004413300193846226,0.07435235503362492,0.0013880709884688258,0.002360451966524124,0.003952800994738936,0.44264928001211956
tier_1m,1_1438042990112.50_20150728002310-00154-ip-10-236-191-2_303864106_21.csv,20,10.0,200,323,False,True,,200,0.3639027939643711,0.00037634599721059203,0.1302948179654777,0.0015278090140782297,0.0025898569729179144,0.004345328023191541,0.4989192859502509
tier_1m,1_1438042990112.50_20150728002310-00154-ip-10-236-191-2_303864106_21.csv,5,5.0,25,323,False,True,,25,0.3639027939643711,0.000334602955263108,0.01712585799396038,0.0009166050003841519,0.002075923955999315,0.0031687839655205607,0.38453203887911513
tier_1m,1_1438042990112.50_20150728002310-00154-ip-10-236-191-2_303864106_21.csv,10,5.0,50,323,False,True,,50,0.3639027939643711,0.00034153397427871823,0.03581729799043387,0.0010901160421781242,0.0018550159875303507,0.0031369649805128574,0.40319859090959653
tier_1m,1_1438042990112.50_20150728002310-00154-ip-10-236-191-2_303864106_21.csv,20,5.0,100,323,False,True,,100,0.3639027939643711,0.0003406429896131158,0.06656658701831475,0.0011699280003085732,0.0023117130040191114,0.0036734690074808896,0.43448349297977984
tier_1m,0_1438042988458.74_20150728002308-00095-ip-10-236-191-2_520943855_0.csv,5,10.0,50,309,False,True,,50,0.4211792720016092,0.0005570250214077532,0.007911143999081105,0.001955474028363824,0.0022811450180597603,0.004504668002482504,0.43415210902458057
tier_1m,0_1438042988458.74_20150728002308-00095-ip-10-236-191-2_520943855_0.csv,10,10.0,100,309,False,True,,100,0.4211792720016092,0.0009918909636326134,0.01973314897622913,0.0012137669837102294,0.0022594620240852237,0.0036999459844082594,0.4456042579258792
tier_1m,0_1438042988458.74_20150728002308-00095-ip-10-236-191-2_520943855_0.csv,20,10.0,200,309,False,True,,200,0.4211792720016092,0.0010597319924272597,0.03300632396712899,0.0016290139756165445,0.0025501010240986943,0.004425733000971377,0.45967106096213683
tier_1m,0_1438042988458.74_20150728002308-00095-ip-10-236-191-2_520943855_0.csv,5,5.0,25,309,False,True,,25,0.4211792720016092,0.0004555460182018578,0.007917069015093148,0.0011615860275924206,0.0016110750148072839,0.0029819770134054124,0.4325338640483096
tier_1m,0_1438042988458.74_20150728002308-00095-ip-10-236-191-2_520943855_0.csv,10,5.0,50,309,False,True,,50,0.4211792720016092,0.0008876430219970644,0.012857888010330498,0.0010980430524796247,0.0021175920264795423,0.0034303409629501402,0.4383551439968869
tier_1m,0_1438042988458.74_20150728002308-00095-ip-10-236-191-2_520943855_0.csv,20,5.0,100,309,False,True,,100,0.4211792720016092,0.0010366910137236118,0.019064416002947837,0.0014089419855736196,0.0025064320070669055,0.004126737010665238,0.4454071160289459
tier_1m,1_1438042987127.36_20150728002307-00145-ip-10-236-191-2_499439925_0.csv,5,10.0,50,946,False,True,,50,0.3102116489899345,0.0017392600420862436,0.008815747976768762,0.0012757310178130865,0.002224929048679769,0.00376451900228858,0.32453117601107806
tier_1m,1_1438042987127.36_20150728002307-00145-ip-10-236-191-2_499439925_0.csv,10,10.0,100,946,False,True,,100,0.3102116489899345,0.0022809929796494544,0.019928268040530384,0.001103328017052263,0.002037534024566412,0.003371650993358344,0.33579256100347266
tier_1m,1_1438042987127.36_20150728002307-00145-ip-10-236-191-2_499439925_0.csv,20,10.0,200,946,False,True,,200,0.3102116489899345,0.002282838977407664,0.03697733202716336,0.001508184999693185,0.03667549602687359,0.03845486999489367,0.38792668998939916
tier_1m,1_1438042987127.36_20150728002307-00145-ip-10-236-191-2_499439925_0.csv,5,5.0,25,946,False,True,,25,0.3102116489899345,0.002239304012618959,0.005346336984075606,0.0010573710314929485,0.0017310259863734245,0.003016408998519182,0.3208136989851482
tier_1m,1_1438042987127.36_20150728002307-00145-ip-10-236-191-2_499439925_0.csv,10,5.0,50,946,False,True,,50,0.3102116489899345,0.0021557919681072235,0.010500990028958768,0.0010217539966106415,0.0021054940298199654,0.0033626460353843868,0.32623107702238485
tier_1m,1_1438042987127.36_20150728002307-00145-ip-10-236-191-2_499439925_0.csv,20,5.0,100,946,False,True,,100,0.3102116489899345,0.0016415370046161115,0.02127884200308472,0.0011617160052992404,0.0022150640143081546,0.003614394983742386,0.3367464229813777
tier_1m,1_1438042990112.50_20150728002310-00013-ip-10-236-191-2_321346784_4.csv,5,10.0,50,1542,False,True,,50,0.3956991329905577,0.0020442010136321187,0.003866282000672072,0.001755464996676892,0.0022068339749239385,0.004249896039254963,0.40585951204411685
tier_1m,1_1438042990112.50_20150728002310-00013-ip-10-236-191-2_321346784_4.csv,10,10.0,100,1542,False,True,,100,0.3956991329905577,0.002194412052631378,0.007186297967564315,0.0014854189939796925,0.00234891998115927,0.004085836000740528,0.4091656790114939
tier_1m,1_1438042990112.50_20150728002310-00013-ip-10-236-191-2_321346784_4.csv,20,10.0,200,1542,False,True,,200,0.3956991329905577,0.002093388990033418,0.014109376003034413,0.0013305890024639666,0.0023083729902282357,0.0039201079634949565,0.4158220059471205
tier_1m,1_1438042990112.50_20150728002310-00013-ip-10-236-191-2_321346784_4.csv,5,5.0,25,1542,False,True,,25,0.3956991329905577,0.0020323869539424777,0.0017935169744305313,0.0008831080049276352,0.0016602519899606705,0.002757149050012231,0.40228218596894294
tier_1m,1_1438042990112.50_20150728002310-00013-ip-10-236-191-2_321346784_4.csv,10,5.0,50,1542,False,True,,50,0.3956991329905577,0.002035229990724474,0.003489634022116661,0.0008900979883037508,0.001734610996209085,0.0028404510230757296,0.40406444802647457
tier_1m,1_1438042990112.50_20150728002310-00013-ip-10-236-191-2_321346784_4.csv,20,5.0,100,1542,False,True,,100,0.3956991329905577,0.002036608988419175,0.006977760000154376,0.0010539229842834175,0.0019420069875195622,0.0032144570141099393,0.4079279589932412
tier_1m,1_1438042987127.36_20150728002307-00033-ip-10-236-191-2_482136553_0.csv,5,10.0,50,378,False,True,,50,0.4443938520271331,0.00048220198368653655,0.00274742697365582,0.0015554940328001976,0.004631722054909915,0.006476397975347936,0.4540998789598234
tier_1m,1_1438042987127.36_20150728002307-00033-ip-10-236-191-2_482136553_0.csv,10,10.0,100,378,False,True,,100,0.4443938520271331,0.0005466059665195644,0.004793466010596603,0.0010924730449914932,0.0019668230088427663,0.0032901670201681554,0.45302409102441743
tier_1m,1_1438042987127.36_20150728002307-00033-ip-10-236-191-2_482136553_0.csv,20,10.0,200,378,False,True,,200,0.4443938520271331,0.0005123669980093837,0.009286738000810146,0.001159042993094772,0.002305316971614957,0.0037204159889370203,0.45791337301488966
tier_1m,1_1438042987127.36_20150728002307-00033-ip-10-236-191-2_482136553_0.csv,5,5.0,25,378,False,True,,25,0.4443938520271331,0.0004607639857567847,0.0014007420395500958,0.0011096589732915163,0.0017411530134268105,0.0030683069489896297,0.4493236650014296
tier_1m,1_1438042987127.36_20150728002307-00033-ip-10-236-191-2_482136553_0.csv,10,5.0,50,378,False,True,,50,0.4443938520271331,0.0004642580170184374,0.0024789849994704127,0.0008792200242169201,0.0017763620126061141,0.002865011978428811,0.45020210702205077
tier_1m,1_1438042987127.36_20150728002307-00033-ip-10-236-191-2_482136553_0.csv,20,5.0,100,378,False,True,,100,0.4443938520271331,0.00048475898802280426,0.004598934028763324,0.0009450200013816357,0.0017626159824430943,0.002924947999417782,0.452402493043337
tier_1m,0_1438042988061.16_20150728002308-00109-ip-10-236-191-2_681611335_21.csv,5,10.0,50,388,False,True,,50,0.4705381980165839,0.0008727940148673952,0.013224765018094331,0.002085145970340818,0.002655751013662666,0.0050098340143449605,0.4896455910638906
tier_1m,0_1438042988061.16_20150728002308-00109-ip-10-236-191-2_681611335_21.csv,10,10.0,100,388,False,True,,100,0.4705381980165839,0.0007257559918798506,0.02416355104651302,0.001416293962392956,0.002439119969494641,0.004111719026695937,0.49953922408167273
tier_1m,0_1438042988061.16_20150728002308-00109-ip-10-236-191-2_681611335_21.csv,20,10.0,200,388,False,True,,200,0.4705381980165839,0.0009739829692989588,0.03968971804715693,0.001401575980708003,0.003341321018524468,0.00504878704668954,0.5162506860797293
tier_1m,0_1438042988061.16_20150728002308-00109-ip-10-236-191-2_681611335_21.csv,5,5.0,25,388,False,True,,25,0.4705381980165839,0.0013892260030843318,0.008341381035279483,0.0012752520269714296,0.0021827149903401732,0.0037041649920865893,0.4839729700470343
tier_1m,0_1438042988061.16_20150728002308-00109-ip-10-236-191-2_681611335_21.csv,10,5.0,50,388,False,True,,50,0.4705381980165839,0.0014147449983283877,0.014002920011989772,0.001110432029236108,0.0024848809698596597,0.003858602955006063,0.48981446598190814
tier_1m,0_1438042988061.16_20150728002308-00109-ip-10-236-191-2_681611335_21.csv,20,5.0,100,388,False,True,,100,0.4705381980165839,0.0011277690064162016,0.02612896403297782,0.0014868780272081494,0.0036153129767626524,0.005372765997890383,0.5031676970538683
tier_1m,0_1438042988061.16_20150728002308-00244-ip-10-236-191-2_65898746_2.csv,5,10.0,50,2500,False,True,,50,0.3685856700176373,0.002619870996568352,0.010354486003052443,0.0017142309807240963,0.0021180069888941944,0.004101002996321768,0.3856610300135799
tier_1m,0_1438042988061.16_20150728002308-00244-ip-10-236-191-2_65898746_2.csv,10,10.0,100,2500,False,True,,100,0.3685856700176373,0.004869376018177718,0.023029297008179128,0.0011987050529569387,0.002128152991645038,0.0035579190007410944,0.40004226204473525
tier_1m,0_1438042988061.16_20150728002308-00244-ip-10-236-191-2_65898746_2.csv,20,10.0,200,2500,False,True,,200,0.3685856700176373,0.0047764169867150486,0.044558730034623295,0.0017315690056420863,0.001932043000124395,0.003960518981330097,0.42188133602030575
tier_1m,0_1438042988061.16_20150728002308-00244-ip-10-236-191-2_65898746_2.csv,5,5.0,25,2500,False,True,,25,0.3685856700176373,0.005046148027759045,0.007153188984375447,0.0010989310103468597,0.0017917639925144613,0.0031020549940876663,0.38388706202385947
tier_1m,0_1438042988061.16_20150728002308-00244-ip-10-236-191-2_65898746_2.csv,10,5.0,50,2500,False,True,,50,0.3685856700176373,0.004832850012462586,0.012306821008678526,0.0011679650051519275,0.0015513310208916664,0.0029346609953790903,0.3886600020341575
tier_1m,0_1438042988061.16_20150728002308-00244-ip-10-236-191-2_65898746_2.csv,20,5.0,100,2500,False,True,,100,0.3685856700176373,0.004697341995779425,0.02300966699840501,0.0012474560062400997,0.002122648002114147,0.003579554962925613,0.39987223397474736
tier_1m,0_1438042988061.16_20150728002308-00215-ip-10-236-191-2_362876303_35.csv,5,10.0,50,638,False,True,,50,0.2644852509838529,0.0009714459883980453,0.010698644968215376,0.0017394229653291404,0.0020941229886375368,0.004071644973009825,0.28022698691347614
tier_1m,0_1438042988061.16_20150728002308-00215-ip-10-236-191-2_362876303_35.csv,10,10.0,100,638,False,True,,100,0.2644852509838529,0.001125442038755864,0.021016764047089964,0.0012777730007655919,0.0019239849643781781,0.003392242011614144,0.29001969908131287
tier_1m,0_1438042988061.16_20150728002308-00215-ip-10-236-191-2_362876303_35.csv,20,10.0,200,638,False,True,,200,0.2644852509838529,0.0010960509534925222,0.04079026699764654,0.001583695993758738,0.0021372089977376163,0.003931566025130451,0.3103031349601224
tier_1m,0_1438042988061.16_20150728002308-00215-ip-10-236-191-2_362876303_35.csv,5,5.0,25,638,False,True,,25,0.2644852509838529,0.0010067599941976368,0.005589478008914739,0.0008576360414735973,0.0013920660130679607,0.002421805984340608,0.2735032949713059
tier_1m,0_1438042988061.16_20150728002308-00215-ip-10-236-191-2_362876303_35.csv,10,5.0,50,638,False,True,,50,0.2644852509838529,0.001009722996968776,0.010789328953251243,0.0007316130213439465,0.001780938997399062,0.002686748979613185,0.2789710519136861
tier_1m,0_1438042988061.16_20150728002308-00215-ip-10-236-191-2_362876303_35.csv,20,5.0,100,638,False,True,,100,0.2644852509838529,0.0010376169811934233,0.022250279027502984,0.0011309999972581863,0.0018838330288417637,0.0032049690489657223,0.290978116041515
tier_1m,1_1438042990112.50_20150728002310-00312-ip-10-236-191-2_3243890_59.csv,5,10.0,50,296,False,True,,50,0.45729734702035785,0.0005234639975242317,0.008160475001204759,0.0019604270346462727,0.001946320990100503,0.004181404015980661,0.4701626900350675
tier_1m,1_1438042990112.50_20150728002310-00312-ip-10-236-191-2_3243890_59.csv,10,10.0,100,296,False,True,,100,0.45729734702035785,0.0011716940207406878,0.012667475966736674,0.0013330589863471687,0.0022002399782650173,0.0037653479957953095,0.4749018650036305
tier_1m,1_1438042990112.50_20150728002310-00312-ip-10-236-191-2_3243890_59.csv,20,10.0,200,296,False,True,,200,0.45729734702035785,0.0010053989826701581,0.020935841021128,0.0012094550183974206,0.003188065020367503,0.004653020994737744,0.48389160801889375
tier_1m,1_1438042990112.50_20150728002310-00312-ip-10-236-191-2_3243890_59.csv,5,5.0,25,296,False,True,,25,0.45729734702035785,0.0006789540057070553,0.004413797985762358,0.0009763749549165368,0.0021427259780466557,0.0033589720260351896,0.46574907103786245
tier_1m,1_1438042990112.50_20150728002310-00312-ip-10-236-191-2_3243890_59.csv,10,5.0,50,296,False,True,,50,0.45729734702035785,0.0008366620168089867,0.007993489038199186,0.0009459310094825923,0.0015714470064267516,0.002726842008996755,0.4688543400843628
tier_1m,1_1438042990112.50_20150728002310-00312-ip-10-236-191-2_3243890_59.csv,20,5.0,100,296,False,True,,100,0.45729734702035785,0.0011215429985895753,0.012437577010132372,0.0012131190160289407,0.0023836560430936515,0.0038081089733168483,0.47466457600239664
tier_1m,1_1438042990112.50_20150728002310-00085-ip-10-236-191-2_403435483_3.csv,5,10.0,50,769,False,True,,50,0.4143176010111347,0.0008571000071242452,0.0022330210194922984,0.0017836660263128579,0.0020266990177333355,0.004075067990925163,0.4214827900286764
tier_1m,1_1438042990112.50_20150728002310-00085-ip-10-236-191-2_403435483_3.csv,10,10.0,100,769,False,True,,100,0.4143176010111347,0.0014194889809004962,0.006699465971905738,0.0013338520075194538,0.0020876809721812606,0.003670457983389497,0.4261070139473304
tier_1m,1_1438042990112.50_20150728002310-00085-ip-10-236-191-2_403435483_3.csv,20,10.0,200,769,False,True,,200,0.4143176010111347,0.0013688220060430467,0.010322290996555239,0.0012044850154779851,0.002835235034581274,0.004283255024347454,0.4302919690380804
tier_1m,1_1438042990112.50_20150728002310-00085-ip-10-236-191-2_403435483_3.csv,5,5.0,25,769,False,True,,25,0.4143176010111347,0.0012916469713672996,0.0017197930137626827,0.0009679319919086993,0.001978059997782111,0.0031658090301789343,0.4204948500264436
tier_1m,1_1438042990112.50_20150728002310-00085-ip-10-236-191-2_403435483_3.csv,10,5.0,50,769,False,True,,50,0.4143176010111347,0.0010356720304116607,0.001837255957070738,0.0007838949677534401,0.00151359400479123,0.0025052609853446484,0.41969578998396173
tier_1m,1_1438042990112.50_20150728002310-00085-ip-10-236-191-2_403435483_3.csv,20,5.0,100,769,False,True,,100,0.4143176010111347,0.0013049189583398402,0.0062591530149802566,0.0010826889774762094,0.0022057280293665826,0.0035245249746367335,0.4254061979590915
tier_1m,0_1438042988061.16_20150728002308-00194-ip-10-236-191-2_846810834_13.csv,5,10.0,50,165,False,True,,50,0.24401088000740856,0.00023332203272730112,0.017528558033518493,0.0014820669894106686,0.002065679000224918,0.003821463033091277,0.26559422310674563
tier_1m,0_1438042988061.16_20150728002308-00194-ip-10-236-191-2_846810834_13.csv,10,10.0,100,165,False,True,,100,0.24401088000740856,0.0004558999789878726,0.0378751460229978,0.0012633660226128995,0.00211780599784106,0.0036121150478720665,0.2859540410572663
tier_1m,0_1438042988061.16_20150728002308-00194-ip-10-236-191-2_846810834_13.csv,20,10.0,200,165,True,True,,165,0.24401088000740856,1.1509982869029045e-06,0.06017620296915993,0.0013813480036333203,0.0023017610074020922,0.003931974002625793,0.3081202079774812
tier_1m,0_1438042988061.16_20150728002308-00194-ip-10-236-191-2_846810834_13.csv,5,5.0,25,165,False,True,,25,0.24401088000740856,0.0003798999823629856,0.013078243006020784,0.0010761530138552189,0.0019112559966742992,0.003193593001924455,0.2606626159977168
tier_1m,0_1438042988061.16_20150728002308-00194-ip-10-236-191-2_846810834_13.csv,10,5.0,50,165,False,True,,50,0.24401088000740856,0.0003837959957309067,0.020268633030354977,0.001048812991939485,0.0017763689975254238,0.0030373199842870235,0.26770062901778147
tier_1m,0_1438042988061.16_20150728002308-00194-ip-10-236-191-2_846810834_13.csv,20,5.0,100,165,False,True,,100,0.24401088000740856,0.00040733302012085915,0.03814946999773383,0.0012206860119476914,0.0019991389708593488,0.0034438130096532404,0.2860114960349165
tier_1m,1_1438042990112.50_20150728002310-00286-ip-10-236-191-2_318221297_4.csv,5,10.0,50,1688,False,True,,50,0.3384707969962619,0.001855972979683429,0.002993352012708783,0.0015208559925667942,0.0020247260108590126,0.0038103010156191885,0.3471304230042733
tier_1m,1_1438042990112.50_20150728002310-00286-ip-10-236-191-2_318221297_4.csv,10,10.0,100,1688,False,True,,100,0.3384707969962619,0.0032052359892986715,0.008418343961238861,0.0012105409987270832,0.00300571700790897,0.004439938988070935,0.3545343159348704
tier_1m,1_1438042990112.50_20150728002310-00286-ip-10-236-191-2_318221297_4.csv,20,10.0,200,1688,False,True,,200,0.3384707969962619,0.003091336984653026,0.013291167037095875,0.0012271860032342374,0.0020906439749523997,0.003557354968506843,0.35841065598651767
tier_1m,1_1438042990112.50_20150728002310-00286-ip-10-236-191-2_318221297_4.csv,5,5.0,25,1688,False,True,,25,0.3384707969962619,0.0030405379948206246,0.0026594990049488842,0.000978294003289193,0.0021490210201591253,0.0033520989818498492,0.3475229329778813
tier_1m,1_1438042990112.50_20150728002310-00286-ip-10-236-191-2_318221297_4.csv,10,5.0,50,1688,False,True,,50,0.3384707969962619,0.0029974100179970264,0.0049703369732014835,0.0008233209955506027,0.0020519059617072344,0.0031248379964381456,0.3495633819838986
tier_1m,1_1438042990112.50_20150728002310-00286-ip-10-236-191-2_318221297_4.csv,20,5.0,100,1688,False,True,,100,0.3384707969962619,0.003696663014125079,0.009690844046417624,0.0010472669964656234,0.002059702994301915,0.003361758019309491,0.3552200620761141
tier_1m,1_1438042987127.36_20150728002307-00290-ip-10-236-191-2_407999777_10.csv,5,10.0,50,533,False,True,,50,0.48470800899667665,0.0010273139923810959,0.0062168779550120234,0.0016293239896185696,0.0021230429993011057,0.004055385012179613,0.4960075859562494
tier_1m,1_1438042987127.36_20150728002307-00290-ip-10-236-191-2_407999777_10.csv,10,10.0,100,533,False,True,,100,0.48470800899667665,0.001863148994743824,0.01269748801132664,0.001693174010142684,0.002682018035557121,0.004649028996936977,0.5039176749996841
tier_1m,1_1438042987127.36_20150728002307-00290-ip-10-236-191-2_407999777_10.csv,20,10.0,200,533,False,True,,200,0.48470800899667665,0.002418441988993436,0.023813228006474674,0.0016055869637057185,0.003070904000196606,0.004981410980690271,0.515921089972835
tier_1m,1_1438042987127.36_20150728002307-00290-ip-10-236-191-2_407999777_10.csv,5,5.0,25,533,False,True,,25,0.48470800899667665,0.0012654049787670374,0.003878790943417698,0.000978367985226214,0.002215582993812859,0.0034297279780730605,0.49328193289693445
tier_1m,1_1438042987127.36_20150728002307-00290-ip-10-236-191-2_407999777_10.csv,10,5.0,50,533,False,True,,50,0.48470800899667665,0.0017128909821622074,0.007391830964479595,0.00127665902255103,0.0022813950199633837,0.0038031089934520423,0.4976158399367705
tier_1m,1_1438042987127.36_20150728002307-00290-ip-10-236-191-2_407999777_10.csv,20,5.0,100,533,False,True,,100,0.48470800899667665,0.0017693459521979094,0.012391077005304396,0.0011636450071819127,0.002306442998815328,0.0037302199634723365,0.5025986519176513
tier_1m,0_1438042988458.74_20150728002308-00166-ip-10-236-191-2_302386578_10.csv,5,10.0,50,627,False,True,,50,0.3585985659738071,0.0008683779742568731,0.007660860021132976,0.001645234995521605,0.002001999004278332,0.003873392997775227,0.3710011969669722
tier_1m,0_1438042988458.74_20150728002308-00166-ip-10-236-191-2_302386578_10.csv,10,10.0,100,627,False,True,,100,0.3585985659738071,0.0009698049980215728,0.014292606967501342,0.0011278569581918418,0.002081245998851955,0.00342483603162691,0.37728581397095695
tier_1m,0_1438042988458.74_20150728002308-00166-ip-10-236-191-2_302386578_10.csv,20,10.0,200,627,False,True,,200,0.3585985659738071,0.0012334600323811173,0.028698799025733024,0.0015548099763691425,0.0023180459975264966,0.004113050003070384,0.39264387503499165
tier_1m,0_1438042988458.74_20150728002308-00166-ip-10-236-191-2_302386578_10.csv,5,5.0,25,627,False,True,,25,0.3585985659738071,0.0011064159916713834,0.0036515480023808777,0.0007697180262766778,0.0013017859891988337,0.0022459360188804567,0.36560246598673984
tier_1m,0_1438042988458.74_20150728002308-00166-ip-10-236-191-2_302386578_10.csv,10,5.0,50,627,False,True,,50,0.3585985659738071,0.0008420720114372671,0.007116840977687389,0.000850735988933593,0.0014574480010196567,0.002479513001162559,0.36903699196409434
tier_1m,0_1438042988458.74_20150728002308-00166-ip-10-236-191-2_302386578_10.csv,20,5.0,100,627,False,True,,100,0.3585985659738071,0.0008675259887240827,0.014239142008591443,0.0009985020151361823,0.0018703779787756503,0.0030929679633118212,0.3767982019344345
tier_1m,0_1438042988458.74_20150728002308-00253-ip-10-236-191-2_222600153_3.csv,5,10.0,50,318,False,True,,50,0.36734740500105545,0.0006055690464563668,0.04699507396435365,0.001603942015208304,0.0027609209646470845,0.004623411979991943,0.4195714599918574
tier_1m,0_1438042988458.74_20150728002308-00253-ip-10-236-191-2_222600153_3.csv,10,10.0,100,318,False,True,,100,0.36734740500105545,0.001040917995851487,0.09873665601480752,0.0018860690179280937,0.0022536710021086037,0.00438581797061488,0.47151079698232934
tier_1m,0_1438042988458.74_20150728002308-00253-ip-10-236-191-2_222600153_3.csv,20,10.0,200,318,False,True,,200,0.36734740500105545,0.0013907119864597917,0.19180470099672675,0.0016266509774141014,0.0033249440020881593,0.005231989023741335,0.5657748070079833
tier_1m,0_1438042988458.74_20150728002308-00253-ip-10-236-191-2_222600153_3.csv,5,5.0,25,318,False,True,,25,0.36734740500105545,0.0007489859708584845,0.026306134008336812,0.0011961180134676397,0.0021161449840292335,0.0035351700498722494,0.397937695030123
tier_1m,0_1438042988458.74_20150728002308-00253-ip-10-236-191-2_222600153_3.csv,10,5.0,50,318,False,True,,50,0.36734740500105545,0.0009696269989944994,0.051459995040204376,0.0010824159835465252,0.0020936919609084725,0.0034004169865511358,0.42317744402680546
tier_1m,0_1438042988458.74_20150728002308-00253-ip-10-236-191-2_222600153_3.csv,20,5.0,100,318,False,True,,100,0.36734740500105545,0.0009951629908755422,0.097528949030675,0.0012160789920017123,0.002099366975016892,0.003552372974809259,0.46942388999741524
tier_1m,1_1438042990112.50_20150728002310-00237-ip-10-236-191-2_880298254_15.csv,5,10.0,50,2826,False,True,,50,0.0745449109817855,0.003473539021797478,0.002059655962511897,0.0013813420082442462,0.003338344977237284,0.004988364002201706,0.08506646996829659
tier_1m,1_1438042990112.50_20150728002310-00237-ip-10-236-191-2_880298254_15.csv,10,10.0,100,2826,False,True,,100,0.0745449109817855,0.0057949600159190595,0.0037275770446285605,0.0010684510343708098,0.003028614039067179,0.004315086000133306,0.08838253404246643
tier_1m,1_1438042990112.50_20150728002310-00237-ip-10-236-191-2_880298254_15.csv,20,10.0,200,2826,False,True,,200,0.0745449109817855,0.006280832982156426,0.009368894039653242,0.0011891979956999421,0.0025025340146385133,0.003933443978894502,0.09412808198248968
tier_1m,1_1438042990112.50_20150728002310-00237-ip-10-236-191-2_880298254_15.csv,5,5.0,25,2826,False,True,,25,0.0745449109817855,0.0062440159963443875,0.0012384279980324209,0.0010803969926200807,0.0015736909699626267,0.002864463021978736,0.08489181799814105
tier_1m,1_1438042990112.50_20150728002310-00237-ip-10-236-191-2_880298254_15.csv,10,5.0,50,2826,False,True,,50,0.0745449109817855,0.006267760996706784,0.0026853940216824412,0.001017871021758765,0.0018423459841869771,0.003074536973144859,0.08657260297331959
tier_1m,1_1438042990112.50_20150728002310-00237-ip-10-236-191-2_880298254_15.csv,20,5.0,100,2826,False,True,,100,0.0745449109817855,0.006333940022159368,0.0037886450299993157,0.000946833984926343,0.002513906976673752,0.003693681035656482,0.08836117706960067
tier_1m,0_1438042988061.16_20150728002308-00089-ip-10-236-191-2_807127666_2.csv,5,10.0,50,831,False,True,,50,0.31468679796671495,0.0010323910391889513,0.008999809972010553,0.001392723002936691,0.0022050010156817734,0.0038669509813189507,0.3285859499592334
tier_1m,0_1438042988061.16_20150728002308-00089-ip-10-236-191-2_807127666_2.csv,10,10.0,100,831,False,True,,100,0.31468679796671495,0.0011358740157447755,0.017278085986617953,0.0013062409707345068,0.001985720999073237,0.003503222018480301,0.336603979987558
tier_1m,0_1438042988061.16_20150728002308-00089-ip-10-236-191-2_807127666_2.csv,20,10.0,200,831,False,True,,200,0.31468679796671495,0.0010725139873102307,0.034249275049660355,0.0013825710047967732,0.002559193002525717,0.004178388975560665,0.3541869759792462
tier_1m,0_1438042988061.16_20150728002308-00089-ip-10-236-191-2_807127666_2.csv,5,5.0,25,831,False,True,,25,0.31468679796671495,0.0011076320079155266,0.004528895020484924,0.0008408080320805311,0.0014258139999583364,0.002438044990412891,0.3227613699855283
tier_1m,0_1438042988061.16_20150728002308-00089-ip-10-236-191-2_807127666_2.csv,10,5.0,50,831,False,True,,50,0.31468679796671495,0.0010082909720949829,0.008473621041048318,0.0008660739986225963,0.0018241339712403715,0.002877478953450918,0.32704618893330917
tier_1m,0_1438042988061.16_20150728002308-00089-ip-10-236-191-2_807127666_2.csv,20,5.0,100,831,False,True,,100,0.31468679796671495,0.0010127100395038724,0.01680320897139609,0.0011488960008136928,0.0017867989954538643,0.003133748017717153,0.33563646499533206
tier_1m,0_1438042988458.74_20150728002308-00060-ip-10-236-191-2_492355315_1.csv,5,10.0,50,2500,False,True,,50,0.3054369599558413,0.002931883034761995,0.011387348000425845,0.001815123949199915,0.002286489005200565,0.004338743980042636,0.3240949349710718
tier_1m,0_1438042988458.74_20150728002308-00060-ip-10-236-191-2_492355315_1.csv,10,10.0,100,2500,False,True,,100,0.3054369599558413,0.0031015429995022714,0.022437534003984183,0.0012800980475731194,0.0020260969758965075,0.0035302300238981843,0.33450626698322594
tier_1m,0_1438042988458.74_20150728002308-00060-ip-10-236-191-2_492355315_1.csv,20,10.0,200,2500,False,True,,200,0.3054369599558413,0.002886127040255815,0.04429531400091946,0.0013174290070310235,0.002665397012606263,0.004208458005450666,0.35682685900246724
tier_1m,0_1438042988458.74_20150728002308-00060-ip-10-236-191-2_492355315_1.csv,5,5.0,25,2500,False,True,,25,0.3054369599558413,0.002990201988723129,0.0056374199921265244,0.0009466059855185449,0.0019718269468285143,0.0030961140291765332,0.3171606959658675
tier_1m,0_1438042988458.74_20150728002308-00060-ip-10-236-191-2_492355315_1.csv,10,5.0,50,2500,False,True,,50,0.3054369599558413,0.0028527749818749726,0.01106346002779901,0.0010127599816769361,0.001998792984522879,0.0032130989711731672,0.32256629393668845
tier_1m,0_1438042988458.74_20150728002308-00060-ip-10-236-191-2_492355315_1.csv,20,5.0,100,2500,False,True,,100,0.3054369599558413,0.002827299991622567,0.022105365991592407,0.0009216759935952723,0.002218256995547563,0.0033248640247620642,0.33369448996381834
tier_1m,1_1438042990112.50_20150728002310-00296-ip-10-236-191-2_202658094_3.csv,5,10.0,50,528,False,True,,50,0.4190733319846913,0.0009607699466869235,0.006389801972545683,0.0017847090493887663,0.002368181012570858,0.004371297953184694,0.4307952018571086
tier_1m,1_1438042990112.50_20150728002310-00296-ip-10-236-191-2_202658094_3.csv,10,10.0,100,528,False,True,,100,0.4190733319846913,0.0010140189551748335,0.011811546981334686,0.001685204973910004,0.0028148519922979176,0.004781062016263604,0.43667995993746445
tier_1m,1_1438042990112.50_20150728002310-00296-ip-10-236-191-2_202658094_3.csv,20,10.0,200,528,False,True,,200,0.4190733319846913,0.0021535229752771556,0.03120054496685043,0.0014037590008229017,0.0036443930002860725,0.005350549996364862,0.45777794992318377
tier_1m,1_1438042990112.50_20150728002310-00296-ip-10-236-191-2_202658094_3.csv,5,5.0,25,528,False,True,,25,0.4190733319846913,0.0019146129488945007,0.007002129976172,0.0013999519869685173,0.0020794070442207158,0.0036927330074831843,0.431682807917241
tier_1m,1_1438042990112.50_20150728002310-00296-ip-10-236-191-2_202658094_3.csv,10,5.0,50,528,False,True,,50,0.4190733319846913,0.0011983279837295413,0.007354742963798344,0.0012229189742356539,0.002081284997984767,0.003524466010276228,0.43115086894249544
tier_1m,1_1438042990112.50_20150728002310-00296-ip-10-236-191-2_202658094_3.csv,20,5.0,100,528,False,True,,100,0.4190733319846913,0.0011937710223719478,0.014515951974317431,0.0012496939743869007,0.002194950997363776,0.003666368022095412,0.4384494230034761
tier_1m,1_1438042988061.16_20150728002308-00013-ip-10-236-191-2_636339982_0.csv,5,10.0,50,625,False,True,,50,0.3288279139669612,0.0007926879916340113,0.01425994501914829,0.0017969170003198087,0.0022452579578384757,0.004322637047152966,0.3482031840248965
tier_1m,1_1438042988061.16_20150728002308-00013-ip-10-236-191-2_636339982_0.csv,10,10.0,100,625,False,True,,100,0.3288279139669612,0.0014498020173050463,0.029515705013182014,0.0015889350324869156,0.002368745976127684,0.004241367045324296,0.36403478804277256
tier_1m,1_1438042988061.16_20150728002308-00013-ip-10-236-191-2_636339982_0.csv,20,10.0,200,625,False,True,,200,0.3288279139669612,0.001519766985438764,0.057776354951784015,0.0016228999593295157,0.0028489830438047647,0.004777700989507139,0.3929017368936911
tier_1m,1_1438042988061.16_20150728002308-00013-ip-10-236-191-2_636339982_0.csv,5,5.0,25,625,False,True,,25,0.3288279139669612,0.0013171739992685616,0.008933756034821272,0.0011414539767429233,0.002240123983938247,0.003601218981202692,0.34268006298225373
tier_1m,1_1438042988061.16_20150728002308-00013-ip-10-236-191-2_636339982_0.csv,10,5.0,50,625,False,True,,50,0.3288279139669612,0.0013019299949519336,0.015078062016982585,0.0011389420251362026,0.002110251982230693,0.003482087980955839,0.34868999395985156
tier_1m,1_1438042988061.16_20150728002308-00013-ip-10-236-191-2_636339982_0.csv,20,5.0,100,625,False,True,,100,0.3288279139669612,0.0013148030266165733,0.0294159630429931,0.0013174579944461584,0.002940270002000034,0.00451482500648126,0.36407350504305214
tier_1m,1_1438042987127.36_20150728002307-00294-ip-10-236-191-2_390417830_16.csv,5,10.0,50,812,False,True,,50,0.42012080003041774,0.0011221750173717737,0.011055361945182085,0.002027503971476108,0.002669636975042522,0.004977539996616542,0.43727587698958814
tier_1m,1_1438042987127.36_20150728002307-00294-ip-10-236-191-2_390417830_16.csv,10,10.0,100,812,False,True,,100,0.42012080003041774,0.0019146929844282568,0.02308890101267025,0.001457028032746166,0.0026806890382431448,0.004405393032357097,0.44952978705987334
tier_1m,1_1438042987127.36_20150728002307-00294-ip-10-236-191-2_390417830_16.csv,20,10.0,200,812,False,True,,200,0.42012080003041774,0.0018471929943189025,0.043709332996513695,0.001486665045376867,0.0035493170144036412,0.005332990025635809,0.47101031604688615
tier_1m,1_1438042987127.36_20150728002307-00294-ip-10-236-191-2_390417830_16.csv,5,5.0,25,812,False,True,,25,0.42012080003041774,0.0017390819848515093,0.006477884016931057,0.0011257610167376697,0.002089870977215469,0.0034362650476396084,0.4317740310798399
tier_1m,1_1438042987127.36_20150728002307-00294-ip-10-236-191-2_390417830_16.csv,10,5.0,50,812,False,True,,50,0.42012080003041774,0.001735395984724164,0.011463103990536183,0.0011918279924429953,0.002296070975717157,0.0037344800075516105,0.4370537800132297
tier_1m,1_1438042987127.36_20150728002307-00294-ip-10-236-191-2_390417830_16.csv,20,5.0,100,812,False,True,,100,0.42012080003041774,0.0017481749528087676,0.022646311030257493,0.001444431021809578,0.0023979779798537493,0.00410777801880613,0.44862306403229013
tier_1m,0_1438042988458.74_20150728002308-00254-ip-10-236-191-2_909417374_257.csv,5,10.0,50,2794,False,True,,50,0.07319298200309277,0.0045751690049655735,0.0025249230093322694,0.001850589003879577,0.0022224790300242603,0.004380243015475571,0.08467331703286618
tier_1m,0_1438042988458.74_20150728002308-00254-ip-10-236-191-2_909417374_257.csv,10,10.0,100,2794,False,True,,100,0.07319298200309277,0.0066083320416510105,0.0045757280313409865,0.0013810160453431308,0.0033304470125585794,0.004977094999048859,0.08935413707513362
tier_1m,0_1438042988458.74_20150728002308-00254-ip-10-236-191-2_909417374_257.csv,20,10.0,200,2794,False,True,,200,0.07319298200309277,0.005904046993236989,0.009946307982318103,0.0016344879986718297,0.0032198880217038095,0.005222601001150906,0.09426593797979876
tier_1m,0_1438042988458.74_20150728002308-00254-ip-10-236-191-2_909417374_257.csv,5,5.0,25,2794,False,True,,25,0.07319298200309277,0.006504989985842258,0.0012373109930194914,0.0011064769933000207,0.0017627339693717659,0.003147085022646934,0.08408236800460145
tier_1m,0_1438042988458.74_20150728002308-00254-ip-10-236-191-2_909417374_257.csv,10,5.0,50,2794,False,True,,50,0.07319298200309277,0.007948291022330523,0.003235097974538803,0.0012035489780828357,0.0020989380427636206,0.003606720012612641,0.08798309101257473
tier_1m,0_1438042988458.74_20150728002308-00254-ip-10-236-191-2_909417374_257.csv,20,5.0,100,2794,False,True,,100,0.07319298200309277,0.006783986988011748,0.0044980800012126565,0.0010997970239259303,0.0022767449845559895,0.0036589709925465286,0.0881340199848637
tier_1m,0_1438042988061.16_20150728002308-00101-ip-10-236-191-2_653250037_0.csv,5,10.0,50,176,False,True,,50,0.44176568801049143,0.0003283729893155396,0.008435916970483959,0.0019873250275850296,0.002204139018431306,0.004443173005711287,0.4549731509760022
tier_1m,0_1438042988061.16_20150728002308-00101-ip-10-236-191-2_653250037_0.csv,10,10.0,100,176,False,True,,100,0.44176568801049143,0.0003610689891502261,0.015539097948931158,0.0014123239670880139,0.002800240006763488,0.004514425003435463,0.4621802799520083
tier_1m,0_1438042988061.16_20150728002308-00101-ip-10-236-191-2_653250037_0.csv,20,10.0,200,176,True,True,,176,0.44176568801049143,1.8329592421650887e-06,0.033348280005156994,0.0016794700059108436,0.0034907980007119477,0.00546061503700912,0.4805764160118997
tier_1m,0_1438042988061.16_20150728002308-00101-ip-10-236-191-2_653250037_0.csv,5,5.0,25,176,False,True,,25,0.44176568801049143,0.0005063120042905211,0.005778161983471364,0.0008757130126468837,0.00200589100131765,0.003080900991335511,0.4511310629895888
tier_1m,0_1438042988061.16_20150728002308-00101-ip-10-236-191-2_653250037_0.csv,10,5.0,50,176,False,True,,50,0.44176568801049143,0.00032034795731306076,0.007992272032424808,0.0010697909747250378,0.0022479580366052687,0.0035211729700677097,0.453599480970297
tier_1m,0_1438042988061.16_20150728002308-00101-ip-10-236-191-2_653250037_0.csv,20,5.0,100,176,False,True,,100,0.44176568801049143,0.0003396269748918712,0.015012383984867483,0.0013316500117070973,0.002184237993787974,0.0037728880415670574,0.46089058701181784
tier_1m,0_1438042988458.74_20150728002308-00046-ip-10-236-191-2_428007644_11.csv,5,10.0,50,2,True,False,insufficient_candidates,0,0.24084823002340272,0,0,0,0,0,0.24084823002340272
tier_1m,0_1438042988458.74_20150728002308-00046-ip-10-236-191-2_428007644_11.csv,10,10.0,100,2,True,False,insufficient_candidates,0,0.24084823002340272,0,0,0,0,0,0.24084823002340272
tier_1m,0_1438042988458.74_20150728002308-00046-ip-10-236-191-2_428007644_11.csv,20,10.0,200,2,True,False,insufficient_candidates,0,0.24084823002340272,0,0,0,0,0,0.24084823002340272
tier_1m,0_1438042988458.74_20150728002308-00046-ip-10-236-191-2_428007644_11.csv,5,5.0,25,2,True,False,insufficient_candidates,0,0.24084823002340272,0,0,0,0,0,0.24084823002340272
tier_1m,0_1438042988458.74_20150728002308-00046-ip-10-236-191-2_428007644_11.csv,10,5.0,50,2,True,False,insufficient_candidates,0,0.24084823002340272,0,0,0,0,0,0.24084823002340272
tier_1m,0_1438042988458.74_20150728002308-00046-ip-10-236-191-2_428007644_11.csv,20,5.0,100,2,True,False,insufficient_candidates,0,0.24084823002340272,0,0,0,0,0,0.24084823002340272
tier_1m,1_1438042987127.36_20150728002307-00290-ip-10-236-191-2_469307566_0.csv,5,10.0,50,575,False,False,stage2_infeasible,50,0.4003790299757384,0.0008178220014087856,0.039104564988519996,0.002008526003919542,0.0,0.0020441339584067464,0.4423455509240739
tier_1m,1_1438042987127.36_20150728002307-00290-ip-10-236-191-2_469307566_0.csv,10,10.0,100,575,False,False,stage2_infeasible,100,0.4003790299757384,0.0009794359793886542,0.07647755299694836,0.00150889198994264,0.0,0.0015514729893766344,0.479387491941452
tier_1m,1_1438042987127.36_20150728002307-00290-ip-10-236-191-2_469307566_0.csv,20,10.0,200,575,False,False,stage2_infeasible,200,0.4003790299757384,0.0009108639787882566,0.15566722000949085,0.001735916011966765,0.0,0.001807069987989962,0.5587641839520074
tier_1m,1_1438042987127.36_20150728002307-00290-ip-10-236-191-2_469307566_0.csv,5,5.0,25,575,False,False,stage2_infeasible,25,0.4003790299757384,0.0009158799657598138,0.01926704205106944,0.0011476930230855942,0.0,0.0011673609842546284,0.42172931297682226
tier_1m,1_1438042987127.36_20150728002307-00290-ip-10-236-191-2_469307566_0.csv,10,5.0,50,575,False,False,stage2_infeasible,50,0.4003790299757384,0.0009060829761438072,0.03783608699450269,0.001060765003785491,0.0,0.0010861130431294441,0.4402073129895143
tier_1m,1_1438042987127.36_20150728002307-00290-ip-10-236-191-2_469307566_0.csv,20,5.0,100,575,False,False,stage2_infeasible,100,0.4003790299757384,0.0008604750037193298,0.07569990801857784,0.0012120010214857757,0.0,0.0012510889791883528,0.4781905019772239
tier_1m,1_1438042990112.50_20150728002310-00062-ip-10-236-191-2_896744244_9.csv,5,10.0,50,2635,False,True,,50,0.10250362899387255,0.003911770996637642,0.002483912045136094,0.0019125950057059526,0.0024328090366907418,0.004631969030015171,0.11353128106566146
tier_1m,1_1438042990112.50_20150728002310-00062-ip-10-236-191-2_896744244_9.csv,10,10.0,100,2635,False,True,,100,0.10250362899387255,0.0039809439913369715,0.00417341198772192,0.0009910750086419284,0.002177136018872261,0.0033745169639587402,0.11403250193689018
tier_1m,1_1438042990112.50_20150728002310-00062-ip-10-236-191-2_896744244_9.csv,20,10.0,200,2635,False,True,,200,0.10250362899387255,0.0037935040309093893,0.007618469011504203,0.0010492799920029938,0.002510584017727524,0.0037738539976999164,0.11768945603398606
tier_1m,1_1438042990112.50_20150728002310-00062-ip-10-236-191-2_896744244_9.csv,5,5.0,25,2635,False,True,,25,0.10250362899387255,0.003415521001443267,0.0009488139767199755,0.0007883459911681712,0.0017982249846681952,0.0027561590541154146,0.10962412302615121
tier_1m,1_1438042990112.50_20150728002310-00062-ip-10-236-191-2_896744244_9.csv,10,5.0,50,2635,False,True,,50,0.10250362899387255,0.0032601059647276998,0.0018180359620600939,0.000829842989332974,0.0019634109921753407,0.0029760649777017534,0.1105578358983621
tier_1m,1_1438042990112.50_20150728002310-00062-ip-10-236-191-2_896744244_9.csv,20,5.0,100,2635,False,True,,100,0.10250362899387255,0.0032992790220305324,0.003958093002438545,0.0009053130052052438,0.0022817360004410148,0.0033732550218701363,0.11313425604021177
tier_1m,1_1438042990112.50_20150728002310-00225-ip-10-236-191-2_718036865_0.csv,5,10.0,50,1231,False,False,stage2_infeasible,50,0.4722799379960634,0.0013535409816540778,0.0035458520287647843,0.0017467180150561035,0.0,0.0017737119924277067,0.47895304299890995
tier_1m,1_1438042990112.50_20150728002310-00225-ip-10-236-191-2_718036865_0.csv,10,10.0,100,1231,False,False,stage2_infeasible,100,0.4722799379960634,0.001576221955474466,0.007324639998842031,0.0012035979889333248,0.0,0.00123567198170349,0.48241647193208337
tier_1m,1_1438042990112.50_20150728002310-00225-ip-10-236-191-2_718036865_0.csv,20,10.0,200,1231,False,False,stage2_infeasible,200,0.4722799379960634,0.0015240850043483078,0.015301291015930474,0.0012646120158024132,0.0,0.0013164590345695615,0.4904217730509117
tier_1m,1_1438042990112.50_20150728002310-00225-ip-10-236-191-2_718036865_0.csv,5,5.0,25,1231,False,False,stage2_infeasible,25,0.4722799379960634,0.0014395079924724996,0.001798209035769105,0.0008850090089254081,0.0,0.0008994899690151215,0.4764171449933201
tier_1m,1_1438042990112.50_20150728002310-00225-ip-10-236-191-2_718036865_0.csv,10,5.0,50,1231,False,False,stage2_infeasible,50,0.4722799379960634,0.0014157769619487226,0.0034626220003701746,0.0009027299820445478,0.0,0.000921691011171788,0.47808002796955407
tier_1m,1_1438042990112.50_20150728002310-00225-ip-10-236-191-2_718036865_0.csv,20,5.0,100,1231,False,False,stage2_infeasible,100,0.4722799379960634,0.0014205789775587618,0.006894786027260125,0.0008235549903474748,0.0,0.0008516160305589437,0.4814469190314412
tier_1m,0_1438042988061.16_20150728002308-00189-ip-10-236-191-2_414087396_10.csv,5,10.0,50,387,False,True,,50,0.5427559340023436,0.0005416980129666626,0.005432070989627391,0.0016911790007725358,0.0023506740108132362,0.004256461979821324,0.5529861649847589
tier_1m,0_1438042988061.16_20150728002308-00189-ip-10-236-191-2_414087396_10.csv,10,10.0,100,387,False,True,,100,0.5427559340023436,0.0005899369716644287,0.009888403990771621,0.001006660982966423,0.002140968048479408,0.003354077984113246,0.5565883529488929
tier_1m,0_1438042988061.16_20150728002308-00189-ip-10-236-191-2_414087396_10.csv,20,10.0,200,387,False,True,,200,0.5427559340023436,0.0007819180027581751,0.01849427999695763,0.001511359994765371,0.0025260940310545266,0.004308515985030681,0.56634064798709
tier_1m,0_1438042988061.16_20150728002308-00189-ip-10-236-191-2_414087396_10.csv,5,5.0,25,387,False,True,,25,0.5427559340023436,0.0011903609847649932,0.005465920956339687,0.001075077976565808,0.0017866940470412374,0.0030798009829595685,0.5524920169264078
tier_1m,0_1438042988061.16_20150728002308-00189-ip-10-236-191-2_414087396_10.csv,10,5.0,50,387,False,True,,50,0.5427559340023436,0.000845799979288131,0.009023299033287913,0.0007945619872771204,0.0016368270153179765,0.0026198470150120556,0.5552448800299317
tier_1m,0_1438042988061.16_20150728002308-00189-ip-10-236-191-2_414087396_10.csv,20,5.0,100,387,False,True,,100,0.5427559340023436,0.0008857849752530456,0.013460769027005881,0.0009235579636879265,0.0017140129930339754,0.0028469900134950876,0.5599494780180976
tier_1m,0_1438042988061.16_20150728002308-00144-ip-10-236-191-2_279381280_30.csv,5,10.0,50,1398,False,False,stage2_infeasible,50,0.3436730309622362,0.0017101690173149109,0.01146899099694565,0.0013908749679103494,0.0,0.001419146021362394,0.3582713369978592
tier_1m,0_1438042988061.16_20150728002308-00144-ip-10-236-191-2_279381280_30.csv,10,10.0,100,1398,False,False,stage2_infeasible,100,0.3436730309622362,0.0018113580299541354,0.022644063050393015,0.0011992439976893365,0.0,0.0012324679992161691,0.36936092004179955
tier_1m,0_1438042988061.16_20150728002308-00144-ip-10-236-191-2_279381280_30.csv,20,10.0,200,1398,False,False,stage2_infeasible,200,0.3436730309622362,0.0017457189969718456,0.04460131702944636,0.0016044520307332277,0.0,0.001655623025726527,0.39167569001438096
tier_1m,0_1438042988061.16_20150728002308-00144-ip-10-236-191-2_279381280_30.csv,5,5.0,25,1398,False,False,stage2_infeasible,25,0.3436730309622362,0.0016912150313146412,0.005630874016787857,0.0007946690311655402,0.0,0.0008102839929051697,0.3518054040032439
tier_1m,0_1438042988061.16_20150728002308-00144-ip-10-236-191-2_279381280_30.csv,10,5.0,50,1398,False,False,stage2_infeasible,50,0.3436730309622362,0.0016672339988872409,0.010992388997692615,0.0009984850184991956,0.0,0.0010189570020884275,0.3573516109609045
tier_1m,0_1438042988061.16_20150728002308-00144-ip-10-236-191-2_279381280_30.csv,20,5.0,100,1398,False,False,stage2_infeasible,100,0.3436730309622362,0.0016689959447830915,0.02190255798632279,0.0011460509849712253,0.0,0.0011798000195994973,0.3684243849129416
tier_1m,1_1438042990112.50_20150728002310-00081-ip-10-236-191-2_890934925_129.csv,5,10.0,50,2295,False,True,,50,0.10663634800584987,0.0027448050095699728,0.0020736189908348024,0.0014521830016747117,0.0022202760446816683,0.003925081982742995,0.11537985398899764
tier_1m,1_1438042990112.50_20150728002310-00081-ip-10-236-191-2_890934925_129.csv,10,10.0,100,2295,False,True,,100,0.10663634800584987,0.004528656019829214,0.005434029037132859,0.0011469090241007507,0.0021481869625858963,0.0035195020027458668,0.12011853506555781
tier_1m,1_1438042990112.50_20150728002310-00081-ip-10-236-191-2_890934925_129.csv,20,10.0,200,2295,False,True,,200,0.10663634800584987,0.004519812006037682,0.008600757049862295,0.0011287169763818383,0.00280047400156036,0.004167724982835352,0.1239246420445852
tier_1m,1_1438042990112.50_20150728002310-00081-ip-10-236-191-2_890934925_129.csv,5,5.0,25,2295,False,True,,25,0.10663634800584987,0.004446654987987131,0.0016100649954751134,0.0010157619835808873,0.0015934359980747104,0.0028433260158635676,0.11553639400517568
tier_1m,1_1438042990112.50_20150728002310-00081-ip-10-236-191-2_890934925_129.csv,10,5.0,50,2295,False,True,,50,0.10663634800584987,0.00444920698646456,0.0031107969698496163,0.0009550779941491783,0.002020087034907192,0.003192730015143752,0.1173890819773078
tier_1m,1_1438042990112.50_20150728002310-00081-ip-10-236-191-2_890934925_129.csv,20,5.0,100,2295,False,True,,100,0.10663634800584987,0.004440329037606716,0.004782869014889002,0.001012526045087725,0.001851634995546192,0.003080398018937558,0.11893994407728314
tier_1m,0_1438042988061.16_20150728002308-00133-ip-10-236-191-2_59742533_2.csv,5,10.0,50,482,False,True,,50,0.5459654710139148,0.0005399310030043125,0.009046127030160278,0.0017826380208134651,0.002314770012162626,0.004343699023593217,0.5598952280706726
tier_1m,0_1438042988061.16_20150728002308-00133-ip-10-236-191-2_59742533_2.csv,10,10.0,100,482,False,True,,100,0.5459654710139148,0.0012719320366159081,0.02110357698984444,0.0012510570231825113,0.001992659003008157,0.0034759080153889954,0.5718168880557641
tier_1m,0_1438042988061.16_20150728002308-00133-ip-10-236-191-2_59742533_2.csv,20,10.0,200,482,False,True,,200,0.5459654710139148,0.0012833949876949191,0.039685255964286625,0.0011304070358164608,0.003248930035624653,0.004628241003956646,0.591562362969853
tier_1m,0_1438042988061.16_20150728002308-00133-ip-10-236-191-2_59742533_2.csv,5,5.0,25,482,False,True,,25,0.5459654710139148,0.0008458609809167683,0.00717857398558408,0.0011514000361785293,0.0020883000106550753,0.003444154979661107,0.5574340609600767
tier_1m,0_1438042988061.16_20150728002308-00133-ip-10-236-191-2_59742533_2.csv,10,5.0,50,482,False,True,,50,0.5459654710139148,0.0008089980110526085,0.012798447045497596,0.0010083180386573076,0.0018643930088728666,0.003102559014223516,0.5626754750846885
tier_1m,0_1438042988061.16_20150728002308-00133-ip-10-236-191-2_59742533_2.csv,20,5.0,100,482,False,True,,100,0.5459654710139148,0.0012192989815957844,0.020597289956640452,0.0012078749714419246,0.0025826580240391195,0.004030775045976043,0.5718128349981271
tier_1m,1_1438042990112.50_20150728002310-00259-ip-10-236-191-2_889779227_121.csv,5,10.0,50,2785,False,True,,50,0.053922488004900515,0.003664185991510749,0.002107059000991285,0.0015255179605446756,0.0019985049730166793,0.0037881199968978763,0.06348185299430043
tier_1m,1_1438042990112.50_20150728002310-00259-ip-10-236-191-2_889779227_121.csv,10,10.0,100,2785,False,True,,100,0.053922488004900515,0.0059949010028503835,0.004694431030657142,0.000981659977696836,0.0026656650006771088,0.003876641974784434,0.06848846201319247
tier_1m,1_1438042990112.50_20150728002310-00259-ip-10-236-191-2_889779227_121.csv,20,10.0,200,2785,False,True,,200,0.053922488004900515,0.005929142003878951,0.00782758102286607,0.001314771012403071,0.0028502990026026964,0.004410701047163457,0.072089912078809
tier_1m,1_1438042990112.50_20150728002310-00259-ip-10-236-191-2_889779227_121.csv,5,5.0,25,2785,False,True,,25,0.053922488004900515,0.005936102010309696,0.0015491769881919026,0.0009166119853034616,0.0015300519880838692,0.00264153495663777,0.06404930196003988
tier_1m,1_1438042990112.50_20150728002310-00259-ip-10-236-191-2_889779227_121.csv,10,5.0,50,2785,False,True,,50,0.053922488004900515,0.0060009119915775955,0.0024189319810830057,0.0008504849974997342,0.001588106038980186,0.002637650992255658,0.06497998296981677
tier_1m,1_1438042990112.50_20150728002310-00259-ip-10-236-191-2_889779227_121.csv,20,5.0,100,2785,False,True,,100,0.053922488004900515,0.005957828019745648,0.004556636966299266,0.0009658400085754693,0.00215702602872625,0.0033390920143574476,0.06777604500530288
tier_1m,0_1438042988458.74_20150728002308-00262-ip-10-236-191-2_380524338_2.csv,5,10.0,50,1148,False,True,,50,0.4215819039964117,0.0012792189954780042,0.004687077016569674,0.0017436420312151313,0.002148464962374419,0.004157738003414124,0.4317059380118735
tier_1m,0_1438042988458.74_20150728002308-00262-ip-10-236-191-2_380524338_2.csv,10,10.0,100,1148,False,True,,100,0.4215819039964117,0.003039248986169696,0.011569401947781444,0.0010489560081623495,0.0021678030025213957,0.003436562023125589,0.43962711695348844
tier_1m,0_1438042988458.74_20150728002308-00262-ip-10-236-191-2_380524338_2.csv,20,10.0,200,1148,False,True,,200,0.4215819039964117,0.004002570000011474,0.019449123996309936,0.0011814989848062396,0.0028531389543786645,0.004278797016013414,0.44931239500874653
tier_1m,0_1438042988458.74_20150728002308-00262-ip-10-236-191-2_380524338_2.csv,5,5.0,25,1148,False,True,,25,0.4215819039964117,0.0028713529463857412,0.004131392983254045,0.0009284840198233724,0.002089268993586302,0.003208829031791538,0.43179347895784304
tier_1m,0_1438042988458.74_20150728002308-00262-ip-10-236-191-2_380524338_2.csv,10,5.0,50,1148,False,True,,50,0.4215819039964117,0.0019116700277663767,0.007107090030331165,0.0009380910196341574,0.0017117090173996985,0.002856588049326092,0.43345725210383534
tier_1m,0_1438042988458.74_20150728002308-00262-ip-10-236-191-2_380524338_2.csv,20,5.0,100,1148,False,True,,100,0.4215819039964117,0.0029050870216451585,0.01143060001777485,0.0009450920042581856,0.002488156023900956,0.0036553990212269127,0.43957299005705863
tier_1m,1_1438042987127.36_20150728002307-00027-ip-10-236-191-2_67802697_2.csv,5,10.0,50,678,False,True,,50,0.20120625500567257,0.0007419059984385967,0.011640216049272567,0.0016567729762755334,0.001961189031135291,0.0038633199874311686,0.2174516970408149
tier_1m,1_1438042987127.36_20150728002307-00027-ip-10-236-191-2_67802697_2.csv,10,10.0,100,678,False,True,,100,0.20120625500567257,0.0013064779923297465,0.026283098966814578,0.0011360420030541718,0.0028103290242142975,0.004175628011580557,0.23297145997639745
tier_1m,1_1438042987127.36_20150728002307-00027-ip-10-236-191-2_67802697_2.csv,20,10.0,200,678,False,True,,200,0.20120625500567257,0.0012642840156331658,0.048641872010193765,0.0012890159850940108,0.002040863037109375,0.003601600998081267,0.25471401202958077
tier_1m,1_1438042987127.36_20150728002307-00027-ip-10-236-191-2_67802697_2.csv,5,5.0,25,678,False,True,,25,0.20120625500567257,0.0012011179933324456,0.009480861015617847,0.0010427689994685352,0.002132585970684886,0.00336649501696229,0.21525472903158516
tier_1m,1_1438042987127.36_20150728002307-00027-ip-10-236-191-2_67802697_2.csv,10,5.0,50,678,False,True,,50,0.20120625500567257,0.0011889529996551573,0.014613368024583906,0.001133631041739136,0.0016452919808216393,0.0029783360077999532,0.2199869120377116
tier_1m,1_1438042987127.36_20150728002307-00027-ip-10-236-191-2_67802697_2.csv,20,5.0,100,678,False,True,,100,0.20120625500567257,0.0012234660098329186,0.026184593967627734,0.0011672700056806207,0.001989530981518328,0.0033712530275806785,0.2319855680107139
tier_1m,0_1438042988458.74_20150728002308-00175-ip-10-236-191-2_385639780_18.csv,5,10.0,50,756,False,True,,50,0.5190342550049536,0.0011895490461029112,0.00898548198165372,0.001697210012935102,0.0023397569893859327,0.004286938987206668,0.5334962250199169
tier_1m,0_1438042988458.74_20150728002308-00175-ip-10-236-191-2_385639780_18.csv,10,10.0,100,756,False,True,,100,0.5190342550049536,0.0020413860329426825,0.02047286299057305,0.0012226840481162071,0.0022953730076551437,0.0037420709850266576,0.545290575013496
tier_1m,0_1438042988458.74_20150728002308-00175-ip-10-236-191-2_385639780_18.csv,20,10.0,200,756,False,True,,200,0.5190342550049536,0.0020039870287291706,0.037123807007446885,0.0011881350073963404,0.0030183069757185876,0.004471089981961995,0.5626331390230916
tier_1m,0_1438042988458.74_20150728002308-00175-ip-10-236-191-2_385639780_18.csv,5,5.0,25,756,False,True,,25,0.5190342550049536,0.0013793300022371113,0.007739026972558349,0.0008453800110146403,0.002259480010252446,0.003288439998868853,0.5314410519786179
tier_1m,0_1438042988458.74_20150728002308-00175-ip-10-236-191-2_385639780_18.csv,10,5.0,50,756,False,True,,50,0.5190342550049536,0.001870394975412637,0.011301162012387067,0.0011132850195281208,0.001659841975197196,0.0029707259964197874,0.5351765379891731
tier_1m,0_1438042988458.74_20150728002308-00175-ip-10-236-191-2_385639780_18.csv,20,5.0,100,756,False,True,,100,0.5190342550049536,0.0019258990068919957,0.020317096961662173,0.0011343680089339614,0.002469448954798281,0.003821674967184663,0.5450989259406924
tier_1m,0_1438042988458.74_20150728002308-00303-ip-10-236-191-2_56708567_9.csv,5,10.0,50,806,False,True,,50,0.5002357779885642,0.001294590998440981,0.008908526971936226,0.0019001580076292157,0.002046757028438151,0.004194708017166704,0.5146336039761081
tier_1m,0_1438042988458.74_20150728002308-00303-ip-10-236-191-2_56708567_9.csv,10,10.0,100,806,False,True,,100,0.5002357779885642,0.0022067020181566477,0.020404347975272685,0.001020447991322726,0.0024317820207215846,0.0036761669907718897,0.5265229949727654
tier_1m,0_1438042988458.74_20150728002308-00303-ip-10-236-191-2_56708567_9.csv,20,10.0,200,806,False,True,,200,0.5002357779885642,0.0021672589937224984,0.03693267802009359,0.0012373229837976396,0.002979328972287476,0.004475188034120947,0.5438109030365013
tier_1m,0_1438042988458.74_20150728002308-00303-ip-10-236-191-2_56708567_9.csv,5,5.0,25,806,False,True,,25,0.5002357779885642,0.0014766230015084147,0.0076375139760784805,0.0010582479881122708,0.0018268610001541674,0.0030731220031157136,0.5124230369692668
tier_1m,0_1438042988458.74_20150728002308-00303-ip-10-236-191-2_56708567_9.csv,10,5.0,50,806,False,True,,50,0.5002357779885642,0.0020409090211614966,0.011332055029924959,0.0010254340013489127,0.0016333870007656515,0.002871092001441866,0.5164798340410925
tier_1m,0_1438042988458.74_20150728002308-00303-ip-10-236-191-2_56708567_9.csv,20,5.0,100,806,False,True,,100,0.5002357779885642,0.002087550994474441,0.020156557962764055,0.0010712780058383942,0.005531020986381918,0.006826511991675943,0.5293063989374787
tier_1m,0_1438042988458.74_20150728002308-00063-ip-10-236-191-2_657101208_1.csv,5,10.0,50,813,False,True,,50,0.39829088404076174,0.0009802290005609393,0.01164868799969554,0.0019018079619854689,0.0019420600146986544,0.00408651796169579,0.415006319002714
tier_1m,0_1438042988458.74_20150728002308-00063-ip-10-236-191-2_657101208_1.csv,10,10.0,100,813,False,True,,100,0.39829088404076174,0.0016867569647729397,0.026215293968562037,0.0010712519870139658,0.0022100560017861426,0.003506188979372382,0.4296991239534691
tier_1m,0_1438042988458.74_20150728002308-00063-ip-10-236-191-2_657101208_1.csv,20,10.0,200,813,False,True,,200,0.39829088404076174,0.0016424789791926742,0.04881042294437066,0.0011605439940467477,0.002046736015472561,0.0034581299987621605,0.45220191596308723
tier_1m,0_1438042988458.74_20150728002308-00063-ip-10-236-191-2_657101208_1.csv,5,5.0,25,813,False,True,,25,0.39829088404076174,0.001566690974868834,0.009257844998501241,0.0007950599538162351,0.0018728359718807042,0.0028475059662014246,0.41196292598033324
tier_1m,0_1438042988458.74_20150728002308-00063-ip-10-236-191-2_657101208_1.csv,10,5.0,50,813,False,True,,50,0.39829088404076174,0.0015558190061710775,0.014410716015845537,0.0008355499594472349,0.0015161530463956296,0.00253649998921901,0.41679391905199736
tier_1m,0_1438042988458.74_20150728002308-00063-ip-10-236-191-2_657101208_1.csv,20,5.0,100,813,False,True,,100,0.39829088404076174,0.0015882310108281672,0.025864808005280793,0.001130002026911825,0.0019838589942082763,0.003322143980767578,0.4290660670376383
tier_1m,1_1438042990112.50_20150728002310-00190-ip-10-236-191-2_436521753_9.csv,5,10.0,50,302,False,True,,50,0.3890993510140106,0.0004721739678643644,0.0475407229969278,0.0017792609869502485,0.002214727981481701,0.004238444031216204,0.441350692010019
tier_1m,1_1438042990112.50_20150728002310-00190-ip-10-236-191-2_436521753_9.csv,10,10.0,100,302,False,True,,100,0.3890993510140106,0.0010663949651643634,0.09894842404173687,0.0014293079730123281,0.0025497780297882855,0.004223109979648143,0.49333728000056
tier_1m,1_1438042990112.50_20150728002310-00190-ip-10-236-191-2_436521753_9.csv,20,10.0,200,302,False,True,,200,0.3890993510140106,0.0008639639709144831,0.19902081502368674,0.0015374519862234592,0.0037955379812046885,0.005643720971420407,0.5946278509800322
tier_1m,1_1438042990112.50_20150728002310-00190-ip-10-236-191-2_436521753_9.csv,5,5.0,25,302,False,True,,25,0.3890993510140106,0.0010823350166901946,0.027090493007563055,0.0010464399820193648,0.0019685099832713604,0.0032359150354750454,0.4205080940737389
tier_1m,1_1438042990112.50_20150728002310-00190-ip-10-236-191-2_436521753_9.csv,10,5.0,50,302,False,True,,50,0.3890993510140106,0.0005835029878653586,0.058666133030783385,0.001381283043883741,0.002354839991312474,0.0039749229908920825,0.45232391002355143
tier_1m,1_1438042990112.50_20150728002310-00190-ip-10-236-191-2_436521753_9.csv,20,5.0,100,302,False,True,,100,0.3890993510140106,0.0007847649976611137,0.11980560899246484,0.0017945070285350084,0.0029755669529549778,0.0050665930029936135,0.5147563180071302
tier_1m,1_1438042987127.36_20150728002307-00214-ip-10-236-191-2_225430488_0.csv,5,10.0,50,290,False,True,,50,0.5782088550040498,0.0004965290427207947,0.008779713010881096,0.0019000899628736079,0.0021710540167987347,0.004316047998145223,0.591801145055797
tier_1m,1_1438042987127.36_20150728002307-00214-ip-10-236-191-2_225430488_0.csv,10,10.0,100,290,False,True,,100,0.5782088550040498,0.0006842060247436166,0.01738445000955835,0.0014175889664329588,0.0026167890173383057,0.004323633969761431,0.6006011450081132
tier_1m,1_1438042987127.36_20150728002307-00214-ip-10-236-191-2_225430488_0.csv,20,10.0,200,290,False,True,,200,0.5782088550040498,0.0013796889688819647,0.03486213198630139,0.0016319259884767234,0.003620153001975268,0.005568695953115821,0.620019371912349
tier_1m,1_1438042987127.36_20150728002307-00214-ip-10-236-191-2_225430488_0.csv,5,5.0,25,290,False,True,,25,0.5782088550040498,0.0009690190199762583,0.0048605590127408504,0.000930698006413877,0.0016786159831099212,0.002801698981784284,0.5868401320185512
tier_1m,1_1438042987127.36_20150728002307-00214-ip-10-236-191-2_225430488_0.csv,10,5.0,50,290,False,True,,50,0.5782088550040498,0.00045975198736414313,0.008262245042715222,0.0009371229680255055,0.0018810979672707617,0.0030151670216582716,0.5899460190557875
tier_1m,1_1438042987127.36_20150728002307-00214-ip-10-236-191-2_225430488_0.csv,20,5.0,100,290,False,True,,100,0.5782088550040498,0.0006255079642869532,0.016965255956165493,0.0009267829591408372,0.002218900015577674,0.003396497981157154,0.5991961169056594
tier_1m,0_1438042988061.16_20150728002308-00047-ip-10-236-191-2_843664602_0.csv,5,10.0,50,309,False,True,,50,0.4554653069935739,0.0005701620248146355,0.019031977048143744,0.0019284419831819832,0.0034856279962696135,0.005864572012796998,0.4809320180793293
tier_1m,0_1438042988061.16_20150728002308-00047-ip-10-236-191-2_843664602_0.csv,10,10.0,100,309,False,True,,100,0.4554653069935739,0.0017167759942822158,0.04804247000720352,0.0017361470381729305,0.0031615920015610754,0.005227992020081729,0.5104525450151414
tier_1m,0_1438042988061.16_20150728002308-00047-ip-10-236-191-2_843664602_0.csv,20,10.0,200,309,False,True,,200,0.4554653069935739,0.0012363819987513125,0.07179024902870879,0.0017518569948151708,0.05740960600087419,0.059484386001713574,0.5879763240227476
tier_1m,0_1438042988061.16_20150728002308-00047-ip-10-236-191-2_843664602_0.csv,5,5.0,25,309,False,True,,25,0.4554653069935739,0.0008090569754131138,0.010466664971318096,0.001035829947795719,0.0021771879983134568,0.0034983649966306984,0.4702393939369358
tier_1m,0_1438042988061.16_20150728002308-00047-ip-10-236-191-2_843664602_0.csv,10,5.0,50,309,False,True,,50,0.4554653069935739,0.0009303899714723229,0.01836211496265605,0.000988940999377519,0.001869192987214774,0.0030761290108785033,0.4778339409385808
tier_1m,0_1438042988061.16_20150728002308-00047-ip-10-236-191-2_843664602_0.csv,20,5.0,100,309,False,True,,100,0.4554653069935739,0.0010431479895487428,0.033832587010692805,0.0011732890270650387,0.0023882949608378112,0.0037793240044265985,0.49412036599824205
tier_1m,0_1438042988061.16_20150728002308-00181-ip-10-236-191-2_216538600_0.csv,5,10.0,50,874,False,True,,50,0.33683731203200296,0.0009509119554422796,0.007177717983722687,0.0019643550040200353,0.0021252789883874357,0.004349398019257933,0.34931533999042585
tier_1m,0_1438042988061.16_20150728002308-00181-ip-10-236-191-2_216538600_0.csv,10,10.0,100,874,False,True,,100,0.33683731203200296,0.001679469016380608,0.017169609025586396,0.0011603190214373171,0.0021585379727184772,0.0035506830317899585,0.3592370731057599
tier_1m,0_1438042988061.16_20150728002308-00181-ip-10-236-191-2_216538600_0.csv,20,10.0,200,874,False,True,,200,0.33683731203200296,0.0016175900236703455,0.0307743739685975,0.0014691220130771399,0.0020107930176891387,0.003733400022611022,0.3729626760468818
tier_1m,0_1438042988061.16_20150728002308-00181-ip-10-236-191-2_216538600_0.csv,5,5.0,25,874,False,True,,25,0.33683731203200296,0.0015362620470114052,0.006497533002402633,0.0011626160121522844,0.0017398769850842655,0.0031664639827795327,0.3480375710641965
tier_1m,0_1438042988061.16_20150728002308-00181-ip-10-236-191-2_216538600_0.csv,10,5.0,50,874,False,True,,50,0.33683731203200296,0.001540646015200764,0.009896280011162162,0.0010124949621967971,0.0015685340040363371,0.0027880300185643137,0.3510622680769302
tier_1m,0_1438042988061.16_20150728002308-00181-ip-10-236-191-2_216538600_0.csv,20,5.0,100,874,False,True,,100,0.33683731203200296,0.0015453989617526531,0.017030792019795626,0.001005537051241845,0.0018835249939002097,0.00310162000823766,0.3585151230217889
tier_1m,0_1438042988061.16_20150728002308-00002-ip-10-236-191-2_545269850_0.csv,5,10.0,50,2500,False,True,,50,0.3219682070193812,0.0029021300142630935,0.010714861040469259,0.0015107449726201594,0.0019278110121376812,0.0036755860201083124,0.3392607840942219
tier_1m,0_1438042988061.16_20150728002308-00002-ip-10-236-191-2_545269850_0.csv,10,10.0,100,2500,False,True,,100,0.3219682070193812,0.004906250978820026,0.022856897965539247,0.0010233850334770977,0.0019842100446112454,0.0032286809873767197,0.3529600369511172
tier_1m,0_1438042988061.16_20150728002308-00002-ip-10-236-191-2_545269850_0.csv,20,10.0,200,2500,False,True,,200,0.3219682070193812,0.004717476957011968,0.04590227804146707,0.0016733140219002962,0.0024155450519174337,0.0043350160121917725,0.37692297803005204
tier_1m,0_1438042988061.16_20150728002308-00002-ip-10-236-191-2_545269850_0.csv,5,5.0,25,2500,False,True,,25,0.3219682070193812,0.004637054982595146,0.0075175740057602525,0.0009692469611763954,0.0018134069978259504,0.0029738960438407958,0.3370967320515774
tier_1m,0_1438042988061.16_20150728002308-00002-ip-10-236-191-2_545269850_0.csv,10,5.0,50,2500,False,True,,50,0.3219682070193812,0.004675136005971581,0.012411970004905015,0.0012822209973819554,0.0014279939932748675,0.0029131590272299945,0.3419684720574878
tier_1m,0_1438042988061.16_20150728002308-00002-ip-10-236-191-2_545269850_0.csv,20,5.0,100,2500,False,True,,100,0.3219682070193812,0.0046367759932763875,0.024125083989929408,0.0010119620128534734,0.002157853974495083,0.0033770219888538122,0.35410708899144083
tier_1m,0_1438042988061.16_20150728002308-00330-ip-10-236-191-2_795231590_4.csv,5,10.0,50,533,False,True,,50,0.476615221996326,0.0007362730102613568,0.01965296803973615,0.001796900003682822,0.0020255169947631657,0.00408084801165387,0.5010853110579774
tier_1m,0_1438042988061.16_20150728002308-00330-ip-10-236-191-2_795231590_4.csv,10,10.0,100,533,False,True,,100,0.476615221996326,0.0017216079868376255,0.04222024796763435,0.0011721379705704749,0.002380827034357935,0.0038015160243958235,0.5243585939751938
tier_1m,0_1438042988061.16_20150728002308-00330-ip-10-236-191-2_795231590_4.csv,20,10.0,200,533,False,True,,200,0.476615221996326,0.0017477170331403613,0.079577567987144,0.0014250079984776676,0.0029184509767219424,0.004615231009665877,0.5625557380262762
tier_1m,0_1438042988061.16_20150728002308-00330-ip-10-236-191-2_795231590_4.csv,5,5.0,25,533,False,True,,25,0.476615221996326,0.0012070059892721474,0.012953486002516001,0.0009339400567114353,0.001560939010232687,0.002699452976230532,0.4934751669643447
tier_1m,0_1438042988061.16_20150728002308-00330-ip-10-236-191-2_795231590_4.csv,10,5.0,50,533,False,True,,50,0.476615221996326,0.001214973977766931,0.022148485004436225,0.0012076330021955073,0.0019955350435338914,0.003412080986890942,0.5033907619654201
tier_1m,0_1438042988061.16_20150728002308-00330-ip-10-236-191-2_795231590_4.csv,20,5.0,100,533,False,True,,100,0.476615221996326,0.0016306490288116038,0.039558257965836674,0.0015449049533344805,0.002304116962477565,0.00410380499670282,0.5219079339876771
tier_1m,0_1438042988061.16_20150728002308-00235-ip-10-236-191-2_713850328_17.csv,5,10.0,50,405,False,True,,50,0.5766101499903016,0.0005998950218781829,0.004623446031473577,0.0017899079830385745,0.0024922710144892335,0.004546168027445674,0.586379659071099
tier_1m,0_1438042988061.16_20150728002308-00235-ip-10-236-191-2_713850328_17.csv,10,10.0,100,405,False,True,,100,0.5766101499903016,0.0010235210065729916,0.011520979984197766,0.0011953969951719046,0.0020285779610276222,0.0034521209890954196,0.5926067719701678
tier_1m,0_1438042988061.16_20150728002308-00235-ip-10-236-191-2_713850328_17.csv,20,10.0,200,405,False,True,,200,0.5766101499903016,0.001340548973530531,0.01870488899294287,0.0012470399960875511,0.003686994023155421,0.005183758039493114,0.6018393459962681
tier_1m,0_1438042988061.16_20150728002308-00235-ip-10-236-191-2_713850328_17.csv,5,5.0,25,405,False,True,,25,0.5766101499903016,0.0008792710141278803,0.004065153014380485,0.001087699958588928,0.0014295559958554804,0.0026871649897657335,0.5842417390085757
tier_1m,0_1438042988061.16_20150728002308-00235-ip-10-236-191-2_713850328_17.csv,10,5.0,50,405,False,True,,50,0.5766101499903016,0.000542874971870333,0.004203748016152531,0.0008168320055119693,0.0016189959715120494,0.0026363669894635677,0.583993139967788
tier_1m,0_1438042988061.16_20150728002308-00235-ip-10-236-191-2_713850328_17.csv,20,5.0,100,405,False,True,,100,0.5766101499903016,0.0009424879681318998,0.011856277997139841,0.0012710849987342954,0.0023100789985619485,0.0038071710150688887,0.5932160869706422
tier_1m,0_1438042988458.74_20150728002308-00232-ip-10-236-191-2_795586035_3.csv,5,10.0,50,674,False,True,,50,0.48730104602873325,0.0012164340005256236,0.013877741002943367,0.0018904139869846404,0.002071484981570393,0.004223936994094402,0.5066191580262966
tier_1m,0_1438042988458.74_20150728002308-00232-ip-10-236-191-2_795586035_3.csv,10,10.0,100,674,False,True,,100,0.48730104602873325,0.0012646919931285083,0.025758936011698097,0.0012726899585686624,0.002676605014130473,0.004188378981780261,0.5185130530153401
tier_1m,0_1438042988458.74_20150728002308-00232-ip-10-236-191-2_795586035_3.csv,20,10.0,200,674,False,True,,200,0.48730104602873325,0.0012409230112098157,0.047580423997715116,0.0013312050141394138,0.0034557399922050536,0.005046773992944509,0.5411691670306027
tier_1m,0_1438042988458.74_20150728002308-00232-ip-10-236-191-2_795586035_3.csv,5,5.0,25,674,False,True,,25,0.48730104602873325,0.0011524640140123665,0.010350020020268857,0.0012999540194869041,0.0019767209887504578,0.0035216520191170275,0.5023251820821315
tier_1m,0_1438042988458.74_20150728002308-00232-ip-10-236-191-2_795586035_3.csv,10,5.0,50,674,False,True,,50,0.48730104602873325,0.0011567629990167916,0.014706671005114913,0.0013228249736130238,0.0022198579972609878,0.0037833050009794533,0.5069477850338444
tier_1m,0_1438042988458.74_20150728002308-00232-ip-10-236-191-2_795586035_3.csv,20,5.0,100,674,False,True,,100,0.48730104602873325,0.0011724599753506482,0.02495302603347227,0.001152081007603556,0.0022323919693008065,0.0036029209732078016,0.517029453010764
tier_1m,0_1438042988458.74_20150728002308-00250-ip-10-236-191-2_501951825_0.csv,5,10.0,50,2500,False,True,,50,0.31859449698822573,0.002889634983148426,0.010718168981838971,0.0016496700118295848,0.002245581999886781,0.004148677980992943,0.33635097893420607
tier_1m,0_1438042988458.74_20150728002308-00250-ip-10-236-191-2_501951825_0.csv,10,10.0,100,2500,False,True,,100,0.31859449698822573,0.0048749520210549235,0.022996205021627247,0.0014555620145983994,0.0022316650138236582,0.00393466796958819,0.3504003220004961
tier_1m,0_1438042988458.74_20150728002308-00250-ip-10-236-191-2_501951825_0.csv,20,10.0,200,2500,False,True,,200,0.31859449698822573,0.00475217099301517,0.04562909703236073,0.001259596028830856,0.0025731680216267705,0.004091829992830753,0.3730675950064324
tier_1m,0_1438042988458.74_20150728002308-00250-ip-10-236-191-2_501951825_0.csv,5,5.0,25,2500,False,True,,25,0.31859449698822573,0.004701805009972304,0.0073622920317575336,0.0010001399787142873,0.001501418009866029,0.0027148679946549237,0.3333734620246105
tier_1m,0_1438042988458.74_20150728002308-00250-ip-10-236-191-2_501951825_0.csv,10,5.0,50,2500,False,True,,50,0.31859449698822573,0.00464265700429678,0.01303669495973736,0.001028637052513659,0.0020384829840622842,0.003274840011727065,0.33954868896398693
tier_1m,0_1438042988458.74_20150728002308-00250-ip-10-236-191-2_501951825_0.csv,20,5.0,100,2500,False,True,,100,0.31859449698822573,0.004676986951380968,0.023286191979423165,0.0013448839890770614,0.0019076509634032845,0.0034727739985100925,0.35003044991753995
tier_1m,1_1438042987127.36_20150728002307-00037-ip-10-236-191-2_318965632_0.csv,5,10.0,50,144,False,True,,50,0.5075788549729623,0.00028391199884936213,0.009601845988072455,0.0018373620114289224,0.0019322659936733544,0.004043776949401945,0.521508389909286
tier_1m,1_1438042987127.36_20150728002307-00037-ip-10-236-191-2_318965632_0.csv,10,10.0,100,144,False,True,,100,0.5075788549729623,0.0005153639940544963,0.023320973035879433,0.001377999025862664,0.0024532420211471617,0.004062470979988575,0.5354776629828848
tier_1m,1_1438042987127.36_20150728002307-00037-ip-10-236-191-2_318965632_0.csv,20,10.0,200,144,True,True,,144,0.5075788549729623,1.134001649916172e-06,0.0317310820100829,0.0012283370015211403,0.0024079339927993715,0.003864462021738291,0.5431755330064334
tier_1m,1_1438042987127.36_20150728002307-00037-ip-10-236-191-2_318965632_0.csv,5,5.0,25,144,False,True,,25,0.5075788549729623,0.00041178398532792926,0.009333371999673545,0.0010809269733726978,0.0016174130141735077,0.002899214974604547,0.5202232259325683
tier_1m,1_1438042987127.36_20150728002307-00037-ip-10-236-191-2_318965632_0.csv,10,5.0,50,144,False,True,,50,0.5075788549729623,0.0004183740238659084,0.01395284099271521,0.0010558450012467802,0.002042336971499026,0.0033084949827753007,0.5252585649723187
tier_1m,1_1438042987127.36_20150728002307-00037-ip-10-236-191-2_318965632_0.csv,20,5.0,100,144,False,True,,100,0.5075788549729623,0.000471591018140316,0.02173709502676502,0.001214889984112233,0.002191448991652578,0.003617360955104232,0.5334049019729719
tier_1m,0_1438042988061.16_20150728002308-00041-ip-10-236-191-2_37534908_6.csv,5,10.0,50,407,False,True,,50,0.44839761999901384,0.0004934960161335766,0.032488414959516376,0.0018813839997164905,0.002340489998459816,0.0044786930084228516,0.48585822398308665
tier_1m,0_1438042988061.16_20150728002308-00041-ip-10-236-191-2_37534908_6.csv,10,10.0,100,407,False,True,,100,0.44839761999901384,0.0009239730425179005,0.0650380160077475,0.0012958680163137615,0.0022071029525250196,0.0037372229853644967,0.5180968320346437
tier_1m,0_1438042988061.16_20150728002308-00041-ip-10-236-191-2_37534908_6.csv,20,10.0,200,407,False,True,,200,0.44839761999901384,0.0009716029744595289,0.12842445296701044,0.001447055023163557,0.002800240006763488,0.004510279977694154,0.582303955918178
tier_1m,0_1438042988061.16_20150728002308-00041-ip-10-236-191-2_37534908_6.csv,5,5.0,25,407,False,True,,25,0.44839761999901384,0.001107875956222415,0.018766100984066725,0.0011453790357336402,0.0016476750024594367,0.0030061829602345824,0.47127777989953756
tier_1m,0_1438042988061.16_20150728002308-00041-ip-10-236-191-2_37534908_6.csv,10,5.0,50,407,False,True,,50,0.44839761999901384,0.0008364479872398078,0.03625294996891171,0.0011338419863022864,0.0020301209879107773,0.0033743709791451693,0.4888613889343105
tier_1m,0_1438042988061.16_20150728002308-00041-ip-10-236-191-2_37534908_6.csv,20,5.0,100,407,False,True,,100,0.44839761999901384,0.0008674359996803105,0.06845012895064428,0.001209558977279812,0.0020072769839316607,0.0034190670121461153,0.5211342519614846
tier_1m,1_1438042987127.36_20150728002307-00269-ip-10-236-191-2_847834464_0.csv,5,10.0,50,525,False,True,,50,0.5425984589965083,0.0010210119653493166,0.008734553994145244,0.001794727984815836,0.002128900960087776,0.004158743016887456,0.5565127679728903
tier_1m,1_1438042987127.36_20150728002307-00269-ip-10-236-191-2_847834464_0.csv,10,10.0,100,525,False,True,,100,0.5425984589965083,0.001091025013010949,0.017940533987712115,0.001203841995447874,0.0019732550135813653,0.003379085974302143,0.5650091039715335
tier_1m,1_1438042987127.36_20150728002307-00269-ip-10-236-191-2_847834464_0.csv,20,10.0,200,525,False,True,,200,0.5425984589965083,0.00082255998859182,0.03450382099254057,0.001379384018946439,0.002515915024559945,0.004117006028536707,0.5820418460061774
tier_1m,1_1438042987127.36_20150728002307-00269-ip-10-236-191-2_847834464_0.csv,5,5.0,25,525,False,True,,25,0.5425984589965083,0.0007364280172623694,0.004448956984560937,0.0008813950116746128,0.0014831420267000794,0.002535256033297628,0.5503191000316292
tier_1m,1_1438042987127.36_20150728002307-00269-ip-10-236-191-2_847834464_0.csv,10,5.0,50,525,False,True,,50,0.5425984589965083,0.0009545309585519135,0.008596675004810095,0.0008795150206424296,0.0018901419825851917,0.0029502600082196295,0.5550999249680899
tier_1m,1_1438042987127.36_20150728002307-00269-ip-10-236-191-2_847834464_0.csv,20,5.0,100,525,False,True,,100,0.5425984589965083,0.0009896630072034895,0.017323631036560982,0.0013695660163648427,0.0019506639800965786,0.0035431880387477577,0.5644549410790205
tier_1m,0_1438042988061.16_20150728002308-00199-ip-10-236-191-2_891430247_172.csv,5,10.0,50,2286,False,True,,50,0.05548720102524385,0.0025746310129761696,0.0020589050254784524,0.0014296339941211045,0.0024703650269657373,0.004123724007513374,0.06424446107121184
tier_1m,0_1438042988061.16_20150728002308-00199-ip-10-236-191-2_891430247_172.csv,10,10.0,100,2286,False,True,,100,0.05548720102524385,0.002952400012873113,0.0037458569859154522,0.0009691389859654009,0.002047786023467779,0.003208147012628615,0.06539360503666103
tier_1m,0_1438042988061.16_20150728002308-00199-ip-10-236-191-2_891430247_172.csv,20,10.0,200,2286,False,True,,200,0.05548720102524385,0.0028254769858904183,0.00737484497949481,0.0009902049787342548,0.0026946199941448867,0.0038963629631325603,0.06958388595376164
tier_1m,0_1438042988061.16_20150728002308-00199-ip-10-236-191-2_891430247_172.csv,5,5.0,25,2286,False,True,,25,0.05548720102524385,0.003014112007804215,0.0009574000141583383,0.0007577729993499815,0.0018811660120263696,0.0028136459877714515,0.06227235903497785
tier_1m,0_1438042988061.16_20150728002308-00199-ip-10-236-191-2_891430247_172.csv,10,5.0,50,2286,False,True,,50,0.05548720102524385,0.0028020410099998116,0.0018102650064975023,0.000791245955042541,0.0019912749994546175,0.0029588710167445242,0.06305837805848569
tier_1m,0_1438042988061.16_20150728002308-00199-ip-10-236-191-2_891430247_172.csv,20,5.0,100,2286,False,True,,100,0.05548720102524385,0.0027975309640169144,0.003526585001964122,0.0008321299683302641,0.0020394260063767433,0.003057455993257463,0.06486877298448235
tier_1m,1_1438042987127.36_20150728002307-00153-ip-10-236-191-2_490931395_0.csv,5,10.0,50,625,False,True,,50,0.2972354220109992,0.0006487330538220704,0.010888924007304013,0.0018099930020980537,0.0023937970399856567,0.004429698979947716,0.31320277805207297
tier_1m,1_1438042987127.36_20150728002307-00153-ip-10-236-191-2_490931395_0.csv,10,10.0,100,625,False,True,,100,0.2972354220109992,0.000802601978648454,0.021006415016017854,0.001375492021907121,0.0021210829727351665,0.0037050570244900882,0.32274949603015557
tier_1m,1_1438042987127.36_20150728002307-00153-ip-10-236-191-2_490931395_0.csv,20,10.0,200,625,False,True,,200,0.2972354220109992,0.0007557069766335189,0.042934117023833096,0.0017179930000565946,0.0024085280019789934,0.004355364013463259,0.34528061002492905
tier_1m,1_1438042987127.36_20150728002307-00153-ip-10-236-191-2_490931395_0.csv,5,5.0,25,625,False,True,,25,0.2972354220109992,0.000675113988108933,0.005581022007390857,0.0009766130242496729,0.0017820290522649884,0.002923443040344864,0.3064150010468438
tier_1m,1_1438042987127.36_20150728002307-00153-ip-10-236-191-2_490931395_0.csv,10,5.0,50,625,False,True,,50,0.2972354220109992,0.0006479709991253912,0.010887246986385435,0.0008193220128305256,0.0025354440440423787,0.0035357220331206918,0.3123063620296307
tier_1m,1_1438042987127.36_20150728002307-00153-ip-10-236-191-2_490931395_0.csv,20,5.0,100,625,False,True,,100,0.2972354220109992,0.0006468049832619727,0.02176499302731827,0.0010551270097494125,0.00225241098087281,0.003488874004688114,0.32313609402626753
tier_1m,0_1438042988458.74_20150728002308-00081-ip-10-236-191-2_476604823_0.csv,5,10.0,50,1252,False,False,stage2_infeasible,50,0.3451397030148655,0.0015137539594434202,0.029101233987603337,0.0018434699741192162,0.0,0.0018738770158961415,0.3776285679778084
tier_1m,0_1438042988458.74_20150728002308-00081-ip-10-236-191-2_476604823_0.csv,10,10.0,100,1252,False,False,stage2_infeasible,100,0.3451397030148655,0.0016334119718521833,0.06094185798428953,0.0013319400022737682,0.0,0.0013678799732588232,0.40908285294426605
tier_1m,0_1438042988458.74_20150728002308-00081-ip-10-236-191-2_476604823_0.csv,20,10.0,200,1252,False,False,stage2_infeasible,200,0.3451397030148655,0.0016056469758041203,0.11897384602343664,0.0015240890206769109,0.0,0.0015856960089877248,0.467304892023094
tier_1m,0_1438042988458.74_20150728002308-00081-ip-10-236-191-2_476604823_0.csv,5,5.0,25,1252,False,False,stage2_infeasible,25,0.3451397030148655,0.0016582810203544796,0.015502721013035625,0.00107152498094365,0.0,0.001088384015019983,0.3633890890632756
tier_1m,0_1438042988458.74_20150728002308-00081-ip-10-236-191-2_476604823_0.csv,10,5.0,50,1252,False,False,stage2_infeasible,50,0.3451397030148655,0.001577050017658621,0.029533293971326202,0.001058229012414813,0.0,0.0010778559953905642,0.3773279029992409
tier_1m,0_1438042988458.74_20150728002308-00081-ip-10-236-191-2_476604823_0.csv,20,5.0,100,1252,False,False,stage2_infeasible,100,0.3451397030148655,0.0013829779927618802,0.058557876967824996,0.0014581510331481695,0.0,0.001488327980041504,0.4065688859554939
tier_1m,0_1438042988458.74_20150728002308-00210-ip-10-236-191-2_79682215_3.csv,5,10.0,50,486,False,True,,50,0.45978581003146246,0.000568179995752871,0.025809893966652453,0.001930814003571868,0.0023478679941035807,0.004490118008106947,0.49065400200197473
tier_1m,0_1438042988458.74_20150728002308-00210-ip-10-236-191-2_79682215_3.csv,10,10.0,100,486,False,True,,100,0.45978581003146246,0.0006105639622546732,0.05237608804600313,0.0013272030046209693,0.002426764986012131,0.003976609033998102,0.5167490710737184
tier_1m,0_1438042988458.74_20150728002308-00210-ip-10-236-191-2_79682215_3.csv,20,10.0,200,486,False,True,,200,0.45978581003146246,0.0006106509827077389,0.10325601894874126,0.0016189999878406525,0.0031070400145836174,0.0049806549795903265,0.5686331349425018
tier_1m,0_1438042988458.74_20150728002308-00210-ip-10-236-191-2_79682215_3.csv,5,5.0,25,486,False,True,,25,0.45978581003146246,0.00063887401483953,0.013442941999528557,0.0011656919959932566,0.0021630519768223166,0.0035224430030211806,0.47739006904885173
tier_1m,0_1438042988458.74_20150728002308-00210-ip-10-236-191-2_79682215_3.csv,10,5.0,50,486,False,True,,50,0.45978581003146246,0.000546771043445915,0.0274904080433771,0.0011324809747748077,0.0022439640015363693,0.003562560013961047,0.4913855491322465
tier_1m,0_1438042988458.74_20150728002308-00210-ip-10-236-191-2_79682215_3.csv,20,5.0,100,486,False,True,,100,0.45978581003146246,0.0005511600174941123,0.05233635095646605,0.001176189980469644,0.002426432038191706,0.0037958300090394914,0.5164691510144621
tier_1m,1_1438042987127.36_20150728002307-00008-ip-10-236-191-2_633806649_3.csv,5,10.0,50,453,False,True,,50,0.2828708870219998,0.0004698890261352062,0.025311646983027458,0.0021232630242593586,0.002117120020557195,0.004463195975404233,0.3131156190065667
tier_1m,1_1438042987127.36_20150728002307-00008-ip-10-236-191-2_633806649_3.csv,10,10.0,100,453,False,True,,100,0.2828708870219998,0.0005451960023492575,0.05181863298639655,0.001331328006926924,0.0018407420138828456,0.003377009998075664,0.3386117260088213
tier_1m,1_1438042987127.36_20150728002307-00008-ip-10-236-191-2_633806649_3.csv,20,10.0,200,453,False,True,,200,0.2828708870219998,0.0005102549912407994,0.09972856694366783,0.0013600699603557587,0.0028987060068175197,0.00449709699023515,0.3876068059471436
tier_1m,1_1438042987127.36_20150728002307-00008-ip-10-236-191-2_633806649_3.csv,5,5.0,25,453,False,True,,25,0.2828708870219998,0.0005301880300976336,0.013095399015583098,0.001092142949346453,0.001447279006242752,0.002716000017244369,0.2992124740849249
tier_1m,1_1438042987127.36_20150728002307-00008-ip-10-236-191-2_633806649_3.csv,10,5.0,50,453,False,True,,50,0.2828708870219998,0.0004726490005850792,0.024761870969086885,0.0010107110138051212,0.0020567220053635538,0.0032478790380991995,0.31135328602977097
tier_1m,1_1438042987127.36_20150728002307-00008-ip-10-236-191-2_633806649_3.csv,20,5.0,100,453,False,True,,100,0.2828708870219998,0.0004790599923580885,0.04986021399963647,0.0012597719905897975,0.0020258930162526667,0.0034715260262601078,0.3366816870402545
tier_1m,0_1438042988061.16_20150728002308-00201-ip-10-236-191-2_319577306_4.csv,5,10.0,50,1609,False,True,,50,0.36214765399927273,0.0015945610357448459,0.0029230189975351095,0.002041707979515195,0.002517657005228102,0.00479053205344826,0.37145576608600095
tier_1m,0_1438042988061.16_20150728002308-00201-ip-10-236-191-2_319577306_4.csv,10,10.0,100,1609,False,True,,100,0.36214765399927273,0.001911877014208585,0.00592808099463582,0.0013301990111358464,0.0023265890195034444,0.003868958039674908,0.37385657004779205
tier_1m,0_1438042988061.16_20150728002308-00201-ip-10-236-191-2_319577306_4.csv,20,10.0,200,1609,False,True,,200,0.36214765399927273,0.0018065689946524799,0.011784547998104244,0.0011997510446235538,0.002221277041826397,0.003647922014351934,0.3793866930063814
tier_1m,0_1438042988061.16_20150728002308-00201-ip-10-236-191-2_319577306_4.csv,5,5.0,25,1609,False,True,,25,0.36214765399927273,0.0018752600299194455,0.0015811940538696945,0.0012144509819336236,0.0018149520037695765,0.0032073299516923726,0.36881143803475425
tier_1m,0_1438042988061.16_20150728002308-00201-ip-10-236-191-2_319577306_4.csv,10,5.0,50,1609,False,True,,50,0.36214765399927273,0.0017011919990181923,0.0028551440336741507,0.0007803040207363665,0.002045287983492017,0.0030018009711056948,0.36970579100307077
tier_1m,0_1438042988061.16_20150728002308-00201-ip-10-236-191-2_319577306_4.csv,20,5.0,100,1609,False,True,,100,0.36214765399927273,0.0017005950212478638,0.005786571011412889,0.0009301989921368659,0.002123467973433435,0.0032383360085077584,0.37287315604044124
tier_1m,1_1438042990112.50_20150728002310-00310-ip-10-236-191-2_200224826_0.csv,5,10.0,50,595,False,True,,50,0.43978321098256856,0.001191495975945145,0.00642966094892472,0.004778606002219021,0.002191599051002413,0.007205034955404699,0.4546094028628431
tier_1m,1_1438042990112.50_20150728002310-00310-ip-10-236-191-2_200224826_0.csv,10,10.0,100,595,False,True,,100,0.43978321098256856,0.001261943019926548,0.0117090719868429,0.0013305720058269799,0.002321378036867827,0.003852644993457943,0.45660687098279595
tier_1m,1_1438042990112.50_20150728002310-00310-ip-10-236-191-2_200224826_0.csv,20,10.0,200,595,False,True,,200,0.43978321098256856,0.0012101749889552593,0.02338570897700265,0.0014846500125713646,0.002833562029991299,0.004552619997411966,0.46893171494593844
tier_1m,1_1438042990112.50_20150728002310-00310-ip-10-236-191-2_200224826_0.csv,5,5.0,25,595,False,True,,25,0.43978321098256856,0.0009050220251083374,0.00323961500544101,0.0007638170500285923,0.001528737018816173,0.0024601210025139153,0.4463879690156318
tier_1m,1_1438042990112.50_20150728002310-00310-ip-10-236-191-2_200224826_0.csv,10,5.0,50,595,False,True,,50,0.43978321098256856,0.0010824730270542204,0.005945045035332441,0.0007986410055309534,0.0014634639956057072,0.002442091004922986,0.4492528200498782
tier_1m,1_1438042990112.50_20150728002310-00310-ip-10-236-191-2_200224826_0.csv,20,5.0,100,595,False,True,,100,0.43978321098256856,0.0011145489988848567,0.011502317967824638,0.0009871479705907404,0.0022779059945605695,0.0034502630005590618,0.4558503409498371
tier_1m,1_1438042987127.36_20150728002307-00102-ip-10-236-191-2_893578330_152.csv,5,10.0,50,2617,False,True,,50,0.06642776803346351,0.003398964006919414,0.0020331849809736013,0.001517442986369133,0.0022000119788572192,0.003932340012397617,0.07579225703375414
tier_1m,1_1438042987127.36_20150728002307-00102-ip-10-236-191-2_893578330_152.csv,10,10.0,100,2617,False,True,,100,0.06642776803346351,0.003486323985271156,0.003690954006742686,0.000941531965509057,0.0019522609654814005,0.0030839930404908955,0.07668903906596825
tier_1m,1_1438042987127.36_20150728002307-00102-ip-10-236-191-2_893578330_152.csv,20,10.0,200,2617,False,True,,200,0.06642776803346351,0.0034608410205692053,0.007319045020267367,0.0010311800288036466,0.0022002769983373582,0.003440561005845666,0.08064821508014575
tier_1m,1_1438042987127.36_20150728002307-00102-ip-10-236-191-2_893578330_152.csv,5,5.0,25,2617,False,True,,25,0.06642776803346351,0.003596043970901519,0.0009345569997094572,0.0007495179888792336,0.0017227089847438037,0.002626234956551343,0.07358460396062583
tier_1m,1_1438042987127.36_20150728002307-00102-ip-10-236-191-2_893578330_152.csv,10,5.0,50,2617,False,True,,50,0.06642776803346351,0.0034156509791500866,0.001783443964086473,0.0007238180260173976,0.0017442089738324285,0.0026306220097467303,0.0742574849864468
tier_1m,1_1438042987127.36_20150728002307-00102-ip-10-236-191-2_893578330_152.csv,20,5.0,100,2617,False,True,,100,0.06642776803346351,0.0034291549818590283,0.003521084028761834,0.0008429000154137611,0.0018804770079441369,0.0029052189784124494,0.07628322602249682
tier_1m,1_1438042990112.50_20150728002310-00044-ip-10-236-191-2_261321661_61.csv,5,10.0,50,625,False,False,stage2_infeasible,50,0.23408648202894256,0.0007946550031192601,0.0063869020086713135,0.0015187610406428576,0.0,0.0015473790117539465,0.24281541805248708
tier_1m,1_1438042990112.50_20150728002310-00044-ip-10-236-191-2_261321661_61.csv,10,10.0,100,625,False,False,stage2_infeasible,100,0.23408648202894256,0.0008471280452795327,0.012518280011136085,0.0013855999568477273,0.0,0.0014182859449647367,0.2488701760303229
tier_1m,1_1438042990112.50_20150728002310-00044-ip-10-236-191-2_261321661_61.csv,20,10.0,200,625,False,False,stage2_infeasible,200,0.23408648202894256,0.0008058950188569725,0.025047381001058966,0.0014326740056276321,0.0,0.0014858110225759447,0.26142556907143444
tier_1m,1_1438042990112.50_20150728002310-00044-ip-10-236-191-2_261321661_61.csv,5,5.0,25,625,False,False,stage2_infeasible,25,0.23408648202894256,0.0007316630217246711,0.003111173980869353,0.0008471610490232706,0.0,0.000861535023432225,0.2387908540549688
tier_1m,1_1438042990112.50_20150728002310-00044-ip-10-236-191-2_261321661_61.csv,10,5.0,50,625,False,False,stage2_infeasible,50,0.23408648202894256,0.0007060450152494013,0.006117961020208895,0.0010792550165206194,0.0,0.0010975379846058786,0.24200802604900673
tier_1m,1_1438042990112.50_20150728002310-00044-ip-10-236-191-2_261321661_61.csv,20,5.0,100,625,False,False,stage2_infeasible,100,0.23408648202894256,0.0007103540119715035,0.011954547022469342,0.000930137000977993,0.0,0.0009561119950376451,0.24770749505842105
tier_1m,1_1438042987127.36_20150728002307-00074-ip-10-236-191-2_137128786_0.csv,5,10.0,50,632,False,False,stage2_infeasible,50,0.32481862197164446,0.0008235330460593104,0.01721585198538378,0.0013092070003040135,0.0,0.0013377399882301688,0.3441957469913177
tier_1m,1_1438042987127.36_20150728002307-00074-ip-10-236-191-2_137128786_0.csv,10,10.0,100,632,False,False,stage2_infeasible,100,0.32481862197164446,0.0008251290419138968,0.0350681830313988,0.0012851109495386481,0.0,0.001320607028901577,0.36203254107385874
tier_1m,1_1438042987127.36_20150728002307-00074-ip-10-236-191-2_137128786_0.csv,20,10.0,200,632,False,False,stage2_infeasible,200,0.32481862197164446,0.0007770859519951046,0.07166552596027032,0.001331289007794112,0.0,0.0013890470145270228,0.3986502808984369
tier_1m,1_1438042987127.36_20150728002307-00074-ip-10-236-191-2_137128786_0.csv,5,5.0,25,632,False,False,stage2_infeasible,25,0.32481862197164446,0.0007822229526937008,0.009012529044412076,0.001010468986351043,0.0,0.001025828009005636,0.3356392019777559
tier_1m,1_1438042987127.36_20150728002307-00074-ip-10-236-191-2_137128786_0.csv,10,5.0,50,632,False,False,stage2_infeasible,50,0.32481862197164446,0.0007476939936168492,0.017190246027894318,0.00080884899944067,0.0,0.0008282740018330514,0.3435848359949887
tier_1m,1_1438042987127.36_20150728002307-00074-ip-10-236-191-2_137128786_0.csv,20,5.0,100,632,False,False,stage2_infeasible,100,0.32481862197164446,0.0007400399772450328,0.03566275699995458,0.0011522889835759997,0.0,0.0011820290237665176,0.3624034479726106
tier_1m,1_1438042987127.36_20150728002307-00082-ip-10-236-191-2_795702564_10.csv,5,10.0,50,805,False,True,,50,0.22753241297323257,0.0010399799793958664,0.00791213900083676,0.0015685120015405118,0.002175014989916235,0.0039982870221138,0.240482818975579
tier_1m,1_1438042987127.36_20150728002307-00082-ip-10-236-191-2_795702564_10.csv,10,10.0,100,805,False,True,,100,0.22753241297323257,0.0017095590010285378,0.034119502000976354,0.0016411260003224015,0.0021129060187377036,0.003998476953711361,0.2673599509289488
tier_1m,1_1438042987127.36_20150728002307-00082-ip-10-236-191-2_795702564_10.csv,20,10.0,200,805,False,True,,200,0.22753241297323257,0.0016922919894568622,0.036689002008643,0.0013774950057268143,0.0033733000163920224,0.005015341041143984,0.2709290480124764
tier_1m,1_1438042987127.36_20150728002307-00082-ip-10-236-191-2_795702564_10.csv,5,5.0,25,805,False,True,,25,0.22753241297323257,0.001608538965228945,0.006578797998372465,0.0012718330253846943,0.001875447982456535,0.0033167460351251066,0.23903649597195908
tier_1m,1_1438042987127.36_20150728002307-00082-ip-10-236-191-2_795702564_10.csv,10,5.0,50,805,False,True,,50,0.22753241297323257,0.0009906120249070227,0.008381298976019025,0.0009006140171550214,0.0019896869780495763,0.003052235988434404,0.23995655996259302
tier_1m,1_1438042987127.36_20150728002307-00082-ip-10-236-191-2_795702564_10.csv,20,5.0,100,805,False,True,,100,0.22753241297323257,0.0009716579806990921,0.016628985991701484,0.0010385120403952897,0.0018512550159357488,0.003078388050198555,0.2482114449958317
