tier,q_table,k,alpha,pool,n_D,clamped,feasible,lp_ran,lp_feasible,lp_time_s,milp_time_s,stage2_wall_s
tier_10k,1_1438042987127.36_20150728002307-00144-ip-10-236-191-2_676020729_0.csv,5,10.0,50,226,False,True,True,True,0.004852350000874139,0.004425320992595516,0.009726645992486738
tier_10k,1_1438042987127.36_20150728002307-00144-ip-10-236-191-2_676020729_0.csv,10,10.0,100,226,False,True,True,True,0.0012821479904232547,0.002495339998858981,0.004111368994927034
tier_10k,1_1438042987127.36_20150728002307-00144-ip-10-236-191-2_676020729_0.csv,20,10.0,200,226,False,True,True,True,0.0016551139997318387,0.0025194749905494973,0.004548124998109415
tier_10k,1_1438042987127.36_20150728002307-00144-ip-10-236-191-2_676020729_0.csv,5,5.0,25,226,False,True,True,True,0.0008513439970556647,0.0014691170072183013,0.002558651991421357
tier_10k,1_1438042987127.36_20150728002307-00144-ip-10-236-191-2_676020729_0.csv,10,5.0,50,226,False,True,True,True,0.0008622479945188388,0.0014362630026880652,0.002532892001909204
tier_10k,1_1438042987127.36_20150728002307-00144-ip-10-236-191-2_676020729_0.csv,20,5.0,100,226,False,True,True,True,0.0009607679967302829,0.0017377019976265728,0.0029419280035654083
tier_10k,0_1438042988061.16_20150728002308-00282-ip-10-236-191-2_894007386_3.csv,5,10.0,50,369,False,True,True,True,0.0010419180034659803,0.0016229649918386713,0.0029166849999455735
tier_10k,0_1438042988061.16_20150728002308-00282-ip-10-236-191-2_894007386_3.csv,10,10.0,100,369,False,True,True,True,0.0009647819970268756,0.001655118991038762,0.002864637994207442
tier_10k,0_1438042988061.16_20150728002308-00282-ip-10-236-191-2_894007386_3.csv,20,10.0,200,369,False,True,True,True,0.0011607769993133843,0.0021913119999226183,0.0036309060087660328
tier_10k,0_1438042988061.16_20150728002308-00282-ip-10-236-191-2_894007386_3.csv,5,5.0,25,369,False,True,True,True,0.0008301689958898351,0.0013599679950857535,0.0024170590040739626
tier_10k,0_1438042988061.16_20150728002308-00282-ip-10-236-191-2_894007386_3.csv,10,5.0,50,369,False,True,True,True,0.0008666399953654036,0.00142631700146012,0.0025240520044462755
tier_10k,0_1438042988061.16_20150728002308-00282-ip-10-236-191-2_894007386_3.csv,20,5.0,100,369,False,True,True,True,0.0009440579888178036,0.0016104189999168739,0.002795082997181453
tier_10k,0_1438042988458.74_20150728002308-00249-ip-10-236-191-2_328699461_4.csv,5,10.0,50,562,False,True,True,True,0.0010548129939706996,0.0015680659998906776,0.002869838004698977
tier_10k,0_1438042988458.74_20150728002308-00249-ip-10-236-191-2_328699461_4.csv,10,10.0,100,562,False,True,True,True,0.001015399000607431,0.0017362499929731712,0.002987999003380537
tier_10k,0_1438042988458.74_20150728002308-00249-ip-10-236-191-2_328699461_4.csv,20,10.0,200,562,False,True,True,True,0.0011713620042428374,0.0022318560077110305,0.0036819050001213327
tier_10k,0_1438042988458.74_20150728002308-00249-ip-10-236-191-2_328699461_4.csv,5,5.0,25,562,False,True,True,True,0.0008739490003790706,0.001404811002430506,0.002517542990972288
tier_10k,0_1438042988458.74_20150728002308-00249-ip-10-236-191-2_328699461_4.csv,10,5.0,50,562,False,True,True,True,0.0008826920093270019,0.0014715610013809055,0.002570600001490675
tier_10k,0_1438042988458.74_20150728002308-00249-ip-10-236-191-2_328699461_4.csv,20,5.0,100,562,False,True,True,True,0.0009790129988687113,0.0016457739984616637,0.002870779004297219
tier_10k,1_1438042987127.36_20150728002307-00114-ip-10-236-191-2_902351685_191.csv,5,10.0,50,365,False,True,True,True,0.0009802139975363389,0.0014815960021223873,0.002713721012696624
tier_10k,1_1438042987127.36_20150728002307-00114-ip-10-236-191-2_902351685_191.csv,10,10.0,100,365,False,True,True,True,0.0009731219906825572,0.0021900310093769804,0.0034369860077276826
tier_10k,1_1438042987127.36_20150728002307-00114-ip-10-236-191-2_902351685_191.csv,20,10.0,200,365,False,True,True,True,0.001674256011028774,0.0031783590093255043,0.00526616899878718
tier_10k,1_1438042987127.36_20150728002307-00114-ip-10-236-191-2_902351685_191.csv,5,5.0,25,365,False,True,True,True,0.0011924179998459294,0.0018529969966039062,0.003353609994519502
tier_10k,1_1438042987127.36_20150728002307-00114-ip-10-236-191-2_902351685_191.csv,10,5.0,50,365,False,True,True,True,0.0012538059963844717,0.0020595679961843416,0.003625205994467251
tier_10k,1_1438042987127.36_20150728002307-00114-ip-10-236-191-2_902351685_191.csv,20,5.0,100,365,False,True,True,True,0.0013140840019332245,0.0022517850011354312,0.003896119989803992
tier_10k,1_1438042987127.36_20150728002307-00182-ip-10-236-191-2_150862475_5.csv,5,10.0,50,265,False,True,True,True,0.0014555759989889339,0.0022672369959764183,0.004096607997780666
tier_10k,1_1438042987127.36_20150728002307-00182-ip-10-236-191-2_150862475_5.csv,10,10.0,100,265,False,True,True,True,0.001489697999204509,0.0026146640011575073,0.0044742790050804615
tier_10k,1_1438042987127.36_20150728002307-00182-ip-10-236-191-2_150862475_5.csv,20,10.0,200,265,False,True,True,True,0.0017882800020743161,0.0034900129976449534,0.005703757007722743
tier_10k,1_1438042987127.36_20150728002307-00182-ip-10-236-191-2_150862475_5.csv,5,5.0,25,265,False,True,True,True,0.0012574129941640422,0.0022725399903720245,0.003804067993769422
tier_10k,1_1438042987127.36_20150728002307-00182-ip-10-236-191-2_150862475_5.csv,10,5.0,50,265,False,True,True,True,0.0009064739861059934,0.0016661430126987398,0.0028160739893792197
tier_10k,1_1438042987127.36_20150728002307-00182-ip-10-236-191-2_150862475_5.csv,20,5.0,100,265,False,True,True,True,0.0009816099918680266,0.0018762670079013333,0.003134783008135855
tier_10k,1_1438042987127.36_20150728002307-00000-ip-10-236-191-2_300770320_2.csv,5,10.0,50,327,False,True,True,True,0.000990372005617246,0.001432407007087022,0.0026591880014166236
tier_10k,1_1438042987127.36_20150728002307-00000-ip-10-236-191-2_300770320_2.csv,10,10.0,100,327,False,True,True,True,0.000984359998255968,0.0017316599987680092,0.002955918011139147
tier_10k,1_1438042987127.36_20150728002307-00000-ip-10-236-191-2_300770320_2.csv,20,10.0,200,327,False,True,True,True,0.0011559459962882102,0.001847955005359836,0.003288213993073441
tier_10k,1_1438042987127.36_20150728002307-00000-ip-10-236-191-2_300770320_2.csv,5,5.0,25,327,False,True,True,True,0.0008503330027451739,0.001395230006892234,0.0024677769979462028
tier_10k,1_1438042987127.36_20150728002307-00000-ip-10-236-191-2_300770320_2.csv,10,5.0,50,327,False,True,True,True,0.0008656529971631244,0.001454536002711393,0.0025670260074548423
tier_10k,1_1438042987127.36_20150728002307-00000-ip-10-236-191-2_300770320_2.csv,20,5.0,100,327,False,True,True,True,0.0011114109947811812,0.0015775700012454763,0.0029330819961614907
tier_10k,1_1438042987127.36_20150728002307-00080-ip-10-236-191-2_899463259_102.csv,5,10.0,50,366,False,True,True,True,0.0009960370080079883,0.0015034530078992248,0.002750170009676367
tier_10k,1_1438042987127.36_20150728002307-00080-ip-10-236-191-2_899463259_102.csv,10,10.0,100,366,False,True,True,True,0.000946240994380787,0.0016133269964484498,0.0027991950046271086
tier_10k,1_1438042987127.36_20150728002307-00080-ip-10-236-191-2_899463259_102.csv,20,10.0,200,366,False,True,True,True,0.0011332549911458045,0.0021614819997921586,0.003568882995750755
tier_10k,1_1438042987127.36_20150728002307-00080-ip-10-236-191-2_899463259_102.csv,5,5.0,25,366,False,True,True,True,0.000834220991237089,0.0013624219864141196,0.002428956999210641
tier_10k,1_1438042987127.36_20150728002307-00080-ip-10-236-191-2_899463259_102.csv,10,5.0,50,366,False,True,True,True,0.0008519669936504215,0.001661100992350839,0.0027597939915722236
tier_10k,1_1438042987127.36_20150728002307-00080-ip-10-236-191-2_899463259_102.csv,20,5.0,100,366,False,True,True,True,0.0009393090003868565,0.0015963269979692996,0.0027762249956140295
tier_10k,1_1438042990112.50_20150728002310-00154-ip-10-236-191-2_303864106_21.csv,5,10.0,50,304,False,True,True,True,0.0009549719979986548,0.0015186469972832128,0.002704056998481974
tier_10k,1_1438042990112.50_20150728002310-00154-ip-10-236-191-2_303864106_21.csv,10,10.0,100,304,False,True,True,True,0.0009665899997344241,0.0016572630120208487,0.0028658520022872835
tier_10k,1_1438042990112.50_20150728002310-00154-ip-10-236-191-2_303864106_21.csv,20,10.0,200,304,False,True,True,True,0.001187266010674648,0.002226048003649339,0.0037005359918111935
tier_10k,1_1438042990112.50_20150728002310-00154-ip-10-236-191-2_303864106_21.csv,5,5.0,25,304,False,True,True,True,0.0008450559980701655,0.0013692729989998043,0.002459563998854719
tier_10k,1_1438042990112.50_20150728002310-00154-ip-10-236-191-2_303864106_21.csv,10,5.0,50,304,False,True,True,True,0.0009243109961971641,0.0015306610002880916,0.0026722059992607683
tier_10k,1_1438042990112.50_20150728002310-00154-ip-10-236-191-2_303864106_21.csv,20,5.0,100,304,False,True,True,True,0.0009603500075172633,0.0016580939991399646,0.0028597720083780587
tier_10k,0_1438042988458.74_20150728002308-00095-ip-10-236-191-2_520943855_0.csv,5,10.0,50,308,False,True,True,True,0.0009902479941956699,0.0014958439860492945,0.0027274890016997233
tier_10k,0_1438042988458.74_20150728002308-00095-ip-10-236-191-2_520943855_0.csv,10,10.0,100,308,False,True,True,True,0.0009861150028882548,0.0016783270111773163,0.0029092879995005205
tier_10k,0_1438042988458.74_20150728002308-00095-ip-10-236-191-2_520943855_0.csv,20,10.0,200,308,False,True,True,True,0.0011917109950445592,0.0022200620005605742,0.003689908000524156
tier_10k,0_1438042988458.74_20150728002308-00095-ip-10-236-191-2_520943855_0.csv,5,5.0,25,308,False,True,True,True,0.0008365670073544607,0.0015262139932019636,0.002584565998404287
tier_10k,0_1438042988458.74_20150728002308-00095-ip-10-236-191-2_520943855_0.csv,10,5.0,50,308,False,True,True,True,0.0008688469970365986,0.0014191539958119392,0.0025221799878636375
tier_10k,0_1438042988458.74_20150728002308-00095-ip-10-236-191-2_520943855_0.csv,20,5.0,100,308,False,True,True,True,0.0009817480022320524,0.0016497640026500449,0.0028758730040863156
tier_10k,1_1438042987127.36_20150728002307-00145-ip-10-236-191-2_499439925_0.csv,5,10.0,50,500,False,True,True,True,0.0009722639952087775,0.0015035090036690235,0.0027124309999635443
tier_10k,1_1438042987127.36_20150728002307-00145-ip-10-236-191-2_499439925_0.csv,10,10.0,100,500,False,True,True,True,0.0009979979950003326,0.0015612690040143207,0.0027994400006718934
tier_10k,1_1438042987127.36_20150728002307-00145-ip-10-236-191-2_499439925_0.csv,20,10.0,200,500,False,True,True,True,0.0011965229932684451,0.002035783007158898,0.0035078899963991717
tier_10k,1_1438042987127.36_20150728002307-00145-ip-10-236-191-2_499439925_0.csv,5,5.0,25,500,False,True,True,True,0.000838289997773245,0.0013196649961173534,0.0023772590066073462
tier_10k,1_1438042987127.36_20150728002307-00145-ip-10-236-191-2_499439925_0.csv,10,5.0,50,500,False,True,True,True,0.000863586988998577,0.0014139780105324462,0.00250903501000721
tier_10k,1_1438042987127.36_20150728002307-00145-ip-10-236-191-2_499439925_0.csv,20,5.0,100,500,False,True,True,True,0.0009889420034596696,0.0016723629960324615,0.0029132709896657616
tier_10k,1_1438042990112.50_20150728002310-00013-ip-10-236-191-2_321346784_4.csv,5,10.0,50,534,False,True,True,True,0.0009639210038585588,0.0015019499987829477,0.002715369002544321
tier_10k,1_1438042990112.50_20150728002310-00013-ip-10-236-191-2_321346784_4.csv,10,10.0,100,534,False,True,True,True,0.000958087999606505,0.0016359010041924194,0.0028353910020086914
tier_10k,1_1438042990112.50_20150728002310-00013-ip-10-236-191-2_321346784_4.csv,20,10.0,200,534,False,True,True,True,0.0011699330061674118,0.0022017599985701963,0.0036462900025071576
tier_10k,1_1438042990112.50_20150728002310-00013-ip-10-236-191-2_321346784_4.csv,5,5.0,25,534,False,True,True,True,0.0008539380069123581,0.0013822639884892851,0.0024648899998283014
tier_10k,1_1438042990112.50_20150728002310-00013-ip-10-236-191-2_321346784_4.csv,10,5.0,50,534,False,True,True,True,0.000877508005942218,0.0014416840131161734,0.0025515460001770407
tier_10k,1_1438042990112.50_20150728002310-00013-ip-10-236-191-2_321346784_4.csv,20,5.0,100,534,False,True,True,True,0.0009586489904904738,0.0016495560121256858,0.002847992000170052
tier_10k,1_1438042987127.36_20150728002307-00033-ip-10-236-191-2_482136553_0.csv,5,10.0,50,263,False,True,True,True,0.0010231660126009956,0.0014812500012340024,0.002748564991634339
tier_10k,1_1438042987127.36_20150728002307-00033-ip-10-236-191-2_482136553_0.csv,10,10.0,100,263,False,True,True,True,0.0009733799961395562,0.0016407729999627918,0.0028669890016317368
tier_10k,1_1438042987127.36_20150728002307-00033-ip-10-236-191-2_482136553_0.csv,20,10.0,200,263,False,True,True,True,0.001187510002637282,0.0022224599961191416,0.0036899669939884916
tier_10k,1_1438042987127.36_20150728002307-00033-ip-10-236-191-2_482136553_0.csv,5,5.0,25,263,False,True,True,True,0.0008441789977950975,0.001364958006888628,0.002431404995149933
tier_10k,1_1438042987127.36_20150728002307-00033-ip-10-236-191-2_482136553_0.csv,10,5.0,50,263,False,True,True,True,0.0008690030081197619,0.0014440630038734525,0.00253137901017908
tier_10k,1_1438042987127.36_20150728002307-00033-ip-10-236-191-2_482136553_0.csv,20,5.0,100,263,False,True,True,True,0.0009628529951442033,0.0016241349949268624,0.0028308159962762147
tier_10k,0_1438042988061.16_20150728002308-00109-ip-10-236-191-2_681611335_21.csv,5,10.0,50,475,False,True,True,True,0.001021570002194494,0.0015147880039876327,0.0027851339982589707
tier_10k,0_1438042988061.16_20150728002308-00109-ip-10-236-191-2_681611335_21.csv,10,10.0,100,475,False,True,True,True,0.0010036820021923631,0.001662470996961929,0.002922302999650128
tier_10k,0_1438042988061.16_20150728002308-00109-ip-10-236-191-2_681611335_21.csv,20,10.0,200,475,False,True,True,True,0.0011649009975371882,0.0022279220138443634,0.003673464001622051
tier_10k,0_1438042988061.16_20150728002308-00109-ip-10-236-191-2_681611335_21.csv,5,5.0,25,475,False,True,True,True,0.0008474749920424074,0.0013706710014957935,0.0024412780039710924
tier_10k,0_1438042988061.16_20150728002308-00109-ip-10-236-191-2_681611335_21.csv,10,5.0,50,475,False,True,True,True,0.0008858649962348863,0.0014671370008727536,0.002569680000306107
tier_10k,0_1438042988061.16_20150728002308-00109-ip-10-236-191-2_681611335_21.csv,20,5.0,100,475,False,True,True,True,0.0011159870045958087,0.00168537900026422,0.0030670749983983114
tier_10k,0_1438042988061.16_20150728002308-00244-ip-10-236-191-2_65898746_2.csv,5,10.0,50,526,False,True,True,True,0.0010355310078011826,0.0015107579965842888,0.002792576007777825
tier_10k,0_1438042988061.16_20150728002308-00244-ip-10-236-191-2_65898746_2.csv,10,10.0,100,526,False,True,True,True,0.001004229998216033,0.001651472004596144,0.0029015430045546964
tier_10k,0_1438042988061.16_20150728002308-00244-ip-10-236-191-2_65898746_2.csv,20,10.0,200,526,False,True,True,True,0.0012238009949214756,0.0021969380031805485,0.0036976779956603423
tier_10k,0_1438042988061.16_20150728002308-00244-ip-10-236-191-2_65898746_2.csv,5,5.0,25,526,False,True,True,True,0.0008460379904136062,0.0013681450072908774,0.0024409510078839958
tier_10k,0_1438042988061.16_20150728002308-00244-ip-10-236-191-2_65898746_2.csv,10,5.0,50,526,False,True,True,True,0.000877511003636755,0.0014364269882207736,0.0025307180039817467
tier_10k,0_1438042988061.16_20150728002308-00244-ip-10-236-191-2_65898746_2.csv,20,5.0,100,526,False,True,True,True,0.0009862039878498763,0.001639633992454037,0.0028723110008286312
tier_10k,0_1438042988061.16_20150728002308-00215-ip-10-236-191-2_362876303_35.csv,5,10.0,50,280,False,True,True,True,0.0009844529995461926,0.0015006589965196326,0.0027255349996266887
tier_10k,0_1438042988061.16_20150728002308-00215-ip-10-236-191-2_362876303_35.csv,10,10.0,100,280,False,True,True,True,0.0009585549996700138,0.0015603140054736286,0.002758242000709288
tier_10k,0_1438042988061.16_20150728002308-00215-ip-10-236-191-2_362876303_35.csv,20,10.0,200,280,False,True,True,True,0.0011393309978302568,0.001808886998333037,0.00322520500048995
tier_10k,0_1438042988061.16_20150728002308-00215-ip-10-236-191-2_362876303_35.csv,5,5.0,25,280,False,True,True,True,0.0008285520016215742,0.0013715810055145994,0.002422618999844417
tier_10k,0_1438042988061.16_20150728002308-00215-ip-10-236-191-2_362876303_35.csv,10,5.0,50,280,False,True,True,True,0.0008577109983889386,0.0014147229958325624,0.002503772993804887
tier_10k,0_1438042988061.16_20150728002308-00215-ip-10-236-191-2_362876303_35.csv,20,5.0,100,280,False,True,True,True,0.0009599049953976646,0.0015439739945577458,0.0027423190040281042
tier_10k,1_1438042990112.50_20150728002310-00312-ip-10-236-191-2_3243890_59.csv,5,10.0,50,253,False,True,True,True,0.0010098479979205877,0.0015280460065696388,0.0027692069998010993
tier_10k,1_1438042990112.50_20150728002310-00312-ip-10-236-191-2_3243890_59.csv,10,10.0,100,253,False,True,True,True,0.0009771000040927902,0.0016627750010229647,0.0028826540074078366
tier_10k,1_1438042990112.50_20150728002310-00312-ip-10-236-191-2_3243890_59.csv,20,10.0,200,253,False,True,True,True,0.0011659370065899566,0.0018194599979324266,0.0032661889999872074
tier_10k,1_1438042990112.50_20150728002310-00312-ip-10-236-191-2_3243890_59.csv,5,5.0,25,253,False,True,True,True,0.000837736006360501,0.0013703099975828081,0.0024369190068682656
tier_10k,1_1438042990112.50_20150728002310-00312-ip-10-236-191-2_3243890_59.csv,10,5.0,50,253,False,True,True,True,0.0008517039968864992,0.001429946001735516,0.0025042080087587237
tier_10k,1_1438042990112.50_20150728002310-00312-ip-10-236-191-2_3243890_59.csv,20,5.0,100,253,False,True,True,True,0.0009398139955010265,0.0016352929960703477,0.0028210080054122955
tier_10k,1_1438042990112.50_20150728002310-00085-ip-10-236-191-2_403435483_3.csv,5,10.0,50,229,False,True,True,True,0.0010095030011143535,0.0016064570081653073,0.0028629930020542815
tier_10k,1_1438042990112.50_20150728002310-00085-ip-10-236-191-2_403435483_3.csv,10,10.0,100,229,False,True,True,True,0.0009877109987428412,0.0016571580054005608,0.0028974399901926517
tier_10k,1_1438042990112.50_20150728002310-00085-ip-10-236-191-2_403435483_3.csv,20,10.0,200,229,False,True,True,True,0.0011879170051543042,0.0022385040065273643,0.0037038160080555826
tier_10k,1_1438042990112.50_20150728002310-00085-ip-10-236-191-2_403435483_3.csv,5,5.0,25,229,False,True,True,True,0.0008363289962289855,0.0013583929976448417,0.0024278299970319495
tier_10k,1_1438042990112.50_20150728002310-00085-ip-10-236-191-2_403435483_3.csv,10,5.0,50,229,False,True,True,True,0.0008596010011387989,0.0014116230013314635,0.002500096001313068
tier_10k,1_1438042990112.50_20150728002310-00085-ip-10-236-191-2_403435483_3.csv,20,5.0,100,229,False,True,True,True,0.000959208991844207,0.0017112469940911978,0.0029218060080893338
tier_10k,0_1438042988061.16_20150728002308-00194-ip-10-236-191-2_846810834_13.csv,5,10.0,50,354,False,True,True,True,0.0009684809920145199,0.0014970669872127473,0.0027114489930681884
tier_10k,0_1438042988061.16_20150728002308-00194-ip-10-236-191-2_846810834_13.csv,10,10.0,100,354,False,True,True,True,0.0009487809875281528,0.0016408319934271276,0.0028343570011202246
tier_10k,0_1438042988061.16_20150728002308-00194-ip-10-236-191-2_846810834_13.csv,20,10.0,200,354,False,True,True,True,0.00115945799916517,0.002201599010732025,0.003639336006017402
tier_10k,0_1438042988061.16_20150728002308-00194-ip-10-236-191-2_846810834_13.csv,5,5.0,25,354,False,True,True,True,0.000835226004710421,0.0013511729921447113,0.0024108420038828626
tier_10k,0_1438042988061.16_20150728002308-00194-ip-10-236-191-2_846810834_13.csv,10,5.0,50,354,False,True,True,True,0.0008509440085617825,0.001416298997355625,0.0024826279986882582
tier_10k,0_1438042988061.16_20150728002308-00194-ip-10-236-191-2_846810834_13.csv,20,5.0,100,354,False,True,True,True,0.0009480590088060126,0.0016118089988594875,0.0028037140000378713
tier_10k,1_1438042990112.50_20150728002310-00286-ip-10-236-191-2_318221297_4.csv,5,10.0,50,548,False,True,True,True,0.0010045810049632564,0.0014938500098651275,0.0027451939968159422
tier_10k,1_1438042990112.50_20150728002310-00286-ip-10-236-191-2_318221297_4.csv,10,10.0,100,548,False,True,True,True,0.0009817360114539042,0.0016165970009751618,0.0028483420028351247
tier_10k,1_1438042990112.50_20150728002310-00286-ip-10-236-191-2_318221297_4.csv,20,10.0,200,548,False,True,True,True,0.001213178999023512,0.0022360510047292337,0.00372879600035958
tier_10k,1_1438042990112.50_20150728002310-00286-ip-10-236-191-2_318221297_4.csv,5,5.0,25,548,False,True,True,True,0.0008453649934381247,0.0014130079944152385,0.0024860889971023425
tier_10k,1_1438042990112.50_20150728002310-00286-ip-10-236-191-2_318221297_4.csv,10,5.0,50,548,False,True,True,True,0.0008640389860374853,0.0014417560014408082,0.0025225330027751625
tier_10k,1_1438042990112.50_20150728002310-00286-ip-10-236-191-2_318221297_4.csv,20,5.0,100,548,False,True,True,True,0.0009623160003684461,0.0016452760028187186,0.002847940006176941
tier_10k,1_1438042987127.36_20150728002307-00290-ip-10-236-191-2_407999777_10.csv,5,10.0,50,230,False,True,True,True,0.0010294340027030557,0.0014653960097348318,0.0027383990091038868
tier_10k,1_1438042987127.36_20150728002307-00290-ip-10-236-191-2_407999777_10.csv,10,10.0,100,230,False,True,True,True,0.0009594040020601824,0.001759612001478672,0.0029635370010510087
tier_10k,1_1438042987127.36_20150728002307-00290-ip-10-236-191-2_407999777_10.csv,20,10.0,200,230,False,True,True,True,0.0011474249913590029,0.0018707279959926382,0.003302575001725927
tier_10k,1_1438042987127.36_20150728002307-00290-ip-10-236-191-2_407999777_10.csv,5,5.0,25,230,False,True,True,True,0.000836385996080935,0.0013884740037610754,0.0024476729886373505
tier_10k,1_1438042987127.36_20150728002307-00290-ip-10-236-191-2_407999777_10.csv,10,5.0,50,230,False,True,True,True,0.0008658379956614226,0.0014274339919211343,0.0025206940044881776
tier_10k,1_1438042987127.36_20150728002307-00290-ip-10-236-191-2_407999777_10.csv,20,5.0,100,230,False,True,True,True,0.0009492940007476136,0.0015740329981781542,0.0027765119884861633
tier_10k,0_1438042988458.74_20150728002308-00166-ip-10-236-191-2_302386578_10.csv,5,10.0,50,491,False,True,True,True,0.0009629600099287927,0.0014776789903407916,0.002672233007615432
tier_10k,0_1438042988458.74_20150728002308-00166-ip-10-236-191-2_302386578_10.csv,10,10.0,100,491,False,True,True,True,0.0009779039974091575,0.0015415880043292418,0.0027536139969015494
tier_10k,0_1438042988458.74_20150728002308-00166-ip-10-236-191-2_302386578_10.csv,20,10.0,200,491,False,True,True,True,0.0011953969951719046,0.0019804430048679933,0.003453931989497505
tier_10k,0_1438042988458.74_20150728002308-00166-ip-10-236-191-2_302386578_10.csv,5,5.0,25,491,False,True,True,True,0.0008341280044987798,0.0014101390115683898,0.0024682539951754734
tier_10k,0_1438042988458.74_20150728002308-00166-ip-10-236-191-2_302386578_10.csv,10,5.0,50,491,False,True,True,True,0.0008711800037417561,0.0014569490012945607,0.0025563170056557283
tier_10k,0_1438042988458.74_20150728002308-00166-ip-10-236-191-2_302386578_10.csv,20,5.0,100,491,False,True,True,True,0.0009528820082778111,0.00151793600525707,0.002718486008234322
tier_10k,0_1438042988458.74_20150728002308-00253-ip-10-236-191-2_222600153_3.csv,5,10.0,50,282,False,True,True,True,0.0009601790079614148,0.0014718279999215156,0.002674889998161234
tier_10k,0_1438042988458.74_20150728002308-00253-ip-10-236-191-2_222600153_3.csv,10,10.0,100,282,False,True,True,True,0.0009824220032896847,0.00164404499810189,0.0028620650118682534
tier_10k,0_1438042988458.74_20150728002308-00253-ip-10-236-191-2_222600153_3.csv,20,10.0,200,282,False,True,True,True,0.0011510170006658882,0.0022101900103734806,0.0036408830055734143
tier_10k,0_1438042988458.74_20150728002308-00253-ip-10-236-191-2_222600153_3.csv,5,5.0,25,282,False,True,True,True,0.00084331700054463,0.0013907070097047836,0.0024415520019829273
tier_10k,0_1438042988458.74_20150728002308-00253-ip-10-236-191-2_222600153_3.csv,10,5.0,50,282,False,True,True,True,0.000869265990331769,0.0014160419959807768,0.0025156959891319275
tier_10k,0_1438042988458.74_20150728002308-00253-ip-10-236-191-2_222600153_3.csv,20,5.0,100,282,False,True,True,True,0.0009505029884167016,0.0016246679879259318,0.0028150449943495914
tier_10k,1_1438042990112.50_20150728002310-00237-ip-10-236-191-2_880298254_15.csv,5,10.0,50,365,False,True,True,True,0.0010151059977943078,0.00143062999995891,0.0026918429939541966
tier_10k,1_1438042990112.50_20150728002310-00237-ip-10-236-191-2_880298254_15.csv,10,10.0,100,365,False,True,True,True,0.0009535139979561791,0.0015940290031721815,0.002790951999486424
tier_10k,1_1438042990112.50_20150728002310-00237-ip-10-236-191-2_880298254_15.csv,20,10.0,200,365,False,True,True,True,0.0011064559948863462,0.001854985996033065,0.003236507996916771
tier_10k,1_1438042990112.50_20150728002310-00237-ip-10-236-191-2_880298254_15.csv,5,5.0,25,365,False,True,True,True,0.0008195370028261095,0.0013541089865611866,0.0023908779985504225
tier_10k,1_1438042990112.50_20150728002310-00237-ip-10-236-191-2_880298254_15.csv,10,5.0,50,365,False,True,True,True,0.0008423190010944381,0.0013861140032531694,0.002460891002556309
tier_10k,1_1438042990112.50_20150728002310-00237-ip-10-236-191-2_880298254_15.csv,20,5.0,100,365,False,True,True,True,0.0009364949946757406,0.0015254019963322207,0.002702583995414898
tier_10k,0_1438042988061.16_20150728002308-00089-ip-10-236-191-2_807127666_2.csv,5,10.0,50,326,False,True,True,True,0.001000009011477232,0.0014633730024797842,0.002708781001274474
tier_10k,0_1438042988061.16_20150728002308-00089-ip-10-236-191-2_807127666_2.csv,10,10.0,100,326,False,True,True,True,0.0009527119982521981,0.0016610210004728287,0.0028561350045492873
tier_10k,0_1438042988061.16_20150728002308-00089-ip-10-236-191-2_807127666_2.csv,20,10.0,200,326,False,True,True,True,0.0011664179910439998,0.0021859700063942,0.003632816005847417
tier_10k,0_1438042988061.16_20150728002308-00089-ip-10-236-191-2_807127666_2.csv,5,5.0,25,326,False,True,True,True,0.0008187279890989885,0.0013452789862640202,0.002398543991148472
tier_10k,0_1438042988061.16_20150728002308-00089-ip-10-236-191-2_807127666_2.csv,10,5.0,50,326,False,True,True,True,0.0008396299963351339,0.0014137989928713068,0.0024911059881560504
tier_10k,0_1438042988061.16_20150728002308-00089-ip-10-236-191-2_807127666_2.csv,20,5.0,100,326,False,True,True,True,0.0009323450067313388,0.0016148540016729385,0.002783896998153068
tier_10k,0_1438042988458.74_20150728002308-00060-ip-10-236-191-2_492355315_1.csv,5,10.0,50,526,False,True,True,True,0.0009699959919089451,0.0014874659973429516,0.0026998079993063584
tier_10k,0_1438042988458.74_20150728002308-00060-ip-10-236-191-2_492355315_1.csv,10,10.0,100,526,False,True,True,True,0.0009618259937269613,0.0016255110094789416,0.002826830997946672
tier_10k,0_1438042988458.74_20150728002308-00060-ip-10-236-191-2_492355315_1.csv,20,10.0,200,526,False,True,True,True,0.0011607350024860352,0.0021695580071536824,0.0036147439968772233
tier_10k,0_1438042988458.74_20150728002308-00060-ip-10-236-191-2_492355315_1.csv,5,5.0,25,526,False,True,True,True,0.0008358320046681911,0.0013431039988063276,0.002399149991106242
tier_10k,0_1438042988458.74_20150728002308-00060-ip-10-236-191-2_492355315_1.csv,10,5.0,50,526,False,True,True,True,0.0009088410006370395,0.001417074992787093,0.0025573780003469437
tier_10k,0_1438042988458.74_20150728002308-00060-ip-10-236-191-2_492355315_1.csv,20,5.0,100,526,False,True,True,True,0.0009511009993730113,0.0016227070009335876,0.002813390994560905
tier_10k,1_1438042990112.50_20150728002310-00296-ip-10-236-191-2_202658094_3.csv,5,10.0,50,366,False,True,True,True,0.0010282669973094016,0.0016103839880088344,0.0028837230056524277
tier_10k,1_1438042990112.50_20150728002310-00296-ip-10-236-191-2_202658094_3.csv,10,10.0,100,366,False,True,True,True,0.0009650540014263242,0.0016405060014221817,0.002843448004568927
tier_10k,1_1438042990112.50_20150728002310-00296-ip-10-236-191-2_202658094_3.csv,20,10.0,200,366,False,True,True,True,0.0011472750047687441,0.002256892010336742,0.0036903919972246513
tier_10k,1_1438042990112.50_20150728002310-00296-ip-10-236-191-2_202658094_3.csv,5,5.0,25,366,False,True,True,True,0.0008553810039302334,0.001378166998620145,0.002461144991684705
tier_10k,1_1438042990112.50_20150728002310-00296-ip-10-236-191-2_202658094_3.csv,10,5.0,50,366,False,True,True,True,0.0008727589884074405,0.0015588879905408248,0.002653568997629918
tier_10k,1_1438042990112.50_20150728002310-00296-ip-10-236-191-2_202658094_3.csv,20,5.0,100,366,False,True,True,True,0.0009546440123813227,0.0016704669978935272,0.0028671629988821223
tier_10k,1_1438042988061.16_20150728002308-00013-ip-10-236-191-2_636339982_0.csv,5,10.0,50,526,False,True,True,True,0.0009565259970258921,0.0014867670106468722,0.00268609200429637
tier_10k,1_1438042988061.16_20150728002308-00013-ip-10-236-191-2_636339982_0.csv,10,10.0,100,526,False,True,True,True,0.000967989006312564,0.0016315219982061535,0.0028464179922593758
tier_10k,1_1438042988061.16_20150728002308-00013-ip-10-236-191-2_636339982_0.csv,20,10.0,200,526,False,True,True,True,0.0012153639981988817,0.0021633400028804317,0.003660354996100068
tier_10k,1_1438042988061.16_20150728002308-00013-ip-10-236-191-2_636339982_0.csv,5,5.0,25,526,False,True,True,True,0.00082926700997632,0.0013959500065539032,0.00244689300598111
tier_10k,1_1438042988061.16_20150728002308-00013-ip-10-236-191-2_636339982_0.csv,10,5.0,50,526,False,True,True,True,0.0008895329956430942,0.0014331320126075298,0.002549217999330722
tier_10k,1_1438042988061.16_20150728002308-00013-ip-10-236-191-2_636339982_0.csv,20,5.0,100,526,False,True,True,True,0.0009818770049605519,0.0016440629988210276,0.002871032993425615
tier_10k,1_1438042987127.36_20150728002307-00294-ip-10-236-191-2_390417830_16.csv,5,10.0,50,346,False,True,True,True,0.0011202509922441095,0.001563385987537913,0.002923225998529233
tier_10k,1_1438042987127.36_20150728002307-00294-ip-10-236-191-2_390417830_16.csv,10,10.0,100,346,False,True,True,True,0.0009825729939620942,0.0016493699949933216,0.00287615398701746
tier_10k,1_1438042987127.36_20150728002307-00294-ip-10-236-191-2_390417830_16.csv,20,10.0,200,346,False,True,True,True,0.0012058069987688214,0.0022089450067142025,0.0036952850059606135
tier_10k,1_1438042987127.36_20150728002307-00294-ip-10-236-191-2_390417830_16.csv,5,5.0,25,346,False,True,True,True,0.0008591200021328405,0.0013894060102757066,0.002472080013831146
tier_10k,1_1438042987127.36_20150728002307-00294-ip-10-236-191-2_390417830_16.csv,10,5.0,50,346,False,True,True,True,0.0009414410014869645,0.0014388270064955577,0.0026169089978793636
tier_10k,1_1438042987127.36_20150728002307-00294-ip-10-236-191-2_390417830_16.csv,20,5.0,100,346,False,True,True,True,0.0009705289994599298,0.0020462780084926635,0.003268077998654917
tier_10k,0_1438042988458.74_20150728002308-00254-ip-10-236-191-2_909417374_257.csv,5,10.0,50,326,False,True,True,True,0.000998030009213835,0.0014934520004317164,0.0027361560059944168
tier_10k,0_1438042988458.74_20150728002308-00254-ip-10-236-191-2_909417374_257.csv,10,10.0,100,326,False,True,True,True,0.0009478879946982488,0.0015653860027668998,0.0027496980037540197
tier_10k,0_1438042988458.74_20150728002308-00254-ip-10-236-191-2_909417374_257.csv,20,10.0,200,326,False,True,True,True,0.001176648002001457,0.0018183780048275366,0.0032676709961378947
tier_10k,0_1438042988458.74_20150728002308-00254-ip-10-236-191-2_909417374_257.csv,5,5.0,25,326,False,True,True,True,0.000926638997043483,0.0014268819941207767,0.002593505007098429
tier_10k,0_1438042988458.74_20150728002308-00254-ip-10-236-191-2_909417374_257.csv,10,5.0,50,326,False,True,True,True,0.0008742150093894452,0.0014361850044224411,0.0025340369902551174
tier_10k,0_1438042988458.74_20150728002308-00254-ip-10-236-191-2_909417374_257.csv,20,5.0,100,326,False,True,True,True,0.00093411399575416,0.0015693500026827678,0.0027441459969850257
tier_10k,0_1438042988061.16_20150728002308-00101-ip-10-236-191-2_653250037_0.csv,5,10.0,50,362,False,True,True,True,0.0009943719924194738,0.001501923004980199,0.0027388050075387582
tier_10k,0_1438042988061.16_20150728002308-00101-ip-10-236-191-2_653250037_0.csv,10,10.0,100,362,False,True,True,True,0.0009625070088077337,0.0016462240018881857,0.0028490560071077198
tier_10k,0_1438042988061.16_20150728002308-00101-ip-10-236-191-2_653250037_0.csv,20,10.0,200,362,False,True,True,True,0.0011591829970711842,0.0022583719983231276,0.003704709990415722
tier_10k,0_1438042988061.16_20150728002308-00101-ip-10-236-191-2_653250037_0.csv,5,5.0,25,362,False,True,True,True,0.0008401990053243935,0.0013846369984094054,0.002450061001582071
tier_10k,0_1438042988061.16_20150728002308-00101-ip-10-236-191-2_653250037_0.csv,10,5.0,50,362,False,True,True,True,0.0008671789983054623,0.0014583040028810501,0.00256007700227201
tier_10k,0_1438042988061.16_20150728002308-00101-ip-10-236-191-2_653250037_0.csv,20,5.0,100,362,False,True,True,True,0.0009614150039851665,0.0020754580036737025,0.0032754270068835467
tier_10k,0_1438042988458.74_20150728002308-00046-ip-10-236-191-2_428007644_11.csv,5,10.0,50,368,False,True,True,True,0.0009243039967259392,0.0015179420006461442,0.0026768700045067817
tier_10k,0_1438042988458.74_20150728002308-00046-ip-10-236-191-2_428007644_11.csv,10,10.0,100,368,False,True,True,True,0.0009577269956935197,0.001582593991770409,0.0027784839912783355
tier_10k,0_1438042988458.74_20150728002308-00046-ip-10-236-191-2_428007644_11.csv,20,10.0,200,368,False,True,True,True,0.0012136580044170842,0.001868403996923007,0.0033555330010131
tier_10k,0_1438042988458.74_20150728002308-00046-ip-10-236-191-2_428007644_11.csv,5,5.0,25,368,False,True,True,True,0.0008124360028887168,0.0014164149906719103,0.0024485180038027465
tier_10k,0_1438042988458.74_20150728002308-00046-ip-10-236-191-2_428007644_11.csv,10,5.0,50,368,False,True,True,True,0.0008411989983869717,0.0013933990121586248,0.002460046991473064
tier_10k,0_1438042988458.74_20150728002308-00046-ip-10-236-191-2_428007644_11.csv,20,5.0,100,368,False,True,True,True,0.0009237969934474677,0.0015693029999965802,0.002739786999882199
tier_10k,1_1438042987127.36_20150728002307-00290-ip-10-236-191-2_469307566_0.csv,5,10.0,50,495,False,True,True,True,0.000975738003035076,0.001479504004237242,0.002691513000172563
tier_10k,1_1438042987127.36_20150728002307-00290-ip-10-236-191-2_469307566_0.csv,10,10.0,100,495,False,True,True,True,0.0010253590007778257,0.0016099329950520769,0.0028782629960915074
tier_10k,1_1438042987127.36_20150728002307-00290-ip-10-236-191-2_469307566_0.csv,20,10.0,200,495,False,True,True,True,0.0011434339976403862,0.0019941960053984076,0.003421999004785903
tier_10k,1_1438042987127.36_20150728002307-00290-ip-10-236-191-2_469307566_0.csv,5,5.0,25,495,False,True,True,True,0.0008389970025746152,0.0013462210044963285,0.002405015009571798
tier_10k,1_1438042987127.36_20150728002307-00290-ip-10-236-191-2_469307566_0.csv,10,5.0,50,495,False,True,True,True,0.0008637190039735287,0.0014203659957274795,0.002514059000532143
tier_10k,1_1438042987127.36_20150728002307-00290-ip-10-236-191-2_469307566_0.csv,20,5.0,100,495,False,True,True,True,0.0009727650030981749,0.0019103230006294325,0.0031232509936671704
tier_10k,1_1438042990112.50_20150728002310-00062-ip-10-236-191-2_896744244_9.csv,5,10.0,50,326,False,True,True,True,0.0010048539988929406,0.0015687989944126457,0.0028187749994685873
tier_10k,1_1438042990112.50_20150728002310-00062-ip-10-236-191-2_896744244_9.csv,10,10.0,100,326,False,True,True,True,0.000980627999524586,0.0016156310011865571,0.002835260995198041
tier_10k,1_1438042990112.50_20150728002310-00062-ip-10-236-191-2_896744244_9.csv,20,10.0,200,326,False,True,True,True,0.0011481300025479868,0.0021994980052113533,0.0036223909992258996
tier_10k,1_1438042990112.50_20150728002310-00062-ip-10-236-191-2_896744244_9.csv,5,5.0,25,326,False,True,True,True,0.0008462300029350445,0.0013998609938425943,0.0024695449974387884
tier_10k,1_1438042990112.50_20150728002310-00062-ip-10-236-191-2_896744244_9.csv,10,5.0,50,326,False,True,True,True,0.0008436160132987425,0.0013830450043315068,0.002460831994540058
tier_10k,1_1438042990112.50_20150728002310-00062-ip-10-236-191-2_896744244_9.csv,20,5.0,100,326,False,True,True,True,0.0009464960021432489,0.0016440289909951389,0.002842842004611157
tier_10k,1_1438042990112.50_20150728002310-00225-ip-10-236-191-2_718036865_0.csv,5,10.0,50,308,False,True,True,True,0.0009712839964777231,0.0015086700004758313,0.002718379008001648
tier_10k,1_1438042990112.50_20150728002310-00225-ip-10-236-191-2_718036865_0.csv,10,10.0,100,308,False,True,True,True,0.0009647449915064499,0.0016129129944602028,0.0028218590014148504
tier_10k,1_1438042990112.50_20150728002310-00225-ip-10-236-191-2_718036865_0.csv,20,10.0,200,308,False,True,True,True,0.0011535040102899075,0.0018730430019786581,0.0033000830007949844
tier_10k,1_1438042990112.50_20150728002310-00225-ip-10-236-191-2_718036865_0.csv,5,5.0,25,308,False,True,True,True,0.0008347459952346981,0.0013987200072733685,0.002452695000101812
tier_10k,1_1438042990112.50_20150728002310-00225-ip-10-236-191-2_718036865_0.csv,10,5.0,50,308,False,True,True,True,0.0008808130078250542,0.001444645007723011,0.0025664220011094585
tier_10k,1_1438042990112.50_20150728002310-00225-ip-10-236-191-2_718036865_0.csv,20,5.0,100,308,False,True,True,True,0.000945384002989158,0.0015885059983702376,0.002774730004603043
tier_10k,0_1438042988061.16_20150728002308-00189-ip-10-236-191-2_414087396_10.csv,5,10.0,50,240,False,True,True,True,0.0010247040045214817,0.0015249179996317253,0.0027955510013271123
tier_10k,0_1438042988061.16_20150728002308-00189-ip-10-236-191-2_414087396_10.csv,10,10.0,100,240,False,True,True,True,0.000952613991103135,0.0016424920031568035,0.002834060011082329
tier_10k,0_1438042988061.16_20150728002308-00189-ip-10-236-191-2_414087396_10.csv,20,10.0,200,240,False,True,True,True,0.001170482995803468,0.001839257005485706,0.0032807310053613037
tier_10k,0_1438042988061.16_20150728002308-00189-ip-10-236-191-2_414087396_10.csv,5,5.0,25,240,False,True,True,True,0.000813350998214446,0.0014220540033420548,0.0024880090059014037
tier_10k,0_1438042988061.16_20150728002308-00189-ip-10-236-191-2_414087396_10.csv,10,5.0,50,240,False,True,True,True,0.0009230790019501001,0.0018492379895178601,0.0030128549988148734
tier_10k,0_1438042988061.16_20150728002308-00189-ip-10-236-191-2_414087396_10.csv,20,5.0,100,240,False,True,True,True,0.0009658579947426915,0.0019044379878323525,0.003140832995995879
tier_10k,0_1438042988061.16_20150728002308-00144-ip-10-236-191-2_279381280_30.csv,5,10.0,50,433,False,True,True,True,0.0011135990062030032,0.0015551879914710298,0.0029320809990167618
tier_10k,0_1438042988061.16_20150728002308-00144-ip-10-236-191-2_279381280_30.csv,10,10.0,100,433,False,True,True,True,0.0009695469925645739,0.0015800969995325431,0.0027974810072919354
tier_10k,0_1438042988061.16_20150728002308-00144-ip-10-236-191-2_279381280_30.csv,20,10.0,200,433,False,True,True,True,0.0011594389943638816,0.0018609909893712029,0.0032980560063151643
tier_10k,0_1438042988061.16_20150728002308-00144-ip-10-236-191-2_279381280_30.csv,5,5.0,25,433,False,True,True,True,0.0008185570040950552,0.0013787990028504282,0.0024183099885703996
tier_10k,0_1438042988061.16_20150728002308-00144-ip-10-236-191-2_279381280_30.csv,10,5.0,50,433,False,True,True,True,0.0009024780010804534,0.0013843130000168458,0.002525244010030292
tier_10k,0_1438042988061.16_20150728002308-00144-ip-10-236-191-2_279381280_30.csv,20,5.0,100,433,False,True,True,True,0.0010546730045462027,0.001562981997267343,0.0028606809937627986
tier_10k,1_1438042990112.50_20150728002310-00081-ip-10-236-191-2_890934925_129.csv,5,10.0,50,327,False,True,True,True,0.0009972650004783645,0.0016200560057768598,0.0028633249894483015
tier_10k,1_1438042990112.50_20150728002310-00081-ip-10-236-191-2_890934925_129.csv,10,10.0,100,327,False,True,True,True,0.0009524689958197996,0.0016356319974875078,0.0028359749994706362
tier_10k,1_1438042990112.50_20150728002310-00081-ip-10-236-191-2_890934925_129.csv,20,10.0,200,327,False,True,True,True,0.0011657499999273568,0.002180463998229243,0.0036345880071166903
tier_10k,1_1438042990112.50_20150728002310-00081-ip-10-236-191-2_890934925_129.csv,5,5.0,25,327,False,True,True,True,0.0008245939970947802,0.0013813219993608072,0.0024284299870487303
tier_10k,1_1438042990112.50_20150728002310-00081-ip-10-236-191-2_890934925_129.csv,10,5.0,50,327,False,True,True,True,0.0008384679968003184,0.0013939710042905062,0.002462641990859993
tier_10k,1_1438042990112.50_20150728002310-00081-ip-10-236-191-2_890934925_129.csv,20,5.0,100,327,False,True,True,True,0.0009638829942559823,0.001631131992326118,0.0028291249909671023
tier_10k,0_1438042988061.16_20150728002308-00133-ip-10-236-191-2_59742533_2.csv,5,10.0,50,262,False,True,True,True,0.0010182950063608587,0.0015592330018989742,0.0028284729924052954
tier_10k,0_1438042988061.16_20150728002308-00133-ip-10-236-191-2_59742533_2.csv,10,10.0,100,262,False,True,True,True,0.0009687620040494949,0.0016739269922254607,0.0028832210082327947
tier_10k,0_1438042988061.16_20150728002308-00133-ip-10-236-191-2_59742533_2.csv,20,10.0,200,262,False,True,True,True,0.0012451920047169551,0.0021937080018687993,0.0037139289925107732
tier_10k,0_1438042988061.16_20150728002308-00133-ip-10-236-191-2_59742533_2.csv,5,5.0,25,262,False,True,True,True,0.0012012009974569082,0.0018897830013884231,0.0033880440023494884
tier_10k,0_1438042988061.16_20150728002308-00133-ip-10-236-191-2_59742533_2.csv,10,5.0,50,262,False,True,True,True,0.0008846840064506978,0.0016018549940781668,0.0027563660114537925
tier_10k,0_1438042988061.16_20150728002308-00133-ip-10-236-191-2_59742533_2.csv,20,5.0,100,262,False,True,True,True,0.0014182949962560087,0.0021806869917782024,0.003928549995180219
tier_10k,1_1438042990112.50_20150728002310-00259-ip-10-236-191-2_889779227_121.csv,5,10.0,50,365,False,True,True,True,0.0010303470044163987,0.0015736190107418224,0.002851186989573762
tier_10k,1_1438042990112.50_20150728002310-00259-ip-10-236-191-2_889779227_121.csv,10,10.0,100,365,False,True,True,True,0.0011002599931089208,0.0019766339974012226,0.0033545940095791593
tier_10k,1_1438042990112.50_20150728002310-00259-ip-10-236-191-2_889779227_121.csv,20,10.0,200,365,False,True,True,True,0.0011421920062275603,0.0028738940018229187,0.004335960999014787
tier_10k,1_1438042990112.50_20150728002310-00259-ip-10-236-191-2_889779227_121.csv,5,5.0,25,365,False,True,True,True,0.0011887660075444728,0.0021926590125076473,0.0037029160012025386
tier_10k,1_1438042990112.50_20150728002310-00259-ip-10-236-191-2_889779227_121.csv,10,5.0,50,365,False,True,True,True,0.0009145160001935437,0.0016656340012559667,0.0028206720016896725
tier_10k,1_1438042990112.50_20150728002310-00259-ip-10-236-191-2_889779227_121.csv,20,5.0,100,365,False,True,True,True,0.0009313619957538322,0.0018652330036275089,0.0030369549931492656
tier_10k,0_1438042988458.74_20150728002308-00262-ip-10-236-191-2_380524338_2.csv,5,10.0,50,488,False,True,True,True,0.0014462580002145842,0.0021037209953647107,0.003888487000949681
tier_10k,0_1438042988458.74_20150728002308-00262-ip-10-236-191-2_380524338_2.csv,10,10.0,100,488,False,True,True,True,0.0010531000007176772,0.001691526995273307,0.002997570001753047
tier_10k,0_1438042988458.74_20150728002308-00262-ip-10-236-191-2_380524338_2.csv,20,10.0,200,488,False,True,True,True,0.001204061001772061,0.002223945004516281,0.0037105829978827387
tier_10k,0_1438042988458.74_20150728002308-00262-ip-10-236-191-2_380524338_2.csv,5,5.0,25,488,False,True,True,True,0.0008394439937546849,0.0013913940056227148,0.0024417690001428127
tier_10k,0_1438042988458.74_20150728002308-00262-ip-10-236-191-2_380524338_2.csv,10,5.0,50,488,False,True,True,True,0.0008987949986476451,0.001440109990653582,0.002572170997154899
tier_10k,0_1438042988458.74_20150728002308-00262-ip-10-236-191-2_380524338_2.csv,20,5.0,100,488,False,True,True,True,0.0009827619942370802,0.0018836350063793361,0.003119601999060251
tier_10k,1_1438042987127.36_20150728002307-00027-ip-10-236-191-2_67802697_2.csv,5,10.0,50,442,False,True,True,True,0.0009488169889664277,0.0015316459903260693,0.002727715007495135
tier_10k,1_1438042987127.36_20150728002307-00027-ip-10-236-191-2_67802697_2.csv,10,10.0,100,442,False,True,True,True,0.0009513169934507459,0.0016687969909980893,0.0028569839923875406
tier_10k,1_1438042987127.36_20150728002307-00027-ip-10-236-191-2_67802697_2.csv,20,10.0,200,442,False,True,True,True,0.0011440749949542806,0.0021865320013603196,0.00361153700214345
tier_10k,1_1438042987127.36_20150728002307-00027-ip-10-236-191-2_67802697_2.csv,5,5.0,25,442,False,True,True,True,0.0008329739939654246,0.001344083997537382,0.0024007110041566193
tier_10k,1_1438042987127.36_20150728002307-00027-ip-10-236-191-2_67802697_2.csv,10,5.0,50,442,False,True,True,True,0.000912946998141706,0.0014088220050325617,0.0025696349912323058
tier_10k,1_1438042987127.36_20150728002307-00027-ip-10-236-191-2_67802697_2.csv,20,5.0,100,442,False,True,True,True,0.0009702469978947192,0.0016220380057347938,0.0028368159983074293
tier_10k,0_1438042988458.74_20150728002308-00175-ip-10-236-191-2_385639780_18.csv,5,10.0,50,398,False,True,True,True,0.000980558994342573,0.001469871000153944,0.002690352004719898
tier_10k,0_1438042988458.74_20150728002308-00175-ip-10-236-191-2_385639780_18.csv,10,10.0,100,398,False,True,True,True,0.0011472990008769557,0.0016631280013825744,0.0030786460119998083
tier_10k,0_1438042988458.74_20150728002308-00175-ip-10-236-191-2_385639780_18.csv,20,10.0,200,398,False,True,True,True,0.0011529899929882959,0.002187495003454387,0.0036161650059511885
tier_10k,0_1438042988458.74_20150728002308-00175-ip-10-236-191-2_385639780_18.csv,5,5.0,25,398,False,True,True,True,0.0008430070010945201,0.0013508359988918528,0.002414265996776521
tier_10k,0_1438042988458.74_20150728002308-00175-ip-10-236-191-2_385639780_18.csv,10,5.0,50,398,False,True,True,True,0.0008566420001443475,0.0014291179977590218,0.002525534000596963
tier_10k,0_1438042988458.74_20150728002308-00175-ip-10-236-191-2_385639780_18.csv,20,5.0,100,398,False,True,True,True,0.0009758119995240122,0.0016249629989033565,0.0028363559977151453
tier_10k,0_1438042988458.74_20150728002308-00303-ip-10-236-191-2_56708567_9.csv,5,10.0,50,520,False,True,True,True,0.0010134039912372828,0.0015444439923157915,0.002800774003844708
tier_10k,0_1438042988458.74_20150728002308-00303-ip-10-236-191-2_56708567_9.csv,10,10.0,100,520,False,True,True,True,0.0010018329921877012,0.0016798080032458529,0.002919368998846039
tier_10k,0_1438042988458.74_20150728002308-00303-ip-10-236-191-2_56708567_9.csv,20,10.0,200,520,False,True,True,True,0.0011510520125739276,0.0021845429873792455,0.0036100790021009743
tier_10k,0_1438042988458.74_20150728002308-00303-ip-10-236-191-2_56708567_9.csv,5,5.0,25,520,False,True,True,True,0.0008418729994446039,0.0013728880003327504,0.0024472259974572808
tier_10k,0_1438042988458.74_20150728002308-00303-ip-10-236-191-2_56708567_9.csv,10,5.0,50,520,False,True,True,True,0.0008729569963179529,0.0014178440032992512,0.0025107669935096055
tier_10k,0_1438042988458.74_20150728002308-00303-ip-10-236-191-2_56708567_9.csv,20,5.0,100,520,False,True,True,True,0.0010040509951068088,0.0016914349980652332,0.00294289700104855
tier_10k,0_1438042988458.74_20150728002308-00063-ip-10-236-191-2_657101208_1.csv,5,10.0,50,371,False,True,True,True,0.0009513539989711717,0.0015542119945166633,0.002745723002590239
tier_10k,0_1438042988458.74_20150728002308-00063-ip-10-236-191-2_657101208_1.csv,10,10.0,100,371,False,True,True,True,0.0009639069903641939,0.0019090309942839667,0.0031119149934966117
tier_10k,0_1438042988458.74_20150728002308-00063-ip-10-236-191-2_657101208_1.csv,20,10.0,200,371,False,True,True,True,0.0011512320052133873,0.002229987003374845,0.003659601992694661
tier_10k,0_1438042988458.74_20150728002308-00063-ip-10-236-191-2_657101208_1.csv,5,5.0,25,371,False,True,True,True,0.0008688390080351382,0.00141683999390807,0.002520579000702128
tier_10k,0_1438042988458.74_20150728002308-00063-ip-10-236-191-2_657101208_1.csv,10,5.0,50,371,False,True,True,True,0.0008599470020271838,0.0015101489989319816,0.002614434008137323
tier_10k,0_1438042988458.74_20150728002308-00063-ip-10-236-191-2_657101208_1.csv,20,5.0,100,371,False,True,True,True,0.0009422730072401464,0.0019295129895908758,0.0031106539972824976
tier_10k,1_1438042990112.50_20150728002310-00190-ip-10-236-191-2_436521753_9.csv,5,10.0,50,284,False,True,True,True,0.0011494990030769259,0.0019799380097538233,0.003385930001968518
tier_10k,1_1438042990112.50_20150728002310-00190-ip-10-236-191-2_436521753_9.csv,10,10.0,100,284,False,True,True,True,0.0009720109956106171,0.001969256001757458,0.0031771259964443743
tier_10k,1_1438042990112.50_20150728002310-00190-ip-10-236-191-2_436521753_9.csv,20,10.0,200,284,False,True,True,True,0.0011814669996965677,0.00221272099588532,0.0036729439889313653
tier_10k,1_1438042990112.50_20150728002310-00190-ip-10-236-191-2_436521753_9.csv,5,5.0,25,284,False,True,True,True,0.0008321959903696552,0.001411977005773224,0.002466905993060209
tier_10k,1_1438042990112.50_20150728002310-00190-ip-10-236-191-2_436521753_9.csv,10,5.0,50,284,False,True,True,True,0.0008433699986198917,0.0014461200044024736,0.0025198329967679456
tier_10k,1_1438042990112.50_20150728002310-00190-ip-10-236-191-2_436521753_9.csv,20,5.0,100,284,False,True,True,True,0.0009535749995848164,0.0016612469917163253,0.002853911995771341
tier_10k,1_1438042987127.36_20150728002307-00214-ip-10-236-191-2_225430488_0.csv,5,10.0,50,517,False,True,True,True,0.000989660999039188,0.0015081680030561984,0.0027465169987408444
tier_10k,1_1438042987127.36_20150728002307-00214-ip-10-236-191-2_225430488_0.csv,10,10.0,100,517,False,True,True,True,0.0009785790025489405,0.0016723799926694483,0.0029066080023767427
tier_10k,1_1438042987127.36_20150728002307-00214-ip-10-236-191-2_225430488_0.csv,20,10.0,200,517,False,True,True,True,0.001156387006631121,0.0022009420063113794,0.0036315520119387656
tier_10k,1_1438042987127.36_20150728002307-00214-ip-10-236-191-2_225430488_0.csv,5,5.0,25,517,False,True,True,True,0.0008782829972915351,0.0014055219944566488,0.002491858002031222
tier_10k,1_1438042987127.36_20150728002307-00214-ip-10-236-191-2_225430488_0.csv,10,5.0,50,517,False,True,True,True,0.0009874679963104427,0.0018188480025855824,0.0030659569893032312
tier_10k,1_1438042987127.36_20150728002307-00214-ip-10-236-191-2_225430488_0.csv,20,5.0,100,517,False,True,True,True,0.0009775810030987486,0.0016373789985664189,0.0028599699871847406
tier_10k,0_1438042988061.16_20150728002308-00047-ip-10-236-191-2_843664602_0.csv,5,10.0,50,363,False,True,True,True,0.0009637729963287711,0.0014642850001109764,0.0026646580081433058
tier_10k,0_1438042988061.16_20150728002308-00047-ip-10-236-191-2_843664602_0.csv,10,10.0,100,363,False,True,True,True,0.0009850319911492988,0.001573433997691609,0.002794316998915747
tier_10k,0_1438042988061.16_20150728002308-00047-ip-10-236-191-2_843664602_0.csv,20,10.0,200,363,False,True,True,True,0.001183740998385474,0.0018697909981710836,0.0033223549980903044
tier_10k,0_1438042988061.16_20150728002308-00047-ip-10-236-191-2_843664602_0.csv,5,5.0,25,363,False,True,True,True,0.0008604229951743037,0.0013748339988524094,0.0024541780003346503
tier_10k,0_1438042988061.16_20150728002308-00047-ip-10-236-191-2_843664602_0.csv,10,5.0,50,363,False,True,True,True,0.0008625560003565624,0.001413737001712434,0.0025024999922607094
tier_10k,0_1438042988061.16_20150728002308-00047-ip-10-236-191-2_843664602_0.csv,20,5.0,100,363,False,True,True,True,0.0009747360018081963,0.0015503850008826703,0.0027676150057232007
tier_10k,0_1438042988061.16_20150728002308-00181-ip-10-236-191-2_216538600_0.csv,5,10.0,50,452,False,True,True,True,0.0009779620013432577,0.0014935489889467135,0.0027092140080640092
tier_10k,0_1438042988061.16_20150728002308-00181-ip-10-236-191-2_216538600_0.csv,10,10.0,100,452,False,True,True,True,0.0009492590033914894,0.0015812019992154092,0.0027706279943231493
tier_10k,0_1438042988061.16_20150728002308-00181-ip-10-236-191-2_216538600_0.csv,20,10.0,200,452,False,True,True,True,0.0011517000093590468,0.0019604590052040294,0.0033836089860415086
tier_10k,0_1438042988061.16_20150728002308-00181-ip-10-236-191-2_216538600_0.csv,5,5.0,25,452,False,True,True,True,0.0008379250066354871,0.0013741229922743514,0.002431244996841997
tier_10k,0_1438042988061.16_20150728002308-00181-ip-10-236-191-2_216538600_0.csv,10,5.0,50,452,False,True,True,True,0.0008406699926126748,0.001427804003469646,0.002493042004061863
tier_10k,0_1438042988061.16_20150728002308-00181-ip-10-236-191-2_216538600_0.csv,20,5.0,100,452,False,True,True,True,0.0009316959913121536,0.0015616290038451552,0.0027242020005360246
tier_10k,0_1438042988061.16_20150728002308-00002-ip-10-236-191-2_545269850_0.csv,5,10.0,50,526,False,True,True,True,0.0009861019934760407,0.0015007440088083968,0.0027277040062472224
tier_10k,0_1438042988061.16_20150728002308-00002-ip-10-236-191-2_545269850_0.csv,10,10.0,100,526,False,True,True,True,0.0009822159918257967,0.0016366539930459112,0.0028588800050783902
tier_10k,0_1438042988061.16_20150728002308-00002-ip-10-236-191-2_545269850_0.csv,20,10.0,200,526,False,True,True,True,0.0012146939989179373,0.002192501997342333,0.003694271988933906
tier_10k,0_1438042988061.16_20150728002308-00002-ip-10-236-191-2_545269850_0.csv,5,5.0,25,526,False,True,True,True,0.0008434440096607432,0.001336870001978241,0.0024060459982138127
tier_10k,0_1438042988061.16_20150728002308-00002-ip-10-236-191-2_545269850_0.csv,10,5.0,50,526,False,True,True,True,0.0009015219984576106,0.0014237540017347783,0.0025638200022513047
tier_10k,0_1438042988061.16_20150728002308-00002-ip-10-236-191-2_545269850_0.csv,20,5.0,100,526,False,True,True,True,0.0010535689943935722,0.0016393010009778664,0.00294180799392052
tier_10k,0_1438042988061.16_20150728002308-00330-ip-10-236-191-2_795231590_4.csv,5,10.0,50,537,False,True,True,True,0.0010432999988552183,0.001528787994175218,0.0028154920000815764
tier_10k,0_1438042988061.16_20150728002308-00330-ip-10-236-191-2_795231590_4.csv,10,10.0,100,537,False,True,True,True,0.0009603570069884881,0.001648613004363142,0.002846806004527025
tier_10k,0_1438042988061.16_20150728002308-00330-ip-10-236-191-2_795231590_4.csv,20,10.0,200,537,False,True,True,True,0.001208904999657534,0.0022200160019565374,0.0037063679919810966
tier_10k,0_1438042988061.16_20150728002308-00330-ip-10-236-191-2_795231590_4.csv,5,5.0,25,537,False,True,True,True,0.0008403360116062686,0.0013806319911964238,0.002441573000396602
tier_10k,0_1438042988061.16_20150728002308-00330-ip-10-236-191-2_795231590_4.csv,10,5.0,50,537,False,True,True,True,0.0008712800045032054,0.001410391996614635,0.0025141350051853806
tier_10k,0_1438042988061.16_20150728002308-00330-ip-10-236-191-2_795231590_4.csv,20,5.0,100,537,False,True,True,True,0.0009601769997971132,0.0016481160128023475,0.0028492679994087666
tier_10k,0_1438042988061.16_20150728002308-00235-ip-10-236-191-2_713850328_17.csv,5,10.0,50,328,False,True,True,True,0.0009912380046444014,0.0015123039920581505,0.0027595790015766397
tier_10k,0_1438042988061.16_20150728002308-00235-ip-10-236-191-2_713850328_17.csv,10,10.0,100,328,False,True,True,True,0.0009922640019794926,0.0016619009984424338,0.002904578999732621
tier_10k,0_1438042988061.16_20150728002308-00235-ip-10-236-191-2_713850328_17.csv,20,10.0,200,328,False,True,True,True,0.001205266991746612,0.0021964289917377755,0.0036776230117538944
tier_10k,0_1438042988061.16_20150728002308-00235-ip-10-236-191-2_713850328_17.csv,5,5.0,25,328,False,True,True,True,0.0008490460022585467,0.0013717039983021095,0.0024485859903506935
tier_10k,0_1438042988061.16_20150728002308-00235-ip-10-236-191-2_713850328_17.csv,10,5.0,50,328,False,True,True,True,0.0008729339897399768,0.0014204210019670427,0.0025220050010830164
tier_10k,0_1438042988061.16_20150728002308-00235-ip-10-236-191-2_713850328_17.csv,20,5.0,100,328,False,True,True,True,0.0009808799950405955,0.001646372998948209,0.00286810401303228
tier_10k,0_1438042988458.74_20150728002308-00232-ip-10-236-191-2_795586035_3.csv,5,10.0,50,285,False,True,True,True,0.0009860840073088184,0.0015170650003710762,0.0027434549992904067
tier_10k,0_1438042988458.74_20150728002308-00232-ip-10-236-191-2_795586035_3.csv,10,10.0,100,285,False,True,True,True,0.0009590879926690832,0.0016324460011674091,0.002828953991411254
tier_10k,0_1438042988458.74_20150728002308-00232-ip-10-236-191-2_795586035_3.csv,20,10.0,200,285,False,True,True,True,0.0011482449917821214,0.0021825389994774014,0.0036053340008948
tier_10k,0_1438042988458.74_20150728002308-00232-ip-10-236-191-2_795586035_3.csv,5,5.0,25,285,False,True,True,True,0.0008344709931407124,0.0013622210099129006,0.002414735994534567
tier_10k,0_1438042988458.74_20150728002308-00232-ip-10-236-191-2_795586035_3.csv,10,5.0,50,285,False,True,True,True,0.0012040050060022622,0.0014944200083846226,0.002985864004585892
tier_10k,0_1438042988458.74_20150728002308-00232-ip-10-236-191-2_795586035_3.csv,20,5.0,100,285,False,True,True,True,0.0009607359970686957,0.0016359709989046678,0.0028390749939717352
tier_10k,0_1438042988458.74_20150728002308-00250-ip-10-236-191-2_501951825_0.csv,5,10.0,50,526,False,True,True,True,0.0009612279973225668,0.0014737940073246136,0.0026820869970833883
tier_10k,0_1438042988458.74_20150728002308-00250-ip-10-236-191-2_501951825_0.csv,10,10.0,100,526,False,True,True,True,0.0009775049984455109,0.001625428005354479,0.0028420829912647605
tier_10k,0_1438042988458.74_20150728002308-00250-ip-10-236-191-2_501951825_0.csv,20,10.0,200,526,False,True,True,True,0.0011821570078609511,0.0022110729914857075,0.003673355997307226
tier_10k,0_1438042988458.74_20150728002308-00250-ip-10-236-191-2_501951825_0.csv,5,5.0,25,526,False,True,True,True,0.0008490050095133483,0.0013648909953190014,0.002444779995130375
tier_10k,0_1438042988458.74_20150728002308-00250-ip-10-236-191-2_501951825_0.csv,10,5.0,50,526,False,True,True,True,0.0008767889958107844,0.0014082320121815428,0.002497966997907497
tier_10k,0_1438042988458.74_20150728002308-00250-ip-10-236-191-2_501951825_0.csv,20,5.0,100,526,False,True,True,True,0.000965518003795296,0.0016271350032184273,0.0028326969913905486
tier_10k,1_1438042987127.36_20150728002307-00037-ip-10-236-191-2_318965632_0.csv,5,10.0,50,279,False,True,True,True,0.0010250760096823797,0.0015054190007504076,0.002775849003228359
tier_10k,1_1438042987127.36_20150728002307-00037-ip-10-236-191-2_318965632_0.csv,10,10.0,100,279,False,True,True,True,0.0010050909913843498,0.0016720959974918514,0.0029222009907243773
tier_10k,1_1438042987127.36_20150728002307-00037-ip-10-236-191-2_318965632_0.csv,20,10.0,200,279,False,True,True,True,0.0011567689944058657,0.002188832004321739,0.003619085007812828
tier_10k,1_1438042987127.36_20150728002307-00037-ip-10-236-191-2_318965632_0.csv,5,5.0,25,279,False,True,True,True,0.0008289789984701201,0.0014171289949445054,0.002476266003213823
tier_10k,1_1438042987127.36_20150728002307-00037-ip-10-236-191-2_318965632_0.csv,10,5.0,50,279,False,True,True,True,0.0008659169980091974,0.001437183003872633,0.0025364989996887743
tier_10k,1_1438042987127.36_20150728002307-00037-ip-10-236-191-2_318965632_0.csv,20,5.0,100,279,False,True,True,True,0.0009717579960124567,0.0017314110009465367,0.0029408839909592643
tier_10k,0_1438042988061.16_20150728002308-00041-ip-10-236-191-2_37534908_6.csv,5,10.0,50,501,False,True,True,True,0.0010015630105044693,0.0015391140041174367,0.002789980993838981
tier_10k,0_1438042988061.16_20150728002308-00041-ip-10-236-191-2_37534908_6.csv,10,10.0,100,501,False,True,True,True,0.0009860370046226308,0.0015903590101515874,0.0028144100069766864
tier_10k,0_1438042988061.16_20150728002308-00041-ip-10-236-191-2_37534908_6.csv,20,10.0,200,501,False,True,True,True,0.001206127999466844,0.0019261120032751933,0.003404110000701621
tier_10k,0_1438042988061.16_20150728002308-00041-ip-10-236-191-2_37534908_6.csv,5,5.0,25,501,False,True,True,True,0.0008441800018772483,0.0013028860121266916,0.002385913991020061
tier_10k,0_1438042988061.16_20150728002308-00041-ip-10-236-191-2_37534908_6.csv,10,5.0,50,501,False,True,True,True,0.0009724080009618774,0.001492079987656325,0.002705083999899216
tier_10k,0_1438042988061.16_20150728002308-00041-ip-10-236-191-2_37534908_6.csv,20,5.0,100,501,False,True,True,True,0.0009977209992939606,0.0016086309915408492,0.002842778994818218
tier_10k,1_1438042987127.36_20150728002307-00269-ip-10-236-191-2_847834464_0.csv,5,10.0,50,421,False,True,True,True,0.0010307300108252093,0.0014049180026631802,0.0026834460004465654
tier_10k,1_1438042987127.36_20150728002307-00269-ip-10-236-191-2_847834464_0.csv,10,10.0,100,421,False,True,True,True,0.0010563609976088628,0.0016147010028362274,0.002905328990891576
tier_10k,1_1438042987127.36_20150728002307-00269-ip-10-236-191-2_847834464_0.csv,20,10.0,200,421,False,True,True,True,0.0011660180025501177,0.002343351996387355,0.0038248589989962056
tier_10k,1_1438042987127.36_20150728002307-00269-ip-10-236-191-2_847834464_0.csv,5,5.0,25,421,False,True,True,True,0.00113678201159928,0.0014204109902493656,0.002784437994705513
tier_10k,1_1438042987127.36_20150728002307-00269-ip-10-236-191-2_847834464_0.csv,10,5.0,50,421,False,True,True,True,0.0008739100012462586,0.0014473509945673868,0.0025548819976393133
tier_10k,1_1438042987127.36_20150728002307-00269-ip-10-236-191-2_847834464_0.csv,20,5.0,100,421,False,True,True,True,0.0009653410088503733,0.0015834689984330907,0.002788605008390732
tier_10k,0_1438042988061.16_20150728002308-00199-ip-10-236-191-2_891430247_172.csv,5,10.0,50,326,False,True,True,True,0.0009656049951445311,0.0014736799930687994,0.0026842910010600463
tier_10k,0_1438042988061.16_20150728002308-00199-ip-10-236-191-2_891430247_172.csv,10,10.0,100,326,False,True,True,True,0.0009639220079407096,0.0016356400010408834,0.0028455749998101965
tier_10k,0_1438042988061.16_20150728002308-00199-ip-10-236-191-2_891430247_172.csv,20,10.0,200,326,False,True,True,True,0.0011854579934151843,0.002172765991417691,0.0036441409902181476
tier_10k,0_1438042988061.16_20150728002308-00199-ip-10-236-191-2_891430247_172.csv,5,5.0,25,326,False,True,True,True,0.0008312019926961511,0.0013739470014115795,0.002427237996016629
tier_10k,0_1438042988061.16_20150728002308-00199-ip-10-236-191-2_891430247_172.csv,10,5.0,50,326,False,True,True,True,0.0008693659910932183,0.0014236730057746172,0.0025211079919245094
tier_10k,0_1438042988061.16_20150728002308-00199-ip-10-236-191-2_891430247_172.csv,20,5.0,100,326,False,True,True,True,0.0009357119997730479,0.001618587994016707,0.00279673800105229
tier_10k,1_1438042987127.36_20150728002307-00153-ip-10-236-191-2_490931395_0.csv,5,10.0,50,526,False,True,True,True,0.0009748890006449074,0.0015206670068437234,0.0027371599862817675
tier_10k,1_1438042987127.36_20150728002307-00153-ip-10-236-191-2_490931395_0.csv,10,10.0,100,526,False,True,True,True,0.0009678860078565776,0.001631979990634136,0.0028429240046534687
tier_10k,1_1438042987127.36_20150728002307-00153-ip-10-236-191-2_490931395_0.csv,20,10.0,200,526,False,True,True,True,0.0012065769988112152,0.002205119002610445,0.0036896770034218207
tier_10k,1_1438042987127.36_20150728002307-00153-ip-10-236-191-2_490931395_0.csv,5,5.0,25,526,False,True,True,True,0.0008346109971171245,0.0013611019967356697,0.002412578003713861
tier_10k,1_1438042987127.36_20150728002307-00153-ip-10-236-191-2_490931395_0.csv,10,5.0,50,526,False,True,True,True,0.001211155002238229,0.0014746519882464781,0.002947907996713184
tier_10k,1_1438042987127.36_20150728002307-00153-ip-10-236-191-2_490931395_0.csv,20,5.0,100,526,False,True,True,True,0.0009673239983385429,0.0016740089922677726,0.002884962988900952
tier_10k,0_1438042988458.74_20150728002308-00081-ip-10-236-191-2_476604823_0.csv,5,10.0,50,494,False,True,True,True,0.0010653729987097904,0.0015144490025704727,0.002816011998220347
tier_10k,0_1438042988458.74_20150728002308-00081-ip-10-236-191-2_476604823_0.csv,10,10.0,100,494,False,True,True,True,0.0009965310018742457,0.0020551260095089674,0.003325251003843732
tier_10k,0_1438042988458.74_20150728002308-00081-ip-10-236-191-2_476604823_0.csv,20,10.0,200,494,False,True,True,True,0.001660098001593724,0.0029831960127921775,0.005042392993345857
tier_10k,0_1438042988458.74_20150728002308-00081-ip-10-236-191-2_476604823_0.csv,5,5.0,25,494,False,True,True,True,0.0011440240050433204,0.001683588998275809,0.003098701999988407
tier_10k,0_1438042988458.74_20150728002308-00081-ip-10-236-191-2_476604823_0.csv,10,5.0,50,494,False,True,True,True,0.0008740520133869722,0.0013954560126876459,0.0025029749958775938
tier_10k,0_1438042988458.74_20150728002308-00081-ip-10-236-191-2_476604823_0.csv,20,5.0,100,494,False,True,True,True,0.0009723510011099279,0.0015522320027230307,0.0027663210057653487
tier_10k,0_1438042988458.74_20150728002308-00210-ip-10-236-191-2_79682215_3.csv,5,10.0,50,390,False,True,True,True,0.0009753370104590431,0.0014947320014471188,0.0026952539919875562
tier_10k,0_1438042988458.74_20150728002308-00210-ip-10-236-191-2_79682215_3.csv,10,10.0,100,390,False,True,True,True,0.000985922000836581,0.001628414000151679,0.0028527859976748005
tier_10k,0_1438042988458.74_20150728002308-00210-ip-10-236-191-2_79682215_3.csv,20,10.0,200,390,False,True,True,True,0.0011399710056139156,0.002196083005401306,0.003605669000535272
tier_10k,0_1438042988458.74_20150728002308-00210-ip-10-236-191-2_79682215_3.csv,5,5.0,25,390,False,True,True,True,0.0008365959947695956,0.0013749419886153191,0.002432478009723127
tier_10k,0_1438042988458.74_20150728002308-00210-ip-10-236-191-2_79682215_3.csv,10,5.0,50,390,False,True,True,True,0.0008621460001450032,0.001413049001712352,0.002507865006919019
tier_10k,0_1438042988458.74_20150728002308-00210-ip-10-236-191-2_79682215_3.csv,20,5.0,100,390,False,True,True,True,0.0009613809961592779,0.0016508739936398342,0.0028563429950736463
tier_10k,1_1438042987127.36_20150728002307-00008-ip-10-236-191-2_633806649_3.csv,5,10.0,50,356,False,True,True,True,0.0010082829976454377,0.0015236509934766218,0.0027839959948323667
tier_10k,1_1438042987127.36_20150728002307-00008-ip-10-236-191-2_633806649_3.csv,10,10.0,100,356,False,True,True,True,0.0009717939974507317,0.0016686919989297166,0.0028823769971495494
tier_10k,1_1438042987127.36_20150728002307-00008-ip-10-236-191-2_633806649_3.csv,20,10.0,200,356,False,True,True,True,0.0011621739977272227,0.001799353995011188,0.0032387519895564765
tier_10k,1_1438042987127.36_20150728002307-00008-ip-10-236-191-2_633806649_3.csv,5,5.0,25,356,False,True,True,True,0.0008345509995706379,0.0014326069940580055,0.002488358994014561
tier_10k,1_1438042987127.36_20150728002307-00008-ip-10-236-191-2_633806649_3.csv,10,5.0,50,356,False,True,True,True,0.0008574969979235902,0.0014188849891070276,0.0025077189930016175
tier_10k,1_1438042987127.36_20150728002307-00008-ip-10-236-191-2_633806649_3.csv,20,5.0,100,356,False,True,True,True,0.0009589859982952476,0.0016310159990098327,0.002844418995664455
tier_10k,0_1438042988061.16_20150728002308-00201-ip-10-236-191-2_319577306_4.csv,5,10.0,50,346,False,True,True,True,0.001022486001602374,0.0014904340059729293,0.0027616930019576102
tier_10k,0_1438042988061.16_20150728002308-00201-ip-10-236-191-2_319577306_4.csv,10,10.0,100,346,False,True,True,True,0.0009847879991866648,0.0016407369985245168,0.002867462011636235
tier_10k,0_1438042988061.16_20150728002308-00201-ip-10-236-191-2_319577306_4.csv,20,10.0,200,346,False,True,True,True,0.0011557620018720627,0.002207721001468599,0.0036484899901552126
tier_10k,0_1438042988061.16_20150728002308-00201-ip-10-236-191-2_319577306_4.csv,5,5.0,25,346,False,True,True,True,0.0008480040123686194,0.00140618700243067,0.002476346999173984
tier_10k,0_1438042988061.16_20150728002308-00201-ip-10-236-191-2_319577306_4.csv,10,5.0,50,346,False,True,True,True,0.0008710690017323941,0.0014168229972710833,0.002519597008358687
tier_10k,0_1438042988061.16_20150728002308-00201-ip-10-236-191-2_319577306_4.csv,20,5.0,100,346,False,True,True,True,0.0009609999979147688,0.0016436040023108944,0.002846874005626887
tier_10k,1_1438042990112.50_20150728002310-00310-ip-10-236-191-2_200224826_0.csv,5,10.0,50,439,False,True,True,True,0.0009808489994611591,0.001519729004940018,0.0027423410065239295
tier_10k,1_1438042990112.50_20150728002310-00310-ip-10-236-191-2_200224826_0.csv,10,10.0,100,439,False,True,True,True,0.0009761599940247834,0.0016508340049767867,0.002867474002414383
tier_10k,1_1438042990112.50_20150728002310-00310-ip-10-236-191-2_200224826_0.csv,20,10.0,200,439,False,True,True,True,0.001145002999692224,0.0022143759997561574,0.0036347690038383007
tier_10k,1_1438042990112.50_20150728002310-00310-ip-10-236-191-2_200224826_0.csv,5,5.0,25,439,False,True,True,True,0.0008403849933529273,0.0013601720129372552,0.002436135007883422
tier_10k,1_1438042990112.50_20150728002310-00310-ip-10-236-191-2_200224826_0.csv,10,5.0,50,439,False,True,True,True,0.0008628539944766089,0.0014039630041224882,0.002505213997210376
tier_10k,1_1438042990112.50_20150728002310-00310-ip-10-236-191-2_200224826_0.csv,20,5.0,100,439,False,True,True,True,0.0009683249954832718,0.0016440600011264905,0.0028522360080387443
tier_10k,1_1438042987127.36_20150728002307-00102-ip-10-236-191-2_893578330_152.csv,5,10.0,50,365,False,True,True,True,0.0009909439977491274,0.001475305005442351,0.0027071809890912846
tier_10k,1_1438042987127.36_20150728002307-00102-ip-10-236-191-2_893578330_152.csv,10,10.0,100,365,False,True,True,True,0.0009839709964580834,0.0015657549956813455,0.0027926449984079227
tier_10k,1_1438042987127.36_20150728002307-00102-ip-10-236-191-2_893578330_152.csv,20,10.0,200,365,False,True,True,True,0.0011398550122976303,0.0018110679957317188,0.003226590997655876
tier_10k,1_1438042987127.36_20150728002307-00102-ip-10-236-191-2_893578330_152.csv,5,5.0,25,365,False,True,True,True,0.0008463170088361949,0.0014080419932724908,0.0024753710022196174
tier_10k,1_1438042987127.36_20150728002307-00102-ip-10-236-191-2_893578330_152.csv,10,5.0,50,365,False,True,True,True,0.0008315050072269514,0.0014158629928715527,0.0024746099952608347
tier_10k,1_1438042987127.36_20150728002307-00102-ip-10-236-191-2_893578330_152.csv,20,5.0,100,365,False,True,True,True,0.0009458189888391644,0.001529860994196497,0.0027218460018048063
tier_10k,1_1438042990112.50_20150728002310-00044-ip-10-236-191-2_261321661_61.csv,5,10.0,50,415,False,True,True,True,0.0009721489914227277,0.0015128600061871111,0.0027242279902566224
tier_10k,1_1438042990112.50_20150728002310-00044-ip-10-236-191-2_261321661_61.csv,10,10.0,100,415,False,True,True,True,0.0010240809933748096,0.0016202019905904308,0.002883466993807815
tier_10k,1_1438042990112.50_20150728002310-00044-ip-10-236-191-2_261321661_61.csv,20,10.0,200,415,False,True,True,True,0.0011690480023389682,0.0018259969947393984,0.0032709850056562573
tier_10k,1_1438042990112.50_20150728002310-00044-ip-10-236-191-2_261321661_61.csv,5,5.0,25,415,False,True,True,True,0.0008396299963351339,0.0013321989972610027,0.002421058001345955
tier_10k,1_1438042990112.50_20150728002310-00044-ip-10-236-191-2_261321661_61.csv,10,5.0,50,415,False,True,True,True,0.0008506599988322705,0.0014140739949652925,0.002489830003469251
tier_10k,1_1438042990112.50_20150728002310-00044-ip-10-236-191-2_261321661_61.csv,20,5.0,100,415,False,True,True,True,0.0009773979982128367,0.0016017360030673444,0.0028183800022816285
tier_10k,1_1438042987127.36_20150728002307-00074-ip-10-236-191-2_137128786_0.csv,5,10.0,50,456,False,True,True,True,0.0009933129913406447,0.001513209004770033,0.002745011996012181
tier_10k,1_1438042987127.36_20150728002307-00074-ip-10-236-191-2_137128786_0.csv,10,10.0,100,456,False,True,True,True,0.0009623150108382106,0.0019275630038464442,0.0031244030105881393
tier_10k,1_1438042987127.36_20150728002307-00074-ip-10-236-191-2_137128786_0.csv,20,10.0,200,456,False,True,True,True,0.0011436839995440096,0.0018389320030109957,0.0032571769988862798
tier_10k,1_1438042987127.36_20150728002307-00074-ip-10-236-191-2_137128786_0.csv,5,5.0,25,456,False,True,True,True,0.0008623890025774017,0.0013008170062676072,0.002381811005761847
tier_10k,1_1438042987127.36_20150728002307-00074-ip-10-236-191-2_137128786_0.csv,10,5.0,50,456,False,True,True,True,0.0008645959896966815,0.0014567220059689134,0.002554658000008203
tier_10k,1_1438042987127.36_20150728002307-00074-ip-10-236-191-2_137128786_0.csv,20,5.0,100,456,False,True,True,True,0.0009365809964947402,0.001563393001561053,0.0027491280052345246
tier_10k,1_1438042987127.36_20150728002307-00082-ip-10-236-191-2_795702564_10.csv,5,10.0,50,283,False,True,True,True,0.0009858249977696687,0.0015639570046914741,0.0028084350051358342
tier_10k,1_1438042987127.36_20150728002307-00082-ip-10-236-191-2_795702564_10.csv,10,10.0,100,283,False,True,True,True,0.000969725995673798,0.0016398680018028244,0.0028478890017140657
tier_10k,1_1438042987127.36_20150728002307-00082-ip-10-236-191-2_795702564_10.csv,20,10.0,200,283,False,True,True,True,0.0011595429969020188,0.001796483004000038,0.0032455400069011375
tier_10k,1_1438042987127.36_20150728002307-00082-ip-10-236-191-2_795702564_10.csv,5,5.0,25,283,False,True,True,True,0.0008673809934407473,0.0013977579947095364,0.0024864739971235394
tier_10k,1_1438042987127.36_20150728002307-00082-ip-10-236-191-2_795702564_10.csv,10,5.0,50,283,False,True,True,True,0.0009082960023079067,0.0014190809888532385,0.0025580280052963644
tier_10k,1_1438042987127.36_20150728002307-00082-ip-10-236-191-2_795702564_10.csv,20,5.0,100,283,False,True,True,True,0.0009687230049166828,0.0016348729986930266,0.0028461490001063794
tier_100k,1_1438042987127.36_20150728002307-00144-ip-10-236-191-2_676020729_0.csv,5,10.0,50,366,False,True,True,True,0.0015256689948728308,0.0021137760049896315,0.003936762994271703
tier_100k,1_1438042987127.36_20150728002307-00144-ip-10-236-191-2_676020729_0.csv,10,10.0,100,366,False,True,True,True,0.0010208720050286502,0.001709653006400913,0.0029822950018569827
tier_100k,1_1438042987127.36_20150728002307-00144-ip-10-236-191-2_676020729_0.csv,20,10.0,200,366,False,True,True,True,0.0011627749918261543,0.0022725729941157624,0.0037064009957248345
tier_100k,1_1438042987127.36_20150728002307-00144-ip-10-236-191-2_676020729_0.csv,5,5.0,25,366,False,True,True,True,0.0008615950064267963,0.0014161610015435144,0.0025183340039802715
tier_100k,1_1438042987127.36_20150728002307-00144-ip-10-236-191-2_676020729_0.csv,10,5.0,50,366,False,True,True,True,0.0008762340003158897,0.0015049399953568354,0.0026261279999744147
tier_100k,1_1438042987127.36_20150728002307-00144-ip-10-236-191-2_676020729_0.csv,20,5.0,100,366,False,True,True,True,0.0009835519886109978,0.0016857279988471419,0.002916804005508311
tier_100k,0_1438042988061.16_20150728002308-00282-ip-10-236-191-2_894007386_3.csv,5,10.0,50,2415,False,True,True,True,0.001146594004239887,0.001640489004785195,0.003040053998120129
tier_100k,0_1438042988061.16_20150728002308-00282-ip-10-236-191-2_894007386_3.csv,10,10.0,100,2415,False,True,True,True,0.0010098439961438999,0.0016835809947224334,0.0029846340039512143
tier_100k,0_1438042988061.16_20150728002308-00282-ip-10-236-191-2_894007386_3.csv,20,10.0,200,2415,False,True,True,True,0.0011770299897762015,0.0022272920032264665,0.003687328993692063
tier_100k,0_1438042988061.16_20150728002308-00282-ip-10-236-191-2_894007386_3.csv,5,5.0,25,2415,False,True,True,True,0.0008681799954501912,0.0014106379967415705,0.002497958004823886
tier_100k,0_1438042988061.16_20150728002308-00282-ip-10-236-191-2_894007386_3.csv,10,5.0,50,2415,False,True,True,True,0.0009050910011865199,0.001498161000199616,0.002630445989780128
tier_100k,0_1438042988061.16_20150728002308-00282-ip-10-236-191-2_894007386_3.csv,20,5.0,100,2415,False,True,True,True,0.0010250760096823797,0.0016734160017222166,0.0029459009965648875
tier_100k,0_1438042988458.74_20150728002308-00249-ip-10-236-191-2_328699461_4.csv,5,10.0,50,920,False,True,True,True,0.0012372210039757192,0.0018002659926423803,0.003334683002321981
tier_100k,0_1438042988458.74_20150728002308-00249-ip-10-236-191-2_328699461_4.csv,10,10.0,100,920,False,True,True,True,0.001044133008690551,0.001678991990047507,0.0029789969994453713
tier_100k,0_1438042988458.74_20150728002308-00249-ip-10-236-191-2_328699461_4.csv,20,10.0,200,920,False,True,True,True,0.001141254004323855,0.0022394539992092177,0.003655481996247545
tier_100k,0_1438042988458.74_20150728002308-00249-ip-10-236-191-2_328699461_4.csv,5,5.0,25,920,False,True,True,True,0.0008774269954301417,0.0014237129944376647,0.0025376749981660396
tier_100k,0_1438042988458.74_20150728002308-00249-ip-10-236-191-2_328699461_4.csv,10,5.0,50,920,False,True,True,True,0.0008908040035748854,0.0014803819940425456,0.002610609997645952
tier_100k,0_1438042988458.74_20150728002308-00249-ip-10-236-191-2_328699461_4.csv,20,5.0,100,920,False,True,True,True,0.0009860630088951439,0.0016534289898118004,0.0028835700068157166
tier_100k,1_1438042987127.36_20150728002307-00114-ip-10-236-191-2_902351685_191.csv,5,10.0,50,2504,False,True,True,True,0.0011131609935546294,0.0020192140073049814,0.0034412069944664836
tier_100k,1_1438042987127.36_20150728002307-00114-ip-10-236-191-2_902351685_191.csv,10,10.0,100,2504,False,True,True,True,0.0011148110061185434,0.002062284998828545,0.0034686169965425506
tier_100k,1_1438042987127.36_20150728002307-00114-ip-10-236-191-2_902351685_191.csv,20,10.0,200,2504,False,True,True,True,0.0012040259898640215,0.0028417599969543517,0.004383448002045043
tier_100k,1_1438042987127.36_20150728002307-00114-ip-10-236-191-2_902351685_191.csv,5,5.0,25,2504,False,True,True,True,0.0008877320069586858,0.0017516049992991611,0.0028881739999633282
tier_100k,1_1438042987127.36_20150728002307-00114-ip-10-236-191-2_902351685_191.csv,10,5.0,50,2504,False,True,True,True,0.0009156020096270368,0.0018380129913566634,0.003015255992067978
tier_100k,1_1438042987127.36_20150728002307-00114-ip-10-236-191-2_902351685_191.csv,20,5.0,100,2504,False,True,True,True,0.0010009419929701835,0.0019357139972271398,0.003223420004360378
tier_100k,1_1438042987127.36_20150728002307-00182-ip-10-236-191-2_150862475_5.csv,5,10.0,50,368,False,True,True,True,0.001133821002440527,0.0019624760025180876,0.003401868001674302
tier_100k,1_1438042987127.36_20150728002307-00182-ip-10-236-191-2_150862475_5.csv,10,10.0,100,368,False,True,True,True,0.0013656310038641095,0.0024649179977132007,0.004176818998530507
tier_100k,1_1438042987127.36_20150728002307-00182-ip-10-236-191-2_150862475_5.csv,20,10.0,200,368,False,True,True,True,0.001657599990721792,0.0033587660000193864,0.005423224007245153
tier_100k,1_1438042987127.36_20150728002307-00182-ip-10-236-191-2_150862475_5.csv,5,5.0,25,368,False,True,True,True,0.0011762450012611225,0.002137944000423886,0.0036234009894542396
tier_100k,1_1438042987127.36_20150728002307-00182-ip-10-236-191-2_150862475_5.csv,10,5.0,50,368,False,True,True,True,0.0012083009933121502,0.002210309001384303,0.0037487160007003695
tier_100k,1_1438042987127.36_20150728002307-00182-ip-10-236-191-2_150862475_5.csv,20,5.0,100,368,False,True,True,True,0.0013321139995241538,0.0023833830055082217,0.004077140998560935
tier_100k,1_1438042987127.36_20150728002307-00000-ip-10-236-191-2_300770320_2.csv,5,10.0,50,587,False,True,True,True,0.0012551230029202998,0.0018536739953560755,0.003404169008717872
tier_100k,1_1438042987127.36_20150728002307-00000-ip-10-236-191-2_300770320_2.csv,10,10.0,100,587,False,True,True,True,0.0014140770072117448,0.002486851008143276,0.004253149003488943
tier_100k,1_1438042987127.36_20150728002307-00000-ip-10-236-191-2_300770320_2.csv,20,10.0,200,587,False,True,True,True,0.0016685719892848283,0.0026678010035539046,0.0047358900046674535
tier_100k,1_1438042987127.36_20150728002307-00000-ip-10-236-191-2_300770320_2.csv,5,5.0,25,587,False,True,True,True,0.0011551009956747293,0.0018965289928019047,0.0033477760007372126
tier_100k,1_1438042987127.36_20150728002307-00000-ip-10-236-191-2_300770320_2.csv,10,5.0,50,587,False,True,True,True,0.0012142430059611797,0.0019520770001690835,0.0034781560098053887
tier_100k,1_1438042987127.36_20150728002307-00000-ip-10-236-191-2_300770320_2.csv,20,5.0,100,587,False,True,True,True,0.0013746210024692118,0.0024003669968806207,0.004127292995690368
tier_100k,1_1438042987127.36_20150728002307-00080-ip-10-236-191-2_899463259_102.csv,5,10.0,50,2517,False,True,True,True,0.0015037279954412952,0.0019703400030266494,0.003893197004799731
tier_100k,1_1438042987127.36_20150728002307-00080-ip-10-236-191-2_899463259_102.csv,10,10.0,100,2517,False,True,True,True,0.0010212449997197837,0.001986030998523347,0.0032938779913820326
tier_100k,1_1438042987127.36_20150728002307-00080-ip-10-236-191-2_899463259_102.csv,20,10.0,200,2517,False,True,True,True,0.00122145599743817,0.0027976889978162944,0.004341968990047462
tier_100k,1_1438042987127.36_20150728002307-00080-ip-10-236-191-2_899463259_102.csv,5,5.0,25,2517,False,True,True,True,0.0008835069893393666,0.0016988669958664104,0.0028532489959616214
tier_100k,1_1438042987127.36_20150728002307-00080-ip-10-236-191-2_899463259_102.csv,10,5.0,50,2517,False,True,True,True,0.0009434980020159855,0.0017824200040195137,0.003007678998983465
tier_100k,1_1438042987127.36_20150728002307-00080-ip-10-236-191-2_899463259_102.csv,20,5.0,100,2517,False,True,True,True,0.0010003390052588657,0.001926111988723278,0.0032165709999389946
tier_100k,1_1438042990112.50_20150728002310-00154-ip-10-236-191-2_303864106_21.csv,5,10.0,50,324,False,True,True,True,0.0013215859944466501,0.001982208006666042,0.003618903996539302
tier_100k,1_1438042990112.50_20150728002310-00154-ip-10-236-191-2_303864106_21.csv,10,10.0,100,324,False,True,True,True,0.001371688995277509,0.00243146599677857,0.004149333995883353
tier_100k,1_1438042990112.50_20150728002310-00154-ip-10-236-191-2_303864106_21.csv,20,10.0,200,324,False,True,True,True,0.0016489770059706643,0.0033062409929698333,0.005353454005671665
tier_100k,1_1438042990112.50_20150728002310-00154-ip-10-236-191-2_303864106_21.csv,5,5.0,25,324,False,True,True,True,0.0011424709955463186,0.002094755007419735,0.00356389899388887
tier_100k,1_1438042990112.50_20150728002310-00154-ip-10-236-191-2_303864106_21.csv,10,5.0,50,324,False,True,True,True,0.0012162060011178255,0.0021763279946753755,0.0037269689928507432
tier_100k,1_1438042990112.50_20150728002310-00154-ip-10-236-191-2_303864106_21.csv,20,5.0,100,324,False,True,True,True,0.0013423229975160211,0.0024132840044330806,0.004102966995560564
tier_100k,0_1438042988458.74_20150728002308-00095-ip-10-236-191-2_520943855_0.csv,5,10.0,50,349,False,True,True,True,0.0012111370015190914,0.0020523190032690763,0.003581890996429138
tier_100k,0_1438042988458.74_20150728002308-00095-ip-10-236-191-2_520943855_0.csv,10,10.0,100,349,False,True,True,True,0.0013750579964835197,0.0024257610057247803,0.004153720001340844
tier_100k,0_1438042988458.74_20150728002308-00095-ip-10-236-191-2_520943855_0.csv,20,10.0,200,349,False,True,True,True,0.0016536290058866143,0.002761391006060876,0.004816332992049865
tier_100k,0_1438042988458.74_20150728002308-00095-ip-10-236-191-2_520943855_0.csv,5,5.0,25,349,False,True,True,True,0.0011465989955468103,0.0020935049979016185,0.003553338989149779
tier_100k,0_1438042988458.74_20150728002308-00095-ip-10-236-191-2_520943855_0.csv,10,5.0,50,349,False,True,True,True,0.0011915039940504357,0.0021893939992878586,0.003711450000992045
tier_100k,0_1438042988458.74_20150728002308-00095-ip-10-236-191-2_520943855_0.csv,20,5.0,100,349,False,True,True,True,0.0013365119957597926,0.0024250650021713227,0.004106294989469461
tier_100k,1_1438042987127.36_20150728002307-00145-ip-10-236-191-2_499439925_0.csv,5,10.0,50,672,False,True,True,True,0.0011494049977045506,0.0019388119981158525,0.0033963309979299083
tier_100k,1_1438042987127.36_20150728002307-00145-ip-10-236-191-2_499439925_0.csv,10,10.0,100,672,False,True,True,True,0.0013824159977957606,0.0023681980092078447,0.004096040996955708
tier_100k,1_1438042987127.36_20150728002307-00145-ip-10-236-191-2_499439925_0.csv,20,10.0,200,672,False,True,True,True,0.0016408289957325906,0.0029813979926984757,0.005038244999013841
tier_100k,1_1438042987127.36_20150728002307-00145-ip-10-236-191-2_499439925_0.csv,5,5.0,25,672,False,True,True,True,0.0011535590019775555,0.0018336970097152516,0.003302960001747124
tier_100k,1_1438042987127.36_20150728002307-00145-ip-10-236-191-2_499439925_0.csv,10,5.0,50,672,False,True,True,True,0.0012082349858246744,0.001968099008081481,0.003511082992190495
tier_100k,1_1438042987127.36_20150728002307-00145-ip-10-236-191-2_499439925_0.csv,20,5.0,100,672,False,True,True,True,0.0013533469900721684,0.0023074539931258187,0.004010856006061658
tier_100k,1_1438042990112.50_20150728002310-00013-ip-10-236-191-2_321346784_4.csv,5,10.0,50,982,False,True,True,True,0.001203494000947103,0.0020007849961984903,0.0035311570100020617
tier_100k,1_1438042990112.50_20150728002310-00013-ip-10-236-191-2_321346784_4.csv,10,10.0,100,982,False,True,True,True,0.0013855130091542378,0.00221163198875729,0.003963728988310322
tier_100k,1_1438042990112.50_20150728002310-00013-ip-10-236-191-2_321346784_4.csv,20,10.0,200,982,False,True,True,True,0.0016060580092016608,0.0028345830069156364,0.004841557005420327
tier_100k,1_1438042990112.50_20150728002310-00013-ip-10-236-191-2_321346784_4.csv,5,5.0,25,982,False,True,True,True,0.0011476869985926896,0.0018779450037982315,0.0033439449907746166
tier_100k,1_1438042990112.50_20150728002310-00013-ip-10-236-191-2_321346784_4.csv,10,5.0,50,982,False,True,True,True,0.001210800008266233,0.002135877002729103,0.003684153998619877
tier_100k,1_1438042990112.50_20150728002310-00013-ip-10-236-191-2_321346784_4.csv,20,5.0,100,982,False,True,True,True,0.00132970699633006,0.002226363998488523,0.003908989994670264
tier_100k,1_1438042987127.36_20150728002307-00033-ip-10-236-191-2_482136553_0.csv,5,10.0,50,216,False,True,True,True,0.0011898709926754236,0.0020157149992883205,0.0035228019987698644
tier_100k,1_1438042987127.36_20150728002307-00033-ip-10-236-191-2_482136553_0.csv,10,10.0,100,216,False,True,True,True,0.0013690670020878315,0.0024363129923585802,0.004152085995883681
tier_100k,1_1438042987127.36_20150728002307-00033-ip-10-236-191-2_482136553_0.csv,20,10.0,200,216,False,True,True,True,0.0016258359974017367,0.0032880949875107035,0.0053119299991521984
tier_100k,1_1438042987127.36_20150728002307-00033-ip-10-236-191-2_482136553_0.csv,5,5.0,25,216,False,True,True,True,0.0011345270031597465,0.0020831209985772148,0.0035161349951522425
tier_100k,1_1438042987127.36_20150728002307-00033-ip-10-236-191-2_482136553_0.csv,10,5.0,50,216,False,True,True,True,0.001174377990537323,0.0021645439992425963,0.0036670039989985526
tier_100k,1_1438042987127.36_20150728002307-00033-ip-10-236-191-2_482136553_0.csv,20,5.0,100,216,False,True,True,True,0.0013476149906637147,0.002369067005929537,0.004063505999511108
tier_100k,0_1438042988061.16_20150728002308-00109-ip-10-236-191-2_681611335_21.csv,5,10.0,50,492,False,True,True,True,0.0011436420027166605,0.0019603380060289055,0.0033890350023284554
tier_100k,0_1438042988061.16_20150728002308-00109-ip-10-236-191-2_681611335_21.csv,10,10.0,100,492,False,True,True,True,0.0014067790034459904,0.0024468219926347956,0.00420427399512846
tier_100k,0_1438042988061.16_20150728002308-00109-ip-10-236-191-2_681611335_21.csv,20,10.0,200,492,False,True,True,True,0.001661454007262364,0.0033253410074394196,0.005398143999627791
tier_100k,0_1438042988061.16_20150728002308-00109-ip-10-236-191-2_681611335_21.csv,5,5.0,25,492,False,True,True,True,0.001160298998001963,0.0021066600020276383,0.0035620130074676126
tier_100k,0_1438042988061.16_20150728002308-00109-ip-10-236-191-2_681611335_21.csv,10,5.0,50,492,False,True,True,True,0.001207628010888584,0.0022365139884641394,0.0037517469900194556
tier_100k,0_1438042988061.16_20150728002308-00109-ip-10-236-191-2_681611335_21.csv,20,5.0,100,492,False,True,True,True,0.001351729006273672,0.0024577659933129326,0.004158757990808226
tier_100k,0_1438042988061.16_20150728002308-00244-ip-10-236-191-2_65898746_2.csv,5,10.0,50,352,False,True,True,True,0.0010977579950122163,0.001831474990467541,0.0032402090000687167
tier_100k,0_1438042988061.16_20150728002308-00244-ip-10-236-191-2_65898746_2.csv,10,10.0,100,352,False,True,True,True,0.0013167860015528277,0.0024039900017669424,0.004069080998306163
tier_100k,0_1438042988061.16_20150728002308-00244-ip-10-236-191-2_65898746_2.csv,20,10.0,200,352,False,True,True,True,0.0015870140050537884,0.003286181003204547,0.005272501992294565
tier_100k,0_1438042988061.16_20150728002308-00244-ip-10-236-191-2_65898746_2.csv,5,5.0,25,352,False,True,True,True,0.0011241180036449805,0.0020698529988294467,0.0035157270031049848
tier_100k,0_1438042988061.16_20150728002308-00244-ip-10-236-191-2_65898746_2.csv,10,5.0,50,352,False,True,True,True,0.0011705100041581318,0.0021240699861664325,0.003629842001828365
tier_100k,0_1438042988061.16_20150728002308-00244-ip-10-236-191-2_65898746_2.csv,20,5.0,100,352,False,True,True,True,0.001318000999162905,0.002350537004531361,0.00402045100054238
tier_100k,0_1438042988061.16_20150728002308-00215-ip-10-236-191-2_362876303_35.csv,5,10.0,50,640,False,True,True,True,0.0012131569965276867,0.0016631229955237359,0.0031552419968647882
tier_100k,0_1438042988061.16_20150728002308-00215-ip-10-236-191-2_362876303_35.csv,10,10.0,100,640,False,True,True,True,0.0013801219902234152,0.002392604001215659,0.004119498989894055
tier_100k,0_1438042988061.16_20150728002308-00215-ip-10-236-191-2_362876303_35.csv,20,10.0,200,640,False,True,True,True,0.001698412001132965,0.0026286350039299577,0.00472640800580848
tier_100k,0_1438042988061.16_20150728002308-00215-ip-10-236-191-2_362876303_35.csv,5,5.0,25,640,False,True,True,True,0.001182221996714361,0.0018699460051720962,0.003347299003507942
tier_100k,0_1438042988061.16_20150728002308-00215-ip-10-236-191-2_362876303_35.csv,10,5.0,50,640,False,True,True,True,0.0012107189977541566,0.001977248990442604,0.003493495998554863
tier_100k,0_1438042988061.16_20150728002308-00215-ip-10-236-191-2_362876303_35.csv,20,5.0,100,640,False,True,True,True,0.001325328994425945,0.002375152995227836,0.0040529279940528795
tier_100k,1_1438042990112.50_20150728002310-00312-ip-10-236-191-2_3243890_59.csv,5,10.0,50,282,False,True,True,True,0.001216454998939298,0.001992624005652033,0.003535632000421174
tier_100k,1_1438042990112.50_20150728002310-00312-ip-10-236-191-2_3243890_59.csv,10,10.0,100,282,False,True,True,True,0.0014033070037839934,0.0024399139947490767,0.004194020002614707
tier_100k,1_1438042990112.50_20150728002310-00312-ip-10-236-191-2_3243890_59.csv,20,10.0,200,282,False,True,True,True,0.0016510670102434233,0.0033567159989615902,0.0054047290032031015
tier_100k,1_1438042990112.50_20150728002310-00312-ip-10-236-191-2_3243890_59.csv,5,5.0,25,282,False,True,True,True,0.0011653640103759244,0.0021130249951966107,0.003593574001570232
tier_100k,1_1438042990112.50_20150728002310-00312-ip-10-236-191-2_3243890_59.csv,10,5.0,50,282,False,True,True,True,0.0011945919977733865,0.0021862779976800084,0.0037143230001674965
tier_100k,1_1438042990112.50_20150728002310-00312-ip-10-236-191-2_3243890_59.csv,20,5.0,100,282,False,True,True,True,0.0013643040001625195,0.0024171080003725365,0.0041289260116172954
tier_100k,1_1438042990112.50_20150728002310-00085-ip-10-236-191-2_403435483_3.csv,5,10.0,50,407,False,True,True,True,0.0011954719957429916,0.002018376995692961,0.0035423290100879967
tier_100k,1_1438042990112.50_20150728002310-00085-ip-10-236-191-2_403435483_3.csv,10,10.0,100,407,False,True,True,True,0.0013894510047975928,0.002428117993986234,0.004176617992925458
tier_100k,1_1438042990112.50_20150728002310-00085-ip-10-236-191-2_403435483_3.csv,20,10.0,200,407,False,True,True,True,0.0017442170064896345,0.0033678449981380254,0.005520569990039803
tier_100k,1_1438042990112.50_20150728002310-00085-ip-10-236-191-2_403435483_3.csv,5,5.0,25,407,False,True,True,True,0.0011408120044507086,0.0021105460036778823,0.003566846004105173
tier_100k,1_1438042990112.50_20150728002310-00085-ip-10-236-191-2_403435483_3.csv,10,5.0,50,407,False,True,True,True,0.0011981860006926581,0.002200603994424455,0.0037422639870783314
tier_100k,1_1438042990112.50_20150728002310-00085-ip-10-236-191-2_403435483_3.csv,20,5.0,100,407,False,True,True,True,0.001341554001555778,0.002397046991973184,0.004087102992343716
tier_100k,0_1438042988061.16_20150728002308-00194-ip-10-236-191-2_846810834_13.csv,5,10.0,50,247,False,True,True,True,0.0010767259955173358,0.001956756997969933,0.0033306030090898275
tier_100k,0_1438042988061.16_20150728002308-00194-ip-10-236-191-2_846810834_13.csv,10,10.0,100,247,False,True,True,True,0.001384560004225932,0.0023975020012585446,0.004129111999645829
tier_100k,0_1438042988061.16_20150728002308-00194-ip-10-236-191-2_846810834_13.csv,20,10.0,200,247,False,True,True,True,0.0017215669940924272,0.011483195994514972,0.013623555001686327
tier_100k,0_1438042988061.16_20150728002308-00194-ip-10-236-191-2_846810834_13.csv,5,5.0,25,247,False,True,True,True,0.0011357809999026358,0.0018660450004972517,0.0033199970057467
tier_100k,0_1438042988061.16_20150728002308-00194-ip-10-236-191-2_846810834_13.csv,10,5.0,50,247,False,True,True,True,0.0012148440000601113,0.00219158100662753,0.003753337005036883
tier_100k,0_1438042988061.16_20150728002308-00194-ip-10-236-191-2_846810834_13.csv,20,5.0,100,247,False,True,True,True,0.0013420570030575618,0.0023889320000307634,0.004077789999428205
tier_100k,1_1438042990112.50_20150728002310-00286-ip-10-236-191-2_318221297_4.csv,5,10.0,50,953,False,True,True,True,0.0011231529933866113,0.0019570649892557412,0.0033898330002557486
tier_100k,1_1438042990112.50_20150728002310-00286-ip-10-236-191-2_318221297_4.csv,10,10.0,100,953,False,True,True,True,0.0013730509963352233,0.002258077001897618,0.003986816998803988
tier_100k,1_1438042990112.50_20150728002310-00286-ip-10-236-191-2_318221297_4.csv,20,10.0,200,953,False,True,True,True,0.0016181350074475631,0.0028862489998573437,0.004909776005661115
tier_100k,1_1438042990112.50_20150728002310-00286-ip-10-236-191-2_318221297_4.csv,5,5.0,25,953,False,True,True,True,0.0011498550011310726,0.0019105250103166327,0.003378809997229837
tier_100k,1_1438042990112.50_20150728002310-00286-ip-10-236-191-2_318221297_4.csv,10,5.0,50,953,False,True,True,True,0.001212330986163579,0.0021671120048267767,0.00371373699454125
tier_100k,1_1438042990112.50_20150728002310-00286-ip-10-236-191-2_318221297_4.csv,20,5.0,100,953,False,True,True,True,0.0013403210032265633,0.002240166999399662,0.003928045000066049
tier_100k,1_1438042987127.36_20150728002307-00290-ip-10-236-191-2_407999777_10.csv,5,10.0,50,317,False,True,True,True,0.0012901700101792812,0.001810210000257939,0.0034204179974040017
tier_100k,1_1438042987127.36_20150728002307-00290-ip-10-236-191-2_407999777_10.csv,10,10.0,100,317,False,True,True,True,0.0013762690068688244,0.0024683969968464226,0.004199588001938537
tier_100k,1_1438042987127.36_20150728002307-00290-ip-10-236-191-2_407999777_10.csv,20,10.0,200,317,False,True,True,True,0.0016636089858366176,0.002830530997016467,0.004895213001873344
tier_100k,1_1438042987127.36_20150728002307-00290-ip-10-236-191-2_407999777_10.csv,5,5.0,25,317,False,True,True,True,0.0011452809994807467,0.00185379599861335,0.003312913002446294
tier_100k,1_1438042987127.36_20150728002307-00290-ip-10-236-191-2_407999777_10.csv,10,5.0,50,317,False,True,True,True,0.0011991789942840114,0.001966058000107296,0.0034958660107804462
tier_100k,1_1438042987127.36_20150728002307-00290-ip-10-236-191-2_407999777_10.csv,20,5.0,100,317,False,True,True,True,0.001316673995461315,0.002410663990303874,0.004073882999364287
tier_100k,0_1438042988458.74_20150728002308-00166-ip-10-236-191-2_302386578_10.csv,5,10.0,50,438,False,True,True,True,0.0011565430031623691,0.0016892720013856888,0.00315672300348524
tier_100k,0_1438042988458.74_20150728002308-00166-ip-10-236-191-2_302386578_10.csv,10,10.0,100,438,False,True,True,True,0.0013655919901793823,0.002419652999378741,0.004134102011448704
tier_100k,0_1438042988458.74_20150728002308-00166-ip-10-236-191-2_302386578_10.csv,20,10.0,200,438,False,True,True,True,0.0016931169957388192,0.002774035994661972,0.00486668199300766
tier_100k,0_1438042988458.74_20150728002308-00166-ip-10-236-191-2_302386578_10.csv,5,5.0,25,438,False,True,True,True,0.0011386490077711642,0.0018668510019779205,0.0033201740006916225
tier_100k,0_1438042988458.74_20150728002308-00166-ip-10-236-191-2_302386578_10.csv,10,5.0,50,438,False,True,True,True,0.0011891600006492808,0.0019668570021167397,0.00348682000185363
tier_100k,0_1438042988458.74_20150728002308-00166-ip-10-236-191-2_302386578_10.csv,20,5.0,100,438,False,True,True,True,0.001355225991574116,0.0023681370075792074,0.004069681992405094
tier_100k,0_1438042988458.74_20150728002308-00253-ip-10-236-191-2_222600153_3.csv,5,10.0,50,309,False,True,True,True,0.001344573000096716,0.0020134630030952394,0.0036903820000588894
tier_100k,0_1438042988458.74_20150728002308-00253-ip-10-236-191-2_222600153_3.csv,10,10.0,100,309,False,True,True,True,0.0013821040047332644,0.0024065260076895356,0.004135997995035723
tier_100k,0_1438042988458.74_20150728002308-00253-ip-10-236-191-2_222600153_3.csv,20,10.0,200,309,False,True,True,True,0.0016442920023109764,0.0033310389990219846,0.005377010005759075
tier_100k,0_1438042988458.74_20150728002308-00253-ip-10-236-191-2_222600153_3.csv,5,5.0,25,309,False,True,True,True,0.0011529199982760474,0.0021378740057116374,0.003601499993237667
tier_100k,0_1438042988458.74_20150728002308-00253-ip-10-236-191-2_222600153_3.csv,10,5.0,50,309,False,True,True,True,0.001183528991532512,0.0021986460051266477,0.0037165280082263052
tier_100k,0_1438042988458.74_20150728002308-00253-ip-10-236-191-2_222600153_3.csv,20,5.0,100,309,False,True,True,True,0.001335116001428105,0.002381212994805537,0.0040603609959362075
tier_100k,1_1438042990112.50_20150728002310-00237-ip-10-236-191-2_880298254_15.csv,5,10.0,50,2487,False,True,True,True,0.0011238439910812303,0.0018535639974288642,0.003295470989542082
tier_100k,1_1438042990112.50_20150728002310-00237-ip-10-236-191-2_880298254_15.csv,10,10.0,100,2487,False,True,True,True,0.0010257450048811734,0.00201275700237602,0.003335316010634415
tier_100k,1_1438042990112.50_20150728002310-00237-ip-10-236-191-2_880298254_15.csv,20,10.0,200,2487,False,True,True,True,0.001187777001177892,0.002473917993484065,0.003985845993156545
tier_100k,1_1438042990112.50_20150728002310-00237-ip-10-236-191-2_880298254_15.csv,5,5.0,25,2487,False,True,True,True,0.0008853790059220046,0.0014873509935569018,0.00263981799071189
tier_100k,1_1438042990112.50_20150728002310-00237-ip-10-236-191-2_880298254_15.csv,10,5.0,50,2487,False,True,True,True,0.0009108499943977222,0.001529292989289388,0.0027210440021008253
tier_100k,1_1438042990112.50_20150728002310-00237-ip-10-236-191-2_880298254_15.csv,20,5.0,100,2487,False,True,True,True,0.0009940269956132397,0.001921228991704993,0.003200341001502238
tier_100k,0_1438042988061.16_20150728002308-00089-ip-10-236-191-2_807127666_2.csv,5,10.0,50,705,False,True,True,True,0.0011950070038437843,0.0019889469986082986,0.003503879008349031
tier_100k,0_1438042988061.16_20150728002308-00089-ip-10-236-191-2_807127666_2.csv,10,10.0,100,705,False,True,True,True,0.0014005550037836656,0.0024919889983721077,0.00425713999720756
tier_100k,0_1438042988061.16_20150728002308-00089-ip-10-236-191-2_807127666_2.csv,20,10.0,200,705,False,True,True,True,0.001640624992433004,0.0031563889933750033,0.005196619997150265
tier_100k,0_1438042988061.16_20150728002308-00089-ip-10-236-191-2_807127666_2.csv,5,5.0,25,705,False,True,True,True,0.0011462139955256134,0.0018820580007741228,0.0033411430049454793
tier_100k,0_1438042988061.16_20150728002308-00089-ip-10-236-191-2_807127666_2.csv,10,5.0,50,705,False,True,True,True,0.001207194000016898,0.002148450003005564,0.0036986299965064973
tier_100k,0_1438042988061.16_20150728002308-00089-ip-10-236-191-2_807127666_2.csv,20,5.0,100,705,False,True,True,True,0.0013258859980851412,0.0023728350060991943,0.004050318995723501
tier_100k,0_1438042988458.74_20150728002308-00060-ip-10-236-191-2_492355315_1.csv,5,10.0,50,352,False,True,True,True,0.0010793320107040927,0.0018508740031393245,0.003226335989893414
tier_100k,0_1438042988458.74_20150728002308-00060-ip-10-236-191-2_492355315_1.csv,10,10.0,100,352,False,True,True,True,0.001309706989559345,0.0023744999925838783,0.004030091004096903
tier_100k,0_1438042988458.74_20150728002308-00060-ip-10-236-191-2_492355315_1.csv,20,10.0,200,352,False,True,True,True,0.0015896600089035928,0.0032874970056582242,0.0052849889907520264
tier_100k,0_1438042988458.74_20150728002308-00060-ip-10-236-191-2_492355315_1.csv,5,5.0,25,352,False,True,True,True,0.0011339009943185374,0.0020530750043690205,0.0035107720032101497
tier_100k,0_1438042988458.74_20150728002308-00060-ip-10-236-191-2_492355315_1.csv,10,5.0,50,352,False,True,True,True,0.0011750019912142307,0.0021067799971206114,0.0036134230031166226
tier_100k,0_1438042988458.74_20150728002308-00060-ip-10-236-191-2_492355315_1.csv,20,5.0,100,352,False,True,True,True,0.001318772992817685,0.0023500429961131886,0.004016061997390352
tier_100k,1_1438042990112.50_20150728002310-00296-ip-10-236-191-2_202658094_3.csv,5,10.0,50,484,False,True,True,True,0.001268801002879627,0.002055071003269404,0.003647314995760098
tier_100k,1_1438042990112.50_20150728002310-00296-ip-10-236-191-2_202658094_3.csv,10,10.0,100,484,False,True,True,True,0.0014036240027053282,0.0024467710027238354,0.004202505006105639
tier_100k,1_1438042990112.50_20150728002310-00296-ip-10-236-191-2_202658094_3.csv,20,10.0,200,484,False,True,True,True,0.0016394709964515641,0.00331614600145258,0.005353479995392263
tier_100k,1_1438042990112.50_20150728002310-00296-ip-10-236-191-2_202658094_3.csv,5,5.0,25,484,False,True,True,True,0.0011468749871710315,0.002106917992932722,0.003587582992622629
tier_100k,1_1438042990112.50_20150728002310-00296-ip-10-236-191-2_202658094_3.csv,10,5.0,50,484,False,True,True,True,0.001205564010888338,0.002156656002625823,0.003697398991789669
tier_100k,1_1438042990112.50_20150728002310-00296-ip-10-236-191-2_202658094_3.csv,20,5.0,100,484,False,True,True,True,0.001335749009740539,0.002412820002064109,0.004097085999092087
tier_100k,1_1438042988061.16_20150728002308-00013-ip-10-236-191-2_636339982_0.csv,5,10.0,50,352,False,True,True,True,0.001022525000735186,0.0018316849891562015,0.0031463710038224235
tier_100k,1_1438042988061.16_20150728002308-00013-ip-10-236-191-2_636339982_0.csv,10,10.0,100,352,False,True,True,True,0.0013260520063340664,0.002361593011301011,0.0040391219954472035
tier_100k,1_1438042988061.16_20150728002308-00013-ip-10-236-191-2_636339982_0.csv,20,10.0,200,352,False,True,True,True,0.0015999760071281344,0.0032700330048101023,0.005272759008221328
tier_100k,1_1438042988061.16_20150728002308-00013-ip-10-236-191-2_636339982_0.csv,5,5.0,25,352,False,True,True,True,0.001123430993175134,0.002075737007544376,0.003515704011078924
tier_100k,1_1438042988061.16_20150728002308-00013-ip-10-236-191-2_636339982_0.csv,10,5.0,50,352,False,True,True,True,0.0011763260117731988,0.002139906006050296,0.0036573639954440296
tier_100k,1_1438042988061.16_20150728002308-00013-ip-10-236-191-2_636339982_0.csv,20,5.0,100,352,False,True,True,True,0.0012963329936610535,0.0023721460020169616,0.004015867001726292
tier_100k,1_1438042987127.36_20150728002307-00294-ip-10-236-191-2_390417830_16.csv,5,10.0,50,667,False,True,True,True,0.001166697998996824,0.002036627003690228,0.0035393300058785826
tier_100k,1_1438042987127.36_20150728002307-00294-ip-10-236-191-2_390417830_16.csv,10,10.0,100,667,False,True,True,True,0.0014133799995761365,0.0024336969945579767,0.004196579000563361
tier_100k,1_1438042987127.36_20150728002307-00294-ip-10-236-191-2_390417830_16.csv,20,10.0,200,667,False,True,True,True,0.001666077005211264,0.0033422810083720833,0.00540748200728558
tier_100k,1_1438042987127.36_20150728002307-00294-ip-10-236-191-2_390417830_16.csv,5,5.0,25,667,False,True,True,True,0.00114247300371062,0.0020775989978574216,0.003530066998791881
tier_100k,1_1438042987127.36_20150728002307-00294-ip-10-236-191-2_390417830_16.csv,10,5.0,50,667,False,True,True,True,0.0011989269987680018,0.002173448010580614,0.0037032360123703256
tier_100k,1_1438042987127.36_20150728002307-00294-ip-10-236-191-2_390417830_16.csv,20,5.0,100,667,False,True,True,True,0.0013607329892693087,0.002386203996138647,0.004109488989342935
tier_100k,0_1438042988458.74_20150728002308-00254-ip-10-236-191-2_909417374_257.csv,5,10.0,50,2461,False,True,True,True,0.0011932349880225956,0.0018841690034605563,0.0033812110050348565
tier_100k,0_1438042988458.74_20150728002308-00254-ip-10-236-191-2_909417374_257.csv,10,10.0,100,2461,False,True,True,True,0.0010409289970993996,0.0018084249895764515,0.0031348949996754527
tier_100k,0_1438042988458.74_20150728002308-00254-ip-10-236-191-2_909417374_257.csv,20,10.0,200,2461,False,True,True,True,0.0011714519932866096,0.0022928559919819236,0.0037804820021847263
tier_100k,0_1438042988458.74_20150728002308-00254-ip-10-236-191-2_909417374_257.csv,5,5.0,25,2461,False,True,True,True,0.0008775149908615276,0.0017109320033341646,0.0028682929987553507
tier_100k,0_1438042988458.74_20150728002308-00254-ip-10-236-191-2_909417374_257.csv,10,5.0,50,2461,False,True,True,True,0.0009136879962170497,0.0017406480037607253,0.002930930000729859
tier_100k,0_1438042988458.74_20150728002308-00254-ip-10-236-191-2_909417374_257.csv,20,5.0,100,2461,False,True,True,True,0.000994967995211482,0.0019007609953405336,0.003178830011165701
tier_100k,0_1438042988061.16_20150728002308-00101-ip-10-236-191-2_653250037_0.csv,5,10.0,50,278,False,True,True,True,0.0011815300094895065,0.0020198580023134127,0.0035175829980289564
tier_100k,0_1438042988061.16_20150728002308-00101-ip-10-236-191-2_653250037_0.csv,10,10.0,100,278,False,True,True,True,0.0013812950055580586,0.002457106005749665,0.004193075001239777
tier_100k,0_1438042988061.16_20150728002308-00101-ip-10-236-191-2_653250037_0.csv,20,10.0,200,278,False,True,True,True,0.0016386200004490092,0.002777582994895056,0.0048274039872922
tier_100k,0_1438042988061.16_20150728002308-00101-ip-10-236-191-2_653250037_0.csv,5,5.0,25,278,False,True,True,True,0.0011444940028013662,0.0020691200043074787,0.003543596001691185
tier_100k,0_1438042988061.16_20150728002308-00101-ip-10-236-191-2_653250037_0.csv,10,5.0,50,278,False,True,True,True,0.00122261700744275,0.002150252999854274,0.0037228049914119765
tier_100k,0_1438042988061.16_20150728002308-00101-ip-10-236-191-2_653250037_0.csv,20,5.0,100,278,False,True,True,True,0.0013432989944703877,0.0023780920018907636,0.004075443997862749
tier_100k,0_1438042988458.74_20150728002308-00046-ip-10-236-191-2_428007644_11.csv,5,10.0,50,679,False,True,True,True,0.0011642589961411431,0.0020094790088478476,0.003496982986689545
tier_100k,0_1438042988458.74_20150728002308-00046-ip-10-236-191-2_428007644_11.csv,10,10.0,100,679,False,True,True,True,0.001370793004753068,0.002404575003311038,0.004122771002585068
tier_100k,0_1438042988458.74_20150728002308-00046-ip-10-236-191-2_428007644_11.csv,20,10.0,200,679,False,True,True,True,0.0015926539927022532,0.0024594189890194684,0.004410587003803812
tier_100k,0_1438042988458.74_20150728002308-00046-ip-10-236-191-2_428007644_11.csv,5,5.0,25,679,False,True,True,True,0.0008483010024065152,0.0014551959902746603,0.002532254991820082
tier_100k,0_1438042988458.74_20150728002308-00046-ip-10-236-191-2_428007644_11.csv,10,5.0,50,679,False,True,True,True,0.0008649829978821799,0.00143528199987486,0.0025448240048717707
tier_100k,0_1438042988458.74_20150728002308-00046-ip-10-236-191-2_428007644_11.csv,20,5.0,100,679,False,True,True,True,0.0009564209904056042,0.0015473809908144176,0.0027459620032459497
tier_100k,1_1438042987127.36_20150728002307-00290-ip-10-236-191-2_469307566_0.csv,5,10.0,50,582,False,True,True,True,0.0010289779893355444,0.001606978999916464,0.002887265000026673
tier_100k,1_1438042987127.36_20150728002307-00290-ip-10-236-191-2_469307566_0.csv,10,10.0,100,582,False,True,True,True,0.0009633930021664128,0.0017811099969549105,0.0029918639920651913
tier_100k,1_1438042987127.36_20150728002307-00290-ip-10-236-191-2_469307566_0.csv,20,10.0,200,582,False,True,True,True,0.0011420119990361854,0.002593524011899717,0.004010165997897275
tier_100k,1_1438042987127.36_20150728002307-00290-ip-10-236-191-2_469307566_0.csv,5,5.0,25,582,False,True,True,True,0.00084157899254933,0.0013830560055794194,0.0024550910020479932
tier_100k,1_1438042987127.36_20150728002307-00290-ip-10-236-191-2_469307566_0.csv,10,5.0,50,582,False,True,True,True,0.0008610660006524995,0.0014714269927935675,0.002559223008574918
tier_100k,1_1438042987127.36_20150728002307-00290-ip-10-236-191-2_469307566_0.csv,20,5.0,100,582,False,True,True,True,0.0009515310084680095,0.0017536939994897693,0.002948489011032507
tier_100k,1_1438042990112.50_20150728002310-00062-ip-10-236-191-2_896744244_9.csv,5,10.0,50,2456,False,True,True,True,0.001004040997941047,0.0015324520063586533,0.002790149999782443
tier_100k,1_1438042990112.50_20150728002310-00062-ip-10-236-191-2_896744244_9.csv,10,10.0,100,2456,False,True,True,True,0.0009923839970724657,0.0016717210091883317,0.0029098460072418675
tier_100k,1_1438042990112.50_20150728002310-00062-ip-10-236-191-2_896744244_9.csv,20,10.0,200,2456,False,True,True,True,0.0011777369945775717,0.0022427410003729165,0.0036967229971196502
tier_100k,1_1438042990112.50_20150728002310-00062-ip-10-236-191-2_896744244_9.csv,5,5.0,25,2456,False,True,True,True,0.0008833860047161579,0.0015627130051143467,0.0026815390010597184
tier_100k,1_1438042990112.50_20150728002310-00062-ip-10-236-191-2_896744244_9.csv,10,5.0,50,2456,False,True,True,True,0.0009164180082734674,0.001476528006605804,0.002632910996908322
tier_100k,1_1438042990112.50_20150728002310-00062-ip-10-236-191-2_896744244_9.csv,20,5.0,100,2456,False,True,True,True,0.0009835250093601644,0.0016695759986760095,0.002898402002756484
tier_100k,1_1438042990112.50_20150728002310-00225-ip-10-236-191-2_718036865_0.csv,5,10.0,50,550,False,True,True,True,0.0012660720094572753,0.0017422450036974624,0.0032820380001794547
tier_100k,1_1438042990112.50_20150728002310-00225-ip-10-236-191-2_718036865_0.csv,10,10.0,100,550,False,True,True,True,0.0010380180028732866,0.0016405919886892661,0.002921585997682996
tier_100k,1_1438042990112.50_20150728002310-00225-ip-10-236-191-2_718036865_0.csv,20,10.0,200,550,False,True,True,True,0.0012236979964654893,0.0018926269985968247,0.0033880919945659116
tier_100k,1_1438042990112.50_20150728002310-00225-ip-10-236-191-2_718036865_0.csv,5,5.0,25,550,False,True,True,True,0.0008500709955114871,0.001419074003933929,0.0025007289950735867
tier_100k,1_1438042990112.50_20150728002310-00225-ip-10-236-191-2_718036865_0.csv,10,5.0,50,550,False,True,True,True,0.0009072529937839136,0.001453760007279925,0.002604307999718003
tier_100k,1_1438042990112.50_20150728002310-00225-ip-10-236-191-2_718036865_0.csv,20,5.0,100,550,False,True,True,True,0.001003154000500217,0.0016308060003211722,0.0028818409919040278
tier_100k,0_1438042988061.16_20150728002308-00189-ip-10-236-191-2_414087396_10.csv,5,10.0,50,316,False,True,True,True,0.0011824389948742464,0.001665089002926834,0.0031236689974321052
tier_100k,0_1438042988061.16_20150728002308-00189-ip-10-236-191-2_414087396_10.csv,10,10.0,100,316,False,True,True,True,0.0010107410053024068,0.0017244219925487414,0.0029782860074192286
tier_100k,0_1438042988061.16_20150728002308-00189-ip-10-236-191-2_414087396_10.csv,20,10.0,200,316,False,True,True,True,0.0011505239963298663,0.002259885994135402,0.003696264000609517
tier_100k,0_1438042988061.16_20150728002308-00189-ip-10-236-191-2_414087396_10.csv,5,5.0,25,316,False,True,True,True,0.0008423800027230754,0.0014040500100236386,0.002483949007000774
tier_100k,0_1438042988061.16_20150728002308-00189-ip-10-236-191-2_414087396_10.csv,10,5.0,50,316,False,True,True,True,0.0008630049997009337,0.0014451809984166175,0.002545570008805953
tier_100k,0_1438042988061.16_20150728002308-00189-ip-10-236-191-2_414087396_10.csv,20,5.0,100,316,False,True,True,True,0.0009561309998389333,0.001966667012311518,0.003204794993507676
tier_100k,0_1438042988061.16_20150728002308-00144-ip-10-236-191-2_279381280_30.csv,5,10.0,50,707,False,True,True,True,0.0010685999877750874,0.0031958930048858747,0.0045428949961205944
tier_100k,0_1438042988061.16_20150728002308-00144-ip-10-236-191-2_279381280_30.csv,10,10.0,100,707,False,True,True,True,0.0013796249986626208,0.023487484999350272,0.02523516200017184
tier_100k,0_1438042988061.16_20150728002308-00144-ip-10-236-191-2_279381280_30.csv,20,10.0,200,707,False,True,True,True,0.0016235670045716688,0.03276973399624694,0.03479120600968599
tier_100k,0_1438042988061.16_20150728002308-00144-ip-10-236-191-2_279381280_30.csv,5,5.0,25,707,False,True,True,True,0.0008904009882826358,0.0014729560061823577,0.0026337540039094165
tier_100k,0_1438042988061.16_20150728002308-00144-ip-10-236-191-2_279381280_30.csv,10,5.0,50,707,False,True,True,True,0.0012277049972908571,0.010605549003230408,0.012122974003432319
tier_100k,0_1438042988061.16_20150728002308-00144-ip-10-236-191-2_279381280_30.csv,20,5.0,100,707,False,True,True,True,0.0009908570063998923,0.014260584008297883,0.015534796999418177
tier_100k,1_1438042990112.50_20150728002310-00081-ip-10-236-191-2_890934925_129.csv,5,10.0,50,2132,False,True,True,True,0.0010318009881302714,0.0018550789973232895,0.0031872599938651547
tier_100k,1_1438042990112.50_20150728002310-00081-ip-10-236-191-2_890934925_129.csv,10,10.0,100,2132,False,True,True,True,0.001018439987092279,0.0019578380015445873,0.003254751005442813
tier_100k,1_1438042990112.50_20150728002310-00081-ip-10-236-191-2_890934925_129.csv,20,10.0,200,2132,False,True,True,True,0.001167862006695941,0.0027567880024435,0.004243815012159757
tier_100k,1_1438042990112.50_20150728002310-00081-ip-10-236-191-2_890934925_129.csv,5,5.0,25,2132,False,True,True,True,0.0008684619970154017,0.0016825689963297918,0.0028264649881748483
tier_100k,1_1438042990112.50_20150728002310-00081-ip-10-236-191-2_890934925_129.csv,10,5.0,50,2132,False,True,True,True,0.0009331189939985052,0.0017659769946476445,0.0029914029873907566
tier_100k,1_1438042990112.50_20150728002310-00081-ip-10-236-191-2_890934925_129.csv,20,5.0,100,2132,False,True,True,True,0.0010009620018536225,0.0019645199936348945,0.003269369000918232
tier_100k,0_1438042988061.16_20150728002308-00133-ip-10-236-191-2_59742533_2.csv,5,10.0,50,374,False,True,True,True,0.0012172690039733425,0.0019749549974221736,0.00351095299993176
tier_100k,0_1438042988061.16_20150728002308-00133-ip-10-236-191-2_59742533_2.csv,10,10.0,100,374,False,True,True,True,0.001345954995485954,0.0023973299976205453,0.004092527989996597
tier_100k,0_1438042988061.16_20150728002308-00133-ip-10-236-191-2_59742533_2.csv,20,10.0,200,374,False,True,True,True,0.0015796590014360845,0.003281254001194611,0.005259162004222162
tier_100k,0_1438042988061.16_20150728002308-00133-ip-10-236-191-2_59742533_2.csv,5,5.0,25,374,False,True,True,True,0.0011113679938716814,0.002000349006266333,0.003418384992983192
tier_100k,0_1438042988061.16_20150728002308-00133-ip-10-236-191-2_59742533_2.csv,10,5.0,50,374,False,True,True,True,0.0009434640087420121,0.0015316200006054714,0.0027250210114289075
tier_100k,0_1438042988061.16_20150728002308-00133-ip-10-236-191-2_59742533_2.csv,20,5.0,100,374,False,True,True,True,0.0010333779937354848,0.0032564550056122243,0.004556579995551147
tier_100k,1_1438042990112.50_20150728002310-00259-ip-10-236-191-2_889779227_121.csv,5,10.0,50,2423,False,True,True,True,0.0012000969873042777,0.0017018429934978485,0.003177760008838959
tier_100k,1_1438042990112.50_20150728002310-00259-ip-10-236-191-2_889779227_121.csv,10,10.0,100,2423,False,True,True,True,0.001111290999688208,0.0030055259994696826,0.0043747220042860135
tier_100k,1_1438042990112.50_20150728002310-00259-ip-10-236-191-2_889779227_121.csv,20,10.0,200,2423,False,True,True,True,0.0011811540025519207,0.002281164997839369,0.003742221000720747
tier_100k,1_1438042990112.50_20150728002310-00259-ip-10-236-191-2_889779227_121.csv,5,5.0,25,2423,False,True,True,True,0.0009514819976175204,0.0033858820097520947,0.004585850008879788
tier_100k,1_1438042990112.50_20150728002310-00259-ip-10-236-191-2_889779227_121.csv,10,5.0,50,2423,False,True,True,True,0.0009205200040014461,0.00149898900417611,0.0026626530016073957
tier_100k,1_1438042990112.50_20150728002310-00259-ip-10-236-191-2_889779227_121.csv,20,5.0,100,2423,False,True,True,True,0.0010518629860598594,0.0034457349975127727,0.004754879992105998
tier_100k,0_1438042988458.74_20150728002308-00262-ip-10-236-191-2_380524338_2.csv,5,10.0,50,743,False,True,True,True,0.001287307997699827,0.0017686789942672476,0.0033532800007378682
tier_100k,0_1438042988458.74_20150728002308-00262-ip-10-236-191-2_380524338_2.csv,10,10.0,100,743,False,True,True,True,0.0011216389975743368,0.0038545290008187294,0.005245916006970219
tier_100k,0_1438042988458.74_20150728002308-00262-ip-10-236-191-2_380524338_2.csv,20,10.0,200,743,False,True,True,True,0.0012424649903550744,0.0023345320078078657,0.003855499002384022
tier_100k,0_1438042988458.74_20150728002308-00262-ip-10-236-191-2_380524338_2.csv,5,5.0,25,743,False,True,True,True,0.0009354680078104138,0.0031413269898621365,0.004321614993386902
tier_100k,0_1438042988458.74_20150728002308-00262-ip-10-236-191-2_380524338_2.csv,10,5.0,50,743,False,True,True,True,0.0009013529925141484,0.0015105469938134775,0.002657404009369202
tier_100k,0_1438042988458.74_20150728002308-00262-ip-10-236-191-2_380524338_2.csv,20,5.0,100,743,False,True,True,True,0.0010758040007203817,0.003397412001504563,0.004730688990093768
tier_100k,1_1438042987127.36_20150728002307-00027-ip-10-236-191-2_67802697_2.csv,5,10.0,50,642,False,True,True,True,0.0010055539896711707,0.001569529005791992,0.0028283589927013963
tier_100k,1_1438042987127.36_20150728002307-00027-ip-10-236-191-2_67802697_2.csv,10,10.0,100,642,False,True,True,True,0.0010442490020068362,0.0034284379944438115,0.004729933003545739
tier_100k,1_1438042987127.36_20150728002307-00027-ip-10-236-191-2_67802697_2.csv,20,10.0,200,642,False,True,True,True,0.0011512080091051757,0.002269115997478366,0.003695440012961626
tier_100k,1_1438042987127.36_20150728002307-00027-ip-10-236-191-2_67802697_2.csv,5,5.0,25,642,False,True,True,True,0.0009264620020985603,0.002980723002110608,0.004149924003286287
tier_100k,1_1438042987127.36_20150728002307-00027-ip-10-236-191-2_67802697_2.csv,10,5.0,50,642,False,True,True,True,0.0008810979925328866,0.0014594800013583153,0.002591356009361334
tier_100k,1_1438042987127.36_20150728002307-00027-ip-10-236-191-2_67802697_2.csv,20,5.0,100,642,False,True,True,True,0.0010287170007359236,0.0030574959964724258,0.0043363290023989975
tier_100k,0_1438042988458.74_20150728002308-00175-ip-10-236-191-2_385639780_18.csv,5,10.0,50,584,False,True,True,True,0.0011635949922492728,0.0017060190002666786,0.003146900999126956
tier_100k,0_1438042988458.74_20150728002308-00175-ip-10-236-191-2_385639780_18.csv,10,10.0,100,584,False,True,True,True,0.0010886459931498393,0.0035303149925312027,0.00487905899353791
tier_100k,0_1438042988458.74_20150728002308-00175-ip-10-236-191-2_385639780_18.csv,20,10.0,200,584,False,True,True,True,0.0012082939938409254,0.0022985749965300784,0.00378426699899137
tier_100k,0_1438042988458.74_20150728002308-00175-ip-10-236-191-2_385639780_18.csv,5,5.0,25,584,False,True,True,True,0.0009211379947373644,0.0026960560062434524,0.0038598130049649626
tier_100k,0_1438042988458.74_20150728002308-00175-ip-10-236-191-2_385639780_18.csv,10,5.0,50,584,False,True,True,True,0.0009593239956302568,0.0014737330056959763,0.0026776209997478873
tier_100k,0_1438042988458.74_20150728002308-00175-ip-10-236-191-2_385639780_18.csv,20,5.0,100,584,False,True,True,True,0.0010149979934794828,0.001692376987193711,0.0029543639975599945
tier_100k,0_1438042988458.74_20150728002308-00303-ip-10-236-191-2_56708567_9.csv,5,10.0,50,745,False,True,True,True,0.0013191829930292442,0.0017409430001862347,0.00334340900008101
tier_100k,0_1438042988458.74_20150728002308-00303-ip-10-236-191-2_56708567_9.csv,10,10.0,100,745,False,True,True,True,0.0010627820010995492,0.0017575630045030266,0.003076670996961184
tier_100k,0_1438042988458.74_20150728002308-00303-ip-10-236-191-2_56708567_9.csv,20,10.0,200,745,False,True,True,True,0.001271615008590743,0.0023749829997541383,0.003933734988095239
tier_100k,0_1438042988458.74_20150728002308-00303-ip-10-236-191-2_56708567_9.csv,5,5.0,25,745,False,True,True,True,0.0008973410003818572,0.0035750419920077547,0.004710902998340316
tier_100k,0_1438042988458.74_20150728002308-00303-ip-10-236-191-2_56708567_9.csv,10,5.0,50,745,False,True,True,True,0.0008918759995140135,0.0014941359986551106,0.002629783994052559
tier_100k,0_1438042988458.74_20150728002308-00303-ip-10-236-191-2_56708567_9.csv,20,5.0,100,745,False,True,True,True,0.0010154660121770576,0.0017513950006105006,0.0030142920004436746
tier_100k,0_1438042988458.74_20150728002308-00063-ip-10-236-191-2_657101208_1.csv,5,10.0,50,718,False,True,True,True,0.0011151289945701137,0.0016677079984219745,0.003053912994801067
tier_100k,0_1438042988458.74_20150728002308-00063-ip-10-236-191-2_657101208_1.csv,10,10.0,100,718,False,True,True,True,0.0010782750032376498,0.002823133996571414,0.0041495769983157516
tier_100k,0_1438042988458.74_20150728002308-00063-ip-10-236-191-2_657101208_1.csv,20,10.0,200,718,False,True,True,True,0.0012836580135626718,0.002302175998920575,0.003870786997140385
tier_100k,0_1438042988458.74_20150728002308-00063-ip-10-236-191-2_657101208_1.csv,5,5.0,25,718,False,True,True,True,0.0008937609964050353,0.003778429003432393,0.0049234890029765666
tier_100k,0_1438042988458.74_20150728002308-00063-ip-10-236-191-2_657101208_1.csv,10,5.0,50,718,False,True,True,True,0.001123647001804784,0.0034013830008916557,0.004794653999852017
tier_100k,0_1438042988458.74_20150728002308-00063-ip-10-236-191-2_657101208_1.csv,20,5.0,100,718,False,True,True,True,0.0010333899990655482,0.0034130540007026866,0.004699486991739832
tier_100k,1_1438042990112.50_20150728002310-00190-ip-10-236-191-2_436521753_9.csv,5,10.0,50,304,False,True,True,True,0.0013131649902788922,0.0029644919995917007,0.0045623150072060525
tier_100k,1_1438042990112.50_20150728002310-00190-ip-10-236-191-2_436521753_9.csv,10,10.0,100,304,False,True,True,True,0.0010393929987912998,0.0017419680079910904,0.0030323660030262545
tier_100k,1_1438042990112.50_20150728002310-00190-ip-10-236-191-2_436521753_9.csv,20,10.0,200,304,False,True,True,True,0.001252304995432496,0.002025957001023926,0.003556669005774893
tier_100k,1_1438042990112.50_20150728002310-00190-ip-10-236-191-2_436521753_9.csv,5,5.0,25,304,False,True,True,True,0.0008702100021764636,0.0014447790017584339,0.0025486289960099384
tier_100k,1_1438042990112.50_20150728002310-00190-ip-10-236-191-2_436521753_9.csv,10,5.0,50,304,False,True,True,True,0.0009682590025477111,0.003492420000839047,0.004707400003098883
tier_100k,1_1438042990112.50_20150728002310-00190-ip-10-236-191-2_436521753_9.csv,20,5.0,100,304,False,True,True,True,0.0009779079991858453,0.0017260619933949783,0.0029486159910447896
tier_100k,1_1438042987127.36_20150728002307-00214-ip-10-236-191-2_225430488_0.csv,5,10.0,50,458,False,True,True,True,0.0012286419951124117,0.0032200659916270524,0.004736757997306995
tier_100k,1_1438042987127.36_20150728002307-00214-ip-10-236-191-2_225430488_0.csv,10,10.0,100,458,False,True,True,True,0.001010455991490744,0.0017744340002536774,0.00303536000137683
tier_100k,1_1438042987127.36_20150728002307-00214-ip-10-236-191-2_225430488_0.csv,20,10.0,200,458,False,True,True,True,0.0012573899875860661,0.0038871390133863315,0.005420863002655096
tier_100k,1_1438042987127.36_20150728002307-00214-ip-10-236-191-2_225430488_0.csv,5,5.0,25,458,False,True,True,True,0.0008541379938833416,0.0014486069994745776,0.0025405600026715547
tier_100k,1_1438042987127.36_20150728002307-00214-ip-10-236-191-2_225430488_0.csv,10,5.0,50,458,False,True,True,True,0.0009606789972167462,0.003632318999734707,0.004848651005886495
tier_100k,1_1438042987127.36_20150728002307-00214-ip-10-236-191-2_225430488_0.csv,20,5.0,100,458,False,True,True,True,0.000987223000265658,0.0017142669967142865,0.0029499570082407445
tier_100k,0_1438042988061.16_20150728002308-00047-ip-10-236-191-2_843664602_0.csv,5,10.0,50,285,False,True,True,True,0.0011867059947689995,0.0037010019877925515,0.005157601000973955
tier_100k,0_1438042988061.16_20150728002308-00047-ip-10-236-191-2_843664602_0.csv,10,10.0,100,285,False,True,True,True,0.0010140550002688542,0.0033903230068972334,0.0046615689934697
tier_100k,0_1438042988061.16_20150728002308-00047-ip-10-236-191-2_843664602_0.csv,20,10.0,200,285,False,True,True,True,0.001200348007841967,0.003581873999792151,0.005071453997516073
tier_100k,0_1438042988061.16_20150728002308-00047-ip-10-236-191-2_843664602_0.csv,5,5.0,25,285,False,True,True,True,0.000940546000492759,0.0029051180026726797,0.0040882800094550475
tier_100k,0_1438042988061.16_20150728002308-00047-ip-10-236-191-2_843664602_0.csv,10,5.0,50,285,False,True,True,True,0.0009126660006586462,0.0014978370018070564,0.0026664739998523146
tier_100k,0_1438042988061.16_20150728002308-00047-ip-10-236-191-2_843664602_0.csv,20,5.0,100,285,False,True,True,True,0.0010338049905840307,0.0036526120093185455,0.004941183011396788
tier_100k,0_1438042988061.16_20150728002308-00181-ip-10-236-191-2_216538600_0.csv,5,10.0,50,1838,False,True,True,True,0.0012274210021132603,0.0016591520106885582,0.0031682069966336712
tier_100k,0_1438042988061.16_20150728002308-00181-ip-10-236-191-2_216538600_0.csv,10,10.0,100,1838,False,True,True,True,0.0010967030102619901,0.0035196560056647286,0.004867196999839507
tier_100k,0_1438042988061.16_20150728002308-00181-ip-10-236-191-2_216538600_0.csv,20,10.0,200,1838,False,True,True,True,0.0012340019893599674,0.0021835560037288815,0.0036896130040986463
tier_100k,0_1438042988061.16_20150728002308-00181-ip-10-236-191-2_216538600_0.csv,5,5.0,25,1838,False,True,True,True,0.0009503280016360804,0.0030829699971945956,0.0042731440044008195
tier_100k,0_1438042988061.16_20150728002308-00181-ip-10-236-191-2_216538600_0.csv,10,5.0,50,1838,False,True,True,True,0.00091401299869176,0.0014859869988868013,0.0026442639937158674
tier_100k,0_1438042988061.16_20150728002308-00181-ip-10-236-191-2_216538600_0.csv,20,5.0,100,1838,False,True,True,True,0.0010658459941623732,0.0031343230075435713,0.004454113004612736
tier_100k,0_1438042988061.16_20150728002308-00002-ip-10-236-191-2_545269850_0.csv,5,10.0,50,352,False,True,True,True,0.0010182410042034462,0.0015636800089851022,0.0028378089918987826
tier_100k,0_1438042988061.16_20150728002308-00002-ip-10-236-191-2_545269850_0.csv,10,10.0,100,352,False,True,True,True,0.0010335749975638464,0.0035757410078076646,0.004859394000959583
tier_100k,0_1438042988061.16_20150728002308-00002-ip-10-236-191-2_545269850_0.csv,20,10.0,200,352,False,True,True,True,0.001150224998127669,0.002245719006168656,0.0036751220031874254
tier_100k,0_1438042988061.16_20150728002308-00002-ip-10-236-191-2_545269850_0.csv,5,5.0,25,352,False,True,True,True,0.0009210819989675656,0.002935555996373296,0.004097035009181127
tier_100k,0_1438042988061.16_20150728002308-00002-ip-10-236-191-2_545269850_0.csv,10,5.0,50,352,False,True,True,True,0.0008624799957033247,0.0014625280018663034,0.002569139003753662
tier_100k,0_1438042988061.16_20150728002308-00002-ip-10-236-191-2_545269850_0.csv,20,5.0,100,352,False,True,True,True,0.001012705994071439,0.003078252004343085,0.004345294990343973
tier_100k,0_1438042988061.16_20150728002308-00330-ip-10-236-191-2_795231590_4.csv,5,10.0,50,548,False,True,True,True,0.0013973689929116517,0.0016881779883988202,0.0033763340034056455
tier_100k,0_1438042988061.16_20150728002308-00330-ip-10-236-191-2_795231590_4.csv,10,10.0,100,548,False,True,True,True,0.0010751860099844635,0.0018338149966439232,0.0031675049976911396
tier_100k,0_1438042988061.16_20150728002308-00330-ip-10-236-191-2_795231590_4.csv,20,10.0,200,548,False,True,True,True,0.0011978969996562228,0.003041388001292944,0.004523979994701222
tier_100k,0_1438042988061.16_20150728002308-00330-ip-10-236-191-2_795231590_4.csv,5,5.0,25,548,False,True,True,True,0.0009200240019708872,0.0029401149949990213,0.0041005109960678965
tier_100k,0_1438042988061.16_20150728002308-00330-ip-10-236-191-2_795231590_4.csv,10,5.0,50,548,False,True,True,True,0.0009465040056966245,0.003714295002282597,0.004909466995741241
tier_100k,0_1438042988061.16_20150728002308-00330-ip-10-236-191-2_795231590_4.csv,20,5.0,100,548,False,True,True,True,0.0010384299966972321,0.0035228009946877137,0.004813974010176025
tier_100k,0_1438042988061.16_20150728002308-00235-ip-10-236-191-2_713850328_17.csv,5,10.0,50,387,False,True,True,True,0.0012830260093323886,0.0038744769990444183,0.005449980992125347
tier_100k,0_1438042988061.16_20150728002308-00235-ip-10-236-191-2_713850328_17.csv,10,10.0,100,387,False,True,True,True,0.00108580500818789,0.00355978099105414,0.004903205001028255
tier_100k,0_1438042988061.16_20150728002308-00235-ip-10-236-191-2_713850328_17.csv,20,10.0,200,387,False,True,True,True,0.0012527799990493804,0.0032774459978099912,0.004820589994778857
tier_100k,0_1438042988061.16_20150728002308-00235-ip-10-236-191-2_713850328_17.csv,5,5.0,25,387,False,True,True,True,0.0009293839975725859,0.002976895004394464,0.004152036999585107
tier_100k,0_1438042988061.16_20150728002308-00235-ip-10-236-191-2_713850328_17.csv,10,5.0,50,387,False,True,True,True,0.0009567109955241904,0.002841652007191442,0.004051141004310921
tier_100k,0_1438042988061.16_20150728002308-00235-ip-10-236-191-2_713850328_17.csv,20,5.0,100,387,False,True,True,True,0.001050170001690276,0.0036205490032443777,0.004924548004055396
tier_100k,0_1438042988458.74_20150728002308-00232-ip-10-236-191-2_795586035_3.csv,5,10.0,50,372,False,True,True,True,0.001197015997604467,0.0032964860001811758,0.004774201006512158
tier_100k,0_1438042988458.74_20150728002308-00232-ip-10-236-191-2_795586035_3.csv,10,10.0,100,372,False,True,True,True,0.0010689039918361232,0.002854567996109836,0.0041797260055318475
tier_100k,0_1438042988458.74_20150728002308-00232-ip-10-236-191-2_795586035_3.csv,20,10.0,200,372,False,True,True,True,0.001258335993043147,0.003323433003970422,0.004868820004048757
tier_100k,0_1438042988458.74_20150728002308-00232-ip-10-236-191-2_795586035_3.csv,5,5.0,25,372,False,True,True,True,0.0009163270005956292,0.0032278680009767413,0.004396473988890648
tier_100k,0_1438042988458.74_20150728002308-00232-ip-10-236-191-2_795586035_3.csv,10,5.0,50,372,False,True,True,True,0.0009496139973634854,0.00328188699495513,0.004483615994104184
tier_100k,0_1438042988458.74_20150728002308-00232-ip-10-236-191-2_795586035_3.csv,20,5.0,100,372,False,True,True,True,0.0010442720085848123,0.002924767992226407,0.004223848998663016
tier_100k,0_1438042988458.74_20150728002308-00250-ip-10-236-191-2_501951825_0.csv,5,10.0,50,352,False,True,True,True,0.0012515059934230521,0.0033393990015611053,0.004872841003816575
tier_100k,0_1438042988458.74_20150728002308-00250-ip-10-236-191-2_501951825_0.csv,10,10.0,100,352,False,True,True,True,0.0010593030019663274,0.0030591240065405145,0.0043837779958266765
tier_100k,0_1438042988458.74_20150728002308-00250-ip-10-236-191-2_501951825_0.csv,20,10.0,200,352,False,True,True,True,0.0012342199916020036,0.0038100270030554384,0.005323803998180665
tier_100k,0_1438042988458.74_20150728002308-00250-ip-10-236-191-2_501951825_0.csv,5,5.0,25,352,False,True,True,True,0.0009184980008285493,0.003280270000686869,0.00444425200112164
tier_100k,0_1438042988458.74_20150728002308-00250-ip-10-236-191-2_501951825_0.csv,10,5.0,50,352,False,True,True,True,0.0009334080095868558,0.003260741999838501,0.0044447960099205375
tier_100k,0_1438042988458.74_20150728002308-00250-ip-10-236-191-2_501951825_0.csv,20,5.0,100,352,False,True,True,True,0.0010271559876855463,0.0031571030121995136,0.004450141001143493
tier_100k,1_1438042987127.36_20150728002307-00037-ip-10-236-191-2_318965632_0.csv,5,10.0,50,320,False,True,True,True,0.001180863007903099,0.0035125100112054497,0.004961223006830551
tier_100k,1_1438042987127.36_20150728002307-00037-ip-10-236-191-2_318965632_0.csv,10,10.0,100,320,False,True,True,True,0.001161508000222966,0.0035995360085507855,0.0050158899975940585
tier_100k,1_1438042987127.36_20150728002307-00037-ip-10-236-191-2_318965632_0.csv,20,10.0,200,320,False,True,True,True,0.0012416829995345324,0.003412432997720316,0.004934743992635049
tier_100k,1_1438042987127.36_20150728002307-00037-ip-10-236-191-2_318965632_0.csv,5,5.0,25,320,False,True,True,True,0.0009162220085272565,0.0031008679943624884,0.004256424988852814
tier_100k,1_1438042987127.36_20150728002307-00037-ip-10-236-191-2_318965632_0.csv,10,5.0,50,320,False,True,True,True,0.0009608429973013699,0.002892185002565384,0.004104952997295186
tier_100k,1_1438042987127.36_20150728002307-00037-ip-10-236-191-2_318965632_0.csv,20,5.0,100,320,False,True,True,True,0.0010520919895498082,0.0037472300027729943,0.005053664994193241
tier_100k,0_1438042988061.16_20150728002308-00041-ip-10-236-191-2_37534908_6.csv,5,10.0,50,413,False,True,True,True,0.001217395009007305,0.0029540060058934614,0.004454837006051093
tier_100k,0_1438042988061.16_20150728002308-00041-ip-10-236-191-2_37534908_6.csv,10,10.0,100,413,False,True,True,True,0.0010764379985630512,0.003578026997274719,0.004911628988338634
tier_100k,0_1438042988061.16_20150728002308-00041-ip-10-236-191-2_37534908_6.csv,20,10.0,200,413,False,True,True,True,0.0012613520084414631,0.0035293090040795505,0.005070849001640454
tier_100k,0_1438042988061.16_20150728002308-00041-ip-10-236-191-2_37534908_6.csv,5,5.0,25,413,False,True,True,True,0.0009288909932365641,0.0029849490092601627,0.004158263996941969
tier_100k,0_1438042988061.16_20150728002308-00041-ip-10-236-191-2_37534908_6.csv,10,5.0,50,413,False,True,True,True,0.0009605100058251992,0.003037824993953109,0.004246509008225985
tier_100k,0_1438042988061.16_20150728002308-00041-ip-10-236-191-2_37534908_6.csv,20,5.0,100,413,False,True,True,True,0.0010421530023450032,0.0036606020003091544,0.00496318400837481
tier_100k,1_1438042987127.36_20150728002307-00269-ip-10-236-191-2_847834464_0.csv,5,10.0,50,481,False,True,True,True,0.0012762480037054047,0.0035869200073648244,0.005149788994458504
tier_100k,1_1438042987127.36_20150728002307-00269-ip-10-236-191-2_847834464_0.csv,10,10.0,100,481,False,True,True,True,0.0010923549998551607,0.0032632569927955046,0.004614520003087819
tier_100k,1_1438042987127.36_20150728002307-00269-ip-10-236-191-2_847834464_0.csv,20,10.0,200,481,False,True,True,True,0.0012581920018419623,0.003943129995604977,0.005487432004883885
tier_100k,1_1438042987127.36_20150728002307-00269-ip-10-236-191-2_847834464_0.csv,5,5.0,25,481,False,True,True,True,0.0009368550090584904,0.0034925259969895706,0.004671014001360163
tier_100k,1_1438042987127.36_20150728002307-00269-ip-10-236-191-2_847834464_0.csv,10,5.0,50,481,False,True,True,True,0.0009682490053819492,0.002805322001222521,0.004019011001219042
tier_100k,1_1438042987127.36_20150728002307-00269-ip-10-236-191-2_847834464_0.csv,20,5.0,100,481,False,True,True,True,0.001041298994095996,0.003378923996933736,0.004670787995564751
tier_100k,0_1438042988061.16_20150728002308-00199-ip-10-236-191-2_891430247_172.csv,5,10.0,50,2452,False,True,True,True,0.0011233729892410338,0.0032382729987148196,0.004640803002985194
tier_100k,0_1438042988061.16_20150728002308-00199-ip-10-236-191-2_891430247_172.csv,10,10.0,100,2452,False,True,True,True,0.0011211899982299656,0.0017780650086933747,0.003160031992592849
tier_100k,0_1438042988061.16_20150728002308-00199-ip-10-236-191-2_891430247_172.csv,20,10.0,200,2452,False,True,True,True,0.001217789002112113,0.002289789990754798,0.003785843000514433
tier_100k,0_1438042988061.16_20150728002308-00199-ip-10-236-191-2_891430247_172.csv,5,5.0,25,2452,False,True,True,True,0.0009669810096966103,0.003636141002061777,0.004847764008445665
tier_100k,0_1438042988061.16_20150728002308-00199-ip-10-236-191-2_891430247_172.csv,10,5.0,50,2452,False,True,True,True,0.0009222319931723177,0.0015134229906834662,0.002684228995349258
tier_100k,0_1438042988061.16_20150728002308-00199-ip-10-236-191-2_891430247_172.csv,20,5.0,100,2452,False,True,True,True,0.0010595790081424639,0.0032862020016182214,0.0046089419920463115
tier_100k,1_1438042987127.36_20150728002307-00153-ip-10-236-191-2_490931395_0.csv,5,10.0,50,352,False,True,True,True,0.0010511400032555684,0.0015839840052649379,0.002940638005384244
tier_100k,1_1438042987127.36_20150728002307-00153-ip-10-236-191-2_490931395_0.csv,10,10.0,100,352,False,True,True,True,0.0010562980023678392,0.003715564002050087,0.005028818006394431
tier_100k,1_1438042987127.36_20150728002307-00153-ip-10-236-191-2_490931395_0.csv,20,10.0,200,352,False,True,True,True,0.001134723992436193,0.0022695840016240254,0.0036795740015804768
tier_100k,1_1438042987127.36_20150728002307-00153-ip-10-236-191-2_490931395_0.csv,5,5.0,25,352,False,True,True,True,0.0009199880005326122,0.0028876419964944944,0.004045374007546343
tier_100k,1_1438042987127.36_20150728002307-00153-ip-10-236-191-2_490931395_0.csv,10,5.0,50,352,False,True,True,True,0.0008625339978607371,0.0014979090046836063,0.0026067319995490834
tier_100k,1_1438042987127.36_20150728002307-00153-ip-10-236-191-2_490931395_0.csv,20,5.0,100,352,False,True,True,True,0.0010456250020070001,0.0030327529966598377,0.0043332249915692955
tier_100k,0_1438042988458.74_20150728002308-00081-ip-10-236-191-2_476604823_0.csv,5,10.0,50,582,False,True,True,True,0.0009985110082197934,0.0016636810032650828,0.00290464999852702
tier_100k,0_1438042988458.74_20150728002308-00081-ip-10-236-191-2_476604823_0.csv,10,10.0,100,582,False,True,True,True,0.0010425369982840493,0.002931579001597129,0.004222891991958022
tier_100k,0_1438042988458.74_20150728002308-00081-ip-10-236-191-2_476604823_0.csv,20,10.0,200,582,False,True,True,True,0.0011331279965816066,0.002695347007829696,0.004105065003386699
tier_100k,0_1438042988458.74_20150728002308-00081-ip-10-236-191-2_476604823_0.csv,5,5.0,25,582,False,True,True,True,0.0009236600017175078,0.003652819010312669,0.00481908000074327
tier_100k,0_1438042988458.74_20150728002308-00081-ip-10-236-191-2_476604823_0.csv,10,5.0,50,582,False,True,True,True,0.0008723880018806085,0.0014929699973436072,0.0025976920005632564
tier_100k,0_1438042988458.74_20150728002308-00081-ip-10-236-191-2_476604823_0.csv,20,5.0,100,582,False,True,True,True,0.0010121410014107823,0.003173827994032763,0.004444769001565874
tier_100k,0_1438042988458.74_20150728002308-00210-ip-10-236-191-2_79682215_3.csv,5,10.0,50,467,False,True,True,True,0.0011889359884662554,0.0017293479904765263,0.003193956014001742
tier_100k,0_1438042988458.74_20150728002308-00210-ip-10-236-191-2_79682215_3.csv,10,10.0,100,467,False,True,True,True,0.0010707350011216477,0.0036171849933452904,0.004942933999700472
tier_100k,0_1438042988458.74_20150728002308-00210-ip-10-236-191-2_79682215_3.csv,20,10.0,200,467,False,True,True,True,0.0013168909936212003,0.0023164290032582358,0.00393773200630676
tier_100k,0_1438042988458.74_20150728002308-00210-ip-10-236-191-2_79682215_3.csv,5,5.0,25,467,False,True,True,True,0.0009284469997510314,0.0028792109951609746,0.004048190996400081
tier_100k,0_1438042988458.74_20150728002308-00210-ip-10-236-191-2_79682215_3.csv,10,5.0,50,467,False,True,True,True,0.0008866380085237324,0.0014914299972588196,0.0026240520091960207
tier_100k,0_1438042988458.74_20150728002308-00210-ip-10-236-191-2_79682215_3.csv,20,5.0,100,467,False,True,True,True,0.001046473000315018,0.0035711409873329103,0.00487335400248412
tier_100k,1_1438042987127.36_20150728002307-00008-ip-10-236-191-2_633806649_3.csv,5,10.0,50,408,False,True,True,True,0.0010265470045851544,0.0016092949954327196,0.002895969999372028
tier_100k,1_1438042987127.36_20150728002307-00008-ip-10-236-191-2_633806649_3.csv,10,10.0,100,408,False,True,True,True,0.0010712240036809817,0.003371789993252605,0.004699728000559844
tier_100k,1_1438042987127.36_20150728002307-00008-ip-10-236-191-2_633806649_3.csv,20,10.0,200,408,False,True,True,True,0.0012132459960412234,0.0018883890006691217,0.0033758220088202506
tier_100k,1_1438042987127.36_20150728002307-00008-ip-10-236-191-2_633806649_3.csv,5,5.0,25,408,False,True,True,True,0.0009189569973386824,0.0031947980023687705,0.004359496000688523
tier_100k,1_1438042987127.36_20150728002307-00008-ip-10-236-191-2_633806649_3.csv,10,5.0,50,408,False,True,True,True,0.0008738480100873858,0.0014783179940422997,0.0025966230023186654
tier_100k,1_1438042987127.36_20150728002307-00008-ip-10-236-191-2_633806649_3.csv,20,5.0,100,408,False,True,True,True,0.0010377509897807613,0.002997237999807112,0.0042869629978667945
tier_100k,0_1438042988061.16_20150728002308-00201-ip-10-236-191-2_319577306_4.csv,5,10.0,50,930,False,True,True,True,0.0012276220077183098,0.001714799989713356,0.003228158995625563
tier_100k,0_1438042988061.16_20150728002308-00201-ip-10-236-191-2_319577306_4.csv,10,10.0,100,930,False,True,True,True,0.0011053239868488163,0.002865849994122982,0.004223063995596021
tier_100k,0_1438042988061.16_20150728002308-00201-ip-10-236-191-2_319577306_4.csv,20,10.0,200,930,False,True,True,True,0.0011697770096361637,0.002298492006957531,0.0037502909981412813
tier_100k,0_1438042988061.16_20150728002308-00201-ip-10-236-191-2_319577306_4.csv,5,5.0,25,930,False,True,True,True,0.0009374859946547076,0.0035082550020888448,0.004686076994403265
tier_100k,0_1438042988061.16_20150728002308-00201-ip-10-236-191-2_319577306_4.csv,10,5.0,50,930,False,True,True,True,0.0008873079932527617,0.0014988589973654598,0.002643476997036487
tier_100k,0_1438042988061.16_20150728002308-00201-ip-10-236-191-2_319577306_4.csv,20,5.0,100,930,False,True,True,True,0.0013337799900909886,0.0032696550042601302,0.004903608001768589
tier_100k,1_1438042990112.50_20150728002310-00310-ip-10-236-191-2_200224826_0.csv,5,10.0,50,516,False,True,True,True,0.001182591004180722,0.0017266409995499998,0.0031914699939079583
tier_100k,1_1438042990112.50_20150728002310-00310-ip-10-236-191-2_200224826_0.csv,10,10.0,100,516,False,True,True,True,0.001098630003980361,0.0032181260030483827,0.004581160013913177
tier_100k,1_1438042990112.50_20150728002310-00310-ip-10-236-191-2_200224826_0.csv,20,10.0,200,516,False,True,True,True,0.001209145993925631,0.0023052960023051128,0.0037904139899183065
tier_100k,1_1438042990112.50_20150728002310-00310-ip-10-236-191-2_200224826_0.csv,5,5.0,25,516,False,True,True,True,0.0009427619952475652,0.002862819004803896,0.004048492002766579
tier_100k,1_1438042990112.50_20150728002310-00310-ip-10-236-191-2_200224826_0.csv,10,5.0,50,516,False,True,True,True,0.0009023990132845938,0.001556681003421545,0.0027092059899587184
tier_100k,1_1438042990112.50_20150728002310-00310-ip-10-236-191-2_200224826_0.csv,20,5.0,100,516,False,True,True,True,0.001051710991305299,0.003218778991140425,0.004535030006081797
tier_100k,1_1438042987127.36_20150728002307-00102-ip-10-236-191-2_893578330_152.csv,5,10.0,50,2458,False,True,True,True,0.0010597140062600374,0.0015856900135986507,0.002907966001657769
tier_100k,1_1438042987127.36_20150728002307-00102-ip-10-236-191-2_893578330_152.csv,10,10.0,100,2458,False,True,True,True,0.001107546006096527,0.002938499004812911,0.00430218200199306
tier_100k,1_1438042987127.36_20150728002307-00102-ip-10-236-191-2_893578330_152.csv,20,10.0,200,2458,False,True,True,True,0.0011903220001840964,0.0020212169911246747,0.0034972900029970333
tier_100k,1_1438042987127.36_20150728002307-00102-ip-10-236-191-2_893578330_152.csv,5,5.0,25,2458,False,True,True,True,0.0009582809871062636,0.003441020002355799,0.00464780000038445
tier_100k,1_1438042987127.36_20150728002307-00102-ip-10-236-191-2_893578330_152.csv,10,5.0,50,2458,False,True,True,True,0.0009054059919435531,0.0015122869954211637,0.002663471008418128
tier_100k,1_1438042987127.36_20150728002307-00102-ip-10-236-191-2_893578330_152.csv,20,5.0,100,2458,False,True,True,True,0.0010963030072161928,0.0016179469967028126,0.0029745829961029813
tier_100k,1_1438042990112.50_20150728002310-00044-ip-10-236-191-2_261321661_61.csv,5,10.0,50,709,False,True,True,True,0.0011190980003448203,0.006932345000677742,0.008329177988343872
tier_100k,1_1438042990112.50_20150728002310-00044-ip-10-236-191-2_261321661_61.csv,10,10.0,100,709,False,True,True,True,0.0010307560005458072,0.00465416100632865,0.005950108999968506
tier_100k,1_1438042990112.50_20150728002310-00044-ip-10-236-191-2_261321661_61.csv,20,10.0,200,709,False,True,True,True,0.0012257440102985129,0.0692420090053929,0.07078714799718
tier_100k,1_1438042990112.50_20150728002310-00044-ip-10-236-191-2_261321661_61.csv,5,5.0,25,709,False,True,True,True,0.0009518689912511036,0.0015300209925044328,0.002722769000683911
tier_100k,1_1438042990112.50_20150728002310-00044-ip-10-236-191-2_261321661_61.csv,10,5.0,50,709,False,True,True,True,0.0008997149998322129,0.0014725719956913963,0.002626348999910988
tier_100k,1_1438042990112.50_20150728002310-00044-ip-10-236-191-2_261321661_61.csv,20,5.0,100,709,False,True,True,True,0.0010757169948192313,0.03727527400769759,0.03861923000658862
tier_100k,1_1438042987127.36_20150728002307-00074-ip-10-236-191-2_137128786_0.csv,5,10.0,50,545,False,True,True,True,0.0013056770112598315,0.0016384820046368986,0.0032330300018657
tier_100k,1_1438042987127.36_20150728002307-00074-ip-10-236-191-2_137128786_0.csv,10,10.0,100,545,False,True,True,True,0.0010580660018604249,0.001692117002676241,0.003002149998792447
tier_100k,1_1438042987127.36_20150728002307-00074-ip-10-236-191-2_137128786_0.csv,20,10.0,200,545,False,True,True,True,0.0011940830008825287,0.0020338150061434135,0.003508135996526107
tier_100k,1_1438042987127.36_20150728002307-00074-ip-10-236-191-2_137128786_0.csv,5,5.0,25,545,False,True,True,True,0.0008808639977360144,0.001454388999263756,0.002568427997175604
tier_100k,1_1438042987127.36_20150728002307-00074-ip-10-236-191-2_137128786_0.csv,10,5.0,50,545,False,True,True,True,0.0009248420101357624,0.001508621993707493,0.002688377004233189
tier_100k,1_1438042987127.36_20150728002307-00074-ip-10-236-191-2_137128786_0.csv,20,5.0,100,545,False,True,True,True,0.0010112739983014762,0.0016412090044468641,0.0029096170037519187
tier_100k,1_1438042987127.36_20150728002307-00082-ip-10-236-191-2_795702564_10.csv,5,10.0,50,661,False,True,True,True,0.0010793569963425398,0.0016111199947772548,0.002957623000838794
tier_100k,1_1438042987127.36_20150728002307-00082-ip-10-236-191-2_795702564_10.csv,10,10.0,100,661,False,True,True,True,0.000995574999251403,0.0030202589987311512,0.004265891999239102
tier_100k,1_1438042987127.36_20150728002307-00082-ip-10-236-191-2_795702564_10.csv,20,10.0,200,661,False,True,True,True,0.0011772769939852878,0.0023219010035973042,0.0037760150007670745
tier_100k,1_1438042987127.36_20150728002307-00082-ip-10-236-191-2_795702564_10.csv,5,5.0,25,661,False,True,True,True,0.0009350680047646165,0.0036962570011382923,0.004873469995800406
tier_100k,1_1438042987127.36_20150728002307-00082-ip-10-236-191-2_795702564_10.csv,10,5.0,50,661,False,True,True,True,0.0008890189928933978,0.0014839050127193332,0.002639293990796432
tier_100k,1_1438042987127.36_20150728002307-00082-ip-10-236-191-2_795702564_10.csv,20,5.0,100,661,False,True,True,True,0.0010473300062585622,0.0033511039946461096,0.004649459006031975
tier_1m,1_1438042987127.36_20150728002307-00144-ip-10-236-191-2_676020729_0.csv,5,10.0,50,481,False,True,True,True,0.013711419000173919,0.0066341979982098565,0.021442862998810597
tier_1m,1_1438042987127.36_20150728002307-00144-ip-10-236-191-2_676020729_0.csv,10,10.0,100,481,False,True,True,True,0.0019369869987713173,0.004471098000067286,0.00689625799714122
tier_1m,1_1438042987127.36_20150728002307-00144-ip-10-236-191-2_676020729_0.csv,20,10.0,200,481,False,True,True,True,0.00238977100525517,0.004034534009406343,0.006848250995972194
tier_1m,1_1438042987127.36_20150728002307-00144-ip-10-236-191-2_676020729_0.csv,5,5.0,25,481,False,True,True,True,0.001445610003429465,0.0029901590023655444,0.004860685992753133
tier_1m,1_1438042987127.36_20150728002307-00144-ip-10-236-191-2_676020729_0.csv,10,5.0,50,481,False,True,True,True,0.0013748979981755838,0.002879948995541781,0.004657543991925195
tier_1m,1_1438042987127.36_20150728002307-00144-ip-10-236-191-2_676020729_0.csv,20,5.0,100,481,False,True,True,True,0.0014928890013834462,0.0030564830085495487,0.004964464009390213
tier_1m,0_1438042988061.16_20150728002308-00282-ip-10-236-191-2_894007386_3.csv,5,10.0,50,2625,False,True,True,True,0.0015245300019159913,0.00253689699457027,0.004515845997957513
tier_1m,0_1438042988061.16_20150728002308-00282-ip-10-236-191-2_894007386_3.csv,10,10.0,100,2625,False,True,True,True,0.0011805969988927245,0.002456845002598129,0.00398973400297109
tier_1m,0_1438042988061.16_20150728002308-00282-ip-10-236-191-2_894007386_3.csv,20,10.0,200,2625,False,True,True,True,0.0013287809997564182,0.0033217089949175715,0.0049956779985222965
tier_1m,0_1438042988061.16_20150728002308-00282-ip-10-236-191-2_894007386_3.csv,5,5.0,25,2625,False,True,True,True,0.00104810600169003,0.0021256579930195585,0.0035769370006164536
tier_1m,0_1438042988061.16_20150728002308-00282-ip-10-236-191-2_894007386_3.csv,10,5.0,50,2625,False,True,True,True,0.001021164993289858,0.0020934310014126822,0.003493979005725123
tier_1m,0_1438042988061.16_20150728002308-00282-ip-10-236-191-2_894007386_3.csv,20,5.0,100,2625,False,True,True,True,0.001094335995730944,0.0020336489978944883,0.0034128929983126
tier_1m,0_1438042988458.74_20150728002308-00249-ip-10-236-191-2_328699461_4.csv,5,10.0,50,1692,False,True,True,True,0.001651824000873603,0.0020170070056337863,0.0040170950087485835
tier_1m,0_1438042988458.74_20150728002308-00249-ip-10-236-191-2_328699461_4.csv,10,10.0,100,1692,False,True,True,True,0.0011426580022089183,0.002055787990684621,0.0034842750028474256
tier_1m,0_1438042988458.74_20150728002308-00249-ip-10-236-191-2_328699461_4.csv,20,10.0,200,1692,False,True,True,True,0.0012926039926242083,0.0025616500061005354,0.004140573990298435
tier_1m,0_1438042988458.74_20150728002308-00249-ip-10-236-191-2_328699461_4.csv,5,5.0,25,1692,False,True,True,True,0.0009638569899834692,0.0016138380015036091,0.0028562450024764985
tier_1m,0_1438042988458.74_20150728002308-00249-ip-10-236-191-2_328699461_4.csv,10,5.0,50,1692,False,True,True,True,0.0009645569953136146,0.0016652399935992435,0.0029040040099062026
tier_1m,0_1438042988458.74_20150728002308-00249-ip-10-236-191-2_328699461_4.csv,20,5.0,100,1692,False,True,True,True,0.0010449480032548308,0.001818886012188159,0.0031222270044963807
tier_1m,1_1438042987127.36_20150728002307-00114-ip-10-236-191-2_902351685_191.csv,5,10.0,50,3139,False,True,True,True,0.0013870609982404858,0.0020981669949833304,0.0037837970012333244
tier_1m,1_1438042987127.36_20150728002307-00114-ip-10-236-191-2_902351685_191.csv,10,10.0,100,3139,False,True,True,True,0.0011442749964771792,0.001974226994207129,0.003392576996702701
tier_1m,1_1438042987127.36_20150728002307-00114-ip-10-236-191-2_902351685_191.csv,20,10.0,200,3139,False,True,True,True,0.0012988689995836467,0.002496546003385447,0.004090240006917156
tier_1m,1_1438042987127.36_20150728002307-00114-ip-10-236-191-2_902351685_191.csv,5,5.0,25,3139,False,True,True,True,0.0010057290055556223,0.0016043119976529852,0.0028543600055854768
tier_1m,1_1438042987127.36_20150728002307-00114-ip-10-236-191-2_902351685_191.csv,10,5.0,50,3139,False,True,True,True,0.0010492849978618324,0.00490422299480997,0.006202848002430983
tier_1m,1_1438042987127.36_20150728002307-00114-ip-10-236-191-2_902351685_191.csv,20,5.0,100,3139,False,True,True,True,0.0010866459924727678,0.001837029994931072,0.00319029699312523
tier_1m,1_1438042987127.36_20150728002307-00182-ip-10-236-191-2_150862475_5.csv,5,10.0,50,260,False,True,True,True,0.0019193360058125108,0.0024648870021337643,0.004777437003212981
tier_1m,1_1438042987127.36_20150728002307-00182-ip-10-236-191-2_150862475_5.csv,10,10.0,100,260,False,True,True,True,0.0011874319898197427,0.0019252810016041622,0.0033756619959603995
tier_1m,1_1438042987127.36_20150728002307-00182-ip-10-236-191-2_150862475_5.csv,20,10.0,200,260,False,True,True,True,0.0012866129982285202,0.0024762219982221723,0.004062355001224205
tier_1m,1_1438042987127.36_20150728002307-00182-ip-10-236-191-2_150862475_5.csv,5,5.0,25,260,False,True,True,True,0.0009344900026917458,0.0015890579961705953,0.002763502998277545
tier_1m,1_1438042987127.36_20150728002307-00182-ip-10-236-191-2_150862475_5.csv,10,5.0,50,260,False,True,True,True,0.000950364992604591,0.0016035779990488663,0.002795765991322696
tier_1m,1_1438042987127.36_20150728002307-00182-ip-10-236-191-2_150862475_5.csv,20,5.0,100,260,False,True,True,True,0.0010738769924500957,0.001809712004614994,0.0031494809954892844
tier_1m,1_1438042987127.36_20150728002307-00000-ip-10-236-191-2_300770320_2.csv,5,10.0,50,623,False,True,True,True,0.0015915650001261383,0.0033180680038640276,0.005221593994065188
tier_1m,1_1438042987127.36_20150728002307-00000-ip-10-236-191-2_300770320_2.csv,10,10.0,100,623,False,True,True,True,0.0011243710032431409,0.0017235840059584007,0.003104193994658999
tier_1m,1_1438042987127.36_20150728002307-00000-ip-10-236-191-2_300770320_2.csv,20,10.0,200,623,False,True,True,True,0.0012816920061595738,0.002336712001124397,0.0039050380000844598
tier_1m,1_1438042987127.36_20150728002307-00000-ip-10-236-191-2_300770320_2.csv,5,5.0,25,623,False,True,True,True,0.0009540259925415739,0.001512300004833378,0.00270412300596945
tier_1m,1_1438042987127.36_20150728002307-00000-ip-10-236-191-2_300770320_2.csv,10,5.0,50,623,False,True,True,True,0.0009652810113038868,0.0031067739910213277,0.004324959998484701
tier_1m,1_1438042987127.36_20150728002307-00000-ip-10-236-191-2_300770320_2.csv,20,5.0,100,623,False,True,True,True,0.0010593930055620149,0.0030847540037939325,0.004404545994475484
tier_1m,1_1438042987127.36_20150728002307-00080-ip-10-236-191-2_899463259_102.csv,5,10.0,50,3011,False,True,True,True,0.0013044960069237277,0.0018934660038212314,0.0035025569959543645
tier_1m,1_1438042987127.36_20150728002307-00080-ip-10-236-191-2_899463259_102.csv,10,10.0,100,3011,False,True,True,True,0.0011461419926490635,0.0019307730108266696,0.0033419149986002594
tier_1m,1_1438042987127.36_20150728002307-00080-ip-10-236-191-2_899463259_102.csv,20,10.0,200,3011,False,True,True,True,0.0012678390048677102,0.00239714200142771,0.00395499900332652
tier_1m,1_1438042987127.36_20150728002307-00080-ip-10-236-191-2_899463259_102.csv,5,5.0,25,3011,False,True,True,True,0.000947679000091739,0.001529524990473874,0.002726391001488082
tier_1m,1_1438042987127.36_20150728002307-00080-ip-10-236-191-2_899463259_102.csv,10,5.0,50,3011,False,True,True,True,0.0009752979967743158,0.00157841200416442,0.002823590999469161
tier_1m,1_1438042987127.36_20150728002307-00080-ip-10-236-191-2_899463259_102.csv,20,5.0,100,3011,False,True,True,True,0.001071979000698775,0.0017950080073205754,0.0031214049959089607
tier_1m,1_1438042990112.50_20150728002310-00154-ip-10-236-191-2_303864106_21.csv,5,10.0,50,323,False,True,True,True,0.0013644010032294318,0.0019294270023237914,0.0036173569969832897
tier_1m,1_1438042990112.50_20150728002310-00154-ip-10-236-191-2_303864106_21.csv,10,10.0,100,323,False,True,True,True,0.0010548370046308264,0.0018967299984069541,0.003211513001588173
tier_1m,1_1438042990112.50_20150728002310-00154-ip-10-236-191-2_303864106_21.csv,20,10.0,200,323,False,True,True,True,0.001221740007167682,0.002390540001215413,0.0038991670007817447
tier_1m,1_1438042990112.50_20150728002310-00154-ip-10-236-191-2_303864106_21.csv,5,5.0,25,323,False,True,True,True,0.0008947610040195286,0.0014880610106047243,0.0026368340040789917
tier_1m,1_1438042990112.50_20150728002310-00154-ip-10-236-191-2_303864106_21.csv,10,5.0,50,323,False,True,True,True,0.000930137000977993,0.0015557070000795648,0.0027353019977454096
tier_1m,1_1438042990112.50_20150728002310-00154-ip-10-236-191-2_303864106_21.csv,20,5.0,100,323,False,True,True,True,0.000976509996689856,0.0017493350023869425,0.0029767689993605018
tier_1m,0_1438042988458.74_20150728002308-00095-ip-10-236-191-2_520943855_0.csv,5,10.0,50,309,False,True,True,True,0.0016360139998141676,0.0019479600014165044,0.0038799699977971613
tier_1m,0_1438042988458.74_20150728002308-00095-ip-10-236-191-2_520943855_0.csv,10,10.0,100,309,False,True,True,True,0.0011256800062255934,0.0018709680007304996,0.003255739007727243
tier_1m,0_1438042988458.74_20150728002308-00095-ip-10-236-191-2_520943855_0.csv,20,10.0,200,309,False,True,True,True,0.0012517139984993264,0.002039227998466231,0.0035877990012522787
tier_1m,0_1438042988458.74_20150728002308-00095-ip-10-236-191-2_520943855_0.csv,5,5.0,25,309,False,True,True,True,0.0008948269969550893,0.0014902349939802662,0.0026203260058537126
tier_1m,0_1438042988458.74_20150728002308-00095-ip-10-236-191-2_520943855_0.csv,10,5.0,50,309,False,True,True,True,0.0009316600044257939,0.0015354019997175783,0.002713081004912965
tier_1m,0_1438042988458.74_20150728002308-00095-ip-10-236-191-2_520943855_0.csv,20,5.0,100,309,False,True,True,True,0.000997769006062299,0.0017403050005668774,0.002992055000504479
tier_1m,1_1438042987127.36_20150728002307-00145-ip-10-236-191-2_499439925_0.csv,5,10.0,50,946,False,True,True,True,0.001518297998700291,0.0019318709964863956,0.0037482229963643476
tier_1m,1_1438042987127.36_20150728002307-00145-ip-10-236-191-2_499439925_0.csv,10,10.0,100,946,False,True,True,True,0.0011740350018953905,0.0017123019933933392,0.0031482740014325827
tier_1m,1_1438042987127.36_20150728002307-00145-ip-10-236-191-2_499439925_0.csv,20,10.0,200,946,False,True,True,True,0.0012571310071507469,0.002018304992816411,0.003565285005606711
tier_1m,1_1438042987127.36_20150728002307-00145-ip-10-236-191-2_499439925_0.csv,5,5.0,25,946,False,True,True,True,0.0009420479909749702,0.0015327779983635992,0.002723571000387892
tier_1m,1_1438042987127.36_20150728002307-00145-ip-10-236-191-2_499439925_0.csv,10,5.0,50,946,False,True,True,True,0.0009722760005388409,0.001497509001637809,0.002714264002861455
tier_1m,1_1438042987127.36_20150728002307-00145-ip-10-236-191-2_499439925_0.csv,20,5.0,100,946,False,True,True,True,0.00100630299129989,0.0016520869976375252,0.0029153189971111715
tier_1m,1_1438042990112.50_20150728002310-00013-ip-10-236-191-2_321346784_4.csv,5,10.0,50,1542,False,True,True,True,0.0015590499970130622,0.001985340000828728,0.0038415869930759072
tier_1m,1_1438042990112.50_20150728002310-00013-ip-10-236-191-2_321346784_4.csv,10,10.0,100,1542,False,True,True,True,0.00107963100890629,0.00187070899119135,0.0032065800041891634
tier_1m,1_1438042990112.50_20150728002310-00013-ip-10-236-191-2_321346784_4.csv,20,10.0,200,1542,False,True,True,True,0.0012224709935253486,0.0023807949910406023,0.0038858929910929874
tier_1m,1_1438042990112.50_20150728002310-00013-ip-10-236-191-2_321346784_4.csv,5,5.0,25,1542,False,True,True,True,0.0008887500007404014,0.001508693996584043,0.002650599999469705
tier_1m,1_1438042990112.50_20150728002310-00013-ip-10-236-191-2_321346784_4.csv,10,5.0,50,1542,False,True,True,True,0.0009900220029521734,0.0015459860005648807,0.0027894559898413718
tier_1m,1_1438042990112.50_20150728002310-00013-ip-10-236-191-2_321346784_4.csv,20,5.0,100,1542,False,True,True,True,0.0010440820042276755,0.0017813570011639968,0.0030776570056332275
tier_1m,1_1438042987127.36_20150728002307-00033-ip-10-236-191-2_482136553_0.csv,5,10.0,50,378,False,True,True,True,0.0013951300061307847,0.0018959599983645603,0.0035923990071751177
tier_1m,1_1438042987127.36_20150728002307-00033-ip-10-236-191-2_482136553_0.csv,10,10.0,100,378,False,True,True,True,0.0011005679989466444,0.0018946290074381977,0.003252709997468628
tier_1m,1_1438042987127.36_20150728002307-00033-ip-10-236-191-2_482136553_0.csv,20,10.0,200,378,False,True,True,True,0.0011924930004170164,0.0023974010109668598,0.0038747569924453273
tier_1m,1_1438042987127.36_20150728002307-00033-ip-10-236-191-2_482136553_0.csv,5,5.0,25,378,False,True,True,True,0.0009055130067281425,0.001473195996368304,0.0026144680014112964
tier_1m,1_1438042987127.36_20150728002307-00033-ip-10-236-191-2_482136553_0.csv,10,5.0,50,378,False,True,True,True,0.000898579994100146,0.0015565350040560588,0.002700677010579966
tier_1m,1_1438042987127.36_20150728002307-00033-ip-10-236-191-2_482136553_0.csv,20,5.0,100,378,False,True,True,True,0.0009856869874056429,0.0017410580039722845,0.0029726720094913617
tier_1m,0_1438042988061.16_20150728002308-00109-ip-10-236-191-2_681611335_21.csv,5,10.0,50,388,False,True,True,True,0.0016035650041885674,0.0018905739998444915,0.003796559991315007
tier_1m,0_1438042988061.16_20150728002308-00109-ip-10-236-191-2_681611335_21.csv,10,10.0,100,388,False,True,True,True,0.0011041340039810166,0.0018752449977910146,0.0032427749974885955
tier_1m,0_1438042988061.16_20150728002308-00109-ip-10-236-191-2_681611335_21.csv,20,10.0,200,388,False,True,True,True,0.001252439004019834,0.0024468390038236976,0.003994875005446374
tier_1m,0_1438042988061.16_20150728002308-00109-ip-10-236-191-2_681611335_21.csv,5,5.0,25,388,False,True,True,True,0.0009509309893473983,0.0015074760012794286,0.002699389006011188
tier_1m,0_1438042988061.16_20150728002308-00109-ip-10-236-191-2_681611335_21.csv,10,5.0,50,388,False,True,True,True,0.0009507840004516765,0.001599210998392664,0.0028011599933961406
tier_1m,0_1438042988061.16_20150728002308-00109-ip-10-236-191-2_681611335_21.csv,20,5.0,100,388,False,True,True,True,0.0010496009927010164,0.0017910930037032813,0.003096083994023502
tier_1m,0_1438042988061.16_20150728002308-00244-ip-10-236-191-2_65898746_2.csv,5,10.0,50,2500,False,True,True,True,0.0014303999923868105,0.002014426005189307,0.003757327009225264
tier_1m,0_1438042988061.16_20150728002308-00244-ip-10-236-191-2_65898746_2.csv,10,10.0,100,2500,False,True,True,True,0.00113473400415387,0.0019122349913232028,0.0033129070070572197
tier_1m,0_1438042988061.16_20150728002308-00244-ip-10-236-191-2_65898746_2.csv,20,10.0,200,2500,False,True,True,True,0.0012462939921533689,0.0024636830057715997,0.00400281700422056
tier_1m,0_1438042988061.16_20150728002308-00244-ip-10-236-191-2_65898746_2.csv,5,5.0,25,2500,False,True,True,True,0.0009469840006204322,0.0014879899972584099,0.002679940007510595
tier_1m,0_1438042988061.16_20150728002308-00244-ip-10-236-191-2_65898746_2.csv,10,5.0,50,2500,False,True,True,True,0.0009443349990760908,0.0016004000062821433,0.002799619993311353
tier_1m,0_1438042988061.16_20150728002308-00244-ip-10-236-191-2_65898746_2.csv,20,5.0,100,2500,False,True,True,True,0.0010283649899065495,0.0017831590084824711,0.0030668700055684894
tier_1m,0_1438042988061.16_20150728002308-00215-ip-10-236-191-2_362876303_35.csv,5,10.0,50,638,False,True,True,True,0.0019158359937136993,0.0022124590032035485,0.0045212260010885075
tier_1m,0_1438042988061.16_20150728002308-00215-ip-10-236-191-2_362876303_35.csv,10,10.0,100,638,False,True,True,True,0.001469053007895127,0.0022687620075885206,0.004084551997948438
tier_1m,0_1438042988061.16_20150728002308-00215-ip-10-236-191-2_362876303_35.csv,20,10.0,200,638,False,True,True,True,0.0017033189942594618,0.0020251600071787834,0.004089649999514222
tier_1m,0_1438042988061.16_20150728002308-00215-ip-10-236-191-2_362876303_35.csv,5,5.0,25,638,False,True,True,True,0.0009198040061164647,0.0014892219915054739,0.002642054998432286
tier_1m,0_1438042988061.16_20150728002308-00215-ip-10-236-191-2_362876303_35.csv,10,5.0,50,638,False,True,True,True,0.0009270909940823913,0.001521478989161551,0.0026899689983110875
tier_1m,0_1438042988061.16_20150728002308-00215-ip-10-236-191-2_362876303_35.csv,20,5.0,100,638,False,True,True,True,0.0009894520044326782,0.0016223769926000386,0.0028587060078280047
tier_1m,1_1438042990112.50_20150728002310-00312-ip-10-236-191-2_3243890_59.csv,5,10.0,50,296,False,True,True,True,0.001449517993023619,0.0019593100005295128,0.003707499010488391
tier_1m,1_1438042990112.50_20150728002310-00312-ip-10-236-191-2_3243890_59.csv,10,10.0,100,296,False,True,True,True,0.0010915880120592192,0.0018737560021691024,0.0032224969909293577
tier_1m,1_1438042990112.50_20150728002310-00312-ip-10-236-191-2_3243890_59.csv,20,10.0,200,296,False,True,True,True,0.0017142010037787259,0.0035920840018661693,0.005691004000254907
tier_1m,1_1438042990112.50_20150728002310-00312-ip-10-236-191-2_3243890_59.csv,5,5.0,25,296,False,True,True,True,0.0012151889968663454,0.0021771759929833934,0.0037179610080784187
tier_1m,1_1438042990112.50_20150728002310-00312-ip-10-236-191-2_3243890_59.csv,10,5.0,50,296,False,True,True,True,0.001271015004022047,0.0023070659954100847,0.00392091300454922
tier_1m,1_1438042990112.50_20150728002310-00312-ip-10-236-191-2_3243890_59.csv,20,5.0,100,296,False,True,True,True,0.0013754389947280288,0.0024753080069785938,0.00421499100048095
tier_1m,1_1438042990112.50_20150728002310-00085-ip-10-236-191-2_403435483_3.csv,5,10.0,50,769,False,True,True,True,0.001597408001543954,0.0022279120021266863,0.004182176009635441
tier_1m,1_1438042990112.50_20150728002310-00085-ip-10-236-191-2_403435483_3.csv,10,10.0,100,769,False,True,True,True,0.0014897290093358606,0.002607084999908693,0.004464108991669491
tier_1m,1_1438042990112.50_20150728002310-00085-ip-10-236-191-2_403435483_3.csv,20,10.0,200,769,False,True,True,True,0.001721870998153463,0.003486458008410409,0.005624418001389131
tier_1m,1_1438042990112.50_20150728002310-00085-ip-10-236-191-2_403435483_3.csv,5,5.0,25,769,False,True,True,True,0.0012170519912615418,0.002265886010718532,0.0038272419915301725
tier_1m,1_1438042990112.50_20150728002310-00085-ip-10-236-191-2_403435483_3.csv,10,5.0,50,769,False,True,True,True,0.0012828159960918128,0.002304199995705858,0.003936938010156155
tier_1m,1_1438042990112.50_20150728002310-00085-ip-10-236-191-2_403435483_3.csv,20,5.0,100,769,False,True,True,True,0.0014010309969307855,0.0024972569954115897,0.004255994994309731
tier_1m,0_1438042988061.16_20150728002308-00194-ip-10-236-191-2_846810834_13.csv,5,10.0,50,165,False,True,True,True,0.0014796330069657415,0.002172414999222383,0.003994854996562935
tier_1m,0_1438042988061.16_20150728002308-00194-ip-10-236-191-2_846810834_13.csv,10,10.0,100,165,False,True,True,True,0.0014966640010243282,0.002588900999398902,0.00446812401060015
tier_1m,0_1438042988061.16_20150728002308-00194-ip-10-236-191-2_846810834_13.csv,20,10.0,200,165,True,True,True,True,0.0016400610038544983,0.00406410799769219,0.0060970229969825596
tier_1m,0_1438042988061.16_20150728002308-00194-ip-10-236-191-2_846810834_13.csv,5,5.0,25,165,False,True,True,True,0.0012060510052833706,0.0022325020108837634,0.0037650580052286386
tier_1m,0_1438042988061.16_20150728002308-00194-ip-10-236-191-2_846810834_13.csv,10,5.0,50,165,False,True,True,True,0.0012412820069584996,0.0022796080011175945,0.0038581280095968395
tier_1m,0_1438042988061.16_20150728002308-00194-ip-10-236-191-2_846810834_13.csv,20,5.0,100,165,False,True,True,True,0.0013806700007990003,0.002401309000561014,0.004139378012041561
tier_1m,1_1438042990112.50_20150728002310-00286-ip-10-236-191-2_318221297_4.csv,5,10.0,50,1688,False,True,True,True,0.0015461720031453297,0.002225859003374353,0.004094257004908286
tier_1m,1_1438042990112.50_20150728002310-00286-ip-10-236-191-2_318221297_4.csv,10,10.0,100,1688,False,True,True,True,0.0013812160032102838,0.002132773006451316,0.0038353589916368946
tier_1m,1_1438042990112.50_20150728002310-00286-ip-10-236-191-2_318221297_4.csv,20,10.0,200,1688,False,True,True,True,0.001534076000098139,0.0029609470075229183,0.004880442007561214
tier_1m,1_1438042990112.50_20150728002310-00286-ip-10-236-191-2_318221297_4.csv,5,5.0,25,1688,False,True,True,True,0.0011293849966023117,0.0017842750094132498,0.0032043959945440292
tier_1m,1_1438042990112.50_20150728002310-00286-ip-10-236-191-2_318221297_4.csv,10,5.0,50,1688,False,True,True,True,0.0012549859966384247,0.0019067489920416847,0.003506411987473257
tier_1m,1_1438042990112.50_20150728002310-00286-ip-10-236-191-2_318221297_4.csv,20,5.0,100,1688,False,True,True,True,0.0013609010056825355,0.0020632140076486394,0.0037472769909072667
tier_1m,1_1438042987127.36_20150728002307-00290-ip-10-236-191-2_407999777_10.csv,5,10.0,50,533,False,True,True,True,0.0014723259955644608,0.0022740540007362142,0.004093497002031654
tier_1m,1_1438042987127.36_20150728002307-00290-ip-10-236-191-2_407999777_10.csv,10,10.0,100,533,False,True,True,True,0.0015024239983176813,0.0025821669987635687,0.004459495990886353
tier_1m,1_1438042987127.36_20150728002307-00290-ip-10-236-191-2_407999777_10.csv,20,10.0,200,533,False,True,True,True,0.0017434439942007884,0.002749397011939436,0.004906315996777266
tier_1m,1_1438042987127.36_20150728002307-00290-ip-10-236-191-2_407999777_10.csv,5,5.0,25,533,False,True,True,True,0.001215957003296353,0.0019785900076385587,0.0035251170047558844
tier_1m,1_1438042987127.36_20150728002307-00290-ip-10-236-191-2_407999777_10.csv,10,5.0,50,533,False,True,True,True,0.0012411409988999367,0.0020161739957984537,0.0036110369983362034
tier_1m,1_1438042987127.36_20150728002307-00290-ip-10-236-191-2_407999777_10.csv,20,5.0,100,533,False,True,True,True,0.0013861229963367805,0.002441566000925377,0.004188879000139423
tier_1m,0_1438042988458.74_20150728002308-00166-ip-10-236-191-2_302386578_10.csv,5,10.0,50,627,False,True,True,True,0.001621281000552699,0.0019521229987731203,0.003923115989891812
tier_1m,0_1438042988458.74_20150728002308-00166-ip-10-236-191-2_302386578_10.csv,10,10.0,100,627,False,True,True,True,0.0015482320013688877,0.002580374013632536,0.0044993290066486225
tier_1m,0_1438042988458.74_20150728002308-00166-ip-10-236-191-2_302386578_10.csv,20,10.0,200,627,False,True,True,True,0.0017640310106799006,0.0026998510002158582,0.004878856998402625
tier_1m,0_1438042988458.74_20150728002308-00166-ip-10-236-191-2_302386578_10.csv,5,5.0,25,627,False,True,True,True,0.0012468820059439167,0.002163338998798281,0.003739353996934369
tier_1m,0_1438042988458.74_20150728002308-00166-ip-10-236-191-2_302386578_10.csv,10,5.0,50,627,False,True,True,True,0.0012995029974263161,0.002240355999674648,0.003887262995704077
tier_1m,0_1438042988458.74_20150728002308-00166-ip-10-236-191-2_302386578_10.csv,20,5.0,100,627,False,True,True,True,0.0014593719970434904,0.0025272619968745857,0.004344658998888917
tier_1m,0_1438042988458.74_20150728002308-00253-ip-10-236-191-2_222600153_3.csv,5,10.0,50,318,False,True,True,True,0.001455680001527071,0.002304160996573046,0.004099611993297003
tier_1m,0_1438042988458.74_20150728002308-00253-ip-10-236-191-2_222600153_3.csv,10,10.0,100,318,False,True,True,True,0.001500950995250605,0.002631487004691735,0.004497182002523914
tier_1m,0_1438042988458.74_20150728002308-00253-ip-10-236-191-2_222600153_3.csv,20,10.0,200,318,False,True,True,True,0.0017393659945810214,0.003486105997581035,0.005641226001898758
tier_1m,0_1438042988458.74_20150728002308-00253-ip-10-236-191-2_222600153_3.csv,5,5.0,25,318,False,True,True,True,0.0011979389964835718,0.0022221380058908835,0.0037365099997259676
tier_1m,0_1438042988458.74_20150728002308-00253-ip-10-236-191-2_222600153_3.csv,10,5.0,50,318,False,True,True,True,0.0012469889916246757,0.0022528879926539958,0.0038303110050037503
tier_1m,0_1438042988458.74_20150728002308-00253-ip-10-236-191-2_222600153_3.csv,20,5.0,100,318,False,True,True,True,0.001377776003209874,0.0025108849949901924,0.0042423269915161654
tier_1m,1_1438042990112.50_20150728002310-00237-ip-10-236-191-2_880298254_15.csv,5,10.0,50,2826,False,True,True,True,0.0015172310086200014,0.0021331879979697987,0.003990468991105445
tier_1m,1_1438042990112.50_20150728002310-00237-ip-10-236-191-2_880298254_15.csv,10,10.0,100,2826,False,True,True,True,0.0011717519955709577,0.002113422000547871,0.0035863259981852025
tier_1m,1_1438042990112.50_20150728002310-00237-ip-10-236-191-2_880298254_15.csv,20,10.0,200,2826,False,True,True,True,0.0013188669981900603,0.0037755769881187007,0.005438025007606484
tier_1m,1_1438042990112.50_20150728002310-00237-ip-10-236-191-2_880298254_15.csv,5,5.0,25,2826,False,True,True,True,0.0009310879977419972,0.0015563459892291576,0.0027657409955281764
tier_1m,1_1438042990112.50_20150728002310-00237-ip-10-236-191-2_880298254_15.csv,10,5.0,50,2826,False,True,True,True,0.000975984992692247,0.001882152006146498,0.0031460569880437106
tier_1m,1_1438042990112.50_20150728002310-00237-ip-10-236-191-2_880298254_15.csv,20,5.0,100,2826,False,True,True,True,0.001102666006772779,0.001986793999094516,0.0033922129950951785
tier_1m,0_1438042988061.16_20150728002308-00089-ip-10-236-191-2_807127666_2.csv,5,10.0,50,831,False,True,True,True,0.0013982689997646958,0.00224274599167984,0.003988758006016724
tier_1m,0_1438042988061.16_20150728002308-00089-ip-10-236-191-2_807127666_2.csv,10,10.0,100,831,False,True,True,True,0.0015610440023010597,0.002603022992843762,0.004534615000011399
tier_1m,0_1438042988061.16_20150728002308-00089-ip-10-236-191-2_807127666_2.csv,20,10.0,200,831,False,True,True,True,0.0017519670072942972,0.0032358239986933768,0.005412173995864578
tier_1m,0_1438042988061.16_20150728002308-00089-ip-10-236-191-2_807127666_2.csv,5,5.0,25,831,False,True,True,True,0.001199960010126233,0.002194569999119267,0.0037250360037432984
tier_1m,0_1438042988061.16_20150728002308-00089-ip-10-236-191-2_807127666_2.csv,10,5.0,50,831,False,True,True,True,0.001258731004782021,0.0022097319888416678,0.0038006769900675863
tier_1m,0_1438042988061.16_20150728002308-00089-ip-10-236-191-2_807127666_2.csv,20,5.0,100,831,False,True,True,True,0.0013874009891878814,0.002430808002827689,0.00418712999089621
tier_1m,0_1438042988458.74_20150728002308-00060-ip-10-236-191-2_492355315_1.csv,5,10.0,50,2500,False,True,True,True,0.0015234559978125617,0.0021475649991771206,0.004020647989818826
tier_1m,0_1438042988458.74_20150728002308-00060-ip-10-236-191-2_492355315_1.csv,10,10.0,100,2500,False,True,True,True,0.00119778499356471,0.0021234139858279377,0.0036236080050002784
tier_1m,0_1438042988458.74_20150728002308-00060-ip-10-236-191-2_492355315_1.csv,20,10.0,200,2500,False,True,True,True,0.0012712110037682578,0.002970390996779315,0.004577307001454756
tier_1m,0_1438042988458.74_20150728002308-00060-ip-10-236-191-2_492355315_1.csv,5,5.0,25,2500,False,True,True,True,0.0009356850059702992,0.0017910939932335168,0.0030255780002335086
tier_1m,0_1438042988458.74_20150728002308-00060-ip-10-236-191-2_492355315_1.csv,10,5.0,50,2500,False,True,True,True,0.0009515870042378083,0.0018311930034542456,0.003075618005823344
tier_1m,0_1438042988458.74_20150728002308-00060-ip-10-236-191-2_492355315_1.csv,20,5.0,100,2500,False,True,True,True,0.001030170009471476,0.002062539992039092,0.003382978989975527
tier_1m,1_1438042990112.50_20150728002310-00296-ip-10-236-191-2_202658094_3.csv,5,10.0,50,528,False,True,True,True,0.0014422399981413037,0.0022724189911969006,0.004071844014106318
tier_1m,1_1438042990112.50_20150728002310-00296-ip-10-236-191-2_202658094_3.csv,10,10.0,100,528,False,True,True,True,0.001487115994677879,0.00262584000302013,0.004487072001211345
tier_1m,1_1438042990112.50_20150728002310-00296-ip-10-236-191-2_202658094_3.csv,20,10.0,200,528,False,True,True,True,0.0016995810001390055,0.003349951992277056,0.00546305401076097
tier_1m,1_1438042990112.50_20150728002310-00296-ip-10-236-191-2_202658094_3.csv,5,5.0,25,528,False,True,True,True,0.0012045820039929822,0.002146582002751529,0.0036807690048590302
tier_1m,1_1438042990112.50_20150728002310-00296-ip-10-236-191-2_202658094_3.csv,10,5.0,50,528,False,True,True,True,0.0012490250082919374,0.002225211006589234,0.0038292280078167096
tier_1m,1_1438042990112.50_20150728002310-00296-ip-10-236-191-2_202658094_3.csv,20,5.0,100,528,False,True,True,True,0.0013808509975206107,0.002458044997183606,0.00421272600942757
tier_1m,1_1438042988061.16_20150728002308-00013-ip-10-236-191-2_636339982_0.csv,5,10.0,50,625,False,True,True,True,0.0014381120126927271,0.002186108991736546,0.003971142999944277
tier_1m,1_1438042988061.16_20150728002308-00013-ip-10-236-191-2_636339982_0.csv,10,10.0,100,625,False,True,True,True,0.0014631020021624863,0.0025869730015983805,0.004426364001119509
tier_1m,1_1438042988061.16_20150728002308-00013-ip-10-236-191-2_636339982_0.csv,20,10.0,200,625,False,True,True,True,0.0016760889993747696,0.003449725001701154,0.005536726996069774
tier_1m,1_1438042988061.16_20150728002308-00013-ip-10-236-191-2_636339982_0.csv,5,5.0,25,625,False,True,True,True,0.0012131769908592105,0.0021447530016303062,0.003678551991470158
tier_1m,1_1438042988061.16_20150728002308-00013-ip-10-236-191-2_636339982_0.csv,10,5.0,50,625,False,True,True,True,0.0012355929939076304,0.002222122988314368,0.003791934999753721
tier_1m,1_1438042988061.16_20150728002308-00013-ip-10-236-191-2_636339982_0.csv,20,5.0,100,625,False,True,True,True,0.0013474139996105805,0.0024492579977959394,0.0041596829978516325
tier_1m,1_1438042987127.36_20150728002307-00294-ip-10-236-191-2_390417830_16.csv,5,10.0,50,812,False,True,True,True,0.0015923430037219077,0.0022079500049585477,0.004136193994781934
tier_1m,1_1438042987127.36_20150728002307-00294-ip-10-236-191-2_390417830_16.csv,10,10.0,100,812,False,True,True,True,0.0014355119928950444,0.0026037750067189336,0.004411853995407
tier_1m,1_1438042987127.36_20150728002307-00294-ip-10-236-191-2_390417830_16.csv,20,10.0,200,812,False,True,True,True,0.0016651509940857068,0.0033840770047390833,0.005465359005029313
tier_1m,1_1438042987127.36_20150728002307-00294-ip-10-236-191-2_390417830_16.csv,5,5.0,25,812,False,True,True,True,0.0011890539899468422,0.0022054150031181052,0.0037175769975874573
tier_1m,1_1438042987127.36_20150728002307-00294-ip-10-236-191-2_390417830_16.csv,10,5.0,50,812,False,True,True,True,0.0012506970087997615,0.0022677839879179373,0.003857624004012905
tier_1m,1_1438042987127.36_20150728002307-00294-ip-10-236-191-2_390417830_16.csv,20,5.0,100,812,False,True,True,True,0.0013687409955309704,0.002476913999998942,0.004198904003715143
tier_1m,0_1438042988458.74_20150728002308-00254-ip-10-236-191-2_909417374_257.csv,5,10.0,50,2794,False,True,True,True,0.0014833860041107982,0.0019105029932688922,0.0037225460109766573
tier_1m,0_1438042988458.74_20150728002308-00254-ip-10-236-191-2_909417374_257.csv,10,10.0,100,2794,False,True,True,True,0.0014268020022427663,0.002011852993746288,0.0037427250063046813
tier_1m,0_1438042988458.74_20150728002308-00254-ip-10-236-191-2_909417374_257.csv,20,10.0,200,2794,False,True,True,True,0.0013880679907742888,0.0048191009991569445,0.006503730997792445
tier_1m,0_1438042988458.74_20150728002308-00254-ip-10-236-191-2_909417374_257.csv,5,5.0,25,2794,False,True,True,True,0.000981246994342655,0.0015705080004408956,0.002792447994579561
tier_1m,0_1438042988458.74_20150728002308-00254-ip-10-236-191-2_909417374_257.csv,10,5.0,50,2794,False,True,True,True,0.0010008210083469748,0.0015832640056032687,0.0028282709972700104
tier_1m,0_1438042988458.74_20150728002308-00254-ip-10-236-191-2_909417374_257.csv,20,5.0,100,2794,False,True,True,True,0.00109197199344635,0.001643964002141729,0.002998632990056649
tier_1m,0_1438042988061.16_20150728002308-00101-ip-10-236-191-2_653250037_0.csv,5,10.0,50,176,False,True,True,True,0.001589437000802718,0.001831176006817259,0.003715347993420437
tier_1m,0_1438042988061.16_20150728002308-00101-ip-10-236-191-2_653250037_0.csv,10,10.0,100,176,False,True,True,True,0.001104682989534922,0.0018840910051949322,0.0032633459923090413
tier_1m,0_1438042988061.16_20150728002308-00101-ip-10-236-191-2_653250037_0.csv,20,10.0,200,176,True,True,True,True,0.0012039180001011118,0.001906229997985065,0.0033806729916250333
tier_1m,0_1438042988061.16_20150728002308-00101-ip-10-236-191-2_653250037_0.csv,5,5.0,25,176,False,True,True,True,0.0008945529989432544,0.0015106060018297285,0.0026411810104036704
tier_1m,0_1438042988061.16_20150728002308-00101-ip-10-236-191-2_653250037_0.csv,10,5.0,50,176,False,True,True,True,0.0009094350098166615,0.0015336270007537678,0.0026830290007637814
tier_1m,0_1438042988061.16_20150728002308-00101-ip-10-236-191-2_653250037_0.csv,20,5.0,100,176,False,True,True,True,0.0010168290027650073,0.0017591369978617877,0.0030269499984569848
tier_1m,0_1438042988458.74_20150728002308-00046-ip-10-236-191-2_428007644_11.csv,5,10.0,50,2,True,False,False,False,0.0,0.0,9.238996426574886e-06
tier_1m,0_1438042988458.74_20150728002308-00046-ip-10-236-191-2_428007644_11.csv,10,10.0,100,2,True,False,False,False,0.0,0.0,1.8300052033737302e-06
tier_1m,0_1438042988458.74_20150728002308-00046-ip-10-236-191-2_428007644_11.csv,20,10.0,200,2,True,False,False,False,0.0,0.0,1.3859971659258008e-06
tier_1m,0_1438042988458.74_20150728002308-00046-ip-10-236-191-2_428007644_11.csv,5,5.0,25,2,True,False,False,False,0.0,0.0,1.205000444315374e-06
tier_1m,0_1438042988458.74_20150728002308-00046-ip-10-236-191-2_428007644_11.csv,10,5.0,50,2,True,False,False,False,0.0,0.0,1.124004484154284e-06
tier_1m,0_1438042988458.74_20150728002308-00046-ip-10-236-191-2_428007644_11.csv,20,5.0,100,2,True,False,False,False,0.0,0.0,1.0989897418767214e-06
tier_1m,1_1438042987127.36_20150728002307-00290-ip-10-236-191-2_469307566_0.csv,5,10.0,50,575,False,False,True,False,0.001391423007589765,0.0,0.0014214420079952106
tier_1m,1_1438042987127.36_20150728002307-00290-ip-10-236-191-2_469307566_0.csv,10,10.0,100,575,False,False,True,False,0.0011515770020196214,0.0,0.0011920990073122084
tier_1m,1_1438042987127.36_20150728002307-00290-ip-10-236-191-2_469307566_0.csv,20,10.0,200,575,False,False,True,False,0.0012152970011811703,0.0,0.0012778529926436022
tier_1m,1_1438042987127.36_20150728002307-00290-ip-10-236-191-2_469307566_0.csv,5,5.0,25,575,False,False,True,False,0.0008922019915189594,0.0,0.0009123049967456609
tier_1m,1_1438042987127.36_20150728002307-00290-ip-10-236-191-2_469307566_0.csv,10,5.0,50,575,False,False,True,False,0.0008660149906063452,0.0,0.0008911760087357834
tier_1m,1_1438042987127.36_20150728002307-00290-ip-10-236-191-2_469307566_0.csv,20,5.0,100,575,False,False,True,False,0.000987177001661621,0.0,0.0010246129968436435
tier_1m,1_1438042990112.50_20150728002310-00062-ip-10-236-191-2_896744244_9.csv,5,10.0,50,2635,False,True,True,True,0.001497821998782456,0.0018937919958261773,0.0036834210040979087
tier_1m,1_1438042990112.50_20150728002310-00062-ip-10-236-191-2_896744244_9.csv,10,10.0,100,2635,False,True,True,True,0.0010860680049518123,0.001888377999421209,0.0032426940015284345
tier_1m,1_1438042990112.50_20150728002310-00062-ip-10-236-191-2_896744244_9.csv,20,10.0,200,2635,False,True,True,True,0.0012325709976721555,0.002377598997554742,0.0038966970023466274
tier_1m,1_1438042990112.50_20150728002310-00062-ip-10-236-191-2_896744244_9.csv,5,5.0,25,2635,False,True,True,True,0.0009246839908882976,0.0014984729932621121,0.002667979002580978
tier_1m,1_1438042990112.50_20150728002310-00062-ip-10-236-191-2_896744244_9.csv,10,5.0,50,2635,False,True,True,True,0.0009413020015927032,0.0015553849952993914,0.0027488839987199754
tier_1m,1_1438042990112.50_20150728002310-00062-ip-10-236-191-2_896744244_9.csv,20,5.0,100,2635,False,True,True,True,0.0010319160064682364,0.0017774059961084276,0.0030618029995821416
tier_1m,1_1438042990112.50_20150728002310-00225-ip-10-236-191-2_718036865_0.csv,5,10.0,50,1231,False,False,True,False,0.0013409719977062196,0.0,0.0013752959930570796
tier_1m,1_1438042990112.50_20150728002310-00225-ip-10-236-191-2_718036865_0.csv,10,10.0,100,1231,False,False,True,False,0.001124941001762636,0.0,0.001165911991847679
tier_1m,1_1438042990112.50_20150728002310-00225-ip-10-236-191-2_718036865_0.csv,20,10.0,200,1231,False,False,True,False,0.0012515840062405914,0.0,0.0013160200032871217
tier_1m,1_1438042990112.50_20150728002310-00225-ip-10-236-191-2_718036865_0.csv,5,5.0,25,1231,False,False,True,False,0.0008958560065366328,0.0,0.0009171559941023588
tier_1m,1_1438042990112.50_20150728002310-00225-ip-10-236-191-2_718036865_0.csv,10,5.0,50,1231,False,False,True,False,0.0009124490024987608,0.0,0.0009383819997310638
tier_1m,1_1438042990112.50_20150728002310-00225-ip-10-236-191-2_718036865_0.csv,20,5.0,100,1231,False,False,True,False,0.0009502119937678799,0.0,0.0009883919992716983
tier_1m,0_1438042988061.16_20150728002308-00189-ip-10-236-191-2_414087396_10.csv,5,10.0,50,387,False,True,True,True,0.00149647900252603,0.0019426000071689487,0.00374458399892319
tier_1m,0_1438042988061.16_20150728002308-00189-ip-10-236-191-2_414087396_10.csv,10,10.0,100,387,False,True,True,True,0.0011357670009601861,0.0019229129975428805,0.0033157370053231716
tier_1m,0_1438042988061.16_20150728002308-00189-ip-10-236-191-2_414087396_10.csv,20,10.0,200,387,False,True,True,True,0.0012268519931240007,0.0024245849926956,0.003935854008886963
tier_1m,0_1438042988061.16_20150728002308-00189-ip-10-236-191-2_414087396_10.csv,5,5.0,25,387,False,True,True,True,0.0009032220114022493,0.0015061860030982643,0.002652077004313469
tier_1m,0_1438042988061.16_20150728002308-00189-ip-10-236-191-2_414087396_10.csv,10,5.0,50,387,False,True,True,True,0.0009113480045925826,0.001561420998768881,0.0027182860067114234
tier_1m,0_1438042988061.16_20150728002308-00189-ip-10-236-191-2_414087396_10.csv,20,5.0,100,387,False,True,True,True,0.0010237039969069883,0.001776631994289346,0.0030534870020346716
tier_1m,0_1438042988061.16_20150728002308-00144-ip-10-236-191-2_279381280_30.csv,5,10.0,50,1398,False,False,True,False,0.0013479939952958375,0.0,0.001382260990794748
tier_1m,0_1438042988061.16_20150728002308-00144-ip-10-236-191-2_279381280_30.csv,10,10.0,100,1398,False,False,True,False,0.00114803398901131,0.0,0.001188366994028911
tier_1m,0_1438042988061.16_20150728002308-00144-ip-10-236-191-2_279381280_30.csv,20,10.0,200,1398,False,False,True,False,0.0011785129900090396,0.0,0.001241328995092772
tier_1m,0_1438042988061.16_20150728002308-00144-ip-10-236-191-2_279381280_30.csv,5,5.0,25,1398,False,False,True,False,0.0009088220103876665,0.0,0.0009292299946537241
tier_1m,0_1438042988061.16_20150728002308-00144-ip-10-236-191-2_279381280_30.csv,10,5.0,50,1398,False,False,True,False,0.0009562590130371973,0.0,0.0009849880007095635
tier_1m,0_1438042988061.16_20150728002308-00144-ip-10-236-191-2_279381280_30.csv,20,5.0,100,1398,False,False,True,False,0.0009627249964978546,0.0,0.0010013120045186952
tier_1m,1_1438042990112.50_20150728002310-00081-ip-10-236-191-2_890934925_129.csv,5,10.0,50,2295,False,True,True,True,0.0013462989882100374,0.0018487159977667034,0.0034958640026161447
tier_1m,1_1438042990112.50_20150728002310-00081-ip-10-236-191-2_890934925_129.csv,10,10.0,100,2295,False,True,True,True,0.0011066040024161339,0.0018569350067991763,0.003226190005079843
tier_1m,1_1438042990112.50_20150728002310-00081-ip-10-236-191-2_890934925_129.csv,20,10.0,200,2295,False,True,True,True,0.0012648260017158464,0.002359142992645502,0.003910106999683194
tier_1m,1_1438042990112.50_20150728002310-00081-ip-10-236-191-2_890934925_129.csv,5,5.0,25,2295,False,True,True,True,0.0009360309923067689,0.0014871299936203286,0.002659225996467285
tier_1m,1_1438042990112.50_20150728002310-00081-ip-10-236-191-2_890934925_129.csv,10,5.0,50,2295,False,True,True,True,0.0010523090022616088,0.001576337992446497,0.002875616992241703
tier_1m,1_1438042990112.50_20150728002310-00081-ip-10-236-191-2_890934925_129.csv,20,5.0,100,2295,False,True,True,True,0.00106612998933997,0.0018231980066047981,0.003142154004308395
tier_1m,0_1438042988061.16_20150728002308-00133-ip-10-236-191-2_59742533_2.csv,5,10.0,50,482,False,True,True,True,0.0016731550131225958,0.002013411998632364,0.00401138499728404
tier_1m,0_1438042988061.16_20150728002308-00133-ip-10-236-191-2_59742533_2.csv,10,10.0,100,482,False,True,True,True,0.0014761470083612949,0.00259924799320288,0.004442753997864202
tier_1m,0_1438042988061.16_20150728002308-00133-ip-10-236-191-2_59742533_2.csv,20,10.0,200,482,False,True,True,True,0.0016448669921373948,0.0036409710010048,0.005696075008017942
tier_1m,0_1438042988061.16_20150728002308-00133-ip-10-236-191-2_59742533_2.csv,5,5.0,25,482,False,True,True,True,0.001142963010352105,0.0018058779969578609,0.003224722997401841
tier_1m,0_1438042988061.16_20150728002308-00133-ip-10-236-191-2_59742533_2.csv,10,5.0,50,482,False,True,True,True,0.0009057279967237264,0.0015480409929296002,0.0027181810000911355
tier_1m,0_1438042988061.16_20150728002308-00133-ip-10-236-191-2_59742533_2.csv,20,5.0,100,482,False,True,True,True,0.0010091840085806325,0.001761078994604759,0.00302146899048239
tier_1m,1_1438042990112.50_20150728002310-00259-ip-10-236-191-2_889779227_121.csv,5,10.0,50,2785,False,True,True,True,0.0014505040016956627,0.0018736229976639152,0.003621465992182493
tier_1m,1_1438042990112.50_20150728002310-00259-ip-10-236-191-2_889779227_121.csv,10,10.0,100,2785,False,True,True,True,0.0012256729969521984,0.0018816430092556402,0.0033730739960446954
tier_1m,1_1438042990112.50_20150728002310-00259-ip-10-236-191-2_889779227_121.csv,20,10.0,200,2785,False,True,True,True,0.0012480949953896925,0.0023843160015530884,0.003929172991774976
tier_1m,1_1438042990112.50_20150728002310-00259-ip-10-236-191-2_889779227_121.csv,5,5.0,25,2785,False,True,True,True,0.0009501059976173565,0.001512344999355264,0.0027054269885411486
tier_1m,1_1438042990112.50_20150728002310-00259-ip-10-236-191-2_889779227_121.csv,10,5.0,50,2785,False,True,True,True,0.0009522229956928641,0.0015709630097262561,0.002775239001493901
tier_1m,1_1438042990112.50_20150728002310-00259-ip-10-236-191-2_889779227_121.csv,20,5.0,100,2785,False,True,True,True,0.0010493219888303429,0.0018866790051106364,0.0031911690020933747
tier_1m,0_1438042988458.74_20150728002308-00262-ip-10-236-191-2_380524338_2.csv,5,10.0,50,1148,False,True,True,True,0.0015713590109953657,0.0021012249926570803,0.0039664859941694885
tier_1m,0_1438042988458.74_20150728002308-00262-ip-10-236-191-2_380524338_2.csv,10,10.0,100,1148,False,True,True,True,0.0011122779978904873,0.0018967209907714278,0.003269793000072241
tier_1m,0_1438042988458.74_20150728002308-00262-ip-10-236-191-2_380524338_2.csv,20,10.0,200,1148,False,True,True,True,0.001238156997715123,0.0024306700070155784,0.003958404995501041
tier_1m,0_1438042988458.74_20150728002308-00262-ip-10-236-191-2_380524338_2.csv,5,5.0,25,1148,False,True,True,True,0.0009231500007444993,0.0015487030032090843,0.0027094310062238947
tier_1m,0_1438042988458.74_20150728002308-00262-ip-10-236-191-2_380524338_2.csv,10,5.0,50,1148,False,True,True,True,0.0009570919937686995,0.0015868810005486012,0.0027966030029347166
tier_1m,0_1438042988458.74_20150728002308-00262-ip-10-236-191-2_380524338_2.csv,20,5.0,100,1148,False,True,True,True,0.0010022139904322103,0.001775343989720568,0.0030303699895739555
tier_1m,1_1438042987127.36_20150728002307-00027-ip-10-236-191-2_67802697_2.csv,5,10.0,50,678,False,True,True,True,0.0014046559954294935,0.0019431160035310313,0.0036461010022321716
tier_1m,1_1438042987127.36_20150728002307-00027-ip-10-236-191-2_67802697_2.csv,10,10.0,100,678,False,True,True,True,0.0010781650053104386,0.0018640900088939816,0.0031946060043992475
tier_1m,1_1438042987127.36_20150728002307-00027-ip-10-236-191-2_67802697_2.csv,20,10.0,200,678,False,True,True,True,0.0012120909959776327,0.002409834007266909,0.003917342008207925
tier_1m,1_1438042987127.36_20150728002307-00027-ip-10-236-191-2_67802697_2.csv,5,5.0,25,678,False,True,True,True,0.0009031540103023872,0.0016058469918789342,0.0027472670044517145
tier_1m,1_1438042987127.36_20150728002307-00027-ip-10-236-191-2_67802697_2.csv,10,5.0,50,678,False,True,True,True,0.0009163659997284412,0.0016669350006850436,0.002828690005117096
tier_1m,1_1438042987127.36_20150728002307-00027-ip-10-236-191-2_67802697_2.csv,20,5.0,100,678,False,True,True,True,0.0009877519914880395,0.0018065839976770803,0.0030546309862984344
tier_1m,0_1438042988458.74_20150728002308-00175-ip-10-236-191-2_385639780_18.csv,5,10.0,50,756,False,True,True,True,0.0015966499922797084,0.0019829099910566583,0.0038713819958502427
tier_1m,0_1438042988458.74_20150728002308-00175-ip-10-236-191-2_385639780_18.csv,10,10.0,100,756,False,True,True,True,0.0010903750080615282,0.0018571079999674112,0.00322245700226631
tier_1m,0_1438042988458.74_20150728002308-00175-ip-10-236-191-2_385639780_18.csv,20,10.0,200,756,False,True,True,True,0.0012424839951563627,0.002445471996907145,0.003975537008955143
tier_1m,0_1438042988458.74_20150728002308-00175-ip-10-236-191-2_385639780_18.csv,5,5.0,25,756,False,True,True,True,0.0009380349947605282,0.0015021270082797855,0.002681748999748379
tier_1m,0_1438042988458.74_20150728002308-00175-ip-10-236-191-2_385639780_18.csv,10,5.0,50,756,False,True,True,True,0.0009405120072187856,0.001536921990918927,0.0027183829952264205
tier_1m,0_1438042988458.74_20150728002308-00175-ip-10-236-191-2_385639780_18.csv,20,5.0,100,756,False,True,True,True,0.0010098659986397251,0.0017977129900828004,0.003061297000385821
tier_1m,0_1438042988458.74_20150728002308-00303-ip-10-236-191-2_56708567_9.csv,5,10.0,50,806,False,True,True,True,0.0014730789989698678,0.0019953949959017336,0.0037752249918412417
tier_1m,0_1438042988458.74_20150728002308-00303-ip-10-236-191-2_56708567_9.csv,10,10.0,100,806,False,True,True,True,0.0012783779966412112,0.002175754008931108,0.003755954996449873
tier_1m,0_1438042988458.74_20150728002308-00303-ip-10-236-191-2_56708567_9.csv,20,10.0,200,806,False,True,True,True,0.0015158640017034486,0.002704831989831291,0.004532122009550221
tier_1m,0_1438042988458.74_20150728002308-00303-ip-10-236-191-2_56708567_9.csv,5,5.0,25,806,False,True,True,True,0.000915598007850349,0.001520093996077776,0.0026787609967868775
tier_1m,0_1438042988458.74_20150728002308-00303-ip-10-236-191-2_56708567_9.csv,10,5.0,50,806,False,True,True,True,0.000962938996963203,0.0015594899887219071,0.002771273997495882
tier_1m,0_1438042988458.74_20150728002308-00303-ip-10-236-191-2_56708567_9.csv,20,5.0,100,806,False,True,True,True,0.0010208290041191503,0.0017911260074470192,0.0030645710066892207
tier_1m,0_1438042988458.74_20150728002308-00063-ip-10-236-191-2_657101208_1.csv,5,10.0,50,813,False,True,True,True,0.0014570700004696846,0.001980543995159678,0.003738237006473355
tier_1m,0_1438042988458.74_20150728002308-00063-ip-10-236-191-2_657101208_1.csv,10,10.0,100,813,False,True,True,True,0.001111678997403942,0.0018821559933712706,0.003247190994443372
tier_1m,0_1438042988458.74_20150728002308-00063-ip-10-236-191-2_657101208_1.csv,20,10.0,200,813,False,True,True,True,0.0016057379980338737,0.002486525001586415,0.004452302004210651
tier_1m,0_1438042988458.74_20150728002308-00063-ip-10-236-191-2_657101208_1.csv,5,5.0,25,813,False,True,True,True,0.0009217339975293726,0.0015279430081136525,0.0026942059921566397
tier_1m,0_1438042988458.74_20150728002308-00063-ip-10-236-191-2_657101208_1.csv,10,5.0,50,813,False,True,True,True,0.000945774998399429,0.001567301995237358,0.00275792799948249
tier_1m,0_1438042988458.74_20150728002308-00063-ip-10-236-191-2_657101208_1.csv,20,5.0,100,813,False,True,True,True,0.0010213170025963336,0.0017714889982016757,0.0030421619885601103
tier_1m,1_1438042990112.50_20150728002310-00190-ip-10-236-191-2_436521753_9.csv,5,10.0,50,302,False,True,True,True,0.0014714019926032051,0.0021021970023866743,0.0038706659979652613
tier_1m,1_1438042990112.50_20150728002310-00190-ip-10-236-191-2_436521753_9.csv,10,10.0,100,302,False,True,True,True,0.0010897710017161444,0.0018987439980264753,0.0032449169957544655
tier_1m,1_1438042990112.50_20150728002310-00190-ip-10-236-191-2_436521753_9.csv,20,10.0,200,302,False,True,True,True,0.0012430450005922467,0.0024135150015354156,0.003939754999009892
tier_1m,1_1438042990112.50_20150728002310-00190-ip-10-236-191-2_436521753_9.csv,5,5.0,25,302,False,True,True,True,0.0009237339982064441,0.001560246993904002,0.0027212509885430336
tier_1m,1_1438042990112.50_20150728002310-00190-ip-10-236-191-2_436521753_9.csv,10,5.0,50,302,False,True,True,True,0.0009164819930447266,0.0015583579952362925,0.002718903007917106
tier_1m,1_1438042990112.50_20150728002310-00190-ip-10-236-191-2_436521753_9.csv,20,5.0,100,302,False,True,True,True,0.0010070150019600987,0.0017831499862950295,0.0030419510003412142
tier_1m,1_1438042987127.36_20150728002307-00214-ip-10-236-191-2_225430488_0.csv,5,10.0,50,290,False,True,True,True,0.0015283389948308468,0.002033526005106978,0.0038742680044379085
tier_1m,1_1438042987127.36_20150728002307-00214-ip-10-236-191-2_225430488_0.csv,10,10.0,100,290,False,True,True,True,0.0011401250085327774,0.001919780988828279,0.003321001000585966
tier_1m,1_1438042987127.36_20150728002307-00214-ip-10-236-191-2_225430488_0.csv,20,10.0,200,290,False,True,True,True,0.0012441430008038878,0.002469459010171704,0.00399543100502342
tier_1m,1_1438042987127.36_20150728002307-00214-ip-10-236-191-2_225430488_0.csv,5,5.0,25,290,False,True,True,True,0.0009125600045081228,0.0016683400026522577,0.0028185010014567524
tier_1m,1_1438042987127.36_20150728002307-00214-ip-10-236-191-2_225430488_0.csv,10,5.0,50,290,False,True,True,True,0.0009132260020123795,0.001748403999954462,0.002907582005718723
tier_1m,1_1438042987127.36_20150728002307-00214-ip-10-236-191-2_225430488_0.csv,20,5.0,100,290,False,True,True,True,0.0010231950000161305,0.001793782997992821,0.003088166005909443
tier_1m,0_1438042988061.16_20150728002308-00047-ip-10-236-191-2_843664602_0.csv,5,10.0,50,309,False,True,True,True,0.001440934996935539,0.0020233760005794466,0.0037573309964500368
tier_1m,0_1438042988061.16_20150728002308-00047-ip-10-236-191-2_843664602_0.csv,10,10.0,100,309,False,True,True,True,0.0011393099994165823,0.006070044997613877,0.007477608000044711
tier_1m,0_1438042988061.16_20150728002308-00047-ip-10-236-191-2_843664602_0.csv,20,10.0,200,309,False,True,True,True,0.0012458299897843972,0.0019213179912185296,0.0034490989928599447
tier_1m,0_1438042988061.16_20150728002308-00047-ip-10-236-191-2_843664602_0.csv,5,5.0,25,309,False,True,True,True,0.0008966669993242249,0.001933177001774311,0.0030706520046805963
tier_1m,0_1438042988061.16_20150728002308-00047-ip-10-236-191-2_843664602_0.csv,10,5.0,50,309,False,True,True,True,0.0009063089964911342,0.001497915989602916,0.0026560330006759614
tier_1m,0_1438042988061.16_20150728002308-00047-ip-10-236-191-2_843664602_0.csv,20,5.0,100,309,False,True,True,True,0.0010307349875802174,0.0016310360078932717,0.002912537005613558
tier_1m,0_1438042988061.16_20150728002308-00181-ip-10-236-191-2_216538600_0.csv,5,10.0,50,874,False,True,True,True,0.0015770669997436926,0.0017955329967662692,0.0036739380011567846
tier_1m,0_1438042988061.16_20150728002308-00181-ip-10-236-191-2_216538600_0.csv,10,10.0,100,874,False,True,True,True,0.0010719300044002011,0.001773076000972651,0.003100100002484396
tier_1m,0_1438042988061.16_20150728002308-00181-ip-10-236-191-2_216538600_0.csv,20,10.0,200,874,False,True,True,True,0.0012136069999542087,0.002225791002274491,0.0037249800079734996
tier_1m,0_1438042988061.16_20150728002308-00181-ip-10-236-191-2_216538600_0.csv,5,5.0,25,874,False,True,True,True,0.000896755009307526,0.0015079160075401887,0.0026392430008854717
tier_1m,0_1438042988061.16_20150728002308-00181-ip-10-236-191-2_216538600_0.csv,10,5.0,50,874,False,True,True,True,0.0009127619996434078,0.0014810499997111037,0.0026338419993408024
tier_1m,0_1438042988061.16_20150728002308-00181-ip-10-236-191-2_216538600_0.csv,20,5.0,100,874,False,True,True,True,0.0010002820054069161,0.0016781949962023646,0.0029252270032884553
tier_1m,0_1438042988061.16_20150728002308-00002-ip-10-236-191-2_545269850_0.csv,5,10.0,50,2500,False,True,True,True,0.0014513399946736172,0.001992631994653493,0.0037483840133063495
tier_1m,0_1438042988061.16_20150728002308-00002-ip-10-236-191-2_545269850_0.csv,10,10.0,100,2500,False,True,True,True,0.0011400139919715002,0.0018973419937537983,0.0032968589948723093
tier_1m,0_1438042988061.16_20150728002308-00002-ip-10-236-191-2_545269850_0.csv,20,10.0,200,2500,False,True,True,True,0.0012365190050331876,0.0024128670047502965,0.003938310997909866
tier_1m,0_1438042988061.16_20150728002308-00002-ip-10-236-191-2_545269850_0.csv,5,5.0,25,2500,False,True,True,True,0.0009253699972759932,0.001532971000415273,0.0027115039993077517
tier_1m,0_1438042988061.16_20150728002308-00002-ip-10-236-191-2_545269850_0.csv,10,5.0,50,2500,False,True,True,True,0.0009317429939983413,0.0015276830090442672,0.0027121830062242225
tier_1m,0_1438042988061.16_20150728002308-00002-ip-10-236-191-2_545269850_0.csv,20,5.0,100,2500,False,True,True,True,0.001018201990518719,0.0017775409942260012,0.0030579150043195114
tier_1m,0_1438042988061.16_20150728002308-00330-ip-10-236-191-2_795231590_4.csv,5,10.0,50,533,False,True,True,True,0.0015494899998884648,0.002085390005959198,0.003928314006770961
tier_1m,0_1438042988061.16_20150728002308-00330-ip-10-236-191-2_795231590_4.csv,10,10.0,100,533,False,True,True,True,0.0011090979969594628,0.0019148409919580445,0.003295619986602105
tier_1m,0_1438042988061.16_20150728002308-00330-ip-10-236-191-2_795231590_4.csv,20,10.0,200,533,False,True,True,True,0.0012517590075731277,0.0024417320091743022,0.003981977002695203
tier_1m,0_1438042988061.16_20150728002308-00330-ip-10-236-191-2_795231590_4.csv,5,5.0,25,533,False,True,True,True,0.0009324209968326613,0.0015081020101206377,0.0026764460053527728
tier_1m,0_1438042988061.16_20150728002308-00330-ip-10-236-191-2_795231590_4.csv,10,5.0,50,533,False,True,True,True,0.0009234790049958974,0.0015771899925312027,0.0027422419952927157
tier_1m,0_1438042988061.16_20150728002308-00330-ip-10-236-191-2_795231590_4.csv,20,5.0,100,533,False,True,True,True,0.0010153150069527328,0.0017894060001708567,0.0030628779932158068
tier_1m,0_1438042988061.16_20150728002308-00235-ip-10-236-191-2_713850328_17.csv,5,10.0,50,405,False,True,True,True,0.0016809499938972294,0.0019084029918303713,0.0038889889983693138
tier_1m,0_1438042988061.16_20150728002308-00235-ip-10-236-191-2_713850328_17.csv,10,10.0,100,405,False,True,True,True,0.0011063770070904866,0.0019121430086670443,0.00328555800660979
tier_1m,0_1438042988061.16_20150728002308-00235-ip-10-236-191-2_713850328_17.csv,20,10.0,200,405,False,True,True,True,0.0012809820036636665,0.002398406999418512,0.003970634992583655
tier_1m,0_1438042988061.16_20150728002308-00235-ip-10-236-191-2_713850328_17.csv,5,5.0,25,405,False,True,True,True,0.0009095529967453331,0.0015145769866649061,0.0026653829991118982
tier_1m,0_1438042988061.16_20150728002308-00235-ip-10-236-191-2_713850328_17.csv,10,5.0,50,405,False,True,True,True,0.0009644080128055066,0.0017243680049432442,0.0029503999976441264
tier_1m,0_1438042988061.16_20150728002308-00235-ip-10-236-191-2_713850328_17.csv,20,5.0,100,405,False,True,True,True,0.0010546090052230284,0.001847306004492566,0.0031566789984935895
tier_1m,0_1438042988458.74_20150728002308-00232-ip-10-236-191-2_795586035_3.csv,5,10.0,50,674,False,True,True,True,0.0014580660063074902,0.0019543689995771274,0.0037147660041227937
tier_1m,0_1438042988458.74_20150728002308-00232-ip-10-236-191-2_795586035_3.csv,10,10.0,100,674,False,True,True,True,0.0011089000036008656,0.002149520005332306,0.0035178789985366166
tier_1m,0_1438042988458.74_20150728002308-00232-ip-10-236-191-2_795586035_3.csv,20,10.0,200,674,False,True,True,True,0.001283460995182395,0.002416011004243046,0.003992123005446047
tier_1m,0_1438042988458.74_20150728002308-00232-ip-10-236-191-2_795586035_3.csv,5,5.0,25,674,False,True,True,True,0.0009267670102417469,0.0016953979938989505,0.0028658840019488707
tier_1m,0_1438042988458.74_20150728002308-00232-ip-10-236-191-2_795586035_3.csv,10,5.0,50,674,False,True,True,True,0.0010054159938590601,0.0015633360017091036,0.0028210300079081208
tier_1m,0_1438042988458.74_20150728002308-00232-ip-10-236-191-2_795586035_3.csv,20,5.0,100,674,False,True,True,True,0.0012137019948568195,0.002014828991377726,0.003483591994154267
tier_1m,0_1438042988458.74_20150728002308-00250-ip-10-236-191-2_501951825_0.csv,5,10.0,50,2500,False,True,True,True,0.00165650800045114,0.0020006249978905544,0.003958765999414027
tier_1m,0_1438042988458.74_20150728002308-00250-ip-10-236-191-2_501951825_0.csv,10,10.0,100,2500,False,True,True,True,0.001106263996916823,0.0018767389992717654,0.003241436992539093
tier_1m,0_1438042988458.74_20150728002308-00250-ip-10-236-191-2_501951825_0.csv,20,10.0,200,2500,False,True,True,True,0.0012336450017755851,0.002388008011621423,0.003912382002454251
tier_1m,0_1438042988458.74_20150728002308-00250-ip-10-236-191-2_501951825_0.csv,5,5.0,25,2500,False,True,True,True,0.0009112060070037842,0.0014972140052122995,0.0026569710025796667
tier_1m,0_1438042988458.74_20150728002308-00250-ip-10-236-191-2_501951825_0.csv,10,5.0,50,2500,False,True,True,True,0.0009335779905086383,0.0015338040102506056,0.0027202030032640323
tier_1m,0_1438042988458.74_20150728002308-00250-ip-10-236-191-2_501951825_0.csv,20,5.0,100,2500,False,True,True,True,0.0010216529917670414,0.0017505379946669564,0.00301986098929774
tier_1m,1_1438042987127.36_20150728002307-00037-ip-10-236-191-2_318965632_0.csv,5,10.0,50,144,False,True,True,True,0.0014657119900221005,0.002029604002018459,0.0038023359957151115
tier_1m,1_1438042987127.36_20150728002307-00037-ip-10-236-191-2_318965632_0.csv,10,10.0,100,144,False,True,True,True,0.0011050359898945317,0.0021074179967399687,0.0034832160017685965
tier_1m,1_1438042987127.36_20150728002307-00037-ip-10-236-191-2_318965632_0.csv,20,10.0,200,144,True,True,True,True,0.001181970990728587,0.002038883001659997,0.003482764004729688
tier_1m,1_1438042987127.36_20150728002307-00037-ip-10-236-191-2_318965632_0.csv,5,5.0,25,144,False,True,True,True,0.001145396992797032,0.0015178140019997954,0.00291105400538072
tier_1m,1_1438042987127.36_20150728002307-00037-ip-10-236-191-2_318965632_0.csv,10,5.0,50,144,False,True,True,True,0.0009336600051028654,0.001623596006538719,0.0028092720021959394
tier_1m,1_1438042987127.36_20150728002307-00037-ip-10-236-191-2_318965632_0.csv,20,5.0,100,144,False,True,True,True,0.001023714998154901,0.0018151310068788007,0.0030876950040692464
tier_1m,0_1438042988061.16_20150728002308-00041-ip-10-236-191-2_37534908_6.csv,5,10.0,50,407,False,True,True,True,0.0016311729996232316,0.002042138992692344,0.0039713369915261865
tier_1m,0_1438042988061.16_20150728002308-00041-ip-10-236-191-2_37534908_6.csv,10,10.0,100,407,False,True,True,True,0.001142095003160648,0.0018421389977447689,0.00326524100091774
tier_1m,0_1438042988061.16_20150728002308-00041-ip-10-236-191-2_37534908_6.csv,20,10.0,200,407,False,True,True,True,0.0012830019986722618,0.002016941987676546,0.0036342209932627156
tier_1m,0_1438042988061.16_20150728002308-00041-ip-10-236-191-2_37534908_6.csv,5,5.0,25,407,False,True,True,True,0.000931011003558524,0.0015089239896042272,0.002676069998415187
tier_1m,0_1438042988061.16_20150728002308-00041-ip-10-236-191-2_37534908_6.csv,10,5.0,50,407,False,True,True,True,0.0010065469978144392,0.0015275539917638525,0.002776139008346945
tier_1m,0_1438042988061.16_20150728002308-00041-ip-10-236-191-2_37534908_6.csv,20,5.0,100,407,False,True,True,True,0.0010042460053227842,0.0016938510088948533,0.0029474359907908365
tier_1m,1_1438042987127.36_20150728002307-00269-ip-10-236-191-2_847834464_0.csv,5,10.0,50,525,False,True,True,True,0.0018657909968169406,0.0024672560102771968,0.004738126008305699
tier_1m,1_1438042987127.36_20150728002307-00269-ip-10-236-191-2_847834464_0.csv,10,10.0,100,525,False,True,True,True,0.0015369429893326014,0.004166883998550475,0.0060824090032838285
tier_1m,1_1438042987127.36_20150728002307-00269-ip-10-236-191-2_847834464_0.csv,20,10.0,200,525,False,True,True,True,0.0018393280042801052,0.004081889012013562,0.006358728001941927
tier_1m,1_1438042987127.36_20150728002307-00269-ip-10-236-191-2_847834464_0.csv,5,5.0,25,525,False,True,True,True,0.00134067700128071,0.002192932995967567,0.0038610129995504394
tier_1m,1_1438042987127.36_20150728002307-00269-ip-10-236-191-2_847834464_0.csv,10,5.0,50,525,False,True,True,True,0.0009674379980424419,0.0015647050022380427,0.0027797530055977404
tier_1m,1_1438042987127.36_20150728002307-00269-ip-10-236-191-2_847834464_0.csv,20,5.0,100,525,False,True,True,True,0.0010299720015609637,0.0017457840003771707,0.0030231229902710766
tier_1m,0_1438042988061.16_20150728002308-00199-ip-10-236-191-2_891430247_172.csv,5,10.0,50,2286,False,True,True,True,0.0014220699958968908,0.0018794570059981197,0.0036015340010635555
tier_1m,0_1438042988061.16_20150728002308-00199-ip-10-236-191-2_891430247_172.csv,10,10.0,100,2286,False,True,True,True,0.0011176400003023446,0.002227185992524028,0.0036618700105464086
tier_1m,0_1438042988061.16_20150728002308-00199-ip-10-236-191-2_891430247_172.csv,20,10.0,200,2286,False,True,True,True,0.0012844640004914254,0.0030237750033847988,0.004649637994589284
tier_1m,0_1438042988061.16_20150728002308-00199-ip-10-236-191-2_891430247_172.csv,5,5.0,25,2286,False,True,True,True,0.000944711995543912,0.0018099550070473924,0.0030438420071732253
tier_1m,0_1438042988061.16_20150728002308-00199-ip-10-236-191-2_891430247_172.csv,10,5.0,50,2286,False,True,True,True,0.0010136400087503716,0.001867158993263729,0.0031864159973338246
tier_1m,0_1438042988061.16_20150728002308-00199-ip-10-236-191-2_891430247_172.csv,20,5.0,100,2286,False,True,True,True,0.001058353009284474,0.002077067008940503,0.003438500003539957
tier_1m,1_1438042987127.36_20150728002307-00153-ip-10-236-191-2_490931395_0.csv,5,10.0,50,625,False,True,True,True,0.0013854970020474866,0.0022591290035052225,0.0039913079963298514
tier_1m,1_1438042987127.36_20150728002307-00153-ip-10-236-191-2_490931395_0.csv,10,10.0,100,625,False,True,True,True,0.0014541979908244684,0.0025599799992050976,0.004387523003970273
tier_1m,1_1438042987127.36_20150728002307-00153-ip-10-236-191-2_490931395_0.csv,20,10.0,200,625,False,True,True,True,0.001366691998555325,0.0024545199994463474,0.004136689996812493
tier_1m,1_1438042987127.36_20150728002307-00153-ip-10-236-191-2_490931395_0.csv,5,5.0,25,625,False,True,True,True,0.0009231959993485361,0.0015033709933049977,0.0026894699985859916
tier_1m,1_1438042987127.36_20150728002307-00153-ip-10-236-191-2_490931395_0.csv,10,5.0,50,625,False,True,True,True,0.0009059760050149634,0.0015317240031436086,0.0026863340026466176
tier_1m,1_1438042987127.36_20150728002307-00153-ip-10-236-191-2_490931395_0.csv,20,5.0,100,625,False,True,True,True,0.0010159579978790134,0.0017934790084837005,0.0030537779966834933
tier_1m,0_1438042988458.74_20150728002308-00081-ip-10-236-191-2_476604823_0.csv,5,10.0,50,1252,False,False,True,False,0.0015321430109906942,0.0,0.0015663360100006685
tier_1m,0_1438042988458.74_20150728002308-00081-ip-10-236-191-2_476604823_0.csv,10,10.0,100,1252,False,False,True,False,0.0011037069925805554,0.0,0.0011444919946370646
tier_1m,0_1438042988458.74_20150728002308-00081-ip-10-236-191-2_476604823_0.csv,20,10.0,200,1252,False,False,True,False,0.0011795010068453848,0.0,0.001242871003341861
tier_1m,0_1438042988458.74_20150728002308-00081-ip-10-236-191-2_476604823_0.csv,5,5.0,25,1252,False,False,True,False,0.0008711039990885183,0.0,0.0008909940079320222
tier_1m,0_1438042988458.74_20150728002308-00081-ip-10-236-191-2_476604823_0.csv,10,5.0,50,1252,False,False,True,False,0.0009421930008102208,0.0,0.0009685289987828583
tier_1m,0_1438042988458.74_20150728002308-00081-ip-10-236-191-2_476604823_0.csv,20,5.0,100,1252,False,False,True,False,0.0013326389889698476,0.0,0.0013895729935029522
tier_1m,0_1438042988458.74_20150728002308-00210-ip-10-236-191-2_79682215_3.csv,5,10.0,50,486,False,True,True,True,0.0014697379956487566,0.0020276499999454245,0.003793887997744605
tier_1m,0_1438042988458.74_20150728002308-00210-ip-10-236-191-2_79682215_3.csv,10,10.0,100,486,False,True,True,True,0.0010776760027511045,0.001881930002127774,0.003226839005947113
tier_1m,0_1438042988458.74_20150728002308-00210-ip-10-236-191-2_79682215_3.csv,20,10.0,200,486,False,True,True,True,0.001300999996601604,0.00251500699960161,0.004108387001906522
tier_1m,0_1438042988458.74_20150728002308-00210-ip-10-236-191-2_79682215_3.csv,5,5.0,25,486,False,True,True,True,0.0009008750057546422,0.0015260749933077022,0.0026721920003183186
tier_1m,0_1438042988458.74_20150728002308-00210-ip-10-236-191-2_79682215_3.csv,10,5.0,50,486,False,True,True,True,0.0009329669992439449,0.00153182000212837,0.0027111040108138695
tier_1m,0_1438042988458.74_20150728002308-00210-ip-10-236-191-2_79682215_3.csv,20,5.0,100,486,False,True,True,True,0.000998343006358482,0.001737343001877889,0.0029834039887646213
tier_1m,1_1438042987127.36_20150728002307-00008-ip-10-236-191-2_633806649_3.csv,5,10.0,50,453,False,True,True,True,0.0018961280002258718,0.0022400900052161887,0.004502655996475369
tier_1m,1_1438042987127.36_20150728002307-00008-ip-10-236-191-2_633806649_3.csv,10,10.0,100,453,False,True,True,True,0.0011038039956474677,0.0018604319920996204,0.0032372720015700907
tier_1m,1_1438042987127.36_20150728002307-00008-ip-10-236-191-2_633806649_3.csv,20,10.0,200,453,False,True,True,True,0.0012236140028107911,0.0024275380128528923,0.003935415006708354
tier_1m,1_1438042987127.36_20150728002307-00008-ip-10-236-191-2_633806649_3.csv,5,5.0,25,453,False,True,True,True,0.0008947580063249916,0.0014981139975134283,0.002636748002259992
tier_1m,1_1438042987127.36_20150728002307-00008-ip-10-236-191-2_633806649_3.csv,10,5.0,50,453,False,True,True,True,0.0009098370064748451,0.0015221260109683499,0.0026805139932548627
tier_1m,1_1438042987127.36_20150728002307-00008-ip-10-236-191-2_633806649_3.csv,20,5.0,100,453,False,True,True,True,0.0010022570058936253,0.0017510210018372163,0.0030040990095585585
tier_1m,0_1438042988061.16_20150728002308-00201-ip-10-236-191-2_319577306_4.csv,5,10.0,50,1609,False,True,True,True,0.001457307007513009,0.001964655995834619,0.0037188520072959363
tier_1m,0_1438042988061.16_20150728002308-00201-ip-10-236-191-2_319577306_4.csv,10,10.0,100,1609,False,True,True,True,0.0011246799986111,0.0018711739976424724,0.0032515629864064977
tier_1m,0_1438042988061.16_20150728002308-00201-ip-10-236-191-2_319577306_4.csv,20,10.0,200,1609,False,True,True,True,0.0012700840015895665,0.002411834997474216,0.003965901996707544
tier_1m,0_1438042988061.16_20150728002308-00201-ip-10-236-191-2_319577306_4.csv,5,5.0,25,1609,False,True,True,True,0.000888620998011902,0.0014958960091462359,0.0026269079971825704
tier_1m,0_1438042988061.16_20150728002308-00201-ip-10-236-191-2_319577306_4.csv,10,5.0,50,1609,False,True,True,True,0.000926863998756744,0.001674005005043,0.002848705989890732
tier_1m,0_1438042988061.16_20150728002308-00201-ip-10-236-191-2_319577306_4.csv,20,5.0,100,1609,False,True,True,True,0.0010230779880657792,0.0017804800008889288,0.003050163999432698
tier_1m,1_1438042990112.50_20150728002310-00310-ip-10-236-191-2_200224826_0.csv,5,10.0,50,595,False,True,True,True,0.001552579997223802,0.00196433300152421,0.003816690994426608
tier_1m,1_1438042990112.50_20150728002310-00310-ip-10-236-191-2_200224826_0.csv,10,10.0,100,595,False,True,True,True,0.00110118200245779,0.001872410997748375,0.003239979996578768
tier_1m,1_1438042990112.50_20150728002310-00310-ip-10-236-191-2_200224826_0.csv,20,10.0,200,595,False,True,True,True,0.001257331998203881,0.002433671004837379,0.0039733059966238216
tier_1m,1_1438042990112.50_20150728002310-00310-ip-10-236-191-2_200224826_0.csv,5,5.0,25,595,False,True,True,True,0.0009207120019709691,0.001513123992481269,0.0026828560075955465
tier_1m,1_1438042990112.50_20150728002310-00310-ip-10-236-191-2_200224826_0.csv,10,5.0,50,595,False,True,True,True,0.0009623340010875836,0.0015346910076914355,0.0027433629875304177
tier_1m,1_1438042990112.50_20150728002310-00310-ip-10-236-191-2_200224826_0.csv,20,5.0,100,595,False,True,True,True,0.001004253004794009,0.0017681679892120883,0.0030266940011642873
tier_1m,1_1438042987127.36_20150728002307-00102-ip-10-236-191-2_893578330_152.csv,5,10.0,50,2617,False,True,True,True,0.0014042190014151856,0.001941626993357204,0.0036445529985940084
tier_1m,1_1438042987127.36_20150728002307-00102-ip-10-236-191-2_893578330_152.csv,10,10.0,100,2617,False,True,True,True,0.0011551230127224699,0.0017316330049652606,0.003158738007186912
tier_1m,1_1438042987127.36_20150728002307-00102-ip-10-236-191-2_893578330_152.csv,20,10.0,200,2617,False,True,True,True,0.0013245559966890141,0.00206915799935814,0.0036804639967158437
tier_1m,1_1438042987127.36_20150728002307-00102-ip-10-236-191-2_893578330_152.csv,5,5.0,25,2617,False,True,True,True,0.0009281609964091331,0.0015329879970522597,0.002706577011849731
tier_1m,1_1438042987127.36_20150728002307-00102-ip-10-236-191-2_893578330_152.csv,10,5.0,50,2617,False,True,True,True,0.0009544539934722707,0.0015397980023408309,0.002740704992902465
tier_1m,1_1438042987127.36_20150728002307-00102-ip-10-236-191-2_893578330_152.csv,20,5.0,100,2617,False,True,True,True,0.0010662330023478717,0.0016490250127390027,0.002975729003082961
tier_1m,1_1438042990112.50_20150728002310-00044-ip-10-236-191-2_261321661_61.csv,5,10.0,50,625,False,False,True,False,0.0013918540062149987,0.0,0.001429071999154985
tier_1m,1_1438042990112.50_20150728002310-00044-ip-10-236-191-2_261321661_61.csv,10,10.0,100,625,False,False,True,False,0.0011130670027341694,0.0,0.0011527049937285483
tier_1m,1_1438042990112.50_20150728002310-00044-ip-10-236-191-2_261321661_61.csv,20,10.0,200,625,False,False,True,False,0.0011676669964799657,0.0,0.0012296630011405796
tier_1m,1_1438042990112.50_20150728002310-00044-ip-10-236-191-2_261321661_61.csv,5,5.0,25,625,False,False,True,False,0.0009002959995996207,0.0,0.0009208260016748682
tier_1m,1_1438042990112.50_20150728002310-00044-ip-10-236-191-2_261321661_61.csv,10,5.0,50,625,False,False,True,False,0.0009300319943577051,0.0,0.0009561200131429359
tier_1m,1_1438042990112.50_20150728002310-00044-ip-10-236-191-2_261321661_61.csv,20,5.0,100,625,False,False,True,False,0.0009415219974471256,0.0,0.0009802379936445504
tier_1m,1_1438042987127.36_20150728002307-00074-ip-10-236-191-2_137128786_0.csv,5,10.0,50,632,False,False,True,False,0.001791497998056002,0.0,0.0018378079985268414
tier_1m,1_1438042987127.36_20150728002307-00074-ip-10-236-191-2_137128786_0.csv,10,10.0,100,632,False,False,True,False,0.0011171059886692092,0.0,0.0011571600043680519
tier_1m,1_1438042987127.36_20150728002307-00074-ip-10-236-191-2_137128786_0.csv,20,10.0,200,632,False,False,True,False,0.0011465950083220378,0.0,0.0012104549969080836
tier_1m,1_1438042987127.36_20150728002307-00074-ip-10-236-191-2_137128786_0.csv,5,5.0,25,632,False,False,True,False,0.0008820989896776155,0.0,0.0009038110001711175
tier_1m,1_1438042987127.36_20150728002307-00074-ip-10-236-191-2_137128786_0.csv,10,5.0,50,632,False,False,True,False,0.0008803240052657202,0.0,0.0009056900016730651
tier_1m,1_1438042987127.36_20150728002307-00074-ip-10-236-191-2_137128786_0.csv,20,5.0,100,632,False,False,True,False,0.0009389299957547337,0.0,0.0009777109953574836
tier_1m,1_1438042987127.36_20150728002307-00082-ip-10-236-191-2_795702564_10.csv,5,10.0,50,805,False,True,True,True,0.0014745680091436952,0.0020506529981503263,0.003825040999799967
tier_1m,1_1438042987127.36_20150728002307-00082-ip-10-236-191-2_795702564_10.csv,10,10.0,100,805,False,True,True,True,0.0011233059922233224,0.0018408909963909537,0.003216946992324665
tier_1m,1_1438042987127.36_20150728002307-00082-ip-10-236-191-2_795702564_10.csv,20,10.0,200,805,False,True,True,True,0.0012773979979101568,0.00235285799135454,0.003919784008758143
tier_1m,1_1438042987127.36_20150728002307-00082-ip-10-236-191-2_795702564_10.csv,5,5.0,25,805,False,True,True,True,0.0008947510068537667,0.0014493120106635615,0.002597894999780692
tier_1m,1_1438042987127.36_20150728002307-00082-ip-10-236-191-2_795702564_10.csv,10,5.0,50,805,False,True,True,True,0.0009261189989047125,0.0015788830060046166,0.0027524889883352444
tier_1m,1_1438042987127.36_20150728002307-00082-ip-10-236-191-2_795702564_10.csv,20,5.0,100,805,False,True,True,True,0.0013712830113945529,0.0023882399982539937,0.004101290003745817
