tier,q_table,top_n,n_D,clamped,dinkelbach_ran,iterations,stage1_time_s
tier_10k,1_1438042987127.36_20150728002307-00144-ip-10-236-191-2_676020729_0.csv,5000,226,False,True,2,0.00037396117113530636
tier_10k,0_1438042988061.16_20150728002308-00282-ip-10-236-191-2_894007386_3.csv,5000,369,False,True,1,0.00041860993951559067
tier_10k,0_1438042988458.74_20150728002308-00249-ip-10-236-191-2_328699461_4.csv,5000,562,False,True,2,0.0008517710957676172
tier_10k,1_1438042987127.36_20150728002307-00114-ip-10-236-191-2_902351685_191.csv,5000,365,False,True,1,0.00039458111859858036
tier_10k,1_1438042987127.36_20150728002307-00182-ip-10-236-191-2_150862475_5.csv,5000,265,False,True,3,0.0005558100529015064
tier_10k,1_1438042987127.36_20150728002307-00000-ip-10-236-191-2_300770320_2.csv,5000,328,False,True,3,0.0006543111521750689
tier_10k,1_1438042987127.36_20150728002307-00080-ip-10-236-191-2_899463259_102.csv,5000,366,False,True,1,0.0004013599827885628
tier_10k,1_1438042990112.50_20150728002310-00154-ip-10-236-191-2_303864106_21.csv,5000,304,False,True,3,0.0008514910005033016
tier_10k,0_1438042988458.74_20150728002308-00095-ip-10-236-191-2_520943855_0.csv,5000,308,False,True,2,0.00047389091923832893
tier_10k,1_1438042987127.36_20150728002307-00145-ip-10-236-191-2_499439925_0.csv,5000,500,False,True,2,0.0007552611641585827
tier_10k,1_1438042990112.50_20150728002310-00013-ip-10-236-191-2_321346784_4.csv,5000,534,False,True,2,0.0008349409326910973
tier_10k,1_1438042987127.36_20150728002307-00033-ip-10-236-191-2_482136553_0.csv,5000,263,False,True,2,0.000440431060269475
tier_10k,0_1438042988061.16_20150728002308-00109-ip-10-236-191-2_681611335_21.csv,5000,474,False,True,3,0.0009752500336617231
tier_10k,0_1438042988061.16_20150728002308-00244-ip-10-236-191-2_65898746_2.csv,5000,525,False,True,2,0.0007934309542179108
tier_10k,0_1438042988061.16_20150728002308-00215-ip-10-236-191-2_362876303_35.csv,5000,280,False,True,2,0.0004511498846113682
tier_10k,1_1438042990112.50_20150728002310-00312-ip-10-236-191-2_3243890_59.csv,5000,253,False,True,3,0.0005283700302243233
tier_10k,1_1438042990112.50_20150728002310-00085-ip-10-236-191-2_403435483_3.csv,5000,229,False,True,2,0.0003673399332910776
tier_10k,0_1438042988061.16_20150728002308-00194-ip-10-236-191-2_846810834_13.csv,5000,354,False,True,2,0.0007373909465968609
tier_10k,1_1438042990112.50_20150728002310-00286-ip-10-236-191-2_318221297_4.csv,5000,548,False,True,2,0.0008367300033569336
tier_10k,1_1438042987127.36_20150728002307-00290-ip-10-236-191-2_407999777_10.csv,5000,231,False,True,3,0.0004808900412172079
tier_10k,0_1438042988458.74_20150728002308-00166-ip-10-236-191-2_302386578_10.csv,5000,492,False,True,2,0.0007433011196553707
tier_10k,0_1438042988458.74_20150728002308-00253-ip-10-236-191-2_222600153_3.csv,5000,282,False,True,3,0.0005720499902963638
tier_10k,1_1438042990112.50_20150728002310-00237-ip-10-236-191-2_880298254_15.csv,5000,365,False,True,1,0.0003943198826164007
tier_10k,0_1438042988061.16_20150728002308-00089-ip-10-236-191-2_807127666_2.csv,5000,325,False,True,3,0.0006433210801333189
tier_10k,0_1438042988458.74_20150728002308-00060-ip-10-236-191-2_492355315_1.csv,5000,525,False,True,2,0.0007970011793076992
tier_10k,1_1438042990112.50_20150728002310-00296-ip-10-236-191-2_202658094_3.csv,5000,366,False,True,3,0.000724271172657609
tier_10k,1_1438042988061.16_20150728002308-00013-ip-10-236-191-2_636339982_0.csv,5000,525,False,True,2,0.0008020210079848766
tier_10k,1_1438042987127.36_20150728002307-00294-ip-10-236-191-2_390417830_16.csv,5000,346,False,True,2,0.0005835110787302256
tier_10k,0_1438042988458.74_20150728002308-00254-ip-10-236-191-2_909417374_257.csv,5000,326,False,True,1,0.000431830994784832
tier_10k,0_1438042988061.16_20150728002308-00101-ip-10-236-191-2_653250037_0.csv,5000,362,False,True,3,0.0008346298709511757
tier_10k,0_1438042988458.74_20150728002308-00046-ip-10-236-191-2_428007644_11.csv,5000,368,False,True,2,0.000562720000743866
tier_10k,1_1438042987127.36_20150728002307-00290-ip-10-236-191-2_469307566_0.csv,5000,495,False,True,2,0.0007669010665267706
tier_10k,1_1438042990112.50_20150728002310-00062-ip-10-236-191-2_896744244_9.csv,5000,326,False,True,1,0.00037122098729014397
tier_10k,1_1438042990112.50_20150728002310-00225-ip-10-236-191-2_718036865_0.csv,5000,309,False,True,3,0.0006621109787374735
tier_10k,0_1438042988061.16_20150728002308-00189-ip-10-236-191-2_414087396_10.csv,5000,240,False,True,2,0.0004387199878692627
tier_10k,0_1438042988061.16_20150728002308-00144-ip-10-236-191-2_279381280_30.csv,5000,430,False,True,2,0.0006594308651983738
tier_10k,1_1438042990112.50_20150728002310-00081-ip-10-236-191-2_890934925_129.csv,5000,327,False,True,1,0.0003609098494052887
tier_10k,0_1438042988061.16_20150728002308-00133-ip-10-236-191-2_59742533_2.csv,5000,262,False,True,2,0.00040718098171055317
tier_10k,1_1438042990112.50_20150728002310-00259-ip-10-236-191-2_889779227_121.csv,5000,365,False,True,1,0.00040642102248966694
tier_10k,0_1438042988458.74_20150728002308-00262-ip-10-236-191-2_380524338_2.csv,5000,488,False,True,2,0.0007268812041729689
tier_10k,1_1438042987127.36_20150728002307-00027-ip-10-236-191-2_67802697_2.csv,5000,442,False,True,1,0.00046573998406529427
tier_10k,0_1438042988458.74_20150728002308-00175-ip-10-236-191-2_385639780_18.csv,5000,398,False,True,3,0.0009506309870630503
tier_10k,0_1438042988458.74_20150728002308-00303-ip-10-236-191-2_56708567_9.csv,5000,520,False,True,3,0.0012022119481116533
tier_10k,0_1438042988458.74_20150728002308-00063-ip-10-236-191-2_657101208_1.csv,5000,371,False,True,2,0.0006922208704054356
tier_10k,1_1438042990112.50_20150728002310-00190-ip-10-236-191-2_436521753_9.csv,5000,284,False,True,3,0.0007206997834146023
tier_10k,1_1438042987127.36_20150728002307-00214-ip-10-236-191-2_225430488_0.csv,5000,516,False,True,3,0.0010442708153277636
tier_10k,0_1438042988061.16_20150728002308-00047-ip-10-236-191-2_843664602_0.csv,5000,363,False,True,2,0.0005526700988411903
tier_10k,0_1438042988061.16_20150728002308-00181-ip-10-236-191-2_216538600_0.csv,5000,432,False,True,2,0.0008965909946709871
tier_10k,0_1438042988061.16_20150728002308-00002-ip-10-236-191-2_545269850_0.csv,5000,525,False,True,2,0.0007987609133124352
tier_10k,0_1438042988061.16_20150728002308-00330-ip-10-236-191-2_795231590_4.csv,5000,537,False,True,3,0.0014124310109764338
tier_10k,0_1438042988061.16_20150728002308-00235-ip-10-236-191-2_713850328_17.csv,5000,328,False,True,3,0.00115304091013968
tier_10k,0_1438042988458.74_20150728002308-00232-ip-10-236-191-2_795586035_3.csv,5000,286,False,True,3,0.0007000400219112635
tier_10k,0_1438042988458.74_20150728002308-00250-ip-10-236-191-2_501951825_0.csv,5000,525,False,True,2,0.0007935808971524239
tier_10k,1_1438042987127.36_20150728002307-00037-ip-10-236-191-2_318965632_0.csv,5000,279,False,True,3,0.00075913080945611
tier_10k,0_1438042988061.16_20150728002308-00041-ip-10-236-191-2_37534908_6.csv,5000,502,False,True,2,0.0008721209596842527
tier_10k,1_1438042987127.36_20150728002307-00269-ip-10-236-191-2_847834464_0.csv,5000,421,False,True,3,0.0008206008933484554
tier_10k,0_1438042988061.16_20150728002308-00199-ip-10-236-191-2_891430247_172.csv,5000,326,False,True,1,0.0003578700125217438
tier_10k,1_1438042987127.36_20150728002307-00153-ip-10-236-191-2_490931395_0.csv,5000,525,False,True,2,0.0007968901190906763
tier_10k,0_1438042988458.74_20150728002308-00081-ip-10-236-191-2_476604823_0.csv,5000,494,False,True,2,0.000749500934034586
tier_10k,0_1438042988458.74_20150728002308-00210-ip-10-236-191-2_79682215_3.csv,5000,390,False,True,3,0.000820420915260911
tier_10k,1_1438042987127.36_20150728002307-00008-ip-10-236-191-2_633806649_3.csv,5000,354,False,True,2,0.0005643400363624096
tier_10k,0_1438042988061.16_20150728002308-00201-ip-10-236-191-2_319577306_4.csv,5000,346,False,True,2,0.0005295209120959044
tier_10k,1_1438042990112.50_20150728002310-00310-ip-10-236-191-2_200224826_0.csv,5000,439,False,True,3,0.0008671199902892113
tier_10k,1_1438042987127.36_20150728002307-00102-ip-10-236-191-2_893578330_152.csv,5000,365,False,True,1,0.00040001003071665764
tier_10k,1_1438042990112.50_20150728002310-00044-ip-10-236-191-2_261321661_61.csv,5000,416,False,True,2,0.0006195711903274059
tier_10k,1_1438042987127.36_20150728002307-00074-ip-10-236-191-2_137128786_0.csv,5000,456,False,True,2,0.0009397608228027821
tier_10k,1_1438042987127.36_20150728002307-00082-ip-10-236-191-2_795702564_10.csv,5000,283,False,True,2,0.000466770026832819
tier_10k,1_1438042987127.36_20150728002307-00144-ip-10-236-191-2_676020729_0.csv,10000,373,False,True,3,0.0007345110643655062
tier_10k,0_1438042988061.16_20150728002308-00282-ip-10-236-191-2_894007386_3.csv,10000,376,False,True,1,0.0004103700630366802
tier_10k,0_1438042988458.74_20150728002308-00249-ip-10-236-191-2_328699461_4.csv,10000,863,False,True,3,0.0017462510149925947
tier_10k,1_1438042987127.36_20150728002307-00114-ip-10-236-191-2_902351685_191.csv,10000,375,False,True,1,0.0005035400390625
tier_10k,1_1438042987127.36_20150728002307-00182-ip-10-236-191-2_150862475_5.csv,10000,489,False,True,3,0.0009713009931147099
tier_10k,1_1438042987127.36_20150728002307-00000-ip-10-236-191-2_300770320_2.csv,10000,329,False,True,3,0.0006514808628708124
tier_10k,1_1438042987127.36_20150728002307-00080-ip-10-236-191-2_899463259_102.csv,10000,374,False,True,1,0.0004104101099073887
tier_10k,1_1438042990112.50_20150728002310-00154-ip-10-236-191-2_303864106_21.csv,10000,694,False,True,3,0.0013420118484646082
tier_10k,0_1438042988458.74_20150728002308-00095-ip-10-236-191-2_520943855_0.csv,10000,547,False,True,3,0.0010183409322053194
tier_10k,1_1438042987127.36_20150728002307-00145-ip-10-236-191-2_499439925_0.csv,10000,902,False,True,2,0.0024606729857623577
tier_10k,1_1438042990112.50_20150728002310-00013-ip-10-236-191-2_321346784_4.csv,10000,879,False,True,3,0.003481714054942131
tier_10k,1_1438042987127.36_20150728002307-00033-ip-10-236-191-2_482136553_0.csv,10000,465,False,True,2,0.0008974811062216759
tier_10k,0_1438042988061.16_20150728002308-00109-ip-10-236-191-2_681611335_21.csv,10000,808,False,True,3,0.0016333721578121185
tier_10k,0_1438042988061.16_20150728002308-00244-ip-10-236-191-2_65898746_2.csv,10000,846,False,True,3,0.0026352719869464636
tier_10k,0_1438042988061.16_20150728002308-00215-ip-10-236-191-2_362876303_35.csv,10000,438,False,True,2,0.0006609410047531128
tier_10k,1_1438042990112.50_20150728002310-00312-ip-10-236-191-2_3243890_59.csv,10000,449,False,True,3,0.0008619811851531267
tier_10k,1_1438042990112.50_20150728002310-00085-ip-10-236-191-2_403435483_3.csv,10000,465,False,True,3,0.0009284310508519411
tier_10k,0_1438042988061.16_20150728002308-00194-ip-10-236-191-2_846810834_13.csv,10000,700,False,True,2,0.0010561700910329819
tier_10k,1_1438042990112.50_20150728002310-00286-ip-10-236-191-2_318221297_4.csv,10000,869,False,True,3,0.0018494920805096626
tier_10k,1_1438042987127.36_20150728002307-00290-ip-10-236-191-2_407999777_10.csv,10000,441,False,True,3,0.0008448399603366852
tier_10k,0_1438042988458.74_20150728002308-00166-ip-10-236-191-2_302386578_10.csv,10000,808,False,True,2,0.0012009120546281338
tier_10k,0_1438042988458.74_20150728002308-00253-ip-10-236-191-2_222600153_3.csv,10000,697,False,True,3,0.001518860924988985
tier_10k,1_1438042990112.50_20150728002310-00237-ip-10-236-191-2_880298254_15.csv,10000,373,False,True,1,0.000537891173735261
tier_10k,0_1438042988061.16_20150728002308-00089-ip-10-236-191-2_807127666_2.csv,10000,498,False,True,3,0.0009712809696793556
tier_10k,0_1438042988458.74_20150728002308-00060-ip-10-236-191-2_492355315_1.csv,10000,846,False,True,3,0.0016548410058021545
tier_10k,1_1438042990112.50_20150728002310-00296-ip-10-236-191-2_202658094_3.csv,10000,573,False,True,3,0.001148500945419073
tier_10k,1_1438042988061.16_20150728002308-00013-ip-10-236-191-2_636339982_0.csv,10000,846,False,True,3,0.001694930950179696
tier_10k,1_1438042987127.36_20150728002307-00294-ip-10-236-191-2_390417830_16.csv,10000,483,False,True,2,0.0007335799746215343
tier_10k,0_1438042988458.74_20150728002308-00254-ip-10-236-191-2_909417374_257.csv,10000,332,False,True,1,0.0006451599765568972
tier_10k,0_1438042988061.16_20150728002308-00101-ip-10-236-191-2_653250037_0.csv,10000,730,False,True,3,0.0014635119587182999
tier_10k,0_1438042988458.74_20150728002308-00046-ip-10-236-191-2_428007644_11.csv,10000,589,False,True,3,0.0011450010351836681
tier_10k,1_1438042987127.36_20150728002307-00290-ip-10-236-191-2_469307566_0.csv,10000,820,False,True,2,0.0012431221548467875
tier_10k,1_1438042990112.50_20150728002310-00062-ip-10-236-191-2_896744244_9.csv,10000,331,False,True,1,0.00037001981399953365
tier_10k,1_1438042990112.50_20150728002310-00225-ip-10-236-191-2_718036865_0.csv,10000,532,False,True,2,0.0007681208662688732
tier_10k,0_1438042988061.16_20150728002308-00189-ip-10-236-191-2_414087396_10.csv,10000,480,False,True,4,0.0011584509629756212
tier_10k,0_1438042988061.16_20150728002308-00144-ip-10-236-191-2_279381280_30.csv,10000,932,False,True,2,0.001391060883179307
tier_10k,1_1438042990112.50_20150728002310-00081-ip-10-236-191-2_890934925_129.csv,10000,334,False,True,1,0.00048260996118187904
tier_10k,0_1438042988061.16_20150728002308-00133-ip-10-236-191-2_59742533_2.csv,10000,496,False,True,3,0.0010055110324174166
tier_10k,1_1438042990112.50_20150728002310-00259-ip-10-236-191-2_889779227_121.csv,10000,373,False,True,1,0.0005176300182938576
tier_10k,0_1438042988458.74_20150728002308-00262-ip-10-236-191-2_380524338_2.csv,10000,752,False,True,3,0.001497351098805666
tier_10k,1_1438042987127.36_20150728002307-00027-ip-10-236-191-2_67802697_2.csv,10000,654,False,True,2,0.0009881709702312946
tier_10k,0_1438042988458.74_20150728002308-00175-ip-10-236-191-2_385639780_18.csv,10000,685,False,True,2,0.0010049210395663977
tier_10k,0_1438042988458.74_20150728002308-00303-ip-10-236-191-2_56708567_9.csv,10000,995,False,True,3,0.0022996331099420786
tier_10k,0_1438042988458.74_20150728002308-00063-ip-10-236-191-2_657101208_1.csv,10000,491,False,True,2,0.0013923009391874075
tier_10k,1_1438042990112.50_20150728002310-00190-ip-10-236-191-2_436521753_9.csv,10000,630,False,True,3,0.0012370210606604815
tier_10k,1_1438042987127.36_20150728002307-00214-ip-10-236-191-2_225430488_0.csv,10000,823,False,True,3,0.0016801320016384125
tier_10k,0_1438042988061.16_20150728002308-00047-ip-10-236-191-2_843664602_0.csv,10000,800,False,True,3,0.0018947720527648926
tier_10k,0_1438042988061.16_20150728002308-00181-ip-10-236-191-2_216538600_0.csv,10000,621,False,True,2,0.0009645209647715092
tier_10k,0_1438042988061.16_20150728002308-00002-ip-10-236-191-2_545269850_0.csv,10000,846,False,True,3,0.0017013507895171642
tier_10k,0_1438042988061.16_20150728002308-00330-ip-10-236-191-2_795231590_4.csv,10000,932,False,True,3,0.0018795619253069162
tier_10k,0_1438042988061.16_20150728002308-00235-ip-10-236-191-2_713850328_17.csv,10000,545,False,True,3,0.0010487809777259827
tier_10k,0_1438042988458.74_20150728002308-00232-ip-10-236-191-2_795586035_3.csv,10000,331,False,True,3,0.0006939009763300419
tier_10k,0_1438042988458.74_20150728002308-00250-ip-10-236-191-2_501951825_0.csv,10000,846,False,True,3,0.0017289421521127224
tier_10k,1_1438042987127.36_20150728002307-00037-ip-10-236-191-2_318965632_0.csv,10000,489,False,True,3,0.0009611509740352631
tier_10k,0_1438042988061.16_20150728002308-00041-ip-10-236-191-2_37534908_6.csv,10000,833,False,True,3,0.0016382420435547829
tier_10k,1_1438042987127.36_20150728002307-00269-ip-10-236-191-2_847834464_0.csv,10000,676,False,True,3,0.00128488102927804
tier_10k,0_1438042988061.16_20150728002308-00199-ip-10-236-191-2_891430247_172.csv,10000,332,False,True,1,0.0004903711378574371
tier_10k,1_1438042987127.36_20150728002307-00153-ip-10-236-191-2_490931395_0.csv,10000,846,False,True,3,0.003510173875838518
tier_10k,0_1438042988458.74_20150728002308-00081-ip-10-236-191-2_476604823_0.csv,10000,815,False,True,2,0.0024961219169199467
tier_10k,0_1438042988458.74_20150728002308-00210-ip-10-236-191-2_79682215_3.csv,10000,555,False,True,2,0.0008522109128534794
tier_10k,1_1438042987127.36_20150728002307-00008-ip-10-236-191-2_633806649_3.csv,10000,713,False,True,3,0.001424581976607442
tier_10k,0_1438042988061.16_20150728002308-00201-ip-10-236-191-2_319577306_4.csv,10000,620,False,True,3,0.001218360848724842
tier_10k,1_1438042990112.50_20150728002310-00310-ip-10-236-191-2_200224826_0.csv,10000,738,False,True,4,0.002077582059428096
tier_10k,1_1438042987127.36_20150728002307-00102-ip-10-236-191-2_893578330_152.csv,10000,373,False,True,1,0.0004058810882270336
tier_10k,1_1438042990112.50_20150728002310-00044-ip-10-236-191-2_261321661_61.csv,10000,418,False,True,2,0.0006751609034836292
tier_10k,1_1438042987127.36_20150728002307-00074-ip-10-236-191-2_137128786_0.csv,10000,889,False,True,3,0.001759832026436925
tier_10k,1_1438042987127.36_20150728002307-00082-ip-10-236-191-2_795702564_10.csv,10000,428,False,True,2,0.0006473101675510406
tier_10k,1_1438042987127.36_20150728002307-00144-ip-10-236-191-2_676020729_0.csv,15000,374,False,True,3,0.0007994500920176506
tier_10k,0_1438042988061.16_20150728002308-00282-ip-10-236-191-2_894007386_3.csv,15000,376,False,True,1,0.00041492097079753876
tier_10k,0_1438042988458.74_20150728002308-00249-ip-10-236-191-2_328699461_4.csv,15000,1104,False,True,3,0.0022438920568674803
tier_10k,1_1438042987127.36_20150728002307-00114-ip-10-236-191-2_902351685_191.csv,15000,377,False,True,1,0.0004105598200112581
tier_10k,1_1438042987127.36_20150728002307-00182-ip-10-236-191-2_150862475_5.csv,15000,489,False,True,3,0.0009470409713685513
tier_10k,1_1438042987127.36_20150728002307-00000-ip-10-236-191-2_300770320_2.csv,15000,329,False,True,3,0.0007865000516176224
tier_10k,1_1438042987127.36_20150728002307-00080-ip-10-236-191-2_899463259_102.csv,15000,375,False,True,1,0.00041876104660332203
tier_10k,1_1438042990112.50_20150728002310-00154-ip-10-236-191-2_303864106_21.csv,15000,1005,False,True,3,0.0019795710686594248
tier_10k,0_1438042988458.74_20150728002308-00095-ip-10-236-191-2_520943855_0.csv,15000,701,False,True,3,0.0013681009877473116
tier_10k,1_1438042987127.36_20150728002307-00145-ip-10-236-191-2_499439925_0.csv,15000,1095,False,True,2,0.0016563020180910826
tier_10k,1_1438042990112.50_20150728002310-00013-ip-10-236-191-2_321346784_4.csv,15000,1125,False,True,3,0.0028300429694354534
tier_10k,1_1438042987127.36_20150728002307-00033-ip-10-236-191-2_482136553_0.csv,15000,465,False,True,2,0.0009094611741602421
tier_10k,0_1438042988061.16_20150728002308-00109-ip-10-236-191-2_681611335_21.csv,15000,1120,False,True,3,0.0022624321281909943
tier_10k,0_1438042988061.16_20150728002308-00244-ip-10-236-191-2_65898746_2.csv,15000,1151,False,True,3,0.0023157321847975254
tier_10k,0_1438042988061.16_20150728002308-00215-ip-10-236-191-2_362876303_35.csv,15000,617,False,True,2,0.001006529899314046
tier_10k,1_1438042990112.50_20150728002310-00312-ip-10-236-191-2_3243890_59.csv,15000,638,False,True,3,0.0012165410444140434
tier_10k,1_1438042990112.50_20150728002310-00085-ip-10-236-191-2_403435483_3.csv,15000,469,False,True,3,0.0009370609186589718
tier_10k,0_1438042988061.16_20150728002308-00194-ip-10-236-191-2_846810834_13.csv,15000,873,False,True,2,0.0013129208236932755
tier_10k,1_1438042990112.50_20150728002310-00286-ip-10-236-191-2_318221297_4.csv,15000,1126,False,True,2,0.0017143418081104755
tier_10k,1_1438042987127.36_20150728002307-00290-ip-10-236-191-2_407999777_10.csv,15000,641,False,True,3,0.0012216009199619293
tier_10k,0_1438042988458.74_20150728002308-00166-ip-10-236-191-2_302386578_10.csv,15000,906,False,True,3,0.002090261783450842
tier_10k,0_1438042988458.74_20150728002308-00253-ip-10-236-191-2_222600153_3.csv,15000,856,False,True,4,0.002140511991456151
tier_10k,1_1438042990112.50_20150728002310-00237-ip-10-236-191-2_880298254_15.csv,15000,375,False,True,1,0.00042891991324722767
tier_10k,0_1438042988061.16_20150728002308-00089-ip-10-236-191-2_807127666_2.csv,15000,706,False,True,3,0.001916022039949894
tier_10k,0_1438042988458.74_20150728002308-00060-ip-10-236-191-2_492355315_1.csv,15000,1151,False,True,3,0.004663463914766908
tier_10k,1_1438042990112.50_20150728002310-00296-ip-10-236-191-2_202658094_3.csv,15000,808,False,True,3,0.0015658021438866854
tier_10k,1_1438042988061.16_20150728002308-00013-ip-10-236-191-2_636339982_0.csv,15000,1151,False,True,3,0.0023439519573003054
tier_10k,1_1438042987127.36_20150728002307-00294-ip-10-236-191-2_390417830_16.csv,15000,657,False,True,1,0.0006643310189247131
tier_10k,0_1438042988458.74_20150728002308-00254-ip-10-236-191-2_909417374_257.csv,15000,335,False,True,1,0.0003683599643409252
tier_10k,0_1438042988061.16_20150728002308-00101-ip-10-236-191-2_653250037_0.csv,15000,974,False,True,4,0.0024371619801968336
tier_10k,0_1438042988458.74_20150728002308-00046-ip-10-236-191-2_428007644_11.csv,15000,632,False,True,2,0.0009320410899817944
tier_10k,1_1438042987127.36_20150728002307-00290-ip-10-236-191-2_469307566_0.csv,15000,1101,False,True,2,0.001669800840318203
tier_10k,1_1438042990112.50_20150728002310-00062-ip-10-236-191-2_896744244_9.csv,15000,333,False,True,1,0.0003716209903359413
tier_10k,1_1438042990112.50_20150728002310-00225-ip-10-236-191-2_718036865_0.csv,15000,805,False,True,3,0.001546290935948491
tier_10k,0_1438042988061.16_20150728002308-00189-ip-10-236-191-2_414087396_10.csv,15000,657,False,True,3,0.001284691970795393
tier_10k,0_1438042988061.16_20150728002308-00144-ip-10-236-191-2_279381280_30.csv,15000,946,False,True,2,0.0014396908227354288
tier_10k,1_1438042990112.50_20150728002310-00081-ip-10-236-191-2_890934925_129.csv,15000,334,False,True,1,0.00037563988007605076
tier_10k,0_1438042988061.16_20150728002308-00133-ip-10-236-191-2_59742533_2.csv,15000,646,False,True,3,0.0012573408894240856
tier_10k,1_1438042990112.50_20150728002310-00259-ip-10-236-191-2_889779227_121.csv,15000,375,False,True,1,0.00046622101217508316
tier_10k,0_1438042988458.74_20150728002308-00262-ip-10-236-191-2_380524338_2.csv,15000,957,False,True,3,0.0018796420190483332
tier_10k,1_1438042987127.36_20150728002307-00027-ip-10-236-191-2_67802697_2.csv,15000,806,False,True,2,0.0012266607955098152
tier_10k,0_1438042988458.74_20150728002308-00175-ip-10-236-191-2_385639780_18.csv,15000,1087,False,True,3,0.0021862820722162724
tier_10k,0_1438042988458.74_20150728002308-00303-ip-10-236-191-2_56708567_9.csv,15000,1268,False,True,3,0.0026126618031412363
tier_10k,0_1438042988458.74_20150728002308-00063-ip-10-236-191-2_657101208_1.csv,15000,491,False,True,2,0.0007693110965192318
tier_10k,1_1438042990112.50_20150728002310-00190-ip-10-236-191-2_436521753_9.csv,15000,796,False,True,4,0.0019993518944829702
tier_10k,1_1438042987127.36_20150728002307-00214-ip-10-236-191-2_225430488_0.csv,15000,1128,False,True,3,0.002251802012324333
tier_10k,0_1438042988061.16_20150728002308-00047-ip-10-236-191-2_843664602_0.csv,15000,1075,False,True,3,0.0021367529407143593
tier_10k,0_1438042988061.16_20150728002308-00181-ip-10-236-191-2_216538600_0.csv,15000,621,False,True,2,0.0009465909097343683
tier_10k,0_1438042988061.16_20150728002308-00002-ip-10-236-191-2_545269850_0.csv,15000,1151,False,True,3,0.0024705519899725914
tier_10k,0_1438042988061.16_20150728002308-00330-ip-10-236-191-2_795231590_4.csv,15000,1223,False,True,3,0.0025009019300341606
tier_10k,0_1438042988061.16_20150728002308-00235-ip-10-236-191-2_713850328_17.csv,15000,803,False,True,3,0.0015673008747398853
tier_10k,0_1438042988458.74_20150728002308-00232-ip-10-236-191-2_795586035_3.csv,15000,331,False,True,3,0.0007315999828279018
tier_10k,0_1438042988458.74_20150728002308-00250-ip-10-236-191-2_501951825_0.csv,15000,1151,False,True,3,0.002359942998737097
tier_10k,1_1438042987127.36_20150728002307-00037-ip-10-236-191-2_318965632_0.csv,15000,489,False,True,3,0.0011187309864908457
tier_10k,0_1438042988061.16_20150728002308-00041-ip-10-236-191-2_37534908_6.csv,15000,1144,False,True,3,0.00227495189756155
tier_10k,1_1438042987127.36_20150728002307-00269-ip-10-236-191-2_847834464_0.csv,15000,767,False,True,3,0.0014810219872742891
tier_10k,0_1438042988061.16_20150728002308-00199-ip-10-236-191-2_891430247_172.csv,15000,335,False,True,1,0.00037165102548897266
tier_10k,1_1438042987127.36_20150728002307-00153-ip-10-236-191-2_490931395_0.csv,15000,1151,False,True,3,0.00234972289763391
tier_10k,0_1438042988458.74_20150728002308-00081-ip-10-236-191-2_476604823_0.csv,15000,1077,False,True,2,0.0016555411275476217
tier_10k,0_1438042988458.74_20150728002308-00210-ip-10-236-191-2_79682215_3.csv,15000,576,False,True,2,0.0008614799007773399
tier_10k,1_1438042987127.36_20150728002307-00008-ip-10-236-191-2_633806649_3.csv,15000,935,False,True,2,0.0014112209901213646
tier_10k,0_1438042988061.16_20150728002308-00201-ip-10-236-191-2_319577306_4.csv,15000,997,False,True,3,0.004074943019077182
tier_10k,1_1438042990112.50_20150728002310-00310-ip-10-236-191-2_200224826_0.csv,15000,950,False,True,3,0.0020651218947023153
tier_10k,1_1438042987127.36_20150728002307-00102-ip-10-236-191-2_893578330_152.csv,15000,376,False,True,1,0.000419500982388854
tier_10k,1_1438042990112.50_20150728002310-00044-ip-10-236-191-2_261321661_61.csv,15000,418,False,True,2,0.0006446801126003265
tier_10k,1_1438042987127.36_20150728002307-00074-ip-10-236-191-2_137128786_0.csv,15000,1136,False,True,3,0.0023865720722824335
tier_10k,1_1438042987127.36_20150728002307-00082-ip-10-236-191-2_795702564_10.csv,15000,570,False,True,2,0.0008340911008417606
tier_10k,1_1438042987127.36_20150728002307-00144-ip-10-236-191-2_676020729_0.csv,20000,374,False,True,3,0.0007472310680896044
tier_10k,0_1438042988061.16_20150728002308-00282-ip-10-236-191-2_894007386_3.csv,20000,376,False,True,1,0.0004111998714506626
tier_10k,0_1438042988458.74_20150728002308-00249-ip-10-236-191-2_328699461_4.csv,20000,1342,False,True,4,0.0033858029637485743
tier_10k,1_1438042987127.36_20150728002307-00114-ip-10-236-191-2_902351685_191.csv,20000,377,False,True,1,0.00043180002830922604
tier_10k,1_1438042987127.36_20150728002307-00182-ip-10-236-191-2_150862475_5.csv,20000,489,False,True,3,0.000994010828435421
tier_10k,1_1438042987127.36_20150728002307-00000-ip-10-236-191-2_300770320_2.csv,20000,329,False,True,3,0.0006636609323322773
tier_10k,1_1438042987127.36_20150728002307-00080-ip-10-236-191-2_899463259_102.csv,20000,375,False,True,1,0.00041599106043577194
tier_10k,1_1438042990112.50_20150728002310-00154-ip-10-236-191-2_303864106_21.csv,20000,1005,False,True,3,0.0020030620507895947
tier_10k,0_1438042988458.74_20150728002308-00095-ip-10-236-191-2_520943855_0.csv,20000,834,False,True,3,0.0016395309939980507
tier_10k,1_1438042987127.36_20150728002307-00145-ip-10-236-191-2_499439925_0.csv,20000,1095,False,True,2,0.001674341969192028
tier_10k,1_1438042990112.50_20150728002310-00013-ip-10-236-191-2_321346784_4.csv,20000,1171,False,True,3,0.002350463066250086
tier_10k,1_1438042987127.36_20150728002307-00033-ip-10-236-191-2_482136553_0.csv,20000,465,False,True,2,0.0007034009322524071
tier_10k,0_1438042988061.16_20150728002308-00109-ip-10-236-191-2_681611335_21.csv,20000,1405,False,True,3,0.0029357029125094414
tier_10k,0_1438042988061.16_20150728002308-00244-ip-10-236-191-2_65898746_2.csv,20000,1368,False,True,3,0.0027586929500102997
tier_10k,0_1438042988061.16_20150728002308-00215-ip-10-236-191-2_362876303_35.csv,20000,637,False,True,2,0.0009377701207995415
tier_10k,1_1438042990112.50_20150728002310-00312-ip-10-236-191-2_3243890_59.csv,20000,900,False,True,3,0.001710222102701664
tier_10k,1_1438042990112.50_20150728002310-00085-ip-10-236-191-2_403435483_3.csv,20000,469,False,True,3,0.001042230986058712
tier_10k,0_1438042988061.16_20150728002308-00194-ip-10-236-191-2_846810834_13.csv,20000,874,False,True,2,0.0013288110494613647
tier_10k,1_1438042990112.50_20150728002310-00286-ip-10-236-191-2_318221297_4.csv,20000,1344,False,True,4,0.0034047539811581373
tier_10k,1_1438042987127.36_20150728002307-00290-ip-10-236-191-2_407999777_10.csv,20000,696,False,True,4,0.0016272219363600016
tier_10k,0_1438042988458.74_20150728002308-00166-ip-10-236-191-2_302386578_10.csv,20000,906,False,True,3,0.0018222311045974493
tier_10k,0_1438042988458.74_20150728002308-00253-ip-10-236-191-2_222600153_3.csv,20000,856,False,True,4,0.0021026721224188805
tier_10k,1_1438042990112.50_20150728002310-00237-ip-10-236-191-2_880298254_15.csv,20000,375,False,True,1,0.00043541984632611275
tier_10k,0_1438042988061.16_20150728002308-00089-ip-10-236-191-2_807127666_2.csv,20000,846,False,True,3,0.0016484609805047512
tier_10k,0_1438042988458.74_20150728002308-00060-ip-10-236-191-2_492355315_1.csv,20000,1368,False,True,3,0.0027640231419354677
tier_10k,1_1438042990112.50_20150728002310-00296-ip-10-236-191-2_202658094_3.csv,20000,1027,False,True,3,0.0019977320916950703
tier_10k,1_1438042988061.16_20150728002308-00013-ip-10-236-191-2_636339982_0.csv,20000,1368,False,True,3,0.005524714943021536
tier_10k,1_1438042987127.36_20150728002307-00294-ip-10-236-191-2_390417830_16.csv,20000,661,False,True,1,0.0006554799620062113
tier_10k,0_1438042988458.74_20150728002308-00254-ip-10-236-191-2_909417374_257.csv,20000,335,False,True,1,0.0003790610935539007
tier_10k,0_1438042988061.16_20150728002308-00101-ip-10-236-191-2_653250037_0.csv,20000,974,False,True,4,0.0024110120721161366
tier_10k,0_1438042988458.74_20150728002308-00046-ip-10-236-191-2_428007644_11.csv,20000,632,False,True,2,0.0009286610875278711
tier_10k,1_1438042987127.36_20150728002307-00290-ip-10-236-191-2_469307566_0.csv,20000,1101,False,True,2,0.0017943920101970434
tier_10k,1_1438042990112.50_20150728002310-00062-ip-10-236-191-2_896744244_9.csv,20000,335,False,True,1,0.0003754300996661186
tier_10k,1_1438042990112.50_20150728002310-00225-ip-10-236-191-2_718036865_0.csv,20000,910,False,True,4,0.0022011420223861933
tier_10k,0_1438042988061.16_20150728002308-00189-ip-10-236-191-2_414087396_10.csv,20000,860,False,True,4,0.002035601995885372
tier_10k,0_1438042988061.16_20150728002308-00144-ip-10-236-191-2_279381280_30.csv,20000,946,False,True,2,0.0014231009408831596
tier_10k,1_1438042990112.50_20150728002310-00081-ip-10-236-191-2_890934925_129.csv,20000,337,False,True,1,0.0003779209218919277
tier_10k,0_1438042988061.16_20150728002308-00133-ip-10-236-191-2_59742533_2.csv,20000,646,False,True,3,0.0013008620589971542
tier_10k,1_1438042990112.50_20150728002310-00259-ip-10-236-191-2_889779227_121.csv,20000,376,False,True,1,0.0004306200426071882
tier_10k,0_1438042988458.74_20150728002308-00262-ip-10-236-191-2_380524338_2.csv,20000,1122,False,True,3,0.0022051921114325523
tier_10k,1_1438042987127.36_20150728002307-00027-ip-10-236-191-2_67802697_2.csv,20000,900,False,True,2,0.001358821988105774
tier_10k,0_1438042988458.74_20150728002308-00175-ip-10-236-191-2_385639780_18.csv,20000,1353,False,True,3,0.002748263068497181
tier_10k,0_1438042988458.74_20150728002308-00303-ip-10-236-191-2_56708567_9.csv,20000,1514,False,True,3,0.0035567230079323053
tier_10k,0_1438042988458.74_20150728002308-00063-ip-10-236-191-2_657101208_1.csv,20000,491,False,True,2,0.0007732810918241739
tier_10k,1_1438042990112.50_20150728002310-00190-ip-10-236-191-2_436521753_9.csv,20000,796,False,True,4,0.0019583620596677065
tier_10k,1_1438042987127.36_20150728002307-00214-ip-10-236-191-2_225430488_0.csv,20000,1395,False,True,3,0.002865443006157875
tier_10k,0_1438042988061.16_20150728002308-00047-ip-10-236-191-2_843664602_0.csv,20000,1075,False,True,3,0.002235851949080825
tier_10k,0_1438042988061.16_20150728002308-00181-ip-10-236-191-2_216538600_0.csv,20000,621,False,True,2,0.000998681178316474
tier_10k,0_1438042988061.16_20150728002308-00002-ip-10-236-191-2_545269850_0.csv,20000,1368,False,True,3,0.0027871220372617245
tier_10k,0_1438042988061.16_20150728002308-00330-ip-10-236-191-2_795231590_4.csv,20000,1272,False,True,3,0.0025593629106879234
tier_10k,0_1438042988061.16_20150728002308-00235-ip-10-236-191-2_713850328_17.csv,20000,1052,False,True,3,0.002028372138738632
tier_10k,0_1438042988458.74_20150728002308-00232-ip-10-236-191-2_795586035_3.csv,20000,331,False,True,3,0.0006598501931875944
tier_10k,0_1438042988458.74_20150728002308-00250-ip-10-236-191-2_501951825_0.csv,20000,1368,False,True,3,0.0028778130654245615
tier_10k,1_1438042987127.36_20150728002307-00037-ip-10-236-191-2_318965632_0.csv,20000,489,False,True,3,0.0009528209920972586
tier_10k,0_1438042988061.16_20150728002308-00041-ip-10-236-191-2_37534908_6.csv,20000,1391,False,True,3,0.005516975885257125
tier_10k,1_1438042987127.36_20150728002307-00269-ip-10-236-191-2_847834464_0.csv,20000,768,False,True,3,0.0014670921955257654
tier_10k,0_1438042988061.16_20150728002308-00199-ip-10-236-191-2_891430247_172.csv,20000,335,False,True,1,0.00037356000393629074
tier_10k,1_1438042987127.36_20150728002307-00153-ip-10-236-191-2_490931395_0.csv,20000,1368,False,True,3,0.002786241937428713
tier_10k,0_1438042988458.74_20150728002308-00081-ip-10-236-191-2_476604823_0.csv,20000,1077,False,True,2,0.0016328119672834873
tier_10k,0_1438042988458.74_20150728002308-00210-ip-10-236-191-2_79682215_3.csv,20000,576,False,True,2,0.0008611609227955341
tier_10k,1_1438042987127.36_20150728002307-00008-ip-10-236-191-2_633806649_3.csv,20000,935,False,True,2,0.0014052619226276875
tier_10k,0_1438042988061.16_20150728002308-00201-ip-10-236-191-2_319577306_4.csv,20000,1218,False,True,3,0.002438073046505451
tier_10k,1_1438042990112.50_20150728002310-00310-ip-10-236-191-2_200224826_0.csv,20000,1060,False,True,3,0.0020390821155160666
tier_10k,1_1438042987127.36_20150728002307-00102-ip-10-236-191-2_893578330_152.csv,20000,378,False,True,1,0.0004526199772953987
tier_10k,1_1438042990112.50_20150728002310-00044-ip-10-236-191-2_261321661_61.csv,20000,418,False,True,2,0.0006533609703183174
tier_10k,1_1438042987127.36_20150728002307-00074-ip-10-236-191-2_137128786_0.csv,20000,1137,False,True,3,0.0022838430013507605
tier_10k,1_1438042987127.36_20150728002307-00082-ip-10-236-191-2_795702564_10.csv,20000,630,False,True,2,0.0009245199616998434
tier_10k,1_1438042987127.36_20150728002307-00144-ip-10-236-191-2_676020729_0.csv,25000,374,False,True,3,0.0007526709232479334
tier_10k,0_1438042988061.16_20150728002308-00282-ip-10-236-191-2_894007386_3.csv,25000,376,False,True,1,0.0004193910863250494
tier_10k,0_1438042988458.74_20150728002308-00249-ip-10-236-191-2_328699461_4.csv,25000,1449,False,True,3,0.0029537430964410305
tier_10k,1_1438042987127.36_20150728002307-00114-ip-10-236-191-2_902351685_191.csv,25000,377,False,True,1,0.00047177006490528584
tier_10k,1_1438042987127.36_20150728002307-00182-ip-10-236-191-2_150862475_5.csv,25000,489,False,True,3,0.0009762498084455729
tier_10k,1_1438042987127.36_20150728002307-00000-ip-10-236-191-2_300770320_2.csv,25000,329,False,True,3,0.0007692608051002026
tier_10k,1_1438042987127.36_20150728002307-00080-ip-10-236-191-2_899463259_102.csv,25000,375,False,True,1,0.0004751109518110752
tier_10k,1_1438042990112.50_20150728002310-00154-ip-10-236-191-2_303864106_21.csv,25000,1005,False,True,3,0.0019742129370570183
tier_10k,0_1438042988458.74_20150728002308-00095-ip-10-236-191-2_520943855_0.csv,25000,834,False,True,3,0.002848672913387418
tier_10k,1_1438042987127.36_20150728002307-00145-ip-10-236-191-2_499439925_0.csv,25000,1095,False,True,2,0.0016521119978278875
tier_10k,1_1438042990112.50_20150728002310-00013-ip-10-236-191-2_321346784_4.csv,25000,1171,False,True,3,0.00235313200391829
tier_10k,1_1438042987127.36_20150728002307-00033-ip-10-236-191-2_482136553_0.csv,25000,465,False,True,2,0.0007167709991335869
tier_10k,0_1438042988061.16_20150728002308-00109-ip-10-236-191-2_681611335_21.csv,25000,1421,False,True,3,0.0028627519495785236
tier_10k,0_1438042988061.16_20150728002308-00244-ip-10-236-191-2_65898746_2.csv,25000,1368,False,True,3,0.003229763126000762
tier_10k,0_1438042988061.16_20150728002308-00215-ip-10-236-191-2_362876303_35.csv,25000,637,False,True,2,0.0009618510957807302
tier_10k,1_1438042990112.50_20150728002310-00312-ip-10-236-191-2_3243890_59.csv,25000,900,False,True,3,0.0023748220410197973
tier_10k,1_1438042990112.50_20150728002310-00085-ip-10-236-191-2_403435483_3.csv,25000,469,False,True,3,0.0010134209878742695
tier_10k,0_1438042988061.16_20150728002308-00194-ip-10-236-191-2_846810834_13.csv,25000,874,False,True,2,0.0021210310515016317
tier_10k,1_1438042990112.50_20150728002310-00286-ip-10-236-191-2_318221297_4.csv,25000,1444,False,True,3,0.002936352975666523
tier_10k,1_1438042987127.36_20150728002307-00290-ip-10-236-191-2_407999777_10.csv,25000,696,False,True,4,0.0016434320714324713
tier_10k,0_1438042988458.74_20150728002308-00166-ip-10-236-191-2_302386578_10.csv,25000,906,False,True,3,0.0021712020970880985
tier_10k,0_1438042988458.74_20150728002308-00253-ip-10-236-191-2_222600153_3.csv,25000,856,False,True,4,0.0021136808209121227
tier_10k,1_1438042990112.50_20150728002310-00237-ip-10-236-191-2_880298254_15.csv,25000,375,False,True,1,0.0004130799788981676
tier_10k,0_1438042988061.16_20150728002308-00089-ip-10-236-191-2_807127666_2.csv,25000,847,False,True,3,0.0016483610961586237
tier_10k,0_1438042988458.74_20150728002308-00060-ip-10-236-191-2_492355315_1.csv,25000,1368,False,True,3,0.002784162061288953
tier_10k,1_1438042990112.50_20150728002310-00296-ip-10-236-191-2_202658094_3.csv,25000,1248,False,True,3,0.002431001979857683
tier_10k,1_1438042988061.16_20150728002308-00013-ip-10-236-191-2_636339982_0.csv,25000,1368,False,True,3,0.0027709221467375755
tier_10k,1_1438042987127.36_20150728002307-00294-ip-10-236-191-2_390417830_16.csv,25000,661,False,True,1,0.0006762610282748938
tier_10k,0_1438042988458.74_20150728002308-00254-ip-10-236-191-2_909417374_257.csv,25000,335,False,True,1,0.0003818501718342304
tier_10k,0_1438042988061.16_20150728002308-00101-ip-10-236-191-2_653250037_0.csv,25000,974,False,True,4,0.002418811898678541
tier_10k,0_1438042988458.74_20150728002308-00046-ip-10-236-191-2_428007644_11.csv,25000,632,False,True,2,0.0010590909514576197
tier_10k,1_1438042987127.36_20150728002307-00290-ip-10-236-191-2_469307566_0.csv,25000,1101,False,True,2,0.0019510218407958746
tier_10k,1_1438042990112.50_20150728002310-00062-ip-10-236-191-2_896744244_9.csv,25000,335,False,True,1,0.0004304500762373209
tier_10k,1_1438042990112.50_20150728002310-00225-ip-10-236-191-2_718036865_0.csv,25000,910,False,True,4,0.0022043620701879263
tier_10k,0_1438042988061.16_20150728002308-00189-ip-10-236-191-2_414087396_10.csv,25000,964,False,True,3,0.0018408519681543112
tier_10k,0_1438042988061.16_20150728002308-00144-ip-10-236-191-2_279381280_30.csv,25000,946,False,True,2,0.0018202918581664562
tier_10k,1_1438042990112.50_20150728002310-00081-ip-10-236-191-2_890934925_129.csv,25000,337,False,True,1,0.0004950608126819134
tier_10k,0_1438042988061.16_20150728002308-00133-ip-10-236-191-2_59742533_2.csv,25000,646,False,True,3,0.0012728909496217966
tier_10k,1_1438042990112.50_20150728002310-00259-ip-10-236-191-2_889779227_121.csv,25000,376,False,True,1,0.0004222700372338295
tier_10k,0_1438042988458.74_20150728002308-00262-ip-10-236-191-2_380524338_2.csv,25000,1328,False,True,4,0.0033290530554950237
tier_10k,1_1438042987127.36_20150728002307-00027-ip-10-236-191-2_67802697_2.csv,25000,900,False,True,2,0.001356621040031314
tier_10k,0_1438042988458.74_20150728002308-00175-ip-10-236-191-2_385639780_18.csv,25000,1557,False,True,3,0.0031770330388098955
tier_10k,0_1438042988458.74_20150728002308-00303-ip-10-236-191-2_56708567_9.csv,25000,1673,False,True,4,0.004251515027135611
tier_10k,0_1438042988458.74_20150728002308-00063-ip-10-236-191-2_657101208_1.csv,25000,491,False,True,2,0.0007584609556943178
tier_10k,1_1438042990112.50_20150728002310-00190-ip-10-236-191-2_436521753_9.csv,25000,796,False,True,4,0.004003114067018032
tier_10k,1_1438042987127.36_20150728002307-00214-ip-10-236-191-2_225430488_0.csv,25000,1398,False,True,3,0.0028228131122887135
tier_10k,0_1438042988061.16_20150728002308-00047-ip-10-236-191-2_843664602_0.csv,25000,1075,False,True,3,0.0021404719445854425
tier_10k,0_1438042988061.16_20150728002308-00181-ip-10-236-191-2_216538600_0.csv,25000,621,False,True,2,0.0009211800061166286
tier_10k,0_1438042988061.16_20150728002308-00002-ip-10-236-191-2_545269850_0.csv,25000,1368,False,True,3,0.00280301203019917
tier_10k,0_1438042988061.16_20150728002308-00330-ip-10-236-191-2_795231590_4.csv,25000,1272,False,True,3,0.0025588020216673613
tier_10k,0_1438042988061.16_20150728002308-00235-ip-10-236-191-2_713850328_17.csv,25000,1262,False,True,4,0.0030632431153208017
tier_10k,0_1438042988458.74_20150728002308-00232-ip-10-236-191-2_795586035_3.csv,25000,331,False,True,3,0.0006722009275108576
tier_10k,0_1438042988458.74_20150728002308-00250-ip-10-236-191-2_501951825_0.csv,25000,1368,False,True,3,0.0028160030487924814
tier_10k,1_1438042987127.36_20150728002307-00037-ip-10-236-191-2_318965632_0.csv,25000,489,False,True,3,0.0009643200319260359
tier_10k,0_1438042988061.16_20150728002308-00041-ip-10-236-191-2_37534908_6.csv,25000,1391,False,True,3,0.0027981421444565058
tier_10k,1_1438042987127.36_20150728002307-00269-ip-10-236-191-2_847834464_0.csv,25000,768,False,True,3,0.001606862060725689
tier_10k,0_1438042988061.16_20150728002308-00199-ip-10-236-191-2_891430247_172.csv,25000,335,False,True,1,0.00038426113314926624
tier_10k,1_1438042987127.36_20150728002307-00153-ip-10-236-191-2_490931395_0.csv,25000,1368,False,True,3,0.002785193035379052
tier_10k,0_1438042988458.74_20150728002308-00081-ip-10-236-191-2_476604823_0.csv,25000,1077,False,True,2,0.0022953120060265064
tier_10k,0_1438042988458.74_20150728002308-00210-ip-10-236-191-2_79682215_3.csv,25000,576,False,True,2,0.0008614999242126942
tier_10k,1_1438042987127.36_20150728002307-00008-ip-10-236-191-2_633806649_3.csv,25000,935,False,True,2,0.001422450877726078
tier_10k,0_1438042988061.16_20150728002308-00201-ip-10-236-191-2_319577306_4.csv,25000,1482,False,True,3,0.0030110429506748915
tier_10k,1_1438042990112.50_20150728002310-00310-ip-10-236-191-2_200224826_0.csv,25000,1061,False,True,3,0.002410741988569498
tier_10k,1_1438042987127.36_20150728002307-00102-ip-10-236-191-2_893578330_152.csv,25000,378,False,True,1,0.0004829610697925091
tier_10k,1_1438042990112.50_20150728002310-00044-ip-10-236-191-2_261321661_61.csv,25000,418,False,True,2,0.0010936008766293526
tier_10k,1_1438042987127.36_20150728002307-00074-ip-10-236-191-2_137128786_0.csv,25000,1137,False,True,3,0.002306452952325344
tier_10k,1_1438042987127.36_20150728002307-00082-ip-10-236-191-2_795702564_10.csv,25000,631,False,True,2,0.0009550109971314669
tier_10k,1_1438042987127.36_20150728002307-00144-ip-10-236-191-2_676020729_0.csv,30000,374,False,True,3,0.0007437109015882015
tier_10k,0_1438042988061.16_20150728002308-00282-ip-10-236-191-2_894007386_3.csv,30000,376,False,True,1,0.00041580083779990673
tier_10k,0_1438042988458.74_20150728002308-00249-ip-10-236-191-2_328699461_4.csv,30000,1449,False,True,3,0.002940781880170107
tier_10k,1_1438042987127.36_20150728002307-00114-ip-10-236-191-2_902351685_191.csv,30000,377,False,True,1,0.0007482010405510664
tier_10k,1_1438042987127.36_20150728002307-00182-ip-10-236-191-2_150862475_5.csv,30000,489,False,True,3,0.0011651008389890194
tier_10k,1_1438042987127.36_20150728002307-00000-ip-10-236-191-2_300770320_2.csv,30000,329,False,True,3,0.0006634308956563473
tier_10k,1_1438042987127.36_20150728002307-00080-ip-10-236-191-2_899463259_102.csv,30000,375,False,True,1,0.00041599106043577194
tier_10k,1_1438042990112.50_20150728002310-00154-ip-10-236-191-2_303864106_21.csv,30000,1005,False,True,3,0.0019783019088208675
tier_10k,0_1438042988458.74_20150728002308-00095-ip-10-236-191-2_520943855_0.csv,30000,835,False,True,3,0.0018867820035666227
tier_10k,1_1438042987127.36_20150728002307-00145-ip-10-236-191-2_499439925_0.csv,30000,1095,False,True,2,0.0016423419583588839
tier_10k,1_1438042990112.50_20150728002310-00013-ip-10-236-191-2_321346784_4.csv,30000,1171,False,True,3,0.002370681846514344
tier_10k,1_1438042987127.36_20150728002307-00033-ip-10-236-191-2_482136553_0.csv,30000,465,False,True,2,0.0007670610211789608
tier_10k,0_1438042988061.16_20150728002308-00109-ip-10-236-191-2_681611335_21.csv,30000,1421,False,True,3,0.003396552987396717
tier_10k,0_1438042988061.16_20150728002308-00244-ip-10-236-191-2_65898746_2.csv,30000,1368,False,True,3,0.0028411028906702995
tier_10k,0_1438042988061.16_20150728002308-00215-ip-10-236-191-2_362876303_35.csv,30000,637,False,True,2,0.0014950609765946865
tier_10k,1_1438042990112.50_20150728002310-00312-ip-10-236-191-2_3243890_59.csv,30000,900,False,True,3,0.0017315710429102182
tier_10k,1_1438042990112.50_20150728002310-00085-ip-10-236-191-2_403435483_3.csv,30000,469,False,True,3,0.0009391810745000839
tier_10k,0_1438042988061.16_20150728002308-00194-ip-10-236-191-2_846810834_13.csv,30000,874,False,True,2,0.0013166710268706083
tier_10k,1_1438042990112.50_20150728002310-00286-ip-10-236-191-2_318221297_4.csv,30000,1444,False,True,3,0.002946072956547141
tier_10k,1_1438042987127.36_20150728002307-00290-ip-10-236-191-2_407999777_10.csv,30000,696,False,True,4,0.002271012170240283
tier_10k,0_1438042988458.74_20150728002308-00166-ip-10-236-191-2_302386578_10.csv,30000,906,False,True,3,0.0018116720020771027
tier_10k,0_1438042988458.74_20150728002308-00253-ip-10-236-191-2_222600153_3.csv,30000,856,False,True,4,0.002108221873641014
tier_10k,1_1438042990112.50_20150728002310-00237-ip-10-236-191-2_880298254_15.csv,30000,375,False,True,1,0.00042471103370189667
tier_10k,0_1438042988061.16_20150728002308-00089-ip-10-236-191-2_807127666_2.csv,30000,847,False,True,3,0.0016612920444458723
tier_10k,0_1438042988458.74_20150728002308-00060-ip-10-236-191-2_492355315_1.csv,30000,1368,False,True,3,0.002786041935905814
tier_10k,1_1438042990112.50_20150728002310-00296-ip-10-236-191-2_202658094_3.csv,30000,1248,False,True,3,0.0024656520690768957
tier_10k,1_1438042988061.16_20150728002308-00013-ip-10-236-191-2_636339982_0.csv,30000,1368,False,True,3,0.003291923087090254
tier_10k,1_1438042987127.36_20150728002307-00294-ip-10-236-191-2_390417830_16.csv,30000,661,False,True,1,0.000772570027038455
tier_10k,0_1438042988458.74_20150728002308-00254-ip-10-236-191-2_909417374_257.csv,30000,335,False,True,1,0.0003865810576826334
tier_10k,0_1438042988061.16_20150728002308-00101-ip-10-236-191-2_653250037_0.csv,30000,974,False,True,4,0.0024410029873251915
tier_10k,0_1438042988458.74_20150728002308-00046-ip-10-236-191-2_428007644_11.csv,30000,632,False,True,2,0.0011314807925373316
tier_10k,1_1438042987127.36_20150728002307-00290-ip-10-236-191-2_469307566_0.csv,30000,1101,False,True,2,0.0022576721385121346
tier_10k,1_1438042990112.50_20150728002310-00062-ip-10-236-191-2_896744244_9.csv,30000,335,False,True,1,0.00039555015973746777
tier_10k,1_1438042990112.50_20150728002310-00225-ip-10-236-191-2_718036865_0.csv,30000,910,False,True,4,0.0022140517830848694
tier_10k,0_1438042988061.16_20150728002308-00189-ip-10-236-191-2_414087396_10.csv,30000,964,False,True,3,0.0024165420327335596
tier_10k,0_1438042988061.16_20150728002308-00144-ip-10-236-191-2_279381280_30.csv,30000,946,False,True,2,0.0014236208517104387
tier_10k,1_1438042990112.50_20150728002310-00081-ip-10-236-191-2_890934925_129.csv,30000,337,False,True,1,0.0005291199777275324
tier_10k,0_1438042988061.16_20150728002308-00133-ip-10-236-191-2_59742533_2.csv,30000,646,False,True,3,0.0024975521955639124
tier_10k,1_1438042990112.50_20150728002310-00259-ip-10-236-191-2_889779227_121.csv,30000,376,False,True,1,0.0004322000313550234
tier_10k,0_1438042988458.74_20150728002308-00262-ip-10-236-191-2_380524338_2.csv,30000,1328,False,True,4,0.003319893032312393
tier_10k,1_1438042987127.36_20150728002307-00027-ip-10-236-191-2_67802697_2.csv,30000,900,False,True,2,0.0013317710254341364
tier_10k,0_1438042988458.74_20150728002308-00175-ip-10-236-191-2_385639780_18.csv,30000,1638,False,True,4,0.004217024194076657
tier_10k,0_1438042988458.74_20150728002308-00303-ip-10-236-191-2_56708567_9.csv,30000,1776,False,True,4,0.004503674106672406
tier_10k,0_1438042988458.74_20150728002308-00063-ip-10-236-191-2_657101208_1.csv,30000,491,False,True,2,0.0008140599820762873
tier_10k,1_1438042990112.50_20150728002310-00190-ip-10-236-191-2_436521753_9.csv,30000,796,False,True,4,0.0019715719390660524
tier_10k,1_1438042987127.36_20150728002307-00214-ip-10-236-191-2_225430488_0.csv,30000,1398,False,True,3,0.0028303521685302258
tier_10k,0_1438042988061.16_20150728002308-00047-ip-10-236-191-2_843664602_0.csv,30000,1075,False,True,3,0.0021477420814335346
tier_10k,0_1438042988061.16_20150728002308-00181-ip-10-236-191-2_216538600_0.csv,30000,621,False,True,2,0.0009194109588861465
tier_10k,0_1438042988061.16_20150728002308-00002-ip-10-236-191-2_545269850_0.csv,30000,1368,False,True,3,0.00278637302108109
tier_10k,0_1438042988061.16_20150728002308-00330-ip-10-236-191-2_795231590_4.csv,30000,1272,False,True,3,0.002984733087942004
tier_10k,0_1438042988061.16_20150728002308-00235-ip-10-236-191-2_713850328_17.csv,30000,1293,False,True,3,0.0025580020155757666
tier_10k,0_1438042988458.74_20150728002308-00232-ip-10-236-191-2_795586035_3.csv,30000,331,False,True,3,0.0006513108965009451
tier_10k,0_1438042988458.74_20150728002308-00250-ip-10-236-191-2_501951825_0.csv,30000,1368,False,True,3,0.005222524981945753
tier_10k,1_1438042987127.36_20150728002307-00037-ip-10-236-191-2_318965632_0.csv,30000,489,False,True,3,0.0012712310999631882
tier_10k,0_1438042988061.16_20150728002308-00041-ip-10-236-191-2_37534908_6.csv,30000,1391,False,True,3,0.0027744420804083347
tier_10k,1_1438042987127.36_20150728002307-00269-ip-10-236-191-2_847834464_0.csv,30000,768,False,True,3,0.0014449809677898884
tier_10k,0_1438042988061.16_20150728002308-00199-ip-10-236-191-2_891430247_172.csv,30000,335,False,True,1,0.0003815009258687496
tier_10k,1_1438042987127.36_20150728002307-00153-ip-10-236-191-2_490931395_0.csv,30000,1368,False,True,3,0.003244084073230624
tier_10k,0_1438042988458.74_20150728002308-00081-ip-10-236-191-2_476604823_0.csv,30000,1077,False,True,2,0.0016488810069859028
tier_10k,0_1438042988458.74_20150728002308-00210-ip-10-236-191-2_79682215_3.csv,30000,576,False,True,2,0.0016460421029478312
tier_10k,1_1438042987127.36_20150728002307-00008-ip-10-236-191-2_633806649_3.csv,30000,935,False,True,2,0.0018250420689582825
tier_10k,0_1438042988061.16_20150728002308-00201-ip-10-236-191-2_319577306_4.csv,30000,1584,False,True,4,0.004779194016009569
tier_10k,1_1438042990112.50_20150728002310-00310-ip-10-236-191-2_200224826_0.csv,30000,1061,False,True,3,0.0021043019369244576
tier_10k,1_1438042987127.36_20150728002307-00102-ip-10-236-191-2_893578330_152.csv,30000,378,False,True,1,0.00041977991349995136
tier_10k,1_1438042990112.50_20150728002310-00044-ip-10-236-191-2_261321661_61.csv,30000,418,False,True,2,0.0007720710709691048
tier_10k,1_1438042987127.36_20150728002307-00074-ip-10-236-191-2_137128786_0.csv,30000,1137,False,True,3,0.002271672012284398
tier_10k,1_1438042987127.36_20150728002307-00082-ip-10-236-191-2_795702564_10.csv,30000,631,False,True,2,0.0009343009442090988
tier_100k,1_1438042987127.36_20150728002307-00144-ip-10-236-191-2_676020729_0.csv,5000,366,False,True,2,0.0006725008133798838
tier_100k,0_1438042988061.16_20150728002308-00282-ip-10-236-191-2_894007386_3.csv,5000,2415,False,True,1,0.0032037931960076094
tier_100k,0_1438042988458.74_20150728002308-00249-ip-10-236-191-2_328699461_4.csv,5000,923,False,True,2,0.0014556210953742266
tier_100k,1_1438042987127.36_20150728002307-00114-ip-10-236-191-2_902351685_191.csv,5000,2504,False,True,1,0.003084172960370779
tier_100k,1_1438042987127.36_20150728002307-00182-ip-10-236-191-2_150862475_5.csv,5000,368,False,True,3,0.0007633601780980825
tier_100k,1_1438042987127.36_20150728002307-00000-ip-10-236-191-2_300770320_2.csv,5000,587,False,True,3,0.0013816910795867443
tier_100k,1_1438042987127.36_20150728002307-00080-ip-10-236-191-2_899463259_102.csv,5000,2517,False,True,1,0.003778544021770358
tier_100k,1_1438042990112.50_20150728002310-00154-ip-10-236-191-2_303864106_21.csv,5000,324,False,True,3,0.0006503199692815542
tier_100k,0_1438042988458.74_20150728002308-00095-ip-10-236-191-2_520943855_0.csv,5000,350,False,True,3,0.0009231609292328358
tier_100k,1_1438042987127.36_20150728002307-00145-ip-10-236-191-2_499439925_0.csv,5000,672,False,True,2,0.001401292160153389
tier_100k,1_1438042990112.50_20150728002310-00013-ip-10-236-191-2_321346784_4.csv,5000,980,False,True,2,0.0015401211567223072
tier_100k,1_1438042987127.36_20150728002307-00033-ip-10-236-191-2_482136553_0.csv,5000,216,False,True,1,0.00035447999835014343
tier_100k,0_1438042988061.16_20150728002308-00109-ip-10-236-191-2_681611335_21.csv,5000,486,False,True,3,0.0014197209384292364
tier_100k,0_1438042988061.16_20150728002308-00244-ip-10-236-191-2_65898746_2.csv,5000,1624,False,True,1,0.0018067508935928345
tier_100k,0_1438042988061.16_20150728002308-00215-ip-10-236-191-2_362876303_35.csv,5000,640,False,True,2,0.001088480930775404
tier_100k,1_1438042990112.50_20150728002310-00312-ip-10-236-191-2_3243890_59.csv,5000,281,False,True,3,0.0007645809091627598
tier_100k,1_1438042990112.50_20150728002310-00085-ip-10-236-191-2_403435483_3.csv,5000,407,False,True,2,0.0006422698497772217
tier_100k,0_1438042988061.16_20150728002308-00194-ip-10-236-191-2_846810834_13.csv,5000,247,False,True,2,0.0005237709265202284
tier_100k,1_1438042990112.50_20150728002310-00286-ip-10-236-191-2_318221297_4.csv,5000,953,False,True,2,0.0030372021719813347
tier_100k,1_1438042987127.36_20150728002307-00290-ip-10-236-191-2_407999777_10.csv,5000,316,False,True,4,0.000731159932911396
tier_100k,0_1438042988458.74_20150728002308-00166-ip-10-236-191-2_302386578_10.csv,5000,443,False,True,3,0.0010137211065739393
tier_100k,0_1438042988458.74_20150728002308-00253-ip-10-236-191-2_222600153_3.csv,5000,309,False,True,3,0.0008143910672515631
tier_100k,1_1438042990112.50_20150728002310-00237-ip-10-236-191-2_880298254_15.csv,5000,2487,False,True,1,0.003044513054192066
tier_100k,0_1438042988061.16_20150728002308-00089-ip-10-236-191-2_807127666_2.csv,5000,706,False,True,2,0.0015283420216292143
tier_100k,0_1438042988458.74_20150728002308-00060-ip-10-236-191-2_492355315_1.csv,5000,1624,False,True,1,0.0018343620467931032
tier_100k,1_1438042990112.50_20150728002310-00296-ip-10-236-191-2_202658094_3.csv,5000,484,False,True,3,0.0009705510456115007
tier_100k,1_1438042988061.16_20150728002308-00013-ip-10-236-191-2_636339982_0.csv,5000,1624,False,True,1,0.0025289219338446856
tier_100k,1_1438042987127.36_20150728002307-00294-ip-10-236-191-2_390417830_16.csv,5000,667,False,True,1,0.0007081010844558477
tier_100k,0_1438042988458.74_20150728002308-00254-ip-10-236-191-2_909417374_257.csv,5000,2461,False,True,1,0.0031298932153731585
tier_100k,0_1438042988061.16_20150728002308-00101-ip-10-236-191-2_653250037_0.csv,5000,277,False,True,4,0.0006668209098279476
tier_100k,0_1438042988458.74_20150728002308-00046-ip-10-236-191-2_428007644_11.csv,5000,731,False,True,1,0.0016198419034481049
tier_100k,1_1438042987127.36_20150728002307-00290-ip-10-236-191-2_469307566_0.csv,5000,582,False,True,1,0.0008933308999985456
tier_100k,1_1438042990112.50_20150728002310-00062-ip-10-236-191-2_896744244_9.csv,5000,2456,False,True,1,0.003238283097743988
tier_100k,1_1438042990112.50_20150728002310-00225-ip-10-236-191-2_718036865_0.csv,5000,550,False,True,2,0.0008612810634076595
tier_100k,0_1438042988061.16_20150728002308-00189-ip-10-236-191-2_414087396_10.csv,5000,316,False,True,3,0.00063174101524055
tier_100k,0_1438042988061.16_20150728002308-00144-ip-10-236-191-2_279381280_30.csv,5000,708,False,True,2,0.001220470992848277
tier_100k,1_1438042990112.50_20150728002310-00081-ip-10-236-191-2_890934925_129.csv,5000,2133,False,True,1,0.002523333067074418
tier_100k,0_1438042988061.16_20150728002308-00133-ip-10-236-191-2_59742533_2.csv,5000,374,False,True,2,0.0006187011022120714
tier_100k,1_1438042990112.50_20150728002310-00259-ip-10-236-191-2_889779227_121.csv,5000,2423,False,True,1,0.002980091841891408
tier_100k,0_1438042988458.74_20150728002308-00262-ip-10-236-191-2_380524338_2.csv,5000,747,False,True,3,0.002904552035033703
tier_100k,1_1438042987127.36_20150728002307-00027-ip-10-236-191-2_67802697_2.csv,5000,642,False,True,1,0.0014027210418134928
tier_100k,0_1438042988458.74_20150728002308-00175-ip-10-236-191-2_385639780_18.csv,5000,585,False,True,2,0.0009332210756838322
tier_100k,0_1438042988458.74_20150728002308-00303-ip-10-236-191-2_56708567_9.csv,5000,746,False,True,2,0.0011631010565906763
tier_100k,0_1438042988458.74_20150728002308-00063-ip-10-236-191-2_657101208_1.csv,5000,718,False,True,1,0.0008055400103330612
tier_100k,1_1438042990112.50_20150728002310-00190-ip-10-236-191-2_436521753_9.csv,5000,304,False,True,3,0.0006012800149619579
tier_100k,1_1438042987127.36_20150728002307-00214-ip-10-236-191-2_225430488_0.csv,5000,456,False,True,2,0.000727690989151597
tier_100k,0_1438042988061.16_20150728002308-00047-ip-10-236-191-2_843664602_0.csv,5000,285,False,True,2,0.00045205000787973404
tier_100k,0_1438042988061.16_20150728002308-00181-ip-10-236-191-2_216538600_0.csv,5000,1870,False,True,2,0.003155242884531617
tier_100k,0_1438042988061.16_20150728002308-00002-ip-10-236-191-2_545269850_0.csv,5000,1624,False,True,1,0.0018147521186619997
tier_100k,0_1438042988061.16_20150728002308-00330-ip-10-236-191-2_795231590_4.csv,5000,547,False,True,3,0.0010942511726170778
tier_100k,0_1438042988061.16_20150728002308-00235-ip-10-236-191-2_713850328_17.csv,5000,387,False,True,3,0.0007712508086115122
tier_100k,0_1438042988458.74_20150728002308-00232-ip-10-236-191-2_795586035_3.csv,5000,372,False,True,3,0.0008371809963136911
tier_100k,0_1438042988458.74_20150728002308-00250-ip-10-236-191-2_501951825_0.csv,5000,1624,False,True,1,0.0018211209680885077
tier_100k,1_1438042987127.36_20150728002307-00037-ip-10-236-191-2_318965632_0.csv,5000,322,False,True,3,0.0007059210911393166
tier_100k,0_1438042988061.16_20150728002308-00041-ip-10-236-191-2_37534908_6.csv,5000,413,False,True,2,0.0007198010571300983
tier_100k,1_1438042987127.36_20150728002307-00269-ip-10-236-191-2_847834464_0.csv,5000,483,False,True,3,0.0012513219844549894
tier_100k,0_1438042988061.16_20150728002308-00199-ip-10-236-191-2_891430247_172.csv,5000,2452,False,True,1,0.003035623114556074
tier_100k,1_1438042987127.36_20150728002307-00153-ip-10-236-191-2_490931395_0.csv,5000,1624,False,True,1,0.001842031953856349
tier_100k,0_1438042988458.74_20150728002308-00081-ip-10-236-191-2_476604823_0.csv,5000,582,False,True,1,0.0011379008647054434
tier_100k,0_1438042988458.74_20150728002308-00210-ip-10-236-191-2_79682215_3.csv,5000,467,False,True,2,0.000737861031666398
tier_100k,1_1438042987127.36_20150728002307-00008-ip-10-236-191-2_633806649_3.csv,5000,407,False,True,2,0.0006661210209131241
tier_100k,0_1438042988061.16_20150728002308-00201-ip-10-236-191-2_319577306_4.csv,5000,930,False,True,1,0.0009856210090219975
tier_100k,1_1438042990112.50_20150728002310-00310-ip-10-236-191-2_200224826_0.csv,5000,518,False,True,3,0.000987750943750143
tier_100k,1_1438042987127.36_20150728002307-00102-ip-10-236-191-2_893578330_152.csv,5000,2458,False,True,1,0.0030219031032174826
tier_100k,1_1438042990112.50_20150728002310-00044-ip-10-236-191-2_261321661_61.csv,5000,710,False,True,2,0.0012549320235848427
tier_100k,1_1438042987127.36_20150728002307-00074-ip-10-236-191-2_137128786_0.csv,5000,546,False,True,3,0.001260370947420597
tier_100k,1_1438042987127.36_20150728002307-00082-ip-10-236-191-2_795702564_10.csv,5000,660,False,True,2,0.0012432809453457594
tier_100k,1_1438042987127.36_20150728002307-00144-ip-10-236-191-2_676020729_0.csv,10000,613,False,True,2,0.0009284510742872953
tier_100k,0_1438042988061.16_20150728002308-00282-ip-10-236-191-2_894007386_3.csv,10000,3724,False,True,1,0.00500450492836535
tier_100k,0_1438042988458.74_20150728002308-00249-ip-10-236-191-2_328699461_4.csv,10000,1177,False,True,2,0.0018896320834755898
tier_100k,1_1438042987127.36_20150728002307-00114-ip-10-236-191-2_902351685_191.csv,10000,3698,False,True,1,0.005104575073346496
tier_100k,1_1438042987127.36_20150728002307-00182-ip-10-236-191-2_150862475_5.csv,10000,760,False,True,1,0.0007892509456723928
tier_100k,1_1438042987127.36_20150728002307-00000-ip-10-236-191-2_300770320_2.csv,10000,1176,False,True,3,0.002409663051366806
tier_100k,1_1438042987127.36_20150728002307-00080-ip-10-236-191-2_899463259_102.csv,10000,3717,False,True,1,0.005153555190190673
tier_100k,1_1438042990112.50_20150728002310-00154-ip-10-236-191-2_303864106_21.csv,10000,633,False,True,3,0.001197600970044732
tier_100k,0_1438042988458.74_20150728002308-00095-ip-10-236-191-2_520943855_0.csv,10000,723,False,True,3,0.0013809509109705687
tier_100k,1_1438042987127.36_20150728002307-00145-ip-10-236-191-2_499439925_0.csv,10000,1136,False,True,2,0.0017718810122460127
tier_100k,1_1438042990112.50_20150728002310-00013-ip-10-236-191-2_321346784_4.csv,10000,1421,False,True,3,0.0030400529503822327
tier_100k,1_1438042987127.36_20150728002307-00033-ip-10-236-191-2_482136553_0.csv,10000,459,False,True,2,0.0007323408499360085
tier_100k,0_1438042988061.16_20150728002308-00109-ip-10-236-191-2_681611335_21.csv,10000,930,False,True,4,0.0023530020844191313
tier_100k,0_1438042988061.16_20150728002308-00244-ip-10-236-191-2_65898746_2.csv,10000,1724,False,True,1,0.0020880321972072124
tier_100k,0_1438042988061.16_20150728002308-00215-ip-10-236-191-2_362876303_35.csv,10000,963,False,True,2,0.0016028608661144972
tier_100k,1_1438042990112.50_20150728002310-00312-ip-10-236-191-2_3243890_59.csv,10000,561,False,True,4,0.0013808109797537327
tier_100k,1_1438042990112.50_20150728002310-00085-ip-10-236-191-2_403435483_3.csv,10000,657,False,True,3,0.0013656511437147856
tier_100k,0_1438042988061.16_20150728002308-00194-ip-10-236-191-2_846810834_13.csv,10000,493,False,True,3,0.0009495809208601713
tier_100k,1_1438042990112.50_20150728002310-00286-ip-10-236-191-2_318221297_4.csv,10000,1366,False,True,2,0.0021661820355802774
tier_100k,1_1438042987127.36_20150728002307-00290-ip-10-236-191-2_407999777_10.csv,10000,554,False,True,3,0.000994690926745534
tier_100k,0_1438042988458.74_20150728002308-00166-ip-10-236-191-2_302386578_10.csv,10000,697,False,True,3,0.0014472019392997026
tier_100k,0_1438042988458.74_20150728002308-00253-ip-10-236-191-2_222600153_3.csv,10000,631,False,True,3,0.0011684808414429426
tier_100k,1_1438042990112.50_20150728002310-00237-ip-10-236-191-2_880298254_15.csv,10000,3708,False,True,1,0.004994315095245838
tier_100k,0_1438042988061.16_20150728002308-00089-ip-10-236-191-2_807127666_2.csv,10000,1111,False,True,2,0.001844021026045084
tier_100k,0_1438042988458.74_20150728002308-00060-ip-10-236-191-2_492355315_1.csv,10000,1724,False,True,1,0.0036150028463453054
tier_100k,1_1438042990112.50_20150728002310-00296-ip-10-236-191-2_202658094_3.csv,10000,940,False,True,3,0.001870031002908945
tier_100k,1_1438042988061.16_20150728002308-00013-ip-10-236-191-2_636339982_0.csv,10000,1724,False,True,1,0.001947971060872078
tier_100k,1_1438042987127.36_20150728002307-00294-ip-10-236-191-2_390417830_16.csv,10000,1081,False,True,1,0.0011757719330489635
tier_100k,0_1438042988458.74_20150728002308-00254-ip-10-236-191-2_909417374_257.csv,10000,3348,False,True,1,0.004546634154394269
tier_100k,0_1438042988061.16_20150728002308-00101-ip-10-236-191-2_653250037_0.csv,10000,523,False,True,4,0.001210611080750823
tier_100k,0_1438042988458.74_20150728002308-00046-ip-10-236-191-2_428007644_11.csv,10000,1360,False,True,2,0.0023826719261705875
tier_100k,1_1438042987127.36_20150728002307-00290-ip-10-236-191-2_469307566_0.csv,10000,909,False,True,2,0.0015317220240831375
tier_100k,1_1438042990112.50_20150728002310-00062-ip-10-236-191-2_896744244_9.csv,10000,3346,False,True,1,0.004515184089541435
tier_100k,1_1438042990112.50_20150728002310-00225-ip-10-236-191-2_718036865_0.csv,10000,943,False,True,3,0.0021709317807108164
tier_100k,0_1438042988061.16_20150728002308-00189-ip-10-236-191-2_414087396_10.csv,10000,595,False,True,3,0.0010876408778131008
tier_100k,0_1438042988061.16_20150728002308-00144-ip-10-236-191-2_279381280_30.csv,10000,1241,False,True,3,0.0027263129595667124
tier_100k,1_1438042990112.50_20150728002310-00081-ip-10-236-191-2_890934925_129.csv,10000,3275,False,True,1,0.004310614196583629
tier_100k,0_1438042988061.16_20150728002308-00133-ip-10-236-191-2_59742533_2.csv,10000,731,False,True,2,0.0011838609352707863
tier_100k,1_1438042990112.50_20150728002310-00259-ip-10-236-191-2_889779227_121.csv,10000,3703,False,True,1,0.005108813988044858
tier_100k,0_1438042988458.74_20150728002308-00262-ip-10-236-191-2_380524338_2.csv,10000,1345,False,True,3,0.002768981968984008
tier_100k,1_1438042987127.36_20150728002307-00027-ip-10-236-191-2_67802697_2.csv,10000,1920,False,True,1,0.0025053429417312145
tier_100k,0_1438042988458.74_20150728002308-00175-ip-10-236-191-2_385639780_18.csv,10000,1035,False,True,2,0.0016533310990780592
tier_100k,0_1438042988458.74_20150728002308-00303-ip-10-236-191-2_56708567_9.csv,10000,1291,False,True,3,0.0026492930483072996
tier_100k,0_1438042988458.74_20150728002308-00063-ip-10-236-191-2_657101208_1.csv,10000,1358,False,True,1,0.0015376608353108168
tier_100k,1_1438042990112.50_20150728002310-00190-ip-10-236-191-2_436521753_9.csv,10000,609,False,True,3,0.0011385111138224602
tier_100k,1_1438042987127.36_20150728002307-00214-ip-10-236-191-2_225430488_0.csv,10000,1078,False,True,4,0.0027765431441366673
tier_100k,0_1438042988061.16_20150728002308-00047-ip-10-236-191-2_843664602_0.csv,10000,545,False,True,3,0.001031470950692892
tier_100k,0_1438042988061.16_20150728002308-00181-ip-10-236-191-2_216538600_0.csv,10000,1880,False,True,2,0.0032039531506597996
tier_100k,0_1438042988061.16_20150728002308-00002-ip-10-236-191-2_545269850_0.csv,10000,1724,False,True,1,0.001964302035048604
tier_100k,0_1438042988061.16_20150728002308-00330-ip-10-236-191-2_795231590_4.csv,10000,1052,False,True,3,0.0021397420205175877
tier_100k,0_1438042988061.16_20150728002308-00235-ip-10-236-191-2_713850328_17.csv,10000,814,False,True,4,0.001965311821550131
tier_100k,0_1438042988458.74_20150728002308-00232-ip-10-236-191-2_795586035_3.csv,10000,663,False,True,2,0.0009510510135442019
tier_100k,0_1438042988458.74_20150728002308-00250-ip-10-236-191-2_501951825_0.csv,10000,1724,False,True,1,0.0019532120786607265
tier_100k,1_1438042987127.36_20150728002307-00037-ip-10-236-191-2_318965632_0.csv,10000,712,False,True,3,0.0015192520804703236
tier_100k,0_1438042988061.16_20150728002308-00041-ip-10-236-191-2_37534908_6.csv,10000,821,False,True,4,0.0019192618783563375
tier_100k,1_1438042987127.36_20150728002307-00269-ip-10-236-191-2_847834464_0.csv,10000,995,False,True,3,0.0020075219217687845
tier_100k,0_1438042988061.16_20150728002308-00199-ip-10-236-191-2_891430247_172.csv,10000,3343,False,True,1,0.004485533805564046
tier_100k,1_1438042987127.36_20150728002307-00153-ip-10-236-191-2_490931395_0.csv,10000,1724,False,True,1,0.0019665220752358437
tier_100k,0_1438042988458.74_20150728002308-00081-ip-10-236-191-2_476604823_0.csv,10000,904,False,True,2,0.0015001508872956038
tier_100k,0_1438042988458.74_20150728002308-00210-ip-10-236-191-2_79682215_3.csv,10000,941,False,True,1,0.0011079609394073486
tier_100k,1_1438042987127.36_20150728002307-00008-ip-10-236-191-2_633806649_3.csv,10000,724,False,True,2,0.0010929710697382689
tier_100k,0_1438042988061.16_20150728002308-00201-ip-10-236-191-2_319577306_4.csv,10000,1231,False,True,2,0.0019831021782010794
tier_100k,1_1438042990112.50_20150728002310-00310-ip-10-236-191-2_200224826_0.csv,10000,1011,False,True,4,0.0024696430191397667
tier_100k,1_1438042987127.36_20150728002307-00102-ip-10-236-191-2_893578330_152.csv,10000,3699,False,True,1,0.005030263913795352
tier_100k,1_1438042990112.50_20150728002310-00044-ip-10-236-191-2_261321661_61.csv,10000,1223,False,True,3,0.002623642096295953
tier_100k,1_1438042987127.36_20150728002307-00074-ip-10-236-191-2_137128786_0.csv,10000,998,False,True,3,0.0020673018880188465
tier_100k,1_1438042987127.36_20150728002307-00082-ip-10-236-191-2_795702564_10.csv,10000,972,False,True,2,0.0016349710058420897
tier_100k,1_1438042987127.36_20150728002307-00144-ip-10-236-191-2_676020729_0.csv,15000,877,False,True,3,0.001750691793859005
tier_100k,0_1438042988061.16_20150728002308-00282-ip-10-236-191-2_894007386_3.csv,15000,3742,False,True,1,0.005227084970101714
tier_100k,0_1438042988458.74_20150728002308-00249-ip-10-236-191-2_328699461_4.csv,15000,1262,False,True,2,0.00264169299043715
tier_100k,1_1438042987127.36_20150728002307-00114-ip-10-236-191-2_902351685_191.csv,15000,3725,False,True,1,0.006368185859173536
tier_100k,1_1438042987127.36_20150728002307-00182-ip-10-236-191-2_150862475_5.csv,15000,1146,False,True,1,0.00118871103040874
tier_100k,1_1438042987127.36_20150728002307-00000-ip-10-236-191-2_300770320_2.csv,15000,1697,False,True,3,0.004203083924949169
tier_100k,1_1438042987127.36_20150728002307-00080-ip-10-236-191-2_899463259_102.csv,15000,3726,False,True,1,0.005020404001697898
tier_100k,1_1438042990112.50_20150728002310-00154-ip-10-236-191-2_303864106_21.csv,15000,945,False,True,3,0.0017689918167889118
tier_100k,0_1438042988458.74_20150728002308-00095-ip-10-236-191-2_520943855_0.csv,15000,1044,False,True,3,0.0025134920142591
tier_100k,1_1438042987127.36_20150728002307-00145-ip-10-236-191-2_499439925_0.csv,15000,1576,False,True,3,0.003330192994326353
tier_100k,1_1438042990112.50_20150728002310-00013-ip-10-236-191-2_321346784_4.csv,15000,1517,False,True,2,0.0024661931674927473
tier_100k,1_1438042987127.36_20150728002307-00033-ip-10-236-191-2_482136553_0.csv,15000,815,False,True,2,0.0013152710162103176
tier_100k,0_1438042988061.16_20150728002308-00109-ip-10-236-191-2_681611335_21.csv,15000,1243,False,True,4,0.0031055931467562914
tier_100k,0_1438042988061.16_20150728002308-00244-ip-10-236-191-2_65898746_2.csv,15000,2347,False,True,2,0.004166474100202322
tier_100k,0_1438042988061.16_20150728002308-00215-ip-10-236-191-2_362876303_35.csv,15000,1301,False,True,2,0.0021424531005322933
tier_100k,1_1438042990112.50_20150728002310-00312-ip-10-236-191-2_3243890_59.csv,15000,787,False,True,3,0.0015848211478441954
tier_100k,1_1438042990112.50_20150728002310-00085-ip-10-236-191-2_403435483_3.csv,15000,888,False,True,3,0.002530441852286458
tier_100k,0_1438042988061.16_20150728002308-00194-ip-10-236-191-2_846810834_13.csv,15000,773,False,True,3,0.0029985220171511173
tier_100k,1_1438042990112.50_20150728002310-00286-ip-10-236-191-2_318221297_4.csv,15000,1451,False,True,2,0.0023192919325083494
tier_100k,1_1438042987127.36_20150728002307-00290-ip-10-236-191-2_407999777_10.csv,15000,792,False,True,3,0.0014546511229127645
tier_100k,0_1438042988458.74_20150728002308-00166-ip-10-236-191-2_302386578_10.csv,15000,2367,False,True,3,0.0063324859365820885
tier_100k,0_1438042988458.74_20150728002308-00253-ip-10-236-191-2_222600153_3.csv,15000,933,False,True,3,0.0017585211899131536
tier_100k,1_1438042990112.50_20150728002310-00237-ip-10-236-191-2_880298254_15.csv,15000,3723,False,True,1,0.005201414925977588
tier_100k,0_1438042988061.16_20150728002308-00089-ip-10-236-191-2_807127666_2.csv,15000,1486,False,True,2,0.0024475620593875647
tier_100k,0_1438042988458.74_20150728002308-00060-ip-10-236-191-2_492355315_1.csv,15000,2347,False,True,2,0.00418880395591259
tier_100k,1_1438042990112.50_20150728002310-00296-ip-10-236-191-2_202658094_3.csv,15000,1332,False,True,3,0.002706852974370122
tier_100k,1_1438042988061.16_20150728002308-00013-ip-10-236-191-2_636339982_0.csv,15000,2347,False,True,2,0.004152643959969282
tier_100k,1_1438042987127.36_20150728002307-00294-ip-10-236-191-2_390417830_16.csv,15000,1463,False,True,1,0.003092232858762145
tier_100k,0_1438042988458.74_20150728002308-00254-ip-10-236-191-2_909417374_257.csv,15000,3356,False,True,1,0.006092475028708577
tier_100k,0_1438042988061.16_20150728002308-00101-ip-10-236-191-2_653250037_0.csv,15000,866,False,True,4,0.001985162030905485
tier_100k,0_1438042988458.74_20150728002308-00046-ip-10-236-191-2_428007644_11.csv,15000,1877,False,True,2,0.004433805122971535
tier_100k,1_1438042987127.36_20150728002307-00290-ip-10-236-191-2_469307566_0.csv,15000,1342,False,True,2,0.0021823521237820387
tier_100k,1_1438042990112.50_20150728002310-00062-ip-10-236-191-2_896744244_9.csv,15000,3358,False,True,1,0.004504713928326964
tier_100k,1_1438042990112.50_20150728002310-00225-ip-10-236-191-2_718036865_0.csv,15000,1281,False,True,3,0.0027133231051266193
tier_100k,0_1438042988061.16_20150728002308-00189-ip-10-236-191-2_414087396_10.csv,15000,867,False,True,3,0.0016352110542356968
tier_100k,0_1438042988061.16_20150728002308-00144-ip-10-236-191-2_279381280_30.csv,15000,1719,False,True,3,0.0037874430418014526
tier_100k,1_1438042990112.50_20150728002310-00081-ip-10-236-191-2_890934925_129.csv,15000,3337,False,True,1,0.004615674028173089
tier_100k,0_1438042988061.16_20150728002308-00133-ip-10-236-191-2_59742533_2.csv,15000,1055,False,True,2,0.0017108120955526829
tier_100k,1_1438042990112.50_20150728002310-00259-ip-10-236-191-2_889779227_121.csv,15000,3721,False,True,1,0.004987604916095734
tier_100k,0_1438042988458.74_20150728002308-00262-ip-10-236-191-2_380524338_2.csv,15000,1839,False,True,3,0.0038920040242373943
tier_100k,1_1438042987127.36_20150728002307-00027-ip-10-236-191-2_67802697_2.csv,15000,2075,False,True,1,0.002423762110993266
tier_100k,0_1438042988458.74_20150728002308-00175-ip-10-236-191-2_385639780_18.csv,15000,1423,False,True,3,0.002972973044961691
tier_100k,0_1438042988458.74_20150728002308-00303-ip-10-236-191-2_56708567_9.csv,15000,1795,False,True,3,0.0037700729444622993
tier_100k,0_1438042988458.74_20150728002308-00063-ip-10-236-191-2_657101208_1.csv,15000,1807,False,True,1,0.0021094020921736956
tier_100k,1_1438042990112.50_20150728002310-00190-ip-10-236-191-2_436521753_9.csv,15000,889,False,True,3,0.0016385919880121946
tier_100k,1_1438042987127.36_20150728002307-00214-ip-10-236-191-2_225430488_0.csv,15000,1333,False,True,3,0.0027918729465454817
tier_100k,0_1438042988061.16_20150728002308-00047-ip-10-236-191-2_843664602_0.csv,15000,1219,False,True,3,0.0025488422252237797
tier_100k,0_1438042988061.16_20150728002308-00181-ip-10-236-191-2_216538600_0.csv,15000,2141,False,True,2,0.0036623631604015827
tier_100k,0_1438042988061.16_20150728002308-00002-ip-10-236-191-2_545269850_0.csv,15000,2347,False,True,2,0.009107659105211496
tier_100k,0_1438042988061.16_20150728002308-00330-ip-10-236-191-2_795231590_4.csv,15000,1547,False,True,2,0.003925743978470564
tier_100k,0_1438042988061.16_20150728002308-00235-ip-10-236-191-2_713850328_17.csv,15000,1214,False,True,3,0.002371343085542321
tier_100k,0_1438042988458.74_20150728002308-00232-ip-10-236-191-2_795586035_3.csv,15000,890,False,True,3,0.0016782209277153015
tier_100k,0_1438042988458.74_20150728002308-00250-ip-10-236-191-2_501951825_0.csv,15000,2347,False,True,2,0.004212924046441913
tier_100k,1_1438042987127.36_20150728002307-00037-ip-10-236-191-2_318965632_0.csv,15000,1010,False,True,3,0.0021053720265626907
tier_100k,0_1438042988061.16_20150728002308-00041-ip-10-236-191-2_37534908_6.csv,15000,1234,False,True,3,0.0030301229562610388
tier_100k,1_1438042987127.36_20150728002307-00269-ip-10-236-191-2_847834464_0.csv,15000,1466,False,True,3,0.0029588129837065935
tier_100k,0_1438042988061.16_20150728002308-00199-ip-10-236-191-2_891430247_172.csv,15000,3355,False,True,1,0.00571497599594295
tier_100k,1_1438042987127.36_20150728002307-00153-ip-10-236-191-2_490931395_0.csv,15000,2347,False,True,2,0.0048744347877800465
tier_100k,0_1438042988458.74_20150728002308-00081-ip-10-236-191-2_476604823_0.csv,15000,1312,False,True,2,0.0021590320393443108
tier_100k,0_1438042988458.74_20150728002308-00210-ip-10-236-191-2_79682215_3.csv,15000,1392,False,True,1,0.0017913209740072489
tier_100k,1_1438042987127.36_20150728002307-00008-ip-10-236-191-2_633806649_3.csv,15000,1036,False,True,3,0.002418212126940489
tier_100k,0_1438042988061.16_20150728002308-00201-ip-10-236-191-2_319577306_4.csv,15000,1526,False,True,3,0.003218322992324829
tier_100k,1_1438042990112.50_20150728002310-00310-ip-10-236-191-2_200224826_0.csv,15000,1477,False,True,3,0.0034623329993337393
tier_100k,1_1438042987127.36_20150728002307-00102-ip-10-236-191-2_893578330_152.csv,15000,3722,False,True,1,0.0050577749498188496
tier_100k,1_1438042990112.50_20150728002310-00044-ip-10-236-191-2_261321661_61.csv,15000,1740,False,True,3,0.004603103967383504
tier_100k,1_1438042987127.36_20150728002307-00074-ip-10-236-191-2_137128786_0.csv,15000,1401,False,True,3,0.00288716284558177
tier_100k,1_1438042987127.36_20150728002307-00082-ip-10-236-191-2_795702564_10.csv,15000,1293,False,True,3,0.0028083829674869776
tier_100k,1_1438042987127.36_20150728002307-00144-ip-10-236-191-2_676020729_0.csv,20000,1068,False,True,3,0.00445225415751338
tier_100k,0_1438042988061.16_20150728002308-00282-ip-10-236-191-2_894007386_3.csv,20000,3756,False,True,1,0.005352794891223311
tier_100k,0_1438042988458.74_20150728002308-00249-ip-10-236-191-2_328699461_4.csv,20000,2039,False,True,2,0.003459532978013158
tier_100k,1_1438042987127.36_20150728002307-00114-ip-10-236-191-2_902351685_191.csv,20000,3732,False,True,1,0.005088625010102987
tier_100k,1_1438042987127.36_20150728002307-00182-ip-10-236-191-2_150862475_5.csv,20000,1471,False,True,1,0.001576470909640193
tier_100k,1_1438042987127.36_20150728002307-00000-ip-10-236-191-2_300770320_2.csv,20000,2142,False,True,3,0.004637663951143622
tier_100k,1_1438042987127.36_20150728002307-00080-ip-10-236-191-2_899463259_102.csv,20000,3738,False,True,1,0.005083333933725953
tier_100k,1_1438042990112.50_20150728002310-00154-ip-10-236-191-2_303864106_21.csv,20000,1269,False,True,3,0.0030558528378605843
tier_100k,0_1438042988458.74_20150728002308-00095-ip-10-236-191-2_520943855_0.csv,20000,1331,False,True,3,0.0035334841813892126
tier_100k,1_1438042987127.36_20150728002307-00145-ip-10-236-191-2_499439925_0.csv,20000,1711,False,True,3,0.004229333950206637
tier_100k,1_1438042990112.50_20150728002310-00013-ip-10-236-191-2_321346784_4.csv,20000,2153,False,True,2,0.0036325440742075443
tier_100k,1_1438042987127.36_20150728002307-00033-ip-10-236-191-2_482136553_0.csv,20000,1029,False,True,2,0.0016336319968104362
tier_100k,0_1438042988061.16_20150728002308-00109-ip-10-236-191-2_681611335_21.csv,20000,1336,False,True,3,0.005074545042589307
tier_100k,0_1438042988061.16_20150728002308-00244-ip-10-236-191-2_65898746_2.csv,20000,2623,False,True,3,0.006469266023486853
tier_100k,0_1438042988061.16_20150728002308-00215-ip-10-236-191-2_362876303_35.csv,20000,1604,False,True,2,0.0026670328807085752
tier_100k,1_1438042990112.50_20150728002310-00312-ip-10-236-191-2_3243890_59.csv,20000,1022,False,True,3,0.002047091955319047
tier_100k,1_1438042990112.50_20150728002310-00085-ip-10-236-191-2_403435483_3.csv,20000,1084,False,True,2,0.0016984718386083841
tier_100k,0_1438042988061.16_20150728002308-00194-ip-10-236-191-2_846810834_13.csv,20000,1100,False,True,3,0.0021691720467060804
tier_100k,1_1438042990112.50_20150728002310-00286-ip-10-236-191-2_318221297_4.csv,20000,2203,False,True,2,0.003688202938064933
tier_100k,1_1438042987127.36_20150728002307-00290-ip-10-236-191-2_407999777_10.csv,20000,1013,False,True,3,0.0019827119540423155
tier_100k,0_1438042988458.74_20150728002308-00166-ip-10-236-191-2_302386578_10.csv,20000,2667,False,True,3,0.006550815887749195
tier_100k,0_1438042988458.74_20150728002308-00253-ip-10-236-191-2_222600153_3.csv,20000,1202,False,True,3,0.002271882025524974
tier_100k,1_1438042990112.50_20150728002310-00237-ip-10-236-191-2_880298254_15.csv,20000,3733,False,True,1,0.005194874946027994
tier_100k,0_1438042988061.16_20150728002308-00089-ip-10-236-191-2_807127666_2.csv,20000,1789,False,True,3,0.004473463864997029
tier_100k,0_1438042988458.74_20150728002308-00060-ip-10-236-191-2_492355315_1.csv,20000,2623,False,True,3,0.008682918036356568
tier_100k,1_1438042990112.50_20150728002310-00296-ip-10-236-191-2_202658094_3.csv,20000,1659,False,True,3,0.0035801830235868692
tier_100k,1_1438042988061.16_20150728002308-00013-ip-10-236-191-2_636339982_0.csv,20000,2623,False,True,3,0.006196185946464539
tier_100k,1_1438042987127.36_20150728002307-00294-ip-10-236-191-2_390417830_16.csv,20000,1863,False,True,1,0.0020957430824637413
tier_100k,0_1438042988458.74_20150728002308-00254-ip-10-236-191-2_909417374_257.csv,20000,3361,False,True,1,0.006134115159511566
tier_100k,0_1438042988061.16_20150728002308-00101-ip-10-236-191-2_653250037_0.csv,20000,1202,False,True,4,0.002847293158993125
tier_100k,0_1438042988458.74_20150728002308-00046-ip-10-236-191-2_428007644_11.csv,20000,2163,False,True,2,0.003781283041462302
tier_100k,1_1438042987127.36_20150728002307-00290-ip-10-236-191-2_469307566_0.csv,20000,1705,False,True,3,0.0037988938856869936
tier_100k,1_1438042990112.50_20150728002310-00062-ip-10-236-191-2_896744244_9.csv,20000,3364,False,True,1,0.00449485401622951
tier_100k,1_1438042990112.50_20150728002310-00225-ip-10-236-191-2_718036865_0.csv,20000,1569,False,True,3,0.0032450330909341574
tier_100k,0_1438042988061.16_20150728002308-00189-ip-10-236-191-2_414087396_10.csv,20000,1143,False,True,3,0.0021670919377356768
tier_100k,0_1438042988061.16_20150728002308-00144-ip-10-236-191-2_279381280_30.csv,20000,2183,False,True,3,0.004837254993617535
tier_100k,1_1438042990112.50_20150728002310-00081-ip-10-236-191-2_890934925_129.csv,20000,3351,False,True,1,0.0044816951267421246
tier_100k,0_1438042988061.16_20150728002308-00133-ip-10-236-191-2_59742533_2.csv,20000,1399,False,True,1,0.003268652828410268
tier_100k,1_1438042990112.50_20150728002310-00259-ip-10-236-191-2_889779227_121.csv,20000,3729,False,True,1,0.0050725750625133514
tier_100k,0_1438042988458.74_20150728002308-00262-ip-10-236-191-2_380524338_2.csv,20000,2309,False,True,3,0.0050523048266768456
tier_100k,1_1438042987127.36_20150728002307-00027-ip-10-236-191-2_67802697_2.csv,20000,2288,False,True,1,0.0026664428878575563
tier_100k,0_1438042988458.74_20150728002308-00175-ip-10-236-191-2_385639780_18.csv,20000,1792,False,True,3,0.0038854428566992283
tier_100k,0_1438042988458.74_20150728002308-00303-ip-10-236-191-2_56708567_9.csv,20000,2262,False,True,3,0.005481034982949495
tier_100k,0_1438042988458.74_20150728002308-00063-ip-10-236-191-2_657101208_1.csv,20000,2244,False,True,1,0.003095773048698902
tier_100k,1_1438042990112.50_20150728002310-00190-ip-10-236-191-2_436521753_9.csv,20000,1134,False,True,3,0.0021333920303732157
tier_100k,1_1438042987127.36_20150728002307-00214-ip-10-236-191-2_225430488_0.csv,20000,1930,False,True,3,0.0058085061609745026
tier_100k,0_1438042988061.16_20150728002308-00047-ip-10-236-191-2_843664602_0.csv,20000,1473,False,True,3,0.0031424518674612045
tier_100k,0_1438042988061.16_20150728002308-00181-ip-10-236-191-2_216538600_0.csv,20000,2685,False,True,2,0.004928444046527147
tier_100k,0_1438042988061.16_20150728002308-00002-ip-10-236-191-2_545269850_0.csv,20000,2623,False,True,3,0.006212546024471521
tier_100k,0_1438042988061.16_20150728002308-00330-ip-10-236-191-2_795231590_4.csv,20000,1727,False,True,3,0.0036606129724532366
tier_100k,0_1438042988061.16_20150728002308-00235-ip-10-236-191-2_713850328_17.csv,20000,1613,False,True,3,0.0032438829075545073
tier_100k,0_1438042988458.74_20150728002308-00232-ip-10-236-191-2_795586035_3.csv,20000,1150,False,True,3,0.0029874329920858145
tier_100k,0_1438042988458.74_20150728002308-00250-ip-10-236-191-2_501951825_0.csv,20000,2623,False,True,3,0.006832136074081063
tier_100k,1_1438042987127.36_20150728002307-00037-ip-10-236-191-2_318965632_0.csv,20000,1309,False,True,3,0.0027378119993954897
tier_100k,0_1438042988061.16_20150728002308-00041-ip-10-236-191-2_37534908_6.csv,20000,1506,False,True,2,0.002251341938972473
tier_100k,1_1438042987127.36_20150728002307-00269-ip-10-236-191-2_847834464_0.csv,20000,1946,False,True,3,0.004934774013236165
tier_100k,0_1438042988061.16_20150728002308-00199-ip-10-236-191-2_891430247_172.csv,20000,3359,False,True,1,0.004588444018736482
tier_100k,1_1438042987127.36_20150728002307-00153-ip-10-236-191-2_490931395_0.csv,20000,2623,False,True,3,0.0061915661208331585
tier_100k,0_1438042988458.74_20150728002308-00081-ip-10-236-191-2_476604823_0.csv,20000,1697,False,True,2,0.0027788628358393908
tier_100k,0_1438042988458.74_20150728002308-00210-ip-10-236-191-2_79682215_3.csv,20000,1817,False,True,1,0.0021553318947553635
tier_100k,1_1438042987127.36_20150728002307-00008-ip-10-236-191-2_633806649_3.csv,20000,1304,False,True,3,0.0026943720877170563
tier_100k,0_1438042988061.16_20150728002308-00201-ip-10-236-191-2_319577306_4.csv,20000,1805,False,True,3,0.007955397944897413
tier_100k,1_1438042990112.50_20150728002310-00310-ip-10-236-191-2_200224826_0.csv,20000,1949,False,True,3,0.006606236100196838
tier_100k,1_1438042987127.36_20150728002307-00102-ip-10-236-191-2_893578330_152.csv,20000,3729,False,True,1,0.005118024069815874
tier_100k,1_1438042990112.50_20150728002310-00044-ip-10-236-191-2_261321661_61.csv,20000,2220,False,True,3,0.004938144003972411
tier_100k,1_1438042987127.36_20150728002307-00074-ip-10-236-191-2_137128786_0.csv,20000,1807,False,True,3,0.0038713240064680576
tier_100k,1_1438042987127.36_20150728002307-00082-ip-10-236-191-2_795702564_10.csv,20000,1539,False,True,2,0.0025828529614955187
tier_100k,1_1438042987127.36_20150728002307-00144-ip-10-236-191-2_676020729_0.csv,25000,1307,False,True,3,0.002646203152835369
tier_100k,0_1438042988061.16_20150728002308-00282-ip-10-236-191-2_894007386_3.csv,25000,3768,False,True,1,0.006361375097185373
tier_100k,0_1438042988458.74_20150728002308-00249-ip-10-236-191-2_328699461_4.csv,25000,2442,False,True,3,0.005526484921574593
tier_100k,1_1438042987127.36_20150728002307-00114-ip-10-236-191-2_902351685_191.csv,25000,3735,False,True,1,0.005324745085090399
tier_100k,1_1438042987127.36_20150728002307-00182-ip-10-236-191-2_150862475_5.csv,25000,1728,False,True,1,0.0018961008172482252
tier_100k,1_1438042987127.36_20150728002307-00000-ip-10-236-191-2_300770320_2.csv,25000,2603,False,True,3,0.009296257980167866
tier_100k,1_1438042987127.36_20150728002307-00080-ip-10-236-191-2_899463259_102.csv,25000,3748,False,True,1,0.00536705506965518
tier_100k,1_1438042990112.50_20150728002310-00154-ip-10-236-191-2_303864106_21.csv,25000,1760,False,True,4,0.004479624098166823
tier_100k,0_1438042988458.74_20150728002308-00095-ip-10-236-191-2_520943855_0.csv,25000,1597,False,True,3,0.006882235873490572
tier_100k,1_1438042987127.36_20150728002307-00145-ip-10-236-191-2_499439925_0.csv,25000,2070,False,True,3,0.00713976682163775
tier_100k,1_1438042990112.50_20150728002310-00013-ip-10-236-191-2_321346784_4.csv,25000,2432,False,True,2,0.00426430394873023
tier_100k,1_1438042987127.36_20150728002307-00033-ip-10-236-191-2_482136553_0.csv,25000,1293,False,True,2,0.002921601990237832
tier_100k,0_1438042988061.16_20150728002308-00109-ip-10-236-191-2_681611335_21.csv,25000,2167,False,True,4,0.005935685010626912
tier_100k,0_1438042988061.16_20150728002308-00244-ip-10-236-191-2_65898746_2.csv,25000,3097,False,True,2,0.006097194971516728
tier_100k,0_1438042988061.16_20150728002308-00215-ip-10-236-191-2_362876303_35.csv,25000,1823,False,True,3,0.006140856072306633
tier_100k,1_1438042990112.50_20150728002310-00312-ip-10-236-191-2_3243890_59.csv,25000,1290,False,True,4,0.005847554886713624
tier_100k,1_1438042990112.50_20150728002310-00085-ip-10-236-191-2_403435483_3.csv,25000,1302,False,True,2,0.002153992187231779
tier_100k,0_1438042988061.16_20150728002308-00194-ip-10-236-191-2_846810834_13.csv,25000,1362,False,True,2,0.002081420971080661
tier_100k,1_1438042990112.50_20150728002310-00286-ip-10-236-191-2_318221297_4.csv,25000,2448,False,True,3,0.0055600558407604694
tier_100k,1_1438042987127.36_20150728002307-00290-ip-10-236-191-2_407999777_10.csv,25000,1233,False,True,3,0.004470393992960453
tier_100k,0_1438042988458.74_20150728002308-00166-ip-10-236-191-2_302386578_10.csv,25000,3277,False,True,3,0.008042936911806464
tier_100k,0_1438042988458.74_20150728002308-00253-ip-10-236-191-2_222600153_3.csv,25000,1465,False,True,3,0.00296575203537941
tier_100k,1_1438042990112.50_20150728002310-00237-ip-10-236-191-2_880298254_15.csv,25000,3736,False,True,1,0.0063421151135116816
tier_100k,0_1438042988061.16_20150728002308-00089-ip-10-236-191-2_807127666_2.csv,25000,2084,False,True,2,0.0036762841045856476
tier_100k,0_1438042988458.74_20150728002308-00060-ip-10-236-191-2_492355315_1.csv,25000,3097,False,True,2,0.0059718850534409285
tier_100k,1_1438042990112.50_20150728002310-00296-ip-10-236-191-2_202658094_3.csv,25000,2006,False,True,3,0.004640635102987289
tier_100k,1_1438042988061.16_20150728002308-00013-ip-10-236-191-2_636339982_0.csv,25000,3097,False,True,2,0.011749331140890718
tier_100k,1_1438042987127.36_20150728002307-00294-ip-10-236-191-2_390417830_16.csv,25000,2290,False,True,1,0.003817523829638958
tier_100k,0_1438042988458.74_20150728002308-00254-ip-10-236-191-2_909417374_257.csv,25000,3362,False,True,1,0.004533274099230766
tier_100k,0_1438042988061.16_20150728002308-00101-ip-10-236-191-2_653250037_0.csv,25000,1576,False,True,4,0.004203214077278972
tier_100k,0_1438042988458.74_20150728002308-00046-ip-10-236-191-2_428007644_11.csv,25000,2504,False,True,2,0.004532323917374015
tier_100k,1_1438042987127.36_20150728002307-00290-ip-10-236-191-2_469307566_0.csv,25000,2035,False,True,3,0.004539144923910499
tier_100k,1_1438042990112.50_20150728002310-00062-ip-10-236-191-2_896744244_9.csv,25000,3367,False,True,1,0.004730104003101587
tier_100k,1_1438042990112.50_20150728002310-00225-ip-10-236-191-2_718036865_0.csv,25000,1842,False,True,3,0.0038608938921242952
tier_100k,0_1438042988061.16_20150728002308-00189-ip-10-236-191-2_414087396_10.csv,25000,1384,False,True,4,0.0033102130983024836
tier_100k,0_1438042988061.16_20150728002308-00144-ip-10-236-191-2_279381280_30.csv,25000,2687,False,True,4,0.00965593894943595
tier_100k,1_1438042990112.50_20150728002310-00081-ip-10-236-191-2_890934925_129.csv,25000,3358,False,True,1,0.004540554014965892
tier_100k,0_1438042988061.16_20150728002308-00133-ip-10-236-191-2_59742533_2.csv,25000,1579,False,True,1,0.0017930518370121717
tier_100k,1_1438042990112.50_20150728002310-00259-ip-10-236-191-2_889779227_121.csv,25000,3734,False,True,1,0.006096035009250045
tier_100k,0_1438042988458.74_20150728002308-00262-ip-10-236-191-2_380524338_2.csv,25000,2785,False,True,3,0.012814691988751292
tier_100k,1_1438042987127.36_20150728002307-00027-ip-10-236-191-2_67802697_2.csv,25000,2816,False,True,2,0.0054574350360780954
tier_100k,0_1438042988458.74_20150728002308-00175-ip-10-236-191-2_385639780_18.csv,25000,2168,False,True,2,0.003575703827664256
tier_100k,0_1438042988458.74_20150728002308-00303-ip-10-236-191-2_56708567_9.csv,25000,2743,False,True,3,0.0063953769858926535
tier_100k,0_1438042988458.74_20150728002308-00063-ip-10-236-191-2_657101208_1.csv,25000,2838,False,True,1,0.0036504839081317186
tier_100k,1_1438042990112.50_20150728002310-00190-ip-10-236-191-2_436521753_9.csv,25000,1403,False,True,4,0.0033572730608284473
tier_100k,1_1438042987127.36_20150728002307-00214-ip-10-236-191-2_225430488_0.csv,25000,2260,False,True,4,0.00756096700206399
tier_100k,0_1438042988061.16_20150728002308-00047-ip-10-236-191-2_843664602_0.csv,25000,1809,False,True,3,0.004641164094209671
tier_100k,0_1438042988061.16_20150728002308-00181-ip-10-236-191-2_216538600_0.csv,25000,3026,False,True,2,0.006691775983199477
tier_100k,0_1438042988061.16_20150728002308-00002-ip-10-236-191-2_545269850_0.csv,25000,3097,False,True,2,0.011103869881480932
tier_100k,0_1438042988061.16_20150728002308-00330-ip-10-236-191-2_795231590_4.csv,25000,2336,False,True,3,0.005225615110248327
tier_100k,0_1438042988061.16_20150728002308-00235-ip-10-236-191-2_713850328_17.csv,25000,1995,False,True,3,0.004176334012299776
tier_100k,0_1438042988458.74_20150728002308-00232-ip-10-236-191-2_795586035_3.csv,25000,1473,False,True,3,0.003824913874268532
tier_100k,0_1438042988458.74_20150728002308-00250-ip-10-236-191-2_501951825_0.csv,25000,3097,False,True,2,0.011497501051053405
tier_100k,1_1438042987127.36_20150728002307-00037-ip-10-236-191-2_318965632_0.csv,25000,1592,False,True,3,0.0051075550727546215
tier_100k,0_1438042988061.16_20150728002308-00041-ip-10-236-191-2_37534908_6.csv,25000,1789,False,True,3,0.003554603084921837
tier_100k,1_1438042987127.36_20150728002307-00269-ip-10-236-191-2_847834464_0.csv,25000,2393,False,True,3,0.00528402510099113
tier_100k,0_1438042988061.16_20150728002308-00199-ip-10-236-191-2_891430247_172.csv,25000,3359,False,True,1,0.0046602648217231035
tier_100k,1_1438042987127.36_20150728002307-00153-ip-10-236-191-2_490931395_0.csv,25000,3097,False,True,2,0.0058190959971398115
tier_100k,0_1438042988458.74_20150728002308-00081-ip-10-236-191-2_476604823_0.csv,25000,1987,False,True,2,0.0041224039159715176
tier_100k,0_1438042988458.74_20150728002308-00210-ip-10-236-191-2_79682215_3.csv,25000,2209,False,True,1,0.003037553047761321
tier_100k,1_1438042987127.36_20150728002307-00008-ip-10-236-191-2_633806649_3.csv,25000,1881,False,True,3,0.004029774107038975
tier_100k,0_1438042988061.16_20150728002308-00201-ip-10-236-191-2_319577306_4.csv,25000,2171,False,True,3,0.004808404017239809
tier_100k,1_1438042990112.50_20150728002310-00310-ip-10-236-191-2_200224826_0.csv,25000,2419,False,True,3,0.005570305045694113
tier_100k,1_1438042987127.36_20150728002307-00102-ip-10-236-191-2_893578330_152.csv,25000,3736,False,True,1,0.007637007161974907
tier_100k,1_1438042990112.50_20150728002310-00044-ip-10-236-191-2_261321661_61.csv,25000,2649,False,True,3,0.006122794933617115
tier_100k,1_1438042987127.36_20150728002307-00074-ip-10-236-191-2_137128786_0.csv,25000,2328,False,True,3,0.005207705078646541
tier_100k,1_1438042987127.36_20150728002307-00082-ip-10-236-191-2_795702564_10.csv,25000,1774,False,True,2,0.0029493430629372597
tier_100k,1_1438042987127.36_20150728002307-00144-ip-10-236-191-2_676020729_0.csv,30000,1510,False,True,3,0.0030682829674333334
tier_100k,0_1438042988061.16_20150728002308-00282-ip-10-236-191-2_894007386_3.csv,30000,3770,False,True,1,0.006928176153451204
tier_100k,0_1438042988458.74_20150728002308-00249-ip-10-236-191-2_328699461_4.csv,30000,3016,False,True,3,0.007633847184479237
tier_100k,1_1438042987127.36_20150728002307-00114-ip-10-236-191-2_902351685_191.csv,30000,3736,False,True,1,0.00516825495287776
tier_100k,1_1438042987127.36_20150728002307-00182-ip-10-236-191-2_150862475_5.csv,30000,1960,False,True,1,0.0020598319824784994
tier_100k,1_1438042987127.36_20150728002307-00000-ip-10-236-191-2_300770320_2.csv,30000,3027,False,True,3,0.014575253939256072
tier_100k,1_1438042987127.36_20150728002307-00080-ip-10-236-191-2_899463259_102.csv,30000,3752,False,True,1,0.00511251506395638
tier_100k,1_1438042990112.50_20150728002310-00154-ip-10-236-191-2_303864106_21.csv,30000,1932,False,True,3,0.003940802998840809
tier_100k,0_1438042988458.74_20150728002308-00095-ip-10-236-191-2_520943855_0.csv,30000,1944,False,True,2,0.0030114930123090744
tier_100k,1_1438042987127.36_20150728002307-00145-ip-10-236-191-2_499439925_0.csv,30000,2649,False,True,3,0.005992616061121225
tier_100k,1_1438042990112.50_20150728002310-00013-ip-10-236-191-2_321346784_4.csv,30000,2736,False,True,3,0.007525336928665638
tier_100k,1_1438042987127.36_20150728002307-00033-ip-10-236-191-2_482136553_0.csv,30000,1616,False,True,2,0.0034434630069881678
tier_100k,0_1438042988061.16_20150728002308-00109-ip-10-236-191-2_681611335_21.csv,30000,2461,False,True,4,0.007743777008727193
tier_100k,0_1438042988061.16_20150728002308-00244-ip-10-236-191-2_65898746_2.csv,30000,3200,False,True,3,0.008163148071616888
tier_100k,0_1438042988061.16_20150728002308-00215-ip-10-236-191-2_362876303_35.csv,30000,2024,False,True,3,0.004494945053011179
tier_100k,1_1438042990112.50_20150728002310-00312-ip-10-236-191-2_3243890_59.csv,30000,1513,False,True,3,0.0036989040672779083
tier_100k,1_1438042990112.50_20150728002310-00085-ip-10-236-191-2_403435483_3.csv,30000,1563,False,True,1,0.0016979421488940716
tier_100k,0_1438042988061.16_20150728002308-00194-ip-10-236-191-2_846810834_13.csv,30000,1956,False,True,2,0.003127662930637598
tier_100k,1_1438042990112.50_20150728002310-00286-ip-10-236-191-2_318221297_4.csv,30000,2760,False,True,4,0.008437148062512279
tier_100k,1_1438042987127.36_20150728002307-00290-ip-10-236-191-2_407999777_10.csv,30000,1454,False,True,3,0.002737873001024127
tier_100k,0_1438042988458.74_20150728002308-00166-ip-10-236-191-2_302386578_10.csv,30000,3799,False,True,3,0.011346420971676707
tier_100k,0_1438042988458.74_20150728002308-00253-ip-10-236-191-2_222600153_3.csv,30000,1692,False,True,4,0.004829484969377518
tier_100k,1_1438042990112.50_20150728002310-00237-ip-10-236-191-2_880298254_15.csv,30000,3741,False,True,1,0.027577835135161877
tier_100k,0_1438042988061.16_20150728002308-00089-ip-10-236-191-2_807127666_2.csv,30000,2327,False,True,3,0.00521223503164947
tier_100k,0_1438042988458.74_20150728002308-00060-ip-10-236-191-2_492355315_1.csv,30000,3200,False,True,3,0.008010047022253275
tier_100k,1_1438042990112.50_20150728002310-00296-ip-10-236-191-2_202658094_3.csv,30000,2315,False,True,3,0.005074684042483568
tier_100k,1_1438042988061.16_20150728002308-00013-ip-10-236-191-2_636339982_0.csv,30000,3200,False,True,3,0.010951870819553733
tier_100k,1_1438042987127.36_20150728002307-00294-ip-10-236-191-2_390417830_16.csv,30000,2685,False,True,1,0.003287122817710042
tier_100k,0_1438042988458.74_20150728002308-00254-ip-10-236-191-2_909417374_257.csv,30000,3363,False,True,1,0.004541065078228712
tier_100k,0_1438042988061.16_20150728002308-00101-ip-10-236-191-2_653250037_0.csv,30000,1853,False,True,4,0.005299765150994062
tier_100k,0_1438042988458.74_20150728002308-00046-ip-10-236-191-2_428007644_11.csv,30000,2724,False,True,2,0.005087425000965595
tier_100k,1_1438042987127.36_20150728002307-00290-ip-10-236-191-2_469307566_0.csv,30000,2516,False,True,3,0.007792588090524077
tier_100k,1_1438042990112.50_20150728002310-00062-ip-10-236-191-2_896744244_9.csv,30000,3368,False,True,1,0.004516423912718892
tier_100k,1_1438042990112.50_20150728002310-00225-ip-10-236-191-2_718036865_0.csv,30000,2080,False,True,3,0.008655868005007505
tier_100k,0_1438042988061.16_20150728002308-00189-ip-10-236-191-2_414087396_10.csv,30000,1592,False,True,3,0.0030978231225162745
tier_100k,0_1438042988061.16_20150728002308-00144-ip-10-236-191-2_279381280_30.csv,30000,3153,False,True,3,0.0077592479065060616
tier_100k,1_1438042990112.50_20150728002310-00081-ip-10-236-191-2_890934925_129.csv,30000,3361,False,True,1,0.004527464043349028
tier_100k,0_1438042988061.16_20150728002308-00133-ip-10-236-191-2_59742533_2.csv,30000,1762,False,True,1,0.0019600619561970234
tier_100k,1_1438042990112.50_20150728002310-00259-ip-10-236-191-2_889779227_121.csv,30000,3734,False,True,1,0.005222783889621496
tier_100k,0_1438042988458.74_20150728002308-00262-ip-10-236-191-2_380524338_2.csv,30000,3169,False,True,3,0.009199077961966395
tier_100k,1_1438042987127.36_20150728002307-00027-ip-10-236-191-2_67802697_2.csv,30000,3096,False,True,2,0.007932396838441491
tier_100k,0_1438042988458.74_20150728002308-00175-ip-10-236-191-2_385639780_18.csv,30000,2503,False,True,3,0.008156987139955163
tier_100k,0_1438042988458.74_20150728002308-00303-ip-10-236-191-2_56708567_9.csv,30000,3214,False,True,4,0.009667609119787812
tier_100k,0_1438042988458.74_20150728002308-00063-ip-10-236-191-2_657101208_1.csv,30000,3107,False,True,1,0.004170473897829652
tier_100k,1_1438042990112.50_20150728002310-00190-ip-10-236-191-2_436521753_9.csv,30000,1624,False,True,4,0.004256514133885503
tier_100k,1_1438042987127.36_20150728002307-00214-ip-10-236-191-2_225430488_0.csv,30000,2733,False,True,4,0.008179848082363605
tier_100k,0_1438042988061.16_20150728002308-00047-ip-10-236-191-2_843664602_0.csv,30000,2109,False,True,3,0.004611395066604018
tier_100k,0_1438042988061.16_20150728002308-00181-ip-10-236-191-2_216538600_0.csv,30000,3140,False,True,2,0.006055815145373344
tier_100k,0_1438042988061.16_20150728002308-00002-ip-10-236-191-2_545269850_0.csv,30000,3200,False,True,3,0.008129216963425279
tier_100k,0_1438042988061.16_20150728002308-00330-ip-10-236-191-2_795231590_4.csv,30000,2609,False,True,3,0.010863479925319552
tier_100k,0_1438042988061.16_20150728002308-00235-ip-10-236-191-2_713850328_17.csv,30000,2309,False,True,3,0.0048682240303605795
tier_100k,0_1438042988458.74_20150728002308-00232-ip-10-236-191-2_795586035_3.csv,30000,1758,False,True,2,0.002596932929009199
tier_100k,0_1438042988458.74_20150728002308-00250-ip-10-236-191-2_501951825_0.csv,30000,3200,False,True,3,0.011394100030884147
tier_100k,1_1438042987127.36_20150728002307-00037-ip-10-236-191-2_318965632_0.csv,30000,1854,False,True,4,0.004975334042683244
tier_100k,0_1438042988061.16_20150728002308-00041-ip-10-236-191-2_37534908_6.csv,30000,2329,False,True,3,0.004861913854256272
tier_100k,1_1438042987127.36_20150728002307-00269-ip-10-236-191-2_847834464_0.csv,30000,2812,False,True,3,0.008809618186205626
tier_100k,0_1438042988061.16_20150728002308-00199-ip-10-236-191-2_891430247_172.csv,30000,3362,False,True,1,0.004539543995633721
tier_100k,1_1438042987127.36_20150728002307-00153-ip-10-236-191-2_490931395_0.csv,30000,3200,False,True,3,0.017926086904481053
tier_100k,0_1438042988458.74_20150728002308-00081-ip-10-236-191-2_476604823_0.csv,30000,2575,False,True,3,0.005827754968777299
tier_100k,0_1438042988458.74_20150728002308-00210-ip-10-236-191-2_79682215_3.csv,30000,2576,False,True,1,0.00309776421636343
tier_100k,1_1438042987127.36_20150728002307-00008-ip-10-236-191-2_633806649_3.csv,30000,2083,False,True,3,0.004446954000741243
tier_100k,0_1438042988061.16_20150728002308-00201-ip-10-236-191-2_319577306_4.csv,30000,2405,False,True,2,0.004104493884369731
tier_100k,1_1438042990112.50_20150728002310-00310-ip-10-236-191-2_200224826_0.csv,30000,2796,False,True,3,0.006616286002099514
tier_100k,1_1438042987127.36_20150728002307-00102-ip-10-236-191-2_893578330_152.csv,30000,3739,False,True,1,0.005334105109795928
tier_100k,1_1438042990112.50_20150728002310-00044-ip-10-236-191-2_261321661_61.csv,30000,2822,False,True,3,0.006894147023558617
tier_100k,1_1438042987127.36_20150728002307-00074-ip-10-236-191-2_137128786_0.csv,30000,2903,False,True,3,0.007093236083164811
tier_100k,1_1438042987127.36_20150728002307-00082-ip-10-236-191-2_795702564_10.csv,30000,1985,False,True,2,0.0035078630317002535
tier_1m,1_1438042987127.36_20150728002307-00144-ip-10-236-191-2_676020729_0.csv,5000,475,False,True,1,0.0005516889505088329
tier_1m,0_1438042988061.16_20150728002308-00282-ip-10-236-191-2_894007386_3.csv,5000,2625,False,True,1,0.003265115956310183
tier_1m,0_1438042988458.74_20150728002308-00249-ip-10-236-191-2_328699461_4.csv,5000,1825,False,True,1,0.002156428003218025
tier_1m,1_1438042987127.36_20150728002307-00114-ip-10-236-191-2_902351685_191.csv,5000,3141,False,True,1,0.004368925001472235
tier_1m,1_1438042987127.36_20150728002307-00182-ip-10-236-191-2_150862475_5.csv,5000,261,False,True,2,0.000485671975184232
tier_1m,1_1438042987127.36_20150728002307-00000-ip-10-236-191-2_300770320_2.csv,5000,624,False,True,2,0.0010021490161307156
tier_1m,1_1438042987127.36_20150728002307-00080-ip-10-236-191-2_899463259_102.csv,5000,3012,False,True,1,0.004082396975718439
tier_1m,1_1438042990112.50_20150728002310-00154-ip-10-236-191-2_303864106_21.csv,5000,323,False,True,1,0.0003914880217052996
tier_1m,0_1438042988458.74_20150728002308-00095-ip-10-236-191-2_520943855_0.csv,5000,309,False,True,3,0.0006558950408361852
tier_1m,1_1438042987127.36_20150728002307-00145-ip-10-236-191-2_499439925_0.csv,5000,987,False,True,2,0.0014575659879483283
tier_1m,1_1438042990112.50_20150728002310-00013-ip-10-236-191-2_321346784_4.csv,5000,1564,False,True,1,0.0017597479745745659
tier_1m,1_1438042987127.36_20150728002307-00033-ip-10-236-191-2_482136553_0.csv,5000,620,False,True,1,0.0007076060282997787
tier_1m,0_1438042988061.16_20150728002308-00109-ip-10-236-191-2_681611335_21.csv,5000,343,False,True,2,0.0005655050044879317
tier_1m,0_1438042988061.16_20150728002308-00244-ip-10-236-191-2_65898746_2.csv,5000,5000,False,True,1,0.007221840030979365
tier_1m,0_1438042988061.16_20150728002308-00215-ip-10-236-191-2_362876303_35.csv,5000,641,False,True,2,0.0011304270010441542
tier_1m,1_1438042990112.50_20150728002310-00312-ip-10-236-191-2_3243890_59.csv,5000,297,False,True,3,0.0006821650313213468
tier_1m,1_1438042990112.50_20150728002310-00085-ip-10-236-191-2_403435483_3.csv,5000,757,False,True,1,0.0007896319730207324
tier_1m,0_1438042988061.16_20150728002308-00194-ip-10-236-191-2_846810834_13.csv,5000,121,True,False,0,6.940099410712719e-07
tier_1m,1_1438042990112.50_20150728002310-00286-ip-10-236-191-2_318221297_4.csv,5000,1680,False,True,1,0.001962156966328621
tier_1m,1_1438042987127.36_20150728002307-00290-ip-10-236-191-2_407999777_10.csv,5000,534,False,True,4,0.0012352819903753698
tier_1m,0_1438042988458.74_20150728002308-00166-ip-10-236-191-2_302386578_10.csv,5000,632,False,True,2,0.0009509800001978874
tier_1m,0_1438042988458.74_20150728002308-00253-ip-10-236-191-2_222600153_3.csv,5000,319,False,True,3,0.0006847069598734379
tier_1m,1_1438042990112.50_20150728002310-00237-ip-10-236-191-2_880298254_15.csv,5000,2826,False,True,1,0.0040693109622225165
tier_1m,0_1438042988061.16_20150728002308-00089-ip-10-236-191-2_807127666_2.csv,5000,832,False,True,1,0.0010811679530888796
tier_1m,0_1438042988458.74_20150728002308-00060-ip-10-236-191-2_492355315_1.csv,5000,5000,False,True,1,0.007330577005632222
tier_1m,1_1438042990112.50_20150728002310-00296-ip-10-236-191-2_202658094_3.csv,5000,529,False,True,3,0.001067221979610622
tier_1m,1_1438042988061.16_20150728002308-00013-ip-10-236-191-2_636339982_0.csv,5000,5000,False,True,1,0.007125681033357978
tier_1m,1_1438042987127.36_20150728002307-00294-ip-10-236-191-2_390417830_16.csv,5000,813,False,True,1,0.0009922530152834952
tier_1m,0_1438042988458.74_20150728002308-00254-ip-10-236-191-2_909417374_257.csv,5000,2794,False,True,1,0.004107941000256687
tier_1m,0_1438042988061.16_20150728002308-00101-ip-10-236-191-2_653250037_0.csv,5000,174,True,False,0,1.0780058801174164e-06
tier_1m,0_1438042988458.74_20150728002308-00046-ip-10-236-191-2_428007644_11.csv,5000,88,True,False,0,1.042964868247509e-06
tier_1m,1_1438042987127.36_20150728002307-00290-ip-10-236-191-2_469307566_0.csv,5000,313,False,True,1,0.0003873269888572395
tier_1m,1_1438042990112.50_20150728002310-00062-ip-10-236-191-2_896744244_9.csv,5000,2635,False,True,1,0.003347393008880317
tier_1m,1_1438042990112.50_20150728002310-00225-ip-10-236-191-2_718036865_0.csv,5000,1023,False,True,1,0.0012539029703475535
tier_1m,0_1438042988061.16_20150728002308-00189-ip-10-236-191-2_414087396_10.csv,5000,383,False,True,3,0.0008013370097614825
tier_1m,0_1438042988061.16_20150728002308-00144-ip-10-236-191-2_279381280_30.csv,5000,935,False,True,1,0.0011611690279096365
tier_1m,1_1438042990112.50_20150728002310-00081-ip-10-236-191-2_890934925_129.csv,5000,2295,False,True,1,0.00288930197712034
tier_1m,0_1438042988061.16_20150728002308-00133-ip-10-236-191-2_59742533_2.csv,5000,479,False,True,2,0.0008356840116903186
tier_1m,1_1438042990112.50_20150728002310-00259-ip-10-236-191-2_889779227_121.csv,5000,2786,False,True,1,0.0037971599958837032
tier_1m,0_1438042988458.74_20150728002308-00262-ip-10-236-191-2_380524338_2.csv,5000,1146,False,True,3,0.0024209280381910503
tier_1m,1_1438042987127.36_20150728002307-00027-ip-10-236-191-2_67802697_2.csv,5000,312,False,True,1,0.000404850987251848
tier_1m,0_1438042988458.74_20150728002308-00175-ip-10-236-191-2_385639780_18.csv,5000,757,False,True,2,0.001223722007125616
tier_1m,0_1438042988458.74_20150728002308-00303-ip-10-236-191-2_56708567_9.csv,5000,806,False,True,2,0.0016578329959884286
tier_1m,0_1438042988458.74_20150728002308-00063-ip-10-236-191-2_657101208_1.csv,5000,813,False,True,1,0.0011916389921680093
tier_1m,1_1438042990112.50_20150728002310-00190-ip-10-236-191-2_436521753_9.csv,5000,302,False,True,2,0.0006511540268547833
tier_1m,1_1438042987127.36_20150728002307-00214-ip-10-236-191-2_225430488_0.csv,5000,206,False,True,2,0.000457956048194319
tier_1m,0_1438042988061.16_20150728002308-00047-ip-10-236-191-2_843664602_0.csv,5000,309,False,True,2,0.0006501830066554248
tier_1m,0_1438042988061.16_20150728002308-00181-ip-10-236-191-2_216538600_0.csv,5000,84,True,False,0,8.529750630259514e-07
tier_1m,0_1438042988061.16_20150728002308-00002-ip-10-236-191-2_545269850_0.csv,5000,5000,False,True,1,0.008521766983903944
tier_1m,0_1438042988061.16_20150728002308-00330-ip-10-236-191-2_795231590_4.csv,5000,536,False,True,3,0.0013097759801894426
tier_1m,0_1438042988061.16_20150728002308-00235-ip-10-236-191-2_713850328_17.csv,5000,405,False,True,3,0.001026269979774952
tier_1m,0_1438042988458.74_20150728002308-00232-ip-10-236-191-2_795586035_3.csv,5000,673,False,True,1,0.0009259389480575919
tier_1m,0_1438042988458.74_20150728002308-00250-ip-10-236-191-2_501951825_0.csv,5000,5000,False,True,1,0.008559501031413674
tier_1m,1_1438042987127.36_20150728002307-00037-ip-10-236-191-2_318965632_0.csv,5000,146,True,False,0,2.1239975467324257e-06
tier_1m,0_1438042988061.16_20150728002308-00041-ip-10-236-191-2_37534908_6.csv,5000,406,False,True,2,0.0006101830513216555
tier_1m,1_1438042987127.36_20150728002307-00269-ip-10-236-191-2_847834464_0.csv,5000,523,False,True,3,0.0010850380058400333
tier_1m,0_1438042988061.16_20150728002308-00199-ip-10-236-191-2_891430247_172.csv,5000,2288,False,True,1,0.0028183640097267926
tier_1m,1_1438042987127.36_20150728002307-00153-ip-10-236-191-2_490931395_0.csv,5000,5000,False,True,1,0.007567918975837529
tier_1m,0_1438042988458.74_20150728002308-00081-ip-10-236-191-2_476604823_0.csv,5000,997,False,True,1,0.0013238030369393528
tier_1m,0_1438042988458.74_20150728002308-00210-ip-10-236-191-2_79682215_3.csv,5000,485,False,True,1,0.0006403729785233736
tier_1m,1_1438042987127.36_20150728002307-00008-ip-10-236-191-2_633806649_3.csv,5000,454,False,True,1,0.0005300839547999203
tier_1m,0_1438042988061.16_20150728002308-00201-ip-10-236-191-2_319577306_4.csv,5000,1606,False,True,1,0.001753143034875393
tier_1m,1_1438042990112.50_20150728002310-00310-ip-10-236-191-2_200224826_0.csv,5000,598,False,True,3,0.0012148989480920136
tier_1m,1_1438042987127.36_20150728002307-00102-ip-10-236-191-2_893578330_152.csv,5000,2616,False,True,1,0.005554298986680806
tier_1m,1_1438042990112.50_20150728002310-00044-ip-10-236-191-2_261321661_61.csv,5000,1578,False,True,1,0.0019655140349641442
tier_1m,1_1438042987127.36_20150728002307-00074-ip-10-236-191-2_137128786_0.csv,5000,851,False,True,1,0.0010314229875802994
tier_1m,1_1438042987127.36_20150728002307-00082-ip-10-236-191-2_795702564_10.csv,5000,803,False,True,1,0.002791540988255292
tier_1m,1_1438042987127.36_20150728002307-00144-ip-10-236-191-2_676020729_0.csv,10000,771,False,True,2,0.0012192139984108508
tier_1m,0_1438042988061.16_20150728002308-00282-ip-10-236-191-2_894007386_3.csv,10000,5082,False,True,1,0.007498224964365363
tier_1m,0_1438042988458.74_20150728002308-00249-ip-10-236-191-2_328699461_4.csv,10000,3371,False,True,1,0.004419973993208259
tier_1m,1_1438042987127.36_20150728002307-00114-ip-10-236-191-2_902351685_191.csv,10000,6276,False,True,1,0.010352501005399972
tier_1m,1_1438042987127.36_20150728002307-00182-ip-10-236-191-2_150862475_5.csv,10000,598,False,True,1,0.0007381860050372779
tier_1m,1_1438042987127.36_20150728002307-00000-ip-10-236-191-2_300770320_2.csv,10000,1167,False,True,2,0.0018426270107738674
tier_1m,1_1438042987127.36_20150728002307-00080-ip-10-236-191-2_899463259_102.csv,10000,5726,False,True,1,0.009110924031119794
tier_1m,1_1438042990112.50_20150728002310-00154-ip-10-236-191-2_303864106_21.csv,10000,657,False,True,2,0.0010576570057310164
tier_1m,0_1438042988458.74_20150728002308-00095-ip-10-236-191-2_520943855_0.csv,10000,708,False,True,4,0.0016646779840812087
tier_1m,1_1438042987127.36_20150728002307-00145-ip-10-236-191-2_499439925_0.csv,10000,1757,False,True,3,0.0034658419899642467
tier_1m,1_1438042990112.50_20150728002310-00013-ip-10-236-191-2_321346784_4.csv,10000,3305,False,True,1,0.004358195990789682
tier_1m,1_1438042987127.36_20150728002307-00033-ip-10-236-191-2_482136553_0.csv,10000,770,False,True,2,0.001450821990147233
tier_1m,0_1438042988061.16_20150728002308-00109-ip-10-236-191-2_681611335_21.csv,10000,901,False,True,3,0.0017920159734785557
tier_1m,0_1438042988061.16_20150728002308-00244-ip-10-236-191-2_65898746_2.csv,10000,10000,False,True,1,0.01669580303132534
tier_1m,0_1438042988061.16_20150728002308-00215-ip-10-236-191-2_362876303_35.csv,10000,1392,False,True,2,0.002690901979804039
tier_1m,1_1438042990112.50_20150728002310-00312-ip-10-236-191-2_3243890_59.csv,10000,590,False,True,4,0.0015524860355071723
tier_1m,1_1438042990112.50_20150728002310-00085-ip-10-236-191-2_403435483_3.csv,10000,1274,False,True,1,0.0014794389717280865
tier_1m,0_1438042988061.16_20150728002308-00194-ip-10-236-191-2_846810834_13.csv,10000,412,False,True,2,0.000692156027071178
tier_1m,1_1438042990112.50_20150728002310-00286-ip-10-236-191-2_318221297_4.csv,10000,3312,False,True,1,0.0043357599643059075
tier_1m,1_1438042987127.36_20150728002307-00290-ip-10-236-191-2_407999777_10.csv,10000,958,False,True,4,0.0020495179924182594
tier_1m,0_1438042988458.74_20150728002308-00166-ip-10-236-191-2_302386578_10.csv,10000,1250,False,True,2,0.0018741490202955902
tier_1m,0_1438042988458.74_20150728002308-00253-ip-10-236-191-2_222600153_3.csv,10000,624,False,True,3,0.0012596710002981126
tier_1m,1_1438042990112.50_20150728002310-00237-ip-10-236-191-2_880298254_15.csv,10000,5293,False,True,1,0.008866502030286938
tier_1m,0_1438042988061.16_20150728002308-00089-ip-10-236-191-2_807127666_2.csv,10000,1652,False,True,1,0.0024662819923833013
tier_1m,0_1438042988458.74_20150728002308-00060-ip-10-236-191-2_492355315_1.csv,10000,10000,False,True,1,0.01758471201173961
tier_1m,1_1438042990112.50_20150728002310-00296-ip-10-236-191-2_202658094_3.csv,10000,1066,False,True,3,0.0027334500337019563
tier_1m,1_1438042988061.16_20150728002308-00013-ip-10-236-191-2_636339982_0.csv,10000,10000,False,True,1,0.022149188967887312
tier_1m,1_1438042987127.36_20150728002307-00294-ip-10-236-191-2_390417830_16.csv,10000,1623,False,True,1,0.0024625170044600964
tier_1m,0_1438042988458.74_20150728002308-00254-ip-10-236-191-2_909417374_257.csv,10000,5295,False,True,1,0.011333469010423869
tier_1m,0_1438042988061.16_20150728002308-00101-ip-10-236-191-2_653250037_0.csv,10000,236,False,True,3,0.0006776439840905368
tier_1m,0_1438042988458.74_20150728002308-00046-ip-10-236-191-2_428007644_11.csv,10000,3385,False,True,1,0.00597222096985206
tier_1m,1_1438042987127.36_20150728002307-00290-ip-10-236-191-2_469307566_0.csv,10000,725,False,True,1,0.001073470979463309
tier_1m,1_1438042990112.50_20150728002310-00062-ip-10-236-191-2_896744244_9.csv,10000,5185,False,True,1,0.009814773045945913
tier_1m,1_1438042990112.50_20150728002310-00225-ip-10-236-191-2_718036865_0.csv,10000,1609,False,True,2,0.003550270979758352
tier_1m,0_1438042988061.16_20150728002308-00189-ip-10-236-191-2_414087396_10.csv,10000,748,False,True,2,0.001363946998026222
tier_1m,0_1438042988061.16_20150728002308-00144-ip-10-236-191-2_279381280_30.csv,10000,1852,False,True,1,0.0023682070313952863
tier_1m,1_1438042990112.50_20150728002310-00081-ip-10-236-191-2_890934925_129.csv,10000,4518,False,True,1,0.0068635690258815885
tier_1m,0_1438042988061.16_20150728002308-00133-ip-10-236-191-2_59742533_2.csv,10000,875,False,True,2,0.0014873339678160846
tier_1m,1_1438042990112.50_20150728002310-00259-ip-10-236-191-2_889779227_121.csv,10000,5481,False,True,1,0.00884969998151064
tier_1m,0_1438042988458.74_20150728002308-00262-ip-10-236-191-2_380524338_2.csv,10000,1636,False,True,2,0.0026863719685934484
tier_1m,1_1438042987127.36_20150728002307-00027-ip-10-236-191-2_67802697_2.csv,10000,312,False,True,1,0.00039420201210305095
tier_1m,0_1438042988458.74_20150728002308-00175-ip-10-236-191-2_385639780_18.csv,10000,1471,False,True,2,0.0024424740113317966
tier_1m,0_1438042988458.74_20150728002308-00303-ip-10-236-191-2_56708567_9.csv,10000,1591,False,True,2,0.0027107340283691883
tier_1m,0_1438042988458.74_20150728002308-00063-ip-10-236-191-2_657101208_1.csv,10000,1528,False,True,1,0.001866319973487407
tier_1m,1_1438042990112.50_20150728002310-00190-ip-10-236-191-2_436521753_9.csv,10000,606,False,True,3,0.0015573299606330693
tier_1m,1_1438042987127.36_20150728002307-00214-ip-10-236-191-2_225430488_0.csv,10000,206,False,True,2,0.000383298029191792
tier_1m,0_1438042988061.16_20150728002308-00047-ip-10-236-191-2_843664602_0.csv,10000,469,False,True,3,0.0010043340153060853
tier_1m,0_1438042988061.16_20150728002308-00181-ip-10-236-191-2_216538600_0.csv,10000,84,True,False,0,2.358801430091262e-05
tier_1m,0_1438042988061.16_20150728002308-00002-ip-10-236-191-2_545269850_0.csv,10000,10000,False,True,1,0.01982082601170987
tier_1m,0_1438042988061.16_20150728002308-00330-ip-10-236-191-2_795231590_4.csv,10000,1043,False,True,3,0.0027178380405530334
tier_1m,0_1438042988061.16_20150728002308-00235-ip-10-236-191-2_713850328_17.csv,10000,801,False,True,3,0.0019569030264392495
tier_1m,0_1438042988458.74_20150728002308-00232-ip-10-236-191-2_795586035_3.csv,10000,1146,False,True,1,0.0015737159992568195
tier_1m,0_1438042988458.74_20150728002308-00250-ip-10-236-191-2_501951825_0.csv,10000,10000,False,True,1,0.020571103028487414
tier_1m,1_1438042987127.36_20150728002307-00037-ip-10-236-191-2_318965632_0.csv,10000,320,False,True,3,0.000926363980397582
tier_1m,0_1438042988061.16_20150728002308-00041-ip-10-236-191-2_37534908_6.csv,10000,796,False,True,3,0.0024749930016696453
tier_1m,1_1438042987127.36_20150728002307-00269-ip-10-236-191-2_847834464_0.csv,10000,1056,False,True,4,0.0032893180032260716
tier_1m,0_1438042988061.16_20150728002308-00199-ip-10-236-191-2_891430247_172.csv,10000,4640,False,True,1,0.008540139999240637
tier_1m,1_1438042987127.36_20150728002307-00153-ip-10-236-191-2_490931395_0.csv,10000,10000,False,True,1,0.0201223730109632
tier_1m,0_1438042988458.74_20150728002308-00081-ip-10-236-191-2_476604823_0.csv,10000,997,False,True,1,0.001708829018753022
tier_1m,0_1438042988458.74_20150728002308-00210-ip-10-236-191-2_79682215_3.csv,10000,945,False,True,1,0.0013277920079417527
tier_1m,1_1438042987127.36_20150728002307-00008-ip-10-236-191-2_633806649_3.csv,10000,838,False,True,2,0.0016523459926247597
tier_1m,0_1438042988061.16_20150728002308-00201-ip-10-236-191-2_319577306_4.csv,10000,3391,False,True,1,0.005176806997042149
tier_1m,1_1438042990112.50_20150728002310-00310-ip-10-236-191-2_200224826_0.csv,10000,1095,False,True,3,0.002701275981962681
tier_1m,1_1438042987127.36_20150728002307-00102-ip-10-236-191-2_893578330_152.csv,10000,5074,False,True,1,0.010028614022303373
tier_1m,1_1438042990112.50_20150728002310-00044-ip-10-236-191-2_261321661_61.csv,10000,2448,False,True,1,0.003953609964810312
tier_1m,1_1438042987127.36_20150728002307-00074-ip-10-236-191-2_137128786_0.csv,10000,1605,False,True,1,0.0023670719820074737
tier_1m,1_1438042987127.36_20150728002307-00082-ip-10-236-191-2_795702564_10.csv,10000,1648,False,True,1,0.0030089589999988675
tier_1m,1_1438042987127.36_20150728002307-00144-ip-10-236-191-2_676020729_0.csv,15000,1095,False,True,2,0.0022087429533712566
tier_1m,0_1438042988061.16_20150728002308-00282-ip-10-236-191-2_894007386_3.csv,15000,7525,False,True,1,0.015051795984618366
tier_1m,0_1438042988458.74_20150728002308-00249-ip-10-236-191-2_328699461_4.csv,15000,5072,False,True,1,0.009034968970809132
tier_1m,1_1438042987127.36_20150728002307-00114-ip-10-236-191-2_902351685_191.csv,15000,9260,False,True,1,0.02072429796680808
tier_1m,1_1438042987127.36_20150728002307-00182-ip-10-236-191-2_150862475_5.csv,15000,931,False,True,1,0.0013623280101455748
tier_1m,1_1438042987127.36_20150728002307-00000-ip-10-236-191-2_300770320_2.csv,15000,1761,False,True,3,0.004656175966374576
tier_1m,1_1438042987127.36_20150728002307-00080-ip-10-236-191-2_899463259_102.csv,15000,8355,False,True,1,0.017309821967501193
tier_1m,1_1438042990112.50_20150728002310-00154-ip-10-236-191-2_303864106_21.csv,15000,980,False,True,2,0.0018738359794951975
tier_1m,0_1438042988458.74_20150728002308-00095-ip-10-236-191-2_520943855_0.csv,15000,1113,False,True,3,0.0026908409781754017
tier_1m,1_1438042987127.36_20150728002307-00145-ip-10-236-191-2_499439925_0.csv,15000,2379,False,True,3,0.006086318986490369
tier_1m,1_1438042990112.50_20150728002310-00013-ip-10-236-191-2_321346784_4.csv,15000,4966,False,True,1,0.007120344962459058
tier_1m,1_1438042987127.36_20150728002307-00033-ip-10-236-191-2_482136553_0.csv,15000,885,False,True,2,0.0035554710193537176
tier_1m,0_1438042988061.16_20150728002308-00109-ip-10-236-191-2_681611335_21.csv,15000,1378,False,True,4,0.0033576739951968193
tier_1m,0_1438042988061.16_20150728002308-00244-ip-10-236-191-2_65898746_2.csv,15000,10135,False,True,1,0.020499495964031667
tier_1m,0_1438042988061.16_20150728002308-00215-ip-10-236-191-2_362876303_35.csv,15000,2144,False,True,2,0.005345857003703713
tier_1m,1_1438042990112.50_20150728002310-00312-ip-10-236-191-2_3243890_59.csv,15000,814,False,True,4,0.0024620569893158972
tier_1m,1_1438042990112.50_20150728002310-00085-ip-10-236-191-2_403435483_3.csv,15000,2863,False,True,1,0.004417624033521861
tier_1m,0_1438042988061.16_20150728002308-00194-ip-10-236-191-2_846810834_13.csv,15000,679,False,True,3,0.0016985529800876975
tier_1m,1_1438042990112.50_20150728002310-00286-ip-10-236-191-2_318221297_4.csv,15000,4960,False,True,1,0.008369369024876505
tier_1m,1_1438042987127.36_20150728002307-00290-ip-10-236-191-2_407999777_10.csv,15000,1306,False,True,3,0.002762562013231218
tier_1m,0_1438042988458.74_20150728002308-00166-ip-10-236-191-2_302386578_10.csv,15000,1727,False,True,3,0.00423462298931554
tier_1m,0_1438042988458.74_20150728002308-00253-ip-10-236-191-2_222600153_3.csv,15000,932,False,True,3,0.002238707966171205
tier_1m,1_1438042990112.50_20150728002310-00237-ip-10-236-191-2_880298254_15.csv,15000,7740,False,True,1,0.016774341987911612
tier_1m,0_1438042988061.16_20150728002308-00089-ip-10-236-191-2_807127666_2.csv,15000,2499,False,True,1,0.0036569529911503196
tier_1m,0_1438042988458.74_20150728002308-00060-ip-10-236-191-2_492355315_1.csv,15000,10135,False,True,1,0.017040580976754427
tier_1m,1_1438042990112.50_20150728002310-00296-ip-10-236-191-2_202658094_3.csv,15000,1548,False,True,4,0.004006330971606076
tier_1m,1_1438042988061.16_20150728002308-00013-ip-10-236-191-2_636339982_0.csv,15000,10135,False,True,1,0.01700686803087592
tier_1m,1_1438042987127.36_20150728002307-00294-ip-10-236-191-2_390417830_16.csv,15000,2382,False,True,1,0.0030286230030469596
tier_1m,0_1438042988458.74_20150728002308-00254-ip-10-236-191-2_909417374_257.csv,15000,7739,False,True,1,0.013611041998956352
tier_1m,0_1438042988061.16_20150728002308-00101-ip-10-236-191-2_653250037_0.csv,15000,525,False,True,4,0.0013194350176490843
tier_1m,0_1438042988458.74_20150728002308-00046-ip-10-236-191-2_428007644_11.csv,15000,4394,False,True,1,0.006884082977194339
tier_1m,1_1438042987127.36_20150728002307-00290-ip-10-236-191-2_469307566_0.csv,15000,730,False,True,1,0.000896920042578131
tier_1m,1_1438042990112.50_20150728002310-00062-ip-10-236-191-2_896744244_9.csv,15000,7702,False,True,1,0.013530613970942795
tier_1m,1_1438042990112.50_20150728002310-00225-ip-10-236-191-2_718036865_0.csv,15000,2058,False,True,3,0.004747472004964948
tier_1m,0_1438042988061.16_20150728002308-00189-ip-10-236-191-2_414087396_10.csv,15000,1063,False,True,3,0.0021019160049036145
tier_1m,0_1438042988061.16_20150728002308-00144-ip-10-236-191-2_279381280_30.csv,15000,3100,False,True,1,0.004439197015017271
tier_1m,1_1438042990112.50_20150728002310-00081-ip-10-236-191-2_890934925_129.csv,15000,6622,False,True,1,0.015591108007356524
tier_1m,0_1438042988061.16_20150728002308-00133-ip-10-236-191-2_59742533_2.csv,15000,1090,False,True,2,0.0018801030237227678
tier_1m,1_1438042990112.50_20150728002310-00259-ip-10-236-191-2_889779227_121.csv,15000,8123,False,True,1,0.01395336800487712
tier_1m,0_1438042988458.74_20150728002308-00262-ip-10-236-191-2_380524338_2.csv,15000,2233,False,True,2,0.0037416199920699
tier_1m,1_1438042987127.36_20150728002307-00027-ip-10-236-191-2_67802697_2.csv,15000,379,False,True,1,0.0005730109987780452
tier_1m,0_1438042988458.74_20150728002308-00175-ip-10-236-191-2_385639780_18.csv,15000,2124,False,True,2,0.004434175963979214
tier_1m,0_1438042988458.74_20150728002308-00303-ip-10-236-191-2_56708567_9.csv,15000,2405,False,True,2,0.0054139079875312746
tier_1m,0_1438042988458.74_20150728002308-00063-ip-10-236-191-2_657101208_1.csv,15000,2209,False,True,1,0.0034298240207135677
tier_1m,1_1438042990112.50_20150728002310-00190-ip-10-236-191-2_436521753_9.csv,15000,895,False,True,3,0.002167565980926156
tier_1m,1_1438042987127.36_20150728002307-00214-ip-10-236-191-2_225430488_0.csv,15000,160,True,False,0,8.969800546765327e-07
tier_1m,0_1438042988061.16_20150728002308-00047-ip-10-236-191-2_843664602_0.csv,15000,683,False,True,3,0.0017047009896486998
tier_1m,0_1438042988061.16_20150728002308-00181-ip-10-236-191-2_216538600_0.csv,15000,67,True,False,0,1.102976966649294e-06
tier_1m,0_1438042988061.16_20150728002308-00002-ip-10-236-191-2_545269850_0.csv,15000,10135,False,True,1,0.016798861033748835
tier_1m,0_1438042988061.16_20150728002308-00330-ip-10-236-191-2_795231590_4.csv,15000,1578,False,True,2,0.00271660799626261
tier_1m,0_1438042988061.16_20150728002308-00235-ip-10-236-191-2_713850328_17.csv,15000,1283,False,True,3,0.002507139986846596
tier_1m,0_1438042988458.74_20150728002308-00232-ip-10-236-191-2_795586035_3.csv,15000,1507,False,True,1,0.0017009020084515214
tier_1m,0_1438042988458.74_20150728002308-00250-ip-10-236-191-2_501951825_0.csv,15000,10135,False,True,1,0.020144783018622547
tier_1m,1_1438042987127.36_20150728002307-00037-ip-10-236-191-2_318965632_0.csv,15000,581,False,True,3,0.0014621769660152495
tier_1m,0_1438042988061.16_20150728002308-00041-ip-10-236-191-2_37534908_6.csv,15000,1191,False,True,3,0.002776479988824576
tier_1m,1_1438042987127.36_20150728002307-00269-ip-10-236-191-2_847834464_0.csv,15000,1541,False,True,3,0.00388081994606182
tier_1m,0_1438042988061.16_20150728002308-00199-ip-10-236-191-2_891430247_172.csv,15000,7096,False,True,1,0.014500238001346588
tier_1m,1_1438042987127.36_20150728002307-00153-ip-10-236-191-2_490931395_0.csv,15000,10135,False,True,1,0.020207604975439608
tier_1m,0_1438042988458.74_20150728002308-00081-ip-10-236-191-2_476604823_0.csv,15000,997,False,True,1,0.001346093020401895
tier_1m,0_1438042988458.74_20150728002308-00210-ip-10-236-191-2_79682215_3.csv,15000,1415,False,True,1,0.0016090019489638507
tier_1m,1_1438042987127.36_20150728002307-00008-ip-10-236-191-2_633806649_3.csv,15000,1291,False,True,2,0.002087503031361848
tier_1m,0_1438042988061.16_20150728002308-00201-ip-10-236-191-2_319577306_4.csv,15000,4837,False,True,1,0.006946431007236242
tier_1m,1_1438042990112.50_20150728002310-00310-ip-10-236-191-2_200224826_0.csv,15000,1622,False,True,2,0.002547206007875502
tier_1m,1_1438042987127.36_20150728002307-00102-ip-10-236-191-2_893578330_152.csv,15000,7533,False,True,1,0.013367203006055206
tier_1m,1_1438042990112.50_20150728002310-00044-ip-10-236-191-2_261321661_61.csv,15000,3270,False,True,1,0.006753422028850764
tier_1m,1_1438042987127.36_20150728002307-00074-ip-10-236-191-2_137128786_0.csv,15000,1924,False,True,3,0.005651034996844828
tier_1m,1_1438042987127.36_20150728002307-00082-ip-10-236-191-2_795702564_10.csv,15000,2468,False,True,1,0.004319465020671487
tier_1m,1_1438042987127.36_20150728002307-00144-ip-10-236-191-2_676020729_0.csv,20000,1439,False,True,2,0.00288177200127393
tier_1m,0_1438042988061.16_20150728002308-00282-ip-10-236-191-2_894007386_3.csv,20000,9960,False,True,1,0.017543427005875856
tier_1m,0_1438042988458.74_20150728002308-00249-ip-10-236-191-2_328699461_4.csv,20000,6667,False,True,1,0.010158942022826523
tier_1m,1_1438042987127.36_20150728002307-00114-ip-10-236-191-2_902351685_191.csv,20000,11959,False,True,1,0.022474104014690965
tier_1m,1_1438042987127.36_20150728002307-00182-ip-10-236-191-2_150862475_5.csv,20000,1287,False,True,1,0.0014787890249863267
tier_1m,1_1438042987127.36_20150728002307-00000-ip-10-236-191-2_300770320_2.csv,20000,2275,False,True,3,0.004902169981505722
tier_1m,1_1438042987127.36_20150728002307-00080-ip-10-236-191-2_899463259_102.csv,20000,10906,False,True,1,0.01978027098812163
tier_1m,1_1438042990112.50_20150728002310-00154-ip-10-236-191-2_303864106_21.csv,20000,1291,False,True,2,0.002079974045045674
tier_1m,0_1438042988458.74_20150728002308-00095-ip-10-236-191-2_520943855_0.csv,20000,1462,False,True,3,0.0028636190108954906
tier_1m,1_1438042987127.36_20150728002307-00145-ip-10-236-191-2_499439925_0.csv,20000,3001,False,True,3,0.006973512994591147
tier_1m,1_1438042990112.50_20150728002310-00013-ip-10-236-191-2_321346784_4.csv,20000,6596,False,True,1,0.009949002997018397
tier_1m,1_1438042987127.36_20150728002307-00033-ip-10-236-191-2_482136553_0.csv,20000,1009,False,True,2,0.0018709739670157433
tier_1m,0_1438042988061.16_20150728002308-00109-ip-10-236-191-2_681611335_21.csv,20000,1864,False,True,3,0.0036945550236850977
tier_1m,0_1438042988061.16_20150728002308-00244-ip-10-236-191-2_65898746_2.csv,20000,10135,False,True,1,0.016938124026637524
tier_1m,0_1438042988061.16_20150728002308-00215-ip-10-236-191-2_362876303_35.csv,20000,2904,False,True,2,0.0061973839765414596
tier_1m,1_1438042990112.50_20150728002310-00312-ip-10-236-191-2_3243890_59.csv,20000,1026,False,True,3,0.0020444030524231493
tier_1m,1_1438042990112.50_20150728002310-00085-ip-10-236-191-2_403435483_3.csv,20000,3082,False,True,1,0.004011411976534873
tier_1m,0_1438042988061.16_20150728002308-00194-ip-10-236-191-2_846810834_13.csv,20000,926,False,True,3,0.0016981720109470189
tier_1m,1_1438042990112.50_20150728002310-00286-ip-10-236-191-2_318221297_4.csv,20000,6603,False,True,1,0.0100570929935202
tier_1m,1_1438042987127.36_20150728002307-00290-ip-10-236-191-2_407999777_10.csv,20000,1625,False,True,3,0.0035450830473564565
tier_1m,0_1438042988458.74_20150728002308-00166-ip-10-236-191-2_302386578_10.csv,20000,2108,False,True,3,0.005319104006048292
tier_1m,0_1438042988458.74_20150728002308-00253-ip-10-236-191-2_222600153_3.csv,20000,1251,False,True,3,0.0030165009666234255
tier_1m,1_1438042990112.50_20150728002310-00237-ip-10-236-191-2_880298254_15.csv,20000,10156,False,True,1,0.019592140044551343
tier_1m,0_1438042988061.16_20150728002308-00089-ip-10-236-191-2_807127666_2.csv,20000,3338,False,True,1,0.005186102003790438
tier_1m,0_1438042988458.74_20150728002308-00060-ip-10-236-191-2_492355315_1.csv,20000,10135,False,True,1,0.016925820033065975
tier_1m,1_1438042990112.50_20150728002310-00296-ip-10-236-191-2_202658094_3.csv,20000,2019,False,True,3,0.0043979440233670175
tier_1m,1_1438042988061.16_20150728002308-00013-ip-10-236-191-2_636339982_0.csv,20000,10135,False,True,1,0.016939470951911062
tier_1m,1_1438042987127.36_20150728002307-00294-ip-10-236-191-2_390417830_16.csv,20000,3134,False,True,1,0.004437810042873025
tier_1m,0_1438042988458.74_20150728002308-00254-ip-10-236-191-2_909417374_257.csv,20000,10204,False,True,1,0.019406498002354056
tier_1m,0_1438042988061.16_20150728002308-00101-ip-10-236-191-2_653250037_0.csv,20000,866,False,True,4,0.0021506259799934924
tier_1m,0_1438042988458.74_20150728002308-00046-ip-10-236-191-2_428007644_11.csv,20000,4398,False,True,1,0.010788330982904881
tier_1m,1_1438042987127.36_20150728002307-00290-ip-10-236-191-2_469307566_0.csv,20000,1104,False,True,1,0.0013145830016583204
tier_1m,1_1438042990112.50_20150728002310-00062-ip-10-236-191-2_896744244_9.csv,20000,10179,False,True,1,0.01847175502916798
tier_1m,1_1438042990112.50_20150728002310-00225-ip-10-236-191-2_718036865_0.csv,20000,2558,False,True,3,0.00618318998022005
tier_1m,0_1438042988061.16_20150728002308-00189-ip-10-236-191-2_414087396_10.csv,20000,1444,False,True,4,0.003521311969961971
tier_1m,0_1438042988061.16_20150728002308-00144-ip-10-236-191-2_279381280_30.csv,20000,3753,False,True,1,0.005238080979324877
tier_1m,1_1438042990112.50_20150728002310-00081-ip-10-236-191-2_890934925_129.csv,20000,8701,False,True,1,0.01499224198050797
tier_1m,0_1438042988061.16_20150728002308-00133-ip-10-236-191-2_59742533_2.csv,20000,1356,False,True,1,0.001632486004382372
tier_1m,1_1438042990112.50_20150728002310-00259-ip-10-236-191-2_889779227_121.csv,20000,10681,False,True,1,0.019594329001847655
tier_1m,0_1438042988458.74_20150728002308-00262-ip-10-236-191-2_380524338_2.csv,20000,3185,False,True,3,0.00789585302118212
tier_1m,1_1438042987127.36_20150728002307-00027-ip-10-236-191-2_67802697_2.csv,20000,312,False,True,1,0.0004148040316067636
tier_1m,0_1438042988458.74_20150728002308-00175-ip-10-236-191-2_385639780_18.csv,20000,2762,False,True,2,0.004970046982634813
tier_1m,0_1438042988458.74_20150728002308-00303-ip-10-236-191-2_56708567_9.csv,20000,3161,False,True,2,0.008863201015628874
tier_1m,0_1438042988458.74_20150728002308-00063-ip-10-236-191-2_657101208_1.csv,20000,2920,False,True,1,0.00408367597265169
tier_1m,1_1438042990112.50_20150728002310-00190-ip-10-236-191-2_436521753_9.csv,20000,1202,False,True,3,0.00231595296645537
tier_1m,1_1438042987127.36_20150728002307-00214-ip-10-236-191-2_225430488_0.csv,20000,206,False,True,2,0.0003963810158893466
tier_1m,0_1438042988061.16_20150728002308-00047-ip-10-236-191-2_843664602_0.csv,20000,930,False,True,3,0.0034068090026266873
tier_1m,0_1438042988061.16_20150728002308-00181-ip-10-236-191-2_216538600_0.csv,20000,84,True,False,0,9.959912858903408e-07
tier_1m,0_1438042988061.16_20150728002308-00002-ip-10-236-191-2_545269850_0.csv,20000,10135,False,True,1,0.020312119973823428
tier_1m,0_1438042988061.16_20150728002308-00330-ip-10-236-191-2_795231590_4.csv,20000,2129,False,True,3,0.005618836032226682
tier_1m,0_1438042988061.16_20150728002308-00235-ip-10-236-191-2_713850328_17.csv,20000,1679,False,True,3,0.004169649037066847
tier_1m,0_1438042988458.74_20150728002308-00232-ip-10-236-191-2_795586035_3.csv,20000,1899,False,True,1,0.0025763189769349992
tier_1m,0_1438042988458.74_20150728002308-00250-ip-10-236-191-2_501951825_0.csv,20000,10135,False,True,1,0.019886291993316263
tier_1m,1_1438042987127.36_20150728002307-00037-ip-10-236-191-2_318965632_0.csv,20000,910,False,True,4,0.0028961329953745008
tier_1m,0_1438042988061.16_20150728002308-00041-ip-10-236-191-2_37534908_6.csv,20000,1606,False,True,3,0.003624334989581257
tier_1m,1_1438042987127.36_20150728002307-00269-ip-10-236-191-2_847834464_0.csv,20000,2043,False,True,3,0.004322810040321201
tier_1m,0_1438042988061.16_20150728002308-00199-ip-10-236-191-2_891430247_172.csv,20000,9610,False,True,1,0.017208052973728627
tier_1m,1_1438042987127.36_20150728002307-00153-ip-10-236-191-2_490931395_0.csv,20000,10135,False,True,1,0.017490849015302956
tier_1m,0_1438042988458.74_20150728002308-00081-ip-10-236-191-2_476604823_0.csv,20000,997,False,True,1,0.001375228981487453
tier_1m,0_1438042988458.74_20150728002308-00210-ip-10-236-191-2_79682215_3.csv,20000,1844,False,True,1,0.0021319739753380418
tier_1m,1_1438042987127.36_20150728002307-00008-ip-10-236-191-2_633806649_3.csv,20000,1860,False,True,3,0.00418916397029534
tier_1m,0_1438042988061.16_20150728002308-00201-ip-10-236-191-2_319577306_4.csv,20000,6414,False,True,1,0.009641248965635896
tier_1m,1_1438042990112.50_20150728002310-00310-ip-10-236-191-2_200224826_0.csv,20000,2129,False,True,3,0.004514375992584974
tier_1m,1_1438042987127.36_20150728002307-00102-ip-10-236-191-2_893578330_152.csv,20000,10017,False,True,1,0.01880603499012068
tier_1m,1_1438042990112.50_20150728002310-00044-ip-10-236-191-2_261321661_61.csv,20000,4949,False,True,1,0.008023381989914924
tier_1m,1_1438042987127.36_20150728002307-00074-ip-10-236-191-2_137128786_0.csv,20000,2365,False,True,3,0.005181487009394914
tier_1m,1_1438042987127.36_20150728002307-00082-ip-10-236-191-2_795702564_10.csv,20000,3304,False,True,1,0.005004694045055658
tier_1m,1_1438042987127.36_20150728002307-00144-ip-10-236-191-2_676020729_0.csv,25000,1772,False,True,2,0.0029577770037576556
tier_1m,0_1438042988061.16_20150728002308-00282-ip-10-236-191-2_894007386_3.csv,25000,12349,False,True,1,0.02594983804738149
tier_1m,0_1438042988458.74_20150728002308-00249-ip-10-236-191-2_328699461_4.csv,25000,7818,False,True,1,0.014672238030470908
tier_1m,1_1438042987127.36_20150728002307-00114-ip-10-236-191-2_902351685_191.csv,25000,14355,False,True,1,0.03323955001542345
tier_1m,1_1438042987127.36_20150728002307-00182-ip-10-236-191-2_150862475_5.csv,25000,1666,False,True,1,0.0024158410378731787
tier_1m,1_1438042987127.36_20150728002307-00000-ip-10-236-191-2_300770320_2.csv,25000,2903,False,True,3,0.008463295002002269
tier_1m,1_1438042987127.36_20150728002307-00080-ip-10-236-191-2_899463259_102.csv,25000,13357,False,True,1,0.0359724520239979
tier_1m,1_1438042990112.50_20150728002310-00154-ip-10-236-191-2_303864106_21.csv,25000,1622,False,True,2,0.0023739690077491105
tier_1m,0_1438042988458.74_20150728002308-00095-ip-10-236-191-2_520943855_0.csv,25000,1831,False,True,3,0.003712501027621329
tier_1m,1_1438042987127.36_20150728002307-00145-ip-10-236-191-2_499439925_0.csv,25000,3377,False,True,3,0.008053002005908638
tier_1m,1_1438042990112.50_20150728002310-00013-ip-10-236-191-2_321346784_4.csv,25000,7761,False,True,2,0.01796224800636992
tier_1m,1_1438042987127.36_20150728002307-00033-ip-10-236-191-2_482136553_0.csv,25000,1125,False,True,2,0.002288925985340029
tier_1m,0_1438042988061.16_20150728002308-00109-ip-10-236-191-2_681611335_21.csv,25000,2237,False,True,3,0.005510254995897412
tier_1m,0_1438042988061.16_20150728002308-00244-ip-10-236-191-2_65898746_2.csv,25000,10135,False,True,1,0.035944658040534705
tier_1m,0_1438042988061.16_20150728002308-00215-ip-10-236-191-2_362876303_35.csv,25000,3641,False,True,2,0.010678243997972459
tier_1m,1_1438042990112.50_20150728002310-00312-ip-10-236-191-2_3243890_59.csv,25000,1324,False,True,3,0.00328003300819546
tier_1m,1_1438042990112.50_20150728002310-00085-ip-10-236-191-2_403435483_3.csv,25000,3316,False,True,1,0.005318072042427957
tier_1m,0_1438042988061.16_20150728002308-00194-ip-10-236-191-2_846810834_13.csv,25000,1154,False,True,2,0.0022301720455288887
tier_1m,1_1438042990112.50_20150728002310-00286-ip-10-236-191-2_318221297_4.csv,25000,7824,False,True,1,0.014567916980013251
tier_1m,1_1438042987127.36_20150728002307-00290-ip-10-236-191-2_407999777_10.csv,25000,1931,False,True,4,0.0053438430186361074
tier_1m,0_1438042988458.74_20150728002308-00166-ip-10-236-191-2_302386578_10.csv,25000,2454,False,True,3,0.00795444002142176
tier_1m,0_1438042988458.74_20150728002308-00253-ip-10-236-191-2_222600153_3.csv,25000,1557,False,True,3,0.003816345997620374
tier_1m,1_1438042990112.50_20150728002310-00237-ip-10-236-191-2_880298254_15.csv,25000,12688,False,True,1,0.029565525008365512
tier_1m,0_1438042988061.16_20150728002308-00089-ip-10-236-191-2_807127666_2.csv,25000,4170,False,True,1,0.008399446960538626
tier_1m,0_1438042988458.74_20150728002308-00060-ip-10-236-191-2_492355315_1.csv,25000,10135,False,True,1,0.020433927013073117
tier_1m,1_1438042990112.50_20150728002310-00296-ip-10-236-191-2_202658094_3.csv,25000,2508,False,True,4,0.008584922994486988
tier_1m,1_1438042988061.16_20150728002308-00013-ip-10-236-191-2_636339982_0.csv,25000,10135,False,True,1,0.022154892969410866
tier_1m,1_1438042987127.36_20150728002307-00294-ip-10-236-191-2_390417830_16.csv,25000,3810,False,True,1,0.0067880210117436945
tier_1m,0_1438042988458.74_20150728002308-00254-ip-10-236-191-2_909417374_257.csv,25000,12735,False,True,1,0.029049239004962146
tier_1m,0_1438042988061.16_20150728002308-00101-ip-10-236-191-2_653250037_0.csv,25000,1248,False,True,5,0.004413199960254133
tier_1m,0_1438042988458.74_20150728002308-00046-ip-10-236-191-2_428007644_11.csv,25000,5783,False,True,1,0.011791547003667802
tier_1m,1_1438042987127.36_20150728002307-00290-ip-10-236-191-2_469307566_0.csv,25000,1960,False,True,1,0.0030662069912068546
tier_1m,1_1438042990112.50_20150728002310-00062-ip-10-236-191-2_896744244_9.csv,25000,12711,False,True,1,0.02865079400362447
tier_1m,1_1438042990112.50_20150728002310-00225-ip-10-236-191-2_718036865_0.csv,25000,2888,False,True,3,0.008909594966098666
tier_1m,0_1438042988061.16_20150728002308-00189-ip-10-236-191-2_414087396_10.csv,25000,1766,False,True,3,0.004281367990188301
tier_1m,0_1438042988061.16_20150728002308-00144-ip-10-236-191-2_279381280_30.csv,25000,5651,False,True,1,0.01101259101415053
tier_1m,1_1438042990112.50_20150728002310-00081-ip-10-236-191-2_890934925_129.csv,25000,10777,False,True,1,0.0246294480166398
tier_1m,0_1438042988061.16_20150728002308-00133-ip-10-236-191-2_59742533_2.csv,25000,1784,False,True,1,0.002680119010619819
tier_1m,1_1438042990112.50_20150728002310-00259-ip-10-236-191-2_889779227_121.csv,25000,13175,False,True,1,0.024707173986826092
tier_1m,0_1438042988458.74_20150728002308-00262-ip-10-236-191-2_380524338_2.csv,25000,3824,False,True,3,0.009588323999196291
tier_1m,1_1438042987127.36_20150728002307-00027-ip-10-236-191-2_67802697_2.csv,25000,360,False,True,1,0.0005492990021593869
tier_1m,0_1438042988458.74_20150728002308-00175-ip-10-236-191-2_385639780_18.csv,25000,3415,False,True,2,0.00804591499036178
tier_1m,0_1438042988458.74_20150728002308-00303-ip-10-236-191-2_56708567_9.csv,25000,3932,False,True,2,0.009866333974059671
tier_1m,0_1438042988458.74_20150728002308-00063-ip-10-236-191-2_657101208_1.csv,25000,3695,False,True,1,0.007731052988674492
tier_1m,1_1438042990112.50_20150728002310-00190-ip-10-236-191-2_436521753_9.csv,25000,1507,False,True,3,0.0036143449833616614
tier_1m,1_1438042987127.36_20150728002307-00214-ip-10-236-191-2_225430488_0.csv,25000,139,True,False,0,9.469804354012012e-07
tier_1m,0_1438042988061.16_20150728002308-00047-ip-10-236-191-2_843664602_0.csv,25000,1171,False,True,3,0.0028685739962384105
tier_1m,0_1438042988061.16_20150728002308-00181-ip-10-236-191-2_216538600_0.csv,25000,58,True,False,0,1.200009137392044e-06
tier_1m,0_1438042988061.16_20150728002308-00002-ip-10-236-191-2_545269850_0.csv,25000,10135,False,True,1,0.01678572001401335
tier_1m,0_1438042988061.16_20150728002308-00330-ip-10-236-191-2_795231590_4.csv,25000,2663,False,True,2,0.004704174003563821
tier_1m,0_1438042988061.16_20150728002308-00235-ip-10-236-191-2_713850328_17.csv,25000,2024,False,True,3,0.004348065995145589
tier_1m,0_1438042988458.74_20150728002308-00232-ip-10-236-191-2_795586035_3.csv,25000,2305,False,True,1,0.002566226990893483
tier_1m,0_1438042988458.74_20150728002308-00250-ip-10-236-191-2_501951825_0.csv,25000,10135,False,True,1,0.017025690991431475
tier_1m,1_1438042987127.36_20150728002307-00037-ip-10-236-191-2_318965632_0.csv,25000,1265,False,True,3,0.0027253429871052504
tier_1m,0_1438042988061.16_20150728002308-00041-ip-10-236-191-2_37534908_6.csv,25000,2004,False,True,3,0.003830784000456333
tier_1m,1_1438042987127.36_20150728002307-00269-ip-10-236-191-2_847834464_0.csv,25000,2541,False,True,3,0.005544586980249733
tier_1m,0_1438042988061.16_20150728002308-00199-ip-10-236-191-2_891430247_172.csv,25000,12141,False,True,1,0.024645472993142903
tier_1m,1_1438042987127.36_20150728002307-00153-ip-10-236-191-2_490931395_0.csv,25000,10135,False,True,1,0.01705011900048703
tier_1m,0_1438042988458.74_20150728002308-00081-ip-10-236-191-2_476604823_0.csv,25000,997,False,True,1,0.0014417929924093187
tier_1m,0_1438042988458.74_20150728002308-00210-ip-10-236-191-2_79682215_3.csv,25000,2276,False,True,1,0.002704248996451497
tier_1m,1_1438042987127.36_20150728002307-00008-ip-10-236-191-2_633806649_3.csv,25000,2127,False,True,2,0.0036974649992771447
tier_1m,0_1438042988061.16_20150728002308-00201-ip-10-236-191-2_319577306_4.csv,25000,7418,False,True,1,0.0113516750279814
tier_1m,1_1438042990112.50_20150728002310-00310-ip-10-236-191-2_200224826_0.csv,25000,2636,False,True,3,0.008862169983331114
tier_1m,1_1438042987127.36_20150728002307-00102-ip-10-236-191-2_893578330_152.csv,25000,12551,False,True,1,0.024188232026062906
tier_1m,1_1438042990112.50_20150728002310-00044-ip-10-236-191-2_261321661_61.csv,25000,5164,False,True,1,0.008163112972397357
tier_1m,1_1438042987127.36_20150728002307-00074-ip-10-236-191-2_137128786_0.csv,25000,2923,False,True,3,0.007402499031741172
tier_1m,1_1438042987127.36_20150728002307-00082-ip-10-236-191-2_795702564_10.csv,25000,4111,False,True,1,0.0067086099879816175
tier_1m,1_1438042987127.36_20150728002307-00144-ip-10-236-191-2_676020729_0.csv,30000,2345,False,True,3,0.005338277958799154
tier_1m,0_1438042988061.16_20150728002308-00282-ip-10-236-191-2_894007386_3.csv,30000,14751,False,True,1,0.027385925000999123
tier_1m,0_1438042988458.74_20150728002308-00249-ip-10-236-191-2_328699461_4.csv,30000,7954,False,True,2,0.01845239201793447
tier_1m,1_1438042987127.36_20150728002307-00114-ip-10-236-191-2_902351685_191.csv,30000,16712,False,True,1,0.03324041498126462
tier_1m,1_1438042987127.36_20150728002307-00182-ip-10-236-191-2_150862475_5.csv,30000,2033,False,True,1,0.0025092620053328574
tier_1m,1_1438042987127.36_20150728002307-00000-ip-10-236-191-2_300770320_2.csv,30000,3539,False,True,3,0.008830106991808861
tier_1m,1_1438042987127.36_20150728002307-00080-ip-10-236-191-2_899463259_102.csv,30000,15819,False,True,1,0.03199476998997852
tier_1m,1_1438042990112.50_20150728002310-00154-ip-10-236-191-2_303864106_21.csv,30000,1937,False,True,2,0.0031690389732830226
tier_1m,0_1438042988458.74_20150728002308-00095-ip-10-236-191-2_520943855_0.csv,30000,2153,False,True,2,0.0034014779957942665
tier_1m,1_1438042987127.36_20150728002307-00145-ip-10-236-191-2_499439925_0.csv,30000,3419,False,True,3,0.008265028998721391
tier_1m,1_1438042990112.50_20150728002310-00013-ip-10-236-191-2_321346784_4.csv,30000,8099,False,True,2,0.018961975001730025
tier_1m,1_1438042987127.36_20150728002307-00033-ip-10-236-191-2_482136553_0.csv,30000,1251,False,True,2,0.002118233998771757
tier_1m,0_1438042988061.16_20150728002308-00109-ip-10-236-191-2_681611335_21.csv,30000,3940,False,True,4,0.012019343965221196
tier_1m,0_1438042988061.16_20150728002308-00244-ip-10-236-191-2_65898746_2.csv,30000,10135,False,True,1,0.017267998948227614
tier_1m,0_1438042988061.16_20150728002308-00215-ip-10-236-191-2_362876303_35.csv,30000,4366,False,True,2,0.010687032015994191
tier_1m,1_1438042990112.50_20150728002310-00312-ip-10-236-191-2_3243890_59.csv,30000,1558,False,True,3,0.003305697988253087
tier_1m,1_1438042990112.50_20150728002310-00085-ip-10-236-191-2_403435483_3.csv,30000,3578,False,True,1,0.0048830610467121005
tier_1m,0_1438042988061.16_20150728002308-00194-ip-10-236-191-2_846810834_13.csv,30000,1387,False,True,2,0.0022034370340406895
tier_1m,1_1438042990112.50_20150728002310-00286-ip-10-236-191-2_318221297_4.csv,30000,7959,False,True,2,0.01834140799473971
tier_1m,1_1438042987127.36_20150728002307-00290-ip-10-236-191-2_407999777_10.csv,30000,2253,False,True,3,0.0042358890059404075
tier_1m,0_1438042988458.74_20150728002308-00166-ip-10-236-191-2_302386578_10.csv,30000,2871,False,True,3,0.007057767012156546
tier_1m,0_1438042988458.74_20150728002308-00253-ip-10-236-191-2_222600153_3.csv,30000,1877,False,True,3,0.0037394329556263983
tier_1m,1_1438042990112.50_20150728002310-00237-ip-10-236-191-2_880298254_15.csv,30000,15213,False,True,1,0.02993264002725482
tier_1m,0_1438042988061.16_20150728002308-00089-ip-10-236-191-2_807127666_2.csv,30000,4953,False,True,2,0.012340911023784429
tier_1m,0_1438042988458.74_20150728002308-00060-ip-10-236-191-2_492355315_1.csv,30000,10135,False,True,1,0.016773924988228828
tier_1m,1_1438042990112.50_20150728002310-00296-ip-10-236-191-2_202658094_3.csv,30000,2994,False,True,4,0.008937339996919036
tier_1m,1_1438042988061.16_20150728002308-00013-ip-10-236-191-2_636339982_0.csv,30000,10135,False,True,1,0.01971979800146073
tier_1m,1_1438042987127.36_20150728002307-00294-ip-10-236-191-2_390417830_16.csv,30000,4488,False,True,1,0.00659258000086993
tier_1m,0_1438042988458.74_20150728002308-00254-ip-10-236-191-2_909417374_257.csv,30000,15152,False,True,1,0.030502826964948326
tier_1m,0_1438042988061.16_20150728002308-00101-ip-10-236-191-2_653250037_0.csv,30000,1593,False,True,5,0.004624349006917328
tier_1m,0_1438042988458.74_20150728002308-00046-ip-10-236-191-2_428007644_11.csv,30000,5794,False,True,1,0.009672789019532502
tier_1m,1_1438042987127.36_20150728002307-00290-ip-10-236-191-2_469307566_0.csv,30000,1960,False,True,1,0.0025575340259820223
tier_1m,1_1438042990112.50_20150728002310-00062-ip-10-236-191-2_896744244_9.csv,30000,15185,False,True,1,0.029920031025540084
tier_1m,1_1438042990112.50_20150728002310-00225-ip-10-236-191-2_718036865_0.csv,30000,3420,False,True,3,0.009024013008456677
tier_1m,0_1438042988061.16_20150728002308-00189-ip-10-236-191-2_414087396_10.csv,30000,2055,False,True,3,0.004181243013590574
tier_1m,0_1438042988061.16_20150728002308-00144-ip-10-236-191-2_279381280_30.csv,30000,5651,False,True,1,0.009472239995375276
tier_1m,1_1438042990112.50_20150728002310-00081-ip-10-236-191-2_890934925_129.csv,30000,12840,False,True,1,0.023467380029615015
tier_1m,0_1438042988061.16_20150728002308-00133-ip-10-236-191-2_59742533_2.csv,30000,2406,False,True,1,0.0030930310022085905
tier_1m,1_1438042990112.50_20150728002310-00259-ip-10-236-191-2_889779227_121.csv,30000,15593,False,True,1,0.030916925985366106
tier_1m,0_1438042988458.74_20150728002308-00262-ip-10-236-191-2_380524338_2.csv,30000,4398,False,True,4,0.014762071950826794
tier_1m,1_1438042987127.36_20150728002307-00027-ip-10-236-191-2_67802697_2.csv,30000,379,False,True,1,0.0005093200015835464
tier_1m,0_1438042988458.74_20150728002308-00175-ip-10-236-191-2_385639780_18.csv,30000,3984,False,True,2,0.008081843960098922
tier_1m,0_1438042988458.74_20150728002308-00303-ip-10-236-191-2_56708567_9.csv,30000,4708,False,True,1,0.006739508011378348
tier_1m,0_1438042988458.74_20150728002308-00063-ip-10-236-191-2_657101208_1.csv,30000,4448,False,True,1,0.009299844969063997
tier_1m,1_1438042990112.50_20150728002310-00190-ip-10-236-191-2_436521753_9.csv,30000,1800,False,True,4,0.004446408012881875
tier_1m,1_1438042987127.36_20150728002307-00214-ip-10-236-191-2_225430488_0.csv,30000,160,True,False,0,1.267006155103445e-06
tier_1m,0_1438042988061.16_20150728002308-00047-ip-10-236-191-2_843664602_0.csv,30000,1477,False,True,3,0.0026843739906325936
tier_1m,0_1438042988061.16_20150728002308-00181-ip-10-236-191-2_216538600_0.csv,30000,67,True,False,0,9.239884093403816e-07
tier_1m,0_1438042988061.16_20150728002308-00002-ip-10-236-191-2_545269850_0.csv,30000,10135,False,True,1,0.016434477001894265
tier_1m,0_1438042988061.16_20150728002308-00330-ip-10-236-191-2_795231590_4.csv,30000,3212,False,True,3,0.007952431042212993
tier_1m,0_1438042988061.16_20150728002308-00235-ip-10-236-191-2_713850328_17.csv,30000,2371,False,True,3,0.00507839402416721
tier_1m,0_1438042988458.74_20150728002308-00232-ip-10-236-191-2_795586035_3.csv,30000,2640,False,True,1,0.005025250953622162
tier_1m,0_1438042988458.74_20150728002308-00250-ip-10-236-191-2_501951825_0.csv,30000,10135,False,True,1,0.01670681097311899
tier_1m,1_1438042987127.36_20150728002307-00037-ip-10-236-191-2_318965632_0.csv,30000,1607,False,True,3,0.0033771320013329387
tier_1m,0_1438042988061.16_20150728002308-00041-ip-10-236-191-2_37534908_6.csv,30000,2408,False,True,3,0.004714288981631398
tier_1m,1_1438042987127.36_20150728002307-00269-ip-10-236-191-2_847834464_0.csv,30000,3062,False,True,3,0.007224496977869421
tier_1m,0_1438042988061.16_20150728002308-00199-ip-10-236-191-2_891430247_172.csv,30000,14642,False,True,1,0.028434038977138698
tier_1m,1_1438042987127.36_20150728002307-00153-ip-10-236-191-2_490931395_0.csv,30000,10135,False,True,1,0.01943027100060135
tier_1m,0_1438042988458.74_20150728002308-00081-ip-10-236-191-2_476604823_0.csv,30000,997,False,True,1,0.0013838339946232736
tier_1m,0_1438042988458.74_20150728002308-00210-ip-10-236-191-2_79682215_3.csv,30000,2712,False,True,1,0.003481213003396988
tier_1m,1_1438042987127.36_20150728002307-00008-ip-10-236-191-2_633806649_3.csv,30000,2435,False,True,3,0.005648009013384581
tier_1m,0_1438042988061.16_20150728002308-00201-ip-10-236-191-2_319577306_4.csv,30000,7993,False,True,2,0.01828853297047317
tier_1m,1_1438042990112.50_20150728002310-00310-ip-10-236-191-2_200224826_0.csv,30000,3152,False,True,3,0.007588954991661012
tier_1m,1_1438042987127.36_20150728002307-00102-ip-10-236-191-2_893578330_152.csv,30000,15047,False,True,1,0.02953431400237605
tier_1m,1_1438042990112.50_20150728002310-00044-ip-10-236-191-2_261321661_61.csv,30000,5639,False,True,1,0.009182289999444038
tier_1m,1_1438042987127.36_20150728002307-00074-ip-10-236-191-2_137128786_0.csv,30000,3388,False,True,3,0.008324888010974973
tier_1m,1_1438042987127.36_20150728002307-00082-ip-10-236-191-2_795702564_10.csv,30000,4839,False,True,1,0.007937089016195387
