tier,q_table,k,alpha,pool,n_D,clamped,feasible,cause,n_scored,retrieval_s,stage1_s,scoring_s,lp_s,milp_s,stage2_s,end2end_s
tier_10k,1_1438042987127.36_20150728002307-00144-ip-10-236-191-2_676020729_0.csv,5,10.0,50,226,False,True,,50,0.0117920579505153,0.00030252698343247175,0.01072923099854961,0.015810586977750063,0.01112535601714626,0.027505701000336558,0.05032951693283394
tier_10k,1_1438042987127.36_20150728002307-00144-ip-10-236-191-2_676020729_0.csv,10,10.0,100,226,False,True,,100,0.0117920579505153,0.0005962799768894911,0.022816371987573802,0.0015069249784573913,0.0021862610010430217,0.003942205978091806,0.0391469158930704
tier_10k,1_1438042987127.36_20150728002307-00144-ip-10-236-191-2_676020729_0.csv,20,10.0,200,226,False,True,,200,0.0117920579505153,0.000635734002571553,0.04323913803091273,0.0017598419799469411,0.00287044100696221,0.004914850986097008,0.06058178097009659
tier_10k,1_1438042987127.36_20150728002307-00144-ip-10-236-191-2_676020729_0.csv,5,5.0,25,226,False,True,,25,0.0117920579505153,0.0005070299957878888,0.00866134703392163,0.0009101199684664607,0.0017346310196444392,0.002857958956155926,0.023818393936380744
tier_10k,1_1438042987127.36_20150728002307-00144-ip-10-236-191-2_676020729_0.csv,10,5.0,50,226,False,True,,50,0.0117920579505153,0.0005106439930386841,0.013479053042829037,0.0009990110411308706,0.0018345570424571633,0.0030427930178120732,0.028824548004195094
tier_10k,1_1438042987127.36_20150728002307-00144-ip-10-236-191-2_676020729_0.csv,20,5.0,100,226,False,True,,100,0.0117920579505153,0.000537724990863353,0.022131364967208356,0.0010660149855539203,0.0021902250009588897,0.0034763890434987843,0.03793753695208579
tier_10k,0_1438042988061.16_20150728002308-00282-ip-10-236-191-2_894007386_3.csv,5,10.0,50,369,False,True,,50,0.022338774986565113,0.0003666030243039131,0.001950990001205355,0.0011663049808703363,0.0018140620086342096,0.0032240559812635183,0.0278804239933379
tier_10k,0_1438042988061.16_20150728002308-00282-ip-10-236-191-2_894007386_3.csv,10,10.0,100,369,False,True,,100,0.022338774986565113,0.0006428449996747077,0.006296927982475609,0.0013259929837659001,0.002048980037216097,0.0036419739481061697,0.0329205219168216
tier_10k,0_1438042988061.16_20150728002308-00282-ip-10-236-191-2_894007386_3.csv,20,10.0,200,369,False,True,,200,0.022338774986565113,0.000663786951918155,0.010231006017420441,0.0013358719879761338,0.002961874008178711,0.0045609480002895,0.03779451595619321
tier_10k,0_1438042988061.16_20150728002308-00282-ip-10-236-191-2_894007386_3.csv,5,5.0,25,369,False,True,,25,0.022338774986565113,0.0006538470042869449,0.001715812017209828,0.0010913169826380908,0.0017692010151222348,0.003092831000685692,0.027801265008747578
tier_10k,0_1438042988061.16_20150728002308-00282-ip-10-236-191-2_894007386_3.csv,10,5.0,50,369,False,True,,50,0.022338774986565113,0.0005884200218133628,0.0030588419758714736,0.0011061650002375245,0.0019380910089239478,0.0033025669981725514,0.0292886039824225
tier_10k,0_1438042988061.16_20150728002308-00282-ip-10-236-191-2_894007386_3.csv,20,5.0,100,369,False,True,,100,0.022338774986565113,0.0006075510173104703,0.006048250012099743,0.0010885919909924269,0.002250146004371345,0.003592485038097948,0.032587061054073274
tier_10k,0_1438042988458.74_20150728002308-00249-ip-10-236-191-2_328699461_4.csv,5,10.0,50,562,False,True,,50,0.020154093974269927,0.001041786978021264,0.00460829702205956,0.0013988650171086192,0.0019765679608099163,0.0036329579888843,0.02943713596323505
tier_10k,0_1438042988458.74_20150728002308-00249-ip-10-236-191-2_328699461_4.csv,10,10.0,100,562,False,True,,100,0.020154093974269927,0.0018254389869980514,0.01148032397031784,0.0011609100038185716,0.002107163018081337,0.003499532991554588,0.03695938992314041
tier_10k,0_1438042988458.74_20150728002308-00249-ip-10-236-191-2_328699461_4.csv,20,10.0,200,562,False,True,,200,0.020154093974269927,0.0014255139976739883,0.018876125977840275,0.001422021014150232,0.0024876620154827833,0.004171225999016315,0.044626959948800504
tier_10k,0_1438042988458.74_20150728002308-00249-ip-10-236-191-2_328699461_4.csv,5,5.0,25,562,False,True,,25,0.020154093974269927,0.001908021979033947,0.004263642011210322,0.0010737719712778926,0.0018406659946776927,0.0031476779840886593,0.029473435948602855
tier_10k,0_1438042988458.74_20150728002308-00249-ip-10-236-191-2_328699461_4.csv,10,5.0,50,562,False,True,,50,0.020154093974269927,0.0017672050162218511,0.007401289010886103,0.0011632589739747345,0.0017191859660670161,0.0030952050001360476,0.03241779300151393
tier_10k,0_1438042988458.74_20150728002308-00249-ip-10-236-191-2_328699461_4.csv,20,5.0,100,562,False,True,,100,0.020154093974269927,0.0018105380004271865,0.011291355011053383,0.0011369099956937134,0.00203299499116838,0.0033909009653143585,0.036646887951064855
tier_10k,1_1438042987127.36_20150728002307-00114-ip-10-236-191-2_902351685_191.csv,5,10.0,50,365,False,True,,50,0.012784882972482592,0.00036042998544871807,0.0017648700159043074,0.0012451239745132625,0.0016258760006166995,0.0030811160104349256,0.017991298984270543
tier_10k,1_1438042987127.36_20150728002307-00114-ip-10-236-191-2_902351685_191.csv,10,10.0,100,365,False,True,,100,0.012784882972482592,0.0003948190133087337,0.003285830025561154,0.0009759889799170196,0.0016942700021900237,0.002860200998838991,0.01932573301019147
tier_10k,1_1438042987127.36_20150728002307-00114-ip-10-236-191-2_902351685_191.csv,20,10.0,200,365,False,True,,200,0.012784882972482592,0.00040165503742173314,0.006632052012719214,0.0009486610069870949,0.002762563992291689,0.003959055989980698,0.023777646012604237
tier_10k,1_1438042987127.36_20150728002307-00114-ip-10-236-191-2_902351685_191.csv,5,5.0,25,365,False,True,,25,0.012784882972482592,0.0006170679698698223,0.0016645349678583443,0.0009382030111737549,0.0016820270102471113,0.002838824992068112,0.01790531090227887
tier_10k,1_1438042987127.36_20150728002307-00114-ip-10-236-191-2_902351685_191.csv,10,5.0,50,365,False,True,,50,0.012784882972482592,0.0005826049600727856,0.002979927056003362,0.0009728059521876276,0.0017312020063400269,0.0029300879687070847,0.019277502957265824
tier_10k,1_1438042987127.36_20150728002307-00114-ip-10-236-191-2_902351685_191.csv,20,5.0,100,365,False,True,,100,0.012784882972482592,0.0006121949991211295,0.005905210040509701,0.0010584229603409767,0.0019255349761806428,0.0032289999653585255,0.022531287977471948
tier_10k,1_1438042987127.36_20150728002307-00182-ip-10-236-191-2_150862475_5.csv,5,10.0,50,265,False,True,,50,0.01412881602300331,0.00024793099146336317,0.02726645499933511,0.0012894180254079401,0.001987980038393289,0.0035339409951120615,0.045177143008913845
tier_10k,1_1438042987127.36_20150728002307-00182-ip-10-236-191-2_150862475_5.csv,10,10.0,100,265,False,True,,100,0.01412881602300331,0.0008364719687961042,0.05951790401013568,0.0019072099821642041,0.002010952972341329,0.004187770013231784,0.07867096201516688
tier_10k,1_1438042987127.36_20150728002307-00182-ip-10-236-191-2_150862475_5.csv,20,10.0,200,265,False,True,,200,0.01412881602300331,0.0009516769787296653,0.10862103500403464,0.0021332050091587007,0.002537473978009075,0.0049758669920265675,0.12867739499779418
tier_10k,1_1438042987127.36_20150728002307-00182-ip-10-236-191-2_150862475_5.csv,5,5.0,25,265,False,True,,25,0.01412881602300331,0.0004690589848905802,0.017643013037741184,0.0012204899685457349,0.002399011980742216,0.0038952119648456573,0.03613610001048073
tier_10k,1_1438042987127.36_20150728002307-00182-ip-10-236-191-2_150862475_5.csv,10,5.0,50,265,False,True,,50,0.01412881602300331,0.0004315560217946768,0.03295753098791465,0.001454479992389679,0.0021972620161250234,0.003910405037458986,0.051428308070171624
tier_10k,1_1438042987127.36_20150728002307-00182-ip-10-236-191-2_150862475_5.csv,20,5.0,100,265,False,True,,100,0.01412881602300331,0.000976923038251698,0.05962553998688236,0.0013323879684321582,0.002236244035884738,0.0038229679921641946,0.07855424704030156
tier_10k,1_1438042987127.36_20150728002307-00000-ip-10-236-191-2_300770320_2.csv,5,10.0,50,328,False,True,,50,0.021184552984777838,0.0005512399948202074,0.00896706699859351,0.0013943020021542907,0.0019104800303466618,0.003552059002686292,0.034254918980877846
tier_10k,1_1438042987127.36_20150728002307-00000-ip-10-236-191-2_300770320_2.csv,10,10.0,100,328,False,True,,100,0.021184552984777838,0.001002705015707761,0.021097695047501475,0.0012121699983254075,0.0021639280021190643,0.0036101510049775243,0.0468951040529646
tier_10k,1_1438042987127.36_20150728002307-00000-ip-10-236-191-2_300770320_2.csv,20,10.0,200,328,False,True,,200,0.021184552984777838,0.0010710259666666389,0.034506802971009165,0.0014222220052033663,0.0025911370175890625,0.004285666043870151,0.06104804796632379
tier_10k,1_1438042987127.36_20150728002307-00000-ip-10-236-191-2_300770320_2.csv,5,5.0,25,328,False,True,,25,0.021184552984777838,0.0007140909438021481,0.00843534799059853,0.0012254180037416518,0.0015343630220741034,0.0029676370322704315,0.03330162895144895
tier_10k,1_1438042987127.36_20150728002307-00000-ip-10-236-191-2_300770320_2.csv,10,5.0,50,328,False,True,,50,0.021184552984777838,0.0009381209965795279,0.012786389968823642,0.0009918410214595497,0.001979952969122678,0.003187293012160808,0.038096356962341815
tier_10k,1_1438042987127.36_20150728002307-00000-ip-10-236-191-2_300770320_2.csv,20,5.0,100,328,False,True,,100,0.021184552984777838,0.000986400991678238,0.020755773002747446,0.0011719769681803882,0.0021808400051668286,0.0035782899940386415,0.046505016973242164
tier_10k,1_1438042987127.36_20150728002307-00080-ip-10-236-191-2_899463259_102.csv,5,10.0,50,366,False,True,,50,0.015584673034027219,0.0003629180137068033,0.0018198919715359807,0.0014983179862610996,0.0019040409824810922,0.0036158779985271394,0.021383361017797142
tier_10k,1_1438042987127.36_20150728002307-00080-ip-10-236-191-2_899463259_102.csv,10,10.0,100,366,False,True,,100,0.015584673034027219,0.00040344998706132174,0.003320807998534292,0.0008619759464636445,0.0018985000206157565,0.0029768130043521523,0.022285744023974985
tier_10k,1_1438042987127.36_20150728002307-00080-ip-10-236-191-2_899463259_102.csv,20,10.0,200,366,False,True,,200,0.015584673034027219,0.0006598140462301672,0.010433371993713081,0.0010911900317296386,0.0030388319864869118,0.00438513100380078,0.031062990077771246
tier_10k,1_1438042987127.36_20150728002307-00080-ip-10-236-191-2_899463259_102.csv,5,5.0,25,366,False,True,,25,0.015584673034027219,0.0005770339630544186,0.0015364779974333942,0.0010723049635998905,0.001921960967592895,0.0032153509673662484,0.02091353596188128
tier_10k,1_1438042987127.36_20150728002307-00080-ip-10-236-191-2_899463259_102.csv,10,5.0,50,366,False,True,,50,0.015584673034027219,0.00041976600186899304,0.0016452900017611682,0.0008004490518942475,0.0014915550127625465,0.0024740220396779478,0.020123751077335328
tier_10k,1_1438042987127.36_20150728002307-00080-ip-10-236-191-2_899463259_102.csv,20,5.0,100,366,False,True,,100,0.015584673034027219,0.0003848529886454344,0.0032758800080046058,0.0008402320090681314,0.00150630297139287,0.0025264539872296154,0.021771860017906874
tier_10k,1_1438042990112.50_20150728002310-00154-ip-10-236-191-2_303864106_21.csv,5,10.0,50,304,False,True,,50,0.015673368994612247,0.0005209039663895965,0.0395478829741478,0.0015971650136634707,0.0023210140061564744,0.0041412090067751706,0.05988336494192481
tier_10k,1_1438042990112.50_20150728002310-00154-ip-10-236-191-2_303864106_21.csv,10,10.0,100,304,False,True,,100,0.015673368994612247,0.0005931520136073232,0.06624802097212523,0.0014892569743096828,0.0021571909892372787,0.003911452949978411,0.08642599493032321
tier_10k,1_1438042990112.50_20150728002310-00154-ip-10-236-191-2_303864106_21.csv,20,10.0,200,304,False,True,,200,0.015673368994612247,0.0010593350161798298,0.12287619401467964,0.002142121025826782,0.004360792983788997,0.006868880998808891,0.1464777790242806
tier_10k,1_1438042990112.50_20150728002310-00154-ip-10-236-191-2_303864106_21.csv,5,5.0,25,304,False,True,,25,0.015673368994612247,0.0005060959956608713,0.019429834035690874,0.0013406220241449773,0.0018769759917631745,0.0034725849982351065,0.0390818840241991
tier_10k,1_1438042990112.50_20150728002310-00154-ip-10-236-191-2_303864106_21.csv,10,5.0,50,304,False,True,,50,0.015673368994612247,0.0005391629529185593,0.03893743205117062,0.0012989210081286728,0.0019392140093259513,0.0034559479681774974,0.05860591196687892
tier_10k,1_1438042990112.50_20150728002310-00154-ip-10-236-191-2_303864106_21.csv,20,5.0,100,304,False,True,,100,0.015673368994612247,0.0005782520165666938,0.06591248797485605,0.001469846989493817,0.0021912750089541078,0.003919481998309493,0.08608359098434448
tier_10k,0_1438042988458.74_20150728002308-00095-ip-10-236-191-2_520943855_0.csv,5,10.0,50,308,False,True,,50,0.01595255103893578,0.00040494499262422323,0.007969184953253716,0.001412637997418642,0.0018668799893930554,0.003526570973917842,0.027853251958731562
tier_10k,0_1438042988458.74_20150728002308-00095-ip-10-236-191-2_520943855_0.csv,10,10.0,100,308,False,True,,100,0.01595255103893578,0.0009498120052739978,0.019614728982560337,0.0012677820050157607,0.0020759569597430527,0.0035799909965135157,0.04009708302328363
tier_10k,0_1438042988458.74_20150728002308-00095-ip-10-236-191-2_520943855_0.csv,20,10.0,200,308,False,True,,200,0.01595255103893578,0.0007859269971959293,0.0338169620372355,0.0014067490119487047,0.0033706449903547764,0.0050592279876582325,0.05561466806102544
tier_10k,0_1438042988458.74_20150728002308-00095-ip-10-236-191-2_520943855_0.csv,5,5.0,25,308,False,True,,25,0.01595255103893578,0.000731011969037354,0.008037569001317024,0.0008712740382179618,0.001703290967270732,0.002786260040011257,0.027507392049301416
tier_10k,0_1438042988458.74_20150728002308-00095-ip-10-236-191-2_520943855_0.csv,10,5.0,50,308,False,True,,50,0.01595255103893578,0.0006876470288261771,0.011977330956142396,0.0008703329949639738,0.0015607159584760666,0.0026419020141474903,0.031259431038051844
tier_10k,0_1438042988458.74_20150728002308-00095-ip-10-236-191-2_520943855_0.csv,20,5.0,100,308,False,True,,100,0.01595255103893578,0.0009344559512101114,0.019478234986308962,0.0009156950400210917,0.0019793270039372146,0.0031103980145417154,0.03947563999099657
tier_10k,1_1438042987127.36_20150728002307-00145-ip-10-236-191-2_499439925_0.csv,5,10.0,50,503,False,True,,50,0.01546228100778535,0.0007123970426619053,0.01033862098120153,0.001120097003877163,0.001565416983794421,0.00291991897393018,0.029433218005578965
tier_10k,1_1438042987127.36_20150728002307-00145-ip-10-236-191-2_499439925_0.csv,10,10.0,100,503,False,True,,100,0.01546228100778535,0.0012207499821670353,0.02419944101711735,0.0012056069681420922,0.0019831819809041917,0.003431744989939034,0.04431421699700877
tier_10k,1_1438042987127.36_20150728002307-00145-ip-10-236-191-2_499439925_0.csv,20,10.0,200,503,False,True,,200,0.01546228100778535,0.001272596011403948,0.04426450002938509,0.0014295359724201262,0.0032660019933246076,0.004983018967323005,0.0659823960158974
tier_10k,1_1438042987127.36_20150728002307-00145-ip-10-236-191-2_499439925_0.csv,5,5.0,25,503,False,True,,25,0.01546228100778535,0.0015661719953641295,0.005755480960942805,0.0009850449860095978,0.0015921860467642546,0.0027918730047531426,0.025575806968845427
tier_10k,1_1438042987127.36_20150728002307-00145-ip-10-236-191-2_499439925_0.csv,10,5.0,50,503,False,True,,50,0.01546228100778535,0.0007555010379292071,0.010234611050691456,0.000982109981123358,0.0018034509848803282,0.0029716449789702892,0.029424038075376302
tier_10k,1_1438042987127.36_20150728002307-00145-ip-10-236-191-2_499439925_0.csv,20,5.0,100,503,False,True,,100,0.01546228100778535,0.0007365400088019669,0.020969094010069966,0.0010960669605992734,0.0017555819940753281,0.003051278996281326,0.04021919402293861
tier_10k,1_1438042990112.50_20150728002310-00013-ip-10-236-191-2_321346784_4.csv,5,10.0,50,534,False,True,,50,0.014599396963603795,0.000985402031801641,0.005259461002424359,0.0010871189879253507,0.0015391390188597143,0.002831290999893099,0.023675550997722894
tier_10k,1_1438042990112.50_20150728002310-00013-ip-10-236-191-2_321346784_4.csv,10,10.0,100,534,False,True,,100,0.014599396963603795,0.0008004429982975125,0.009575165051501244,0.000923039042390883,0.0018279019859619439,0.002928473986685276,0.027903479000087827
tier_10k,1_1438042990112.50_20150728002310-00013-ip-10-236-191-2_321346784_4.csv,20,10.0,200,534,False,True,,200,0.014599396963603795,0.0008272919803857803,0.017541260982397944,0.0010802600299939513,0.002391827991232276,0.003683239978272468,0.036651189904659986
tier_10k,1_1438042990112.50_20150728002310-00013-ip-10-236-191-2_321346784_4.csv,5,5.0,25,534,False,True,,25,0.014599396963603795,0.0010715069947764277,0.0027017209795303643,0.0010411749826744199,0.0016182840336114168,0.0028290789923630655,0.021201703930273652
tier_10k,1_1438042990112.50_20150728002310-00013-ip-10-236-191-2_321346784_4.csv,10,5.0,50,534,False,True,,50,0.014599396963603795,0.0010259200353175402,0.005040483956690878,0.0008095430093817413,0.001662752008996904,0.002640085993334651,0.023305886948946863
tier_10k,1_1438042990112.50_20150728002310-00013-ip-10-236-191-2_321346784_4.csv,20,5.0,100,534,False,True,,100,0.014599396963603795,0.0007818930316716433,0.009537895035464317,0.0011060729739256203,0.0023621140280738473,0.003663568990305066,0.02858275402104482
tier_10k,1_1438042987127.36_20150728002307-00033-ip-10-236-191-2_482136553_0.csv,5,10.0,50,264,False,True,,50,0.012242783966939896,0.0003759310347959399,0.0031747770262882113,0.0012847920297645032,0.0019943070365116,0.0034926640219055116,0.01928615604992956
tier_10k,1_1438042987127.36_20150728002307-00033-ip-10-236-191-2_482136553_0.csv,10,10.0,100,264,False,True,,100,0.012242783966939896,0.00039332197047770023,0.0060963809955865145,0.0011722680064849555,0.0018959679873660207,0.003284067031927407,0.022016553964931518
tier_10k,1_1438042987127.36_20150728002307-00033-ip-10-236-191-2_482136553_0.csv,20,10.0,200,264,False,True,,200,0.012242783966939896,0.0004266149480827153,0.011088023020420223,0.001157838967628777,0.002411907014902681,0.003788742993492633,0.027546164928935468
tier_10k,1_1438042987127.36_20150728002307-00033-ip-10-236-191-2_482136553_0.csv,5,5.0,25,264,False,True,,25,0.012242783966939896,0.00027507805498316884,0.0016242199926637113,0.0007712029619142413,0.001585979014635086,0.002521490037906915,0.01666357205249369
tier_10k,1_1438042987127.36_20150728002307-00033-ip-10-236-191-2_482136553_0.csv,10,5.0,50,264,False,True,,50,0.012242783966939896,0.00037139200139790773,0.0028754830127581954,0.0007795829442329705,0.0017172829830087721,0.0026575070223771036,0.018147166003473103
tier_10k,1_1438042987127.36_20150728002307-00033-ip-10-236-191-2_482136553_0.csv,20,5.0,100,264,False,True,,100,0.012242783966939896,0.0003876910195685923,0.005543721024878323,0.0009547829977236688,0.002091572037898004,0.00322438997682184,0.02139858598820865
tier_10k,0_1438042988061.16_20150728002308-00109-ip-10-236-191-2_681611335_21.csv,5,10.0,50,474,False,True,,50,0.0129136229516007,0.0010566829587332904,0.01191079302225262,0.0011864289990626276,0.0024713320308364928,0.0038733879919163883,0.029754486924503
tier_10k,0_1438042988061.16_20150728002308-00109-ip-10-236-191-2_681611335_21.csv,10,10.0,100,474,False,True,,100,0.0129136229516007,0.0009265870321542025,0.02157217398053035,0.0012893229722976685,0.0021111079840920866,0.003609381034038961,0.039021764998324215
tier_10k,0_1438042988061.16_20150728002308-00109-ip-10-236-191-2_681611335_21.csv,20,10.0,200,474,False,True,,200,0.0129136229516007,0.0009636120521463454,0.042674781987443566,0.0014063289854675531,0.002468970022164285,0.004141144978348166,0.06069316196953878
tier_10k,0_1438042988061.16_20150728002308-00109-ip-10-236-191-2_681611335_21.csv,5,5.0,25,474,False,True,,25,0.0129136229516007,0.0012152419658377767,0.006332172953989357,0.0010950349969789386,0.0016527610132470727,0.0029418589547276497,0.023402896826155484
tier_10k,0_1438042988061.16_20150728002308-00109-ip-10-236-191-2_681611335_21.csv,10,5.0,50,474,False,True,,50,0.0129136229516007,0.0011012080358341336,0.01436547696357593,0.0012728709843941033,0.0022479919716715813,0.003785008972045034,0.0321653169230558
tier_10k,0_1438042988061.16_20150728002308-00109-ip-10-236-191-2_681611335_21.csv,20,5.0,100,474,False,True,,100,0.0129136229516007,0.0009451889782212675,0.021995121031068265,0.0011555089731700718,0.002134119044058025,0.0034972039866261184,0.03935113694751635
tier_10k,0_1438042988061.16_20150728002308-00244-ip-10-236-191-2_65898746_2.csv,5,10.0,50,525,False,True,,50,0.01240434602368623,0.0007572780014015734,0.013347917993087322,0.001459115999750793,0.0021932899835519493,0.003914226952474564,0.03042376897064969
tier_10k,0_1438042988061.16_20150728002308-00244-ip-10-236-191-2_65898746_2.csv,10,10.0,100,525,False,True,,100,0.01240434602368623,0.0008154169772751629,0.025462645979132503,0.0011217629653401673,0.002303416025824845,0.003647046978585422,0.04232945595867932
tier_10k,0_1438042988061.16_20150728002308-00244-ip-10-236-191-2_65898746_2.csv,20,10.0,200,525,False,True,,200,0.01240434602368623,0.0008904470014385879,0.04226291994564235,0.0013812379911541939,0.002451926004141569,0.004087615991011262,0.05964532896177843
tier_10k,0_1438042988061.16_20150728002308-00244-ip-10-236-191-2_65898746_2.csv,5,5.0,25,525,False,True,,25,0.01240434602368623,0.0011348520056344569,0.00731440499657765,0.001051042985636741,0.0014762720093131065,0.002726418024394661,0.023580021050293
tier_10k,0_1438042988061.16_20150728002308-00244-ip-10-236-191-2_65898746_2.csv,10,5.0,50,525,False,True,,50,0.01240434602368623,0.0007927719852887094,0.013739663001615554,0.0010118659702129662,0.002299977990332991,0.003521083970554173,0.030457864981144667
tier_10k,0_1438042988061.16_20150728002308-00244-ip-10-236-191-2_65898746_2.csv,20,5.0,100,525,False,True,,100,0.01240434602368623,0.0008115310338325799,0.02124418201856315,0.0011463430128060281,0.0021754319895990193,0.0035426599788479507,0.03800271905492991
tier_10k,0_1438042988061.16_20150728002308-00215-ip-10-236-191-2_362876303_35.csv,5,10.0,50,280,False,True,,50,0.012506483995821327,0.0005029849708080292,0.010722937993705273,0.0011974670342169702,0.0017670200322754681,0.003189595998264849,0.026922002958599478
tier_10k,0_1438042988061.16_20150728002308-00215-ip-10-236-191-2_362876303_35.csv,10,10.0,100,280,False,True,,100,0.012506483995821327,0.0004233579966239631,0.02078972297022119,0.001068766985554248,0.0022598259965889156,0.0035383529611863196,0.0372579179238528
tier_10k,0_1438042988061.16_20150728002308-00215-ip-10-236-191-2_362876303_35.csv,20,10.0,200,280,False,True,,200,0.012506483995821327,0.00044074002653360367,0.0395997820305638,0.0014880580129101872,0.0023123850114643574,0.00403432099847123,0.05658132705138996
tier_10k,0_1438042988061.16_20150728002308-00215-ip-10-236-191-2_362876303_35.csv,5,5.0,25,280,False,True,,25,0.012506483995821327,0.0003677880158647895,0.005145667004399002,0.0008740260382182896,0.0015875950339250267,0.002622540050651878,0.020642479066736996
tier_10k,0_1438042988061.16_20150728002308-00215-ip-10-236-191-2_362876303_35.csv,10,5.0,50,280,False,True,,50,0.012506483995821327,0.000494909007102251,0.010247114987578243,0.0007552530150860548,0.0019100230420008302,0.0028199750231578946,0.026068483013659716
tier_10k,0_1438042988061.16_20150728002308-00215-ip-10-236-191-2_362876303_35.csv,20,5.0,100,280,False,True,,100,0.012506483995821327,0.000402241013944149,0.020222288032528013,0.0009997030138038099,0.0022268210304901004,0.0034108670079149306,0.03654188005020842
tier_10k,1_1438042990112.50_20150728002310-00312-ip-10-236-191-2_3243890_59.csv,5,10.0,50,253,False,True,,50,0.012912695994600654,0.0003406409523449838,0.0056339490110985935,0.0012483500177040696,0.0018256990006193519,0.003294827009085566,0.022182112967129797
tier_10k,1_1438042990112.50_20150728002310-00312-ip-10-236-191-2_3243890_59.csv,10,10.0,100,253,False,True,,100,0.012912695994600654,0.00037243496626615524,0.009813372977077961,0.0012306139688007534,0.0026781560154631734,0.004116291005630046,0.027214794943574816
tier_10k,1_1438042990112.50_20150728002310-00312-ip-10-236-191-2_3243890_59.csv,20,10.0,200,253,False,True,,200,0.012912695994600654,0.0005264669889584184,0.01980623503914103,0.0011838399805128574,0.002437640039715916,0.0038644850137643516,0.03710988303646445
tier_10k,1_1438042990112.50_20150728002310-00312-ip-10-236-191-2_3243890_59.csv,5,5.0,25,253,False,True,,25,0.012912695994600654,0.0003257519565522671,0.0023907579598017037,0.0007906619575805962,0.0016787739587016404,0.0026395090389996767,0.0182687149499543
tier_10k,1_1438042990112.50_20150728002310-00312-ip-10-236-191-2_3243890_59.csv,10,5.0,50,253,False,True,,50,0.012912695994600654,0.0003411179641261697,0.005222048028372228,0.0007696670363657176,0.0014277289737947285,0.0023729230160824955,0.020848785003181547
tier_10k,1_1438042990112.50_20150728002310-00312-ip-10-236-191-2_3243890_59.csv,20,5.0,100,253,False,True,,100,0.012912695994600654,0.0004070260329172015,0.009579384000971913,0.0009143640054389834,0.002339115017093718,0.00344201602274552,0.02634112205123529
tier_10k,1_1438042990112.50_20150728002310-00085-ip-10-236-191-2_403435483_3.csv,5,10.0,50,229,False,True,,50,0.01078209700062871,0.0003291569883003831,0.0032474019681103528,0.001081353984773159,0.0020964870345778763,0.0033945239847525954,0.01775317994179204
tier_10k,1_1438042990112.50_20150728002310-00085-ip-10-236-191-2_403435483_3.csv,10,10.0,100,229,False,True,,100,0.01078209700062871,0.00034592096926644444,0.005710262979846448,0.0008836819906719029,0.0020937949884682894,0.003176191996317357,0.02001447294605896
tier_10k,1_1438042990112.50_20150728002310-00085-ip-10-236-191-2_403435483_3.csv,20,10.0,200,229,False,True,,200,0.01078209700062871,0.00037741800770163536,0.010386601963546127,0.0010927270050160587,0.0026577620301395655,0.003982711990829557,0.02552882896270603
tier_10k,1_1438042990112.50_20150728002310-00085-ip-10-236-191-2_403435483_3.csv,5,5.0,25,229,False,True,,25,0.01078209700062871,0.00023817899636924267,0.0016821270110085607,0.0009003290324471891,0.001848947023972869,0.0029218790004961193,0.015624282008502632
tier_10k,1_1438042990112.50_20150728002310-00085-ip-10-236-191-2_403435483_3.csv,10,5.0,50,229,False,True,,50,0.01078209700062871,0.0003237309865653515,0.0028859140002168715,0.0007555200136266649,0.001899128023069352,0.0028160609654150903,0.016807802952826023
tier_10k,1_1438042990112.50_20150728002310-00085-ip-10-236-191-2_403435483_3.csv,20,5.0,100,229,False,True,,100,0.01078209700062871,0.0003400599816814065,0.005412188998889178,0.0009561979677528143,0.002078114019241184,0.00321215798612684,0.019746503967326134
tier_10k,0_1438042988061.16_20150728002308-00194-ip-10-236-191-2_846810834_13.csv,5,10.0,50,354,False,True,,50,0.011567652050871402,0.0004890029667876661,0.018294060020707548,0.001208995992783457,0.002216166991274804,0.0036509400233626366,0.03400165506172925
tier_10k,0_1438042988061.16_20150728002308-00194-ip-10-236-191-2_846810834_13.csv,10,10.0,100,354,False,True,,100,0.011567652050871402,0.0003786240122281015,0.03301430703140795,0.0010230779880657792,0.002167141006793827,0.003401252964977175,0.04836183605948463
tier_10k,0_1438042988061.16_20150728002308-00194-ip-10-236-191-2_846810834_13.csv,20,10.0,200,354,False,True,,200,0.011567652050871402,0.000576363003347069,0.06362518901005387,0.0015478029963560402,0.0025173209724016488,0.004320795997045934,0.08009000006131828
tier_10k,0_1438042988061.16_20150728002308-00194-ip-10-236-191-2_846810834_13.csv,5,5.0,25,354,False,True,,25,0.011567652050871402,0.0005659440066665411,0.009262469015084207,0.0008099499973468482,0.0038092220202088356,0.00481043296167627,0.02620649803429842
tier_10k,0_1438042988061.16_20150728002308-00194-ip-10-236-191-2_846810834_13.csv,10,5.0,50,354,False,True,,50,0.011567652050871402,0.0005091180210001767,0.01796609698794782,0.0011586949694901705,0.0023738830350339413,0.003736558952368796,0.033779426012188196
tier_10k,0_1438042988061.16_20150728002308-00194-ip-10-236-191-2_846810834_13.csv,20,5.0,100,354,False,True,,100,0.011567652050871402,0.0003614700399339199,0.0352424550219439,0.0012536380090750754,0.0046346940216608346,0.006111545022577047,0.053283122135326266
tier_10k,1_1438042990112.50_20150728002310-00286-ip-10-236-191-2_318221297_4.csv,5,10.0,50,548,False,True,,50,0.023885100963525474,0.0010279020061716437,0.004746834980323911,0.0012644619564525783,0.002305188972968608,0.0037976960302330554,0.033457533980254084
tier_10k,1_1438042990112.50_20150728002310-00286-ip-10-236-191-2_318221297_4.csv,10,10.0,100,548,False,True,,100,0.023885100963525474,0.0010785729973576963,0.009584649989847094,0.0010049110278487206,0.0021018709521740675,0.0033105650218203664,0.03785888897255063
tier_10k,1_1438042990112.50_20150728002310-00286-ip-10-236-191-2_318221297_4.csv,20,10.0,200,548,False,True,,200,0.023885100963525474,0.0008637010469101369,0.01586648600641638,0.0011948830215260386,0.0025236629880964756,0.003957115986850113,0.044572404003702104
tier_10k,1_1438042990112.50_20150728002310-00286-ip-10-236-191-2_318221297_4.csv,5,5.0,25,548,False,True,,25,0.023885100963525474,0.0011248409864492714,0.002319852006621659,0.0008861090173013508,0.0014103599824011326,0.0024740950320847332,0.029803888988681138
tier_10k,1_1438042990112.50_20150728002310-00286-ip-10-236-191-2_318221297_4.csv,10,5.0,50,548,False,True,,50,0.023885100963525474,0.0010292580118402839,0.004474963992834091,0.0008908479940146208,0.001803369028493762,0.0028685000143013895,0.03225782298250124
tier_10k,1_1438042990112.50_20150728002310-00286-ip-10-236-191-2_318221297_4.csv,20,5.0,100,548,False,True,,100,0.023885100963525474,0.00106524903094396,0.008370636962354183,0.0009375530062243342,0.0023010210134088993,0.003425055998377502,0.03674604295520112
tier_10k,1_1438042987127.36_20150728002307-00290-ip-10-236-191-2_407999777_10.csv,5,10.0,50,231,False,True,,50,0.017319861974101514,0.0002614589757286012,0.006485734018497169,0.0012395160156302154,0.002633747993968427,0.004087143985088915,0.0281541989534162
tier_10k,1_1438042987127.36_20150728002307-00290-ip-10-236-191-2_407999777_10.csv,10,10.0,100,231,False,True,,100,0.017319861974101514,0.0004098410136066377,0.012369893956929445,0.0010109029826708138,0.0020938279922120273,0.0033064739545807242,0.03340607089921832
tier_10k,1_1438042987127.36_20150728002307-00290-ip-10-236-191-2_407999777_10.csv,20,10.0,200,231,False,True,,200,0.017319861974101514,0.0004904739907942712,0.021110627974849194,0.0014727659872733057,0.0021646330133080482,0.0038783219642937183,0.0427992859040387
tier_10k,1_1438042987127.36_20150728002307-00290-ip-10-236-191-2_407999777_10.csv,5,5.0,25,231,False,True,,25,0.017319861974101514,0.0004716960247606039,0.00598971702856943,0.0009520440362393856,0.0019944360246881843,0.0031630779849365354,0.026944353012368083
tier_10k,1_1438042987127.36_20150728002307-00290-ip-10-236-191-2_407999777_10.csv,10,5.0,50,231,False,True,,50,0.017319861974101514,0.00048663001507520676,0.010145109030418098,0.0007190500036813319,0.0016972299781627953,0.0025988540146499872,0.030550455034244806
tier_10k,1_1438042987127.36_20150728002307-00290-ip-10-236-191-2_407999777_10.csv,20,5.0,100,231,False,True,,100,0.017319861974101514,0.00068333197850734,0.015571039984934032,0.0010550750303082168,0.0020918090012855828,0.003360313014127314,0.0369345469516702
tier_10k,0_1438042988458.74_20150728002308-00166-ip-10-236-191-2_302386578_10.csv,5,10.0,50,493,False,True,,50,0.01695175003260374,0.0008999290294013917,0.007365169003605843,0.0013331859954632819,0.002003651054110378,0.00357477500801906,0.028791623073630035
tier_10k,0_1438042988458.74_20150728002308-00166-ip-10-236-191-2_302386578_10.csv,10,10.0,100,493,False,True,,100,0.01695175003260374,0.0011879749945364892,0.01827143901027739,0.0012245989637449384,0.001930180995259434,0.0033734729513525963,0.03978463698877022
tier_10k,0_1438042988458.74_20150728002308-00166-ip-10-236-191-2_302386578_10.csv,20,10.0,200,493,False,True,,200,0.01695175003260374,0.0012287289719097316,0.03272280900273472,0.0014259060262702405,0.0021328110015019774,0.0038204860175028443,0.05472377402475104
tier_10k,0_1438042988458.74_20150728002308-00166-ip-10-236-191-2_302386578_10.csv,5,5.0,25,493,False,True,,25,0.01695175003260374,0.0011393140302971005,0.006234723026864231,0.0010284000309184194,0.0018968589720316231,0.003157791041303426,0.027483578131068498
tier_10k,0_1438042988458.74_20150728002308-00166-ip-10-236-191-2_302386578_10.csv,10,5.0,50,493,False,True,,50,0.01695175003260374,0.0015278159989975393,0.010203804005868733,0.001130310003645718,0.0017444129916839302,0.003081532020587474,0.03176490205805749
tier_10k,0_1438042988458.74_20150728002308-00166-ip-10-236-191-2_302386578_10.csv,20,5.0,100,493,False,True,,100,0.01695175003260374,0.0011713269632309675,0.01922622899292037,0.0009448479977436364,0.0020616999827325344,0.003223051957320422,0.0405723579460755
tier_10k,0_1438042988458.74_20150728002308-00253-ip-10-236-191-2_222600153_3.csv,5,10.0,50,282,False,True,,50,0.01581467199139297,0.00044997798977419734,0.041677378001622856,0.0014272750122472644,0.001976595027372241,0.003659171052277088,0.06160119903506711
tier_10k,0_1438042988458.74_20150728002308-00253-ip-10-236-191-2_222600153_3.csv,10,10.0,100,282,False,True,,100,0.01581467199139297,0.0008937350357882679,0.07590439199702814,0.0013836389989592135,0.0027310370351187885,0.004370337992440909,0.09698313701665029
tier_10k,0_1438042988458.74_20150728002308-00253-ip-10-236-191-2_222600153_3.csv,20,10.0,200,282,False,True,,200,0.01581467199139297,0.0009950360399670899,0.13519541203277186,0.001977937004994601,0.002749984967522323,0.005032337969169021,0.15703745803330094
tier_10k,0_1438042988458.74_20150728002308-00253-ip-10-236-191-2_222600153_3.csv,5,5.0,25,282,False,True,,25,0.01581467199139297,0.0009091959800571203,0.025698071985971183,0.0010062339715659618,0.0022582790115848184,0.0034566649701446295,0.0458786049275659
tier_10k,0_1438042988458.74_20150728002308-00253-ip-10-236-191-2_222600153_3.csv,10,5.0,50,282,False,True,,50,0.01581467199139297,0.000394656031858176,0.040887325012590736,0.0015223690425045788,0.002401767997071147,0.0041882809600792825,0.061284933995921165
tier_10k,0_1438042988458.74_20150728002308-00253-ip-10-236-191-2_222600153_3.csv,20,5.0,100,282,False,True,,100,0.01581467199139297,0.0009189500124193728,0.07769195601576939,0.0019730959902517498,0.0023470890009775758,0.004692773043643683,0.09911835106322542
tier_10k,1_1438042990112.50_20150728002310-00237-ip-10-236-191-2_880298254_15.csv,5,10.0,50,365,False,True,,50,0.01794325199443847,0.0003850480425171554,0.0019438720191828907,0.0014421429950743914,0.0021532520186156034,0.0038140969700179994,0.024086269026156515
tier_10k,1_1438042990112.50_20150728002310-00237-ip-10-236-191-2_880298254_15.csv,10,10.0,100,365,False,True,,100,0.01794325199443847,0.00039438001113012433,0.0034425469930283725,0.000936078024096787,0.0017476380453445017,0.002863760048057884,0.02464393904665485
tier_10k,1_1438042990112.50_20150728002310-00237-ip-10-236-191-2_880298254_15.csv,20,10.0,200,365,False,True,,200,0.01794325199443847,0.00040861801244318485,0.006765261001419276,0.0009420530404895544,0.0020905400160700083,0.0032705870107747614,0.02838771801907569
tier_10k,1_1438042990112.50_20150728002310-00237-ip-10-236-191-2_880298254_15.csv,5,5.0,25,365,False,True,,25,0.01794325199443847,0.0005722870118916035,0.0015374220092780888,0.001450266980100423,0.0016013449640013278,0.003267022024374455,0.023319983039982617
tier_10k,1_1438042990112.50_20150728002310-00237-ip-10-236-191-2_880298254_15.csv,10,5.0,50,365,False,True,,50,0.01794325199443847,0.0005884559941478074,0.002969803987070918,0.0009963369811885059,0.0017882369575090706,0.0030128229991532862,0.02451433497481048
tier_10k,1_1438042990112.50_20150728002310-00237-ip-10-236-191-2_880298254_15.csv,20,5.0,100,365,False,True,,100,0.01794325199443847,0.0005950320046395063,0.005893444991670549,0.0010724280145950615,0.0018047599587589502,0.00312253599986434,0.027554264990612864
tier_10k,0_1438042988061.16_20150728002308-00089-ip-10-236-191-2_807127666_2.csv,5,10.0,50,324,False,True,,50,0.01765552198048681,0.0004280309658497572,0.008703560975845903,0.0010751030058600008,0.0018990340176969767,0.003215086995624006,0.030002200917806476
tier_10k,0_1438042988061.16_20150728002308-00089-ip-10-236-191-2_807127666_2.csv,10,10.0,100,324,False,True,,100,0.01765552198048681,0.001014737004879862,0.019804385025054216,0.0010874249855987728,0.002005318005103618,0.0033206240041181445,0.04179526801453903
tier_10k,0_1438042988061.16_20150728002308-00089-ip-10-236-191-2_807127666_2.csv,20,10.0,200,324,False,True,,200,0.01765552198048681,0.0008204559562727809,0.03634153096936643,0.002549714990891516,0.0034569010022096336,0.006307947973255068,0.06112545687938109
tier_10k,0_1438042988061.16_20150728002308-00089-ip-10-236-191-2_807127666_2.csv,5,5.0,25,324,False,True,,25,0.01765552198048681,0.0007332820096053183,0.007568100991193205,0.000990670989267528,0.0017227609641849995,0.0029312659753486514,0.028888170956633985
tier_10k,0_1438042988061.16_20150728002308-00089-ip-10-236-191-2_807127666_2.csv,10,5.0,50,324,False,True,,50,0.01765552198048681,0.0007388460217043757,0.012656337989028543,0.001033891981933266,0.0016182779800146818,0.002871445962227881,0.03392215195344761
tier_10k,0_1438042988061.16_20150728002308-00089-ip-10-236-191-2_807127666_2.csv,20,5.0,100,324,False,True,,100,0.01765552198048681,0.0010075420141220093,0.02011747600045055,0.001232340990100056,0.0020938109955750406,0.0035632969811558723,0.04234383697621524
tier_10k,0_1438042988458.74_20150728002308-00060-ip-10-236-191-2_492355315_1.csv,5,10.0,50,525,False,True,,50,0.016772649018093944,0.0007560239755548537,0.012851996987592429,0.0013132760068401694,0.0017852470045909286,0.0033422179985791445,0.03372288797982037
tier_10k,0_1438042988458.74_20150728002308-00060-ip-10-236-191-2_492355315_1.csv,10,10.0,100,525,False,True,,100,0.016772649018093944,0.0013067930121906102,0.024535908014513552,0.0011836379999294877,0.002176394045818597,0.0035952759790234268,0.04621062602382153
tier_10k,0_1438042988458.74_20150728002308-00060-ip-10-236-191-2_492355315_1.csv,20,10.0,200,525,False,True,,200,0.016772649018093944,0.0013642320409417152,0.045649541018065065,0.0017002529930323362,0.002227018994744867,0.004214986984152347,0.06800140906125307
tier_10k,0_1438042988458.74_20150728002308-00060-ip-10-236-191-2_492355315_1.csv,5,5.0,25,525,False,True,,25,0.016772649018093944,0.001718890038318932,0.010679776023607701,0.0011100450064986944,0.0018339770031161606,0.0031262479606084526,0.03229756304062903
tier_10k,0_1438042988458.74_20150728002308-00060-ip-10-236-191-2_492355315_1.csv,10,5.0,50,525,False,True,,50,0.016772649018093944,0.0008016600040718913,0.012944640009663999,0.0009723780094645917,0.001630696002393961,0.002826641022693366,0.0333455900545232
tier_10k,0_1438042988458.74_20150728002308-00060-ip-10-236-191-2_492355315_1.csv,20,5.0,100,525,False,True,,100,0.016772649018093944,0.0013144119875505567,0.02495363901834935,0.0013547869748435915,0.0020622520241886377,0.0036539009888656437,0.046694601012859493
tier_10k,1_1438042990112.50_20150728002310-00296-ip-10-236-191-2_202658094_3.csv,5,10.0,50,366,False,True,,50,0.0156671519507654,0.0006311379838734865,0.007057932030875236,0.0011932860361412168,0.0019231059704907238,0.0033620769972912967,0.02671829896280542
tier_10k,1_1438042990112.50_20150728002310-00296-ip-10-236-191-2_202658094_3.csv,10,10.0,100,366,False,True,,100,0.0156671519507654,0.0008706439984962344,0.01728246099082753,0.0012512559769675136,0.0028770669596269727,0.004360085993539542,0.03818034293362871
tier_10k,1_1438042990112.50_20150728002310-00296-ip-10-236-191-2_202658094_3.csv,20,10.0,200,366,False,True,,200,0.0156671519507654,0.0012166129890829325,0.0285585270030424,0.0015416069654747844,0.003026628983207047,0.004854039987549186,0.05029633193043992
tier_10k,1_1438042990112.50_20150728002310-00296-ip-10-236-191-2_202658094_3.csv,5,5.0,25,366,False,True,,25,0.0156671519507654,0.0008700559847056866,0.006490289990324527,0.0010645659640431404,0.0017182069714181125,0.0030022080172784626,0.026029705943074077
tier_10k,1_1438042990112.50_20150728002310-00296-ip-10-236-191-2_202658094_3.csv,10,5.0,50,366,False,True,,50,0.0156671519507654,0.0010800359887070954,0.010876007028855383,0.0012474220129661262,0.0019083299557678401,0.0033783449907787144,0.031001539959106594
tier_10k,1_1438042990112.50_20150728002310-00296-ip-10-236-191-2_202658094_3.csv,20,5.0,100,366,False,True,,100,0.0156671519507654,0.0008529490442015231,0.016767995024565607,0.0009275269694626331,0.0020202890154905617,0.0031668990268372,0.03645499504636973
tier_10k,1_1438042988061.16_20150728002308-00013-ip-10-236-191-2_636339982_0.csv,5,10.0,50,525,False,True,,50,0.013981577998492867,0.0007517859921790659,0.013112721964716911,0.0012468519853428006,0.0022769069764763117,0.0037715230137109756,0.03161760896909982
tier_10k,1_1438042988061.16_20150728002308-00013-ip-10-236-191-2_636339982_0.csv,10,10.0,100,525,False,True,,100,0.013981577998492867,0.0013149119913578033,0.024460143002215773,0.0012691979645751417,0.004009408003184944,0.00552965298993513,0.04528628598200157
tier_10k,1_1438042988061.16_20150728002308-00013-ip-10-236-191-2_636339982_0.csv,20,10.0,200,525,False,True,,200,0.013981577998492867,0.0013782890164293349,0.04541809298098087,0.0014387539704330266,0.0024458590196445584,0.0041735279955901206,0.0649514879914932
tier_10k,1_1438042988061.16_20150728002308-00013-ip-10-236-191-2_636339982_0.csv,5,5.0,25,525,False,True,,25,0.013981577998492867,0.0018561440519988537,0.010829162027221173,0.0009424189920537174,0.0014082730049267411,0.0025325309834443033,0.029199415061157197
tier_10k,1_1438042988061.16_20150728002308-00013-ip-10-236-191-2_636339982_0.csv,10,5.0,50,525,False,True,,50,0.013981577998492867,0.0007790999952703714,0.012972352968063205,0.0010675779776647687,0.0015821430133655667,0.0028682209667749703,0.030601251928601414
tier_10k,1_1438042988061.16_20150728002308-00013-ip-10-236-191-2_636339982_0.csv,20,5.0,100,525,False,True,,100,0.013981577998492867,0.0013055679737590253,0.02508666703943163,0.0010027880198322237,0.0022671500337310135,0.0034888010122813284,0.04386261402396485
tier_10k,1_1438042987127.36_20150728002307-00294-ip-10-236-191-2_390417830_16.csv,5,10.0,50,346,False,True,,50,0.015285297005902976,0.0003442050074227154,0.009370551037136465,0.0012770789908245206,0.001711374963633716,0.0032368770334869623,0.02823693008394912
tier_10k,1_1438042987127.36_20150728002307-00294-ip-10-236-191-2_390417830_16.csv,10,10.0,100,346,False,True,,100,0.015285297005902976,0.0005832489696331322,0.021755088993813843,0.0013023109640926123,0.002011439995840192,0.003545161976944655,0.041168796946294606
tier_10k,1_1438042987127.36_20150728002307-00294-ip-10-236-191-2_390417830_16.csv,20,10.0,200,346,False,True,,200,0.015285297005902976,0.0009111459949053824,0.03549168800236657,0.0013899559853598475,0.0029259879956953228,0.004587286035530269,0.0562754170387052
tier_10k,1_1438042987127.36_20150728002307-00294-ip-10-236-191-2_390417830_16.csv,5,5.0,25,346,False,True,,25,0.015285297005902976,0.0006014719838276505,0.008681538980454206,0.0010412409901618958,0.001631828024983406,0.0028768869815394282,0.02744519495172426
tier_10k,1_1438042987127.36_20150728002307-00294-ip-10-236-191-2_390417830_16.csv,10,5.0,50,346,False,True,,50,0.015285297005902976,0.0005617190035991371,0.012886487995274365,0.0009754350176081061,0.0016291129868477583,0.0028260889812372625,0.03155959298601374
tier_10k,1_1438042987127.36_20150728002307-00294-ip-10-236-191-2_390417830_16.csv,20,5.0,100,346,False,True,,100,0.015285297005902976,0.0005769209819845855,0.021568534953985363,0.0013167409924790263,0.0022025529760867357,0.003746880975086242,0.041177633916959167
tier_10k,0_1438042988458.74_20150728002308-00254-ip-10-236-191-2_909417374_257.csv,5,10.0,50,326,False,True,,50,0.012205481994897127,0.0003387430333532393,0.0017939060344360769,0.0013084459933452308,0.0016401620232500136,0.0031539739575237036,0.017492105020210147
tier_10k,0_1438042988458.74_20150728002308-00254-ip-10-236-191-2_909417374_257.csv,10,10.0,100,326,False,True,,100,0.012205481994897127,0.0003623559605330229,0.005428682023193687,0.0012995150173082948,0.001634554995689541,0.0031439440208487213,0.02114046399947256
tier_10k,0_1438042988458.74_20150728002308-00254-ip-10-236-191-2_909417374_257.csv,20,10.0,200,326,False,True,,200,0.012205481994897127,0.0003729269956238568,0.006752875982783735,0.0010070470161736012,0.002002111985348165,0.003244392981287092,0.02257567795459181
tier_10k,0_1438042988458.74_20150728002308-00254-ip-10-236-191-2_909417374_257.csv,5,5.0,25,326,False,True,,25,0.012205481994897127,0.0005200529703870416,0.0015339469537138939,0.0010280490387231112,0.0017925560241565108,0.003096365020610392,0.017355846939608455
tier_10k,0_1438042988458.74_20150728002308-00254-ip-10-236-191-2_909417374_257.csv,10,5.0,50,326,False,True,,50,0.012205481994897127,0.0005334389861673117,0.002971166977658868,0.000970558961853385,0.0015519100124947727,0.002760114031843841,0.018470201990567148
tier_10k,0_1438042988458.74_20150728002308-00254-ip-10-236-191-2_909417374_257.csv,20,5.0,100,326,False,True,,100,0.012205481994897127,0.0005474539939314127,0.005908922990784049,0.0010364879854023457,0.0017033310141414404,0.0029854620224796236,0.021647321002092212
tier_10k,0_1438042988061.16_20150728002308-00101-ip-10-236-191-2_653250037_0.csv,5,10.0,50,362,False,True,,50,0.015031933027785271,0.0006316859507933259,0.011279365979135036,0.001323556003626436,0.0020555219962261617,0.003629086015280336,0.03057207097299397
tier_10k,0_1438042988061.16_20150728002308-00101-ip-10-236-191-2_653250037_0.csv,10,10.0,100,362,False,True,,100,0.015031933027785271,0.0011250849929638207,0.025025813025422394,0.0012935239938087761,0.0022704750299453735,0.0038056810153648257,0.04498851206153631
tier_10k,0_1438042988061.16_20150728002308-00101-ip-10-236-191-2_653250037_0.csv,20,10.0,200,362,False,True,,200,0.015031933027785271,0.0011920940014533699,0.04162387701217085,0.0012631260324269533,0.002752027998212725,0.004304314032196999,0.06215221807360649
tier_10k,0_1438042988061.16_20150728002308-00101-ip-10-236-191-2_653250037_0.csv,5,5.0,25,362,False,True,,25,0.015031933027785271,0.0011516610393300653,0.009382042975630611,0.0011718859896063805,0.001608627033419907,0.002967572014313191,0.02853320905705914
tier_10k,0_1438042988061.16_20150728002308-00101-ip-10-236-191-2_653250037_0.csv,10,5.0,50,362,False,True,,50,0.015031933027785271,0.0006463179597631097,0.011194363993126899,0.0009212900185957551,0.0017173009691759944,0.0028297260287217796,0.02970234100939706
tier_10k,0_1438042988061.16_20150728002308-00101-ip-10-236-191-2_653250037_0.csv,20,5.0,100,362,False,True,,100,0.015031933027785271,0.0006632659933529794,0.020471689000260085,0.0011007320135831833,0.0022084470256231725,0.003560887009371072,0.03972777503076941
tier_10k,0_1438042988458.74_20150728002308-00046-ip-10-236-191-2_428007644_11.csv,5,10.0,50,368,False,True,,50,0.013237101025879383,0.0005081600393168628,0.012891413003671914,0.0013741970178671181,0.0028911710251122713,0.004512061015702784,0.031148735084570944
tier_10k,0_1438042988458.74_20150728002308-00046-ip-10-236-191-2_428007644_11.csv,10,10.0,100,368,False,True,,100,0.013237101025879383,0.0005995759856887162,0.026048612024169415,0.0010221039992757142,0.0020509440219029784,0.0033091239747591317,0.043194413010496646
tier_10k,0_1438042988458.74_20150728002308-00046-ip-10-236-191-2_428007644_11.csv,20,10.0,200,368,False,True,,200,0.013237101025879383,0.00095247698482126,0.0481821569846943,0.00167221698211506,0.00391685904469341,0.0058741369866766036,0.06824587198207155
tier_10k,0_1438042988458.74_20150728002308-00046-ip-10-236-191-2_428007644_11.csv,5,5.0,25,368,False,True,,25,0.013237101025879383,0.0008749800035730004,0.00995070900535211,0.000857788952998817,0.0016212870250456035,0.002703276986721903,0.026766067021526396
tier_10k,0_1438042988458.74_20150728002308-00046-ip-10-236-191-2_428007644_11.csv,10,5.0,50,368,False,True,,50,0.013237101025879383,0.0008702080231159925,0.01686215604422614,0.0008739730110391974,0.0017832349985837936,0.0028768620104528964,0.03384632710367441
tier_10k,0_1438042988458.74_20150728002308-00046-ip-10-236-191-2_428007644_11.csv,20,5.0,100,368,False,True,,100,0.013237101025879383,0.0006036940030753613,0.027136182005051523,0.0011328930268064141,0.002009834977798164,0.0033777690259739757,0.04435474605998024
tier_10k,1_1438042987127.36_20150728002307-00290-ip-10-236-191-2_469307566_0.csv,5,10.0,50,495,False,True,,50,0.013882311002817005,0.0007075989851728082,0.024588536005467176,0.001262834994122386,0.0017373370355926454,0.0032512210309505463,0.042429667024407536
tier_10k,1_1438042987127.36_20150728002307-00290-ip-10-236-191-2_469307566_0.csv,10,10.0,100,495,False,True,,100,0.013882311002817005,0.001229245972353965,0.047699124028440565,0.0012640039785765111,0.0020067309960722923,0.0035121190012432635,0.0663228000048548
tier_10k,1_1438042987127.36_20150728002307-00290-ip-10-236-191-2_469307566_0.csv,20,10.0,200,495,False,True,,200,0.013882311002817005,0.0012811610358767211,0.0859159340034239,0.0019620429957285523,0.0024504410102963448,0.004695522948168218,0.10577492899028584
tier_10k,1_1438042987127.36_20150728002307-00290-ip-10-236-191-2_469307566_0.csv,5,5.0,25,495,False,True,,25,0.013882311002817005,0.0012229880085214972,0.019391093985177577,0.0011069729807786644,0.0018946949858218431,0.0032241789740510285,0.03772057197056711
tier_10k,1_1438042987127.36_20150728002307-00290-ip-10-236-191-2_469307566_0.csv,10,5.0,50,495,False,True,,50,0.013882311002817005,0.0012152550043538213,0.027635610022116452,0.0011424320400692523,0.001746320049278438,0.003124652022961527,0.045857828052248806
tier_10k,1_1438042987127.36_20150728002307-00290-ip-10-236-191-2_469307566_0.csv,20,5.0,100,495,False,True,,100,0.013882311002817005,0.00124108704039827,0.04730997997103259,0.001330810016952455,0.002288541989400983,0.003862661018501967,0.06629603903274983
tier_10k,1_1438042990112.50_20150728002310-00062-ip-10-236-191-2_896744244_9.csv,5,10.0,50,326,False,True,,50,0.012660741980653256,0.0003281469689682126,0.0017801849753595889,0.0013286140165291727,0.002203690994065255,0.0037542979698628187,0.018523371894843876
tier_10k,1_1438042990112.50_20150728002310-00062-ip-10-236-191-2_896744244_9.csv,10,10.0,100,326,False,True,,100,0.012660741980653256,0.00035898498026654124,0.003263648017309606,0.0008394610485993326,0.0016357300337404013,0.0026564199943095446,0.018939794972538948
tier_10k,1_1438042990112.50_20150728002310-00062-ip-10-236-191-2_896744244_9.csv,20,10.0,200,326,False,True,,200,0.012660741980653256,0.00036110501969233155,0.006397048011422157,0.0009481769520789385,0.0028313089860603213,0.004020621010567993,0.023439516022335738
tier_10k,1_1438042990112.50_20150728002310-00062-ip-10-236-191-2_896744244_9.csv,5,5.0,25,326,False,True,,25,0.012660741980653256,0.0005542990402318537,0.001674870029091835,0.0009419069974683225,0.0017702379846014082,0.002935066004283726,0.01782497705426067
tier_10k,1_1438042990112.50_20150728002310-00062-ip-10-236-191-2_896744244_9.csv,10,5.0,50,326,False,True,,50,0.012660741980653256,0.0005314440350048244,0.002968283952213824,0.0010173399932682514,0.001974760030861944,0.003222680010367185,0.01938314997823909
tier_10k,1_1438042990112.50_20150728002310-00062-ip-10-236-191-2_896744244_9.csv,20,5.0,100,326,False,True,,100,0.012660741980653256,0.0005410350277088583,0.005900690041016787,0.0010474100126884878,0.0019490940030664206,0.003243471961468458,0.02234593901084736
tier_10k,1_1438042990112.50_20150728002310-00225-ip-10-236-191-2_718036865_0.csv,5,10.0,50,309,False,True,,50,0.014939008979126811,0.00041076098568737507,0.005205265013501048,0.001121064997278154,0.0019540400244295597,0.0033026160090230405,0.023857650987338275
tier_10k,1_1438042990112.50_20150728002310-00225-ip-10-236-191-2_718036865_0.csv,10,10.0,100,309,False,True,,100,0.014939008979126811,0.000719468982424587,0.013313086004927754,0.0009914900292642415,0.0019998900243081152,0.003222864994313568,0.03219442896079272
tier_10k,1_1438042990112.50_20150728002310-00225-ip-10-236-191-2_718036865_0.csv,20,10.0,200,309,False,True,,200,0.014939008979126811,0.0010382080217823386,0.023356269986834377,0.0013923229998908937,0.0024087129859253764,0.004067655012477189,0.043401142000220716
tier_10k,1_1438042990112.50_20150728002310-00225-ip-10-236-191-2_718036865_0.csv,5,5.0,25,309,False,True,,25,0.014939008979126811,0.0008741539786569774,0.00474295299500227,0.0009334139758720994,0.0017119270050898194,0.0028482460184022784,0.023404361971188337
tier_10k,1_1438042990112.50_20150728002310-00225-ip-10-236-191-2_718036865_0.csv,10,5.0,50,309,False,True,,50,0.014939008979126811,0.00040312198689207435,0.004917379003018141,0.0009116099681705236,0.0015503370086662471,0.0026533870259299874,0.022912896994967014
tier_10k,1_1438042990112.50_20150728002310-00225-ip-10-236-191-2_718036865_0.csv,20,5.0,100,309,False,True,,100,0.014939008979126811,0.0007023420184850693,0.013465493044350296,0.0010952960001304746,0.0021965670166537166,0.003502472012769431,0.03260931605473161
tier_10k,0_1438042988061.16_20150728002308-00189-ip-10-236-191-2_414087396_10.csv,5,10.0,50,240,False,True,,50,0.013845203968230635,0.00040120998164638877,0.0063627639901824296,0.0012484799954108894,0.0022366390330716968,0.0037696989602409303,0.024378876900300384
tier_10k,0_1438042988061.16_20150728002308-00189-ip-10-236-191-2_414087396_10.csv,10,10.0,100,240,False,True,,100,0.013845203968230635,0.0007216600351966918,0.015209887002129108,0.0011387920239940286,0.0020149819902144372,0.0033759569632820785,0.03315270796883851
tier_10k,0_1438042988061.16_20150728002308-00189-ip-10-236-191-2_414087396_10.csv,20,10.0,200,240,False,True,,200,0.013845203968230635,0.0006189429550431669,0.024286352971103042,0.0011729649850167334,0.002125775965396315,0.003545583051163703,0.04229608294554055
tier_10k,0_1438042988061.16_20150728002308-00189-ip-10-236-191-2_414087396_10.csv,5,5.0,25,240,False,True,,25,0.013845203968230635,0.0004962420207448304,0.00832875701598823,0.0009723910479806364,0.0015493030077777803,0.002725880010984838,0.025396083015948534
tier_10k,0_1438042988061.16_20150728002308-00189-ip-10-236-191-2_414087396_10.csv,10,5.0,50,240,False,True,,50,0.013845203968230635,0.000679338991176337,0.01025215198751539,0.0011857179924845695,0.0023169589694589376,0.0037682700203731656,0.028544964967295527
tier_10k,0_1438042988061.16_20150728002308-00189-ip-10-236-191-2_414087396_10.csv,20,5.0,100,240,False,True,,100,0.013845203968230635,0.0007089150021784008,0.014390708005521446,0.0010205720318481326,0.0018750580493360758,0.0031158429919742048,0.03206066996790469
tier_10k,0_1438042988061.16_20150728002308-00144-ip-10-236-191-2_279381280_30.csv,5,10.0,50,434,False,True,,50,0.023938064987305552,0.0005925940349698067,0.011624228034634143,0.0013261709827929735,0.0019058469915762544,0.003477259015198797,0.0396321460721083
tier_10k,0_1438042988061.16_20150728002308-00144-ip-10-236-191-2_279381280_30.csv,10,10.0,100,434,False,True,,100,0.023938064987305552,0.0013381660101003945,0.026242938998620957,0.0011102879652753472,0.0019406569772399962,0.0032897110213525593,0.05480888101737946
tier_10k,0_1438042988061.16_20150728002308-00144-ip-10-236-191-2_279381280_30.csv,20,10.0,200,434,False,True,,200,0.023938064987305552,0.0014514689682982862,0.047394676017574966,0.001637728011701256,0.0024000569828785956,0.00429807702312246,0.07708228699630126
tier_10k,0_1438042988061.16_20150728002308-00144-ip-10-236-191-2_279381280_30.csv,5,5.0,25,434,False,True,,25,0.023938064987305552,0.001293092966079712,0.009156532003544271,0.001051650964654982,0.001467821013648063,0.002726905979216099,0.03711459593614563
tier_10k,0_1438042988061.16_20150728002308-00144-ip-10-236-191-2_279381280_30.csv,10,5.0,50,434,False,True,,50,0.023938064987305552,0.0009885819745250046,0.015479077002964914,0.0009585730149410665,0.001971197023522109,0.0031269590253941715,0.04353268299018964
tier_10k,0_1438042988061.16_20150728002308-00144-ip-10-236-191-2_279381280_30.csv,20,5.0,100,434,False,True,,100,0.023938064987305552,0.0014248790103010833,0.026040819997433573,0.00125442398712039,0.0017545149894431233,0.0032377619645558298,0.05464152595959604
tier_10k,1_1438042990112.50_20150728002310-00081-ip-10-236-191-2_890934925_129.csv,5,10.0,50,327,False,True,,50,0.02188060898333788,0.0003443069872446358,0.0018007109756581485,0.0011621529702097178,0.001885158009827137,0.0032950949971564114,0.027320721943397075
tier_10k,1_1438042990112.50_20150728002310-00081-ip-10-236-191-2_890934925_129.csv,10,10.0,100,327,False,True,,100,0.02188060898333788,0.0005733059952035546,0.005977868044283241,0.001129060983657837,0.0019658570527099073,0.003354093001689762,0.03178587602451444
tier_10k,1_1438042990112.50_20150728002310-00081-ip-10-236-191-2_890934925_129.csv,20,10.0,200,327,False,True,,200,0.02188060898333788,0.0005957059911452234,0.010361469991039485,0.0009985640062950552,0.00322040100581944,0.004456277994904667,0.037294062960427254
tier_10k,1_1438042990112.50_20150728002310-00081-ip-10-236-191-2_890934925_129.csv,5,5.0,25,327,False,True,,25,0.02188060898333788,0.0005181769956834614,0.0015376549563370645,0.0009051139932125807,0.0018220869824290276,0.002940158999990672,0.026876599935349077
tier_10k,1_1438042990112.50_20150728002310-00081-ip-10-236-191-2_890934925_129.csv,10,5.0,50,327,False,True,,50,0.02188060898333788,0.000517766980919987,0.0016706650494597852,0.000724207959137857,0.0013912830036133528,0.0022798869758844376,0.02634892798960209
tier_10k,1_1438042990112.50_20150728002310-00081-ip-10-236-191-2_890934925_129.csv,20,5.0,100,327,False,True,,100,0.02188060898333788,0.0003439459833316505,0.0032365579972974956,0.0008199120056815445,0.0016091970028355718,0.002606505004223436,0.02806761796819046
tier_10k,0_1438042988061.16_20150728002308-00133-ip-10-236-191-2_59742533_2.csv,5,10.0,50,262,False,True,,50,0.013841382984537631,0.0003746019792743027,0.010306607000529766,0.001207390974741429,0.001779385027475655,0.0032280460000038147,0.027750637964345515
tier_10k,0_1438042988061.16_20150728002308-00133-ip-10-236-191-2_59742533_2.csv,10,10.0,100,262,False,True,,100,0.013841382984537631,0.0006532619590871036,0.022059048991650343,0.0011218009749427438,0.0018994840211234987,0.0032405240344814956,0.03979421796975657
tier_10k,0_1438042988061.16_20150728002308-00133-ip-10-236-191-2_59742533_2.csv,20,10.0,200,262,False,True,,200,0.013841382984537631,0.0006941809551790357,0.03757180698448792,0.0012374909711070359,0.002870516967959702,0.004383826977573335,0.05649119790177792
tier_10k,0_1438042988061.16_20150728002308-00133-ip-10-236-191-2_59742533_2.csv,5,5.0,25,262,False,True,,25,0.013841382984537631,0.0004493260057643056,0.009258191043045372,0.0008786239777691662,0.0018704550457186997,0.002961933030746877,0.026510833064094186
tier_10k,0_1438042988061.16_20150728002308-00133-ip-10-236-191-2_59742533_2.csv,10,5.0,50,262,False,True,,50,0.013841382984537631,0.0007017589523456991,0.01355411997064948,0.0009004779858514667,0.0019382130121812224,0.003052480984479189,0.031149742892012
tier_10k,0_1438042988061.16_20150728002308-00133-ip-10-236-191-2_59742533_2.csv,20,5.0,100,262,False,True,,100,0.013841382984537631,0.0006393499788828194,0.021460431977175176,0.0010521810036152601,0.002149045991245657,0.003427176969125867,0.039368341909721494
tier_10k,1_1438042990112.50_20150728002310-00259-ip-10-236-191-2_889779227_121.csv,5,10.0,50,365,False,True,,50,0.013059104036074132,0.000371636007912457,0.0018074449617415667,0.001370144949760288,0.0016850910033099353,0.0032993899658322334,0.01853757497156039
tier_10k,1_1438042990112.50_20150728002310-00259-ip-10-236-191-2_889779227_121.csv,10,10.0,100,365,False,True,,100,0.013059104036074132,0.0006266589625738561,0.006030233984347433,0.0011258849990554154,0.00182810501428321,0.0032046129927039146,0.022920609975699335
tier_10k,1_1438042990112.50_20150728002310-00259-ip-10-236-191-2_889779227_121.csv,20,10.0,200,365,False,True,,200,0.013059104036074132,0.0006418800330720842,0.010397937032394111,0.0012962589971721172,0.0026296770083718,0.004163926001638174,0.0282628471031785
tier_10k,1_1438042990112.50_20150728002310-00259-ip-10-236-191-2_889779227_121.csv,5,5.0,25,365,False,True,,25,0.013059104036074132,0.0005812890012748539,0.0015363229904323816,0.0010014199651777744,0.0018917370471172035,0.0031046210206113756,0.018281337048392743
tier_10k,1_1438042990112.50_20150728002310-00259-ip-10-236-191-2_889779227_121.csv,10,5.0,50,365,False,True,,50,0.013059104036074132,0.0005952519713900983,0.0018600919866003096,0.0007876590243540704,0.001562654972076416,0.0025359299615956843,0.018050377955660224
tier_10k,1_1438042990112.50_20150728002310-00259-ip-10-236-191-2_889779227_121.csv,20,5.0,100,365,False,True,,100,0.013059104036074132,0.00038733199471607804,0.0032246499904431403,0.0008002820541150868,0.0014548019971698523,0.002431884000543505,0.019102970021776855
tier_10k,0_1438042988458.74_20150728002308-00262-ip-10-236-191-2_380524338_2.csv,5,10.0,50,489,False,True,,50,0.014955677965190262,0.0008539709961041808,0.005651318992022425,0.0014036200009286404,0.002140462980605662,0.003821924969088286,0.025282892922405154
tier_10k,0_1438042988458.74_20150728002308-00262-ip-10-236-191-2_380524338_2.csv,10,10.0,100,489,False,True,,100,0.014955677965190262,0.0015073100221343338,0.013892902003135532,0.0011871859896928072,0.0022496129968203604,0.003660008020233363,0.03401589801069349
tier_10k,0_1438042988458.74_20150728002308-00262-ip-10-236-191-2_380524338_2.csv,20,10.0,200,489,False,True,,200,0.014955677965190262,0.00118589197518304,0.023298475018236786,0.0014981820131652057,0.0029438469791784883,0.004710908979177475,0.04415095393778756
tier_10k,0_1438042988458.74_20150728002308-00262-ip-10-236-191-2_380524338_2.csv,5,5.0,25,489,False,True,,25,0.014955677965190262,0.0015532510005868971,0.0059254199732095,0.0010505340178497136,0.0013406400103121996,0.002587521041277796,0.025021869980264455
tier_10k,0_1438042988458.74_20150728002308-00262-ip-10-236-191-2_380524338_2.csv,10,5.0,50,489,False,True,,50,0.014955677965190262,0.0014467499568127096,0.009205399022903293,0.0007885309751145542,0.0016926130047068,0.0026687970384955406,0.028276623983401805
tier_10k,0_1438042988458.74_20150728002308-00262-ip-10-236-191-2_380524338_2.csv,20,5.0,100,489,False,True,,100,0.014955677965190262,0.0014978860272094607,0.013589483976829797,0.0011224220506846905,0.0020013820030726492,0.00334642396774143,0.03338947193697095
tier_10k,1_1438042987127.36_20150728002307-00027-ip-10-236-191-2_67802697_2.csv,5,10.0,50,442,False,True,,50,0.014377538987901062,0.00043976097367703915,0.01314161898335442,0.001372729951981455,0.002182717027608305,0.0038116389769129455,0.031770557921845466
tier_10k,1_1438042987127.36_20150728002307-00027-ip-10-236-191-2_67802697_2.csv,10,10.0,100,442,False,True,,100,0.014377538987901062,0.0005937759997323155,0.030590582988224924,0.0014503140118904412,0.0018402879941277206,0.00354379799682647,0.04910569597268477
tier_10k,1_1438042987127.36_20150728002307-00027-ip-10-236-191-2_67802697_2.csv,20,10.0,200,442,False,True,,200,0.014377538987901062,0.0006083609769120812,0.0587153400410898,0.0016001500189304352,0.0024672799627296627,0.004351489013060927,0.07805272901896387
tier_10k,1_1438042987127.36_20150728002307-00027-ip-10-236-191-2_67802697_2.csv,5,5.0,25,442,False,True,,25,0.014377538987901062,0.0008307539974339306,0.009355782996863127,0.0009159609908238053,0.0017125749727711082,0.0028359140269458294,0.02739999000914395
tier_10k,1_1438042987127.36_20150728002307-00027-ip-10-236-191-2_67802697_2.csv,10,5.0,50,442,False,True,,50,0.014377538987901062,0.0005595259717665613,0.0163891629781574,0.001058227033354342,0.0020043450058437884,0.00327486201422289,0.034601089952047914
tier_10k,1_1438042987127.36_20150728002307-00027-ip-10-236-191-2_67802697_2.csv,20,5.0,100,442,False,True,,100,0.014377538987901062,0.0005739760235883296,0.04069528100080788,0.001498093013651669,0.002399751974735409,0.00417706900043413,0.0598238650127314
tier_10k,0_1438042988458.74_20150728002308-00175-ip-10-236-191-2_385639780_18.csv,5,10.0,50,398,False,True,,50,0.015001152001786977,0.0008990929927676916,0.010166659019887447,0.0013654690119437873,0.0021998740267008543,0.003817029995843768,0.029883934010285884
tier_10k,0_1438042988458.74_20150728002308-00175-ip-10-236-191-2_385639780_18.csv,10,10.0,100,398,False,True,,100,0.015001152001786977,0.0007045739912427962,0.0210235079866834,0.0010039560147561133,0.002096194017212838,0.0033666910021565855,0.04009592498186976
tier_10k,0_1438042988458.74_20150728002308-00175-ip-10-236-191-2_385639780_18.csv,20,10.0,200,398,False,True,,200,0.015001152001786977,0.00099843495991081,0.03913585899863392,0.0013786220224574208,0.0029027300188317895,0.004535417014267296,0.059670862974599004
tier_10k,0_1438042988458.74_20150728002308-00175-ip-10-236-191-2_385639780_18.csv,5,5.0,25,398,False,True,,25,0.015001152001786977,0.0006698170327581465,0.005104487994685769,0.0009863070445135236,0.002148748026229441,0.0033425569999963045,0.024118014029227197
tier_10k,0_1438042988458.74_20150728002308-00175-ip-10-236-191-2_385639780_18.csv,10,5.0,50,398,False,True,,50,0.015001152001786977,0.000878610007930547,0.009928352024871856,0.000883879023604095,0.002194623986724764,0.0032788339885883033,0.029086948023177683
tier_10k,0_1438042988458.74_20150728002308-00175-ip-10-236-191-2_385639780_18.csv,20,5.0,100,398,False,True,,100,0.015001152001786977,0.0007061120122671127,0.020470638992264867,0.0011362539953552186,0.0023183980374597013,0.0036872689961455762,0.03986517200246453
tier_10k,0_1438042988458.74_20150728002308-00303-ip-10-236-191-2_56708567_9.csv,5,10.0,50,520,False,True,,50,0.015527497045695782,0.0011393000022508204,0.013469287019688636,0.0015386960003525019,0.0025532590225338936,0.0044586629956029356,0.034594747063238174
tier_10k,0_1438042988458.74_20150728002308-00303-ip-10-236-191-2_56708567_9.csv,10,10.0,100,520,False,True,,100,0.015527497045695782,0.0013621019897982478,0.022846185020171106,0.0019669809844344854,0.0031044239876791835,0.005412164027802646,0.04514794808346778
tier_10k,0_1438042988458.74_20150728002308-00303-ip-10-236-191-2_56708567_9.csv,20,10.0,200,520,False,True,,200,0.015527497045695782,0.002167714003007859,0.06660549202933908,0.0018606369849294424,0.002999452000949532,0.005163943045772612,0.08946464612381533
tier_10k,0_1438042988458.74_20150728002308-00303-ip-10-236-191-2_56708567_9.csv,5,5.0,25,520,False,True,,25,0.015527497045695782,0.000939553021453321,0.005862238991539925,0.0009178610052913427,0.0018337780493311584,0.002970706031192094,0.025299995089881122
tier_10k,0_1438042988458.74_20150728002308-00303-ip-10-236-191-2_56708567_9.csv,10,5.0,50,520,False,True,,50,0.015527497045695782,0.0012028210330754519,0.011245105997659266,0.0010337270214222372,0.0023641829611733556,0.0036093270173296332,0.03158475109376013
tier_10k,0_1438042988458.74_20150728002308-00303-ip-10-236-191-2_56708567_9.csv,20,5.0,100,520,False,True,,100,0.015527497045695782,0.0011874569463543594,0.022247609973419458,0.0010869679972529411,0.002581205975729972,0.003922041039913893,0.04288460500538349
tier_10k,0_1438042988458.74_20150728002308-00063-ip-10-236-191-2_657101208_1.csv,5,10.0,50,371,False,True,,50,0.017727682017721236,0.0004559700028039515,0.014842170989140868,0.001947623968590051,0.0020020229858346283,0.004235272004734725,0.03726109501440078
tier_10k,0_1438042988458.74_20150728002308-00063-ip-10-236-191-2_657101208_1.csv,10,10.0,100,371,False,True,,100,0.017727682017721236,0.0007758209831081331,0.03052374901017174,0.0012185259838588536,0.0024993319530040026,0.003989560005720705,0.053016812016721815
tier_10k,0_1438042988458.74_20150728002308-00063-ip-10-236-191-2_657101208_1.csv,20,10.0,200,371,False,True,,200,0.017727682017721236,0.0012006100150756538,0.053656481963116676,0.0013017579913139343,0.003180038998834789,0.004786683013662696,0.07737145700957626
tier_10k,0_1438042988458.74_20150728002308-00063-ip-10-236-191-2_657101208_1.csv,5,5.0,25,371,False,True,,25,0.017727682017721236,0.0007475189631804824,0.009824916021898389,0.0010393389966338873,0.002262529043946415,0.0035401739878579974,0.031840290990658104
tier_10k,0_1438042988458.74_20150728002308-00063-ip-10-236-191-2_657101208_1.csv,10,5.0,50,371,False,True,,50,0.017727682017721236,0.000743534998036921,0.015985536039806902,0.0011252399999648333,0.0022589830332435668,0.0036183029878884554,0.038075056043453515
tier_10k,0_1438042988458.74_20150728002308-00063-ip-10-236-191-2_657101208_1.csv,20,5.0,100,371,False,True,,100,0.017727682017721236,0.0007570030284114182,0.030454144987743348,0.0014219050062820315,0.0023953610216267407,0.004068388021551073,0.053007218055427074
tier_10k,1_1438042990112.50_20150728002310-00190-ip-10-236-191-2_436521753_9.csv,5,10.0,50,284,False,True,,50,0.017194407992064953,0.0006128840032033622,0.05624052899656817,0.001495069998782128,0.00230213301256299,0.004049537994433194,0.07809735898626968
tier_10k,1_1438042990112.50_20150728002310-00190-ip-10-236-191-2_436521753_9.csv,10,10.0,100,284,False,True,,100,0.017194407992064953,0.0008215429843403399,0.09397080598864704,0.0012821139534935355,0.0025193370529450476,0.0040851550293155015,0.11607191199436784
tier_10k,1_1438042990112.50_20150728002310-00190-ip-10-236-191-2_436521753_9.csv,20,10.0,200,284,False,True,,200,0.017194407992064953,0.0012336329673416913,0.16500532202189788,0.0021883929730392992,0.003028252045623958,0.005545994034036994,0.18897935701534152
tier_10k,1_1438042990112.50_20150728002310-00190-ip-10-236-191-2_436521753_9.csv,5,5.0,25,284,False,True,,25,0.017194407992064953,0.0007922090007923543,0.02747068100143224,0.0009405079763382673,0.0019527789554558694,0.0031095470185391605,0.04856684501282871
tier_10k,1_1438042990112.50_20150728002310-00190-ip-10-236-191-2_436521753_9.csv,10,5.0,50,284,False,True,,50,0.017194407992064953,0.0006290849996730685,0.05464848002884537,0.0016512629808858037,0.0024806989822536707,0.004379120015073568,0.07685109303565696
tier_10k,1_1438042990112.50_20150728002310-00190-ip-10-236-191-2_436521753_9.csv,20,5.0,100,284,False,True,,100,0.017194407992064953,0.0008831329760141671,0.0923208820167929,0.0021453980007208884,0.0028139870264567435,0.0052717300131917,0.11567015299806371
tier_10k,1_1438042987127.36_20150728002307-00214-ip-10-236-191-2_225430488_0.csv,5,10.0,50,515,False,True,,50,0.017334326985292137,0.0011653260444290936,0.013082149962428957,0.0014162290026433766,0.0025678660022094846,0.0042696279706433415,0.03585143096279353
tier_10k,1_1438042987127.36_20150728002307-00214-ip-10-236-191-2_225430488_0.csv,10,10.0,100,515,False,True,,100,0.017334326985292137,0.0020602360018529,0.02680326596600935,0.0013734959647990763,0.002277701045386493,0.003941275994293392,0.05013910494744778
tier_10k,1_1438042987127.36_20150728002307-00214-ip-10-236-191-2_225430488_0.csv,20,10.0,200,515,False,True,,200,0.017334326985292137,0.0021624069777317345,0.0446282199700363,0.001567511004395783,0.003000166965648532,0.0048904879949986935,0.06901544192805886
tier_10k,1_1438042987127.36_20150728002307-00214-ip-10-236-191-2_225430488_0.csv,5,5.0,25,515,False,True,,25,0.017334326985292137,0.002483670017682016,0.008641849970445037,0.0010660950210876763,0.0018528110231272876,0.003150717995595187,0.031610564969014376
tier_10k,1_1438042987127.36_20150728002307-00214-ip-10-236-191-2_225430488_0.csv,10,5.0,50,515,False,True,,50,0.017334326985292137,0.0012043379829265177,0.012886711047030985,0.0009270979790017009,0.0017260360182262957,0.0028949130210094154,0.034320289036259055
tier_10k,1_1438042987127.36_20150728002307-00214-ip-10-236-191-2_225430488_0.csv,20,5.0,100,515,False,True,,100,0.017334326985292137,0.0020576950046233833,0.024721522990148515,0.001276521012187004,0.0027372600161470473,0.004263522976543754,0.04837706795660779
tier_10k,0_1438042988061.16_20150728002308-00047-ip-10-236-191-2_843664602_0.csv,5,10.0,50,363,False,True,,50,0.015417557035107166,0.0006230970029719174,0.021610351046547294,0.0015043870080262423,0.002234379993751645,0.004020634980406612,0.04167164006503299
tier_10k,0_1438042988061.16_20150728002308-00047-ip-10-236-191-2_843664602_0.csv,10,10.0,100,363,False,True,,100,0.015417557035107166,0.0010581740061752498,0.04067284497432411,0.0019367840141057968,0.0023768969695083797,0.004610915028024465,0.06175949104363099
tier_10k,0_1438042988061.16_20150728002308-00047-ip-10-236-191-2_843664602_0.csv,20,10.0,200,363,False,True,,200,0.015417557035107166,0.0011468130396679044,0.07203223800752312,0.002077352022752166,0.003274114045780152,0.00567457900615409,0.09427118708845228
tier_10k,0_1438042988061.16_20150728002308-00047-ip-10-236-191-2_843664602_0.csv,5,5.0,25,363,False,True,,25,0.015417557035107166,0.0013484680093824863,0.014793599024415016,0.0010282620205543935,0.002184599987231195,0.003441308974288404,0.03500093304319307
tier_10k,0_1438042988061.16_20150728002308-00047-ip-10-236-191-2_843664602_0.csv,10,5.0,50,363,False,True,,50,0.015417557035107166,0.0006116019794717431,0.021789275982882828,0.0013985260156914592,0.0018865260062739253,0.003549935994669795,0.04136837099213153
tier_10k,0_1438042988061.16_20150728002308-00047-ip-10-236-191-2_843664602_0.csv,20,5.0,100,363,False,True,,100,0.015417557035107166,0.001057411020155996,0.040417183947283775,0.0013041080092079937,0.0023125470033846796,0.003878897987306118,0.060771049989853054
tier_10k,0_1438042988061.16_20150728002308-00181-ip-10-236-191-2_216538600_0.csv,5,10.0,50,434,False,True,,50,0.015387413033749908,0.00076725595863536,0.00975235499208793,0.001576374052092433,0.0019383859471417964,0.003840304969344288,0.029747328953817487
tier_10k,0_1438042988061.16_20150728002308-00181-ip-10-236-191-2_216538600_0.csv,10,10.0,100,434,False,True,,100,0.015387413033749908,0.0012939699809066951,0.020244441984687,0.0012977540027350187,0.0022914240253157914,0.00386186403920874,0.040787689038552344
tier_10k,0_1438042988061.16_20150728002308-00181-ip-10-236-191-2_216538600_0.csv,20,10.0,200,434,False,True,,200,0.015387413033749908,0.0013563199900090694,0.034994131012354046,0.001542329031508416,0.0027506499900482595,0.00460441701579839,0.056342281051911414
tier_10k,0_1438042988061.16_20150728002308-00181-ip-10-236-191-2_216538600_0.csv,5,5.0,25,434,False,True,,25,0.015387413033749908,0.0012494749971665442,0.007555657997727394,0.001040069037117064,0.0026810510316863656,0.0039642060291953385,0.028156752057839185
tier_10k,0_1438042988061.16_20150728002308-00181-ip-10-236-191-2_216538600_0.csv,10,5.0,50,434,False,True,,50,0.015387413033749908,0.001264215970877558,0.010965068009682,0.001187733025290072,0.0022847799700684845,0.0037278769887052476,0.031344574003014714
tier_10k,0_1438042988061.16_20150728002308-00181-ip-10-236-191-2_216538600_0.csv,20,5.0,100,434,False,True,,100,0.015387413033749908,0.0012754130293615162,0.019588041002862155,0.0011802189983427525,0.002339895989280194,0.0037801360012963414,0.04003100306726992
tier_10k,0_1438042988061.16_20150728002308-00002-ip-10-236-191-2_545269850_0.csv,5,10.0,50,525,False,True,,50,0.015023902000393718,0.001336603017989546,0.01715981896268204,0.0013563649845309556,0.0022358610294759274,0.003837636031676084,0.03735796001274139
tier_10k,0_1438042988061.16_20150728002308-00002-ip-10-236-191-2_545269850_0.csv,10,10.0,100,525,False,True,,100,0.015023902000393718,0.000985169957857579,0.026892951980698854,0.0016298889531753957,0.002921385981608182,0.004810507991351187,0.04771253193030134
tier_10k,0_1438042988061.16_20150728002308-00002-ip-10-236-191-2_545269850_0.csv,20,10.0,200,525,False,True,,200,0.015023902000393718,0.0010069080162793398,0.0518848070059903,0.0017646800260990858,0.002527853997889906,0.00458309700479731,0.07249871402746066
tier_10k,0_1438042988061.16_20150728002308-00002-ip-10-236-191-2_545269850_0.csv,5,5.0,25,525,False,True,,25,0.015023902000393718,0.001277895993553102,0.008977096993476152,0.000909623980987817,0.001593584951478988,0.0027102300082333386,0.02798912499565631
tier_10k,0_1438042988061.16_20150728002308-00002-ip-10-236-191-2_545269850_0.csv,10,5.0,50,525,False,True,,50,0.015023902000393718,0.0009773040073923767,0.01606511202408001,0.0011441549868322909,0.0024403189891017973,0.003811859991401434,0.03587817802326754
tier_10k,0_1438042988061.16_20150728002308-00002-ip-10-236-191-2_545269850_0.csv,20,5.0,100,525,False,True,,100,0.015023902000393718,0.0009817529935389757,0.026755455997772515,0.0012106479844078422,0.0026522790431044996,0.004108609980903566,0.046869720972608775
tier_10k,0_1438042988061.16_20150728002308-00330-ip-10-236-191-2_795231590_4.csv,5,10.0,50,536,False,True,,50,0.014320065965875983,0.0012100290041416883,0.023406798020005226,0.0017210280057042837,0.002638092963024974,0.004628791008144617,0.043565683998167515
tier_10k,0_1438042988061.16_20150728002308-00330-ip-10-236-191-2_795231590_4.csv,10,10.0,100,536,False,True,,100,0.014320065965875983,0.0013121400261297822,0.04506789200240746,0.0019592950120568275,0.0023644260363653302,0.004576963954605162,0.06527706194901839
tier_10k,0_1438042988061.16_20150728002308-00330-ip-10-236-191-2_795231590_4.csv,20,10.0,200,536,False,True,,200,0.014320065965875983,0.001386290998198092,0.08219614700647071,0.0018137270235456526,0.0031318420078605413,0.005244371015578508,0.1031468749861233
tier_10k,0_1438042988061.16_20150728002308-00330-ip-10-236-191-2_795231590_4.csv,5,5.0,25,536,False,True,,25,0.014320065965875983,0.0009093339904211462,0.011023753962945193,0.000964923994615674,0.002034389995969832,0.003260040015447885,0.029513193934690207
tier_10k,0_1438042988061.16_20150728002308-00330-ip-10-236-191-2_795231590_4.csv,10,5.0,50,536,False,True,,50,0.014320065965875983,0.0015172380371950567,0.02797913900576532,0.0012318490189500153,0.004436480987351388,0.005874625989235938,0.049691068998072296
tier_10k,0_1438042988061.16_20150728002308-00330-ip-10-236-191-2_795231590_4.csv,20,5.0,100,536,False,True,,100,0.014320065965875983,0.0014845269615761936,0.05677650700090453,0.0014268749509938061,0.001987884985283017,0.0036821620306000113,0.07626326195895672
tier_10k,0_1438042988061.16_20150728002308-00235-ip-10-236-191-2_713850328_17.csv,5,10.0,50,328,False,True,,50,0.01573641295544803,0.0006809689803048968,0.005138229986187071,0.0012992629781365395,0.001977803010959178,0.003528091008774936,0.025083702930714935
tier_10k,0_1438042988061.16_20150728002308-00235-ip-10-236-191-2_713850328_17.csv,10,10.0,100,328,False,True,,100,0.01573641295544803,0.0007265190361067653,0.009951109008397907,0.0015326680149883032,0.0020648500067181885,0.003842353995423764,0.030256394995376468
tier_10k,0_1438042988061.16_20150728002308-00235-ip-10-236-191-2_713850328_17.csv,20,10.0,200,328,False,True,,200,0.01573641295544803,0.0008062809938564897,0.01940618798835203,0.00140294898301363,0.002722432021982968,0.004392390022985637,0.04034127196064219
tier_10k,0_1438042988061.16_20150728002308-00235-ip-10-236-191-2_713850328_17.csv,5,5.0,25,328,False,True,,25,0.01573641295544803,0.000668913999106735,0.004566780989989638,0.0012668760027736425,0.001801714999601245,0.003339130023960024,0.02431123796850443
tier_10k,0_1438042988061.16_20150728002308-00235-ip-10-236-191-2_713850328_17.csv,10,5.0,50,328,False,True,,50,0.01573641295544803,0.0006882079760544002,0.0052293610060587525,0.0009429480414837599,0.0022628619917668402,0.0034107670071534812,0.025064748944714665
tier_10k,0_1438042988061.16_20150728002308-00235-ip-10-236-191-2_713850328_17.csv,20,5.0,100,328,False,True,,100,0.01573641295544803,0.0007208489696495235,0.010097753955051303,0.0011457729851827025,0.0023136549862101674,0.003691913967486471,0.03024692984763533
tier_10k,0_1438042988458.74_20150728002308-00232-ip-10-236-191-2_795586035_3.csv,5,10.0,50,285,False,True,,50,0.014882411051075906,0.0005817020428366959,0.014084732043556869,0.00130109500605613,0.001920725975651294,0.0035661240108311176,0.03311496914830059
tier_10k,0_1438042988458.74_20150728002308-00232-ip-10-236-191-2_795586035_3.csv,10,10.0,100,285,False,True,,100,0.014882411051075906,0.0010617919615469873,0.027422447979915887,0.001200955011881888,0.0023162169964052737,0.003787524998188019,0.0471541759907268
tier_10k,0_1438042988458.74_20150728002308-00232-ip-10-236-191-2_795586035_3.csv,20,10.0,200,285,False,True,,200,0.014882411051075906,0.0011814740137197077,0.04880124802002683,0.0014601590228267014,0.0040566009702160954,0.005846215004567057,0.0707113480893895
tier_10k,0_1438042988458.74_20150728002308-00232-ip-10-236-191-2_795586035_3.csv,5,5.0,25,285,False,True,,25,0.014882411051075906,0.0005217170109972358,0.007741641020402312,0.001148009963799268,0.0018514979747124016,0.003254923038184643,0.026400692120660096
tier_10k,0_1438042988458.74_20150728002308-00232-ip-10-236-191-2_795586035_3.csv,10,5.0,50,285,False,True,,50,0.014882411051075906,0.0010222650016658008,0.01577763695968315,0.001125447975937277,0.002511665050406009,0.003894365974701941,0.0355766789871268
tier_10k,0_1438042988458.74_20150728002308-00232-ip-10-236-191-2_795586035_3.csv,20,5.0,100,285,False,True,,100,0.014882411051075906,0.0010569849982857704,0.0267787579796277,0.0012687229900620878,0.0021584370406344533,0.0037043699994683266,0.0464225240284577
tier_10k,0_1438042988458.74_20150728002308-00250-ip-10-236-191-2_501951825_0.csv,5,10.0,50,525,False,True,,50,0.014507904998026788,0.0009256150224246085,0.01665344403591007,0.0016776639968156815,0.0020301580079831183,0.004001674999017268,0.036088639055378735
tier_10k,0_1438042988458.74_20150728002308-00250-ip-10-236-191-2_501951825_0.csv,10,10.0,100,525,False,True,,100,0.014507904998026788,0.0016194420168176293,0.02842356002656743,0.0014794510207138956,0.0022372319945134223,0.004000051994808018,0.048550959036219865
tier_10k,0_1438042988458.74_20150728002308-00250-ip-10-236-191-2_501951825_0.csv,20,10.0,200,525,False,True,,200,0.014507904998026788,0.0016800289740785956,0.058398424996994436,0.001656549982726574,0.0026639680145308375,0.0046666720299981534,0.07925303099909797
tier_10k,0_1438042988458.74_20150728002308-00250-ip-10-236-191-2_501951825_0.csv,5,5.0,25,525,False,True,,25,0.014507904998026788,0.0021370920003391802,0.010300324007403105,0.000948518980294466,0.0016994719626381993,0.002868012001272291,0.029813333007041365
tier_10k,0_1438042988458.74_20150728002308-00250-ip-10-236-191-2_501951825_0.csv,10,5.0,50,525,False,True,,50,0.014507904998026788,0.0009784409776329994,0.016044937015976757,0.0011490859906189144,0.0021251330035738647,0.0035340070025995374,0.03506528999423608
tier_10k,0_1438042988458.74_20150728002308-00250-ip-10-236-191-2_501951825_0.csv,20,5.0,100,525,False,True,,100,0.014507904998026788,0.0016243819845840335,0.02823905402328819,0.001376466010697186,0.002604624954983592,0.004269909986760467,0.04864125099265948
tier_10k,1_1438042987127.36_20150728002307-00037-ip-10-236-191-2_318965632_0.csv,5,10.0,50,279,False,True,,50,0.01547971396939829,0.0005994130042381585,0.014475706033408642,0.0014644290204159915,0.002119339013006538,0.003866565995849669,0.03442139900289476
tier_10k,1_1438042987127.36_20150728002307-00037-ip-10-236-191-2_318965632_0.csv,10,10.0,100,279,False,True,,100,0.01547971396939829,0.0010998999932780862,0.029166315973270684,0.0014546290040016174,0.0026994349900633097,0.004434423986822367,0.05018035392276943
tier_10k,1_1438042987127.36_20150728002307-00037-ip-10-236-191-2_318965632_0.csv,20,10.0,200,279,False,True,,200,0.01547971396939829,0.0011905109859071672,0.050547079008538276,0.0017437890055589378,0.003490314004011452,0.005552924994844943,0.07277022895868868
tier_10k,1_1438042987127.36_20150728002307-00037-ip-10-236-191-2_318965632_0.csv,5,5.0,25,279,False,True,,25,0.01547971396939829,0.0009902839665301144,0.008433687034994364,0.0008856269996613264,0.0021932520321570337,0.0033328289864584804,0.02823651395738125
tier_10k,1_1438042987127.36_20150728002307-00037-ip-10-236-191-2_318965632_0.csv,10,5.0,50,279,False,True,,50,0.01547971396939829,0.001032437023241073,0.01597592094913125,0.0013737640110775828,0.002595730999018997,0.004230523016303778,0.03671859495807439
tier_10k,1_1438042987127.36_20150728002307-00037-ip-10-236-191-2_318965632_0.csv,20,5.0,100,279,False,True,,100,0.01547971396939829,0.0010745490435510874,0.02693412103690207,0.0013954929891042411,0.0021926360204815865,0.0038739569718018174,0.047362341021653265
tier_10k,0_1438042988061.16_20150728002308-00041-ip-10-236-191-2_37534908_6.csv,5,10.0,50,501,False,True,,50,0.015159106987994164,0.000858168990816921,0.031155448989011347,0.001415613980498165,0.0019653610070236027,0.0036628260277211666,0.0508355509955436
tier_10k,0_1438042988061.16_20150728002308-00041-ip-10-236-191-2_37534908_6.csv,10,10.0,100,501,False,True,,100,0.015159106987994164,0.0019711009808816016,0.061749507032800466,0.0017071139882318676,0.0024644130025990307,0.004478220012970269,0.0833579350146465
tier_10k,0_1438042988061.16_20150728002308-00041-ip-10-236-191-2_37534908_6.csv,20,10.0,200,501,False,True,,200,0.015159106987994164,0.0015516870189458132,0.11034538998501375,0.00231621804414317,0.002500683011021465,0.0051532739889808,0.13220945798093453
tier_10k,0_1438042988061.16_20150728002308-00041-ip-10-236-191-2_37534908_6.csv,5,5.0,25,501,False,True,,25,0.015159106987994164,0.0014793499722145498,0.018683491041883826,0.0009676259942352772,0.0019035089644603431,0.003074267995543778,0.03839621599763632
tier_10k,0_1438042988061.16_20150728002308-00041-ip-10-236-191-2_37534908_6.csv,10,5.0,50,501,False,True,,50,0.015159106987994164,0.0008858660003170371,0.03088255599141121,0.001040247967466712,0.002260787005070597,0.0035243879538029432,0.050451916933525354
tier_10k,0_1438042988061.16_20150728002308-00041-ip-10-236-191-2_37534908_6.csv,20,5.0,100,501,False,True,,100,0.015159106987994164,0.0011933239875361323,0.05946087802294642,0.001548425992950797,0.00223288603592664,0.004079314006958157,0.07989262300543487
tier_10k,1_1438042987127.36_20150728002307-00269-ip-10-236-191-2_847834464_0.csv,5,10.0,50,420,False,True,,50,0.015471749007701874,0.0008856880012899637,0.012336853018496186,0.0015139669994823635,0.0022572799935005605,0.004049448005389422,0.032743738032877445
tier_10k,1_1438042987127.36_20150728002307-00269-ip-10-236-191-2_847834464_0.csv,10,10.0,100,420,False,True,,100,0.015471749007701874,0.0015746839926578104,0.02440254803514108,0.0014353820006363094,0.0019508210243657231,0.0036677589523606002,0.045116739987861365
tier_10k,1_1438042987127.36_20150728002307-00269-ip-10-236-191-2_847834464_0.csv,20,10.0,200,420,False,True,,200,0.015471749007701874,0.0017039799713529646,0.045956197020132095,0.001557159994263202,0.0027747960411943495,0.004658381047192961,0.0677903070463799
tier_10k,1_1438042987127.36_20150728002307-00269-ip-10-236-191-2_847834464_0.csv,5,5.0,25,420,False,True,,25,0.015471749007701874,0.0011486950097605586,0.00817997002741322,0.001243292004801333,0.0018125289934687316,0.0033133159740827978,0.02811373001895845
tier_10k,1_1438042987127.36_20150728002307-00269-ip-10-236-191-2_847834464_0.csv,10,5.0,50,420,False,True,,50,0.015471749007701874,0.001520916004665196,0.014127934002317488,0.000996612012386322,0.0019623940461315215,0.0032327339868061244,0.03435333300149068
tier_10k,1_1438042987127.36_20150728002307-00269-ip-10-236-191-2_847834464_0.csv,20,5.0,100,420,False,True,,100,0.015471749007701874,0.0015669679851271212,0.02448206301778555,0.0013838739832863212,0.002342785010114312,0.003973949991632253,0.0454947300022468
tier_10k,0_1438042988061.16_20150728002308-00199-ip-10-236-191-2_891430247_172.csv,5,10.0,50,326,False,True,,50,0.013022053986787796,0.0004039629711769521,0.005282558035105467,0.0013939680065959692,0.001988918986171484,0.0036458949907682836,0.0223544699838385
tier_10k,0_1438042988061.16_20150728002308-00199-ip-10-236-191-2_891430247_172.csv,10,10.0,100,326,False,True,,100,0.013022053986787796,0.00048071896890178323,0.004237609973642975,0.0009858320117928088,0.001924690033774823,0.003151573007926345,0.0208919559372589
tier_10k,0_1438042988061.16_20150728002308-00199-ip-10-236-191-2_891430247_172.csv,20,10.0,200,326,False,True,,200,0.013022053986787796,0.0004490589490160346,0.008397953992243856,0.0011188139906153083,0.0025969099951907992,0.003959260007832199,0.025828326935879886
tier_10k,0_1438042988061.16_20150728002308-00199-ip-10-236-191-2_891430247_172.csv,5,5.0,25,326,False,True,,25,0.013022053986787796,0.0003867479972541332,0.0010720379650592804,0.0007872309652157128,0.0016255120281130075,0.0026083950069732964,0.017089234956074506
tier_10k,0_1438042988061.16_20150728002308-00199-ip-10-236-191-2_891430247_172.csv,10,5.0,50,326,False,True,,50,0.013022053986787796,0.00040158897172659636,0.0020340770133771002,0.0008259669994004071,0.001711303018964827,0.002736130030825734,0.018193850002717227
tier_10k,0_1438042988061.16_20150728002308-00199-ip-10-236-191-2_891430247_172.csv,20,5.0,100,326,False,True,,100,0.013022053986787796,0.0004164900165051222,0.004080651968251914,0.0009175220038741827,0.0018121839966624975,0.0029560509719885886,0.02047524694353342
tier_10k,1_1438042987127.36_20150728002307-00153-ip-10-236-191-2_490931395_0.csv,5,10.0,50,525,False,True,,50,0.02388356695882976,0.0009308700100518763,0.017002473992761225,0.0012994190328754485,0.002925606968346983,0.0044832450221292675,0.04630015598377213
tier_10k,1_1438042987127.36_20150728002307-00153-ip-10-236-191-2_490931395_0.csv,10,10.0,100,525,False,True,,100,0.02388356695882976,0.000993399997241795,0.026719997986219823,0.0011312600108794868,0.002482126990798861,0.003862613986711949,0.05545957892900333
tier_10k,1_1438042987127.36_20150728002307-00153-ip-10-236-191-2_490931395_0.csv,20,10.0,200,525,False,True,,200,0.02388356695882976,0.0010284679592587054,0.056529815949033946,0.001811021997127682,0.003409472992643714,0.005558407981880009,0.08700025884900242
tier_10k,1_1438042987127.36_20150728002307-00153-ip-10-236-191-2_490931395_0.csv,5,5.0,25,525,False,True,,25,0.02388356695882976,0.002150614047423005,0.01018677098909393,0.0011466559953987598,0.0020473049953579903,0.003424010006710887,0.03964496200205758
tier_10k,1_1438042987127.36_20150728002307-00153-ip-10-236-191-2_490931395_0.csv,10,5.0,50,525,False,True,,50,0.02388356695882976,0.0009894520044326782,0.016114933998323977,0.00110589899122715,0.001993671990931034,0.003372500999830663,0.04436045396141708
tier_10k,1_1438042987127.36_20150728002307-00153-ip-10-236-191-2_490931395_0.csv,20,5.0,100,525,False,True,,100,0.02388356695882976,0.0016223579877987504,0.02842644101474434,0.0012089500087313354,0.0022637220099568367,0.003766623034607619,0.05769898899598047
tier_10k,0_1438042988458.74_20150728002308-00081-ip-10-236-191-2_476604823_0.csv,5,10.0,50,494,False,True,,50,0.0158893569605425,0.0008579749846830964,0.03216402401449159,0.0013687299797311425,0.001957977015990764,0.0036125769838690758,0.05252393294358626
tier_10k,0_1438042988458.74_20150728002308-00081-ip-10-236-191-2_476604823_0.csv,10,10.0,100,494,False,True,,100,0.0158893569605425,0.0015253819874487817,0.05644393799593672,0.0016481949714943767,0.0022680240217596292,0.004198058973997831,0.07805673591792583
tier_10k,0_1438042988458.74_20150728002308-00081-ip-10-236-191-2_476604823_0.csv,20,10.0,200,494,False,True,,200,0.0158893569605425,0.0016046369564719498,0.10455971903866157,0.0017707719816826284,0.0024473859812133014,0.004551032034214586,0.1266047449898906
tier_10k,0_1438042988458.74_20150728002308-00081-ip-10-236-191-2_476604823_0.csv,5,5.0,25,494,False,True,,25,0.0158893569605425,0.0015206750249490142,0.020985209965147078,0.001164974004495889,0.002086711989250034,0.0035137940431013703,0.04190903599373996
tier_10k,0_1438042988458.74_20150728002308-00081-ip-10-236-191-2_476604823_0.csv,10,5.0,50,494,False,True,,50,0.0158893569605425,0.0014894100022502244,0.03288319002604112,0.001132612000219524,0.0018441249849274755,0.0032434070017188787,0.05350536399055272
tier_10k,0_1438042988458.74_20150728002308-00081-ip-10-236-191-2_476604823_0.csv,20,5.0,100,494,False,True,,100,0.0158893569605425,0.0015189960249699652,0.05662988999392837,0.0013235300430096686,0.0022509919945150614,0.00386133196298033,0.07789957494242117
tier_10k,0_1438042988458.74_20150728002308-00210-ip-10-236-191-2_79682215_3.csv,5,10.0,50,390,False,True,,50,0.01954380900133401,0.00047774898121133447,0.02460936305578798,0.0013358850264921784,0.002253577986266464,0.0038462799857370555,0.04847720102407038
tier_10k,0_1438042988458.74_20150728002308-00210-ip-10-236-191-2_79682215_3.csv,10,10.0,100,390,False,True,,100,0.01954380900133401,0.0005223589832894504,0.052175102988258004,0.001601585012394935,0.0026388289988972247,0.004495356988627464,0.07673662796150893
tier_10k,0_1438042988458.74_20150728002308-00210-ip-10-236-191-2_79682215_3.csv,20,10.0,200,390,False,True,,200,0.01954380900133401,0.0010581400129012764,0.09666948503581807,0.0015644769882783294,0.0030156910070218146,0.004878445994108915,0.12214988004416227
tier_10k,0_1438042988458.74_20150728002308-00210-ip-10-236-191-2_79682215_3.csv,5,5.0,25,390,False,True,,25,0.01954380900133401,0.00054535100935027,0.013183961040340364,0.0009580689948052168,0.0023898659856058657,0.00357295002322644,0.036846071074251086
tier_10k,0_1438042988458.74_20150728002308-00210-ip-10-236-191-2_79682215_3.csv,10,5.0,50,390,False,True,,50,0.01954380900133401,0.0004982509999535978,0.02506751602049917,0.0012065029586665332,0.0023094729986041784,0.0037384070456027985,0.04884798306738958
tier_10k,0_1438042988458.74_20150728002308-00210-ip-10-236-191-2_79682215_3.csv,20,5.0,100,390,False,True,,100,0.01954380900133401,0.0005007199943065643,0.05167956696823239,0.0013691959902644157,0.002442812023218721,0.004057526006363332,0.0757816219702363
tier_10k,1_1438042987127.36_20150728002307-00008-ip-10-236-191-2_633806649_3.csv,5,10.0,50,355,False,True,,50,0.015014927019365132,0.0005842690006829798,0.03537244600011036,0.0014849489671178162,0.002561436966061592,0.004296180966775864,0.055267822986934334
tier_10k,1_1438042987127.36_20150728002307-00008-ip-10-236-191-2_633806649_3.csv,10,10.0,100,355,False,True,,100,0.015014927019365132,0.000640289974398911,0.06566753704100847,0.0014793690061196685,0.002625913009978831,0.00436265196185559,0.0856854059966281
tier_10k,1_1438042987127.36_20150728002307-00008-ip-10-236-191-2_633806649_3.csv,20,10.0,200,355,False,True,,200,0.015014927019365132,0.0007114170002751052,0.1226297399844043,0.0020918470108881593,0.0037438340368680656,0.006212511972989887,0.14456859597703442
tier_10k,1_1438042987127.36_20150728002307-00008-ip-10-236-191-2_633806649_3.csv,5,5.0,25,355,False,True,,25,0.015014927019365132,0.0012924119946546853,0.020687151001766324,0.0016217519878409803,0.0020936530199833214,0.004019619955215603,0.041014109971001744
tier_10k,1_1438042987127.36_20150728002307-00008-ip-10-236-191-2_633806649_3.csv,10,5.0,50,355,False,True,,50,0.015014927019365132,0.0007224369910545647,0.036444925994146615,0.0020691120298579335,0.002731130982283503,0.0050596450455486774,0.05724193505011499
tier_10k,1_1438042987127.36_20150728002307-00008-ip-10-236-191-2_633806649_3.csv,20,5.0,100,355,False,True,,100,0.015014927019365132,0.0006605880334973335,0.06571950402576476,0.001716272032354027,0.0026874449686147273,0.0046712689800187945,0.08606628805864602
tier_10k,0_1438042988061.16_20150728002308-00201-ip-10-236-191-2_319577306_4.csv,5,10.0,50,346,False,True,,50,0.023967398039530963,0.0005920499679632485,0.00510770600521937,0.001468873000703752,0.00218303402652964,0.0039114009705372155,0.0335785549832508
tier_10k,0_1438042988061.16_20150728002308-00201-ip-10-236-191-2_319577306_4.csv,10,10.0,100,346,False,True,,100,0.023967398039530963,0.0006220940267667174,0.00987300300039351,0.001054638996720314,0.0024960440350696445,0.0037904210039414465,0.03825291607063264
tier_10k,0_1438042988061.16_20150728002308-00201-ip-10-236-191-2_319577306_4.csv,20,10.0,200,346,False,True,,200,0.023967398039530963,0.0006582189816981554,0.01797407999401912,0.0016381489695049822,0.0027399109676480293,0.004644173022825271,0.04724387003807351
tier_10k,0_1438042988061.16_20150728002308-00201-ip-10-236-191-2_319577306_4.csv,5,5.0,25,346,False,True,,25,0.023967398039530963,0.0005767979891970754,0.0024301829980686307,0.0008986140019260347,0.001626170997042209,0.002727572980802506,0.029701952007599175
tier_10k,0_1438042988061.16_20150728002308-00201-ip-10-236-191-2_319577306_4.csv,10,5.0,50,346,False,True,,50,0.023967398039530963,0.0005823640385642648,0.0047804940259084105,0.0009335800423286855,0.001873315020930022,0.0030110549996607006,0.03234131110366434
tier_10k,0_1438042988061.16_20150728002308-00201-ip-10-236-191-2_319577306_4.csv,20,5.0,100,346,False,True,,100,0.023967398039530963,0.0006218719645403326,0.01017474802210927,0.0010285580065101385,0.0021355969947762787,0.003373879997525364,0.03813789802370593
tier_10k,1_1438042990112.50_20150728002310-00310-ip-10-236-191-2_200224826_0.csv,5,10.0,50,440,False,True,,50,0.02052390598692,0.0007176490034908056,0.007838726043701172,0.0014785690000280738,0.0025034240097738802,0.004234081017784774,0.03331436205189675
tier_10k,1_1438042990112.50_20150728002310-00310-ip-10-236-191-2_200224826_0.csv,10,10.0,100,440,False,True,,100,0.02052390598692,0.001224955020006746,0.014488012995570898,0.0014538889518007636,0.0019580030348151922,0.0036547110066749156,0.03989158500917256
tier_10k,1_1438042990112.50_20150728002310-00310-ip-10-236-191-2_200224826_0.csv,20,10.0,200,440,False,True,,200,0.02052390598692,0.0011063929996453226,0.02832410897826776,0.0015113920089788735,0.0028342719888314605,0.004623165004886687,0.05457757296971977
tier_10k,1_1438042990112.50_20150728002310-00310-ip-10-236-191-2_200224826_0.csv,5,5.0,25,440,False,True,,25,0.02052390598692,0.0007504390086978674,0.004100035992451012,0.0009371570195071399,0.001476073986850679,0.002609863004181534,0.027984243992250413
tier_10k,1_1438042990112.50_20150728002310-00310-ip-10-236-191-2_200224826_0.csv,10,5.0,50,440,False,True,,50,0.02052390598692,0.0007382589974440634,0.007622860022820532,0.0008559059933759272,0.001849477004725486,0.002905431028921157,0.03179045603610575
tier_10k,1_1438042990112.50_20150728002310-00310-ip-10-236-191-2_200224826_0.csv,20,5.0,100,440,False,True,,100,0.02052390598692,0.0012045520124956965,0.015123689023312181,0.0011165720061399043,0.0023252759710885584,0.003676018037367612,0.04052816506009549
tier_10k,1_1438042987127.36_20150728002307-00102-ip-10-236-191-2_893578330_152.csv,5,10.0,50,365,False,True,,50,0.01615557703189552,0.0004590949974954128,0.0022269030450843275,0.0012776869698427618,0.0019369799993000925,0.003458161954768002,0.02229973702924326
tier_10k,1_1438042987127.36_20150728002307-00102-ip-10-236-191-2_893578330_152.csv,10,10.0,100,365,False,True,,100,0.01615557703189552,0.0004884570371359587,0.004161449032835662,0.0009456310071982443,0.0016351690283045173,0.0027915569953620434,0.023597040097229183
tier_10k,1_1438042987127.36_20150728002307-00102-ip-10-236-191-2_893578330_152.csv,20,10.0,200,365,False,True,,200,0.01615557703189552,0.0004950209986418486,0.009285585023462772,0.0015002269647084177,0.0030627449741587043,0.004930263967253268,0.030866447021253407
tier_10k,1_1438042987127.36_20150728002307-00102-ip-10-236-191-2_893578330_152.csv,5,5.0,25,365,False,True,,25,0.01615557703189552,0.0006971830152906477,0.0014983490109443665,0.0008429909939877689,0.0020207419875077903,0.0030813050107099116,0.021432414068840444
tier_10k,1_1438042987127.36_20150728002307-00102-ip-10-236-191-2_893578330_152.csv,10,5.0,50,365,False,True,,50,0.01615557703189552,0.0004500109935179353,0.0020472020260058343,0.001116319966968149,0.0021069709910079837,0.0034299310063943267,0.022082721057813615
tier_10k,1_1438042987127.36_20150728002307-00102-ip-10-236-191-2_893578330_152.csv,20,5.0,100,365,False,True,,100,0.01615557703189552,0.00046836596447974443,0.00400829897262156,0.0009284680127166212,0.0023323799832724035,0.0034893150441348553,0.024121557013131678
tier_10k,1_1438042990112.50_20150728002310-00044-ip-10-236-191-2_261321661_61.csv,5,10.0,50,417,False,True,,50,0.015706691017840058,0.0006900680018588901,0.011243486020248383,0.0013932359870523214,0.0029039719956927,0.00453972298419103,0.03217996802413836
tier_10k,1_1438042990112.50_20150728002310-00044-ip-10-236-191-2_261321661_61.csv,10,10.0,100,417,False,True,,100,0.015706691017840058,0.0007568640285171568,0.02024873800110072,0.0013392429682426155,0.002501985989511013,0.0040761540294624865,0.04078844707692042
tier_10k,1_1438042990112.50_20150728002310-00044-ip-10-236-191-2_261321661_61.csv,20,10.0,200,417,False,True,,200,0.015706691017840058,0.001022803015075624,0.042768517043441534,0.0014745300286449492,0.0032771890400908887,0.005026149970944971,0.06452416104730219
tier_10k,1_1438042990112.50_20150728002310-00044-ip-10-236-191-2_261321661_61.csv,5,5.0,25,417,False,True,,25,0.015706691017840058,0.0007171970210038126,0.005736058054026216,0.0008497149683535099,0.0018191079725511372,0.0028610900044441223,0.02502103609731421
tier_10k,1_1438042990112.50_20150728002310-00044-ip-10-236-191-2_261321661_61.csv,10,5.0,50,417,False,True,,50,0.015706691017840058,0.0007087599951773882,0.010617349005769938,0.0009065389749594033,0.0021207270328886807,0.003224813030101359,0.030257613048888743
tier_10k,1_1438042990112.50_20150728002310-00044-ip-10-236-191-2_261321661_61.csv,20,5.0,100,417,False,True,,100,0.015706691017840058,0.000719736039172858,0.0199281059904024,0.0013310189824551344,0.0023229189682751894,0.003933025989681482,0.0402875590370968
tier_10k,1_1438042987127.36_20150728002307-00074-ip-10-236-191-2_137128786_0.csv,5,10.0,50,456,False,True,,50,0.014943852962460369,0.0009883589809760451,0.026339630014263093,0.0014483879785984755,0.0020838470081798732,0.003813658026047051,0.04608549998374656
tier_10k,1_1438042987127.36_20150728002307-00074-ip-10-236-191-2_137128786_0.csv,10,10.0,100,456,False,True,,100,0.014943852962460369,0.0013414379791356623,0.04916709003737196,0.0015413080109283328,0.0031671359902247787,0.0050041599897667766,0.07045654096873477
tier_10k,1_1438042987127.36_20150728002307-00074-ip-10-236-191-2_137128786_0.csv,20,10.0,200,456,False,True,,200,0.014943852962460369,0.0014426159905269742,0.09564809501171112,0.0018780799582600594,0.0027319859946146607,0.004945071006659418,0.11697963497135788
tier_10k,1_1438042987127.36_20150728002307-00074-ip-10-236-191-2_137128786_0.csv,5,5.0,25,456,False,True,,25,0.014943852962460369,0.0013158629881218076,0.01700160396285355,0.001197190023958683,0.0019478180329315364,0.0034256940125487745,0.0366870139259845
tier_10k,1_1438042987127.36_20150728002307-00074-ip-10-236-191-2_137128786_0.csv,10,5.0,50,456,False,True,,50,0.014943852962460369,0.0010401179897598922,0.026474060025066137,0.0011418689973652363,0.0018460029968991876,0.003255615010857582,0.04571364598814398
tier_10k,1_1438042987127.36_20150728002307-00074-ip-10-236-191-2_137128786_0.csv,20,5.0,100,456,False,True,,100,0.014943852962460369,0.0013607050059363246,0.04845964798005298,0.0013421190087683499,0.002347292029298842,0.003983461007010192,0.06874766695545986
tier_10k,1_1438042987127.36_20150728002307-00082-ip-10-236-191-2_795702564_10.csv,5,10.0,50,283,False,True,,50,0.015206235053483397,0.00047184701543301344,0.01081975200213492,0.0013836909784004092,0.0017970330081880093,0.0034322760184295475,0.029930110089480877
tier_10k,1_1438042987127.36_20150728002307-00082-ip-10-236-191-2_795702564_10.csv,10,10.0,100,283,False,True,,100,0.015206235053483397,0.0005091580096632242,0.02157497004372999,0.001106827985495329,0.0022964829695411026,0.003682468959596008,0.04097283206647262
tier_10k,1_1438042987127.36_20150728002307-00082-ip-10-236-191-2_795702564_10.csv,20,10.0,200,283,False,True,,200,0.015206235053483397,0.0009033940150402486,0.043471498996950686,0.0016327709890902042,0.0026894459733739495,0.004645242996048182,0.06422637106152251
tier_10k,1_1438042987127.36_20150728002307-00082-ip-10-236-191-2_795702564_10.csv,5,5.0,25,283,False,True,,25,0.015206235053483397,0.0007844969513826072,0.00962499197339639,0.0011754099978134036,0.0018973849946632981,0.003308222978375852,0.028923946956638247
tier_10k,1_1438042987127.36_20150728002307-00082-ip-10-236-191-2_795702564_10.csv,10,5.0,50,283,False,True,,50,0.015206235053483397,0.0004867110401391983,0.010621905967127532,0.0009522269829176366,0.0018418990075588226,0.0030177709995768964,0.029332623060327023
tier_10k,1_1438042987127.36_20150728002307-00082-ip-10-236-191-2_795702564_10.csv,20,5.0,100,283,False,True,,100,0.015206235053483397,0.0005144599708728492,0.022496984980534762,0.0013263779692351818,0.00234130397439003,0.003955236985348165,0.04217291699023917
tier_100k,1_1438042987127.36_20150728002307-00144-ip-10-236-191-2_676020729_0.csv,5,10.0,50,365,False,True,,50,0.03273485001409426,0.0008014410268515348,0.012370728014502674,0.003117161977570504,0.004364974971394986,0.00786274200072512,0.05376976105617359
tier_100k,1_1438042987127.36_20150728002307-00144-ip-10-236-191-2_676020729_0.csv,10,10.0,100,365,False,True,,100,0.03273485001409426,0.0011265620123595,0.02614667796296999,0.0015665289829485118,0.002290356031153351,0.004141861980315298,0.06414995196973905
tier_100k,1_1438042987127.36_20150728002307-00144-ip-10-236-191-2_676020729_0.csv,20,10.0,200,365,False,True,,200,0.03273485001409426,0.0011595679679885507,0.05243713402887806,0.0016763879684731364,0.0024317839997820556,0.004389027017168701,0.09072057902812958
tier_100k,1_1438042987127.36_20150728002307-00144-ip-10-236-191-2_676020729_0.csv,5,5.0,25,365,False,True,,25,0.03273485001409426,0.0006234790198504925,0.006173531990498304,0.0010680469567887485,0.0017127669998444617,0.0030062920413911343,0.042538153065834194
tier_100k,1_1438042987127.36_20150728002307-00144-ip-10-236-191-2_676020729_0.csv,10,5.0,50,365,False,True,,50,0.03273485001409426,0.0008401869563385844,0.014583014999516308,0.0012066229828633368,0.0018449199851602316,0.0033745410037226975,0.051532592973671854
tier_100k,1_1438042987127.36_20150728002307-00144-ip-10-236-191-2_676020729_0.csv,20,5.0,100,365,False,True,,100,0.03273485001409426,0.0009420190472155809,0.02957152103772387,0.0016541439690627158,0.00258177297655493,0.004616508027538657,0.06786489812657237
tier_100k,0_1438042988061.16_20150728002308-00282-ip-10-236-191-2_894007386_3.csv,5,10.0,50,2415,False,True,,50,0.023745626967865974,0.0034092869609594345,0.0025953020085580647,0.0014320280170068145,0.0024003720027394593,0.004089627007488161,0.033839842944871634
tier_100k,0_1438042988061.16_20150728002308-00282-ip-10-236-191-2_894007386_3.csv,10,10.0,100,2415,False,True,,100,0.023745626967865974,0.0035225130268372595,0.004433417983818799,0.0012006990145891905,0.00249585002893582,0.003960599016863853,0.035662156995385885
tier_100k,0_1438042988061.16_20150728002308-00282-ip-10-236-191-2_894007386_3.csv,20,10.0,200,2415,False,True,,200,0.023745626967865974,0.0053275920217856765,0.008672395953908563,0.0014740499900653958,0.0037897779839113355,0.005562481994275004,0.043308096937835217
tier_100k,0_1438042988061.16_20150728002308-00282-ip-10-236-191-2_894007386_3.csv,5,5.0,25,2415,False,True,,25,0.023745626967865974,0.004465942969545722,0.001099109009373933,0.0009184730006381869,0.0015983310295268893,0.0027578759472817183,0.03206855489406735
tier_100k,0_1438042988061.16_20150728002308-00282-ip-10-236-191-2_894007386_3.csv,10,5.0,50,2415,False,True,,50,0.023745626967865974,0.005353301006834954,0.0021275990293361247,0.0008978690020740032,0.0019057049648836255,0.003043962991796434,0.034270489995833486
tier_100k,0_1438042988061.16_20150728002308-00282-ip-10-236-191-2_894007386_3.csv,20,5.0,100,2415,False,True,,100,0.023745626967865974,0.005070913000963628,0.00409633299568668,0.0011719840113073587,0.002366447006352246,0.003797994984779507,0.03671086794929579
tier_100k,0_1438042988458.74_20150728002308-00249-ip-10-236-191-2_328699461_4.csv,5,10.0,50,927,False,True,,50,0.04743578104535118,0.003494211006909609,0.0044273120001889765,0.0019006680231541395,0.0026484759873710573,0.004862231959123164,0.06021953601157293
tier_100k,0_1438042988458.74_20150728002308-00249-ip-10-236-191-2_328699461_4.csv,10,10.0,100,927,False,True,,100,0.04743578104535118,0.0028754619997926056,0.008110677998047322,0.001468225964345038,0.0021495040273293853,0.003939171030651778,0.06236109207384288
tier_100k,0_1438042988458.74_20150728002308-00249-ip-10-236-191-2_328699461_4.csv,20,10.0,200,927,False,True,,200,0.04743578104535118,0.0029386849491856992,0.016675158985890448,0.0016682280111126602,0.002972251968458295,0.0049536420265212655,0.07200326700694859
tier_100k,0_1438042988458.74_20150728002308-00249-ip-10-236-191-2_328699461_4.csv,5,5.0,25,927,False,True,,25,0.04743578104535118,0.0028946719830855727,0.002312250027898699,0.0009998069726862013,0.001906418998260051,0.0031631619785912335,0.05580586503492668
tier_100k,0_1438042988458.74_20150728002308-00249-ip-10-236-191-2_328699461_4.csv,10,5.0,50,927,False,True,,50,0.04743578104535118,0.0028459870372898877,0.00485430599655956,0.0008971989736892283,0.0019388999789953232,0.00309142901096493,0.058227503090165555
tier_100k,0_1438042988458.74_20150728002308-00249-ip-10-236-191-2_328699461_4.csv,20,5.0,100,927,False,True,,100,0.04743578104535118,0.0028763770242221653,0.0075888310093432665,0.0012185630039311945,0.0021936389966867864,0.003671561018563807,0.061572550097480416
tier_100k,1_1438042987127.36_20150728002307-00114-ip-10-236-191-2_902351685_191.csv,5,10.0,50,2504,False,True,,50,0.024641141993924975,0.003567880019545555,0.002344926993828267,0.0014138189726509154,0.0029606270254589617,0.004659567028284073,0.03521351603558287
tier_100k,1_1438042987127.36_20150728002307-00114-ip-10-236-191-2_902351685_191.csv,10,10.0,100,2504,False,True,,100,0.024641141993924975,0.005084729986265302,0.004322713008150458,0.0014162339502945542,0.0021365490392781794,0.003791532013565302,0.03784011700190604
tier_100k,1_1438042987127.36_20150728002307-00114-ip-10-236-191-2_902351685_191.csv,20,10.0,200,2504,False,True,,200,0.024641141993924975,0.006446627026889473,0.009128311998210847,0.0011338740005157888,0.003175396006554365,0.004559797002002597,0.04477587802102789
tier_100k,1_1438042987127.36_20150728002307-00114-ip-10-236-191-2_902351685_191.csv,5,5.0,25,2504,False,True,,25,0.024641141993924975,0.0037016860442236066,0.0014332589926198125,0.0008484199643135071,0.0015908880159258842,0.0026546180015429854,0.03243070503231138
tier_100k,1_1438042987127.36_20150728002307-00114-ip-10-236-191-2_902351685_191.csv,10,5.0,50,2504,False,True,,50,0.024641141993924975,0.0037016969872638583,0.0023424800019711256,0.0008885390125215054,0.0018711310112848878,0.002977691008709371,0.03366300999186933
tier_100k,1_1438042987127.36_20150728002307-00114-ip-10-236-191-2_902351685_191.csv,20,5.0,100,2504,False,True,,100,0.024641141993924975,0.003858450974803418,0.005080964998342097,0.0012623690417967737,0.003882454999256879,0.0054114399827085435,0.038991997949779034
tier_100k,1_1438042987127.36_20150728002307-00182-ip-10-236-191-2_150862475_5.csv,5,10.0,50,368,False,True,,50,0.03799430903745815,0.0004834440187551081,0.04580079601146281,0.0019294219673611224,0.0025201250100508332,0.00479960604570806,0.08907815511338413
tier_100k,1_1438042987127.36_20150728002307-00182-ip-10-236-191-2_150862475_5.csv,10,10.0,100,368,False,True,,100,0.03799430903745815,0.000763817981351167,0.08588174398755655,0.0013535070465877652,0.002420104981865734,0.0040839979774318635,0.12872386898379773
tier_100k,1_1438042987127.36_20150728002307-00182-ip-10-236-191-2_150862475_5.csv,20,10.0,200,368,False,True,,200,0.03799430903745815,0.001566921011544764,0.17756498500239104,0.0019035720033571124,0.004062733030878007,0.006299828004557639,0.2234260430559516
tier_100k,1_1438042987127.36_20150728002307-00182-ip-10-236-191-2_150862475_5.csv,5,5.0,25,368,False,True,,25,0.03799430903745815,0.000764048018027097,0.020774053002242,0.0013796899584122002,0.001712262979708612,0.003325361991301179,0.06285777204902843
tier_100k,1_1438042987127.36_20150728002307-00182-ip-10-236-191-2_150862475_5.csv,10,5.0,50,368,False,True,,50,0.03799430903745815,0.0004760409938171506,0.03881610301323235,0.001208911999128759,0.0023230829974636436,0.0038073009927757084,0.08109375403728336
tier_100k,1_1438042987127.36_20150728002307-00182-ip-10-236-191-2_150862475_5.csv,20,5.0,100,368,False,True,,100,0.03799430903745815,0.0007524489774368703,0.08577769703697413,0.0015159479808062315,0.0032479219953529537,0.0050691739888861775,0.12959362904075533
tier_100k,1_1438042987127.36_20150728002307-00000-ip-10-236-191-2_300770320_2.csv,5,10.0,50,586,False,True,,50,0.0420493179699406,0.001303647004533559,0.010665094014257193,0.0017045889981091022,0.002214910986367613,0.004227019031532109,0.05824507802026346
tier_100k,1_1438042987127.36_20150728002307-00000-ip-10-236-191-2_300770320_2.csv,10,10.0,100,586,False,True,,100,0.0420493179699406,0.002278428990393877,0.0218132589943707,0.0015805379953235388,0.0022582340170629323,0.004131044028326869,0.07027204998303205
tier_100k,1_1438042987127.36_20150728002307-00000-ip-10-236-191-2_300770320_2.csv,20,10.0,200,586,False,True,,200,0.0420493179699406,0.002378055010922253,0.04030119098024443,0.0014310620026662946,0.0028297710232436657,0.004576560051646084,0.08930512401275337
tier_100k,1_1438042987127.36_20150728002307-00000-ip-10-236-191-2_300770320_2.csv,5,5.0,25,586,False,True,,25,0.0420493179699406,0.0021827900200150907,0.006605594011489302,0.0009710679878480732,0.0020354040316306055,0.0032622149446979165,0.05409991694614291
tier_100k,1_1438042987127.36_20150728002307-00000-ip-10-236-191-2_300770320_2.csv,10,5.0,50,586,False,True,,50,0.0420493179699406,0.002214611042290926,0.011010652990080416,0.0010096949990838766,0.0019625340355560184,0.0032350909896194935,0.05850967299193144
tier_100k,1_1438042987127.36_20150728002307-00000-ip-10-236-191-2_300770320_2.csv,20,5.0,100,586,False,True,,100,0.0420493179699406,0.002266549039632082,0.02144027705071494,0.001289587002247572,0.0025384320179000497,0.004101674014236778,0.0698578180745244
tier_100k,1_1438042987127.36_20150728002307-00080-ip-10-236-191-2_899463259_102.csv,5,10.0,50,2517,False,True,,50,0.02469037298578769,0.003588396997656673,0.0022830800153315067,0.001427617040462792,0.0020387849654071033,0.003770804964005947,0.03433265496278182
tier_100k,1_1438042987127.36_20150728002307-00080-ip-10-236-191-2_899463259_102.csv,10,10.0,100,2517,False,True,,100,0.02469037298578769,0.005646627978421748,0.004219896043650806,0.0010638979729264975,0.002354791038669646,0.003686745010782033,0.038243642018642277
tier_100k,1_1438042987127.36_20150728002307-00080-ip-10-236-191-2_899463259_102.csv,20,10.0,200,2517,False,True,,200,0.02469037298578769,0.00516971800243482,0.00819482997758314,0.001329275022726506,0.0032590209739282727,0.004904313012957573,0.04295923397876322
tier_100k,1_1438042987127.36_20150728002307-00080-ip-10-236-191-2_899463259_102.csv,5,5.0,25,2517,False,True,,25,0.02469037298578769,0.005216856021434069,0.0010878419852815568,0.000985440972726792,0.0017209959914907813,0.0029563569696620107,0.033951427962165326
tier_100k,1_1438042987127.36_20150728002307-00080-ip-10-236-191-2_899463259_102.csv,10,5.0,50,2517,False,True,,50,0.02469037298578769,0.005638045025989413,0.0020735349971801043,0.0009802390122786164,0.0018716829945333302,0.0030985770281404257,0.03550053003709763
tier_100k,1_1438042987127.36_20150728002307-00080-ip-10-236-191-2_899463259_102.csv,20,5.0,100,2517,False,True,,100,0.02469037298578769,0.005305569968186319,0.004030193958897144,0.001150778029114008,0.0021399710094556212,0.0035522609832696617,0.037578397896140814
tier_100k,1_1438042990112.50_20150728002310-00154-ip-10-236-191-2_303864106_21.csv,5,10.0,50,324,False,True,,50,0.03969610796775669,0.0005028140149079263,0.05496517097344622,0.001553314970806241,0.0030826900037936866,0.005000133998692036,0.10016422695480287
tier_100k,1_1438042990112.50_20150728002310-00154-ip-10-236-191-2_303864106_21.csv,10,10.0,100,324,False,True,,100,0.03969610796775669,0.00119958003051579,0.16681260702898726,0.001618446025531739,0.002268002019263804,0.004160216951277107,0.21186851197853684
tier_100k,1_1438042990112.50_20150728002310-00154-ip-10-236-191-2_303864106_21.csv,20,10.0,200,324,False,True,,200,0.03969610796775669,0.000845462956931442,0.1994363380363211,0.00214989494998008,0.0028154149767942727,0.005231706949416548,0.24520961591042578
tier_100k,1_1438042990112.50_20150728002310-00154-ip-10-236-191-2_303864106_21.csv,5,5.0,25,324,False,True,,25,0.03969610796775669,0.0004932740121148527,0.020192303985822946,0.0010471330024302006,0.0016901699709706008,0.002934647025540471,0.06331633299123496
tier_100k,1_1438042990112.50_20150728002310-00154-ip-10-236-191-2_303864106_21.csv,10,5.0,50,324,False,True,,50,0.03969610796775669,0.0004471800057217479,0.039478769002016634,0.0009032409870997071,0.0017684140475466847,0.002872380951885134,0.0824944379273802
tier_100k,1_1438042990112.50_20150728002310-00154-ip-10-236-191-2_303864106_21.csv,20,5.0,100,324,False,True,,100,0.03969610796775669,0.0005950360209681094,0.08087614900432527,0.001394847990013659,0.0021180210169404745,0.0037467050133273005,0.12491399800637737
tier_100k,0_1438042988458.74_20150728002308-00095-ip-10-236-191-2_520943855_0.csv,5,10.0,50,349,False,True,,50,0.03312475798884407,0.0005707949749194086,0.008344434027094394,0.0013260740088298917,0.002120518998708576,0.0036711000138893723,0.04571108700474724
tier_100k,0_1438042988458.74_20150728002308-00095-ip-10-236-191-2_520943855_0.csv,10,10.0,100,349,False,True,,100,0.03312475798884407,0.0006215809844434261,0.016044202959164977,0.001167553011327982,0.0021629969705827534,0.0035362750058993697,0.05332681693835184
tier_100k,0_1438042988458.74_20150728002308-00095-ip-10-236-191-2_520943855_0.csv,20,10.0,200,349,False,True,,200,0.03312475798884407,0.0006791149498894811,0.0318413790082559,0.0012145559885539114,0.0025643029948696494,0.004005082999356091,0.06965033494634554
tier_100k,0_1438042988458.74_20150728002308-00095-ip-10-236-191-2_520943855_0.csv,5,5.0,25,349,False,True,,25,0.03312475798884407,0.0004348010406829417,0.003988230018876493,0.0007278150296770036,0.0015053129754960537,0.002405563951469958,0.03995335299987346
tier_100k,0_1438042988458.74_20150728002308-00095-ip-10-236-191-2_520943855_0.csv,10,5.0,50,349,False,True,,50,0.03312475798884407,0.0005738100153394043,0.008620695967692882,0.0009467279887758195,0.0018335979548282921,0.002966693020425737,0.04528595699230209
tier_100k,0_1438042988458.74_20150728002308-00095-ip-10-236-191-2_520943855_0.csv,20,5.0,100,349,False,True,,100,0.03312475798884407,0.0006100860191509128,0.015670762048102915,0.0010883320355787873,0.0018475489923730493,0.003122628026176244,0.05252823408227414
tier_100k,1_1438042987127.36_20150728002307-00145-ip-10-236-191-2_499439925_0.csv,5,10.0,50,671,False,True,,50,0.029639437969308347,0.0009394960361532867,0.012493716028984636,0.0014325020019896328,0.0024003899889066815,0.004068086971528828,0.0471407370059751
tier_100k,1_1438042987127.36_20150728002307-00145-ip-10-236-191-2_499439925_0.csv,10,10.0,100,671,False,True,,100,0.029639437969308347,0.0012774969800375402,0.02561034500831738,0.0011161399888806045,0.002255889994557947,0.0035875249886885285,0.060114804946351796
tier_100k,1_1438042987127.36_20150728002307-00145-ip-10-236-191-2_499439925_0.csv,20,10.0,200,671,False,True,,200,0.029639437969308347,0.0010021780035458505,0.05303591501433402,0.001264101010747254,0.002328694041352719,0.0038352260016836226,0.08751275698887184
tier_100k,1_1438042987127.36_20150728002307-00145-ip-10-236-191-2_499439925_0.csv,5,5.0,25,671,False,True,,25,0.029639437969308347,0.0012697139754891396,0.005517506971955299,0.0007532270392403007,0.001803408027626574,0.0027382049593143165,0.0391648638760671
tier_100k,1_1438042987127.36_20150728002307-00145-ip-10-236-191-2_499439925_0.csv,10,5.0,50,671,False,True,,50,0.029639437969308347,0.0009504580521024764,0.011781927954871207,0.0009130399557761848,0.0019925959641113877,0.0030851660412736237,0.045456990017555654
tier_100k,1_1438042987127.36_20150728002307-00145-ip-10-236-191-2_499439925_0.csv,20,5.0,100,671,False,True,,100,0.029639437969308347,0.0012697649654000998,0.025033384968992323,0.0009665780235081911,0.002005257993005216,0.003159371030051261,0.05910195893375203
tier_100k,1_1438042990112.50_20150728002310-00013-ip-10-236-191-2_321346784_4.csv,5,10.0,50,983,False,True,,50,0.03635918803047389,0.0014529650215990841,0.004345159977674484,0.0014589449856430292,0.002250969992019236,0.00394527503522113,0.046102588064968586
tier_100k,1_1438042990112.50_20150728002310-00013-ip-10-236-191-2_321346784_4.csv,10,10.0,100,983,False,True,,100,0.03635918803047389,0.0015191859565675259,0.007503389031626284,0.0011152689694426954,0.0022921549971215427,0.003608556988183409,0.04899032000685111
tier_100k,1_1438042990112.50_20150728002310-00013-ip-10-236-191-2_321346784_4.csv,20,10.0,200,983,False,True,,200,0.03635918803047389,0.001536167983431369,0.013565229019150138,0.001342423027381301,0.002707590989302844,0.004341774038039148,0.05580235907109454
tier_100k,1_1438042990112.50_20150728002310-00013-ip-10-236-191-2_321346784_4.csv,5,5.0,25,983,False,True,,25,0.03635918803047389,0.002428006031550467,0.0026025730185210705,0.0008051199838519096,0.0018950439989566803,0.002878572035115212,0.04426833911566064
tier_100k,1_1438042990112.50_20150728002310-00013-ip-10-236-191-2_321346784_4.csv,10,5.0,50,983,False,True,,50,0.03635918803047389,0.0014703840133734047,0.003982430964242667,0.0007794430130161345,0.0018561329925432801,0.0028145090327598155,0.044626512040849775
tier_100k,1_1438042990112.50_20150728002310-00013-ip-10-236-191-2_321346784_4.csv,20,5.0,100,983,False,True,,100,0.03635918803047389,0.0014847510028630495,0.007302744023036212,0.0010259560076519847,0.0018332419567741454,0.00303730700397864,0.04818399006035179
tier_100k,1_1438042987127.36_20150728002307-00033-ip-10-236-191-2_482136553_0.csv,5,10.0,50,216,False,True,,50,0.03390428895363584,0.000309046998154372,0.002860961016267538,0.001232616021297872,0.0018346679862588644,0.0033608049852773547,0.040435101953335106
tier_100k,1_1438042987127.36_20150728002307-00033-ip-10-236-191-2_482136553_0.csv,10,10.0,100,216,False,True,,100,0.03390428895363584,0.000511266989633441,0.0046657019993290305,0.0010914939921349287,0.0015187140088528395,0.0028249730239622295,0.04190623096656054
tier_100k,1_1438042987127.36_20150728002307-00033-ip-10-236-191-2_482136553_0.csv,20,10.0,200,216,False,True,,200,0.03390428895363584,0.0002721440396271646,0.008720193000044674,0.0009662969969213009,0.0017491559847258031,0.002932959992904216,0.045829585986211896
tier_100k,1_1438042987127.36_20150728002307-00033-ip-10-236-191-2_482136553_0.csv,5,5.0,25,216,False,True,,25,0.03390428895363584,0.00031810300424695015,0.0012963060289621353,0.000827461015433073,0.0013898530160076916,0.002397215983364731,0.03791591397020966
tier_100k,1_1438042987127.36_20150728002307-00033-ip-10-236-191-2_482136553_0.csv,10,5.0,50,216,False,True,,50,0.03390428895363584,0.00030402798438444734,0.0023900800151750445,0.0007548989960923791,0.0015159230097196996,0.002449068007990718,0.03904746496118605
tier_100k,1_1438042987127.36_20150728002307-00033-ip-10-236-191-2_482136553_0.csv,20,5.0,100,216,False,True,,100,0.03390428895363584,0.0003223540261387825,0.004360972961876541,0.0008598259883001447,0.0014043169794604182,0.0024481500149704516,0.04103576595662162
tier_100k,0_1438042988061.16_20150728002308-00109-ip-10-236-191-2_681611335_21.csv,5,10.0,50,496,False,True,,50,0.035360620997380465,0.00108516396721825,0.010083305998705328,0.0015649640117771924,0.0019938889890909195,0.003793498035520315,0.05032258899882436
tier_100k,0_1438042988061.16_20150728002308-00109-ip-10-236-191-2_681611335_21.csv,10,10.0,100,496,False,True,,100,0.035360620997380465,0.0009376839734613895,0.02022813499206677,0.0012180979829281569,0.0021661429782398045,0.0035998800303786993,0.060126319993287325
tier_100k,0_1438042988061.16_20150728002308-00109-ip-10-236-191-2_681611335_21.csv,20,10.0,200,496,False,True,,200,0.035360620997380465,0.0010585379786789417,0.0389499610173516,0.001665071991737932,0.002602725988253951,0.004536747001111507,0.07990586699452251
tier_100k,0_1438042988061.16_20150728002308-00109-ip-10-236-191-2_681611335_21.csv,5,5.0,25,496,False,True,,25,0.035360620997380465,0.00100774597376585,0.0047287800116464496,0.0008439520024694502,0.0016294940141960979,0.002666268963366747,0.04376341594615951
tier_100k,0_1438042988061.16_20150728002308-00109-ip-10-236-191-2_681611335_21.csv,10,5.0,50,496,False,True,,50,0.035360620997380465,0.001135124999564141,0.00985293899429962,0.0010543650132603943,0.0017294360441155732,0.0029904090333729982,0.049339094024617225
tier_100k,0_1438042988061.16_20150728002308-00109-ip-10-236-191-2_681611335_21.csv,20,5.0,100,496,False,True,,100,0.035360620997380465,0.0009525819914415479,0.01916914602043107,0.0010085069807246327,0.0020951000042259693,0.003320086980238557,0.05880243598949164
tier_100k,0_1438042988061.16_20150728002308-00244-ip-10-236-191-2_65898746_2.csv,5,10.0,50,591,False,True,,50,0.030738007044419646,0.0005885990103706717,0.011533542012330145,0.0013070690329186618,0.002066039014607668,0.003596825001295656,0.04645697306841612
tier_100k,0_1438042988061.16_20150728002308-00244-ip-10-236-191-2_65898746_2.csv,10,10.0,100,591,False,True,,100,0.030738007044419646,0.000648403016384691,0.022603456978686154,0.001026467012707144,0.0019747240003198385,0.003198631980922073,0.057188499020412564
tier_100k,0_1438042988061.16_20150728002308-00244-ip-10-236-191-2_65898746_2.csv,20,10.0,200,591,False,True,,200,0.030738007044419646,0.000628068984951824,0.04567098099505529,0.0015171110280789435,0.001995305996388197,0.003789472975768149,0.08082653000019491
tier_100k,0_1438042988061.16_20150728002308-00244-ip-10-236-191-2_65898746_2.csv,5,5.0,25,591,False,True,,25,0.030738007044419646,0.0010948169510811567,0.009576712036505342,0.0009925619815476239,0.0013925369712524116,0.0026263929903507233,0.04403592902235687
tier_100k,0_1438042988061.16_20150728002308-00244-ip-10-236-191-2_65898746_2.csv,10,5.0,50,591,False,True,,50,0.030738007044419646,0.0010462600039318204,0.01499008503742516,0.0008595309918746352,0.0021451240172609687,0.003215114993508905,0.04998946707928553
tier_100k,0_1438042988061.16_20150728002308-00244-ip-10-236-191-2_65898746_2.csv,20,5.0,100,591,False,True,,100,0.030738007044419646,0.001026082958560437,0.02516944898525253,0.0011517470120452344,0.0017560439882799983,0.00314546498702839,0.060079003975261
tier_100k,0_1438042988061.16_20150728002308-00215-ip-10-236-191-2_362876303_35.csv,5,10.0,50,640,False,True,,50,0.026920760981738567,0.0009040480363182724,0.01059541996801272,0.001670945028308779,0.002265351009555161,0.0042031980119645596,0.04262342699803412
tier_100k,0_1438042988061.16_20150728002308-00215-ip-10-236-191-2_362876303_35.csv,10,10.0,100,640,False,True,,100,0.026920760981738567,0.0017387859988957644,0.02450121199944988,0.0012050520163029432,0.001840839977376163,0.0032972139888443053,0.056457972968928516
tier_100k,0_1438042988061.16_20150728002308-00215-ip-10-236-191-2_362876303_35.csv,20,10.0,200,640,False,True,,200,0.026920760981738567,0.0017851979937404394,0.04498335800599307,0.0013619920355267823,0.002722010016441345,0.004355549986939877,0.07804486696841195
tier_100k,0_1438042988061.16_20150728002308-00215-ip-10-236-191-2_362876303_35.csv,5,5.0,25,640,False,True,,25,0.026920760981738567,0.001695036015007645,0.008196526963729411,0.0009450839716009796,0.0017905450076796114,0.0029284670017659664,0.03974079096224159
tier_100k,0_1438042988061.16_20150728002308-00215-ip-10-236-191-2_362876303_35.csv,10,5.0,50,640,False,True,,50,0.026920760981738567,0.0010243370197713375,0.011042233963962644,0.0008157449774444103,0.0015849139890633523,0.002618268015794456,0.041605599981267005
tier_100k,0_1438042988061.16_20150728002308-00215-ip-10-236-191-2_362876303_35.csv,20,5.0,100,640,False,True,,100,0.026920760981738567,0.0017275470308959484,0.024926165002398193,0.0012213120353408158,0.0019669230096042156,0.0034042519982904196,0.05697872501332313
tier_100k,1_1438042990112.50_20150728002310-00312-ip-10-236-191-2_3243890_59.csv,5,10.0,50,282,False,True,,50,0.038809158955700696,0.0004891650169156492,0.004657696990761906,0.0012879939749836922,0.0021927289781160653,0.0037455030251294374,0.04770152398850769
tier_100k,1_1438042990112.50_20150728002310-00312-ip-10-236-191-2_3243890_59.csv,10,10.0,100,282,False,True,,100,0.038809158955700696,0.0008903039852157235,0.012780992954503745,0.0012823030119761825,0.0021919109858572483,0.003717691986821592,0.056198147882241756
tier_100k,1_1438042990112.50_20150728002310-00312-ip-10-236-191-2_3243890_59.csv,20,10.0,200,282,False,True,,200,0.038809158955700696,0.0009623300284147263,0.02223422098904848,0.0012696600169874728,0.0027999120065942407,0.004343288019299507,0.06634899799246341
tier_100k,1_1438042990112.50_20150728002310-00312-ip-10-236-191-2_3243890_59.csv,5,5.0,25,282,False,True,,25,0.038809158955700696,0.0008841279777698219,0.00415936199715361,0.0010827449732460082,0.001993107027374208,0.003314153989776969,0.047166802920401096
tier_100k,1_1438042990112.50_20150728002310-00312-ip-10-236-191-2_3243890_59.csv,10,5.0,50,282,False,True,,50,0.038809158955700696,0.0008210139931179583,0.007703532988671213,0.0009332349873147905,0.001601625990588218,0.002761066018138081,0.05009477195562795
tier_100k,1_1438042990112.50_20150728002310-00312-ip-10-236-191-2_3243890_59.csv,20,5.0,100,282,False,True,,100,0.038809158955700696,0.0008663629996590316,0.012380254978779703,0.0008255619904957712,0.002238450979348272,0.0032748490339145064,0.05533062596805394
tier_100k,1_1438042990112.50_20150728002310-00085-ip-10-236-191-2_403435483_3.csv,5,10.0,50,407,False,True,,50,0.03584935300750658,0.000414490990806371,0.0022018449963070452,0.0014641740126535296,0.001879747025668621,0.003608776954934001,0.042074465949553996
tier_100k,1_1438042990112.50_20150728002310-00085-ip-10-236-191-2_403435483_3.csv,10,10.0,100,407,False,True,,100,0.03584935300750658,0.0009973979904316366,0.0071129099815152586,0.0010370130185037851,0.0022730259806849062,0.003555615956429392,0.047515276935882866
tier_100k,1_1438042990112.50_20150728002310-00085-ip-10-236-191-2_403435483_3.csv,20,10.0,200,407,False,True,,200,0.03584935300750658,0.0010477780015207827,0.010947586968541145,0.0010519729694351554,0.002598599996417761,0.00389166601235047,0.05173638398991898
tier_100k,1_1438042990112.50_20150728002310-00085-ip-10-236-191-2_403435483_3.csv,5,5.0,25,407,False,True,,25,0.03584935300750658,0.0007105090189725161,0.0018557279836386442,0.0010484239901416004,0.0017053690389730036,0.0030118069844320416,0.04142739699454978
tier_100k,1_1438042990112.50_20150728002310-00085-ip-10-236-191-2_403435483_3.csv,10,5.0,50,407,False,True,,50,0.03584935300750658,0.0006583950016647577,0.0033613929990679026,0.0009466439951211214,0.0020330649567767978,0.003212936979252845,0.043082077987492085
tier_100k,1_1438042990112.50_20150728002310-00085-ip-10-236-191-2_403435483_3.csv,20,5.0,100,407,False,True,,100,0.03584935300750658,0.0009742479887790978,0.006806352990679443,0.0009234700119122863,0.001909791026264429,0.003061625990085304,0.046691579977050424
tier_100k,0_1438042988061.16_20150728002308-00194-ip-10-236-191-2_846810834_13.csv,5,10.0,50,246,False,True,,50,0.024892120040021837,0.0003207160043530166,0.019130446016788483,0.001455638965126127,0.002024310000706464,0.0037466540234163404,0.048089936084579676
tier_100k,0_1438042988061.16_20150728002308-00194-ip-10-236-191-2_846810834_13.csv,10,10.0,100,246,False,True,,100,0.024892120040021837,0.0005690630059689283,0.03848018602002412,0.0014141799765639007,0.0019545130198821425,0.0036165539640933275,0.06755792303010821
tier_100k,0_1438042988061.16_20150728002308-00194-ip-10-236-191-2_846810834_13.csv,20,10.0,200,246,False,True,,200,0.024892120040021837,0.000643317005597055,0.07260055799270049,0.001784379011951387,0.004195801040623337,0.0062669970211572945,0.10440299205947667
tier_100k,0_1438042988061.16_20150728002308-00194-ip-10-236-191-2_846810834_13.csv,5,5.0,25,246,False,True,,25,0.024892120040021837,0.0005360490176826715,0.012200758967082947,0.0010999040096066892,0.001468272996135056,0.002777785004582256,0.04040671302936971
tier_100k,0_1438042988061.16_20150728002308-00194-ip-10-236-191-2_846810834_13.csv,10,5.0,50,246,False,True,,50,0.024892120040021837,0.0005477829836308956,0.02239231503335759,0.0010914730373769999,0.0021161289769224823,0.003430286014918238,0.05126250407192856
tier_100k,0_1438042988061.16_20150728002308-00194-ip-10-236-191-2_846810834_13.csv,20,5.0,100,246,False,True,,100,0.024892120040021837,0.0005667099612765014,0.039314955996815115,0.0013495040475390851,0.0022597989882342517,0.003844122984446585,0.06861790898256004
tier_100k,1_1438042990112.50_20150728002310-00286-ip-10-236-191-2_318221297_4.csv,5,10.0,50,955,False,True,,50,0.03818341897567734,0.0013888690154999495,0.0036640369798988104,0.0015050570364110172,0.002181641000788659,0.003932435996830463,0.047168760967906564
tier_100k,1_1438042990112.50_20150728002310-00286-ip-10-236-191-2_318221297_4.csv,10,10.0,100,955,False,True,,100,0.03818341897567734,0.0024369360180571675,0.008651170006487519,0.0010413359850645065,0.0019970409921370447,0.0032973969937302172,0.052568921993952245
tier_100k,1_1438042990112.50_20150728002310-00286-ip-10-236-191-2_318221297_4.csv,20,10.0,200,955,False,True,,200,0.03818341897567734,0.002455855952575803,0.01474368100753054,0.001131722005084157,0.0024254880263470113,0.003808103036135435,0.05919105897191912
tier_100k,1_1438042990112.50_20150728002310-00286-ip-10-236-191-2_318221297_4.csv,5,5.0,25,955,False,True,,25,0.03818341897567734,0.002357143966946751,0.0033339299843646586,0.0010067090042866766,0.0017448060098104179,0.0029754589777439833,0.046849951904732734
tier_100k,1_1438042990112.50_20150728002310-00286-ip-10-236-191-2_318221297_4.csv,10,5.0,50,955,False,True,,50,0.03818341897567734,0.0023705139756202698,0.006577511026989669,0.0007622879929840565,0.0017406150000169873,0.0027063610032200813,0.04983780498150736
tier_100k,1_1438042990112.50_20150728002310-00286-ip-10-236-191-2_318221297_4.csv,20,5.0,100,955,False,True,,100,0.03818341897567734,0.0023832639562897384,0.008793723012786359,0.001122425019275397,0.0017879109946079552,0.0031224990379996598,0.0524829049827531
tier_100k,1_1438042987127.36_20150728002307-00290-ip-10-236-191-2_407999777_10.csv,5,10.0,50,317,False,True,,50,0.03888825903413817,0.00036837003426626325,0.005531130998861045,0.0013141839881427586,0.0020564640290103853,0.00361173803685233,0.04839949810411781
tier_100k,1_1438042987127.36_20150728002307-00290-ip-10-236-191-2_407999777_10.csv,10,10.0,100,317,False,True,,100,0.03888825903413817,0.0008983819861896336,0.013593406009022146,0.0009300549863837659,0.001835992035921663,0.00299769698176533,0.05637774401111528
tier_100k,1_1438042987127.36_20150728002307-00290-ip-10-236-191-2_407999777_10.csv,20,10.0,200,317,False,True,,200,0.03888825903413817,0.0012178670149296522,0.023034286045003682,0.0012488230131566525,0.004868975025601685,0.006376083998475224,0.06951649609254673
tier_100k,1_1438042987127.36_20150728002307-00290-ip-10-236-191-2_407999777_10.csv,5,5.0,25,317,False,True,,25,0.03888825903413817,0.0006105320062488317,0.004911967029329389,0.0009328750311397016,0.001616917026694864,0.0027422179700806737,0.04715297603979707
tier_100k,1_1438042987127.36_20150728002307-00290-ip-10-236-191-2_407999777_10.csv,10,5.0,50,317,False,True,,50,0.03888825903413817,0.000368952052667737,0.005334450979717076,0.0007773879915475845,0.0016199800302274525,0.00259318295866251,0.047184845025185496
tier_100k,1_1438042987127.36_20150728002307-00290-ip-10-236-191-2_407999777_10.csv,20,5.0,100,317,False,True,,100,0.03888825903413817,0.0008851179736666381,0.014056177984457463,0.0013058269978500903,0.0019840989843942225,0.003501972008962184,0.05733152700122446
tier_100k,0_1438042988458.74_20150728002308-00166-ip-10-236-191-2_302386578_10.csv,5,10.0,50,440,False,True,,50,0.034556493046693504,0.0007249570335261524,0.0073784670094028115,0.001281262026168406,0.0022781830048188567,0.0038257899577729404,0.04648570704739541
tier_100k,0_1438042988458.74_20150728002308-00166-ip-10-236-191-2_302386578_10.csv,10,10.0,100,440,False,True,,100,0.034556493046693504,0.0015580959734506905,0.01483331504277885,0.0011079840478487313,0.0019214929779991508,0.0032717299764044583,0.0542196340393275
tier_100k,0_1438042988458.74_20150728002308-00166-ip-10-236-191-2_302386578_10.csv,20,10.0,200,440,False,True,,200,0.034556493046693504,0.0013739009737037122,0.03263875201810151,0.0013934879680164158,0.0021986280335113406,0.00385666498914361,0.07242581102764234
tier_100k,0_1438042988458.74_20150728002308-00166-ip-10-236-191-2_302386578_10.csv,5,5.0,25,440,False,True,,25,0.034556493046693504,0.0008993119699880481,0.0069770130212418735,0.0009542520274408162,0.0019324409659020603,0.0030669039697386324,0.04549972200766206
tier_100k,0_1438042988458.74_20150728002308-00166-ip-10-236-191-2_302386578_10.csv,10,5.0,50,440,False,True,,50,0.034556493046693504,0.0007183350389823318,0.006967512017581612,0.0007797710131853819,0.0013913959846831858,0.002341212995816022,0.04458355309907347
tier_100k,0_1438042988458.74_20150728002308-00166-ip-10-236-191-2_302386578_10.csv,20,5.0,100,440,False,True,,100,0.034556493046693504,0.0009241480147466063,0.0143648850498721,0.0010070870048366487,0.0018909339560195804,0.003116752952337265,0.052962279063649476
tier_100k,0_1438042988458.74_20150728002308-00253-ip-10-236-191-2_222600153_3.csv,5,10.0,50,309,False,True,,50,0.03537666698684916,0.0003986800438724458,0.04613394394982606,0.0018889839993789792,0.001900931994896382,0.00403827300760895,0.08594756398815662
tier_100k,0_1438042988458.74_20150728002308-00253-ip-10-236-191-2_222600153_3.csv,10,10.0,100,309,False,True,,100,0.03537666698684916,0.0009274040348827839,0.09100664797006175,0.0012981549953110516,0.0029497219948098063,0.004497670044656843,0.13180838903645054
tier_100k,0_1438042988458.74_20150728002308-00253-ip-10-236-191-2_222600153_3.csv,20,10.0,200,309,False,True,,200,0.03537666698684916,0.0010241609998047352,0.1833404490025714,0.001914182968903333,0.003507638000883162,0.005723779962863773,0.22546505695208907
tier_100k,0_1438042988458.74_20150728002308-00253-ip-10-236-191-2_222600153_3.csv,5,5.0,25,309,False,True,,25,0.03537666698684916,0.0006794939981773496,0.02697731595253572,0.0010956819751299918,0.0017594069940969348,0.003087577992118895,0.06612105492968112
tier_100k,0_1438042988458.74_20150728002308-00253-ip-10-236-191-2_222600153_3.csv,10,5.0,50,309,False,True,,50,0.03537666698684916,0.0006821550196036696,0.0481343170395121,0.001184364955406636,0.0018441270221956074,0.0032649359782226384,0.08745807502418756
tier_100k,0_1438042988458.74_20150728002308-00253-ip-10-236-191-2_222600153_3.csv,20,5.0,100,309,False,True,,100,0.03537666698684916,0.000923928979318589,0.09774121799273416,0.001570052991155535,0.002987498010043055,0.004863660025876015,0.13890547398477793
tier_100k,1_1438042990112.50_20150728002310-00237-ip-10-236-191-2_880298254_15.csv,5,10.0,50,2487,False,True,,50,0.02539845701539889,0.0036144349724054337,0.002381479018367827,0.001712716999463737,0.00198415998602286,0.00400159100536257,0.03539596201153472
tier_100k,1_1438042990112.50_20150728002310-00237-ip-10-236-191-2_880298254_15.csv,10,10.0,100,2487,False,True,,100,0.02539845701539889,0.005611219035927206,0.004175621026661247,0.0011847099522128701,0.0022086829994805157,0.0036620639730244875,0.03884736105101183
tier_100k,1_1438042990112.50_20150728002310-00237-ip-10-236-191-2_880298254_15.csv,20,10.0,200,2487,False,True,,200,0.02539845701539889,0.005232990020886064,0.008346191956661642,0.0012990719988010824,0.0029500730452127755,0.004535846004728228,0.04351348499767482
tier_100k,1_1438042990112.50_20150728002310-00237-ip-10-236-191-2_880298254_15.csv,5,5.0,25,2487,False,True,,25,0.02539845701539889,0.005299622018355876,0.0010871349950321019,0.0008644349873065948,0.0014887989964336157,0.002598326012957841,0.03438354004174471
tier_100k,1_1438042990112.50_20150728002310-00237-ip-10-236-191-2_880298254_15.csv,10,5.0,50,2487,False,True,,50,0.02539845701539889,0.005605979007668793,0.0020631070365197957,0.0008800809737294912,0.0021087219938635826,0.003240482008550316,0.036308025068137795
tier_100k,1_1438042990112.50_20150728002310-00237-ip-10-236-191-2_880298254_15.csv,20,5.0,100,2487,False,True,,100,0.02539845701539889,0.005576219002250582,0.004020114021841437,0.0012196279712952673,0.0023851909791119397,0.003865136008244008,0.038859926047734916
tier_100k,0_1438042988061.16_20150728002308-00089-ip-10-236-191-2_807127666_2.csv,5,10.0,50,706,False,True,,50,0.0355849220068194,0.001383639988489449,0.010799081006553024,0.0016442489577457309,0.0022474370198324323,0.004198106005787849,0.05196574900764972
tier_100k,0_1438042988061.16_20150728002308-00089-ip-10-236-191-2_807127666_2.csv,10,10.0,100,706,False,True,,100,0.0355849220068194,0.0023867739946581423,0.02212809002958238,0.0014709430397488177,0.0024190190015360713,0.004175262991338968,0.06427504902239889
tier_100k,0_1438042988061.16_20150728002308-00089-ip-10-236-191-2_807127666_2.csv,20,10.0,200,706,False,True,,200,0.0355849220068194,0.0024233629810623825,0.042081738996785134,0.001775143959093839,0.0034365530009381473,0.005528034002054483,0.0856180579867214
tier_100k,0_1438042988061.16_20150728002308-00089-ip-10-236-191-2_807127666_2.csv,5,5.0,25,706,False,True,,25,0.0355849220068194,0.003086304001044482,0.005607298982795328,0.0009559610043652356,0.002619676000904292,0.0038610309711657465,0.048139555961824954
tier_100k,0_1438042988061.16_20150728002308-00089-ip-10-236-191-2_807127666_2.csv,10,5.0,50,706,False,True,,50,0.0355849220068194,0.0023302219924516976,0.011774872022215277,0.0011550210183486342,0.0022238210076466203,0.00363240297883749,0.05332241900032386
tier_100k,0_1438042988061.16_20150728002308-00089-ip-10-236-191-2_807127666_2.csv,20,5.0,100,706,False,True,,100,0.0355849220068194,0.002381893980782479,0.021299368992913514,0.0014655939885415137,0.0022794889518991113,0.004015018988866359,0.06328120396938175
tier_100k,0_1438042988458.74_20150728002308-00060-ip-10-236-191-2_492355315_1.csv,5,10.0,50,591,False,True,,50,0.03381012100726366,0.0007316389819607139,0.013842272979672998,0.0016076340107247233,0.002440602984279394,0.004383338964544237,0.05276737193344161
tier_100k,0_1438042988458.74_20150728002308-00060-ip-10-236-191-2_492355315_1.csv,10,10.0,100,591,False,True,,100,0.03381012100726366,0.0010466829990036786,0.02620929997647181,0.0014865000266581774,0.002242357993964106,0.003985371033195406,0.06505147501593456
tier_100k,0_1438042988458.74_20150728002308-00060-ip-10-236-191-2_492355315_1.csv,20,10.0,200,591,False,True,,200,0.03381012100726366,0.0010744670289568603,0.04754780902294442,0.0014204920153133571,0.0019031109986826777,0.003595963993575424,0.08602836105274037
tier_100k,0_1438042988458.74_20150728002308-00060-ip-10-236-191-2_492355315_1.csv,5,5.0,25,591,False,True,,25,0.03381012100726366,0.0010235209483653307,0.009580445010215044,0.0009925629710778594,0.0018569109961390495,0.0030672569992020726,0.04748134396504611
tier_100k,0_1438042988458.74_20150728002308-00060-ip-10-236-191-2_492355315_1.csv,10,5.0,50,591,False,True,,50,0.03381012100726366,0.0010023389477282763,0.014577560010366142,0.0009689299622550607,0.0017699449672363698,0.0029667330090887845,0.05235675297444686
tier_100k,0_1438042988458.74_20150728002308-00060-ip-10-236-191-2_492355315_1.csv,20,5.0,100,591,False,True,,100,0.03381012100726366,0.0010057250037789345,0.026552568015176803,0.0010266810422763228,0.0020348740508779883,0.00329184700967744,0.06466026103589684
tier_100k,1_1438042990112.50_20150728002310-00296-ip-10-236-191-2_202658094_3.csv,5,10.0,50,484,False,True,,50,0.039768426038790494,0.0006514620035886765,0.006653759046457708,0.0018028480117209256,0.0021119880257174373,0.0041816249722614884,0.05125527206109837
tier_100k,1_1438042990112.50_20150728002310-00296-ip-10-236-191-2_202658094_3.csv,10,10.0,100,484,False,True,,100,0.039768426038790494,0.0011415359913371503,0.016818066011182964,0.001228122040629387,0.002088924986310303,0.0035565360449254513,0.06128456408623606
tier_100k,1_1438042990112.50_20150728002310-00296-ip-10-236-191-2_202658094_3.csv,20,10.0,200,484,False,True,,200,0.039768426038790494,0.0015957370051182806,0.02826524298870936,0.0011226630304008722,0.0029126000008545816,0.004298717016354203,0.07392812304897234
tier_100k,1_1438042990112.50_20150728002310-00296-ip-10-236-191-2_202658094_3.csv,5,5.0,25,484,False,True,,25,0.039768426038790494,0.0011603079619817436,0.005976343003567308,0.001032260013744235,0.0017617149860598147,0.003020168049260974,0.04992524505360052
tier_100k,1_1438042990112.50_20150728002310-00296-ip-10-236-191-2_202658094_3.csv,10,5.0,50,484,False,True,,50,0.039768426038790494,0.0010798480361700058,0.0096064189565368,0.0009420980350114405,0.001533397997263819,0.002695559000130743,0.05315025203162804
tier_100k,1_1438042990112.50_20150728002310-00296-ip-10-236-191-2_202658094_3.csv,20,5.0,100,484,False,True,,100,0.039768426038790494,0.0011161519796587527,0.0164758829632774,0.0008835759945213795,0.0022097830078564584,0.003310566011350602,0.06067102699307725
tier_100k,1_1438042988061.16_20150728002308-00013-ip-10-236-191-2_636339982_0.csv,5,10.0,50,591,False,True,,50,0.031247260980308056,0.0005886509898118675,0.011114266992080957,0.0013066949904896319,0.0017599849961698055,0.0033286670222878456,0.046278845984488726
tier_100k,1_1438042988061.16_20150728002308-00013-ip-10-236-191-2_636339982_0.csv,10,10.0,100,591,False,True,,100,0.031247260980308056,0.0010351319797337055,0.026059316005557775,0.0009756959625519812,0.001905855955556035,0.0031164370011538267,0.061458145966753364
tier_100k,1_1438042988061.16_20150728002308-00013-ip-10-236-191-2_636339982_0.csv,20,10.0,200,591,False,True,,200,0.031247260980308056,0.001039873983245343,0.04769141599535942,0.001238733995705843,0.0018109280499629676,0.0033098249696195126,0.08328837592853233
tier_100k,1_1438042988061.16_20150728002308-00013-ip-10-236-191-2_636339982_0.csv,5,5.0,25,591,False,True,,25,0.031247260980308056,0.0009843620355241,0.009534050012007356,0.0008990179630927742,0.002017857041209936,0.0031180059886537492,0.04488367901649326
tier_100k,1_1438042988061.16_20150728002308-00013-ip-10-236-191-2_636339982_0.csv,10,5.0,50,591,False,True,,50,0.031247260980308056,0.0009931259555742145,0.014538757037371397,0.0007824010099284351,0.0014444210100919008,0.0024367999867536128,0.04921594396000728
tier_100k,1_1438042988061.16_20150728002308-00013-ip-10-236-191-2_636339982_0.csv,20,5.0,100,591,False,True,,100,0.031247260980308056,0.0010084810201078653,0.025976049015298486,0.0010287570185028017,0.0017884430126287043,0.003028728999197483,0.06126052001491189
tier_100k,1_1438042987127.36_20150728002307-00294-ip-10-236-191-2_390417830_16.csv,5,10.0,50,667,False,True,,50,0.03333690599538386,0.0006851499783806503,0.008636195037979633,0.0012677200138568878,0.0020135900122113526,0.003514165000524372,0.04617241601226851
tier_100k,1_1438042987127.36_20150728002307-00294-ip-10-236-191-2_390417830_16.csv,10,10.0,100,667,False,True,,100,0.03333690599538386,0.0007287629996426404,0.016564499004743993,0.001037715992424637,0.001931607024744153,0.003201315994374454,0.053831483994144946
tier_100k,1_1438042987127.36_20150728002307-00294-ip-10-236-191-2_390417830_16.csv,20,10.0,200,667,False,True,,200,0.03333690599538386,0.0011558470432646573,0.03730421303771436,0.001222974038682878,0.003624333010520786,0.005110046011395752,0.07690701208775863
tier_100k,1_1438042987127.36_20150728002307-00294-ip-10-236-191-2_390417830_16.csv,5,5.0,25,667,False,True,,25,0.03333690599538386,0.0011236050049774349,0.006703006976749748,0.0010443030041642487,0.0020579909905791283,0.003312218002974987,0.04447573598008603
tier_100k,1_1438042987127.36_20150728002307-00294-ip-10-236-191-2_390417830_16.csv,10,5.0,50,667,False,True,,50,0.03333690599538386,0.001126672956161201,0.00823399395449087,0.0009801030391827226,0.0018038489506579936,0.002960780984722078,0.04565835389075801
tier_100k,1_1438042987127.36_20150728002307-00294-ip-10-236-191-2_390417830_16.csv,20,5.0,100,667,False,True,,100,0.03333690599538386,0.0007037659524939954,0.016177193960174918,0.001049552985932678,0.0019857489969581366,0.0032527829753234982,0.05347064888337627
tier_100k,0_1438042988458.74_20150728002308-00254-ip-10-236-191-2_909417374_257.csv,5,10.0,50,2461,False,True,,50,0.022853686998132616,0.002878909988794476,0.0018955230480059981,0.0013812240213155746,0.0019382419995963573,0.003565449034795165,0.031193569069728255
tier_100k,0_1438042988458.74_20150728002308-00254-ip-10-236-191-2_909417374_257.csv,10,10.0,100,2461,False,True,,100,0.022853686998132616,0.004784070013556629,0.005094246007502079,0.0010163219994865358,0.0016901360359042883,0.0029291300452314317,0.035661133064422756
tier_100k,0_1438042988458.74_20150728002308-00254-ip-10-236-191-2_909417374_257.csv,20,10.0,200,2461,False,True,,200,0.022853686998132616,0.004772234009578824,0.008432221016846597,0.0012226200196892023,0.002279415028169751,0.0037321540294215083,0.039790296053979546
tier_100k,0_1438042988458.74_20150728002308-00254-ip-10-236-191-2_909417374_257.csv,5,5.0,25,2461,False,True,,25,0.022853686998132616,0.004714426991995424,0.0015642099897377193,0.0009591359994374216,0.0015944530023261905,0.00272491603391245,0.03185724001377821
tier_100k,0_1438042988458.74_20150728002308-00254-ip-10-236-191-2_909417374_257.csv,10,5.0,50,2461,False,True,,50,0.022853686998132616,0.002901920990552753,0.0016729749622754753,0.0009239480132237077,0.0017046679859049618,0.0027987720095552504,0.030227354960516095
tier_100k,0_1438042988458.74_20150728002308-00254-ip-10-236-191-2_909417374_257.csv,20,5.0,100,2461,False,True,,100,0.022853686998132616,0.002935557975433767,0.0032478169887326658,0.0009075750131160021,0.001555114984512329,0.002639307000208646,0.031676368962507695
tier_100k,0_1438042988061.16_20150728002308-00101-ip-10-236-191-2_653250037_0.csv,5,10.0,50,278,False,True,,50,0.03378591500222683,0.0005770809948444366,0.008951293013524264,0.0015603999490849674,0.0021458560368046165,0.003933497006073594,0.047247786016669124
tier_100k,0_1438042988061.16_20150728002308-00101-ip-10-236-191-2_653250037_0.csv,10,10.0,100,278,False,True,,100,0.03378591500222683,0.000594444980379194,0.01737241802038625,0.0011589950299821794,0.0019006499787792563,0.0032731459941715,0.05502592399716377
tier_100k,0_1438042988061.16_20150728002308-00101-ip-10-236-191-2_653250037_0.csv,20,10.0,200,278,False,True,,200,0.03378591500222683,0.0006642889929935336,0.03271831601159647,0.0013377300347201526,0.0021975930430926383,0.00375716999405995,0.07092569000087678
tier_100k,0_1438042988061.16_20150728002308-00101-ip-10-236-191-2_653250037_0.csv,5,5.0,25,278,False,True,,25,0.03378591500222683,0.0005122989532537758,0.004329573013819754,0.0007574380142614245,0.0015382430283352733,0.002457542985212058,0.04108532995451242
tier_100k,0_1438042988061.16_20150728002308-00101-ip-10-236-191-2_653250037_0.csv,10,5.0,50,278,False,True,,50,0.03378591500222683,0.0005404960247687995,0.00867319997632876,0.000838784035295248,0.0017893029726110399,0.002801146009005606,0.045800757012329996
tier_100k,0_1438042988061.16_20150728002308-00101-ip-10-236-191-2_653250037_0.csv,20,5.0,100,278,False,True,,100,0.03378591500222683,0.0005858779768459499,0.016308169986587018,0.0010944110108539462,0.00204305601073429,0.0033271960564889014,0.0540071590221487
tier_100k,0_1438042988458.74_20150728002308-00046-ip-10-236-191-2_428007644_11.csv,5,10.0,50,737,False,True,,50,0.0237064870307222,0.000799503002781421,0.010206701990682632,0.0014828480198048055,0.0017517409869469702,0.0034713150234892964,0.03818400704767555
tier_100k,0_1438042988458.74_20150728002308-00046-ip-10-236-191-2_428007644_11.csv,10,10.0,100,737,False,True,,100,0.0237064870307222,0.0013943500234745443,0.023583417001646012,0.0011676480062305927,0.00205969501985237,0.0034569159615784883,0.052141170017421246
tier_100k,0_1438042988458.74_20150728002308-00046-ip-10-236-191-2_428007644_11.csv,20,10.0,200,737,False,True,,200,0.0237064870307222,0.0014054900384508073,0.041610958985984325,0.0011229770025238395,0.0018790150061249733,0.003269389970228076,0.06999232602538541
tier_100k,0_1438042988458.74_20150728002308-00046-ip-10-236-191-2_428007644_11.csv,5,5.0,25,737,False,True,,25,0.0237064870307222,0.0013558670179918408,0.008685084991157055,0.0007752570090815425,0.0015945470076985657,0.0025963220396079123,0.03634376107947901
tier_100k,0_1438042988458.74_20150728002308-00046-ip-10-236-191-2_428007644_11.csv,10,5.0,50,737,False,True,,50,0.0237064870307222,0.0013779430300928652,0.013528606970794499,0.0007237649988383055,0.0015570239629596472,0.002468837017659098,0.04108187404926866
tier_100k,0_1438042988458.74_20150728002308-00046-ip-10-236-191-2_428007644_11.csv,20,5.0,100,737,False,True,,100,0.0237064870307222,0.0013769760262221098,0.023074518016073853,0.0008326590177603066,0.0014405220281332731,0.002490929968189448,0.05064891104120761
tier_100k,1_1438042987127.36_20150728002307-00290-ip-10-236-191-2_469307566_0.csv,5,10.0,50,582,False,True,,50,0.02833579102298245,0.0005592220113612711,0.024268809997010976,0.0014319930342026055,0.0021836660453118384,0.0038508150028064847,0.05701463803416118
tier_100k,1_1438042987127.36_20150728002307-00290-ip-10-236-191-2_469307566_0.csv,10,10.0,100,582,False,True,,100,0.02833579102298245,0.001082813018001616,0.051705215009860694,0.001691234007012099,0.002425285056233406,0.004374612995889038,0.0854984320467338
tier_100k,1_1438042987127.36_20150728002307-00290-ip-10-236-191-2_469307566_0.csv,20,10.0,200,582,False,True,,200,0.02833579102298245,0.0011744829826056957,0.09990243799984455,0.0017910579917952418,0.0024516850244253874,0.004518072004429996,0.1339307840098627
tier_100k,1_1438042987127.36_20150728002307-00290-ip-10-236-191-2_469307566_0.csv,5,5.0,25,582,False,True,,25,0.02833579102298245,0.0011218939907848835,0.016625133983325213,0.0011992529616691172,0.0016373120015487075,0.0030470569618046284,0.04912987595889717
tier_100k,1_1438042987127.36_20150728002307-00290-ip-10-236-191-2_469307566_0.csv,10,5.0,50,582,False,True,,50,0.02833579102298245,0.0010845049982890487,0.028502774017397314,0.0009015139658004045,0.002244358998723328,0.0033536740229465067,0.06127674406161532
tier_100k,1_1438042987127.36_20150728002307-00290-ip-10-236-191-2_469307566_0.csv,20,5.0,100,582,False,True,,100,0.02833579102298245,0.0010672379867173731,0.051271164033096284,0.0012222430086694658,0.0016304170130752027,0.0030937209958210588,0.08376791403861716
tier_100k,1_1438042990112.50_20150728002310-00062-ip-10-236-191-2_896744244_9.csv,5,10.0,50,2456,False,True,,50,0.02283103298395872,0.0028386330232024193,0.0018581949989311397,0.0012153790448792279,0.0018910689977928996,0.00332547101425007,0.03085333202034235
tier_100k,1_1438042990112.50_20150728002310-00062-ip-10-236-191-2_896744244_9.csv,10,10.0,100,2456,False,True,,100,0.02283103298395872,0.002915622026193887,0.0034022859763354063,0.0008362560183741152,0.001705957984086126,0.002731846005190164,0.03188078699167818
tier_100k,1_1438042990112.50_20150728002310-00062-ip-10-236-191-2_896744244_9.csv,20,10.0,200,2456,False,True,,200,0.02283103298395872,0.0029955929494462907,0.006613831035792828,0.001083752023987472,0.0030460170237347484,0.004380313970614225,0.036820770939812064
tier_100k,1_1438042990112.50_20150728002310-00062-ip-10-236-191-2_896744244_9.csv,5,5.0,25,2456,False,True,,25,0.02283103298395872,0.0048685179790481925,0.0015669610002078116,0.0009343129931949079,0.001453033008147031,0.0026042420067824423,0.03187075396999717
tier_100k,1_1438042990112.50_20150728002310-00062-ip-10-236-191-2_896744244_9.csv,10,5.0,50,2456,False,True,,50,0.02283103298395872,0.0047048190026544034,0.003032948006875813,0.0009761169785633683,0.0017215799889527261,0.002903626998886466,0.033472426992375404
tier_100k,1_1438042990112.50_20150728002310-00062-ip-10-236-191-2_896744244_9.csv,20,5.0,100,2456,False,True,,100,0.02283103298395872,0.004735090013127774,0.005052606051322073,0.0011046240106225014,0.0016317260451614857,0.0029565939912572503,0.03557532303966582
tier_100k,1_1438042990112.50_20150728002310-00225-ip-10-236-191-2_718036865_0.csv,5,10.0,50,551,False,True,,50,0.03923165297601372,0.0010075890459120274,0.004863340000156313,0.0014178100391291082,0.0019588929717428982,0.003629610000643879,0.04873219202272594
tier_100k,1_1438042990112.50_20150728002310-00225-ip-10-236-191-2_718036865_0.csv,10,10.0,100,551,False,True,,100,0.03923165297601372,0.0017711499822326005,0.01243953499943018,0.0011623179889284074,0.002191376988776028,0.0035792170092463493,0.05702155496692285
tier_100k,1_1438042990112.50_20150728002310-00225-ip-10-236-191-2_718036865_0.csv,20,10.0,200,551,False,True,,200,0.03923165297601372,0.0013844920322299004,0.01926044002175331,0.001441812957637012,0.002317443024367094,0.00399720499990508,0.06387379002990201
tier_100k,1_1438042990112.50_20150728002310-00225-ip-10-236-191-2_718036865_0.csv,5,5.0,25,551,False,True,,25,0.03923165297601372,0.0012855629902333021,0.004546236013993621,0.001167978043667972,0.0017817509942688048,0.0032193459919653833,0.048282797972206026
tier_100k,1_1438042990112.50_20150728002310-00225-ip-10-236-191-2_718036865_0.csv,10,5.0,50,551,False,True,,50,0.03923165297601372,0.0017084070132113993,0.008033196965698153,0.0008970009512268007,0.001780279038939625,0.002867099014110863,0.051840355969034135
tier_100k,1_1438042990112.50_20150728002310-00225-ip-10-236-191-2_718036865_0.csv,20,5.0,100,551,False,True,,100,0.03923165297601372,0.0017505440046079457,0.012115978985093534,0.0008059490355663002,0.0026036499766632915,0.0036117310519330204,0.05670990701764822
tier_100k,0_1438042988061.16_20150728002308-00189-ip-10-236-191-2_414087396_10.csv,5,10.0,50,316,False,True,,50,0.03902408800786361,0.00045511999633163214,0.005005888000596315,0.001607632962986827,0.0021144940401427448,0.003962259041145444,0.048447355045937
tier_100k,0_1438042988061.16_20150728002308-00189-ip-10-236-191-2_414087396_10.csv,10,10.0,100,316,False,True,,100,0.03902408800786361,0.0009448759956285357,0.013456255022902042,0.0012858259724453092,0.002112177957314998,0.003625437035225332,0.05705065606161952
tier_100k,0_1438042988061.16_20150728002308-00189-ip-10-236-191-2_414087396_10.csv,20,10.0,200,316,False,True,,200,0.03902408800786361,0.001026351994369179,0.028554891992826015,0.0012863510055467486,0.0028526430251076818,0.004391074005980045,0.07299640600103885
tier_100k,0_1438042988061.16_20150728002308-00189-ip-10-236-191-2_414087396_10.csv,5,5.0,25,316,False,True,,25,0.03902408800786361,0.0007112610037438571,0.004280557972379029,0.0010444899671711028,0.0018688349518924952,0.003127062984276563,0.04714296996826306
tier_100k,0_1438042988061.16_20150728002308-00189-ip-10-236-191-2_414087396_10.csv,10,5.0,50,316,False,True,,50,0.03902408800786361,0.0008678709855303168,0.008572467020712793,0.0007690720376558602,0.0016164619592018425,0.002582620014436543,0.051047046028543264
tier_100k,0_1438042988061.16_20150728002308-00189-ip-10-236-191-2_414087396_10.csv,20,5.0,100,316,False,True,,100,0.03902408800786361,0.0009310139575973153,0.014687415037769824,0.0008961189887486398,0.0021300739608705044,0.0032395279849879444,0.057882044988218695
tier_100k,0_1438042988061.16_20150728002308-00144-ip-10-236-191-2_279381280_30.csv,5,10.0,50,708,False,True,,50,0.02945556299528107,0.0009977759909816086,0.011205997026991099,0.0020255650160834193,0.0019845920032821596,0.004221975977998227,0.045881311991252005
tier_100k,0_1438042988061.16_20150728002308-00144-ip-10-236-191-2_279381280_30.csv,10,10.0,100,708,False,True,,100,0.02945556299528107,0.0011641680030152202,0.02253542497055605,0.0012708849972113967,0.010298462002538145,0.011787771014496684,0.06494292698334903
tier_100k,0_1438042988061.16_20150728002308-00144-ip-10-236-191-2_279381280_30.csv,20,10.0,200,708,False,True,,200,0.02945556299528107,0.001195876975543797,0.04153197997948155,0.0013836119906045496,0.006303171976469457,0.007944584998767823,0.08012800494907424
tier_100k,0_1438042988061.16_20150728002308-00144-ip-10-236-191-2_279381280_30.csv,5,5.0,25,708,False,True,,25,0.02945556299528107,0.0019086349639110267,0.007060986012220383,0.000964778009802103,0.003059716953430325,0.004223044961690903,0.04264822893310338
tier_100k,0_1438042988061.16_20150728002308-00144-ip-10-236-191-2_279381280_30.csv,10,5.0,50,708,False,True,,50,0.02945556299528107,0.001133477024268359,0.011572426999919116,0.001069695979822427,0.0019282879657112062,0.0031902589835226536,0.0453517260029912
tier_100k,0_1438042988061.16_20150728002308-00144-ip-10-236-191-2_279381280_30.csv,20,5.0,100,708,False,True,,100,0.02945556299528107,0.0011315979645587504,0.02177978801773861,0.001282186945900321,0.004802128998562694,0.0063129879999905825,0.058679936977569014
tier_100k,1_1438042990112.50_20150728002310-00081-ip-10-236-191-2_890934925_129.csv,5,10.0,50,2132,False,True,,50,0.020782297011464834,0.002163294004276395,0.0017988759791478515,0.001412153011187911,0.0023108070017769933,0.003958649991545826,0.028703116986434907
tier_100k,1_1438042990112.50_20150728002310-00081-ip-10-236-191-2_890934925_129.csv,10,10.0,100,2132,False,True,,100,0.020782297011464834,0.004004041955340654,0.004823773982934654,0.001154957979451865,0.001872044987976551,0.0032407380058430135,0.032850850955583155
tier_100k,1_1438042990112.50_20150728002310-00081-ip-10-236-191-2_890934925_129.csv,20,10.0,200,2132,False,True,,200,0.020782297011464834,0.004033058998174965,0.008422709011938423,0.0014836880145594478,0.0031910159741528332,0.004917234997265041,0.03815530001884326
tier_100k,1_1438042990112.50_20150728002310-00081-ip-10-236-191-2_890934925_129.csv,5,5.0,25,2132,False,True,,25,0.020782297011464834,0.002657912962604314,0.0009294310002587736,0.0008070520125329494,0.0013279519625939429,0.0022940270137041807,0.026663667988032103
tier_100k,1_1438042990112.50_20150728002310-00081-ip-10-236-191-2_890934925_129.csv,10,5.0,50,2132,False,True,,50,0.020782297011464834,0.002445849997457117,0.0016819179872982204,0.0007593290065415204,0.001460767991375178,0.002383321989327669,0.02729338698554784
tier_100k,1_1438042990112.50_20150728002310-00081-ip-10-236-191-2_890934925_129.csv,20,5.0,100,2132,False,True,,100,0.020782297011464834,0.002447324979584664,0.004803770978469402,0.0010644890135154128,0.0018800789839588106,0.003171260003000498,0.031204652972519398
tier_100k,0_1438042988061.16_20150728002308-00133-ip-10-236-191-2_59742533_2.csv,5,10.0,50,374,False,True,,50,0.034258024010341614,0.0003594399895519018,0.008881367975845933,0.0015687450068071485,0.001791218004655093,0.0035948430304415524,0.047093675006181
tier_100k,0_1438042988061.16_20150728002308-00133-ip-10-236-191-2_59742533_2.csv,10,10.0,100,374,False,True,,100,0.034258024010341614,0.0005809320136904716,0.01671671203803271,0.001122780959121883,0.0022527509718202055,0.0035875739995390177,0.055143242061603814
tier_100k,0_1438042988061.16_20150728002308-00133-ip-10-236-191-2_59742533_2.csv,20,10.0,200,374,False,True,,200,0.034258024010341614,0.0006662330124527216,0.03113794600358233,0.0014072079793550074,0.002286211005412042,0.00392110797110945,0.06998331099748611
tier_100k,0_1438042988061.16_20150728002308-00133-ip-10-236-191-2_59742533_2.csv,5,5.0,25,374,False,True,,25,0.034258024010341614,0.0004175879876129329,0.004579654021654278,0.0007870250265114009,0.0012805379810743034,0.00223755300976336,0.041492819029372185
tier_100k,0_1438042988061.16_20150728002308-00133-ip-10-236-191-2_59742533_2.csv,10,5.0,50,374,False,True,,50,0.034258024010341614,0.00038307002978399396,0.008420761965680867,0.0007653789944015443,0.0017151639913208783,0.002655530988704413,0.04571738699451089
tier_100k,0_1438042988061.16_20150728002308-00133-ip-10-236-191-2_59742533_2.csv,20,5.0,100,374,False,True,,100,0.034258024010341614,0.0005651750252582133,0.017005715984851122,0.0010679569677449763,0.0026246050256304443,0.0038895310135558248,0.055718446034006774
tier_100k,1_1438042990112.50_20150728002310-00259-ip-10-236-191-2_889779227_121.csv,5,10.0,50,2423,False,True,,50,0.02127046399982646,0.0025785689940676093,0.0016609149752184749,0.0012759999954141676,0.00187297398224473,0.0033499060082249343,0.02885985397733748
tier_100k,1_1438042990112.50_20150728002310-00259-ip-10-236-191-2_889779227_121.csv,10,10.0,100,2423,False,True,,100,0.02127046399982646,0.0028785610338672996,0.003350344020873308,0.0008966729510575533,0.0019158220384269953,0.0030107010388746858,0.030510070093441755
tier_100k,1_1438042990112.50_20150728002310-00259-ip-10-236-191-2_889779227_121.csv,20,10.0,200,2423,False,True,,200,0.02127046399982646,0.0028950260020792484,0.006605850008781999,0.0010686710011214018,0.0027935670223087072,0.004077018005773425,0.034848358016461134
tier_100k,1_1438042990112.50_20150728002310-00259-ip-10-236-191-2_889779227_121.csv,5,5.0,25,2423,False,True,,25,0.02127046399982646,0.0030854519573040307,0.0008927800226956606,0.0007940270006656647,0.001372275990433991,0.002322432992514223,0.027571128972340375
tier_100k,1_1438042990112.50_20150728002310-00259-ip-10-236-191-2_889779227_121.csv,10,5.0,50,2423,False,True,,50,0.02127046399982646,0.0028420690214261413,0.0016633390332572162,0.0007633339846506715,0.001434722973499447,0.00235917599638924,0.02813504805089906
tier_100k,1_1438042990112.50_20150728002310-00259-ip-10-236-191-2_889779227_121.csv,20,5.0,100,2423,False,True,,100,0.02127046399982646,0.0028485970105975866,0.0032708339858800173,0.0008049000171013176,0.0017538900137878954,0.0027386100264266133,0.03012850502273068
tier_100k,0_1438042988458.74_20150728002308-00262-ip-10-236-191-2_380524338_2.csv,5,10.0,50,745,False,True,,50,0.03710776602383703,0.0010466219973750412,0.006287947006057948,0.0014594239764846861,0.002545104012824595,0.004238464985974133,0.04868080001324415
tier_100k,0_1438042988458.74_20150728002308-00262-ip-10-236-191-2_380524338_2.csv,10,10.0,100,745,False,True,,100,0.03710776602383703,0.0013829540112055838,0.010884610004723072,0.0013843310298398137,0.002093873976264149,0.0036746820551343262,0.05305001209490001
tier_100k,0_1438042988458.74_20150728002308-00262-ip-10-236-191-2_380524338_2.csv,20,10.0,200,745,False,True,,200,0.03710776602383703,0.0014453390031121671,0.021056280995253474,0.0012679069768637419,0.0024423669674433768,0.0039152640383690596,0.06352465006057173
tier_100k,0_1438042988458.74_20150728002308-00262-ip-10-236-191-2_380524338_2.csv,5,5.0,25,745,False,True,,25,0.03710776602383703,0.0010062229703180492,0.002808607998304069,0.0008602640009485185,0.0014750109985470772,0.0025159320211969316,0.04343852901365608
tier_100k,0_1438042988458.74_20150728002308-00262-ip-10-236-191-2_380524338_2.csv,10,5.0,50,745,False,True,,50,0.03710776602383703,0.0010084579698741436,0.005485581001266837,0.0007816590368747711,0.001984314003493637,0.0029487059800885618,0.04655051097506657
tier_100k,0_1438042988458.74_20150728002308-00262-ip-10-236-191-2_380524338_2.csv,20,5.0,100,745,False,True,,100,0.03710776602383703,0.0013683459837920964,0.010797882045153528,0.00098447100026533,0.0021479520364664495,0.003327735001221299,0.052601729054003954
tier_100k,1_1438042987127.36_20150728002307-00027-ip-10-236-191-2_67802697_2.csv,5,10.0,50,845,False,True,,50,0.021356242010369897,0.0008901840192265809,0.011246015026699752,0.0012087450013495982,0.0021313089528121054,0.003569262975361198,0.03706170403165743
tier_100k,1_1438042987127.36_20150728002307-00027-ip-10-236-191-2_67802697_2.csv,10,10.0,100,845,False,True,,100,0.021356242010369897,0.0009069590014405549,0.02223215898266062,0.0011985459714196622,0.002060690021608025,0.0034609069698490202,0.04795626696432009
tier_100k,1_1438042987127.36_20150728002307-00027-ip-10-236-191-2_67802697_2.csv,20,10.0,200,845,False,True,,200,0.021356242010369897,0.0009114090353250504,0.04212053102673963,0.0010052620200440288,0.0021382360137067735,0.0033670630073174834,0.06775524507975206
tier_100k,1_1438042987127.36_20150728002307-00027-ip-10-236-191-2_67802697_2.csv,5,5.0,25,845,False,True,,25,0.021356242010369897,0.0008782300283201039,0.0055478960275650024,0.0009794009965844452,0.002145404985640198,0.0033042249851860106,0.031086593051441014
tier_100k,1_1438042987127.36_20150728002307-00027-ip-10-236-191-2_67802697_2.csv,10,5.0,50,845,False,True,,50,0.021356242010369897,0.0008742990321479738,0.011052305984776467,0.0008619580185040832,0.0019107909756712615,0.002941976999863982,0.03622482402715832
tier_100k,1_1438042987127.36_20150728002307-00027-ip-10-236-191-2_67802697_2.csv,20,5.0,100,845,False,True,,100,0.021356242010369897,0.0008801260264590383,0.021937287994660437,0.0010616619838401675,0.0019099769997410476,0.003156702034175396,0.04733035806566477
tier_100k,0_1438042988458.74_20150728002308-00175-ip-10-236-191-2_385639780_18.csv,5,10.0,50,585,False,True,,50,0.03469750500516966,0.0008010480087250471,0.00800345401512459,0.0013674949877895415,0.0021757559734396636,0.003775594988837838,0.047277602017857134
tier_100k,0_1438042988458.74_20150728002308-00175-ip-10-236-191-2_385639780_18.csv,10,10.0,100,585,False,True,,100,0.03469750500516966,0.0008638949948363006,0.01696308999089524,0.0011695200228132308,0.00229942100122571,0.003676155989523977,0.05620064598042518
tier_100k,0_1438042988458.74_20150728002308-00175-ip-10-236-191-2_385639780_18.csv,20,10.0,200,585,False,True,,200,0.03469750500516966,0.0008889190503396094,0.035172702046111226,0.0014531289925798774,0.003091736987698823,0.004818753979634494,0.07557788008125499
tier_100k,0_1438042988458.74_20150728002308-00175-ip-10-236-191-2_385639780_18.csv,5,5.0,25,585,False,True,,25,0.03469750500516966,0.0010071250144392252,0.007811380957718939,0.0008615500410087407,0.0018942569731734693,0.0029669840005226433,0.04648299497785047
tier_100k,0_1438042988458.74_20150728002308-00175-ip-10-236-191-2_385639780_18.csv,10,5.0,50,585,False,True,,50,0.03469750500516966,0.0013673289795406163,0.011634802969638258,0.0010175820207223296,0.001892559987027198,0.003126847033854574,0.05082648398820311
tier_100k,0_1438042988458.74_20150728002308-00175-ip-10-236-191-2_385639780_18.csv,20,5.0,100,585,False,True,,100,0.03469750500516966,0.0013923830119892955,0.019732190005015582,0.001120261033065617,0.0020074049825780094,0.00333907303865999,0.05916115106083453
tier_100k,0_1438042988458.74_20150728002308-00303-ip-10-236-191-2_56708567_9.csv,5,10.0,50,746,False,True,,50,0.03655578201869503,0.0010630639735609293,0.00833607598906383,0.001534409006126225,0.0023356369929388165,0.004145397979300469,0.050100319960620254
tier_100k,0_1438042988458.74_20150728002308-00303-ip-10-236-191-2_56708567_9.csv,10,10.0,100,746,False,True,,100,0.03655578201869503,0.0018405999871902168,0.01915183902019635,0.0011403649696148932,0.0021873549558222294,0.0035584699944593012,0.06110669102054089
tier_100k,0_1438042988458.74_20150728002308-00303-ip-10-236-191-2_56708567_9.csv,20,10.0,200,746,False,True,,200,0.03655578201869503,0.001883594028186053,0.034697370021604,0.0011970429914072156,0.0029230989748612046,0.0043676740024238825,0.07750442007090896
tier_100k,0_1438042988458.74_20150728002308-00303-ip-10-236-191-2_56708567_9.csv,5,5.0,25,746,False,True,,25,0.03655578201869503,0.0019063489744439721,0.00732088799122721,0.0010171799804084003,0.001556759001687169,0.0027686309767886996,0.04855164996115491
tier_100k,0_1438042988458.74_20150728002308-00303-ip-10-236-191-2_56708567_9.csv,10,5.0,50,746,False,True,,50,0.03655578201869503,0.0017944569699466228,0.012294928019400686,0.0010743470047600567,0.001942056987900287,0.0032219740096479654,0.0538671410176903
tier_100k,0_1438042988458.74_20150728002308-00303-ip-10-236-191-2_56708567_9.csv,20,5.0,100,746,False,True,,100,0.03655578201869503,0.001798618002794683,0.018561260018032044,0.0012475450057536364,0.0019596100319176912,0.0034058120218105614,0.060321472061332315
tier_100k,0_1438042988458.74_20150728002308-00063-ip-10-236-191-2_657101208_1.csv,5,10.0,50,718,False,True,,50,0.031159513047896326,0.0007829659734852612,0.011014677002094686,0.0015442590229213238,0.002147510997019708,0.0039216759614646435,0.046878831984940916
tier_100k,0_1438042988458.74_20150728002308-00063-ip-10-236-191-2_657101208_1.csv,10,10.0,100,718,False,True,,100,0.031159513047896326,0.0008190859807655215,0.022084793949034065,0.0012187199899926782,0.0020623640157282352,0.0034901180188171566,0.05755351099651307
tier_100k,0_1438042988458.74_20150728002308-00063-ip-10-236-191-2_657101208_1.csv,20,10.0,200,718,False,True,,200,0.031159513047896326,0.0008097479585558176,0.04213016200810671,0.0014189050416462123,0.0021947409841232,0.0038374389987438917,0.07793686201330274
tier_100k,0_1438042988458.74_20150728002308-00063-ip-10-236-191-2_657101208_1.csv,5,5.0,25,718,False,True,,25,0.031159513047896326,0.0007931290310807526,0.005619433999527246,0.0008883189875632524,0.0017188609926961362,0.0027870149933733046,0.04035909107187763
tier_100k,0_1438042988458.74_20150728002308-00063-ip-10-236-191-2_657101208_1.csv,10,5.0,50,718,False,True,,50,0.031159513047896326,0.0008120670099742711,0.011097748996689916,0.0010056240134872496,0.0022097089677117765,0.003438339044805616,0.04650766809936613
tier_100k,0_1438042988458.74_20150728002308-00063-ip-10-236-191-2_657101208_1.csv,20,5.0,100,718,False,True,,100,0.031159513047896326,0.0007971980376169086,0.021763463970273733,0.0012638209736905992,0.0020099179819226265,0.00349685299443081,0.05721702805021778
tier_100k,1_1438042990112.50_20150728002310-00190-ip-10-236-191-2_436521753_9.csv,5,10.0,50,304,False,True,,50,0.0344705079915002,0.000814644037745893,0.04480523499660194,0.001267987012397498,0.002076733042486012,0.0036029230104759336,0.08369331003632396
tier_100k,1_1438042990112.50_20150728002310-00190-ip-10-236-191-2_436521753_9.csv,10,10.0,100,304,False,True,,100,0.0344705079915002,0.0009016320109367371,0.0987009170348756,0.0014574640081264079,0.0034826280316337943,0.005191465024836361,0.1392645220621489
tier_100k,1_1438042990112.50_20150728002310-00190-ip-10-236-191-2_436521753_9.csv,20,10.0,200,304,False,True,,200,0.0344705079915002,0.0009931789827533066,0.1857529769768007,0.00215080997440964,0.002641509985551238,0.0050971200107596815,0.2263137839618139
tier_100k,1_1438042990112.50_20150728002310-00190-ip-10-236-191-2_436521753_9.csv,5,5.0,25,304,False,True,,25,0.0344705079915002,0.0006692240131087601,0.027574573003221303,0.0010572680039331317,0.0018971309764310718,0.003181127947755158,0.06589543295558542
tier_100k,1_1438042990112.50_20150728002310-00190-ip-10-236-191-2_436521753_9.csv,10,5.0,50,304,False,True,,50,0.0344705079915002,0.0008508820319548249,0.04942548705730587,0.0011624179896898568,0.0017999819829128683,0.003188445989508182,0.08793532307026908
tier_100k,1_1438042990112.50_20150728002310-00190-ip-10-236-191-2_436521753_9.csv,20,5.0,100,304,False,True,,100,0.0344705079915002,0.0008869420271366835,0.09664838999742642,0.0014245329657569528,0.0022765640169382095,0.003930414037313312,0.13593625405337662
tier_100k,1_1438042987127.36_20150728002307-00214-ip-10-236-191-2_225430488_0.csv,5,10.0,50,458,False,True,,50,0.03754262998700142,0.0007621640106663108,0.008322105975821614,0.0016674569924362004,0.002186640980653465,0.0040870250086300075,0.05071392498211935
tier_100k,1_1438042987127.36_20150728002307-00214-ip-10-236-191-2_225430488_0.csv,10,10.0,100,458,False,True,,100,0.03754262998700142,0.0009064330370165408,0.016151202959008515,0.0010966030531562865,0.0023775550071150064,0.0037013309774920344,0.05830159696051851
tier_100k,1_1438042987127.36_20150728002307-00214-ip-10-236-191-2_225430488_0.csv,20,10.0,200,458,False,True,,200,0.03754262998700142,0.0011619379511103034,0.035414178972132504,0.0013775760307908058,0.0025064179790206254,0.004125532985199243,0.07824427989544347
tier_100k,1_1438042987127.36_20150728002307-00214-ip-10-236-191-2_225430488_0.csv,5,5.0,25,458,False,True,,25,0.03754262998700142,0.0014077069936320186,0.007512710988521576,0.0010526379919610918,0.0018966090283356607,0.0031300559639930725,0.049593103933148086
tier_100k,1_1438042987127.36_20150728002307-00214-ip-10-236-191-2_225430488_0.csv,10,5.0,50,458,False,True,,50,0.03754262998700142,0.0008479200187139213,0.008457935007754713,0.001266614010091871,0.001742012973409146,0.0031914690043777227,0.050039954017847776
tier_100k,1_1438042987127.36_20150728002307-00214-ip-10-236-191-2_225430488_0.csv,20,5.0,100,458,False,True,,100,0.03754262998700142,0.0008723050123080611,0.01599350100150332,0.001100747031159699,0.002123610000126064,0.0034469300298951566,0.057855366030707955
tier_100k,0_1438042988061.16_20150728002308-00047-ip-10-236-191-2_843664602_0.csv,5,10.0,50,287,False,True,,50,0.029067210969515145,0.00036851002369076014,0.017135182046331465,0.0015772160259075463,0.0018457120168022811,0.003680034016724676,0.050250937056262046
tier_100k,0_1438042988061.16_20150728002308-00047-ip-10-236-191-2_843664602_0.csv,10,10.0,100,287,False,True,,100,0.029067210969515145,0.0008807730046100914,0.03908322099596262,0.0013859440223313868,0.001986942021176219,0.0036193219712004066,0.07265052694128826
tier_100k,0_1438042988061.16_20150728002308-00047-ip-10-236-191-2_843664602_0.csv,20,10.0,200,287,False,True,,200,0.029067210969515145,0.000714274006895721,0.06554994697216898,0.0015024159802123904,0.0026013629976660013,0.00436181400436908,0.09969324595294893
tier_100k,0_1438042988061.16_20150728002308-00047-ip-10-236-191-2_843664602_0.csv,5,5.0,25,287,False,True,,25,0.029067210969515145,0.0006139829638414085,0.01199903100496158,0.0010292320512235165,0.0018914350075647235,0.003103277995251119,0.04478350293356925
tier_100k,0_1438042988061.16_20150728002308-00047-ip-10-236-191-2_843664602_0.csv,10,5.0,50,287,False,True,,50,0.029067210969515145,0.0003643520176410675,0.01694541599135846,0.0011572630028240383,0.0021293130121193826,0.003468487993814051,0.04984546697232872
tier_100k,0_1438042988061.16_20150728002308-00047-ip-10-236-191-2_843664602_0.csv,20,5.0,100,287,False,True,,100,0.029067210969515145,0.000515122024808079,0.03398187999846414,0.0010014259605668485,0.0020453230245038867,0.0032420969801023602,0.06680630997288972
tier_100k,0_1438042988061.16_20150728002308-00181-ip-10-236-191-2_216538600_0.csv,5,10.0,50,1202,False,True,,50,0.029990595008712262,0.0017969339969567955,0.009405580989550799,0.0012137249577790499,0.001890684012323618,0.003364183008670807,0.04455729300389066
tier_100k,0_1438042988061.16_20150728002308-00181-ip-10-236-191-2_216538600_0.csv,10,10.0,100,1202,False,True,,100,0.029990595008712262,0.003176783968228847,0.015568864007946104,0.001269862987101078,0.0022325380123220384,0.0037307299789972603,0.05246697296388447
tier_100k,0_1438042988061.16_20150728002308-00181-ip-10-236-191-2_216538600_0.csv,20,10.0,200,1202,False,True,,200,0.029990595008712262,0.0031937099993228912,0.02907033503288403,0.0011360439821146429,0.0022661499679088593,0.003664017014671117,0.0659186570555903
tier_100k,0_1438042988061.16_20150728002308-00181-ip-10-236-191-2_216538600_0.csv,5,5.0,25,1202,False,True,,25,0.029990595008712262,0.003111504018306732,0.008236643974669278,0.0012575190048664808,0.002117522992193699,0.0036028680042363703,0.04494161100592464
tier_100k,0_1438042988061.16_20150728002308-00181-ip-10-236-191-2_216538600_0.csv,10,5.0,50,1202,False,True,,50,0.029990595008712262,0.0031336190295405686,0.00903454702347517,0.0009741490357555449,0.0013815790298394859,0.0025728719774633646,0.044731633039191365
tier_100k,0_1438042988061.16_20150728002308-00181-ip-10-236-191-2_216538600_0.csv,20,5.0,100,1202,False,True,,100,0.029990595008712262,0.0031638069776818156,0.015212244994472712,0.0013804349582642317,0.0018791379989124835,0.003477226011455059,0.05184387299232185
tier_100k,0_1438042988061.16_20150728002308-00002-ip-10-236-191-2_545269850_0.csv,5,10.0,50,591,False,True,,50,0.030990122992079705,0.0005861379904672503,0.011035889969207346,0.001417947991285473,0.001833515998441726,0.0035147159942425787,0.04612686694599688
tier_100k,0_1438042988061.16_20150728002308-00002-ip-10-236-191-2_545269850_0.csv,10,10.0,100,591,False,True,,100,0.030990122992079705,0.0010459269979037344,0.024727063020691276,0.0013203389826230705,0.0020323629723861814,0.0035909689613617957,0.06035408197203651
tier_100k,0_1438042988061.16_20150728002308-00002-ip-10-236-191-2_545269850_0.csv,20,10.0,200,591,False,True,,200,0.030990122992079705,0.0010391469695605338,0.04685199400410056,0.0013396149734035134,0.0018661880167201161,0.003457018989138305,0.0823382829548791
tier_100k,0_1438042988061.16_20150728002308-00002-ip-10-236-191-2_545269850_0.csv,5,5.0,25,591,False,True,,25,0.030990122992079705,0.0009954519919119775,0.009408602025359869,0.0009327559964731336,0.0016908830148167908,0.0028307989705353975,0.04422497597988695
tier_100k,0_1438042988061.16_20150728002308-00002-ip-10-236-191-2_545269850_0.csv,10,5.0,50,591,False,True,,50,0.030990122992079705,0.0009997839806601405,0.015010601957328618,0.0009342380217276514,0.001714463985990733,0.0028593639726750553,0.04985987290274352
tier_100k,0_1438042988061.16_20150728002308-00002-ip-10-236-191-2_545269850_0.csv,20,5.0,100,591,False,True,,100,0.030990122992079705,0.0010094980243593454,0.02502697502495721,0.0008457310032099485,0.0017955370130948722,0.002853457990568131,0.05988005403196439
tier_100k,0_1438042988061.16_20150728002308-00330-ip-10-236-191-2_795231590_4.csv,5,10.0,50,547,False,True,,50,0.03530915401643142,0.0006669250433333218,0.01887479901779443,0.001538740994874388,0.0025495190056972206,0.004351041978225112,0.059201920055784285
tier_100k,0_1438042988061.16_20150728002308-00330-ip-10-236-191-2_795231590_4.csv,10,10.0,100,547,False,True,,100,0.03530915401643142,0.001292508968617767,0.0386532680131495,0.001861575001385063,0.0021982939797453582,0.0043421920272521675,0.07959712302545086
tier_100k,0_1438042988061.16_20150728002308-00330-ip-10-236-191-2_795231590_4.csv,20,10.0,200,547,False,True,,200,0.03530915401643142,0.0018444079905748367,0.07293506001587957,0.0018078970024362206,0.003528328030370176,0.005623780016321689,0.11571240203920752
tier_100k,0_1438042988061.16_20150728002308-00330-ip-10-236-191-2_795231590_4.csv,5,5.0,25,547,False,True,,25,0.03530915401643142,0.0009017990087158978,0.012379243969917297,0.0010116729536093771,0.0020127769676037133,0.003220624988898635,0.05181082198396325
tier_100k,0_1438042988061.16_20150728002308-00330-ip-10-236-191-2_795231590_4.csv,10,5.0,50,547,False,True,,50,0.03530915401643142,0.0008120029815472662,0.018141067994292825,0.0010228719911538064,0.0016309639904648066,0.00287484098225832,0.05713706597452983
tier_100k,0_1438042988061.16_20150728002308-00330-ip-10-236-191-2_795231590_4.csv,20,5.0,100,547,False,True,,100,0.03530915401643142,0.0012850979692302644,0.03945289901457727,0.001266881008632481,0.0023256809799931943,0.0038299410371109843,0.07987709203734994
tier_100k,0_1438042988061.16_20150728002308-00235-ip-10-236-191-2_713850328_17.csv,5,10.0,50,387,False,True,,50,0.040081137034576386,0.0006477890419773757,0.003962805029004812,0.001480342005379498,0.002300941967405379,0.0040115080191753805,0.048703239124733955
tier_100k,0_1438042988061.16_20150728002308-00235-ip-10-236-191-2_713850328_17.csv,10,10.0,100,387,False,True,,100,0.040081137034576386,0.0006955949938856065,0.007745270035229623,0.0012203769874759018,0.0020663899485953152,0.0035095770144835114,0.05203157907817513
tier_100k,0_1438042988061.16_20150728002308-00235-ip-10-236-191-2_713850328_17.csv,20,10.0,200,387,False,True,,200,0.040081137034576386,0.0012468639761209488,0.018392073980066925,0.0011592800146900117,0.003298009978607297,0.004693275026511401,0.06441335001727566
tier_100k,0_1438042988061.16_20150728002308-00235-ip-10-236-191-2_713850328_17.csv,5,5.0,25,387,False,True,,25,0.040081137034576386,0.0008149039931595325,0.003782457031775266,0.001026840996928513,0.001670782978180796,0.002908753987867385,0.04758725204737857
tier_100k,0_1438042988061.16_20150728002308-00235-ip-10-236-191-2_713850328_17.csv,10,5.0,50,387,False,True,,50,0.040081137034576386,0.0006338850362226367,0.0037959569599479437,0.000759379006922245,0.0013493350124917924,0.0022834879928268492,0.046794467023573816
tier_100k,0_1438042988061.16_20150728002308-00235-ip-10-236-191-2_713850328_17.csv,20,5.0,100,387,False,True,,100,0.040081137034576386,0.0006808919715695083,0.007567700988147408,0.0008093690266832709,0.001835011993534863,0.0028558020130731165,0.05118553200736642
tier_100k,0_1438042988458.74_20150728002308-00232-ip-10-236-191-2_795586035_3.csv,5,10.0,50,372,False,True,,50,0.03790051501709968,0.0003437490086071193,0.010146046988666058,0.0015630180132575333,0.0019985390244983137,0.0038142360281199217,0.05220454704249278
tier_100k,0_1438042988458.74_20150728002308-00232-ip-10-236-191-2_795586035_3.csv,10,10.0,100,372,False,True,,100,0.03790051501709968,0.0008437430369667709,0.02507958299247548,0.0010985119733959436,0.0020519410027191043,0.003391316975466907,0.06721515802200884
tier_100k,0_1438042988458.74_20150728002308-00232-ip-10-236-191-2_795586035_3.csv,20,10.0,200,372,False,True,,200,0.03790051501709968,0.0012054310063831508,0.04579777899198234,0.0012336050276644528,0.0034239100059494376,0.004912707023322582,0.08981643203878775
tier_100k,0_1438042988458.74_20150728002308-00232-ip-10-236-191-2_795586035_3.csv,5,5.0,25,372,False,True,,25,0.03790051501709968,0.0005389819853007793,0.00813695602118969,0.0009179310291074216,0.0019862609915435314,0.003088153025601059,0.04966460604919121
tier_100k,0_1438042988458.74_20150728002308-00232-ip-10-236-191-2_795586035_3.csv,10,5.0,50,372,False,True,,50,0.03790051501709968,0.0003424099995754659,0.010621986002661288,0.0010217389790341258,0.0016997489728964865,0.002936683944426477,0.05180159496376291
tier_100k,0_1438042988458.74_20150728002308-00232-ip-10-236-191-2_795586035_3.csv,20,5.0,100,372,False,True,,100,0.03790051501709968,0.0008158429991453886,0.024363371019717306,0.0010386149515397847,0.0022216200013644993,0.0034797120024450123,0.06655944103840739
tier_100k,0_1438042988458.74_20150728002308-00250-ip-10-236-191-2_501951825_0.csv,5,10.0,50,591,False,True,,50,0.030894452007487416,0.0005922760465182364,0.011139467009343207,0.0015194850275292993,0.0017094200011342764,0.0034965930390171707,0.04612278810236603
tier_100k,0_1438042988458.74_20150728002308-00250-ip-10-236-191-2_501951825_0.csv,10,10.0,100,591,False,True,,100,0.030894452007487416,0.0010354259866289794,0.026146085001528263,0.0010961370426230133,0.0023493419867008924,0.003682228969410062,0.06175819196505472
tier_100k,0_1438042988458.74_20150728002308-00250-ip-10-236-191-2_501951825_0.csv,20,10.0,200,591,False,True,,200,0.030894452007487416,0.001035063003655523,0.04754905600566417,0.0015195570304058492,0.0020395449828356504,0.0038464840035885572,0.08332505502039567
tier_100k,0_1438042988458.74_20150728002308-00250-ip-10-236-191-2_501951825_0.csv,5,5.0,25,591,False,True,,25,0.030894452007487416,0.0010490069980733097,0.009477009996771812,0.0009793309727683663,0.0018690720316953957,0.0030661459895782173,0.044486614991910756
tier_100k,0_1438042988458.74_20150728002308-00250-ip-10-236-191-2_501951825_0.csv,10,5.0,50,591,False,True,,50,0.030894452007487416,0.0010092600132338703,0.013957514020148665,0.0010077279875986278,0.0015437239781022072,0.002755240013357252,0.0486164660542272
tier_100k,0_1438042988458.74_20150728002308-00250-ip-10-236-191-2_501951825_0.csv,20,5.0,100,591,False,True,,100,0.030894452007487416,0.0010203870479017496,0.03069277695612982,0.0010533659951761365,0.001997375045903027,0.0033055859967134893,0.06591320200823247
tier_100k,1_1438042987127.36_20150728002307-00037-ip-10-236-191-2_318965632_0.csv,5,10.0,50,320,False,True,,50,0.03973544196924195,0.0007117970380932093,0.015165496966801584,0.0018055369728244841,0.0023617210099473596,0.004472011991310865,0.060084747965447605
tier_100k,1_1438042987127.36_20150728002307-00037-ip-10-236-191-2_318965632_0.csv,10,10.0,100,320,False,True,,100,0.03973544196924195,0.001293487031944096,0.029165172018110752,0.001439864980056882,0.0026085390127263963,0.004335392965003848,0.07452949398430064
tier_100k,1_1438042987127.36_20150728002307-00037-ip-10-236-191-2_318965632_0.csv,20,10.0,200,320,False,True,,200,0.03973544196924195,0.001367974968161434,0.05289193399948999,0.0015601839986629784,0.0033276399481110275,0.0052040209993720055,0.09919937193626538
tier_100k,1_1438042987127.36_20150728002307-00037-ip-10-236-191-2_318965632_0.csv,5,5.0,25,320,False,True,,25,0.03973544196924195,0.0008869829471223056,0.009348328050691634,0.0013659470132552087,0.0024595970171503723,0.0040738380048424006,0.05404459097189829
tier_100k,1_1438042987127.36_20150728002307-00037-ip-10-236-191-2_318965632_0.csv,10,5.0,50,320,False,True,,50,0.03973544196924195,0.0012001210125163198,0.016137618047650903,0.0011294670403003693,0.0021083869505673647,0.0034857529681175947,0.060558933997526765
tier_100k,1_1438042987127.36_20150728002307-00037-ip-10-236-191-2_318965632_0.csv,20,5.0,100,320,False,True,,100,0.03973544196924195,0.0012739849626086652,0.028505802038125694,0.0011848130379803479,0.002631332026794553,0.004083866951987147,0.07359909592196345
tier_100k,0_1438042988061.16_20150728002308-00041-ip-10-236-191-2_37534908_6.csv,5,10.0,50,413,False,True,,50,0.038914104050491005,0.0006062890170142055,0.03648306702962145,0.0019165260018780828,0.0023085930151864886,0.00452818104531616,0.08053164114244282
tier_100k,0_1438042988061.16_20150728002308-00041-ip-10-236-191-2_37534908_6.csv,10,10.0,100,413,False,True,,100,0.038914104050491005,0.0014524839934892952,0.07768179103732109,0.0019343349849805236,0.0025044669746421278,0.004732267989311367,0.12278064707061276
tier_100k,0_1438042988061.16_20150728002308-00041-ip-10-236-191-2_37534908_6.csv,20,10.0,200,413,False,True,,200,0.038914104050491005,0.0011918289819732308,0.15449814801104367,0.001992959005292505,0.0030842029955238104,0.005415921041276306,0.2000200020847842
tier_100k,0_1438042988061.16_20150728002308-00041-ip-10-236-191-2_37534908_6.csv,5,5.0,25,413,False,True,,25,0.038914104050491005,0.0010777509887702763,0.020919029018841684,0.000988277024589479,0.0019550230354070663,0.0032117280061356723,0.06412261206423864
tier_100k,0_1438042988061.16_20150728002308-00041-ip-10-236-191-2_37534908_6.csv,10,5.0,50,413,False,True,,50,0.038914104050491005,0.001061371003743261,0.03780502500012517,0.0013915530289523304,0.0025939049664884806,0.004251666949130595,0.08203216700349003
tier_100k,0_1438042988061.16_20150728002308-00041-ip-10-236-191-2_37534908_6.csv,20,5.0,100,413,False,True,,100,0.038914104050491005,0.0014355619787238538,0.07634169398806989,0.001583206991199404,0.0022802690509706736,0.00414707197342068,0.12083843199070543
tier_100k,1_1438042987127.36_20150728002307-00269-ip-10-236-191-2_847834464_0.csv,5,10.0,50,482,False,True,,50,0.042147941945586354,0.0007826750515960157,0.011372859007678926,0.0016725590103305876,0.0025059629697352648,0.004485514014959335,0.05878899001982063
tier_100k,1_1438042987127.36_20150728002307-00269-ip-10-236-191-2_847834464_0.csv,10,10.0,100,482,False,True,,100,0.042147941945586354,0.0018417660030536354,0.02277288300683722,0.0012568769743666053,0.0023596230312250555,0.0039076670072972775,0.07067025796277449
tier_100k,1_1438042987127.36_20150728002307-00269-ip-10-236-191-2_847834464_0.csv,20,10.0,200,482,False,True,,200,0.042147941945586354,0.001959375978913158,0.0450009320047684,0.0013006560038775206,0.0034674120252020657,0.00507353397551924,0.09418178390478715
tier_100k,1_1438042987127.36_20150728002307-00269-ip-10-236-191-2_847834464_0.csv,5,5.0,25,482,False,True,,25,0.042147941945586354,0.0017370290006510913,0.006593570986296982,0.0010535769979469478,0.002070948015898466,0.0033406149595975876,0.053819156892132014
tier_100k,1_1438042987127.36_20150728002307-00269-ip-10-236-191-2_847834464_0.csv,10,5.0,50,482,False,True,,50,0.042147941945586354,0.0007886539679020643,0.011055818991735578,0.0009301239624619484,0.0017708510276861489,0.002951046044472605,0.0569434609496966
tier_100k,1_1438042987127.36_20150728002307-00269-ip-10-236-191-2_847834464_0.csv,20,5.0,100,482,False,True,,100,0.042147941945586354,0.0018307369900867343,0.02339819702319801,0.001860828953795135,0.003338437993079424,0.0054683099733665586,0.07284518593223765
tier_100k,0_1438042988061.16_20150728002308-00199-ip-10-236-191-2_891430247_172.csv,5,10.0,50,2452,False,True,,50,0.024763630994129926,0.0035204809973947704,0.0022685560397803783,0.001537623000331223,0.002299112966284156,0.0041157990344800055,0.03466846706578508
tier_100k,0_1438042988061.16_20150728002308-00199-ip-10-236-191-2_891430247_172.csv,10,10.0,100,2452,False,True,,100,0.024763630994129926,0.005551160022150725,0.004151885979808867,0.0011926880106329918,0.002998673007823527,0.004465527017600834,0.03893220401369035
tier_100k,0_1438042988061.16_20150728002308-00199-ip-10-236-191-2_891430247_172.csv,20,10.0,200,2452,False,True,,200,0.024763630994129926,0.005093488027341664,0.008150834997650236,0.00125315401237458,0.0032516729552298784,0.004805449047125876,0.0428134030662477
tier_100k,0_1438042988061.16_20150728002308-00199-ip-10-236-191-2_891430247_172.csv,5,5.0,25,2452,False,True,,25,0.024763630994129926,0.005161390989087522,0.0010805560159496963,0.0009193450096063316,0.0018512849928811193,0.0030103320023044944,0.03401591000147164
tier_100k,0_1438042988061.16_20150728002308-00199-ip-10-236-191-2_891430247_172.csv,10,5.0,50,2452,False,True,,50,0.024763630994129926,0.0052111970144324005,0.0021533239632844925,0.0008825490367598832,0.0018116110004484653,0.0029531370382755995,0.03508128901012242
tier_100k,0_1438042988061.16_20150728002308-00199-ip-10-236-191-2_891430247_172.csv,20,5.0,100,2452,False,True,,100,0.024763630994129926,0.0055355330114252865,0.004039371968246996,0.000946950982324779,0.0023988959728740156,0.003591237007640302,0.03792977298144251
tier_100k,1_1438042987127.36_20150728002307-00153-ip-10-236-191-2_490931395_0.csv,5,10.0,50,591,False,True,,50,0.035470826958771795,0.0008572029764764011,0.013862149033229798,0.0015694720204919577,0.0019992149900645018,0.0038698959979228675,0.05406007496640086
tier_100k,1_1438042987127.36_20150728002307-00153-ip-10-236-191-2_490931395_0.csv,10,10.0,100,591,False,True,,100,0.035470826958771795,0.0012661740183830261,0.029389725998044014,0.0013873489806428552,0.002443558012600988,0.004120065015740693,0.07024679199093953
tier_100k,1_1438042987127.36_20150728002307-00153-ip-10-236-191-2_490931395_0.csv,20,10.0,200,591,False,True,,200,0.035470826958771795,0.0012814690126106143,0.05636643903562799,0.0015005720197223127,0.0023316009901463985,0.004133119015023112,0.09725185402203351
tier_100k,1_1438042987127.36_20150728002307-00153-ip-10-236-191-2_490931395_0.csv,5,5.0,25,591,False,True,,25,0.035470826958771795,0.001243433973286301,0.008917753002606332,0.0010890790144912899,0.002254822989925742,0.0035932069877162576,0.049225220922380686
tier_100k,1_1438042987127.36_20150728002307-00153-ip-10-236-191-2_490931395_0.csv,10,5.0,50,591,False,True,,50,0.035470826958771795,0.0012214099988341331,0.015180887014139444,0.0011840439983643591,0.0020663340110331774,0.0035011640284210443,0.055374288000166416
tier_100k,1_1438042987127.36_20150728002307-00153-ip-10-236-191-2_490931395_0.csv,20,5.0,100,591,False,True,,100,0.035470826958771795,0.0012457370175980031,0.029462239996064454,0.0013823430053889751,0.002510979014914483,0.004164354992099106,0.07034315896453336
tier_100k,0_1438042988458.74_20150728002308-00081-ip-10-236-191-2_476604823_0.csv,5,10.0,50,582,False,True,,50,0.030804424022790045,0.0007623090059496462,0.032420934992842376,0.0015123459743335843,0.002259180007968098,0.004079286998603493,0.06806695502018556
tier_100k,0_1438042988458.74_20150728002308-00081-ip-10-236-191-2_476604823_0.csv,10,10.0,100,582,False,True,,100,0.030804424022790045,0.001352249993942678,0.06890956399729475,0.0016945510287769139,0.002466204052325338,0.004458399023860693,0.10552463703788817
tier_100k,0_1438042988458.74_20150728002308-00081-ip-10-236-191-2_476604823_0.csv,20,10.0,200,582,False,True,,200,0.030804424022790045,0.0013918019831180573,0.13117418496403843,0.0022524630185216665,0.002329652023036033,0.004924515960738063,0.1682949269306846
tier_100k,0_1438042988458.74_20150728002308-00081-ip-10-236-191-2_476604823_0.csv,5,5.0,25,582,False,True,,25,0.030804424022790045,0.00139536801725626,0.017968428961466998,0.0009299099911004305,0.0029122450505383313,0.0040971480193547904,0.05426536902086809
tier_100k,0_1438042988458.74_20150728002308-00081-ip-10-236-191-2_476604823_0.csv,10,5.0,50,582,False,True,,50,0.030804424022790045,0.0013312670052982867,0.033484784013126045,0.0014953649952076375,0.0018793310155160725,0.0036568319774232805,0.06927730701863766
tier_100k,0_1438042988458.74_20150728002308-00081-ip-10-236-191-2_476604823_0.csv,20,5.0,100,582,False,True,,100,0.030804424022790045,0.001363765972200781,0.0659585139947012,0.0014082370325922966,0.0023539630346931517,0.004044876026455313,0.10217158001614735
tier_100k,0_1438042988458.74_20150728002308-00210-ip-10-236-191-2_79682215_3.csv,5,10.0,50,467,False,True,,50,0.03588420798769221,0.0005700429901480675,0.034517930005677044,0.0016465689986944199,0.002606453956104815,0.004520922957453877,0.0754931039409712
tier_100k,0_1438042988458.74_20150728002308-00210-ip-10-236-191-2_79682215_3.csv,10,10.0,100,467,False,True,,100,0.03588420798769221,0.0006206940161064267,0.06524313101544976,0.001520992023870349,0.0026604480226524174,0.00442704395391047,0.10617507697315887
tier_100k,0_1438042988458.74_20150728002308-00210-ip-10-236-191-2_79682215_3.csv,20,10.0,200,467,False,True,,200,0.03588420798769221,0.0009195199818350375,0.13184878003085032,0.0013565830304287374,0.0033654640428721905,0.005001778015866876,0.17365428601624444
tier_100k,0_1438042988458.74_20150728002308-00210-ip-10-236-191-2_79682215_3.csv,5,5.0,25,467,False,True,,25,0.03588420798769221,0.0006063339533284307,0.016809766995720565,0.0013259249972179532,0.001975652005057782,0.0035193050280213356,0.05681961396476254
tier_100k,0_1438042988458.74_20150728002308-00210-ip-10-236-191-2_79682215_3.csv,10,5.0,50,467,False,True,,50,0.03588420798769221,0.0006038880092091858,0.03421020397217944,0.001109046977944672,0.0027546570054255426,0.004095709999091923,0.07479400996817276
tier_100k,0_1438042988458.74_20150728002308-00210-ip-10-236-191-2_79682215_3.csv,20,5.0,100,467,False,True,,100,0.03588420798769221,0.0006170609849505126,0.06440029403893277,0.0015182069619186223,0.0025532959843985736,0.004304997972212732,0.10520656098378822
tier_100k,1_1438042987127.36_20150728002307-00008-ip-10-236-191-2_633806649_3.csv,5,10.0,50,406,False,True,,50,0.030170142999850214,0.0007167879957705736,0.03350884496467188,0.001873019034974277,0.002508519042748958,0.004646282992325723,0.06904205895261839
tier_100k,1_1438042987127.36_20150728002307-00008-ip-10-236-191-2_633806649_3.csv,10,10.0,100,406,False,True,,100,0.030170142999850214,0.0010228960309177637,0.0668055530404672,0.0013894220464862883,0.002807983022648841,0.004447044979315251,0.10244563705055043
tier_100k,1_1438042987127.36_20150728002307-00008-ip-10-236-191-2_633806649_3.csv,20,10.0,200,406,False,True,,200,0.030170142999850214,0.0008414080366492271,0.12321234098635614,0.0014590150094591081,0.0026188099873252213,0.004349121008999646,0.15857301303185523
tier_100k,1_1438042987127.36_20150728002307-00008-ip-10-236-191-2_633806649_3.csv,5,5.0,25,406,False,True,,25,0.030170142999850214,0.000934096984565258,0.016925945004913956,0.0010806359932757914,0.0023063739645294845,0.0036097749834880233,0.05163995997281745
tier_100k,1_1438042987127.36_20150728002307-00008-ip-10-236-191-2_633806649_3.csv,10,5.0,50,406,False,True,,50,0.030170142999850214,0.0007249469636008143,0.03354344598483294,0.0012768750311806798,0.0023623009910807014,0.003884644014760852,0.06832317996304482
tier_100k,1_1438042987127.36_20150728002307-00008-ip-10-236-191-2_633806649_3.csv,20,5.0,100,406,False,True,,100,0.030170142999850214,0.0009683090029284358,0.06599314999766648,0.0013218679814599454,0.002530574973206967,0.004091584007255733,0.10122318600770086
tier_100k,0_1438042988061.16_20150728002308-00201-ip-10-236-191-2_319577306_4.csv,5,10.0,50,930,False,True,,50,0.042204855009913445,0.0016894519794732332,0.004366124980151653,0.001392747974023223,0.0026885169791057706,0.004351207986474037,0.05261163995601237
tier_100k,0_1438042988061.16_20150728002308-00201-ip-10-236-191-2_319577306_4.csv,10,10.0,100,930,False,True,,100,0.042204855009913445,0.0017844520043581724,0.007627077982760966,0.0014975600061006844,0.0024106300552375615,0.004166274040471762,0.055782659037504345
tier_100k,0_1438042988061.16_20150728002308-00201-ip-10-236-191-2_319577306_4.csv,20,10.0,200,930,False,True,,200,0.042204855009913445,0.0012632039724849164,0.014994780998677015,0.0012960010208189487,0.0032759360037744045,0.004892126016784459,0.06335496599785984
tier_100k,0_1438042988061.16_20150728002308-00201-ip-10-236-191-2_319577306_4.csv,5,5.0,25,930,False,True,,25,0.042204855009913445,0.0028932570130564272,0.0029567480087280273,0.0009438529959879816,0.002003164030611515,0.0031769219785928726,0.05123178201029077
tier_100k,0_1438042988061.16_20150728002308-00201-ip-10-236-191-2_319577306_4.csv,10,5.0,50,930,False,True,,50,0.042204855009913445,0.0017104640137404203,0.003990331024397165,0.0010668680188246071,0.001786131993867457,0.0030970220104791224,0.05100267205853015
tier_100k,0_1438042988061.16_20150728002308-00201-ip-10-236-191-2_319577306_4.csv,20,5.0,100,930,False,True,,100,0.042204855009913445,0.0028849149821326137,0.008522984047885984,0.0011656260467134416,0.0031588340061716735,0.00458347296807915,0.05819622700801119
tier_100k,1_1438042990112.50_20150728002310-00310-ip-10-236-191-2_200224826_0.csv,5,10.0,50,518,False,True,,50,0.043342800985556096,0.001070334983523935,0.007412628969177604,0.0018356930231675506,0.0022267719614319503,0.004373235977254808,0.05619900091551244
tier_100k,1_1438042990112.50_20150728002310-00310-ip-10-236-191-2_200224826_0.csv,10,10.0,100,518,False,True,,100,0.043342800985556096,0.0014547309838235378,0.0160600149538368,0.0013415580033324659,0.003088260011281818,0.004716855997685343,0.06557440292090178
tier_100k,1_1438042990112.50_20150728002310-00310-ip-10-236-191-2_200224826_0.csv,20,10.0,200,518,False,True,,200,0.043342800985556096,0.002025327004957944,0.03086983598768711,0.0016695219674147666,0.003968854027334601,0.005965645948890597,0.08220360992709175
tier_100k,1_1438042990112.50_20150728002310-00310-ip-10-236-191-2_200224826_0.csv,5,5.0,25,518,False,True,,25,0.043342800985556096,0.0023668379872106016,0.004636726982425898,0.0009268139838241041,0.002375566982664168,0.0035531590110622346,0.05389952496625483
tier_100k,1_1438042990112.50_20150728002310-00310-ip-10-236-191-2_200224826_0.csv,10,5.0,50,518,False,True,,50,0.043342800985556096,0.0018378319800831378,0.00801591097842902,0.0010814809938892722,0.002372169983573258,0.0037091320264153183,0.05690567597048357
tier_100k,1_1438042990112.50_20150728002310-00310-ip-10-236-191-2_200224826_0.csv,20,5.0,100,518,False,True,,100,0.043342800985556096,0.0014167350018396974,0.01571427402086556,0.0016759600257501006,0.0033960380242206156,0.0053374519920907915,0.06581126200035214
tier_100k,1_1438042987127.36_20150728002307-00102-ip-10-236-191-2_893578330_152.csv,5,10.0,50,2458,False,True,,50,0.02479236398357898,0.0036112400121055543,0.0022783480235375464,0.0015756659558974206,0.0022946710232645273,0.004150448017753661,0.03483240003697574
tier_100k,1_1438042987127.36_20150728002307-00102-ip-10-236-191-2_893578330_152.csv,10,10.0,100,2458,False,True,,100,0.02479236398357898,0.005583927035331726,0.004161626973655075,0.001211497001349926,0.0023507510195486248,0.003829072986263782,0.03836699097882956
tier_100k,1_1438042987127.36_20150728002307-00102-ip-10-236-191-2_893578330_152.csv,20,10.0,200,2458,False,True,,200,0.02479236398357898,0.005191829986870289,0.008144245017319918,0.0013914630399085581,0.0026654439861886203,0.004356302029918879,0.042484741017688066
tier_100k,1_1438042987127.36_20150728002307-00102-ip-10-236-191-2_893578330_152.csv,5,5.0,25,2458,False,True,,25,0.02479236398357898,0.005431547004263848,0.0010824479977600276,0.0009713490144349635,0.0015643020160496235,0.002763681986834854,0.03407004097243771
tier_100k,1_1438042987127.36_20150728002307-00102-ip-10-236-191-2_893578330_152.csv,10,5.0,50,2458,False,True,,50,0.02479236398357898,0.005533888004720211,0.0020655369735322893,0.0008722160127945244,0.001869116968009621,0.0029644580208696425,0.03535624698270112
tier_100k,1_1438042987127.36_20150728002307-00102-ip-10-236-191-2_893578330_152.csv,20,5.0,100,2458,False,True,,100,0.02479236398357898,0.005224218009971082,0.004027489980217069,0.0012483050231821835,0.0021818039822392166,0.0036851479671895504,0.03772921994095668
tier_100k,1_1438042990112.50_20150728002310-00044-ip-10-236-191-2_261321661_61.csv,5,10.0,50,709,False,True,,50,0.03113914601271972,0.001364135998301208,0.009784024965483695,0.0018541659810580313,0.004672723007388413,0.006813861022237688,0.04910116799874231
tier_100k,1_1438042990112.50_20150728002310-00044-ip-10-236-191-2_261321661_61.csv,10,10.0,100,709,False,True,,100,0.03113914601271972,0.002418604039121419,0.02171902498230338,0.0016728470218367875,0.00598213798366487,0.007940464012790471,0.06321723904693499
tier_100k,1_1438042990112.50_20150728002310-00044-ip-10-236-191-2_261321661_61.csv,20,10.0,200,709,False,True,,200,0.03113914601271972,0.002462715026922524,0.03916066902456805,0.0015337999793700874,0.006675228010863066,0.008525245997589082,0.08128777606179938
tier_100k,1_1438042990112.50_20150728002310-00044-ip-10-236-191-2_261321661_61.csv,5,5.0,25,709,False,True,,25,0.03113914601271972,0.0031907029915601015,0.006309362011961639,0.0010829580132849514,0.002166995021980256,0.003462385036982596,0.04410159605322406
tier_100k,1_1438042990112.50_20150728002310-00044-ip-10-236-191-2_261321661_61.csv,10,5.0,50,709,False,True,,50,0.03113914601271972,0.0013926299870945513,0.009519326966255903,0.001053555984981358,0.0023038439685478806,0.003579084004741162,0.04563018697081134
tier_100k,1_1438042990112.50_20150728002310-00044-ip-10-236-191-2_261321661_61.csv,20,5.0,100,709,False,True,,100,0.03113914601271972,0.0014106809976510704,0.019061002996750176,0.0014868169673718512,0.004224892007187009,0.005977142020128667,0.057587972027249634
tier_100k,1_1438042987127.36_20150728002307-00074-ip-10-236-191-2_137128786_0.csv,5,10.0,50,544,False,True,,50,0.033412694989237934,0.0012514650006778538,0.028056865034159273,0.0021515560219995677,0.0023592659854330122,0.0048128869966603816,0.06753391202073544
tier_100k,1_1438042987127.36_20150728002307-00074-ip-10-236-191-2_137128786_0.csv,10,10.0,100,544,False,True,,100,0.033412694989237934,0.002226015960332006,0.05151721404399723,0.0015940629527904093,0.002704492013435811,0.004597602994181216,0.09175352798774838
tier_100k,1_1438042987127.36_20150728002307-00074-ip-10-236-191-2_137128786_0.csv,20,10.0,200,544,False,True,,200,0.033412694989237934,0.0023187680053524673,0.0809620309737511,0.0017474450287409127,0.0038331819814629853,0.005897884024307132,0.12259137799264863
tier_100k,1_1438042987127.36_20150728002307-00074-ip-10-236-191-2_137128786_0.csv,5,5.0,25,544,False,True,,25,0.033412694989237934,0.0016413650009781122,0.016021718038246036,0.0011569299967959523,0.0019699549884535372,0.0033891890197992325,0.054464967048261315
tier_100k,1_1438042987127.36_20150728002307-00074-ip-10-236-191-2_137128786_0.csv,10,5.0,50,544,False,True,,50,0.033412694989237934,0.0021710889996029437,0.029328905045986176,0.0012766429572366178,0.002988521009683609,0.004528098972514272,0.06944078800734133
tier_100k,1_1438042987127.36_20150728002307-00074-ip-10-236-191-2_137128786_0.csv,20,5.0,100,544,False,True,,100,0.033412694989237934,0.0022162710083648562,0.05089264694834128,0.0014870210434310138,0.002340910956263542,0.004117546952329576,0.09063915989827365
tier_100k,1_1438042987127.36_20150728002307-00082-ip-10-236-191-2_795702564_10.csv,5,10.0,50,661,False,True,,50,0.030864580010529608,0.001284101977944374,0.01140167098492384,0.0018854369991458952,0.002218241977971047,0.004412299953401089,0.04796265292679891
tier_100k,1_1438042987127.36_20150728002307-00082-ip-10-236-191-2_795702564_10.csv,10,10.0,100,661,False,True,,100,0.030864580010529608,0.001470215036533773,0.02396937902085483,0.001347242039628327,0.003169409988913685,0.004795447981450707,0.06109962204936892
tier_100k,1_1438042987127.36_20150728002307-00082-ip-10-236-191-2_795702564_10.csv,20,10.0,200,661,False,True,,200,0.030864580010529608,0.00225864996900782,0.043798671977128834,0.001834864029660821,0.004373908042907715,0.006511076004244387,0.08343297796091065
tier_100k,1_1438042987127.36_20150728002307-00082-ip-10-236-191-2_795702564_10.csv,5,5.0,25,661,False,True,,25,0.030864580010529608,0.002118601987604052,0.006490414030849934,0.0012620399938896298,0.0021831890335306525,0.003697283042129129,0.04317087907111272
tier_100k,1_1438042987127.36_20150728002307-00082-ip-10-236-191-2_795702564_10.csv,10,5.0,50,661,False,True,,50,0.030864580010529608,0.0021409299806691706,0.012534410983789712,0.0013644780265167356,0.001843719044700265,0.0034625109983608127,0.0490024319733493
tier_100k,1_1438042987127.36_20150728002307-00082-ip-10-236-191-2_795702564_10.csv,20,5.0,100,661,False,True,,100,0.030864580010529608,0.0014584800228476524,0.02395027899183333,0.0013250319752842188,0.0027599709574133158,0.004355387995019555,0.060628727020230144
tier_1m,1_1438042987127.36_20150728002307-00144-ip-10-236-191-2_676020729_0.csv,5,10.0,50,481,False,True,,50,0.41653968999162316,0.0011135840322822332,0.014727353991474956,0.026572121016215533,0.06431337801041082,0.09339086402906105,0.5257714920444414
tier_1m,1_1438042987127.36_20150728002307-00144-ip-10-236-191-2_676020729_0.csv,10,10.0,100,481,False,True,,100,0.41653968999162316,0.0013605600106529891,0.03353710600640625,0.00166944699594751,0.003272058966103941,0.005262127029709518,0.4566994830383919
tier_1m,1_1438042987127.36_20150728002307-00144-ip-10-236-191-2_676020729_0.csv,20,10.0,200,481,False,True,,200,0.41653968999162316,0.0011995660024695098,0.056553500005975366,0.002083634026348591,0.002981077996082604,0.005391628015786409,0.47968438401585445
tier_1m,1_1438042987127.36_20150728002307-00144-ip-10-236-191-2_676020729_0.csv,5,5.0,25,481,False,True,,25,0.41653968999162316,0.0010544019751250744,0.008262031013146043,0.0012893949751742184,0.001884148980025202,0.0035129530006088316,0.4293690759805031
tier_1m,1_1438042987127.36_20150728002307-00144-ip-10-236-191-2_676020729_0.csv,10,5.0,50,481,False,True,,50,0.41653968999162316,0.0010281610302627087,0.015476482978556305,0.0016472369898110628,0.0027911390061490238,0.004823105002287775,0.43786743900272995
tier_1m,1_1438042987127.36_20150728002307-00144-ip-10-236-191-2_676020729_0.csv,20,5.0,100,481,False,True,,100,0.41653968999162316,0.0011091529740951955,0.02897535898955539,0.0016536299954168499,0.002664254978299141,0.004605736001394689,0.45122993795666844
tier_1m,0_1438042988061.16_20150728002308-00282-ip-10-236-191-2_894007386_3.csv,5,10.0,50,2625,False,True,,50,0.15887847397243604,0.003852112975437194,0.0036224090144969523,0.0021103580365888774,0.003289801999926567,0.005988129007164389,0.17234112496953458
tier_1m,0_1438042988061.16_20150728002308-00282-ip-10-236-191-2_894007386_3.csv,10,10.0,100,2625,False,True,,100,0.15887847397243604,0.00540862197522074,0.006024483009241521,0.0013549579889513552,0.003282214980572462,0.004926202003844082,0.17523778096074238
tier_1m,0_1438042988061.16_20150728002308-00282-ip-10-236-191-2_894007386_3.csv,20,10.0,200,2625,False,True,,200,0.15887847397243604,0.0063823770033195615,0.016034879023209214,0.0016372189857065678,0.0046623770031146705,0.006624978967010975,0.1879207089659758
tier_1m,0_1438042988061.16_20150728002308-00282-ip-10-236-191-2_894007386_3.csv,5,5.0,25,2625,False,True,,25,0.15887847397243604,0.006461131968535483,0.001889941981062293,0.0011345669627189636,0.0022491070558317006,0.0037453470285981894,0.170974894950632
tier_1m,0_1438042988061.16_20150728002308-00282-ip-10-236-191-2_894007386_3.csv,10,5.0,50,2625,False,True,,50,0.15887847397243604,0.006289085024036467,0.00371330400230363,0.0012383420253172517,0.001956851046998054,0.003562660946045071,0.1724435239448212
tier_1m,0_1438042988061.16_20150728002308-00282-ip-10-236-191-2_894007386_3.csv,20,5.0,100,2625,False,True,,100,0.15887847397243604,0.005774597986601293,0.005254157993476838,0.0012510539963841438,0.002861509972717613,0.004390030982904136,0.1742972609354183
tier_1m,0_1438042988458.74_20150728002308-00249-ip-10-236-191-2_328699461_4.csv,5,10.0,50,1692,False,True,,50,0.42508575395913795,0.002319680992513895,0.004337169986683875,0.0017344809602946043,0.002251477970276028,0.0043860540026798844,0.4361286589410156
tier_1m,0_1438042988458.74_20150728002308-00249-ip-10-236-191-2_328699461_4.csv,10,10.0,100,1692,False,True,,100,0.42508575395913795,0.003923056006897241,0.00803493894636631,0.0013117400230839849,0.0025554230087436736,0.004154319001827389,0.4411980679142289
tier_1m,0_1438042988458.74_20150728002308-00249-ip-10-236-191-2_328699461_4.csv,20,10.0,200,1692,False,True,,200,0.42508575395913795,0.003907717007678002,0.014810170978307724,0.0016010699910111725,0.0023739079479128122,0.0042951490031555295,0.4480987909482792
tier_1m,0_1438042988458.74_20150728002308-00249-ip-10-236-191-2_328699461_4.csv,5,5.0,25,1692,False,True,,25,0.42508575395913795,0.003848223015666008,0.002267269999720156,0.001042076968587935,0.001947373035363853,0.003232276998460293,0.4344335239729844
tier_1m,0_1438042988458.74_20150728002308-00249-ip-10-236-191-2_328699461_4.csv,10,5.0,50,1692,False,True,,50,0.42508575395913795,0.0038405010127462447,0.003866209997795522,0.0009359139949083328,0.0018177779857069254,0.0030182460322976112,0.4358107110019773
tier_1m,0_1438042988458.74_20150728002308-00249-ip-10-236-191-2_328699461_4.csv,20,5.0,100,1692,False,True,,100,0.42508575395913795,0.0037895889836363494,0.00838199199642986,0.0015066660125739872,0.002294858975801617,0.00409463100368157,0.4413519659428857
tier_1m,1_1438042987127.36_20150728002307-00114-ip-10-236-191-2_902351685_191.csv,5,10.0,50,3139,False,True,,50,0.15964954299852252,0.005089815997052938,0.0024077310226857662,0.0015419310075230896,0.002354946976993233,0.004152038018219173,0.1712991280364804
tier_1m,1_1438042987127.36_20150728002307-00114-ip-10-236-191-2_902351685_191.csv,10,10.0,100,3139,False,True,,100,0.15964954299852252,0.005157831008546054,0.004430548986420035,0.0010825660428963602,0.002088527020532638,0.0033945050090551376,0.17263242800254375
tier_1m,1_1438042987127.36_20150728002307-00114-ip-10-236-191-2_902351685_191.csv,20,10.0,200,3139,False,True,,200,0.15964954299852252,0.005121650989167392,0.0087413489818573,0.0015463580493815243,0.0029287190409377217,0.0047358780284412205,0.17824842099798843
tier_1m,1_1438042987127.36_20150728002307-00114-ip-10-236-191-2_902351685_191.csv,5,5.0,25,3139,False,True,,25,0.15964954299852252,0.005100095004308969,0.0011549980263225734,0.0008869649609550834,0.0022071460261940956,0.0032993259956128895,0.16920396202476695
tier_1m,1_1438042987127.36_20150728002307-00114-ip-10-236-191-2_902351685_191.csv,10,5.0,50,3139,False,True,,50,0.15964954299852252,0.005071965977549553,0.00217280798824504,0.000883135013282299,0.0021850739722140133,0.003272256988566369,0.17016657395288348
tier_1m,1_1438042987127.36_20150728002307-00114-ip-10-236-191-2_902351685_191.csv,20,5.0,100,3139,False,True,,100,0.15964954299852252,0.005163510970305651,0.004275981045793742,0.0011327409883961082,0.0024067590129561722,0.00376893300563097,0.17285796802025288
tier_1m,1_1438042987127.36_20150728002307-00182-ip-10-236-191-2_150862475_5.csv,5,10.0,50,260,False,True,,50,0.3924874409567565,0.0003541880287230015,0.04454087500926107,0.0018687210395000875,0.00255848397500813,0.004689689027145505,0.44207219302188605
tier_1m,1_1438042987127.36_20150728002307-00182-ip-10-236-191-2_150862475_5.csv,10,10.0,100,260,False,True,,100,0.3924874409567565,0.0003773070056922734,0.08561667596222833,0.0014397139893844724,0.002756049041636288,0.00444787199376151,0.4829292959184386
tier_1m,1_1438042987127.36_20150728002307-00182-ip-10-236-191-2_150862475_5.csv,20,10.0,200,260,False,True,,200,0.3924874409567565,0.0005684620118699968,0.16564077098155394,0.001857127994298935,0.00341000099433586,0.005552446993533522,0.5642491209437139
tier_1m,1_1438042987127.36_20150728002307-00182-ip-10-236-191-2_150862475_5.csv,5,5.0,25,260,False,True,,25,0.3924874409567565,0.00034884799970313907,0.021017811028286815,0.001301617012359202,0.0025645470013841987,0.0040878900326788425,0.41794199001742527
tier_1m,1_1438042987127.36_20150728002307-00182-ip-10-236-191-2_150862475_5.csv,10,5.0,50,260,False,True,,50,0.3924874409567565,0.0003403559676371515,0.04226954601472244,0.00165323301916942,0.0032188590266741812,0.00510842096991837,0.44020576390903443
tier_1m,1_1438042987127.36_20150728002307-00182-ip-10-236-191-2_150862475_5.csv,20,5.0,100,260,False,True,,100,0.3924874409567565,0.0003495279815979302,0.08522883401019499,0.0014809129643253982,0.002678125980310142,0.0044384460197761655,0.48250424896832556
tier_1m,1_1438042987127.36_20150728002307-00000-ip-10-236-191-2_300770320_2.csv,5,10.0,50,623,False,True,,50,0.42255982104688883,0.0014585089520551264,0.011322834005113691,0.002012833021581173,0.005714391998481005,0.008100236009340733,0.4434414000133984
tier_1m,1_1438042987127.36_20150728002307-00000-ip-10-236-191-2_300770320_2.csv,10,10.0,100,623,False,True,,100,0.42255982104688883,0.0019718679832294583,0.024406864948105067,0.0011530600022524595,0.0025937369791790843,0.004016168997623026,0.4529547229758464
tier_1m,1_1438042987127.36_20150728002307-00000-ip-10-236-191-2_300770320_2.csv,20,10.0,200,623,False,True,,200,0.42255982104688883,0.0012316840002313256,0.04485547501826659,0.0013908370165154338,0.0684502290096134,0.07014257000992075,0.5387895500753075
tier_1m,1_1438042987127.36_20150728002307-00000-ip-10-236-191-2_300770320_2.csv,5,5.0,25,623,False,True,,25,0.42255982104688883,0.0012764669954776764,0.00571684300666675,0.0009333309717476368,0.0015468770288862288,0.002739331976044923,0.4322924630250782
tier_1m,1_1438042987127.36_20150728002307-00000-ip-10-236-191-2_300770320_2.csv,10,5.0,50,623,False,True,,50,0.42255982104688883,0.0024678579648025334,0.012110763986129314,0.001350836013443768,0.0018773970077745616,0.0034888749942183495,0.440627317992039
tier_1m,1_1438042987127.36_20150728002307-00000-ip-10-236-191-2_300770320_2.csv,20,5.0,100,623,False,True,,100,0.42255982104688883,0.001861286989878863,0.02437214500969276,0.001416670042090118,0.01925698504783213,0.020957672968506813,0.46975092601496726
tier_1m,1_1438042987127.36_20150728002307-00080-ip-10-236-191-2_899463259_102.csv,5,10.0,50,3011,False,True,,50,0.09921117901103571,0.004943485022522509,0.0023915490019135177,0.0016785269835963845,0.0025856010033749044,0.0045697439927607775,0.11111595702823251
tier_1m,1_1438042987127.36_20150728002307-00080-ip-10-236-191-2_899463259_102.csv,10,10.0,100,3011,False,True,,100,0.09921117901103571,0.006793025997467339,0.004438729025423527,0.0014150390052236617,0.0024107929784804583,0.004091415030416101,0.11453434906434268
tier_1m,1_1438042987127.36_20150728002307-00080-ip-10-236-191-2_899463259_102.csv,20,10.0,200,3011,False,True,,200,0.09921117901103571,0.006812095001805574,0.00873006199253723,0.0017850890289992094,0.0037121259956620634,0.0057959650293923914,0.1205493010347709
tier_1m,1_1438042987127.36_20150728002307-00080-ip-10-236-191-2_899463259_102.csv,5,5.0,25,3011,False,True,,25,0.09921117901103571,0.007793135999236256,0.0011439209920354187,0.0013533249730244279,0.0020555920200422406,0.003615199006162584,0.11176343500846997
tier_1m,1_1438042987127.36_20150728002307-00080-ip-10-236-191-2_899463259_102.csv,10,5.0,50,3011,False,True,,50,0.09921117901103571,0.0048331330181099474,0.002168089966289699,0.0010800940217450261,0.001887891034130007,0.003173957986291498,0.10938635998172686
tier_1m,1_1438042987127.36_20150728002307-00080-ip-10-236-191-2_899463259_102.csv,20,5.0,100,3011,False,True,,100,0.09921117901103571,0.004837276006583124,0.0042807250283658504,0.000958089018240571,0.0023825130192562938,0.003563151985872537,0.11189233203185722
tier_1m,1_1438042990112.50_20150728002310-00154-ip-10-236-191-2_303864106_21.csv,5,10.0,50,323,False,True,,50,0.3639027939643711,0.00036051799543201923,0.036487321951426566,0.0019229340250603855,0.002240275964140892,0.004404054954648018,0.4051546888658777
tier_1m,1_1438042990112.50_20150728002310-00154-ip-10-236-191-2_303864106_21.csv,10,10.0,100,323,False,True,,100,0.3639027939643711,0.0004413300193846226,0.07435235503362492,0.0013880709884688258,0.002360451966524124,0.003952800994738936,0.44264928001211956
tier_1m,1_1438042990112.50_20150728002310-00154-ip-10-236-191-2_303864106_21.csv,20,10.0,200,323,False,True,,200,0.3639027939643711,0.00037634599721059203,0.1302948179654777,0.0015278090140782297,0.0025898569729179144,0.004345328023191541,0.4989192859502509
tier_1m,1_1438042990112.50_20150728002310-00154-ip-10-236-191-2_303864106_21.csv,5,5.0,25,323,False,True,,25,0.3639027939643711,0.000334602955263108,0.01712585799396038,0.0009166050003841519,0.002075923955999315,0.0031687839655205607,0.38453203887911513
tier_1m,1_1438042990112.50_20150728002310-00154-ip-10-236-191-2_303864106_21.csv,10,5.0,50,323,False,True,,50,0.3639027939643711,0.00034153397427871823,0.03581729799043387,0.0010901160421781242,0.0018550159875303507,0.0031369649805128574,0.40319859090959653
tier_1m,1_1438042990112.50_20150728002310-00154-ip-10-236-191-2_303864106_21.csv,20,5.0,100,323,False,True,,100,0.3639027939643711,0.0003406429896131158,0.06656658701831475,0.0011699280003085732,0.0023117130040191114,0.0036734690074808896,0.43448349297977984
tier_1m,0_1438042988458.74_20150728002308-00095-ip-10-236-191-2_520943855_0.csv,5,10.0,50,309,False,True,,50,0.4211792720016092,0.0005570250214077532,0.007911143999081105,0.001955474028363824,0.0022811450180597603,0.004504668002482504,0.43415210902458057
tier_1m,0_1438042988458.74_20150728002308-00095-ip-10-236-191-2_520943855_0.csv,10,10.0,100,309,False,True,,100,0.4211792720016092,0.0009918909636326134,0.01973314897622913,0.0012137669837102294,0.0022594620240852237,0.0036999459844082594,0.4456042579258792
tier_1m,0_1438042988458.74_20150728002308-00095-ip-10-236-191-2_520943855_0.csv,20,10.0,200,309,False,True,,200,0.4211792720016092,0.0010597319924272597,0.03300632396712899,0.0016290139756165445,0.0025501010240986943,0.004425733000971377,0.45967106096213683
tier_1m,0_1438042988458.74_20150728002308-00095-ip-10-236-191-2_520943855_0.csv,5,5.0,25,309,False,True,,25,0.4211792720016092,0.0004555460182018578,0.007917069015093148,0.0011615860275924206,0.0016110750148072839,0.0029819770134054124,0.4325338640483096
tier_1m,0_1438042988458.74_20150728002308-00095-ip-10-236-191-2_520943855_0.csv,10,5.0,50,309,False,True,,50,0.4211792720016092,0.0008876430219970644,0.012857888010330498,0.0010980430524796247,0.0021175920264795423,0.0034303409629501402,0.4383551439968869
tier_1m,0_1438042988458.74_20150728002308-00095-ip-10-236-191-2_520943855_0.csv,20,5.0,100,309,False,True,,100,0.4211792720016092,0.0010366910137236118,0.019064416002947837,0.0014089419855736196,0.0025064320070669055,0.004126737010665238,0.4454071160289459
tier_1m,1_1438042987127.36_20150728002307-00145-ip-10-236-191-2_499439925_0.csv,5,10.0,50,946,False,True,,50,0.3102116489899345,0.0017392600420862436,0.008815747976768762,0.0012757310178130865,0.002224929048679769,0.00376451900228858,0.32453117601107806
tier_1m,1_1438042987127.36_20150728002307-00145-ip-10-236-191-2_499439925_0.csv,10,10.0,100,946,False,True,,100,0.3102116489899345,0.0022809929796494544,0.019928268040530384,0.001103328017052263,0.002037534024566412,0.003371650993358344,0.33579256100347266
tier_1m,1_1438042987127.36_20150728002307-00145-ip-10-236-191-2_499439925_0.csv,20,10.0,200,946,False,True,,200,0.3102116489899345,0.002282838977407664,0.03697733202716336,0.001508184999693185,0.03667549602687359,0.03845486999489367,0.38792668998939916
tier_1m,1_1438042987127.36_20150728002307-00145-ip-10-236-191-2_499439925_0.csv,5,5.0,25,946,False,True,,25,0.3102116489899345,0.002239304012618959,0.005346336984075606,0.0010573710314929485,0.0017310259863734245,0.003016408998519182,0.3208136989851482
tier_1m,1_1438042987127.36_20150728002307-00145-ip-10-236-191-2_499439925_0.csv,10,5.0,50,946,False,True,,50,0.3102116489899345,0.0021557919681072235,0.010500990028958768,0.0010217539966106415,0.0021054940298199654,0.0033626460353843868,0.32623107702238485
tier_1m,1_1438042987127.36_20150728002307-00145-ip-10-236-191-2_499439925_0.csv,20,5.0,100,946,False,True,,100,0.3102116489899345,0.0016415370046161115,0.02127884200308472,0.0011617160052992404,0.0022150640143081546,0.003614394983742386,0.3367464229813777
tier_1m,1_1438042990112.50_20150728002310-00013-ip-10-236-191-2_321346784_4.csv,5,10.0,50,1542,False,True,,50,0.3956991329905577,0.0020442010136321187,0.003866282000672072,0.001755464996676892,0.0022068339749239385,0.004249896039254963,0.40585951204411685
tier_1m,1_1438042990112.50_20150728002310-00013-ip-10-236-191-2_321346784_4.csv,10,10.0,100,1542,False,True,,100,0.3956991329905577,0.002194412052631378,0.007186297967564315,0.0014854189939796925,0.00234891998115927,0.004085836000740528,0.4091656790114939
tier_1m,1_1438042990112.50_20150728002310-00013-ip-10-236-191-2_321346784_4.csv,20,10.0,200,1542,False,True,,200,0.3956991329905577,0.002093388990033418,0.014109376003034413,0.0013305890024639666,0.0023083729902282357,0.0039201079634949565,0.4158220059471205
tier_1m,1_1438042990112.50_20150728002310-00013-ip-10-236-191-2_321346784_4.csv,5,5.0,25,1542,False,True,,25,0.3956991329905577,0.0020323869539424777,0.0017935169744305313,0.0008831080049276352,0.0016602519899606705,0.002757149050012231,0.40228218596894294
tier_1m,1_1438042990112.50_20150728002310-00013-ip-10-236-191-2_321346784_4.csv,10,5.0,50,1542,False,True,,50,0.3956991329905577,0.002035229990724474,0.003489634022116661,0.0008900979883037508,0.001734610996209085,0.0028404510230757296,0.40406444802647457
tier_1m,1_1438042990112.50_20150728002310-00013-ip-10-236-191-2_321346784_4.csv,20,5.0,100,1542,False,True,,100,0.3956991329905577,0.002036608988419175,0.006977760000154376,0.0010539229842834175,0.0019420069875195622,0.0032144570141099393,0.4079279589932412
tier_1m,1_1438042987127.36_20150728002307-00033-ip-10-236-191-2_482136553_0.csv,5,10.0,50,378,False,True,,50,0.4443938520271331,0.00048220198368653655,0.00274742697365582,0.0015554940328001976,0.004631722054909915,0.006476397975347936,0.4540998789598234
tier_1m,1_1438042987127.36_20150728002307-00033-ip-10-236-191-2_482136553_0.csv,10,10.0,100,378,False,True,,100,0.4443938520271331,0.0005466059665195644,0.004793466010596603,0.0010924730449914932,0.0019668230088427663,0.0032901670201681554,0.45302409102441743
tier_1m,1_1438042987127.36_20150728002307-00033-ip-10-236-191-2_482136553_0.csv,20,10.0,200,378,False,True,,200,0.4443938520271331,0.0005123669980093837,0.009286738000810146,0.001159042993094772,0.002305316971614957,0.0037204159889370203,0.45791337301488966
tier_1m,1_1438042987127.36_20150728002307-00033-ip-10-236-191-2_482136553_0.csv,5,5.0,25,378,False,True,,25,0.4443938520271331,0.0004607639857567847,0.0014007420395500958,0.0011096589732915163,0.0017411530134268105,0.0030683069489896297,0.4493236650014296
tier_1m,1_1438042987127.36_20150728002307-00033-ip-10-236-191-2_482136553_0.csv,10,5.0,50,378,False,True,,50,0.4443938520271331,0.0004642580170184374,0.0024789849994704127,0.0008792200242169201,0.0017763620126061141,0.002865011978428811,0.45020210702205077
tier_1m,1_1438042987127.36_20150728002307-00033-ip-10-236-191-2_482136553_0.csv,20,5.0,100,378,False,True,,100,0.4443938520271331,0.00048475898802280426,0.004598934028763324,0.0009450200013816357,0.0017626159824430943,0.002924947999417782,0.452402493043337
tier_1m,0_1438042988061.16_20150728002308-00109-ip-10-236-191-2_681611335_21.csv,5,10.0,50,388,False,True,,50,0.4705381980165839,0.0008727940148673952,0.013224765018094331,0.002085145970340818,0.002655751013662666,0.0050098340143449605,0.4896455910638906
tier_1m,0_1438042988061.16_20150728002308-00109-ip-10-236-191-2_681611335_21.csv,10,10.0,100,388,False,True,,100,0.4705381980165839,0.0007257559918798506,0.02416355104651302,0.001416293962392956,0.002439119969494641,0.004111719026695937,0.49953922408167273
tier_1m,0_1438042988061.16_20150728002308-00109-ip-10-236-191-2_681611335_21.csv,20,10.0,200,388,False,True,,200,0.4705381980165839,0.0009739829692989588,0.03968971804715693,0.001401575980708003,0.003341321018524468,0.00504878704668954,0.5162506860797293
tier_1m,0_1438042988061.16_20150728002308-00109-ip-10-236-191-2_681611335_21.csv,5,5.0,25,388,False,True,,25,0.4705381980165839,0.0013892260030843318,0.008341381035279483,0.0012752520269714296,0.0021827149903401732,0.0037041649920865893,0.4839729700470343
tier_1m,0_1438042988061.16_20150728002308-00109-ip-10-236-191-2_681611335_21.csv,10,5.0,50,388,False,True,,50,0.4705381980165839,0.0014147449983283877,0.014002920011989772,0.001110432029236108,0.0024848809698596597,0.003858602955006063,0.48981446598190814
tier_1m,0_1438042988061.16_20150728002308-00109-ip-10-236-191-2_681611335_21.csv,20,5.0,100,388,False,True,,100,0.4705381980165839,0.0011277690064162016,0.02612896403297782,0.0014868780272081494,0.0036153129767626524,0.005372765997890383,0.5031676970538683
tier_1m,0_1438042988061.16_20150728002308-00244-ip-10-236-191-2_65898746_2.csv,5,10.0,50,2500,False,True,,50,0.3685856700176373,0.002619870996568352,0.010354486003052443,0.0017142309807240963,0.0021180069888941944,0.004101002996321768,0.3856610300135799
tier_1m,0_1438042988061.16_20150728002308-00244-ip-10-236-191-2_65898746_2.csv,10,10.0,100,2500,False,True,,100,0.3685856700176373,0.004869376018177718,0.023029297008179128,0.0011987050529569387,0.002128152991645038,0.0035579190007410944,0.40004226204473525
tier_1m,0_1438042988061.16_20150728002308-00244-ip-10-236-191-2_65898746_2.csv,20,10.0,200,2500,False,True,,200,0.3685856700176373,0.0047764169867150486,0.044558730034623295,0.0017315690056420863,0.001932043000124395,0.003960518981330097,0.42188133602030575
tier_1m,0_1438042988061.16_20150728002308-00244-ip-10-236-191-2_65898746_2.csv,5,5.0,25,2500,False,True,,25,0.3685856700176373,0.005046148027759045,0.007153188984375447,0.0010989310103468597,0.0017917639925144613,0.0031020549940876663,0.38388706202385947
tier_1m,0_1438042988061.16_20150728002308-00244-ip-10-236-191-2_65898746_2.csv,10,5.0,50,2500,False,True,,50,0.3685856700176373,0.004832850012462586,0.012306821008678526,0.0011679650051519275,0.0015513310208916664,0.0029346609953790903,0.3886600020341575
tier_1m,0_1438042988061.16_20150728002308-00244-ip-10-236-191-2_65898746_2.csv,20,5.0,100,2500,False,True,,100,0.3685856700176373,0.004697341995779425,0.02300966699840501,0.0012474560062400997,0.002122648002114147,0.003579554962925613,0.39987223397474736
tier_1m,0_1438042988061.16_20150728002308-00215-ip-10-236-191-2_362876303_35.csv,5,10.0,50,638,False,True,,50,0.2644852509838529,0.0009714459883980453,0.010698644968215376,0.0017394229653291404,0.0020941229886375368,0.004071644973009825,0.28022698691347614
tier_1m,0_1438042988061.16_20150728002308-00215-ip-10-236-191-2_362876303_35.csv,10,10.0,100,638,False,True,,100,0.2644852509838529,0.001125442038755864,0.021016764047089964,0.0012777730007655919,0.0019239849643781781,0.003392242011614144,0.29001969908131287
tier_1m,0_1438042988061.16_20150728002308-00215-ip-10-236-191-2_362876303_35.csv,20,10.0,200,638,False,True,,200,0.2644852509838529,0.0010960509534925222,0.04079026699764654,0.001583695993758738,0.0021372089977376163,0.003931566025130451,0.3103031349601224
tier_1m,0_1438042988061.16_20150728002308-00215-ip-10-236-191-2_362876303_35.csv,5,5.0,25,638,False,True,,25,0.2644852509838529,0.0010067599941976368,0.005589478008914739,0.0008576360414735973,0.0013920660130679607,0.002421805984340608,0.2735032949713059
tier_1m,0_1438042988061.16_20150728002308-00215-ip-10-236-191-2_362876303_35.csv,10,5.0,50,638,False,True,,50,0.2644852509838529,0.001009722996968776,0.010789328953251243,0.0007316130213439465,0.001780938997399062,0.002686748979613185,0.2789710519136861
tier_1m,0_1438042988061.16_20150728002308-00215-ip-10-236-191-2_362876303_35.csv,20,5.0,100,638,False,True,,100,0.2644852509838529,0.0010376169811934233,0.022250279027502984,0.0011309999972581863,0.0018838330288417637,0.0032049690489657223,0.290978116041515
tier_1m,1_1438042990112.50_20150728002310-00312-ip-10-236-191-2_3243890_59.csv,5,10.0,50,296,False,True,,50,0.45729734702035785,0.0005234639975242317,0.008160475001204759,0.0019604270346462727,0.001946320990100503,0.004181404015980661,0.4701626900350675
tier_1m,1_1438042990112.50_20150728002310-00312-ip-10-236-191-2_3243890_59.csv,10,10.0,100,296,False,True,,100,0.45729734702035785,0.0011716940207406878,0.012667475966736674,0.0013330589863471687,0.0022002399782650173,0.0037653479957953095,0.4749018650036305
tier_1m,1_1438042990112.50_20150728002310-00312-ip-10-236-191-2_3243890_59.csv,20,10.0,200,296,False,True,,200,0.45729734702035785,0.0010053989826701581,0.020935841021128,0.0012094550183974206,0.003188065020367503,0.004653020994737744,0.48389160801889375
tier_1m,1_1438042990112.50_20150728002310-00312-ip-10-236-191-2_3243890_59.csv,5,5.0,25,296,False,True,,25,0.45729734702035785,0.0006789540057070553,0.004413797985762358,0.0009763749549165368,0.0021427259780466557,0.0033589720260351896,0.46574907103786245
tier_1m,1_1438042990112.50_20150728002310-00312-ip-10-236-191-2_3243890_59.csv,10,5.0,50,296,False,True,,50,0.45729734702035785,0.0008366620168089867,0.007993489038199186,0.0009459310094825923,0.0015714470064267516,0.002726842008996755,0.4688543400843628
tier_1m,1_1438042990112.50_20150728002310-00312-ip-10-236-191-2_3243890_59.csv,20,5.0,100,296,False,True,,100,0.45729734702035785,0.0011215429985895753,0.012437577010132372,0.0012131190160289407,0.0023836560430936515,0.0038081089733168483,0.47466457600239664
tier_1m,1_1438042990112.50_20150728002310-00085-ip-10-236-191-2_403435483_3.csv,5,10.0,50,769,False,True,,50,0.4143176010111347,0.0008571000071242452,0.0022330210194922984,0.0017836660263128579,0.0020266990177333355,0.004075067990925163,0.4214827900286764
tier_1m,1_1438042990112.50_20150728002310-00085-ip-10-236-191-2_403435483_3.csv,10,10.0,100,769,False,True,,100,0.4143176010111347,0.0014194889809004962,0.006699465971905738,0.0013338520075194538,0.0020876809721812606,0.003670457983389497,0.4261070139473304
tier_1m,1_1438042990112.50_20150728002310-00085-ip-10-236-191-2_403435483_3.csv,20,10.0,200,769,False,True,,200,0.4143176010111347,0.0013688220060430467,0.010322290996555239,0.0012044850154779851,0.002835235034581274,0.004283255024347454,0.4302919690380804
tier_1m,1_1438042990112.50_20150728002310-00085-ip-10-236-191-2_403435483_3.csv,5,5.0,25,769,False,True,,25,0.4143176010111347,0.0012916469713672996,0.0017197930137626827,0.0009679319919086993,0.001978059997782111,0.0031658090301789343,0.4204948500264436
tier_1m,1_1438042990112.50_20150728002310-00085-ip-10-236-191-2_403435483_3.csv,10,5.0,50,769,False,True,,50,0.4143176010111347,0.0010356720304116607,0.001837255957070738,0.0007838949677534401,0.00151359400479123,0.0025052609853446484,0.41969578998396173
tier_1m,1_1438042990112.50_20150728002310-00085-ip-10-236-191-2_403435483_3.csv,20,5.0,100,769,False,True,,100,0.4143176010111347,0.0013049189583398402,0.0062591530149802566,0.0010826889774762094,0.0022057280293665826,0.0035245249746367335,0.4254061979590915
tier_1m,0_1438042988061.16_20150728002308-00194-ip-10-236-191-2_846810834_13.csv,5,10.0,50,165,False,True,,50,0.24401088000740856,0.00023332203272730112,0.017528558033518493,0.0014820669894106686,0.002065679000224918,0.003821463033091277,0.26559422310674563
tier_1m,0_1438042988061.16_20150728002308-00194-ip-10-236-191-2_846810834_13.csv,10,10.0,100,165,False,True,,100,0.24401088000740856,0.0004558999789878726,0.0378751460229978,0.0012633660226128995,0.00211780599784106,0.0036121150478720665,0.2859540410572663
tier_1m,0_1438042988061.16_20150728002308-00194-ip-10-236-191-2_846810834_13.csv,20,10.0,200,165,True,True,,165,0.24401088000740856,1.1509982869029045e-06,0.06017620296915993,0.0013813480036333203,0.0023017610074020922,0.003931974002625793,0.3081202079774812
tier_1m,0_1438042988061.16_20150728002308-00194-ip-10-236-191-2_846810834_13.csv,5,5.0,25,165,False,True,,25,0.24401088000740856,0.0003798999823629856,0.013078243006020784,0.0010761530138552189,0.0019112559966742992,0.003193593001924455,0.2606626159977168
tier_1m,0_1438042988061.16_20150728002308-00194-ip-10-236-191-2_846810834_13.csv,10,5.0,50,165,False,True,,50,0.24401088000740856,0.0003837959957309067,0.020268633030354977,0.001048812991939485,0.0017763689975254238,0.0030373199842870235,0.26770062901778147
tier_1m,0_1438042988061.16_20150728002308-00194-ip-10-236-191-2_846810834_13.csv,20,5.0,100,165,False,True,,100,0.24401088000740856,0.00040733302012085915,0.03814946999773383,0.0012206860119476914,0.0019991389708593488,0.0034438130096532404,0.2860114960349165
tier_1m,1_1438042990112.50_20150728002310-00286-ip-10-236-191-2_318221297_4.csv,5,10.0,50,1688,False,True,,50,0.3384707969962619,0.001855972979683429,0.002993352012708783,0.0015208559925667942,0.0020247260108590126,0.0038103010156191885,0.3471304230042733
tier_1m,1_1438042990112.50_20150728002310-00286-ip-10-236-191-2_318221297_4.csv,10,10.0,100,1688,False,True,,100,0.3384707969962619,0.0032052359892986715,0.008418343961238861,0.0012105409987270832,0.00300571700790897,0.004439938988070935,0.3545343159348704
tier_1m,1_1438042990112.50_20150728002310-00286-ip-10-236-191-2_318221297_4.csv,20,10.0,200,1688,False,True,,200,0.3384707969962619,0.003091336984653026,0.013291167037095875,0.0012271860032342374,0.0020906439749523997,0.003557354968506843,0.35841065598651767
tier_1m,1_1438042990112.50_20150728002310-00286-ip-10-236-191-2_318221297_4.csv,5,5.0,25,1688,False,True,,25,0.3384707969962619,0.0030405379948206246,0.0026594990049488842,0.000978294003289193,0.0021490210201591253,0.0033520989818498492,0.3475229329778813
tier_1m,1_1438042990112.50_20150728002310-00286-ip-10-236-191-2_318221297_4.csv,10,5.0,50,1688,False,True,,50,0.3384707969962619,0.0029974100179970264,0.0049703369732014835,0.0008233209955506027,0.0020519059617072344,0.0031248379964381456,0.3495633819838986
tier_1m,1_1438042990112.50_20150728002310-00286-ip-10-236-191-2_318221297_4.csv,20,5.0,100,1688,False,True,,100,0.3384707969962619,0.003696663014125079,0.009690844046417624,0.0010472669964656234,0.002059702994301915,0.003361758019309491,0.3552200620761141
tier_1m,1_1438042987127.36_20150728002307-00290-ip-10-236-191-2_407999777_10.csv,5,10.0,50,533,False,True,,50,0.48470800899667665,0.0010273139923810959,0.0062168779550120234,0.0016293239896185696,0.0021230429993011057,0.004055385012179613,0.4960075859562494
tier_1m,1_1438042987127.36_20150728002307-00290-ip-10-236-191-2_407999777_10.csv,10,10.0,100,533,False,True,,100,0.48470800899667665,0.001863148994743824,0.01269748801132664,0.001693174010142684,0.002682018035557121,0.004649028996936977,0.5039176749996841
tier_1m,1_1438042987127.36_20150728002307-00290-ip-10-236-191-2_407999777_10.csv,20,10.0,200,533,False,True,,200,0.48470800899667665,0.002418441988993436,0.023813228006474674,0.0016055869637057185,0.003070904000196606,0.004981410980690271,0.515921089972835
tier_1m,1_1438042987127.36_20150728002307-00290-ip-10-236-191-2_407999777_10.csv,5,5.0,25,533,False,True,,25,0.48470800899667665,0.0012654049787670374,0.003878790943417698,0.000978367985226214,0.002215582993812859,0.0034297279780730605,0.49328193289693445
tier_1m,1_1438042987127.36_20150728002307-00290-ip-10-236-191-2_407999777_10.csv,10,5.0,50,533,False,True,,50,0.48470800899667665,0.0017128909821622074,0.007391830964479595,0.00127665902255103,0.0022813950199633837,0.0038031089934520423,0.4976158399367705
tier_1m,1_1438042987127.36_20150728002307-00290-ip-10-236-191-2_407999777_10.csv,20,5.0,100,533,False,True,,100,0.48470800899667665,0.0017693459521979094,0.012391077005304396,0.0011636450071819127,0.002306442998815328,0.0037302199634723365,0.5025986519176513
tier_1m,0_1438042988458.74_20150728002308-00166-ip-10-236-191-2_302386578_10.csv,5,10.0,50,627,False,True,,50,0.3585985659738071,0.0008683779742568731,0.007660860021132976,0.001645234995521605,0.002001999004278332,0.003873392997775227,0.3710011969669722
tier_1m,0_1438042988458.74_20150728002308-00166-ip-10-236-191-2_302386578_10.csv,10,10.0,100,627,False,True,,100,0.3585985659738071,0.0009698049980215728,0.014292606967501342,0.0011278569581918418,0.002081245998851955,0.00342483603162691,0.37728581397095695
tier_1m,0_1438042988458.74_20150728002308-00166-ip-10-236-191-2_302386578_10.csv,20,10.0,200,627,False,True,,200,0.3585985659738071,0.0012334600323811173,0.028698799025733024,0.0015548099763691425,0.0023180459975264966,0.004113050003070384,0.39264387503499165
tier_1m,0_1438042988458.74_20150728002308-00166-ip-10-236-191-2_302386578_10.csv,5,5.0,25,627,False,True,,25,0.3585985659738071,0.0011064159916713834,0.0036515480023808777,0.0007697180262766778,0.0013017859891988337,0.0022459360188804567,0.36560246598673984
tier_1m,0_1438042988458.74_20150728002308-00166-ip-10-236-191-2_302386578_10.csv,10,5.0,50,627,False,True,,50,0.3585985659738071,0.0008420720114372671,0.007116840977687389,0.000850735988933593,0.0014574480010196567,0.002479513001162559,0.36903699196409434
tier_1m,0_1438042988458.74_20150728002308-00166-ip-10-236-191-2_302386578_10.csv,20,5.0,100,627,False,True,,100,0.3585985659738071,0.0008675259887240827,0.014239142008591443,0.0009985020151361823,0.0018703779787756503,0.0030929679633118212,0.3767982019344345
tier_1m,0_1438042988458.74_20150728002308-00253-ip-10-236-191-2_222600153_3.csv,5,10.0,50,318,False,True,,50,0.36734740500105545,0.0006055690464563668,0.04699507396435365,0.001603942015208304,0.0027609209646470845,0.004623411979991943,0.4195714599918574
tier_1m,0_1438042988458.74_20150728002308-00253-ip-10-236-191-2_222600153_3.csv,10,10.0,100,318,False,True,,100,0.36734740500105545,0.001040917995851487,0.09873665601480752,0.0018860690179280937,0.0022536710021086037,0.00438581797061488,0.47151079698232934
tier_1m,0_1438042988458.74_20150728002308-00253-ip-10-236-191-2_222600153_3.csv,20,10.0,200,318,False,True,,200,0.36734740500105545,0.0013907119864597917,0.19180470099672675,0.0016266509774141014,0.0033249440020881593,0.005231989023741335,0.5657748070079833
tier_1m,0_1438042988458.74_20150728002308-00253-ip-10-236-191-2_222600153_3.csv,5,5.0,25,318,False,True,,25,0.36734740500105545,0.0007489859708584845,0.026306134008336812,0.0011961180134676397,0.0021161449840292335,0.0035351700498722494,0.397937695030123
tier_1m,0_1438042988458.74_20150728002308-00253-ip-10-236-191-2_222600153_3.csv,10,5.0,50,318,False,True,,50,0.36734740500105545,0.0009696269989944994,0.051459995040204376,0.0010824159835465252,0.0020936919609084725,0.0034004169865511358,0.42317744402680546
tier_1m,0_1438042988458.74_20150728002308-00253-ip-10-236-191-2_222600153_3.csv,20,5.0,100,318,False,True,,100,0.36734740500105545,0.0009951629908755422,0.097528949030675,0.0012160789920017123,0.002099366975016892,0.003552372974809259,0.46942388999741524
tier_1m,1_1438042990112.50_20150728002310-00237-ip-10-236-191-2_880298254_15.csv,5,10.0,50,2826,False,True,,50,0.0745449109817855,0.003473539021797478,0.002059655962511897,0.0013813420082442462,0.003338344977237284,0.004988364002201706,0.08506646996829659
tier_1m,1_1438042990112.50_20150728002310-00237-ip-10-236-191-2_880298254_15.csv,10,10.0,100,2826,False,True,,100,0.0745449109817855,0.0057949600159190595,0.0037275770446285605,0.0010684510343708098,0.003028614039067179,0.004315086000133306,0.08838253404246643
tier_1m,1_1438042990112.50_20150728002310-00237-ip-10-236-191-2_880298254_15.csv,20,10.0,200,2826,False,True,,200,0.0745449109817855,0.006280832982156426,0.009368894039653242,0.0011891979956999421,0.0025025340146385133,0.003933443978894502,0.09412808198248968
tier_1m,1_1438042990112.50_20150728002310-00237-ip-10-236-191-2_880298254_15.csv,5,5.0,25,2826,False,True,,25,0.0745449109817855,0.0062440159963443875,0.0012384279980324209,0.0010803969926200807,0.0015736909699626267,0.002864463021978736,0.08489181799814105
tier_1m,1_1438042990112.50_20150728002310-00237-ip-10-236-191-2_880298254_15.csv,10,5.0,50,2826,False,True,,50,0.0745449109817855,0.006267760996706784,0.0026853940216824412,0.001017871021758765,0.0018423459841869771,0.003074536973144859,0.08657260297331959
tier_1m,1_1438042990112.50_20150728002310-00237-ip-10-236-191-2_880298254_15.csv,20,5.0,100,2826,False,True,,100,0.0745449109817855,0.006333940022159368,0.0037886450299993157,0.000946833984926343,0.002513906976673752,0.003693681035656482,0.08836117706960067
tier_1m,0_1438042988061.16_20150728002308-00089-ip-10-236-191-2_807127666_2.csv,5,10.0,50,831,False,True,,50,0.31468679796671495,0.0010323910391889513,0.008999809972010553,0.001392723002936691,0.0022050010156817734,0.0038669509813189507,0.3285859499592334
tier_1m,0_1438042988061.16_20150728002308-00089-ip-10-236-191-2_807127666_2.csv,10,10.0,100,831,False,True,,100,0.31468679796671495,0.0011358740157447755,0.017278085986617953,0.0013062409707345068,0.001985720999073237,0.003503222018480301,0.336603979987558
tier_1m,0_1438042988061.16_20150728002308-00089-ip-10-236-191-2_807127666_2.csv,20,10.0,200,831,False,True,,200,0.31468679796671495,0.0010725139873102307,0.034249275049660355,0.0013825710047967732,0.002559193002525717,0.004178388975560665,0.3541869759792462
tier_1m,0_1438042988061.16_20150728002308-00089-ip-10-236-191-2_807127666_2.csv,5,5.0,25,831,False,True,,25,0.31468679796671495,0.0011076320079155266,0.004528895020484924,0.0008408080320805311,0.0014258139999583364,0.002438044990412891,0.3227613699855283
tier_1m,0_1438042988061.16_20150728002308-00089-ip-10-236-191-2_807127666_2.csv,10,5.0,50,831,False,True,,50,0.31468679796671495,0.0010082909720949829,0.008473621041048318,0.0008660739986225963,0.0018241339712403715,0.002877478953450918,0.32704618893330917
tier_1m,0_1438042988061.16_20150728002308-00089-ip-10-236-191-2_807127666_2.csv,20,5.0,100,831,False,True,,100,0.31468679796671495,0.0010127100395038724,0.01680320897139609,0.0011488960008136928,0.0017867989954538643,0.003133748017717153,0.33563646499533206
tier_1m,0_1438042988458.74_20150728002308-00060-ip-10-236-191-2_492355315_1.csv,5,10.0,50,2500,False,True,,50,0.3054369599558413,0.002931883034761995,0.011387348000425845,0.001815123949199915,0.002286489005200565,0.004338743980042636,0.3240949349710718
tier_1m,0_1438042988458.74_20150728002308-00060-ip-10-236-191-2_492355315_1.csv,10,10.0,100,2500,False,True,,100,0.3054369599558413,0.0031015429995022714,0.022437534003984183,0.0012800980475731194,0.0020260969758965075,0.0035302300238981843,0.33450626698322594
tier_1m,0_1438042988458.74_20150728002308-00060-ip-10-236-191-2_492355315_1.csv,20,10.0,200,2500,False,True,,200,0.3054369599558413,0.002886127040255815,0.04429531400091946,0.0013174290070310235,0.002665397012606263,0.004208458005450666,0.35682685900246724
tier_1m,0_1438042988458.74_20150728002308-00060-ip-10-236-191-2_492355315_1.csv,5,5.0,25,2500,False,True,,25,0.3054369599558413,0.002990201988723129,0.0056374199921265244,0.0009466059855185449,0.0019718269468285143,0.0030961140291765332,0.3171606959658675
tier_1m,0_1438042988458.74_20150728002308-00060-ip-10-236-191-2_492355315_1.csv,10,5.0,50,2500,False,True,,50,0.3054369599558413,0.0028527749818749726,0.01106346002779901,0.0010127599816769361,0.001998792984522879,0.0032130989711731672,0.32256629393668845
tier_1m,0_1438042988458.74_20150728002308-00060-ip-10-236-191-2_492355315_1.csv,20,5.0,100,2500,False,True,,100,0.3054369599558413,0.002827299991622567,0.022105365991592407,0.0009216759935952723,0.002218256995547563,0.0033248640247620642,0.33369448996381834
tier_1m,1_1438042990112.50_20150728002310-00296-ip-10-236-191-2_202658094_3.csv,5,10.0,50,528,False,True,,50,0.4190733319846913,0.0009607699466869235,0.006389801972545683,0.0017847090493887663,0.002368181012570858,0.004371297953184694,0.4307952018571086
tier_1m,1_1438042990112.50_20150728002310-00296-ip-10-236-191-2_202658094_3.csv,10,10.0,100,528,False,True,,100,0.4190733319846913,0.0010140189551748335,0.011811546981334686,0.001685204973910004,0.0028148519922979176,0.004781062016263604,0.43667995993746445
tier_1m,1_1438042990112.50_20150728002310-00296-ip-10-236-191-2_202658094_3.csv,20,10.0,200,528,False,True,,200,0.4190733319846913,0.0021535229752771556,0.03120054496685043,0.0014037590008229017,0.0036443930002860725,0.005350549996364862,0.45777794992318377
tier_1m,1_1438042990112.50_20150728002310-00296-ip-10-236-191-2_202658094_3.csv,5,5.0,25,528,False,True,,25,0.4190733319846913,0.0019146129488945007,0.007002129976172,0.0013999519869685173,0.0020794070442207158,0.0036927330074831843,0.431682807917241
tier_1m,1_1438042990112.50_20150728002310-00296-ip-10-236-191-2_202658094_3.csv,10,5.0,50,528,False,True,,50,0.4190733319846913,0.0011983279837295413,0.007354742963798344,0.0012229189742356539,0.002081284997984767,0.003524466010276228,0.43115086894249544
tier_1m,1_1438042990112.50_20150728002310-00296-ip-10-236-191-2_202658094_3.csv,20,5.0,100,528,False,True,,100,0.4190733319846913,0.0011937710223719478,0.014515951974317431,0.0012496939743869007,0.002194950997363776,0.003666368022095412,0.4384494230034761
tier_1m,1_1438042988061.16_20150728002308-00013-ip-10-236-191-2_636339982_0.csv,5,10.0,50,625,False,True,,50,0.3288279139669612,0.0007926879916340113,0.01425994501914829,0.0017969170003198087,0.0022452579578384757,0.004322637047152966,0.3482031840248965
tier_1m,1_1438042988061.16_20150728002308-00013-ip-10-236-191-2_636339982_0.csv,10,10.0,100,625,False,True,,100,0.3288279139669612,0.0014498020173050463,0.029515705013182014,0.0015889350324869156,0.002368745976127684,0.004241367045324296,0.36403478804277256
tier_1m,1_1438042988061.16_20150728002308-00013-ip-10-236-191-2_636339982_0.csv,20,10.0,200,625,False,True,,200,0.3288279139669612,0.001519766985438764,0.057776354951784015,0.0016228999593295157,0.0028489830438047647,0.004777700989507139,0.3929017368936911
tier_1m,1_1438042988061.16_20150728002308-00013-ip-10-236-191-2_636339982_0.csv,5,5.0,25,625,False,True,,25,0.3288279139669612,0.0013171739992685616,0.008933756034821272,0.0011414539767429233,0.002240123983938247,0.003601218981202692,0.34268006298225373
tier_1m,1_1438042988061.16_20150728002308-00013-ip-10-236-191-2_636339982_0.csv,10,5.0,50,625,False,True,,50,0.3288279139669612,0.0013019299949519336,0.015078062016982585,0.0011389420251362026,0.002110251982230693,0.003482087980955839,0.34868999395985156
tier_1m,1_1438042988061.16_20150728002308-00013-ip-10-236-191-2_636339982_0.csv,20,5.0,100,625,False,True,,100,0.3288279139669612,0.0013148030266165733,0.0294159630429931,0.0013174579944461584,0.002940270002000034,0.00451482500648126,0.36407350504305214
tier_1m,1_1438042987127.36_20150728002307-00294-ip-10-236-191-2_390417830_16.csv,5,10.0,50,812,False,True,,50,0.42012080003041774,0.0011221750173717737,0.011055361945182085,0.002027503971476108,0.002669636975042522,0.004977539996616542,0.43727587698958814
tier_1m,1_1438042987127.36_20150728002307-00294-ip-10-236-191-2_390417830_16.csv,10,10.0,100,812,False,True,,100,0.42012080003041774,0.0019146929844282568,0.02308890101267025,0.001457028032746166,0.0026806890382431448,0.004405393032357097,0.44952978705987334
tier_1m,1_1438042987127.36_20150728002307-00294-ip-10-236-191-2_390417830_16.csv,20,10.0,200,812,False,True,,200,0.42012080003041774,0.0018471929943189025,0.043709332996513695,0.001486665045376867,0.0035493170144036412,0.005332990025635809,0.47101031604688615
tier_1m,1_1438042987127.36_20150728002307-00294-ip-10-236-191-2_390417830_16.csv,5,5.0,25,812,False,True,,25,0.42012080003041774,0.0017390819848515093,0.006477884016931057,0.0011257610167376697,0.002089870977215469,0.0034362650476396084,0.4317740310798399
tier_1m,1_1438042987127.36_20150728002307-00294-ip-10-236-191-2_390417830_16.csv,10,5.0,50,812,False,True,,50,0.42012080003041774,0.001735395984724164,0.011463103990536183,0.0011918279924429953,0.002296070975717157,0.0037344800075516105,0.4370537800132297
tier_1m,1_1438042987127.36_20150728002307-00294-ip-10-236-191-2_390417830_16.csv,20,5.0,100,812,False,True,,100,0.42012080003041774,0.0017481749528087676,0.022646311030257493,0.001444431021809578,0.0023979779798537493,0.00410777801880613,0.44862306403229013
tier_1m,0_1438042988458.74_20150728002308-00254-ip-10-236-191-2_909417374_257.csv,5,10.0,50,2794,False,True,,50,0.07319298200309277,0.0045751690049655735,0.0025249230093322694,0.001850589003879577,0.0022224790300242603,0.004380243015475571,0.08467331703286618
tier_1m,0_1438042988458.74_20150728002308-00254-ip-10-236-191-2_909417374_257.csv,10,10.0,100,2794,False,True,,100,0.07319298200309277,0.0066083320416510105,0.0045757280313409865,0.0013810160453431308,0.0033304470125585794,0.004977094999048859,0.08935413707513362
tier_1m,0_1438042988458.74_20150728002308-00254-ip-10-236-191-2_909417374_257.csv,20,10.0,200,2794,False,True,,200,0.07319298200309277,0.005904046993236989,0.009946307982318103,0.0016344879986718297,0.0032198880217038095,0.005222601001150906,0.09426593797979876
tier_1m,0_1438042988458.74_20150728002308-00254-ip-10-236-191-2_909417374_257.csv,5,5.0,25,2794,False,True,,25,0.07319298200309277,0.006504989985842258,0.0012373109930194914,0.0011064769933000207,0.0017627339693717659,0.003147085022646934,0.08408236800460145
tier_1m,0_1438042988458.74_20150728002308-00254-ip-10-236-191-2_909417374_257.csv,10,5.0,50,2794,False,True,,50,0.07319298200309277,0.007948291022330523,0.003235097974538803,0.0012035489780828357,0.0020989380427636206,0.003606720012612641,0.08798309101257473
tier_1m,0_1438042988458.74_20150728002308-00254-ip-10-236-191-2_909417374_257.csv,20,5.0,100,2794,False,True,,100,0.07319298200309277,0.006783986988011748,0.0044980800012126565,0.0010997970239259303,0.0022767449845559895,0.0036589709925465286,0.0881340199848637
tier_1m,0_1438042988061.16_20150728002308-00101-ip-10-236-191-2_653250037_0.csv,5,10.0,50,176,False,True,,50,0.44176568801049143,0.0003283729893155396,0.008435916970483959,0.0019873250275850296,0.002204139018431306,0.004443173005711287,0.4549731509760022
tier_1m,0_1438042988061.16_20150728002308-00101-ip-10-236-191-2_653250037_0.csv,10,10.0,100,176,False,True,,100,0.44176568801049143,0.0003610689891502261,0.015539097948931158,0.0014123239670880139,0.002800240006763488,0.004514425003435463,0.4621802799520083
tier_1m,0_1438042988061.16_20150728002308-00101-ip-10-236-191-2_653250037_0.csv,20,10.0,200,176,True,True,,176,0.44176568801049143,1.8329592421650887e-06,0.033348280005156994,0.0016794700059108436,0.0034907980007119477,0.00546061503700912,0.4805764160118997
tier_1m,0_1438042988061.16_20150728002308-00101-ip-10-236-191-2_653250037_0.csv,5,5.0,25,176,False,True,,25,0.44176568801049143,0.0005063120042905211,0.005778161983471364,0.0008757130126468837,0.00200589100131765,0.003080900991335511,0.4511310629895888
tier_1m,0_1438042988061.16_20150728002308-00101-ip-10-236-191-2_653250037_0.csv,10,5.0,50,176,False,True,,50,0.44176568801049143,0.00032034795731306076,0.007992272032424808,0.0010697909747250378,0.0022479580366052687,0.0035211729700677097,0.453599480970297
tier_1m,0_1438042988061.16_20150728002308-00101-ip-10-236-191-2_653250037_0.csv,20,5.0,100,176,False,True,,100,0.44176568801049143,0.0003396269748918712,0.015012383984867483,0.0013316500117070973,0.002184237993787974,0.0037728880415670574,0.46089058701181784
tier_1m,0_1438042988458.74_20150728002308-00046-ip-10-236-191-2_428007644_11.csv,5,10.0,50,2,True,False,insufficient_candidates,0,0.24084823002340272,0,0,0,0,0,0.24084823002340272
tier_1m,0_1438042988458.74_20150728002308-00046-ip-10-236-191-2_428007644_11.csv,10,10.0,100,2,True,False,insufficient_candidates,0,0.24084823002340272,0,0,0,0,0,0.24084823002340272
tier_1m,0_1438042988458.74_20150728002308-00046-ip-10-236-191-2_428007644_11.csv,20,10.0,200,2,True,False,insufficient_candidates,0,0.24084823002340272,0,0,0,0,0,0.24084823002340272
tier_1m,0_1438042988458.74_20150728002308-00046-ip-10-236-191-2_428007644_11.csv,5,5.0,25,2,True,False,insufficient_candidates,0,0.24084823002340272,0,0,0,0,0,0.24084823002340272
tier_1m,0_1438042988458.74_20150728002308-00046-ip-10-236-191-2_428007644_11.csv,10,5.0,50,2,True,False,insufficient_candidates,0,0.24084823002340272,0,0,0,0,0,0.24084823002340272
tier_1m,0_1438042988458.74_20150728002308-00046-ip-10-236-191-2_428007644_11.csv,20,5.0,100,2,True,False,insufficient_candidates,0,0.24084823002340272,0,0,0,0,0,0.24084823002340272
tier_1m,1_1438042987127.36_20150728002307-00290-ip-10-236-191-2_469307566_0.csv,5,10.0,50,575,False,False,stage2_infeasible,50,0.4003790299757384,0.0008178220014087856,0.039104564988519996,0.002008526003919542,0.0,0.0020441339584067464,0.4423455509240739
tier_1m,1_1438042987127.36_20150728002307-00290-ip-10-236-191-2_469307566_0.csv,10,10.0,100,575,False,False,stage2_infeasible,100,0.4003790299757384,0.0009794359793886542,0.07647755299694836,0.00150889198994264,0.0,0.0015514729893766344,0.479387491941452
tier_1m,1_1438042987127.36_20150728002307-00290-ip-10-236-191-2_469307566_0.csv,20,10.0,200,575,False,False,stage2_infeasible,200,0.4003790299757384,0.0009108639787882566,0.15566722000949085,0.001735916011966765,0.0,0.001807069987989962,0.5587641839520074
tier_1m,1_1438042987127.36_20150728002307-00290-ip-10-236-191-2_469307566_0.csv,5,5.0,25,575,False,False,stage2_infeasible,25,0.4003790299757384,0.0009158799657598138,0.01926704205106944,0.0011476930230855942,0.0,0.0011673609842546284,0.42172931297682226
tier_1m,1_1438042987127.36_20150728002307-00290-ip-10-236-191-2_469307566_0.csv,10,5.0,50,575,False,False,stage2_infeasible,50,0.4003790299757384,0.0009060829761438072,0.03783608699450269,0.001060765003785491,0.0,0.0010861130431294441,0.4402073129895143
tier_1m,1_1438042987127.36_20150728002307-00290-ip-10-236-191-2_469307566_0.csv,20,5.0,100,575,False,False,stage2_infeasible,100,0.4003790299757384,0.0008604750037193298,0.07569990801857784,0.0012120010214857757,0.0,0.0012510889791883528,0.4781905019772239
tier_1m,1_1438042990112.50_20150728002310-00062-ip-10-236-191-2_896744244_9.csv,5,10.0,50,2635,False,True,,50,0.10250362899387255,0.003911770996637642,0.002483912045136094,0.0019125950057059526,0.0024328090366907418,0.004631969030015171,0.11353128106566146
tier_1m,1_1438042990112.50_20150728002310-00062-ip-10-236-191-2_896744244_9.csv,10,10.0,100,2635,False,True,,100,0.10250362899387255,0.0039809439913369715,0.00417341198772192,0.0009910750086419284,0.002177136018872261,0.0033745169639587402,0.11403250193689018
tier_1m,1_1438042990112.50_20150728002310-00062-ip-10-236-191-2_896744244_9.csv,20,10.0,200,2635,False,True,,200,0.10250362899387255,0.0037935040309093893,0.007618469011504203,0.0010492799920029938,0.002510584017727524,0.0037738539976999164,0.11768945603398606
tier_1m,1_1438042990112.50_20150728002310-00062-ip-10-236-191-2_896744244_9.csv,5,5.0,25,2635,False,True,,25,0.10250362899387255,0.003415521001443267,0.0009488139767199755,0.0007883459911681712,0.0017982249846681952,0.0027561590541154146,0.10962412302615121
tier_1m,1_1438042990112.50_20150728002310-00062-ip-10-236-191-2_896744244_9.csv,10,5.0,50,2635,False,True,,50,0.10250362899387255,0.0032601059647276998,0.0018180359620600939,0.000829842989332974,0.0019634109921753407,0.0029760649777017534,0.1105578358983621
tier_1m,1_1438042990112.50_20150728002310-00062-ip-10-236-191-2_896744244_9.csv,20,5.0,100,2635,False,True,,100,0.10250362899387255,0.0032992790220305324,0.003958093002438545,0.0009053130052052438,0.0022817360004410148,0.0033732550218701363,0.11313425604021177
tier_1m,1_1438042990112.50_20150728002310-00225-ip-10-236-191-2_718036865_0.csv,5,10.0,50,1231,False,False,stage2_infeasible,50,0.4722799379960634,0.0013535409816540778,0.0035458520287647843,0.0017467180150561035,0.0,0.0017737119924277067,0.47895304299890995
tier_1m,1_1438042990112.50_20150728002310-00225-ip-10-236-191-2_718036865_0.csv,10,10.0,100,1231,False,False,stage2_infeasible,100,0.4722799379960634,0.001576221955474466,0.007324639998842031,0.0012035979889333248,0.0,0.00123567198170349,0.48241647193208337
tier_1m,1_1438042990112.50_20150728002310-00225-ip-10-236-191-2_718036865_0.csv,20,10.0,200,1231,False,False,stage2_infeasible,200,0.4722799379960634,0.0015240850043483078,0.015301291015930474,0.0012646120158024132,0.0,0.0013164590345695615,0.4904217730509117
tier_1m,1_1438042990112.50_20150728002310-00225-ip-10-236-191-2_718036865_0.csv,5,5.0,25,1231,False,False,stage2_infeasible,25,0.4722799379960634,0.0014395079924724996,0.001798209035769105,0.0008850090089254081,0.0,0.0008994899690151215,0.4764171449933201
tier_1m,1_1438042990112.50_20150728002310-00225-ip-10-236-191-2_718036865_0.csv,10,5.0,50,1231,False,False,stage2_infeasible,50,0.4722799379960634,0.0014157769619487226,0.0034626220003701746,0.0009027299820445478,0.0,0.000921691011171788,0.47808002796955407
tier_1m,1_1438042990112.50_20150728002310-00225-ip-10-236-191-2_718036865_0.csv,20,5.0,100,1231,False,False,stage2_infeasible,100,0.4722799379960634,0.0014205789775587618,0.006894786027260125,0.0008235549903474748,0.0,0.0008516160305589437,0.4814469190314412
tier_1m,0_1438042988061.16_20150728002308-00189-ip-10-236-191-2_414087396_10.csv,5,10.0,50,387,False,True,,50,0.5427559340023436,0.0005416980129666626,0.005432070989627391,0.0016911790007725358,0.0023506740108132362,0.004256461979821324,0.5529861649847589
tier_1m,0_1438042988061.16_20150728002308-00189-ip-10-236-191-2_414087396_10.csv,10,10.0,100,387,False,True,,100,0.5427559340023436,0.0005899369716644287,0.009888403990771621,0.001006660982966423,0.002140968048479408,0.003354077984113246,0.5565883529488929
tier_1m,0_1438042988061.16_20150728002308-00189-ip-10-236-191-2_414087396_10.csv,20,10.0,200,387,False,True,,200,0.5427559340023436,0.0007819180027581751,0.01849427999695763,0.001511359994765371,0.0025260940310545266,0.004308515985030681,0.56634064798709
tier_1m,0_1438042988061.16_20150728002308-00189-ip-10-236-191-2_414087396_10.csv,5,5.0,25,387,False,True,,25,0.5427559340023436,0.0011903609847649932,0.005465920956339687,0.001075077976565808,0.0017866940470412374,0.0030798009829595685,0.5524920169264078
tier_1m,0_1438042988061.16_20150728002308-00189-ip-10-236-191-2_414087396_10.csv,10,5.0,50,387,False,True,,50,0.5427559340023436,0.000845799979288131,0.009023299033287913,0.0007945619872771204,0.0016368270153179765,0.0026198470150120556,0.5552448800299317
tier_1m,0_1438042988061.16_20150728002308-00189-ip-10-236-191-2_414087396_10.csv,20,5.0,100,387,False,True,,100,0.5427559340023436,0.0008857849752530456,0.013460769027005881,0.0009235579636879265,0.0017140129930339754,0.0028469900134950876,0.5599494780180976
tier_1m,0_1438042988061.16_20150728002308-00144-ip-10-236-191-2_279381280_30.csv,5,10.0,50,1398,False,False,stage2_infeasible,50,0.3436730309622362,0.0017101690173149109,0.01146899099694565,0.0013908749679103494,0.0,0.001419146021362394,0.3582713369978592
tier_1m,0_1438042988061.16_20150728002308-00144-ip-10-236-191-2_279381280_30.csv,10,10.0,100,1398,False,False,stage2_infeasible,100,0.3436730309622362,0.0018113580299541354,0.022644063050393015,0.0011992439976893365,0.0,0.0012324679992161691,0.36936092004179955
tier_1m,0_1438042988061.16_20150728002308-00144-ip-10-236-191-2_279381280_30.csv,20,10.0,200,1398,False,False,stage2_infeasible,200,0.3436730309622362,0.0017457189969718456,0.04460131702944636,0.0016044520307332277,0.0,0.001655623025726527,0.39167569001438096
tier_1m,0_1438042988061.16_20150728002308-00144-ip-10-236-191-2_279381280_30.csv,5,5.0,25,1398,False,False,stage2_infeasible,25,0.3436730309622362,0.0016912150313146412,0.005630874016787857,0.0007946690311655402,0.0,0.0008102839929051697,0.3518054040032439
tier_1m,0_1438042988061.16_20150728002308-00144-ip-10-236-191-2_279381280_30.csv,10,5.0,50,1398,False,False,stage2_infeasible,50,0.3436730309622362,0.0016672339988872409,0.010992388997692615,0.0009984850184991956,0.0,0.0010189570020884275,0.3573516109609045
tier_1m,0_1438042988061.16_20150728002308-00144-ip-10-236-191-2_279381280_30.csv,20,5.0,100,1398,False,False,stage2_infeasible,100,0.3436730309622362,0.0016689959447830915,0.02190255798632279,0.0011460509849712253,0.0,0.0011798000195994973,0.3684243849129416
tier_1m,1_1438042990112.50_20150728002310-00081-ip-10-236-191-2_890934925_129.csv,5,10.0,50,2295,False,True,,50,0.10663634800584987,0.0027448050095699728,0.0020736189908348024,0.0014521830016747117,0.0022202760446816683,0.003925081982742995,0.11537985398899764
tier_1m,1_1438042990112.50_20150728002310-00081-ip-10-236-191-2_890934925_129.csv,10,10.0,100,2295,False,True,,100,0.10663634800584987,0.004528656019829214,0.005434029037132859,0.0011469090241007507,0.0021481869625858963,0.0035195020027458668,0.12011853506555781
tier_1m,1_1438042990112.50_20150728002310-00081-ip-10-236-191-2_890934925_129.csv,20,10.0,200,2295,False,True,,200,0.10663634800584987,0.004519812006037682,0.008600757049862295,0.0011287169763818383,0.00280047400156036,0.004167724982835352,0.1239246420445852
tier_1m,1_1438042990112.50_20150728002310-00081-ip-10-236-191-2_890934925_129.csv,5,5.0,25,2295,False,True,,25,0.10663634800584987,0.004446654987987131,0.0016100649954751134,0.0010157619835808873,0.0015934359980747104,0.0028433260158635676,0.11553639400517568
tier_1m,1_1438042990112.50_20150728002310-00081-ip-10-236-191-2_890934925_129.csv,10,5.0,50,2295,False,True,,50,0.10663634800584987,0.00444920698646456,0.0031107969698496163,0.0009550779941491783,0.002020087034907192,0.003192730015143752,0.1173890819773078
tier_1m,1_1438042990112.50_20150728002310-00081-ip-10-236-191-2_890934925_129.csv,20,5.0,100,2295,False,True,,100,0.10663634800584987,0.004440329037606716,0.004782869014889002,0.001012526045087725,0.001851634995546192,0.003080398018937558,0.11893994407728314
tier_1m,0_1438042988061.16_20150728002308-00133-ip-10-236-191-2_59742533_2.csv,5,10.0,50,482,False,True,,50,0.5459654710139148,0.0005399310030043125,0.009046127030160278,0.0017826380208134651,0.002314770012162626,0.004343699023593217,0.5598952280706726
tier_1m,0_1438042988061.16_20150728002308-00133-ip-10-236-191-2_59742533_2.csv,10,10.0,100,482,False,True,,100,0.5459654710139148,0.0012719320366159081,0.02110357698984444,0.0012510570231825113,0.001992659003008157,0.0034759080153889954,0.5718168880557641
tier_1m,0_1438042988061.16_20150728002308-00133-ip-10-236-191-2_59742533_2.csv,20,10.0,200,482,False,True,,200,0.5459654710139148,0.0012833949876949191,0.039685255964286625,0.0011304070358164608,0.003248930035624653,0.004628241003956646,0.591562362969853
tier_1m,0_1438042988061.16_20150728002308-00133-ip-10-236-191-2_59742533_2.csv,5,5.0,25,482,False,True,,25,0.5459654710139148,0.0008458609809167683,0.00717857398558408,0.0011514000361785293,0.0020883000106550753,0.003444154979661107,0.5574340609600767
tier_1m,0_1438042988061.16_20150728002308-00133-ip-10-236-191-2_59742533_2.csv,10,5.0,50,482,False,True,,50,0.5459654710139148,0.0008089980110526085,0.012798447045497596,0.0010083180386573076,0.0018643930088728666,0.003102559014223516,0.5626754750846885
tier_1m,0_1438042988061.16_20150728002308-00133-ip-10-236-191-2_59742533_2.csv,20,5.0,100,482,False,True,,100,0.5459654710139148,0.0012192989815957844,0.020597289956640452,0.0012078749714419246,0.0025826580240391195,0.004030775045976043,0.5718128349981271
tier_1m,1_1438042990112.50_20150728002310-00259-ip-10-236-191-2_889779227_121.csv,5,10.0,50,2785,False,True,,50,0.053922488004900515,0.003664185991510749,0.002107059000991285,0.0015255179605446756,0.0019985049730166793,0.0037881199968978763,0.06348185299430043
tier_1m,1_1438042990112.50_20150728002310-00259-ip-10-236-191-2_889779227_121.csv,10,10.0,100,2785,False,True,,100,0.053922488004900515,0.0059949010028503835,0.004694431030657142,0.000981659977696836,0.0026656650006771088,0.003876641974784434,0.06848846201319247
tier_1m,1_1438042990112.50_20150728002310-00259-ip-10-236-191-2_889779227_121.csv,20,10.0,200,2785,False,True,,200,0.053922488004900515,0.005929142003878951,0.00782758102286607,0.001314771012403071,0.0028502990026026964,0.004410701047163457,0.072089912078809
tier_1m,1_1438042990112.50_20150728002310-00259-ip-10-236-191-2_889779227_121.csv,5,5.0,25,2785,False,True,,25,0.053922488004900515,0.005936102010309696,0.0015491769881919026,0.0009166119853034616,0.0015300519880838692,0.00264153495663777,0.06404930196003988
tier_1m,1_1438042990112.50_20150728002310-00259-ip-10-236-191-2_889779227_121.csv,10,5.0,50,2785,False,True,,50,0.053922488004900515,0.0060009119915775955,0.0024189319810830057,0.0008504849974997342,0.001588106038980186,0.002637650992255658,0.06497998296981677
tier_1m,1_1438042990112.50_20150728002310-00259-ip-10-236-191-2_889779227_121.csv,20,5.0,100,2785,False,True,,100,0.053922488004900515,0.005957828019745648,0.004556636966299266,0.0009658400085754693,0.00215702602872625,0.0033390920143574476,0.06777604500530288
tier_1m,0_1438042988458.74_20150728002308-00262-ip-10-236-191-2_380524338_2.csv,5,10.0,50,1148,False,True,,50,0.4215819039964117,0.0012792189954780042,0.004687077016569674,0.0017436420312151313,0.002148464962374419,0.004157738003414124,0.4317059380118735
tier_1m,0_1438042988458.74_20150728002308-00262-ip-10-236-191-2_380524338_2.csv,10,10.0,100,1148,False,True,,100,0.4215819039964117,0.003039248986169696,0.011569401947781444,0.0010489560081623495,0.0021678030025213957,0.003436562023125589,0.43962711695348844
tier_1m,0_1438042988458.74_20150728002308-00262-ip-10-236-191-2_380524338_2.csv,20,10.0,200,1148,False,True,,200,0.4215819039964117,0.004002570000011474,0.019449123996309936,0.0011814989848062396,0.0028531389543786645,0.004278797016013414,0.44931239500874653
tier_1m,0_1438042988458.74_20150728002308-00262-ip-10-236-191-2_380524338_2.csv,5,5.0,25,1148,False,True,,25,0.4215819039964117,0.0028713529463857412,0.004131392983254045,0.0009284840198233724,0.002089268993586302,0.003208829031791538,0.43179347895784304
tier_1m,0_1438042988458.74_20150728002308-00262-ip-10-236-191-2_380524338_2.csv,10,5.0,50,1148,False,True,,50,0.4215819039964117,0.0019116700277663767,0.007107090030331165,0.0009380910196341574,0.0017117090173996985,0.002856588049326092,0.43345725210383534
tier_1m,0_1438042988458.74_20150728002308-00262-ip-10-236-191-2_380524338_2.csv,20,5.0,100,1148,False,True,,100,0.4215819039964117,0.0029050870216451585,0.01143060001777485,0.0009450920042581856,0.002488156023900956,0.0036553990212269127,0.43957299005705863
tier_1m,1_1438042987127.36_20150728002307-00027-ip-10-236-191-2_67802697_2.csv,5,10.0,50,678,False,True,,50,0.20120625500567257,0.0007419059984385967,0.011640216049272567,0.0016567729762755334,0.001961189031135291,0.0038633199874311686,0.2174516970408149
tier_1m,1_1438042987127.36_20150728002307-00027-ip-10-236-191-2_67802697_2.csv,10,10.0,100,678,False,True,,100,0.20120625500567257,0.0013064779923297465,0.026283098966814578,0.0011360420030541718,0.0028103290242142975,0.004175628011580557,0.23297145997639745
tier_1m,1_1438042987127.36_20150728002307-00027-ip-10-236-191-2_67802697_2.csv,20,10.0,200,678,False,True,,200,0.20120625500567257,0.0012642840156331658,0.048641872010193765,0.0012890159850940108,0.002040863037109375,0.003601600998081267,0.25471401202958077
tier_1m,1_1438042987127.36_20150728002307-00027-ip-10-236-191-2_67802697_2.csv,5,5.0,25,678,False,True,,25,0.20120625500567257,0.0012011179933324456,0.009480861015617847,0.0010427689994685352,0.002132585970684886,0.00336649501696229,0.21525472903158516
tier_1m,1_1438042987127.36_20150728002307-00027-ip-10-236-191-2_67802697_2.csv,10,5.0,50,678,False,True,,50,0.20120625500567257,0.0011889529996551573,0.014613368024583906,0.001133631041739136,0.0016452919808216393,0.0029783360077999532,0.2199869120377116
tier_1m,1_1438042987127.36_20150728002307-00027-ip-10-236-191-2_67802697_2.csv,20,5.0,100,678,False,True,,100,0.20120625500567257,0.0012234660098329186,0.026184593967627734,0.0011672700056806207,0.001989530981518328,0.0033712530275806785,0.2319855680107139
tier_1m,0_1438042988458.74_20150728002308-00175-ip-10-236-191-2_385639780_18.csv,5,10.0,50,756,False,True,,50,0.5190342550049536,0.0011895490461029112,0.00898548198165372,0.001697210012935102,0.0023397569893859327,0.004286938987206668,0.5334962250199169
tier_1m,0_1438042988458.74_20150728002308-00175-ip-10-236-191-2_385639780_18.csv,10,10.0,100,756,False,True,,100,0.5190342550049536,0.0020413860329426825,0.02047286299057305,0.0012226840481162071,0.0022953730076551437,0.0037420709850266576,0.545290575013496
tier_1m,0_1438042988458.74_20150728002308-00175-ip-10-236-191-2_385639780_18.csv,20,10.0,200,756,False,True,,200,0.5190342550049536,0.0020039870287291706,0.037123807007446885,0.0011881350073963404,0.0030183069757185876,0.004471089981961995,0.5626331390230916
tier_1m,0_1438042988458.74_20150728002308-00175-ip-10-236-191-2_385639780_18.csv,5,5.0,25,756,False,True,,25,0.5190342550049536,0.0013793300022371113,0.007739026972558349,0.0008453800110146403,0.002259480010252446,0.003288439998868853,0.5314410519786179
tier_1m,0_1438042988458.74_20150728002308-00175-ip-10-236-191-2_385639780_18.csv,10,5.0,50,756,False,True,,50,0.5190342550049536,0.001870394975412637,0.011301162012387067,0.0011132850195281208,0.001659841975197196,0.0029707259964197874,0.5351765379891731
tier_1m,0_1438042988458.74_20150728002308-00175-ip-10-236-191-2_385639780_18.csv,20,5.0,100,756,False,True,,100,0.5190342550049536,0.0019258990068919957,0.020317096961662173,0.0011343680089339614,0.002469448954798281,0.003821674967184663,0.5450989259406924
tier_1m,0_1438042988458.74_20150728002308-00303-ip-10-236-191-2_56708567_9.csv,5,10.0,50,806,False,True,,50,0.5002357779885642,0.001294590998440981,0.008908526971936226,0.0019001580076292157,0.002046757028438151,0.004194708017166704,0.5146336039761081
tier_1m,0_1438042988458.74_20150728002308-00303-ip-10-236-191-2_56708567_9.csv,10,10.0,100,806,False,True,,100,0.5002357779885642,0.0022067020181566477,0.020404347975272685,0.001020447991322726,0.0024317820207215846,0.0036761669907718897,0.5265229949727654
tier_1m,0_1438042988458.74_20150728002308-00303-ip-10-236-191-2_56708567_9.csv,20,10.0,200,806,False,True,,200,0.5002357779885642,0.0021672589937224984,0.03693267802009359,0.0012373229837976396,0.002979328972287476,0.004475188034120947,0.5438109030365013
tier_1m,0_1438042988458.74_20150728002308-00303-ip-10-236-191-2_56708567_9.csv,5,5.0,25,806,False,True,,25,0.5002357779885642,0.0014766230015084147,0.0076375139760784805,0.0010582479881122708,0.0018268610001541674,0.0030731220031157136,0.5124230369692668
tier_1m,0_1438042988458.74_20150728002308-00303-ip-10-236-191-2_56708567_9.csv,10,5.0,50,806,False,True,,50,0.5002357779885642,0.0020409090211614966,0.011332055029924959,0.0010254340013489127,0.0016333870007656515,0.002871092001441866,0.5164798340410925
tier_1m,0_1438042988458.74_20150728002308-00303-ip-10-236-191-2_56708567_9.csv,20,5.0,100,806,False,True,,100,0.5002357779885642,0.002087550994474441,0.020156557962764055,0.0010712780058383942,0.005531020986381918,0.006826511991675943,0.5293063989374787
tier_1m,0_1438042988458.74_20150728002308-00063-ip-10-236-191-2_657101208_1.csv,5,10.0,50,813,False,True,,50,0.39829088404076174,0.0009802290005609393,0.01164868799969554,0.0019018079619854689,0.0019420600146986544,0.00408651796169579,0.415006319002714
tier_1m,0_1438042988458.74_20150728002308-00063-ip-10-236-191-2_657101208_1.csv,10,10.0,100,813,False,True,,100,0.39829088404076174,0.0016867569647729397,0.026215293968562037,0.0010712519870139658,0.0022100560017861426,0.003506188979372382,0.4296991239534691
tier_1m,0_1438042988458.74_20150728002308-00063-ip-10-236-191-2_657101208_1.csv,20,10.0,200,813,False,True,,200,0.39829088404076174,0.0016424789791926742,0.04881042294437066,0.0011605439940467477,0.002046736015472561,0.0034581299987621605,0.45220191596308723
tier_1m,0_1438042988458.74_20150728002308-00063-ip-10-236-191-2_657101208_1.csv,5,5.0,25,813,False,True,,25,0.39829088404076174,0.001566690974868834,0.009257844998501241,0.0007950599538162351,0.0018728359718807042,0.0028475059662014246,0.41196292598033324
tier_1m,0_1438042988458.74_20150728002308-00063-ip-10-236-191-2_657101208_1.csv,10,5.0,50,813,False,True,,50,0.39829088404076174,0.0015558190061710775,0.014410716015845537,0.0008355499594472349,0.0015161530463956296,0.00253649998921901,0.41679391905199736
tier_1m,0_1438042988458.74_20150728002308-00063-ip-10-236-191-2_657101208_1.csv,20,5.0,100,813,False,True,,100,0.39829088404076174,0.0015882310108281672,0.025864808005280793,0.001130002026911825,0.0019838589942082763,0.003322143980767578,0.4290660670376383
tier_1m,1_1438042990112.50_20150728002310-00190-ip-10-236-191-2_436521753_9.csv,5,10.0,50,302,False,True,,50,0.3890993510140106,0.0004721739678643644,0.0475407229969278,0.0017792609869502485,0.002214727981481701,0.004238444031216204,0.441350692010019
tier_1m,1_1438042990112.50_20150728002310-00190-ip-10-236-191-2_436521753_9.csv,10,10.0,100,302,False,True,,100,0.3890993510140106,0.0010663949651643634,0.09894842404173687,0.0014293079730123281,0.0025497780297882855,0.004223109979648143,0.49333728000056
tier_1m,1_1438042990112.50_20150728002310-00190-ip-10-236-191-2_436521753_9.csv,20,10.0,200,302,False,True,,200,0.3890993510140106,0.0008639639709144831,0.19902081502368674,0.0015374519862234592,0.0037955379812046885,0.005643720971420407,0.5946278509800322
tier_1m,1_1438042990112.50_20150728002310-00190-ip-10-236-191-2_436521753_9.csv,5,5.0,25,302,False,True,,25,0.3890993510140106,0.0010823350166901946,0.027090493007563055,0.0010464399820193648,0.0019685099832713604,0.0032359150354750454,0.4205080940737389
tier_1m,1_1438042990112.50_20150728002310-00190-ip-10-236-191-2_436521753_9.csv,10,5.0,50,302,False,True,,50,0.3890993510140106,0.0005835029878653586,0.058666133030783385,0.001381283043883741,0.002354839991312474,0.0039749229908920825,0.45232391002355143
tier_1m,1_1438042990112.50_20150728002310-00190-ip-10-236-191-2_436521753_9.csv,20,5.0,100,302,False,True,,100,0.3890993510140106,0.0007847649976611137,0.11980560899246484,0.0017945070285350084,0.0029755669529549778,0.0050665930029936135,0.5147563180071302
tier_1m,1_1438042987127.36_20150728002307-00214-ip-10-236-191-2_225430488_0.csv,5,10.0,50,290,False,True,,50,0.5782088550040498,0.0004965290427207947,0.008779713010881096,0.0019000899628736079,0.0021710540167987347,0.004316047998145223,0.591801145055797
tier_1m,1_1438042987127.36_20150728002307-00214-ip-10-236-191-2_225430488_0.csv,10,10.0,100,290,False,True,,100,0.5782088550040498,0.0006842060247436166,0.01738445000955835,0.0014175889664329588,0.0026167890173383057,0.004323633969761431,0.6006011450081132
tier_1m,1_1438042987127.36_20150728002307-00214-ip-10-236-191-2_225430488_0.csv,20,10.0,200,290,False,True,,200,0.5782088550040498,0.0013796889688819647,0.03486213198630139,0.0016319259884767234,0.003620153001975268,0.005568695953115821,0.620019371912349
tier_1m,1_1438042987127.36_20150728002307-00214-ip-10-236-191-2_225430488_0.csv,5,5.0,25,290,False,True,,25,0.5782088550040498,0.0009690190199762583,0.0048605590127408504,0.000930698006413877,0.0016786159831099212,0.002801698981784284,0.5868401320185512
tier_1m,1_1438042987127.36_20150728002307-00214-ip-10-236-191-2_225430488_0.csv,10,5.0,50,290,False,True,,50,0.5782088550040498,0.00045975198736414313,0.008262245042715222,0.0009371229680255055,0.0018810979672707617,0.0030151670216582716,0.5899460190557875
tier_1m,1_1438042987127.36_20150728002307-00214-ip-10-236-191-2_225430488_0.csv,20,5.0,100,290,False,True,,100,0.5782088550040498,0.0006255079642869532,0.016965255956165493,0.0009267829591408372,0.002218900015577674,0.003396497981157154,0.5991961169056594
tier_1m,0_1438042988061.16_20150728002308-00047-ip-10-236-191-2_843664602_0.csv,5,10.0,50,309,False,True,,50,0.4554653069935739,0.0005701620248146355,0.019031977048143744,0.0019284419831819832,0.0034856279962696135,0.005864572012796998,0.4809320180793293
tier_1m,0_1438042988061.16_20150728002308-00047-ip-10-236-191-2_843664602_0.csv,10,10.0,100,309,False,True,,100,0.4554653069935739,0.0017167759942822158,0.04804247000720352,0.0017361470381729305,0.0031615920015610754,0.005227992020081729,0.5104525450151414
tier_1m,0_1438042988061.16_20150728002308-00047-ip-10-236-191-2_843664602_0.csv,20,10.0,200,309,False,True,,200,0.4554653069935739,0.0012363819987513125,0.07179024902870879,0.0017518569948151708,0.05740960600087419,0.059484386001713574,0.5879763240227476
tier_1m,0_1438042988061.16_20150728002308-00047-ip-10-236-191-2_843664602_0.csv,5,5.0,25,309,False,True,,25,0.4554653069935739,0.0008090569754131138,0.010466664971318096,0.001035829947795719,0.0021771879983134568,0.0034983649966306984,0.4702393939369358
tier_1m,0_1438042988061.16_20150728002308-00047-ip-10-236-191-2_843664602_0.csv,10,5.0,50,309,False,True,,50,0.4554653069935739,0.0009303899714723229,0.01836211496265605,0.000988940999377519,0.001869192987214774,0.0030761290108785033,0.4778339409385808
tier_1m,0_1438042988061.16_20150728002308-00047-ip-10-236-191-2_843664602_0.csv,20,5.0,100,309,False,True,,100,0.4554653069935739,0.0010431479895487428,0.033832587010692805,0.0011732890270650387,0.0023882949608378112,0.0037793240044265985,0.49412036599824205
tier_1m,0_1438042988061.16_20150728002308-00181-ip-10-236-191-2_216538600_0.csv,5,10.0,50,874,False,True,,50,0.33683731203200296,0.0009509119554422796,0.007177717983722687,0.0019643550040200353,0.0021252789883874357,0.004349398019257933,0.34931533999042585
tier_1m,0_1438042988061.16_20150728002308-00181-ip-10-236-191-2_216538600_0.csv,10,10.0,100,874,False,True,,100,0.33683731203200296,0.001679469016380608,0.017169609025586396,0.0011603190214373171,0.0021585379727184772,0.0035506830317899585,0.3592370731057599
tier_1m,0_1438042988061.16_20150728002308-00181-ip-10-236-191-2_216538600_0.csv,20,10.0,200,874,False,True,,200,0.33683731203200296,0.0016175900236703455,0.0307743739685975,0.0014691220130771399,0.0020107930176891387,0.003733400022611022,0.3729626760468818
tier_1m,0_1438042988061.16_20150728002308-00181-ip-10-236-191-2_216538600_0.csv,5,5.0,25,874,False,True,,25,0.33683731203200296,0.0015362620470114052,0.006497533002402633,0.0011626160121522844,0.0017398769850842655,0.0031664639827795327,0.3480375710641965
tier_1m,0_1438042988061.16_20150728002308-00181-ip-10-236-191-2_216538600_0.csv,10,5.0,50,874,False,True,,50,0.33683731203200296,0.001540646015200764,0.009896280011162162,0.0010124949621967971,0.0015685340040363371,0.0027880300185643137,0.3510622680769302
tier_1m,0_1438042988061.16_20150728002308-00181-ip-10-236-191-2_216538600_0.csv,20,5.0,100,874,False,True,,100,0.33683731203200296,0.0015453989617526531,0.017030792019795626,0.001005537051241845,0.0018835249939002097,0.00310162000823766,0.3585151230217889
tier_1m,0_1438042988061.16_20150728002308-00002-ip-10-236-191-2_545269850_0.csv,5,10.0,50,2500,False,True,,50,0.3219682070193812,0.0029021300142630935,0.010714861040469259,0.0015107449726201594,0.0019278110121376812,0.0036755860201083124,0.3392607840942219
tier_1m,0_1438042988061.16_20150728002308-00002-ip-10-236-191-2_545269850_0.csv,10,10.0,100,2500,False,True,,100,0.3219682070193812,0.004906250978820026,0.022856897965539247,0.0010233850334770977,0.0019842100446112454,0.0032286809873767197,0.3529600369511172
tier_1m,0_1438042988061.16_20150728002308-00002-ip-10-236-191-2_545269850_0.csv,20,10.0,200,2500,False,True,,200,0.3219682070193812,0.004717476957011968,0.04590227804146707,0.0016733140219002962,0.0024155450519174337,0.0043350160121917725,0.37692297803005204
tier_1m,0_1438042988061.16_20150728002308-00002-ip-10-236-191-2_545269850_0.csv,5,5.0,25,2500,False,True,,25,0.3219682070193812,0.004637054982595146,0.0075175740057602525,0.0009692469611763954,0.0018134069978259504,0.0029738960438407958,0.3370967320515774
tier_1m,0_1438042988061.16_20150728002308-00002-ip-10-236-191-2_545269850_0.csv,10,5.0,50,2500,False,True,,50,0.3219682070193812,0.004675136005971581,0.012411970004905015,0.0012822209973819554,0.0014279939932748675,0.0029131590272299945,0.3419684720574878
tier_1m,0_1438042988061.16_20150728002308-00002-ip-10-236-191-2_545269850_0.csv,20,5.0,100,2500,False,True,,100,0.3219682070193812,0.0046367759932763875,0.024125083989929408,0.0010119620128534734,0.002157853974495083,0.0033770219888538122,0.35410708899144083
tier_1m,0_1438042988061.16_20150728002308-00330-ip-10-236-191-2_795231590_4.csv,5,10.0,50,533,False,True,,50,0.476615221996326,0.0007362730102613568,0.01965296803973615,0.001796900003682822,0.0020255169947631657,0.00408084801165387,0.5010853110579774
tier_1m,0_1438042988061.16_20150728002308-00330-ip-10-236-191-2_795231590_4.csv,10,10.0,100,533,False,True,,100,0.476615221996326,0.0017216079868376255,0.04222024796763435,0.0011721379705704749,0.002380827034357935,0.0038015160243958235,0.5243585939751938
tier_1m,0_1438042988061.16_20150728002308-00330-ip-10-236-191-2_795231590_4.csv,20,10.0,200,533,False,True,,200,0.476615221996326,0.0017477170331403613,0.079577567987144,0.0014250079984776676,0.0029184509767219424,0.004615231009665877,0.5625557380262762
tier_1m,0_1438042988061.16_20150728002308-00330-ip-10-236-191-2_795231590_4.csv,5,5.0,25,533,False,True,,25,0.476615221996326,0.0012070059892721474,0.012953486002516001,0.0009339400567114353,0.001560939010232687,0.002699452976230532,0.4934751669643447
tier_1m,0_1438042988061.16_20150728002308-00330-ip-10-236-191-2_795231590_4.csv,10,5.0,50,533,False,True,,50,0.476615221996326,0.001214973977766931,0.022148485004436225,0.0012076330021955073,0.0019955350435338914,0.003412080986890942,0.5033907619654201
tier_1m,0_1438042988061.16_20150728002308-00330-ip-10-236-191-2_795231590_4.csv,20,5.0,100,533,False,True,,100,0.476615221996326,0.0016306490288116038,0.039558257965836674,0.0015449049533344805,0.002304116962477565,0.00410380499670282,0.5219079339876771
tier_1m,0_1438042988061.16_20150728002308-00235-ip-10-236-191-2_713850328_17.csv,5,10.0,50,405,False,True,,50,0.5766101499903016,0.0005998950218781829,0.004623446031473577,0.0017899079830385745,0.0024922710144892335,0.004546168027445674,0.586379659071099
tier_1m,0_1438042988061.16_20150728002308-00235-ip-10-236-191-2_713850328_17.csv,10,10.0,100,405,False,True,,100,0.5766101499903016,0.0010235210065729916,0.011520979984197766,0.0011953969951719046,0.0020285779610276222,0.0034521209890954196,0.5926067719701678
tier_1m,0_1438042988061.16_20150728002308-00235-ip-10-236-191-2_713850328_17.csv,20,10.0,200,405,False,True,,200,0.5766101499903016,0.001340548973530531,0.01870488899294287,0.0012470399960875511,0.003686994023155421,0.005183758039493114,0.6018393459962681
tier_1m,0_1438042988061.16_20150728002308-00235-ip-10-236-191-2_713850328_17.csv,5,5.0,25,405,False,True,,25,0.5766101499903016,0.0008792710141278803,0.004065153014380485,0.001087699958588928,0.0014295559958554804,0.0026871649897657335,0.5842417390085757
tier_1m,0_1438042988061.16_20150728002308-00235-ip-10-236-191-2_713850328_17.csv,10,5.0,50,405,False,True,,50,0.5766101499903016,0.000542874971870333,0.004203748016152531,0.0008168320055119693,0.0016189959715120494,0.0026363669894635677,0.583993139967788
tier_1m,0_1438042988061.16_20150728002308-00235-ip-10-236-191-2_713850328_17.csv,20,5.0,100,405,False,True,,100,0.5766101499903016,0.0009424879681318998,0.011856277997139841,0.0012710849987342954,0.0023100789985619485,0.0038071710150688887,0.5932160869706422
tier_1m,0_1438042988458.74_20150728002308-00232-ip-10-236-191-2_795586035_3.csv,5,10.0,50,674,False,True,,50,0.48730104602873325,0.0012164340005256236,0.013877741002943367,0.0018904139869846404,0.002071484981570393,0.004223936994094402,0.5066191580262966
tier_1m,0_1438042988458.74_20150728002308-00232-ip-10-236-191-2_795586035_3.csv,10,10.0,100,674,False,True,,100,0.48730104602873325,0.0012646919931285083,0.025758936011698097,0.0012726899585686624,0.002676605014130473,0.004188378981780261,0.5185130530153401
tier_1m,0_1438042988458.74_20150728002308-00232-ip-10-236-191-2_795586035_3.csv,20,10.0,200,674,False,True,,200,0.48730104602873325,0.0012409230112098157,0.047580423997715116,0.0013312050141394138,0.0034557399922050536,0.005046773992944509,0.5411691670306027
tier_1m,0_1438042988458.74_20150728002308-00232-ip-10-236-191-2_795586035_3.csv,5,5.0,25,674,False,True,,25,0.48730104602873325,0.0011524640140123665,0.010350020020268857,0.0012999540194869041,0.0019767209887504578,0.0035216520191170275,0.5023251820821315
tier_1m,0_1438042988458.74_20150728002308-00232-ip-10-236-191-2_795586035_3.csv,10,5.0,50,674,False,True,,50,0.48730104602873325,0.0011567629990167916,0.014706671005114913,0.0013228249736130238,0.0022198579972609878,0.0037833050009794533,0.5069477850338444
tier_1m,0_1438042988458.74_20150728002308-00232-ip-10-236-191-2_795586035_3.csv,20,5.0,100,674,False,True,,100,0.48730104602873325,0.0011724599753506482,0.02495302603347227,0.001152081007603556,0.0022323919693008065,0.0036029209732078016,0.517029453010764
tier_1m,0_1438042988458.74_20150728002308-00250-ip-10-236-191-2_501951825_0.csv,5,10.0,50,2500,False,True,,50,0.31859449698822573,0.002889634983148426,0.010718168981838971,0.0016496700118295848,0.002245581999886781,0.004148677980992943,0.33635097893420607
tier_1m,0_1438042988458.74_20150728002308-00250-ip-10-236-191-2_501951825_0.csv,10,10.0,100,2500,False,True,,100,0.31859449698822573,0.0048749520210549235,0.022996205021627247,0.0014555620145983994,0.0022316650138236582,0.00393466796958819,0.3504003220004961
tier_1m,0_1438042988458.74_20150728002308-00250-ip-10-236-191-2_501951825_0.csv,20,10.0,200,2500,False,True,,200,0.31859449698822573,0.00475217099301517,0.04562909703236073,0.001259596028830856,0.0025731680216267705,0.004091829992830753,0.3730675950064324
tier_1m,0_1438042988458.74_20150728002308-00250-ip-10-236-191-2_501951825_0.csv,5,5.0,25,2500,False,True,,25,0.31859449698822573,0.004701805009972304,0.0073622920317575336,0.0010001399787142873,0.001501418009866029,0.0027148679946549237,0.3333734620246105
tier_1m,0_1438042988458.74_20150728002308-00250-ip-10-236-191-2_501951825_0.csv,10,5.0,50,2500,False,True,,50,0.31859449698822573,0.00464265700429678,0.01303669495973736,0.001028637052513659,0.0020384829840622842,0.003274840011727065,0.33954868896398693
tier_1m,0_1438042988458.74_20150728002308-00250-ip-10-236-191-2_501951825_0.csv,20,5.0,100,2500,False,True,,100,0.31859449698822573,0.004676986951380968,0.023286191979423165,0.0013448839890770614,0.0019076509634032845,0.0034727739985100925,0.35003044991753995
tier_1m,1_1438042987127.36_20150728002307-00037-ip-10-236-191-2_318965632_0.csv,5,10.0,50,144,False,True,,50,0.5075788549729623,0.00028391199884936213,0.009601845988072455,0.0018373620114289224,0.0019322659936733544,0.004043776949401945,0.521508389909286
tier_1m,1_1438042987127.36_20150728002307-00037-ip-10-236-191-2_318965632_0.csv,10,10.0,100,144,False,True,,100,0.5075788549729623,0.0005153639940544963,0.023320973035879433,0.001377999025862664,0.0024532420211471617,0.004062470979988575,0.5354776629828848
tier_1m,1_1438042987127.36_20150728002307-00037-ip-10-236-191-2_318965632_0.csv,20,10.0,200,144,True,True,,144,0.5075788549729623,1.134001649916172e-06,0.0317310820100829,0.0012283370015211403,0.0024079339927993715,0.003864462021738291,0.5431755330064334
tier_1m,1_1438042987127.36_20150728002307-00037-ip-10-236-191-2_318965632_0.csv,5,5.0,25,144,False,True,,25,0.5075788549729623,0.00041178398532792926,0.009333371999673545,0.0010809269733726978,0.0016174130141735077,0.002899214974604547,0.5202232259325683
tier_1m,1_1438042987127.36_20150728002307-00037-ip-10-236-191-2_318965632_0.csv,10,5.0,50,144,False,True,,50,0.5075788549729623,0.0004183740238659084,0.01395284099271521,0.0010558450012467802,0.002042336971499026,0.0033084949827753007,0.5252585649723187
tier_1m,1_1438042987127.36_20150728002307-00037-ip-10-236-191-2_318965632_0.csv,20,5.0,100,144,False,True,,100,0.5075788549729623,0.000471591018140316,0.02173709502676502,0.001214889984112233,0.002191448991652578,0.003617360955104232,0.5334049019729719
tier_1m,0_1438042988061.16_20150728002308-00041-ip-10-236-191-2_37534908_6.csv,5,10.0,50,407,False,True,,50,0.44839761999901384,0.0004934960161335766,0.032488414959516376,0.0018813839997164905,0.002340489998459816,0.0044786930084228516,0.48585822398308665
tier_1m,0_1438042988061.16_20150728002308-00041-ip-10-236-191-2_37534908_6.csv,10,10.0,100,407,False,True,,100,0.44839761999901384,0.0009239730425179005,0.0650380160077475,0.0012958680163137615,0.0022071029525250196,0.0037372229853644967,0.5180968320346437
tier_1m,0_1438042988061.16_20150728002308-00041-ip-10-236-191-2_37534908_6.csv,20,10.0,200,407,False,True,,200,0.44839761999901384,0.0009716029744595289,0.12842445296701044,0.001447055023163557,0.002800240006763488,0.004510279977694154,0.582303955918178
tier_1m,0_1438042988061.16_20150728002308-00041-ip-10-236-191-2_37534908_6.csv,5,5.0,25,407,False,True,,25,0.44839761999901384,0.001107875956222415,0.018766100984066725,0.0011453790357336402,0.0016476750024594367,0.0030061829602345824,0.47127777989953756
tier_1m,0_1438042988061.16_20150728002308-00041-ip-10-236-191-2_37534908_6.csv,10,5.0,50,407,False,True,,50,0.44839761999901384,0.0008364479872398078,0.03625294996891171,0.0011338419863022864,0.0020301209879107773,0.0033743709791451693,0.4888613889343105
tier_1m,0_1438042988061.16_20150728002308-00041-ip-10-236-191-2_37534908_6.csv,20,5.0,100,407,False,True,,100,0.44839761999901384,0.0008674359996803105,0.06845012895064428,0.001209558977279812,0.0020072769839316607,0.0034190670121461153,0.5211342519614846
tier_1m,1_1438042987127.36_20150728002307-00269-ip-10-236-191-2_847834464_0.csv,5,10.0,50,525,False,True,,50,0.5425984589965083,0.0010210119653493166,0.008734553994145244,0.001794727984815836,0.002128900960087776,0.004158743016887456,0.5565127679728903
tier_1m,1_1438042987127.36_20150728002307-00269-ip-10-236-191-2_847834464_0.csv,10,10.0,100,525,False,True,,100,0.5425984589965083,0.001091025013010949,0.017940533987712115,0.001203841995447874,0.0019732550135813653,0.003379085974302143,0.5650091039715335
tier_1m,1_1438042987127.36_20150728002307-00269-ip-10-236-191-2_847834464_0.csv,20,10.0,200,525,False,True,,200,0.5425984589965083,0.00082255998859182,0.03450382099254057,0.001379384018946439,0.002515915024559945,0.004117006028536707,0.5820418460061774
tier_1m,1_1438042987127.36_20150728002307-00269-ip-10-236-191-2_847834464_0.csv,5,5.0,25,525,False,True,,25,0.5425984589965083,0.0007364280172623694,0.004448956984560937,0.0008813950116746128,0.0014831420267000794,0.002535256033297628,0.5503191000316292
tier_1m,1_1438042987127.36_20150728002307-00269-ip-10-236-191-2_847834464_0.csv,10,5.0,50,525,False,True,,50,0.5425984589965083,0.0009545309585519135,0.008596675004810095,0.0008795150206424296,0.0018901419825851917,0.0029502600082196295,0.5550999249680899
tier_1m,1_1438042987127.36_20150728002307-00269-ip-10-236-191-2_847834464_0.csv,20,5.0,100,525,False,True,,100,0.5425984589965083,0.0009896630072034895,0.017323631036560982,0.0013695660163648427,0.0019506639800965786,0.0035431880387477577,0.5644549410790205
tier_1m,0_1438042988061.16_20150728002308-00199-ip-10-236-191-2_891430247_172.csv,5,10.0,50,2286,False,True,,50,0.05548720102524385,0.0025746310129761696,0.0020589050254784524,0.0014296339941211045,0.0024703650269657373,0.004123724007513374,0.06424446107121184
tier_1m,0_1438042988061.16_20150728002308-00199-ip-10-236-191-2_891430247_172.csv,10,10.0,100,2286,False,True,,100,0.05548720102524385,0.002952400012873113,0.0037458569859154522,0.0009691389859654009,0.002047786023467779,0.003208147012628615,0.06539360503666103
tier_1m,0_1438042988061.16_20150728002308-00199-ip-10-236-191-2_891430247_172.csv,20,10.0,200,2286,False,True,,200,0.05548720102524385,0.0028254769858904183,0.00737484497949481,0.0009902049787342548,0.0026946199941448867,0.0038963629631325603,0.06958388595376164
tier_1m,0_1438042988061.16_20150728002308-00199-ip-10-236-191-2_891430247_172.csv,5,5.0,25,2286,False,True,,25,0.05548720102524385,0.003014112007804215,0.0009574000141583383,0.0007577729993499815,0.0018811660120263696,0.0028136459877714515,0.06227235903497785
tier_1m,0_1438042988061.16_20150728002308-00199-ip-10-236-191-2_891430247_172.csv,10,5.0,50,2286,False,True,,50,0.05548720102524385,0.0028020410099998116,0.0018102650064975023,0.000791245955042541,0.0019912749994546175,0.0029588710167445242,0.06305837805848569
tier_1m,0_1438042988061.16_20150728002308-00199-ip-10-236-191-2_891430247_172.csv,20,5.0,100,2286,False,True,,100,0.05548720102524385,0.0027975309640169144,0.003526585001964122,0.0008321299683302641,0.0020394260063767433,0.003057455993257463,0.06486877298448235
tier_1m,1_1438042987127.36_20150728002307-00153-ip-10-236-191-2_490931395_0.csv,5,10.0,50,625,False,True,,50,0.2972354220109992,0.0006487330538220704,0.010888924007304013,0.0018099930020980537,0.0023937970399856567,0.004429698979947716,0.31320277805207297
tier_1m,1_1438042987127.36_20150728002307-00153-ip-10-236-191-2_490931395_0.csv,10,10.0,100,625,False,True,,100,0.2972354220109992,0.000802601978648454,0.021006415016017854,0.001375492021907121,0.0021210829727351665,0.0037050570244900882,0.32274949603015557
tier_1m,1_1438042987127.36_20150728002307-00153-ip-10-236-191-2_490931395_0.csv,20,10.0,200,625,False,True,,200,0.2972354220109992,0.0007557069766335189,0.042934117023833096,0.0017179930000565946,0.0024085280019789934,0.004355364013463259,0.34528061002492905
tier_1m,1_1438042987127.36_20150728002307-00153-ip-10-236-191-2_490931395_0.csv,5,5.0,25,625,False,True,,25,0.2972354220109992,0.000675113988108933,0.005581022007390857,0.0009766130242496729,0.0017820290522649884,0.002923443040344864,0.3064150010468438
tier_1m,1_1438042987127.36_20150728002307-00153-ip-10-236-191-2_490931395_0.csv,10,5.0,50,625,False,True,,50,0.2972354220109992,0.0006479709991253912,0.010887246986385435,0.0008193220128305256,0.0025354440440423787,0.0035357220331206918,0.3123063620296307
tier_1m,1_1438042987127.36_20150728002307-00153-ip-10-236-191-2_490931395_0.csv,20,5.0,100,625,False,True,,100,0.2972354220109992,0.0006468049832619727,0.02176499302731827,0.0010551270097494125,0.00225241098087281,0.003488874004688114,0.32313609402626753
tier_1m,0_1438042988458.74_20150728002308-00081-ip-10-236-191-2_476604823_0.csv,5,10.0,50,1252,False,False,stage2_infeasible,50,0.3451397030148655,0.0015137539594434202,0.029101233987603337,0.0018434699741192162,0.0,0.0018738770158961415,0.3776285679778084
tier_1m,0_1438042988458.74_20150728002308-00081-ip-10-236-191-2_476604823_0.csv,10,10.0,100,1252,False,False,stage2_infeasible,100,0.3451397030148655,0.0016334119718521833,0.06094185798428953,0.0013319400022737682,0.0,0.0013678799732588232,0.40908285294426605
tier_1m,0_1438042988458.74_20150728002308-00081-ip-10-236-191-2_476604823_0.csv,20,10.0,200,1252,False,False,stage2_infeasible,200,0.3451397030148655,0.0016056469758041203,0.11897384602343664,0.0015240890206769109,0.0,0.0015856960089877248,0.467304892023094
tier_1m,0_1438042988458.74_20150728002308-00081-ip-10-236-191-2_476604823_0.csv,5,5.0,25,1252,False,False,stage2_infeasible,25,0.3451397030148655,0.0016582810203544796,0.015502721013035625,0.00107152498094365,0.0,0.001088384015019983,0.3633890890632756
tier_1m,0_1438042988458.74_20150728002308-00081-ip-10-236-191-2_476604823_0.csv,10,5.0,50,1252,False,False,stage2_infeasible,50,0.3451397030148655,0.001577050017658621,0.029533293971326202,0.001058229012414813,0.0,0.0010778559953905642,0.3773279029992409
tier_1m,0_1438042988458.74_20150728002308-00081-ip-10-236-191-2_476604823_0.csv,20,5.0,100,1252,False,False,stage2_infeasible,100,0.3451397030148655,0.0013829779927618802,0.058557876967824996,0.0014581510331481695,0.0,0.001488327980041504,0.4065688859554939
tier_1m,0_1438042988458.74_20150728002308-00210-ip-10-236-191-2_79682215_3.csv,5,10.0,50,486,False,True,,50,0.45978581003146246,0.000568179995752871,0.025809893966652453,0.001930814003571868,0.0023478679941035807,0.004490118008106947,0.49065400200197473
tier_1m,0_1438042988458.74_20150728002308-00210-ip-10-236-191-2_79682215_3.csv,10,10.0,100,486,False,True,,100,0.45978581003146246,0.0006105639622546732,0.05237608804600313,0.0013272030046209693,0.002426764986012131,0.003976609033998102,0.5167490710737184
tier_1m,0_1438042988458.74_20150728002308-00210-ip-10-236-191-2_79682215_3.csv,20,10.0,200,486,False,True,,200,0.45978581003146246,0.0006106509827077389,0.10325601894874126,0.0016189999878406525,0.0031070400145836174,0.0049806549795903265,0.5686331349425018
tier_1m,0_1438042988458.74_20150728002308-00210-ip-10-236-191-2_79682215_3.csv,5,5.0,25,486,False,True,,25,0.45978581003146246,0.00063887401483953,0.013442941999528557,0.0011656919959932566,0.0021630519768223166,0.0035224430030211806,0.47739006904885173
tier_1m,0_1438042988458.74_20150728002308-00210-ip-10-236-191-2_79682215_3.csv,10,5.0,50,486,False,True,,50,0.45978581003146246,0.000546771043445915,0.0274904080433771,0.0011324809747748077,0.0022439640015363693,0.003562560013961047,0.4913855491322465
tier_1m,0_1438042988458.74_20150728002308-00210-ip-10-236-191-2_79682215_3.csv,20,5.0,100,486,False,True,,100,0.45978581003146246,0.0005511600174941123,0.05233635095646605,0.001176189980469644,0.002426432038191706,0.0037958300090394914,0.5164691510144621
tier_1m,1_1438042987127.36_20150728002307-00008-ip-10-236-191-2_633806649_3.csv,5,10.0,50,453,False,True,,50,0.2828708870219998,0.0004698890261352062,0.025311646983027458,0.0021232630242593586,0.002117120020557195,0.004463195975404233,0.3131156190065667
tier_1m,1_1438042987127.36_20150728002307-00008-ip-10-236-191-2_633806649_3.csv,10,10.0,100,453,False,True,,100,0.2828708870219998,0.0005451960023492575,0.05181863298639655,0.001331328006926924,0.0018407420138828456,0.003377009998075664,0.3386117260088213
tier_1m,1_1438042987127.36_20150728002307-00008-ip-10-236-191-2_633806649_3.csv,20,10.0,200,453,False,True,,200,0.2828708870219998,0.0005102549912407994,0.09972856694366783,0.0013600699603557587,0.0028987060068175197,0.00449709699023515,0.3876068059471436
tier_1m,1_1438042987127.36_20150728002307-00008-ip-10-236-191-2_633806649_3.csv,5,5.0,25,453,False,True,,25,0.2828708870219998,0.0005301880300976336,0.013095399015583098,0.001092142949346453,0.001447279006242752,0.002716000017244369,0.2992124740849249
tier_1m,1_1438042987127.36_20150728002307-00008-ip-10-236-191-2_633806649_3.csv,10,5.0,50,453,False,True,,50,0.2828708870219998,0.0004726490005850792,0.024761870969086885,0.0010107110138051212,0.0020567220053635538,0.0032478790380991995,0.31135328602977097
tier_1m,1_1438042987127.36_20150728002307-00008-ip-10-236-191-2_633806649_3.csv,20,5.0,100,453,False,True,,100,0.2828708870219998,0.0004790599923580885,0.04986021399963647,0.0012597719905897975,0.0020258930162526667,0.0034715260262601078,0.3366816870402545
tier_1m,0_1438042988061.16_20150728002308-00201-ip-10-236-191-2_319577306_4.csv,5,10.0,50,1609,False,True,,50,0.36214765399927273,0.0015945610357448459,0.0029230189975351095,0.002041707979515195,0.002517657005228102,0.00479053205344826,0.37145576608600095
tier_1m,0_1438042988061.16_20150728002308-00201-ip-10-236-191-2_319577306_4.csv,10,10.0,100,1609,False,True,,100,0.36214765399927273,0.001911877014208585,0.00592808099463582,0.0013301990111358464,0.0023265890195034444,0.003868958039674908,0.37385657004779205
tier_1m,0_1438042988061.16_20150728002308-00201-ip-10-236-191-2_319577306_4.csv,20,10.0,200,1609,False,True,,200,0.36214765399927273,0.0018065689946524799,0.011784547998104244,0.0011997510446235538,0.002221277041826397,0.003647922014351934,0.3793866930063814
tier_1m,0_1438042988061.16_20150728002308-00201-ip-10-236-191-2_319577306_4.csv,5,5.0,25,1609,False,True,,25,0.36214765399927273,0.0018752600299194455,0.0015811940538696945,0.0012144509819336236,0.0018149520037695765,0.0032073299516923726,0.36881143803475425
tier_1m,0_1438042988061.16_20150728002308-00201-ip-10-236-191-2_319577306_4.csv,10,5.0,50,1609,False,True,,50,0.36214765399927273,0.0017011919990181923,0.0028551440336741507,0.0007803040207363665,0.002045287983492017,0.0030018009711056948,0.36970579100307077
tier_1m,0_1438042988061.16_20150728002308-00201-ip-10-236-191-2_319577306_4.csv,20,5.0,100,1609,False,True,,100,0.36214765399927273,0.0017005950212478638,0.005786571011412889,0.0009301989921368659,0.002123467973433435,0.0032383360085077584,0.37287315604044124
tier_1m,1_1438042990112.50_20150728002310-00310-ip-10-236-191-2_200224826_0.csv,5,10.0,50,595,False,True,,50,0.43978321098256856,0.001191495975945145,0.00642966094892472,0.004778606002219021,0.002191599051002413,0.007205034955404699,0.4546094028628431
tier_1m,1_1438042990112.50_20150728002310-00310-ip-10-236-191-2_200224826_0.csv,10,10.0,100,595,False,True,,100,0.43978321098256856,0.001261943019926548,0.0117090719868429,0.0013305720058269799,0.002321378036867827,0.003852644993457943,0.45660687098279595
tier_1m,1_1438042990112.50_20150728002310-00310-ip-10-236-191-2_200224826_0.csv,20,10.0,200,595,False,True,,200,0.43978321098256856,0.0012101749889552593,0.02338570897700265,0.0014846500125713646,0.002833562029991299,0.004552619997411966,0.46893171494593844
tier_1m,1_1438042990112.50_20150728002310-00310-ip-10-236-191-2_200224826_0.csv,5,5.0,25,595,False,True,,25,0.43978321098256856,0.0009050220251083374,0.00323961500544101,0.0007638170500285923,0.001528737018816173,0.0024601210025139153,0.4463879690156318
tier_1m,1_1438042990112.50_20150728002310-00310-ip-10-236-191-2_200224826_0.csv,10,5.0,50,595,False,True,,50,0.43978321098256856,0.0010824730270542204,0.005945045035332441,0.0007986410055309534,0.0014634639956057072,0.002442091004922986,0.4492528200498782
tier_1m,1_1438042990112.50_20150728002310-00310-ip-10-236-191-2_200224826_0.csv,20,5.0,100,595,False,True,,100,0.43978321098256856,0.0011145489988848567,0.011502317967824638,0.0009871479705907404,0.0022779059945605695,0.0034502630005590618,0.4558503409498371
tier_1m,1_1438042987127.36_20150728002307-00102-ip-10-236-191-2_893578330_152.csv,5,10.0,50,2617,False,True,,50,0.06642776803346351,0.003398964006919414,0.0020331849809736013,0.001517442986369133,0.0022000119788572192,0.003932340012397617,0.07579225703375414
tier_1m,1_1438042987127.36_20150728002307-00102-ip-10-236-191-2_893578330_152.csv,10,10.0,100,2617,False,True,,100,0.06642776803346351,0.003486323985271156,0.003690954006742686,0.000941531965509057,0.0019522609654814005,0.0030839930404908955,0.07668903906596825
tier_1m,1_1438042987127.36_20150728002307-00102-ip-10-236-191-2_893578330_152.csv,20,10.0,200,2617,False,True,,200,0.06642776803346351,0.0034608410205692053,0.007319045020267367,0.0010311800288036466,0.0022002769983373582,0.003440561005845666,0.08064821508014575
tier_1m,1_1438042987127.36_20150728002307-00102-ip-10-236-191-2_893578330_152.csv,5,5.0,25,2617,False,True,,25,0.06642776803346351,0.003596043970901519,0.0009345569997094572,0.0007495179888792336,0.0017227089847438037,0.002626234956551343,0.07358460396062583
tier_1m,1_1438042987127.36_20150728002307-00102-ip-10-236-191-2_893578330_152.csv,10,5.0,50,2617,False,True,,50,0.06642776803346351,0.0034156509791500866,0.001783443964086473,0.0007238180260173976,0.0017442089738324285,0.0026306220097467303,0.0742574849864468
tier_1m,1_1438042987127.36_20150728002307-00102-ip-10-236-191-2_893578330_152.csv,20,5.0,100,2617,False,True,,100,0.06642776803346351,0.0034291549818590283,0.003521084028761834,0.0008429000154137611,0.0018804770079441369,0.0029052189784124494,0.07628322602249682
tier_1m,1_1438042990112.50_20150728002310-00044-ip-10-236-191-2_261321661_61.csv,5,10.0,50,625,False,False,stage2_infeasible,50,0.23408648202894256,0.0007946550031192601,0.0063869020086713135,0.0015187610406428576,0.0,0.0015473790117539465,0.24281541805248708
tier_1m,1_1438042990112.50_20150728002310-00044-ip-10-236-191-2_261321661_61.csv,10,10.0,100,625,False,False,stage2_infeasible,100,0.23408648202894256,0.0008471280452795327,0.012518280011136085,0.0013855999568477273,0.0,0.0014182859449647367,0.2488701760303229
tier_1m,1_1438042990112.50_20150728002310-00044-ip-10-236-191-2_261321661_61.csv,20,10.0,200,625,False,False,stage2_infeasible,200,0.23408648202894256,0.0008058950188569725,0.025047381001058966,0.0014326740056276321,0.0,0.0014858110225759447,0.26142556907143444
tier_1m,1_1438042990112.50_20150728002310-00044-ip-10-236-191-2_261321661_61.csv,5,5.0,25,625,False,False,stage2_infeasible,25,0.23408648202894256,0.0007316630217246711,0.003111173980869353,0.0008471610490232706,0.0,0.000861535023432225,0.2387908540549688
tier_1m,1_1438042990112.50_20150728002310-00044-ip-10-236-191-2_261321661_61.csv,10,5.0,50,625,False,False,stage2_infeasible,50,0.23408648202894256,0.0007060450152494013,0.006117961020208895,0.0010792550165206194,0.0,0.0010975379846058786,0.24200802604900673
tier_1m,1_1438042990112.50_20150728002310-00044-ip-10-236-191-2_261321661_61.csv,20,5.0,100,625,False,False,stage2_infeasible,100,0.23408648202894256,0.0007103540119715035,0.011954547022469342,0.000930137000977993,0.0,0.0009561119950376451,0.24770749505842105
tier_1m,1_1438042987127.36_20150728002307-00074-ip-10-236-191-2_137128786_0.csv,5,10.0,50,632,False,False,stage2_infeasible,50,0.32481862197164446,0.0008235330460593104,0.01721585198538378,0.0013092070003040135,0.0,0.0013377399882301688,0.3441957469913177
tier_1m,1_1438042987127.36_20150728002307-00074-ip-10-236-191-2_137128786_0.csv,10,10.0,100,632,False,False,stage2_infeasible,100,0.32481862197164446,0.0008251290419138968,0.0350681830313988,0.0012851109495386481,0.0,0.001320607028901577,0.36203254107385874
tier_1m,1_1438042987127.36_20150728002307-00074-ip-10-236-191-2_137128786_0.csv,20,10.0,200,632,False,False,stage2_infeasible,200,0.32481862197164446,0.0007770859519951046,0.07166552596027032,0.001331289007794112,0.0,0.0013890470145270228,0.3986502808984369
tier_1m,1_1438042987127.36_20150728002307-00074-ip-10-236-191-2_137128786_0.csv,5,5.0,25,632,False,False,stage2_infeasible,25,0.32481862197164446,0.0007822229526937008,0.009012529044412076,0.001010468986351043,0.0,0.001025828009005636,0.3356392019777559
tier_1m,1_1438042987127.36_20150728002307-00074-ip-10-236-191-2_137128786_0.csv,10,5.0,50,632,False,False,stage2_infeasible,50,0.32481862197164446,0.0007476939936168492,0.017190246027894318,0.00080884899944067,0.0,0.0008282740018330514,0.3435848359949887
tier_1m,1_1438042987127.36_20150728002307-00074-ip-10-236-191-2_137128786_0.csv,20,5.0,100,632,False,False,stage2_infeasible,100,0.32481862197164446,0.0007400399772450328,0.03566275699995458,0.0011522889835759997,0.0,0.0011820290237665176,0.3624034479726106
tier_1m,1_1438042987127.36_20150728002307-00082-ip-10-236-191-2_795702564_10.csv,5,10.0,50,805,False,True,,50,0.22753241297323257,0.0010399799793958664,0.00791213900083676,0.0015685120015405118,0.002175014989916235,0.0039982870221138,0.240482818975579
tier_1m,1_1438042987127.36_20150728002307-00082-ip-10-236-191-2_795702564_10.csv,10,10.0,100,805,False,True,,100,0.22753241297323257,0.0017095590010285378,0.034119502000976354,0.0016411260003224015,0.0021129060187377036,0.003998476953711361,0.2673599509289488
tier_1m,1_1438042987127.36_20150728002307-00082-ip-10-236-191-2_795702564_10.csv,20,10.0,200,805,False,True,,200,0.22753241297323257,0.0016922919894568622,0.036689002008643,0.0013774950057268143,0.0033733000163920224,0.005015341041143984,0.2709290480124764
tier_1m,1_1438042987127.36_20150728002307-00082-ip-10-236-191-2_795702564_10.csv,5,5.0,25,805,False,True,,25,0.22753241297323257,0.001608538965228945,0.006578797998372465,0.0012718330253846943,0.001875447982456535,0.0033167460351251066,0.23903649597195908
tier_1m,1_1438042987127.36_20150728002307-00082-ip-10-236-191-2_795702564_10.csv,10,5.0,50,805,False,True,,50,0.22753241297323257,0.0009906120249070227,0.008381298976019025,0.0009006140171550214,0.0019896869780495763,0.003052235988434404,0.23995655996259302
tier_1m,1_1438042987127.36_20150728002307-00082-ip-10-236-191-2_795702564_10.csv,20,5.0,100,805,False,True,,100,0.22753241297323257,0.0009716579806990921,0.016628985991701484,0.0010385120403952897,0.0018512550159357488,0.003078388050198555,0.2482114449958317
