tier,q_table,top_n,n_D,clamped,dinkelbach_ran,iterations,stage1_time_s
tier_10k,1_1438042987127.36_20150728002307-00144-ip-10-236-191-2_676020729_0.csv,5000,226,False,True,2,0.00028514000587165356
tier_10k,0_1438042988061.16_20150728002308-00282-ip-10-236-191-2_894007386_3.csv,5000,369,False,True,1,0.00036308099515736103
tier_10k,0_1438042988458.74_20150728002308-00249-ip-10-236-191-2_328699461_4.csv,5000,561,False,True,3,0.0010086230468004942
tier_10k,1_1438042987127.36_20150728002307-00114-ip-10-236-191-2_902351685_191.csv,5000,365,False,True,1,0.00034878100268542767
tier_10k,1_1438042987127.36_20150728002307-00182-ip-10-236-191-2_150862475_5.csv,5000,265,False,True,1,0.00026428099954500794
tier_10k,1_1438042987127.36_20150728002307-00000-ip-10-236-191-2_300770320_2.csv,5000,328,False,True,3,0.0005367959965951741
tier_10k,1_1438042987127.36_20150728002307-00080-ip-10-236-191-2_899463259_102.csv,5000,366,False,True,1,0.0003562109777703881
tier_10k,1_1438042990112.50_20150728002310-00154-ip-10-236-191-2_303864106_21.csv,5000,304,False,True,2,0.0003751970361918211
tier_10k,0_1438042988458.74_20150728002308-00095-ip-10-236-191-2_520943855_0.csv,5000,308,False,True,3,0.0004932559677399695
tier_10k,1_1438042987127.36_20150728002307-00145-ip-10-236-191-2_499439925_0.csv,5000,501,False,True,2,0.0006666589761152864
tier_10k,1_1438042990112.50_20150728002310-00013-ip-10-236-191-2_321346784_4.csv,5000,534,False,True,3,0.0009640060015954077
tier_10k,1_1438042987127.36_20150728002307-00033-ip-10-236-191-2_482136553_0.csv,5000,263,False,True,1,0.0002819889923557639
tier_10k,0_1438042988061.16_20150728002308-00109-ip-10-236-191-2_681611335_21.csv,5000,473,False,True,3,0.0008279479807242751
tier_10k,0_1438042988061.16_20150728002308-00244-ip-10-236-191-2_65898746_2.csv,5000,525,False,True,2,0.0007247269968502223
tier_10k,0_1438042988061.16_20150728002308-00215-ip-10-236-191-2_362876303_35.csv,5000,280,False,True,2,0.00036699697375297546
tier_10k,1_1438042990112.50_20150728002310-00312-ip-10-236-191-2_3243890_59.csv,5000,253,False,True,2,0.0003280990058556199
tier_10k,1_1438042990112.50_20150728002310-00085-ip-10-236-191-2_403435483_3.csv,5000,229,False,True,1,0.0002167989732697606
tier_10k,0_1438042988061.16_20150728002308-00194-ip-10-236-191-2_846810834_13.csv,5000,354,False,True,2,0.0004625460132956505
tier_10k,1_1438042990112.50_20150728002310-00286-ip-10-236-191-2_318221297_4.csv,5000,547,False,True,3,0.000980726967100054
tier_10k,1_1438042987127.36_20150728002307-00290-ip-10-236-191-2_407999777_10.csv,5000,231,False,True,2,0.0002791890292428434
tier_10k,0_1438042988458.74_20150728002308-00166-ip-10-236-191-2_302386578_10.csv,5000,492,False,True,3,0.0009162280475720763
tier_10k,0_1438042988458.74_20150728002308-00253-ip-10-236-191-2_222600153_3.csv,5000,282,False,True,3,0.0004971169983036816
tier_10k,1_1438042990112.50_20150728002310-00237-ip-10-236-191-2_880298254_15.csv,5000,365,False,True,1,0.0003796980017796159
tier_10k,0_1438042988061.16_20150728002308-00089-ip-10-236-191-2_807127666_2.csv,5000,325,False,True,2,0.00042079598642885685
tier_10k,0_1438042988458.74_20150728002308-00060-ip-10-236-191-2_492355315_1.csv,5000,525,False,True,2,0.0007618360104970634
tier_10k,1_1438042990112.50_20150728002310-00296-ip-10-236-191-2_202658094_3.csv,5000,366,False,True,3,0.0006077300058677793
tier_10k,1_1438042988061.16_20150728002308-00013-ip-10-236-191-2_636339982_0.csv,5000,525,False,True,2,0.0007504590321332216
tier_10k,1_1438042987127.36_20150728002307-00294-ip-10-236-191-2_390417830_16.csv,5000,346,False,True,1,0.00033456803066655993
tier_10k,0_1438042988458.74_20150728002308-00254-ip-10-236-191-2_909417374_257.csv,5000,326,False,True,1,0.0003469200455583632
tier_10k,0_1438042988061.16_20150728002308-00101-ip-10-236-191-2_653250037_0.csv,5000,362,False,True,3,0.0005932429921813309
tier_10k,0_1438042988458.74_20150728002308-00046-ip-10-236-191-2_428007644_11.csv,5000,368,False,True,2,0.0005193219985812902
tier_10k,1_1438042987127.36_20150728002307-00290-ip-10-236-191-2_469307566_0.csv,5000,495,False,True,2,0.0006783310091122985
tier_10k,1_1438042990112.50_20150728002310-00062-ip-10-236-191-2_896744244_9.csv,5000,326,False,True,1,0.0003222110099159181
tier_10k,1_1438042990112.50_20150728002310-00225-ip-10-236-191-2_718036865_0.csv,5000,308,False,True,3,0.0005090440390631557
tier_10k,0_1438042988061.16_20150728002308-00189-ip-10-236-191-2_414087396_10.csv,5000,240,False,True,3,0.0003742020344361663
tier_10k,0_1438042988061.16_20150728002308-00144-ip-10-236-191-2_279381280_30.csv,5000,434,False,True,2,0.0005707459640689194
tier_10k,1_1438042990112.50_20150728002310-00081-ip-10-236-191-2_890934925_129.csv,5000,327,False,True,1,0.0003121240297332406
tier_10k,0_1438042988061.16_20150728002308-00133-ip-10-236-191-2_59742533_2.csv,5000,262,False,True,1,0.00028103700606152415
tier_10k,1_1438042990112.50_20150728002310-00259-ip-10-236-191-2_889779227_121.csv,5000,365,False,True,1,0.00037675199564546347
tier_10k,0_1438042988458.74_20150728002308-00262-ip-10-236-191-2_380524338_2.csv,5000,488,False,True,3,0.0008474860223941505
tier_10k,1_1438042987127.36_20150728002307-00027-ip-10-236-191-2_67802697_2.csv,5000,443,False,True,2,0.0006221820367500186
tier_10k,0_1438042988458.74_20150728002308-00175-ip-10-236-191-2_385639780_18.csv,5000,398,False,True,2,0.000521165959071368
tier_10k,0_1438042988458.74_20150728002308-00303-ip-10-236-191-2_56708567_9.csv,5000,519,False,True,3,0.0008883609552867711
tier_10k,0_1438042988458.74_20150728002308-00063-ip-10-236-191-2_657101208_1.csv,5000,371,False,True,1,0.00036028603790327907
tier_10k,1_1438042990112.50_20150728002310-00190-ip-10-236-191-2_436521753_9.csv,5000,284,False,True,2,0.0004068239941261709
tier_10k,1_1438042987127.36_20150728002307-00214-ip-10-236-191-2_225430488_0.csv,5000,515,False,True,3,0.0009120089816860855
tier_10k,0_1438042988061.16_20150728002308-00047-ip-10-236-191-2_843664602_0.csv,5000,363,False,True,2,0.00048429297748953104
tier_10k,0_1438042988061.16_20150728002308-00181-ip-10-236-191-2_216538600_0.csv,5000,431,False,True,3,0.0007540369988419116
tier_10k,0_1438042988061.16_20150728002308-00002-ip-10-236-191-2_545269850_0.csv,5000,525,False,True,2,0.0007180770044215024
tier_10k,0_1438042988061.16_20150728002308-00330-ip-10-236-191-2_795231590_4.csv,5000,536,False,True,2,0.0007458269828930497
tier_10k,0_1438042988061.16_20150728002308-00235-ip-10-236-191-2_713850328_17.csv,5000,328,False,True,3,0.0005831209709867835
tier_10k,0_1438042988458.74_20150728002308-00232-ip-10-236-191-2_795586035_3.csv,5000,284,False,True,1,0.00024292600573971868
tier_10k,0_1438042988458.74_20150728002308-00250-ip-10-236-191-2_501951825_0.csv,5000,525,False,True,2,0.0007248710026033223
tier_10k,1_1438042987127.36_20150728002307-00037-ip-10-236-191-2_318965632_0.csv,5000,279,False,True,3,0.00046036398271098733
tier_10k,0_1438042988061.16_20150728002308-00041-ip-10-236-191-2_37534908_6.csv,5000,501,False,True,2,0.0006730800378136337
tier_10k,1_1438042987127.36_20150728002307-00269-ip-10-236-191-2_847834464_0.csv,5000,421,False,True,3,0.000701491953805089
tier_10k,0_1438042988061.16_20150728002308-00199-ip-10-236-191-2_891430247_172.csv,5000,326,False,True,1,0.0003150890115648508
tier_10k,1_1438042987127.36_20150728002307-00153-ip-10-236-191-2_490931395_0.csv,5000,525,False,True,2,0.0007204639841802418
tier_10k,0_1438042988458.74_20150728002308-00081-ip-10-236-191-2_476604823_0.csv,5000,494,False,True,2,0.0006774260546080768
tier_10k,0_1438042988458.74_20150728002308-00210-ip-10-236-191-2_79682215_3.csv,5000,390,False,True,1,0.000402310979552567
tier_10k,1_1438042987127.36_20150728002307-00008-ip-10-236-191-2_633806649_3.csv,5000,356,False,True,2,0.0004554240149445832
tier_10k,0_1438042988061.16_20150728002308-00201-ip-10-236-191-2_319577306_4.csv,5000,346,False,True,2,0.0004520420334301889
tier_10k,1_1438042990112.50_20150728002310-00310-ip-10-236-191-2_200224826_0.csv,5000,439,False,True,3,0.0007193079800345004
tier_10k,1_1438042987127.36_20150728002307-00102-ip-10-236-191-2_893578330_152.csv,5000,365,False,True,1,0.0003799980040639639
tier_10k,1_1438042990112.50_20150728002310-00044-ip-10-236-191-2_261321661_61.csv,5000,416,False,True,2,0.0005472010234370828
tier_10k,1_1438042987127.36_20150728002307-00074-ip-10-236-191-2_137128786_0.csv,5000,456,False,True,3,0.0007713449886068702
tier_10k,1_1438042987127.36_20150728002307-00082-ip-10-236-191-2_795702564_10.csv,5000,283,False,True,3,0.0004669689806178212
tier_10k,1_1438042987127.36_20150728002307-00144-ip-10-236-191-2_676020729_0.csv,10000,373,False,True,2,0.0004800799652002752
tier_10k,0_1438042988061.16_20150728002308-00282-ip-10-236-191-2_894007386_3.csv,10000,376,False,True,1,0.00036454200744628906
tier_10k,0_1438042988458.74_20150728002308-00249-ip-10-236-191-2_328699461_4.csv,10000,862,False,True,3,0.0015581740299239755
tier_10k,1_1438042987127.36_20150728002307-00114-ip-10-236-191-2_902351685_191.csv,10000,375,False,True,1,0.00037017505383118987
tier_10k,1_1438042987127.36_20150728002307-00182-ip-10-236-191-2_150862475_5.csv,10000,488,False,True,1,0.0004369950038380921
tier_10k,1_1438042987127.36_20150728002307-00000-ip-10-236-191-2_300770320_2.csv,10000,328,False,True,3,0.0005328219849616289
tier_10k,1_1438042987127.36_20150728002307-00080-ip-10-236-191-2_899463259_102.csv,10000,374,False,True,1,0.0003589639673009515
tier_10k,1_1438042990112.50_20150728002310-00154-ip-10-236-191-2_303864106_21.csv,10000,694,False,True,3,0.001251557026989758
tier_10k,0_1438042988458.74_20150728002308-00095-ip-10-236-191-2_520943855_0.csv,10000,547,False,True,2,0.0006976610166020691
tier_10k,1_1438042987127.36_20150728002307-00145-ip-10-236-191-2_499439925_0.csv,10000,903,False,True,2,0.0012358640087768435
tier_10k,1_1438042990112.50_20150728002310-00013-ip-10-236-191-2_321346784_4.csv,10000,878,False,True,2,0.0012344249989837408
tier_10k,1_1438042987127.36_20150728002307-00033-ip-10-236-191-2_482136553_0.csv,10000,465,False,True,1,0.0004389469977468252
tier_10k,0_1438042988061.16_20150728002308-00109-ip-10-236-191-2_681611335_21.csv,10000,806,False,True,3,0.0014617289998568594
tier_10k,0_1438042988061.16_20150728002308-00244-ip-10-236-191-2_65898746_2.csv,10000,845,False,True,2,0.0011714270222000778
tier_10k,0_1438042988061.16_20150728002308-00215-ip-10-236-191-2_362876303_35.csv,10000,438,False,True,3,0.0007516689947806299
tier_10k,1_1438042990112.50_20150728002310-00312-ip-10-236-191-2_3243890_59.csv,10000,449,False,True,3,0.0007298620184883475
tier_10k,1_1438042990112.50_20150728002310-00085-ip-10-236-191-2_403435483_3.csv,10000,465,False,True,1,0.00044006697135046124
tier_10k,0_1438042988061.16_20150728002308-00194-ip-10-236-191-2_846810834_13.csv,10000,701,False,True,2,0.0009826280293054879
tier_10k,1_1438042990112.50_20150728002310-00286-ip-10-236-191-2_318221297_4.csv,10000,870,False,True,3,0.0016037030145525932
tier_10k,1_1438042987127.36_20150728002307-00290-ip-10-236-191-2_407999777_10.csv,10000,441,False,True,2,0.0005362939555197954
tier_10k,0_1438042988458.74_20150728002308-00166-ip-10-236-191-2_302386578_10.csv,10000,807,False,True,2,0.0010977929923683405
tier_10k,0_1438042988458.74_20150728002308-00253-ip-10-236-191-2_222600153_3.csv,10000,697,False,True,3,0.0012298270012252033
tier_10k,1_1438042990112.50_20150728002310-00237-ip-10-236-191-2_880298254_15.csv,10000,373,False,True,1,0.00036724499659612775
tier_10k,0_1438042988061.16_20150728002308-00089-ip-10-236-191-2_807127666_2.csv,10000,498,False,True,3,0.0008356819744221866
tier_10k,0_1438042988458.74_20150728002308-00060-ip-10-236-191-2_492355315_1.csv,10000,845,False,True,2,0.0020196509431116283
tier_10k,1_1438042990112.50_20150728002310-00296-ip-10-236-191-2_202658094_3.csv,10000,573,False,True,2,0.0007288269698619843
tier_10k,1_1438042988061.16_20150728002308-00013-ip-10-236-191-2_636339982_0.csv,10000,845,False,True,2,0.0011592729715630412
tier_10k,1_1438042987127.36_20150728002307-00294-ip-10-236-191-2_390417830_16.csv,10000,483,False,True,1,0.0004547869903035462
tier_10k,0_1438042988458.74_20150728002308-00254-ip-10-236-191-2_909417374_257.csv,10000,332,False,True,1,0.0003319650422781706
tier_10k,0_1438042988061.16_20150728002308-00101-ip-10-236-191-2_653250037_0.csv,10000,729,False,True,3,0.0012962680193595588
tier_10k,0_1438042988458.74_20150728002308-00046-ip-10-236-191-2_428007644_11.csv,10000,595,False,True,1,0.0005245619686320424
tier_10k,1_1438042987127.36_20150728002307-00290-ip-10-236-191-2_469307566_0.csv,10000,820,False,True,2,0.0011111900093965232
tier_10k,1_1438042990112.50_20150728002310-00062-ip-10-236-191-2_896744244_9.csv,10000,331,False,True,1,0.00032005400862544775
tier_10k,1_1438042990112.50_20150728002310-00225-ip-10-236-191-2_718036865_0.csv,10000,532,False,True,2,0.0006825299933552742
tier_10k,0_1438042988061.16_20150728002308-00189-ip-10-236-191-2_414087396_10.csv,10000,480,False,True,1,0.00041351502295583487
tier_10k,0_1438042988061.16_20150728002308-00144-ip-10-236-191-2_279381280_30.csv,10000,932,False,True,3,0.0017074570059776306
tier_10k,1_1438042990112.50_20150728002310-00081-ip-10-236-191-2_890934925_129.csv,10000,334,False,True,1,0.00032885896507650614
tier_10k,0_1438042988061.16_20150728002308-00133-ip-10-236-191-2_59742533_2.csv,10000,496,False,True,1,0.0004609180032275617
tier_10k,1_1438042990112.50_20150728002310-00259-ip-10-236-191-2_889779227_121.csv,10000,373,False,True,1,0.00036430300679057837
tier_10k,0_1438042988458.74_20150728002308-00262-ip-10-236-191-2_380524338_2.csv,10000,753,False,True,2,0.0009758739615790546
tier_10k,1_1438042987127.36_20150728002307-00027-ip-10-236-191-2_67802697_2.csv,10000,655,False,True,2,0.0008960430277511477
tier_10k,0_1438042988458.74_20150728002308-00175-ip-10-236-191-2_385639780_18.csv,10000,685,False,True,1,0.0006315709906630218
tier_10k,0_1438042988458.74_20150728002308-00303-ip-10-236-191-2_56708567_9.csv,10000,994,False,True,3,0.0018429239862598479
tier_10k,0_1438042988458.74_20150728002308-00063-ip-10-236-191-2_657101208_1.csv,10000,491,False,True,1,0.00048076699022203684
tier_10k,1_1438042990112.50_20150728002310-00190-ip-10-236-191-2_436521753_9.csv,10000,630,False,True,3,0.001115023042075336
tier_10k,1_1438042987127.36_20150728002307-00214-ip-10-236-191-2_225430488_0.csv,10000,821,False,True,4,0.001820263045374304
tier_10k,0_1438042988061.16_20150728002308-00047-ip-10-236-191-2_843664602_0.csv,10000,801,False,True,2,0.0011091380147263408
tier_10k,0_1438042988061.16_20150728002308-00181-ip-10-236-191-2_216538600_0.csv,10000,619,False,True,1,0.0005769539857283235
tier_10k,0_1438042988061.16_20150728002308-00002-ip-10-236-191-2_545269850_0.csv,10000,845,False,True,2,0.0011717920424416661
tier_10k,0_1438042988061.16_20150728002308-00330-ip-10-236-191-2_795231590_4.csv,10000,931,False,True,2,0.0012863909942097962
tier_10k,0_1438042988061.16_20150728002308-00235-ip-10-236-191-2_713850328_17.csv,10000,545,False,True,2,0.0006795129738748074
tier_10k,0_1438042988458.74_20150728002308-00232-ip-10-236-191-2_795586035_3.csv,10000,331,False,True,1,0.0002967380569316447
tier_10k,0_1438042988458.74_20150728002308-00250-ip-10-236-191-2_501951825_0.csv,10000,845,False,True,2,0.0011876890202984214
tier_10k,1_1438042987127.36_20150728002307-00037-ip-10-236-191-2_318965632_0.csv,10000,488,False,True,2,0.0006097560399211943
tier_10k,0_1438042988061.16_20150728002308-00041-ip-10-236-191-2_37534908_6.csv,10000,836,False,True,3,0.00148216902744025
tier_10k,1_1438042987127.36_20150728002307-00269-ip-10-236-191-2_847834464_0.csv,10000,676,False,True,2,0.000862204993609339
tier_10k,0_1438042988061.16_20150728002308-00199-ip-10-236-191-2_891430247_172.csv,10000,332,False,True,1,0.00032640103017911315
tier_10k,1_1438042987127.36_20150728002307-00153-ip-10-236-191-2_490931395_0.csv,10000,845,False,True,2,0.0010745119652710855
tier_10k,0_1438042988458.74_20150728002308-00081-ip-10-236-191-2_476604823_0.csv,10000,815,False,True,2,0.0011096920352429152
tier_10k,0_1438042988458.74_20150728002308-00210-ip-10-236-191-2_79682215_3.csv,10000,555,False,True,1,0.0005293609574437141
tier_10k,1_1438042987127.36_20150728002307-00008-ip-10-236-191-2_633806649_3.csv,10000,712,False,True,3,0.0012545959907583892
tier_10k,0_1438042988061.16_20150728002308-00201-ip-10-236-191-2_319577306_4.csv,10000,620,False,True,1,0.000562571978662163
tier_10k,1_1438042990112.50_20150728002310-00310-ip-10-236-191-2_200224826_0.csv,10000,738,False,True,2,0.0009533530101180077
tier_10k,1_1438042987127.36_20150728002307-00102-ip-10-236-191-2_893578330_152.csv,10000,373,False,True,1,0.0003621270298026502
tier_10k,1_1438042990112.50_20150728002310-00044-ip-10-236-191-2_261321661_61.csv,10000,418,False,True,2,0.0005447769653983414
tier_10k,1_1438042987127.36_20150728002307-00074-ip-10-236-191-2_137128786_0.csv,10000,889,False,True,3,0.001627071003895253
tier_10k,1_1438042987127.36_20150728002307-00082-ip-10-236-191-2_795702564_10.csv,10000,428,False,True,3,0.0007275899988599122
tier_10k,1_1438042987127.36_20150728002307-00144-ip-10-236-191-2_676020729_0.csv,15000,374,False,True,2,0.00047855201410129666
tier_10k,0_1438042988061.16_20150728002308-00282-ip-10-236-191-2_894007386_3.csv,15000,376,False,True,1,0.0003705659764818847
tier_10k,0_1438042988458.74_20150728002308-00249-ip-10-236-191-2_328699461_4.csv,15000,1100,False,True,2,0.0015058859717100859
tier_10k,1_1438042987127.36_20150728002307-00114-ip-10-236-191-2_902351685_191.csv,15000,377,False,True,1,0.0003359600086696446
tier_10k,1_1438042987127.36_20150728002307-00182-ip-10-236-191-2_150862475_5.csv,15000,488,False,True,1,0.0004420889890752733
tier_10k,1_1438042987127.36_20150728002307-00000-ip-10-236-191-2_300770320_2.csv,15000,329,False,True,3,0.0005385959520936012
tier_10k,1_1438042987127.36_20150728002307-00080-ip-10-236-191-2_899463259_102.csv,15000,375,False,True,1,0.00036979903234168887
tier_10k,1_1438042990112.50_20150728002310-00154-ip-10-236-191-2_303864106_21.csv,15000,1003,False,True,4,0.0022346529876813293
tier_10k,0_1438042988458.74_20150728002308-00095-ip-10-236-191-2_520943855_0.csv,15000,700,False,True,2,0.0008290300029329956
tier_10k,1_1438042987127.36_20150728002307-00145-ip-10-236-191-2_499439925_0.csv,15000,1095,False,True,3,0.0018159689498133957
tier_10k,1_1438042990112.50_20150728002310-00013-ip-10-236-191-2_321346784_4.csv,15000,1124,False,True,1,0.0010766820050776005
tier_10k,1_1438042987127.36_20150728002307-00033-ip-10-236-191-2_482136553_0.csv,15000,465,False,True,1,0.0004322170279920101
tier_10k,0_1438042988061.16_20150728002308-00109-ip-10-236-191-2_681611335_21.csv,15000,1119,False,True,3,0.002032061980571598
tier_10k,0_1438042988061.16_20150728002308-00244-ip-10-236-191-2_65898746_2.csv,15000,1150,False,True,3,0.0021368589950725436
tier_10k,0_1438042988061.16_20150728002308-00215-ip-10-236-191-2_362876303_35.csv,15000,618,False,True,2,0.0007500550127588212
tier_10k,1_1438042990112.50_20150728002310-00312-ip-10-236-191-2_3243890_59.csv,15000,637,False,True,2,0.0007856950396671891
tier_10k,1_1438042990112.50_20150728002310-00085-ip-10-236-191-2_403435483_3.csv,15000,469,False,True,1,0.00042322202352806926
tier_10k,0_1438042988061.16_20150728002308-00194-ip-10-236-191-2_846810834_13.csv,15000,873,False,True,3,0.0014433920150622725
tier_10k,1_1438042990112.50_20150728002310-00286-ip-10-236-191-2_318221297_4.csv,15000,1125,False,True,1,0.0009746510186232626
tier_10k,1_1438042987127.36_20150728002307-00290-ip-10-236-191-2_407999777_10.csv,15000,641,False,True,3,0.0010805130004882812
tier_10k,0_1438042988458.74_20150728002308-00166-ip-10-236-191-2_302386578_10.csv,15000,905,False,True,2,0.0011147460318170488
tier_10k,0_1438042988458.74_20150728002308-00253-ip-10-236-191-2_222600153_3.csv,15000,854,False,True,4,0.00187828199705109
tier_10k,1_1438042990112.50_20150728002310-00237-ip-10-236-191-2_880298254_15.csv,15000,375,False,True,1,0.00036463997093960643
tier_10k,0_1438042988061.16_20150728002308-00089-ip-10-236-191-2_807127666_2.csv,15000,707,False,True,2,0.0008433110197074711
tier_10k,0_1438042988458.74_20150728002308-00060-ip-10-236-191-2_492355315_1.csv,15000,1150,False,True,3,0.0021266069961711764
tier_10k,1_1438042990112.50_20150728002310-00296-ip-10-236-191-2_202658094_3.csv,15000,807,False,True,2,0.0010905369999818504
tier_10k,1_1438042988061.16_20150728002308-00013-ip-10-236-191-2_636339982_0.csv,15000,1150,False,True,3,0.001970101031474769
tier_10k,1_1438042987127.36_20150728002307-00294-ip-10-236-191-2_390417830_16.csv,15000,657,False,True,1,0.0006058370345272124
tier_10k,0_1438042988458.74_20150728002308-00254-ip-10-236-191-2_909417374_257.csv,15000,335,False,True,1,0.00030375795904546976
tier_10k,0_1438042988061.16_20150728002308-00101-ip-10-236-191-2_653250037_0.csv,15000,972,False,True,3,0.001767466019373387
tier_10k,0_1438042988458.74_20150728002308-00046-ip-10-236-191-2_428007644_11.csv,15000,631,False,True,2,0.0008306120289489627
tier_10k,1_1438042987127.36_20150728002307-00290-ip-10-236-191-2_469307566_0.csv,15000,1101,False,True,2,0.0015379770193248987
tier_10k,1_1438042990112.50_20150728002310-00062-ip-10-236-191-2_896744244_9.csv,15000,333,False,True,1,0.0003254390321671963
tier_10k,1_1438042990112.50_20150728002310-00225-ip-10-236-191-2_718036865_0.csv,15000,806,False,True,2,0.001066634024027735
tier_10k,0_1438042988061.16_20150728002308-00189-ip-10-236-191-2_414087396_10.csv,15000,657,False,True,2,0.0008513229549862444
tier_10k,0_1438042988061.16_20150728002308-00144-ip-10-236-191-2_279381280_30.csv,15000,945,False,True,3,0.001720528001897037
tier_10k,1_1438042990112.50_20150728002310-00081-ip-10-236-191-2_890934925_129.csv,15000,334,False,True,1,0.0003343159914948046
tier_10k,0_1438042988061.16_20150728002308-00133-ip-10-236-191-2_59742533_2.csv,15000,646,False,True,1,0.000615891010966152
tier_10k,1_1438042990112.50_20150728002310-00259-ip-10-236-191-2_889779227_121.csv,15000,375,False,True,1,0.0003658639616332948
tier_10k,0_1438042988458.74_20150728002308-00262-ip-10-236-191-2_380524338_2.csv,15000,956,False,True,3,0.0017229670193046331
tier_10k,1_1438042987127.36_20150728002307-00027-ip-10-236-191-2_67802697_2.csv,15000,807,False,True,2,0.0011489419848658144
tier_10k,0_1438042988458.74_20150728002308-00175-ip-10-236-191-2_385639780_18.csv,15000,1087,False,True,1,0.0010273440275341272
tier_10k,0_1438042988458.74_20150728002308-00303-ip-10-236-191-2_56708567_9.csv,15000,1267,False,True,2,0.0017777510220184922
tier_10k,0_1438042988458.74_20150728002308-00063-ip-10-236-191-2_657101208_1.csv,15000,491,False,True,1,0.00047352799447253346
tier_10k,1_1438042990112.50_20150728002310-00190-ip-10-236-191-2_436521753_9.csv,15000,794,False,True,4,0.001587123959325254
tier_10k,1_1438042987127.36_20150728002307-00214-ip-10-236-191-2_225430488_0.csv,15000,1126,False,True,3,0.002046568028163165
tier_10k,0_1438042988061.16_20150728002308-00047-ip-10-236-191-2_843664602_0.csv,15000,1075,False,True,2,0.0014861180097796023
tier_10k,0_1438042988061.16_20150728002308-00181-ip-10-236-191-2_216538600_0.csv,15000,619,False,True,1,0.000578681007027626
tier_10k,0_1438042988061.16_20150728002308-00002-ip-10-236-191-2_545269850_0.csv,15000,1150,False,True,3,0.002175809000618756
tier_10k,0_1438042988061.16_20150728002308-00330-ip-10-236-191-2_795231590_4.csv,15000,1224,False,True,1,0.0011695469729602337
tier_10k,0_1438042988061.16_20150728002308-00235-ip-10-236-191-2_713850328_17.csv,15000,802,False,True,2,0.0010548909776844084
tier_10k,0_1438042988458.74_20150728002308-00232-ip-10-236-191-2_795586035_3.csv,15000,331,False,True,1,0.0002929960028268397
tier_10k,0_1438042988458.74_20150728002308-00250-ip-10-236-191-2_501951825_0.csv,15000,1150,False,True,3,0.0021926950430497527
tier_10k,1_1438042987127.36_20150728002307-00037-ip-10-236-191-2_318965632_0.csv,15000,489,False,True,2,0.000637151999399066
tier_10k,0_1438042988061.16_20150728002308-00041-ip-10-236-191-2_37534908_6.csv,15000,1143,False,True,3,0.002061229955870658
tier_10k,1_1438042987127.36_20150728002307-00269-ip-10-236-191-2_847834464_0.csv,15000,764,False,True,2,0.0009706670534797013
tier_10k,0_1438042988061.16_20150728002308-00199-ip-10-236-191-2_891430247_172.csv,15000,335,False,True,1,0.0003267950378358364
tier_10k,1_1438042987127.36_20150728002307-00153-ip-10-236-191-2_490931395_0.csv,15000,1150,False,True,3,0.002161248994525522
tier_10k,0_1438042988458.74_20150728002308-00081-ip-10-236-191-2_476604823_0.csv,15000,1076,False,True,2,0.0015232309815473855
tier_10k,0_1438042988458.74_20150728002308-00210-ip-10-236-191-2_79682215_3.csv,15000,576,False,True,1,0.0005930400220677257
tier_10k,1_1438042987127.36_20150728002307-00008-ip-10-236-191-2_633806649_3.csv,15000,935,False,True,3,0.001717540028039366
tier_10k,0_1438042988061.16_20150728002308-00201-ip-10-236-191-2_319577306_4.csv,15000,997,False,True,1,0.0009414340020157397
tier_10k,1_1438042990112.50_20150728002310-00310-ip-10-236-191-2_200224826_0.csv,15000,949,False,True,1,0.0008790050051175058
tier_10k,1_1438042987127.36_20150728002307-00102-ip-10-236-191-2_893578330_152.csv,15000,376,False,True,1,0.00036708597326651216
tier_10k,1_1438042990112.50_20150728002310-00044-ip-10-236-191-2_261321661_61.csv,15000,418,False,True,2,0.0005634219851344824
tier_10k,1_1438042987127.36_20150728002307-00074-ip-10-236-191-2_137128786_0.csv,15000,1137,False,True,3,0.002105469990056008
tier_10k,1_1438042987127.36_20150728002307-00082-ip-10-236-191-2_795702564_10.csv,15000,569,False,True,3,0.000966002990026027
tier_10k,1_1438042987127.36_20150728002307-00144-ip-10-236-191-2_676020729_0.csv,20000,374,False,True,2,0.00048506801249459386
tier_10k,0_1438042988061.16_20150728002308-00282-ip-10-236-191-2_894007386_3.csv,20000,376,False,True,1,0.0003732900368049741
tier_10k,0_1438042988458.74_20150728002308-00249-ip-10-236-191-2_328699461_4.csv,20000,1340,False,True,2,0.001873945991974324
tier_10k,1_1438042987127.36_20150728002307-00114-ip-10-236-191-2_902351685_191.csv,20000,377,False,True,1,0.0003731100005097687
tier_10k,1_1438042987127.36_20150728002307-00182-ip-10-236-191-2_150862475_5.csv,20000,488,False,True,1,0.0004390230169519782
tier_10k,1_1438042987127.36_20150728002307-00000-ip-10-236-191-2_300770320_2.csv,20000,329,False,True,3,0.0005413679755292833
tier_10k,1_1438042987127.36_20150728002307-00080-ip-10-236-191-2_899463259_102.csv,20000,375,False,True,1,0.0003654109896160662
tier_10k,1_1438042990112.50_20150728002310-00154-ip-10-236-191-2_303864106_21.csv,20000,1003,False,True,4,0.002257951011415571
tier_10k,0_1438042988458.74_20150728002308-00095-ip-10-236-191-2_520943855_0.csv,20000,833,False,True,2,0.0011186909978277981
tier_10k,1_1438042987127.36_20150728002307-00145-ip-10-236-191-2_499439925_0.csv,20000,1095,False,True,3,0.002007877978030592
tier_10k,1_1438042990112.50_20150728002310-00013-ip-10-236-191-2_321346784_4.csv,20000,1169,False,True,1,0.0011223859619349241
tier_10k,1_1438042987127.36_20150728002307-00033-ip-10-236-191-2_482136553_0.csv,20000,465,False,True,1,0.0004396120202727616
tier_10k,0_1438042988061.16_20150728002308-00109-ip-10-236-191-2_681611335_21.csv,20000,1403,False,True,2,0.0019444989738985896
tier_10k,0_1438042988061.16_20150728002308-00244-ip-10-236-191-2_65898746_2.csv,20000,1367,False,True,2,0.0019877480226568878
tier_10k,0_1438042988061.16_20150728002308-00215-ip-10-236-191-2_362876303_35.csv,20000,638,False,True,2,0.0008570629870519042
tier_10k,1_1438042990112.50_20150728002310-00312-ip-10-236-191-2_3243890_59.csv,20000,899,False,True,2,0.001188632973935455
tier_10k,1_1438042990112.50_20150728002310-00085-ip-10-236-191-2_403435483_3.csv,20000,469,False,True,1,0.00043457100400701165
tier_10k,0_1438042988061.16_20150728002308-00194-ip-10-236-191-2_846810834_13.csv,20000,873,False,True,3,0.0015996699803508818
tier_10k,1_1438042990112.50_20150728002310-00286-ip-10-236-191-2_318221297_4.csv,20000,1342,False,True,2,0.0018772289622575045
tier_10k,1_1438042987127.36_20150728002307-00290-ip-10-236-191-2_407999777_10.csv,20000,696,False,True,3,0.0011823169770650566
tier_10k,0_1438042988458.74_20150728002308-00166-ip-10-236-191-2_302386578_10.csv,20000,905,False,True,2,0.0012303210096433759
tier_10k,0_1438042988458.74_20150728002308-00253-ip-10-236-191-2_222600153_3.csv,20000,854,False,True,4,0.0018683139933273196
tier_10k,1_1438042990112.50_20150728002310-00237-ip-10-236-191-2_880298254_15.csv,20000,375,False,True,1,0.0003637499758042395
tier_10k,0_1438042988061.16_20150728002308-00089-ip-10-236-191-2_807127666_2.csv,20000,846,False,True,2,0.0011410820297896862
tier_10k,0_1438042988458.74_20150728002308-00060-ip-10-236-191-2_492355315_1.csv,20000,1367,False,True,2,0.0019360330188646913
tier_10k,1_1438042990112.50_20150728002310-00296-ip-10-236-191-2_202658094_3.csv,20000,1026,False,True,2,0.00224669196177274
tier_10k,1_1438042988061.16_20150728002308-00013-ip-10-236-191-2_636339982_0.csv,20000,1367,False,True,2,0.0019307800102978945
tier_10k,1_1438042987127.36_20150728002307-00294-ip-10-236-191-2_390417830_16.csv,20000,661,False,True,1,0.0006105020293034613
tier_10k,0_1438042988458.74_20150728002308-00254-ip-10-236-191-2_909417374_257.csv,20000,335,False,True,1,0.00033167400397360325
tier_10k,0_1438042988061.16_20150728002308-00101-ip-10-236-191-2_653250037_0.csv,20000,972,False,True,3,0.0017548059695400298
tier_10k,0_1438042988458.74_20150728002308-00046-ip-10-236-191-2_428007644_11.csv,20000,632,False,True,2,0.0008482839912176132
tier_10k,1_1438042987127.36_20150728002307-00290-ip-10-236-191-2_469307566_0.csv,20000,1101,False,True,2,0.001548907021060586
tier_10k,1_1438042990112.50_20150728002310-00062-ip-10-236-191-2_896744244_9.csv,20000,335,False,True,1,0.0003289179876446724
tier_10k,1_1438042990112.50_20150728002310-00225-ip-10-236-191-2_718036865_0.csv,20000,910,False,True,2,0.0012210599961690605
tier_10k,0_1438042988061.16_20150728002308-00189-ip-10-236-191-2_414087396_10.csv,20000,860,False,True,2,0.0011190359946340322
tier_10k,0_1438042988061.16_20150728002308-00144-ip-10-236-191-2_279381280_30.csv,20000,945,False,True,3,0.0017491659964434803
tier_10k,1_1438042990112.50_20150728002310-00081-ip-10-236-191-2_890934925_129.csv,20000,337,False,True,1,0.00033274199813604355
tier_10k,0_1438042988061.16_20150728002308-00133-ip-10-236-191-2_59742533_2.csv,20000,646,False,True,1,0.0005958559922873974
tier_10k,1_1438042990112.50_20150728002310-00259-ip-10-236-191-2_889779227_121.csv,20000,376,False,True,1,0.0003626140533015132
tier_10k,0_1438042988458.74_20150728002308-00262-ip-10-236-191-2_380524338_2.csv,20000,1121,False,True,2,0.0015239040367305279
tier_10k,1_1438042987127.36_20150728002307-00027-ip-10-236-191-2_67802697_2.csv,20000,901,False,True,2,0.0012568029924295843
tier_10k,0_1438042988458.74_20150728002308-00175-ip-10-236-191-2_385639780_18.csv,20000,1351,False,True,1,0.0012866409961134195
tier_10k,0_1438042988458.74_20150728002308-00303-ip-10-236-191-2_56708567_9.csv,20000,1512,False,True,2,0.0021336800418794155
tier_10k,0_1438042988458.74_20150728002308-00063-ip-10-236-191-2_657101208_1.csv,20000,491,False,True,1,0.0005271140253171325
tier_10k,1_1438042990112.50_20150728002310-00190-ip-10-236-191-2_436521753_9.csv,20000,794,False,True,4,0.0017318460159003735
tier_10k,1_1438042987127.36_20150728002307-00214-ip-10-236-191-2_225430488_0.csv,20000,1393,False,True,3,0.0025843349867500365
tier_10k,0_1438042988061.16_20150728002308-00047-ip-10-236-191-2_843664602_0.csv,20000,1075,False,True,2,0.0014789400156587362
tier_10k,0_1438042988061.16_20150728002308-00181-ip-10-236-191-2_216538600_0.csv,20000,619,False,True,1,0.000577154045458883
tier_10k,0_1438042988061.16_20150728002308-00002-ip-10-236-191-2_545269850_0.csv,20000,1367,False,True,2,0.001930191006977111
tier_10k,0_1438042988061.16_20150728002308-00330-ip-10-236-191-2_795231590_4.csv,20000,1270,False,True,1,0.0012033050297759473
tier_10k,0_1438042988061.16_20150728002308-00235-ip-10-236-191-2_713850328_17.csv,20000,1051,False,True,2,0.0013880059705115855
tier_10k,0_1438042988458.74_20150728002308-00232-ip-10-236-191-2_795586035_3.csv,20000,331,False,True,1,0.0002928509493358433
tier_10k,0_1438042988458.74_20150728002308-00250-ip-10-236-191-2_501951825_0.csv,20000,1367,False,True,2,0.0019264129805378616
tier_10k,1_1438042987127.36_20150728002307-00037-ip-10-236-191-2_318965632_0.csv,20000,489,False,True,2,0.0006485289777629077
tier_10k,0_1438042988061.16_20150728002308-00041-ip-10-236-191-2_37534908_6.csv,20000,1389,False,True,3,0.0025428570224903524
tier_10k,1_1438042987127.36_20150728002307-00269-ip-10-236-191-2_847834464_0.csv,20000,765,False,True,2,0.0009743659757077694
tier_10k,0_1438042988061.16_20150728002308-00199-ip-10-236-191-2_891430247_172.csv,20000,335,False,True,1,0.00032830500276759267
tier_10k,1_1438042987127.36_20150728002307-00153-ip-10-236-191-2_490931395_0.csv,20000,1367,False,True,2,0.001946736010722816
tier_10k,0_1438042988458.74_20150728002308-00081-ip-10-236-191-2_476604823_0.csv,20000,1076,False,True,2,0.0015008370392024517
tier_10k,0_1438042988458.74_20150728002308-00210-ip-10-236-191-2_79682215_3.csv,20000,576,False,True,1,0.0005496629746630788
tier_10k,1_1438042987127.36_20150728002307-00008-ip-10-236-191-2_633806649_3.csv,20000,935,False,True,3,0.0017152410000562668
tier_10k,0_1438042988061.16_20150728002308-00201-ip-10-236-191-2_319577306_4.csv,20000,1216,False,True,2,0.0016956690233200788
tier_10k,1_1438042990112.50_20150728002310-00310-ip-10-236-191-2_200224826_0.csv,20000,1059,False,True,2,0.001419762964360416
tier_10k,1_1438042987127.36_20150728002307-00102-ip-10-236-191-2_893578330_152.csv,20000,378,False,True,1,0.0003691170131787658
tier_10k,1_1438042990112.50_20150728002310-00044-ip-10-236-191-2_261321661_61.csv,20000,418,False,True,2,0.0005552489892579615
tier_10k,1_1438042987127.36_20150728002307-00074-ip-10-236-191-2_137128786_0.csv,20000,1137,False,True,3,0.0020964660216122866
tier_10k,1_1438042987127.36_20150728002307-00082-ip-10-236-191-2_795702564_10.csv,20000,629,False,True,3,0.0010876529850065708
tier_10k,1_1438042987127.36_20150728002307-00144-ip-10-236-191-2_676020729_0.csv,25000,374,False,True,2,0.0004860230255872011
tier_10k,0_1438042988061.16_20150728002308-00282-ip-10-236-191-2_894007386_3.csv,25000,376,False,True,1,0.00036482798168435693
tier_10k,0_1438042988458.74_20150728002308-00249-ip-10-236-191-2_328699461_4.csv,25000,1447,False,True,2,0.0020115209626965225
tier_10k,1_1438042987127.36_20150728002307-00114-ip-10-236-191-2_902351685_191.csv,25000,377,False,True,1,0.0004273329977877438
tier_10k,1_1438042987127.36_20150728002307-00182-ip-10-236-191-2_150862475_5.csv,25000,488,False,True,1,0.00044542201794683933
tier_10k,1_1438042987127.36_20150728002307-00000-ip-10-236-191-2_300770320_2.csv,25000,329,False,True,3,0.0005359619972296059
tier_10k,1_1438042987127.36_20150728002307-00080-ip-10-236-191-2_899463259_102.csv,25000,375,False,True,1,0.0003726150025613606
tier_10k,1_1438042990112.50_20150728002310-00154-ip-10-236-191-2_303864106_21.csv,25000,1003,False,True,4,0.0022566660190932453
tier_10k,0_1438042988458.74_20150728002308-00095-ip-10-236-191-2_520943855_0.csv,25000,834,False,True,2,0.001119159976951778
tier_10k,1_1438042987127.36_20150728002307-00145-ip-10-236-191-2_499439925_0.csv,25000,1095,False,True,3,0.0020323889912106097
tier_10k,1_1438042990112.50_20150728002310-00013-ip-10-236-191-2_321346784_4.csv,25000,1169,False,True,1,0.0011167859775014222
tier_10k,1_1438042987127.36_20150728002307-00033-ip-10-236-191-2_482136553_0.csv,25000,465,False,True,1,0.00042939098784700036
tier_10k,0_1438042988061.16_20150728002308-00109-ip-10-236-191-2_681611335_21.csv,25000,1419,False,True,2,0.001960533030796796
tier_10k,0_1438042988061.16_20150728002308-00244-ip-10-236-191-2_65898746_2.csv,25000,1367,False,True,2,0.0019380860030651093
tier_10k,0_1438042988061.16_20150728002308-00215-ip-10-236-191-2_362876303_35.csv,25000,638,False,True,2,0.0008651629905216396
tier_10k,1_1438042990112.50_20150728002310-00312-ip-10-236-191-2_3243890_59.csv,25000,899,False,True,2,0.0011994140222668648
tier_10k,1_1438042990112.50_20150728002310-00085-ip-10-236-191-2_403435483_3.csv,25000,469,False,True,1,0.0004342690226621926
tier_10k,0_1438042988061.16_20150728002308-00194-ip-10-236-191-2_846810834_13.csv,25000,873,False,True,3,0.0015955300186760724
tier_10k,1_1438042990112.50_20150728002310-00286-ip-10-236-191-2_318221297_4.csv,25000,1442,False,True,2,0.0020297160372138023
tier_10k,1_1438042987127.36_20150728002307-00290-ip-10-236-191-2_407999777_10.csv,25000,696,False,True,3,0.0012126779765821993
tier_10k,0_1438042988458.74_20150728002308-00166-ip-10-236-191-2_302386578_10.csv,25000,905,False,True,2,0.001111198973376304
tier_10k,0_1438042988458.74_20150728002308-00253-ip-10-236-191-2_222600153_3.csv,25000,854,False,True,4,0.0018724260153248906
tier_10k,1_1438042990112.50_20150728002310-00237-ip-10-236-191-2_880298254_15.csv,25000,375,False,True,1,0.00036311097210273147
tier_10k,0_1438042988061.16_20150728002308-00089-ip-10-236-191-2_807127666_2.csv,25000,847,False,True,2,0.0011204170295968652
tier_10k,0_1438042988458.74_20150728002308-00060-ip-10-236-191-2_492355315_1.csv,25000,1367,False,True,2,0.0019991450244560838
tier_10k,1_1438042990112.50_20150728002310-00296-ip-10-236-191-2_202658094_3.csv,25000,1247,False,True,2,0.0016993340104818344
tier_10k,1_1438042988061.16_20150728002308-00013-ip-10-236-191-2_636339982_0.csv,25000,1367,False,True,2,0.0019284539739601314
tier_10k,1_1438042987127.36_20150728002307-00294-ip-10-236-191-2_390417830_16.csv,25000,661,False,True,1,0.000608864997047931
tier_10k,0_1438042988458.74_20150728002308-00254-ip-10-236-191-2_909417374_257.csv,25000,335,False,True,1,0.0003306230064481497
tier_10k,0_1438042988061.16_20150728002308-00101-ip-10-236-191-2_653250037_0.csv,25000,972,False,True,3,0.0017553960205987096
tier_10k,0_1438042988458.74_20150728002308-00046-ip-10-236-191-2_428007644_11.csv,25000,632,False,True,2,0.0008486349834129214
tier_10k,1_1438042987127.36_20150728002307-00290-ip-10-236-191-2_469307566_0.csv,25000,1101,False,True,2,0.0015321960090659559
tier_10k,1_1438042990112.50_20150728002310-00062-ip-10-236-191-2_896744244_9.csv,25000,335,False,True,1,0.0003344370052218437
tier_10k,1_1438042990112.50_20150728002310-00225-ip-10-236-191-2_718036865_0.csv,25000,910,False,True,2,0.0012161590275354683
tier_10k,0_1438042988061.16_20150728002308-00189-ip-10-236-191-2_414087396_10.csv,25000,963,False,True,2,0.0012736119679175317
tier_10k,0_1438042988061.16_20150728002308-00144-ip-10-236-191-2_279381280_30.csv,25000,945,False,True,3,0.0017529319738969207
tier_10k,1_1438042990112.50_20150728002310-00081-ip-10-236-191-2_890934925_129.csv,25000,337,False,True,1,0.00033252203138545156
tier_10k,0_1438042988061.16_20150728002308-00133-ip-10-236-191-2_59742533_2.csv,25000,646,False,True,1,0.0006012709927745163
tier_10k,1_1438042990112.50_20150728002310-00259-ip-10-236-191-2_889779227_121.csv,25000,376,False,True,1,0.00036567298229783773
tier_10k,0_1438042988458.74_20150728002308-00262-ip-10-236-191-2_380524338_2.csv,25000,1326,False,True,2,0.0018266350380145013
tier_10k,1_1438042987127.36_20150728002307-00027-ip-10-236-191-2_67802697_2.csv,25000,901,False,True,2,0.0012432840303517878
tier_10k,0_1438042988458.74_20150728002308-00175-ip-10-236-191-2_385639780_18.csv,25000,1555,False,True,1,0.001484445994719863
tier_10k,0_1438042988458.74_20150728002308-00303-ip-10-236-191-2_56708567_9.csv,25000,1671,False,True,2,0.0023279900196939707
tier_10k,0_1438042988458.74_20150728002308-00063-ip-10-236-191-2_657101208_1.csv,25000,491,False,True,1,0.0005128140328451991
tier_10k,1_1438042990112.50_20150728002310-00190-ip-10-236-191-2_436521753_9.csv,25000,794,False,True,4,0.0017224570037797093
tier_10k,1_1438042987127.36_20150728002307-00214-ip-10-236-191-2_225430488_0.csv,25000,1396,False,True,3,0.0025726070161908865
tier_10k,0_1438042988061.16_20150728002308-00047-ip-10-236-191-2_843664602_0.csv,25000,1075,False,True,2,0.0014841349911876023
tier_10k,0_1438042988061.16_20150728002308-00181-ip-10-236-191-2_216538600_0.csv,25000,619,False,True,1,0.0005854979972355068
tier_10k,0_1438042988061.16_20150728002308-00002-ip-10-236-191-2_545269850_0.csv,25000,1367,False,True,2,0.0019189899903722107
tier_10k,0_1438042988061.16_20150728002308-00330-ip-10-236-191-2_795231590_4.csv,25000,1270,False,True,1,0.0012095319689251482
tier_10k,0_1438042988061.16_20150728002308-00235-ip-10-236-191-2_713850328_17.csv,25000,1261,False,True,2,0.0016907930257730186
tier_10k,0_1438042988458.74_20150728002308-00232-ip-10-236-191-2_795586035_3.csv,25000,331,False,True,1,0.00037919095484539866
tier_10k,0_1438042988458.74_20150728002308-00250-ip-10-236-191-2_501951825_0.csv,25000,1367,False,True,2,0.0019170930027030408
tier_10k,1_1438042987127.36_20150728002307-00037-ip-10-236-191-2_318965632_0.csv,25000,489,False,True,2,0.000617278041318059
tier_10k,0_1438042988061.16_20150728002308-00041-ip-10-236-191-2_37534908_6.csv,25000,1389,False,True,3,0.0025574800092726946
tier_10k,1_1438042987127.36_20150728002307-00269-ip-10-236-191-2_847834464_0.csv,25000,766,False,True,2,0.000975686009041965
tier_10k,0_1438042988061.16_20150728002308-00199-ip-10-236-191-2_891430247_172.csv,25000,335,False,True,1,0.00033624598290771246
tier_10k,1_1438042987127.36_20150728002307-00153-ip-10-236-191-2_490931395_0.csv,25000,1367,False,True,2,0.0019275539671070874
tier_10k,0_1438042988458.74_20150728002308-00081-ip-10-236-191-2_476604823_0.csv,25000,1076,False,True,2,0.0014903399860486388
tier_10k,0_1438042988458.74_20150728002308-00210-ip-10-236-191-2_79682215_3.csv,25000,576,False,True,1,0.0004987390129826963
tier_10k,1_1438042987127.36_20150728002307-00008-ip-10-236-191-2_633806649_3.csv,25000,935,False,True,3,0.0017076579970307648
tier_10k,0_1438042988061.16_20150728002308-00201-ip-10-236-191-2_319577306_4.csv,25000,1481,False,True,2,0.0020932990009896457
tier_10k,1_1438042990112.50_20150728002310-00310-ip-10-236-191-2_200224826_0.csv,25000,1060,False,True,2,0.0014434249605983496
tier_10k,1_1438042987127.36_20150728002307-00102-ip-10-236-191-2_893578330_152.csv,25000,378,False,True,1,0.0003720960230566561
tier_10k,1_1438042990112.50_20150728002310-00044-ip-10-236-191-2_261321661_61.csv,25000,418,False,True,2,0.0005540570127777755
tier_10k,1_1438042987127.36_20150728002307-00074-ip-10-236-191-2_137128786_0.csv,25000,1137,False,True,3,0.0021028320188634098
tier_10k,1_1438042987127.36_20150728002307-00082-ip-10-236-191-2_795702564_10.csv,25000,630,False,True,3,0.0010181870311498642
tier_10k,1_1438042987127.36_20150728002307-00144-ip-10-236-191-2_676020729_0.csv,30000,374,False,True,2,0.0004796339781023562
tier_10k,0_1438042988061.16_20150728002308-00282-ip-10-236-191-2_894007386_3.csv,30000,376,False,True,1,0.0003646300174295902
tier_10k,0_1438042988458.74_20150728002308-00249-ip-10-236-191-2_328699461_4.csv,30000,1447,False,True,2,0.0020778809557668865
tier_10k,1_1438042987127.36_20150728002307-00114-ip-10-236-191-2_902351685_191.csv,30000,377,False,True,1,0.00037983100628480315
tier_10k,1_1438042987127.36_20150728002307-00182-ip-10-236-191-2_150862475_5.csv,30000,488,False,True,1,0.00044221198186278343
tier_10k,1_1438042987127.36_20150728002307-00000-ip-10-236-191-2_300770320_2.csv,30000,329,False,True,3,0.0005327659891918302
tier_10k,1_1438042987127.36_20150728002307-00080-ip-10-236-191-2_899463259_102.csv,30000,375,False,True,1,0.00039317202754318714
tier_10k,1_1438042990112.50_20150728002310-00154-ip-10-236-191-2_303864106_21.csv,30000,1003,False,True,4,0.0022393050021491945
tier_10k,0_1438042988458.74_20150728002308-00095-ip-10-236-191-2_520943855_0.csv,30000,834,False,True,2,0.001125145994592458
tier_10k,1_1438042987127.36_20150728002307-00145-ip-10-236-191-2_499439925_0.csv,30000,1095,False,True,3,0.0020409589633345604
tier_10k,1_1438042990112.50_20150728002310-00013-ip-10-236-191-2_321346784_4.csv,30000,1169,False,True,1,0.0011166930198669434
tier_10k,1_1438042987127.36_20150728002307-00033-ip-10-236-191-2_482136553_0.csv,30000,465,False,True,1,0.00043363397708162665
tier_10k,0_1438042988061.16_20150728002308-00109-ip-10-236-191-2_681611335_21.csv,30000,1419,False,True,2,0.002007417962886393
tier_10k,0_1438042988061.16_20150728002308-00244-ip-10-236-191-2_65898746_2.csv,30000,1367,False,True,2,0.0019188790465705097
tier_10k,0_1438042988061.16_20150728002308-00215-ip-10-236-191-2_362876303_35.csv,30000,638,False,True,2,0.0008698689634911716
tier_10k,1_1438042990112.50_20150728002310-00312-ip-10-236-191-2_3243890_59.csv,30000,899,False,True,2,0.0011974459630437195
tier_10k,1_1438042990112.50_20150728002310-00085-ip-10-236-191-2_403435483_3.csv,30000,469,False,True,1,0.0004396320437081158
tier_10k,0_1438042988061.16_20150728002308-00194-ip-10-236-191-2_846810834_13.csv,30000,873,False,True,3,0.0016178409568965435
tier_10k,1_1438042990112.50_20150728002310-00286-ip-10-236-191-2_318221297_4.csv,30000,1442,False,True,2,0.002069398993626237
tier_10k,1_1438042987127.36_20150728002307-00290-ip-10-236-191-2_407999777_10.csv,30000,696,False,True,3,0.0011787810362875462
tier_10k,0_1438042988458.74_20150728002308-00166-ip-10-236-191-2_302386578_10.csv,30000,905,False,True,2,0.001241989026311785
tier_10k,0_1438042988458.74_20150728002308-00253-ip-10-236-191-2_222600153_3.csv,30000,854,False,True,4,0.0018768379813991487
tier_10k,1_1438042990112.50_20150728002310-00237-ip-10-236-191-2_880298254_15.csv,30000,375,False,True,1,0.00037979899207130075
tier_10k,0_1438042988061.16_20150728002308-00089-ip-10-236-191-2_807127666_2.csv,30000,847,False,True,2,0.001170849020127207
tier_10k,0_1438042988458.74_20150728002308-00060-ip-10-236-191-2_492355315_1.csv,30000,1367,False,True,2,0.0019407410291023552
tier_10k,1_1438042990112.50_20150728002310-00296-ip-10-236-191-2_202658094_3.csv,30000,1247,False,True,2,0.001683955022599548
tier_10k,1_1438042988061.16_20150728002308-00013-ip-10-236-191-2_636339982_0.csv,30000,1367,False,True,2,0.0019312279764562845
tier_10k,1_1438042987127.36_20150728002307-00294-ip-10-236-191-2_390417830_16.csv,30000,661,False,True,1,0.0006053079850971699
tier_10k,0_1438042988458.74_20150728002308-00254-ip-10-236-191-2_909417374_257.csv,30000,335,False,True,1,0.0003290559980086982
tier_10k,0_1438042988061.16_20150728002308-00101-ip-10-236-191-2_653250037_0.csv,30000,972,False,True,3,0.0017697029979899526
tier_10k,0_1438042988458.74_20150728002308-00046-ip-10-236-191-2_428007644_11.csv,30000,632,False,True,2,0.001366404991131276
tier_10k,1_1438042987127.36_20150728002307-00290-ip-10-236-191-2_469307566_0.csv,30000,1101,False,True,2,0.0013778909924440086
tier_10k,1_1438042990112.50_20150728002310-00062-ip-10-236-191-2_896744244_9.csv,30000,335,False,True,1,0.00032961100805550814
tier_10k,1_1438042990112.50_20150728002310-00225-ip-10-236-191-2_718036865_0.csv,30000,910,False,True,2,0.0012078029685653746
tier_10k,0_1438042988061.16_20150728002308-00189-ip-10-236-191-2_414087396_10.csv,30000,963,False,True,2,0.0012872320367023349
tier_10k,0_1438042988061.16_20150728002308-00144-ip-10-236-191-2_279381280_30.csv,30000,945,False,True,3,0.0017115749651566148
tier_10k,1_1438042990112.50_20150728002310-00081-ip-10-236-191-2_890934925_129.csv,30000,337,False,True,1,0.0003276330535300076
tier_10k,0_1438042988061.16_20150728002308-00133-ip-10-236-191-2_59742533_2.csv,30000,646,False,True,1,0.000598407001234591
tier_10k,1_1438042990112.50_20150728002310-00259-ip-10-236-191-2_889779227_121.csv,30000,376,False,True,1,0.0003677440108731389
tier_10k,0_1438042988458.74_20150728002308-00262-ip-10-236-191-2_380524338_2.csv,30000,1326,False,True,2,0.0018639619811438024
tier_10k,1_1438042987127.36_20150728002307-00027-ip-10-236-191-2_67802697_2.csv,30000,901,False,True,2,0.001247926033101976
tier_10k,0_1438042988458.74_20150728002308-00175-ip-10-236-191-2_385639780_18.csv,30000,1636,False,True,1,0.0015512009849771857
tier_10k,0_1438042988458.74_20150728002308-00303-ip-10-236-191-2_56708567_9.csv,30000,1774,False,True,2,0.002510955964680761
tier_10k,0_1438042988458.74_20150728002308-00063-ip-10-236-191-2_657101208_1.csv,30000,491,False,True,1,0.0007714989478699863
tier_10k,1_1438042990112.50_20150728002310-00190-ip-10-236-191-2_436521753_9.csv,30000,794,False,True,4,0.0017280810279771686
tier_10k,1_1438042987127.36_20150728002307-00214-ip-10-236-191-2_225430488_0.csv,30000,1396,False,True,3,0.0025719619588926435
tier_10k,0_1438042988061.16_20150728002308-00047-ip-10-236-191-2_843664602_0.csv,30000,1075,False,True,2,0.001481646962929517
tier_10k,0_1438042988061.16_20150728002308-00181-ip-10-236-191-2_216538600_0.csv,30000,619,False,True,1,0.0005789800197817385
tier_10k,0_1438042988061.16_20150728002308-00002-ip-10-236-191-2_545269850_0.csv,30000,1367,False,True,2,0.0019307269831188023
tier_10k,0_1438042988061.16_20150728002308-00330-ip-10-236-191-2_795231590_4.csv,30000,1270,False,True,1,0.0011955170193687081
tier_10k,0_1438042988061.16_20150728002308-00235-ip-10-236-191-2_713850328_17.csv,30000,1291,False,True,2,0.003011331951711327
tier_10k,0_1438042988458.74_20150728002308-00232-ip-10-236-191-2_795586035_3.csv,30000,331,False,True,1,0.00029367697425186634
tier_10k,0_1438042988458.74_20150728002308-00250-ip-10-236-191-2_501951825_0.csv,30000,1367,False,True,2,0.0019233719795010984
tier_10k,1_1438042987127.36_20150728002307-00037-ip-10-236-191-2_318965632_0.csv,30000,489,False,True,2,0.000620896986220032
tier_10k,0_1438042988061.16_20150728002308-00041-ip-10-236-191-2_37534908_6.csv,30000,1389,False,True,3,0.0025487709790468216
tier_10k,1_1438042987127.36_20150728002307-00269-ip-10-236-191-2_847834464_0.csv,30000,766,False,True,2,0.000979152973741293
tier_10k,0_1438042988061.16_20150728002308-00199-ip-10-236-191-2_891430247_172.csv,30000,335,False,True,1,0.00033236300805583596
tier_10k,1_1438042987127.36_20150728002307-00153-ip-10-236-191-2_490931395_0.csv,30000,1367,False,True,2,0.001925589982420206
tier_10k,0_1438042988458.74_20150728002308-00081-ip-10-236-191-2_476604823_0.csv,30000,1076,False,True,2,0.001514823001343757
tier_10k,0_1438042988458.74_20150728002308-00210-ip-10-236-191-2_79682215_3.csv,30000,576,False,True,1,0.0005723689682781696
tier_10k,1_1438042987127.36_20150728002307-00008-ip-10-236-191-2_633806649_3.csv,30000,935,False,True,3,0.0017022950341925025
tier_10k,0_1438042988061.16_20150728002308-00201-ip-10-236-191-2_319577306_4.csv,30000,1582,False,True,2,0.0022801909944973886
tier_10k,1_1438042990112.50_20150728002310-00310-ip-10-236-191-2_200224826_0.csv,30000,1060,False,True,2,0.0014248520019464195
tier_10k,1_1438042987127.36_20150728002307-00102-ip-10-236-191-2_893578330_152.csv,30000,378,False,True,1,0.00036877801176160574
tier_10k,1_1438042990112.50_20150728002310-00044-ip-10-236-191-2_261321661_61.csv,30000,418,False,True,2,0.0005549340276047587
tier_10k,1_1438042987127.36_20150728002307-00074-ip-10-236-191-2_137128786_0.csv,30000,1137,False,True,3,0.0020880780066363513
tier_10k,1_1438042987127.36_20150728002307-00082-ip-10-236-191-2_795702564_10.csv,30000,630,False,True,3,0.001081314985640347
tier_100k,1_1438042987127.36_20150728002307-00144-ip-10-236-191-2_676020729_0.csv,5000,366,False,True,3,0.0007738469867035747
tier_100k,0_1438042988061.16_20150728002308-00282-ip-10-236-191-2_894007386_3.csv,5000,2415,False,True,1,0.0033903110306710005
tier_100k,0_1438042988458.74_20150728002308-00249-ip-10-236-191-2_328699461_4.csv,5000,925,False,True,2,0.0016681199776940048
tier_100k,1_1438042987127.36_20150728002307-00114-ip-10-236-191-2_902351685_191.csv,5000,2504,False,True,1,0.003618951013777405
tier_100k,1_1438042987127.36_20150728002307-00182-ip-10-236-191-2_150862475_5.csv,5000,369,False,True,1,0.0004303259775042534
tier_100k,1_1438042987127.36_20150728002307-00000-ip-10-236-191-2_300770320_2.csv,5000,590,False,True,3,0.0020508819725364447
tier_100k,1_1438042987127.36_20150728002307-00080-ip-10-236-191-2_899463259_102.csv,5000,2517,False,True,1,0.003619047987740487
tier_100k,1_1438042990112.50_20150728002310-00154-ip-10-236-191-2_303864106_21.csv,5000,324,False,True,2,0.0004974539624527097
tier_100k,0_1438042988458.74_20150728002308-00095-ip-10-236-191-2_520943855_0.csv,5000,349,False,True,3,0.0007058070041239262
tier_100k,1_1438042987127.36_20150728002307-00145-ip-10-236-191-2_499439925_0.csv,5000,667,False,True,2,0.0011356970062479377
tier_100k,1_1438042990112.50_20150728002310-00013-ip-10-236-191-2_321346784_4.csv,5000,980,False,True,2,0.0017727729864418507
tier_100k,1_1438042987127.36_20150728002307-00033-ip-10-236-191-2_482136553_0.csv,5000,216,False,True,2,0.0003725900314748287
tier_100k,0_1438042988061.16_20150728002308-00109-ip-10-236-191-2_681611335_21.csv,5000,487,False,True,4,0.0013128790305927396
tier_100k,0_1438042988061.16_20150728002308-00244-ip-10-236-191-2_65898746_2.csv,5000,312,False,True,1,0.0005195019766688347
tier_100k,0_1438042988061.16_20150728002308-00215-ip-10-236-191-2_362876303_35.csv,5000,639,False,True,2,0.0012347539886832237
tier_100k,1_1438042990112.50_20150728002310-00312-ip-10-236-191-2_3243890_59.csv,5000,281,False,True,2,0.00044562097173184156
tier_100k,1_1438042990112.50_20150728002310-00085-ip-10-236-191-2_403435483_3.csv,5000,407,False,True,1,0.0004847379750572145
tier_100k,0_1438042988061.16_20150728002308-00194-ip-10-236-191-2_846810834_13.csv,5000,246,False,True,2,0.0003807829925790429
tier_100k,1_1438042990112.50_20150728002310-00286-ip-10-236-191-2_318221297_4.csv,5000,953,False,True,2,0.001697101048193872
tier_100k,1_1438042987127.36_20150728002307-00290-ip-10-236-191-2_407999777_10.csv,5000,317,False,True,2,0.00044028100091964006
tier_100k,0_1438042988458.74_20150728002308-00166-ip-10-236-191-2_302386578_10.csv,5000,439,False,True,2,0.0006547759985551238
tier_100k,0_1438042988458.74_20150728002308-00253-ip-10-236-191-2_222600153_3.csv,5000,309,False,True,1,0.00032538099912926555
tier_100k,1_1438042990112.50_20150728002310-00237-ip-10-236-191-2_880298254_15.csv,5000,2487,False,True,1,0.0036485239979811013
tier_100k,0_1438042988061.16_20150728002308-00089-ip-10-236-191-2_807127666_2.csv,5000,705,False,True,3,0.0017841059598140419
tier_100k,0_1438042988458.74_20150728002308-00060-ip-10-236-191-2_492355315_1.csv,5000,312,False,True,1,0.00036951102083548903
tier_100k,1_1438042990112.50_20150728002310-00296-ip-10-236-191-2_202658094_3.csv,5000,484,False,True,2,0.000784928968641907
tier_100k,1_1438042988061.16_20150728002308-00013-ip-10-236-191-2_636339982_0.csv,5000,312,False,True,1,0.00036652799462899566
tier_100k,1_1438042987127.36_20150728002307-00294-ip-10-236-191-2_390417830_16.csv,5000,667,False,True,1,0.0008466669823974371
tier_100k,0_1438042988458.74_20150728002308-00254-ip-10-236-191-2_909417374_257.csv,5000,2461,False,True,1,0.0037435339763760567
tier_100k,0_1438042988061.16_20150728002308-00101-ip-10-236-191-2_653250037_0.csv,5000,276,False,True,3,0.0005344169912859797
tier_100k,0_1438042988458.74_20150728002308-00046-ip-10-236-191-2_428007644_11.csv,5000,734,False,True,1,0.000991376000456512
tier_100k,1_1438042987127.36_20150728002307-00290-ip-10-236-191-2_469307566_0.csv,5000,582,False,True,1,0.0007777559803798795
tier_100k,1_1438042990112.50_20150728002310-00062-ip-10-236-191-2_896744244_9.csv,5000,2456,False,True,1,0.0036632840055972338
tier_100k,1_1438042990112.50_20150728002310-00225-ip-10-236-191-2_718036865_0.csv,5000,552,False,True,3,0.0012215619790367782
tier_100k,0_1438042988061.16_20150728002308-00189-ip-10-236-191-2_414087396_10.csv,5000,316,False,True,2,0.0006352179916575551
tier_100k,0_1438042988061.16_20150728002308-00144-ip-10-236-191-2_279381280_30.csv,5000,707,False,True,3,0.0017955339862965047
tier_100k,1_1438042990112.50_20150728002310-00081-ip-10-236-191-2_890934925_129.csv,5000,2133,False,True,1,0.0029621500289067626
tier_100k,0_1438042988061.16_20150728002308-00133-ip-10-236-191-2_59742533_2.csv,5000,373,False,True,1,0.00046016002306714654
tier_100k,1_1438042990112.50_20150728002310-00259-ip-10-236-191-2_889779227_121.csv,5000,2423,False,True,1,0.003488444024696946
tier_100k,0_1438042988458.74_20150728002308-00262-ip-10-236-191-2_380524338_2.csv,5000,747,False,True,2,0.0012198260519653559
tier_100k,1_1438042987127.36_20150728002307-00027-ip-10-236-191-2_67802697_2.csv,5000,642,False,True,1,0.0007949279970489442
tier_100k,0_1438042988458.74_20150728002308-00175-ip-10-236-191-2_385639780_18.csv,5000,585,False,True,2,0.0009814699878916144
tier_100k,0_1438042988458.74_20150728002308-00303-ip-10-236-191-2_56708567_9.csv,5000,746,False,True,3,0.0016929919947870076
tier_100k,0_1438042988458.74_20150728002308-00063-ip-10-236-191-2_657101208_1.csv,5000,718,False,True,1,0.0009390750201418996
tier_100k,1_1438042990112.50_20150728002310-00190-ip-10-236-191-2_436521753_9.csv,5000,305,False,True,2,0.0004522270173765719
tier_100k,1_1438042987127.36_20150728002307-00214-ip-10-236-191-2_225430488_0.csv,5000,456,False,True,2,0.0007669749902561307
tier_100k,0_1438042988061.16_20150728002308-00047-ip-10-236-191-2_843664602_0.csv,5000,285,False,True,2,0.0004376419819891453
tier_100k,0_1438042988061.16_20150728002308-00181-ip-10-236-191-2_216538600_0.csv,5000,1879,False,True,2,0.0037033709813840687
tier_100k,0_1438042988061.16_20150728002308-00002-ip-10-236-191-2_545269850_0.csv,5000,312,False,True,1,0.0003840599674731493
tier_100k,0_1438042988061.16_20150728002308-00330-ip-10-236-191-2_795231590_4.csv,5000,548,False,True,1,0.000611180963460356
tier_100k,0_1438042988061.16_20150728002308-00235-ip-10-236-191-2_713850328_17.csv,5000,386,False,True,2,0.0005901720141991973
tier_100k,0_1438042988458.74_20150728002308-00232-ip-10-236-191-2_795586035_3.csv,5000,372,False,True,1,0.0004085240070708096
tier_100k,0_1438042988458.74_20150728002308-00250-ip-10-236-191-2_501951825_0.csv,5000,312,False,True,1,0.00036715902388095856
tier_100k,1_1438042987127.36_20150728002307-00037-ip-10-236-191-2_318965632_0.csv,5000,320,False,True,2,0.0008701449842192233
tier_100k,0_1438042988061.16_20150728002308-00041-ip-10-236-191-2_37534908_6.csv,5000,413,False,True,2,0.000606474990490824
tier_100k,1_1438042987127.36_20150728002307-00269-ip-10-236-191-2_847834464_0.csv,5000,478,False,True,3,0.00100721197668463
tier_100k,0_1438042988061.16_20150728002308-00199-ip-10-236-191-2_891430247_172.csv,5000,2452,False,True,1,0.003580086980946362
tier_100k,1_1438042987127.36_20150728002307-00153-ip-10-236-191-2_490931395_0.csv,5000,312,False,True,1,0.00041129201417788863
tier_100k,0_1438042988458.74_20150728002308-00081-ip-10-236-191-2_476604823_0.csv,5000,582,False,True,1,0.0007743909955024719
tier_100k,0_1438042988458.74_20150728002308-00210-ip-10-236-191-2_79682215_3.csv,5000,466,False,True,1,0.0005755810416303575
tier_100k,1_1438042987127.36_20150728002307-00008-ip-10-236-191-2_633806649_3.csv,5000,403,False,True,3,0.000871738011483103
tier_100k,0_1438042988061.16_20150728002308-00201-ip-10-236-191-2_319577306_4.csv,5000,930,False,True,2,0.0016528040287084877
tier_100k,1_1438042990112.50_20150728002310-00310-ip-10-236-191-2_200224826_0.csv,5000,516,False,True,3,0.001068832993041724
tier_100k,1_1438042987127.36_20150728002307-00102-ip-10-236-191-2_893578330_152.csv,5000,2458,False,True,1,0.003547710017301142
tier_100k,1_1438042990112.50_20150728002310-00044-ip-10-236-191-2_261321661_61.csv,5000,709,False,True,2,0.0013476840103976429
tier_100k,1_1438042987127.36_20150728002307-00074-ip-10-236-191-2_137128786_0.csv,5000,547,False,True,2,0.0009450259967707098
tier_100k,1_1438042987127.36_20150728002307-00082-ip-10-236-191-2_795702564_10.csv,5000,661,False,True,2,0.0012641020002774894
tier_100k,1_1438042987127.36_20150728002307-00144-ip-10-236-191-2_676020729_0.csv,10000,613,False,True,2,0.0010154839837923646
tier_100k,0_1438042988061.16_20150728002308-00282-ip-10-236-191-2_894007386_3.csv,10000,3724,False,True,1,0.005881402001250535
tier_100k,0_1438042988458.74_20150728002308-00249-ip-10-236-191-2_328699461_4.csv,10000,1253,False,True,2,0.0023590989876538515
tier_100k,1_1438042987127.36_20150728002307-00114-ip-10-236-191-2_902351685_191.csv,10000,3698,False,True,1,0.006175262969918549
tier_100k,1_1438042987127.36_20150728002307-00182-ip-10-236-191-2_150862475_5.csv,10000,765,False,True,1,0.0009245179826393723
tier_100k,1_1438042987127.36_20150728002307-00000-ip-10-236-191-2_300770320_2.csv,10000,1176,False,True,4,0.0034709739848040044
tier_100k,1_1438042987127.36_20150728002307-00080-ip-10-236-191-2_899463259_102.csv,10000,3717,False,True,1,0.008990414964500815
tier_100k,1_1438042990112.50_20150728002310-00154-ip-10-236-191-2_303864106_21.csv,10000,633,False,True,2,0.0009815749945119023
tier_100k,0_1438042988458.74_20150728002308-00095-ip-10-236-191-2_520943855_0.csv,10000,723,False,True,2,0.0011742669739760458
tier_100k,1_1438042987127.36_20150728002307-00145-ip-10-236-191-2_499439925_0.csv,10000,1126,False,True,2,0.0019784559844993055
tier_100k,1_1438042990112.50_20150728002310-00013-ip-10-236-191-2_321346784_4.csv,10000,1452,False,True,2,0.0022358589922077954
tier_100k,1_1438042987127.36_20150728002307-00033-ip-10-236-191-2_482136553_0.csv,10000,459,False,True,2,0.0006625920068472624
tier_100k,0_1438042988061.16_20150728002308-00109-ip-10-236-191-2_681611335_21.csv,10000,947,False,True,3,0.0017676810384728014
tier_100k,0_1438042988061.16_20150728002308-00244-ip-10-236-191-2_65898746_2.csv,10000,312,False,True,1,0.00031192501774057746
tier_100k,0_1438042988061.16_20150728002308-00215-ip-10-236-191-2_362876303_35.csv,10000,964,False,True,2,0.0014800289645791054
tier_100k,1_1438042990112.50_20150728002310-00312-ip-10-236-191-2_3243890_59.csv,10000,563,False,True,2,0.0007698529516346753
tier_100k,1_1438042990112.50_20150728002310-00085-ip-10-236-191-2_403435483_3.csv,10000,657,False,True,1,0.0006782850250601768
tier_100k,0_1438042988061.16_20150728002308-00194-ip-10-236-191-2_846810834_13.csv,10000,490,False,True,1,0.0004303419846110046
tier_100k,1_1438042990112.50_20150728002310-00286-ip-10-236-191-2_318221297_4.csv,10000,1402,False,True,2,0.002127680985722691
tier_100k,1_1438042987127.36_20150728002307-00290-ip-10-236-191-2_407999777_10.csv,10000,553,False,True,1,0.0004496490000747144
tier_100k,0_1438042988458.74_20150728002308-00166-ip-10-236-191-2_302386578_10.csv,10000,695,False,True,3,0.001214823976624757
tier_100k,0_1438042988458.74_20150728002308-00253-ip-10-236-191-2_222600153_3.csv,10000,632,False,True,2,0.0007943919626995921
tier_100k,1_1438042990112.50_20150728002310-00237-ip-10-236-191-2_880298254_15.csv,10000,3708,False,True,1,0.0048916079686023295
tier_100k,0_1438042988061.16_20150728002308-00089-ip-10-236-191-2_807127666_2.csv,10000,1111,False,True,4,0.0027826739824377
tier_100k,0_1438042988458.74_20150728002308-00060-ip-10-236-191-2_492355315_1.csv,10000,312,False,True,1,0.0003003579913638532
tier_100k,1_1438042990112.50_20150728002310-00296-ip-10-236-191-2_202658094_3.csv,10000,940,False,True,2,0.0011644749902188778
tier_100k,1_1438042988061.16_20150728002308-00013-ip-10-236-191-2_636339982_0.csv,10000,312,False,True,1,0.0003046159981749952
tier_100k,1_1438042987127.36_20150728002307-00294-ip-10-236-191-2_390417830_16.csv,10000,1082,False,True,1,0.0011294560390524566
tier_100k,0_1438042988458.74_20150728002308-00254-ip-10-236-191-2_909417374_257.csv,10000,3348,False,True,1,0.00435962196206674
tier_100k,0_1438042988061.16_20150728002308-00101-ip-10-236-191-2_653250037_0.csv,10000,526,False,True,4,0.001014437002595514
tier_100k,0_1438042988458.74_20150728002308-00046-ip-10-236-191-2_428007644_11.csv,10000,1368,False,True,1,0.0014650020166300237
tier_100k,1_1438042987127.36_20150728002307-00290-ip-10-236-191-2_469307566_0.csv,10000,901,False,True,2,0.001250833971425891
tier_100k,1_1438042990112.50_20150728002310-00062-ip-10-236-191-2_896744244_9.csv,10000,3346,False,True,1,0.004254699975717813
tier_100k,1_1438042990112.50_20150728002310-00225-ip-10-236-191-2_718036865_0.csv,10000,934,False,True,2,0.0012889429926872253
tier_100k,0_1438042988061.16_20150728002308-00189-ip-10-236-191-2_414087396_10.csv,10000,596,False,True,1,0.0005112419603392482
tier_100k,0_1438042988061.16_20150728002308-00144-ip-10-236-191-2_279381280_30.csv,10000,1271,False,True,3,0.0025689020403660834
tier_100k,1_1438042990112.50_20150728002310-00081-ip-10-236-191-2_890934925_129.csv,10000,3275,False,True,1,0.004099345009308308
tier_100k,0_1438042988061.16_20150728002308-00133-ip-10-236-191-2_59742533_2.csv,10000,730,False,True,1,0.0006909930380061269
tier_100k,1_1438042990112.50_20150728002310-00259-ip-10-236-191-2_889779227_121.csv,10000,3703,False,True,1,0.004395057971123606
tier_100k,0_1438042988458.74_20150728002308-00262-ip-10-236-191-2_380524338_2.csv,10000,1340,False,True,3,0.0025000119931064546
tier_100k,1_1438042987127.36_20150728002307-00027-ip-10-236-191-2_67802697_2.csv,10000,2242,False,True,1,0.0025050370022654533
tier_100k,0_1438042988458.74_20150728002308-00175-ip-10-236-191-2_385639780_18.csv,10000,1035,False,True,1,0.0010220109834335744
tier_100k,0_1438042988458.74_20150728002308-00303-ip-10-236-191-2_56708567_9.csv,10000,1292,False,True,2,0.0018300639931112528
tier_100k,0_1438042988458.74_20150728002308-00063-ip-10-236-191-2_657101208_1.csv,10000,1358,False,True,1,0.001515501004178077
tier_100k,1_1438042990112.50_20150728002310-00190-ip-10-236-191-2_436521753_9.csv,10000,609,False,True,3,0.0009972220286726952
tier_100k,1_1438042987127.36_20150728002307-00214-ip-10-236-191-2_225430488_0.csv,10000,1034,False,True,4,0.0024129730300046504
tier_100k,0_1438042988061.16_20150728002308-00047-ip-10-236-191-2_843664602_0.csv,10000,545,False,True,2,0.0006993539864197373
tier_100k,0_1438042988061.16_20150728002308-00181-ip-10-236-191-2_216538600_0.csv,10000,1895,False,True,2,0.002973395981825888
tier_100k,0_1438042988061.16_20150728002308-00002-ip-10-236-191-2_545269850_0.csv,10000,312,False,True,1,0.0003123059868812561
tier_100k,0_1438042988061.16_20150728002308-00330-ip-10-236-191-2_795231590_4.csv,10000,1054,False,True,2,0.0014647170319221914
tier_100k,0_1438042988061.16_20150728002308-00235-ip-10-236-191-2_713850328_17.csv,10000,816,False,True,2,0.0010806109639815986
tier_100k,0_1438042988458.74_20150728002308-00232-ip-10-236-191-2_795586035_3.csv,10000,662,False,True,1,0.0009396109962835908
tier_100k,0_1438042988458.74_20150728002308-00250-ip-10-236-191-2_501951825_0.csv,10000,312,False,True,1,0.00049867999041453
tier_100k,1_1438042987127.36_20150728002307-00037-ip-10-236-191-2_318965632_0.csv,10000,712,False,True,1,0.0006966950022615492
tier_100k,0_1438042988061.16_20150728002308-00041-ip-10-236-191-2_37534908_6.csv,10000,819,False,True,2,0.0010293980012647808
tier_100k,1_1438042987127.36_20150728002307-00269-ip-10-236-191-2_847834464_0.csv,10000,995,False,True,2,0.0013618340017274022
tier_100k,0_1438042988061.16_20150728002308-00199-ip-10-236-191-2_891430247_172.csv,10000,3343,False,True,1,0.004557245003525168
tier_100k,1_1438042987127.36_20150728002307-00153-ip-10-236-191-2_490931395_0.csv,10000,312,False,True,1,0.0003185420064255595
tier_100k,0_1438042988458.74_20150728002308-00081-ip-10-236-191-2_476604823_0.csv,10000,900,False,True,2,0.0013721869909204543
tier_100k,0_1438042988458.74_20150728002308-00210-ip-10-236-191-2_79682215_3.csv,10000,941,False,True,1,0.0009722569957375526
tier_100k,1_1438042987127.36_20150728002307-00008-ip-10-236-191-2_633806649_3.csv,10000,713,False,True,3,0.0012881219736300409
tier_100k,0_1438042988061.16_20150728002308-00201-ip-10-236-191-2_319577306_4.csv,10000,1231,False,True,1,0.001248636981472373
tier_100k,1_1438042990112.50_20150728002310-00310-ip-10-236-191-2_200224826_0.csv,10000,1011,False,True,2,0.0013682179851457477
tier_100k,1_1438042987127.36_20150728002307-00102-ip-10-236-191-2_893578330_152.csv,10000,3700,False,True,1,0.00488756102276966
tier_100k,1_1438042990112.50_20150728002310-00044-ip-10-236-191-2_261321661_61.csv,10000,1225,False,True,2,0.0018486620392650366
tier_100k,1_1438042987127.36_20150728002307-00074-ip-10-236-191-2_137128786_0.csv,10000,997,False,True,2,0.0014674020349048078
tier_100k,1_1438042987127.36_20150728002307-00082-ip-10-236-191-2_795702564_10.csv,10000,971,False,True,2,0.0014953850186429918
tier_100k,1_1438042987127.36_20150728002307-00144-ip-10-236-191-2_676020729_0.csv,15000,877,False,True,3,0.0015653890441171825
tier_100k,0_1438042988061.16_20150728002308-00282-ip-10-236-191-2_894007386_3.csv,15000,3742,False,True,1,0.004834474006202072
tier_100k,0_1438042988458.74_20150728002308-00249-ip-10-236-191-2_328699461_4.csv,15000,1815,False,True,3,0.003747608046978712
tier_100k,1_1438042987127.36_20150728002307-00114-ip-10-236-191-2_902351685_191.csv,15000,3725,False,True,1,0.004850606026593596
tier_100k,1_1438042987127.36_20150728002307-00182-ip-10-236-191-2_150862475_5.csv,15000,1147,False,True,1,0.0011089519830420613
tier_100k,1_1438042987127.36_20150728002307-00000-ip-10-236-191-2_300770320_2.csv,15000,1694,False,True,2,0.0024564749910496175
tier_100k,1_1438042987127.36_20150728002307-00080-ip-10-236-191-2_899463259_102.csv,15000,3726,False,True,1,0.004824292031116784
tier_100k,1_1438042990112.50_20150728002310-00154-ip-10-236-191-2_303864106_21.csv,15000,946,False,True,2,0.0012642089859582484
tier_100k,0_1438042988458.74_20150728002308-00095-ip-10-236-191-2_520943855_0.csv,15000,1044,False,True,2,0.0017357569886371493
tier_100k,1_1438042987127.36_20150728002307-00145-ip-10-236-191-2_499439925_0.csv,15000,1570,False,True,2,0.0022731359931640327
tier_100k,1_1438042990112.50_20150728002310-00013-ip-10-236-191-2_321346784_4.csv,15000,1560,False,True,2,0.002369586960412562
tier_100k,1_1438042987127.36_20150728002307-00033-ip-10-236-191-2_482136553_0.csv,15000,815,False,True,1,0.0008309850236400962
tier_100k,0_1438042988061.16_20150728002308-00109-ip-10-236-191-2_681611335_21.csv,15000,1314,False,True,3,0.002464509045239538
tier_100k,0_1438042988061.16_20150728002308-00244-ip-10-236-191-2_65898746_2.csv,15000,234,False,True,1,0.00024063698947429657
tier_100k,0_1438042988061.16_20150728002308-00215-ip-10-236-191-2_362876303_35.csv,15000,1300,False,True,1,0.0013261450221762061
tier_100k,1_1438042990112.50_20150728002310-00312-ip-10-236-191-2_3243890_59.csv,15000,788,False,True,1,0.0007485160022042692
tier_100k,1_1438042990112.50_20150728002310-00085-ip-10-236-191-2_403435483_3.csv,15000,888,False,True,1,0.0009015689720399678
tier_100k,0_1438042988061.16_20150728002308-00194-ip-10-236-191-2_846810834_13.csv,15000,771,False,True,2,0.0010149889858439565
tier_100k,1_1438042990112.50_20150728002310-00286-ip-10-236-191-2_318221297_4.csv,15000,1481,False,True,2,0.0022683569695800543
tier_100k,1_1438042987127.36_20150728002307-00290-ip-10-236-191-2_407999777_10.csv,15000,791,False,True,4,0.0015593930147588253
tier_100k,0_1438042988458.74_20150728002308-00166-ip-10-236-191-2_302386578_10.csv,15000,1386,False,True,2,0.0020083950366824865
tier_100k,0_1438042988458.74_20150728002308-00253-ip-10-236-191-2_222600153_3.csv,15000,934,False,True,2,0.001220392994582653
tier_100k,1_1438042990112.50_20150728002310-00237-ip-10-236-191-2_880298254_15.csv,15000,3724,False,True,1,0.004775770008563995
tier_100k,0_1438042988061.16_20150728002308-00089-ip-10-236-191-2_807127666_2.csv,15000,1485,False,True,3,0.0030216900049708784
tier_100k,0_1438042988458.74_20150728002308-00060-ip-10-236-191-2_492355315_1.csv,15000,234,False,True,1,0.00024150003446266055
tier_100k,1_1438042990112.50_20150728002310-00296-ip-10-236-191-2_202658094_3.csv,15000,1331,False,True,1,0.0012819960247725248
tier_100k,1_1438042988061.16_20150728002308-00013-ip-10-236-191-2_636339982_0.csv,15000,234,False,True,1,0.00023972103372216225
tier_100k,1_1438042987127.36_20150728002307-00294-ip-10-236-191-2_390417830_16.csv,15000,1463,False,True,1,0.0015884769964031875
tier_100k,0_1438042988458.74_20150728002308-00254-ip-10-236-191-2_909417374_257.csv,15000,3356,False,True,1,0.0042731830035336316
tier_100k,0_1438042988061.16_20150728002308-00101-ip-10-236-191-2_653250037_0.csv,15000,869,False,True,3,0.0014467809814959764
tier_100k,0_1438042988458.74_20150728002308-00046-ip-10-236-191-2_428007644_11.csv,15000,1875,False,True,1,0.00205317500513047
tier_100k,1_1438042987127.36_20150728002307-00290-ip-10-236-191-2_469307566_0.csv,15000,1317,False,True,3,0.002604560984764248
tier_100k,1_1438042990112.50_20150728002310-00062-ip-10-236-191-2_896744244_9.csv,15000,3358,False,True,1,0.004271612968295813
tier_100k,1_1438042990112.50_20150728002310-00225-ip-10-236-191-2_718036865_0.csv,15000,1279,False,True,2,0.0018371579935774207
tier_100k,0_1438042988061.16_20150728002308-00189-ip-10-236-191-2_414087396_10.csv,15000,867,False,True,1,0.0007542629609815776
tier_100k,0_1438042988061.16_20150728002308-00144-ip-10-236-191-2_279381280_30.csv,15000,1737,False,True,3,0.00344990094890818
tier_100k,1_1438042990112.50_20150728002310-00081-ip-10-236-191-2_890934925_129.csv,15000,3337,False,True,1,0.004274639009963721
tier_100k,0_1438042988061.16_20150728002308-00133-ip-10-236-191-2_59742533_2.csv,15000,1055,False,True,1,0.0011140590067952871
tier_100k,1_1438042990112.50_20150728002310-00259-ip-10-236-191-2_889779227_121.csv,15000,3721,False,True,1,0.004824113042559475
tier_100k,0_1438042988458.74_20150728002308-00262-ip-10-236-191-2_380524338_2.csv,15000,1839,False,True,2,0.002708486979827285
tier_100k,1_1438042987127.36_20150728002307-00027-ip-10-236-191-2_67802697_2.csv,15000,2431,False,True,1,0.002723968995269388
tier_100k,0_1438042988458.74_20150728002308-00175-ip-10-236-191-2_385639780_18.csv,15000,1422,False,True,1,0.0014312819694168866
tier_100k,0_1438042988458.74_20150728002308-00303-ip-10-236-191-2_56708567_9.csv,15000,1793,False,True,2,0.002635218028444797
tier_100k,0_1438042988458.74_20150728002308-00063-ip-10-236-191-2_657101208_1.csv,15000,1807,False,True,1,0.0020243459730409086
tier_100k,1_1438042990112.50_20150728002310-00190-ip-10-236-191-2_436521753_9.csv,15000,890,False,True,3,0.0015513179823756218
tier_100k,1_1438042987127.36_20150728002307-00214-ip-10-236-191-2_225430488_0.csv,15000,1339,False,True,4,0.0031966029782779515
tier_100k,0_1438042988061.16_20150728002308-00047-ip-10-236-191-2_843664602_0.csv,15000,1203,False,True,1,0.0011736950254999101
tier_100k,0_1438042988061.16_20150728002308-00181-ip-10-236-191-2_216538600_0.csv,15000,2438,False,True,2,0.003978927969001234
tier_100k,0_1438042988061.16_20150728002308-00002-ip-10-236-191-2_545269850_0.csv,15000,234,False,True,1,0.00023807602701708674
tier_100k,0_1438042988061.16_20150728002308-00330-ip-10-236-191-2_795231590_4.csv,15000,1543,False,True,2,0.0023766009835526347
tier_100k,0_1438042988061.16_20150728002308-00235-ip-10-236-191-2_713850328_17.csv,15000,1215,False,True,1,0.0011292300187051296
tier_100k,0_1438042988458.74_20150728002308-00232-ip-10-236-191-2_795586035_3.csv,15000,890,False,True,1,0.0008150070207193494
tier_100k,0_1438042988458.74_20150728002308-00250-ip-10-236-191-2_501951825_0.csv,15000,234,False,True,1,0.0002364329993724823
tier_100k,1_1438042987127.36_20150728002307-00037-ip-10-236-191-2_318965632_0.csv,15000,1010,False,True,1,0.0009841250139288604
tier_100k,0_1438042988061.16_20150728002308-00041-ip-10-236-191-2_37534908_6.csv,15000,1233,False,True,2,0.0016449490212835371
tier_100k,1_1438042987127.36_20150728002307-00269-ip-10-236-191-2_847834464_0.csv,15000,1468,False,True,1,0.0014235039707273245
tier_100k,0_1438042988061.16_20150728002308-00199-ip-10-236-191-2_891430247_172.csv,15000,3355,False,True,1,0.004251973994541913
tier_100k,1_1438042987127.36_20150728002307-00153-ip-10-236-191-2_490931395_0.csv,15000,234,False,True,1,0.0002442629775032401
tier_100k,0_1438042988458.74_20150728002308-00081-ip-10-236-191-2_476604823_0.csv,15000,1305,False,True,2,0.001944417948834598
tier_100k,0_1438042988458.74_20150728002308-00210-ip-10-236-191-2_79682215_3.csv,15000,1392,False,True,1,0.001491137023549527
tier_100k,1_1438042987127.36_20150728002307-00008-ip-10-236-191-2_633806649_3.csv,15000,1036,False,True,2,0.0016280050040222704
tier_100k,0_1438042988061.16_20150728002308-00201-ip-10-236-191-2_319577306_4.csv,15000,1528,False,True,1,0.001554887043312192
tier_100k,1_1438042990112.50_20150728002310-00310-ip-10-236-191-2_200224826_0.csv,15000,1476,False,True,2,0.0018722789827734232
tier_100k,1_1438042987127.36_20150728002307-00102-ip-10-236-191-2_893578330_152.csv,15000,3722,False,True,1,0.004360773018561304
tier_100k,1_1438042990112.50_20150728002310-00044-ip-10-236-191-2_261321661_61.csv,15000,1755,False,True,2,0.0024149040109477937
tier_100k,1_1438042987127.36_20150728002307-00074-ip-10-236-191-2_137128786_0.csv,15000,1402,False,True,3,0.0024121360038407147
tier_100k,1_1438042987127.36_20150728002307-00082-ip-10-236-191-2_795702564_10.csv,15000,1292,False,True,2,0.0017443580436520278
tier_100k,1_1438042987127.36_20150728002307-00144-ip-10-236-191-2_676020729_0.csv,20000,1068,False,True,2,0.001296619011554867
tier_100k,0_1438042988061.16_20150728002308-00282-ip-10-236-191-2_894007386_3.csv,20000,3756,False,True,1,0.004321477958001196
tier_100k,0_1438042988458.74_20150728002308-00249-ip-10-236-191-2_328699461_4.csv,20000,2134,False,True,2,0.00325693900231272
tier_100k,1_1438042987127.36_20150728002307-00114-ip-10-236-191-2_902351685_191.csv,20000,3732,False,True,1,0.0043931869440712035
tier_100k,1_1438042987127.36_20150728002307-00182-ip-10-236-191-2_150862475_5.csv,20000,1471,False,True,1,0.0013487529940903187
tier_100k,1_1438042987127.36_20150728002307-00000-ip-10-236-191-2_300770320_2.csv,20000,2148,False,True,4,0.004612316959537566
tier_100k,1_1438042987127.36_20150728002307-00080-ip-10-236-191-2_899463259_102.csv,20000,3738,False,True,1,0.004250504949595779
tier_100k,1_1438042990112.50_20150728002310-00154-ip-10-236-191-2_303864106_21.csv,20000,1269,False,True,2,0.001574805995915085
tier_100k,0_1438042988458.74_20150728002308-00095-ip-10-236-191-2_520943855_0.csv,20000,1331,False,True,3,0.002120589022524655
tier_100k,1_1438042987127.36_20150728002307-00145-ip-10-236-191-2_499439925_0.csv,20000,1708,False,True,3,0.0029752259724773467
tier_100k,1_1438042990112.50_20150728002310-00013-ip-10-236-191-2_321346784_4.csv,20000,2166,False,True,2,0.0030890790512785316
tier_100k,1_1438042987127.36_20150728002307-00033-ip-10-236-191-2_482136553_0.csv,20000,1029,False,True,2,0.001401800021994859
tier_100k,0_1438042988061.16_20150728002308-00109-ip-10-236-191-2_681611335_21.csv,20000,1717,False,True,3,0.0029683979810215533
tier_100k,0_1438042988061.16_20150728002308-00244-ip-10-236-191-2_65898746_2.csv,20000,312,False,True,1,0.00027890701312571764
tier_100k,0_1438042988061.16_20150728002308-00215-ip-10-236-191-2_362876303_35.csv,20000,1605,False,True,2,0.002207236015237868
tier_100k,1_1438042990112.50_20150728002310-00312-ip-10-236-191-2_3243890_59.csv,20000,1023,False,True,1,0.0008805450052022934
tier_100k,1_1438042990112.50_20150728002310-00085-ip-10-236-191-2_403435483_3.csv,20000,1084,False,True,1,0.0009935619891621172
tier_100k,0_1438042988061.16_20150728002308-00194-ip-10-236-191-2_846810834_13.csv,20000,1063,False,True,2,0.0012976760044693947
tier_100k,1_1438042990112.50_20150728002310-00286-ip-10-236-191-2_318221297_4.csv,20000,2164,False,True,2,0.003108792006969452
tier_100k,1_1438042987127.36_20150728002307-00290-ip-10-236-191-2_407999777_10.csv,20000,1012,False,True,2,0.0011419199872761965
tier_100k,0_1438042988458.74_20150728002308-00166-ip-10-236-191-2_302386578_10.csv,20000,2036,False,True,3,0.003756352001801133
tier_100k,0_1438042988458.74_20150728002308-00253-ip-10-236-191-2_222600153_3.csv,20000,1203,False,True,2,0.0014385940157808363
tier_100k,1_1438042990112.50_20150728002310-00237-ip-10-236-191-2_880298254_15.csv,20000,3733,False,True,1,0.004361454979516566
tier_100k,0_1438042988061.16_20150728002308-00089-ip-10-236-191-2_807127666_2.csv,20000,1790,False,True,3,0.0032235500402748585
tier_100k,0_1438042988458.74_20150728002308-00060-ip-10-236-191-2_492355315_1.csv,20000,312,False,True,1,0.00028721103444695473
tier_100k,1_1438042990112.50_20150728002310-00296-ip-10-236-191-2_202658094_3.csv,20000,1659,False,True,2,0.0021202450152486563
tier_100k,1_1438042988061.16_20150728002308-00013-ip-10-236-191-2_636339982_0.csv,20000,312,False,True,1,0.0002795369946397841
tier_100k,1_1438042987127.36_20150728002307-00294-ip-10-236-191-2_390417830_16.csv,20000,1863,False,True,1,0.0018367700395174325
tier_100k,0_1438042988458.74_20150728002308-00254-ip-10-236-191-2_909417374_257.csv,20000,3361,False,True,1,0.0041407879907637835
tier_100k,0_1438042988061.16_20150728002308-00101-ip-10-236-191-2_653250037_0.csv,20000,1200,False,True,4,0.0025637709768489003
tier_100k,0_1438042988458.74_20150728002308-00046-ip-10-236-191-2_428007644_11.csv,20000,2161,False,True,2,0.003417756990529597
tier_100k,1_1438042987127.36_20150728002307-00290-ip-10-236-191-2_469307566_0.csv,20000,1684,False,True,2,0.0022752449731342494
tier_100k,1_1438042990112.50_20150728002310-00062-ip-10-236-191-2_896744244_9.csv,20000,3364,False,True,1,0.0038824049988761544
tier_100k,1_1438042990112.50_20150728002310-00225-ip-10-236-191-2_718036865_0.csv,20000,1570,False,True,2,0.0020330370170995593
tier_100k,0_1438042988061.16_20150728002308-00189-ip-10-236-191-2_414087396_10.csv,20000,1143,False,True,1,0.0010191439650952816
tier_100k,0_1438042988061.16_20150728002308-00144-ip-10-236-191-2_279381280_30.csv,20000,2182,False,True,3,0.004466486047022045
tier_100k,1_1438042990112.50_20150728002310-00081-ip-10-236-191-2_890934925_129.csv,20000,3351,False,True,1,0.004484976001549512
tier_100k,0_1438042988061.16_20150728002308-00133-ip-10-236-191-2_59742533_2.csv,20000,1399,False,True,1,0.0015005079912953079
tier_100k,1_1438042990112.50_20150728002310-00259-ip-10-236-191-2_889779227_121.csv,20000,3729,False,True,1,0.004610891977790743
tier_100k,0_1438042988458.74_20150728002308-00262-ip-10-236-191-2_380524338_2.csv,20000,2309,False,True,2,0.0031961600179784
tier_100k,1_1438042987127.36_20150728002307-00027-ip-10-236-191-2_67802697_2.csv,20000,2821,False,True,2,0.0050721949664875865
tier_100k,0_1438042988458.74_20150728002308-00175-ip-10-236-191-2_385639780_18.csv,20000,1794,False,True,1,0.0016609280137345195
tier_100k,0_1438042988458.74_20150728002308-00303-ip-10-236-191-2_56708567_9.csv,20000,2258,False,True,2,0.003114983031991869
tier_100k,0_1438042988458.74_20150728002308-00063-ip-10-236-191-2_657101208_1.csv,20000,2244,False,True,1,0.0024341679527424276
tier_100k,1_1438042990112.50_20150728002310-00190-ip-10-236-191-2_436521753_9.csv,20000,1134,False,True,3,0.0019906480447389185
tier_100k,1_1438042987127.36_20150728002307-00214-ip-10-236-191-2_225430488_0.csv,20000,1935,False,True,3,0.003925978031475097
tier_100k,0_1438042988061.16_20150728002308-00047-ip-10-236-191-2_843664602_0.csv,20000,1473,False,True,2,0.002198676986154169
tier_100k,0_1438042988061.16_20150728002308-00181-ip-10-236-191-2_216538600_0.csv,20000,2805,False,True,2,0.004448065010365099
tier_100k,0_1438042988061.16_20150728002308-00002-ip-10-236-191-2_545269850_0.csv,20000,312,False,True,1,0.0002897059894166887
tier_100k,0_1438042988061.16_20150728002308-00330-ip-10-236-191-2_795231590_4.csv,20000,1737,False,True,1,0.0017395439790561795
tier_100k,0_1438042988061.16_20150728002308-00235-ip-10-236-191-2_713850328_17.csv,20000,1614,False,True,1,0.0016522950027137995
tier_100k,0_1438042988458.74_20150728002308-00232-ip-10-236-191-2_795586035_3.csv,20000,1153,False,True,1,0.0009834009688347578
tier_100k,0_1438042988458.74_20150728002308-00250-ip-10-236-191-2_501951825_0.csv,20000,312,False,True,1,0.00028602394741028547
tier_100k,1_1438042987127.36_20150728002307-00037-ip-10-236-191-2_318965632_0.csv,20000,1309,False,True,1,0.0012955109705217183
tier_100k,0_1438042988061.16_20150728002308-00041-ip-10-236-191-2_37534908_6.csv,20000,1510,False,True,2,0.002080189995467663
tier_100k,1_1438042987127.36_20150728002307-00269-ip-10-236-191-2_847834464_0.csv,20000,1943,False,True,2,0.0028467850061133504
tier_100k,0_1438042988061.16_20150728002308-00199-ip-10-236-191-2_891430247_172.csv,20000,3359,False,True,1,0.004277080006431788
tier_100k,1_1438042987127.36_20150728002307-00153-ip-10-236-191-2_490931395_0.csv,20000,312,False,True,1,0.00031030899845063686
tier_100k,0_1438042988458.74_20150728002308-00081-ip-10-236-191-2_476604823_0.csv,20000,1715,False,True,3,0.00340855197282508
tier_100k,0_1438042988458.74_20150728002308-00210-ip-10-236-191-2_79682215_3.csv,20000,1817,False,True,1,0.0019881969783455133
tier_100k,1_1438042987127.36_20150728002307-00008-ip-10-236-191-2_633806649_3.csv,20000,1305,False,True,2,0.001617175992578268
tier_100k,0_1438042988061.16_20150728002308-00201-ip-10-236-191-2_319577306_4.csv,20000,1805,False,True,1,0.0016529220156371593
tier_100k,1_1438042990112.50_20150728002310-00310-ip-10-236-191-2_200224826_0.csv,20000,1945,False,True,1,0.0016601129900664091
tier_100k,1_1438042987127.36_20150728002307-00102-ip-10-236-191-2_893578330_152.csv,20000,3729,False,True,1,0.004312309960369021
tier_100k,1_1438042990112.50_20150728002310-00044-ip-10-236-191-2_261321661_61.csv,20000,2207,False,True,2,0.0031184980180114508
tier_100k,1_1438042987127.36_20150728002307-00074-ip-10-236-191-2_137128786_0.csv,20000,1806,False,True,2,0.002669629000592977
tier_100k,1_1438042987127.36_20150728002307-00082-ip-10-236-191-2_795702564_10.csv,20000,1539,False,True,2,0.0021270019933581352
tier_100k,1_1438042987127.36_20150728002307-00144-ip-10-236-191-2_676020729_0.csv,25000,1307,False,True,2,0.0018355349893681705
tier_100k,0_1438042988061.16_20150728002308-00282-ip-10-236-191-2_894007386_3.csv,25000,3768,False,True,1,0.0049605960375629365
tier_100k,0_1438042988458.74_20150728002308-00249-ip-10-236-191-2_328699461_4.csv,25000,2513,False,True,2,0.00405334000242874
tier_100k,1_1438042987127.36_20150728002307-00114-ip-10-236-191-2_902351685_191.csv,25000,3735,False,True,1,0.004834575986023992
tier_100k,1_1438042987127.36_20150728002307-00182-ip-10-236-191-2_150862475_5.csv,25000,1728,False,True,1,0.0015865180175751448
tier_100k,1_1438042987127.36_20150728002307-00000-ip-10-236-191-2_300770320_2.csv,25000,2607,False,True,4,0.006243560987059027
tier_100k,1_1438042987127.36_20150728002307-00080-ip-10-236-191-2_899463259_102.csv,25000,3748,False,True,1,0.0045080200070515275
tier_100k,1_1438042990112.50_20150728002310-00154-ip-10-236-191-2_303864106_21.csv,25000,1760,False,True,2,0.002334894030354917
tier_100k,0_1438042988458.74_20150728002308-00095-ip-10-236-191-2_520943855_0.csv,25000,1597,False,True,2,0.0022181280073709786
tier_100k,1_1438042987127.36_20150728002307-00145-ip-10-236-191-2_499439925_0.csv,25000,2047,False,True,3,0.0036590120289474726
tier_100k,1_1438042990112.50_20150728002310-00013-ip-10-236-191-2_321346784_4.csv,25000,2470,False,True,2,0.0036153949913568795
tier_100k,1_1438042987127.36_20150728002307-00033-ip-10-236-191-2_482136553_0.csv,25000,1293,False,True,1,0.0012407730100676417
tier_100k,0_1438042988061.16_20150728002308-00109-ip-10-236-191-2_681611335_21.csv,25000,2135,False,True,3,0.0038923140382394195
tier_100k,0_1438042988061.16_20150728002308-00244-ip-10-236-191-2_65898746_2.csv,25000,195,False,True,1,0.00020608899649232626
tier_100k,0_1438042988061.16_20150728002308-00215-ip-10-236-191-2_362876303_35.csv,25000,1825,False,True,2,0.002602830994874239
tier_100k,1_1438042990112.50_20150728002310-00312-ip-10-236-191-2_3243890_59.csv,25000,1290,False,True,1,0.001629715960007161
tier_100k,1_1438042990112.50_20150728002310-00085-ip-10-236-191-2_403435483_3.csv,25000,1302,False,True,1,0.0016399789601564407
tier_100k,0_1438042988061.16_20150728002308-00194-ip-10-236-191-2_846810834_13.csv,25000,1385,False,True,3,0.0031622839742340147
tier_100k,1_1438042990112.50_20150728002310-00286-ip-10-236-191-2_318221297_4.csv,25000,2463,False,True,2,0.004866457020398229
tier_100k,1_1438042987127.36_20150728002307-00290-ip-10-236-191-2_407999777_10.csv,25000,1234,False,True,3,0.0025846450007520616
tier_100k,0_1438042988458.74_20150728002308-00166-ip-10-236-191-2_302386578_10.csv,25000,2513,False,True,3,0.006423288024961948
tier_100k,0_1438042988458.74_20150728002308-00253-ip-10-236-191-2_222600153_3.csv,25000,1466,False,True,3,0.0032062469981610775
tier_100k,1_1438042990112.50_20150728002310-00237-ip-10-236-191-2_880298254_15.csv,25000,3736,False,True,1,0.0060561359860002995
tier_100k,0_1438042988061.16_20150728002308-00089-ip-10-236-191-2_807127666_2.csv,25000,2085,False,True,3,0.005312071007210761
tier_100k,0_1438042988458.74_20150728002308-00060-ip-10-236-191-2_492355315_1.csv,25000,195,False,True,1,0.00023693800903856754
tier_100k,1_1438042990112.50_20150728002310-00296-ip-10-236-191-2_202658094_3.csv,25000,2006,False,True,2,0.0036344260443001986
tier_100k,1_1438042988061.16_20150728002308-00013-ip-10-236-191-2_636339982_0.csv,25000,195,False,True,1,0.0002821130328811705
tier_100k,1_1438042987127.36_20150728002307-00294-ip-10-236-191-2_390417830_16.csv,25000,2290,False,True,1,0.0031249679741449654
tier_100k,0_1438042988458.74_20150728002308-00254-ip-10-236-191-2_909417374_257.csv,25000,3362,False,True,1,0.005243992025498301
tier_100k,0_1438042988061.16_20150728002308-00101-ip-10-236-191-2_653250037_0.csv,25000,1577,False,True,3,0.0034887910005636513
tier_100k,0_1438042988458.74_20150728002308-00046-ip-10-236-191-2_428007644_11.csv,25000,2502,False,True,3,0.006575570034328848
tier_100k,1_1438042987127.36_20150728002307-00290-ip-10-236-191-2_469307566_0.csv,25000,1978,False,True,2,0.0036956899566575885
tier_100k,1_1438042990112.50_20150728002310-00062-ip-10-236-191-2_896744244_9.csv,25000,3367,False,True,1,0.005279966979287565
tier_100k,1_1438042990112.50_20150728002310-00225-ip-10-236-191-2_718036865_0.csv,25000,1845,False,True,2,0.0033552179811522365
tier_100k,0_1438042988061.16_20150728002308-00189-ip-10-236-191-2_414087396_10.csv,25000,1384,False,True,1,0.0015479630092158914
tier_100k,0_1438042988061.16_20150728002308-00144-ip-10-236-191-2_279381280_30.csv,25000,2683,False,True,3,0.006937856029253453
tier_100k,1_1438042990112.50_20150728002310-00081-ip-10-236-191-2_890934925_129.csv,25000,3358,False,True,1,0.005219533981289715
tier_100k,0_1438042988061.16_20150728002308-00133-ip-10-236-191-2_59742533_2.csv,25000,1579,False,True,1,0.002094283001497388
tier_100k,1_1438042990112.50_20150728002310-00259-ip-10-236-191-2_889779227_121.csv,25000,3734,False,True,1,0.006069946975912899
tier_100k,0_1438042988458.74_20150728002308-00262-ip-10-236-191-2_380524338_2.csv,25000,2785,False,True,1,0.0038536699721589684
tier_100k,1_1438042987127.36_20150728002307-00027-ip-10-236-191-2_67802697_2.csv,25000,3387,False,True,2,0.008228020975366235
tier_100k,0_1438042988458.74_20150728002308-00175-ip-10-236-191-2_385639780_18.csv,25000,2169,False,True,1,0.002867810020688921
tier_100k,0_1438042988458.74_20150728002308-00303-ip-10-236-191-2_56708567_9.csv,25000,2738,False,True,1,0.0037289989995770156
tier_100k,0_1438042988458.74_20150728002308-00063-ip-10-236-191-2_657101208_1.csv,25000,2838,False,True,1,0.0044962450047023594
tier_100k,1_1438042990112.50_20150728002310-00190-ip-10-236-191-2_436521753_9.csv,25000,1402,False,True,3,0.003088229044806212
tier_100k,1_1438042987127.36_20150728002307-00214-ip-10-236-191-2_225430488_0.csv,25000,2338,False,True,3,0.005924252036493272
tier_100k,0_1438042988061.16_20150728002308-00047-ip-10-236-191-2_843664602_0.csv,25000,1790,False,True,2,0.003290391992777586
tier_100k,0_1438042988061.16_20150728002308-00181-ip-10-236-191-2_216538600_0.csv,25000,3060,False,True,3,0.008696592994965613
tier_100k,0_1438042988061.16_20150728002308-00002-ip-10-236-191-2_545269850_0.csv,25000,195,False,True,1,0.0002619499573484063
tier_100k,0_1438042988061.16_20150728002308-00330-ip-10-236-191-2_795231590_4.csv,25000,2307,False,True,1,0.0029519429663196206
tier_100k,0_1438042988061.16_20150728002308-00235-ip-10-236-191-2_713850328_17.csv,25000,1994,False,True,1,0.002358005032874644
tier_100k,0_1438042988458.74_20150728002308-00232-ip-10-236-191-2_795586035_3.csv,25000,1474,False,True,1,0.0017086309962905943
tier_100k,0_1438042988458.74_20150728002308-00250-ip-10-236-191-2_501951825_0.csv,25000,195,False,True,1,0.0002720230259001255
tier_100k,1_1438042987127.36_20150728002307-00037-ip-10-236-191-2_318965632_0.csv,25000,1592,False,True,2,0.002841938054189086
tier_100k,0_1438042988061.16_20150728002308-00041-ip-10-236-191-2_37534908_6.csv,25000,1783,False,True,3,0.004064038977958262
tier_100k,1_1438042987127.36_20150728002307-00269-ip-10-236-191-2_847834464_0.csv,25000,2392,False,True,2,0.0044034410384483635
tier_100k,0_1438042988061.16_20150728002308-00199-ip-10-236-191-2_891430247_172.csv,25000,3359,False,True,1,0.005231099959928542
tier_100k,1_1438042987127.36_20150728002307-00153-ip-10-236-191-2_490931395_0.csv,25000,195,False,True,1,0.00027043098816648126
tier_100k,0_1438042988458.74_20150728002308-00081-ip-10-236-191-2_476604823_0.csv,25000,2040,False,True,2,0.003816611017100513
tier_100k,0_1438042988458.74_20150728002308-00210-ip-10-236-191-2_79682215_3.csv,25000,2209,False,True,1,0.003033451037481427
tier_100k,1_1438042987127.36_20150728002307-00008-ip-10-236-191-2_633806649_3.csv,25000,1900,False,True,2,0.0034890819806605577
tier_100k,0_1438042988061.16_20150728002308-00201-ip-10-236-191-2_319577306_4.csv,25000,2170,False,True,1,0.002945780986919999
tier_100k,1_1438042990112.50_20150728002310-00310-ip-10-236-191-2_200224826_0.csv,25000,2420,False,True,1,0.003027611004654318
tier_100k,1_1438042987127.36_20150728002307-00102-ip-10-236-191-2_893578330_152.csv,25000,3736,False,True,1,0.006501232972368598
tier_100k,1_1438042990112.50_20150728002310-00044-ip-10-236-191-2_261321661_61.csv,25000,2637,False,True,2,0.005253486975561827
tier_100k,1_1438042987127.36_20150728002307-00074-ip-10-236-191-2_137128786_0.csv,25000,2324,False,True,2,0.004454409005120397
tier_100k,1_1438042987127.36_20150728002307-00082-ip-10-236-191-2_795702564_10.csv,25000,1773,False,True,2,0.0027680419734679163
tier_100k,1_1438042987127.36_20150728002307-00144-ip-10-236-191-2_676020729_0.csv,30000,1512,False,True,3,0.0026047350256703794
tier_100k,0_1438042988061.16_20150728002308-00282-ip-10-236-191-2_894007386_3.csv,30000,3770,False,True,1,0.005067701975349337
tier_100k,0_1438042988458.74_20150728002308-00249-ip-10-236-191-2_328699461_4.csv,30000,3066,False,True,2,0.004907534981612116
tier_100k,1_1438042987127.36_20150728002307-00114-ip-10-236-191-2_902351685_191.csv,30000,3736,False,True,1,0.005396370019298047
tier_100k,1_1438042987127.36_20150728002307-00182-ip-10-236-191-2_150862475_5.csv,30000,1962,False,True,1,0.0018475980032235384
tier_100k,1_1438042987127.36_20150728002307-00000-ip-10-236-191-2_300770320_2.csv,30000,3039,False,True,3,0.006193060951773077
tier_100k,1_1438042987127.36_20150728002307-00080-ip-10-236-191-2_899463259_102.csv,30000,3752,False,True,1,0.004858442989643663
tier_100k,1_1438042990112.50_20150728002310-00154-ip-10-236-191-2_303864106_21.csv,30000,1932,False,True,3,0.0033573199762031436
tier_100k,0_1438042988458.74_20150728002308-00095-ip-10-236-191-2_520943855_0.csv,30000,1945,False,True,3,0.0037697699735872447
tier_100k,1_1438042987127.36_20150728002307-00145-ip-10-236-191-2_499439925_0.csv,30000,2646,False,True,3,0.005695272993762046
tier_100k,1_1438042990112.50_20150728002310-00013-ip-10-236-191-2_321346784_4.csv,30000,2836,False,True,2,0.005117894033901393
tier_100k,1_1438042987127.36_20150728002307-00033-ip-10-236-191-2_482136553_0.csv,30000,1616,False,True,1,0.0016601230017840862
tier_100k,0_1438042988061.16_20150728002308-00109-ip-10-236-191-2_681611335_21.csv,30000,2498,False,True,3,0.004736340022645891
tier_100k,0_1438042988061.16_20150728002308-00244-ip-10-236-191-2_65898746_2.csv,30000,234,False,True,1,0.00026735395658761263
tier_100k,0_1438042988061.16_20150728002308-00215-ip-10-236-191-2_362876303_35.csv,30000,2025,False,True,3,0.004003976006060839
tier_100k,1_1438042990112.50_20150728002310-00312-ip-10-236-191-2_3243890_59.csv,30000,1516,False,True,1,0.0015150210238061845
tier_100k,1_1438042990112.50_20150728002310-00085-ip-10-236-191-2_403435483_3.csv,30000,1563,False,True,1,0.0016783650498837233
tier_100k,0_1438042988061.16_20150728002308-00194-ip-10-236-191-2_846810834_13.csv,30000,2047,False,True,3,0.004189650993794203
tier_100k,1_1438042990112.50_20150728002310-00286-ip-10-236-191-2_318221297_4.csv,30000,2835,False,True,1,0.0038820240297354758
tier_100k,1_1438042987127.36_20150728002307-00290-ip-10-236-191-2_407999777_10.csv,30000,1454,False,True,3,0.002631784009281546
tier_100k,0_1438042988458.74_20150728002308-00166-ip-10-236-191-2_302386578_10.csv,30000,2848,False,True,3,0.005887394014280289
tier_100k,0_1438042988458.74_20150728002308-00253-ip-10-236-191-2_222600153_3.csv,30000,1691,False,True,3,0.003078593988902867
tier_100k,1_1438042990112.50_20150728002310-00237-ip-10-236-191-2_880298254_15.csv,30000,3741,False,True,1,0.005002330988645554
tier_100k,0_1438042988061.16_20150728002308-00089-ip-10-236-191-2_807127666_2.csv,30000,2328,False,True,3,0.004925853980239481
tier_100k,0_1438042988458.74_20150728002308-00060-ip-10-236-191-2_492355315_1.csv,30000,234,False,True,1,0.0002520980197004974
tier_100k,1_1438042990112.50_20150728002310-00296-ip-10-236-191-2_202658094_3.csv,30000,2314,False,True,2,0.0035358869936317205
tier_100k,1_1438042988061.16_20150728002308-00013-ip-10-236-191-2_636339982_0.csv,30000,234,False,True,1,0.0002318610204383731
tier_100k,1_1438042987127.36_20150728002307-00294-ip-10-236-191-2_390417830_16.csv,30000,2683,False,True,1,0.0028399719740264118
tier_100k,0_1438042988458.74_20150728002308-00254-ip-10-236-191-2_909417374_257.csv,30000,3363,False,True,1,0.004446548002306372
tier_100k,0_1438042988061.16_20150728002308-00101-ip-10-236-191-2_653250037_0.csv,30000,1855,False,True,3,0.003140989050734788
tier_100k,0_1438042988458.74_20150728002308-00046-ip-10-236-191-2_428007644_11.csv,30000,2722,False,True,2,0.0042437720112502575
tier_100k,1_1438042987127.36_20150728002307-00290-ip-10-236-191-2_469307566_0.csv,30000,2577,False,True,2,0.00403931102482602
tier_100k,1_1438042990112.50_20150728002310-00062-ip-10-236-191-2_896744244_9.csv,30000,3368,False,True,1,0.004332803015131503
tier_100k,1_1438042990112.50_20150728002310-00225-ip-10-236-191-2_718036865_0.csv,30000,2081,False,True,2,0.0028121889918111265
tier_100k,0_1438042988061.16_20150728002308-00189-ip-10-236-191-2_414087396_10.csv,30000,1594,False,True,1,0.0014719530008733273
tier_100k,0_1438042988061.16_20150728002308-00144-ip-10-236-191-2_279381280_30.csv,30000,3154,False,True,4,0.008738298958633095
tier_100k,1_1438042990112.50_20150728002310-00081-ip-10-236-191-2_890934925_129.csv,30000,3361,False,True,1,0.004288490046747029
tier_100k,0_1438042988061.16_20150728002308-00133-ip-10-236-191-2_59742533_2.csv,30000,1761,False,True,1,0.0019704800215549767
tier_100k,1_1438042990112.50_20150728002310-00259-ip-10-236-191-2_889779227_121.csv,30000,3734,False,True,1,0.004541826026979834
tier_100k,0_1438042988458.74_20150728002308-00262-ip-10-236-191-2_380524338_2.csv,30000,3170,False,True,1,0.0032146599842235446
tier_100k,1_1438042987127.36_20150728002307-00027-ip-10-236-191-2_67802697_2.csv,30000,3613,False,True,2,0.006136533978860825
tier_100k,0_1438042988458.74_20150728002308-00175-ip-10-236-191-2_385639780_18.csv,30000,2510,False,True,1,0.002544532995671034
tier_100k,0_1438042988458.74_20150728002308-00303-ip-10-236-191-2_56708567_9.csv,30000,3216,False,True,1,0.0034137869952246547
tier_100k,0_1438042988458.74_20150728002308-00063-ip-10-236-191-2_657101208_1.csv,30000,3107,False,True,1,0.0034454900305718184
tier_100k,1_1438042990112.50_20150728002310-00190-ip-10-236-191-2_436521753_9.csv,30000,1623,False,True,3,0.002984427963383496
tier_100k,1_1438042987127.36_20150728002307-00214-ip-10-236-191-2_225430488_0.csv,30000,2770,False,True,2,0.004721164994407445
tier_100k,0_1438042988061.16_20150728002308-00047-ip-10-236-191-2_843664602_0.csv,30000,2096,False,True,1,0.002174045017454773
tier_100k,0_1438042988061.16_20150728002308-00181-ip-10-236-191-2_216538600_0.csv,30000,3261,False,True,1,0.0038176620146259665
tier_100k,0_1438042988061.16_20150728002308-00002-ip-10-236-191-2_545269850_0.csv,30000,234,False,True,1,0.00023200298892334104
tier_100k,0_1438042988061.16_20150728002308-00330-ip-10-236-191-2_795231590_4.csv,30000,2750,False,True,1,0.00314021302619949
tier_100k,0_1438042988061.16_20150728002308-00235-ip-10-236-191-2_713850328_17.csv,30000,2306,False,True,1,0.002417716954369098
tier_100k,0_1438042988458.74_20150728002308-00232-ip-10-236-191-2_795586035_3.csv,30000,1760,False,True,1,0.0015530019882135093
tier_100k,0_1438042988458.74_20150728002308-00250-ip-10-236-191-2_501951825_0.csv,30000,234,False,True,1,0.0002265889779664576
tier_100k,1_1438042987127.36_20150728002307-00037-ip-10-236-191-2_318965632_0.csv,30000,1853,False,True,2,0.0027292039594613016
tier_100k,0_1438042988061.16_20150728002308-00041-ip-10-236-191-2_37534908_6.csv,30000,2328,False,True,2,0.0034455909626558423
tier_100k,1_1438042987127.36_20150728002307-00269-ip-10-236-191-2_847834464_0.csv,30000,2811,False,True,2,0.00464078999357298
tier_100k,0_1438042988061.16_20150728002308-00199-ip-10-236-191-2_891430247_172.csv,30000,3362,False,True,1,0.004403788014315069
tier_100k,1_1438042987127.36_20150728002307-00153-ip-10-236-191-2_490931395_0.csv,30000,234,False,True,1,0.00024203304201364517
tier_100k,0_1438042988458.74_20150728002308-00081-ip-10-236-191-2_476604823_0.csv,30000,2531,False,True,2,0.004087503999471664
tier_100k,0_1438042988458.74_20150728002308-00210-ip-10-236-191-2_79682215_3.csv,30000,2577,False,True,1,0.0030925580067560077
tier_100k,1_1438042987127.36_20150728002307-00008-ip-10-236-191-2_633806649_3.csv,30000,2091,False,True,2,0.0031885229982435703
tier_100k,0_1438042988061.16_20150728002308-00201-ip-10-236-191-2_319577306_4.csv,30000,2404,False,True,1,0.0026743930066004395
tier_100k,1_1438042990112.50_20150728002310-00310-ip-10-236-191-2_200224826_0.csv,30000,2795,False,True,1,0.003240059013478458
tier_100k,1_1438042987127.36_20150728002307-00102-ip-10-236-191-2_893578330_152.csv,30000,3739,False,True,1,0.0062178640509955585
tier_100k,1_1438042990112.50_20150728002310-00044-ip-10-236-191-2_261321661_61.csv,30000,2818,False,True,2,0.005978017987217754
tier_100k,1_1438042987127.36_20150728002307-00074-ip-10-236-191-2_137128786_0.csv,30000,2891,False,True,2,0.006087990012019873
tier_100k,1_1438042987127.36_20150728002307-00082-ip-10-236-191-2_795702564_10.csv,30000,1988,False,True,2,0.0038778449525125325
tier_1m,1_1438042987127.36_20150728002307-00144-ip-10-236-191-2_676020729_0.csv,5000,481,False,True,1,0.000510183977894485
tier_1m,0_1438042988061.16_20150728002308-00282-ip-10-236-191-2_894007386_3.csv,5000,2625,False,True,1,0.0029673330136574805
tier_1m,0_1438042988458.74_20150728002308-00249-ip-10-236-191-2_328699461_4.csv,5000,1692,False,True,1,0.0017355820164084435
tier_1m,1_1438042987127.36_20150728002307-00114-ip-10-236-191-2_902351685_191.csv,5000,3139,False,True,1,0.0038981229881756008
tier_1m,1_1438042987127.36_20150728002307-00182-ip-10-236-191-2_150862475_5.csv,5000,260,False,True,1,0.00030073197558522224
tier_1m,1_1438042987127.36_20150728002307-00000-ip-10-236-191-2_300770320_2.csv,5000,623,False,True,2,0.0007958130445331335
tier_1m,1_1438042987127.36_20150728002307-00080-ip-10-236-191-2_899463259_102.csv,5000,3011,False,True,1,0.0036066219909116626
tier_1m,1_1438042990112.50_20150728002310-00154-ip-10-236-191-2_303864106_21.csv,5000,323,False,True,1,0.0003652090090326965
tier_1m,0_1438042988458.74_20150728002308-00095-ip-10-236-191-2_520943855_0.csv,5000,309,False,True,2,0.00037164497189223766
tier_1m,1_1438042987127.36_20150728002307-00145-ip-10-236-191-2_499439925_0.csv,5000,946,False,True,3,0.001534263021312654
tier_1m,1_1438042990112.50_20150728002310-00013-ip-10-236-191-2_321346784_4.csv,5000,1542,False,True,1,0.002152878965716809
tier_1m,1_1438042987127.36_20150728002307-00033-ip-10-236-191-2_482136553_0.csv,5000,378,False,True,1,0.0003601729986257851
tier_1m,0_1438042988061.16_20150728002308-00109-ip-10-236-191-2_681611335_21.csv,5000,388,False,True,3,0.000677801959682256
tier_1m,0_1438042988061.16_20150728002308-00244-ip-10-236-191-2_65898746_2.csv,5000,2500,False,True,1,0.0030213440186344087
tier_1m,0_1438042988061.16_20150728002308-00215-ip-10-236-191-2_362876303_35.csv,5000,638,False,True,2,0.0009136220323853195
tier_1m,1_1438042990112.50_20150728002310-00312-ip-10-236-191-2_3243890_59.csv,5000,296,False,True,3,0.0004551960155367851
tier_1m,1_1438042990112.50_20150728002310-00085-ip-10-236-191-2_403435483_3.csv,5000,769,False,True,1,0.000734228000510484
tier_1m,0_1438042988061.16_20150728002308-00194-ip-10-236-191-2_846810834_13.csv,5000,165,False,True,2,0.00021889898926019669
tier_1m,1_1438042990112.50_20150728002310-00286-ip-10-236-191-2_318221297_4.csv,5000,1688,False,True,1,0.001702109002508223
tier_1m,1_1438042987127.36_20150728002307-00290-ip-10-236-191-2_407999777_10.csv,5000,533,False,True,3,0.0007924759993329644
tier_1m,0_1438042988458.74_20150728002308-00166-ip-10-236-191-2_302386578_10.csv,5000,627,False,True,3,0.0010047259856946766
tier_1m,0_1438042988458.74_20150728002308-00253-ip-10-236-191-2_222600153_3.csv,5000,318,False,True,2,0.00039617600850760937
tier_1m,1_1438042990112.50_20150728002310-00237-ip-10-236-191-2_880298254_15.csv,5000,2826,False,True,1,0.003967243013903499
tier_1m,0_1438042988061.16_20150728002308-00089-ip-10-236-191-2_807127666_2.csv,5000,831,False,True,1,0.0009821850107982755
tier_1m,0_1438042988458.74_20150728002308-00060-ip-10-236-191-2_492355315_1.csv,5000,2500,False,True,1,0.0030006570159457624
tier_1m,1_1438042990112.50_20150728002310-00296-ip-10-236-191-2_202658094_3.csv,5000,528,False,True,3,0.0009137489832937717
tier_1m,1_1438042988061.16_20150728002308-00013-ip-10-236-191-2_636339982_0.csv,5000,625,False,True,1,0.0006371589843183756
tier_1m,1_1438042987127.36_20150728002307-00294-ip-10-236-191-2_390417830_16.csv,5000,812,False,True,1,0.0009082320029847324
tier_1m,0_1438042988458.74_20150728002308-00254-ip-10-236-191-2_909417374_257.csv,5000,2794,False,True,1,0.0038299570442177355
tier_1m,0_1438042988061.16_20150728002308-00101-ip-10-236-191-2_653250037_0.csv,5000,176,False,True,2,0.0002693739952519536
tier_1m,0_1438042988458.74_20150728002308-00046-ip-10-236-191-2_428007644_11.csv,5000,2,True,False,0,9.830109775066376e-07
tier_1m,1_1438042987127.36_20150728002307-00290-ip-10-236-191-2_469307566_0.csv,5000,575,False,True,1,0.0006517570000141859
tier_1m,1_1438042990112.50_20150728002310-00062-ip-10-236-191-2_896744244_9.csv,5000,2635,False,True,1,0.0032451730221509933
tier_1m,1_1438042990112.50_20150728002310-00225-ip-10-236-191-2_718036865_0.csv,5000,1231,False,True,1,0.0015120950411073864
tier_1m,0_1438042988061.16_20150728002308-00189-ip-10-236-191-2_414087396_10.csv,5000,387,False,True,2,0.000512162980157882
tier_1m,0_1438042988061.16_20150728002308-00144-ip-10-236-191-2_279381280_30.csv,5000,1398,False,True,1,0.0016715459642000496
tier_1m,1_1438042990112.50_20150728002310-00081-ip-10-236-191-2_890934925_129.csv,5000,2295,False,True,1,0.002831913996487856
tier_1m,0_1438042988061.16_20150728002308-00133-ip-10-236-191-2_59742533_2.csv,5000,482,False,True,1,0.0005367440171539783
tier_1m,1_1438042990112.50_20150728002310-00259-ip-10-236-191-2_889779227_121.csv,5000,2785,False,True,1,0.006931811978574842
tier_1m,0_1438042988458.74_20150728002308-00262-ip-10-236-191-2_380524338_2.csv,5000,1148,False,True,1,0.0012028050259687006
tier_1m,1_1438042987127.36_20150728002307-00027-ip-10-236-191-2_67802697_2.csv,5000,678,False,True,1,0.0007852059789001942
tier_1m,0_1438042988458.74_20150728002308-00175-ip-10-236-191-2_385639780_18.csv,5000,756,False,True,2,0.0011340080527588725
tier_1m,0_1438042988458.74_20150728002308-00303-ip-10-236-191-2_56708567_9.csv,5000,806,False,True,1,0.0008684369968250394
tier_1m,0_1438042988458.74_20150728002308-00063-ip-10-236-191-2_657101208_1.csv,5000,813,False,True,1,0.0009178580367006361
tier_1m,1_1438042990112.50_20150728002310-00190-ip-10-236-191-2_436521753_9.csv,5000,302,False,True,2,0.00040753401117399335
tier_1m,1_1438042987127.36_20150728002307-00214-ip-10-236-191-2_225430488_0.csv,5000,290,False,True,2,0.00038742797914892435
tier_1m,0_1438042988061.16_20150728002308-00047-ip-10-236-191-2_843664602_0.csv,5000,309,False,True,2,0.00043443997856229544
tier_1m,0_1438042988061.16_20150728002308-00181-ip-10-236-191-2_216538600_0.csv,5000,874,False,True,1,0.00115541199920699
tier_1m,0_1438042988061.16_20150728002308-00002-ip-10-236-191-2_545269850_0.csv,5000,2500,False,True,1,0.003589831991121173
tier_1m,0_1438042988061.16_20150728002308-00330-ip-10-236-191-2_795231590_4.csv,5000,533,False,True,2,0.0009206680115312338
tier_1m,0_1438042988061.16_20150728002308-00235-ip-10-236-191-2_713850328_17.csv,5000,405,False,True,2,0.000657260010484606
tier_1m,0_1438042988458.74_20150728002308-00232-ip-10-236-191-2_795586035_3.csv,5000,674,False,True,1,0.0008745079976506531
tier_1m,0_1438042988458.74_20150728002308-00250-ip-10-236-191-2_501951825_0.csv,5000,2500,False,True,1,0.0035917109926231205
tier_1m,1_1438042987127.36_20150728002307-00037-ip-10-236-191-2_318965632_0.csv,5000,144,False,True,3,0.00025933003053069115
tier_1m,0_1438042988061.16_20150728002308-00041-ip-10-236-191-2_37534908_6.csv,5000,407,False,True,2,0.000509481003973633
tier_1m,1_1438042987127.36_20150728002307-00269-ip-10-236-191-2_847834464_0.csv,5000,525,False,True,3,0.0009673609747551382
tier_1m,0_1438042988061.16_20150728002308-00199-ip-10-236-191-2_891430247_172.csv,5000,2286,False,True,1,0.0027573590050451458
tier_1m,1_1438042987127.36_20150728002307-00153-ip-10-236-191-2_490931395_0.csv,5000,625,False,True,1,0.0006810380145907402
tier_1m,0_1438042988458.74_20150728002308-00081-ip-10-236-191-2_476604823_0.csv,5000,1252,False,True,1,0.001510901958681643
tier_1m,0_1438042988458.74_20150728002308-00210-ip-10-236-191-2_79682215_3.csv,5000,486,False,True,1,0.0005184990004636347
tier_1m,1_1438042987127.36_20150728002307-00008-ip-10-236-191-2_633806649_3.csv,5000,453,False,True,1,0.0004814189742319286
tier_1m,0_1438042988061.16_20150728002308-00201-ip-10-236-191-2_319577306_4.csv,5000,1609,False,True,1,0.00156101502943784
tier_1m,1_1438042990112.50_20150728002310-00310-ip-10-236-191-2_200224826_0.csv,5000,595,False,True,2,0.000846848008222878
tier_1m,1_1438042987127.36_20150728002307-00102-ip-10-236-191-2_893578330_152.csv,5000,2617,False,True,1,0.0034388729836791754
tier_1m,1_1438042990112.50_20150728002310-00044-ip-10-236-191-2_261321661_61.csv,5000,625,False,True,1,0.0007605570135638118
tier_1m,1_1438042987127.36_20150728002307-00074-ip-10-236-191-2_137128786_0.csv,5000,632,False,True,1,0.0007351250387728214
tier_1m,1_1438042987127.36_20150728002307-00082-ip-10-236-191-2_795702564_10.csv,5000,805,False,True,1,0.000986902043223381
tier_1m,1_1438042987127.36_20150728002307-00144-ip-10-236-191-2_676020729_0.csv,10000,776,False,True,2,0.0010486289975233376
tier_1m,0_1438042988061.16_20150728002308-00282-ip-10-236-191-2_894007386_3.csv,10000,5082,False,True,1,0.006707513006404042
tier_1m,0_1438042988458.74_20150728002308-00249-ip-10-236-191-2_328699461_4.csv,10000,3296,False,True,1,0.0042785509722307324
tier_1m,1_1438042987127.36_20150728002307-00114-ip-10-236-191-2_902351685_191.csv,10000,6275,False,True,1,0.010046161012724042
tier_1m,1_1438042987127.36_20150728002307-00182-ip-10-236-191-2_150862475_5.csv,10000,598,False,True,1,0.0006457410054281354
tier_1m,1_1438042987127.36_20150728002307-00000-ip-10-236-191-2_300770320_2.csv,10000,1149,False,True,3,0.002025020949076861
tier_1m,1_1438042987127.36_20150728002307-00080-ip-10-236-191-2_899463259_102.csv,10000,5725,False,True,1,0.008131451031658798
tier_1m,1_1438042990112.50_20150728002310-00154-ip-10-236-191-2_303864106_21.csv,10000,656,False,True,1,0.0006212199805304408
tier_1m,0_1438042988458.74_20150728002308-00095-ip-10-236-191-2_520943855_0.csv,10000,708,False,True,2,0.0008613159880042076
tier_1m,1_1438042987127.36_20150728002307-00145-ip-10-236-191-2_499439925_0.csv,10000,1693,False,True,2,0.0022155990009196103
tier_1m,1_1438042990112.50_20150728002310-00013-ip-10-236-191-2_321346784_4.csv,10000,3221,False,True,1,0.004119562974665314
tier_1m,1_1438042987127.36_20150728002307-00033-ip-10-236-191-2_482136553_0.csv,10000,810,False,True,2,0.0012007030309177935
tier_1m,0_1438042988061.16_20150728002308-00109-ip-10-236-191-2_681611335_21.csv,10000,948,False,True,4,0.001975726045202464
tier_1m,0_1438042988061.16_20150728002308-00244-ip-10-236-191-2_65898746_2.csv,10000,2500,False,True,1,0.0026983050047419965
tier_1m,0_1438042988061.16_20150728002308-00215-ip-10-236-191-2_362876303_35.csv,10000,1391,False,True,2,0.002169471001252532
tier_1m,1_1438042990112.50_20150728002310-00312-ip-10-236-191-2_3243890_59.csv,10000,591,False,True,2,0.0008389829890802503
tier_1m,1_1438042990112.50_20150728002310-00085-ip-10-236-191-2_403435483_3.csv,10000,1293,False,True,1,0.0012701409868896008
tier_1m,0_1438042988061.16_20150728002308-00194-ip-10-236-191-2_846810834_13.csv,10000,454,False,True,2,0.0006560480105690658
tier_1m,1_1438042990112.50_20150728002310-00286-ip-10-236-191-2_318221297_4.csv,10000,3233,False,True,1,0.0062169250450097024
tier_1m,1_1438042987127.36_20150728002307-00290-ip-10-236-191-2_407999777_10.csv,10000,967,False,True,2,0.0011887780274264514
tier_1m,0_1438042988458.74_20150728002308-00166-ip-10-236-191-2_302386578_10.csv,10000,1201,False,True,2,0.0030304400133900344
tier_1m,0_1438042988458.74_20150728002308-00253-ip-10-236-191-2_222600153_3.csv,10000,621,False,True,2,0.0008672919939272106
tier_1m,1_1438042990112.50_20150728002310-00237-ip-10-236-191-2_880298254_15.csv,10000,5293,False,True,1,0.008047450974117965
tier_1m,0_1438042988061.16_20150728002308-00089-ip-10-236-191-2_807127666_2.csv,10000,1652,False,True,1,0.0019966859836131334
tier_1m,0_1438042988458.74_20150728002308-00060-ip-10-236-191-2_492355315_1.csv,10000,2500,False,True,1,0.0030437110108323395
tier_1m,1_1438042990112.50_20150728002310-00296-ip-10-236-191-2_202658094_3.csv,10000,1069,False,True,2,0.001522228994872421
tier_1m,1_1438042988061.16_20150728002308-00013-ip-10-236-191-2_636339982_0.csv,10000,625,False,True,1,0.000670405977871269
tier_1m,1_1438042987127.36_20150728002307-00294-ip-10-236-191-2_390417830_16.csv,10000,1623,False,True,1,0.00186609395314008
tier_1m,0_1438042988458.74_20150728002308-00254-ip-10-236-191-2_909417374_257.csv,10000,5293,False,True,1,0.009607891028281301
tier_1m,0_1438042988061.16_20150728002308-00101-ip-10-236-191-2_653250037_0.csv,10000,187,False,True,2,0.00025986001128330827
tier_1m,0_1438042988458.74_20150728002308-00046-ip-10-236-191-2_428007644_11.csv,10000,2,True,False,0,9.450013749301434e-07
tier_1m,1_1438042987127.36_20150728002307-00290-ip-10-236-191-2_469307566_0.csv,10000,909,False,True,1,0.0009572720155119896
tier_1m,1_1438042990112.50_20150728002310-00062-ip-10-236-191-2_896744244_9.csv,10000,5183,False,True,1,0.007797309022862464
tier_1m,1_1438042990112.50_20150728002310-00225-ip-10-236-191-2_718036865_0.csv,10000,1806,False,True,2,0.002935440046712756
tier_1m,0_1438042988061.16_20150728002308-00189-ip-10-236-191-2_414087396_10.csv,10000,747,False,True,2,0.0012317080399952829
tier_1m,0_1438042988061.16_20150728002308-00144-ip-10-236-191-2_279381280_30.csv,10000,1852,False,True,1,0.002814524050336331
tier_1m,1_1438042990112.50_20150728002310-00081-ip-10-236-191-2_890934925_129.csv,10000,4520,False,True,1,0.007976357999723405
tier_1m,0_1438042988061.16_20150728002308-00133-ip-10-236-191-2_59742533_2.csv,10000,877,False,True,1,0.0011664730263873935
tier_1m,1_1438042990112.50_20150728002310-00259-ip-10-236-191-2_889779227_121.csv,10000,5484,False,True,1,0.010098466998897493
tier_1m,0_1438042988458.74_20150728002308-00262-ip-10-236-191-2_380524338_2.csv,10000,1643,False,True,2,0.0032028420246206224
tier_1m,1_1438042987127.36_20150728002307-00027-ip-10-236-191-2_67802697_2.csv,10000,1516,False,True,1,0.0021354659693315625
tier_1m,0_1438042988458.74_20150728002308-00175-ip-10-236-191-2_385639780_18.csv,10000,1472,False,True,1,0.0014183269813656807
tier_1m,0_1438042988458.74_20150728002308-00303-ip-10-236-191-2_56708567_9.csv,10000,1590,False,True,2,0.0023146699531935155
tier_1m,0_1438042988458.74_20150728002308-00063-ip-10-236-191-2_657101208_1.csv,10000,1528,False,True,1,0.0016520580393262208
tier_1m,1_1438042990112.50_20150728002310-00190-ip-10-236-191-2_436521753_9.csv,10000,606,False,True,3,0.000985923979897052
tier_1m,1_1438042987127.36_20150728002307-00214-ip-10-236-191-2_225430488_0.csv,10000,627,False,True,2,0.0008600549772381783
tier_1m,0_1438042988061.16_20150728002308-00047-ip-10-236-191-2_843664602_0.csv,10000,467,False,True,3,0.0007502819644287229
tier_1m,0_1438042988061.16_20150728002308-00181-ip-10-236-191-2_216538600_0.csv,10000,3576,False,True,1,0.004372760944534093
tier_1m,0_1438042988061.16_20150728002308-00002-ip-10-236-191-2_545269850_0.csv,10000,2500,False,True,1,0.002787970006465912
tier_1m,0_1438042988061.16_20150728002308-00330-ip-10-236-191-2_795231590_4.csv,10000,1065,False,True,1,0.0010046010138466954
tier_1m,0_1438042988061.16_20150728002308-00235-ip-10-236-191-2_713850328_17.csv,10000,807,False,True,1,0.0008283050265163183
tier_1m,0_1438042988458.74_20150728002308-00232-ip-10-236-191-2_795586035_3.csv,10000,1142,False,True,1,0.0012131989933550358
tier_1m,0_1438042988458.74_20150728002308-00250-ip-10-236-191-2_501951825_0.csv,10000,2500,False,True,1,0.0030186570365913212
tier_1m,1_1438042987127.36_20150728002307-00037-ip-10-236-191-2_318965632_0.csv,10000,318,False,True,2,0.0003914629924111068
tier_1m,0_1438042988061.16_20150728002308-00041-ip-10-236-191-2_37534908_6.csv,10000,798,False,True,2,0.0009789429605007172
tier_1m,1_1438042987127.36_20150728002307-00269-ip-10-236-191-2_847834464_0.csv,10000,1053,False,True,3,0.0020137489773333073
tier_1m,0_1438042988061.16_20150728002308-00199-ip-10-236-191-2_891430247_172.csv,10000,4638,False,True,1,0.006889654963742942
tier_1m,1_1438042987127.36_20150728002307-00153-ip-10-236-191-2_490931395_0.csv,10000,625,False,True,1,0.0006676489720121026
tier_1m,0_1438042988458.74_20150728002308-00081-ip-10-236-191-2_476604823_0.csv,10000,1252,False,True,1,0.00264612102182582
tier_1m,0_1438042988458.74_20150728002308-00210-ip-10-236-191-2_79682215_3.csv,10000,945,False,True,1,0.0010703450534492731
tier_1m,1_1438042987127.36_20150728002307-00008-ip-10-236-191-2_633806649_3.csv,10000,788,False,True,1,0.0008284109644591808
tier_1m,0_1438042988061.16_20150728002308-00201-ip-10-236-191-2_319577306_4.csv,10000,3399,False,True,1,0.004238859983161092
tier_1m,1_1438042990112.50_20150728002310-00310-ip-10-236-191-2_200224826_0.csv,10000,1098,False,True,3,0.002080614969599992
tier_1m,1_1438042987127.36_20150728002307-00102-ip-10-236-191-2_893578330_152.csv,10000,5072,False,True,1,0.008254454005509615
tier_1m,1_1438042990112.50_20150728002310-00044-ip-10-236-191-2_261321661_61.csv,10000,625,False,True,1,0.0007971660234034061
tier_1m,1_1438042987127.36_20150728002307-00074-ip-10-236-191-2_137128786_0.csv,10000,1056,False,True,1,0.001249196007847786
tier_1m,1_1438042987127.36_20150728002307-00082-ip-10-236-191-2_795702564_10.csv,10000,1650,False,True,1,0.002114267961587757
tier_1m,1_1438042987127.36_20150728002307-00144-ip-10-236-191-2_676020729_0.csv,15000,1101,False,True,3,0.002242441987618804
tier_1m,0_1438042988061.16_20150728002308-00282-ip-10-236-191-2_894007386_3.csv,15000,7525,False,True,1,0.012523067009169608
tier_1m,0_1438042988458.74_20150728002308-00249-ip-10-236-191-2_328699461_4.csv,15000,5040,False,True,1,0.006934575038030744
tier_1m,1_1438042987127.36_20150728002307-00114-ip-10-236-191-2_902351685_191.csv,15000,9262,False,True,1,0.016199209028854966
tier_1m,1_1438042987127.36_20150728002307-00182-ip-10-236-191-2_150862475_5.csv,15000,930,False,True,1,0.0010916069732047617
tier_1m,1_1438042987127.36_20150728002307-00000-ip-10-236-191-2_300770320_2.csv,15000,1747,False,True,3,0.003556513984221965
tier_1m,1_1438042987127.36_20150728002307-00080-ip-10-236-191-2_899463259_102.csv,15000,8356,False,True,1,0.01431825099280104
tier_1m,1_1438042990112.50_20150728002310-00154-ip-10-236-191-2_303864106_21.csv,15000,978,False,True,2,0.0014725920045748353
tier_1m,0_1438042988458.74_20150728002308-00095-ip-10-236-191-2_520943855_0.csv,15000,1113,False,True,3,0.002033494005445391
tier_1m,1_1438042987127.36_20150728002307-00145-ip-10-236-191-2_499439925_0.csv,15000,2305,False,True,4,0.005900347954593599
tier_1m,1_1438042990112.50_20150728002310-00013-ip-10-236-191-2_321346784_4.csv,15000,4942,False,True,1,0.007650490035302937
tier_1m,1_1438042987127.36_20150728002307-00033-ip-10-236-191-2_482136553_0.csv,15000,922,False,True,2,0.001457552018109709
tier_1m,0_1438042988061.16_20150728002308-00109-ip-10-236-191-2_681611335_21.csv,15000,1380,False,True,4,0.003150777018163353
tier_1m,0_1438042988061.16_20150728002308-00244-ip-10-236-191-2_65898746_2.csv,15000,3750,False,True,1,0.0053556530037894845
tier_1m,0_1438042988061.16_20150728002308-00215-ip-10-236-191-2_362876303_35.csv,15000,2144,False,True,2,0.004071599047165364
tier_1m,1_1438042990112.50_20150728002310-00312-ip-10-236-191-2_3243890_59.csv,15000,814,False,True,2,0.001205334032420069
tier_1m,1_1438042990112.50_20150728002310-00085-ip-10-236-191-2_403435483_3.csv,15000,2862,False,True,1,0.003575117967557162
tier_1m,0_1438042988061.16_20150728002308-00194-ip-10-236-191-2_846810834_13.csv,15000,715,False,True,3,0.0021645950037054718
tier_1m,1_1438042990112.50_20150728002310-00286-ip-10-236-191-2_318221297_4.csv,15000,4921,False,True,1,0.006943913002032787
tier_1m,1_1438042987127.36_20150728002307-00290-ip-10-236-191-2_407999777_10.csv,15000,1308,False,True,1,0.0012127819936722517
tier_1m,0_1438042988458.74_20150728002308-00166-ip-10-236-191-2_302386578_10.csv,15000,1641,False,True,3,0.003191378025803715
tier_1m,0_1438042988458.74_20150728002308-00253-ip-10-236-191-2_222600153_3.csv,15000,934,False,True,2,0.0013170340098440647
tier_1m,1_1438042990112.50_20150728002310-00237-ip-10-236-191-2_880298254_15.csv,15000,7740,False,True,1,0.013747708988375962
tier_1m,0_1438042988061.16_20150728002308-00089-ip-10-236-191-2_807127666_2.csv,15000,2499,False,True,1,0.003583708021324128
tier_1m,0_1438042988458.74_20150728002308-00060-ip-10-236-191-2_492355315_1.csv,15000,3750,False,True,1,0.005851180001627654
tier_1m,1_1438042990112.50_20150728002310-00296-ip-10-236-191-2_202658094_3.csv,15000,1544,False,True,2,0.002088534994982183
tier_1m,1_1438042988061.16_20150728002308-00013-ip-10-236-191-2_636339982_0.csv,15000,937,False,True,1,0.0010234159999527037
tier_1m,1_1438042987127.36_20150728002307-00294-ip-10-236-191-2_390417830_16.csv,15000,2381,False,True,1,0.0029809699626639485
tier_1m,0_1438042988458.74_20150728002308-00254-ip-10-236-191-2_909417374_257.csv,15000,7739,False,True,1,0.013630349014420062
tier_1m,0_1438042988061.16_20150728002308-00101-ip-10-236-191-2_653250037_0.csv,15000,334,False,True,2,0.0005339810159057379
tier_1m,0_1438042988458.74_20150728002308-00046-ip-10-236-191-2_428007644_11.csv,15000,2,True,False,0,8.750357665121555e-07
tier_1m,1_1438042987127.36_20150728002307-00290-ip-10-236-191-2_469307566_0.csv,15000,909,False,True,1,0.001364392985124141
tier_1m,1_1438042990112.50_20150728002310-00062-ip-10-236-191-2_896744244_9.csv,15000,7702,False,True,1,0.01552485499996692
tier_1m,1_1438042990112.50_20150728002310-00225-ip-10-236-191-2_718036865_0.csv,15000,2255,False,True,3,0.006685796019155532
tier_1m,0_1438042988061.16_20150728002308-00189-ip-10-236-191-2_414087396_10.csv,15000,1063,False,True,1,0.0012465370236895978
tier_1m,0_1438042988061.16_20150728002308-00144-ip-10-236-191-2_279381280_30.csv,15000,3730,False,True,1,0.006629206996876746
tier_1m,1_1438042990112.50_20150728002310-00081-ip-10-236-191-2_890934925_129.csv,15000,6623,False,True,1,0.013011984003242105
tier_1m,0_1438042988061.16_20150728002308-00133-ip-10-236-191-2_59742533_2.csv,15000,1089,False,True,1,0.0015754119958728552
tier_1m,1_1438042990112.50_20150728002310-00259-ip-10-236-191-2_889779227_121.csv,15000,8126,False,True,1,0.016873726970516145
tier_1m,0_1438042988458.74_20150728002308-00262-ip-10-236-191-2_380524338_2.csv,15000,2234,False,True,3,0.005915877991355956
tier_1m,1_1438042987127.36_20150728002307-00027-ip-10-236-191-2_67802697_2.csv,15000,2372,False,True,1,0.0035347509547136724
tier_1m,0_1438042988458.74_20150728002308-00175-ip-10-236-191-2_385639780_18.csv,15000,2124,False,True,1,0.0025147589622065425
tier_1m,0_1438042988458.74_20150728002308-00303-ip-10-236-191-2_56708567_9.csv,15000,2401,False,True,1,0.0028656910290010273
tier_1m,0_1438042988458.74_20150728002308-00063-ip-10-236-191-2_657101208_1.csv,15000,2208,False,True,1,0.0028373439563438296
tier_1m,1_1438042990112.50_20150728002310-00190-ip-10-236-191-2_436521753_9.csv,15000,893,False,True,3,0.0016653659986332059
tier_1m,1_1438042987127.36_20150728002307-00214-ip-10-236-191-2_225430488_0.csv,15000,1354,False,True,1,0.0013939919881522655
tier_1m,0_1438042988061.16_20150728002308-00047-ip-10-236-191-2_843664602_0.csv,15000,677,False,True,2,0.0009649479761719704
tier_1m,0_1438042988061.16_20150728002308-00181-ip-10-236-191-2_216538600_0.csv,15000,6106,False,True,1,0.009471810015384108
tier_1m,0_1438042988061.16_20150728002308-00002-ip-10-236-191-2_545269850_0.csv,15000,3750,False,True,1,0.005261619982775301
tier_1m,0_1438042988061.16_20150728002308-00330-ip-10-236-191-2_795231590_4.csv,15000,1592,False,True,2,0.002357357006985694
tier_1m,0_1438042988061.16_20150728002308-00235-ip-10-236-191-2_713850328_17.csv,15000,1284,False,True,1,0.0012669190182350576
tier_1m,0_1438042988458.74_20150728002308-00232-ip-10-236-191-2_795586035_3.csv,15000,1506,False,True,1,0.0016158539801836014
tier_1m,0_1438042988458.74_20150728002308-00250-ip-10-236-191-2_501951825_0.csv,15000,3750,False,True,1,0.005759017018135637
tier_1m,1_1438042987127.36_20150728002307-00037-ip-10-236-191-2_318965632_0.csv,15000,581,False,True,3,0.0010502829682081938
tier_1m,0_1438042988061.16_20150728002308-00041-ip-10-236-191-2_37534908_6.csv,15000,1193,False,True,2,0.0013658009702339768
tier_1m,1_1438042987127.36_20150728002307-00269-ip-10-236-191-2_847834464_0.csv,15000,1537,False,True,2,0.002288969000801444
tier_1m,0_1438042988061.16_20150728002308-00199-ip-10-236-191-2_891430247_172.csv,15000,7095,False,True,1,0.011146744014695287
tier_1m,1_1438042987127.36_20150728002307-00153-ip-10-236-191-2_490931395_0.csv,15000,937,False,True,1,0.0011389730498194695
tier_1m,0_1438042988458.74_20150728002308-00081-ip-10-236-191-2_476604823_0.csv,15000,1894,False,True,1,0.002359322039410472
tier_1m,0_1438042988458.74_20150728002308-00210-ip-10-236-191-2_79682215_3.csv,15000,1415,False,True,1,0.0020609250059351325
tier_1m,1_1438042987127.36_20150728002307-00008-ip-10-236-191-2_633806649_3.csv,15000,1311,False,True,2,0.0025662000407464802
tier_1m,0_1438042988061.16_20150728002308-00201-ip-10-236-191-2_319577306_4.csv,15000,4851,False,True,1,0.008315791026689112
tier_1m,1_1438042990112.50_20150728002310-00310-ip-10-236-191-2_200224826_0.csv,15000,1620,False,True,3,0.003933074011001736
tier_1m,1_1438042987127.36_20150728002307-00102-ip-10-236-191-2_893578330_152.csv,15000,7532,False,True,1,0.01592082402203232
tier_1m,1_1438042990112.50_20150728002310-00044-ip-10-236-191-2_261321661_61.csv,15000,937,False,True,1,0.0014628340140916407
tier_1m,1_1438042987127.36_20150728002307-00074-ip-10-236-191-2_137128786_0.csv,15000,1581,False,True,3,0.0044487189734354615
tier_1m,1_1438042987127.36_20150728002307-00082-ip-10-236-191-2_795702564_10.csv,15000,2469,False,True,1,0.004187209997326136
tier_1m,1_1438042987127.36_20150728002307-00144-ip-10-236-191-2_676020729_0.csv,20000,1445,False,True,3,0.0036614700220525265
tier_1m,0_1438042988061.16_20150728002308-00282-ip-10-236-191-2_894007386_3.csv,20000,9961,False,True,1,0.020186549983918667
tier_1m,0_1438042988458.74_20150728002308-00249-ip-10-236-191-2_328699461_4.csv,20000,6601,False,True,1,0.01189292100025341
tier_1m,1_1438042987127.36_20150728002307-00114-ip-10-236-191-2_902351685_191.csv,20000,11962,False,True,1,0.029020983027294278
tier_1m,1_1438042987127.36_20150728002307-00182-ip-10-236-191-2_150862475_5.csv,20000,1290,False,True,1,0.0018286260310560465
tier_1m,1_1438042987127.36_20150728002307-00000-ip-10-236-191-2_300770320_2.csv,20000,2364,False,True,3,0.005190694006159902
tier_1m,1_1438042987127.36_20150728002307-00080-ip-10-236-191-2_899463259_102.csv,20000,10904,False,True,1,0.020159228006377816
tier_1m,1_1438042990112.50_20150728002310-00154-ip-10-236-191-2_303864106_21.csv,20000,1292,False,True,2,0.001944155024830252
tier_1m,0_1438042988458.74_20150728002308-00095-ip-10-236-191-2_520943855_0.csv,20000,1462,False,True,2,0.002160793053917587
tier_1m,1_1438042987127.36_20150728002307-00145-ip-10-236-191-2_499439925_0.csv,20000,2928,False,True,3,0.006549565005116165
tier_1m,1_1438042990112.50_20150728002310-00013-ip-10-236-191-2_321346784_4.csv,20000,6513,False,True,1,0.00970636704005301
tier_1m,1_1438042987127.36_20150728002307-00033-ip-10-236-191-2_482136553_0.csv,20000,1049,False,True,2,0.0017058439552783966
tier_1m,0_1438042988061.16_20150728002308-00109-ip-10-236-191-2_681611335_21.csv,20000,1849,False,True,3,0.0043530279654078186
tier_1m,0_1438042988061.16_20150728002308-00244-ip-10-236-191-2_65898746_2.csv,20000,2500,False,True,1,0.003051938023418188
tier_1m,0_1438042988061.16_20150728002308-00215-ip-10-236-191-2_362876303_35.csv,20000,2903,False,True,2,0.006239112990442663
tier_1m,1_1438042990112.50_20150728002310-00312-ip-10-236-191-2_3243890_59.csv,20000,1027,False,True,1,0.0010521139483898878
tier_1m,1_1438042990112.50_20150728002310-00085-ip-10-236-191-2_403435483_3.csv,20000,3089,False,True,1,0.003976200008764863
tier_1m,0_1438042988061.16_20150728002308-00194-ip-10-236-191-2_846810834_13.csv,20000,953,False,True,3,0.0018433690420351923
tier_1m,1_1438042990112.50_20150728002310-00286-ip-10-236-191-2_318221297_4.csv,20000,6530,False,True,1,0.009896189032588154
tier_1m,1_1438042987127.36_20150728002307-00290-ip-10-236-191-2_407999777_10.csv,20000,1622,False,True,3,0.002756273024715483
tier_1m,0_1438042988458.74_20150728002308-00166-ip-10-236-191-2_302386578_10.csv,20000,1975,False,True,4,0.00486869498854503
tier_1m,0_1438042988458.74_20150728002308-00253-ip-10-236-191-2_222600153_3.csv,20000,1251,False,True,2,0.0018465900211594999
tier_1m,1_1438042990112.50_20150728002310-00237-ip-10-236-191-2_880298254_15.csv,20000,10155,False,True,1,0.019115719012916088
tier_1m,0_1438042988061.16_20150728002308-00089-ip-10-236-191-2_807127666_2.csv,20000,3340,False,True,1,0.005293374008033425
tier_1m,0_1438042988458.74_20150728002308-00060-ip-10-236-191-2_492355315_1.csv,20000,2500,False,True,1,0.0029383429791778326
tier_1m,1_1438042990112.50_20150728002310-00296-ip-10-236-191-2_202658094_3.csv,20000,2021,False,True,2,0.005472514021676034
tier_1m,1_1438042988061.16_20150728002308-00013-ip-10-236-191-2_636339982_0.csv,20000,625,False,True,1,0.0006864939932711422
tier_1m,1_1438042987127.36_20150728002307-00294-ip-10-236-191-2_390417830_16.csv,20000,3133,False,True,1,0.003691038000397384
tier_1m,0_1438042988458.74_20150728002308-00254-ip-10-236-191-2_909417374_257.csv,20000,10204,False,True,1,0.017745885998010635
tier_1m,0_1438042988061.16_20150728002308-00101-ip-10-236-191-2_653250037_0.csv,20000,684,False,True,3,0.0012489560176618397
tier_1m,0_1438042988458.74_20150728002308-00046-ip-10-236-191-2_428007644_11.csv,20000,2,True,False,0,8.289935067296028e-07
tier_1m,1_1438042987127.36_20150728002307-00290-ip-10-236-191-2_469307566_0.csv,20000,2161,False,True,1,0.002657097007613629
tier_1m,1_1438042990112.50_20150728002310-00062-ip-10-236-191-2_896744244_9.csv,20000,10178,False,True,1,0.016818980977404863
tier_1m,1_1438042990112.50_20150728002310-00225-ip-10-236-191-2_718036865_0.csv,20000,2754,False,True,3,0.006450079963542521
tier_1m,0_1438042988061.16_20150728002308-00189-ip-10-236-191-2_414087396_10.csv,20000,1440,False,True,1,0.0013208970194682479
tier_1m,0_1438042988061.16_20150728002308-00144-ip-10-236-191-2_279381280_30.csv,20000,4472,False,True,1,0.006298762047663331
tier_1m,1_1438042990112.50_20150728002310-00081-ip-10-236-191-2_890934925_129.csv,20000,8703,False,True,1,0.014242530043702573
tier_1m,0_1438042988061.16_20150728002308-00133-ip-10-236-191-2_59742533_2.csv,20000,1352,False,True,1,0.00150399497942999
tier_1m,1_1438042990112.50_20150728002310-00259-ip-10-236-191-2_889779227_121.csv,20000,10686,False,True,1,0.02199954801471904
tier_1m,0_1438042988458.74_20150728002308-00262-ip-10-236-191-2_380524338_2.csv,20000,3131,False,True,3,0.006736512004863471
tier_1m,1_1438042987127.36_20150728002307-00027-ip-10-236-191-2_67802697_2.csv,20000,3112,False,True,1,0.003664933959953487
tier_1m,0_1438042988458.74_20150728002308-00175-ip-10-236-191-2_385639780_18.csv,20000,2763,False,True,1,0.003457025974057615
tier_1m,0_1438042988458.74_20150728002308-00303-ip-10-236-191-2_56708567_9.csv,20000,3157,False,True,1,0.004084700020030141
tier_1m,0_1438042988458.74_20150728002308-00063-ip-10-236-191-2_657101208_1.csv,20000,2922,False,True,1,0.003603474993724376
tier_1m,1_1438042990112.50_20150728002310-00190-ip-10-236-191-2_436521753_9.csv,20000,1201,False,True,2,0.0016653499915264547
tier_1m,1_1438042987127.36_20150728002307-00214-ip-10-236-191-2_225430488_0.csv,20000,1737,False,True,1,0.0018550470122136176
tier_1m,0_1438042988061.16_20150728002308-00047-ip-10-236-191-2_843664602_0.csv,20000,929,False,True,2,0.001189085014630109
tier_1m,0_1438042988061.16_20150728002308-00181-ip-10-236-191-2_216538600_0.csv,20000,7266,False,True,1,0.01059368799906224
tier_1m,0_1438042988061.16_20150728002308-00002-ip-10-236-191-2_545269850_0.csv,20000,2500,False,True,1,0.005425966985058039
tier_1m,0_1438042988061.16_20150728002308-00330-ip-10-236-191-2_795231590_4.csv,20000,2133,False,True,2,0.0030156190041452646
tier_1m,0_1438042988061.16_20150728002308-00235-ip-10-236-191-2_713850328_17.csv,20000,1677,False,True,1,0.0016910919803194702
tier_1m,0_1438042988458.74_20150728002308-00232-ip-10-236-191-2_795586035_3.csv,20000,1893,False,True,1,0.002046707028057426
tier_1m,0_1438042988458.74_20150728002308-00250-ip-10-236-191-2_501951825_0.csv,20000,2500,False,True,1,0.00299772503785789
tier_1m,1_1438042987127.36_20150728002307-00037-ip-10-236-191-2_318965632_0.csv,20000,909,False,True,2,0.001206791028380394
tier_1m,0_1438042988061.16_20150728002308-00041-ip-10-236-191-2_37534908_6.csv,20000,1611,False,True,2,0.0018928759964182973
tier_1m,1_1438042987127.36_20150728002307-00269-ip-10-236-191-2_847834464_0.csv,20000,2042,False,True,1,0.001962307025678456
tier_1m,0_1438042988061.16_20150728002308-00199-ip-10-236-191-2_891430247_172.csv,20000,9608,False,True,1,0.016224741004407406
tier_1m,1_1438042987127.36_20150728002307-00153-ip-10-236-191-2_490931395_0.csv,20000,625,False,True,1,0.0006988649838604033
tier_1m,0_1438042988458.74_20150728002308-00081-ip-10-236-191-2_476604823_0.csv,20000,2125,False,True,1,0.0026355989975854754
tier_1m,0_1438042988458.74_20150728002308-00210-ip-10-236-191-2_79682215_3.csv,20000,1844,False,True,1,0.001917925023008138
tier_1m,1_1438042987127.36_20150728002307-00008-ip-10-236-191-2_633806649_3.csv,20000,1956,False,True,2,0.0033576199784874916
tier_1m,0_1438042988061.16_20150728002308-00201-ip-10-236-191-2_319577306_4.csv,20000,6286,False,True,1,0.009132840961683542
tier_1m,1_1438042990112.50_20150728002310-00310-ip-10-236-191-2_200224826_0.csv,20000,2130,False,True,1,0.0023126910091377795
tier_1m,1_1438042987127.36_20150728002307-00102-ip-10-236-191-2_893578330_152.csv,20000,10019,False,True,1,0.018514256982598454
tier_1m,1_1438042990112.50_20150728002310-00044-ip-10-236-191-2_261321661_61.csv,20000,625,False,True,1,0.0013924220111221075
tier_1m,1_1438042987127.36_20150728002307-00074-ip-10-236-191-2_137128786_0.csv,20000,2587,False,True,2,0.004718060023151338
tier_1m,1_1438042987127.36_20150728002307-00082-ip-10-236-191-2_795702564_10.csv,20000,3304,False,True,1,0.004888163006398827
tier_1m,1_1438042987127.36_20150728002307-00144-ip-10-236-191-2_676020729_0.csv,25000,1778,False,True,2,0.002862865978386253
tier_1m,0_1438042988061.16_20150728002308-00282-ip-10-236-191-2_894007386_3.csv,25000,12351,False,True,1,0.02224192296853289
tier_1m,0_1438042988458.74_20150728002308-00249-ip-10-236-191-2_328699461_4.csv,25000,7839,False,True,1,0.01203690399415791
tier_1m,1_1438042987127.36_20150728002307-00114-ip-10-236-191-2_902351685_191.csv,25000,14358,False,True,1,0.02769742504460737
tier_1m,1_1438042987127.36_20150728002307-00182-ip-10-236-191-2_150862475_5.csv,25000,1665,False,True,1,0.0018968419753946364
tier_1m,1_1438042987127.36_20150728002307-00000-ip-10-236-191-2_300770320_2.csv,25000,2984,False,True,2,0.005404147959779948
tier_1m,1_1438042987127.36_20150728002307-00080-ip-10-236-191-2_899463259_102.csv,25000,13357,False,True,1,0.023340418003499508
tier_1m,1_1438042990112.50_20150728002310-00154-ip-10-236-191-2_303864106_21.csv,25000,1621,False,True,2,0.0022543889936059713
tier_1m,0_1438042988458.74_20150728002308-00095-ip-10-236-191-2_520943855_0.csv,25000,1835,False,True,2,0.002708985994104296
tier_1m,1_1438042987127.36_20150728002307-00145-ip-10-236-191-2_499439925_0.csv,25000,3172,False,True,3,0.007328361039981246
tier_1m,1_1438042990112.50_20150728002310-00013-ip-10-236-191-2_321346784_4.csv,25000,7722,False,True,1,0.011362139019183815
tier_1m,1_1438042987127.36_20150728002307-00033-ip-10-236-191-2_482136553_0.csv,25000,1168,False,True,2,0.001862931007053703
tier_1m,0_1438042988061.16_20150728002308-00109-ip-10-236-191-2_681611335_21.csv,25000,2738,False,True,3,0.005409677978605032
tier_1m,0_1438042988061.16_20150728002308-00244-ip-10-236-191-2_65898746_2.csv,25000,3125,False,True,1,0.003727275994606316
tier_1m,0_1438042988061.16_20150728002308-00215-ip-10-236-191-2_362876303_35.csv,25000,3643,False,True,2,0.007258014986291528
tier_1m,1_1438042990112.50_20150728002310-00312-ip-10-236-191-2_3243890_59.csv,25000,1317,False,True,1,0.001370292971841991
tier_1m,1_1438042990112.50_20150728002310-00085-ip-10-236-191-2_403435483_3.csv,25000,3336,False,True,1,0.00396459101466462
tier_1m,0_1438042988061.16_20150728002308-00194-ip-10-236-191-2_846810834_13.csv,25000,1209,False,True,2,0.001690554025117308
tier_1m,1_1438042990112.50_20150728002310-00286-ip-10-236-191-2_318221297_4.csv,25000,7841,False,True,1,0.011342454992700368
tier_1m,1_1438042987127.36_20150728002307-00290-ip-10-236-191-2_407999777_10.csv,25000,1932,False,True,4,0.0039284860249608755
tier_1m,0_1438042988458.74_20150728002308-00166-ip-10-236-191-2_302386578_10.csv,25000,2335,False,True,3,0.006269325036555529
tier_1m,0_1438042988458.74_20150728002308-00253-ip-10-236-191-2_222600153_3.csv,25000,1554,False,True,3,0.002947275002952665
tier_1m,1_1438042990112.50_20150728002310-00237-ip-10-236-191-2_880298254_15.csv,25000,12690,False,True,1,0.023828014032915235
tier_1m,0_1438042988061.16_20150728002308-00089-ip-10-236-191-2_807127666_2.csv,25000,4170,False,True,2,0.009589134017005563
tier_1m,0_1438042988458.74_20150728002308-00060-ip-10-236-191-2_492355315_1.csv,25000,3125,False,True,1,0.0037640119553543627
tier_1m,1_1438042990112.50_20150728002310-00296-ip-10-236-191-2_202658094_3.csv,25000,2511,False,True,2,0.0073760669911280274
tier_1m,1_1438042988061.16_20150728002308-00013-ip-10-236-191-2_636339982_0.csv,25000,781,False,True,1,0.0007926800171844661
tier_1m,1_1438042987127.36_20150728002307-00294-ip-10-236-191-2_390417830_16.csv,25000,3811,False,True,1,0.004827895958442241
tier_1m,0_1438042988458.74_20150728002308-00254-ip-10-236-191-2_909417374_257.csv,25000,12735,False,True,1,0.022097789973486215
tier_1m,0_1438042988061.16_20150728002308-00101-ip-10-236-191-2_653250037_0.csv,25000,1034,False,True,4,0.002111402980517596
tier_1m,0_1438042988458.74_20150728002308-00046-ip-10-236-191-2_428007644_11.csv,25000,2,True,False,0,7.560010999441147e-07
tier_1m,1_1438042987127.36_20150728002307-00290-ip-10-236-191-2_469307566_0.csv,25000,2162,False,True,1,0.0026857369812205434
tier_1m,1_1438042990112.50_20150728002310-00062-ip-10-236-191-2_896744244_9.csv,25000,12710,False,True,1,0.02792826300719753
tier_1m,1_1438042990112.50_20150728002310-00225-ip-10-236-191-2_718036865_0.csv,25000,3086,False,True,2,0.00597286899574101
tier_1m,0_1438042988061.16_20150728002308-00189-ip-10-236-191-2_414087396_10.csv,25000,1760,False,True,1,0.0016061329515650868
tier_1m,0_1438042988061.16_20150728002308-00144-ip-10-236-191-2_279381280_30.csv,25000,5650,False,True,1,0.009281685983296484
tier_1m,1_1438042990112.50_20150728002310-00081-ip-10-236-191-2_890934925_129.csv,25000,10778,False,True,1,0.018005149031523615
tier_1m,0_1438042988061.16_20150728002308-00133-ip-10-236-191-2_59742533_2.csv,25000,1785,False,True,1,0.0019554769969545305
tier_1m,1_1438042990112.50_20150728002310-00259-ip-10-236-191-2_889779227_121.csv,25000,13177,False,True,1,0.023704631021246314
tier_1m,0_1438042988458.74_20150728002308-00262-ip-10-236-191-2_380524338_2.csv,25000,3826,False,True,2,0.007037898001726717
tier_1m,1_1438042987127.36_20150728002307-00027-ip-10-236-191-2_67802697_2.csv,25000,3594,False,True,1,0.005593096022494137
tier_1m,0_1438042988458.74_20150728002308-00175-ip-10-236-191-2_385639780_18.csv,25000,3411,False,True,1,0.008304911956656724
tier_1m,0_1438042988458.74_20150728002308-00303-ip-10-236-191-2_56708567_9.csv,25000,3933,False,True,1,0.0052656850311905146
tier_1m,0_1438042988458.74_20150728002308-00063-ip-10-236-191-2_657101208_1.csv,25000,3697,False,True,1,0.005088529956992716
tier_1m,1_1438042990112.50_20150728002310-00190-ip-10-236-191-2_436521753_9.csv,25000,1506,False,True,3,0.002570470969658345
tier_1m,1_1438042987127.36_20150728002307-00214-ip-10-236-191-2_225430488_0.csv,25000,2118,False,True,1,0.0021063689491711557
tier_1m,0_1438042988061.16_20150728002308-00047-ip-10-236-191-2_843664602_0.csv,25000,1167,False,True,2,0.0016642750124447048
tier_1m,0_1438042988061.16_20150728002308-00181-ip-10-236-191-2_216538600_0.csv,25000,7338,False,True,1,0.011602955986745656
tier_1m,0_1438042988061.16_20150728002308-00002-ip-10-236-191-2_545269850_0.csv,25000,3125,False,True,1,0.004197222995571792
tier_1m,0_1438042988061.16_20150728002308-00330-ip-10-236-191-2_795231590_4.csv,25000,2672,False,True,2,0.004279375018086284
tier_1m,0_1438042988061.16_20150728002308-00235-ip-10-236-191-2_713850328_17.csv,25000,2018,False,True,1,0.002100219950079918
tier_1m,0_1438042988458.74_20150728002308-00232-ip-10-236-191-2_795586035_3.csv,25000,2303,False,True,1,0.0025427460204809904
tier_1m,0_1438042988458.74_20150728002308-00250-ip-10-236-191-2_501951825_0.csv,25000,3125,False,True,1,0.004091606999281794
tier_1m,1_1438042987127.36_20150728002307-00037-ip-10-236-191-2_318965632_0.csv,25000,1260,False,True,1,0.0013630090397782624
tier_1m,0_1438042988061.16_20150728002308-00041-ip-10-236-191-2_37534908_6.csv,25000,2007,False,True,2,0.0027154420386068523
tier_1m,1_1438042987127.36_20150728002307-00269-ip-10-236-191-2_847834464_0.csv,25000,2540,False,True,1,0.002853548969142139
tier_1m,0_1438042988061.16_20150728002308-00199-ip-10-236-191-2_891430247_172.csv,25000,12142,False,True,1,0.022939319955185056
tier_1m,1_1438042987127.36_20150728002307-00153-ip-10-236-191-2_490931395_0.csv,25000,781,False,True,1,0.0009561929618939757
tier_1m,0_1438042988458.74_20150728002308-00081-ip-10-236-191-2_476604823_0.csv,25000,3425,False,True,1,0.004873441997915506
tier_1m,0_1438042988458.74_20150728002308-00210-ip-10-236-191-2_79682215_3.csv,25000,2275,False,True,1,0.0027056470280513167
tier_1m,1_1438042987127.36_20150728002307-00008-ip-10-236-191-2_633806649_3.csv,25000,2196,False,True,2,0.003770492970943451
tier_1m,0_1438042988061.16_20150728002308-00201-ip-10-236-191-2_319577306_4.csv,25000,7372,False,True,2,0.016791255970019847
tier_1m,1_1438042990112.50_20150728002310-00310-ip-10-236-191-2_200224826_0.csv,25000,2629,False,True,1,0.002995981019921601
tier_1m,1_1438042987127.36_20150728002307-00102-ip-10-236-191-2_893578330_152.csv,25000,12555,False,True,1,0.024344452016521245
tier_1m,1_1438042990112.50_20150728002310-00044-ip-10-236-191-2_261321661_61.csv,25000,781,False,True,1,0.0010202910052612424
tier_1m,1_1438042987127.36_20150728002307-00074-ip-10-236-191-2_137128786_0.csv,25000,3061,False,True,3,0.007842083985451609
tier_1m,1_1438042987127.36_20150728002307-00082-ip-10-236-191-2_795702564_10.csv,25000,4111,False,True,1,0.006532914005219936
tier_1m,1_1438042987127.36_20150728002307-00144-ip-10-236-191-2_676020729_0.csv,30000,2140,False,True,2,0.0034838590072467923
tier_1m,0_1438042988061.16_20150728002308-00282-ip-10-236-191-2_894007386_3.csv,30000,14748,False,True,1,0.028165526979137212
tier_1m,0_1438042988458.74_20150728002308-00249-ip-10-236-191-2_328699461_4.csv,30000,7944,False,True,2,0.01819057500688359
tier_1m,1_1438042987127.36_20150728002307-00114-ip-10-236-191-2_902351685_191.csv,30000,16715,False,True,1,0.03232393600046635
tier_1m,1_1438042987127.36_20150728002307-00182-ip-10-236-191-2_150862475_5.csv,30000,2033,False,True,1,0.002360439975745976
tier_1m,1_1438042987127.36_20150728002307-00000-ip-10-236-191-2_300770320_2.csv,30000,3552,False,True,2,0.006694090028759092
tier_1m,1_1438042987127.36_20150728002307-00080-ip-10-236-191-2_899463259_102.csv,30000,15819,False,True,1,0.04567362100351602
tier_1m,1_1438042990112.50_20150728002310-00154-ip-10-236-191-2_303864106_21.csv,30000,1936,False,True,2,0.0036699410411529243
tier_1m,0_1438042988458.74_20150728002308-00095-ip-10-236-191-2_520943855_0.csv,30000,2156,False,True,2,0.004005060996860266
tier_1m,1_1438042987127.36_20150728002307-00145-ip-10-236-191-2_499439925_0.csv,30000,4834,False,True,3,0.015895741002168506
tier_1m,1_1438042990112.50_20150728002310-00013-ip-10-236-191-2_321346784_4.csv,30000,8037,False,True,2,0.022255080984905362
tier_1m,1_1438042987127.36_20150728002307-00033-ip-10-236-191-2_482136553_0.csv,30000,1295,False,True,2,0.0026457529747858644
tier_1m,0_1438042988061.16_20150728002308-00109-ip-10-236-191-2_681611335_21.csv,30000,3116,False,True,3,0.00844585703453049
tier_1m,0_1438042988061.16_20150728002308-00244-ip-10-236-191-2_65898746_2.csv,30000,3750,False,True,1,0.006154860951937735
tier_1m,0_1438042988061.16_20150728002308-00215-ip-10-236-191-2_362876303_35.csv,30000,4363,False,True,2,0.01211773999966681
tier_1m,1_1438042990112.50_20150728002310-00312-ip-10-236-191-2_3243890_59.csv,30000,1551,False,True,1,0.001976648985873908
tier_1m,1_1438042990112.50_20150728002310-00085-ip-10-236-191-2_403435483_3.csv,30000,3557,False,True,1,0.005692915990948677
tier_1m,0_1438042988061.16_20150728002308-00194-ip-10-236-191-2_846810834_13.csv,30000,1409,False,True,3,0.003452085016760975
tier_1m,1_1438042990112.50_20150728002310-00286-ip-10-236-191-2_318221297_4.csv,30000,7953,False,True,2,0.024132987018674612
tier_1m,1_1438042987127.36_20150728002307-00290-ip-10-236-191-2_407999777_10.csv,30000,2256,False,True,4,0.006308823998551816
tier_1m,0_1438042988458.74_20150728002308-00166-ip-10-236-191-2_302386578_10.csv,30000,2740,False,True,3,0.007352061977144331
tier_1m,0_1438042988458.74_20150728002308-00253-ip-10-236-191-2_222600153_3.csv,30000,1877,False,True,3,0.0033238519681617618
tier_1m,1_1438042990112.50_20150728002310-00237-ip-10-236-191-2_880298254_15.csv,30000,15216,False,True,1,0.029980100982356817
tier_1m,0_1438042988061.16_20150728002308-00089-ip-10-236-191-2_807127666_2.csv,30000,4953,False,True,2,0.012280180002562702
tier_1m,0_1438042988458.74_20150728002308-00060-ip-10-236-191-2_492355315_1.csv,30000,3750,False,True,1,0.005266146967187524
tier_1m,1_1438042990112.50_20150728002310-00296-ip-10-236-191-2_202658094_3.csv,30000,2994,False,True,2,0.005301464989315718
tier_1m,1_1438042988061.16_20150728002308-00013-ip-10-236-191-2_636339982_0.csv,30000,937,False,True,1,0.0011091430205851793
tier_1m,1_1438042987127.36_20150728002307-00294-ip-10-236-191-2_390417830_16.csv,30000,4488,False,True,1,0.00600039103301242
tier_1m,0_1438042988458.74_20150728002308-00254-ip-10-236-191-2_909417374_257.csv,30000,15152,False,True,1,0.028154939005617052
tier_1m,0_1438042988061.16_20150728002308-00101-ip-10-236-191-2_653250037_0.csv,30000,1384,False,True,3,0.0023439890355803072
tier_1m,0_1438042988458.74_20150728002308-00046-ip-10-236-191-2_428007644_11.csv,30000,2,True,False,0,8.869683369994164e-07
tier_1m,1_1438042987127.36_20150728002307-00290-ip-10-236-191-2_469307566_0.csv,30000,4297,False,True,1,0.008700773993041366
tier_1m,1_1438042990112.50_20150728002310-00062-ip-10-236-191-2_896744244_9.csv,30000,15186,False,True,1,0.02890832902630791
tier_1m,1_1438042990112.50_20150728002310-00225-ip-10-236-191-2_718036865_0.csv,30000,3624,False,True,1,0.004994500952307135
tier_1m,0_1438042988061.16_20150728002308-00189-ip-10-236-191-2_414087396_10.csv,30000,2050,False,True,1,0.002093927003443241
tier_1m,0_1438042988061.16_20150728002308-00144-ip-10-236-191-2_279381280_30.csv,30000,6087,False,True,1,0.013942770019639283
tier_1m,1_1438042990112.50_20150728002310-00081-ip-10-236-191-2_890934925_129.csv,30000,12841,False,True,1,0.02394234499661252
tier_1m,0_1438042988061.16_20150728002308-00133-ip-10-236-191-2_59742533_2.csv,30000,2418,False,True,1,0.003043011005502194
tier_1m,1_1438042990112.50_20150728002310-00259-ip-10-236-191-2_889779227_121.csv,30000,15594,False,True,1,0.029445448948536068
tier_1m,0_1438042988458.74_20150728002308-00262-ip-10-236-191-2_380524338_2.csv,30000,4400,False,True,2,0.008792912005446851
tier_1m,1_1438042987127.36_20150728002307-00027-ip-10-236-191-2_67802697_2.csv,30000,3815,False,True,1,0.005303848010953516
tier_1m,0_1438042988458.74_20150728002308-00175-ip-10-236-191-2_385639780_18.csv,30000,3980,False,True,1,0.005464059999212623
tier_1m,0_1438042988458.74_20150728002308-00303-ip-10-236-191-2_56708567_9.csv,30000,4709,False,True,2,0.009622432989999652
tier_1m,0_1438042988458.74_20150728002308-00063-ip-10-236-191-2_657101208_1.csv,30000,4445,False,True,1,0.006476790003944188
tier_1m,1_1438042990112.50_20150728002310-00190-ip-10-236-191-2_436521753_9.csv,30000,1799,False,True,2,0.004362745035905391
tier_1m,1_1438042987127.36_20150728002307-00214-ip-10-236-191-2_225430488_0.csv,30000,2610,False,True,1,0.0030033549992367625
tier_1m,0_1438042988061.16_20150728002308-00047-ip-10-236-191-2_843664602_0.csv,30000,1480,False,True,3,0.0028853719704784453
tier_1m,0_1438042988061.16_20150728002308-00181-ip-10-236-191-2_216538600_0.csv,30000,8329,False,True,2,0.024511760973837227
tier_1m,0_1438042988061.16_20150728002308-00002-ip-10-236-191-2_545269850_0.csv,30000,3750,False,True,1,0.0062837699661031365
tier_1m,0_1438042988061.16_20150728002308-00330-ip-10-236-191-2_795231590_4.csv,30000,3223,False,True,2,0.007377350993920118
tier_1m,0_1438042988061.16_20150728002308-00235-ip-10-236-191-2_713850328_17.csv,30000,2367,False,True,1,0.0032179889967665076
tier_1m,0_1438042988458.74_20150728002308-00232-ip-10-236-191-2_795586035_3.csv,30000,2646,False,True,1,0.0036237749736756086
tier_1m,0_1438042988458.74_20150728002308-00250-ip-10-236-191-2_501951825_0.csv,30000,3750,False,True,1,0.006125473999418318
tier_1m,1_1438042987127.36_20150728002307-00037-ip-10-236-191-2_318965632_0.csv,30000,1605,False,True,1,0.0017790370038710535
tier_1m,0_1438042988061.16_20150728002308-00041-ip-10-236-191-2_37534908_6.csv,30000,2406,False,True,1,0.0023227930068969727
tier_1m,1_1438042987127.36_20150728002307-00269-ip-10-236-191-2_847834464_0.csv,30000,3066,False,True,1,0.0033609470119699836
tier_1m,0_1438042988061.16_20150728002308-00199-ip-10-236-191-2_891430247_172.csv,30000,14641,False,True,1,0.025915523001458496
tier_1m,1_1438042987127.36_20150728002307-00153-ip-10-236-191-2_490931395_0.csv,30000,937,False,True,1,0.0011546930181793869
tier_1m,0_1438042988458.74_20150728002308-00081-ip-10-236-191-2_476604823_0.csv,30000,4684,False,True,1,0.007021967961918563
tier_1m,0_1438042988458.74_20150728002308-00210-ip-10-236-191-2_79682215_3.csv,30000,2717,False,True,1,0.003522475017234683
tier_1m,1_1438042987127.36_20150728002307-00008-ip-10-236-191-2_633806649_3.csv,30000,2382,False,True,3,0.005396924971137196
tier_1m,0_1438042988061.16_20150728002308-00201-ip-10-236-191-2_319577306_4.csv,30000,7990,False,True,3,0.024285559018608183
tier_1m,1_1438042990112.50_20150728002310-00310-ip-10-236-191-2_200224826_0.csv,30000,3145,False,True,1,0.0038831120473332703
tier_1m,1_1438042987127.36_20150728002307-00102-ip-10-236-191-2_893578330_152.csv,30000,15048,False,True,1,0.031183075974695385
tier_1m,1_1438042990112.50_20150728002310-00044-ip-10-236-191-2_261321661_61.csv,30000,937,False,True,1,0.0012488460051827133
tier_1m,1_1438042987127.36_20150728002307-00074-ip-10-236-191-2_137128786_0.csv,30000,3485,False,True,3,0.008079584978986531
tier_1m,1_1438042987127.36_20150728002307-00082-ip-10-236-191-2_795702564_10.csv,30000,4840,False,True,2,0.011539546947460622
